datetime,open,high,low,close,volume,oi
2022-02-07 09:15:00+05:30,38592.05,38834.7,38532.8,38635.15,0,0
2022-02-07 09:45:00+05:30,38636.7,38773.25,38577.55,38616.3,0,0
2022-02-07 10:15:00+05:30,38619.35,38688.75,38546.5,38613.15,0,0
2022-02-07 10:45:00+05:30,38612.2,38647.85,38439.35,38465.4,0,0
2022-02-07 11:15:00+05:30,38462.55,38464.95,38366.7,38386.55,0,0
2022-02-07 11:45:00+05:30,38387.2,38430.1,38260.4,38286.9,0,0
2022-02-07 12:15:00+05:30,38285.65,38376.85,38211.45,38318.05,0,0
2022-02-07 12:45:00+05:30,38317.85,38344.8,38181.55,38190.7,0,0
2022-02-07 13:15:00+05:30,38187.2,38242.95,38091.5,38128.35,0,0
2022-02-07 13:45:00+05:30,38131.2,38133.1,37887.75,38014.0,0,0
2022-02-07 14:15:00+05:30,38016.45,38081.15,37826.05,37829.35,0,0
2022-02-07 14:45:00+05:30,37829.75,38040.0,37806.0,38005.75,0,0
2022-02-07 15:15:00+05:30,38006.3,38048.6,37943.6,37990.2,0,0
2022-02-08 09:15:00+05:30,38176.1,38213.45,37805.3,37938.65,0,0
2022-02-08 09:45:00+05:30,37936.1,37964.25,37750.35,37772.05,0,0
2022-02-08 10:15:00+05:30,37766.6,37797.6,37455.9,37483.0,0,0
2022-02-08 10:45:00+05:30,37481.25,37587.95,37320.45,37442.1,0,0
2022-02-08 11:15:00+05:30,37444.8,37656.3,37416.2,37628.45,0,0
2022-02-08 11:45:00+05:30,37632.0,37801.5,37574.1,37705.4,0,0
2022-02-08 12:15:00+05:30,37705.55,38025.65,37702.25,37984.6,0,0
2022-02-08 12:45:00+05:30,37990.9,38059.75,37611.8,37615.2,0,0
2022-02-08 13:15:00+05:30,37617.0,37875.85,37595.4,37819.05,0,0
2022-02-08 13:45:00+05:30,37828.9,37913.9,37655.05,37670.95,0,0
2022-02-08 14:15:00+05:30,37674.3,37798.1,37618.9,37787.3,0,0
2022-02-08 14:45:00+05:30,37789.85,38148.4,37746.75,38081.5,0,0
2022-02-08 15:15:00+05:30,38082.6,38103.6,37911.6,37942.65,0,0
2022-02-09 09:15:00+05:30,38283.6,38477.0,38220.8,38414.9,0,0
2022-02-09 09:45:00+05:30,38412.95,38527.75,38382.35,38461.45,0,0
2022-02-09 10:15:00+05:30,38461.05,38476.55,38283.35,38405.95,0,0
2022-02-09 10:45:00+05:30,38409.65,38484.55,38330.9,38383.75,0,0
2022-02-09 11:15:00+05:30,38383.65,38433.3,38359.25,38373.55,0,0
2022-02-09 11:45:00+05:30,38382.4,38488.8,38372.55,38457.2,0,0
2022-02-09 12:15:00+05:30,38456.05,38520.05,38451.0,38485.6,0,0
2022-02-09 12:45:00+05:30,38486.6,38543.0,38360.05,38384.6,0,0
2022-02-09 13:15:00+05:30,38378.0,38490.9,38378.0,38460.25,0,0
2022-02-09 13:45:00+05:30,38451.05,38572.6,38445.3,38563.85,0,0
2022-02-09 14:15:00+05:30,38553.2,38608.6,38509.85,38568.75,0,0
2022-02-09 14:45:00+05:30,38557.95,38637.3,38533.05,38620.25,0,0
2022-02-09 15:15:00+05:30,38613.95,38642.8,38590.55,38602.4,0,0
2022-02-10 09:15:00+05:30,38801.45,38801.45,38568.75,38654.7,0,0
2022-02-10 09:45:00+05:30,38654.6,38832.8,38521.15,38786.85,0,0
2022-02-10 10:15:00+05:30,38786.25,39063.5,38661.7,39052.35,0,0
2022-02-10 10:45:00+05:30,39053.8,39121.75,38997.25,39084.0,0,0
2022-02-10 11:15:00+05:30,39083.95,39097.35,38971.25,39082.75,0,0
2022-02-10 11:45:00+05:30,39078.9,39131.25,39037.5,39049.95,0,0
2022-02-10 12:15:00+05:30,39052.95,39105.4,38965.05,39098.75,0,0
2022-02-10 12:45:00+05:30,39100.55,39195.75,39075.35,39153.2,0,0
2022-02-10 13:15:00+05:30,39152.65,39172.5,39076.1,39145.1,0,0
2022-02-10 13:45:00+05:30,39148.2,39176.7,39045.8,39111.9,0,0
2022-02-10 14:15:00+05:30,39112.1,39145.55,39036.2,39102.75,0,0
2022-02-10 14:45:00+05:30,39099.35,39118.1,38985.3,38986.55,0,0
2022-02-10 15:15:00+05:30,38986.45,39033.15,38924.25,38962.25,0,0
2022-02-11 09:15:00+05:30,38567.65,38780.7,38493.35,38719.45,0,0
2022-02-11 09:45:00+05:30,38717.3,38717.3,38427.95,38471.95,0,0
2022-02-11 10:15:00+05:30,38470.5,38538.8,38401.2,38498.45,0,0
2022-02-11 10:45:00+05:30,38495.0,38552.95,38451.2,38515.9,0,0
2022-02-11 11:15:00+05:30,38515.7,38553.6,38447.4,38549.45,0,0
2022-02-11 11:45:00+05:30,38548.9,38580.6,38469.05,38551.2,0,0
2022-02-11 12:15:00+05:30,38549.75,38686.1,38498.95,38685.95,0,0
2022-02-11 12:45:00+05:30,38692.75,38708.15,38608.2,38706.45,0,0
2022-02-11 13:15:00+05:30,38709.0,38788.0,38662.45,38778.0,0,0
2022-02-11 13:45:00+05:30,38776.55,38789.95,38528.75,38599.95,0,0
2022-02-11 14:15:00+05:30,38600.5,38636.35,38487.4,38507.05,0,0
2022-02-11 14:45:00+05:30,38502.95,38602.05,38460.8,38579.15,0,0
2022-02-11 15:15:00+05:30,38576.8,38588.65,38409.6,38434.35,0,0
2022-02-14 09:15:00+05:30,37664.0,37708.3,37221.75,37342.0,0,0
2022-02-14 09:45:00+05:30,37340.45,37497.35,37278.95,37413.9,0,0
2022-02-14 10:15:00+05:30,37413.35,37539.95,37333.8,37515.35,0,0
2022-02-14 10:45:00+05:30,37514.3,37562.5,37437.6,37456.65,0,0
2022-02-14 11:15:00+05:30,37461.0,37461.0,37251.95,37297.5,0,0
2022-02-14 11:45:00+05:30,37300.4,37376.95,37284.5,37344.3,0,0
2022-02-14 12:15:00+05:30,37341.15,37451.6,37272.45,37280.05,0,0
2022-02-14 12:45:00+05:30,37280.15,37389.3,37253.85,37388.3,0,0
2022-02-14 13:15:00+05:30,37390.05,37416.5,37279.35,37298.2,0,0
2022-02-14 13:45:00+05:30,37298.25,37310.0,37063.35,37080.6,0,0
2022-02-14 14:15:00+05:30,37082.95,37189.1,36884.85,36884.85,0,0
2022-02-14 14:45:00+05:30,36880.25,37018.3,36846.3,36898.45,0,0
2022-02-14 15:15:00+05:30,36897.4,36948.3,36829.2,36847.45,0,0
2022-02-15 09:15:00+05:30,36989.8,37171.2,36791.85,36811.0,0,0
2022-02-15 09:45:00+05:30,36803.85,36895.5,36670.9,36785.3,0,0
2022-02-15 10:15:00+05:30,36785.35,36892.65,36694.5,36717.0,0,0
2022-02-15 10:45:00+05:30,36715.55,36994.05,36655.2,36940.25,0,0
2022-02-15 11:15:00+05:30,36945.05,37087.55,36907.85,37023.4,0,0
2022-02-15 11:45:00+05:30,37026.45,37302.05,37026.45,37245.15,0,0
2022-02-15 12:15:00+05:30,37245.9,37339.05,37147.05,37253.05,0,0
2022-02-15 12:45:00+05:30,37257.0,37384.75,37231.05,37339.95,0,0
2022-02-15 13:15:00+05:30,37340.35,37642.9,37271.25,37611.85,0,0
2022-02-15 13:45:00+05:30,37612.65,38070.05,37590.7,38029.0,0,0
2022-02-15 14:15:00+05:30,38022.65,38098.95,37911.7,38016.55,0,0
2022-02-15 14:45:00+05:30,38016.85,38187.85,38016.85,38182.8,0,0
2022-02-15 15:15:00+05:30,38186.35,38229.15,38144.95,38152.85,0,0
2022-02-16 09:15:00+05:30,38296.5,38400.9,38086.2,38136.7,0,0
2022-02-16 09:45:00+05:30,38137.8,38231.5,38012.2,38064.05,0,0
2022-02-16 10:15:00+05:30,38056.3,38202.4,37977.4,37987.4,0,0
2022-02-16 10:45:00+05:30,37985.95,37987.3,37770.8,37864.1,0,0
2022-02-16 11:15:00+05:30,37866.05,38013.45,37854.35,37904.45,0,0
2022-02-16 11:45:00+05:30,37905.9,37956.4,37838.05,37907.85,0,0
2022-02-16 12:15:00+05:30,37907.4,38275.0,37906.8,38220.7,0,0
2022-02-16 12:45:00+05:30,38222.2,38258.7,38106.9,38179.25,0,0
2022-02-16 13:15:00+05:30,38181.8,38362.55,38119.45,38361.75,0,0
2022-02-16 13:45:00+05:30,38360.9,38461.2,38298.9,38354.65,0,0
2022-02-16 14:15:00+05:30,38354.5,38356.95,38038.35,38096.7,0,0
2022-02-16 14:45:00+05:30,38097.3,38154.55,37918.45,37983.3,0,0
2022-02-16 15:15:00+05:30,37986.3,37986.3,37831.25,37863.65,0,0
2022-02-17 09:15:00+05:30,38042.1,38123.4,37668.1,37716.55,0,0
2022-02-17 09:45:00+05:30,37701.25,37798.9,37605.6,37656.9,0,0
2022-02-17 10:15:00+05:30,37660.4,37733.5,37502.85,37713.35,0,0
2022-02-17 10:45:00+05:30,37714.6,37929.65,37665.35,37828.8,0,0
2022-02-17 11:15:00+05:30,37827.8,37858.85,37642.95,37674.3,0,0
2022-02-17 11:45:00+05:30,37675.4,37836.25,37654.9,37808.15,0,0
2022-02-17 12:15:00+05:30,37812.2,37918.2,37730.7,37833.0,0,0
2022-02-17 12:45:00+05:30,37830.35,37876.35,37721.75,37769.35,0,0
2022-02-17 13:15:00+05:30,37767.5,37869.7,37701.85,37855.4,0,0
2022-02-17 13:45:00+05:30,37854.6,37864.95,37632.5,37632.5,0,0
2022-02-17 14:15:00+05:30,37635.15,37736.8,37562.9,37612.95,0,0
2022-02-17 14:45:00+05:30,37605.9,37668.25,37466.8,37478.75,0,0
2022-02-17 15:15:00+05:30,37480.75,37515.55,37426.55,37458.9,0,0
2022-02-18 09:15:00+05:30,37344.45,37608.65,37304.65,37433.1,0,0
2022-02-18 09:45:00+05:30,37433.1,37586.8,37367.65,37505.55,0,0
2022-02-18 10:15:00+05:30,37507.95,37546.05,37392.95,37415.3,0,0
2022-02-18 10:45:00+05:30,37417.2,37614.65,37401.65,37603.75,0,0
2022-02-18 11:15:00+05:30,37608.4,37637.25,37538.3,37597.8,0,0
2022-02-18 11:45:00+05:30,37596.85,37694.8,37586.55,37681.6,0,0
2022-02-18 12:15:00+05:30,37682.15,37762.45,37659.45,37762.25,0,0
2022-02-18 12:45:00+05:30,37757.45,37816.05,37709.05,37758.05,0,0
2022-02-18 13:15:00+05:30,37755.3,37794.1,37669.0,37759.95,0,0
2022-02-18 13:45:00+05:30,37756.35,37812.4,37661.8,37665.05,0,0
2022-02-18 14:15:00+05:30,37667.95,37678.95,37505.15,37535.6,0,0
2022-02-18 14:45:00+05:30,37536.8,37676.6,37493.0,37604.95,0,0
2022-02-18 15:15:00+05:30,37607.45,37628.35,37557.1,37570.6,0,0
2022-02-21 09:15:00+05:30,37400.0,37551.5,37158.45,37255.0,0,0
2022-02-21 09:45:00+05:30,37254.05,37456.05,37235.9,37363.2,0,0
2022-02-21 10:15:00+05:30,37360.45,37735.65,37300.8,37671.85,0,0
2022-02-21 10:45:00+05:30,37670.6,37755.15,37620.35,37737.9,0,0
2022-02-21 11:15:00+05:30,37734.5,37940.85,37709.15,37938.6,0,0
2022-02-21 11:45:00+05:30,37934.0,38020.6,37848.05,37984.05,0,0
2022-02-21 12:15:00+05:30,37982.8,38051.95,37871.95,37937.4,0,0
2022-02-21 12:45:00+05:30,37939.05,38036.15,37889.25,38022.55,0,0
2022-02-21 13:15:00+05:30,38022.35,38040.95,37800.25,37907.95,0,0
2022-02-21 13:45:00+05:30,37906.55,37939.35,37705.85,37715.9,0,0
2022-02-21 14:15:00+05:30,37716.8,37806.15,37592.6,37651.55,0,0
2022-02-21 14:45:00+05:30,37650.2,37811.0,37628.45,37657.75,0,0
2022-02-21 15:15:00+05:30,37652.85,37730.55,37624.8,37702.7,0,0
2022-02-22 09:15:00+05:30,36833.0,37226.45,36833.0,37015.6,0,0
2022-02-22 09:45:00+05:30,37011.3,37258.35,36986.75,37101.45,0,0
2022-02-22 10:15:00+05:30,37099.3,37207.4,37072.15,37076.2,0,0
2022-02-22 10:45:00+05:30,37078.25,37305.25,37065.85,37263.1,0,0
2022-02-22 11:15:00+05:30,37269.25,37364.2,37235.95,37350.75,0,0
2022-02-22 11:45:00+05:30,37353.75,37367.9,37169.95,37231.2,0,0
2022-02-22 12:15:00+05:30,37228.85,37272.15,37143.0,37196.8,0,0
2022-02-22 12:45:00+05:30,37187.15,37204.3,37082.4,37154.15,0,0
2022-02-22 13:15:00+05:30,37159.35,37203.6,37102.35,37149.45,0,0
2022-02-22 13:45:00+05:30,37150.95,37518.3,37149.85,37504.7,0,0
2022-02-22 14:15:00+05:30,37505.65,37658.35,37406.65,37532.45,0,0
2022-02-22 14:45:00+05:30,37533.4,37564.3,37329.95,37373.5,0,0
2022-02-22 15:15:00+05:30,37372.3,37399.75,37294.6,37340.8,0,0
2022-02-23 09:15:00+05:30,37628.55,37773.8,37578.1,37656.2,0,0
2022-02-23 09:45:00+05:30,37651.75,37731.0,37538.5,37545.25,0,0
2022-02-23 10:15:00+05:30,37543.95,37608.85,37474.95,37501.4,0,0
2022-02-23 10:45:00+05:30,37500.75,37643.9,37481.75,37602.55,0,0
2022-02-23 11:15:00+05:30,37602.05,37717.35,37594.1,37689.25,0,0
2022-02-23 11:45:00+05:30,37689.65,37709.0,37620.4,37665.4,0,0
2022-02-23 12:15:00+05:30,37663.55,37668.85,37542.7,37557.3,0,0
2022-02-23 12:45:00+05:30,37556.7,37620.0,37510.55,37607.05,0,0
2022-02-23 13:15:00+05:30,37606.15,37661.65,37563.95,37629.6,0,0
2022-02-23 13:45:00+05:30,37631.9,37652.45,37508.55,37610.3,0,0
2022-02-23 14:15:00+05:30,37608.85,37620.85,37461.5,37522.9,0,0
2022-02-23 14:45:00+05:30,37524.45,37627.6,37351.2,37358.1,0,0
2022-02-23 15:15:00+05:30,37358.5,37404.8,37321.8,37358.15,0,0
2022-02-24 09:15:00+05:30,36085.2,36649.0,36085.2,36137.4,0,0
2022-02-24 09:45:00+05:30,36127.9,36156.85,35894.05,36118.55,0,0
2022-02-24 10:15:00+05:30,36124.65,36264.2,36093.15,36229.85,0,0
2022-02-24 10:45:00+05:30,36230.65,36257.05,36112.05,36137.15,0,0
2022-02-24 11:15:00+05:30,36138.95,36307.85,36132.15,36214.15,0,0
2022-02-24 11:45:00+05:30,36214.7,36214.7,36058.75,36152.75,0,0
2022-02-24 12:15:00+05:30,36154.0,36168.4,35967.55,35979.0,0,0
2022-02-24 12:45:00+05:30,35985.4,36078.65,35877.45,36075.9,0,0
2022-02-24 13:15:00+05:30,36077.55,36079.3,35760.85,35760.85,0,0
2022-02-24 13:45:00+05:30,35763.6,36050.7,35745.85,35926.75,0,0
2022-02-24 14:15:00+05:30,35926.1,35984.35,35710.55,35715.0,0,0
2022-02-24 14:45:00+05:30,35719.4,35728.55,35214.5,35236.65,0,0
2022-02-24 15:15:00+05:30,35239.15,35263.1,35002.1,35095.25,0,0
2022-02-25 09:15:00+05:30,35901.7,36360.1,35776.8,36355.35,0,0
2022-02-25 09:45:00+05:30,36354.95,36534.9,36308.4,36381.2,0,0
2022-02-25 10:15:00+05:30,36375.75,36628.55,36345.5,36618.7,0,0
2022-02-25 10:45:00+05:30,36621.55,36666.9,36507.3,36558.0,0,0
2022-02-25 11:15:00+05:30,36559.3,36677.2,36514.4,36544.5,0,0
2022-02-25 11:45:00+05:30,36547.2,36599.95,36407.0,36436.65,0,0
2022-02-25 12:15:00+05:30,36438.0,36606.7,36372.25,36475.2,0,0
2022-02-25 12:45:00+05:30,36471.3,36622.0,36428.65,36531.0,0,0
2022-02-25 13:15:00+05:30,36533.4,36557.4,36412.65,36494.35,0,0
2022-02-25 13:45:00+05:30,36496.55,36519.1,36380.65,36457.5,0,0
2022-02-25 14:15:00+05:30,36459.75,36573.75,36227.45,36360.25,0,0
2022-02-25 14:45:00+05:30,36362.55,36531.95,36352.85,36425.35,0,0
2022-02-25 15:15:00+05:30,36419.35,36485.4,36361.65,36485.4,0,0
2022-02-28 09:15:00+05:30,35938.95,35939.7,35616.2,35816.8,0,0
2022-02-28 09:45:00+05:30,35813.4,35841.1,35669.4,35682.5,0,0
2022-02-28 10:15:00+05:30,35682.4,35862.0,35656.6,35845.55,0,0
2022-02-28 10:45:00+05:30,35850.05,36029.65,35830.9,35978.7,0,0
2022-02-28 11:15:00+05:30,35986.05,36041.4,35895.2,35925.15,0,0
2022-02-28 11:45:00+05:30,35925.2,36251.55,35912.95,36145.6,0,0
2022-02-28 12:15:00+05:30,36144.9,36268.55,36093.6,36096.1,0,0
2022-02-28 12:45:00+05:30,36102.65,36186.65,36015.8,36112.85,0,0
2022-02-28 13:15:00+05:30,36113.95,36183.2,36049.7,36131.65,0,0
2022-02-28 13:45:00+05:30,36131.85,36149.9,35909.2,36039.8,0,0
2022-02-28 14:15:00+05:30,36038.45,36153.55,35959.6,36089.0,0,0
2022-02-28 14:45:00+05:30,36089.7,36258.35,36052.8,36211.7,0,0
2022-02-28 15:15:00+05:30,36210.9,36234.35,36178.0,36211.6,0,0
2022-03-02 09:15:00+05:30,35381.9,35533.85,35299.9,35373.35,0,0
2022-03-02 09:45:00+05:30,35371.05,35396.9,35208.4,35285.0,0,0
2022-03-02 10:15:00+05:30,35285.15,35355.1,35133.95,35138.3,0,0
2022-03-02 10:45:00+05:30,35136.6,35222.9,35114.15,35184.65,0,0
2022-03-02 11:15:00+05:30,35184.05,35276.0,35142.0,35163.85,0,0
2022-03-02 11:45:00+05:30,35163.7,35192.3,35039.5,35052.75,0,0
2022-03-02 12:15:00+05:30,35050.05,35091.15,34961.35,34977.6,0,0
2022-03-02 12:45:00+05:30,34976.05,35184.35,34899.05,35095.4,0,0
2022-03-02 13:15:00+05:30,35099.3,35129.75,34998.75,35059.15,0,0
2022-03-02 13:45:00+05:30,35060.1,35144.45,35023.7,35042.85,0,0
2022-03-02 14:15:00+05:30,35042.95,35065.3,34902.9,35057.5,0,0
2022-03-02 14:45:00+05:30,35056.15,35403.45,34995.05,35394.75,0,0
2022-03-02 15:15:00+05:30,35392.35,35545.95,35392.35,35475.8,0,0
2022-03-03 09:15:00+05:30,35621.15,35798.3,35317.85,35320.15,0,0
2022-03-03 09:45:00+05:30,35317.2,35365.6,35203.35,35267.1,0,0
2022-03-03 10:15:00+05:30,35267.05,35290.2,35141.55,35161.0,0,0
2022-03-03 10:45:00+05:30,35163.6,35241.75,35103.35,35236.95,0,0
2022-03-03 11:15:00+05:30,35238.75,35347.15,35229.15,35277.85,0,0
2022-03-03 11:45:00+05:30,35278.7,35322.95,35213.15,35273.8,0,0
2022-03-03 12:15:00+05:30,35274.65,35275.5,35054.45,35086.15,0,0
2022-03-03 12:45:00+05:30,35087.4,35193.95,35023.45,35055.85,0,0
2022-03-03 13:15:00+05:30,35058.25,35069.05,34896.25,35064.75,0,0
2022-03-03 13:45:00+05:30,35063.9,35152.95,34903.05,34930.05,0,0
2022-03-03 14:15:00+05:30,34930.45,35055.2,34846.65,35014.5,0,0
2022-03-03 14:45:00+05:30,35014.25,35127.9,34725.65,35104.15,0,0
2022-03-03 15:15:00+05:30,35110.75,35194.15,34874.2,34959.45,0,0
2022-03-04 09:15:00+05:30,34526.1,34552.1,34292.6,34432.95,0,0
2022-03-04 09:45:00+05:30,34431.45,34571.15,34366.85,34368.3,0,0
2022-03-04 10:15:00+05:30,34366.95,34366.95,34148.75,34255.65,0,0
2022-03-04 10:45:00+05:30,34249.5,34332.15,34097.15,34143.55,0,0
2022-03-04 11:15:00+05:30,34142.75,34312.5,34120.15,34243.75,0,0
2022-03-04 11:45:00+05:30,34243.85,34370.05,34226.25,34333.75,0,0
2022-03-04 12:15:00+05:30,34332.25,34673.65,34309.1,34667.4,0,0
2022-03-04 12:45:00+05:30,34662.9,34998.65,34659.3,34821.1,0,0
2022-03-04 13:15:00+05:30,34823.1,35095.75,34805.6,34936.1,0,0
2022-03-04 13:45:00+05:30,34936.65,35005.85,34638.15,34716.75,0,0
2022-03-04 14:15:00+05:30,34717.5,34855.8,34533.1,34551.5,0,0
2022-03-04 14:45:00+05:30,34551.25,34656.1,34424.55,34460.2,0,0
2022-03-04 15:15:00+05:30,34462.6,34467.15,34321.2,34376.35,0,0
2022-03-07 09:15:00+05:30,33278.15,33532.95,32916.6,32923.7,0,0
2022-03-07 09:45:00+05:30,32923.7,32933.5,32895.1,32906.6,0,0
2022-03-07 10:45:00+05:30,33277.25,33521.3,32636.85,32907.85,0,0
2022-03-07 11:15:00+05:30,32908.7,33061.9,32904.6,33009.9,0,0
2022-03-07 11:45:00+05:30,33004.7,33125.55,32919.1,32983.75,0,0
2022-03-07 12:15:00+05:30,32983.9,33061.55,32954.35,32979.15,0,0
2022-03-07 12:45:00+05:30,32981.55,33060.2,32804.15,32811.35,0,0
2022-03-07 13:15:00+05:30,32815.2,32889.0,32641.4,32733.75,0,0
2022-03-07 13:45:00+05:30,32734.35,32767.2,32428.5,32466.4,0,0
2022-03-07 14:15:00+05:30,32467.6,32713.8,32387.75,32709.7,0,0
2022-03-07 14:45:00+05:30,32711.15,32920.55,32629.45,32896.15,0,0
2022-03-07 15:15:00+05:30,32896.4,32997.3,32886.05,32914.55,0,0
2022-03-08 09:15:00+05:30,32531.9,32698.35,32415.0,32488.2,0,0
2022-03-08 09:45:00+05:30,32487.35,32793.05,32483.4,32762.9,0,0
2022-03-08 10:15:00+05:30,32761.8,32861.75,32545.45,32615.2,0,0
2022-03-08 10:45:00+05:30,32615.2,32618.6,32368.35,32451.8,0,0
2022-03-08 11:15:00+05:30,32448.45,32451.3,32261.15,32280.55,0,0
2022-03-08 11:45:00+05:30,32278.2,32367.15,32213.55,32346.2,0,0
2022-03-08 12:15:00+05:30,32339.85,32464.6,32219.7,32295.25,0,0
2022-03-08 12:45:00+05:30,32299.05,32386.65,32159.3,32357.2,0,0
2022-03-08 13:15:00+05:30,32359.55,32457.15,32171.85,32456.9,0,0
2022-03-08 13:45:00+05:30,32456.85,32787.15,32435.1,32628.75,0,0
2022-03-08 14:15:00+05:30,32629.5,32869.75,32498.35,32865.9,0,0
2022-03-08 14:45:00+05:30,32865.9,33188.4,32865.9,33176.45,0,0
2022-03-08 15:15:00+05:30,33179.0,33258.85,33140.55,33206.9,0,0
2022-03-09 09:15:00+05:30,33278.9,33292.85,32952.2,33148.0,0,0
2022-03-09 09:45:00+05:30,33157.8,33223.3,32968.95,33142.3,0,0
2022-03-09 10:15:00+05:30,33142.2,33276.7,33112.6,33129.75,0,0
2022-03-09 10:45:00+05:30,33132.6,33192.95,33091.75,33106.3,0,0
2022-03-09 11:15:00+05:30,33106.8,33178.95,33015.95,33140.0,0,0
2022-03-09 11:45:00+05:30,33139.55,33233.3,33096.75,33151.95,0,0
2022-03-09 12:15:00+05:30,33145.3,33508.35,33145.3,33484.4,0,0
2022-03-09 12:45:00+05:30,33483.8,33631.8,33482.95,33595.1,0,0
2022-03-09 13:15:00+05:30,33593.35,33607.55,33337.2,33557.7,0,0
2022-03-09 13:45:00+05:30,33555.15,33732.6,33533.35,33663.1,0,0
2022-03-09 14:15:00+05:30,33662.3,33890.15,33662.3,33780.05,0,0
2022-03-09 14:45:00+05:30,33777.5,33968.5,33727.65,33813.8,0,0
2022-03-09 15:15:00+05:30,33810.6,33900.75,33764.05,33891.25,0,0
2022-03-10 09:15:00+05:30,35153.95,35153.95,34744.8,34795.55,0,0
2022-03-10 09:45:00+05:30,34796.15,35195.4,34794.55,35191.55,0,0
2022-03-10 10:15:00+05:30,35192.35,35370.55,35172.15,35176.1,0,0
2022-03-10 10:45:00+05:30,35171.35,35341.85,35148.7,35335.85,0,0
2022-03-10 11:15:00+05:30,35337.2,35342.85,35158.3,35263.75,0,0
2022-03-10 11:45:00+05:30,35263.9,35298.75,35103.8,35107.05,0,0
2022-03-10 12:15:00+05:30,35108.0,35186.4,34927.95,34942.45,0,0
2022-03-10 12:45:00+05:30,34942.0,34993.45,34771.05,34868.1,0,0
2022-03-10 13:15:00+05:30,34868.85,35014.9,34628.55,34686.9,0,0
2022-03-10 13:45:00+05:30,34691.65,34691.65,34220.8,34432.65,0,0
2022-03-10 14:15:00+05:30,34431.9,34679.5,34247.85,34540.6,0,0
2022-03-10 14:45:00+05:30,34540.05,34603.0,34328.85,34540.6,0,0
2022-03-10 15:15:00+05:30,34542.55,34557.85,34366.35,34400.7,0,0
2022-03-11 09:15:00+05:30,34331.0,34736.6,34096.0,34654.9,0,0
2022-03-11 09:45:00+05:30,34654.25,34876.65,34597.65,34755.2,0,0
2022-03-11 10:15:00+05:30,34755.7,34759.8,34416.75,34492.35,0,0
2022-03-11 10:45:00+05:30,34492.7,34640.4,34418.75,34514.55,0,0
2022-03-11 11:15:00+05:30,34510.4,34715.6,34484.3,34662.25,0,0
2022-03-11 11:45:00+05:30,34664.7,34715.0,34512.6,34604.25,0,0
2022-03-11 12:15:00+05:30,34603.1,34670.3,34550.5,34587.4,0,0
2022-03-11 12:45:00+05:30,34587.7,34642.9,34408.6,34454.65,0,0
2022-03-11 13:15:00+05:30,34455.05,34596.55,34359.0,34363.45,0,0
2022-03-11 13:45:00+05:30,34364.95,34486.95,34320.3,34461.35,0,0
2022-03-11 14:15:00+05:30,34462.55,34617.35,34420.95,34603.0,0,0
2022-03-11 14:45:00+05:30,34595.5,34622.95,34459.05,34528.0,0,0
2022-03-11 15:15:00+05:30,34528.65,34569.55,34508.2,34546.7,0,0
2022-03-14 09:15:00+05:30,34660.25,34968.75,34645.0,34670.05,0,0
2022-03-14 09:45:00+05:30,34672.7,34933.45,34638.2,34884.4,0,0
2022-03-14 10:15:00+05:30,34881.9,34914.3,34793.2,34894.5,0,0
2022-03-14 10:45:00+05:30,34894.5,34984.4,34813.6,34975.25,0,0
2022-03-14 11:15:00+05:30,34972.35,35064.65,34936.5,35046.15,0,0
2022-03-14 11:45:00+05:30,35045.3,35099.85,35000.75,35020.65,0,0
2022-03-14 12:15:00+05:30,35025.15,35144.3,34986.7,35135.15,0,0
2022-03-14 12:45:00+05:30,35134.35,35194.45,35110.2,35150.35,0,0
2022-03-14 13:15:00+05:30,35156.35,35239.2,35088.15,35217.4,0,0
2022-03-14 13:45:00+05:30,35222.05,35263.0,35136.15,35225.45,0,0
2022-03-14 14:15:00+05:30,35227.8,35357.3,35216.2,35349.3,0,0
2022-03-14 14:45:00+05:30,35349.9,35432.95,35305.8,35322.05,0,0
2022-03-14 15:15:00+05:30,35325.1,35357.1,35175.25,35343.65,0,0
2022-03-15 09:15:00+05:30,35467.95,35573.45,35263.7,35332.45,0,0
2022-03-15 09:45:00+05:30,35331.45,35487.35,35237.25,35460.55,0,0
2022-03-15 10:15:00+05:30,35461.1,35632.65,35418.2,35586.9,0,0
2022-03-15 10:45:00+05:30,35585.55,35588.9,35417.45,35466.0,0,0
2022-03-15 11:15:00+05:30,35465.25,35510.15,35394.95,35451.6,0,0
2022-03-15 11:45:00+05:30,35451.45,35643.1,35449.05,35581.85,0,0
2022-03-15 12:15:00+05:30,35580.35,35583.9,35244.75,35300.6,0,0
2022-03-15 12:45:00+05:30,35309.2,35360.15,35157.25,35193.9,0,0
2022-03-15 13:15:00+05:30,35196.2,35197.95,35026.65,35142.15,0,0
2022-03-15 13:45:00+05:30,35141.55,35152.65,34850.35,34882.85,0,0
2022-03-15 14:15:00+05:30,34881.1,34887.55,34707.3,34850.65,0,0
2022-03-15 14:45:00+05:30,34851.5,35198.45,34837.95,35031.55,0,0
2022-03-15 15:15:00+05:30,35032.55,35078.75,34911.3,34941.7,0,0
2022-03-16 09:15:00+05:30,35555.75,35805.35,35529.95,35710.8,0,0
2022-03-16 09:45:00+05:30,35710.65,35761.1,35564.45,35575.35,0,0
2022-03-16 10:15:00+05:30,35575.0,35660.35,35506.05,35646.05,0,0
2022-03-16 10:45:00+05:30,35647.35,35686.35,35573.8,35597.5,0,0
2022-03-16 11:15:00+05:30,35597.15,35706.6,35578.2,35663.4,0,0
2022-03-16 11:45:00+05:30,35662.6,35711.4,35616.3,35671.3,0,0
2022-03-16 12:15:00+05:30,35671.4,35741.05,35635.1,35724.2,0,0
2022-03-16 12:45:00+05:30,35722.65,35765.6,35560.75,35560.75,0,0
2022-03-16 13:15:00+05:30,35553.4,35683.25,35509.1,35647.05,0,0
2022-03-16 13:45:00+05:30,35645.4,35720.75,35581.0,35581.2,0,0
2022-03-16 14:15:00+05:30,35582.1,35670.0,35560.4,35625.45,0,0
2022-03-16 14:45:00+05:30,35625.4,35802.0,35615.9,35754.8,0,0
2022-03-16 15:15:00+05:30,35757.45,35760.4,35684.65,35689.3,0,0
2022-03-17 09:15:00+05:30,36302.0,36476.0,36302.0,36388.4,0,0
2022-03-17 09:45:00+05:30,36388.3,36542.95,36373.9,36529.3,0,0
2022-03-17 10:15:00+05:30,36527.1,36537.05,36464.7,36504.65,0,0
2022-03-17 10:45:00+05:30,36504.0,36515.0,36449.7,36487.65,0,0
2022-03-17 11:15:00+05:30,36488.8,36587.85,36462.9,36554.3,0,0
2022-03-17 11:45:00+05:30,36552.7,36593.15,36435.15,36494.5,0,0
2022-03-17 12:15:00+05:30,36496.05,36561.75,36416.95,36544.6,0,0
2022-03-17 12:45:00+05:30,36548.35,36561.35,36470.9,36496.4,0,0
2022-03-17 13:15:00+05:30,36496.8,36550.05,36462.5,36468.7,0,0
2022-03-17 13:45:00+05:30,36469.35,36610.55,36424.3,36541.1,0,0
2022-03-17 14:15:00+05:30,36542.75,36583.0,36514.8,36525.95,0,0
2022-03-17 14:45:00+05:30,36526.2,36529.0,36369.7,36407.25,0,0
2022-03-17 15:15:00+05:30,36409.4,36458.4,36354.5,36388.55,0,0
2022-03-21 09:15:00+05:30,36545.85,36575.25,36148.45,36195.25,0,0
2022-03-21 09:45:00+05:30,36191.45,36219.5,36113.65,36155.0,0,0
2022-03-21 10:15:00+05:30,36155.5,36196.55,36098.1,36185.75,0,0
2022-03-21 10:45:00+05:30,36185.2,36294.7,36153.15,36232.65,0,0
2022-03-21 11:15:00+05:30,36233.05,36288.1,36196.95,36211.35,0,0
2022-03-21 11:45:00+05:30,36210.75,36213.95,36132.7,36141.05,0,0
2022-03-21 12:15:00+05:30,36139.35,36191.15,35961.5,35982.65,0,0
2022-03-21 12:45:00+05:30,35979.65,36019.15,35900.75,35945.2,0,0
2022-03-21 13:15:00+05:30,35948.25,36072.3,35911.7,36027.5,0,0
2022-03-21 13:45:00+05:30,36028.4,36158.25,35990.1,36109.75,0,0
2022-03-21 14:15:00+05:30,36110.4,36126.5,35942.4,35992.45,0,0
2022-03-21 14:45:00+05:30,35989.25,36041.9,35931.75,36038.2,0,0
2022-03-21 15:15:00+05:30,36036.0,36074.75,36017.2,36046.15,0,0
2022-03-22 09:15:00+05:30,35975.6,35984.05,35653.05,35653.05,0,0
2022-03-22 09:45:00+05:30,35648.5,35687.25,35472.8,35477.5,0,0
2022-03-22 10:15:00+05:30,35476.15,35605.3,35422.1,35514.9,0,0
2022-03-22 10:45:00+05:30,35516.05,35679.15,35506.85,35653.3,0,0
2022-03-22 11:15:00+05:30,35652.9,35666.05,35526.9,35569.1,0,0
2022-03-22 11:45:00+05:30,35567.55,35568.5,35435.1,35471.75,0,0
2022-03-22 12:15:00+05:30,35469.7,35813.85,35389.65,35758.3,0,0
2022-03-22 12:45:00+05:30,35751.45,36156.2,35751.45,36138.0,0,0
2022-03-22 13:15:00+05:30,36138.25,36213.25,36036.25,36198.15,0,0
2022-03-22 13:45:00+05:30,36196.65,36352.45,36169.65,36276.0,0,0
2022-03-22 14:15:00+05:30,36273.9,36307.35,36125.85,36266.1,0,0
2022-03-22 14:45:00+05:30,36264.95,36352.7,36188.7,36346.15,0,0
2022-03-22 15:15:00+05:30,36342.2,36464.6,36328.25,36439.95,0,0
2022-03-23 09:15:00+05:30,36627.7,36822.2,36526.65,36558.65,0,0
2022-03-23 09:45:00+05:30,36564.3,36687.6,36471.6,36514.6,0,0
2022-03-23 10:15:00+05:30,36515.15,36543.85,36358.4,36424.6,0,0
2022-03-23 10:45:00+05:30,36425.4,36555.75,36280.8,36336.2,0,0
2022-03-23 11:15:00+05:30,36335.65,36419.65,36313.7,36339.55,0,0
2022-03-23 11:45:00+05:30,36341.6,36441.4,36215.5,36284.3,0,0
2022-03-23 12:15:00+05:30,36285.95,36347.55,36144.25,36178.2,0,0
2022-03-23 12:45:00+05:30,36178.4,36310.15,36168.85,36271.8,0,0
2022-03-23 13:15:00+05:30,36270.65,36379.1,36209.6,36223.5,0,0
2022-03-23 13:45:00+05:30,36223.05,36257.6,36081.0,36173.55,0,0
2022-03-23 14:15:00+05:30,36169.25,36326.55,36131.05,36197.7,0,0
2022-03-23 14:45:00+05:30,36194.8,36275.6,36158.15,36174.15,0,0
2022-03-23 15:15:00+05:30,36169.45,36184.65,36069.45,36084.95,0,0
2022-03-24 09:15:00+05:30,35633.7,35733.35,35582.35,35676.95,0,0
2022-03-24 09:45:00+05:30,35675.0,35897.95,35653.8,35857.95,0,0
2022-03-24 10:15:00+05:30,35853.95,35855.55,35749.95,35759.8,0,0
2022-03-24 10:45:00+05:30,35760.5,35888.9,35745.7,35866.7,0,0
2022-03-24 11:15:00+05:30,35865.6,35953.65,35827.6,35849.65,0,0
2022-03-24 11:45:00+05:30,35849.9,35870.85,35594.45,35618.9,0,0
2022-03-24 12:15:00+05:30,35618.85,35643.0,35429.7,35547.4,0,0
2022-03-24 12:45:00+05:30,35546.85,35570.3,35443.1,35444.8,0,0
2022-03-24 13:15:00+05:30,35448.9,35716.35,35439.35,35523.4,0,0
2022-03-24 13:45:00+05:30,35524.5,35630.5,35426.3,35600.05,0,0
2022-03-24 14:15:00+05:30,35598.35,35637.0,35499.35,35538.0,0,0
2022-03-24 14:45:00+05:30,35538.6,35615.8,35479.2,35525.4,0,0
2022-03-24 15:15:00+05:30,35523.25,35534.15,35493.95,35526.85,0,0
2022-03-25 09:15:00+05:30,35700.4,35710.05,35355.5,35480.25,0,0
2022-03-25 09:45:00+05:30,35479.8,35597.8,35421.6,35446.0,0,0
2022-03-25 10:15:00+05:30,35450.75,35540.75,35420.2,35535.3,0,0
2022-03-25 10:45:00+05:30,35538.2,35566.55,35450.2,35505.1,0,0
2022-03-25 11:15:00+05:30,35504.8,35540.95,35475.7,35513.4,0,0
2022-03-25 11:45:00+05:30,35513.5,35516.8,35324.55,35348.8,0,0
2022-03-25 12:15:00+05:30,35348.35,35438.9,35331.8,35424.25,0,0
2022-03-25 12:45:00+05:30,35423.9,35457.15,35348.5,35420.05,0,0
2022-03-25 13:15:00+05:30,35420.75,35483.55,35338.35,35350.3,0,0
2022-03-25 13:45:00+05:30,35341.85,35362.3,35207.75,35273.75,0,0
2022-03-25 14:15:00+05:30,35272.9,35367.7,35256.5,35282.05,0,0
2022-03-25 14:45:00+05:30,35282.4,35378.85,35243.6,35316.1,0,0
2022-03-25 15:15:00+05:30,35318.7,35575.05,35306.75,35536.45,0,0
2022-03-28 09:15:00+05:30,35488.7,35551.25,35053.75,35084.25,0,0
2022-03-28 09:45:00+05:30,35082.5,35171.2,35022.2,35058.45,0,0
2022-03-28 10:15:00+05:30,35061.15,35113.3,35016.85,35066.7,0,0
2022-03-28 10:45:00+05:30,35065.0,35149.1,35058.4,35137.45,0,0
2022-03-28 11:15:00+05:30,35136.85,35208.05,35094.3,35124.15,0,0
2022-03-28 11:45:00+05:30,35124.75,35263.75,35069.25,35232.4,0,0
2022-03-28 12:15:00+05:30,35237.8,35519.3,35236.85,35482.8,0,0
2022-03-28 12:45:00+05:30,35481.15,35691.05,35481.15,35656.8,0,0
2022-03-28 13:15:00+05:30,35648.45,35675.5,35483.05,35542.85,0,0
2022-03-28 13:45:00+05:30,35539.45,35642.2,35530.6,35558.15,0,0
2022-03-28 14:15:00+05:30,35557.35,35745.5,35539.45,35644.8,0,0
2022-03-28 14:45:00+05:30,35645.3,35728.2,35588.15,35683.1,0,0
2022-03-28 15:15:00+05:30,35680.15,35769.0,35674.9,35749.25,0,0
2022-03-29 09:15:00+05:30,35931.75,35969.65,35758.7,35866.9,0,0
2022-03-29 09:45:00+05:30,35866.35,35874.3,35731.65,35771.35,0,0
2022-03-29 10:15:00+05:30,35771.2,35827.3,35678.25,35733.35,0,0
2022-03-29 10:45:00+05:30,35731.6,35861.65,35716.75,35809.1,0,0
2022-03-29 11:15:00+05:30,35806.45,35830.35,35689.6,35717.85,0,0
2022-03-29 11:45:00+05:30,35717.25,35772.9,35665.65,35731.6,0,0
2022-03-29 12:15:00+05:30,35729.75,35806.75,35693.2,35720.75,0,0
2022-03-29 12:45:00+05:30,35714.25,35848.15,35620.65,35674.9,0,0
2022-03-29 13:15:00+05:30,35667.7,35693.65,35513.8,35661.25,0,0
2022-03-29 13:45:00+05:30,35657.65,35712.0,35626.55,35679.95,0,0
2022-03-29 14:15:00+05:30,35674.65,35736.05,35629.1,35675.95,0,0
2022-03-29 14:45:00+05:30,35675.15,35871.4,35664.85,35824.8,0,0
2022-03-29 15:15:00+05:30,35820.15,35957.75,35812.7,35923.9,0,0
2022-03-30 09:15:00+05:30,36241.55,36241.55,36075.1,36175.5,0,0
2022-03-30 09:45:00+05:30,36176.85,36255.45,36156.1,36227.9,0,0
2022-03-30 10:15:00+05:30,36226.15,36418.55,36225.35,36377.0,0,0
2022-03-30 10:45:00+05:30,36372.1,36415.85,36328.65,36374.9,0,0
2022-03-30 11:15:00+05:30,36373.55,36384.15,36298.8,36300.1,0,0
2022-03-30 11:45:00+05:30,36300.95,36352.35,36258.7,36270.5,0,0
2022-03-30 12:15:00+05:30,36268.05,36332.1,36239.85,36287.95,0,0
2022-03-30 12:45:00+05:30,36287.95,36289.05,36203.95,36270.55,0,0
2022-03-30 13:15:00+05:30,36270.0,36336.05,36199.75,36234.95,0,0
2022-03-30 13:45:00+05:30,36229.55,36313.6,36151.7,36282.65,0,0
2022-03-30 14:15:00+05:30,36282.35,36316.25,36219.2,36248.25,0,0
2022-03-30 14:45:00+05:30,36245.05,36357.2,36228.2,36339.25,0,0
2022-03-30 15:15:00+05:30,36340.3,36363.1,36303.1,36324.35,0,0
2022-03-31 09:15:00+05:30,36457.2,36541.65,36287.55,36518.4,0,0
2022-03-31 09:45:00+05:30,36520.85,36588.85,36474.8,36529.3,0,0
2022-03-31 10:15:00+05:30,36531.0,36539.8,36437.35,36437.35,0,0
2022-03-31 10:45:00+05:30,36442.05,36527.0,36417.25,36481.7,0,0
2022-03-31 11:15:00+05:30,36480.9,36493.35,36428.05,36441.35,0,0
2022-03-31 11:45:00+05:30,36442.1,36451.65,36347.5,36397.65,0,0
2022-03-31 12:15:00+05:30,36399.2,36502.9,36386.5,36448.7,0,0
2022-03-31 12:45:00+05:30,36451.05,36513.75,36424.05,36472.65,0,0
2022-03-31 13:15:00+05:30,36472.6,36495.3,36374.25,36388.15,0,0
2022-03-31 13:45:00+05:30,36389.85,36419.4,36301.4,36323.35,0,0
2022-03-31 14:15:00+05:30,36329.0,36439.45,36284.15,36317.9,0,0
2022-03-31 14:45:00+05:30,36322.3,36434.15,36301.7,36366.35,0,0
2022-03-31 15:15:00+05:30,36366.5,36386.15,36328.85,36371.0,0,0
2022-04-01 09:15:00+05:30,36298.35,36556.0,36243.25,36556.0,0,0
2022-04-01 09:45:00+05:30,36550.15,36718.2,36529.7,36669.55,0,0
2022-04-01 10:15:00+05:30,36670.3,36781.75,36657.55,36726.8,0,0
2022-04-01 10:45:00+05:30,36727.05,36799.5,36685.0,36781.3,0,0
2022-04-01 11:15:00+05:30,36781.8,36788.15,36732.6,36763.8,0,0
2022-04-01 11:45:00+05:30,36762.5,36790.65,36703.55,36784.2,0,0
2022-04-01 12:15:00+05:30,36781.9,36988.55,36757.5,36972.6,0,0
2022-04-01 12:45:00+05:30,36970.9,36983.35,36904.75,36939.55,0,0
2022-04-01 13:15:00+05:30,36938.65,37028.4,36937.5,37013.25,0,0
2022-04-01 13:45:00+05:30,37012.9,37090.15,36990.95,37074.0,0,0
2022-04-01 14:15:00+05:30,37075.8,37145.1,37067.6,37098.75,0,0
2022-04-01 14:45:00+05:30,37100.15,37139.15,37042.65,37124.8,0,0
2022-04-01 15:15:00+05:30,37126.7,37201.75,37110.55,37158.9,0,0
2022-04-04 09:15:00+05:30,37824.95,38347.7,37705.45,38283.1,0,0
2022-04-04 09:45:00+05:30,38285.0,38762.75,38219.15,38684.3,0,0
2022-04-04 10:15:00+05:30,38701.2,38723.7,38484.7,38490.95,0,0
2022-04-04 10:45:00+05:30,38493.65,38533.4,38126.7,38185.35,0,0
2022-04-04 11:15:00+05:30,38184.6,38379.6,38078.05,38218.9,0,0
2022-04-04 11:45:00+05:30,38216.75,38372.4,38138.45,38143.65,0,0
2022-04-04 12:15:00+05:30,38139.15,38335.0,38136.5,38200.5,0,0
2022-04-04 12:45:00+05:30,38202.05,38440.25,38152.85,38413.75,0,0
2022-04-04 13:15:00+05:30,38414.6,38467.05,38336.4,38370.55,0,0
2022-04-04 13:45:00+05:30,38372.25,38455.75,38334.2,38404.4,0,0
2022-04-04 14:15:00+05:30,38404.85,38637.95,38387.2,38629.4,0,0
2022-04-04 14:45:00+05:30,38636.0,38712.0,38565.2,38645.95,0,0
2022-04-04 15:15:00+05:30,38644.1,38687.7,38581.95,38600.85,0,0
2022-04-05 09:15:00+05:30,38731.3,38734.05,38208.4,38212.55,0,0
2022-04-05 09:45:00+05:30,38210.15,38254.35,38092.65,38172.25,0,0
2022-04-05 10:15:00+05:30,38170.2,38317.1,38155.45,38213.35,0,0
2022-04-05 10:45:00+05:30,38213.7,38425.5,38213.7,38336.75,0,0
2022-04-05 11:15:00+05:30,38336.55,38373.8,38269.7,38328.1,0,0
2022-04-05 11:45:00+05:30,38320.6,38372.3,38302.0,38360.1,0,0
2022-04-05 12:15:00+05:30,38357.4,38370.9,38259.05,38294.85,0,0
2022-04-05 12:45:00+05:30,38294.8,38498.25,38293.75,38498.25,0,0
2022-04-05 13:15:00+05:30,38496.5,38631.0,38471.6,38566.4,0,0
2022-04-05 13:45:00+05:30,38564.2,38590.85,38319.55,38379.85,0,0
2022-04-05 14:15:00+05:30,38379.85,38420.1,38274.9,38374.0,0,0
2022-04-05 14:45:00+05:30,38374.3,38374.55,38033.4,38035.45,0,0
2022-04-05 15:15:00+05:30,38037.25,38070.2,37937.95,37968.0,0,0
2022-04-06 09:15:00+05:30,37711.3,37825.05,37612.8,37647.5,0,0
2022-04-06 09:45:00+05:30,37648.25,37681.6,37526.0,37604.95,0,0
2022-04-06 10:15:00+05:30,37606.95,37669.25,37514.9,37572.55,0,0
2022-04-06 10:45:00+05:30,37574.85,37655.55,37539.2,37651.25,0,0
2022-04-06 11:15:00+05:30,37650.6,37676.45,37576.6,37602.95,0,0
2022-04-06 11:45:00+05:30,37606.35,37761.85,37580.5,37722.15,0,0
2022-04-06 12:15:00+05:30,37722.3,37867.15,37710.75,37847.25,0,0
2022-04-06 12:45:00+05:30,37845.45,37858.6,37608.95,37676.7,0,0
2022-04-06 13:15:00+05:30,37676.1,37694.5,37584.3,37685.15,0,0
2022-04-06 13:45:00+05:30,37682.15,37741.15,37548.9,37559.55,0,0
2022-04-06 14:15:00+05:30,37560.95,37738.95,37548.3,37665.2,0,0
2022-04-06 14:45:00+05:30,37663.25,37731.55,37595.2,37641.5,0,0
2022-04-06 15:15:00+05:30,37644.55,37646.95,37579.95,37591.55,0,0
2022-04-07 09:15:00+05:30,37421.75,37587.7,37348.5,37561.1,0,0
2022-04-07 09:45:00+05:30,37561.7,37562.75,37455.4,37535.7,0,0
2022-04-07 10:15:00+05:30,37534.65,37567.6,37445.55,37497.3,0,0
2022-04-07 10:45:00+05:30,37500.3,37625.7,37475.8,37562.5,0,0
2022-04-07 11:15:00+05:30,37567.0,37775.15,37548.4,37733.35,0,0
2022-04-07 11:45:00+05:30,37732.45,37973.2,37731.95,37905.65,0,0
2022-04-07 12:15:00+05:30,37907.1,37962.05,37830.95,37933.4,0,0
2022-04-07 12:45:00+05:30,37932.95,37934.7,37813.1,37879.1,0,0
2022-04-07 13:15:00+05:30,37879.1,37893.6,37673.35,37679.4,0,0
2022-04-07 13:45:00+05:30,37678.45,37680.7,37540.95,37557.55,0,0
2022-04-07 14:15:00+05:30,37557.6,37628.25,37489.8,37550.25,0,0
2022-04-07 14:45:00+05:30,37550.55,37641.9,37527.1,37533.75,0,0
2022-04-07 15:15:00+05:30,37530.7,37605.9,37509.4,37599.3,0,0
2022-04-08 09:15:00+05:30,37619.7,37705.2,37486.45,37541.1,0,0
2022-04-08 09:45:00+05:30,37540.15,37798.7,37438.1,37735.65,0,0
2022-04-08 10:15:00+05:30,37737.6,37751.25,37424.0,37531.85,0,0
2022-04-08 10:45:00+05:30,37531.1,37596.25,37440.55,37455.05,0,0
2022-04-08 11:15:00+05:30,37456.8,37531.75,37414.45,37507.9,0,0
2022-04-08 11:45:00+05:30,37505.25,37636.1,37490.2,37606.9,0,0
2022-04-08 12:15:00+05:30,37605.55,37742.4,37597.3,37695.8,0,0
2022-04-08 12:45:00+05:30,37694.2,37730.7,37579.0,37667.05,0,0
2022-04-08 13:15:00+05:30,37670.9,37774.6,37631.3,37732.5,0,0
2022-04-08 13:45:00+05:30,37732.7,37881.65,37678.6,37849.75,0,0
2022-04-08 14:15:00+05:30,37849.3,37853.95,37706.15,37736.05,0,0
2022-04-08 14:45:00+05:30,37738.05,37823.55,37691.3,37710.7,0,0
2022-04-08 15:15:00+05:30,37709.55,37803.1,37709.55,37803.1,0,0
2022-04-11 09:15:00+05:30,37591.75,37789.75,37531.15,37666.1,0,0
2022-04-11 09:45:00+05:30,37666.25,37809.7,37659.6,37802.5,0,0
2022-04-11 10:15:00+05:30,37802.35,37893.75,37763.2,37798.0,0,0
2022-04-11 10:45:00+05:30,37795.75,37829.55,37728.8,37804.65,0,0
2022-04-11 11:15:00+05:30,37802.35,37860.7,37777.85,37853.1,0,0
2022-04-11 11:45:00+05:30,37855.45,37892.2,37783.6,37826.95,0,0
2022-04-11 12:15:00+05:30,37827.5,37858.9,37705.25,37746.9,0,0
2022-04-11 12:45:00+05:30,37739.75,37937.15,37726.1,37872.85,0,0
2022-04-11 13:15:00+05:30,37875.65,37915.7,37798.8,37800.5,0,0
2022-04-11 13:45:00+05:30,37797.55,37832.25,37736.75,37822.1,0,0
2022-04-11 14:15:00+05:30,37822.3,37835.3,37733.7,37745.0,0,0
2022-04-11 14:45:00+05:30,37742.9,37742.9,37549.1,37611.45,0,0
2022-04-11 15:15:00+05:30,37607.0,37656.75,37584.75,37645.75,0,0
2022-04-12 09:15:00+05:30,37407.4,37486.35,37269.1,37481.75,0,0
2022-04-12 09:45:00+05:30,37481.25,37512.8,37312.15,37347.65,0,0
2022-04-12 10:15:00+05:30,37343.3,37476.6,37301.3,37448.8,0,0
2022-04-12 10:45:00+05:30,37448.7,37452.35,37352.95,37405.5,0,0
2022-04-12 11:15:00+05:30,37405.85,37489.55,37362.15,37486.3,0,0
2022-04-12 11:45:00+05:30,37486.85,37564.6,37443.5,37514.95,0,0
2022-04-12 12:15:00+05:30,37514.85,37550.15,37435.85,37523.0,0,0
2022-04-12 12:45:00+05:30,37524.95,37587.95,37451.35,37470.4,0,0
2022-04-12 13:15:00+05:30,37467.85,37537.8,37369.05,37380.05,0,0
2022-04-12 13:45:00+05:30,37379.8,37765.2,37360.35,37747.55,0,0
2022-04-12 14:15:00+05:30,37743.3,37895.0,37697.5,37891.55,0,0
2022-04-12 14:45:00+05:30,37895.4,37919.5,37717.7,37735.7,0,0
2022-04-12 15:15:00+05:30,37736.0,37773.95,37706.35,37747.85,0,0
2022-04-13 09:15:00+05:30,37887.3,37981.2,37863.45,37870.45,0,0
2022-04-13 09:45:00+05:30,37869.5,37922.75,37717.55,37732.25,0,0
2022-04-13 10:15:00+05:30,37732.6,37816.55,37693.75,37738.65,0,0
2022-04-13 10:45:00+05:30,37736.9,37822.7,37727.3,37779.2,0,0
2022-04-13 11:15:00+05:30,37779.9,37801.55,37713.95,37713.95,0,0
2022-04-13 11:45:00+05:30,37713.55,37742.1,37560.95,37564.05,0,0
2022-04-13 12:15:00+05:30,37552.95,37666.05,37523.45,37662.3,0,0
2022-04-13 12:45:00+05:30,37665.3,37705.45,37581.65,37696.7,0,0
2022-04-13 13:15:00+05:30,37699.5,37728.4,37593.75,37614.95,0,0
2022-04-13 13:45:00+05:30,37612.7,37657.95,37532.9,37649.55,0,0
2022-04-13 14:15:00+05:30,37652.65,37690.3,37561.25,37617.75,0,0
2022-04-13 14:45:00+05:30,37622.2,37628.15,37431.15,37441.4,0,0
2022-04-13 15:15:00+05:30,37442.3,37478.35,37415.5,37439.8,0,0
2022-04-18 09:15:00+05:30,36833.15,36964.8,36708.1,36963.25,0,0
2022-04-18 09:45:00+05:30,36959.4,36962.15,36675.65,36728.6,0,0
2022-04-18 10:15:00+05:30,36730.7,36765.15,36658.35,36743.05,0,0
2022-04-18 10:45:00+05:30,36743.75,36760.95,36674.95,36749.95,0,0
2022-04-18 11:15:00+05:30,36749.35,36846.45,36745.3,36804.5,0,0
2022-04-18 11:45:00+05:30,36811.15,36871.3,36697.9,36713.35,0,0
2022-04-18 12:15:00+05:30,36714.25,36763.4,36601.3,36625.6,0,0
2022-04-18 12:45:00+05:30,36624.0,36645.4,36447.45,36531.85,0,0
2022-04-18 13:15:00+05:30,36532.3,36618.0,36517.6,36563.55,0,0
2022-04-18 13:45:00+05:30,36563.45,36646.85,36554.4,36588.1,0,0
2022-04-18 14:15:00+05:30,36588.9,36729.95,36539.35,36729.0,0,0
2022-04-18 14:45:00+05:30,36727.6,36758.65,36576.4,36745.4,0,0
2022-04-18 15:15:00+05:30,36743.2,36885.55,36743.2,36791.6,0,0
2022-04-19 09:15:00+05:30,36806.8,36942.65,36679.45,36762.6,0,0
2022-04-19 09:45:00+05:30,36763.15,36775.0,36628.65,36695.25,0,0
2022-04-19 10:15:00+05:30,36694.5,36750.3,36612.85,36745.3,0,0
2022-04-19 10:45:00+05:30,36745.25,36775.5,36655.0,36775.5,0,0
2022-04-19 11:15:00+05:30,36777.45,36838.15,36715.85,36782.75,0,0
2022-04-19 11:45:00+05:30,36782.5,36928.05,36776.25,36925.5,0,0
2022-04-19 12:15:00+05:30,36926.3,36973.6,36865.1,36874.45,0,0
2022-04-19 12:45:00+05:30,36873.4,36907.05,36712.55,36756.4,0,0
2022-04-19 13:15:00+05:30,36757.4,37003.85,36755.35,36924.45,0,0
2022-04-19 13:45:00+05:30,36926.05,37123.25,36926.05,37045.5,0,0
2022-04-19 14:15:00+05:30,37049.4,37078.6,36913.6,36955.25,0,0
2022-04-19 14:45:00+05:30,36954.2,36970.15,36276.35,36365.6,0,0
2022-04-19 15:15:00+05:30,36365.15,36390.7,35931.25,36070.65,0,0
2022-04-20 09:15:00+05:30,36482.6,36482.6,36189.2,36384.7,0,0
2022-04-20 09:45:00+05:30,36384.2,36409.95,36276.95,36328.3,0,0
2022-04-20 10:15:00+05:30,36328.8,36388.4,36213.1,36216.65,0,0
2022-04-20 10:45:00+05:30,36214.8,36443.6,36212.2,36393.2,0,0
2022-04-20 11:15:00+05:30,36391.05,36430.9,36229.8,36269.5,0,0
2022-04-20 11:45:00+05:30,36274.95,36357.1,36225.45,36327.85,0,0
2022-04-20 12:15:00+05:30,36327.9,36511.15,36327.9,36471.95,0,0
2022-04-20 12:45:00+05:30,36470.6,36506.8,36374.3,36378.25,0,0
2022-04-20 13:15:00+05:30,36376.4,36409.2,36282.15,36347.55,0,0
2022-04-20 13:45:00+05:30,36347.9,36394.3,36117.7,36238.1,0,0
2022-04-20 14:15:00+05:30,36238.55,36374.2,36145.6,36373.95,0,0
2022-04-20 14:45:00+05:30,36374.65,36460.45,36216.05,36290.2,0,0
2022-04-20 15:15:00+05:30,36290.85,36363.3,36266.55,36351.55,0,0
2022-04-21 09:15:00+05:30,36513.1,36614.15,36490.05,36540.4,0,0
2022-04-21 09:45:00+05:30,36543.05,36582.35,36458.05,36469.1,0,0
2022-04-21 10:15:00+05:30,36468.35,36521.0,36398.85,36506.1,0,0
2022-04-21 10:45:00+05:30,36506.4,36608.55,36480.65,36605.5,0,0
2022-04-21 11:15:00+05:30,36605.2,36642.95,36569.2,36590.05,0,0
2022-04-21 11:45:00+05:30,36589.95,36642.5,36542.2,36602.85,0,0
2022-04-21 12:15:00+05:30,36603.05,36657.35,36563.4,36656.55,0,0
2022-04-21 12:45:00+05:30,36654.95,36667.05,36567.2,36577.95,0,0
2022-04-21 13:15:00+05:30,36578.8,36673.25,36552.4,36673.25,0,0
2022-04-21 13:45:00+05:30,36666.95,36686.1,36596.3,36665.45,0,0
2022-04-21 14:15:00+05:30,36665.25,36805.75,36664.3,36740.8,0,0
2022-04-21 14:45:00+05:30,36743.9,36833.95,36721.35,36812.0,0,0
2022-04-21 15:15:00+05:30,36813.0,36913.0,36795.7,36911.25,0,0
2022-04-22 09:15:00+05:30,36514.15,36553.75,36292.25,36340.55,0,0
2022-04-22 09:45:00+05:30,36340.25,36378.3,36254.8,36287.05,0,0
2022-04-22 10:15:00+05:30,36289.6,36363.2,36250.95,36358.55,0,0
2022-04-22 10:45:00+05:30,36358.9,36445.7,36336.3,36411.85,0,0
2022-04-22 11:15:00+05:30,36413.1,36427.6,36326.65,36398.25,0,0
2022-04-22 11:45:00+05:30,36396.4,36433.65,36370.0,36373.1,0,0
2022-04-22 12:15:00+05:30,36370.85,36407.9,36290.05,36395.1,0,0
2022-04-22 12:45:00+05:30,36395.75,36404.45,36302.45,36338.7,0,0
2022-04-22 13:15:00+05:30,36336.1,36372.95,36291.3,36301.05,0,0
2022-04-22 13:45:00+05:30,36303.15,36303.45,36045.3,36118.85,0,0
2022-04-22 14:15:00+05:30,36121.55,36160.6,36019.0,36085.7,0,0
2022-04-22 14:45:00+05:30,36089.0,36130.55,36011.5,36061.6,0,0
2022-04-22 15:15:00+05:30,36064.85,36074.6,35994.65,36008.2,0,0
2022-04-25 09:15:00+05:30,35792.35,35965.45,35533.05,35907.05,0,0
2022-04-25 09:45:00+05:30,35908.55,36226.05,35813.4,36145.5,0,0
2022-04-25 10:15:00+05:30,36144.55,36192.1,36031.35,36127.7,0,0
2022-04-25 10:45:00+05:30,36128.85,36174.3,36085.65,36117.05,0,0
2022-04-25 11:15:00+05:30,36113.7,36139.95,35996.1,36015.8,0,0
2022-04-25 11:45:00+05:30,36024.2,36169.9,36010.35,36036.75,0,0
2022-04-25 12:15:00+05:30,36039.3,36078.45,35901.9,35999.15,0,0
2022-04-25 12:45:00+05:30,35999.85,36191.65,35978.45,36187.4,0,0
2022-04-25 13:15:00+05:30,36185.3,36265.75,36012.0,36042.85,0,0
2022-04-25 13:45:00+05:30,36046.45,36160.0,35994.85,36099.15,0,0
2022-04-25 14:15:00+05:30,36092.65,36094.7,35887.0,35888.1,0,0
2022-04-25 14:45:00+05:30,35886.3,36091.4,35882.35,36047.0,0,0
2022-04-25 15:15:00+05:30,36047.2,36205.25,36032.15,36192.85,0,0
2022-04-26 09:15:00+05:30,36515.35,36579.95,36451.25,36536.4,0,0
2022-04-26 09:45:00+05:30,36536.55,36559.1,36477.8,36483.95,0,0
2022-04-26 10:15:00+05:30,36482.55,36520.85,36444.45,36450.95,0,0
2022-04-26 10:45:00+05:30,36452.65,36494.1,36446.85,36471.1,0,0
2022-04-26 11:15:00+05:30,36472.5,36577.7,36469.45,36540.2,0,0
2022-04-26 11:45:00+05:30,36537.45,36603.7,36509.5,36512.35,0,0
2022-04-26 12:15:00+05:30,36512.3,36569.0,36508.45,36538.8,0,0
2022-04-26 12:45:00+05:30,36535.45,36538.95,36301.4,36371.6,0,0
2022-04-26 13:15:00+05:30,36369.2,36497.0,36369.2,36481.75,0,0
2022-04-26 13:45:00+05:30,36480.5,36532.55,36440.25,36482.4,0,0
2022-04-26 14:15:00+05:30,36479.35,36520.05,36280.65,36376.05,0,0
2022-04-26 14:45:00+05:30,36376.1,36433.75,36269.05,36418.5,0,0
2022-04-26 15:15:00+05:30,36420.35,36456.05,36377.55,36390.15,0,0
2022-04-27 09:15:00+05:30,36067.55,36175.2,36030.05,36129.45,0,0
2022-04-27 09:45:00+05:30,36131.25,36150.8,36065.0,36130.4,0,0
2022-04-27 10:15:00+05:30,36126.95,36126.95,36020.6,36082.9,0,0
2022-04-27 10:45:00+05:30,36082.45,36105.4,36046.6,36087.55,0,0
2022-04-27 11:15:00+05:30,36087.05,36087.05,35901.8,35927.9,0,0
2022-04-27 11:45:00+05:30,35927.65,35993.65,35914.55,35939.45,0,0
2022-04-27 12:15:00+05:30,35937.5,35990.5,35925.25,35944.1,0,0
2022-04-27 12:45:00+05:30,35942.55,35946.2,35748.55,35798.4,0,0
2022-04-27 13:15:00+05:30,35798.05,35962.85,35797.55,35956.15,0,0
2022-04-27 13:45:00+05:30,35950.3,36022.05,35914.15,35980.9,0,0
2022-04-27 14:15:00+05:30,35982.4,36091.45,35891.25,36066.9,0,0
2022-04-27 14:45:00+05:30,36065.3,36108.9,35960.0,36022.05,0,0
2022-04-27 15:15:00+05:30,36021.6,36077.35,35999.75,36045.85,0,0
2022-04-28 09:15:00+05:30,36189.95,36191.4,36016.05,36100.7,0,0
2022-04-28 09:45:00+05:30,36100.75,36101.3,36016.9,36055.0,0,0
2022-04-28 10:15:00+05:30,36052.8,36065.1,35966.05,35980.85,0,0
2022-04-28 10:45:00+05:30,35981.1,36067.85,35952.9,36008.3,0,0
2022-04-28 11:15:00+05:30,36008.65,36108.4,35996.8,36073.95,0,0
2022-04-28 11:45:00+05:30,36074.35,36154.9,36074.35,36124.2,0,0
2022-04-28 12:15:00+05:30,36126.6,36288.95,36111.85,36264.65,0,0
2022-04-28 12:45:00+05:30,36264.2,36330.65,36227.7,36327.05,0,0
2022-04-28 13:15:00+05:30,36326.4,36362.35,36261.1,36346.85,0,0
2022-04-28 13:45:00+05:30,36347.35,36410.45,36307.5,36390.0,0,0
2022-04-28 14:15:00+05:30,36391.75,36450.85,36359.6,36421.6,0,0
2022-04-28 14:45:00+05:30,36421.65,36491.7,36319.9,36356.7,0,0
2022-04-28 15:15:00+05:30,36358.4,36500.0,36349.5,36424.0,0,0
2022-04-29 09:15:00+05:30,36474.05,36604.3,36452.4,36491.05,0,0
2022-04-29 09:45:00+05:30,36489.25,36491.45,36345.7,36391.45,0,0
2022-04-29 10:15:00+05:30,36392.2,36561.3,36389.8,36533.95,0,0
2022-04-29 10:45:00+05:30,36533.45,36561.3,36470.6,36548.0,0,0
2022-04-29 11:15:00+05:30,36541.0,36672.95,36536.45,36645.85,0,0
2022-04-29 11:45:00+05:30,36644.55,36716.65,36602.45,36634.85,0,0
2022-04-29 12:15:00+05:30,36637.3,36654.5,36553.7,36604.8,0,0
2022-04-29 12:45:00+05:30,36602.1,36694.15,36590.75,36677.8,0,0
2022-04-29 13:15:00+05:30,36676.9,36687.75,36578.75,36607.3,0,0
2022-04-29 13:45:00+05:30,36607.3,36635.6,36411.7,36465.5,0,0
2022-04-29 14:15:00+05:30,36465.15,36488.05,36229.5,36361.3,0,0
2022-04-29 14:45:00+05:30,36360.55,36429.35,36062.2,36080.6,0,0
2022-04-29 15:15:00+05:30,36079.8,36101.7,35980.85,36063.75,0,0
2022-05-02 09:15:00+05:30,35627.6,36056.5,35627.6,36054.5,0,0
2022-05-02 09:45:00+05:30,36058.95,36058.95,35879.85,35894.2,0,0
2022-05-02 10:15:00+05:30,35897.1,35994.6,35859.7,35994.6,0,0
2022-05-02 10:45:00+05:30,35993.15,35997.45,35818.3,35911.05,0,0
2022-05-02 11:15:00+05:30,35909.1,35958.85,35872.4,35885.05,0,0
2022-05-02 11:45:00+05:30,35880.4,35979.3,35848.5,35975.1,0,0
2022-05-02 12:15:00+05:30,35973.15,36072.35,35946.15,36044.1,0,0
2022-05-02 12:45:00+05:30,36046.0,36049.5,35883.35,35978.8,0,0
2022-05-02 13:15:00+05:30,35980.2,36006.55,35856.35,35941.8,0,0
2022-05-02 13:45:00+05:30,35945.45,36011.35,35910.05,35980.5,0,0
2022-05-02 14:15:00+05:30,35982.0,35987.85,35873.9,35945.8,0,0
2022-05-02 14:45:00+05:30,35945.95,36231.1,35945.95,36170.45,0,0
2022-05-02 15:15:00+05:30,36168.4,36207.45,36124.2,36138.45,0,0
2022-05-04 09:15:00+05:30,36266.15,36302.45,36169.65,36236.0,0,0
2022-05-04 09:45:00+05:30,36234.3,36253.6,36110.25,36123.55,0,0
2022-05-04 10:15:00+05:30,36124.35,36124.35,36028.9,36048.55,0,0
2022-05-04 10:45:00+05:30,36048.5,36123.65,35996.4,36076.7,0,0
2022-05-04 11:15:00+05:30,36076.5,36161.6,36037.95,36082.45,0,0
2022-05-04 11:45:00+05:30,36083.0,36121.25,35883.9,35941.65,0,0
2022-05-04 12:15:00+05:30,35937.4,35952.4,35778.6,35798.75,0,0
2022-05-04 12:45:00+05:30,35795.35,35935.05,35737.35,35924.7,0,0
2022-05-04 13:15:00+05:30,35926.4,36056.5,35900.05,36033.05,0,0
2022-05-04 13:45:00+05:30,36034.95,36160.55,35528.0,35684.5,0,0
2022-05-04 14:15:00+05:30,35688.4,35864.0,35299.6,35319.4,0,0
2022-05-04 14:45:00+05:30,35313.1,35405.4,35130.0,35355.3,0,0
2022-05-04 15:15:00+05:30,35353.65,35362.55,35220.7,35317.55,0,0
2022-05-05 09:15:00+05:30,35705.35,35757.5,35552.55,35661.1,0,0
2022-05-05 09:45:00+05:30,35666.75,35820.5,35647.75,35816.75,0,0
2022-05-05 10:15:00+05:30,35822.45,35872.0,35774.1,35799.0,0,0
2022-05-05 10:45:00+05:30,35799.55,35934.0,35780.5,35905.7,0,0
2022-05-05 11:15:00+05:30,35904.6,35906.4,35709.95,35731.4,0,0
2022-05-05 11:45:00+05:30,35733.7,35780.35,35628.05,35691.35,0,0
2022-05-05 12:15:00+05:30,35691.6,35831.1,35667.5,35751.5,0,0
2022-05-05 12:45:00+05:30,35749.55,35798.95,35583.15,35601.7,0,0
2022-05-05 13:15:00+05:30,35599.95,35706.55,35447.95,35454.1,0,0
2022-05-05 13:45:00+05:30,35458.95,35545.9,35241.55,35305.6,0,0
2022-05-05 14:15:00+05:30,35305.7,35369.05,35152.15,35265.6,0,0
2022-05-05 14:45:00+05:30,35263.45,35396.65,35222.55,35256.65,0,0
2022-05-05 15:15:00+05:30,35257.0,35317.65,35135.4,35160.1,0,0
2022-05-06 09:15:00+05:30,34569.1,34723.8,34513.35,34682.25,0,0
2022-05-06 09:45:00+05:30,34686.35,34688.9,34441.0,34445.5,0,0
2022-05-06 10:15:00+05:30,34446.2,34483.85,34353.4,34418.6,0,0
2022-05-06 10:45:00+05:30,34421.4,34496.0,34393.3,34442.35,0,0
2022-05-06 11:15:00+05:30,34443.4,34667.4,34404.25,34645.6,0,0
2022-05-06 11:45:00+05:30,34644.05,34650.3,34525.85,34615.2,0,0
2022-05-06 12:15:00+05:30,34615.15,34631.1,34430.95,34516.2,0,0
2022-05-06 12:45:00+05:30,34517.35,34589.2,34383.05,34404.25,0,0
2022-05-06 13:15:00+05:30,34403.55,34714.0,34372.95,34534.35,0,0
2022-05-06 13:45:00+05:30,34532.55,34773.55,34471.75,34718.95,0,0
2022-05-06 14:15:00+05:30,34716.7,34797.75,34503.45,34523.6,0,0
2022-05-06 14:45:00+05:30,34519.95,34606.5,34449.95,34581.6,0,0
2022-05-06 15:15:00+05:30,34583.9,34682.35,34579.75,34681.5,0,0
2022-05-09 09:15:00+05:30,34091.75,34256.7,33928.15,34023.25,0,0
2022-05-09 09:45:00+05:30,34027.45,34125.7,33981.7,34083.45,0,0
2022-05-09 10:15:00+05:30,34083.6,34180.9,34055.25,34141.85,0,0
2022-05-09 10:45:00+05:30,34143.65,34190.5,34089.65,34127.55,0,0
2022-05-09 11:15:00+05:30,34126.1,34300.25,34050.35,34282.75,0,0
2022-05-09 11:45:00+05:30,34281.85,34386.05,34255.75,34379.15,0,0
2022-05-09 12:15:00+05:30,34379.8,34542.05,34298.0,34528.35,0,0
2022-05-09 12:45:00+05:30,34529.75,34547.2,34304.2,34347.65,0,0
2022-05-09 13:15:00+05:30,34349.45,34384.15,34227.5,34305.6,0,0
2022-05-09 13:45:00+05:30,34307.25,34339.65,34097.6,34183.05,0,0
2022-05-09 14:15:00+05:30,34183.3,34413.1,34164.1,34383.95,0,0
2022-05-09 14:45:00+05:30,34384.75,34508.3,34205.55,34303.2,0,0
2022-05-09 15:15:00+05:30,34306.2,34346.95,34272.55,34321.05,0,0
2022-05-10 09:15:00+05:30,34181.2,34454.85,34181.2,34342.05,0,0
2022-05-10 09:45:00+05:30,34341.95,34356.3,34254.6,34286.3,0,0
2022-05-10 10:15:00+05:30,34289.55,34414.45,34275.35,34406.35,0,0
2022-05-10 10:45:00+05:30,34406.9,34423.9,34323.7,34372.4,0,0
2022-05-10 11:15:00+05:30,34373.25,34435.55,34305.15,34398.05,0,0
2022-05-10 11:45:00+05:30,34396.7,34548.75,34367.7,34541.75,0,0
2022-05-10 12:15:00+05:30,34544.65,34640.4,34500.65,34617.9,0,0
2022-05-10 12:45:00+05:30,34618.55,34710.25,34576.55,34653.6,0,0
2022-05-10 13:15:00+05:30,34658.15,34664.8,34527.15,34590.5,0,0
2022-05-10 13:45:00+05:30,34588.6,34742.5,34573.15,34696.35,0,0
2022-05-10 14:15:00+05:30,34698.6,34779.65,34652.55,34758.95,0,0
2022-05-10 14:45:00+05:30,34764.15,34775.8,34428.65,34473.15,0,0
2022-05-10 15:15:00+05:30,34472.05,34511.3,34412.35,34418.2,0,0
2022-05-11 09:15:00+05:30,34686.3,34726.5,34544.5,34544.5,0,0
2022-05-11 09:45:00+05:30,34546.0,34599.7,34409.5,34466.5,0,0
2022-05-11 10:15:00+05:30,34464.55,34528.5,34298.35,34352.25,0,0
2022-05-11 10:45:00+05:30,34351.2,34518.15,34341.05,34393.9,0,0
2022-05-11 11:15:00+05:30,34388.95,34542.05,34373.0,34522.75,0,0
2022-05-11 11:45:00+05:30,34522.2,34560.85,34413.4,34477.55,0,0
2022-05-11 12:15:00+05:30,34479.4,34506.55,34333.35,34335.1,0,0
2022-05-11 12:45:00+05:30,34335.75,34346.4,34190.75,34196.4,0,0
2022-05-11 13:15:00+05:30,34197.65,34420.45,34149.05,34359.65,0,0
2022-05-11 13:45:00+05:30,34358.15,34667.65,34332.45,34640.45,0,0
2022-05-11 14:15:00+05:30,34640.5,34722.35,34514.7,34720.0,0,0
2022-05-11 14:45:00+05:30,34720.25,34737.85,34575.35,34683.5,0,0
2022-05-11 15:15:00+05:30,34683.85,34791.7,34669.85,34776.25,0,0
2022-05-12 09:15:00+05:30,34289.1,34320.8,33838.7,33887.8,0,0
2022-05-12 09:45:00+05:30,33888.45,33985.25,33854.05,33884.55,0,0
2022-05-12 10:15:00+05:30,33879.9,34010.05,33841.2,33948.2,0,0
2022-05-12 10:45:00+05:30,33952.5,33975.95,33726.15,33736.7,0,0
2022-05-12 11:15:00+05:30,33733.1,33810.5,33625.45,33764.1,0,0
2022-05-12 11:45:00+05:30,33763.55,33802.05,33670.1,33786.3,0,0
2022-05-12 12:15:00+05:30,33785.05,33795.0,33590.95,33685.15,0,0
2022-05-12 12:45:00+05:30,33684.55,33726.25,33589.3,33644.45,0,0
2022-05-12 13:15:00+05:30,33643.6,33827.25,33640.5,33730.0,0,0
2022-05-12 13:45:00+05:30,33729.95,33759.75,33463.95,33489.6,0,0
2022-05-12 14:15:00+05:30,33495.65,33540.4,33300.05,33431.9,0,0
2022-05-12 14:45:00+05:30,33431.6,33597.55,33406.4,33585.9,0,0
2022-05-12 15:15:00+05:30,33587.0,33593.95,33501.75,33559.55,0,0
2022-05-13 09:15:00+05:30,33925.95,33962.1,33664.75,33772.2,0,0
2022-05-13 09:45:00+05:30,33770.05,33790.05,33577.0,33578.95,0,0
2022-05-13 10:15:00+05:30,33577.05,33770.6,33557.3,33734.95,0,0
2022-05-13 10:45:00+05:30,33738.55,33804.55,33691.85,33770.3,0,0
2022-05-13 11:15:00+05:30,33772.45,33855.2,33669.95,33788.25,0,0
2022-05-13 11:45:00+05:30,33788.45,33869.25,33720.2,33729.9,0,0
2022-05-13 12:15:00+05:30,33729.45,33818.65,33703.15,33801.65,0,0
2022-05-13 12:45:00+05:30,33799.25,33906.5,33748.35,33906.5,0,0
2022-05-13 13:15:00+05:30,33899.85,34001.85,33739.0,33854.2,0,0
2022-05-13 13:45:00+05:30,33857.35,33910.35,33531.95,33553.8,0,0
2022-05-13 14:15:00+05:30,33553.0,33592.95,33250.5,33261.7,0,0
2022-05-13 14:45:00+05:30,33261.6,33334.1,33009.05,33094.6,0,0
2022-05-13 15:15:00+05:30,33093.9,33233.35,33052.0,33086.35,0,0
2022-05-16 09:15:00+05:30,33256.0,33578.45,33010.1,33509.1,0,0
2022-05-16 09:45:00+05:30,33512.2,33771.5,33507.05,33663.45,0,0
2022-05-16 10:15:00+05:30,33668.6,33807.2,33604.75,33750.75,0,0
2022-05-16 10:45:00+05:30,33754.95,33777.9,33647.15,33732.2,0,0
2022-05-16 11:15:00+05:30,33734.3,33757.35,33503.8,33556.5,0,0
2022-05-16 11:45:00+05:30,33556.1,33585.85,33431.45,33474.95,0,0
2022-05-16 12:15:00+05:30,33473.25,33649.35,33409.8,33433.5,0,0
2022-05-16 12:45:00+05:30,33432.1,33554.6,33346.5,33480.6,0,0
2022-05-16 13:15:00+05:30,33480.6,33714.8,33465.5,33689.25,0,0
2022-05-16 13:45:00+05:30,33686.4,33754.1,33571.65,33678.35,0,0
2022-05-16 14:15:00+05:30,33679.45,33761.9,33553.35,33761.9,0,0
2022-05-16 14:45:00+05:30,33757.75,33818.8,33531.45,33548.55,0,0
2022-05-16 15:15:00+05:30,33546.95,33651.3,33521.05,33643.35,0,0
2022-05-17 09:15:00+05:30,33796.2,33943.95,33739.7,33869.8,0,0
2022-05-17 09:45:00+05:30,33874.9,33874.9,33684.2,33793.95,0,0
2022-05-17 10:15:00+05:30,33795.95,33903.5,33790.95,33903.4,0,0
2022-05-17 10:45:00+05:30,33903.05,34007.6,33846.7,33924.0,0,0
2022-05-17 11:15:00+05:30,33909.8,34156.7,33888.05,34133.2,0,0
2022-05-17 11:45:00+05:30,34130.0,34154.55,34049.6,34073.6,0,0
2022-05-17 12:15:00+05:30,34067.85,34136.15,34041.05,34099.5,0,0
2022-05-17 12:45:00+05:30,34102.45,34159.8,34074.05,34149.75,0,0
2022-05-17 13:15:00+05:30,34150.5,34189.4,34005.8,34118.25,0,0
2022-05-17 13:45:00+05:30,34115.4,34302.65,34084.9,34295.05,0,0
2022-05-17 14:15:00+05:30,34298.4,34339.5,34207.85,34315.1,0,0
2022-05-17 14:45:00+05:30,34314.45,34366.05,34241.55,34271.9,0,0
2022-05-17 15:15:00+05:30,34274.5,34348.75,34261.15,34346.75,0,0
2022-05-18 09:15:00+05:30,34448.2,34654.2,34331.15,34622.6,0,0
2022-05-18 09:45:00+05:30,34615.8,34639.2,34473.55,34536.1,0,0
2022-05-18 10:15:00+05:30,34533.75,34604.55,34458.0,34583.55,0,0
2022-05-18 10:45:00+05:30,34584.35,34587.65,34464.5,34492.9,0,0
2022-05-18 11:15:00+05:30,34493.7,34563.0,34466.85,34545.15,0,0
2022-05-18 11:45:00+05:30,34545.75,34586.9,34452.75,34468.45,0,0
2022-05-18 12:15:00+05:30,34460.8,34460.8,34240.4,34282.55,0,0
2022-05-18 12:45:00+05:30,34281.4,34301.65,34208.8,34271.75,0,0
2022-05-18 13:15:00+05:30,34274.25,34416.9,34162.6,34393.65,0,0
2022-05-18 13:45:00+05:30,34394.7,34399.65,34178.9,34216.4,0,0
2022-05-18 14:15:00+05:30,34218.2,34262.95,34152.05,34221.1,0,0
2022-05-18 14:45:00+05:30,34220.8,34301.65,34135.5,34158.55,0,0
2022-05-18 15:15:00+05:30,34159.05,34202.0,34140.25,34198.35,0,0
2022-05-19 09:15:00+05:30,33461.0,33624.9,33393.9,33436.15,0,0
2022-05-19 09:45:00+05:30,33434.3,33599.25,33401.35,33538.65,0,0
2022-05-19 10:15:00+05:30,33540.15,33582.45,33511.8,33537.45,0,0
2022-05-19 10:45:00+05:30,33534.8,33619.85,33510.75,33557.7,0,0
2022-05-19 11:15:00+05:30,33558.55,33580.0,33411.9,33449.95,0,0
2022-05-19 11:45:00+05:30,33451.8,33472.05,33351.75,33373.9,0,0
2022-05-19 12:15:00+05:30,33372.6,33443.3,33341.3,33343.0,0,0
2022-05-19 12:45:00+05:30,33340.85,33365.2,33267.8,33280.85,0,0
2022-05-19 13:15:00+05:30,33279.25,33376.1,33279.25,33374.65,0,0
2022-05-19 13:45:00+05:30,33376.35,33390.85,33240.1,33240.1,0,0
2022-05-19 14:15:00+05:30,33239.75,33270.4,33183.85,33193.5,0,0
2022-05-19 14:45:00+05:30,33194.3,33345.45,33185.85,33279.65,0,0
2022-05-19 15:15:00+05:30,33280.45,33373.15,33276.2,33359.0,0,0
2022-05-20 09:15:00+05:30,33765.15,33999.2,33696.95,33970.8,0,0
2022-05-20 09:45:00+05:30,33970.25,34137.2,33970.1,34086.7,0,0
2022-05-20 10:15:00+05:30,34084.8,34134.7,34024.55,34077.4,0,0
2022-05-20 10:45:00+05:30,34078.3,34136.9,34038.85,34075.9,0,0
2022-05-20 11:15:00+05:30,34078.2,34114.0,34033.5,34083.4,0,0
2022-05-20 11:45:00+05:30,34084.4,34162.55,33951.3,33987.1,0,0
2022-05-20 12:15:00+05:30,33988.65,34078.3,33940.1,34077.7,0,0
2022-05-20 12:45:00+05:30,34076.2,34284.65,34076.2,34267.75,0,0
2022-05-20 13:15:00+05:30,34269.2,34293.95,34198.35,34205.35,0,0
2022-05-20 13:45:00+05:30,34206.05,34257.45,34166.0,34251.45,0,0
2022-05-20 14:15:00+05:30,34253.45,34300.9,34155.7,34277.35,0,0
2022-05-20 14:45:00+05:30,34276.85,34356.65,34257.65,34290.8,0,0
2022-05-20 15:15:00+05:30,34289.4,34324.3,34193.85,34311.55,0,0
2022-05-23 09:15:00+05:30,34321.4,34542.75,34273.5,34514.2,0,0
2022-05-23 09:45:00+05:30,34514.15,34643.1,34506.05,34640.15,0,0
2022-05-23 10:15:00+05:30,34637.0,34650.35,34548.9,34590.9,0,0
2022-05-23 10:45:00+05:30,34590.6,34656.0,34575.9,34636.55,0,0
2022-05-23 11:15:00+05:30,34636.85,34758.6,34634.75,34720.85,0,0
2022-05-23 11:45:00+05:30,34723.3,34782.75,34690.65,34761.0,0,0
2022-05-23 12:15:00+05:30,34762.8,34780.85,34640.0,34657.25,0,0
2022-05-23 12:45:00+05:30,34656.75,34755.2,34635.9,34683.6,0,0
2022-05-23 13:15:00+05:30,34683.45,34819.35,34676.5,34713.45,0,0
2022-05-23 13:45:00+05:30,34716.35,34741.5,34375.7,34392.75,0,0
2022-05-23 14:15:00+05:30,34379.85,34461.3,34330.9,34378.55,0,0
2022-05-23 14:45:00+05:30,34382.8,34432.2,34218.0,34227.6,0,0
2022-05-23 15:15:00+05:30,34227.2,34273.55,34122.3,34157.8,0,0
2022-05-24 09:15:00+05:30,34223.2,34486.7,34132.25,34372.6,0,0
2022-05-24 09:45:00+05:30,34373.05,34400.25,34245.65,34301.75,0,0
2022-05-24 10:15:00+05:30,34302.2,34394.85,34219.3,34353.75,0,0
2022-05-24 10:45:00+05:30,34352.05,34391.7,34296.35,34297.45,0,0
2022-05-24 11:15:00+05:30,34295.3,34463.85,34267.15,34455.25,0,0
2022-05-24 11:45:00+05:30,34461.55,34526.3,34356.4,34422.3,0,0
2022-05-24 12:15:00+05:30,34424.05,34489.45,34390.85,34472.55,0,0
2022-05-24 12:45:00+05:30,34474.4,34578.05,34305.65,34345.3,0,0
2022-05-24 13:15:00+05:30,34346.05,34423.8,34286.35,34414.6,0,0
2022-05-24 13:45:00+05:30,34413.35,34424.55,34309.95,34333.8,0,0
2022-05-24 14:15:00+05:30,34331.6,34377.5,34180.8,34258.25,0,0
2022-05-24 14:45:00+05:30,34256.8,34436.4,34229.75,34253.9,0,0
2022-05-24 15:15:00+05:30,34257.7,34317.9,34225.4,34305.7,0,0
2022-05-25 09:15:00+05:30,34491.8,34671.4,34434.3,34583.4,0,0
2022-05-25 09:45:00+05:30,34581.55,34611.05,34537.8,34582.75,0,0
2022-05-25 10:15:00+05:30,34584.7,34666.85,34547.8,34663.1,0,0
2022-05-25 10:45:00+05:30,34665.25,34718.35,34642.9,34716.3,0,0
2022-05-25 11:15:00+05:30,34712.5,34720.85,34542.75,34562.05,0,0
2022-05-25 11:45:00+05:30,34563.1,34573.7,34482.75,34528.65,0,0
2022-05-25 12:15:00+05:30,34532.8,34591.75,34446.1,34452.6,0,0
2022-05-25 12:45:00+05:30,34453.95,34475.05,34386.15,34450.6,0,0
2022-05-25 13:15:00+05:30,34453.7,34482.3,34362.35,34403.15,0,0
2022-05-25 13:45:00+05:30,34405.3,34520.0,34346.7,34504.9,0,0
2022-05-25 14:15:00+05:30,34504.5,34548.0,34427.9,34430.05,0,0
2022-05-25 14:45:00+05:30,34427.05,34428.5,34327.2,34341.3,0,0
2022-05-25 15:15:00+05:30,34343.95,34370.15,34287.65,34313.9,0,0
2022-05-26 09:15:00+05:30,34670.6,34716.7,34575.65,34583.15,0,0
2022-05-26 09:45:00+05:30,34583.65,34630.2,34538.45,34563.35,0,0
2022-05-26 10:15:00+05:30,34566.4,34614.95,34461.55,34500.4,0,0
2022-05-26 10:45:00+05:30,34501.1,34502.4,34425.15,34480.2,0,0
2022-05-26 11:15:00+05:30,34478.9,34526.65,34449.15,34479.0,0,0
2022-05-26 11:45:00+05:30,34481.25,34559.75,34468.2,34535.2,0,0
2022-05-26 12:15:00+05:30,34531.7,34596.8,34460.6,34544.4,0,0
2022-05-26 12:45:00+05:30,34542.9,34836.2,34532.65,34836.2,0,0
2022-05-26 13:15:00+05:30,34835.05,34944.75,34823.2,34877.3,0,0
2022-05-26 13:45:00+05:30,34878.45,34905.05,34738.85,34819.8,0,0
2022-05-26 14:15:00+05:30,34812.6,35068.2,34812.6,35035.35,0,0
2022-05-26 14:45:00+05:30,35032.8,35134.2,34975.15,35089.55,0,0
2022-05-26 15:15:00+05:30,35088.6,35221.95,35087.25,35199.2,0,0
2022-05-27 09:15:00+05:30,35326.6,35535.35,35292.95,35512.85,0,0
2022-05-27 09:45:00+05:30,35511.95,35521.45,35402.45,35486.3,0,0
2022-05-27 10:15:00+05:30,35485.4,35583.45,35378.65,35565.85,0,0
2022-05-27 10:45:00+05:30,35563.5,35573.5,35460.15,35484.0,0,0
2022-05-27 11:15:00+05:30,35485.35,35516.5,35430.1,35440.65,0,0
2022-05-27 11:45:00+05:30,35440.15,35479.15,35384.95,35420.9,0,0
2022-05-27 12:15:00+05:30,35420.85,35629.65,35411.05,35589.7,0,0
2022-05-27 12:45:00+05:30,35590.1,35599.45,35523.8,35584.05,0,0
2022-05-27 13:15:00+05:30,35583.4,35652.0,35552.35,35616.95,0,0
2022-05-27 13:45:00+05:30,35609.35,35693.25,35494.1,35639.25,0,0
2022-05-27 14:15:00+05:30,35636.75,35657.1,35563.25,35579.2,0,0
2022-05-27 14:45:00+05:30,35579.75,35650.55,35567.3,35587.3,0,0
2022-05-27 15:15:00+05:30,35589.3,35642.55,35584.85,35617.7,0,0
2022-05-30 09:15:00+05:30,35958.8,36061.3,35925.9,35988.05,0,0
2022-05-30 09:45:00+05:30,35981.8,36042.1,35933.0,36025.75,0,0
2022-05-30 10:15:00+05:30,36025.6,36053.35,35972.85,35990.85,0,0
2022-05-30 10:45:00+05:30,35990.5,36048.55,35971.25,36039.3,0,0
2022-05-30 11:15:00+05:30,36042.75,36079.8,35979.5,36073.65,0,0
2022-05-30 11:45:00+05:30,36076.65,36083.45,35915.15,35949.65,0,0
2022-05-30 12:15:00+05:30,35950.2,35950.2,35824.0,35896.0,0,0
2022-05-30 12:45:00+05:30,35896.3,35957.45,35822.4,35954.1,0,0
2022-05-30 13:15:00+05:30,35954.5,35954.5,35866.7,35912.05,0,0
2022-05-30 13:45:00+05:30,35911.0,35917.6,35794.35,35797.95,0,0
2022-05-30 14:15:00+05:30,35800.2,35859.6,35750.55,35784.45,0,0
2022-05-30 14:45:00+05:30,35784.7,35884.6,35763.2,35811.3,0,0
2022-05-30 15:15:00+05:30,35810.35,35859.35,35803.5,35832.05,0,0
2022-05-31 09:15:00+05:30,35615.3,35712.65,35580.7,35647.6,0,0
2022-05-31 09:45:00+05:30,35649.05,35753.15,35644.65,35744.7,0,0
2022-05-31 10:15:00+05:30,35745.4,35837.25,35696.0,35830.45,0,0
2022-05-31 10:45:00+05:30,35831.25,35878.95,35794.35,35822.05,0,0
2022-05-31 11:15:00+05:30,35822.35,35841.4,35759.1,35766.9,0,0
2022-05-31 11:45:00+05:30,35765.65,35855.95,35729.15,35819.6,0,0
2022-05-31 12:15:00+05:30,35817.9,35822.7,35704.2,35719.6,0,0
2022-05-31 12:45:00+05:30,35721.55,35746.85,35675.9,35728.0,0,0
2022-05-31 13:15:00+05:30,35727.75,35816.85,35691.1,35778.1,0,0
2022-05-31 13:45:00+05:30,35778.9,35846.15,35757.3,35795.2,0,0
2022-05-31 14:15:00+05:30,35791.15,35818.0,35717.45,35748.5,0,0
2022-05-31 14:45:00+05:30,35749.85,35811.65,35423.9,35423.9,0,0
2022-05-31 15:15:00+05:30,35425.75,35441.1,35291.25,35362.85,0,0
2022-06-01 09:15:00+05:30,35358.95,35660.35,35358.85,35568.9,0,0
2022-06-01 09:45:00+05:30,35569.65,35650.95,35496.0,35616.6,0,0
2022-06-01 10:15:00+05:30,35613.6,35737.1,35603.0,35716.0,0,0
2022-06-01 10:45:00+05:30,35716.75,35727.65,35649.35,35662.05,0,0
2022-06-01 11:15:00+05:30,35657.85,35740.45,35624.65,35722.15,0,0
2022-06-01 11:45:00+05:30,35727.0,35767.55,35634.35,35671.5,0,0
2022-06-01 12:15:00+05:30,35667.9,35678.8,35595.15,35642.15,0,0
2022-06-01 12:45:00+05:30,35643.15,35651.65,35538.7,35542.15,0,0
2022-06-01 13:15:00+05:30,35539.7,35586.9,35429.2,35445.1,0,0
2022-06-01 13:45:00+05:30,35446.0,35530.0,35415.6,35429.35,0,0
2022-06-01 14:15:00+05:30,35430.05,35476.15,35344.1,35348.5,0,0
2022-06-01 14:45:00+05:30,35341.2,35644.25,35287.8,35642.85,0,0
2022-06-01 15:15:00+05:30,35647.8,35749.25,35644.2,35679.7,0,0
2022-06-02 09:15:00+05:30,35470.95,35577.65,35386.85,35511.95,0,0
2022-06-02 09:45:00+05:30,35513.0,35653.15,35511.0,35580.7,0,0
2022-06-02 10:15:00+05:30,35580.2,35610.7,35502.8,35543.0,0,0
2022-06-02 10:45:00+05:30,35544.35,35552.45,35441.8,35509.65,0,0
2022-06-02 11:15:00+05:30,35513.45,35559.4,35477.3,35519.75,0,0
2022-06-02 11:45:00+05:30,35519.45,35549.75,35477.6,35495.9,0,0
2022-06-02 12:15:00+05:30,35495.4,35599.8,35484.0,35531.65,0,0
2022-06-02 12:45:00+05:30,35531.65,35553.7,35445.05,35506.4,0,0
2022-06-02 13:15:00+05:30,35507.1,35598.55,35438.3,35592.3,0,0
2022-06-02 13:45:00+05:30,35594.3,35652.9,35536.55,35581.55,0,0
2022-06-02 14:15:00+05:30,35583.55,35595.1,35510.45,35553.0,0,0
2022-06-02 14:45:00+05:30,35555.25,35674.15,35539.55,35643.7,0,0
2022-06-02 15:15:00+05:30,35643.4,35670.75,35585.05,35608.25,0,0
2022-06-03 09:15:00+05:30,35929.55,35952.8,35763.15,35766.05,0,0
2022-06-03 09:45:00+05:30,35768.45,35813.0,35722.8,35749.25,0,0
2022-06-03 10:15:00+05:30,35748.2,35768.45,35667.15,35667.35,0,0
2022-06-03 10:45:00+05:30,35666.65,35741.95,35654.15,35696.75,0,0
2022-06-03 11:15:00+05:30,35696.35,35746.15,35668.85,35736.3,0,0
2022-06-03 11:45:00+05:30,35732.95,35740.05,35684.85,35706.3,0,0
2022-06-03 12:15:00+05:30,35704.75,35715.2,35543.65,35643.0,0,0
2022-06-03 12:45:00+05:30,35640.85,35668.75,35530.45,35567.2,0,0
2022-06-03 13:15:00+05:30,35567.1,35604.4,35479.95,35493.35,0,0
2022-06-03 13:45:00+05:30,35493.4,35576.0,35471.45,35539.3,0,0
2022-06-03 14:15:00+05:30,35539.6,35571.2,35323.5,35360.75,0,0
2022-06-03 14:45:00+05:30,35361.65,35361.65,35176.05,35240.4,0,0
2022-06-03 15:15:00+05:30,35243.8,35381.0,35224.5,35277.4,0,0
2022-06-06 09:15:00+05:30,35159.15,35405.55,35073.1,35110.5,0,0
2022-06-06 09:45:00+05:30,35104.55,35314.5,35102.3,35209.15,0,0
2022-06-06 10:15:00+05:30,35211.5,35346.1,35190.5,35233.4,0,0
2022-06-06 10:45:00+05:30,35233.8,35334.95,35196.5,35274.65,0,0
2022-06-06 11:15:00+05:30,35270.2,35279.4,35168.45,35192.8,0,0
2022-06-06 11:45:00+05:30,35189.95,35354.15,35162.35,35350.95,0,0
2022-06-06 12:15:00+05:30,35346.85,35364.65,35295.25,35339.45,0,0
2022-06-06 12:45:00+05:30,35344.75,35412.1,35326.45,35357.8,0,0
2022-06-06 13:15:00+05:30,35358.15,35421.6,35324.35,35391.6,0,0
2022-06-06 13:45:00+05:30,35391.4,35422.4,35350.4,35403.55,0,0
2022-06-06 14:15:00+05:30,35404.0,35409.85,35290.8,35348.45,0,0
2022-06-06 14:45:00+05:30,35350.45,35408.05,35240.45,35358.15,0,0
2022-06-06 15:15:00+05:30,35356.55,35380.95,35295.2,35314.05,0,0
2022-06-07 09:15:00+05:30,35080.8,35115.55,34983.1,35045.1,0,0
2022-06-07 09:45:00+05:30,35046.3,35130.1,35010.2,35122.7,0,0
2022-06-07 10:15:00+05:30,35126.95,35153.2,35059.8,35077.0,0,0
2022-06-07 10:45:00+05:30,35079.2,35090.9,34929.8,34953.55,0,0
2022-06-07 11:15:00+05:30,34953.5,34982.45,34913.35,34968.65,0,0
2022-06-07 11:45:00+05:30,34967.3,34990.25,34935.6,34944.2,0,0
2022-06-07 12:15:00+05:30,34942.1,35051.05,34936.95,35009.75,0,0
2022-06-07 12:45:00+05:30,35010.15,35011.55,34887.9,34929.85,0,0
2022-06-07 13:15:00+05:30,34927.1,34960.25,34867.35,34893.8,0,0
2022-06-07 13:45:00+05:30,34893.75,34906.0,34834.45,34870.2,0,0
2022-06-07 14:15:00+05:30,34869.9,34957.45,34853.65,34891.05,0,0
2022-06-07 14:45:00+05:30,34887.05,35027.85,34854.0,35000.25,0,0
2022-06-07 15:15:00+05:30,34998.15,35026.6,34972.05,34972.05,0,0
2022-06-08 09:15:00+05:30,35165.65,35182.45,34991.85,35067.0,0,0
2022-06-08 09:45:00+05:30,35066.5,35081.15,34842.3,35035.7,0,0
2022-06-08 10:15:00+05:30,35037.55,35386.2,35010.85,35384.05,0,0
2022-06-08 10:45:00+05:30,35383.8,35446.5,35251.9,35259.7,0,0
2022-06-08 11:15:00+05:30,35260.2,35315.1,35242.3,35264.45,0,0
2022-06-08 11:45:00+05:30,35265.55,35352.2,35260.65,35317.95,0,0
2022-06-08 12:15:00+05:30,35317.15,35341.5,35244.7,35276.6,0,0
2022-06-08 12:45:00+05:30,35276.25,35298.65,35109.65,35113.4,0,0
2022-06-08 13:15:00+05:30,35113.9,35113.9,34881.35,34931.85,0,0
2022-06-08 13:45:00+05:30,34930.05,34974.45,34848.6,34888.3,0,0
2022-06-08 14:15:00+05:30,34886.1,34970.45,34847.45,34904.8,0,0
2022-06-08 14:45:00+05:30,34905.8,34992.0,34833.5,34948.1,0,0
2022-06-08 15:15:00+05:30,34949.35,34977.25,34882.75,34888.75,0,0
2022-06-09 09:15:00+05:30,34802.25,34829.45,34685.45,34728.4,0,0
2022-06-09 09:45:00+05:30,34729.25,34799.6,34688.05,34690.5,0,0
2022-06-09 10:15:00+05:30,34688.95,34846.9,34660.4,34819.5,0,0
2022-06-09 10:45:00+05:30,34820.75,34896.6,34780.35,34814.35,0,0
2022-06-09 11:15:00+05:30,34815.9,34841.65,34771.2,34801.3,0,0
2022-06-09 11:45:00+05:30,34800.95,34841.3,34765.5,34832.95,0,0
2022-06-09 12:15:00+05:30,34833.15,34959.15,34807.6,34927.05,0,0
2022-06-09 12:45:00+05:30,34926.75,34935.9,34768.7,34797.95,0,0
2022-06-09 13:15:00+05:30,34799.75,34855.1,34788.1,34804.55,0,0
2022-06-09 13:45:00+05:30,34806.25,34890.9,34799.7,34856.9,0,0
2022-06-09 14:15:00+05:30,34857.95,34942.1,34837.35,34931.0,0,0
2022-06-09 14:45:00+05:30,34939.95,35100.65,34923.25,35096.2,0,0
2022-06-09 15:15:00+05:30,35098.35,35148.75,35087.7,35116.8,0,0
2022-06-10 09:15:00+05:30,34686.95,34744.9,34570.25,34636.05,0,0
2022-06-10 09:45:00+05:30,34634.05,34666.35,34600.95,34631.75,0,0
2022-06-10 10:15:00+05:30,34629.65,34679.95,34610.55,34646.7,0,0
2022-06-10 10:45:00+05:30,34649.45,34661.55,34603.95,34636.75,0,0
2022-06-10 11:15:00+05:30,34637.95,34638.9,34538.2,34570.4,0,0
2022-06-10 11:45:00+05:30,34569.45,34611.5,34539.65,34607.75,0,0
2022-06-10 12:15:00+05:30,34608.0,34612.1,34467.5,34494.45,0,0
2022-06-10 12:45:00+05:30,34490.95,34548.75,34482.95,34520.55,0,0
2022-06-10 13:15:00+05:30,34521.5,34551.3,34446.9,34514.2,0,0
2022-06-10 13:45:00+05:30,34513.9,34537.8,34413.45,34434.3,0,0
2022-06-10 14:15:00+05:30,34433.6,34459.55,34348.05,34408.8,0,0
2022-06-10 14:45:00+05:30,34404.65,34532.45,34404.65,34515.05,0,0
2022-06-10 15:15:00+05:30,34514.65,34523.55,34432.95,34479.4,0,0
2022-06-13 09:15:00+05:30,33728.65,33761.7,33342.95,33361.6,0,0
2022-06-13 09:45:00+05:30,33360.2,33399.5,33271.25,33301.95,0,0
2022-06-13 10:15:00+05:30,33299.5,33324.5,33241.2,33282.95,0,0
2022-06-13 10:45:00+05:30,33276.65,33370.1,33268.45,33349.95,0,0
2022-06-13 11:15:00+05:30,33350.15,33383.0,33303.4,33305.2,0,0
2022-06-13 11:45:00+05:30,33305.55,33357.2,33301.85,33349.25,0,0
2022-06-13 12:15:00+05:30,33349.0,33403.1,33287.8,33321.55,0,0
2022-06-13 12:45:00+05:30,33319.85,33343.0,33244.1,33308.9,0,0
2022-06-13 13:15:00+05:30,33310.95,33369.8,33307.1,33325.3,0,0
2022-06-13 13:45:00+05:30,33320.75,33336.2,33213.6,33235.9,0,0
2022-06-13 14:15:00+05:30,33233.1,33371.65,33217.5,33329.35,0,0
2022-06-13 14:45:00+05:30,33327.8,33394.85,33284.5,33394.85,0,0
2022-06-13 15:15:00+05:30,33393.85,33457.6,33393.85,33441.7,0,0
2022-06-14 09:15:00+05:30,33180.6,33323.4,33126.05,33251.5,0,0
2022-06-14 09:45:00+05:30,33256.7,33351.7,33246.55,33320.5,0,0
2022-06-14 10:15:00+05:30,33320.55,33452.4,33296.7,33444.4,0,0
2022-06-14 10:45:00+05:30,33442.25,33595.85,33432.35,33587.1,0,0
2022-06-14 11:15:00+05:30,33587.5,33617.8,33549.45,33557.6,0,0
2022-06-14 11:45:00+05:30,33559.1,33569.0,33500.2,33535.2,0,0
2022-06-14 12:15:00+05:30,33535.45,33537.25,33378.75,33390.7,0,0
2022-06-14 12:45:00+05:30,33392.2,33416.2,33294.0,33412.2,0,0
2022-06-14 13:15:00+05:30,33411.9,33482.75,33348.8,33364.4,0,0
2022-06-14 13:45:00+05:30,33364.3,33377.3,33233.9,33234.45,0,0
2022-06-14 14:15:00+05:30,33236.9,33296.7,33173.95,33249.05,0,0
2022-06-14 14:45:00+05:30,33251.5,33293.55,33211.5,33283.9,0,0
2022-06-14 15:15:00+05:30,33280.45,33396.75,33276.85,33329.55,0,0
2022-06-15 09:15:00+05:30,33317.8,33471.3,33258.05,33258.05,0,0
2022-06-15 09:45:00+05:30,33256.15,33390.7,33249.8,33382.7,0,0
2022-06-15 10:15:00+05:30,33380.75,33443.5,33327.85,33370.6,0,0
2022-06-15 10:45:00+05:30,33371.55,33374.4,33272.05,33333.0,0,0
2022-06-15 11:15:00+05:30,33334.6,33426.7,33314.95,33391.25,0,0
2022-06-15 11:45:00+05:30,33389.55,33457.95,33366.35,33429.7,0,0
2022-06-15 12:15:00+05:30,33430.55,33529.5,33391.9,33510.95,0,0
2022-06-15 12:45:00+05:30,33516.95,33552.9,33436.25,33516.25,0,0
2022-06-15 13:15:00+05:30,33515.6,33522.75,33424.05,33466.05,0,0
2022-06-15 13:45:00+05:30,33464.2,33535.5,33440.1,33446.85,0,0
2022-06-15 14:15:00+05:30,33446.6,33467.25,33327.1,33385.7,0,0
2022-06-15 14:45:00+05:30,33380.75,33381.85,33292.3,33347.1,0,0
2022-06-15 15:15:00+05:30,33345.05,33368.8,33316.95,33330.0,0,0
2022-06-16 09:15:00+05:30,33648.8,33754.8,33578.0,33591.65,0,0
2022-06-16 09:45:00+05:30,33593.6,33635.45,33557.5,33568.6,0,0
2022-06-16 10:15:00+05:30,33569.15,33590.35,33475.5,33481.2,0,0
2022-06-16 10:45:00+05:30,33481.6,33502.0,33389.7,33412.75,0,0
2022-06-16 11:15:00+05:30,33410.75,33414.45,33140.4,33175.25,0,0
2022-06-16 11:45:00+05:30,33178.15,33196.25,33037.35,33108.65,0,0
2022-06-16 12:15:00+05:30,33109.65,33218.25,33043.35,33094.95,0,0
2022-06-16 12:45:00+05:30,33091.95,33129.85,32916.1,32939.95,0,0
2022-06-16 13:15:00+05:30,32939.8,32972.75,32656.85,32796.8,0,0
2022-06-16 13:45:00+05:30,32795.65,32870.3,32732.4,32741.85,0,0
2022-06-16 14:15:00+05:30,32743.75,32776.0,32587.1,32649.15,0,0
2022-06-16 14:45:00+05:30,32646.85,32754.3,32605.05,32616.95,0,0
2022-06-16 15:15:00+05:30,32614.55,32626.5,32542.7,32573.8,0,0
2022-06-17 09:15:00+05:30,32393.45,32802.7,32298.0,32730.25,0,0
2022-06-17 09:45:00+05:30,32732.55,32831.1,32545.95,32568.4,0,0
2022-06-17 10:15:00+05:30,32568.3,32717.35,32548.65,32640.5,0,0
2022-06-17 10:45:00+05:30,32638.8,32698.0,32589.4,32651.8,0,0
2022-06-17 11:15:00+05:30,32651.45,32700.25,32481.65,32524.45,0,0
2022-06-17 11:45:00+05:30,32525.7,32670.8,32493.15,32660.55,0,0
2022-06-17 12:15:00+05:30,32661.15,32819.05,32642.35,32686.0,0,0
2022-06-17 12:45:00+05:30,32686.55,32810.5,32609.4,32622.7,0,0
2022-06-17 13:15:00+05:30,32622.15,32727.7,32592.45,32692.1,0,0
2022-06-17 13:45:00+05:30,32701.1,32793.3,32623.95,32654.95,0,0
2022-06-17 14:15:00+05:30,32657.5,32718.6,32534.3,32694.8,0,0
2022-06-17 14:45:00+05:30,32696.75,32889.4,32657.95,32687.1,0,0
2022-06-17 15:15:00+05:30,32680.95,32881.3,32628.2,32857.05,0,0
2022-06-20 09:15:00+05:30,32873.4,32923.75,32472.1,32479.25,0,0
2022-06-20 09:45:00+05:30,32476.9,32811.85,32455.0,32751.65,0,0
2022-06-20 10:15:00+05:30,32754.5,32815.45,32615.15,32727.2,0,0
2022-06-20 10:45:00+05:30,32728.1,32730.5,32597.6,32693.05,0,0
2022-06-20 11:15:00+05:30,32696.15,32739.6,32648.5,32728.55,0,0
2022-06-20 11:45:00+05:30,32730.15,32818.0,32697.6,32737.3,0,0
2022-06-20 12:15:00+05:30,32738.0,32864.0,32738.0,32778.6,0,0
2022-06-20 12:45:00+05:30,32780.45,32785.15,32642.1,32674.35,0,0
2022-06-20 13:15:00+05:30,32672.4,32760.7,32577.95,32649.85,0,0
2022-06-20 13:45:00+05:30,32648.35,32692.65,32567.75,32629.5,0,0
2022-06-20 14:15:00+05:30,32630.7,32672.05,32503.15,32507.55,0,0
2022-06-20 14:45:00+05:30,32508.45,32715.15,32427.7,32704.5,0,0
2022-06-20 15:15:00+05:30,32705.8,32769.5,32687.8,32699.45,0,0
2022-06-21 09:15:00+05:30,32978.05,32978.05,32799.0,32925.9,0,0
2022-06-21 09:45:00+05:30,32923.25,33155.6,32912.85,33146.7,0,0
2022-06-21 10:15:00+05:30,33148.25,33191.2,33088.55,33136.7,0,0
2022-06-21 10:45:00+05:30,33142.05,33198.65,33112.65,33196.1,0,0
2022-06-21 11:15:00+05:30,33194.5,33281.7,33127.1,33251.5,0,0
2022-06-21 11:45:00+05:30,33251.5,33290.4,33203.7,33218.55,0,0
2022-06-21 12:15:00+05:30,33218.55,33291.35,33215.45,33274.55,0,0
2022-06-21 12:45:00+05:30,33271.8,33575.1,33271.8,33574.4,0,0
2022-06-21 13:15:00+05:30,33574.75,33592.9,33488.55,33497.65,0,0
2022-06-21 13:45:00+05:30,33495.2,33532.8,33438.9,33497.1,0,0
2022-06-21 14:15:00+05:30,33500.0,33529.95,33370.7,33382.2,0,0
2022-06-21 14:45:00+05:30,33385.25,33385.25,33164.2,33173.2,0,0
2022-06-21 15:15:00+05:30,33172.05,33205.55,33143.1,33186.55,0,0
2022-06-22 09:15:00+05:30,33051.65,33080.65,32762.2,32813.8,0,0
2022-06-22 09:45:00+05:30,32812.15,32885.45,32789.2,32858.6,0,0
2022-06-22 10:15:00+05:30,32859.45,33001.5,32838.8,32935.05,0,0
2022-06-22 10:45:00+05:30,32933.4,33053.15,32884.8,32914.85,0,0
2022-06-22 11:15:00+05:30,32917.3,32959.05,32849.65,32862.8,0,0
2022-06-22 11:45:00+05:30,32859.35,32892.8,32823.05,32883.55,0,0
2022-06-22 12:15:00+05:30,32884.15,32956.45,32826.3,32886.9,0,0
2022-06-22 12:45:00+05:30,32885.85,32925.45,32836.15,32886.95,0,0
2022-06-22 13:15:00+05:30,32889.0,32896.15,32760.75,32824.35,0,0
2022-06-22 13:45:00+05:30,32825.2,32959.15,32785.5,32921.35,0,0
2022-06-22 14:15:00+05:30,32922.7,32946.05,32846.3,32895.75,0,0
2022-06-22 14:45:00+05:30,32895.9,33001.0,32832.2,32867.7,0,0
2022-06-22 15:15:00+05:30,32868.6,32880.2,32787.7,32793.5,0,0
2022-06-23 09:15:00+05:30,32927.4,33254.75,32834.6,33247.25,0,0
2022-06-23 09:45:00+05:30,33249.7,33426.2,33249.7,33419.9,0,0
2022-06-23 10:15:00+05:30,33420.85,33431.0,33342.35,33346.55,0,0
2022-06-23 10:45:00+05:30,33345.75,33398.45,33327.4,33370.95,0,0
2022-06-23 11:15:00+05:30,33370.15,33416.2,33246.95,33246.95,0,0
2022-06-23 11:45:00+05:30,33244.8,33244.8,33087.9,33147.7,0,0
2022-06-23 12:15:00+05:30,33145.8,33154.9,32940.0,32970.35,0,0
2022-06-23 12:45:00+05:30,32969.3,32969.3,32654.95,32706.6,0,0
2022-06-23 13:15:00+05:30,32705.3,33158.15,32666.35,33143.0,0,0
2022-06-23 13:45:00+05:30,33145.35,33279.45,33009.3,33016.45,0,0
2022-06-23 14:15:00+05:30,33013.95,33241.2,32962.0,33236.65,0,0
2022-06-23 14:45:00+05:30,33236.3,33306.55,33105.8,33125.65,0,0
2022-06-23 15:15:00+05:30,33128.55,33182.35,33090.0,33171.05,0,0
2022-06-24 09:15:00+05:30,33434.8,33691.5,33432.45,33596.7,0,0
2022-06-24 09:45:00+05:30,33595.25,33664.5,33518.75,33580.4,0,0
2022-06-24 10:15:00+05:30,33579.7,33614.25,33512.7,33614.25,0,0
2022-06-24 10:45:00+05:30,33615.2,33636.6,33583.7,33599.7,0,0
2022-06-24 11:15:00+05:30,33599.9,33636.2,33526.9,33570.3,0,0
2022-06-24 11:45:00+05:30,33569.15,33575.1,33467.1,33468.8,0,0
2022-06-24 12:15:00+05:30,33469.45,33608.5,33451.85,33598.15,0,0
2022-06-24 12:45:00+05:30,33595.75,33687.9,33560.0,33664.25,0,0
2022-06-24 13:15:00+05:30,33666.55,33672.45,33537.95,33547.2,0,0
2022-06-24 13:45:00+05:30,33543.0,33720.7,33537.05,33689.15,0,0
2022-06-24 14:15:00+05:30,33692.25,33708.65,33597.15,33661.7,0,0
2022-06-24 14:45:00+05:30,33664.05,33666.8,33581.15,33646.4,0,0
2022-06-24 15:15:00+05:30,33646.45,33664.75,33603.8,33655.9,0,0
2022-06-27 09:15:00+05:30,34126.2,34134.8,33975.9,34005.45,0,0
2022-06-27 09:45:00+05:30,34006.7,34008.5,33900.8,33901.4,0,0
2022-06-27 10:15:00+05:30,33903.8,33974.25,33871.2,33954.05,0,0
2022-06-27 10:45:00+05:30,33953.95,33966.45,33887.5,33925.75,0,0
2022-06-27 11:15:00+05:30,33926.55,33951.2,33817.25,33830.7,0,0
2022-06-27 11:45:00+05:30,33832.45,33857.9,33785.9,33817.85,0,0
2022-06-27 12:15:00+05:30,33822.35,33936.05,33817.35,33909.7,0,0
2022-06-27 12:45:00+05:30,33911.95,33979.25,33886.5,33909.45,0,0
2022-06-27 13:15:00+05:30,33908.25,33948.65,33876.05,33919.05,0,0
2022-06-27 13:45:00+05:30,33918.0,33939.15,33801.7,33827.35,0,0
2022-06-27 14:15:00+05:30,33827.85,33859.1,33745.2,33781.1,0,0
2022-06-27 14:45:00+05:30,33777.4,33838.95,33736.95,33814.65,0,0
2022-06-27 15:15:00+05:30,33811.4,33871.35,33794.45,33814.8,0,0
2022-06-28 09:15:00+05:30,33578.2,33691.4,33574.55,33618.2,0,0
2022-06-28 09:45:00+05:30,33618.75,33639.6,33503.5,33526.3,0,0
2022-06-28 10:15:00+05:30,33524.8,33594.9,33517.75,33547.35,0,0
2022-06-28 10:45:00+05:30,33549.85,33572.55,33506.35,33547.25,0,0
2022-06-28 11:15:00+05:30,33545.4,33637.0,33532.6,33624.1,0,0
2022-06-28 11:45:00+05:30,33623.45,33675.1,33604.7,33628.65,0,0
2022-06-28 12:15:00+05:30,33627.8,33744.4,33613.9,33714.85,0,0
2022-06-28 12:45:00+05:30,33714.65,33723.25,33508.05,33521.1,0,0
2022-06-28 13:15:00+05:30,33522.7,33635.4,33515.25,33623.6,0,0
2022-06-28 13:45:00+05:30,33623.1,33672.25,33548.35,33588.1,0,0
2022-06-28 14:15:00+05:30,33586.65,33701.75,33570.0,33680.6,0,0
2022-06-28 14:45:00+05:30,33682.7,33701.0,33610.8,33614.2,0,0
2022-06-28 15:15:00+05:30,33615.1,33722.5,33604.15,33692.25,0,0
2022-06-29 09:15:00+05:30,33273.55,33333.1,33188.2,33251.35,0,0
2022-06-29 09:45:00+05:30,33253.3,33278.3,33223.9,33258.95,0,0
2022-06-29 10:15:00+05:30,33258.25,33335.0,33249.45,33286.4,0,0
2022-06-29 10:45:00+05:30,33287.7,33287.7,33231.15,33257.85,0,0
2022-06-29 11:15:00+05:30,33258.8,33311.05,33257.75,33270.0,0,0
2022-06-29 11:45:00+05:30,33270.05,33362.25,33268.25,33319.2,0,0
2022-06-29 12:15:00+05:30,33318.9,33349.1,33278.25,33301.6,0,0
2022-06-29 12:45:00+05:30,33300.65,33416.6,33300.65,33364.15,0,0
2022-06-29 13:15:00+05:30,33365.0,33395.8,33315.75,33344.85,0,0
2022-06-29 13:45:00+05:30,33344.65,33366.3,33312.25,33347.55,0,0
2022-06-29 14:15:00+05:30,33347.75,33393.5,33273.1,33321.35,0,0
2022-06-29 14:45:00+05:30,33322.6,33366.65,33232.7,33250.5,0,0
2022-06-29 15:15:00+05:30,33249.25,33285.45,33227.7,33239.25,0,0
2022-06-30 09:15:00+05:30,33180.7,33616.8,33180.7,33616.8,0,0
2022-06-30 09:45:00+05:30,33611.55,33658.4,33418.1,33447.0,0,0
2022-06-30 10:15:00+05:30,33445.3,33481.7,33339.15,33478.25,0,0
2022-06-30 10:45:00+05:30,33478.45,33524.1,33354.95,33374.3,0,0
2022-06-30 11:15:00+05:30,33371.15,33494.95,33355.5,33429.8,0,0
2022-06-30 11:45:00+05:30,33429.65,33462.85,33359.75,33382.35,0,0
2022-06-30 12:15:00+05:30,33389.1,33557.65,33330.95,33396.45,0,0
2022-06-30 12:45:00+05:30,33400.6,33485.35,33374.15,33469.9,0,0
2022-06-30 13:15:00+05:30,33471.0,33534.05,33425.1,33511.8,0,0
2022-06-30 13:45:00+05:30,33509.25,33551.85,33423.7,33548.2,0,0
2022-06-30 14:15:00+05:30,33546.7,33568.05,33441.25,33449.75,0,0
2022-06-30 14:45:00+05:30,33447.2,33505.55,33405.0,33427.4,0,0
2022-06-30 15:15:00+05:30,33429.75,33445.1,33343.25,33360.6,0,0
2022-07-01 09:15:00+05:30,33264.75,33264.75,33082.45,33150.25,0,0
2022-07-01 09:45:00+05:30,33148.0,33187.1,33095.7,33126.2,0,0
2022-07-01 10:15:00+05:30,33125.8,33299.5,33112.2,33290.4,0,0
2022-07-01 10:45:00+05:30,33293.05,33297.65,33202.55,33277.9,0,0
2022-07-01 11:15:00+05:30,33275.3,33342.65,33265.95,33285.45,0,0
2022-07-01 11:45:00+05:30,33284.7,33314.25,33228.2,33313.1,0,0
2022-07-01 12:15:00+05:30,33316.45,33349.65,33281.45,33313.65,0,0
2022-07-01 12:45:00+05:30,33318.0,33444.85,33287.2,33406.3,0,0
2022-07-01 13:15:00+05:30,33408.05,33479.55,33354.1,33478.0,0,0
2022-07-01 13:45:00+05:30,33478.4,33483.2,33405.3,33409.55,0,0
2022-07-01 14:15:00+05:30,33410.35,33480.8,33370.5,33479.05,0,0
2022-07-01 14:45:00+05:30,33481.45,33548.45,33438.15,33532.35,0,0
2022-07-01 15:15:00+05:30,33535.75,33664.9,33529.05,33605.35,0,0
2022-07-04 09:15:00+05:30,33558.85,33785.05,33558.85,33592.15,0,0
2022-07-04 09:45:00+05:30,33590.75,33665.15,33518.05,33647.9,0,0
2022-07-04 10:15:00+05:30,33644.0,33674.25,33594.65,33625.35,0,0
2022-07-04 10:45:00+05:30,33625.95,33774.15,33625.85,33726.95,0,0
2022-07-04 11:15:00+05:30,33726.15,33796.0,33715.3,33792.5,0,0
2022-07-04 11:45:00+05:30,33789.7,33799.2,33726.0,33776.25,0,0
2022-07-04 12:15:00+05:30,33777.45,33809.65,33697.55,33719.55,0,0
2022-07-04 12:45:00+05:30,33718.4,33797.75,33691.8,33735.85,0,0
2022-07-04 13:15:00+05:30,33737.1,33786.95,33687.85,33705.9,0,0
2022-07-04 13:45:00+05:30,33705.75,33776.1,33661.75,33766.45,0,0
2022-07-04 14:15:00+05:30,33765.9,33799.65,33729.45,33785.35,0,0
2022-07-04 14:45:00+05:30,33790.0,33976.95,33785.65,33969.35,0,0
2022-07-04 15:15:00+05:30,33967.9,33975.45,33920.95,33964.75,0,0
2022-07-05 09:15:00+05:30,34084.7,34235.25,34079.4,34228.6,0,0
2022-07-05 09:45:00+05:30,34228.8,34289.3,34196.45,34245.05,0,0
2022-07-05 10:15:00+05:30,34244.0,34318.8,34231.55,34311.15,0,0
2022-07-05 10:45:00+05:30,34311.1,34314.05,34245.6,34255.9,0,0
2022-07-05 11:15:00+05:30,34255.6,34325.1,34238.95,34323.2,0,0
2022-07-05 11:45:00+05:30,34322.9,34346.9,34288.15,34336.2,0,0
2022-07-05 12:15:00+05:30,34334.15,34353.0,34298.9,34309.0,0,0
2022-07-05 12:45:00+05:30,34308.5,34360.6,34245.7,34284.4,0,0
2022-07-05 13:15:00+05:30,34281.65,34312.0,34197.45,34210.25,0,0
2022-07-05 13:45:00+05:30,34211.85,34213.25,34050.0,34077.0,0,0
2022-07-05 14:15:00+05:30,34079.05,34106.45,33990.05,34049.1,0,0
2022-07-05 14:45:00+05:30,34047.7,34056.75,33773.55,33817.4,0,0
2022-07-05 15:15:00+05:30,33818.85,33855.85,33760.35,33769.4,0,0
2022-07-06 09:15:00+05:30,33929.4,34158.0,33916.1,33992.15,0,0
2022-07-06 09:45:00+05:30,33997.5,34138.8,33962.85,34096.0,0,0
2022-07-06 10:15:00+05:30,34098.2,34159.65,34061.15,34154.95,0,0
2022-07-06 10:45:00+05:30,34155.55,34253.15,34149.6,34177.05,0,0
2022-07-06 11:15:00+05:30,34178.55,34218.1,34069.9,34113.1,0,0
2022-07-06 11:45:00+05:30,34109.75,34188.65,34101.15,34184.1,0,0
2022-07-06 12:15:00+05:30,34182.0,34290.7,34170.45,34226.5,0,0
2022-07-06 12:45:00+05:30,34228.25,34384.45,34224.1,34384.45,0,0
2022-07-06 13:15:00+05:30,34385.2,34385.2,34230.95,34310.0,0,0
2022-07-06 13:45:00+05:30,34312.15,34312.15,34200.0,34216.35,0,0
2022-07-06 14:15:00+05:30,34217.25,34338.05,34152.5,34168.0,0,0
2022-07-06 14:45:00+05:30,34167.4,34333.5,34150.75,34331.45,0,0
2022-07-06 15:15:00+05:30,34323.5,34382.75,34322.65,34355.55,0,0
2022-07-07 09:15:00+05:30,34627.4,34700.3,34579.65,34618.95,0,0
2022-07-07 09:45:00+05:30,34617.65,34647.25,34560.85,34623.2,0,0
2022-07-07 10:15:00+05:30,34626.7,34698.8,34617.4,34697.65,0,0
2022-07-07 10:45:00+05:30,34697.75,34710.25,34646.7,34660.75,0,0
2022-07-07 11:15:00+05:30,34657.45,34685.15,34626.9,34669.6,0,0
2022-07-07 11:45:00+05:30,34668.9,34745.6,34666.75,34700.4,0,0
2022-07-07 12:15:00+05:30,34700.65,34751.45,34680.7,34704.8,0,0
2022-07-07 12:45:00+05:30,34709.3,34811.35,34689.25,34789.0,0,0
2022-07-07 13:15:00+05:30,34790.55,34928.95,34787.6,34885.75,0,0
2022-07-07 13:45:00+05:30,34884.8,34888.75,34672.15,34679.85,0,0
2022-07-07 14:15:00+05:30,34679.55,34870.75,34638.8,34864.5,0,0
2022-07-07 14:45:00+05:30,34862.15,34948.85,34834.05,34897.75,0,0
2022-07-07 15:15:00+05:30,34898.8,34961.95,34895.4,34935.45,0,0
2022-07-08 09:15:00+05:30,35258.9,35258.9,35093.85,35181.05,0,0
2022-07-08 09:45:00+05:30,35179.9,35222.4,35069.6,35102.5,0,0
2022-07-08 10:15:00+05:30,35101.7,35192.55,35093.1,35169.8,0,0
2022-07-08 10:45:00+05:30,35170.65,35174.85,35109.9,35121.2,0,0
2022-07-08 11:15:00+05:30,35121.55,35140.45,35067.25,35111.5,0,0
2022-07-08 11:45:00+05:30,35111.2,35111.2,35033.25,35064.9,0,0
2022-07-08 12:15:00+05:30,35064.45,35132.4,35049.3,35082.8,0,0
2022-07-08 12:45:00+05:30,35082.6,35121.9,35068.55,35091.2,0,0
2022-07-08 13:15:00+05:30,35093.3,35154.1,35066.3,35121.4,0,0
2022-07-08 13:45:00+05:30,35122.95,35123.85,35032.9,35071.3,0,0
2022-07-08 14:15:00+05:30,35070.4,35093.1,34979.25,35048.95,0,0
2022-07-08 14:45:00+05:30,35047.25,35170.0,35029.35,35151.1,0,0
2022-07-08 15:15:00+05:30,35149.55,35160.0,35090.4,35125.55,0,0
2022-07-11 09:15:00+05:30,35017.6,35316.85,35017.6,35296.1,0,0
2022-07-11 09:45:00+05:30,35292.6,35354.1,35262.15,35322.6,0,0
2022-07-11 10:15:00+05:30,35320.25,35358.75,35286.25,35307.8,0,0
2022-07-11 10:45:00+05:30,35309.3,35348.75,35282.35,35306.0,0,0
2022-07-11 11:15:00+05:30,35307.2,35314.55,35222.4,35235.8,0,0
2022-07-11 11:45:00+05:30,35235.85,35315.6,35217.05,35287.1,0,0
2022-07-11 12:15:00+05:30,35285.1,35313.0,35233.85,35291.5,0,0
2022-07-11 12:45:00+05:30,35292.15,35349.0,35286.15,35332.9,0,0
2022-07-11 13:15:00+05:30,35331.1,35365.5,35272.9,35336.25,0,0
2022-07-11 13:45:00+05:30,35336.65,35451.0,35317.8,35428.85,0,0
2022-07-11 14:15:00+05:30,35428.35,35541.6,35421.7,35507.65,0,0
2022-07-11 14:45:00+05:30,35503.4,35541.25,35466.85,35470.55,0,0
2022-07-11 15:15:00+05:30,35472.1,35495.35,35400.1,35442.2,0,0
2022-07-12 09:15:00+05:30,35298.7,35417.3,35236.2,35290.05,0,0
2022-07-12 09:45:00+05:30,35289.25,35367.6,35283.3,35316.65,0,0
2022-07-12 10:15:00+05:30,35317.25,35378.6,35308.85,35347.55,0,0
2022-07-12 10:45:00+05:30,35347.45,35385.45,35328.95,35336.3,0,0
2022-07-12 11:15:00+05:30,35336.75,35341.4,35212.0,35238.5,0,0
2022-07-12 11:45:00+05:30,35237.6,35284.8,35210.0,35274.1,0,0
2022-07-12 12:15:00+05:30,35274.2,35316.85,35206.1,35296.0,0,0
2022-07-12 12:45:00+05:30,35293.85,35303.7,35223.0,35273.65,0,0
2022-07-12 13:15:00+05:30,35273.9,35325.45,35255.6,35308.0,0,0
2022-07-12 13:45:00+05:30,35308.65,35377.85,35275.5,35377.85,0,0
2022-07-12 14:15:00+05:30,35379.4,35401.1,35318.7,35322.75,0,0
2022-07-12 14:45:00+05:30,35326.45,35334.8,35124.2,35124.2,0,0
2022-07-12 15:15:00+05:30,35123.1,35140.9,35053.05,35054.05,0,0
2022-07-13 09:15:00+05:30,35259.8,35307.8,35190.9,35243.4,0,0
2022-07-13 09:45:00+05:30,35243.9,35281.15,35195.8,35253.0,0,0
2022-07-13 10:15:00+05:30,35252.4,35257.6,35055.75,35080.85,0,0
2022-07-13 10:45:00+05:30,35080.45,35108.8,35021.05,35061.6,0,0
2022-07-13 11:15:00+05:30,35061.65,35129.15,35032.7,35049.3,0,0
2022-07-13 11:45:00+05:30,35048.95,35104.95,35004.55,35063.55,0,0
2022-07-13 12:15:00+05:30,35064.45,35109.75,35020.9,35033.05,0,0
2022-07-13 12:45:00+05:30,35032.85,35040.0,34862.4,34886.0,0,0
2022-07-13 13:15:00+05:30,34887.55,34903.0,34765.4,34781.65,0,0
2022-07-13 13:45:00+05:30,34780.35,34903.75,34768.05,34816.0,0,0
2022-07-13 14:15:00+05:30,34816.05,34891.7,34760.5,34841.8,0,0
2022-07-13 14:45:00+05:30,34846.85,34855.1,34771.9,34818.65,0,0
2022-07-13 15:15:00+05:30,34816.15,34874.55,34808.25,34818.9,0,0
2022-07-14 09:15:00+05:30,34817.95,34973.8,34756.15,34904.7,0,0
2022-07-14 09:45:00+05:30,34907.2,35027.2,34907.2,34953.85,0,0
2022-07-14 10:15:00+05:30,34956.85,34962.8,34829.2,34880.05,0,0
2022-07-14 10:45:00+05:30,34880.85,34955.2,34854.85,34860.95,0,0
2022-07-14 11:15:00+05:30,34857.8,34857.8,34747.9,34788.65,0,0
2022-07-14 11:45:00+05:30,34791.05,34791.05,34681.0,34722.35,0,0
2022-07-14 12:15:00+05:30,34722.7,34775.0,34681.75,34686.65,0,0
2022-07-14 12:45:00+05:30,34689.0,34760.45,34684.3,34712.95,0,0
2022-07-14 13:15:00+05:30,34712.75,34719.1,34634.25,34672.5,0,0
2022-07-14 13:45:00+05:30,34679.1,34727.7,34590.45,34592.4,0,0
2022-07-14 14:15:00+05:30,34589.65,34662.8,34575.0,34639.35,0,0
2022-07-14 14:45:00+05:30,34637.15,34691.8,34558.45,34660.8,0,0
2022-07-14 15:15:00+05:30,34660.45,34672.4,34645.4,34663.15,0,0
2022-07-15 09:15:00+05:30,34734.45,34896.1,34631.95,34643.75,0,0
2022-07-15 09:45:00+05:30,34643.2,34665.25,34545.85,34617.25,0,0
2022-07-15 10:15:00+05:30,34621.85,34649.15,34561.7,34601.9,0,0
2022-07-15 10:45:00+05:30,34602.8,34602.8,34482.85,34501.8,0,0
2022-07-15 11:15:00+05:30,34504.25,34590.75,34497.5,34561.5,0,0
2022-07-15 11:45:00+05:30,34563.55,34617.15,34503.75,34521.95,0,0
2022-07-15 12:15:00+05:30,34522.1,34551.8,34465.0,34519.6,0,0
2022-07-15 12:45:00+05:30,34521.3,34621.2,34518.45,34601.35,0,0
2022-07-15 13:15:00+05:30,34606.15,34632.4,34515.4,34541.3,0,0
2022-07-15 13:45:00+05:30,34541.45,34616.05,34509.9,34612.05,0,0
2022-07-15 14:15:00+05:30,34610.7,34708.5,34593.25,34677.75,0,0
2022-07-15 14:45:00+05:30,34680.05,34701.7,34613.05,34687.4,0,0
2022-07-15 15:15:00+05:30,34688.65,34723.15,34646.15,34704.85,0,0
2022-07-18 09:15:00+05:30,34841.85,34955.7,34829.25,34853.7,0,0
2022-07-18 09:45:00+05:30,34853.3,34898.15,34837.2,34887.15,0,0
2022-07-18 10:15:00+05:30,34887.7,34907.0,34806.75,34867.3,0,0
2022-07-18 10:45:00+05:30,34869.05,34957.2,34856.85,34945.8,0,0
2022-07-18 11:15:00+05:30,34944.2,35000.85,34935.25,34950.4,0,0
2022-07-18 11:45:00+05:30,34948.15,35038.75,34925.3,35029.75,0,0
2022-07-18 12:15:00+05:30,35032.25,35084.1,35022.4,35073.85,0,0
2022-07-18 12:45:00+05:30,35072.45,35124.8,35057.45,35099.15,0,0
2022-07-18 13:15:00+05:30,35098.6,35145.5,35069.95,35132.35,0,0
2022-07-18 13:45:00+05:30,35130.5,35200.55,35118.65,35198.1,0,0
2022-07-18 14:15:00+05:30,35196.3,35282.1,35188.0,35282.1,0,0
2022-07-18 14:45:00+05:30,35282.7,35381.8,35265.1,35321.05,0,0
2022-07-18 15:15:00+05:30,35322.6,35379.5,35311.8,35354.0,0,0
2022-07-19 09:15:00+05:30,35113.25,35291.3,35113.25,35278.9,0,0
2022-07-19 09:45:00+05:30,35280.2,35466.55,35280.2,35437.65,0,0
2022-07-19 10:15:00+05:30,35437.4,35495.5,35389.65,35485.95,0,0
2022-07-19 10:45:00+05:30,35484.55,35633.75,35455.15,35630.85,0,0
2022-07-19 11:15:00+05:30,35632.25,35633.05,35451.4,35451.8,0,0
2022-07-19 11:45:00+05:30,35453.05,35594.2,35401.2,35587.9,0,0
2022-07-19 12:15:00+05:30,35589.6,35620.85,35542.6,35578.0,0,0
2022-07-19 12:45:00+05:30,35580.65,35593.1,35436.9,35446.95,0,0
2022-07-19 13:15:00+05:30,35447.25,35546.1,35418.2,35532.2,0,0
2022-07-19 13:45:00+05:30,35537.0,35604.35,35514.1,35549.6,0,0
2022-07-19 14:15:00+05:30,35549.1,35739.9,35489.35,35693.9,0,0
2022-07-19 14:45:00+05:30,35694.45,35759.5,35681.8,35725.6,0,0
2022-07-19 15:15:00+05:30,35723.35,35740.35,35671.7,35708.15,0,0
2022-07-20 09:15:00+05:30,36061.3,36131.05,35915.9,36123.35,0,0
2022-07-20 09:45:00+05:30,36124.15,36151.1,36059.55,36079.05,0,0
2022-07-20 10:15:00+05:30,36077.8,36119.45,36028.3,36118.95,0,0
2022-07-20 10:45:00+05:30,36119.35,36181.7,36106.3,36155.35,0,0
2022-07-20 11:15:00+05:30,36154.9,36168.85,36090.2,36101.8,0,0
2022-07-20 11:45:00+05:30,36101.05,36126.1,36053.8,36120.5,0,0
2022-07-20 12:15:00+05:30,36116.25,36154.3,36081.55,36138.4,0,0
2022-07-20 12:45:00+05:30,36139.1,36156.95,35997.35,35997.65,0,0
2022-07-20 13:15:00+05:30,35998.95,36118.8,35955.75,36085.55,0,0
2022-07-20 13:45:00+05:30,36084.3,36127.9,36014.15,36056.05,0,0
2022-07-20 14:15:00+05:30,36055.85,36061.8,35946.9,35981.6,0,0
2022-07-20 14:45:00+05:30,35986.4,36032.75,35950.95,35951.8,0,0
2022-07-20 15:15:00+05:30,35950.25,35986.1,35877.25,35890.85,0,0
2022-07-21 09:15:00+05:30,36026.55,36096.45,35888.5,36088.55,0,0
2022-07-21 09:45:00+05:30,36088.1,36150.2,36058.55,36143.4,0,0
2022-07-21 10:15:00+05:30,36143.3,36152.25,36061.15,36082.2,0,0
2022-07-21 10:45:00+05:30,36083.0,36154.6,36064.65,36145.5,0,0
2022-07-21 11:15:00+05:30,36144.3,36320.45,36137.45,36272.85,0,0
2022-07-21 11:45:00+05:30,36270.75,36310.45,36247.45,36280.35,0,0
2022-07-21 12:15:00+05:30,36280.7,36289.95,36223.95,36285.2,0,0
2022-07-21 12:45:00+05:30,36285.6,36330.8,36174.3,36204.1,0,0
2022-07-21 13:15:00+05:30,36199.4,36233.0,36115.8,36136.15,0,0
2022-07-21 13:45:00+05:30,36139.2,36197.9,36069.9,36162.2,0,0
2022-07-21 14:15:00+05:30,36162.3,36241.3,36128.55,36197.4,0,0
2022-07-21 14:45:00+05:30,36200.75,36204.25,36110.5,36191.55,0,0
2022-07-21 15:15:00+05:30,36189.1,36259.45,36184.95,36226.15,0,0
2022-07-22 09:15:00+05:30,36322.9,36532.9,36288.1,36461.15,0,0
2022-07-22 09:45:00+05:30,36461.05,36533.3,36409.9,36465.05,0,0
2022-07-22 10:15:00+05:30,36464.1,36529.2,36462.85,36491.7,0,0
2022-07-22 10:45:00+05:30,36490.2,36513.8,36462.6,36491.1,0,0
2022-07-22 11:15:00+05:30,36490.05,36500.1,36454.55,36494.2,0,0
2022-07-22 11:45:00+05:30,36493.6,36682.9,36492.4,36679.75,0,0
2022-07-22 12:15:00+05:30,36673.95,36739.05,36643.15,36732.05,0,0
2022-07-22 12:45:00+05:30,36730.4,36786.15,36665.15,36692.9,0,0
2022-07-22 13:15:00+05:30,36688.8,36725.2,36620.4,36712.3,0,0
2022-07-22 13:45:00+05:30,36712.45,36806.1,36686.05,36752.95,0,0
2022-07-22 14:15:00+05:30,36752.8,36823.35,36729.15,36758.95,0,0
2022-07-22 14:45:00+05:30,36759.1,36804.85,36739.35,36784.05,0,0
2022-07-22 15:15:00+05:30,36786.35,36787.9,36688.25,36737.05,0,0
2022-07-25 09:15:00+05:30,36766.7,37008.8,36751.9,36836.15,0,0
2022-07-25 09:45:00+05:30,36838.15,36838.15,36601.45,36688.0,0,0
2022-07-25 10:15:00+05:30,36685.9,36692.15,36565.6,36586.9,0,0
2022-07-25 10:45:00+05:30,36584.95,36624.35,36484.25,36485.85,0,0
2022-07-25 11:15:00+05:30,36480.4,36557.85,36469.95,36514.55,0,0
2022-07-25 11:45:00+05:30,36512.0,36592.75,36499.3,36532.25,0,0
2022-07-25 12:15:00+05:30,36532.2,36590.3,36504.25,36544.4,0,0
2022-07-25 12:45:00+05:30,36540.05,36645.7,36528.2,36635.7,0,0
2022-07-25 13:15:00+05:30,36637.5,36671.7,36539.95,36567.0,0,0
2022-07-25 13:45:00+05:30,36570.05,36774.15,36562.95,36767.25,0,0
2022-07-25 14:15:00+05:30,36764.85,36888.7,36735.85,36843.35,0,0
2022-07-25 14:45:00+05:30,36843.75,36867.4,36705.85,36711.1,0,0
2022-07-25 15:15:00+05:30,36714.3,36744.55,36660.8,36667.85,0,0
2022-07-26 09:15:00+05:30,36688.55,36689.5,36524.55,36539.15,0,0
2022-07-26 09:45:00+05:30,36539.15,36547.25,36392.7,36411.5,0,0
2022-07-26 10:15:00+05:30,36409.5,36483.8,36344.55,36391.2,0,0
2022-07-26 10:45:00+05:30,36392.95,36470.95,36366.2,36388.55,0,0
2022-07-26 11:15:00+05:30,36392.2,36509.1,36374.8,36463.85,0,0
2022-07-26 11:45:00+05:30,36463.95,36562.0,36453.5,36519.95,0,0
2022-07-26 12:15:00+05:30,36518.9,36577.6,36488.55,36527.35,0,0
2022-07-26 12:45:00+05:30,36528.35,36562.8,36477.45,36523.7,0,0
2022-07-26 13:15:00+05:30,36525.85,36575.6,36496.55,36503.65,0,0
2022-07-26 13:45:00+05:30,36508.0,36529.0,36398.15,36493.55,0,0
2022-07-26 14:15:00+05:30,36494.05,36527.45,36426.8,36426.8,0,0
2022-07-26 14:45:00+05:30,36432.6,36489.55,36391.4,36398.25,0,0
2022-07-26 15:15:00+05:30,36401.6,36401.6,36335.95,36349.85,0,0
2022-07-27 09:15:00+05:30,36370.55,36422.65,36249.15,36275.8,0,0
2022-07-27 09:45:00+05:30,36274.6,36523.2,36274.6,36522.55,0,0
2022-07-27 10:15:00+05:30,36519.1,36559.2,36469.75,36546.9,0,0
2022-07-27 10:45:00+05:30,36544.25,36627.55,36544.25,36573.0,0,0
2022-07-27 11:15:00+05:30,36568.8,36658.3,36559.9,36642.7,0,0
2022-07-27 11:45:00+05:30,36641.85,36660.7,36600.45,36622.4,0,0
2022-07-27 12:15:00+05:30,36624.75,36656.5,36570.4,36639.4,0,0
2022-07-27 12:45:00+05:30,36639.05,36758.3,36628.8,36716.55,0,0
2022-07-27 13:15:00+05:30,36716.75,36766.0,36699.45,36729.35,0,0
2022-07-27 13:45:00+05:30,36728.3,36737.3,36654.85,36675.1,0,0
2022-07-27 14:15:00+05:30,36680.3,36783.45,36665.25,36749.45,0,0
2022-07-27 14:45:00+05:30,36747.8,36807.35,36721.3,36782.15,0,0
2022-07-27 15:15:00+05:30,36782.9,36803.7,36764.15,36795.4,0,0
2022-07-28 09:15:00+05:30,37102.45,37247.05,37041.7,37119.55,0,0
2022-07-28 09:45:00+05:30,37120.25,37250.5,37112.2,37243.35,0,0
2022-07-28 10:15:00+05:30,37244.55,37306.3,37231.25,37286.05,0,0
2022-07-28 10:45:00+05:30,37286.45,37321.85,37251.7,37317.6,0,0
2022-07-28 11:15:00+05:30,37317.75,37329.95,37263.05,37281.9,0,0
2022-07-28 11:45:00+05:30,37281.3,37325.0,37245.25,37317.0,0,0
2022-07-28 12:15:00+05:30,37314.7,37338.85,37272.15,37334.75,0,0
2022-07-28 12:45:00+05:30,37337.05,37348.35,37254.5,37331.4,0,0
2022-07-28 13:15:00+05:30,37329.0,37366.15,37308.9,37337.65,0,0
2022-07-28 13:45:00+05:30,37331.6,37393.55,37327.1,37393.55,0,0
2022-07-28 14:15:00+05:30,37394.25,37412.4,37273.7,37302.8,0,0
2022-07-28 14:45:00+05:30,37300.3,37401.65,37275.5,37377.15,0,0
2022-07-28 15:15:00+05:30,37373.35,37397.05,37330.6,37336.25,0,0
2022-07-29 09:15:00+05:30,37717.3,37737.9,37569.2,37586.05,0,0
2022-07-29 09:45:00+05:30,37587.35,37589.2,37452.55,37456.85,0,0
2022-07-29 10:15:00+05:30,37456.6,37503.6,37223.4,37274.75,0,0
2022-07-29 10:45:00+05:30,37274.7,37476.2,37263.55,37452.0,0,0
2022-07-29 11:15:00+05:30,37454.1,37510.85,37371.4,37479.75,0,0
2022-07-29 11:45:00+05:30,37480.15,37540.25,37427.5,37521.05,0,0
2022-07-29 12:15:00+05:30,37518.6,37537.25,37455.9,37488.65,0,0
2022-07-29 12:45:00+05:30,37487.2,37550.05,37454.35,37501.5,0,0
2022-07-29 13:15:00+05:30,37500.55,37524.45,37413.95,37428.2,0,0
2022-07-29 13:45:00+05:30,37427.7,37463.25,37352.8,37378.75,0,0
2022-07-29 14:15:00+05:30,37379.6,37441.3,37340.1,37416.9,0,0
2022-07-29 14:45:00+05:30,37417.0,37519.8,37350.3,37519.55,0,0
2022-07-29 15:15:00+05:30,37518.75,37532.6,37480.9,37486.0,0,0
2022-08-01 09:15:00+05:30,37594.15,37655.45,37407.5,37523.45,0,0
2022-08-01 09:45:00+05:30,37524.75,37648.8,37496.75,37626.9,0,0
2022-08-01 10:15:00+05:30,37626.2,37692.1,37603.8,37684.5,0,0
2022-08-01 10:45:00+05:30,37686.95,37760.95,37680.0,37709.85,0,0
2022-08-01 11:15:00+05:30,37711.6,37750.4,37692.8,37728.55,0,0
2022-08-01 11:45:00+05:30,37730.95,37774.05,37679.55,37729.2,0,0
2022-08-01 12:15:00+05:30,37729.15,37821.05,37723.35,37791.65,0,0
2022-08-01 12:45:00+05:30,37787.9,37834.95,37787.45,37811.2,0,0
2022-08-01 13:15:00+05:30,37803.75,37842.05,37770.45,37836.75,0,0
2022-08-01 13:45:00+05:30,37838.8,37896.75,37826.05,37882.8,0,0
2022-08-01 14:15:00+05:30,37881.3,37903.3,37845.15,37897.9,0,0
2022-08-01 14:45:00+05:30,37896.3,37936.35,37862.9,37876.9,0,0
2022-08-01 15:15:00+05:30,37879.95,37901.15,37860.95,37867.15,0,0
2022-08-02 09:15:00+05:30,37767.7,37882.75,37685.2,37856.75,0,0
2022-08-02 09:45:00+05:30,37855.2,37859.35,37633.15,37649.95,0,0
2022-08-02 10:15:00+05:30,37648.8,37838.5,37648.8,37838.5,0,0
2022-08-02 10:45:00+05:30,37840.2,37858.55,37758.4,37826.8,0,0
2022-08-02 11:15:00+05:30,37830.0,37989.45,37796.05,37977.9,0,0
2022-08-02 11:45:00+05:30,37980.55,38025.9,37941.25,37987.55,0,0
2022-08-02 12:15:00+05:30,37987.75,38016.35,37809.75,37823.95,0,0
2022-08-02 12:45:00+05:30,37816.8,37950.05,37800.8,37901.8,0,0
2022-08-02 13:15:00+05:30,37903.15,37992.4,37900.15,37955.9,0,0
2022-08-02 13:45:00+05:30,37955.45,38082.15,37938.45,38030.45,0,0
2022-08-02 14:15:00+05:30,38030.15,38161.6,38007.8,38160.7,0,0
2022-08-02 14:45:00+05:30,38162.0,38179.4,38026.6,38065.55,0,0
2022-08-02 15:15:00+05:30,38065.3,38069.3,37859.85,37876.3,0,0
2022-08-03 09:15:00+05:30,37954.55,38067.25,37830.55,37830.55,0,0
2022-08-03 09:45:00+05:30,37835.0,37971.05,37816.05,37875.15,0,0
2022-08-03 10:15:00+05:30,37875.75,37879.25,37749.55,37819.95,0,0
2022-08-03 10:45:00+05:30,37818.85,37845.4,37726.85,37743.85,0,0
2022-08-03 11:15:00+05:30,37745.4,37806.35,37693.8,37803.5,0,0
2022-08-03 11:45:00+05:30,37807.05,37833.75,37725.05,37744.9,0,0
2022-08-03 12:15:00+05:30,37746.25,37832.55,37707.9,37800.85,0,0
2022-08-03 12:45:00+05:30,37798.95,37922.55,37790.8,37876.0,0,0
2022-08-03 13:15:00+05:30,37878.1,37909.25,37719.25,37767.95,0,0
2022-08-03 13:45:00+05:30,37771.05,37887.85,37736.55,37864.85,0,0
2022-08-03 14:15:00+05:30,37867.05,37917.7,37788.95,37907.4,0,0
2022-08-03 14:45:00+05:30,37910.5,38035.2,37852.8,38033.95,0,0
2022-08-03 15:15:00+05:30,38035.4,38036.2,37967.7,37999.7,0,0
2022-08-04 09:15:00+05:30,38111.05,38230.55,38051.5,38081.95,0,0
2022-08-04 09:45:00+05:30,38081.8,38170.2,38035.35,38070.85,0,0
2022-08-04 10:15:00+05:30,38069.45,38090.7,37957.95,37973.7,0,0
2022-08-04 10:45:00+05:30,37974.85,38035.8,37879.55,37888.15,0,0
2022-08-04 11:15:00+05:30,37884.65,37895.1,37440.55,37442.55,0,0
2022-08-04 11:45:00+05:30,37444.85,37659.05,37252.7,37649.55,0,0
2022-08-04 12:15:00+05:30,37651.7,37672.6,37556.85,37637.7,0,0
2022-08-04 12:45:00+05:30,37638.15,37772.65,37600.75,37659.05,0,0
2022-08-04 13:15:00+05:30,37660.0,37721.35,37611.85,37694.65,0,0
2022-08-04 13:45:00+05:30,37696.0,37722.75,37522.75,37566.6,0,0
2022-08-04 14:15:00+05:30,37570.75,37670.05,37543.95,37650.05,0,0
2022-08-04 14:45:00+05:30,37649.6,37836.8,37637.85,37739.35,0,0
2022-08-04 15:15:00+05:30,37743.05,37754.7,37656.0,37687.95,0,0
2022-08-05 09:15:00+05:30,37868.25,37987.8,37785.5,37868.9,0,0
2022-08-05 09:45:00+05:30,37866.25,38061.45,37840.6,37981.7,0,0
2022-08-05 10:15:00+05:30,37982.85,38095.4,37900.35,37985.05,0,0
2022-08-05 10:45:00+05:30,37990.55,38149.2,37941.65,38119.6,0,0
2022-08-05 11:15:00+05:30,38122.75,38125.7,38009.75,38045.75,0,0
2022-08-05 11:45:00+05:30,38043.9,38128.05,38010.0,38099.15,0,0
2022-08-05 12:15:00+05:30,38098.25,38110.35,38025.5,38033.5,0,0
2022-08-05 12:45:00+05:30,38034.75,38035.75,37874.7,37950.95,0,0
2022-08-05 13:15:00+05:30,37947.2,38033.35,37906.4,38007.8,0,0
2022-08-05 13:45:00+05:30,38007.25,38024.45,37878.6,37878.6,0,0
2022-08-05 14:15:00+05:30,37873.7,37965.4,37825.1,37892.85,0,0
2022-08-05 14:45:00+05:30,37891.55,37988.55,37885.7,37912.25,0,0
2022-08-05 15:15:00+05:30,37910.75,37946.1,37876.9,37907.25,0,0
2022-08-08 09:15:00+05:30,37847.35,37933.45,37684.55,37921.5,0,0
2022-08-08 09:45:00+05:30,37921.7,37996.1,37912.1,37972.15,0,0
2022-08-08 10:15:00+05:30,37974.9,38123.9,37972.1,38090.1,0,0
2022-08-08 10:45:00+05:30,38087.9,38149.8,38065.2,38082.75,0,0
2022-08-08 11:15:00+05:30,38081.1,38122.2,38031.75,38041.55,0,0
2022-08-08 11:45:00+05:30,38042.4,38166.3,38026.55,38161.2,0,0
2022-08-08 12:15:00+05:30,38165.95,38237.55,38149.7,38204.2,0,0
2022-08-08 12:45:00+05:30,38202.3,38247.35,38199.05,38222.15,0,0
2022-08-08 13:15:00+05:30,38221.4,38287.25,38172.9,38253.05,0,0
2022-08-08 13:45:00+05:30,38253.0,38277.3,38206.6,38237.95,0,0
2022-08-08 14:15:00+05:30,38235.55,38292.05,38183.9,38192.65,0,0
2022-08-08 14:45:00+05:30,38191.45,38301.2,38160.4,38227.45,0,0
2022-08-08 15:15:00+05:30,38230.25,38262.4,38195.85,38251.2,0,0
2022-08-10 09:15:00+05:30,38298.85,38393.55,38165.35,38291.1,0,0
2022-08-10 09:45:00+05:30,38290.95,38363.5,38181.4,38348.75,0,0
2022-08-10 10:15:00+05:30,38347.6,38400.5,38329.3,38365.45,0,0
2022-08-10 10:45:00+05:30,38362.95,38388.4,38307.3,38337.6,0,0
2022-08-10 11:15:00+05:30,38336.75,38347.65,38280.9,38320.55,0,0
2022-08-10 11:45:00+05:30,38317.0,38337.7,38280.4,38329.45,0,0
2022-08-10 12:15:00+05:30,38330.35,38364.05,38308.85,38352.5,0,0
2022-08-10 12:45:00+05:30,38354.5,38366.3,38296.75,38307.15,0,0
2022-08-10 13:15:00+05:30,38307.8,38327.4,38207.5,38258.1,0,0
2022-08-10 13:45:00+05:30,38258.75,38331.5,38232.8,38327.65,0,0
2022-08-10 14:15:00+05:30,38327.25,38356.4,38281.6,38313.6,0,0
2022-08-10 14:45:00+05:30,38312.55,38325.25,38244.4,38282.65,0,0
2022-08-10 15:15:00+05:30,38286.4,38294.45,38256.8,38277.0,0,0
2022-08-11 09:15:00+05:30,38712.95,38799.05,38652.15,38795.95,0,0
2022-08-11 09:45:00+05:30,38795.6,38852.1,38789.15,38816.95,0,0
2022-08-11 10:15:00+05:30,38822.0,38884.8,38818.15,38859.5,0,0
2022-08-11 10:45:00+05:30,38858.9,38881.95,38837.25,38852.95,0,0
2022-08-11 11:15:00+05:30,38854.4,38861.55,38778.7,38798.95,0,0
2022-08-11 11:45:00+05:30,38798.05,38848.9,38787.9,38831.6,0,0
2022-08-11 12:15:00+05:30,38831.95,38909.8,38823.95,38888.45,0,0
2022-08-11 12:45:00+05:30,38889.65,38911.05,38864.3,38896.2,0,0
2022-08-11 13:15:00+05:30,38893.0,38897.55,38813.05,38873.1,0,0
2022-08-11 13:45:00+05:30,38870.3,38896.75,38834.0,38854.15,0,0
2022-08-11 14:15:00+05:30,38856.5,38915.75,38836.4,38882.05,0,0
2022-08-11 14:45:00+05:30,38882.2,38929.75,38838.6,38847.25,0,0
2022-08-11 15:15:00+05:30,38843.7,38880.05,38830.25,38835.1,0,0
2022-08-12 09:15:00+05:30,38942.45,38971.2,38739.95,38781.65,0,0
2022-08-12 09:45:00+05:30,38781.75,38860.4,38772.6,38847.9,0,0
2022-08-12 10:15:00+05:30,38851.7,38888.7,38795.05,38799.95,0,0
2022-08-12 10:45:00+05:30,38799.15,38918.45,38790.65,38911.05,0,0
2022-08-12 11:15:00+05:30,38911.15,39003.6,38893.35,38970.0,0,0
2022-08-12 11:45:00+05:30,38968.25,39012.15,38944.8,38996.15,0,0
2022-08-12 12:15:00+05:30,38997.0,39037.0,38973.3,39030.6,0,0
2022-08-12 12:45:00+05:30,39030.8,39057.85,38997.95,39019.5,0,0
2022-08-12 13:15:00+05:30,39018.65,39040.0,38983.15,39028.75,0,0
2022-08-12 13:45:00+05:30,39028.75,39053.15,39010.7,39043.15,0,0
2022-08-12 14:15:00+05:30,39042.1,39042.1,38960.2,38971.75,0,0
2022-08-12 14:45:00+05:30,38971.55,39046.55,38956.9,39041.15,0,0
2022-08-12 15:15:00+05:30,39040.1,39087.8,39033.4,39052.35,0,0
2022-08-16 09:15:00+05:30,39284.1,39444.25,39221.0,39418.4,0,0
2022-08-16 09:45:00+05:30,39414.9,39436.9,39308.3,39325.55,0,0
2022-08-16 10:15:00+05:30,39325.55,39381.0,39319.6,39351.25,0,0
2022-08-16 10:45:00+05:30,39350.35,39387.7,39340.3,39355.85,0,0
2022-08-16 11:15:00+05:30,39357.05,39359.1,39241.1,39264.95,0,0
2022-08-16 11:45:00+05:30,39264.2,39271.55,39210.05,39236.25,0,0
2022-08-16 12:15:00+05:30,39238.05,39287.5,39229.25,39250.35,0,0
2022-08-16 12:45:00+05:30,39250.35,39270.45,39143.9,39147.45,0,0
2022-08-16 13:15:00+05:30,39145.4,39174.0,39120.45,39155.75,0,0
2022-08-16 13:45:00+05:30,39156.9,39205.8,39124.9,39185.45,0,0
2022-08-16 14:15:00+05:30,39188.7,39277.45,39185.35,39229.6,0,0
2022-08-16 14:45:00+05:30,39230.85,39263.65,39176.7,39263.65,0,0
2022-08-16 15:15:00+05:30,39261.1,39272.2,39231.35,39247.35,0,0
2022-08-17 09:15:00+05:30,39351.3,39356.95,39204.55,39281.75,0,0
2022-08-17 09:45:00+05:30,39280.8,39329.15,39231.3,39328.25,0,0
2022-08-17 10:15:00+05:30,39328.6,39339.15,39263.9,39306.9,0,0
2022-08-17 10:45:00+05:30,39307.25,39361.6,39287.95,39355.3,0,0
2022-08-17 11:15:00+05:30,39354.95,39378.5,39295.35,39312.25,0,0
2022-08-17 11:45:00+05:30,39311.95,39338.35,39274.9,39330.85,0,0
2022-08-17 12:15:00+05:30,39330.35,39355.6,39303.8,39331.95,0,0
2022-08-17 12:45:00+05:30,39334.6,39392.35,39319.75,39386.05,0,0
2022-08-17 13:15:00+05:30,39384.1,39401.65,39327.5,39355.4,0,0
2022-08-17 13:45:00+05:30,39353.75,39358.5,39306.65,39355.55,0,0
2022-08-17 14:15:00+05:30,39357.0,39411.5,39324.1,39396.5,0,0
2022-08-17 14:45:00+05:30,39396.95,39502.55,39396.95,39452.15,0,0
2022-08-17 15:15:00+05:30,39453.85,39472.1,39408.65,39416.2,0,0
2022-08-18 09:15:00+05:30,39324.4,39495.75,39295.5,39475.3,0,0
2022-08-18 09:45:00+05:30,39471.7,39632.9,39469.9,39594.15,0,0
2022-08-18 10:15:00+05:30,39591.45,39614.2,39501.8,39551.35,0,0
2022-08-18 10:45:00+05:30,39550.45,39577.9,39517.05,39522.9,0,0
2022-08-18 11:15:00+05:30,39523.05,39523.05,39395.2,39439.3,0,0
2022-08-18 11:45:00+05:30,39438.95,39450.65,39307.5,39385.8,0,0
2022-08-18 12:15:00+05:30,39385.4,39444.85,39359.6,39442.05,0,0
2022-08-18 12:45:00+05:30,39440.55,39473.65,39377.3,39454.35,0,0
2022-08-18 13:15:00+05:30,39453.5,39493.1,39415.3,39424.35,0,0
2022-08-18 13:45:00+05:30,39428.3,39515.35,39400.9,39514.4,0,0
2022-08-18 14:15:00+05:30,39514.7,39573.4,39508.75,39566.3,0,0
2022-08-18 14:45:00+05:30,39566.35,39681.2,39562.45,39650.95,0,0
2022-08-18 15:15:00+05:30,39648.2,39703.4,39631.8,39670.8,0,0
2022-08-19 09:15:00+05:30,39732.65,39750.9,39488.0,39544.85,0,0
2022-08-19 09:45:00+05:30,39543.1,39587.75,39505.35,39568.6,0,0
2022-08-19 10:15:00+05:30,39568.3,39580.3,39509.6,39532.2,0,0
2022-08-19 10:45:00+05:30,39532.2,39560.5,39202.05,39239.9,0,0
2022-08-19 11:15:00+05:30,39239.2,39297.05,39036.4,39036.4,0,0
2022-08-19 11:45:00+05:30,39033.4,39144.15,39018.85,39082.6,0,0
2022-08-19 12:15:00+05:30,39085.0,39101.35,38848.4,39026.25,0,0
2022-08-19 12:45:00+05:30,39031.1,39146.05,38977.3,39127.8,0,0
2022-08-19 13:15:00+05:30,39127.25,39191.5,38992.6,39032.9,0,0
2022-08-19 13:45:00+05:30,39028.4,39040.05,38867.35,39009.7,0,0
2022-08-19 14:15:00+05:30,39010.2,39075.1,38966.55,39040.1,0,0
2022-08-19 14:45:00+05:30,39039.3,39094.9,38948.25,39018.9,0,0
2022-08-19 15:15:00+05:30,39016.8,39040.85,38895.2,38900.15,0,0
2022-08-22 09:15:00+05:30,38693.65,38717.6,38370.2,38415.8,0,0
2022-08-22 09:45:00+05:30,38420.1,38482.85,38351.05,38369.1,0,0
2022-08-22 10:15:00+05:30,38370.45,38412.35,38308.15,38312.3,0,0
2022-08-22 10:45:00+05:30,38312.45,38391.55,38287.5,38317.05,0,0
2022-08-22 11:15:00+05:30,38316.9,38358.45,38285.85,38339.2,0,0
2022-08-22 11:45:00+05:30,38339.1,38412.9,38328.9,38381.3,0,0
2022-08-22 12:15:00+05:30,38381.3,38478.7,38380.0,38403.25,0,0
2022-08-22 12:45:00+05:30,38402.1,38413.15,38314.95,38332.3,0,0
2022-08-22 13:15:00+05:30,38331.0,38367.15,38253.45,38294.55,0,0
2022-08-22 13:45:00+05:30,38292.75,38348.5,38267.9,38329.55,0,0
2022-08-22 14:15:00+05:30,38326.45,38385.8,38299.5,38311.7,0,0
2022-08-22 14:45:00+05:30,38317.2,38378.25,38248.9,38330.4,0,0
2022-08-22 15:15:00+05:30,38333.85,38366.25,38285.15,38331.2,0,0
2022-08-23 09:15:00+05:30,37955.45,38450.75,37955.45,38417.5,0,0
2022-08-23 09:45:00+05:30,38413.9,38568.9,38394.5,38425.0,0,0
2022-08-23 10:15:00+05:30,38422.55,38513.35,38228.0,38306.2,0,0
2022-08-23 10:45:00+05:30,38303.6,38330.75,38183.05,38209.65,0,0
2022-08-23 11:15:00+05:30,38211.0,38395.6,38201.15,38277.15,0,0
2022-08-23 11:45:00+05:30,38276.05,38344.65,38235.4,38261.0,0,0
2022-08-23 12:15:00+05:30,38261.25,38333.25,38193.8,38321.7,0,0
2022-08-23 12:45:00+05:30,38321.15,38462.35,38310.3,38447.1,0,0
2022-08-23 13:15:00+05:30,38441.8,38608.85,38441.8,38571.4,0,0
2022-08-23 13:45:00+05:30,38568.65,38597.8,38491.7,38564.3,0,0
2022-08-23 14:15:00+05:30,38563.0,38650.6,38517.15,38596.75,0,0
2022-08-23 14:45:00+05:30,38596.9,38661.8,38542.85,38652.0,0,0
2022-08-23 15:15:00+05:30,38657.25,38865.8,38646.35,38852.2,0,0
2022-08-24 09:15:00+05:30,38552.7,38832.8,38552.7,38646.7,0,0
2022-08-24 09:45:00+05:30,38648.6,38838.45,38628.6,38817.6,0,0
2022-08-24 10:15:00+05:30,38817.15,38880.7,38787.7,38830.95,0,0
2022-08-24 10:45:00+05:30,38828.6,38925.7,38828.6,38907.05,0,0
2022-08-24 11:15:00+05:30,38907.55,38954.15,38852.8,38901.15,0,0
2022-08-24 11:45:00+05:30,38901.6,38922.35,38753.95,38797.85,0,0
2022-08-24 12:15:00+05:30,38798.55,38853.9,38762.55,38815.65,0,0
2022-08-24 12:45:00+05:30,38816.3,38817.15,38680.95,38715.1,0,0
2022-08-24 13:15:00+05:30,38712.35,38824.0,38637.7,38821.75,0,0
2022-08-24 13:45:00+05:30,38818.8,38861.85,38774.75,38805.0,0,0
2022-08-24 14:15:00+05:30,38800.75,38905.75,38797.45,38827.95,0,0
2022-08-24 14:45:00+05:30,38827.7,39072.45,38827.15,39070.15,0,0
2022-08-24 15:15:00+05:30,39067.6,39117.7,39040.45,39087.25,0,0
2022-08-25 09:15:00+05:30,39190.05,39347.75,39168.9,39343.25,0,0
2022-08-25 09:45:00+05:30,39344.7,39383.25,39297.95,39330.7,0,0
2022-08-25 10:15:00+05:30,39329.0,39370.5,39284.3,39337.65,0,0
2022-08-25 10:45:00+05:30,39339.4,39385.45,39311.85,39336.4,0,0
2022-08-25 11:15:00+05:30,39336.5,39351.55,39184.15,39322.75,0,0
2022-08-25 11:45:00+05:30,39328.9,39436.4,39316.55,39423.45,0,0
2022-08-25 12:15:00+05:30,39423.05,39435.1,39385.65,39399.65,0,0
2022-08-25 12:45:00+05:30,39394.0,39471.05,39355.2,39423.2,0,0
2022-08-25 13:15:00+05:30,39422.05,39439.4,39378.25,39429.85,0,0
2022-08-25 13:45:00+05:30,39429.0,39442.55,39361.6,39403.9,0,0
2022-08-25 14:15:00+05:30,39403.4,39417.4,39128.1,39277.6,0,0
2022-08-25 14:45:00+05:30,39282.6,39312.3,38919.2,38931.15,0,0
2022-08-25 15:15:00+05:30,38929.35,38930.1,38807.25,38847.95,0,0
2022-08-26 09:15:00+05:30,39129.65,39313.4,39124.35,39176.8,0,0
2022-08-26 09:45:00+05:30,39178.4,39336.05,39148.65,39213.0,0,0
2022-08-26 10:15:00+05:30,39210.95,39240.15,39120.25,39125.4,0,0
2022-08-26 10:45:00+05:30,39126.0,39144.15,38954.9,38966.5,0,0
2022-08-26 11:15:00+05:30,38967.85,39144.8,38945.95,39119.95,0,0
2022-08-26 11:45:00+05:30,39114.5,39223.65,39106.75,39189.45,0,0
2022-08-26 12:15:00+05:30,39189.95,39219.7,39122.4,39178.3,0,0
2022-08-26 12:45:00+05:30,39180.55,39225.4,39020.1,39074.75,0,0
2022-08-26 13:15:00+05:30,39077.3,39135.8,38997.8,39073.6,0,0
2022-08-26 13:45:00+05:30,39073.05,39150.15,39034.6,39058.85,0,0
2022-08-26 14:15:00+05:30,39060.2,39117.2,39016.7,39085.0,0,0
2022-08-26 14:45:00+05:30,39083.35,39099.4,38849.3,38950.85,0,0
2022-08-26 15:15:00+05:30,38951.2,39168.2,38951.2,39036.6,0,0
2022-08-29 09:15:00+05:30,38111.6,38290.65,37944.25,38285.95,0,0
2022-08-29 09:45:00+05:30,38282.95,38394.35,38252.6,38347.2,0,0
2022-08-29 10:15:00+05:30,38345.95,38372.1,38232.1,38258.1,0,0
2022-08-29 10:45:00+05:30,38257.55,38278.1,38161.45,38175.25,0,0
2022-08-29 11:15:00+05:30,38172.65,38302.7,38160.6,38255.8,0,0
2022-08-29 11:45:00+05:30,38255.55,38300.2,38237.25,38273.05,0,0
2022-08-29 12:15:00+05:30,38273.2,38379.2,38268.85,38279.65,0,0
2022-08-29 12:45:00+05:30,38277.6,38306.7,38215.8,38259.4,0,0
2022-08-29 13:15:00+05:30,38258.55,38347.9,38250.6,38312.85,0,0
2022-08-29 13:45:00+05:30,38312.6,38361.85,38258.05,38332.75,0,0
2022-08-29 14:15:00+05:30,38332.35,38348.2,38222.8,38312.1,0,0
2022-08-29 14:45:00+05:30,38311.5,38327.9,38211.1,38249.65,0,0
2022-08-29 15:15:00+05:30,38252.85,38358.25,38249.9,38346.85,0,0
2022-08-30 09:15:00+05:30,38516.95,38781.35,38489.35,38760.0,0,0
2022-08-30 09:45:00+05:30,38762.4,38787.75,38725.9,38766.05,0,0
2022-08-30 10:15:00+05:30,38766.25,38850.0,38719.8,38844.5,0,0
2022-08-30 10:45:00+05:30,38849.2,38914.7,38833.25,38910.15,0,0
2022-08-30 11:15:00+05:30,38909.7,38924.0,38842.1,38889.85,0,0
2022-08-30 11:45:00+05:30,38890.7,38957.45,38879.5,38952.35,0,0
2022-08-30 12:15:00+05:30,38951.75,39064.4,38932.65,39047.0,0,0
2022-08-30 12:45:00+05:30,39046.4,39196.0,39043.9,39154.15,0,0
2022-08-30 13:15:00+05:30,39153.55,39257.7,39134.55,39250.45,0,0
2022-08-30 13:45:00+05:30,39254.0,39325.5,39182.75,39262.75,0,0
2022-08-30 14:15:00+05:30,39263.35,39386.1,39260.55,39365.95,0,0
2022-08-30 14:45:00+05:30,39365.9,39603.95,39365.3,39529.7,0,0
2022-08-30 15:15:00+05:30,39529.25,39597.9,39506.6,39520.35,0,0
2022-09-01 09:15:00+05:30,38806.7,39448.6,38806.7,39448.6,0,0
2022-09-01 09:45:00+05:30,39447.75,39628.85,39317.5,39591.95,0,0
2022-09-01 10:15:00+05:30,39586.95,39666.55,39452.45,39546.7,0,0
2022-09-01 10:45:00+05:30,39544.75,39587.75,39464.8,39554.3,0,0
2022-09-01 11:15:00+05:30,39548.25,39634.7,39522.15,39539.75,0,0
2022-09-01 11:45:00+05:30,39539.95,39539.95,39330.25,39479.35,0,0
2022-09-01 12:15:00+05:30,39480.25,39487.35,39383.55,39454.25,0,0
2022-09-01 12:45:00+05:30,39454.65,39485.4,39247.55,39292.75,0,0
2022-09-01 13:15:00+05:30,39292.75,39423.15,39228.3,39293.1,0,0
2022-09-01 13:45:00+05:30,39291.25,39295.6,38981.0,39146.4,0,0
2022-09-01 14:15:00+05:30,39143.4,39375.05,39053.3,39309.05,0,0
2022-09-01 14:45:00+05:30,39305.7,39388.3,39160.95,39330.4,0,0
2022-09-01 15:15:00+05:30,39326.5,39360.3,39278.85,39345.8,0,0
2022-09-02 09:15:00+05:30,39422.3,39594.4,39203.4,39335.85,0,0
2022-09-02 09:45:00+05:30,39342.65,39436.3,39205.05,39260.3,0,0
2022-09-02 10:15:00+05:30,39260.1,39380.35,39214.5,39359.25,0,0
2022-09-02 10:45:00+05:30,39359.75,39375.0,39251.8,39315.1,0,0
2022-09-02 11:15:00+05:30,39319.8,39331.85,39216.4,39307.8,0,0
2022-09-02 11:45:00+05:30,39307.95,39365.25,39282.85,39346.3,0,0
2022-09-02 12:15:00+05:30,39344.05,39427.5,39344.05,39411.9,0,0
2022-09-02 12:45:00+05:30,39411.9,39463.55,39385.5,39460.2,0,0
2022-09-02 13:15:00+05:30,39462.5,39503.7,39380.15,39416.3,0,0
2022-09-02 13:45:00+05:30,39416.2,39559.25,39402.6,39548.0,0,0
2022-09-02 14:15:00+05:30,39548.45,39570.35,39399.15,39414.8,0,0
2022-09-02 14:45:00+05:30,39413.65,39485.5,39316.4,39465.55,0,0
2022-09-02 15:15:00+05:30,39467.1,39514.15,39357.25,39375.0,0,0
2022-09-05 09:15:00+05:30,39412.05,39763.4,39412.05,39699.15,0,0
2022-09-05 09:45:00+05:30,39701.05,39811.5,39599.15,39788.15,0,0
2022-09-05 10:15:00+05:30,39785.3,39822.8,39706.0,39718.15,0,0
2022-09-05 10:45:00+05:30,39721.9,39806.35,39712.6,39748.2,0,0
2022-09-05 11:15:00+05:30,39745.4,39754.45,39683.1,39733.35,0,0
2022-09-05 11:45:00+05:30,39729.8,39807.0,39727.15,39797.35,0,0
2022-09-05 12:15:00+05:30,39795.25,39862.0,39793.05,39823.25,0,0
2022-09-05 12:45:00+05:30,39823.1,39855.25,39774.75,39784.15,0,0
2022-09-05 13:15:00+05:30,39784.65,39826.25,39725.55,39737.6,0,0
2022-09-05 13:45:00+05:30,39738.65,39853.65,39730.45,39825.9,0,0
2022-09-05 14:15:00+05:30,39821.4,39855.15,39767.8,39812.45,0,0
2022-09-05 14:45:00+05:30,39812.05,39847.05,39784.0,39815.5,0,0
2022-09-05 15:15:00+05:30,39815.4,39820.2,39754.45,39754.45,0,0
2022-09-06 09:15:00+05:30,39892.95,40071.0,39761.15,39828.9,0,0
2022-09-06 09:45:00+05:30,39827.05,39860.4,39741.35,39747.5,0,0
2022-09-06 10:15:00+05:30,39744.45,39745.0,39567.5,39650.75,0,0
2022-09-06 10:45:00+05:30,39651.5,39803.05,39639.7,39800.75,0,0
2022-09-06 11:15:00+05:30,39799.25,39852.5,39754.0,39851.95,0,0
2022-09-06 11:45:00+05:30,39852.85,39962.1,39821.6,39907.8,0,0
2022-09-06 12:15:00+05:30,39907.3,39988.0,39906.25,39977.0,0,0
2022-09-06 12:45:00+05:30,39976.2,39982.4,39847.0,39878.6,0,0
2022-09-06 13:15:00+05:30,39878.7,39929.3,39807.35,39848.1,0,0
2022-09-06 13:45:00+05:30,39852.45,39892.55,39758.2,39834.9,0,0
2022-09-06 14:15:00+05:30,39836.05,39854.4,39632.3,39633.55,0,0
2022-09-06 14:45:00+05:30,39635.75,39747.65,39617.4,39666.6,0,0
2022-09-06 15:15:00+05:30,39667.75,39689.85,39624.65,39673.3,0,0
2022-09-07 09:15:00+05:30,39337.75,39492.8,39272.95,39400.95,0,0
2022-09-07 09:45:00+05:30,39396.0,39493.35,39357.7,39447.45,0,0
2022-09-07 10:15:00+05:30,39444.3,39462.15,39397.1,39411.7,0,0
2022-09-07 10:45:00+05:30,39412.7,39442.75,39330.25,39338.25,0,0
2022-09-07 11:15:00+05:30,39339.45,39440.75,39323.65,39430.3,0,0
2022-09-07 11:45:00+05:30,39430.65,39536.05,39418.15,39506.05,0,0
2022-09-07 12:15:00+05:30,39506.9,39559.15,39466.45,39477.05,0,0
2022-09-07 12:45:00+05:30,39477.15,39520.95,39448.5,39500.6,0,0
2022-09-07 13:15:00+05:30,39500.35,39570.6,39496.5,39523.85,0,0
2022-09-07 13:45:00+05:30,39521.0,39543.15,39470.3,39493.95,0,0
2022-09-07 14:15:00+05:30,39493.8,39549.55,39398.95,39418.8,0,0
2022-09-07 14:45:00+05:30,39419.0,39470.3,39384.05,39437.15,0,0
2022-09-07 15:15:00+05:30,39432.8,39508.2,39425.9,39457.65,0,0
2022-09-08 09:15:00+05:30,39763.9,39946.6,39707.35,39928.35,0,0
2022-09-08 09:45:00+05:30,39929.65,39956.35,39881.85,39932.1,0,0
2022-09-08 10:15:00+05:30,39933.1,39987.45,39880.65,39898.95,0,0
2022-09-08 10:45:00+05:30,39899.45,39961.9,39870.0,39925.6,0,0
2022-09-08 11:15:00+05:30,39925.9,39992.95,39878.0,39973.65,0,0
2022-09-08 11:45:00+05:30,39971.85,40050.5,39966.1,40028.55,0,0
2022-09-08 12:15:00+05:30,40029.1,40111.9,40000.0,40081.7,0,0
2022-09-08 12:45:00+05:30,40079.65,40085.75,39946.75,40013.1,0,0
2022-09-08 13:15:00+05:30,40011.45,40083.0,40009.4,40064.0,0,0
2022-09-08 13:45:00+05:30,40066.0,40148.6,40010.05,40119.2,0,0
2022-09-08 14:15:00+05:30,40120.8,40260.65,40108.7,40224.65,0,0
2022-09-08 14:45:00+05:30,40228.35,40265.3,40168.6,40192.7,0,0
2022-09-08 15:15:00+05:30,40191.8,40248.6,40184.55,40242.1,0,0
2022-09-09 09:15:00+05:30,40520.75,40603.5,40453.8,40537.3,0,0
2022-09-09 09:45:00+05:30,40533.85,40597.5,40526.85,40567.1,0,0
2022-09-09 10:15:00+05:30,40556.9,40683.75,40549.8,40594.7,0,0
2022-09-09 10:45:00+05:30,40593.9,40628.55,40539.15,40553.95,0,0
2022-09-09 11:15:00+05:30,40555.65,40600.7,40520.2,40540.55,0,0
2022-09-09 11:45:00+05:30,40542.95,40566.3,40466.6,40471.8,0,0
2022-09-09 12:15:00+05:30,40471.05,40512.2,40416.6,40510.2,0,0
2022-09-09 12:45:00+05:30,40506.7,40512.3,40368.05,40371.0,0,0
2022-09-09 13:15:00+05:30,40374.1,40402.1,40281.0,40336.3,0,0
2022-09-09 13:45:00+05:30,40335.6,40452.95,40334.25,40405.8,0,0
2022-09-09 14:15:00+05:30,40403.5,40433.65,40343.9,40404.5,0,0
2022-09-09 14:45:00+05:30,40407.4,40472.35,40380.75,40443.7,0,0
2022-09-09 15:15:00+05:30,40448.2,40449.7,40359.05,40385.0,0,0
2022-09-12 09:15:00+05:30,40540.45,40601.8,40378.5,40549.95,0,0
2022-09-12 09:45:00+05:30,40551.45,40641.4,40530.4,40641.4,0,0
2022-09-12 10:15:00+05:30,40640.9,40652.15,40558.7,40593.75,0,0
2022-09-12 10:45:00+05:30,40594.3,40609.9,40546.2,40559.55,0,0
2022-09-12 11:15:00+05:30,40559.1,40664.55,40559.1,40664.55,0,0
2022-09-12 11:45:00+05:30,40658.95,40672.6,40623.9,40629.75,0,0
2022-09-12 12:15:00+05:30,40632.3,40684.9,40597.55,40653.55,0,0
2022-09-12 12:45:00+05:30,40655.1,40660.7,40584.05,40613.55,0,0
2022-09-12 13:15:00+05:30,40613.55,40618.4,40557.3,40588.1,0,0
2022-09-12 13:45:00+05:30,40589.0,40649.0,40552.15,40636.65,0,0
2022-09-12 14:15:00+05:30,40637.6,40639.4,40544.35,40563.3,0,0
2022-09-12 14:45:00+05:30,40563.55,40613.65,40560.0,40576.7,0,0
2022-09-12 15:15:00+05:30,40579.45,40584.15,40533.1,40561.5,0,0
2022-09-13 09:15:00+05:30,40802.1,40817.9,40717.05,40802.75,0,0
2022-09-13 09:45:00+05:30,40803.35,40829.95,40771.6,40809.3,0,0
2022-09-13 10:15:00+05:30,40809.8,40819.85,40720.3,40804.25,0,0
2022-09-13 10:45:00+05:30,40803.35,40822.35,40747.75,40750.15,0,0
2022-09-13 11:15:00+05:30,40751.0,40778.95,40694.8,40727.8,0,0
2022-09-13 11:45:00+05:30,40731.85,40785.15,40725.25,40779.4,0,0
2022-09-13 12:15:00+05:30,40778.0,40800.35,40729.55,40745.3,0,0
2022-09-13 12:45:00+05:30,40745.6,40791.45,40738.45,40777.2,0,0
2022-09-13 13:15:00+05:30,40775.2,40799.45,40751.85,40769.5,0,0
2022-09-13 13:45:00+05:30,40768.65,40866.65,40766.9,40844.95,0,0
2022-09-13 14:15:00+05:30,40844.2,40896.8,40776.6,40894.3,0,0
2022-09-13 14:45:00+05:30,40894.55,40903.55,40839.1,40842.8,0,0
2022-09-13 15:15:00+05:30,40841.5,40892.3,40834.25,40864.95,0,0
2022-09-14 09:15:00+05:30,40308.8,40788.8,40306.35,40768.7,0,0
2022-09-14 09:45:00+05:30,40767.0,40833.55,40716.2,40784.6,0,0
2022-09-14 10:15:00+05:30,40788.8,40857.7,40778.95,40828.75,0,0
2022-09-14 10:45:00+05:30,40831.15,41048.05,40810.6,40993.3,0,0
2022-09-14 11:15:00+05:30,40993.65,41051.55,40956.2,41046.7,0,0
2022-09-14 11:45:00+05:30,41044.9,41251.45,41022.35,41196.7,0,0
2022-09-14 12:15:00+05:30,41191.9,41410.95,41183.55,41400.8,0,0
2022-09-14 12:45:00+05:30,41402.65,41433.8,41315.6,41403.1,0,0
2022-09-14 13:15:00+05:30,41401.6,41459.7,41381.95,41408.2,0,0
2022-09-14 13:45:00+05:30,41404.35,41530.9,41278.95,41529.3,0,0
2022-09-14 14:15:00+05:30,41526.95,41625.35,41495.4,41593.85,0,0
2022-09-14 14:45:00+05:30,41594.7,41608.35,41321.65,41327.0,0,0
2022-09-14 15:15:00+05:30,41324.65,41394.4,41304.65,41373.65,0,0
2022-09-15 09:15:00+05:30,41533.7,41834.55,41525.45,41678.1,0,0
2022-09-15 09:45:00+05:30,41677.0,41742.2,41356.35,41465.1,0,0
2022-09-15 10:15:00+05:30,41467.75,41565.9,41279.95,41279.95,0,0
2022-09-15 10:45:00+05:30,41279.5,41319.0,41171.85,41216.5,0,0
2022-09-15 11:15:00+05:30,41216.65,41393.1,41156.65,41258.9,0,0
2022-09-15 11:45:00+05:30,41259.5,41300.65,41182.6,41227.65,0,0
2022-09-15 12:15:00+05:30,41224.55,41323.6,41209.8,41262.95,0,0
2022-09-15 12:45:00+05:30,41259.45,41480.05,41241.65,41396.75,0,0
2022-09-15 13:15:00+05:30,41396.85,41445.8,41252.7,41265.5,0,0
2022-09-15 13:45:00+05:30,41264.1,41386.9,41209.05,41363.65,0,0
2022-09-15 14:15:00+05:30,41366.3,41521.15,41306.5,41467.0,0,0
2022-09-15 14:45:00+05:30,41465.15,41465.15,41168.7,41203.5,0,0
2022-09-15 15:15:00+05:30,41200.35,41227.9,41167.0,41208.45,0,0
2022-09-16 09:15:00+05:30,40977.2,41157.7,40873.2,41056.6,0,0
2022-09-16 09:45:00+05:30,41059.3,41090.95,40823.3,40869.0,0,0
2022-09-16 10:15:00+05:30,40866.6,41061.4,40823.25,41016.2,0,0
2022-09-16 10:45:00+05:30,41017.55,41091.9,40978.65,41050.45,0,0
2022-09-16 11:15:00+05:30,41048.15,41102.2,41001.3,41078.05,0,0
2022-09-16 11:45:00+05:30,41079.55,41136.4,40998.65,41028.35,0,0
2022-09-16 12:15:00+05:30,41029.4,41124.0,41015.6,41030.0,0,0
2022-09-16 12:45:00+05:30,41030.65,41058.2,40859.8,40863.3,0,0
2022-09-16 13:15:00+05:30,40864.4,40888.25,40753.55,40764.0,0,0
2022-09-16 13:45:00+05:30,40764.3,40784.7,40560.1,40597.4,0,0
2022-09-16 14:15:00+05:30,40593.15,40777.4,40502.5,40750.0,0,0
2022-09-16 14:45:00+05:30,40749.4,40872.05,40645.0,40827.45,0,0
2022-09-16 15:15:00+05:30,40827.9,40858.75,40758.0,40825.15,0,0
2022-09-19 09:15:00+05:30,40685.6,40924.45,40517.8,40897.85,0,0
2022-09-19 09:45:00+05:30,40900.25,41151.35,40898.45,41093.15,0,0
2022-09-19 10:15:00+05:30,41093.6,41182.65,41026.0,41076.5,0,0
2022-09-19 10:45:00+05:30,41075.75,41178.8,41025.45,41136.1,0,0
2022-09-19 11:15:00+05:30,41131.4,41160.9,41025.95,41036.25,0,0
2022-09-19 11:45:00+05:30,41040.55,41118.85,40985.0,41064.85,0,0
2022-09-19 12:15:00+05:30,41066.0,41111.1,41005.05,41039.05,0,0
2022-09-19 12:45:00+05:30,41039.6,41071.45,40955.6,40978.65,0,0
2022-09-19 13:15:00+05:30,40982.45,41024.9,40895.45,40960.2,0,0
2022-09-19 13:45:00+05:30,40959.45,41039.95,40899.25,40937.45,0,0
2022-09-19 14:15:00+05:30,40935.15,40963.2,40770.35,40882.5,0,0
2022-09-19 14:45:00+05:30,40879.95,41000.4,40729.6,40947.55,0,0
2022-09-19 15:15:00+05:30,40948.35,40982.45,40923.35,40966.05,0,0
2022-09-20 09:15:00+05:30,41304.15,41459.6,41237.75,41422.5,0,0
2022-09-20 09:45:00+05:30,41422.7,41565.15,41422.7,41540.05,0,0
2022-09-20 10:15:00+05:30,41539.0,41571.1,41482.9,41488.1,0,0
2022-09-20 10:45:00+05:30,41487.15,41531.95,41443.7,41495.7,0,0
2022-09-20 11:15:00+05:30,41493.5,41523.55,41452.9,41507.75,0,0
2022-09-20 11:45:00+05:30,41507.0,41551.1,41454.8,41538.95,0,0
2022-09-20 12:15:00+05:30,41538.0,41676.75,41515.45,41649.5,0,0
2022-09-20 12:45:00+05:30,41647.5,41658.1,41605.3,41654.1,0,0
2022-09-20 13:15:00+05:30,41654.75,41655.55,41531.2,41565.85,0,0
2022-09-20 13:45:00+05:30,41564.1,41650.7,41535.3,41599.55,0,0
2022-09-20 14:15:00+05:30,41601.2,41641.9,41548.7,41564.25,0,0
2022-09-20 14:45:00+05:30,41564.9,41568.55,41432.95,41444.5,0,0
2022-09-20 15:15:00+05:30,41441.6,41497.35,41399.25,41414.7,0,0
2022-09-21 09:15:00+05:30,41282.6,41499.35,41271.45,41292.95,0,0
2022-09-21 09:45:00+05:30,41291.35,41293.4,41164.05,41263.8,0,0
2022-09-21 10:15:00+05:30,41258.55,41413.0,41232.15,41328.9,0,0
2022-09-21 10:45:00+05:30,41327.15,41372.5,41293.55,41321.3,0,0
2022-09-21 11:15:00+05:30,41320.6,41356.6,41212.4,41220.8,0,0
2022-09-21 11:45:00+05:30,41219.1,41242.45,40952.85,40998.1,0,0
2022-09-21 12:15:00+05:30,40999.6,41061.1,40889.45,41058.2,0,0
2022-09-21 12:45:00+05:30,41057.0,41156.85,41042.25,41056.65,0,0
2022-09-21 13:15:00+05:30,41062.3,41230.35,41051.9,41195.35,0,0
2022-09-21 13:45:00+05:30,41196.15,41330.9,41196.15,41295.55,0,0
2022-09-21 14:15:00+05:30,41299.0,41319.6,41184.9,41257.8,0,0
2022-09-21 14:45:00+05:30,41257.9,41278.55,41165.75,41206.4,0,0
2022-09-21 15:15:00+05:30,41205.1,41231.15,41161.95,41197.6,0,0
2022-09-22 09:15:00+05:30,40889.05,41157.75,40802.6,40997.75,0,0
2022-09-22 09:45:00+05:30,41001.15,41051.6,40851.3,40881.8,0,0
2022-09-22 10:15:00+05:30,40885.85,40885.85,40685.6,40717.75,0,0
2022-09-22 10:45:00+05:30,40714.95,40856.45,40712.9,40754.8,0,0
2022-09-22 11:15:00+05:30,40757.05,40759.1,40601.85,40619.9,0,0
2022-09-22 11:45:00+05:30,40621.45,40666.4,40512.3,40537.65,0,0
2022-09-22 12:15:00+05:30,40537.05,40598.85,40414.05,40414.05,0,0
2022-09-22 12:45:00+05:30,40415.7,40576.3,40361.05,40571.4,0,0
2022-09-22 13:15:00+05:30,40568.45,40804.6,40564.9,40723.3,0,0
2022-09-22 13:45:00+05:30,40724.9,40930.2,40722.95,40852.15,0,0
2022-09-22 14:15:00+05:30,40854.15,40914.05,40758.7,40785.85,0,0
2022-09-22 14:45:00+05:30,40785.6,40839.3,40566.65,40604.5,0,0
2022-09-22 15:15:00+05:30,40603.65,40656.2,40573.3,40637.3,0,0
2022-09-23 09:15:00+05:30,40429.35,40528.3,39897.15,39901.5,0,0
2022-09-23 09:45:00+05:30,39897.65,39978.55,39761.75,39761.75,0,0
2022-09-23 10:15:00+05:30,39764.15,39863.35,39668.3,39776.9,0,0
2022-09-23 10:45:00+05:30,39775.65,39887.35,39726.35,39768.65,0,0
2022-09-23 11:15:00+05:30,39764.2,39842.65,39663.85,39753.2,0,0
2022-09-23 11:45:00+05:30,39754.0,39821.55,39674.3,39692.6,0,0
2022-09-23 12:15:00+05:30,39691.25,39711.35,39566.4,39628.55,0,0
2022-09-23 12:45:00+05:30,39627.0,39653.9,39528.8,39589.55,0,0
2022-09-23 13:15:00+05:30,39593.45,39679.65,39508.55,39525.45,0,0
2022-09-23 13:45:00+05:30,39525.95,39574.5,39448.8,39529.4,0,0
2022-09-23 14:15:00+05:30,39532.65,39561.25,39413.6,39488.75,0,0
2022-09-23 14:45:00+05:30,39489.3,39589.35,39463.8,39543.55,0,0
2022-09-23 15:15:00+05:30,39540.55,39640.55,39508.25,39555.35,0,0
2022-09-26 09:15:00+05:30,39027.85,39215.65,38740.0,38797.95,0,0
2022-09-26 09:45:00+05:30,38800.6,38865.25,38647.1,38703.9,0,0
2022-09-26 10:15:00+05:30,38704.3,38764.15,38577.2,38660.6,0,0
2022-09-26 10:45:00+05:30,38661.45,38717.15,38493.4,38537.5,0,0
2022-09-26 11:15:00+05:30,38541.65,38697.2,38521.55,38608.75,0,0
2022-09-26 11:45:00+05:30,38608.25,38813.85,38567.95,38783.3,0,0
2022-09-26 12:15:00+05:30,38783.0,38868.35,38656.2,38867.1,0,0
2022-09-26 12:45:00+05:30,38867.8,38989.45,38792.1,38955.25,0,0
2022-09-26 13:15:00+05:30,38951.05,38977.3,38681.9,38731.1,0,0
2022-09-26 13:45:00+05:30,38731.75,38732.6,38621.5,38656.2,0,0
2022-09-26 14:15:00+05:30,38656.2,38872.15,38605.7,38703.35,0,0
2022-09-26 14:45:00+05:30,38701.3,38725.45,38531.7,38627.8,0,0
2022-09-26 15:15:00+05:30,38622.4,38676.35,38601.85,38661.45,0,0
2022-09-27 09:15:00+05:30,38811.7,39048.6,38758.95,38859.1,0,0
2022-09-27 09:45:00+05:30,38846.6,38923.4,38696.3,38712.15,0,0
2022-09-27 10:15:00+05:30,38707.95,38851.55,38667.65,38733.8,0,0
2022-09-27 10:45:00+05:30,38733.45,38737.35,38391.15,38394.65,0,0
2022-09-27 11:15:00+05:30,38393.15,38574.9,38389.7,38520.8,0,0
2022-09-27 11:45:00+05:30,38520.5,38708.85,38517.5,38645.8,0,0
2022-09-27 12:15:00+05:30,38646.25,38665.95,38450.35,38461.1,0,0
2022-09-27 12:45:00+05:30,38459.55,38662.75,38437.8,38611.15,0,0
2022-09-27 13:15:00+05:30,38612.25,38703.05,38553.35,38605.2,0,0
2022-09-27 13:45:00+05:30,38602.0,38653.75,38514.55,38525.15,0,0
2022-09-27 14:15:00+05:30,38520.25,38580.65,38266.2,38300.05,0,0
2022-09-27 14:45:00+05:30,38297.45,38356.45,38185.3,38328.85,0,0
2022-09-27 15:15:00+05:30,38331.55,38526.3,38331.55,38526.3,0,0
2022-09-28 09:15:00+05:30,38081.25,38088.4,37831.75,38044.85,0,0
2022-09-28 09:45:00+05:30,38048.3,38257.6,38016.0,38196.3,0,0
2022-09-28 10:15:00+05:30,38196.2,38252.3,37935.1,37960.15,0,0
2022-09-28 10:45:00+05:30,37959.25,38072.55,37897.45,38067.35,0,0
2022-09-28 11:15:00+05:30,38070.15,38215.7,38037.8,38193.35,0,0
2022-09-28 11:45:00+05:30,38195.7,38367.6,38107.85,38301.35,0,0
2022-09-28 12:15:00+05:30,38304.05,38322.0,38180.15,38223.35,0,0
2022-09-28 12:45:00+05:30,38220.3,38243.95,38141.9,38187.75,0,0
2022-09-28 13:15:00+05:30,38186.95,38289.4,38130.8,38141.2,0,0
2022-09-28 13:45:00+05:30,38142.2,38238.2,38021.65,38076.55,0,0
2022-09-28 14:15:00+05:30,38073.75,38149.55,37914.25,37920.1,0,0
2022-09-28 14:45:00+05:30,37919.85,37923.35,37770.2,37795.65,0,0
2022-09-28 15:15:00+05:30,37790.2,37793.7,37630.55,37676.8,0,0
2022-09-29 09:15:00+05:30,38092.85,38283.1,38092.85,38190.7,0,0
2022-09-29 09:45:00+05:30,38188.2,38226.6,37930.45,38053.9,0,0
2022-09-29 10:15:00+05:30,38057.3,38060.7,37954.85,37975.6,0,0
2022-09-29 10:45:00+05:30,37975.5,38101.85,37907.65,37925.75,0,0
2022-09-29 11:15:00+05:30,37925.15,37940.3,37827.95,37831.8,0,0
2022-09-29 11:45:00+05:30,37831.7,37831.7,37692.65,37773.8,0,0
2022-09-29 12:15:00+05:30,37773.85,37850.2,37644.1,37699.15,0,0
2022-09-29 12:45:00+05:30,37702.95,37702.95,37549.1,37614.6,0,0
2022-09-29 13:15:00+05:30,37612.0,37666.35,37557.6,37606.8,0,0
2022-09-29 13:45:00+05:30,37603.9,37726.05,37537.1,37641.9,0,0
2022-09-29 14:15:00+05:30,37640.05,37845.5,37601.0,37806.3,0,0
2022-09-29 14:45:00+05:30,37807.05,37834.7,37542.65,37711.8,0,0
2022-09-29 15:15:00+05:30,37714.75,37723.4,37641.05,37695.3,0,0
2022-09-30 09:15:00+05:30,37660.0,37769.4,37391.3,37710.85,0,0
2022-09-30 09:45:00+05:30,37717.8,37838.35,37541.2,37829.7,0,0
2022-09-30 10:15:00+05:30,37822.85,38334.6,37822.85,38308.7,0,0
2022-09-30 10:45:00+05:30,38300.35,38376.35,38150.6,38328.55,0,0
2022-09-30 11:15:00+05:30,38330.2,38433.45,38288.0,38344.9,0,0
2022-09-30 11:45:00+05:30,38346.85,38469.95,38283.6,38405.35,0,0
2022-09-30 12:15:00+05:30,38406.35,38693.05,38406.25,38681.25,0,0
2022-09-30 12:45:00+05:30,38681.75,38702.55,38578.45,38579.8,0,0
2022-09-30 13:15:00+05:30,38579.65,38700.1,38579.65,38684.45,0,0
2022-09-30 13:45:00+05:30,38684.25,38786.05,38675.3,38748.1,0,0
2022-09-30 14:15:00+05:30,38749.5,38808.9,38642.4,38682.55,0,0
2022-09-30 14:45:00+05:30,38681.15,38716.7,38534.95,38584.6,0,0
2022-09-30 15:15:00+05:30,38587.45,38778.85,38583.75,38702.75,0,0
2022-10-03 09:15:00+05:30,38444.9,38636.95,38282.2,38340.85,0,0
2022-10-03 09:45:00+05:30,38342.2,38452.8,38192.0,38237.4,0,0
2022-10-03 10:15:00+05:30,38238.1,38280.0,38160.95,38229.3,0,0
2022-10-03 10:45:00+05:30,38229.1,38279.65,38189.7,38249.5,0,0
2022-10-03 11:15:00+05:30,38249.85,38385.75,38235.45,38320.5,0,0
2022-10-03 11:45:00+05:30,38325.3,38326.4,38204.45,38211.0,0,0
2022-10-03 12:15:00+05:30,38211.15,38245.9,38118.15,38179.5,0,0
2022-10-03 12:45:00+05:30,38182.95,38293.3,38168.45,38237.1,0,0
2022-10-03 13:15:00+05:30,38239.4,38332.95,38219.8,38272.2,0,0
2022-10-03 13:45:00+05:30,38275.2,38294.6,38161.35,38192.6,0,0
2022-10-03 14:15:00+05:30,38194.6,38248.05,38031.7,38033.15,0,0
2022-10-03 14:45:00+05:30,38036.65,38065.5,37963.4,38049.65,0,0
2022-10-03 15:15:00+05:30,38052.6,38067.05,37967.95,37974.9,0,0
2022-10-04 09:15:00+05:30,38700.4,39080.65,38633.85,38988.15,0,0
2022-10-04 09:45:00+05:30,38986.95,39108.95,38956.75,39015.95,0,0
2022-10-04 10:15:00+05:30,39019.7,39041.75,38973.1,39036.1,0,0
2022-10-04 10:45:00+05:30,39037.5,39046.6,38877.15,38968.95,0,0
2022-10-04 11:15:00+05:30,38966.55,39005.2,38914.85,38980.25,0,0
2022-10-04 11:45:00+05:30,38979.75,39057.25,38964.8,39032.35,0,0
2022-10-04 12:15:00+05:30,39029.9,39177.3,39014.65,39133.95,0,0
2022-10-04 12:45:00+05:30,39133.1,39142.6,39036.2,39075.05,0,0
2022-10-04 13:15:00+05:30,39070.85,39116.25,39052.95,39070.4,0,0
2022-10-04 13:45:00+05:30,39073.0,39089.1,38962.35,39039.9,0,0
2022-10-04 14:15:00+05:30,39039.1,39096.6,38983.4,38983.5,0,0
2022-10-04 14:45:00+05:30,38985.45,39147.55,38965.45,39113.9,0,0
2022-10-04 15:15:00+05:30,39113.95,39145.95,39091.15,39121.85,0,0
2022-10-06 09:15:00+05:30,39343.7,39521.75,39260.35,39284.75,0,0
2022-10-06 09:45:00+05:30,39286.7,39498.65,39236.95,39440.5,0,0
2022-10-06 10:15:00+05:30,39440.45,39470.7,39391.4,39423.65,0,0
2022-10-06 10:45:00+05:30,39422.65,39503.15,39399.25,39428.4,0,0
2022-10-06 11:15:00+05:30,39424.9,39445.0,39369.75,39425.45,0,0
2022-10-06 11:45:00+05:30,39425.95,39443.8,39372.65,39442.35,0,0
2022-10-06 12:15:00+05:30,39443.55,39493.1,39405.35,39460.75,0,0
2022-10-06 12:45:00+05:30,39460.8,39605.85,39458.15,39561.15,0,0
2022-10-06 13:15:00+05:30,39560.1,39580.25,39502.45,39549.2,0,0
2022-10-06 13:45:00+05:30,39548.75,39559.7,39383.2,39395.75,0,0
2022-10-06 14:15:00+05:30,39393.7,39404.5,39284.7,39321.1,0,0
2022-10-06 14:45:00+05:30,39319.1,39379.05,39244.15,39285.55,0,0
2022-10-06 15:15:00+05:30,39296.4,39298.25,39238.25,39239.25,0,0
2022-10-07 09:15:00+05:30,39093.5,39124.75,38828.2,38880.55,0,0
2022-10-07 09:45:00+05:30,38881.5,39057.45,38878.0,38977.6,0,0
2022-10-07 10:15:00+05:30,38976.6,38983.8,38875.9,38951.5,0,0
2022-10-07 10:45:00+05:30,38950.75,38974.95,38871.7,38941.9,0,0
2022-10-07 11:15:00+05:30,38950.0,38978.55,38908.75,38926.4,0,0
2022-10-07 11:45:00+05:30,38922.9,38967.5,38808.45,38836.5,0,0
2022-10-07 12:15:00+05:30,38836.1,38942.8,38828.75,38937.8,0,0
2022-10-07 12:45:00+05:30,38937.5,38957.25,38860.5,38874.3,0,0
2022-10-07 13:15:00+05:30,38874.5,38933.05,38827.15,38927.2,0,0
2022-10-07 13:45:00+05:30,38927.45,38992.55,38908.75,38951.55,0,0
2022-10-07 14:15:00+05:30,38951.6,39106.3,38930.85,39100.05,0,0
2022-10-07 14:45:00+05:30,39103.7,39234.7,39083.25,39147.6,0,0
2022-10-07 15:15:00+05:30,39147.5,39213.75,39146.6,39199.4,0,0
2022-10-10 09:15:00+05:30,38641.55,38812.45,38520.9,38709.6,0,0
2022-10-10 09:45:00+05:30,38711.15,38722.8,38610.9,38664.45,0,0
2022-10-10 10:15:00+05:30,38666.0,38846.95,38651.3,38736.3,0,0
2022-10-10 10:45:00+05:30,38736.6,38869.05,38731.35,38858.05,0,0
2022-10-10 11:15:00+05:30,38857.75,38975.85,38838.35,38973.3,0,0
2022-10-10 11:45:00+05:30,38977.35,39182.65,38936.15,39179.15,0,0
2022-10-10 12:15:00+05:30,39176.8,39298.0,39085.25,39269.0,0,0
2022-10-10 12:45:00+05:30,39271.4,39315.65,39133.4,39156.15,0,0
2022-10-10 13:15:00+05:30,39158.85,39193.4,39051.15,39155.5,0,0
2022-10-10 13:45:00+05:30,39156.2,39158.05,38845.9,38888.05,0,0
2022-10-10 14:15:00+05:30,38886.65,39078.8,38872.75,38976.9,0,0
2022-10-10 14:45:00+05:30,38975.7,39159.35,38975.7,39132.65,0,0
2022-10-10 15:15:00+05:30,39137.1,39148.25,39077.65,39113.7,0,0
2022-10-11 09:15:00+05:30,39058.85,39058.85,38869.85,38958.45,0,0
2022-10-11 09:45:00+05:30,38955.55,38985.8,38812.75,38978.4,0,0
2022-10-11 10:15:00+05:30,38975.2,39055.65,38907.25,39002.0,0,0
2022-10-11 10:45:00+05:30,38998.6,39024.5,38896.65,38902.2,0,0
2022-10-11 11:15:00+05:30,38898.75,39026.8,38875.3,39026.8,0,0
2022-10-11 11:45:00+05:30,39026.05,39173.05,39020.9,39121.35,0,0
2022-10-11 12:15:00+05:30,39121.95,39144.4,38886.5,38913.4,0,0
2022-10-11 12:45:00+05:30,38912.3,39012.05,38896.8,38936.75,0,0
2022-10-11 13:15:00+05:30,38931.95,38986.6,38889.05,38956.2,0,0
2022-10-11 13:45:00+05:30,38954.5,39025.0,38930.4,39022.5,0,0
2022-10-11 14:15:00+05:30,39019.45,39041.45,38881.0,38953.35,0,0
2022-10-11 14:45:00+05:30,38953.25,38959.0,38684.55,38686.2,0,0
2022-10-11 15:15:00+05:30,38686.5,38686.75,38624.65,38646.45,0,0
2022-10-12 09:15:00+05:30,38784.2,38884.0,38609.25,38850.1,0,0
2022-10-12 09:45:00+05:30,38845.1,38931.85,38725.65,38782.9,0,0
2022-10-12 10:15:00+05:30,38782.15,38903.5,38742.4,38791.45,0,0
2022-10-12 10:45:00+05:30,38790.65,38790.65,38676.4,38746.95,0,0
2022-10-12 11:15:00+05:30,38746.6,38833.15,38746.6,38829.7,0,0
2022-10-12 11:45:00+05:30,38829.9,38907.55,38758.45,38901.6,0,0
2022-10-12 12:15:00+05:30,38902.15,38932.3,38850.85,38868.9,0,0
2022-10-12 12:45:00+05:30,38868.2,38910.05,38782.7,38819.25,0,0
2022-10-12 13:15:00+05:30,38821.15,38884.25,38808.95,38856.0,0,0
2022-10-12 13:45:00+05:30,38856.0,39043.55,38853.25,39014.6,0,0
2022-10-12 14:15:00+05:30,39022.6,39082.45,38970.15,39040.0,0,0
2022-10-12 14:45:00+05:30,39040.85,39147.15,39003.95,39129.15,0,0
2022-10-12 15:15:00+05:30,39127.4,39153.35,39112.2,39128.6,0,0
2022-10-13 09:15:00+05:30,38957.65,39058.05,38906.95,38999.4,0,0
2022-10-13 09:45:00+05:30,39002.2,39023.75,38768.9,38773.95,0,0
2022-10-13 10:15:00+05:30,38774.95,38821.0,38649.15,38729.9,0,0
2022-10-13 10:45:00+05:30,38729.45,38745.35,38606.0,38606.0,0,0
2022-10-13 11:15:00+05:30,38605.35,38632.1,38513.65,38537.05,0,0
2022-10-13 11:45:00+05:30,38535.6,38545.4,38439.35,38544.5,0,0
2022-10-13 12:15:00+05:30,38545.3,38665.0,38482.4,38646.85,0,0
2022-10-13 12:45:00+05:30,38649.75,38701.2,38606.9,38669.35,0,0
2022-10-13 13:15:00+05:30,38668.35,38696.45,38537.65,38564.85,0,0
2022-10-13 13:45:00+05:30,38564.25,38718.85,38512.25,38664.95,0,0
2022-10-13 14:15:00+05:30,38666.3,38838.65,38645.9,38836.4,0,0
2022-10-13 14:45:00+05:30,38836.4,38854.05,38546.55,38620.1,0,0
2022-10-13 15:15:00+05:30,38614.25,38685.1,38594.6,38658.1,0,0
2022-10-14 09:15:00+05:30,39446.05,39525.05,39323.2,39359.15,0,0
2022-10-14 09:45:00+05:30,39358.95,39427.05,39343.65,39355.8,0,0
2022-10-14 10:15:00+05:30,39356.55,39409.2,39199.95,39252.65,0,0
2022-10-14 10:45:00+05:30,39255.45,39372.55,39244.7,39367.85,0,0
2022-10-14 11:15:00+05:30,39370.1,39423.3,39345.45,39369.85,0,0
2022-10-14 11:45:00+05:30,39381.3,39506.7,39340.55,39489.35,0,0
2022-10-14 12:15:00+05:30,39492.8,39523.05,39433.7,39466.35,0,0
2022-10-14 12:45:00+05:30,39466.55,39475.3,39354.2,39400.8,0,0
2022-10-14 13:15:00+05:30,39397.95,39553.15,39361.25,39543.3,0,0
2022-10-14 13:45:00+05:30,39546.3,39569.8,39406.5,39477.45,0,0
2022-10-14 14:15:00+05:30,39478.65,39497.7,39301.2,39375.8,0,0
2022-10-14 14:45:00+05:30,39375.85,39425.65,39239.65,39274.85,0,0
2022-10-14 15:15:00+05:30,39266.7,39381.65,39256.5,39370.65,0,0
2022-10-17 09:15:00+05:30,39295.6,39546.7,39148.2,39375.3,0,0
2022-10-17 09:45:00+05:30,39375.05,39636.0,39374.3,39636.0,0,0
2022-10-17 10:15:00+05:30,39636.95,39829.4,39632.9,39803.0,0,0
2022-10-17 10:45:00+05:30,39808.35,39826.45,39632.05,39728.0,0,0
2022-10-17 11:15:00+05:30,39732.4,39745.85,39662.7,39722.05,0,0
2022-10-17 11:45:00+05:30,39717.05,39740.9,39605.7,39721.25,0,0
2022-10-17 12:15:00+05:30,39721.5,39772.25,39692.2,39735.6,0,0
2022-10-17 12:45:00+05:30,39735.55,39803.65,39671.9,39785.6,0,0
2022-10-17 13:15:00+05:30,39782.65,39883.9,39775.75,39820.35,0,0
2022-10-17 13:45:00+05:30,39820.65,39864.95,39711.25,39767.0,0,0
2022-10-17 14:15:00+05:30,39765.9,39843.45,39746.65,39832.15,0,0
2022-10-17 14:45:00+05:30,39830.65,39927.6,39782.75,39903.65,0,0
2022-10-17 15:15:00+05:30,39906.25,39971.5,39887.55,39959.45,0,0
2022-10-18 09:15:00+05:30,40252.05,40344.25,40141.5,40264.7,0,0
2022-10-18 09:45:00+05:30,40266.3,40322.35,40256.65,40269.35,0,0
2022-10-18 10:15:00+05:30,40270.9,40361.75,40241.75,40304.75,0,0
2022-10-18 10:45:00+05:30,40301.0,40330.0,40223.9,40275.8,0,0
2022-10-18 11:15:00+05:30,40272.2,40275.95,40199.45,40262.6,0,0
2022-10-18 11:45:00+05:30,40262.8,40360.65,40243.8,40343.2,0,0
2022-10-18 12:15:00+05:30,40342.55,40358.15,40292.25,40315.65,0,0
2022-10-18 12:45:00+05:30,40319.1,40432.7,40317.8,40377.75,0,0
2022-10-18 13:15:00+05:30,40379.1,40429.8,40347.4,40356.9,0,0
2022-10-18 13:45:00+05:30,40350.8,40386.3,40305.3,40326.3,0,0
2022-10-18 14:15:00+05:30,40326.7,40387.8,40218.8,40268.7,0,0
2022-10-18 14:45:00+05:30,40268.75,40358.55,40265.75,40303.5,0,0
2022-10-18 15:15:00+05:30,40304.1,40336.85,40290.3,40303.95,0,0
2022-10-19 09:15:00+05:30,40556.65,40621.55,40450.5,40573.55,0,0
2022-10-19 09:45:00+05:30,40570.45,40609.0,40524.7,40557.4,0,0
2022-10-19 10:15:00+05:30,40556.85,40607.15,40516.65,40567.25,0,0
2022-10-19 10:45:00+05:30,40566.45,40573.5,40467.45,40508.25,0,0
2022-10-19 11:15:00+05:30,40506.15,40528.45,40341.35,40451.75,0,0
2022-10-19 11:45:00+05:30,40450.95,40460.85,40344.2,40361.35,0,0
2022-10-19 12:15:00+05:30,40362.25,40411.25,40271.6,40296.1,0,0
2022-10-19 12:45:00+05:30,40298.25,40299.55,40196.4,40274.15,0,0
2022-10-19 13:15:00+05:30,40275.4,40406.4,40270.5,40338.65,0,0
2022-10-19 13:45:00+05:30,40340.55,40486.35,40265.05,40482.45,0,0
2022-10-19 14:15:00+05:30,40484.25,40534.2,40379.75,40385.05,0,0
2022-10-19 14:45:00+05:30,40380.3,40395.7,40242.05,40359.6,0,0
2022-10-19 15:15:00+05:30,40361.45,40424.75,40337.35,40379.95,0,0
2022-10-20 09:15:00+05:30,40149.5,40194.0,39942.5,39970.25,0,0
2022-10-20 09:45:00+05:30,39965.85,40053.05,39899.45,40043.95,0,0
2022-10-20 10:15:00+05:30,40041.6,40086.3,39910.0,40001.2,0,0
2022-10-20 10:45:00+05:30,40002.0,40064.25,39857.85,39898.35,0,0
2022-10-20 11:15:00+05:30,39901.7,39943.0,39871.95,39917.7,0,0
2022-10-20 11:45:00+05:30,39919.25,39990.7,39871.5,39895.0,0,0
2022-10-20 12:15:00+05:30,39893.25,40022.65,39890.95,40001.2,0,0
2022-10-20 12:45:00+05:30,40000.2,40037.25,39945.75,39968.85,0,0
2022-10-20 13:15:00+05:30,39968.15,39988.75,39917.5,39931.6,0,0
2022-10-20 13:45:00+05:30,39931.45,39984.3,39879.2,39983.75,0,0
2022-10-20 14:15:00+05:30,39984.65,40115.4,39965.3,40064.65,0,0
2022-10-20 14:45:00+05:30,40067.4,40115.75,40024.1,40115.0,0,0
2022-10-20 15:15:00+05:30,40114.4,40168.25,40105.5,40116.0,0,0
2022-10-21 09:15:00+05:30,40370.75,40596.25,40370.4,40566.9,0,0
2022-10-21 09:45:00+05:30,40567.4,40742.45,40507.7,40726.75,0,0
2022-10-21 10:15:00+05:30,40726.05,40753.9,40682.95,40728.8,0,0
2022-10-21 10:45:00+05:30,40727.9,40743.2,40653.45,40730.3,0,0
2022-10-21 11:15:00+05:30,40729.05,40816.35,40702.65,40816.35,0,0
2022-10-21 11:45:00+05:30,40814.25,40888.75,40743.0,40854.1,0,0
2022-10-21 12:15:00+05:30,40856.15,40880.05,40812.2,40842.3,0,0
2022-10-21 12:45:00+05:30,40842.05,41031.5,40842.05,40993.6,0,0
2022-10-21 13:15:00+05:30,40993.95,41010.25,40815.55,40818.85,0,0
2022-10-21 13:45:00+05:30,40818.25,40888.35,40668.2,40745.15,0,0
2022-10-21 14:15:00+05:30,40746.95,40822.9,40631.85,40652.35,0,0
2022-10-21 14:45:00+05:30,40652.95,40778.4,40610.85,40743.3,0,0
2022-10-21 15:15:00+05:30,40744.85,40897.65,40739.1,40881.6,0,0
2022-10-24 18:15:00+05:30,41348.35,41420.4,41216.6,41311.95,0,0
2022-10-24 18:45:00+05:30,41314.85,41367.3,41226.0,41367.3,0,0
2022-10-25 09:15:00+05:30,41513.65,41513.65,41124.75,41248.2,0,0
2022-10-25 09:45:00+05:30,41254.25,41371.05,41229.2,41329.1,0,0
2022-10-25 10:15:00+05:30,41329.85,41335.35,41155.3,41177.05,0,0
2022-10-25 10:45:00+05:30,41181.2,41224.9,41108.55,41123.05,0,0
2022-10-25 11:15:00+05:30,41120.8,41203.7,41115.6,41157.3,0,0
2022-10-25 11:45:00+05:30,41155.35,41238.95,41134.55,41214.7,0,0
2022-10-25 12:15:00+05:30,41215.0,41237.25,41164.6,41178.2,0,0
2022-10-25 12:45:00+05:30,41176.75,41215.05,41131.75,41148.2,0,0
2022-10-25 13:15:00+05:30,41144.95,41228.5,41144.75,41222.7,0,0
2022-10-25 13:45:00+05:30,41223.7,41364.8,41203.25,41335.65,0,0
2022-10-25 14:15:00+05:30,41333.1,41395.65,41284.85,41366.5,0,0
2022-10-25 14:45:00+05:30,41365.1,41398.25,41090.65,41090.95,0,0
2022-10-25 15:15:00+05:30,41096.25,41126.9,41022.2,41045.5,0,0
2022-10-27 09:15:00+05:30,41440.7,41496.6,41308.5,41492.85,0,0
2022-10-27 09:45:00+05:30,41499.2,41511.15,41328.8,41366.15,0,0
2022-10-27 10:15:00+05:30,41363.25,41417.7,41313.85,41316.8,0,0
2022-10-27 10:45:00+05:30,41317.3,41347.3,41291.25,41345.15,0,0
2022-10-27 11:15:00+05:30,41340.5,41358.55,41279.6,41296.85,0,0
2022-10-27 11:45:00+05:30,41300.65,41352.9,41276.1,41299.2,0,0
2022-10-27 12:15:00+05:30,41301.15,41301.15,41219.15,41237.45,0,0
2022-10-27 12:45:00+05:30,41235.0,41328.2,41217.95,41277.35,0,0
2022-10-27 13:15:00+05:30,41277.45,41365.9,41269.9,41311.75,0,0
2022-10-27 13:45:00+05:30,41310.25,41345.5,41267.7,41323.55,0,0
2022-10-27 14:15:00+05:30,41324.75,41337.35,41180.2,41198.1,0,0
2022-10-27 14:45:00+05:30,41197.85,41297.75,41187.7,41279.45,0,0
2022-10-27 15:15:00+05:30,41278.3,41365.65,41273.6,41335.4,0,0
2022-10-28 09:15:00+05:30,41236.8,41482.15,41236.8,41368.2,0,0
2022-10-28 09:45:00+05:30,41365.2,41369.75,41200.85,41324.2,0,0
2022-10-28 10:15:00+05:30,41326.15,41338.05,41202.25,41211.35,0,0
2022-10-28 10:45:00+05:30,41210.7,41210.7,41104.85,41170.9,0,0
2022-10-28 11:15:00+05:30,41169.6,41171.15,40983.05,40992.75,0,0
2022-10-28 11:45:00+05:30,40994.55,41051.3,40925.15,41048.25,0,0
2022-10-28 12:15:00+05:30,41049.8,41061.35,40965.45,41025.9,0,0
2022-10-28 12:45:00+05:30,41025.55,41028.05,40889.25,40938.4,0,0
2022-10-28 13:15:00+05:30,40935.65,40982.8,40879.7,40940.85,0,0
2022-10-28 13:45:00+05:30,40942.7,40944.9,40840.25,40874.7,0,0
2022-10-28 14:15:00+05:30,40875.35,40987.1,40867.0,40940.75,0,0
2022-10-28 14:45:00+05:30,40938.2,41022.5,40910.15,41015.2,0,0
2022-10-28 15:15:00+05:30,41016.5,41043.4,40982.05,41034.55,0,0
2022-10-31 09:15:00+05:30,41265.7,41351.3,41148.9,41208.6,0,0
2022-10-31 09:45:00+05:30,41209.9,41235.4,41106.6,41183.95,0,0
2022-10-31 10:15:00+05:30,41185.1,41231.75,41119.9,41188.0,0,0
2022-10-31 10:45:00+05:30,41187.35,41210.4,41140.45,41198.15,0,0
2022-10-31 11:15:00+05:30,41197.65,41271.9,41181.85,41224.95,0,0
2022-10-31 11:45:00+05:30,41226.65,41298.55,41209.2,41269.5,0,0
2022-10-31 12:15:00+05:30,41269.5,41301.75,41243.8,41282.8,0,0
2022-10-31 12:45:00+05:30,41284.6,41330.2,41217.55,41284.0,0,0
2022-10-31 13:15:00+05:30,41282.1,41346.45,41266.5,41273.15,0,0
2022-10-31 13:45:00+05:30,41271.9,41295.85,41222.0,41239.55,0,0
2022-10-31 14:15:00+05:30,41236.55,41276.25,41216.5,41246.55,0,0
2022-10-31 14:45:00+05:30,41246.5,41340.9,41234.45,41319.45,0,0
2022-10-31 15:15:00+05:30,41320.4,41325.0,41284.8,41314.9,0,0
2022-11-01 09:15:00+05:30,41552.4,41565.1,41394.65,41565.1,0,0
2022-11-01 09:45:00+05:30,41560.15,41674.1,41559.25,41632.7,0,0
2022-11-01 10:15:00+05:30,41633.25,41638.4,41552.4,41637.3,0,0
2022-11-01 10:45:00+05:30,41637.9,41673.9,41614.35,41645.3,0,0
2022-11-01 11:15:00+05:30,41647.3,41650.25,41588.5,41612.6,0,0
2022-11-01 11:45:00+05:30,41616.8,41626.15,41478.65,41484.6,0,0
2022-11-01 12:15:00+05:30,41481.6,41498.45,41320.8,41360.1,0,0
2022-11-01 12:45:00+05:30,41362.7,41403.85,41220.8,41247.1,0,0
2022-11-01 13:15:00+05:30,41247.4,41398.95,41230.5,41359.55,0,0
2022-11-01 13:45:00+05:30,41358.85,41389.1,41268.05,41325.75,0,0
2022-11-01 14:15:00+05:30,41324.65,41351.0,41272.55,41294.8,0,0
2022-11-01 14:45:00+05:30,41293.6,41378.1,41196.8,41292.1,0,0
2022-11-01 15:15:00+05:30,41293.15,41332.85,41254.65,41268.6,0,0
2022-11-02 09:15:00+05:30,41472.6,41472.6,41235.25,41374.3,0,0
2022-11-02 09:45:00+05:30,41376.6,41465.35,41294.3,41426.75,0,0
2022-11-02 10:15:00+05:30,41425.05,41445.7,41314.5,41318.15,0,0
2022-11-02 10:45:00+05:30,41320.4,41386.3,41254.45,41318.7,0,0
2022-11-02 11:15:00+05:30,41320.1,41348.3,41305.1,41309.65,0,0
2022-11-02 11:45:00+05:30,41310.45,41339.3,41265.95,41278.25,0,0
2022-11-02 12:15:00+05:30,41278.55,41297.3,41235.5,41241.25,0,0
2022-11-02 12:45:00+05:30,41240.45,41241.05,41119.8,41178.5,0,0
2022-11-02 13:15:00+05:30,41180.55,41223.9,41078.3,41084.55,0,0
2022-11-02 13:45:00+05:30,41085.05,41156.15,41063.15,41071.85,0,0
2022-11-02 14:15:00+05:30,41072.75,41141.95,41071.7,41108.35,0,0
2022-11-02 14:45:00+05:30,41109.95,41175.45,41087.55,41140.5,0,0
2022-11-02 15:15:00+05:30,41137.95,41169.35,41094.0,41107.75,0,0
2022-11-03 09:15:00+05:30,40873.7,41313.05,40848.8,41263.55,0,0
2022-11-03 09:45:00+05:30,41268.05,41384.05,41220.55,41384.05,0,0
2022-11-03 10:15:00+05:30,41384.4,41424.3,41339.6,41358.7,0,0
2022-11-03 10:45:00+05:30,41359.25,41411.75,41302.2,41401.15,0,0
2022-11-03 11:15:00+05:30,41401.85,41475.15,41304.0,41313.0,0,0
2022-11-03 11:45:00+05:30,41311.55,41358.85,41274.15,41304.5,0,0
2022-11-03 12:15:00+05:30,41307.1,41315.25,41245.0,41266.65,0,0
2022-11-03 12:45:00+05:30,41268.45,41358.65,41236.3,41351.35,0,0
2022-11-03 13:15:00+05:30,41351.7,41433.95,41334.9,41423.8,0,0
2022-11-03 13:45:00+05:30,41425.6,41429.05,41295.7,41337.35,0,0
2022-11-03 14:15:00+05:30,41336.7,41356.3,41250.05,41315.85,0,0
2022-11-03 14:45:00+05:30,41318.05,41367.1,41268.75,41271.5,0,0
2022-11-03 15:15:00+05:30,41268.8,41307.65,41257.65,41304.65,0,0
2022-11-04 09:15:00+05:30,41314.85,41514.85,41249.35,41280.85,0,0
2022-11-04 09:45:00+05:30,41276.4,41315.85,41174.7,41180.6,0,0
2022-11-04 10:15:00+05:30,41178.45,41206.45,41102.8,41112.05,0,0
2022-11-04 10:45:00+05:30,41111.15,41202.4,41088.75,41167.05,0,0
2022-11-04 11:15:00+05:30,41165.25,41205.35,41135.9,41161.1,0,0
2022-11-04 11:45:00+05:30,41161.6,41184.45,41128.5,41158.1,0,0
2022-11-04 12:15:00+05:30,41160.1,41211.45,41132.65,41140.25,0,0
2022-11-04 12:45:00+05:30,41140.3,41193.05,41102.35,41180.5,0,0
2022-11-04 13:15:00+05:30,41181.15,41212.55,41168.25,41181.5,0,0
2022-11-04 13:45:00+05:30,41178.2,41222.35,41052.75,41121.65,0,0
2022-11-04 14:15:00+05:30,41120.1,41171.15,41088.05,41144.9,0,0
2022-11-04 14:45:00+05:30,41144.0,41280.75,41131.0,41273.35,0,0
2022-11-04 15:15:00+05:30,41272.75,41311.9,41250.95,41297.15,0,0
2022-11-07 09:15:00+05:30,41740.65,41774.5,41579.6,41656.45,0,0
2022-11-07 09:45:00+05:30,41655.8,41700.25,41599.3,41599.3,0,0
2022-11-07 10:15:00+05:30,41598.3,41626.7,41561.65,41565.0,0,0
2022-11-07 10:45:00+05:30,41564.8,41570.0,41442.5,41474.7,0,0
2022-11-07 11:15:00+05:30,41476.8,41499.65,41416.4,41458.3,0,0
2022-11-07 11:45:00+05:30,41449.75,41493.5,41431.25,41476.95,0,0
2022-11-07 12:15:00+05:30,41473.9,41514.9,41419.7,41449.75,0,0
2022-11-07 12:45:00+05:30,41448.95,41516.85,41441.6,41495.15,0,0
2022-11-07 13:15:00+05:30,41494.4,41517.55,41338.5,41383.3,0,0
2022-11-07 13:45:00+05:30,41384.9,41483.55,41372.8,41453.95,0,0
2022-11-07 14:15:00+05:30,41454.3,41579.6,41440.4,41563.8,0,0
2022-11-07 14:45:00+05:30,41564.35,41685.5,41532.6,41678.95,0,0
2022-11-07 15:15:00+05:30,41677.2,41758.7,41677.2,41721.6,0,0
2022-11-09 09:15:00+05:30,41914.85,41914.85,41715.75,41789.05,0,0
2022-11-09 09:45:00+05:30,41790.05,41866.0,41744.8,41783.8,0,0
2022-11-09 10:15:00+05:30,41781.55,41838.05,41766.25,41821.9,0,0
2022-11-09 10:45:00+05:30,41819.05,41851.25,41762.8,41798.25,0,0
2022-11-09 11:15:00+05:30,41798.6,41836.2,41750.9,41799.5,0,0
2022-11-09 11:45:00+05:30,41799.05,41824.3,41691.3,41710.6,0,0
2022-11-09 12:15:00+05:30,41709.5,41804.5,41707.75,41801.5,0,0
2022-11-09 12:45:00+05:30,41800.95,41817.1,41752.7,41805.25,0,0
2022-11-09 13:15:00+05:30,41805.25,41870.35,41772.2,41850.55,0,0
2022-11-09 13:45:00+05:30,41852.7,41924.35,41836.05,41924.35,0,0
2022-11-09 14:15:00+05:30,41925.25,41948.8,41754.6,41754.6,0,0
2022-11-09 14:45:00+05:30,41755.05,41884.85,41707.4,41826.6,0,0
2022-11-09 15:15:00+05:30,41828.3,41831.25,41668.8,41690.65,0,0
2022-11-10 09:15:00+05:30,41462.85,41634.9,41462.85,41542.65,0,0
2022-11-10 09:45:00+05:30,41543.8,41574.15,41482.75,41533.45,0,0
2022-11-10 10:15:00+05:30,41538.25,41565.3,41458.85,41502.2,0,0
2022-11-10 10:45:00+05:30,41504.35,41522.95,41422.3,41448.65,0,0
2022-11-10 11:15:00+05:30,41447.35,41515.75,41435.45,41482.35,0,0
2022-11-10 11:45:00+05:30,41480.2,41491.7,41363.4,41374.9,0,0
2022-11-10 12:15:00+05:30,41374.8,41386.8,41335.7,41350.8,0,0
2022-11-10 12:45:00+05:30,41349.2,41388.65,41319.45,41385.0,0,0
2022-11-10 13:15:00+05:30,41386.25,41453.45,41362.95,41435.1,0,0
2022-11-10 13:45:00+05:30,41429.1,41499.2,41411.0,41483.45,0,0
2022-11-10 14:15:00+05:30,41482.3,41529.0,41394.95,41503.4,0,0
2022-11-10 14:45:00+05:30,41501.2,41626.25,41483.65,41603.1,0,0
2022-11-10 15:15:00+05:30,41603.0,41629.5,41589.6,41593.6,0,0
2022-11-11 09:15:00+05:30,42163.4,42220.85,41999.5,41999.5,0,0
2022-11-11 09:45:00+05:30,41990.0,42120.55,41990.0,42052.55,0,0
2022-11-11 10:15:00+05:30,42044.9,42069.7,41919.1,41988.35,0,0
2022-11-11 10:45:00+05:30,41989.9,42145.3,41970.55,42081.05,0,0
2022-11-11 11:15:00+05:30,42091.05,42159.6,42075.4,42138.15,0,0
2022-11-11 11:45:00+05:30,42131.4,42249.55,42111.05,42200.85,0,0
2022-11-11 12:15:00+05:30,42196.95,42345.15,42187.2,42309.6,0,0
2022-11-11 12:45:00+05:30,42299.8,42339.2,42122.45,42202.05,0,0
2022-11-11 13:15:00+05:30,42200.15,42251.55,42116.9,42155.2,0,0
2022-11-11 13:45:00+05:30,42151.25,42205.7,42073.2,42160.1,0,0
2022-11-11 14:15:00+05:30,42153.85,42243.45,42117.25,42213.25,0,0
2022-11-11 14:45:00+05:30,42210.15,42232.3,42132.1,42138.6,0,0
2022-11-11 15:15:00+05:30,42137.45,42156.85,42091.95,42149.7,0,0
2022-11-14 09:15:00+05:30,42177.55,42196.0,42000.0,42097.1,0,0
2022-11-14 09:45:00+05:30,42095.25,42124.55,41995.25,42023.2,0,0
2022-11-14 10:15:00+05:30,42020.9,42069.8,41975.25,42035.25,0,0
2022-11-14 10:45:00+05:30,42036.8,42100.3,42006.3,42033.8,0,0
2022-11-14 11:15:00+05:30,42033.8,42044.15,41984.6,42030.9,0,0
2022-11-14 11:45:00+05:30,42035.0,42054.5,41966.2,42000.05,0,0
2022-11-14 12:15:00+05:30,42001.15,42051.7,41997.5,42019.15,0,0
2022-11-14 12:45:00+05:30,42018.55,42094.1,41997.3,42063.9,0,0
2022-11-14 13:15:00+05:30,42065.35,42185.3,42065.25,42168.65,0,0
2022-11-14 13:45:00+05:30,42172.05,42225.85,42162.05,42223.55,0,0
2022-11-14 14:15:00+05:30,42221.45,42230.15,42125.95,42135.85,0,0
2022-11-14 14:45:00+05:30,42136.3,42166.0,42064.7,42075.55,0,0
2022-11-14 15:15:00+05:30,42077.5,42098.65,42051.25,42072.7,0,0
2022-11-15 09:15:00+05:30,42234.85,42285.35,42121.8,42203.4,0,0
2022-11-15 09:45:00+05:30,42204.15,42233.75,42114.5,42218.65,0,0
2022-11-15 10:15:00+05:30,42216.35,42241.25,42148.45,42161.6,0,0
2022-11-15 10:45:00+05:30,42160.8,42205.6,42133.45,42146.7,0,0
2022-11-15 11:15:00+05:30,42147.35,42172.75,42128.1,42152.45,0,0
2022-11-15 11:45:00+05:30,42151.4,42151.4,42099.6,42103.7,0,0
2022-11-15 12:15:00+05:30,42105.05,42221.5,42080.8,42197.4,0,0
2022-11-15 12:45:00+05:30,42198.25,42257.2,42185.05,42203.0,0,0
2022-11-15 13:15:00+05:30,42202.35,42244.95,42148.35,42232.5,0,0
2022-11-15 13:45:00+05:30,42227.0,42233.1,42140.45,42172.3,0,0
2022-11-15 14:15:00+05:30,42172.4,42310.05,42151.15,42277.7,0,0
2022-11-15 14:45:00+05:30,42276.45,42375.7,42276.45,42358.85,0,0
2022-11-15 15:15:00+05:30,42362.35,42444.05,42357.9,42430.25,0,0
2022-11-16 09:15:00+05:30,42371.8,42421.4,42297.7,42330.55,0,0
2022-11-16 09:45:00+05:30,42332.5,42508.75,42313.2,42500.2,0,0
2022-11-16 10:15:00+05:30,42502.15,42552.5,42471.35,42525.1,0,0
2022-11-16 10:45:00+05:30,42528.0,42556.7,42484.15,42497.55,0,0
2022-11-16 11:15:00+05:30,42497.1,42557.05,42471.05,42477.95,0,0
2022-11-16 11:45:00+05:30,42477.35,42486.95,42422.6,42454.35,0,0
2022-11-16 12:15:00+05:30,42454.35,42551.05,42442.05,42500.1,0,0
2022-11-16 12:45:00+05:30,42503.3,42540.7,42478.1,42523.45,0,0
2022-11-16 13:15:00+05:30,42524.15,42596.8,42478.35,42592.1,0,0
2022-11-16 13:45:00+05:30,42589.35,42599.1,42503.65,42523.3,0,0
2022-11-16 14:15:00+05:30,42523.45,42536.9,42398.5,42440.7,0,0
2022-11-16 14:45:00+05:30,42445.0,42605.5,42419.35,42528.65,0,0
2022-11-16 15:15:00+05:30,42531.55,42539.2,42486.35,42498.95,0,0
2022-11-17 09:15:00+05:30,42399.65,42551.5,42371.2,42524.0,0,0
2022-11-17 09:45:00+05:30,42524.05,42549.35,42440.05,42455.05,0,0
2022-11-17 10:15:00+05:30,42457.95,42486.65,42430.8,42459.0,0,0
2022-11-17 10:45:00+05:30,42458.75,42487.2,42427.55,42436.25,0,0
2022-11-17 11:15:00+05:30,42439.9,42461.0,42389.0,42452.25,0,0
2022-11-17 11:45:00+05:30,42451.9,42478.1,42433.05,42442.4,0,0
2022-11-17 12:15:00+05:30,42442.65,42510.9,42427.05,42510.3,0,0
2022-11-17 12:45:00+05:30,42510.85,42535.6,42484.8,42518.95,0,0
2022-11-17 13:15:00+05:30,42519.2,42567.25,42505.0,42516.05,0,0
2022-11-17 13:45:00+05:30,42516.05,42565.1,42493.6,42561.25,0,0
2022-11-17 14:15:00+05:30,42561.2,42592.9,42523.7,42577.95,0,0
2022-11-17 14:45:00+05:30,42575.5,42621.5,42416.95,42427.0,0,0
2022-11-17 15:15:00+05:30,42428.0,42462.7,42394.05,42426.0,0,0
2022-11-18 09:15:00+05:30,42545.75,42588.75,42441.4,42532.5,0,0
2022-11-18 09:45:00+05:30,42535.6,42576.35,42424.75,42438.8,0,0
2022-11-18 10:15:00+05:30,42439.85,42490.95,42393.55,42399.6,0,0
2022-11-18 10:45:00+05:30,42399.0,42440.85,42262.05,42269.0,0,0
2022-11-18 11:15:00+05:30,42271.45,42384.95,42259.9,42370.65,0,0
2022-11-18 11:45:00+05:30,42371.4,42383.15,42302.3,42340.75,0,0
2022-11-18 12:15:00+05:30,42340.35,42366.8,42283.1,42322.85,0,0
2022-11-18 12:45:00+05:30,42320.9,42360.75,42291.05,42321.7,0,0
2022-11-18 13:15:00+05:30,42320.65,42361.95,42257.4,42273.95,0,0
2022-11-18 13:45:00+05:30,42271.45,42299.05,42224.6,42245.85,0,0
2022-11-18 14:15:00+05:30,42251.85,42380.95,42231.35,42380.4,0,0
2022-11-18 14:45:00+05:30,42378.85,42476.05,42344.35,42448.05,0,0
2022-11-18 15:15:00+05:30,42453.75,42455.9,42400.65,42422.65,0,0
2022-11-21 09:15:00+05:30,42286.95,42369.15,42202.85,42218.6,0,0
2022-11-21 09:45:00+05:30,42218.5,42303.0,42217.75,42298.0,0,0
2022-11-21 10:15:00+05:30,42302.8,42329.8,42259.1,42259.1,0,0
2022-11-21 10:45:00+05:30,42263.9,42355.05,42249.1,42332.85,0,0
2022-11-21 11:15:00+05:30,42330.1,42354.3,42287.55,42297.2,0,0
2022-11-21 11:45:00+05:30,42296.4,42326.8,42254.15,42261.85,0,0
2022-11-21 12:15:00+05:30,42263.15,42282.7,42237.6,42261.7,0,0
2022-11-21 12:45:00+05:30,42262.8,42311.05,42245.15,42259.45,0,0
2022-11-21 13:15:00+05:30,42259.75,42307.9,42213.55,42276.3,0,0
2022-11-21 13:45:00+05:30,42278.4,42328.8,42261.25,42295.25,0,0
2022-11-21 14:15:00+05:30,42296.35,42310.1,42247.05,42274.25,0,0
2022-11-21 14:45:00+05:30,42274.45,42363.55,42236.2,42351.5,0,0
2022-11-21 15:15:00+05:30,42352.9,42383.65,42326.65,42360.9,0,0
2022-11-22 09:15:00+05:30,42467.4,42467.4,42357.1,42409.85,0,0
2022-11-22 09:45:00+05:30,42414.0,42420.15,42357.5,42384.65,0,0
2022-11-22 10:15:00+05:30,42381.95,42405.1,42373.5,42393.9,0,0
2022-11-22 10:45:00+05:30,42390.2,42408.75,42348.15,42376.75,0,0
2022-11-22 11:15:00+05:30,42369.9,42408.6,42356.95,42392.2,0,0
2022-11-22 11:45:00+05:30,42392.6,42432.95,42379.1,42423.65,0,0
2022-11-22 12:15:00+05:30,42424.55,42450.3,42403.1,42421.0,0,0
2022-11-22 12:45:00+05:30,42419.3,42437.3,42394.75,42410.05,0,0
2022-11-22 13:15:00+05:30,42408.35,42441.25,42406.55,42420.8,0,0
2022-11-22 13:45:00+05:30,42421.9,42452.3,42404.9,42411.45,0,0
2022-11-22 14:15:00+05:30,42411.75,42439.6,42382.25,42395.4,0,0
2022-11-22 14:45:00+05:30,42394.5,42465.45,42376.3,42461.85,0,0
2022-11-22 15:15:00+05:30,42461.15,42505.65,42446.9,42475.0,0,0
2022-11-23 09:15:00+05:30,42668.55,42674.0,42566.7,42647.95,0,0
2022-11-23 09:45:00+05:30,42649.9,42691.25,42629.3,42668.5,0,0
2022-11-23 10:15:00+05:30,42668.6,42681.15,42640.75,42666.7,0,0
2022-11-23 10:45:00+05:30,42667.65,42695.55,42645.8,42673.45,0,0
2022-11-23 11:15:00+05:30,42674.75,42682.8,42642.05,42658.45,0,0
2022-11-23 11:45:00+05:30,42660.4,42678.1,42643.1,42662.85,0,0
2022-11-23 12:15:00+05:30,42660.15,42660.15,42635.05,42657.85,0,0
2022-11-23 12:45:00+05:30,42654.8,42702.95,42648.65,42681.25,0,0
2022-11-23 13:15:00+05:30,42682.3,42713.65,42669.5,42711.05,0,0
2022-11-23 13:45:00+05:30,42712.55,42771.15,42698.4,42770.05,0,0
2022-11-23 14:15:00+05:30,42768.25,42807.5,42739.45,42806.1,0,0
2022-11-23 14:45:00+05:30,42807.5,42860.5,42710.3,42733.3,0,0
2022-11-23 15:15:00+05:30,42732.9,42734.3,42675.5,42675.8,0,0
2022-11-24 09:15:00+05:30,42838.35,42949.5,42785.9,42943.45,0,0
2022-11-24 09:45:00+05:30,42946.35,42962.65,42900.5,42910.85,0,0
2022-11-24 10:15:00+05:30,42913.3,42951.35,42897.75,42944.5,0,0
2022-11-24 10:45:00+05:30,42943.7,42989.65,42940.6,42976.4,0,0
2022-11-24 11:15:00+05:30,42975.6,42985.1,42931.25,42968.3,0,0
2022-11-24 11:45:00+05:30,42966.5,42990.25,42925.8,42986.1,0,0
2022-11-24 12:15:00+05:30,42988.6,43009.45,42916.35,42930.25,0,0
2022-11-24 12:45:00+05:30,42929.6,42983.65,42900.35,42916.0,0,0
2022-11-24 13:15:00+05:30,42916.8,42921.9,42873.55,42888.35,0,0
2022-11-24 13:45:00+05:30,42883.15,42963.95,42883.15,42956.35,0,0
2022-11-24 14:15:00+05:30,42958.75,42970.5,42910.35,42916.35,0,0
2022-11-24 14:45:00+05:30,42916.5,43069.05,42902.2,43063.0,0,0
2022-11-24 15:15:00+05:30,43063.55,43158.55,43062.35,43102.15,0,0
2022-11-25 09:15:00+05:30,43192.45,43338.3,43095.05,43191.3,0,0
2022-11-25 09:45:00+05:30,43192.9,43243.95,43109.45,43135.5,0,0
2022-11-25 10:15:00+05:30,43141.3,43222.7,43136.3,43211.1,0,0
2022-11-25 10:45:00+05:30,43211.8,43228.05,43034.95,43040.35,0,0
2022-11-25 11:15:00+05:30,43037.2,43084.15,43021.05,43029.2,0,0
2022-11-25 11:45:00+05:30,43029.35,43033.25,42932.5,42968.75,0,0
2022-11-25 12:15:00+05:30,42967.9,43001.95,42950.85,42952.4,0,0
2022-11-25 12:45:00+05:30,42952.35,43041.2,42929.05,42965.65,0,0
2022-11-25 13:15:00+05:30,42964.85,43016.5,42935.2,42986.55,0,0
2022-11-25 13:45:00+05:30,42987.05,43056.9,42944.4,42959.1,0,0
2022-11-25 14:15:00+05:30,42958.95,43018.8,42867.0,42979.05,0,0
2022-11-25 14:45:00+05:30,42979.65,43047.3,42926.2,43001.55,0,0
2022-11-25 15:15:00+05:30,43004.85,43016.75,42932.45,42961.35,0,0
2022-11-28 09:15:00+05:30,42757.2,42950.8,42757.2,42917.9,0,0
2022-11-28 09:45:00+05:30,42914.4,42934.35,42850.5,42897.0,0,0
2022-11-28 10:15:00+05:30,42895.7,42944.6,42872.75,42922.2,0,0
2022-11-28 10:45:00+05:30,42922.05,42953.75,42893.95,42901.2,0,0
2022-11-28 11:15:00+05:30,42902.2,42957.7,42883.4,42952.0,0,0
2022-11-28 11:45:00+05:30,42951.3,43095.55,42951.3,43092.3,0,0
2022-11-28 12:15:00+05:30,43092.95,43127.35,43066.05,43076.7,0,0
2022-11-28 12:45:00+05:30,43075.9,43157.8,43074.85,43116.55,0,0
2022-11-28 13:15:00+05:30,43114.1,43130.7,43063.5,43118.7,0,0
2022-11-28 13:45:00+05:30,43119.1,43124.45,43001.05,43025.9,0,0
2022-11-28 14:15:00+05:30,43025.55,43081.1,42999.0,43046.55,0,0
2022-11-28 14:45:00+05:30,43041.85,43134.0,43000.7,43016.1,0,0
2022-11-28 15:15:00+05:30,43016.45,43037.3,42961.75,42983.2,0,0
2022-11-29 09:15:00+05:30,42959.4,43214.4,42959.4,43200.7,0,0
2022-11-29 09:45:00+05:30,43201.8,43241.6,43159.7,43228.55,0,0
2022-11-29 10:15:00+05:30,43229.25,43255.95,43208.8,43224.05,0,0
2022-11-29 10:45:00+05:30,43223.85,43278.2,43213.55,43256.4,0,0
2022-11-29 11:15:00+05:30,43253.05,43269.8,43183.6,43191.65,0,0
2022-11-29 11:45:00+05:30,43192.6,43198.45,43124.75,43191.25,0,0
2022-11-29 12:15:00+05:30,43194.2,43194.2,43137.6,43177.65,0,0
2022-11-29 12:45:00+05:30,43166.65,43191.9,43113.55,43160.85,0,0
2022-11-29 13:15:00+05:30,43163.25,43196.45,43150.0,43173.15,0,0
2022-11-29 13:45:00+05:30,43173.8,43210.95,43150.0,43162.65,0,0
2022-11-29 14:15:00+05:30,43162.1,43191.4,43058.75,43089.5,0,0
2022-11-29 14:45:00+05:30,43090.95,43107.85,43041.4,43055.6,0,0
2022-11-29 15:15:00+05:30,43060.65,43074.6,43012.05,43045.3,0,0
2022-11-30 09:15:00+05:30,43122.75,43249.85,43122.75,43144.2,0,0
2022-11-30 09:45:00+05:30,43142.7,43154.3,43078.85,43107.55,0,0
2022-11-30 10:15:00+05:30,43105.85,43105.85,42977.0,42978.45,0,0
2022-11-30 10:45:00+05:30,42975.7,42980.55,42924.95,42960.95,0,0
2022-11-30 11:15:00+05:30,42956.45,42981.65,42881.65,42950.7,0,0
2022-11-30 11:45:00+05:30,42951.7,42984.45,42913.45,42931.05,0,0
2022-11-30 12:15:00+05:30,42929.05,42948.3,42907.3,42941.15,0,0
2022-11-30 12:45:00+05:30,42934.85,42998.95,42888.45,42998.0,0,0
2022-11-30 13:15:00+05:30,42996.15,43006.2,42922.75,42932.15,0,0
2022-11-30 13:45:00+05:30,42929.5,43022.1,42926.75,43022.1,0,0
2022-11-30 14:15:00+05:30,43019.95,43091.8,42995.5,43067.15,0,0
2022-11-30 14:45:00+05:30,43063.5,43275.15,43013.6,43275.0,0,0
2022-11-30 15:15:00+05:30,43276.6,43330.15,43214.5,43245.2,0,0
2022-12-01 09:15:00+05:30,43512.1,43512.1,43391.65,43456.0,0,0
2022-12-01 09:45:00+05:30,43448.3,43453.2,43360.15,43376.65,0,0
2022-12-01 10:15:00+05:30,43377.15,43393.2,43331.85,43384.0,0,0
2022-12-01 10:45:00+05:30,43383.7,43416.85,43355.1,43377.15,0,0
2022-12-01 11:15:00+05:30,43380.85,43386.5,43357.15,43361.05,0,0
2022-12-01 11:45:00+05:30,43358.85,43387.05,43336.3,43356.4,0,0
2022-12-01 12:15:00+05:30,43355.1,43408.2,43348.2,43391.55,0,0
2022-12-01 12:45:00+05:30,43391.05,43408.0,43367.7,43387.15,0,0
2022-12-01 13:15:00+05:30,43383.35,43408.9,43147.1,43195.3,0,0
2022-12-01 13:45:00+05:30,43195.75,43320.15,43103.35,43299.25,0,0
2022-12-01 14:15:00+05:30,43300.45,43331.85,43207.55,43252.6,0,0
2022-12-01 14:45:00+05:30,43252.85,43361.95,43211.75,43250.2,0,0
2022-12-01 15:15:00+05:30,43250.95,43273.4,43192.0,43219.75,0,0
2022-12-02 09:15:00+05:30,42976.7,43126.2,42976.7,43046.95,0,0
2022-12-02 09:45:00+05:30,43047.1,43118.75,43030.2,43046.75,0,0
2022-12-02 10:15:00+05:30,43046.05,43063.9,43020.6,43044.25,0,0
2022-12-02 10:45:00+05:30,43044.65,43071.65,43012.4,43047.65,0,0
2022-12-02 11:15:00+05:30,43048.65,43091.95,43007.45,43037.45,0,0
2022-12-02 11:45:00+05:30,43034.3,43036.45,42938.05,42968.5,0,0
2022-12-02 12:15:00+05:30,42963.55,42998.85,42941.95,42998.15,0,0
2022-12-02 12:45:00+05:30,42997.5,43059.0,42965.5,43048.3,0,0
2022-12-02 13:15:00+05:30,43047.85,43083.7,43016.45,43043.45,0,0
2022-12-02 13:45:00+05:30,43044.6,43077.4,42990.3,43004.4,0,0
2022-12-02 14:15:00+05:30,43003.95,43086.45,43001.45,43060.55,0,0
2022-12-02 14:45:00+05:30,43057.7,43120.05,43040.4,43098.75,0,0
2022-12-02 15:15:00+05:30,43098.65,43131.85,43080.0,43098.6,0,0
2022-12-05 09:15:00+05:30,43269.35,43269.35,43062.2,43095.5,0,0
2022-12-05 09:45:00+05:30,43095.4,43096.4,42986.05,43022.5,0,0
2022-12-05 10:15:00+05:30,43022.75,43126.1,43022.75,43115.65,0,0
2022-12-05 10:45:00+05:30,43114.75,43178.7,43089.85,43173.4,0,0
2022-12-05 11:15:00+05:30,43174.1,43198.6,43143.55,43173.0,0,0
2022-12-05 11:45:00+05:30,43170.6,43211.9,43149.2,43205.65,0,0
2022-12-05 12:15:00+05:30,43207.05,43263.85,43181.9,43254.35,0,0
2022-12-05 12:45:00+05:30,43251.8,43293.9,43235.75,43244.4,0,0
2022-12-05 13:15:00+05:30,43241.6,43253.55,43170.75,43186.3,0,0
2022-12-05 13:45:00+05:30,43187.25,43268.05,43159.05,43225.6,0,0
2022-12-05 14:15:00+05:30,43222.95,43321.05,43205.2,43261.4,0,0
2022-12-05 14:45:00+05:30,43259.05,43371.65,43258.45,43348.35,0,0
2022-12-05 15:15:00+05:30,43346.3,43353.9,43289.45,43321.3,0,0
2022-12-06 09:15:00+05:30,43093.9,43287.0,43093.9,43233.4,0,0
2022-12-06 09:45:00+05:30,43231.85,43306.85,43218.85,43261.35,0,0
2022-12-06 10:15:00+05:30,43260.35,43286.85,43228.7,43230.7,0,0
2022-12-06 10:45:00+05:30,43228.65,43239.3,43127.55,43152.95,0,0
2022-12-06 11:15:00+05:30,43157.7,43208.2,43151.5,43165.45,0,0
2022-12-06 11:45:00+05:30,43164.7,43177.5,43140.2,43154.15,0,0
2022-12-06 12:15:00+05:30,43154.0,43201.25,43118.05,43131.3,0,0
2022-12-06 12:45:00+05:30,43132.25,43181.95,43111.75,43156.0,0,0
2022-12-06 13:15:00+05:30,43156.7,43202.2,43131.8,43168.8,0,0
2022-12-06 13:45:00+05:30,43168.5,43209.4,43079.4,43130.0,0,0
2022-12-06 14:15:00+05:30,43130.35,43160.9,43091.35,43098.8,0,0
2022-12-06 14:45:00+05:30,43100.3,43181.25,43088.0,43152.05,0,0
2022-12-06 15:15:00+05:30,43152.25,43157.7,43116.1,43143.15,0,0
2022-12-07 09:15:00+05:30,43157.35,43253.7,43143.75,43223.65,0,0
2022-12-07 09:45:00+05:30,43225.65,43322.6,43223.7,43291.25,0,0
2022-12-07 10:15:00+05:30,43299.85,43318.2,43151.35,43170.35,0,0
2022-12-07 10:45:00+05:30,43173.7,43173.7,42949.95,43019.9,0,0
2022-12-07 11:15:00+05:30,43017.45,43072.45,42971.9,43071.8,0,0
2022-12-07 11:45:00+05:30,43070.8,43126.7,43043.2,43119.1,0,0
2022-12-07 12:15:00+05:30,43119.3,43133.25,43063.25,43071.6,0,0
2022-12-07 12:45:00+05:30,43071.45,43147.25,43069.75,43085.0,0,0
2022-12-07 13:15:00+05:30,43088.1,43180.6,43081.25,43109.15,0,0
2022-12-07 13:45:00+05:30,43108.1,43111.7,43020.7,43033.95,0,0
2022-12-07 14:15:00+05:30,43036.25,43136.85,43027.35,43129.05,0,0
2022-12-07 14:45:00+05:30,43130.05,43172.8,43079.35,43101.3,0,0
2022-12-07 15:15:00+05:30,43102.4,43120.05,43073.95,43108.8,0,0
2022-12-08 09:15:00+05:30,43142.25,43292.8,43095.9,43280.1,0,0
2022-12-08 09:45:00+05:30,43280.2,43392.1,43280.0,43378.9,0,0
2022-12-08 10:15:00+05:30,43377.65,43402.05,43319.3,43348.05,0,0
2022-12-08 10:45:00+05:30,43350.2,43400.7,43326.3,43390.55,0,0
2022-12-08 11:15:00+05:30,43393.05,43458.5,43371.3,43421.4,0,0
2022-12-08 11:45:00+05:30,43421.5,43438.95,43368.65,43403.9,0,0
2022-12-08 12:15:00+05:30,43403.95,43434.85,43349.7,43354.3,0,0
2022-12-08 12:45:00+05:30,43354.1,43427.55,43332.1,43409.9,0,0
2022-12-08 13:15:00+05:30,43408.5,43489.45,43394.05,43441.1,0,0
2022-12-08 13:45:00+05:30,43441.75,43512.35,43437.05,43506.95,0,0
2022-12-08 14:15:00+05:30,43511.1,43597.75,43510.1,43571.55,0,0
2022-12-08 14:45:00+05:30,43571.2,43612.9,43523.9,43592.45,0,0
2022-12-08 15:15:00+05:30,43592.55,43634.0,43586.75,43629.4,0,0
2022-12-09 09:15:00+05:30,43765.3,43786.8,43651.7,43713.75,0,0
2022-12-09 09:45:00+05:30,43713.55,43852.2,43696.25,43805.7,0,0
2022-12-09 10:15:00+05:30,43806.1,43819.0,43700.1,43727.6,0,0
2022-12-09 10:45:00+05:30,43725.6,43736.6,43673.35,43705.0,0,0
2022-12-09 11:15:00+05:30,43706.85,43750.5,43679.95,43742.95,0,0
2022-12-09 11:45:00+05:30,43743.0,43778.0,43729.6,43742.95,0,0
2022-12-09 12:15:00+05:30,43743.8,43753.6,43555.8,43576.3,0,0
2022-12-09 12:45:00+05:30,43572.75,43601.9,43516.3,43571.1,0,0
2022-12-09 13:15:00+05:30,43566.0,43618.05,43498.3,43498.6,0,0
2022-12-09 13:45:00+05:30,43498.0,43572.0,43460.8,43501.55,0,0
2022-12-09 14:15:00+05:30,43502.15,43502.15,43365.55,43419.15,0,0
2022-12-09 14:45:00+05:30,43422.4,43666.45,43416.9,43662.3,0,0
2022-12-09 15:15:00+05:30,43663.05,43704.35,43607.95,43627.5,0,0
2022-12-12 09:15:00+05:30,43455.85,43633.05,43380.35,43633.05,0,0
2022-12-12 09:45:00+05:30,43632.35,43762.75,43596.0,43688.65,0,0
2022-12-12 10:15:00+05:30,43690.05,43762.2,43652.75,43725.15,0,0
2022-12-12 10:45:00+05:30,43725.15,43756.85,43645.25,43724.6,0,0
2022-12-12 11:15:00+05:30,43726.25,43739.55,43650.5,43667.6,0,0
2022-12-12 11:45:00+05:30,43669.65,43748.45,43634.75,43720.35,0,0
2022-12-12 12:15:00+05:30,43720.1,43740.15,43681.9,43722.05,0,0
2022-12-12 12:45:00+05:30,43724.1,43750.4,43679.9,43714.45,0,0
2022-12-12 13:15:00+05:30,43718.55,43718.6,43581.75,43637.0,0,0
2022-12-12 13:45:00+05:30,43636.55,43704.15,43627.9,43684.8,0,0
2022-12-12 14:15:00+05:30,43685.4,43693.2,43598.45,43661.15,0,0
2022-12-12 14:45:00+05:30,43660.6,43733.6,43620.55,43713.65,0,0
2022-12-12 15:15:00+05:30,43711.85,43748.25,43665.8,43675.1,0,0
2022-12-13 09:15:00+05:30,43793.7,43900.9,43774.2,43891.55,0,0
2022-12-13 09:45:00+05:30,43888.45,43896.85,43838.75,43867.15,0,0
2022-12-13 10:15:00+05:30,43870.8,43939.75,43865.85,43902.25,0,0
2022-12-13 10:45:00+05:30,43901.85,43951.95,43896.85,43922.55,0,0
2022-12-13 11:15:00+05:30,43923.85,43977.05,43918.55,43962.35,0,0
2022-12-13 11:45:00+05:30,43959.2,43980.55,43940.3,43970.25,0,0
2022-12-13 12:15:00+05:30,43970.0,43970.0,43887.9,43898.15,0,0
2022-12-13 12:45:00+05:30,43900.95,43924.6,43874.75,43914.85,0,0
2022-12-13 13:15:00+05:30,43914.8,43935.55,43880.85,43899.1,0,0
2022-12-13 13:45:00+05:30,43897.9,43939.45,43860.25,43867.45,0,0
2022-12-13 14:15:00+05:30,43866.3,43921.0,43853.65,43866.5,0,0
2022-12-13 14:45:00+05:30,43871.0,43959.8,43867.25,43941.6,0,0
2022-12-13 15:15:00+05:30,43939.25,43973.75,43906.35,43921.85,0,0
2022-12-14 09:15:00+05:30,44078.6,44099.15,43999.0,44070.0,0,0
2022-12-14 09:45:00+05:30,44072.85,44084.85,43988.25,44029.0,0,0
2022-12-14 10:15:00+05:30,44028.9,44093.2,44017.65,44082.6,0,0
2022-12-14 10:45:00+05:30,44079.95,44103.75,44052.55,44096.15,0,0
2022-12-14 11:15:00+05:30,44095.4,44124.55,44084.45,44111.35,0,0
2022-12-14 11:45:00+05:30,44112.15,44142.0,44093.65,44134.2,0,0
2022-12-14 12:15:00+05:30,44136.75,44151.5,44088.1,44121.8,0,0
2022-12-14 12:45:00+05:30,44118.55,44136.9,44070.85,44105.55,0,0
2022-12-14 13:15:00+05:30,44105.05,44114.35,44062.25,44098.9,0,0
2022-12-14 13:45:00+05:30,44099.4,44100.9,44042.15,44060.1,0,0
2022-12-14 14:15:00+05:30,44063.0,44103.75,44000.3,44015.55,0,0
2022-12-14 14:45:00+05:30,44017.4,44091.55,44012.45,44050.05,0,0
2022-12-14 15:15:00+05:30,44048.7,44072.4,43995.05,44014.5,0,0
2022-12-15 09:15:00+05:30,43940.1,44103.75,43934.6,44083.25,0,0
2022-12-15 09:45:00+05:30,44079.75,44120.1,44011.4,44032.85,0,0
2022-12-15 10:15:00+05:30,44033.65,44090.5,44014.45,44035.95,0,0
2022-12-15 10:45:00+05:30,44033.0,44073.4,44017.4,44058.95,0,0
2022-12-15 11:15:00+05:30,44058.4,44063.9,43930.8,43960.45,0,0
2022-12-15 11:45:00+05:30,43961.15,43961.25,43875.65,43884.6,0,0
2022-12-15 12:15:00+05:30,43890.6,43914.9,43837.15,43860.95,0,0
2022-12-15 12:45:00+05:30,43859.0,43888.4,43826.15,43827.3,0,0
2022-12-15 13:15:00+05:30,43826.85,43868.95,43804.8,43835.5,0,0
2022-12-15 13:45:00+05:30,43837.1,43887.85,43806.9,43884.3,0,0
2022-12-15 14:15:00+05:30,43884.75,43893.25,43617.2,43617.2,0,0
2022-12-15 14:45:00+05:30,43614.5,43668.95,43477.0,43478.3,0,0
2022-12-15 15:15:00+05:30,43478.1,43499.9,43380.65,43391.8,0,0
2022-12-16 09:15:00+05:30,43261.75,43597.6,43238.85,43381.6,0,0
2022-12-16 09:45:00+05:30,43380.7,43383.7,43177.4,43189.25,0,0
2022-12-16 10:15:00+05:30,43188.55,43229.75,43096.05,43109.5,0,0
2022-12-16 10:45:00+05:30,43104.05,43235.85,43081.15,43223.4,0,0
2022-12-16 11:15:00+05:30,43226.5,43288.15,43171.5,43246.75,0,0
2022-12-16 11:45:00+05:30,43249.1,43258.8,43115.6,43211.95,0,0
2022-12-16 12:15:00+05:30,43209.95,43410.75,43204.85,43402.15,0,0
2022-12-16 12:45:00+05:30,43404.15,43443.45,43332.65,43353.7,0,0
2022-12-16 13:15:00+05:30,43353.6,43392.1,43277.0,43285.4,0,0
2022-12-16 13:45:00+05:30,43286.75,43398.55,43214.6,43314.2,0,0
2022-12-16 14:15:00+05:30,43311.3,43321.75,43171.05,43210.45,0,0
2022-12-16 14:45:00+05:30,43213.15,43249.3,43103.55,43206.0,0,0
2022-12-16 15:15:00+05:30,43206.9,43283.65,43191.6,43216.6,0,0
2022-12-19 09:15:00+05:30,43346.35,43353.5,43157.45,43195.65,0,0
2022-12-19 09:45:00+05:30,43196.05,43363.55,43112.3,43326.75,0,0
2022-12-19 10:15:00+05:30,43326.85,43384.5,43304.95,43384.5,0,0
2022-12-19 10:45:00+05:30,43386.45,43415.7,43318.45,43358.15,0,0
2022-12-19 11:15:00+05:30,43360.8,43434.4,43346.2,43412.85,0,0
2022-12-19 11:45:00+05:30,43416.8,43438.5,43328.75,43373.0,0,0
2022-12-19 12:15:00+05:30,43373.85,43409.25,43319.75,43329.0,0,0
2022-12-19 12:45:00+05:30,43325.25,43330.4,43228.9,43246.6,0,0
2022-12-19 13:15:00+05:30,43244.65,43347.6,43228.5,43346.85,0,0
2022-12-19 13:45:00+05:30,43344.45,43363.1,43293.15,43347.05,0,0
2022-12-19 14:15:00+05:30,43346.25,43417.05,43342.15,43387.55,0,0
2022-12-19 14:45:00+05:30,43386.0,43447.9,43353.95,43427.4,0,0
2022-12-19 15:15:00+05:30,43427.25,43451.4,43385.75,43440.35,0,0
2022-12-20 09:15:00+05:30,43152.65,43349.95,43152.65,43222.7,0,0
2022-12-20 09:45:00+05:30,43220.35,43241.1,43052.0,43135.75,0,0
2022-12-20 10:15:00+05:30,43133.05,43153.55,43088.6,43112.5,0,0
2022-12-20 10:45:00+05:30,43113.9,43156.85,43053.45,43081.8,0,0
2022-12-20 11:15:00+05:30,43082.55,43086.8,42969.55,42969.55,0,0
2022-12-20 11:45:00+05:30,42973.5,43101.95,42955.7,43079.45,0,0
2022-12-20 12:15:00+05:30,43081.35,43147.6,43059.75,43128.7,0,0
2022-12-20 12:45:00+05:30,43129.05,43174.4,43083.15,43091.3,0,0
2022-12-20 13:15:00+05:30,43093.3,43117.75,43039.25,43091.5,0,0
2022-12-20 13:45:00+05:30,43083.5,43155.05,43067.8,43122.3,0,0
2022-12-20 14:15:00+05:30,43117.95,43254.6,43116.2,43212.55,0,0
2022-12-20 14:45:00+05:30,43207.45,43415.9,43159.75,43409.9,0,0
2022-12-20 15:15:00+05:30,43408.45,43422.65,43360.15,43407.8,0,0
2022-12-21 09:15:00+05:30,43525.75,43614.65,43485.65,43491.6,0,0
2022-12-21 09:45:00+05:30,43491.15,43523.5,43400.3,43481.25,0,0
2022-12-21 10:15:00+05:30,43478.0,43493.1,43288.1,43338.9,0,0
2022-12-21 10:45:00+05:30,43333.2,43357.75,43257.7,43315.65,0,0
2022-12-21 11:15:00+05:30,43312.85,43359.5,43279.05,43356.45,0,0
2022-12-21 11:45:00+05:30,43356.2,43392.7,43202.45,43213.0,0,0
2022-12-21 12:15:00+05:30,43213.3,43213.75,43059.0,43089.4,0,0
2022-12-21 12:45:00+05:30,43088.75,43141.65,43007.0,43101.7,0,0
2022-12-21 13:15:00+05:30,43099.75,43103.9,42958.45,42982.4,0,0
2022-12-21 13:45:00+05:30,42984.85,43015.3,42370.1,42708.4,0,0
2022-12-21 14:15:00+05:30,42716.15,42941.35,42586.9,42864.1,0,0
2022-12-21 14:45:00+05:30,42872.0,42912.7,42551.75,42610.15,0,0
2022-12-21 15:15:00+05:30,42609.15,42669.45,42568.15,42658.05,0,0
2022-12-22 09:15:00+05:30,42864.0,42922.4,42449.85,42511.45,0,0
2022-12-22 09:45:00+05:30,42508.65,42732.25,42433.95,42435.75,0,0
2022-12-22 10:15:00+05:30,42445.75,42492.05,42365.8,42431.05,0,0
2022-12-22 10:45:00+05:30,42434.2,42487.4,42350.3,42479.75,0,0
2022-12-22 11:15:00+05:30,42478.4,42573.1,42381.05,42412.5,0,0
2022-12-22 11:45:00+05:30,42411.95,42411.95,42233.9,42241.35,0,0
2022-12-22 12:15:00+05:30,42238.95,42364.2,42236.7,42295.6,0,0
2022-12-22 12:45:00+05:30,42297.55,42462.7,42235.5,42365.45,0,0
2022-12-22 13:15:00+05:30,42362.9,42475.0,42317.3,42397.75,0,0
2022-12-22 13:45:00+05:30,42397.45,42619.2,42380.45,42602.85,0,0
2022-12-22 14:15:00+05:30,42602.6,42637.85,42409.5,42409.5,0,0
2022-12-22 14:45:00+05:30,42404.0,42509.55,42348.4,42461.2,0,0
2022-12-22 15:15:00+05:30,42459.95,42461.05,42348.1,42360.55,0,0
2022-12-23 09:15:00+05:30,41951.35,42200.35,41937.1,42053.25,0,0
2022-12-23 09:45:00+05:30,42048.8,42056.5,41866.65,41927.4,0,0
2022-12-23 10:15:00+05:30,41922.2,41955.4,41846.0,41909.35,0,0
2022-12-23 10:45:00+05:30,41908.65,41997.1,41886.9,41976.8,0,0
2022-12-23 11:15:00+05:30,41976.5,41983.45,41844.4,41844.7,0,0
2022-12-23 11:45:00+05:30,41843.9,41891.1,41785.4,41861.65,0,0
2022-12-23 12:15:00+05:30,41862.2,41929.65,41823.4,41849.65,0,0
2022-12-23 12:45:00+05:30,41848.45,41932.15,41785.15,41873.0,0,0
2022-12-23 13:15:00+05:30,41875.9,41917.75,41788.7,41797.75,0,0
2022-12-23 13:45:00+05:30,41794.75,41830.2,41726.55,41728.7,0,0
2022-12-23 14:15:00+05:30,41729.05,41844.8,41676.4,41798.8,0,0
2022-12-23 14:45:00+05:30,41795.9,41803.45,41599.3,41707.55,0,0
2022-12-23 15:15:00+05:30,41710.55,41727.55,41650.15,41666.15,0,0
2022-12-26 09:15:00+05:30,41716.35,42149.7,41571.95,42129.9,0,0
2022-12-26 09:45:00+05:30,42130.05,42194.6,42060.4,42143.0,0,0
2022-12-26 10:15:00+05:30,42143.95,42168.3,42073.35,42120.6,0,0
2022-12-26 10:45:00+05:30,42125.25,42174.95,42105.2,42122.35,0,0
2022-12-26 11:15:00+05:30,42120.55,42270.95,42104.45,42270.95,0,0
2022-12-26 11:45:00+05:30,42286.4,42345.9,42254.65,42331.65,0,0
2022-12-26 12:15:00+05:30,42331.75,42342.5,42256.3,42269.95,0,0
2022-12-26 12:45:00+05:30,42274.9,42335.6,42228.9,42315.15,0,0
2022-12-26 13:15:00+05:30,42314.9,42420.35,42297.7,42385.85,0,0
2022-12-26 13:45:00+05:30,42385.95,42474.75,42354.2,42474.1,0,0
2022-12-26 14:15:00+05:30,42476.4,42842.35,42448.75,42769.25,0,0
2022-12-26 14:45:00+05:30,42763.4,42810.15,42532.85,42564.45,0,0
2022-12-26 15:15:00+05:30,42560.0,42647.2,42552.7,42631.0,0,0
2022-12-27 09:15:00+05:30,42827.75,42918.45,42437.85,42508.45,0,0
2022-12-27 09:45:00+05:30,42502.5,42576.9,42398.1,42517.85,0,0
2022-12-27 10:15:00+05:30,42517.8,42663.85,42479.25,42621.85,0,0
2022-12-27 10:45:00+05:30,42619.4,42655.5,42514.95,42576.0,0,0
2022-12-27 11:15:00+05:30,42568.55,42631.95,42506.6,42543.85,0,0
2022-12-27 11:45:00+05:30,42544.5,42611.8,42521.6,42550.5,0,0
2022-12-27 12:15:00+05:30,42548.95,42598.55,42469.7,42501.0,0,0
2022-12-27 12:45:00+05:30,42502.0,42534.95,42408.35,42512.55,0,0
2022-12-27 13:15:00+05:30,42515.35,42599.8,42493.5,42552.8,0,0
2022-12-27 13:45:00+05:30,42553.3,42773.75,42546.65,42766.4,0,0
2022-12-27 14:15:00+05:30,42767.5,42792.05,42539.95,42772.2,0,0
2022-12-27 14:45:00+05:30,42772.9,42855.3,42729.7,42852.1,0,0
2022-12-27 15:15:00+05:30,42847.95,42922.6,42844.8,42876.2,0,0
2022-12-28 09:15:00+05:30,42733.6,42902.25,42700.9,42825.4,0,0
2022-12-28 09:45:00+05:30,42825.6,42963.4,42784.3,42944.5,0,0
2022-12-28 10:15:00+05:30,42947.4,42976.25,42769.95,42903.15,0,0
2022-12-28 10:45:00+05:30,42903.8,43015.5,42893.7,43014.05,0,0
2022-12-28 11:15:00+05:30,43012.0,43017.9,42924.9,42965.65,0,0
2022-12-28 11:45:00+05:30,42964.95,43001.05,42956.35,42986.5,0,0
2022-12-28 12:15:00+05:30,42986.55,43034.5,42880.05,42905.55,0,0
2022-12-28 12:45:00+05:30,42902.2,42942.15,42847.0,42866.6,0,0
2022-12-28 13:15:00+05:30,42862.7,42941.8,42837.75,42908.3,0,0
2022-12-28 13:45:00+05:30,42907.1,42975.65,42907.1,42953.5,0,0
2022-12-28 14:15:00+05:30,42950.75,42978.45,42895.75,42960.85,0,0
2022-12-28 14:45:00+05:30,42960.15,42977.35,42816.65,42822.85,0,0
2022-12-28 15:15:00+05:30,42822.35,42835.5,42748.8,42779.2,0,0
2022-12-29 09:15:00+05:30,42684.9,42711.7,42510.45,42513.35,0,0
2022-12-29 09:45:00+05:30,42512.8,42588.9,42494.35,42532.65,0,0
2022-12-29 10:15:00+05:30,42531.3,42615.35,42508.15,42598.25,0,0
2022-12-29 10:45:00+05:30,42598.7,42637.6,42525.7,42570.55,0,0
2022-12-29 11:15:00+05:30,42571.05,42657.55,42547.3,42633.15,0,0
2022-12-29 11:45:00+05:30,42631.35,42694.1,42625.25,42645.45,0,0
2022-12-29 12:15:00+05:30,42647.0,42686.6,42616.55,42640.35,0,0
2022-12-29 12:45:00+05:30,42640.9,42775.5,42622.2,42773.7,0,0
2022-12-29 13:15:00+05:30,42774.8,42827.3,42710.7,42827.3,0,0
2022-12-29 13:45:00+05:30,42826.75,42921.65,42810.9,42889.75,0,0
2022-12-29 14:15:00+05:30,42892.05,42989.4,42840.9,42974.0,0,0
2022-12-29 14:45:00+05:30,42975.3,43297.5,42965.2,43277.7,0,0
2022-12-29 15:15:00+05:30,43287.4,43361.45,43266.25,43309.1,0,0
2022-12-30 09:15:00+05:30,43401.7,43422.05,43142.2,43214.3,0,0
2022-12-30 09:45:00+05:30,43217.6,43281.75,43157.55,43173.1,0,0
2022-12-30 10:15:00+05:30,43171.7,43290.15,43164.8,43242.05,0,0
2022-12-30 10:45:00+05:30,43240.05,43241.6,43151.0,43179.1,0,0
2022-12-30 11:15:00+05:30,43179.95,43184.65,43091.6,43111.4,0,0
2022-12-30 11:45:00+05:30,43108.65,43173.75,43056.45,43120.55,0,0
2022-12-30 12:15:00+05:30,43118.3,43195.0,43110.3,43188.9,0,0
2022-12-30 12:45:00+05:30,43190.2,43197.65,43049.6,43075.3,0,0
2022-12-30 13:15:00+05:30,43076.0,43119.45,43043.4,43064.75,0,0
2022-12-30 13:45:00+05:30,43060.25,43158.25,42994.7,43138.0,0,0
2022-12-30 14:15:00+05:30,43134.6,43140.3,43054.5,43080.1,0,0
2022-12-30 14:45:00+05:30,43078.8,43203.55,42836.05,42974.05,0,0
2022-12-30 15:15:00+05:30,42972.65,43094.95,42927.95,43038.5,0,0
2023-01-02 09:15:00+05:30,43038.25,43274.85,42965.2,43272.75,0,0
2023-01-02 09:45:00+05:30,43277.95,43362.05,43247.25,43261.65,0,0
2023-01-02 10:15:00+05:30,43256.1,43366.2,43240.6,43307.75,0,0
2023-01-02 10:45:00+05:30,43308.75,43373.8,43260.55,43305.85,0,0
2023-01-02 11:15:00+05:30,43307.4,43314.2,43219.65,43268.8,0,0
2023-01-02 11:45:00+05:30,43270.4,43278.55,43214.35,43262.05,0,0
2023-01-02 12:15:00+05:30,43260.3,43275.05,43159.4,43179.95,0,0
2023-01-02 12:45:00+05:30,43181.4,43238.3,43142.0,43223.15,0,0
2023-01-02 13:15:00+05:30,43224.95,43229.6,43142.05,43161.5,0,0
2023-01-02 13:45:00+05:30,43162.55,43174.85,43084.7,43136.05,0,0
2023-01-02 14:15:00+05:30,43136.55,43136.55,43041.0,43103.35,0,0
2023-01-02 14:45:00+05:30,43099.9,43245.55,43096.05,43199.45,0,0
2023-01-02 15:15:00+05:30,43196.8,43265.9,43190.55,43234.3,0,0
2023-01-03 09:15:00+05:30,43151.45,43374.0,43151.45,43339.3,0,0
2023-01-03 09:45:00+05:30,43339.25,43449.7,43317.45,43442.3,0,0
2023-01-03 10:15:00+05:30,43443.75,43457.1,43361.6,43361.6,0,0
2023-01-03 10:45:00+05:30,43361.35,43417.95,43353.3,43392.6,0,0
2023-01-03 11:15:00+05:30,43390.9,43409.75,43332.25,43365.05,0,0
2023-01-03 11:45:00+05:30,43365.8,43370.95,43269.95,43274.95,0,0
2023-01-03 12:15:00+05:30,43275.2,43278.8,43187.5,43244.25,0,0
2023-01-03 12:45:00+05:30,43244.15,43292.65,43219.95,43276.15,0,0
2023-01-03 13:15:00+05:30,43273.2,43383.8,43265.35,43376.8,0,0
2023-01-03 13:45:00+05:30,43375.4,43452.5,43365.3,43367.65,0,0
2023-01-03 14:15:00+05:30,43367.8,43480.6,43364.35,43438.2,0,0
2023-01-03 14:45:00+05:30,43440.3,43476.3,43348.5,43432.6,0,0
2023-01-03 15:15:00+05:30,43433.05,43477.15,43414.0,43448.35,0,0
2023-01-04 09:15:00+05:30,43417.5,43577.35,43337.05,43345.45,0,0
2023-01-04 09:45:00+05:30,43345.7,43375.2,43181.65,43213.5,0,0
2023-01-04 10:15:00+05:30,43213.2,43297.65,43194.2,43254.95,0,0
2023-01-04 10:45:00+05:30,43256.4,43279.6,43086.1,43114.95,0,0
2023-01-04 11:15:00+05:30,43114.85,43159.75,43104.85,43135.95,0,0
2023-01-04 11:45:00+05:30,43132.15,43139.3,42908.4,42913.15,0,0
2023-01-04 12:15:00+05:30,42908.95,43027.9,42908.95,43022.8,0,0
2023-01-04 12:45:00+05:30,43020.25,43079.15,42958.35,43067.7,0,0
2023-01-04 13:15:00+05:30,43066.9,43111.9,43000.4,43106.45,0,0
2023-01-04 13:45:00+05:30,43106.1,43184.3,43083.5,43167.25,0,0
2023-01-04 14:15:00+05:30,43169.75,43186.65,42978.0,42987.9,0,0
2023-01-04 14:45:00+05:30,42984.65,43020.05,42860.2,42976.15,0,0
2023-01-04 15:15:00+05:30,42973.5,42990.05,42912.6,42979.6,0,0
2023-01-05 09:15:00+05:30,43073.05,43130.75,42824.0,42830.25,0,0
2023-01-05 09:45:00+05:30,42820.8,42863.8,42731.2,42853.9,0,0
2023-01-05 10:15:00+05:30,42862.45,42911.4,42777.55,42816.45,0,0
2023-01-05 10:45:00+05:30,42816.2,42826.45,42730.95,42763.75,0,0
2023-01-05 11:15:00+05:30,42763.2,42779.35,42629.05,42673.1,0,0
2023-01-05 11:45:00+05:30,42673.1,42683.9,42572.8,42623.4,0,0
2023-01-05 12:15:00+05:30,42631.45,42671.45,42555.4,42572.85,0,0
2023-01-05 12:45:00+05:30,42574.35,42626.75,42529.45,42572.05,0,0
2023-01-05 13:15:00+05:30,42584.5,42587.25,42300.6,42401.2,0,0
2023-01-05 13:45:00+05:30,42402.4,42478.85,42369.65,42383.85,0,0
2023-01-05 14:15:00+05:30,42386.5,42557.7,42381.75,42479.4,0,0
2023-01-05 14:45:00+05:30,42484.2,42658.8,42454.2,42615.2,0,0
2023-01-05 15:15:00+05:30,42613.2,42641.5,42572.8,42615.95,0,0
2023-01-06 09:15:00+05:30,42649.7,42685.9,42410.85,42544.0,0,0
2023-01-06 09:45:00+05:30,42544.85,42563.5,42293.1,42293.4,0,0
2023-01-06 10:15:00+05:30,42293.4,42365.4,42238.65,42294.3,0,0
2023-01-06 10:45:00+05:30,42296.65,42360.9,42261.7,42320.8,0,0
2023-01-06 11:15:00+05:30,42319.75,42361.9,42258.15,42321.95,0,0
2023-01-06 11:45:00+05:30,42322.95,42375.8,42274.05,42296.85,0,0
2023-01-06 12:15:00+05:30,42299.15,42313.05,42177.3,42186.65,0,0
2023-01-06 12:45:00+05:30,42191.4,42195.1,42021.9,42038.4,0,0
2023-01-06 13:15:00+05:30,42042.95,42059.65,41918.85,41987.15,0,0
2023-01-06 13:45:00+05:30,41986.1,42092.7,41960.6,41982.35,0,0
2023-01-06 14:15:00+05:30,41982.85,42090.35,41881.45,42019.2,0,0
2023-01-06 14:45:00+05:30,42020.05,42260.8,42010.45,42229.4,0,0
2023-01-06 15:15:00+05:30,42228.7,42243.0,42153.1,42218.0,0,0
2023-01-09 09:15:00+05:30,42404.85,42460.35,42189.6,42422.9,0,0
2023-01-09 09:45:00+05:30,42417.7,42543.85,42313.6,42501.7,0,0
2023-01-09 10:15:00+05:30,42503.45,42586.05,42478.5,42517.2,0,0
2023-01-09 10:45:00+05:30,42519.3,42567.55,42493.5,42540.85,0,0
2023-01-09 11:15:00+05:30,42544.2,42704.3,42515.25,42694.35,0,0
2023-01-09 11:45:00+05:30,42688.2,42711.15,42637.55,42681.2,0,0
2023-01-09 12:15:00+05:30,42684.95,42706.0,42605.05,42650.5,0,0
2023-01-09 12:45:00+05:30,42644.25,42661.95,42562.6,42583.55,0,0
2023-01-09 13:15:00+05:30,42584.5,42594.9,42428.45,42430.8,0,0
2023-01-09 13:45:00+05:30,42430.05,42479.6,42337.8,42458.2,0,0
2023-01-09 14:15:00+05:30,42457.4,42506.15,42419.3,42486.2,0,0
2023-01-09 14:45:00+05:30,42481.85,42621.7,42409.1,42601.25,0,0
2023-01-09 15:15:00+05:30,42599.6,42632.7,42539.45,42563.5,0,0
2023-01-10 09:15:00+05:30,42642.0,42661.7,42230.95,42282.7,0,0
2023-01-10 09:45:00+05:30,42283.3,42322.3,42148.05,42219.65,0,0
2023-01-10 10:15:00+05:30,42216.8,42272.85,42088.25,42090.95,0,0
2023-01-10 10:45:00+05:30,42091.9,42157.75,42071.2,42094.15,0,0
2023-01-10 11:15:00+05:30,42092.7,42137.85,42028.05,42055.35,0,0
2023-01-10 11:45:00+05:30,42054.6,42131.6,42041.65,42101.85,0,0
2023-01-10 12:15:00+05:30,42106.3,42174.45,41929.9,41934.25,0,0
2023-01-10 12:45:00+05:30,41938.1,41961.45,41859.35,41925.8,0,0
2023-01-10 13:15:00+05:30,41928.7,42027.05,41899.75,41929.05,0,0
2023-01-10 13:45:00+05:30,41928.8,42080.8,41913.8,42011.1,0,0
2023-01-10 14:15:00+05:30,42008.8,42036.4,41843.35,41844.05,0,0
2023-01-10 14:45:00+05:30,41841.9,42058.15,41838.6,42043.9,0,0
2023-01-10 15:15:00+05:30,42043.05,42061.7,42020.7,42053.5,0,0
2023-01-11 09:15:00+05:30,42071.85,42231.4,41731.0,41958.45,0,0
2023-01-11 09:45:00+05:30,41955.15,42252.4,41938.55,42252.4,0,0
2023-01-11 10:15:00+05:30,42252.15,42272.9,42144.5,42186.75,0,0
2023-01-11 10:45:00+05:30,42187.1,42216.85,42004.65,42104.3,0,0
2023-01-11 11:15:00+05:30,42104.4,42141.0,42047.65,42114.7,0,0
2023-01-11 11:45:00+05:30,42118.65,42312.95,42116.55,42233.6,0,0
2023-01-11 12:15:00+05:30,42235.4,42274.45,42179.3,42190.55,0,0
2023-01-11 12:45:00+05:30,42189.9,42266.55,42135.3,42225.3,0,0
2023-01-11 13:15:00+05:30,42226.55,42266.0,42162.6,42173.4,0,0
2023-01-11 13:45:00+05:30,42171.3,42197.9,42054.0,42100.75,0,0
2023-01-11 14:15:00+05:30,42100.45,42260.0,42079.1,42236.45,0,0
2023-01-11 14:45:00+05:30,42234.1,42316.15,42176.55,42248.45,0,0
2023-01-11 15:15:00+05:30,42245.3,42262.75,42190.65,42190.65,0,0
2023-01-12 09:15:00+05:30,42238.5,42342.75,42064.5,42261.8,0,0
2023-01-12 09:45:00+05:30,42256.3,42277.1,42076.55,42124.9,0,0
2023-01-12 10:15:00+05:30,42125.1,42125.1,41881.4,41950.5,0,0
2023-01-12 10:45:00+05:30,41953.35,41992.3,41904.1,41918.8,0,0
2023-01-12 11:15:00+05:30,41916.65,42017.4,41903.2,41954.3,0,0
2023-01-12 11:45:00+05:30,41950.8,41964.25,41867.0,41948.75,0,0
2023-01-12 12:15:00+05:30,41948.9,41986.65,41917.35,41941.65,0,0
2023-01-12 12:45:00+05:30,41937.2,42114.45,41870.65,41944.6,0,0
2023-01-12 13:15:00+05:30,41941.5,41970.75,41746.3,41768.55,0,0
2023-01-12 13:45:00+05:30,41765.1,41985.0,41757.6,41960.85,0,0
2023-01-12 14:15:00+05:30,41957.75,42049.6,41934.55,41973.35,0,0
2023-01-12 14:45:00+05:30,41970.0,42133.7,41964.2,42075.45,0,0
2023-01-12 15:15:00+05:30,42079.3,42114.75,42069.6,42092.95,0,0
2023-01-13 09:15:00+05:30,42171.25,42202.75,41968.0,42015.55,0,0
2023-01-13 09:45:00+05:30,42015.45,42068.35,41886.8,41963.35,0,0
2023-01-13 10:15:00+05:30,41963.8,42058.65,41944.35,41977.4,0,0
2023-01-13 10:45:00+05:30,41978.65,42008.4,41911.15,41982.05,0,0
2023-01-13 11:15:00+05:30,41980.1,42035.45,41952.4,41961.25,0,0
2023-01-13 11:45:00+05:30,41958.65,42064.7,41936.2,42054.9,0,0
2023-01-13 12:15:00+05:30,42055.6,42169.35,42050.2,42140.9,0,0
2023-01-13 12:45:00+05:30,42142.35,42339.5,42126.8,42338.45,0,0
2023-01-13 13:15:00+05:30,42340.3,42405.0,42306.65,42396.05,0,0
2023-01-13 13:45:00+05:30,42394.55,42452.95,42381.75,42424.2,0,0
2023-01-13 14:15:00+05:30,42421.0,42428.5,42272.9,42299.85,0,0
2023-01-13 14:45:00+05:30,42298.1,42400.15,42264.05,42376.55,0,0
2023-01-13 15:15:00+05:30,42377.3,42404.95,42318.3,42339.25,0,0
2023-01-16 09:15:00+05:30,42622.5,42712.3,42500.4,42572.55,0,0
2023-01-16 09:45:00+05:30,42572.9,42622.45,42447.0,42573.55,0,0
2023-01-16 10:15:00+05:30,42572.75,42575.95,42501.9,42528.85,0,0
2023-01-16 10:45:00+05:30,42526.0,42555.2,42464.5,42465.8,0,0
2023-01-16 11:15:00+05:30,42469.05,42469.35,42374.5,42410.1,0,0
2023-01-16 11:45:00+05:30,42410.2,42410.95,42301.65,42302.75,0,0
2023-01-16 12:15:00+05:30,42303.55,42307.8,42211.45,42228.8,0,0
2023-01-16 12:45:00+05:30,42228.6,42352.4,42148.8,42336.65,0,0
2023-01-16 13:15:00+05:30,42336.75,42457.15,42271.45,42271.45,0,0
2023-01-16 13:45:00+05:30,42271.35,42296.25,42148.4,42195.2,0,0
2023-01-16 14:15:00+05:30,42196.35,42235.95,42109.95,42156.4,0,0
2023-01-16 14:45:00+05:30,42154.6,42184.05,42068.05,42160.05,0,0
2023-01-16 15:15:00+05:30,42158.35,42220.1,42151.5,42161.95,0,0
2023-01-17 09:15:00+05:30,42241.2,42315.15,42035.05,42261.15,0,0
2023-01-17 09:45:00+05:30,42262.6,42383.8,42189.8,42339.25,0,0
2023-01-17 10:15:00+05:30,42340.65,42375.65,42281.55,42315.45,0,0
2023-01-17 10:45:00+05:30,42317.25,42330.6,42212.45,42251.65,0,0
2023-01-17 11:15:00+05:30,42252.2,42298.75,42187.3,42270.6,0,0
2023-01-17 11:45:00+05:30,42269.95,42305.8,42207.5,42248.55,0,0
2023-01-17 12:15:00+05:30,42250.35,42250.35,42046.15,42048.3,0,0
2023-01-17 12:45:00+05:30,42053.2,42107.3,41941.6,41959.5,0,0
2023-01-17 13:15:00+05:30,41964.55,42053.85,41863.0,42039.55,0,0
2023-01-17 13:45:00+05:30,42038.4,42075.05,41965.35,42044.35,0,0
2023-01-17 14:15:00+05:30,42046.8,42127.6,42010.95,42089.4,0,0
2023-01-17 14:45:00+05:30,42088.7,42255.55,42057.25,42254.5,0,0
2023-01-17 15:15:00+05:30,42256.35,42307.8,42237.05,42281.1,0,0
2023-01-18 09:15:00+05:30,42271.8,42344.9,42122.15,42335.2,0,0
2023-01-18 09:45:00+05:30,42345.05,42496.65,42334.25,42453.3,0,0
2023-01-18 10:15:00+05:30,42457.55,42458.6,42361.05,42417.6,0,0
2023-01-18 10:45:00+05:30,42417.65,42462.15,42344.25,42462.15,0,0
2023-01-18 11:15:00+05:30,42462.3,42555.25,42452.35,42536.5,0,0
2023-01-18 11:45:00+05:30,42537.15,42546.15,42480.15,42494.0,0,0
2023-01-18 12:15:00+05:30,42495.6,42521.7,42425.05,42444.5,0,0
2023-01-18 12:45:00+05:30,42445.55,42476.3,42375.05,42384.5,0,0
2023-01-18 13:15:00+05:30,42383.7,42480.05,42379.15,42468.65,0,0
2023-01-18 13:45:00+05:30,42468.85,42481.6,42358.15,42403.4,0,0
2023-01-18 14:15:00+05:30,42401.9,42515.35,42362.05,42480.2,0,0
2023-01-18 14:45:00+05:30,42480.85,42509.25,42410.9,42416.2,0,0
2023-01-18 15:15:00+05:30,42413.75,42489.1,42413.75,42473.75,0,0
2023-01-19 09:15:00+05:30,42416.3,42477.6,42300.3,42405.1,0,0
2023-01-19 09:45:00+05:30,42407.85,42458.2,42336.4,42368.95,0,0
2023-01-19 10:15:00+05:30,42368.05,42431.6,42347.6,42395.95,0,0
2023-01-19 10:45:00+05:30,42396.15,42501.3,42324.2,42345.25,0,0
2023-01-19 11:15:00+05:30,42348.15,42375.6,42269.3,42375.15,0,0
2023-01-19 11:45:00+05:30,42376.25,42409.35,42296.15,42365.2,0,0
2023-01-19 12:15:00+05:30,42363.95,42390.0,42328.95,42337.25,0,0
2023-01-19 12:45:00+05:30,42338.4,42342.1,42270.05,42292.45,0,0
2023-01-19 13:15:00+05:30,42291.25,42353.6,42255.25,42338.65,0,0
2023-01-19 13:45:00+05:30,42338.35,42370.2,42286.15,42362.55,0,0
2023-01-19 14:15:00+05:30,42366.45,42383.9,42237.55,42286.05,0,0
2023-01-19 14:45:00+05:30,42286.3,42355.7,42272.75,42303.6,0,0
2023-01-19 15:15:00+05:30,42300.45,42327.7,42291.3,42298.9,0,0
2023-01-20 09:15:00+05:30,42516.05,42615.95,42398.3,42568.55,0,0
2023-01-20 09:45:00+05:30,42570.65,42674.05,42544.0,42658.1,0,0
2023-01-20 10:15:00+05:30,42656.75,42707.3,42639.75,42689.8,0,0
2023-01-20 10:45:00+05:30,42689.45,42695.35,42574.5,42579.35,0,0
2023-01-20 11:15:00+05:30,42576.7,42634.15,42575.35,42608.1,0,0
2023-01-20 11:45:00+05:30,42607.0,42616.95,42527.85,42579.3,0,0
2023-01-20 12:15:00+05:30,42581.65,42676.0,42568.55,42597.15,0,0
2023-01-20 12:45:00+05:30,42598.4,42647.15,42566.7,42639.35,0,0
2023-01-20 13:15:00+05:30,42641.4,42651.95,42576.15,42593.95,0,0
2023-01-20 13:45:00+05:30,42593.95,42615.35,42518.55,42580.55,0,0
2023-01-20 14:15:00+05:30,42579.85,42601.25,42495.0,42543.1,0,0
2023-01-20 14:45:00+05:30,42543.1,42597.4,42493.15,42504.45,0,0
2023-01-20 15:15:00+05:30,42504.3,42522.85,42471.15,42514.05,0,0
2023-01-23 09:15:00+05:30,42891.45,42959.15,42755.9,42913.5,0,0
2023-01-23 09:45:00+05:30,42912.15,43002.5,42900.3,42927.85,0,0
2023-01-23 10:15:00+05:30,42929.55,42981.7,42901.35,42912.85,0,0
2023-01-23 10:45:00+05:30,42913.15,42950.0,42864.4,42870.95,0,0
2023-01-23 11:15:00+05:30,42866.45,42906.95,42822.75,42855.0,0,0
2023-01-23 11:45:00+05:30,42854.15,42868.0,42778.85,42805.3,0,0
2023-01-23 12:15:00+05:30,42804.85,42855.15,42802.85,42812.65,0,0
2023-01-23 12:45:00+05:30,42812.45,42835.95,42729.5,42785.55,0,0
2023-01-23 13:15:00+05:30,42785.75,42844.85,42781.75,42836.0,0,0
2023-01-23 13:45:00+05:30,42833.55,42853.8,42797.35,42826.15,0,0
2023-01-23 14:15:00+05:30,42826.15,42865.3,42774.0,42798.25,0,0
2023-01-23 14:45:00+05:30,42799.2,42859.9,42787.65,42833.55,0,0
2023-01-23 15:15:00+05:30,42835.4,42840.9,42750.55,42755.8,0,0
2023-01-24 09:15:00+05:30,42994.45,43077.0,42943.45,43018.65,0,0
2023-01-24 09:45:00+05:30,43017.6,43044.05,42884.0,42888.0,0,0
2023-01-24 10:15:00+05:30,42893.5,42920.9,42862.15,42886.95,0,0
2023-01-24 10:45:00+05:30,42885.7,42912.15,42834.2,42840.1,0,0
2023-01-24 11:15:00+05:30,42840.15,42840.15,42748.95,42789.7,0,0
2023-01-24 11:45:00+05:30,42792.05,42808.8,42726.3,42773.05,0,0
2023-01-24 12:15:00+05:30,42773.7,42792.65,42736.35,42779.25,0,0
2023-01-24 12:45:00+05:30,42778.4,42820.7,42752.0,42766.0,0,0
2023-01-24 13:15:00+05:30,42766.1,42786.3,42686.7,42690.4,0,0
2023-01-24 13:45:00+05:30,42689.85,42705.4,42616.5,42682.85,0,0
2023-01-24 14:15:00+05:30,42684.15,42705.45,42622.85,42663.95,0,0
2023-01-24 14:45:00+05:30,42662.0,42759.2,42640.65,42752.65,0,0
2023-01-24 15:15:00+05:30,42749.75,42758.25,42707.6,42715.15,0,0
2023-01-25 09:15:00+05:30,42703.6,42703.6,42383.65,42387.35,0,0
2023-01-25 09:45:00+05:30,42386.3,42422.4,42051.95,42067.25,0,0
2023-01-25 10:15:00+05:30,42066.9,42104.35,41926.75,41935.75,0,0
2023-01-25 10:45:00+05:30,41935.35,41994.9,41912.15,41979.1,0,0
2023-01-25 11:15:00+05:30,41981.55,41994.3,41541.25,41712.9,0,0
2023-01-25 11:45:00+05:30,41714.95,41844.85,41661.9,41766.1,0,0
2023-01-25 12:15:00+05:30,41766.9,41784.1,41613.85,41675.5,0,0
2023-01-25 12:45:00+05:30,41674.0,41827.35,41647.85,41771.95,0,0
2023-01-25 13:15:00+05:30,41769.75,41850.45,41704.05,41803.65,0,0
2023-01-25 13:45:00+05:30,41803.35,41915.6,41761.0,41863.5,0,0
2023-01-25 14:15:00+05:30,41860.4,41866.45,41673.8,41707.0,0,0
2023-01-25 14:45:00+05:30,41707.7,41754.15,41582.9,41654.65,0,0
2023-01-25 15:15:00+05:30,41656.4,41700.5,41641.45,41687.6,0,0
2023-01-27 09:15:00+05:30,41382.35,41392.3,40742.65,40940.7,0,0
2023-01-27 09:45:00+05:30,40935.8,40978.4,40666.3,40690.8,0,0
2023-01-27 10:15:00+05:30,40691.75,40920.75,40608.1,40783.05,0,0
2023-01-27 10:45:00+05:30,40783.05,40794.95,40637.15,40645.2,0,0
2023-01-27 11:15:00+05:30,40645.8,40710.15,40579.6,40600.55,0,0
2023-01-27 11:45:00+05:30,40602.0,40664.1,40496.8,40518.0,0,0
2023-01-27 12:15:00+05:30,40517.55,40540.7,40199.2,40311.2,0,0
2023-01-27 12:45:00+05:30,40313.15,40403.3,40238.35,40358.45,0,0
2023-01-27 13:15:00+05:30,40352.75,40480.35,40281.6,40414.0,0,0
2023-01-27 13:45:00+05:30,40411.7,40424.75,40151.0,40174.55,0,0
2023-01-27 14:15:00+05:30,40177.6,40302.35,40174.55,40214.75,0,0
2023-01-27 14:45:00+05:30,40213.65,40361.8,40208.3,40360.55,0,0
2023-01-27 15:15:00+05:30,40365.45,40435.85,40337.95,40365.3,0,0
2023-01-30 09:15:00+05:30,39856.15,40785.55,39668.7,40448.3,0,0
2023-01-30 09:45:00+05:30,40445.7,40516.35,40212.6,40329.0,0,0
2023-01-30 10:15:00+05:30,40329.55,40363.45,40097.5,40103.25,0,0
2023-01-30 10:45:00+05:30,40102.05,40111.55,39921.45,39968.45,0,0
2023-01-30 11:15:00+05:30,39969.45,40022.4,39935.05,39982.9,0,0
2023-01-30 11:45:00+05:30,39983.65,40168.4,39973.0,40045.7,0,0
2023-01-30 12:15:00+05:30,40045.05,40060.95,39850.15,39899.8,0,0
2023-01-30 12:45:00+05:30,39894.45,39921.85,39751.05,39754.05,0,0
2023-01-30 13:15:00+05:30,39746.1,39849.0,39601.05,39620.8,0,0
2023-01-30 13:45:00+05:30,39616.55,39844.55,39421.1,39820.65,0,0
2023-01-30 14:15:00+05:30,39816.9,39954.1,39725.5,39952.85,0,0
2023-01-30 14:45:00+05:30,39948.1,40462.35,39916.55,40462.35,0,0
2023-01-30 15:15:00+05:30,40460.95,40474.3,40404.95,40467.3,0,0
2023-01-31 09:15:00+05:30,40563.85,40585.85,40226.4,40301.9,0,0
2023-01-31 09:45:00+05:30,40304.05,40377.9,40176.5,40282.6,0,0
2023-01-31 10:15:00+05:30,40278.15,40527.7,40211.35,40523.85,0,0
2023-01-31 10:45:00+05:30,40522.4,40529.9,40339.1,40436.15,0,0
2023-01-31 11:15:00+05:30,40435.35,40535.7,40408.45,40465.7,0,0
2023-01-31 11:45:00+05:30,40463.9,40675.5,40460.1,40546.25,0,0
2023-01-31 12:15:00+05:30,40546.55,40661.25,40484.35,40640.15,0,0
2023-01-31 12:45:00+05:30,40640.9,40729.6,40546.05,40670.75,0,0
2023-01-31 13:15:00+05:30,40678.05,40776.35,40662.85,40695.3,0,0
2023-01-31 13:45:00+05:30,40698.2,40782.1,40571.35,40585.65,0,0
2023-01-31 14:15:00+05:30,40585.9,40617.85,40472.25,40544.4,0,0
2023-01-31 14:45:00+05:30,40550.05,40712.65,40503.4,40711.25,0,0
2023-01-31 15:15:00+05:30,40713.3,40809.55,40672.8,40759.6,0,0
2023-02-01 09:15:00+05:30,41115.0,41174.1,40960.75,41074.5,0,0
2023-02-01 09:45:00+05:30,41077.2,41145.3,40947.25,41142.2,0,0
2023-02-01 10:15:00+05:30,41142.9,41264.95,41111.85,41253.95,0,0
2023-02-01 10:45:00+05:30,41253.65,41346.95,41163.2,41238.55,0,0
2023-02-01 11:15:00+05:30,41236.35,41321.9,40996.85,41296.95,0,0
2023-02-01 11:45:00+05:30,41292.65,41331.25,41198.0,41229.6,0,0
2023-02-01 12:15:00+05:30,41226.9,41681.7,41169.7,41590.8,0,0
2023-02-01 12:45:00+05:30,41590.3,42011.2,41590.3,41818.55,0,0
2023-02-01 13:15:00+05:30,41819.95,41847.8,41203.05,41256.8,0,0
2023-02-01 13:45:00+05:30,41254.15,41365.45,40819.15,41034.0,0,0
2023-02-01 14:15:00+05:30,41029.4,41032.6,40362.65,40362.65,0,0
2023-02-01 14:45:00+05:30,40350.35,40676.65,39501.35,40514.85,0,0
2023-02-01 15:15:00+05:30,40519.65,40610.7,40487.85,40499.25,0,0
2023-02-02 09:15:00+05:30,39943.35,40676.55,39766.95,40527.4,0,0
2023-02-02 09:45:00+05:30,40525.85,40641.85,40242.65,40373.3,0,0
2023-02-02 10:15:00+05:30,40368.15,40471.35,40099.7,40229.9,0,0
2023-02-02 10:45:00+05:30,40232.75,40515.7,40188.2,40391.8,0,0
2023-02-02 11:15:00+05:30,40392.95,40483.75,40294.65,40333.3,0,0
2023-02-02 11:45:00+05:30,40334.1,40584.7,40329.6,40444.55,0,0
2023-02-02 12:15:00+05:30,40440.8,40485.85,40211.2,40240.05,0,0
2023-02-02 12:45:00+05:30,40246.6,40444.25,40214.2,40296.95,0,0
2023-02-02 13:15:00+05:30,40297.6,40330.75,40065.65,40181.75,0,0
2023-02-02 13:45:00+05:30,40186.85,40374.05,40117.3,40324.8,0,0
2023-02-02 14:15:00+05:30,40334.05,40668.7,40322.15,40638.4,0,0
2023-02-02 14:45:00+05:30,40641.2,40753.7,40511.95,40645.6,0,0
2023-02-02 15:15:00+05:30,40642.55,40748.15,40616.9,40722.4,0,0
2023-02-03 09:15:00+05:30,41019.35,41281.35,40942.3,41118.3,0,0
2023-02-03 09:45:00+05:30,41119.25,41192.45,41034.4,41162.05,0,0
2023-02-03 10:15:00+05:30,41161.3,41189.05,40800.65,40800.95,0,0
2023-02-03 10:45:00+05:30,40805.9,41014.45,40795.35,40882.25,0,0
2023-02-03 11:15:00+05:30,40888.55,40919.35,40615.9,40742.4,0,0
2023-02-03 11:45:00+05:30,40742.1,40903.2,40725.35,40893.5,0,0
2023-02-03 12:15:00+05:30,40893.6,40942.35,40839.8,40898.75,0,0
2023-02-03 12:45:00+05:30,40901.3,40979.05,40842.05,40959.05,0,0
2023-02-03 13:15:00+05:30,40962.95,41122.4,40877.65,41103.5,0,0
2023-02-03 13:45:00+05:30,41106.75,41176.55,41007.15,41159.9,0,0
2023-02-03 14:15:00+05:30,41164.1,41420.1,41156.6,41378.35,0,0
2023-02-03 14:45:00+05:30,41379.6,41538.1,41371.85,41512.9,0,0
2023-02-03 15:15:00+05:30,41516.25,41531.75,41454.9,41480.75,0,0
2023-02-06 09:15:00+05:30,41530.15,41722.0,41387.35,41623.25,0,0
2023-02-06 09:45:00+05:30,41629.0,41679.85,41524.4,41611.6,0,0
2023-02-06 10:15:00+05:30,41613.6,41617.0,41324.75,41379.5,0,0
2023-02-06 10:45:00+05:30,41382.45,41426.7,41263.25,41344.25,0,0
2023-02-06 11:15:00+05:30,41342.8,41450.8,41323.9,41368.15,0,0
2023-02-06 11:45:00+05:30,41366.15,41485.8,41347.8,41360.25,0,0
2023-02-06 12:15:00+05:30,41362.1,41441.3,41321.9,41383.05,0,0
2023-02-06 12:45:00+05:30,41377.0,41432.1,41336.8,41352.0,0,0
2023-02-06 13:15:00+05:30,41350.3,41499.3,41328.2,41489.3,0,0
2023-02-06 13:45:00+05:30,41487.1,41541.9,41411.25,41480.75,0,0
2023-02-06 14:15:00+05:30,41479.65,41486.3,41341.7,41375.0,0,0
2023-02-06 14:45:00+05:30,41374.4,41432.55,41325.9,41359.6,0,0
2023-02-06 15:15:00+05:30,41363.45,41396.8,41336.95,41367.1,0,0
2023-02-07 09:15:00+05:30,41513.1,41556.8,41393.5,41438.55,0,0
2023-02-07 09:45:00+05:30,41442.2,41489.9,41372.75,41429.4,0,0
2023-02-07 10:15:00+05:30,41430.9,41542.9,41382.5,41479.6,0,0
2023-02-07 10:45:00+05:30,41478.65,41517.9,41424.8,41495.6,0,0
2023-02-07 11:15:00+05:30,41494.6,41508.5,41343.6,41386.35,0,0
2023-02-07 11:45:00+05:30,41384.55,41454.9,41367.5,41371.55,0,0
2023-02-07 12:15:00+05:30,41370.75,41372.4,41282.4,41302.65,0,0
2023-02-07 12:45:00+05:30,41301.9,41326.0,41097.1,41119.25,0,0
2023-02-07 13:15:00+05:30,41118.1,41419.75,41104.6,41397.6,0,0
2023-02-07 13:45:00+05:30,41392.6,41466.1,41291.45,41414.1,0,0
2023-02-07 14:15:00+05:30,41414.3,41539.0,41371.35,41532.8,0,0
2023-02-07 14:45:00+05:30,41531.0,41628.75,41457.05,41486.5,0,0
2023-02-07 15:15:00+05:30,41488.55,41498.8,41450.15,41464.4,0,0
2023-02-08 09:15:00+05:30,41542.05,41682.4,41481.2,41668.05,0,0
2023-02-08 09:45:00+05:30,41668.7,41789.25,41543.25,41660.1,0,0
2023-02-08 10:15:00+05:30,41657.45,41682.65,41449.8,41464.4,0,0
2023-02-08 10:45:00+05:30,41461.0,41558.9,41404.6,41538.2,0,0
2023-02-08 11:15:00+05:30,41538.55,41597.15,41500.45,41589.8,0,0
2023-02-08 11:45:00+05:30,41588.7,41609.1,41446.05,41515.8,0,0
2023-02-08 12:15:00+05:30,41513.8,41566.45,41469.3,41520.2,0,0
2023-02-08 12:45:00+05:30,41520.2,41574.2,41484.05,41531.3,0,0
2023-02-08 13:15:00+05:30,41534.0,41611.05,41459.65,41529.05,0,0
2023-02-08 13:45:00+05:30,41527.8,41575.65,41493.65,41554.1,0,0
2023-02-08 14:15:00+05:30,41551.85,41588.3,41515.35,41550.45,0,0
2023-02-08 14:45:00+05:30,41551.35,41597.1,41493.3,41555.55,0,0
2023-02-08 15:15:00+05:30,41555.5,41575.55,41484.15,41494.05,0,0
2023-02-09 09:15:00+05:30,41634.0,41634.0,41256.25,41292.85,0,0
2023-02-09 09:45:00+05:30,41293.75,41436.7,41266.95,41397.05,0,0
2023-02-09 10:15:00+05:30,41397.05,41433.25,41364.5,41375.65,0,0
2023-02-09 10:45:00+05:30,41378.2,41407.25,41318.35,41387.8,0,0
2023-02-09 11:15:00+05:30,41384.6,41460.15,41367.15,41377.7,0,0
2023-02-09 11:45:00+05:30,41381.5,41395.95,41286.7,41295.7,0,0
2023-02-09 12:15:00+05:30,41295.4,41369.4,41276.15,41306.85,0,0
2023-02-09 12:45:00+05:30,41309.1,41373.7,41300.55,41311.0,0,0
2023-02-09 13:15:00+05:30,41309.8,41448.7,41283.65,41424.0,0,0
2023-02-09 13:45:00+05:30,41423.45,41573.55,41400.55,41527.0,0,0
2023-02-09 14:15:00+05:30,41527.6,41556.45,41487.0,41526.9,0,0
2023-02-09 14:45:00+05:30,41526.85,41557.85,41463.95,41547.55,0,0
2023-02-09 15:15:00+05:30,41546.0,41608.0,41545.05,41576.25,0,0
2023-02-10 09:15:00+05:30,41452.4,41613.8,41443.5,41514.3,0,0
2023-02-10 09:45:00+05:30,41513.5,41657.5,41481.6,41601.0,0,0
2023-02-10 10:15:00+05:30,41600.9,41650.65,41559.85,41629.85,0,0
2023-02-10 10:45:00+05:30,41629.0,41678.3,41609.35,41637.2,0,0
2023-02-10 11:15:00+05:30,41636.4,41652.65,41587.7,41593.85,0,0
2023-02-10 11:45:00+05:30,41594.55,41630.55,41533.75,41545.05,0,0
2023-02-10 12:15:00+05:30,41546.8,41614.15,41540.8,41582.5,0,0
2023-02-10 12:45:00+05:30,41586.7,41618.3,41510.45,41548.4,0,0
2023-02-10 13:15:00+05:30,41545.6,41590.0,41505.95,41582.35,0,0
2023-02-10 13:45:00+05:30,41582.45,41607.05,41556.3,41576.5,0,0
2023-02-10 14:15:00+05:30,41574.7,41604.4,41509.05,41531.65,0,0
2023-02-10 14:45:00+05:30,41530.55,41577.6,41495.55,41555.3,0,0
2023-02-10 15:15:00+05:30,41554.3,41581.95,41530.85,41542.6,0,0
2023-02-13 09:15:00+05:30,41563.5,41657.95,41428.1,41481.1,0,0
2023-02-13 09:45:00+05:30,41482.95,41491.0,41233.8,41292.75,0,0
2023-02-13 10:15:00+05:30,41287.8,41403.2,41260.05,41373.9,0,0
2023-02-13 10:45:00+05:30,41373.85,41406.0,41312.5,41351.95,0,0
2023-02-13 11:15:00+05:30,41352.05,41367.6,41234.15,41292.45,0,0
2023-02-13 11:45:00+05:30,41295.55,41335.8,41222.25,41266.55,0,0
2023-02-13 12:15:00+05:30,41264.2,41270.8,41162.15,41196.05,0,0
2023-02-13 12:45:00+05:30,41194.45,41297.6,41176.55,41291.2,0,0
2023-02-13 13:15:00+05:30,41288.55,41341.85,41268.45,41302.75,0,0
2023-02-13 13:45:00+05:30,41302.8,41378.7,41276.85,41314.45,0,0
2023-02-13 14:15:00+05:30,41312.1,41355.25,41277.35,41347.75,0,0
2023-02-13 14:45:00+05:30,41349.7,41368.45,41263.65,41269.45,0,0
2023-02-13 15:15:00+05:30,41268.15,41289.05,41240.4,41260.85,0,0
2023-02-14 09:15:00+05:30,41410.45,41410.45,41248.55,41257.05,0,0
2023-02-14 09:45:00+05:30,41255.55,41298.0,41198.1,41290.45,0,0
2023-02-14 10:15:00+05:30,41292.25,41323.55,41248.5,41298.6,0,0
2023-02-14 10:45:00+05:30,41299.8,41315.8,41234.45,41275.15,0,0
2023-02-14 11:15:00+05:30,41276.0,41350.9,41240.6,41306.8,0,0
2023-02-14 11:45:00+05:30,41308.0,41394.6,41300.85,41383.15,0,0
2023-02-14 12:15:00+05:30,41381.0,41415.9,41342.65,41410.85,0,0
2023-02-14 12:45:00+05:30,41408.9,41464.8,41376.55,41437.85,0,0
2023-02-14 13:15:00+05:30,41438.2,41487.5,41388.4,41434.75,0,0
2023-02-14 13:45:00+05:30,41433.3,41659.15,41433.3,41636.55,0,0
2023-02-14 14:15:00+05:30,41626.4,41715.25,41599.55,41681.75,0,0
2023-02-14 14:45:00+05:30,41682.7,41692.45,41621.8,41633.3,0,0
2023-02-14 15:15:00+05:30,41634.85,41659.35,41615.0,41625.5,0,0
2023-02-15 09:15:00+05:30,41674.6,41674.6,41456.05,41468.65,0,0
2023-02-15 09:45:00+05:30,41468.4,41646.25,41468.4,41581.95,0,0
2023-02-15 10:15:00+05:30,41578.45,41656.6,41568.4,41568.4,0,0
2023-02-15 10:45:00+05:30,41572.4,41655.35,41564.8,41646.75,0,0
2023-02-15 11:15:00+05:30,41649.2,41717.65,41572.6,41641.75,0,0
2023-02-15 11:45:00+05:30,41640.75,41659.05,41520.05,41579.1,0,0
2023-02-15 12:15:00+05:30,41579.3,41621.55,41536.95,41586.5,0,0
2023-02-15 12:45:00+05:30,41587.95,41609.55,41547.6,41555.75,0,0
2023-02-15 13:15:00+05:30,41553.8,41621.45,41471.95,41492.5,0,0
2023-02-15 13:45:00+05:30,41490.4,41552.75,41456.65,41481.8,0,0
2023-02-15 14:15:00+05:30,41483.25,41553.6,41457.95,41526.8,0,0
2023-02-15 14:45:00+05:30,41526.7,41742.45,41516.45,41726.9,0,0
2023-02-15 15:15:00+05:30,41725.65,41795.45,41717.4,41756.7,0,0
2023-02-16 09:15:00+05:30,41925.7,41974.4,41823.05,41955.9,0,0
2023-02-16 09:45:00+05:30,41954.8,41957.9,41831.15,41854.65,0,0
2023-02-16 10:15:00+05:30,41854.4,41865.55,41784.6,41837.95,0,0
2023-02-16 10:45:00+05:30,41837.6,41895.85,41830.65,41850.15,0,0
2023-02-16 11:15:00+05:30,41847.6,41873.9,41786.4,41827.2,0,0
2023-02-16 11:45:00+05:30,41826.75,41852.4,41750.0,41787.5,0,0
2023-02-16 12:15:00+05:30,41786.15,41807.05,41676.3,41725.35,0,0
2023-02-16 12:45:00+05:30,41725.95,41797.7,41693.1,41769.85,0,0
2023-02-16 13:15:00+05:30,41763.6,41861.95,41748.8,41832.8,0,0
2023-02-16 13:45:00+05:30,41829.65,41850.65,41713.65,41775.15,0,0
2023-02-16 14:15:00+05:30,41775.35,41798.45,41629.7,41743.0,0,0
2023-02-16 14:45:00+05:30,41745.65,41779.4,41643.7,41651.1,0,0
2023-02-16 15:15:00+05:30,41645.8,41656.4,41523.1,41554.1,0,0
2023-02-17 09:15:00+05:30,41514.0,41514.0,41360.15,41447.7,0,0
2023-02-17 09:45:00+05:30,41450.7,41514.2,41339.55,41352.5,0,0
2023-02-17 10:15:00+05:30,41358.25,41396.6,41306.55,41345.7,0,0
2023-02-17 10:45:00+05:30,41345.9,41383.8,41257.05,41272.55,0,0
2023-02-17 11:15:00+05:30,41269.5,41333.05,41231.9,41278.6,0,0
2023-02-17 11:45:00+05:30,41271.3,41331.1,41210.7,41229.5,0,0
2023-02-17 12:15:00+05:30,41218.4,41235.0,41116.05,41147.25,0,0
2023-02-17 12:45:00+05:30,41141.2,41200.25,40944.35,40962.2,0,0
2023-02-17 13:15:00+05:30,40957.8,41036.2,40904.05,40904.4,0,0
2023-02-17 13:45:00+05:30,40899.95,41025.4,40886.9,40949.45,0,0
2023-02-17 14:15:00+05:30,40948.75,41075.8,40940.4,41009.7,0,0
2023-02-17 14:45:00+05:30,41004.7,41163.1,40973.95,41163.1,0,0
2023-02-17 15:15:00+05:30,41161.2,41177.9,41129.25,41132.0,0,0
2023-02-20 09:15:00+05:30,41221.55,41259.9,41089.9,41240.3,0,0
2023-02-20 09:45:00+05:30,41241.15,41292.3,41153.8,41177.15,0,0
2023-02-20 10:15:00+05:30,41174.75,41234.1,41076.55,41135.85,0,0
2023-02-20 10:45:00+05:30,41133.25,41160.85,41082.05,41094.25,0,0
2023-02-20 11:15:00+05:30,41099.45,41110.2,40933.5,40969.4,0,0
2023-02-20 11:45:00+05:30,40973.55,41049.9,40901.4,40906.9,0,0
2023-02-20 12:15:00+05:30,40904.45,40987.3,40865.1,40865.1,0,0
2023-02-20 12:45:00+05:30,40866.9,40943.95,40845.2,40917.5,0,0
2023-02-20 13:15:00+05:30,40919.45,40949.9,40777.25,40806.25,0,0
2023-02-20 13:45:00+05:30,40804.55,40843.1,40738.0,40748.75,0,0
2023-02-20 14:15:00+05:30,40749.2,40764.4,40580.25,40686.3,0,0
2023-02-20 14:45:00+05:30,40687.35,40762.05,40639.9,40683.75,0,0
2023-02-20 15:15:00+05:30,40689.65,40754.1,40679.35,40707.15,0,0
2023-02-21 09:15:00+05:30,40784.9,40784.9,40508.85,40609.5,0,0
2023-02-21 09:45:00+05:30,40609.7,40802.15,40542.35,40785.3,0,0
2023-02-21 10:15:00+05:30,40786.75,40913.55,40784.6,40864.1,0,0
2023-02-21 10:45:00+05:30,40864.15,40901.9,40819.6,40877.35,0,0
2023-02-21 11:15:00+05:30,40881.25,40942.75,40796.45,40806.5,0,0
2023-02-21 11:45:00+05:30,40801.45,40908.15,40697.15,40765.9,0,0
2023-02-21 12:15:00+05:30,40758.45,40769.3,40604.55,40638.95,0,0
2023-02-21 12:45:00+05:30,40638.15,40701.3,40599.75,40679.85,0,0
2023-02-21 13:15:00+05:30,40688.55,40714.95,40639.25,40678.95,0,0
2023-02-21 13:45:00+05:30,40675.35,40782.7,40670.95,40751.6,0,0
2023-02-21 14:15:00+05:30,40750.45,40765.9,40599.5,40691.15,0,0
2023-02-21 14:45:00+05:30,40687.6,40771.65,40584.3,40673.3,0,0
2023-02-21 15:15:00+05:30,40672.1,40705.75,40645.25,40696.05,0,0
2023-02-22 09:15:00+05:30,40494.15,40518.7,40365.1,40399.55,0,0
2023-02-22 09:45:00+05:30,40398.55,40400.3,40335.05,40366.25,0,0
2023-02-22 10:15:00+05:30,40367.0,40371.0,40256.4,40266.7,0,0
2023-02-22 10:45:00+05:30,40265.75,40302.3,40149.5,40183.25,0,0
2023-02-22 11:15:00+05:30,40180.9,40226.55,40111.6,40119.25,0,0
2023-02-22 11:45:00+05:30,40117.85,40167.95,40090.2,40147.45,0,0
2023-02-22 12:15:00+05:30,40146.7,40176.0,40052.0,40080.85,0,0
2023-02-22 12:45:00+05:30,40079.1,40148.7,40059.35,40092.25,0,0
2023-02-22 13:15:00+05:30,40094.65,40126.2,39962.05,39976.65,0,0
2023-02-22 13:45:00+05:30,39974.95,40035.45,39923.35,39926.65,0,0
2023-02-22 14:15:00+05:30,39926.4,40112.45,39900.7,40090.0,0,0
2023-02-22 14:45:00+05:30,40084.85,40134.25,39988.7,40039.4,0,0
2023-02-22 15:15:00+05:30,40037.15,40042.2,39950.55,39968.7,0,0
2023-02-23 09:15:00+05:30,39983.7,40021.05,39701.5,39706.45,0,0
2023-02-23 09:45:00+05:30,39704.1,40111.15,39603.8,40019.65,0,0
2023-02-23 10:15:00+05:30,40018.05,40146.65,40004.05,40078.8,0,0
2023-02-23 10:45:00+05:30,40078.05,40083.75,39825.15,39919.8,0,0
2023-02-23 11:15:00+05:30,39919.65,39980.3,39835.4,39923.0,0,0
2023-02-23 11:45:00+05:30,39922.65,39936.6,39774.2,39808.5,0,0
2023-02-23 12:15:00+05:30,39793.9,39857.1,39784.4,39801.05,0,0
2023-02-23 12:45:00+05:30,39800.7,40045.1,39787.15,40005.15,0,0
2023-02-23 13:15:00+05:30,40004.25,40047.65,39942.55,40037.9,0,0
2023-02-23 13:45:00+05:30,40041.5,40142.1,40025.85,40064.6,0,0
2023-02-23 14:15:00+05:30,40069.3,40140.0,39949.35,39961.2,0,0
2023-02-23 14:45:00+05:30,39959.75,40058.25,39897.8,39974.95,0,0
2023-02-23 15:15:00+05:30,39971.7,40088.15,39966.7,40076.05,0,0
2023-02-24 09:15:00+05:30,40259.1,40346.95,40076.1,40103.55,0,0
2023-02-24 09:45:00+05:30,40101.9,40154.4,40026.95,40102.85,0,0
2023-02-24 10:15:00+05:30,40104.1,40189.45,40002.6,40014.55,0,0
2023-02-24 10:45:00+05:30,40019.0,40070.15,39941.1,40036.4,0,0
2023-02-24 11:15:00+05:30,40038.05,40131.45,39993.2,40012.45,0,0
2023-02-24 11:45:00+05:30,40011.1,40098.7,39983.0,40037.15,0,0
2023-02-24 12:15:00+05:30,40035.9,40035.9,39955.7,39991.3,0,0
2023-02-24 12:45:00+05:30,39989.4,40009.35,39890.65,39942.6,0,0
2023-02-24 13:15:00+05:30,39942.85,40013.05,39932.15,39991.1,0,0
2023-02-24 13:45:00+05:30,39987.35,40063.35,39831.9,39877.8,0,0
2023-02-24 14:15:00+05:30,39878.5,39931.2,39823.5,39872.05,0,0
2023-02-24 14:45:00+05:30,39873.5,39963.5,39830.7,39944.25,0,0
2023-02-24 15:15:00+05:30,39942.25,39947.55,39877.65,39904.7,0,0
2023-02-27 09:15:00+05:30,39820.4,40133.1,39750.0,40060.65,0,0
2023-02-27 09:45:00+05:30,40064.1,40097.85,39847.2,39856.15,0,0
2023-02-27 10:15:00+05:30,39856.1,39948.45,39845.35,39932.4,0,0
2023-02-27 10:45:00+05:30,39930.35,40149.25,39856.4,40134.6,0,0
2023-02-27 11:15:00+05:30,40135.7,40238.7,40060.3,40213.85,0,0
2023-02-27 11:45:00+05:30,40209.45,40274.4,40132.5,40135.9,0,0
2023-02-27 12:15:00+05:30,40134.85,40207.1,40107.2,40172.6,0,0
2023-02-27 12:45:00+05:30,40174.95,40235.5,40075.45,40081.2,0,0
2023-02-27 13:15:00+05:30,40078.15,40195.1,40074.05,40171.9,0,0
2023-02-27 13:45:00+05:30,40170.55,40307.75,40138.3,40234.1,0,0
2023-02-27 14:15:00+05:30,40235.05,40259.4,40164.65,40187.0,0,0
2023-02-27 14:45:00+05:30,40193.3,40337.75,40126.65,40330.4,0,0
2023-02-27 15:15:00+05:30,40329.7,40370.2,40298.5,40355.85,0,0
2023-02-28 09:15:00+05:30,40302.7,40385.35,40241.65,40291.65,0,0
2023-02-28 09:45:00+05:30,40288.75,40314.0,40206.5,40287.7,0,0
2023-02-28 10:15:00+05:30,40292.7,40382.15,40256.6,40266.85,0,0
2023-02-28 10:45:00+05:30,40260.85,40328.1,40232.2,40295.05,0,0
2023-02-28 11:15:00+05:30,40291.15,40323.3,40242.15,40242.5,0,0
2023-02-28 11:45:00+05:30,40240.85,40347.7,40221.4,40301.3,0,0
2023-02-28 12:15:00+05:30,40300.45,40356.05,40236.95,40238.05,0,0
2023-02-28 12:45:00+05:30,40241.2,40353.0,40241.2,40272.3,0,0
2023-02-28 13:15:00+05:30,40272.7,40337.75,40245.95,40269.55,0,0
2023-02-28 13:45:00+05:30,40269.55,40316.9,40078.95,40079.1,0,0
2023-02-28 14:15:00+05:30,40077.05,40243.55,40075.3,40178.35,0,0
2023-02-28 14:45:00+05:30,40177.35,40353.5,40160.3,40253.0,0,0
2023-02-28 15:15:00+05:30,40254.1,40315.95,40224.55,40282.85,0,0
2023-03-01 09:15:00+05:30,40473.85,40531.65,40360.45,40487.3,0,0
2023-03-01 09:45:00+05:30,40487.05,40596.8,40462.7,40533.65,0,0
2023-03-01 10:15:00+05:30,40531.35,40626.7,40499.65,40605.7,0,0
2023-03-01 10:45:00+05:30,40605.15,40650.75,40566.05,40649.7,0,0
2023-03-01 11:15:00+05:30,40652.1,40687.35,40598.35,40670.45,0,0
2023-03-01 11:45:00+05:30,40669.55,40674.4,40562.65,40564.25,0,0
2023-03-01 12:15:00+05:30,40564.1,40621.45,40514.35,40606.25,0,0
2023-03-01 12:45:00+05:30,40608.5,40619.05,40572.65,40583.6,0,0
2023-03-01 13:15:00+05:30,40584.45,40610.65,40523.35,40610.55,0,0
2023-03-01 13:45:00+05:30,40609.2,40700.0,40573.3,40654.15,0,0
2023-03-01 14:15:00+05:30,40653.65,40718.65,40619.85,40718.65,0,0
2023-03-01 14:45:00+05:30,40718.7,40724.05,40657.8,40690.2,0,0
2023-03-01 15:15:00+05:30,40690.3,40719.9,40678.3,40703.45,0,0
2023-03-02 09:15:00+05:30,40604.55,40771.3,40544.7,40594.3,0,0
2023-03-02 09:45:00+05:30,40595.25,40688.05,40559.3,40622.45,0,0
2023-03-02 10:15:00+05:30,40626.3,40704.75,40588.55,40689.75,0,0
2023-03-02 10:45:00+05:30,40691.65,40710.35,40601.05,40664.05,0,0
2023-03-02 11:15:00+05:30,40665.9,40673.35,40574.15,40621.35,0,0
2023-03-02 11:45:00+05:30,40618.75,40691.45,40606.35,40624.5,0,0
2023-03-02 12:15:00+05:30,40625.3,40639.05,40558.4,40577.05,0,0
2023-03-02 12:45:00+05:30,40575.05,40612.9,40510.65,40514.5,0,0
2023-03-02 13:15:00+05:30,40513.55,40577.55,40425.25,40426.8,0,0
2023-03-02 13:45:00+05:30,40425.9,40455.9,40370.75,40438.15,0,0
2023-03-02 14:15:00+05:30,40433.5,40498.55,40398.1,40440.35,0,0
2023-03-02 14:45:00+05:30,40435.35,40452.5,40378.8,40415.25,0,0
2023-03-02 15:15:00+05:30,40416.2,40417.6,40315.7,40332.7,0,0
2023-03-03 09:15:00+05:30,40671.4,40835.8,40630.7,40800.45,0,0
2023-03-03 09:45:00+05:30,40801.15,41002.8,40800.15,40999.35,0,0
2023-03-03 10:15:00+05:30,41001.35,41121.95,40983.55,41121.95,0,0
2023-03-03 10:45:00+05:30,41119.9,41256.65,41114.95,41195.05,0,0
2023-03-03 11:15:00+05:30,41188.25,41298.45,41143.85,41292.5,0,0
2023-03-03 11:45:00+05:30,41291.3,41318.25,41235.0,41279.95,0,0
2023-03-03 12:15:00+05:30,41281.25,41291.45,41155.55,41169.2,0,0
2023-03-03 12:45:00+05:30,41168.9,41234.15,41167.55,41219.25,0,0
2023-03-03 13:15:00+05:30,41218.25,41326.2,41217.5,41317.4,0,0
2023-03-03 13:45:00+05:30,41317.75,41349.95,41296.95,41336.05,0,0
2023-03-03 14:15:00+05:30,41339.25,41389.0,41313.9,41323.45,0,0
2023-03-03 14:45:00+05:30,41320.0,41366.1,41225.7,41237.6,0,0
2023-03-03 15:15:00+05:30,41237.75,41256.4,41200.55,41236.85,0,0
2023-03-06 09:15:00+05:30,41418.4,41595.65,41410.0,41592.5,0,0
2023-03-06 09:45:00+05:30,41590.45,41662.25,41561.5,41646.85,0,0
2023-03-06 10:15:00+05:30,41647.2,41667.8,41547.8,41577.0,0,0
2023-03-06 10:45:00+05:30,41575.7,41604.35,41407.8,41484.25,0,0
2023-03-06 11:15:00+05:30,41480.6,41492.35,41344.95,41437.15,0,0
2023-03-06 11:45:00+05:30,41435.2,41474.95,41376.75,41426.2,0,0
2023-03-06 12:15:00+05:30,41426.85,41452.6,41360.8,41397.75,0,0
2023-03-06 12:45:00+05:30,41399.0,41454.2,41336.4,41431.6,0,0
2023-03-06 13:15:00+05:30,41429.9,41429.9,41287.9,41313.7,0,0
2023-03-06 13:45:00+05:30,41314.3,41394.25,41290.75,41329.35,0,0
2023-03-06 14:15:00+05:30,41328.75,41388.6,41291.05,41291.05,0,0
2023-03-06 14:45:00+05:30,41291.75,41366.9,41260.55,41356.7,0,0
2023-03-06 15:15:00+05:30,41355.7,41403.75,41336.65,41396.0,0,0
2023-03-08 09:15:00+05:30,41178.35,41355.25,41101.15,41247.4,0,0
2023-03-08 09:45:00+05:30,41246.25,41348.7,41198.9,41238.55,0,0
2023-03-08 10:15:00+05:30,41239.8,41277.2,41181.9,41228.1,0,0
2023-03-08 10:45:00+05:30,41229.0,41286.9,41193.55,41225.8,0,0
2023-03-08 11:15:00+05:30,41226.45,41295.1,41199.45,41267.1,0,0
2023-03-08 11:45:00+05:30,41264.45,41326.1,41254.25,41283.7,0,0
2023-03-08 12:15:00+05:30,41285.65,41372.6,41273.5,41304.0,0,0
2023-03-08 12:45:00+05:30,41303.5,41359.75,41277.0,41297.5,0,0
2023-03-08 13:15:00+05:30,41299.5,41338.45,41278.95,41302.7,0,0
2023-03-08 13:45:00+05:30,41302.6,41479.05,41290.75,41460.0,0,0
2023-03-08 14:15:00+05:30,41456.9,41501.15,41394.6,41453.3,0,0
2023-03-08 14:45:00+05:30,41451.4,41603.85,41422.7,41586.25,0,0
2023-03-08 15:15:00+05:30,41586.0,41625.35,41570.95,41573.5,0,0
2023-03-09 09:15:00+05:30,41532.65,41631.0,41456.9,41513.05,0,0
2023-03-09 09:45:00+05:30,41510.45,41537.15,41436.1,41472.7,0,0
2023-03-09 10:15:00+05:30,41468.5,41563.7,41462.05,41493.75,0,0
2023-03-09 10:45:00+05:30,41496.5,41561.4,41494.9,41560.15,0,0
2023-03-09 11:15:00+05:30,41558.95,41655.5,41553.05,41626.5,0,0
2023-03-09 11:45:00+05:30,41634.3,41635.9,41495.95,41527.9,0,0
2023-03-09 12:15:00+05:30,41528.15,41529.1,41415.5,41453.9,0,0
2023-03-09 12:45:00+05:30,41454.05,41493.6,41431.7,41454.2,0,0
2023-03-09 13:15:00+05:30,41457.25,41504.7,41373.0,41389.7,0,0
2023-03-09 13:45:00+05:30,41388.55,41431.55,41351.2,41385.65,0,0
2023-03-09 14:15:00+05:30,41385.55,41414.6,41348.25,41380.7,0,0
2023-03-09 14:45:00+05:30,41382.55,41386.4,41243.35,41243.35,0,0
2023-03-09 15:15:00+05:30,41244.8,41272.1,41209.15,41227.9,0,0
2023-03-10 09:15:00+05:30,40805.25,40811.2,40394.75,40423.8,0,0
2023-03-10 09:45:00+05:30,40426.05,40565.45,40410.75,40540.15,0,0
2023-03-10 10:15:00+05:30,40540.7,40659.5,40501.5,40581.25,0,0
2023-03-10 10:45:00+05:30,40580.15,40627.8,40538.95,40586.35,0,0
2023-03-10 11:15:00+05:30,40592.7,40629.2,40558.4,40571.05,0,0
2023-03-10 11:45:00+05:30,40567.4,40605.55,40506.1,40509.15,0,0
2023-03-10 12:15:00+05:30,40507.05,40547.15,40421.7,40472.35,0,0
2023-03-10 12:45:00+05:30,40476.9,40572.5,40467.0,40528.0,0,0
2023-03-10 13:15:00+05:30,40526.3,40536.9,40434.05,40442.05,0,0
2023-03-10 13:45:00+05:30,40443.4,40497.05,40394.05,40451.7,0,0
2023-03-10 14:15:00+05:30,40451.7,40472.7,40380.4,40425.45,0,0
2023-03-10 14:45:00+05:30,40429.9,40517.25,40345.4,40489.9,0,0
2023-03-10 15:15:00+05:30,40488.9,40523.15,40472.3,40488.75,0,0
2023-03-13 09:15:00+05:30,40356.1,40687.75,40348.15,40491.65,0,0
2023-03-13 09:45:00+05:30,40494.1,40594.6,40386.55,40504.0,0,0
2023-03-13 10:15:00+05:30,40500.8,40540.1,40416.35,40480.1,0,0
2023-03-13 10:45:00+05:30,40482.95,40515.95,40335.35,40369.35,0,0
2023-03-13 11:15:00+05:30,40364.15,40421.8,40198.25,40236.1,0,0
2023-03-13 11:45:00+05:30,40233.85,40250.8,40153.1,40178.5,0,0
2023-03-13 12:15:00+05:30,40179.85,40199.3,40036.7,40043.05,0,0
2023-03-13 12:45:00+05:30,40036.0,40048.0,39907.9,39909.4,0,0
2023-03-13 13:15:00+05:30,39913.4,39987.8,39681.45,39718.65,0,0
2023-03-13 13:45:00+05:30,39721.0,39788.45,39659.15,39683.15,0,0
2023-03-13 14:15:00+05:30,39686.0,39708.0,39535.45,39629.35,0,0
2023-03-13 14:45:00+05:30,39630.1,39690.55,39457.0,39497.5,0,0
2023-03-13 15:15:00+05:30,39502.9,39684.65,39502.9,39627.0,0,0
2023-03-14 09:15:00+05:30,39522.4,39765.7,39326.8,39539.3,0,0
2023-03-14 09:45:00+05:30,39545.85,39689.85,39495.15,39509.55,0,0
2023-03-14 10:15:00+05:30,39507.85,39520.25,39221.45,39321.5,0,0
2023-03-14 10:45:00+05:30,39320.1,39399.15,39173.6,39185.1,0,0
2023-03-14 11:15:00+05:30,39190.15,39313.4,39136.15,39262.2,0,0
2023-03-14 11:45:00+05:30,39258.55,39258.55,39152.95,39227.9,0,0
2023-03-14 12:15:00+05:30,39229.05,39662.65,39215.0,39479.8,0,0
2023-03-14 12:45:00+05:30,39480.2,39499.25,39248.85,39300.5,0,0
2023-03-14 13:15:00+05:30,39297.9,39543.75,39229.4,39411.15,0,0
2023-03-14 13:45:00+05:30,39409.75,39459.8,39299.85,39348.6,0,0
2023-03-14 14:15:00+05:30,39350.3,39530.45,39242.3,39460.7,0,0
2023-03-14 14:45:00+05:30,39468.4,39540.75,39350.65,39463.05,0,0
2023-03-14 15:15:00+05:30,39462.35,39481.35,39335.65,39481.35,0,0
2023-03-15 09:15:00+05:30,39777.9,39909.75,39654.5,39697.25,0,0
2023-03-15 09:45:00+05:30,39696.5,39772.55,39628.3,39696.85,0,0
2023-03-15 10:15:00+05:30,39697.8,39742.65,39556.35,39563.3,0,0
2023-03-15 10:45:00+05:30,39563.0,39599.4,39504.65,39550.9,0,0
2023-03-15 11:15:00+05:30,39551.3,39702.6,39545.6,39640.65,0,0
2023-03-15 11:45:00+05:30,39641.8,39657.05,39526.3,39527.7,0,0
2023-03-15 12:15:00+05:30,39528.95,39549.3,39425.95,39513.5,0,0
2023-03-15 12:45:00+05:30,39512.1,39530.6,39310.8,39342.0,0,0
2023-03-15 13:15:00+05:30,39341.15,39453.05,39295.65,39423.7,0,0
2023-03-15 13:45:00+05:30,39442.55,39442.55,39229.7,39283.4,0,0
2023-03-15 14:15:00+05:30,39284.5,39340.85,39173.2,39177.4,0,0
2023-03-15 14:45:00+05:30,39181.0,39231.25,39018.35,39038.05,0,0
2023-03-15 15:15:00+05:30,39039.1,39058.4,38938.95,39020.8,0,0
2023-03-16 09:15:00+05:30,39061.7,39090.4,38706.75,38714.35,0,0
2023-03-16 09:45:00+05:30,38714.95,38807.35,38617.8,38666.3,0,0
2023-03-16 10:15:00+05:30,38668.15,39087.45,38649.6,39046.3,0,0
2023-03-16 10:45:00+05:30,39038.5,39263.4,38944.75,39162.85,0,0
2023-03-16 11:15:00+05:30,39162.05,39203.9,39010.7,39059.2,0,0
2023-03-16 11:45:00+05:30,39059.95,39086.5,38821.4,38828.5,0,0
2023-03-16 12:15:00+05:30,38829.85,38924.75,38755.95,38840.9,0,0
2023-03-16 12:45:00+05:30,38842.65,39015.8,38823.75,38954.8,0,0
2023-03-16 13:15:00+05:30,38958.35,39109.45,38896.5,39008.6,0,0
2023-03-16 13:45:00+05:30,39008.35,39216.55,38895.05,39202.2,0,0
2023-03-16 14:15:00+05:30,39204.6,39381.05,39168.6,39220.1,0,0
2023-03-16 14:45:00+05:30,39220.6,39248.05,38990.25,39100.25,0,0
2023-03-16 15:15:00+05:30,39102.3,39236.55,39097.35,39210.1,0,0
2023-03-17 09:15:00+05:30,39442.4,39597.2,39299.8,39307.95,0,0
2023-03-17 09:45:00+05:30,39311.1,39404.9,39222.65,39254.1,0,0
2023-03-17 10:15:00+05:30,39246.3,39339.75,39173.5,39254.95,0,0
2023-03-17 10:45:00+05:30,39250.5,39269.6,39096.45,39097.95,0,0
2023-03-17 11:15:00+05:30,39098.6,39168.55,39030.3,39100.25,0,0
2023-03-17 11:45:00+05:30,39097.5,39223.6,38988.9,39019.9,0,0
2023-03-17 12:15:00+05:30,39022.15,39043.25,38951.9,39006.5,0,0
2023-03-17 12:45:00+05:30,39005.45,39097.2,38929.85,39061.2,0,0
2023-03-17 13:15:00+05:30,39056.85,39152.0,39011.55,39062.85,0,0
2023-03-17 13:45:00+05:30,39063.2,39252.6,39061.0,39210.45,0,0
2023-03-17 14:15:00+05:30,39212.55,39353.35,39082.05,39306.1,0,0
2023-03-17 14:45:00+05:30,39299.95,39668.05,39223.6,39624.45,0,0
2023-03-17 15:15:00+05:30,39622.25,39691.65,39606.1,39686.6,0,0
2023-03-20 09:15:00+05:30,39512.1,39512.1,39196.7,39267.1,0,0
2023-03-20 09:45:00+05:30,39268.4,39304.75,39119.9,39183.65,0,0
2023-03-20 10:15:00+05:30,39184.15,39204.95,39036.05,39155.2,0,0
2023-03-20 10:45:00+05:30,39155.05,39439.25,39119.85,39313.6,0,0
2023-03-20 11:15:00+05:30,39316.55,39318.45,39164.25,39181.8,0,0
2023-03-20 11:45:00+05:30,39179.75,39280.7,39059.15,39072.35,0,0
2023-03-20 12:15:00+05:30,39074.9,39156.45,39014.5,39148.0,0,0
2023-03-20 12:45:00+05:30,39153.3,39158.9,38977.0,39063.0,0,0
2023-03-20 13:15:00+05:30,39058.65,39149.2,38959.5,39016.9,0,0
2023-03-20 13:45:00+05:30,39019.75,39121.9,38943.35,39095.35,0,0
2023-03-20 14:15:00+05:30,39094.75,39254.2,39040.8,39164.7,0,0
2023-03-20 14:45:00+05:30,39164.0,39406.25,39130.35,39368.9,0,0
2023-03-20 15:15:00+05:30,39368.3,39417.8,39368.3,39377.3,0,0
2023-03-21 09:15:00+05:30,39599.65,39610.0,39393.55,39421.7,0,0
2023-03-21 09:45:00+05:30,39427.2,39581.65,39366.3,39572.95,0,0
2023-03-21 10:15:00+05:30,39571.55,39589.9,39472.35,39571.05,0,0
2023-03-21 10:45:00+05:30,39570.25,39587.6,39474.75,39521.85,0,0
2023-03-21 11:15:00+05:30,39520.95,39549.65,39432.15,39459.3,0,0
2023-03-21 11:45:00+05:30,39458.6,39498.5,39393.75,39449.9,0,0
2023-03-21 12:15:00+05:30,39450.85,39568.1,39445.7,39568.1,0,0
2023-03-21 12:45:00+05:30,39570.1,39754.05,39569.3,39735.8,0,0
2023-03-21 13:15:00+05:30,39734.4,39749.8,39639.1,39671.45,0,0
2023-03-21 13:45:00+05:30,39673.0,39844.15,39672.8,39786.05,0,0
2023-03-21 14:15:00+05:30,39786.55,39914.65,39783.85,39906.05,0,0
2023-03-21 14:45:00+05:30,39896.35,39970.2,39855.05,39861.75,0,0
2023-03-21 15:15:00+05:30,39859.25,39912.1,39843.7,39867.5,0,0
2023-03-22 09:15:00+05:30,40036.0,40082.75,39844.85,39994.55,0,0
2023-03-22 09:45:00+05:30,39993.45,40032.6,39885.5,39930.3,0,0
2023-03-22 10:15:00+05:30,39935.9,39982.6,39907.05,39938.5,0,0
2023-03-22 10:45:00+05:30,39938.3,39976.0,39848.45,39908.55,0,0
2023-03-22 11:15:00+05:30,39912.2,39999.05,39886.3,39968.3,0,0
2023-03-22 11:45:00+05:30,39968.8,39985.05,39871.5,39923.05,0,0
2023-03-22 12:15:00+05:30,39922.65,40003.9,39903.95,39935.0,0,0
2023-03-22 12:45:00+05:30,39938.2,39996.0,39926.55,39959.25,0,0
2023-03-22 13:15:00+05:30,39957.9,40047.2,39922.95,40010.5,0,0
2023-03-22 13:45:00+05:30,40011.3,40018.25,39928.15,39990.3,0,0
2023-03-22 14:15:00+05:30,39994.2,40024.75,39852.0,39882.3,0,0
2023-03-22 14:45:00+05:30,39877.7,40024.75,39858.2,40022.3,0,0
2023-03-22 15:15:00+05:30,40021.95,40042.7,39958.85,39958.85,0,0
2023-03-23 09:15:00+05:30,39836.15,39879.65,39730.45,39837.4,0,0
2023-03-23 09:45:00+05:30,39837.9,40054.8,39837.15,39994.3,0,0
2023-03-23 10:15:00+05:30,39998.5,40118.05,39994.4,40051.6,0,0
2023-03-23 10:45:00+05:30,40052.75,40064.6,39944.6,39976.7,0,0
2023-03-23 11:15:00+05:30,39976.7,40031.6,39941.8,40011.15,0,0
2023-03-23 11:45:00+05:30,40009.5,40069.3,39986.6,40055.05,0,0
2023-03-23 12:15:00+05:30,40054.2,40182.2,40047.8,40179.3,0,0
2023-03-23 12:45:00+05:30,40181.65,40201.6,40083.65,40118.0,0,0
2023-03-23 13:15:00+05:30,40117.6,40190.8,40098.45,40102.35,0,0
2023-03-23 13:45:00+05:30,40101.4,40129.65,39977.15,39977.15,0,0
2023-03-23 14:15:00+05:30,39974.3,39997.7,39748.85,39779.3,0,0
2023-03-23 14:45:00+05:30,39780.85,39824.0,39555.9,39583.6,0,0
2023-03-23 15:15:00+05:30,39583.4,39619.1,39556.0,39580.15,0,0
2023-03-24 09:15:00+05:30,39555.25,39667.25,39435.65,39566.45,0,0
2023-03-24 09:45:00+05:30,39568.8,39655.3,39464.15,39553.9,0,0
2023-03-24 10:15:00+05:30,39555.75,39639.3,39492.0,39515.75,0,0
2023-03-24 10:45:00+05:30,39511.6,39634.5,39476.1,39625.25,0,0
2023-03-24 11:15:00+05:30,39623.95,39731.35,39590.7,39725.55,0,0
2023-03-24 11:45:00+05:30,39728.5,39765.35,39658.65,39723.7,0,0
2023-03-24 12:15:00+05:30,39724.8,39767.55,39562.6,39608.9,0,0
2023-03-24 12:45:00+05:30,39613.4,39705.8,39525.75,39699.95,0,0
2023-03-24 13:15:00+05:30,39701.9,39729.6,39549.15,39568.65,0,0
2023-03-24 13:45:00+05:30,39569.3,39650.85,39529.85,39598.05,0,0
2023-03-24 14:15:00+05:30,39601.75,39603.2,39404.6,39467.2,0,0
2023-03-24 14:45:00+05:30,39474.9,39513.8,39404.95,39442.45,0,0
2023-03-24 15:15:00+05:30,39448.45,39453.35,39294.9,39351.8,0,0
2023-03-27 09:15:00+05:30,39484.7,39584.55,39320.1,39495.7,0,0
2023-03-27 09:45:00+05:30,39498.9,39582.65,39469.8,39503.2,0,0
2023-03-27 10:15:00+05:30,39506.15,39567.75,39369.5,39376.3,0,0
2023-03-27 10:45:00+05:30,39375.7,39442.7,39330.75,39377.9,0,0
2023-03-27 11:15:00+05:30,39378.0,39483.85,39277.65,39468.15,0,0
2023-03-27 11:45:00+05:30,39468.9,39506.6,39359.15,39430.95,0,0
2023-03-27 12:15:00+05:30,39429.9,39555.9,39413.45,39539.3,0,0
2023-03-27 12:45:00+05:30,39538.25,39549.65,39381.45,39383.95,0,0
2023-03-27 13:15:00+05:30,39378.6,39430.2,39313.75,39395.95,0,0
2023-03-27 13:45:00+05:30,39396.05,39505.4,39370.0,39478.05,0,0
2023-03-27 14:15:00+05:30,39480.85,39694.05,39480.55,39590.2,0,0
2023-03-27 14:45:00+05:30,39591.55,39657.25,39411.5,39437.0,0,0
2023-03-27 15:15:00+05:30,39436.4,39440.5,39274.7,39309.45,0,0
2023-03-28 09:15:00+05:30,39545.05,39561.55,39407.8,39453.35,0,0
2023-03-28 09:45:00+05:30,39456.7,39486.6,39391.0,39463.95,0,0
2023-03-28 10:15:00+05:30,39463.1,39494.15,39333.6,39335.55,0,0
2023-03-28 10:45:00+05:30,39338.85,39422.25,39328.75,39417.15,0,0
2023-03-28 11:15:00+05:30,39419.35,39499.15,39389.55,39495.8,0,0
2023-03-28 11:45:00+05:30,39498.25,39524.4,39413.4,39417.25,0,0
2023-03-28 12:15:00+05:30,39417.35,39505.8,39388.1,39439.9,0,0
2023-03-28 12:45:00+05:30,39445.75,39568.15,39429.05,39558.35,0,0
2023-03-28 13:15:00+05:30,39562.05,39573.05,39396.0,39470.8,0,0
2023-03-28 13:45:00+05:30,39469.4,39486.25,39365.35,39401.25,0,0
2023-03-28 14:15:00+05:30,39405.45,39521.35,39346.7,39514.95,0,0
2023-03-28 14:45:00+05:30,39518.45,39615.35,39456.15,39530.7,0,0
2023-03-28 15:15:00+05:30,39532.3,39641.25,39522.55,39605.95,0,0
2023-03-29 09:15:00+05:30,39611.55,39744.65,39611.55,39716.4,0,0
2023-03-29 09:45:00+05:30,39718.65,39748.0,39665.6,39713.2,0,0
2023-03-29 10:15:00+05:30,39712.25,39900.45,39701.25,39846.0,0,0
2023-03-29 10:45:00+05:30,39846.0,39893.85,39759.5,39782.8,0,0
2023-03-29 11:15:00+05:30,39775.5,39848.2,39755.9,39782.5,0,0
2023-03-29 11:45:00+05:30,39782.15,39835.35,39698.45,39715.1,0,0
2023-03-29 12:15:00+05:30,39714.75,39745.95,39662.75,39709.65,0,0
2023-03-29 12:45:00+05:30,39710.2,39809.2,39693.85,39753.9,0,0
2023-03-29 13:15:00+05:30,39752.1,39868.15,39748.15,39817.15,0,0
2023-03-29 13:45:00+05:30,39817.05,39923.75,39778.75,39897.5,0,0
2023-03-29 14:15:00+05:30,39901.35,39942.4,39702.95,39756.35,0,0
2023-03-29 14:45:00+05:30,39759.85,39953.4,39679.0,39945.75,0,0
2023-03-29 15:15:00+05:30,39949.7,40051.9,39922.5,40013.3,0,0
2023-03-31 09:15:00+05:30,40231.25,40502.2,40205.6,40464.75,0,0
2023-03-31 09:45:00+05:30,40463.25,40519.0,40406.95,40421.0,0,0
2023-03-31 10:15:00+05:30,40422.5,40481.75,40357.65,40417.0,0,0
2023-03-31 10:45:00+05:30,40416.9,40458.75,40344.8,40450.75,0,0
2023-03-31 11:15:00+05:30,40450.0,40535.85,40438.05,40505.05,0,0
2023-03-31 11:45:00+05:30,40502.9,40560.75,40442.6,40458.85,0,0
2023-03-31 12:15:00+05:30,40458.6,40557.85,40417.7,40554.25,0,0
2023-03-31 12:45:00+05:30,40556.45,40556.45,40472.7,40506.2,0,0
2023-03-31 13:15:00+05:30,40506.9,40574.55,40475.5,40558.5,0,0
2023-03-31 13:45:00+05:30,40564.55,40629.45,40532.95,40574.9,0,0
2023-03-31 14:15:00+05:30,40579.4,40628.3,40541.05,40588.6,0,0
2023-03-31 14:45:00+05:30,40593.1,40688.85,40580.35,40619.0,0,0
2023-03-31 15:15:00+05:30,40620.35,40625.7,40535.3,40602.35,0,0
2023-04-03 09:15:00+05:30,40695.8,40702.2,40536.15,40590.2,0,0
2023-04-03 09:45:00+05:30,40591.55,40699.95,40587.2,40657.0,0,0
2023-04-03 10:15:00+05:30,40659.5,40677.2,40585.2,40593.6,0,0
2023-04-03 10:45:00+05:30,40595.5,40657.9,40580.7,40589.45,0,0
2023-04-03 11:15:00+05:30,40588.1,40630.65,40562.3,40611.8,0,0
2023-04-03 11:45:00+05:30,40614.25,40759.15,40613.95,40683.65,0,0
2023-04-03 12:15:00+05:30,40684.25,40742.05,40669.7,40712.25,0,0
2023-04-03 12:45:00+05:30,40710.85,40757.75,40651.05,40702.25,0,0
2023-04-03 13:15:00+05:30,40700.95,40747.45,40685.4,40733.15,0,0
2023-04-03 13:45:00+05:30,40732.15,40804.2,40689.25,40804.2,0,0
2023-04-03 14:15:00+05:30,40804.1,40830.2,40755.0,40802.7,0,0
2023-04-03 14:45:00+05:30,40799.4,40849.35,40763.15,40819.45,0,0
2023-04-03 15:15:00+05:30,40817.1,40857.05,40795.4,40815.1,0,0
2023-04-05 09:15:00+05:30,40972.3,40972.3,40815.45,40865.35,0,0
2023-04-05 09:45:00+05:30,40864.6,40926.95,40849.75,40915.95,0,0
2023-04-05 10:15:00+05:30,40916.45,40932.4,40855.5,40867.45,0,0
2023-04-05 10:45:00+05:30,40871.55,40872.8,40814.15,40854.55,0,0
2023-04-05 11:15:00+05:30,40855.9,40902.5,40843.55,40853.8,0,0
2023-04-05 11:45:00+05:30,40854.0,40896.3,40847.2,40882.75,0,0
2023-04-05 12:15:00+05:30,40883.75,40972.0,40877.6,40964.6,0,0
2023-04-05 12:45:00+05:30,40966.2,41069.3,40946.0,41049.2,0,0
2023-04-05 13:15:00+05:30,41045.8,41053.05,40947.85,40961.9,0,0
2023-04-05 13:45:00+05:30,40962.55,40987.8,40895.6,40951.45,0,0
2023-04-05 14:15:00+05:30,40950.0,41000.2,40913.85,40982.95,0,0
2023-04-05 14:45:00+05:30,40985.1,41028.8,40958.0,40962.6,0,0
2023-04-05 15:15:00+05:30,40967.15,41028.65,40958.3,41008.55,0,0
2023-04-06 09:15:00+05:30,40940.7,40964.65,40821.9,40886.55,0,0
2023-04-06 09:45:00+05:30,40884.25,41173.8,40841.25,41133.55,0,0
2023-04-06 10:15:00+05:30,41138.0,41181.85,41069.7,41149.2,0,0
2023-04-06 10:45:00+05:30,41143.15,41274.4,41119.95,41266.55,0,0
2023-04-06 11:15:00+05:30,41262.5,41274.3,41152.25,41166.65,0,0
2023-04-06 11:45:00+05:30,41165.75,41198.7,41061.25,41110.8,0,0
2023-04-06 12:15:00+05:30,41111.2,41170.35,41083.2,41152.95,0,0
2023-04-06 12:45:00+05:30,41153.8,41160.05,41091.15,41111.35,0,0
2023-04-06 13:15:00+05:30,41107.95,41160.45,40981.45,40993.0,0,0
2023-04-06 13:45:00+05:30,40993.4,41059.9,40944.0,40979.6,0,0
2023-04-06 14:15:00+05:30,40976.15,41089.35,40965.5,41013.15,0,0
2023-04-06 14:45:00+05:30,41010.9,41107.2,40988.65,41051.9,0,0
2023-04-06 15:15:00+05:30,41050.7,41064.9,40981.45,41039.05,0,0
2023-04-10 09:15:00+05:30,41116.15,41134.9,40927.75,41005.85,0,0
2023-04-10 09:45:00+05:30,41007.5,41010.4,40876.35,40909.35,0,0
2023-04-10 10:15:00+05:30,40911.05,40944.8,40870.0,40934.1,0,0
2023-04-10 10:45:00+05:30,40934.7,40941.7,40849.7,40908.9,0,0
2023-04-10 11:15:00+05:30,40903.6,40942.35,40838.0,40927.15,0,0
2023-04-10 11:45:00+05:30,40927.6,41026.75,40895.25,40982.9,0,0
2023-04-10 12:15:00+05:30,40984.2,41074.1,40978.3,41062.9,0,0
2023-04-10 12:45:00+05:30,41057.85,41072.7,40962.55,40967.45,0,0
2023-04-10 13:15:00+05:30,40971.45,41013.05,40944.05,40968.1,0,0
2023-04-10 13:45:00+05:30,40972.25,40977.8,40847.55,40857.2,0,0
2023-04-10 14:15:00+05:30,40858.35,40862.1,40730.0,40819.85,0,0
2023-04-10 14:45:00+05:30,40819.9,40870.3,40783.75,40810.85,0,0
2023-04-10 15:15:00+05:30,40816.5,40859.6,40774.6,40796.45,0,0
2023-04-11 09:15:00+05:30,41232.0,41240.7,41026.25,41189.65,0,0
2023-04-11 09:45:00+05:30,41187.95,41292.7,41156.25,41264.6,0,0
2023-04-11 10:15:00+05:30,41272.45,41322.7,41237.2,41252.05,0,0
2023-04-11 10:45:00+05:30,41248.7,41353.65,41218.6,41320.4,0,0
2023-04-11 11:15:00+05:30,41317.25,41379.5,41282.45,41314.05,0,0
2023-04-11 11:45:00+05:30,41315.1,41353.6,41270.95,41297.05,0,0
2023-04-11 12:15:00+05:30,41293.25,41339.5,41260.2,41320.4,0,0
2023-04-11 12:45:00+05:30,41313.9,41345.05,41232.75,41242.6,0,0
2023-04-11 13:15:00+05:30,41244.9,41314.85,41238.4,41285.15,0,0
2023-04-11 13:45:00+05:30,41282.65,41377.05,41269.55,41347.0,0,0
2023-04-11 14:15:00+05:30,41346.85,41394.0,41307.55,41348.6,0,0
2023-04-11 14:45:00+05:30,41351.65,41402.3,41306.7,41383.35,0,0
2023-04-11 15:15:00+05:30,41386.25,41400.05,41342.3,41385.05,0,0
2023-04-12 09:15:00+05:30,41426.0,41479.5,41334.85,41456.75,0,0
2023-04-12 09:45:00+05:30,41460.0,41460.0,41377.0,41404.35,0,0
2023-04-12 10:15:00+05:30,41403.1,41463.75,41387.8,41450.45,0,0
2023-04-12 10:45:00+05:30,41449.5,41482.05,41418.35,41446.65,0,0
2023-04-12 11:15:00+05:30,41447.05,41492.45,41420.65,41488.0,0,0
2023-04-12 11:45:00+05:30,41487.3,41502.7,41418.9,41434.25,0,0
2023-04-12 12:15:00+05:30,41432.2,41481.25,41425.05,41451.0,0,0
2023-04-12 12:45:00+05:30,41451.5,41483.9,41416.0,41454.0,0,0
2023-04-12 13:15:00+05:30,41453.0,41576.25,41450.0,41552.15,0,0
2023-04-12 13:45:00+05:30,41554.05,41566.5,41491.15,41537.15,0,0
2023-04-12 14:15:00+05:30,41534.15,41546.25,41469.15,41519.25,0,0
2023-04-12 14:45:00+05:30,41518.85,41572.55,41467.0,41554.4,0,0
2023-04-12 15:15:00+05:30,41555.25,41610.15,41544.55,41577.2,0,0
2023-04-13 09:15:00+05:30,41680.1,41794.0,41504.1,41712.7,0,0
2023-04-13 09:45:00+05:30,41707.7,41773.8,41671.7,41701.65,0,0
2023-04-13 10:15:00+05:30,41703.6,41742.15,41675.7,41699.5,0,0
2023-04-13 10:45:00+05:30,41698.5,41712.4,41581.8,41595.85,0,0
2023-04-13 11:15:00+05:30,41594.25,41665.9,41564.1,41662.05,0,0
2023-04-13 11:45:00+05:30,41661.6,41727.45,41652.4,41673.05,0,0
2023-04-13 12:15:00+05:30,41669.5,41676.1,41591.85,41673.2,0,0
2023-04-13 12:45:00+05:30,41670.0,41749.3,41660.95,41671.8,0,0
2023-04-13 13:15:00+05:30,41670.25,41807.55,41658.75,41789.9,0,0
2023-04-13 13:45:00+05:30,41791.35,41875.7,41743.5,41822.0,0,0
2023-04-13 14:15:00+05:30,41823.15,41973.65,41812.85,41939.0,0,0
2023-04-13 14:45:00+05:30,41938.15,42189.6,41935.8,42189.6,0,0
2023-04-13 15:15:00+05:30,42188.1,42193.95,42111.35,42137.8,0,0
2023-04-17 09:15:00+05:30,42603.55,42603.55,42073.2,42122.45,0,0
2023-04-17 09:45:00+05:30,42117.75,42143.2,41801.15,41922.0,0,0
2023-04-17 10:15:00+05:30,41921.8,42101.9,41914.0,42097.45,0,0
2023-04-17 10:45:00+05:30,42099.95,42190.5,42017.3,42037.65,0,0
2023-04-17 11:15:00+05:30,42036.6,42105.75,42018.05,42090.95,0,0
2023-04-17 11:45:00+05:30,42088.1,42147.65,42040.25,42097.05,0,0
2023-04-17 12:15:00+05:30,42093.8,42215.95,42068.15,42179.9,0,0
2023-04-17 12:45:00+05:30,42180.3,42241.1,42116.5,42157.65,0,0
2023-04-17 13:15:00+05:30,42160.2,42190.95,42077.0,42183.6,0,0
2023-04-17 13:45:00+05:30,42184.8,42241.05,42141.05,42229.15,0,0
2023-04-17 14:15:00+05:30,42230.4,42269.3,42154.75,42230.65,0,0
2023-04-17 14:45:00+05:30,42230.95,42302.75,42169.6,42289.35,0,0
2023-04-17 15:15:00+05:30,42291.65,42311.05,42209.7,42216.7,0,0
2023-04-18 09:15:00+05:30,42406.95,42446.1,42296.1,42405.6,0,0
2023-04-18 09:45:00+05:30,42406.9,42406.9,42275.0,42350.1,0,0
2023-04-18 10:15:00+05:30,42349.25,42432.65,42322.5,42430.05,0,0
2023-04-18 10:45:00+05:30,42431.7,42465.9,42388.95,42433.45,0,0
2023-04-18 11:15:00+05:30,42432.15,42471.6,42396.45,42407.0,0,0
2023-04-18 11:45:00+05:30,42406.4,42443.7,42349.4,42428.15,0,0
2023-04-18 12:15:00+05:30,42430.1,42464.35,42399.0,42458.75,0,0
2023-04-18 12:45:00+05:30,42457.95,42497.95,42419.65,42468.8,0,0
2023-04-18 13:15:00+05:30,42467.2,42469.4,42192.85,42195.0,0,0
2023-04-18 13:45:00+05:30,42202.75,42265.35,42119.8,42235.75,0,0
2023-04-18 14:15:00+05:30,42233.25,42290.45,42197.95,42255.1,0,0
2023-04-18 14:45:00+05:30,42257.0,42360.55,42227.95,42237.9,0,0
2023-04-18 15:15:00+05:30,42236.05,42264.3,42226.05,42255.65,0,0
2023-04-19 09:15:00+05:30,42280.1,42338.2,42221.95,42290.9,0,0
2023-04-19 09:45:00+05:30,42290.85,42302.6,42141.05,42195.25,0,0
2023-04-19 10:15:00+05:30,42195.45,42226.9,42162.85,42186.45,0,0
2023-04-19 10:45:00+05:30,42184.6,42210.95,42159.0,42176.95,0,0
2023-04-19 11:15:00+05:30,42173.5,42182.1,42085.55,42130.65,0,0
2023-04-19 11:45:00+05:30,42132.9,42166.05,42104.55,42127.0,0,0
2023-04-19 12:15:00+05:30,42127.4,42195.05,42125.55,42189.75,0,0
2023-04-19 12:45:00+05:30,42187.65,42246.35,42141.5,42146.3,0,0
2023-04-19 13:15:00+05:30,42146.2,42196.5,42043.85,42045.1,0,0
2023-04-19 13:45:00+05:30,42051.55,42125.45,42022.5,42093.05,0,0
2023-04-19 14:15:00+05:30,42095.7,42167.9,42078.8,42109.0,0,0
2023-04-19 14:45:00+05:30,42110.55,42189.15,42072.3,42175.2,0,0
2023-04-19 15:15:00+05:30,42176.15,42186.05,42126.75,42151.1,0,0
2023-04-20 09:15:00+05:30,42218.5,42377.05,42117.2,42347.65,0,0
2023-04-20 09:45:00+05:30,42350.5,42360.7,42242.35,42271.2,0,0
2023-04-20 10:15:00+05:30,42273.75,42336.65,42179.55,42186.55,0,0
2023-04-20 10:45:00+05:30,42190.0,42278.75,42176.4,42221.4,0,0
2023-04-20 11:15:00+05:30,42229.9,42298.7,42227.5,42255.8,0,0
2023-04-20 11:45:00+05:30,42256.8,42296.95,42199.05,42264.2,0,0
2023-04-20 12:15:00+05:30,42264.1,42306.75,42242.0,42263.6,0,0
2023-04-20 12:45:00+05:30,42261.75,42271.9,42140.7,42203.35,0,0
2023-04-20 13:15:00+05:30,42200.8,42241.2,42176.4,42207.45,0,0
2023-04-20 13:45:00+05:30,42209.1,42218.2,42109.05,42136.15,0,0
2023-04-20 14:15:00+05:30,42136.3,42244.55,42131.75,42223.1,0,0
2023-04-20 14:45:00+05:30,42221.95,42292.7,42182.9,42292.7,0,0
2023-04-20 15:15:00+05:30,42287.1,42300.4,42249.6,42274.2,0,0
2023-04-21 09:15:00+05:30,42252.55,42379.6,42247.45,42262.25,0,0
2023-04-21 09:45:00+05:30,42258.25,42304.9,42188.55,42237.8,0,0
2023-04-21 10:15:00+05:30,42236.55,42295.1,42181.7,42211.2,0,0
2023-04-21 10:45:00+05:30,42210.4,42264.85,42193.55,42225.35,0,0
2023-04-21 11:15:00+05:30,42225.45,42225.45,42162.7,42195.15,0,0
2023-04-21 11:45:00+05:30,42197.85,42200.35,42092.9,42127.55,0,0
2023-04-21 12:15:00+05:30,42126.8,42147.35,42063.65,42109.6,0,0
2023-04-21 12:45:00+05:30,42112.35,42118.2,41963.85,41990.85,0,0
2023-04-21 13:15:00+05:30,41991.25,42108.25,41987.6,42062.7,0,0
2023-04-21 13:45:00+05:30,42066.9,42141.05,42064.2,42093.25,0,0
2023-04-21 14:15:00+05:30,42096.55,42187.9,42053.85,42131.55,0,0
2023-04-21 14:45:00+05:30,42133.85,42179.05,42100.3,42153.3,0,0
2023-04-21 15:15:00+05:30,42149.75,42149.75,42045.95,42089.25,0,0
2023-04-24 09:15:00+05:30,42469.95,42469.95,42293.45,42367.95,0,0
2023-04-24 09:45:00+05:30,42366.1,42419.4,42296.1,42356.45,0,0
2023-04-24 10:15:00+05:30,42351.15,42409.0,42314.55,42361.7,0,0
2023-04-24 10:45:00+05:30,42363.45,42406.05,42338.4,42397.0,0,0
2023-04-24 11:15:00+05:30,42396.75,42437.0,42332.1,42370.7,0,0
2023-04-24 11:45:00+05:30,42370.95,42402.2,42326.7,42395.5,0,0
2023-04-24 12:15:00+05:30,42393.7,42472.7,42386.45,42430.75,0,0
2023-04-24 12:45:00+05:30,42431.0,42565.5,42430.65,42565.45,0,0
2023-04-24 13:15:00+05:30,42568.7,42670.05,42538.6,42665.15,0,0
2023-04-24 13:45:00+05:30,42668.3,42709.5,42625.25,42694.1,0,0
2023-04-24 14:15:00+05:30,42694.1,42713.25,42576.2,42591.9,0,0
2023-04-24 14:45:00+05:30,42586.1,42669.7,42579.7,42637.8,0,0
2023-04-24 15:15:00+05:30,42636.4,42665.25,42617.9,42641.85,0,0
2023-04-25 09:15:00+05:30,42731.6,42771.35,42607.3,42720.6,0,0
2023-04-25 09:45:00+05:30,42721.4,42808.05,42711.85,42804.6,0,0
2023-04-25 10:15:00+05:30,42805.25,42833.85,42743.25,42813.0,0,0
2023-04-25 10:45:00+05:30,42808.1,42848.5,42770.65,42814.15,0,0
2023-04-25 11:15:00+05:30,42810.15,42864.9,42775.15,42780.0,0,0
2023-04-25 11:45:00+05:30,42782.9,42828.25,42739.4,42779.3,0,0
2023-04-25 12:15:00+05:30,42781.95,42787.0,42672.85,42677.15,0,0
2023-04-25 12:45:00+05:30,42674.0,42800.3,42674.0,42757.95,0,0
2023-04-25 13:15:00+05:30,42756.5,42805.45,42723.7,42802.2,0,0
2023-04-25 13:45:00+05:30,42802.35,42814.05,42706.35,42799.95,0,0
2023-04-25 14:15:00+05:30,42798.75,42827.75,42757.55,42787.05,0,0
2023-04-25 14:45:00+05:30,42787.3,42825.85,42643.8,42691.25,0,0
2023-04-25 15:15:00+05:30,42691.85,42691.85,42604.5,42654.15,0,0
2023-04-26 09:15:00+05:30,42559.05,42640.0,42480.85,42482.3,0,0
2023-04-26 09:45:00+05:30,42481.3,42533.3,42434.85,42531.95,0,0
2023-04-26 10:15:00+05:30,42536.1,42638.25,42523.45,42593.4,0,0
2023-04-26 10:45:00+05:30,42593.65,42641.65,42550.3,42614.7,0,0
2023-04-26 11:15:00+05:30,42613.25,42685.65,42613.25,42658.85,0,0
2023-04-26 11:45:00+05:30,42656.25,42708.7,42643.95,42648.85,0,0
2023-04-26 12:15:00+05:30,42647.95,42783.1,42644.4,42764.6,0,0
2023-04-26 12:45:00+05:30,42766.05,42791.75,42665.5,42703.9,0,0
2023-04-26 13:15:00+05:30,42704.45,42737.9,42653.65,42705.2,0,0
2023-04-26 13:45:00+05:30,42707.6,42782.15,42705.45,42782.15,0,0
2023-04-26 14:15:00+05:30,42785.65,42816.8,42700.0,42744.95,0,0
2023-04-26 14:45:00+05:30,42744.8,42866.45,42720.0,42844.45,0,0
2023-04-26 15:15:00+05:30,42845.35,42869.65,42813.0,42866.45,0,0
2023-04-27 09:15:00+05:30,42753.9,42938.95,42742.45,42901.55,0,0
2023-04-27 09:45:00+05:30,42895.25,42920.2,42815.35,42834.95,0,0
2023-04-27 10:15:00+05:30,42835.6,42897.95,42784.1,42789.0,0,0
2023-04-27 10:45:00+05:30,42786.4,42840.1,42757.65,42795.1,0,0
2023-04-27 11:15:00+05:30,42796.1,42865.9,42777.4,42830.2,0,0
2023-04-27 11:45:00+05:30,42828.4,42895.25,42803.25,42852.95,0,0
2023-04-27 12:15:00+05:30,42853.55,42891.5,42804.8,42871.45,0,0
2023-04-27 12:45:00+05:30,42876.0,42879.75,42801.2,42851.6,0,0
2023-04-27 13:15:00+05:30,42849.65,42979.4,42849.65,42946.3,0,0
2023-04-27 13:45:00+05:30,42944.8,42992.3,42915.05,42937.6,0,0
2023-04-27 14:15:00+05:30,42936.75,42939.55,42798.7,42925.75,0,0
2023-04-27 14:45:00+05:30,42927.4,43026.15,42890.7,43024.45,0,0
2023-04-27 15:15:00+05:30,43022.25,43042.25,42953.75,42961.75,0,0
2023-04-28 09:15:00+05:30,43045.5,43081.5,42856.9,42889.55,0,0
2023-04-28 09:45:00+05:30,42888.2,42952.8,42811.1,42829.8,0,0
2023-04-28 10:15:00+05:30,42830.05,42880.65,42822.4,42827.15,0,0
2023-04-28 10:45:00+05:30,42827.4,42905.2,42821.9,42891.7,0,0
2023-04-28 11:15:00+05:30,42889.0,42901.8,42827.55,42880.5,0,0
2023-04-28 11:45:00+05:30,42880.0,42950.15,42852.95,42918.65,0,0
2023-04-28 12:15:00+05:30,42918.5,42961.05,42881.05,42950.2,0,0
2023-04-28 12:45:00+05:30,42949.05,42997.8,42919.0,42962.45,0,0
2023-04-28 13:15:00+05:30,42962.7,43018.35,42944.4,43005.25,0,0
2023-04-28 13:45:00+05:30,43006.35,43060.7,42985.1,43036.85,0,0
2023-04-28 14:15:00+05:30,43036.7,43068.5,42959.2,43066.1,0,0
2023-04-28 14:45:00+05:30,43066.65,43268.15,43013.45,43238.05,0,0
2023-04-28 15:15:00+05:30,43236.1,43300.2,43212.5,43226.25,0,0
2023-05-02 09:15:00+05:30,43395.05,43467.3,43303.2,43449.65,0,0
2023-05-02 09:45:00+05:30,43447.55,43455.25,43389.5,43411.6,0,0
2023-05-02 10:15:00+05:30,43414.8,43431.55,43343.9,43364.4,0,0
2023-05-02 10:45:00+05:30,43365.3,43433.0,43359.55,43389.8,0,0
2023-05-02 11:15:00+05:30,43392.85,43462.15,43383.5,43450.85,0,0
2023-05-02 11:45:00+05:30,43453.15,43478.4,43420.2,43461.8,0,0
2023-05-02 12:15:00+05:30,43461.85,43483.85,43400.55,43424.25,0,0
2023-05-02 12:45:00+05:30,43426.45,43456.0,43397.35,43403.1,0,0
2023-05-02 13:15:00+05:30,43404.05,43429.2,43353.4,43393.5,0,0
2023-05-02 13:45:00+05:30,43390.2,43461.75,43371.85,43431.3,0,0
2023-05-02 14:15:00+05:30,43431.25,43475.4,43388.85,43416.85,0,0
2023-05-02 14:45:00+05:30,43418.4,43439.15,43323.0,43332.1,0,0
2023-05-02 15:15:00+05:30,43332.0,43341.85,43283.65,43309.65,0,0
2023-05-03 09:15:00+05:30,43154.85,43192.9,43079.65,43192.25,0,0
2023-05-03 09:45:00+05:30,43193.45,43242.1,43156.35,43171.7,0,0
2023-05-03 10:15:00+05:30,43170.85,43284.3,43169.4,43269.8,0,0
2023-05-03 10:45:00+05:30,43270.35,43312.8,43195.2,43204.2,0,0
2023-05-03 11:15:00+05:30,43203.15,43240.15,43137.85,43141.35,0,0
2023-05-03 11:45:00+05:30,43141.15,43194.4,43107.75,43121.4,0,0
2023-05-03 12:15:00+05:30,43121.5,43212.75,43111.45,43170.7,0,0
2023-05-03 12:45:00+05:30,43172.45,43260.3,43172.45,43207.85,0,0
2023-05-03 13:15:00+05:30,43202.8,43292.25,43184.7,43241.0,0,0
2023-05-03 13:45:00+05:30,43241.5,43262.65,43180.85,43240.65,0,0
2023-05-03 14:15:00+05:30,43241.95,43345.95,43224.2,43269.25,0,0
2023-05-03 14:45:00+05:30,43271.05,43347.95,43252.2,43340.75,0,0
2023-05-03 15:15:00+05:30,43337.45,43354.05,43273.85,43292.0,0,0
2023-05-04 09:15:00+05:30,43236.1,43368.45,43221.25,43300.65,0,0
2023-05-04 09:45:00+05:30,43298.75,43333.45,43246.5,43301.5,0,0
2023-05-04 10:15:00+05:30,43298.9,43375.2,43285.75,43370.3,0,0
2023-05-04 10:45:00+05:30,43370.05,43400.6,43333.85,43395.5,0,0
2023-05-04 11:15:00+05:30,43397.45,43418.5,43354.3,43404.7,0,0
2023-05-04 11:45:00+05:30,43401.3,43431.4,43346.65,43354.95,0,0
2023-05-04 12:15:00+05:30,43348.15,43444.4,43341.45,43442.1,0,0
2023-05-04 12:45:00+05:30,43440.85,43472.85,43400.35,43427.2,0,0
2023-05-04 13:15:00+05:30,43426.85,43508.75,43415.75,43501.55,0,0
2023-05-04 13:45:00+05:30,43504.15,43510.6,43425.6,43478.65,0,0
2023-05-04 14:15:00+05:30,43477.25,43547.55,43442.35,43516.95,0,0
2023-05-04 14:45:00+05:30,43523.25,43722.3,43503.15,43719.8,0,0
2023-05-04 15:15:00+05:30,43720.2,43737.5,43611.35,43635.9,0,0
2023-05-05 09:15:00+05:30,43110.65,43463.15,43073.65,43407.0,0,0
2023-05-05 09:45:00+05:30,43405.5,43568.35,43383.45,43558.7,0,0
2023-05-05 10:15:00+05:30,43556.45,43581.55,43494.7,43507.85,0,0
2023-05-05 10:45:00+05:30,43509.55,43534.35,43228.55,43336.05,0,0
2023-05-05 11:15:00+05:30,43341.15,43341.15,43182.1,43246.2,0,0
2023-05-05 11:45:00+05:30,43250.25,43250.25,43035.65,43216.3,0,0
2023-05-05 12:15:00+05:30,43215.1,43252.6,43162.55,43216.95,0,0
2023-05-05 12:45:00+05:30,43217.6,43282.95,43134.75,43202.35,0,0
2023-05-05 13:15:00+05:30,43203.45,43214.45,43044.1,43070.05,0,0
2023-05-05 13:45:00+05:30,43072.85,43072.85,42915.15,42996.4,0,0
2023-05-05 14:15:00+05:30,42994.8,43025.3,42833.25,42910.65,0,0
2023-05-05 14:45:00+05:30,42905.05,42930.95,42602.25,42668.7,0,0
2023-05-05 15:15:00+05:30,42665.1,42699.7,42587.55,42669.25,0,0
2023-05-08 09:15:00+05:30,42796.85,43214.2,42796.85,43179.85,0,0
2023-05-08 09:45:00+05:30,43182.05,43316.85,43166.8,43174.95,0,0
2023-05-08 10:15:00+05:30,43174.75,43288.9,43159.8,43276.15,0,0
2023-05-08 10:45:00+05:30,43275.85,43332.85,43215.1,43257.85,0,0
2023-05-08 11:15:00+05:30,43258.65,43299.1,43208.7,43289.9,0,0
2023-05-08 11:45:00+05:30,43289.45,43328.85,43248.8,43288.2,0,0
2023-05-08 12:15:00+05:30,43287.7,43323.45,43250.9,43318.95,0,0
2023-05-08 12:45:00+05:30,43321.2,43323.45,43203.15,43277.1,0,0
2023-05-08 13:15:00+05:30,43277.15,43327.85,43264.2,43293.4,0,0
2023-05-08 13:45:00+05:30,43294.95,43418.55,43259.85,43321.55,0,0
2023-05-08 14:15:00+05:30,43319.85,43348.3,43237.8,43340.1,0,0
2023-05-08 14:45:00+05:30,43340.55,43361.2,43198.85,43306.4,0,0
2023-05-08 15:15:00+05:30,43305.45,43358.95,43267.6,43314.4,0,0
2023-05-09 09:15:00+05:30,43438.55,43491.8,43279.8,43399.3,0,0
2023-05-09 09:45:00+05:30,43408.4,43429.4,43367.0,43415.45,0,0
2023-05-09 10:15:00+05:30,43415.75,43466.05,43386.45,43460.25,0,0
2023-05-09 10:45:00+05:30,43462.1,43478.35,43417.1,43436.25,0,0
2023-05-09 11:15:00+05:30,43432.4,43486.9,43401.9,43464.85,0,0
2023-05-09 11:45:00+05:30,43464.25,43532.4,43464.25,43471.4,0,0
2023-05-09 12:15:00+05:30,43471.2,43528.75,43439.1,43513.35,0,0
2023-05-09 12:45:00+05:30,43514.35,43518.75,43417.05,43423.0,0,0
2023-05-09 13:15:00+05:30,43422.15,43449.75,43357.0,43411.7,0,0
2023-05-09 13:45:00+05:30,43412.05,43419.4,43162.45,43255.9,0,0
2023-05-09 14:15:00+05:30,43246.25,43340.55,43196.15,43243.05,0,0
2023-05-09 14:45:00+05:30,43239.75,43290.7,43185.95,43223.0,0,0
2023-05-09 15:15:00+05:30,43222.6,43226.9,43129.25,43171.6,0,0
2023-05-10 09:15:00+05:30,43275.25,43372.85,43009.8,43011.65,0,0
2023-05-10 09:45:00+05:30,43011.85,43060.7,42824.55,42917.5,0,0
2023-05-10 10:15:00+05:30,42919.65,43143.1,42911.25,43069.15,0,0
2023-05-10 10:45:00+05:30,43075.25,43090.6,43002.9,43088.6,0,0
2023-05-10 11:15:00+05:30,43091.95,43191.4,43053.4,43156.2,0,0
2023-05-10 11:45:00+05:30,43154.8,43241.7,43154.8,43198.3,0,0
2023-05-10 12:15:00+05:30,43194.8,43246.6,43182.15,43245.9,0,0
2023-05-10 12:45:00+05:30,43246.1,43258.9,43205.55,43249.7,0,0
2023-05-10 13:15:00+05:30,43253.55,43277.8,43077.1,43166.8,0,0
2023-05-10 13:45:00+05:30,43166.0,43282.75,43117.0,43276.8,0,0
2023-05-10 14:15:00+05:30,43276.15,43334.5,43195.4,43249.55,0,0
2023-05-10 14:45:00+05:30,43249.0,43373.6,43177.95,43339.5,0,0
2023-05-10 15:15:00+05:30,43342.5,43379.3,43289.1,43343.85,0,0
2023-05-11 09:15:00+05:30,43535.1,43607.8,43370.2,43467.75,0,0
2023-05-11 09:45:00+05:30,43467.85,43603.95,43426.5,43580.85,0,0
2023-05-11 10:15:00+05:30,43583.05,43627.4,43547.85,43611.45,0,0
2023-05-11 10:45:00+05:30,43617.5,43647.0,43551.75,43574.65,0,0
2023-05-11 11:15:00+05:30,43575.6,43615.75,43507.8,43555.75,0,0
2023-05-11 11:45:00+05:30,43556.7,43564.75,43446.7,43473.9,0,0
2023-05-11 12:15:00+05:30,43472.3,43563.85,43471.95,43493.1,0,0
2023-05-11 12:45:00+05:30,43493.35,43594.85,43460.3,43557.8,0,0
2023-05-11 13:15:00+05:30,43559.75,43615.1,43550.15,43555.55,0,0
2023-05-11 13:45:00+05:30,43556.25,43597.55,43518.45,43568.6,0,0
2023-05-11 14:15:00+05:30,43573.95,43672.05,43534.45,43591.05,0,0
2023-05-11 14:45:00+05:30,43590.4,43613.75,43420.45,43479.35,0,0
2023-05-11 15:15:00+05:30,43477.8,43539.1,43459.5,43506.75,0,0
2023-05-12 09:15:00+05:30,43447.15,43524.3,43347.75,43382.4,0,0
2023-05-12 09:45:00+05:30,43379.3,43499.3,43352.4,43437.05,0,0
2023-05-12 10:15:00+05:30,43441.75,43561.35,43424.5,43535.3,0,0
2023-05-12 10:45:00+05:30,43533.05,43584.0,43506.65,43548.5,0,0
2023-05-12 11:15:00+05:30,43542.1,43569.8,43474.85,43501.75,0,0
2023-05-12 11:45:00+05:30,43500.25,43571.8,43498.5,43541.65,0,0
2023-05-12 12:15:00+05:30,43539.1,43603.95,43528.3,43582.25,0,0
2023-05-12 12:45:00+05:30,43582.15,43642.45,43561.0,43601.7,0,0
2023-05-12 13:15:00+05:30,43601.85,43727.95,43599.95,43715.6,0,0
2023-05-12 13:45:00+05:30,43716.65,43871.4,43696.55,43814.05,0,0
2023-05-12 14:15:00+05:30,43817.9,43903.6,43771.5,43857.9,0,0
2023-05-12 14:45:00+05:30,43854.35,43871.15,43773.45,43797.5,0,0
2023-05-12 15:15:00+05:30,43795.45,43812.55,43753.8,43794.2,0,0
2023-05-15 09:15:00+05:30,43821.05,43943.1,43673.05,43940.4,0,0
2023-05-15 09:45:00+05:30,43942.15,43977.8,43879.9,43973.2,0,0
2023-05-15 10:15:00+05:30,43971.3,43986.0,43915.05,43969.75,0,0
2023-05-15 10:45:00+05:30,43968.9,44041.85,43918.4,44015.25,0,0
2023-05-15 11:15:00+05:30,44014.75,44055.85,44006.25,44043.1,0,0
2023-05-15 11:45:00+05:30,44041.75,44071.75,44009.25,44048.35,0,0
2023-05-15 12:15:00+05:30,44049.1,44075.1,44009.3,44074.45,0,0
2023-05-15 12:45:00+05:30,44076.7,44093.05,44017.65,44064.0,0,0
2023-05-15 13:15:00+05:30,44059.9,44120.1,44021.5,44112.15,0,0
2023-05-15 13:45:00+05:30,44112.85,44144.3,44090.4,44133.8,0,0
2023-05-15 14:15:00+05:30,44132.9,44151.7,44016.0,44098.55,0,0
2023-05-15 14:45:00+05:30,44094.45,44130.05,44023.1,44068.7,0,0
2023-05-15 15:15:00+05:30,44067.55,44114.05,44041.05,44045.15,0,0
2023-05-16 09:15:00+05:30,44144.15,44144.15,43855.0,43962.2,0,0
2023-05-16 09:45:00+05:30,43964.4,44117.9,43943.45,44115.85,0,0
2023-05-16 10:15:00+05:30,44116.65,44123.5,43986.8,44084.85,0,0
2023-05-16 10:45:00+05:30,44084.85,44111.95,44006.45,44059.5,0,0
2023-05-16 11:15:00+05:30,44064.35,44086.75,44013.5,44074.85,0,0
2023-05-16 11:45:00+05:30,44076.05,44098.45,44014.1,44048.5,0,0
2023-05-16 12:15:00+05:30,44046.9,44073.3,43939.55,44002.55,0,0
2023-05-16 12:45:00+05:30,44001.3,44064.15,43971.65,44022.45,0,0
2023-05-16 13:15:00+05:30,44024.1,44079.4,43992.25,44055.35,0,0
2023-05-16 13:45:00+05:30,44056.65,44124.45,44026.35,44047.1,0,0
2023-05-16 14:15:00+05:30,44045.35,44089.5,43983.7,44032.8,0,0
2023-05-16 14:45:00+05:30,44033.65,44085.6,43856.75,43883.7,0,0
2023-05-16 15:15:00+05:30,43886.15,43912.5,43818.6,43856.0,0,0
2023-05-17 09:15:00+05:30,43948.5,43987.25,43824.35,43876.65,0,0
2023-05-17 09:45:00+05:30,43877.4,43912.3,43807.3,43894.15,0,0
2023-05-17 10:15:00+05:30,43890.45,43938.8,43779.4,43792.65,0,0
2023-05-17 10:45:00+05:30,43790.35,43859.45,43782.65,43857.7,0,0
2023-05-17 11:15:00+05:30,43857.6,43859.5,43743.2,43768.95,0,0
2023-05-17 11:45:00+05:30,43766.7,43771.2,43574.0,43590.2,0,0
2023-05-17 12:15:00+05:30,43593.85,43618.15,43525.75,43602.65,0,0
2023-05-17 12:45:00+05:30,43602.25,43626.2,43486.2,43488.95,0,0
2023-05-17 13:15:00+05:30,43487.7,43532.15,43447.45,43497.9,0,0
2023-05-17 13:45:00+05:30,43495.85,43597.1,43478.85,43514.4,0,0
2023-05-17 14:15:00+05:30,43511.3,43620.05,43478.5,43617.75,0,0
2023-05-17 14:45:00+05:30,43617.95,43712.4,43573.4,43703.65,0,0
2023-05-17 15:15:00+05:30,43701.9,43763.05,43694.8,43748.9,0,0
2023-05-18 09:15:00+05:30,44006.9,44067.85,43867.45,43977.1,0,0
2023-05-18 09:45:00+05:30,43977.15,43996.95,43851.85,43920.05,0,0
2023-05-18 10:15:00+05:30,43920.2,43961.65,43885.25,43957.15,0,0
2023-05-18 10:45:00+05:30,43960.0,44043.2,43938.1,44029.55,0,0
2023-05-18 11:15:00+05:30,44029.3,44061.7,43974.35,43993.7,0,0
2023-05-18 11:45:00+05:30,43997.55,44079.2,43991.1,44016.15,0,0
2023-05-18 12:15:00+05:30,44015.7,44023.65,43926.9,43955.15,0,0
2023-05-18 12:45:00+05:30,43955.05,43974.0,43889.85,43931.25,0,0
2023-05-18 13:15:00+05:30,43931.65,44054.15,43920.8,43951.25,0,0
2023-05-18 13:45:00+05:30,43950.9,44007.25,43784.6,43843.2,0,0
2023-05-18 14:15:00+05:30,43843.55,43929.65,43756.4,43864.65,0,0
2023-05-18 14:45:00+05:30,43863.45,43905.3,43677.0,43755.45,0,0
2023-05-18 15:15:00+05:30,43753.0,43804.85,43703.45,43770.1,0,0
2023-05-19 09:15:00+05:30,43930.0,43951.6,43774.4,43796.1,0,0
2023-05-19 09:45:00+05:30,43792.8,43808.15,43532.25,43626.65,0,0
2023-05-19 10:15:00+05:30,43631.9,43686.3,43547.9,43608.45,0,0
2023-05-19 10:45:00+05:30,43607.9,43671.3,43605.05,43665.5,0,0
2023-05-19 11:15:00+05:30,43668.0,43727.1,43606.7,43681.2,0,0
2023-05-19 11:45:00+05:30,43679.0,43745.3,43672.55,43686.3,0,0
2023-05-19 12:15:00+05:30,43684.3,43702.15,43584.65,43637.8,0,0
2023-05-19 12:45:00+05:30,43639.65,43717.8,43628.95,43687.65,0,0
2023-05-19 13:15:00+05:30,43685.2,43731.65,43606.7,43636.8,0,0
2023-05-19 13:45:00+05:30,43634.4,43817.85,43618.45,43817.85,0,0
2023-05-19 14:15:00+05:30,43816.05,43914.9,43796.45,43884.75,0,0
2023-05-19 14:45:00+05:30,43886.7,44020.8,43842.2,43956.85,0,0
2023-05-19 15:15:00+05:30,43963.45,44016.95,43942.5,43956.4,0,0
2023-05-22 09:15:00+05:30,43935.3,44026.2,43826.15,44002.45,0,0
2023-05-22 09:45:00+05:30,43997.15,44009.8,43790.65,43885.0,0,0
2023-05-22 10:15:00+05:30,43883.6,43973.05,43850.35,43924.0,0,0
2023-05-22 10:45:00+05:30,43918.35,43961.45,43896.2,43904.05,0,0
2023-05-22 11:15:00+05:30,43904.7,43922.8,43838.95,43880.55,0,0
2023-05-22 11:45:00+05:30,43882.0,43919.5,43805.45,43900.45,0,0
2023-05-22 12:15:00+05:30,43898.1,43922.05,43780.45,43818.85,0,0
2023-05-22 12:45:00+05:30,43820.8,43904.95,43804.9,43875.1,0,0
2023-05-22 13:15:00+05:30,43875.4,43897.1,43686.1,43724.85,0,0
2023-05-22 13:45:00+05:30,43726.4,43873.45,43707.7,43873.05,0,0
2023-05-22 14:15:00+05:30,43874.05,43887.85,43755.75,43767.8,0,0
2023-05-22 14:45:00+05:30,43768.25,43973.25,43758.4,43848.25,0,0
2023-05-22 15:15:00+05:30,43843.05,43928.75,43813.6,43826.2,0,0
2023-05-23 09:15:00+05:30,43978.9,44016.0,43866.05,43993.5,0,0
2023-05-23 09:45:00+05:30,43995.9,44057.75,43954.5,44010.35,0,0
2023-05-23 10:15:00+05:30,44012.25,44042.7,43977.8,44039.95,0,0
2023-05-23 10:45:00+05:30,44038.7,44082.05,44025.1,44054.7,0,0
2023-05-23 11:15:00+05:30,44053.4,44062.15,43977.25,44013.25,0,0
2023-05-23 11:45:00+05:30,44012.9,44027.1,43972.55,44011.45,0,0
2023-05-23 12:15:00+05:30,44011.3,44067.2,43970.55,44051.1,0,0
2023-05-23 12:45:00+05:30,44050.85,44077.35,44003.3,44010.5,0,0
2023-05-23 13:15:00+05:30,44012.8,44072.35,43976.5,44042.4,0,0
2023-05-23 13:45:00+05:30,44042.4,44087.85,44012.6,44058.85,0,0
2023-05-23 14:15:00+05:30,44059.45,44093.8,43988.95,44018.25,0,0
2023-05-23 14:45:00+05:30,44033.0,44052.3,43955.25,43955.6,0,0
2023-05-23 15:15:00+05:30,43955.65,43966.9,43860.4,43873.85,0,0
2023-05-24 09:15:00+05:30,43751.95,43844.05,43709.8,43837.75,0,0
2023-05-24 09:45:00+05:30,43832.7,43935.5,43817.65,43899.95,0,0
2023-05-24 10:15:00+05:30,43902.35,43946.7,43854.75,43929.45,0,0
2023-05-24 10:45:00+05:30,43929.8,44010.45,43908.7,43924.05,0,0
2023-05-24 11:15:00+05:30,43919.9,43996.0,43909.3,43926.9,0,0
2023-05-24 11:45:00+05:30,43927.3,43938.8,43866.0,43867.1,0,0
2023-05-24 12:15:00+05:30,43868.5,43893.5,43812.15,43820.65,0,0
2023-05-24 12:45:00+05:30,43820.1,43887.0,43765.55,43766.9,0,0
2023-05-24 13:15:00+05:30,43769.1,43851.2,43740.65,43810.8,0,0
2023-05-24 13:45:00+05:30,43812.75,43825.4,43760.35,43804.6,0,0
2023-05-24 14:15:00+05:30,43803.3,43834.9,43705.65,43741.3,0,0
2023-05-24 14:45:00+05:30,43743.6,43746.05,43639.8,43659.25,0,0
2023-05-24 15:15:00+05:30,43662.8,43697.5,43653.2,43662.9,0,0
2023-05-25 09:15:00+05:30,43630.25,43702.6,43519.3,43627.2,0,0
2023-05-25 09:45:00+05:30,43626.4,43659.95,43513.05,43554.85,0,0
2023-05-25 10:15:00+05:30,43554.5,43586.75,43474.4,43517.0,0,0
2023-05-25 10:45:00+05:30,43515.55,43561.1,43480.3,43550.2,0,0
2023-05-25 11:15:00+05:30,43549.1,43559.1,43454.75,43465.4,0,0
2023-05-25 11:45:00+05:30,43469.4,43569.7,43459.1,43547.85,0,0
2023-05-25 12:15:00+05:30,43549.6,43601.25,43505.45,43527.95,0,0
2023-05-25 12:45:00+05:30,43531.45,43558.2,43431.4,43476.45,0,0
2023-05-25 13:15:00+05:30,43476.45,43484.7,43393.35,43432.85,0,0
2023-05-25 13:45:00+05:30,43432.7,43517.6,43406.15,43507.5,0,0
2023-05-25 14:15:00+05:30,43507.45,43588.6,43493.55,43583.05,0,0
2023-05-25 14:45:00+05:30,43582.6,43717.4,43561.65,43688.6,0,0
2023-05-25 15:15:00+05:30,43687.7,43717.95,43652.0,43679.2,0,0
2023-05-26 09:15:00+05:30,43765.35,43765.35,43589.15,43685.15,0,0
2023-05-26 09:45:00+05:30,43682.9,43700.45,43641.7,43650.4,0,0
2023-05-26 10:15:00+05:30,43646.4,43668.05,43610.65,43653.3,0,0
2023-05-26 10:45:00+05:30,43651.0,43709.05,43635.35,43694.3,0,0
2023-05-26 11:15:00+05:30,43694.65,43744.45,43683.25,43738.0,0,0
2023-05-26 11:45:00+05:30,43737.45,43801.05,43727.35,43779.1,0,0
2023-05-26 12:15:00+05:30,43775.4,43823.2,43771.7,43797.2,0,0
2023-05-26 12:45:00+05:30,43798.75,43901.65,43792.8,43856.35,0,0
2023-05-26 13:15:00+05:30,43858.1,43928.85,43840.15,43923.0,0,0
2023-05-26 13:45:00+05:30,43919.9,44049.05,43919.25,44043.3,0,0
2023-05-26 14:15:00+05:30,44045.05,44066.5,43986.25,43986.25,0,0
2023-05-26 14:45:00+05:30,43984.6,44061.85,43965.25,44038.7,0,0
2023-05-26 15:15:00+05:30,44036.85,44044.6,43989.4,43996.5,0,0
2023-05-29 09:15:00+05:30,44276.8,44457.65,44228.35,44424.0,0,0
2023-05-29 09:45:00+05:30,44426.8,44432.45,44348.15,44362.0,0,0
2023-05-29 10:15:00+05:30,44361.85,44437.15,44354.25,44418.4,0,0
2023-05-29 10:45:00+05:30,44418.35,44442.7,44374.75,44436.5,0,0
2023-05-29 11:15:00+05:30,44437.25,44478.95,44417.6,44436.85,0,0
2023-05-29 11:45:00+05:30,44438.7,44452.95,44384.3,44401.2,0,0
2023-05-29 12:15:00+05:30,44404.75,44426.8,44370.9,44407.75,0,0
2023-05-29 12:45:00+05:30,44405.5,44406.75,44359.35,44388.0,0,0
2023-05-29 13:15:00+05:30,44390.0,44459.6,44386.25,44412.7,0,0
2023-05-29 13:45:00+05:30,44409.85,44445.2,44399.8,44426.7,0,0
2023-05-29 14:15:00+05:30,44427.45,44429.6,44263.95,44303.8,0,0
2023-05-29 14:45:00+05:30,44304.3,44357.5,44292.25,44313.25,0,0
2023-05-29 15:15:00+05:30,44312.85,44323.45,44271.7,44323.45,0,0
2023-05-30 09:15:00+05:30,44277.35,44409.75,44211.75,44394.5,0,0
2023-05-30 09:45:00+05:30,44393.1,44413.75,44358.2,44374.7,0,0
2023-05-30 10:15:00+05:30,44372.45,44389.85,44267.4,44320.65,0,0
2023-05-30 10:45:00+05:30,44322.85,44355.25,44273.3,44277.05,0,0
2023-05-30 11:15:00+05:30,44275.8,44329.5,44249.2,44305.05,0,0
2023-05-30 11:45:00+05:30,44304.55,44334.65,44251.7,44277.2,0,0
2023-05-30 12:15:00+05:30,44277.15,44307.95,44261.8,44273.25,0,0
2023-05-30 12:45:00+05:30,44272.9,44364.95,44270.2,44319.95,0,0
2023-05-30 13:15:00+05:30,44318.8,44377.8,44293.85,44353.15,0,0
2023-05-30 13:45:00+05:30,44351.75,44368.1,44297.6,44364.9,0,0
2023-05-30 14:15:00+05:30,44367.85,44446.85,44332.55,44434.45,0,0
2023-05-30 14:45:00+05:30,44434.3,44485.25,44367.65,44438.05,0,0
2023-05-30 15:15:00+05:30,44443.3,44494.75,44432.65,44457.5,0,0
2023-05-31 09:15:00+05:30,44318.0,44332.55,44064.0,44092.65,0,0
2023-05-31 09:45:00+05:30,44093.05,44156.6,44056.05,44126.45,0,0
2023-05-31 10:15:00+05:30,44122.7,44134.9,44052.95,44063.95,0,0
2023-05-31 10:45:00+05:30,44062.25,44153.8,44054.15,44127.95,0,0
2023-05-31 11:15:00+05:30,44128.85,44152.25,44003.6,44016.95,0,0
2023-05-31 11:45:00+05:30,44017.3,44019.3,43890.55,43961.25,0,0
2023-05-31 12:15:00+05:30,43960.45,43979.55,43858.5,43937.8,0,0
2023-05-31 12:45:00+05:30,43936.9,43940.75,43828.65,43851.55,0,0
2023-05-31 13:15:00+05:30,43850.95,43942.4,43824.75,43906.4,0,0
2023-05-31 13:45:00+05:30,43904.95,43921.3,43846.5,43889.15,0,0
2023-05-31 14:15:00+05:30,43890.65,43979.25,43870.2,43953.05,0,0
2023-05-31 14:45:00+05:30,43953.6,44204.75,43947.35,44124.9,0,0
2023-05-31 15:15:00+05:30,44121.8,44264.45,44118.95,44147.8,0,0
2023-06-01 09:15:00+05:30,44172.05,44172.05,43972.2,44053.05,0,0
2023-06-01 09:45:00+05:30,44052.6,44148.05,44041.0,44063.95,0,0
2023-06-01 10:15:00+05:30,44061.65,44132.15,44035.55,44091.95,0,0
2023-06-01 10:45:00+05:30,44098.95,44119.9,44054.7,44107.65,0,0
2023-06-01 11:15:00+05:30,44108.3,44124.05,44063.55,44109.65,0,0
2023-06-01 11:45:00+05:30,44109.5,44141.8,44043.9,44065.2,0,0
2023-06-01 12:15:00+05:30,44067.55,44164.0,44045.1,44125.25,0,0
2023-06-01 12:45:00+05:30,44126.6,44143.6,44081.45,44142.8,0,0
2023-06-01 13:15:00+05:30,44142.1,44177.95,44114.7,44146.05,0,0
2023-06-01 13:45:00+05:30,44145.75,44149.55,44000.05,44010.0,0,0
2023-06-01 14:15:00+05:30,44009.75,44015.85,43923.9,43932.6,0,0
2023-06-01 14:45:00+05:30,43934.7,43978.9,43794.65,43794.65,0,0
2023-06-01 15:15:00+05:30,43795.6,43801.15,43708.25,43790.0,0,0
2023-06-02 09:15:00+05:30,43997.3,44039.9,43912.05,43994.2,0,0
2023-06-02 09:45:00+05:30,43996.0,44011.65,43825.35,43848.95,0,0
2023-06-02 10:15:00+05:30,43847.8,43904.0,43813.65,43879.8,0,0
2023-06-02 10:45:00+05:30,43880.4,43936.3,43869.65,43933.9,0,0
2023-06-02 11:15:00+05:30,43936.95,43997.85,43892.6,43963.55,0,0
2023-06-02 11:45:00+05:30,43962.8,43995.35,43949.35,43967.25,0,0
2023-06-02 12:15:00+05:30,43965.7,44005.6,43936.05,43973.05,0,0
2023-06-02 12:45:00+05:30,43972.5,44061.15,43958.6,44042.15,0,0
2023-06-02 13:15:00+05:30,44041.45,44074.65,44019.7,44061.85,0,0
2023-06-02 13:45:00+05:30,44062.2,44088.9,43935.15,43957.9,0,0
2023-06-02 14:15:00+05:30,43957.05,43957.05,43840.15,43877.7,0,0
2023-06-02 14:45:00+05:30,43878.6,44020.75,43860.8,43950.9,0,0
2023-06-02 15:15:00+05:30,43950.25,43961.35,43852.3,43880.75,0,0
2023-06-05 09:15:00+05:30,44103.25,44217.5,44103.25,44198.5,0,0
2023-06-05 09:45:00+05:30,44198.9,44245.7,44189.5,44198.75,0,0
2023-06-05 10:15:00+05:30,44198.6,44230.0,44151.95,44166.25,0,0
2023-06-05 10:45:00+05:30,44165.95,44254.7,44165.95,44243.7,0,0
2023-06-05 11:15:00+05:30,44243.9,44261.95,44207.0,44219.1,0,0
2023-06-05 11:45:00+05:30,44217.45,44227.5,44158.85,44206.25,0,0
2023-06-05 12:15:00+05:30,44206.85,44220.35,44171.8,44201.5,0,0
2023-06-05 12:45:00+05:30,44202.2,44226.15,44165.85,44186.65,0,0
2023-06-05 13:15:00+05:30,44184.65,44245.9,44174.85,44214.05,0,0
2023-06-05 13:45:00+05:30,44214.6,44265.25,44182.6,44201.45,0,0
2023-06-05 14:15:00+05:30,44204.45,44216.25,44168.5,44174.6,0,0
2023-06-05 14:45:00+05:30,44174.5,44194.75,44075.7,44122.3,0,0
2023-06-05 15:15:00+05:30,44121.35,44149.3,44078.2,44099.75,0,0
2023-06-06 09:15:00+05:30,44156.7,44187.0,44101.25,44150.65,0,0
2023-06-06 09:45:00+05:30,44151.65,44165.75,44064.2,44085.15,0,0
2023-06-06 10:15:00+05:30,44082.25,44093.8,44054.0,44084.8,0,0
2023-06-06 10:45:00+05:30,44082.4,44095.3,44011.0,44039.4,0,0
2023-06-06 11:15:00+05:30,44038.35,44083.0,44009.7,44066.05,0,0
2023-06-06 11:45:00+05:30,44065.5,44104.3,44057.35,44084.55,0,0
2023-06-06 12:15:00+05:30,44082.7,44126.65,44069.8,44090.6,0,0
2023-06-06 12:45:00+05:30,44092.25,44109.5,44054.05,44095.55,0,0
2023-06-06 13:15:00+05:30,44097.05,44129.0,44060.7,44110.35,0,0
2023-06-06 13:45:00+05:30,44110.6,44136.1,44069.75,44074.6,0,0
2023-06-06 14:15:00+05:30,44071.35,44098.1,44036.1,44041.8,0,0
2023-06-06 14:45:00+05:30,44041.6,44233.95,44036.75,44219.35,0,0
2023-06-06 15:15:00+05:30,44215.7,44235.9,44186.75,44209.4,0,0
2023-06-07 09:15:00+05:30,44318.7,44345.8,44232.85,44289.2,0,0
2023-06-07 09:45:00+05:30,44292.75,44292.75,44236.0,44265.1,0,0
2023-06-07 10:15:00+05:30,44264.45,44277.25,44198.9,44205.2,0,0
2023-06-07 10:45:00+05:30,44207.35,44225.75,44173.95,44211.25,0,0
2023-06-07 11:15:00+05:30,44209.8,44227.4,44153.35,44163.85,0,0
2023-06-07 11:45:00+05:30,44162.65,44185.35,44148.65,44161.05,0,0
2023-06-07 12:15:00+05:30,44158.15,44225.6,44157.05,44221.95,0,0
2023-06-07 12:45:00+05:30,44222.65,44239.55,44192.05,44214.25,0,0
2023-06-07 13:15:00+05:30,44215.3,44224.15,44148.9,44166.9,0,0
2023-06-07 13:45:00+05:30,44166.75,44221.35,44166.05,44172.45,0,0
2023-06-07 14:15:00+05:30,44170.85,44237.7,44164.25,44232.45,0,0
2023-06-07 14:45:00+05:30,44234.5,44286.0,44214.8,44280.65,0,0
2023-06-07 15:15:00+05:30,44281.55,44293.45,44261.15,44279.6,0,0
2023-06-08 09:15:00+05:30,44208.3,44305.3,44208.3,44291.1,0,0
2023-06-08 09:45:00+05:30,44288.95,44435.75,44287.6,44405.95,0,0
2023-06-08 10:15:00+05:30,44406.75,44452.05,44394.05,44436.85,0,0
2023-06-08 10:45:00+05:30,44437.15,44458.15,44415.05,44429.75,0,0
2023-06-08 11:15:00+05:30,44429.4,44452.55,44378.5,44382.05,0,0
2023-06-08 11:45:00+05:30,44381.35,44415.65,44254.6,44303.6,0,0
2023-06-08 12:15:00+05:30,44300.8,44302.4,44209.9,44273.2,0,0
2023-06-08 12:45:00+05:30,44273.4,44290.25,44214.05,44245.65,0,0
2023-06-08 13:15:00+05:30,44245.0,44289.25,44210.8,44284.0,0,0
2023-06-08 13:45:00+05:30,44283.55,44348.9,44172.9,44226.15,0,0
2023-06-08 14:15:00+05:30,44225.45,44248.2,44184.9,44228.95,0,0
2023-06-08 14:45:00+05:30,44230.5,44231.7,43964.0,43965.6,0,0
2023-06-08 15:15:00+05:30,43966.85,44024.8,43918.1,44007.7,0,0
2023-06-09 09:15:00+05:30,44045.75,44117.6,43934.5,43998.35,0,0
2023-06-09 09:45:00+05:30,43999.75,44218.05,43997.6,44165.2,0,0
2023-06-09 10:15:00+05:30,44161.5,44177.65,44107.1,44143.8,0,0
2023-06-09 10:45:00+05:30,44144.5,44166.8,44075.25,44139.1,0,0
2023-06-09 11:15:00+05:30,44140.5,44165.6,44103.55,44125.1,0,0
2023-06-09 11:45:00+05:30,44123.35,44179.45,44123.35,44162.05,0,0
2023-06-09 12:15:00+05:30,44162.25,44199.25,44089.95,44094.2,0,0
2023-06-09 12:45:00+05:30,44094.2,44095.4,44030.5,44093.25,0,0
2023-06-09 13:15:00+05:30,44092.3,44108.35,44020.7,44054.25,0,0
2023-06-09 13:45:00+05:30,44055.15,44080.5,43973.7,43987.45,0,0
2023-06-09 14:15:00+05:30,43986.05,44066.65,43954.35,43984.85,0,0
2023-06-09 14:45:00+05:30,43986.7,44021.55,43962.25,43993.25,0,0
2023-06-09 15:15:00+05:30,43993.05,44010.0,43970.9,43990.6,0,0
2023-06-12 09:15:00+05:30,44035.2,44092.2,43922.5,43982.25,0,0
2023-06-12 09:45:00+05:30,43989.95,44018.3,43940.5,43969.8,0,0
2023-06-12 10:15:00+05:30,43971.2,44038.5,43961.1,43992.25,0,0
2023-06-12 10:45:00+05:30,43990.55,44010.85,43966.15,44010.55,0,0
2023-06-12 11:15:00+05:30,44010.55,44013.0,43949.75,43989.3,0,0
2023-06-12 11:45:00+05:30,43990.05,44045.0,43984.15,44011.7,0,0
2023-06-12 12:15:00+05:30,44010.65,44020.3,43965.95,43973.95,0,0
2023-06-12 12:45:00+05:30,43973.75,43982.25,43940.7,43967.85,0,0
2023-06-12 13:15:00+05:30,43967.9,43997.1,43949.05,43959.15,0,0
2023-06-12 13:45:00+05:30,43960.75,44002.85,43939.3,43977.9,0,0
2023-06-12 14:15:00+05:30,43975.95,43990.45,43874.05,43907.9,0,0
2023-06-12 14:45:00+05:30,43910.95,43997.25,43908.9,43937.3,0,0
2023-06-12 15:15:00+05:30,43944.4,43960.65,43929.0,43956.45,0,0
2023-06-13 09:15:00+05:30,43889.7,44117.65,43889.7,44111.65,0,0
2023-06-13 09:45:00+05:30,44115.2,44119.0,44059.15,44066.05,0,0
2023-06-13 10:15:00+05:30,44066.2,44115.55,44039.85,44111.15,0,0
2023-06-13 10:45:00+05:30,44107.85,44111.8,44077.05,44082.55,0,0
2023-06-13 11:15:00+05:30,44083.35,44117.65,44065.65,44084.85,0,0
2023-06-13 11:45:00+05:30,44088.2,44090.05,44014.1,44031.55,0,0
2023-06-13 12:15:00+05:30,44031.9,44040.8,44005.5,44026.85,0,0
2023-06-13 12:45:00+05:30,44027.05,44038.1,43999.6,44036.0,0,0
2023-06-13 13:15:00+05:30,44035.45,44064.6,44017.7,44059.05,0,0
2023-06-13 13:45:00+05:30,44059.85,44069.8,43947.35,43992.65,0,0
2023-06-13 14:15:00+05:30,43986.3,44003.1,43949.55,43977.0,0,0
2023-06-13 14:45:00+05:30,43981.15,44103.75,43965.25,44095.05,0,0
2023-06-13 15:15:00+05:30,44093.3,44137.8,44085.2,44109.05,0,0
2023-06-14 09:15:00+05:30,44181.65,44197.75,43992.75,44008.55,0,0
2023-06-14 09:45:00+05:30,44003.15,44041.45,43966.3,43988.1,0,0
2023-06-14 10:15:00+05:30,43990.25,44021.85,43968.05,44017.85,0,0
2023-06-14 10:45:00+05:30,44018.05,44048.8,43971.9,43992.95,0,0
2023-06-14 11:15:00+05:30,43997.35,44007.95,43972.2,43984.0,0,0
2023-06-14 11:45:00+05:30,43984.8,44032.6,43970.6,44018.3,0,0
2023-06-14 12:15:00+05:30,44021.05,44043.0,43992.25,44008.25,0,0
2023-06-14 12:45:00+05:30,44000.1,44036.25,43976.35,44029.55,0,0
2023-06-14 13:15:00+05:30,44031.85,44063.35,44002.9,44018.3,0,0
2023-06-14 13:45:00+05:30,44024.9,44035.7,43979.6,43996.25,0,0
2023-06-14 14:15:00+05:30,43999.35,44035.0,43957.3,44026.05,0,0
2023-06-14 14:45:00+05:30,44025.4,44038.0,43988.2,43994.0,0,0
2023-06-14 15:15:00+05:30,43994.7,43998.6,43958.7,43964.8,0,0
2023-06-15 09:15:00+05:30,44054.35,44058.25,43840.95,43891.15,0,0
2023-06-15 09:45:00+05:30,43892.6,43942.4,43886.05,43896.6,0,0
2023-06-15 10:15:00+05:30,43895.85,43960.05,43894.8,43917.35,0,0
2023-06-15 10:45:00+05:30,43915.4,43943.25,43872.0,43882.35,0,0
2023-06-15 11:15:00+05:30,43881.75,43887.55,43736.5,43762.55,0,0
2023-06-15 11:45:00+05:30,43760.2,43791.8,43717.4,43757.35,0,0
2023-06-15 12:15:00+05:30,43755.2,43780.7,43658.45,43665.7,0,0
2023-06-15 12:45:00+05:30,43666.0,43726.45,43636.7,43666.5,0,0
2023-06-15 13:15:00+05:30,43664.6,43709.95,43630.75,43666.55,0,0
2023-06-15 13:45:00+05:30,43665.05,43728.1,43520.9,43525.55,0,0
2023-06-15 14:15:00+05:30,43521.05,43552.75,43429.2,43457.4,0,0
2023-06-15 14:45:00+05:30,43456.0,43506.85,43400.95,43404.9,0,0
2023-06-15 15:15:00+05:30,43410.85,43453.2,43397.5,43453.2,0,0
2023-06-16 09:15:00+05:30,43583.35,43711.6,43546.8,43691.1,0,0
2023-06-16 09:45:00+05:30,43692.8,43734.95,43660.3,43734.9,0,0
2023-06-16 10:15:00+05:30,43734.1,43768.05,43714.8,43752.35,0,0
2023-06-16 10:45:00+05:30,43752.85,43763.8,43704.6,43738.3,0,0
2023-06-16 11:15:00+05:30,43740.5,43793.65,43694.4,43787.75,0,0
2023-06-16 11:45:00+05:30,43785.5,43819.15,43774.1,43792.95,0,0
2023-06-16 12:15:00+05:30,43792.65,43810.2,43742.2,43759.6,0,0
2023-06-16 12:45:00+05:30,43765.25,43792.45,43738.85,43766.3,0,0
2023-06-16 13:15:00+05:30,43762.6,43768.9,43720.05,43741.2,0,0
2023-06-16 13:45:00+05:30,43740.05,43785.9,43685.2,43782.25,0,0
2023-06-16 14:15:00+05:30,43782.2,43870.05,43768.6,43868.05,0,0
2023-06-16 14:45:00+05:30,43871.25,44077.55,43862.95,43926.85,0,0
2023-06-16 15:15:00+05:30,43930.45,43949.75,43832.55,43906.65,0,0
2023-06-19 09:15:00+05:30,44015.3,44026.7,43859.2,43930.2,0,0
2023-06-19 09:45:00+05:30,43932.15,43964.05,43857.2,43863.45,0,0
2023-06-19 10:15:00+05:30,43864.6,43869.95,43717.3,43739.95,0,0
2023-06-19 10:45:00+05:30,43740.8,43741.6,43596.85,43675.6,0,0
2023-06-19 11:15:00+05:30,43671.2,43703.5,43619.45,43659.2,0,0
2023-06-19 11:45:00+05:30,43659.65,43688.6,43594.85,43646.55,0,0
2023-06-19 12:15:00+05:30,43643.95,43707.1,43642.4,43684.9,0,0
2023-06-19 12:45:00+05:30,43688.75,43757.1,43555.9,43587.75,0,0
2023-06-19 13:15:00+05:30,43589.35,43597.75,43502.35,43554.9,0,0
2023-06-19 13:45:00+05:30,43560.1,43601.35,43525.95,43576.45,0,0
2023-06-19 14:15:00+05:30,43578.1,43687.55,43512.6,43677.5,0,0
2023-06-19 14:45:00+05:30,43678.4,43718.05,43574.0,43662.65,0,0
2023-06-19 15:15:00+05:30,43664.85,43673.2,43615.3,43644.05,0,0
2023-06-20 09:15:00+05:30,43597.55,43635.25,43427.0,43447.95,0,0
2023-06-20 09:45:00+05:30,43451.85,43510.9,43417.65,43440.15,0,0
2023-06-20 10:15:00+05:30,43438.7,43454.95,43347.4,43373.15,0,0
2023-06-20 10:45:00+05:30,43375.8,43435.1,43360.35,43420.7,0,0
2023-06-20 11:15:00+05:30,43417.55,43475.75,43378.95,43442.05,0,0
2023-06-20 11:45:00+05:30,43440.8,43458.8,43405.65,43413.6,0,0
2023-06-20 12:15:00+05:30,43411.7,43441.55,43394.2,43419.4,0,0
2023-06-20 12:45:00+05:30,43416.8,43584.7,43400.05,43528.0,0,0
2023-06-20 13:15:00+05:30,43527.5,43569.2,43497.3,43523.8,0,0
2023-06-20 13:45:00+05:30,43523.7,43554.2,43467.1,43534.25,0,0
2023-06-20 14:15:00+05:30,43531.3,43654.65,43490.4,43600.6,0,0
2023-06-20 14:45:00+05:30,43598.75,43790.05,43585.0,43777.65,0,0
2023-06-20 15:15:00+05:30,43778.45,43822.75,43771.5,43796.5,0,0
2023-06-21 09:15:00+05:30,43894.4,43945.6,43748.55,43891.4,0,0
2023-06-21 09:45:00+05:30,43895.9,43919.95,43866.9,43878.25,0,0
2023-06-21 10:15:00+05:30,43881.65,43883.2,43765.65,43787.45,0,0
2023-06-21 10:45:00+05:30,43787.1,43832.7,43722.25,43722.45,0,0
2023-06-21 11:15:00+05:30,43727.7,43805.95,43700.25,43779.85,0,0
2023-06-21 11:45:00+05:30,43780.15,43807.45,43756.0,43777.95,0,0
2023-06-21 12:15:00+05:30,43779.35,43832.4,43750.65,43826.65,0,0
2023-06-21 12:45:00+05:30,43827.65,43877.05,43815.75,43858.6,0,0
2023-06-21 13:15:00+05:30,43858.25,43915.8,43842.85,43873.9,0,0
2023-06-21 13:45:00+05:30,43874.75,43931.65,43835.45,43886.4,0,0
2023-06-21 14:15:00+05:30,43886.95,43886.95,43786.05,43814.55,0,0
2023-06-21 14:45:00+05:30,43817.1,43896.25,43814.7,43883.7,0,0
2023-06-21 15:15:00+05:30,43885.65,43897.1,43823.1,43863.8,0,0
2023-06-22 09:15:00+05:30,43874.8,43988.35,43802.7,43940.25,0,0
2023-06-22 09:45:00+05:30,43946.0,43960.95,43883.15,43912.3,0,0
2023-06-22 10:15:00+05:30,43910.9,43984.25,43884.85,43943.55,0,0
2023-06-22 10:45:00+05:30,43943.55,43959.5,43903.5,43930.25,0,0
2023-06-22 11:15:00+05:30,43929.55,43945.9,43885.9,43934.6,0,0
2023-06-22 11:45:00+05:30,43933.35,43936.45,43823.5,43848.6,0,0
2023-06-22 12:15:00+05:30,43848.65,43884.4,43808.2,43818.4,0,0
2023-06-22 12:45:00+05:30,43819.3,43835.85,43724.4,43783.45,0,0
2023-06-22 13:15:00+05:30,43784.3,44028.3,43759.2,44006.2,0,0
2023-06-22 13:45:00+05:30,44014.15,44039.35,43909.3,43932.2,0,0
2023-06-22 14:15:00+05:30,43933.55,43948.2,43664.65,43803.15,0,0
2023-06-22 14:45:00+05:30,43804.95,43858.4,43692.4,43698.5,0,0
2023-06-22 15:15:00+05:30,43698.25,43750.85,43679.2,43716.5,0,0
2023-06-23 09:15:00+05:30,43641.6,43706.8,43521.35,43566.6,0,0
2023-06-23 09:45:00+05:30,43569.25,43736.7,43567.7,43684.95,0,0
2023-06-23 10:15:00+05:30,43688.95,43792.45,43679.8,43734.1,0,0
2023-06-23 10:45:00+05:30,43733.0,43740.35,43663.65,43734.9,0,0
2023-06-23 11:15:00+05:30,43734.35,43746.55,43673.45,43711.4,0,0
2023-06-23 11:45:00+05:30,43718.85,43761.3,43691.15,43720.95,0,0
2023-06-23 12:15:00+05:30,43723.75,43808.9,43708.15,43797.6,0,0
2023-06-23 12:45:00+05:30,43797.9,43822.05,43673.8,43723.75,0,0
2023-06-23 13:15:00+05:30,43724.95,43774.55,43696.4,43747.25,0,0
2023-06-23 13:45:00+05:30,43749.1,43788.8,43642.9,43659.95,0,0
2023-06-23 14:15:00+05:30,43658.95,43759.4,43609.25,43683.65,0,0
2023-06-23 14:45:00+05:30,43686.85,43719.55,43617.85,43638.9,0,0
2023-06-23 15:15:00+05:30,43637.35,43648.3,43585.9,43617.05,0,0
2023-06-26 09:15:00+05:30,43714.75,43769.75,43656.75,43699.7,0,0
2023-06-26 09:45:00+05:30,43699.75,43709.5,43594.6,43618.45,0,0
2023-06-26 10:15:00+05:30,43621.15,43657.75,43553.95,43571.05,0,0
2023-06-26 10:45:00+05:30,43572.45,43642.05,43555.15,43610.95,0,0
2023-06-26 11:15:00+05:30,43614.9,43665.8,43597.0,43601.15,0,0
2023-06-26 11:45:00+05:30,43602.05,43642.2,43588.35,43640.8,0,0
2023-06-26 12:15:00+05:30,43641.05,43688.95,43619.85,43627.65,0,0
2023-06-26 12:45:00+05:30,43628.85,43639.3,43573.95,43619.5,0,0
2023-06-26 13:15:00+05:30,43620.15,43655.85,43596.95,43604.35,0,0
2023-06-26 13:45:00+05:30,43605.7,43621.45,43559.9,43599.95,0,0
2023-06-26 14:15:00+05:30,43600.4,43618.3,43541.75,43580.55,0,0
2023-06-26 14:45:00+05:30,43582.0,43687.2,43573.8,43666.35,0,0
2023-06-26 15:15:00+05:30,43667.25,43671.8,43588.9,43653.65,0,0
2023-06-27 09:15:00+05:30,43804.55,43804.55,43706.05,43733.95,0,0
2023-06-27 09:45:00+05:30,43734.95,43737.6,43695.4,43711.9,0,0
2023-06-27 10:15:00+05:30,43710.6,43745.95,43705.15,43736.15,0,0
2023-06-27 10:45:00+05:30,43732.25,43752.3,43713.55,43744.7,0,0
2023-06-27 11:15:00+05:30,43744.65,43793.05,43738.15,43770.15,0,0
2023-06-27 11:45:00+05:30,43767.65,43826.45,43759.5,43811.15,0,0
2023-06-27 12:15:00+05:30,43808.6,43812.65,43777.7,43792.95,0,0
2023-06-27 12:45:00+05:30,43792.35,43806.9,43720.4,43750.85,0,0
2023-06-27 13:15:00+05:30,43753.0,43827.15,43749.5,43818.5,0,0
2023-06-27 13:45:00+05:30,43817.05,43919.55,43807.5,43917.1,0,0
2023-06-27 14:15:00+05:30,43917.45,44005.1,43909.95,43917.6,0,0
2023-06-27 14:45:00+05:30,43917.9,44175.85,43907.4,44155.7,0,0
2023-06-27 15:15:00+05:30,44153.25,44194.65,44122.35,44164.05,0,0
2023-06-28 09:15:00+05:30,44419.5,44419.5,44177.3,44196.15,0,0
2023-06-28 09:45:00+05:30,44192.65,44255.8,44166.6,44204.2,0,0
2023-06-28 10:15:00+05:30,44205.15,44253.6,44168.25,44243.85,0,0
2023-06-28 10:45:00+05:30,44242.2,44288.7,44235.1,44280.85,0,0
2023-06-28 11:15:00+05:30,44278.35,44362.35,44264.85,44341.55,0,0
2023-06-28 11:45:00+05:30,44338.0,44421.05,44320.45,44320.45,0,0
2023-06-28 12:15:00+05:30,44323.85,44370.05,44272.05,44276.05,0,0
2023-06-28 12:45:00+05:30,44274.2,44385.65,44256.6,44383.7,0,0
2023-06-28 13:15:00+05:30,44379.85,44426.8,44340.1,44402.75,0,0
2023-06-28 13:45:00+05:30,44412.9,44419.2,44310.5,44315.1,0,0
2023-06-28 14:15:00+05:30,44316.9,44501.1,44275.9,44377.4,0,0
2023-06-28 14:45:00+05:30,44380.05,44430.1,44243.1,44314.65,0,0
2023-06-28 15:15:00+05:30,44319.6,44415.35,44261.5,44391.55,0,0
2023-06-30 09:15:00+05:30,44666.0,44666.6,44447.2,44654.0,0,0
2023-06-30 09:45:00+05:30,44653.5,44668.15,44584.0,44593.95,0,0
2023-06-30 10:15:00+05:30,44594.25,44605.05,44521.95,44568.0,0,0
2023-06-30 10:45:00+05:30,44569.2,44589.85,44541.55,44556.6,0,0
2023-06-30 11:15:00+05:30,44555.4,44627.0,44555.4,44624.45,0,0
2023-06-30 11:45:00+05:30,44627.7,44686.6,44608.5,44680.85,0,0
2023-06-30 12:15:00+05:30,44680.35,44704.8,44638.85,44657.15,0,0
2023-06-30 12:45:00+05:30,44655.0,44725.2,44619.75,44707.0,0,0
2023-06-30 13:15:00+05:30,44707.3,44770.6,44707.2,44744.55,0,0
2023-06-30 13:45:00+05:30,44748.25,44787.1,44700.05,44702.5,0,0
2023-06-30 14:15:00+05:30,44703.7,44781.05,44696.65,44769.6,0,0
2023-06-30 14:45:00+05:30,44772.1,44772.1,44723.45,44766.5,0,0
2023-06-30 15:15:00+05:30,44768.75,44773.25,44712.8,44716.95,0,0
2023-07-03 09:15:00+05:30,44957.95,45223.25,44882.1,45207.2,0,0
2023-07-03 09:45:00+05:30,45209.0,45353.2,45177.0,45317.65,0,0
2023-07-03 10:15:00+05:30,45317.3,45328.65,45141.2,45161.65,0,0
2023-07-03 10:45:00+05:30,45160.95,45198.75,45088.4,45096.2,0,0
2023-07-03 11:15:00+05:30,45098.55,45158.55,45041.0,45116.25,0,0
2023-07-03 11:45:00+05:30,45114.6,45184.3,45096.8,45149.25,0,0
2023-07-03 12:15:00+05:30,45149.8,45213.5,45097.3,45199.5,0,0
2023-07-03 12:45:00+05:30,45206.5,45240.2,45144.2,45206.0,0,0
2023-07-03 13:15:00+05:30,45204.6,45256.85,45161.5,45243.75,0,0
2023-07-03 13:45:00+05:30,45244.55,45272.05,45138.65,45152.85,0,0
2023-07-03 14:15:00+05:30,45153.85,45223.3,45129.2,45168.7,0,0
2023-07-03 14:45:00+05:30,45169.0,45187.45,45101.1,45142.5,0,0
2023-07-03 15:15:00+05:30,45143.15,45190.9,45139.2,45176.35,0,0
2023-07-04 09:15:00+05:30,45310.55,45362.8,45151.05,45151.05,0,0
2023-07-04 09:45:00+05:30,45141.65,45172.35,45000.25,45113.05,0,0
2023-07-04 10:15:00+05:30,45114.2,45214.9,45082.05,45210.15,0,0
2023-07-04 10:45:00+05:30,45208.05,45304.15,45195.05,45276.5,0,0
2023-07-04 11:15:00+05:30,45281.55,45327.8,45234.1,45284.65,0,0
2023-07-04 11:45:00+05:30,45291.3,45435.85,45284.5,45423.1,0,0
2023-07-04 12:15:00+05:30,45415.0,45484.65,45411.35,45470.6,0,0
2023-07-04 12:45:00+05:30,45468.0,45486.25,45413.85,45450.1,0,0
2023-07-04 13:15:00+05:30,45456.3,45655.5,45443.35,45547.3,0,0
2023-07-04 13:45:00+05:30,45547.25,45576.3,45321.8,45321.8,0,0
2023-07-04 14:15:00+05:30,45311.25,45392.4,45220.85,45356.3,0,0
2023-07-04 14:45:00+05:30,45359.25,45368.0,45271.85,45300.35,0,0
2023-07-04 15:15:00+05:30,45299.75,45315.45,45231.3,45283.6,0,0
2023-07-05 09:15:00+05:30,45169.7,45418.9,45091.8,45250.8,0,0
2023-07-05 09:45:00+05:30,45249.8,45261.3,45166.15,45244.7,0,0
2023-07-05 10:15:00+05:30,45244.45,45254.4,45140.4,45177.7,0,0
2023-07-05 10:45:00+05:30,45175.8,45246.25,45139.5,45181.45,0,0
2023-07-05 11:15:00+05:30,45181.0,45243.1,45137.2,45212.85,0,0
2023-07-05 11:45:00+05:30,45212.0,45271.55,45152.3,45222.1,0,0
2023-07-05 12:15:00+05:30,45223.05,45256.55,45167.35,45203.8,0,0
2023-07-05 12:45:00+05:30,45202.3,45228.6,45158.65,45223.7,0,0
2023-07-05 13:15:00+05:30,45224.65,45225.15,45086.85,45162.7,0,0
2023-07-05 13:45:00+05:30,45155.45,45219.6,45121.5,45183.3,0,0
2023-07-05 14:15:00+05:30,45182.65,45195.5,45088.5,45102.95,0,0
2023-07-05 14:45:00+05:30,45100.45,45173.95,45073.4,45173.95,0,0
2023-07-05 15:15:00+05:30,45172.65,45201.55,45158.8,45197.3,0,0
2023-07-06 09:15:00+05:30,45060.55,45179.3,45042.6,45101.35,0,0
2023-07-06 09:45:00+05:30,45100.55,45220.95,45098.65,45182.5,0,0
2023-07-06 10:15:00+05:30,45180.65,45186.6,45084.85,45111.25,0,0
2023-07-06 10:45:00+05:30,45114.4,45205.05,45106.45,45175.9,0,0
2023-07-06 11:15:00+05:30,45174.8,45322.7,45166.65,45305.0,0,0
2023-07-06 11:45:00+05:30,45304.45,45340.25,45272.15,45295.35,0,0
2023-07-06 12:15:00+05:30,45296.65,45319.25,45225.45,45227.0,0,0
2023-07-06 12:45:00+05:30,45230.3,45313.55,45213.25,45213.25,0,0
2023-07-06 13:15:00+05:30,45215.45,45272.15,45190.9,45239.6,0,0
2023-07-06 13:45:00+05:30,45236.4,45310.4,45228.65,45262.35,0,0
2023-07-06 14:15:00+05:30,45263.75,45386.85,45245.3,45317.75,0,0
2023-07-06 14:45:00+05:30,45319.1,45390.25,45248.05,45363.75,0,0
2023-07-06 15:15:00+05:30,45363.05,45417.5,45307.35,45314.85,0,0
2023-07-07 09:15:00+05:30,45118.05,45227.25,45065.7,45185.2,0,0
2023-07-07 09:45:00+05:30,45187.9,45222.9,45134.8,45176.45,0,0
2023-07-07 10:15:00+05:30,45176.2,45179.85,45057.7,45063.35,0,0
2023-07-07 10:45:00+05:30,45060.75,45065.35,44914.5,44992.9,0,0
2023-07-07 11:15:00+05:30,44991.9,45027.4,44908.9,44928.7,0,0
2023-07-07 11:45:00+05:30,44930.85,44961.2,44845.7,44930.65,0,0
2023-07-07 12:15:00+05:30,44929.85,44957.65,44853.75,44878.8,0,0
2023-07-07 12:45:00+05:30,44878.6,44929.5,44878.6,44900.4,0,0
2023-07-07 13:15:00+05:30,44900.85,44978.5,44888.1,44920.0,0,0
2023-07-07 13:45:00+05:30,44919.25,44964.15,44888.1,44933.25,0,0
2023-07-07 14:15:00+05:30,44933.05,45047.4,44926.75,45044.75,0,0
2023-07-07 14:45:00+05:30,45043.2,45089.7,44913.8,44920.55,0,0
2023-07-07 15:15:00+05:30,44918.05,44931.7,44844.8,44892.1,0,0
2023-07-10 09:15:00+05:30,44958.65,45158.45,44885.8,45114.25,0,0
2023-07-10 09:45:00+05:30,45112.0,45184.3,45063.9,45111.95,0,0
2023-07-10 10:15:00+05:30,45114.65,45116.85,44968.3,45031.1,0,0
2023-07-10 10:45:00+05:30,45025.05,45050.45,44950.1,44959.45,0,0
2023-07-10 11:15:00+05:30,44958.7,44958.7,44793.85,44860.45,0,0
2023-07-10 11:45:00+05:30,44861.5,44880.35,44769.25,44820.45,0,0
2023-07-10 12:15:00+05:30,44817.65,44860.15,44757.3,44827.2,0,0
2023-07-10 12:45:00+05:30,44833.0,44897.6,44794.95,44891.1,0,0
2023-07-10 13:15:00+05:30,44897.7,44946.7,44866.5,44906.9,0,0
2023-07-10 13:45:00+05:30,44908.15,44930.5,44820.25,44889.5,0,0
2023-07-10 14:15:00+05:30,44893.2,44893.6,44766.9,44774.15,0,0
2023-07-10 14:45:00+05:30,44772.3,44893.35,44721.9,44881.35,0,0
2023-07-10 15:15:00+05:30,44883.4,44924.75,44849.65,44869.45,0,0
2023-07-11 09:15:00+05:30,44998.0,45076.5,44932.25,45020.05,0,0
2023-07-11 09:45:00+05:30,45017.75,45050.95,44987.65,45023.6,0,0
2023-07-11 10:15:00+05:30,45022.75,45060.55,45000.25,45041.15,0,0
2023-07-11 10:45:00+05:30,45040.05,45100.6,45023.3,45094.15,0,0
2023-07-11 11:15:00+05:30,45092.4,45119.35,45037.35,45096.9,0,0
2023-07-11 11:45:00+05:30,45092.55,45139.55,45068.6,45092.0,0,0
2023-07-11 12:15:00+05:30,45088.2,45108.15,45027.85,45053.25,0,0
2023-07-11 12:45:00+05:30,45052.0,45093.7,45021.9,45064.75,0,0
2023-07-11 13:15:00+05:30,45063.95,45088.95,44965.45,44975.5,0,0
2023-07-11 13:45:00+05:30,44975.15,45005.1,44919.65,44930.5,0,0
2023-07-11 14:15:00+05:30,44926.0,44932.75,44801.6,44821.7,0,0
2023-07-11 14:45:00+05:30,44821.7,44877.15,44663.05,44706.15,0,0
2023-07-11 15:15:00+05:30,44705.65,44795.45,44703.45,44786.35,0,0
2023-07-12 09:15:00+05:30,44872.6,44890.3,44683.15,44864.35,0,0
2023-07-12 09:45:00+05:30,44864.3,44937.25,44840.85,44885.95,0,0
2023-07-12 10:15:00+05:30,44892.85,44909.25,44770.8,44845.05,0,0
2023-07-12 10:45:00+05:30,44844.4,44915.5,44844.4,44865.6,0,0
2023-07-12 11:15:00+05:30,44865.9,44908.55,44812.5,44815.65,0,0
2023-07-12 11:45:00+05:30,44812.85,44852.15,44779.3,44828.35,0,0
2023-07-12 12:15:00+05:30,44826.45,44834.15,44754.95,44805.8,0,0
2023-07-12 12:45:00+05:30,44807.95,44870.35,44744.4,44866.4,0,0
2023-07-12 13:15:00+05:30,44864.15,44891.5,44813.55,44858.35,0,0
2023-07-12 13:45:00+05:30,44856.5,44864.8,44800.45,44803.45,0,0
2023-07-12 14:15:00+05:30,44802.15,44874.0,44779.7,44793.8,0,0
2023-07-12 14:45:00+05:30,44790.8,44848.4,44562.4,44595.3,0,0
2023-07-12 15:15:00+05:30,44594.2,44663.3,44590.7,44660.25,0,0
2023-07-13 09:15:00+05:30,45009.3,45009.3,44803.65,44907.7,0,0
2023-07-13 09:45:00+05:30,44904.8,44984.25,44886.45,44971.95,0,0
2023-07-13 10:15:00+05:30,44970.7,45014.45,44922.15,44978.35,0,0
2023-07-13 10:45:00+05:30,44976.45,45021.7,44934.55,45019.35,0,0
2023-07-13 11:15:00+05:30,45021.2,45085.15,45014.3,45030.0,0,0
2023-07-13 11:45:00+05:30,45030.75,45071.55,44949.3,44991.0,0,0
2023-07-13 12:15:00+05:30,44992.05,45038.55,44955.25,44995.35,0,0
2023-07-13 12:45:00+05:30,44991.0,45039.25,44961.5,45007.15,0,0
2023-07-13 13:15:00+05:30,45007.45,45015.4,44886.9,44891.8,0,0
2023-07-13 13:45:00+05:30,44886.6,44930.3,44727.55,44765.05,0,0
2023-07-13 14:15:00+05:30,44763.85,44868.9,44674.35,44706.55,0,0
2023-07-13 14:45:00+05:30,44695.65,44772.65,44612.2,44664.9,0,0
2023-07-13 15:15:00+05:30,44664.35,44754.1,44618.35,44726.45,0,0
2023-07-14 09:15:00+05:30,44860.65,44923.85,44780.15,44853.9,0,0
2023-07-14 09:45:00+05:30,44850.2,44877.6,44750.75,44794.3,0,0
2023-07-14 10:15:00+05:30,44796.85,44798.1,44701.65,44705.4,0,0
2023-07-14 10:45:00+05:30,44704.3,44715.0,44640.3,44684.65,0,0
2023-07-14 11:15:00+05:30,44683.55,44764.05,44677.75,44686.7,0,0
2023-07-14 11:45:00+05:30,44685.2,44715.95,44637.4,44713.95,0,0
2023-07-14 12:15:00+05:30,44715.8,44767.5,44667.2,44728.8,0,0
2023-07-14 12:45:00+05:30,44729.75,44729.75,44660.2,44720.75,0,0
2023-07-14 13:15:00+05:30,44722.6,44749.2,44638.95,44692.35,0,0
2023-07-14 13:45:00+05:30,44691.5,44691.5,44572.55,44615.35,0,0
2023-07-14 14:15:00+05:30,44616.5,44664.7,44547.8,44586.45,0,0
2023-07-14 14:45:00+05:30,44587.4,44867.95,44582.95,44862.9,0,0
2023-07-14 15:15:00+05:30,44862.0,44898.15,44853.4,44891.0,0,0
2023-07-17 09:15:00+05:30,44951.2,44964.65,44695.05,44780.05,0,0
2023-07-17 09:45:00+05:30,44782.0,44866.95,44782.0,44826.65,0,0
2023-07-17 10:15:00+05:30,44831.5,44877.6,44750.7,44760.5,0,0
2023-07-17 10:45:00+05:30,44763.6,44832.7,44749.1,44781.05,0,0
2023-07-17 11:15:00+05:30,44780.15,44798.9,44736.5,44781.45,0,0
2023-07-17 11:45:00+05:30,44782.4,44795.5,44709.6,44773.6,0,0
2023-07-17 12:15:00+05:30,44772.4,44826.5,44746.95,44751.2,0,0
2023-07-17 12:45:00+05:30,44750.6,44973.9,44725.8,44973.75,0,0
2023-07-17 13:15:00+05:30,44975.05,45101.55,44949.9,45065.15,0,0
2023-07-17 13:45:00+05:30,45063.95,45142.35,45043.6,45045.75,0,0
2023-07-17 14:15:00+05:30,45047.95,45238.25,45047.95,45234.4,0,0
2023-07-17 14:45:00+05:30,45236.1,45518.0,45187.8,45515.95,0,0
2023-07-17 15:15:00+05:30,45516.45,45556.45,45477.3,45502.1,0,0
2023-07-18 09:15:00+05:30,45754.8,45905.85,45580.25,45731.8,0,0
2023-07-18 09:45:00+05:30,45731.5,45785.45,45633.95,45691.55,0,0
2023-07-18 10:15:00+05:30,45685.5,45769.3,45666.5,45700.6,0,0
2023-07-18 10:45:00+05:30,45702.05,45840.05,45690.65,45838.55,0,0
2023-07-18 11:15:00+05:30,45839.15,45849.1,45366.15,45430.9,0,0
2023-07-18 11:45:00+05:30,45429.05,45507.35,45322.75,45386.05,0,0
2023-07-18 12:15:00+05:30,45386.95,45606.6,45286.5,45588.0,0,0
2023-07-18 12:45:00+05:30,45586.85,45653.7,45405.0,45464.05,0,0
2023-07-18 13:15:00+05:30,45460.4,45570.2,45414.9,45504.05,0,0
2023-07-18 13:45:00+05:30,45503.55,45580.0,45423.7,45473.55,0,0
2023-07-18 14:15:00+05:30,45475.4,45489.55,45306.85,45385.5,0,0
2023-07-18 14:45:00+05:30,45386.2,45509.7,45281.3,45369.55,0,0
2023-07-18 15:15:00+05:30,45367.25,45431.05,45341.95,45412.0,0,0
2023-07-19 09:15:00+05:30,45622.5,45649.65,45511.35,45535.9,0,0
2023-07-19 09:45:00+05:30,45536.65,45609.2,45505.45,45573.05,0,0
2023-07-19 10:15:00+05:30,45572.4,45650.65,45550.7,45569.75,0,0
2023-07-19 10:45:00+05:30,45572.25,45582.85,45473.7,45478.15,0,0
2023-07-19 11:15:00+05:30,45475.25,45554.6,45433.0,45512.4,0,0
2023-07-19 11:45:00+05:30,45512.3,45557.65,45468.1,45486.95,0,0
2023-07-19 12:15:00+05:30,45485.6,45609.8,45482.6,45574.15,0,0
2023-07-19 12:45:00+05:30,45573.9,45662.1,45561.55,45625.2,0,0
2023-07-19 13:15:00+05:30,45623.6,45669.05,45554.8,45627.55,0,0
2023-07-19 13:45:00+05:30,45629.95,45667.35,45571.45,45627.0,0,0
2023-07-19 14:15:00+05:30,45628.75,45658.4,45527.55,45528.75,0,0
2023-07-19 14:45:00+05:30,45526.95,45707.4,45515.6,45655.25,0,0
2023-07-19 15:15:00+05:30,45656.25,45675.65,45650.35,45668.2,0,0
2023-07-20 09:15:00+05:30,45689.05,45773.95,45640.95,45709.15,0,0
2023-07-20 09:45:00+05:30,45711.9,45736.75,45651.1,45664.45,0,0
2023-07-20 10:15:00+05:30,45658.6,45738.45,45654.25,45722.6,0,0
2023-07-20 10:45:00+05:30,45722.5,45753.4,45691.5,45708.5,0,0
2023-07-20 11:15:00+05:30,45710.8,45752.6,45681.75,45729.6,0,0
2023-07-20 11:45:00+05:30,45722.8,45813.45,45709.1,45776.85,0,0
2023-07-20 12:15:00+05:30,45776.8,45853.75,45750.8,45825.55,0,0
2023-07-20 12:45:00+05:30,45825.05,45868.75,45788.8,45861.8,0,0
2023-07-20 13:15:00+05:30,45858.85,46010.8,45854.4,45950.85,0,0
2023-07-20 13:45:00+05:30,45951.3,46162.85,45921.75,46109.4,0,0
2023-07-20 14:15:00+05:30,46110.1,46214.45,46062.7,46062.7,0,0
2023-07-20 14:45:00+05:30,46062.0,46256.2,45982.0,46227.75,0,0
2023-07-20 15:15:00+05:30,46226.5,46242.2,46146.6,46171.45,0,0
2023-07-21 09:15:00+05:30,46063.95,46369.5,46051.9,46143.05,0,0
2023-07-21 09:45:00+05:30,46142.2,46212.05,46063.1,46120.6,0,0
2023-07-21 10:15:00+05:30,46129.6,46129.6,46027.05,46081.95,0,0
2023-07-21 10:45:00+05:30,46084.1,46118.2,46041.7,46066.85,0,0
2023-07-21 11:15:00+05:30,46066.05,46126.35,46024.65,46089.65,0,0
2023-07-21 11:45:00+05:30,46090.6,46113.4,45989.1,46052.15,0,0
2023-07-21 12:15:00+05:30,46053.5,46059.4,45925.9,46014.8,0,0
2023-07-21 12:45:00+05:30,46015.8,46130.75,46003.45,46096.5,0,0
2023-07-21 13:15:00+05:30,46097.45,46247.5,46087.45,46172.75,0,0
2023-07-21 13:45:00+05:30,46171.05,46263.15,46076.7,46160.85,0,0
2023-07-21 14:15:00+05:30,46161.2,46206.55,46061.0,46084.15,0,0
2023-07-21 14:45:00+05:30,46081.8,46110.75,45948.9,46083.8,0,0
2023-07-21 15:15:00+05:30,46081.85,46149.0,46069.85,46133.45,0,0
2023-07-24 09:15:00+05:30,46131.9,46148.25,45979.5,46017.75,0,0
2023-07-24 09:45:00+05:30,46013.35,46078.05,45975.15,46062.1,0,0
2023-07-24 10:15:00+05:30,46058.9,46191.5,46052.9,46152.2,0,0
2023-07-24 10:45:00+05:30,46151.15,46158.45,46081.05,46111.3,0,0
2023-07-24 11:15:00+05:30,46109.95,46155.25,45974.35,46003.35,0,0
2023-07-24 11:45:00+05:30,46002.2,46002.2,45858.75,45912.25,0,0
2023-07-24 12:15:00+05:30,45908.75,45983.75,45884.7,45975.75,0,0
2023-07-24 12:45:00+05:30,45969.9,46090.65,45964.75,46059.1,0,0
2023-07-24 13:15:00+05:30,46058.65,46088.7,45965.8,45981.6,0,0
2023-07-24 13:45:00+05:30,45984.15,46065.0,45910.8,45941.5,0,0
2023-07-24 14:15:00+05:30,45943.9,46061.1,45911.2,46026.45,0,0
2023-07-24 14:45:00+05:30,46029.45,46058.8,45872.05,45894.0,0,0
2023-07-24 15:15:00+05:30,45894.6,45975.45,45887.95,45921.4,0,0
2023-07-25 09:15:00+05:30,46154.7,46156.1,45977.6,45998.8,0,0
2023-07-25 09:45:00+05:30,46001.65,46019.0,45948.75,46013.6,0,0
2023-07-25 10:15:00+05:30,46012.5,46014.05,45904.9,45930.7,0,0
2023-07-25 10:45:00+05:30,45931.25,45962.15,45836.95,45878.45,0,0
2023-07-25 11:15:00+05:30,45878.25,45924.85,45809.1,45813.45,0,0
2023-07-25 11:45:00+05:30,45812.2,45847.9,45757.65,45800.65,0,0
2023-07-25 12:15:00+05:30,45798.65,45942.75,45789.8,45875.9,0,0
2023-07-25 12:45:00+05:30,45875.65,45929.15,45814.85,45814.85,0,0
2023-07-25 13:15:00+05:30,45818.0,45830.6,45622.85,45673.35,0,0
2023-07-25 13:45:00+05:30,45674.85,45739.7,45628.2,45698.1,0,0
2023-07-25 14:15:00+05:30,45702.5,45915.4,45694.35,45878.95,0,0
2023-07-25 14:45:00+05:30,45881.55,45933.35,45776.0,45810.45,0,0
2023-07-25 15:15:00+05:30,45805.25,45860.35,45803.4,45838.1,0,0
2023-07-26 09:15:00+05:30,45935.15,45946.45,45804.7,45849.85,0,0
2023-07-26 09:45:00+05:30,45850.2,45962.45,45813.95,45959.8,0,0
2023-07-26 10:15:00+05:30,45960.65,45995.85,45917.25,45928.9,0,0
2023-07-26 10:45:00+05:30,45925.85,45944.75,45867.9,45872.95,0,0
2023-07-26 11:15:00+05:30,45871.2,45937.85,45843.7,45926.95,0,0
2023-07-26 11:45:00+05:30,45929.65,45966.95,45890.6,45960.2,0,0
2023-07-26 12:15:00+05:30,45958.55,45998.2,45931.65,45953.25,0,0
2023-07-26 12:45:00+05:30,45953.9,46000.35,45903.25,45933.0,0,0
2023-07-26 13:15:00+05:30,45932.45,46037.55,45932.45,45999.05,0,0
2023-07-26 13:45:00+05:30,45998.35,46041.0,45931.35,45985.65,0,0
2023-07-26 14:15:00+05:30,45983.45,46096.6,45977.15,46016.05,0,0
2023-07-26 14:45:00+05:30,46014.15,46077.4,45941.6,46071.25,0,0
2023-07-26 15:15:00+05:30,46069.7,46083.35,46025.5,46043.4,0,0
2023-07-27 09:15:00+05:30,46285.85,46310.1,46175.5,46236.3,0,0
2023-07-27 09:45:00+05:30,46236.15,46255.15,46180.1,46212.55,0,0
2023-07-27 10:15:00+05:30,46215.85,46303.45,46203.3,46219.65,0,0
2023-07-27 10:45:00+05:30,46220.05,46235.6,46056.7,46086.05,0,0
2023-07-27 11:15:00+05:30,46086.95,46086.95,45890.1,45932.7,0,0
2023-07-27 11:45:00+05:30,45934.6,45968.45,45839.7,45857.1,0,0
2023-07-27 12:15:00+05:30,45853.1,45903.0,45760.1,45807.25,0,0
2023-07-27 12:45:00+05:30,45810.7,45839.4,45721.75,45815.8,0,0
2023-07-27 13:15:00+05:30,45818.65,45862.35,45688.85,45740.2,0,0
2023-07-27 13:45:00+05:30,45732.15,45779.3,45681.1,45734.1,0,0
2023-07-27 14:15:00+05:30,45739.75,45775.35,45586.0,45630.9,0,0
2023-07-27 14:45:00+05:30,45632.1,45700.6,45570.65,45695.25,0,0
2023-07-27 15:15:00+05:30,45696.05,45791.35,45684.85,45774.6,0,0
2023-07-28 09:15:00+05:30,45560.9,45727.75,45370.75,45472.45,0,0
2023-07-28 09:45:00+05:30,45473.15,45526.3,45394.3,45423.8,0,0
2023-07-28 10:15:00+05:30,45424.95,45487.8,45376.2,45470.05,0,0
2023-07-28 10:45:00+05:30,45468.65,45521.05,45441.6,45446.5,0,0
2023-07-28 11:15:00+05:30,45446.75,45491.45,45372.2,45378.25,0,0
2023-07-28 11:45:00+05:30,45381.15,45430.75,45366.2,45400.0,0,0
2023-07-28 12:15:00+05:30,45398.05,45436.95,45340.75,45415.35,0,0
2023-07-28 12:45:00+05:30,45419.5,45419.5,45324.85,45368.35,0,0
2023-07-28 13:15:00+05:30,45367.55,45373.95,45238.8,45256.55,0,0
2023-07-28 13:45:00+05:30,45257.55,45345.75,45248.5,45336.1,0,0
2023-07-28 14:15:00+05:30,45338.35,45397.15,45281.15,45313.5,0,0
2023-07-28 14:45:00+05:30,45312.45,45514.65,45309.95,45489.55,0,0
2023-07-28 15:15:00+05:30,45488.85,45508.95,45429.6,45460.7,0,0
2023-07-31 09:15:00+05:30,45546.35,45563.1,45359.75,45427.3,0,0
2023-07-31 09:45:00+05:30,45424.2,45515.75,45397.45,45494.7,0,0
2023-07-31 10:15:00+05:30,45496.95,45545.45,45450.05,45530.65,0,0
2023-07-31 10:45:00+05:30,45529.3,45581.7,45518.85,45549.65,0,0
2023-07-31 11:15:00+05:30,45550.65,45580.15,45511.1,45555.85,0,0
2023-07-31 11:45:00+05:30,45554.4,45569.75,45501.1,45541.6,0,0
2023-07-31 12:15:00+05:30,45546.0,45553.6,45476.5,45496.7,0,0
2023-07-31 12:45:00+05:30,45499.0,45583.15,45475.7,45575.9,0,0
2023-07-31 13:15:00+05:30,45575.25,45632.5,45564.4,45599.15,0,0
2023-07-31 13:45:00+05:30,45596.55,45658.7,45555.7,45568.6,0,0
2023-07-31 14:15:00+05:30,45568.35,45671.25,45567.7,45646.65,0,0
2023-07-31 14:45:00+05:30,45645.9,45694.9,45560.65,45658.05,0,0
2023-07-31 15:15:00+05:30,45658.55,45691.45,45616.2,45629.7,0,0
2023-08-01 09:15:00+05:30,45740.0,45782.75,45673.6,45694.9,0,0
2023-08-01 09:45:00+05:30,45694.45,45734.4,45662.15,45718.2,0,0
2023-08-01 10:15:00+05:30,45721.1,45727.25,45607.6,45627.05,0,0
2023-08-01 10:45:00+05:30,45627.0,45645.0,45560.15,45580.5,0,0
2023-08-01 11:15:00+05:30,45585.55,45620.3,45549.65,45611.7,0,0
2023-08-01 11:45:00+05:30,45617.4,45625.7,45539.6,45569.65,0,0
2023-08-01 12:15:00+05:30,45568.95,45595.45,45473.05,45490.1,0,0
2023-08-01 12:45:00+05:30,45492.05,45543.8,45471.05,45543.8,0,0
2023-08-01 13:15:00+05:30,45543.5,45622.55,45526.75,45546.2,0,0
2023-08-01 13:45:00+05:30,45556.45,45612.9,45494.0,45506.35,0,0
2023-08-01 14:15:00+05:30,45505.9,45640.0,45487.0,45612.7,0,0
2023-08-01 14:45:00+05:30,45610.75,45637.05,45518.5,45582.55,0,0
2023-08-01 15:15:00+05:30,45580.95,45639.35,45548.7,45598.05,0,0
2023-08-02 09:15:00+05:30,45234.65,45404.9,45234.65,45295.8,0,0
2023-08-02 09:45:00+05:30,45297.3,45348.05,45274.05,45279.5,0,0
2023-08-02 10:15:00+05:30,45278.15,45289.8,45174.2,45212.5,0,0
2023-08-02 10:45:00+05:30,45210.8,45211.05,45003.6,45096.45,0,0
2023-08-02 11:15:00+05:30,45097.3,45102.0,45010.8,45064.6,0,0
2023-08-02 11:45:00+05:30,45065.55,45087.3,44986.25,45068.5,0,0
2023-08-02 12:15:00+05:30,45070.25,45127.85,45022.5,45112.3,0,0
2023-08-02 12:45:00+05:30,45113.6,45131.4,44960.9,44962.0,0,0
2023-08-02 13:15:00+05:30,44963.0,44980.7,44779.4,44782.4,0,0
2023-08-02 13:45:00+05:30,44776.85,44852.45,44744.2,44750.35,0,0
2023-08-02 14:15:00+05:30,44752.0,44843.4,44722.5,44824.15,0,0
2023-08-02 14:45:00+05:30,44820.75,45049.15,44806.8,45043.65,0,0
2023-08-02 15:15:00+05:30,45043.0,45085.95,44982.4,44989.4,0,0
2023-08-03 09:15:00+05:30,44862.85,45038.45,44819.9,44925.1,0,0
2023-08-03 09:45:00+05:30,44928.55,44977.8,44793.5,44810.0,0,0
2023-08-03 10:15:00+05:30,44812.3,44844.35,44762.3,44786.35,0,0
2023-08-03 10:45:00+05:30,44792.85,44883.05,44758.1,44855.55,0,0
2023-08-03 11:15:00+05:30,44854.8,44878.55,44797.2,44852.75,0,0
2023-08-03 11:45:00+05:30,44852.65,44861.05,44732.6,44739.35,0,0
2023-08-03 12:15:00+05:30,44738.7,44756.2,44572.95,44588.1,0,0
2023-08-03 12:45:00+05:30,44587.7,44587.7,44462.7,44513.3,0,0
2023-08-03 13:15:00+05:30,44510.35,44537.75,44429.0,44452.45,0,0
2023-08-03 13:45:00+05:30,44454.85,44460.15,44284.65,44319.75,0,0
2023-08-03 14:15:00+05:30,44322.85,44525.6,44313.3,44413.85,0,0
2023-08-03 14:45:00+05:30,44411.95,44550.9,44338.5,44550.9,0,0
2023-08-03 15:15:00+05:30,44550.5,44613.1,44550.5,44582.05,0,0
2023-08-04 09:15:00+05:30,44754.75,44762.55,44549.1,44552.9,0,0
2023-08-04 09:45:00+05:30,44556.2,44659.3,44522.75,44653.4,0,0
2023-08-04 10:15:00+05:30,44653.25,44735.8,44607.7,44735.55,0,0
2023-08-04 10:45:00+05:30,44736.55,44860.8,44668.9,44826.95,0,0
2023-08-04 11:15:00+05:30,44829.6,45072.45,44826.75,45007.95,0,0
2023-08-04 11:45:00+05:30,45009.7,45118.05,44969.75,45046.5,0,0
2023-08-04 12:15:00+05:30,45055.2,45088.3,44884.0,45002.35,0,0
2023-08-04 12:45:00+05:30,45002.95,45029.25,44885.1,44889.5,0,0
2023-08-04 13:15:00+05:30,44890.9,44925.25,44595.55,44764.95,0,0
2023-08-04 13:45:00+05:30,44766.45,44773.35,44623.1,44721.8,0,0
2023-08-04 14:15:00+05:30,44723.55,44868.1,44672.7,44822.55,0,0
2023-08-04 14:45:00+05:30,44821.25,44946.15,44784.75,44928.8,0,0
2023-08-04 15:15:00+05:30,44932.5,44947.2,44850.1,44858.5,0,0
2023-08-07 09:15:00+05:30,44993.7,44993.7,44812.65,44962.6,0,0
2023-08-07 09:45:00+05:30,44962.05,44997.25,44859.75,44931.8,0,0
2023-08-07 10:15:00+05:30,44932.65,44978.4,44878.2,44934.65,0,0
2023-08-07 10:45:00+05:30,44939.3,44950.0,44775.25,44809.65,0,0
2023-08-07 11:15:00+05:30,44803.65,44894.05,44793.25,44863.4,0,0
2023-08-07 11:45:00+05:30,44862.05,44900.9,44806.65,44826.9,0,0
2023-08-07 12:15:00+05:30,44834.6,44934.7,44818.15,44877.35,0,0
2023-08-07 12:45:00+05:30,44877.55,44915.8,44804.25,44826.7,0,0
2023-08-07 13:15:00+05:30,44827.65,45011.35,44809.95,44978.4,0,0
2023-08-07 13:45:00+05:30,44977.1,44983.35,44823.2,44843.8,0,0
2023-08-07 14:15:00+05:30,44844.25,44906.55,44794.15,44884.85,0,0
2023-08-07 14:45:00+05:30,44882.85,44898.05,44795.8,44852.35,0,0
2023-08-07 15:15:00+05:30,44852.3,44857.0,44816.7,44833.0,0,0
2023-08-08 09:15:00+05:30,44888.95,44926.7,44823.05,44846.55,0,0
2023-08-08 09:45:00+05:30,44845.05,44940.7,44820.0,44906.45,0,0
2023-08-08 10:15:00+05:30,44907.2,45093.6,44878.75,45084.2,0,0
2023-08-08 10:45:00+05:30,45085.9,45096.85,44956.75,44966.85,0,0
2023-08-08 11:15:00+05:30,44967.0,44967.0,44891.9,44949.45,0,0
2023-08-08 11:45:00+05:30,44950.2,45020.45,44901.75,45016.75,0,0
2023-08-08 12:15:00+05:30,45015.1,45039.05,44972.8,44993.65,0,0
2023-08-08 12:45:00+05:30,44994.05,45016.2,44933.0,45000.0,0,0
2023-08-08 13:15:00+05:30,44995.65,45032.7,44944.7,44959.2,0,0
2023-08-08 13:45:00+05:30,44959.35,45010.6,44937.5,44982.85,0,0
2023-08-08 14:15:00+05:30,44983.65,45050.0,44932.5,44996.5,0,0
2023-08-08 14:45:00+05:30,44995.7,45014.75,44889.9,44950.4,0,0
2023-08-08 15:15:00+05:30,44954.6,45007.35,44942.65,44982.9,0,0
2023-08-09 09:15:00+05:30,44973.45,44975.0,44678.2,44697.3,0,0
2023-08-09 09:45:00+05:30,44704.2,44753.7,44666.25,44727.75,0,0
2023-08-09 10:15:00+05:30,44726.8,44730.45,44625.05,44652.0,0,0
2023-08-09 10:45:00+05:30,44651.85,44687.05,44550.85,44599.65,0,0
2023-08-09 11:15:00+05:30,44593.05,44605.2,44542.1,44566.05,0,0
2023-08-09 11:45:00+05:30,44565.7,44627.85,44536.85,44625.95,0,0
2023-08-09 12:15:00+05:30,44623.9,44677.45,44568.85,44634.5,0,0
2023-08-09 12:45:00+05:30,44636.2,44681.35,44625.1,44653.0,0,0
2023-08-09 13:15:00+05:30,44650.35,44654.75,44584.15,44625.2,0,0
2023-08-09 13:45:00+05:30,44624.15,44706.9,44600.05,44688.9,0,0
2023-08-09 14:15:00+05:30,44686.8,44776.7,44638.0,44772.1,0,0
2023-08-09 14:45:00+05:30,44773.0,44904.85,44745.8,44895.2,0,0
2023-08-09 15:15:00+05:30,44893.7,44921.0,44822.35,44881.05,0,0
2023-08-10 09:15:00+05:30,44797.65,44814.75,44685.8,44776.4,0,0
2023-08-10 09:45:00+05:30,44776.45,44958.35,44716.35,44954.4,0,0
2023-08-10 10:15:00+05:30,44955.7,44979.0,44481.45,44515.85,0,0
2023-08-10 10:45:00+05:30,44516.75,44678.0,44506.9,44585.3,0,0
2023-08-10 11:15:00+05:30,44584.3,44665.0,44575.0,44635.85,0,0
2023-08-10 11:45:00+05:30,44640.4,44730.9,44588.95,44588.95,0,0
2023-08-10 12:15:00+05:30,44591.25,44655.3,44573.0,44648.2,0,0
2023-08-10 12:45:00+05:30,44649.75,44681.8,44603.55,44673.4,0,0
2023-08-10 13:15:00+05:30,44671.85,44697.35,44502.1,44549.45,0,0
2023-08-10 13:45:00+05:30,44548.4,44578.0,44419.05,44542.35,0,0
2023-08-10 14:15:00+05:30,44541.05,44604.05,44516.8,44553.85,0,0
2023-08-10 14:45:00+05:30,44553.9,44598.65,44490.6,44550.1,0,0
2023-08-10 15:15:00+05:30,44550.3,44570.3,44488.95,44544.2,0,0
2023-08-11 09:15:00+05:30,44568.15,44568.15,44279.15,44333.3,0,0
2023-08-11 09:45:00+05:30,44331.85,44371.85,44291.5,44325.2,0,0
2023-08-11 10:15:00+05:30,44325.6,44395.25,44313.95,44390.85,0,0
2023-08-11 10:45:00+05:30,44390.2,44408.55,44311.85,44338.2,0,0
2023-08-11 11:15:00+05:30,44339.2,44413.3,44322.15,44337.85,0,0
2023-08-11 11:45:00+05:30,44337.5,44392.1,44325.7,44375.75,0,0
2023-08-11 12:15:00+05:30,44376.35,44392.55,44334.55,44357.35,0,0
2023-08-11 12:45:00+05:30,44359.85,44462.85,44251.1,44391.65,0,0
2023-08-11 13:15:00+05:30,44392.55,44405.2,44292.5,44314.15,0,0
2023-08-11 13:45:00+05:30,44312.45,44350.15,44275.35,44308.3,0,0
2023-08-11 14:15:00+05:30,44309.25,44339.75,44216.9,44261.45,0,0
2023-08-11 14:45:00+05:30,44262.2,44292.15,44122.6,44154.3,0,0
2023-08-11 15:15:00+05:30,44155.1,44275.8,44151.9,44262.55,0,0
2023-08-14 09:15:00+05:30,44066.6,44084.15,43777.65,43852.2,0,0
2023-08-14 09:45:00+05:30,43853.9,43892.35,43815.4,43888.25,0,0
2023-08-14 10:15:00+05:30,43893.3,43904.65,43840.55,43891.7,0,0
2023-08-14 10:45:00+05:30,43896.55,43953.85,43867.05,43896.85,0,0
2023-08-14 11:15:00+05:30,43898.55,43990.9,43888.85,43975.1,0,0
2023-08-14 11:45:00+05:30,43976.6,44017.0,43920.15,44010.95,0,0
2023-08-14 12:15:00+05:30,44014.95,44037.0,43963.3,43974.55,0,0
2023-08-14 12:45:00+05:30,43975.1,43976.5,43910.95,43945.55,0,0
2023-08-14 13:15:00+05:30,43946.1,44007.5,43904.75,43973.8,0,0
2023-08-14 13:45:00+05:30,43973.65,44126.9,43969.3,44103.15,0,0
2023-08-14 14:15:00+05:30,44100.95,44151.3,44070.85,44127.2,0,0
2023-08-14 14:45:00+05:30,44129.0,44209.15,44066.5,44079.35,0,0
2023-08-14 15:15:00+05:30,44079.0,44105.2,43996.1,44061.75,0,0
2023-08-16 09:15:00+05:30,43726.25,43816.55,43614.35,43750.55,0,0
2023-08-16 09:45:00+05:30,43749.3,43851.7,43748.85,43841.4,0,0
2023-08-16 10:15:00+05:30,43843.3,43905.35,43800.05,43839.7,0,0
2023-08-16 10:45:00+05:30,43842.0,43866.0,43801.8,43810.65,0,0
2023-08-16 11:15:00+05:30,43810.15,43825.85,43731.0,43741.8,0,0
2023-08-16 11:45:00+05:30,43741.4,43847.6,43733.75,43824.85,0,0
2023-08-16 12:15:00+05:30,43823.3,43890.25,43811.05,43886.5,0,0
2023-08-16 12:45:00+05:30,43885.0,43935.3,43834.45,43913.45,0,0
2023-08-16 13:15:00+05:30,43912.2,43972.85,43882.05,43887.75,0,0
2023-08-16 13:45:00+05:30,43886.5,43952.15,43863.4,43878.0,0,0
2023-08-16 14:15:00+05:30,43879.3,43974.85,43876.75,43934.55,0,0
2023-08-16 14:45:00+05:30,43930.1,44002.8,43853.8,43943.05,0,0
2023-08-16 15:15:00+05:30,43943.8,43954.1,43897.9,43914.9,0,0
2023-08-17 09:15:00+05:30,43897.25,43975.9,43837.05,43914.4,0,0
2023-08-17 09:45:00+05:30,43911.95,44001.7,43895.6,43967.5,0,0
2023-08-17 10:15:00+05:30,43968.2,44054.3,43952.9,44016.95,0,0
2023-08-17 10:45:00+05:30,44017.05,44071.85,43994.2,44008.2,0,0
2023-08-17 11:15:00+05:30,44006.15,44011.4,43896.55,43955.9,0,0
2023-08-17 11:45:00+05:30,43957.6,43959.1,43838.75,43866.9,0,0
2023-08-17 12:15:00+05:30,43865.6,43877.45,43778.95,43780.25,0,0
2023-08-17 12:45:00+05:30,43780.95,43828.0,43748.2,43769.15,0,0
2023-08-17 13:15:00+05:30,43767.35,43870.1,43759.2,43858.9,0,0
2023-08-17 13:45:00+05:30,43858.3,43882.65,43814.5,43859.65,0,0
2023-08-17 14:15:00+05:30,43861.45,43916.15,43814.2,43869.45,0,0
2023-08-17 14:45:00+05:30,43868.85,43913.0,43831.6,43883.9,0,0
2023-08-17 15:15:00+05:30,43886.5,43922.0,43853.9,43865.65,0,0
2023-08-18 09:15:00+05:30,43724.75,43952.3,43684.4,43881.05,0,0
2023-08-18 09:45:00+05:30,43879.85,43938.85,43840.2,43864.35,0,0
2023-08-18 10:15:00+05:30,43863.75,43957.65,43855.8,43895.05,0,0
2023-08-18 10:45:00+05:30,43894.8,43947.7,43864.2,43902.5,0,0
2023-08-18 11:15:00+05:30,43901.3,43931.65,43876.1,43891.1,0,0
2023-08-18 11:45:00+05:30,43891.05,43894.6,43850.85,43862.9,0,0
2023-08-18 12:15:00+05:30,43862.25,43872.65,43823.75,43855.8,0,0
2023-08-18 12:45:00+05:30,43856.15,43872.55,43818.95,43826.6,0,0
2023-08-18 13:15:00+05:30,43828.95,43860.35,43774.7,43776.4,0,0
2023-08-18 13:45:00+05:30,43777.45,43883.3,43775.55,43854.7,0,0
2023-08-18 14:15:00+05:30,43857.8,43935.15,43852.3,43896.55,0,0
2023-08-18 14:45:00+05:30,43896.65,43911.9,43855.95,43875.65,0,0
2023-08-18 15:15:00+05:30,43875.15,43878.9,43763.2,43793.2,0,0
2023-08-21 09:15:00+05:30,43952.85,43988.2,43881.2,43945.95,0,0
2023-08-21 09:45:00+05:30,43946.15,43955.3,43862.9,43893.1,0,0
2023-08-21 10:15:00+05:30,43892.1,44031.8,43889.4,43972.85,0,0
2023-08-21 10:45:00+05:30,43972.9,44061.8,43953.7,44024.7,0,0
2023-08-21 11:15:00+05:30,44024.55,44043.4,43953.8,43991.75,0,0
2023-08-21 11:45:00+05:30,43991.8,44042.8,43988.0,44011.6,0,0
2023-08-21 12:15:00+05:30,44015.95,44066.25,44001.9,44038.45,0,0
2023-08-21 12:45:00+05:30,44043.05,44086.15,44014.55,44073.05,0,0
2023-08-21 13:15:00+05:30,44072.35,44113.8,44037.6,44049.0,0,0
2023-08-21 13:45:00+05:30,44055.9,44106.9,44019.85,44035.35,0,0
2023-08-21 14:15:00+05:30,44037.15,44081.5,44034.25,44069.9,0,0
2023-08-21 14:45:00+05:30,44072.0,44102.2,43988.25,44002.55,0,0
2023-08-21 15:15:00+05:30,44000.25,44004.0,43941.95,43961.35,0,0
2023-08-22 09:15:00+05:30,44125.0,44151.3,44061.15,44120.4,0,0
2023-08-22 09:45:00+05:30,44109.05,44125.5,44036.3,44073.85,0,0
2023-08-22 10:15:00+05:30,44075.6,44127.1,44071.2,44110.7,0,0
2023-08-22 10:45:00+05:30,44108.35,44114.35,44051.15,44074.0,0,0
2023-08-22 11:15:00+05:30,44076.05,44098.0,44044.5,44079.85,0,0
2023-08-22 11:45:00+05:30,44077.3,44101.0,44052.6,44069.5,0,0
2023-08-22 12:15:00+05:30,44069.25,44088.65,44021.6,44066.5,0,0
2023-08-22 12:45:00+05:30,44060.8,44101.55,44050.4,44077.35,0,0
2023-08-22 13:15:00+05:30,44079.6,44109.7,44062.65,44081.4,0,0
2023-08-22 13:45:00+05:30,44081.95,44085.65,44022.5,44062.4,0,0
2023-08-22 14:15:00+05:30,44060.3,44070.6,44001.5,44023.15,0,0
2023-08-22 14:45:00+05:30,44025.6,44045.4,43943.6,44000.75,0,0
2023-08-22 15:15:00+05:30,43998.1,44036.95,43942.75,43950.4,0,0
2023-08-23 09:15:00+05:30,44064.5,44151.6,43958.85,44031.25,0,0
2023-08-23 09:45:00+05:30,44033.05,44039.0,43952.25,43984.75,0,0
2023-08-23 10:15:00+05:30,43984.5,44016.1,43954.3,44007.15,0,0
2023-08-23 10:45:00+05:30,44007.4,44139.45,44004.6,44119.95,0,0
2023-08-23 11:15:00+05:30,44122.45,44225.5,44107.1,44212.3,0,0
2023-08-23 11:45:00+05:30,44211.95,44237.25,44154.95,44218.7,0,0
2023-08-23 12:15:00+05:30,44222.8,44390.05,44184.75,44360.6,0,0
2023-08-23 12:45:00+05:30,44357.75,44416.75,44345.65,44366.6,0,0
2023-08-23 13:15:00+05:30,44369.15,44438.3,44355.9,44411.2,0,0
2023-08-23 13:45:00+05:30,44408.65,44521.65,44390.85,44497.95,0,0
2023-08-23 14:15:00+05:30,44497.85,44503.65,44432.35,44484.3,0,0
2023-08-23 14:45:00+05:30,44488.4,44517.9,44456.25,44485.2,0,0
2023-08-23 15:15:00+05:30,44485.85,44495.75,44446.0,44479.9,0,0
2023-08-24 09:15:00+05:30,44704.2,44858.5,44628.8,44856.55,0,0
2023-08-24 09:45:00+05:30,44859.65,44949.9,44843.6,44904.05,0,0
2023-08-24 10:15:00+05:30,44903.3,44918.15,44795.95,44806.85,0,0
2023-08-24 10:45:00+05:30,44810.15,44871.25,44646.45,44677.85,0,0
2023-08-24 11:15:00+05:30,44681.05,44722.05,44632.65,44715.45,0,0
2023-08-24 11:45:00+05:30,44717.7,44733.25,44576.35,44625.35,0,0
2023-08-24 12:15:00+05:30,44625.65,44671.6,44550.25,44645.55,0,0
2023-08-24 12:45:00+05:30,44643.05,44661.4,44569.7,44584.95,0,0
2023-08-24 13:15:00+05:30,44584.85,44623.55,44532.45,44570.4,0,0
2023-08-24 13:45:00+05:30,44569.2,44626.65,44540.3,44621.5,0,0
2023-08-24 14:15:00+05:30,44617.75,44621.3,44483.45,44517.0,0,0
2023-08-24 14:45:00+05:30,44522.65,44556.8,44442.75,44543.3,0,0
2023-08-24 15:15:00+05:30,44542.7,44546.4,44433.75,44461.1,0,0
2023-08-25 09:15:00+05:30,44276.2,44356.35,44142.35,44282.65,0,0
2023-08-25 09:45:00+05:30,44285.1,44296.2,44203.6,44266.4,0,0
2023-08-25 10:15:00+05:30,44268.2,44270.6,43989.65,44054.0,0,0
2023-08-25 10:45:00+05:30,44055.2,44079.9,43986.55,44055.45,0,0
2023-08-25 11:15:00+05:30,44056.3,44293.85,44033.55,44275.05,0,0
2023-08-25 11:45:00+05:30,44274.6,44359.1,44246.05,44257.15,0,0
2023-08-25 12:15:00+05:30,44245.5,44353.9,44223.1,44314.25,0,0
2023-08-25 12:45:00+05:30,44313.45,44319.65,44251.3,44274.2,0,0
2023-08-25 13:15:00+05:30,44279.3,44304.0,44245.0,44295.75,0,0
2023-08-25 13:45:00+05:30,44293.5,44323.15,44239.25,44239.25,0,0
2023-08-25 14:15:00+05:30,44239.75,44282.4,44175.25,44197.3,0,0
2023-08-25 14:45:00+05:30,44195.8,44298.8,44187.4,44241.95,0,0
2023-08-25 15:15:00+05:30,44243.7,44268.05,44134.55,44167.95,0,0
2023-08-28 09:15:00+05:30,44253.65,44378.15,44201.9,44268.45,0,0
2023-08-28 09:45:00+05:30,44267.85,44326.1,44235.3,44260.8,0,0
2023-08-28 10:15:00+05:30,44257.25,44340.75,44237.5,44287.4,0,0
2023-08-28 10:45:00+05:30,44285.8,44339.45,44275.35,44334.55,0,0
2023-08-28 11:15:00+05:30,44335.95,44432.45,44333.75,44425.15,0,0
2023-08-28 11:45:00+05:30,44430.2,44443.85,44377.1,44404.6,0,0
2023-08-28 12:15:00+05:30,44404.3,44505.3,44393.1,44497.65,0,0
2023-08-28 12:45:00+05:30,44494.5,44535.4,44467.35,44485.85,0,0
2023-08-28 13:15:00+05:30,44488.9,44544.85,44479.75,44520.2,0,0
2023-08-28 13:45:00+05:30,44519.2,44610.4,44501.5,44547.15,0,0
2023-08-28 14:15:00+05:30,44546.65,44559.15,44476.3,44518.15,0,0
2023-08-28 14:45:00+05:30,44517.35,44550.25,44463.5,44478.65,0,0
2023-08-28 15:15:00+05:30,44479.85,44516.65,44475.55,44507.75,0,0
2023-08-29 09:15:00+05:30,44655.75,44673.0,44577.05,44582.8,0,0
2023-08-29 09:45:00+05:30,44583.85,44630.55,44537.95,44566.3,0,0
2023-08-29 10:15:00+05:30,44565.15,44567.95,44475.1,44548.5,0,0
2023-08-29 10:45:00+05:30,44545.6,44575.15,44513.55,44518.05,0,0
2023-08-29 11:15:00+05:30,44516.65,44572.2,44510.25,44569.0,0,0
2023-08-29 11:45:00+05:30,44568.85,44596.75,44546.3,44571.45,0,0
2023-08-29 12:15:00+05:30,44570.25,44598.7,44502.35,44544.35,0,0
2023-08-29 12:45:00+05:30,44541.25,44575.2,44532.45,44546.6,0,0
2023-08-29 13:15:00+05:30,44548.9,44585.5,44523.25,44574.45,0,0
2023-08-29 13:45:00+05:30,44572.45,44581.05,44515.1,44515.1,0,0
2023-08-29 14:15:00+05:30,44516.0,44524.2,44457.8,44488.3,0,0
2023-08-29 14:45:00+05:30,44489.3,44528.8,44432.45,44489.25,0,0
2023-08-29 15:15:00+05:30,44490.6,44520.2,44477.7,44511.65,0,0
2023-08-30 09:15:00+05:30,44706.55,44779.65,44650.9,44733.55,0,0
2023-08-30 09:45:00+05:30,44733.1,44764.4,44688.95,44703.6,0,0
2023-08-30 10:15:00+05:30,44701.1,44711.0,44638.0,44682.6,0,0
2023-08-30 10:45:00+05:30,44684.1,44692.1,44646.65,44657.2,0,0
2023-08-30 11:15:00+05:30,44656.75,44666.45,44616.8,44621.9,0,0
2023-08-30 11:45:00+05:30,44625.25,44629.8,44597.95,44624.05,0,0
2023-08-30 12:15:00+05:30,44625.15,44632.2,44601.15,44609.7,0,0
2023-08-30 12:45:00+05:30,44609.85,44616.45,44553.9,44614.25,0,0
2023-08-30 13:15:00+05:30,44612.65,44616.15,44565.85,44565.85,0,0
2023-08-30 13:45:00+05:30,44567.1,44604.85,44508.3,44520.5,0,0
2023-08-30 14:15:00+05:30,44518.1,44529.3,44413.15,44434.95,0,0
2023-08-30 14:45:00+05:30,44435.05,44454.95,44178.4,44210.85,0,0
2023-08-30 15:15:00+05:30,44210.35,44245.5,44151.5,44208.8,0,0
2023-08-31 09:15:00+05:30,44265.85,44363.8,44104.25,44352.0,0,0
2023-08-31 09:45:00+05:30,44353.4,44399.65,44184.4,44239.7,0,0
2023-08-31 10:15:00+05:30,44234.45,44277.45,44051.25,44076.55,0,0
2023-08-31 10:45:00+05:30,44076.15,44117.8,44031.8,44070.65,0,0
2023-08-31 11:15:00+05:30,44072.7,44110.5,44040.15,44081.15,0,0
2023-08-31 11:45:00+05:30,44077.8,44086.8,43970.55,44029.65,0,0
2023-08-31 12:15:00+05:30,44027.7,44046.95,43980.35,44001.8,0,0
2023-08-31 12:45:00+05:30,44007.0,44047.1,43898.8,43905.9,0,0
2023-08-31 13:15:00+05:30,43905.55,44094.8,43897.6,44081.55,0,0
2023-08-31 13:45:00+05:30,44077.25,44086.3,43967.65,43978.7,0,0
2023-08-31 14:15:00+05:30,43976.7,44007.55,43935.9,43945.85,0,0
2023-08-31 14:45:00+05:30,43943.95,44018.5,43914.85,44010.9,0,0
2023-08-31 15:15:00+05:30,44011.4,44102.85,43964.65,44060.75,0,0
2023-09-01 09:15:00+05:30,43996.1,44037.4,43951.25,43997.4,0,0
2023-09-01 09:45:00+05:30,43992.75,44014.4,43832.8,43879.1,0,0
2023-09-01 10:15:00+05:30,43877.75,44021.75,43870.4,43919.25,0,0
2023-09-01 10:45:00+05:30,43917.7,44139.4,43905.45,44027.8,0,0
2023-09-01 11:15:00+05:30,44026.2,44075.7,43974.85,43980.35,0,0
2023-09-01 11:45:00+05:30,43979.4,44036.55,43958.95,44012.35,0,0
2023-09-01 12:15:00+05:30,44013.35,44194.45,43986.65,44159.95,0,0
2023-09-01 12:45:00+05:30,44163.8,44311.05,44161.95,44289.65,0,0
2023-09-01 13:15:00+05:30,44288.55,44326.6,44228.15,44302.85,0,0
2023-09-01 13:45:00+05:30,44302.4,44514.65,44301.0,44473.6,0,0
2023-09-01 14:15:00+05:30,44472.6,44568.55,44416.05,44486.55,0,0
2023-09-01 14:45:00+05:30,44485.2,44507.95,44421.75,44443.1,0,0
2023-09-01 15:15:00+05:30,44444.8,44454.5,44352.65,44403.7,0,0
2023-09-04 09:15:00+05:30,44647.65,44656.05,44404.0,44411.75,0,0
2023-09-04 09:45:00+05:30,44410.75,44552.05,44399.4,44423.5,0,0
2023-09-04 10:15:00+05:30,44422.95,44459.45,44310.95,44350.65,0,0
2023-09-04 10:45:00+05:30,44341.7,44479.1,44326.85,44453.75,0,0
2023-09-04 11:15:00+05:30,44454.05,44508.85,44418.0,44472.9,0,0
2023-09-04 11:45:00+05:30,44469.35,44513.85,44407.9,44449.95,0,0
2023-09-04 12:15:00+05:30,44448.8,44529.55,44448.15,44509.55,0,0
2023-09-04 12:45:00+05:30,44509.6,44556.15,44488.15,44536.7,0,0
2023-09-04 13:15:00+05:30,44535.1,44567.1,44516.0,44533.9,0,0
2023-09-04 13:45:00+05:30,44534.85,44557.4,44462.2,44508.95,0,0
2023-09-04 14:15:00+05:30,44509.0,44576.9,44471.95,44576.7,0,0
2023-09-04 14:45:00+05:30,44576.5,44594.6,44524.4,44572.2,0,0
2023-09-04 15:15:00+05:30,44569.4,44605.75,44554.5,44584.25,0,0
2023-09-05 09:15:00+05:30,44625.05,44655.55,44543.9,44655.05,0,0
2023-09-05 09:45:00+05:30,44653.8,44668.7,44616.9,44653.7,0,0
2023-09-05 10:15:00+05:30,44650.65,44655.55,44522.95,44566.9,0,0
2023-09-05 10:45:00+05:30,44566.65,44584.6,44481.0,44539.0,0,0
2023-09-05 11:15:00+05:30,44543.05,44548.05,44501.8,44532.05,0,0
2023-09-05 11:45:00+05:30,44531.55,44578.0,44460.85,44486.65,0,0
2023-09-05 12:15:00+05:30,44485.25,44494.7,44426.15,44444.35,0,0
2023-09-05 12:45:00+05:30,44447.45,44497.9,44430.95,44495.9,0,0
2023-09-05 13:15:00+05:30,44496.85,44497.85,44401.7,44457.4,0,0
2023-09-05 13:45:00+05:30,44457.45,44517.7,44434.8,44482.0,0,0
2023-09-05 14:15:00+05:30,44479.55,44545.2,44462.85,44536.9,0,0
2023-09-05 14:45:00+05:30,44535.85,44548.0,44502.65,44538.35,0,0
2023-09-05 15:15:00+05:30,44538.1,44570.75,44519.1,44543.85,0,0
2023-09-06 09:15:00+05:30,44494.65,44577.0,44444.15,44517.45,0,0
2023-09-06 09:45:00+05:30,44516.05,44529.6,44441.85,44469.35,0,0
2023-09-06 10:15:00+05:30,44467.5,44557.8,44432.8,44515.7,0,0
2023-09-06 10:45:00+05:30,44517.9,44549.85,44455.95,44475.9,0,0
2023-09-06 11:15:00+05:30,44476.05,44483.6,44350.6,44364.85,0,0
2023-09-06 11:45:00+05:30,44364.55,44405.3,44335.85,44391.35,0,0
2023-09-06 12:15:00+05:30,44395.5,44398.6,44265.2,44298.85,0,0
2023-09-06 12:45:00+05:30,44297.85,44322.05,44261.05,44285.25,0,0
2023-09-06 13:15:00+05:30,44287.75,44327.8,44207.25,44292.8,0,0
2023-09-06 13:45:00+05:30,44294.85,44324.35,44256.85,44299.35,0,0
2023-09-06 14:15:00+05:30,44299.6,44350.85,44295.05,44348.4,0,0
2023-09-06 14:45:00+05:30,44351.4,44455.0,44300.05,44388.95,0,0
2023-09-06 15:15:00+05:30,44388.0,44524.05,44388.0,44468.55,0,0
2023-09-07 09:15:00+05:30,44418.05,44486.0,44341.2,44372.15,0,0
2023-09-07 09:45:00+05:30,44374.65,44507.05,44366.8,44468.2,0,0
2023-09-07 10:15:00+05:30,44476.35,44524.65,44433.65,44500.5,0,0
2023-09-07 10:45:00+05:30,44499.85,44672.95,44477.6,44672.8,0,0
2023-09-07 11:15:00+05:30,44672.6,44689.95,44440.1,44477.95,0,0
2023-09-07 11:45:00+05:30,44476.3,44506.95,44439.05,44468.6,0,0
2023-09-07 12:15:00+05:30,44468.25,44477.6,44400.85,44438.6,0,0
2023-09-07 12:45:00+05:30,44438.9,44497.85,44421.75,44454.45,0,0
2023-09-07 13:15:00+05:30,44456.4,44567.95,44452.05,44562.85,0,0
2023-09-07 13:45:00+05:30,44565.45,44650.4,44525.75,44631.0,0,0
2023-09-07 14:15:00+05:30,44633.45,44878.45,44626.8,44854.05,0,0
2023-09-07 14:45:00+05:30,44860.85,44915.55,44789.1,44852.5,0,0
2023-09-07 15:15:00+05:30,44852.8,44884.45,44827.2,44855.55,0,0
2023-09-08 09:15:00+05:30,44953.65,45002.55,44832.9,44933.7,0,0
2023-09-08 09:45:00+05:30,44938.15,44961.55,44885.7,44923.7,0,0
2023-09-08 10:15:00+05:30,44923.5,44940.65,44812.15,44871.9,0,0
2023-09-08 10:45:00+05:30,44874.65,44932.5,44861.4,44879.4,0,0
2023-09-08 11:15:00+05:30,44877.65,45144.3,44858.85,45103.6,0,0
2023-09-08 11:45:00+05:30,45100.5,45139.85,45059.95,45129.3,0,0
2023-09-08 12:15:00+05:30,45129.55,45175.4,45080.4,45162.9,0,0
2023-09-08 12:45:00+05:30,45162.2,45177.9,45106.4,45129.8,0,0
2023-09-08 13:15:00+05:30,45119.6,45221.15,45038.4,45203.15,0,0
2023-09-08 13:45:00+05:30,45200.8,45231.5,45140.85,45216.2,0,0
2023-09-08 14:15:00+05:30,45218.5,45383.35,45164.1,45172.05,0,0
2023-09-08 14:45:00+05:30,45171.15,45193.35,45075.25,45141.05,0,0
2023-09-08 15:15:00+05:30,45137.6,45215.75,45137.1,45169.55,0,0
2023-09-11 09:15:00+05:30,45340.8,45370.3,45255.15,45268.4,0,0
2023-09-11 09:45:00+05:30,45271.45,45441.55,45236.7,45398.9,0,0
2023-09-11 10:15:00+05:30,45398.4,45414.2,45346.1,45395.7,0,0
2023-09-11 10:45:00+05:30,45394.45,45415.05,45294.9,45332.65,0,0
2023-09-11 11:15:00+05:30,45332.05,45431.9,45330.45,45391.55,0,0
2023-09-11 11:45:00+05:30,45393.55,45413.55,45376.1,45380.15,0,0
2023-09-11 12:15:00+05:30,45382.8,45467.0,45379.6,45438.75,0,0
2023-09-11 12:45:00+05:30,45438.8,45443.35,45387.05,45407.7,0,0
2023-09-11 13:15:00+05:30,45406.3,45473.95,45394.2,45404.75,0,0
2023-09-11 13:45:00+05:30,45400.45,45485.9,45389.55,45459.95,0,0
2023-09-11 14:15:00+05:30,45463.2,45540.9,45449.25,45540.4,0,0
2023-09-11 14:45:00+05:30,45541.45,45585.6,45516.2,45575.3,0,0
2023-09-11 15:15:00+05:30,45575.0,45630.6,45572.85,45618.95,0,0
2023-09-12 09:15:00+05:30,45893.8,45893.8,45650.55,45697.25,0,0
2023-09-12 09:45:00+05:30,45689.95,45689.95,45401.4,45484.45,0,0
2023-09-12 10:15:00+05:30,45483.8,45508.05,45396.0,45479.65,0,0
2023-09-12 10:45:00+05:30,45478.65,45598.5,45464.2,45582.3,0,0
2023-09-12 11:15:00+05:30,45584.4,45620.6,45509.3,45620.6,0,0
2023-09-12 11:45:00+05:30,45620.8,45622.7,45538.35,45578.35,0,0
2023-09-12 12:15:00+05:30,45583.65,45592.85,45394.0,45409.45,0,0
2023-09-12 12:45:00+05:30,45409.45,45452.4,45322.95,45419.6,0,0
2023-09-12 13:15:00+05:30,45421.7,45533.95,45359.8,45468.1,0,0
2023-09-12 13:45:00+05:30,45468.85,45523.1,45426.6,45510.3,0,0
2023-09-12 14:15:00+05:30,45513.2,45533.45,45465.75,45500.6,0,0
2023-09-12 14:45:00+05:30,45501.1,45515.35,45420.3,45498.6,0,0
2023-09-12 15:15:00+05:30,45497.65,45564.4,45480.65,45490.1,0,0
2023-09-13 09:15:00+05:30,45449.35,45499.9,45301.85,45320.7,0,0
2023-09-13 09:45:00+05:30,45315.95,45400.0,45308.3,45367.75,0,0
2023-09-13 10:15:00+05:30,45366.4,45461.15,45332.25,45433.8,0,0
2023-09-13 10:45:00+05:30,45433.4,45612.7,45423.1,45610.25,0,0
2023-09-13 11:15:00+05:30,45608.75,45696.05,45580.3,45644.9,0,0
2023-09-13 11:45:00+05:30,45645.6,45725.4,45620.85,45682.1,0,0
2023-09-13 12:15:00+05:30,45680.8,45751.1,45656.55,45712.45,0,0
2023-09-13 12:45:00+05:30,45710.1,45888.35,45697.55,45856.85,0,0
2023-09-13 13:15:00+05:30,45854.2,45921.45,45834.6,45874.95,0,0
2023-09-13 13:45:00+05:30,45874.4,45947.4,45860.35,45913.4,0,0
2023-09-13 14:15:00+05:30,45916.55,45990.5,45886.05,45964.35,0,0
2023-09-13 14:45:00+05:30,45966.6,45972.65,45871.7,45904.25,0,0
2023-09-13 15:15:00+05:30,45904.15,45922.55,45846.7,45899.6,0,0
2023-09-14 09:15:00+05:30,46013.3,46153.9,45988.05,46107.2,0,0
2023-09-14 09:45:00+05:30,46113.4,46135.6,45843.25,45895.05,0,0
2023-09-14 10:15:00+05:30,45894.8,45955.55,45810.15,45927.3,0,0
2023-09-14 10:45:00+05:30,45928.9,46033.6,45869.0,46012.1,0,0
2023-09-14 11:15:00+05:30,46012.45,46029.65,45923.75,45948.95,0,0
2023-09-14 11:45:00+05:30,45947.3,46000.4,45917.8,45990.65,0,0
2023-09-14 12:15:00+05:30,46001.0,46013.65,45831.05,45929.8,0,0
2023-09-14 12:45:00+05:30,45934.85,45976.6,45900.5,45963.15,0,0
2023-09-14 13:15:00+05:30,45965.35,46015.4,45943.95,45969.0,0,0
2023-09-14 13:45:00+05:30,45968.6,45996.35,45816.95,45893.55,0,0
2023-09-14 14:15:00+05:30,45894.9,45976.4,45879.45,45951.8,0,0
2023-09-14 14:45:00+05:30,45953.65,46059.9,45934.5,46004.9,0,0
2023-09-14 15:15:00+05:30,46000.25,46039.1,45963.75,45983.65,0,0
2023-09-15 09:15:00+05:30,46122.15,46167.3,46048.55,46103.7,0,0
2023-09-15 09:45:00+05:30,46104.2,46176.7,46060.65,46099.45,0,0
2023-09-15 10:15:00+05:30,46099.55,46131.25,46073.25,46125.15,0,0
2023-09-15 10:45:00+05:30,46124.35,46256.6,46101.8,46225.05,0,0
2023-09-15 11:15:00+05:30,46225.4,46262.7,46188.65,46212.8,0,0
2023-09-15 11:45:00+05:30,46210.95,46280.85,46202.45,46236.15,0,0
2023-09-15 12:15:00+05:30,46236.2,46240.35,46032.9,46079.85,0,0
2023-09-15 12:45:00+05:30,46074.95,46136.9,46064.15,46133.55,0,0
2023-09-15 13:15:00+05:30,46132.7,46164.95,46082.25,46104.3,0,0
2023-09-15 13:45:00+05:30,46103.3,46201.9,46098.15,46197.0,0,0
2023-09-15 14:15:00+05:30,46196.9,46246.8,46172.85,46233.0,0,0
2023-09-15 14:45:00+05:30,46235.65,46310.4,46182.1,46200.3,0,0
2023-09-15 15:15:00+05:30,46200.35,46238.4,46138.7,46154.05,0,0
2023-09-18 09:15:00+05:30,46100.95,46169.9,46070.95,46155.05,0,0
2023-09-18 09:45:00+05:30,46156.7,46180.35,46118.65,46140.15,0,0
2023-09-18 10:15:00+05:30,46141.45,46161.15,46101.85,46146.2,0,0
2023-09-18 10:45:00+05:30,46143.25,46173.75,46108.7,46167.35,0,0
2023-09-18 11:15:00+05:30,46169.3,46232.6,46160.4,46211.9,0,0
2023-09-18 11:45:00+05:30,46215.1,46252.95,46119.8,46128.15,0,0
2023-09-18 12:15:00+05:30,46127.9,46159.85,46090.65,46127.8,0,0
2023-09-18 12:45:00+05:30,46128.0,46128.0,46073.35,46111.95,0,0
2023-09-18 13:15:00+05:30,46115.9,46143.9,46062.45,46107.55,0,0
2023-09-18 13:45:00+05:30,46109.75,46120.2,46049.7,46055.55,0,0
2023-09-18 14:15:00+05:30,46053.8,46139.9,46027.15,46106.55,0,0
2023-09-18 14:45:00+05:30,46108.0,46110.85,45951.45,45951.45,0,0
2023-09-18 15:15:00+05:30,45952.15,45982.25,45908.9,45945.45,0,0
2023-09-20 09:15:00+05:30,45493.7,45745.15,45476.75,45698.6,0,0
2023-09-20 09:45:00+05:30,45704.05,45725.2,45555.0,45564.65,0,0
2023-09-20 10:15:00+05:30,45567.85,45588.55,45524.35,45565.7,0,0
2023-09-20 10:45:00+05:30,45565.9,45578.2,45405.75,45431.8,0,0
2023-09-20 11:15:00+05:30,45434.7,45458.0,45386.85,45409.95,0,0
2023-09-20 11:45:00+05:30,45412.15,45431.05,45361.9,45403.75,0,0
2023-09-20 12:15:00+05:30,45402.7,45439.4,45366.05,45409.55,0,0
2023-09-20 12:45:00+05:30,45411.7,45458.05,45328.2,45350.85,0,0
2023-09-20 13:15:00+05:30,45353.6,45373.35,45313.2,45334.35,0,0
2023-09-20 13:45:00+05:30,45337.65,45393.6,45281.5,45376.45,0,0
2023-09-20 14:15:00+05:30,45390.35,45409.6,45327.35,45345.45,0,0
2023-09-20 14:45:00+05:30,45349.0,45397.6,45284.05,45380.15,0,0
2023-09-20 15:15:00+05:30,45381.45,45461.7,45364.0,45442.65,0,0
2023-09-21 09:15:00+05:30,45179.6,45276.8,45078.0,45194.7,0,0
2023-09-21 09:45:00+05:30,45192.1,45218.95,45041.15,45093.8,0,0
2023-09-21 10:15:00+05:30,45101.6,45182.15,45095.4,45102.55,0,0
2023-09-21 10:45:00+05:30,45106.65,45222.75,45065.6,45178.5,0,0
2023-09-21 11:15:00+05:30,45179.05,45180.1,45066.8,45083.3,0,0
2023-09-21 11:45:00+05:30,45084.4,45117.15,44901.4,44923.65,0,0
2023-09-21 12:15:00+05:30,44917.5,44935.4,44749.25,44833.55,0,0
2023-09-21 12:45:00+05:30,44831.7,44853.3,44741.35,44804.15,0,0
2023-09-21 13:15:00+05:30,44805.45,44885.1,44705.4,44747.85,0,0
2023-09-21 13:45:00+05:30,44741.1,44785.0,44650.75,44667.7,0,0
2023-09-21 14:15:00+05:30,44666.85,44720.25,44603.45,44643.7,0,0
2023-09-21 14:45:00+05:30,44640.35,44678.95,44593.4,44629.75,0,0
2023-09-21 15:15:00+05:30,44625.2,44660.45,44600.3,44610.2,0,0
2023-09-22 09:15:00+05:30,44707.35,44950.45,44701.95,44860.8,0,0
2023-09-22 09:45:00+05:30,44856.95,44875.9,44552.5,44652.35,0,0
2023-09-22 10:15:00+05:30,44656.25,44927.3,44623.15,44905.95,0,0
2023-09-22 10:45:00+05:30,44906.8,44984.9,44845.6,44924.65,0,0
2023-09-22 11:15:00+05:30,44923.75,44959.3,44823.65,44885.35,0,0
2023-09-22 11:45:00+05:30,44882.9,44996.75,44863.0,44963.5,0,0
2023-09-22 12:15:00+05:30,44966.95,44991.7,44913.05,44964.85,0,0
2023-09-22 12:45:00+05:30,44966.1,44966.8,44857.6,44907.55,0,0
2023-09-22 13:15:00+05:30,44907.45,44924.35,44662.75,44698.6,0,0
2023-09-22 13:45:00+05:30,44698.0,44774.05,44679.25,44753.3,0,0
2023-09-22 14:15:00+05:30,44749.05,44786.7,44651.75,44743.4,0,0
2023-09-22 14:45:00+05:30,44743.3,44747.55,44557.75,44591.2,0,0
2023-09-22 15:15:00+05:30,44591.1,44649.45,44580.45,44639.95,0,0
2023-09-25 09:15:00+05:30,44615.0,44710.95,44493.85,44631.5,0,0
2023-09-25 09:45:00+05:30,44632.45,44632.45,44427.05,44431.8,0,0
2023-09-25 10:15:00+05:30,44431.05,44520.25,44418.2,44488.7,0,0
2023-09-25 10:45:00+05:30,44486.1,44499.15,44403.65,44430.15,0,0
2023-09-25 11:15:00+05:30,44431.5,44482.25,44409.95,44466.75,0,0
2023-09-25 11:45:00+05:30,44467.0,44645.8,44435.4,44613.65,0,0
2023-09-25 12:15:00+05:30,44614.2,44842.9,44613.05,44834.0,0,0
2023-09-25 12:45:00+05:30,44830.9,44889.65,44816.4,44859.95,0,0
2023-09-25 13:15:00+05:30,44858.85,44936.55,44812.35,44883.6,0,0
2023-09-25 13:45:00+05:30,44883.6,44889.05,44614.15,44619.3,0,0
2023-09-25 14:15:00+05:30,44619.2,44760.45,44584.3,44704.1,0,0
2023-09-25 14:45:00+05:30,44700.95,44864.2,44698.85,44781.25,0,0
2023-09-25 15:15:00+05:30,44779.5,44802.0,44733.4,44758.4,0,0
2023-09-26 09:15:00+05:30,44722.5,44773.8,44610.5,44687.7,0,0
2023-09-26 09:45:00+05:30,44686.2,44748.65,44658.6,44720.15,0,0
2023-09-26 10:15:00+05:30,44720.4,44734.05,44639.95,44680.8,0,0
2023-09-26 10:45:00+05:30,44682.35,44701.45,44613.25,44698.35,0,0
2023-09-26 11:15:00+05:30,44696.2,44715.7,44643.7,44662.2,0,0
2023-09-26 11:45:00+05:30,44660.7,44695.8,44632.0,44685.6,0,0
2023-09-26 12:15:00+05:30,44684.0,44701.65,44625.0,44629.95,0,0
2023-09-26 12:45:00+05:30,44629.85,44644.2,44532.45,44642.65,0,0
2023-09-26 13:15:00+05:30,44638.1,44680.0,44624.15,44674.65,0,0
2023-09-26 13:45:00+05:30,44675.55,44685.95,44623.8,44653.4,0,0
2023-09-26 14:15:00+05:30,44657.4,44668.7,44611.2,44653.4,0,0
2023-09-26 14:45:00+05:30,44651.15,44657.4,44583.1,44629.7,0,0
2023-09-26 15:15:00+05:30,44628.5,44663.2,44616.95,44662.45,0,0
2023-09-27 09:15:00+05:30,44465.9,44524.55,44427.2,44465.85,0,0
2023-09-27 09:45:00+05:30,44463.45,44485.95,44202.2,44224.35,0,0
2023-09-27 10:15:00+05:30,44224.4,44309.45,44182.5,44289.7,0,0
2023-09-27 10:45:00+05:30,44290.25,44410.9,44263.95,44407.5,0,0
2023-09-27 11:15:00+05:30,44414.65,44461.15,44346.9,44430.25,0,0
2023-09-27 11:45:00+05:30,44427.1,44433.15,44317.9,44355.85,0,0
2023-09-27 12:15:00+05:30,44351.75,44409.75,44348.8,44388.3,0,0
2023-09-27 12:45:00+05:30,44388.95,44493.0,44384.7,44472.4,0,0
2023-09-27 13:15:00+05:30,44473.9,44649.2,44440.65,44561.65,0,0
2023-09-27 13:45:00+05:30,44561.55,44668.0,44560.45,44591.15,0,0
2023-09-27 14:15:00+05:30,44592.85,44633.9,44499.0,44624.9,0,0
2023-09-27 14:45:00+05:30,44627.25,44648.8,44565.15,44573.95,0,0
2023-09-27 15:15:00+05:30,44574.65,44616.1,44559.6,44600.75,0,0
2023-09-28 09:15:00+05:30,44700.35,44733.4,44533.0,44552.4,0,0
2023-09-28 09:45:00+05:30,44553.65,44717.45,44524.55,44690.05,0,0
2023-09-28 10:15:00+05:30,44691.8,44756.8,44543.2,44567.55,0,0
2023-09-28 10:45:00+05:30,44571.15,44613.35,44448.9,44457.35,0,0
2023-09-28 11:15:00+05:30,44462.2,44500.0,44427.8,44469.25,0,0
2023-09-28 11:45:00+05:30,44470.3,44539.4,44449.55,44478.25,0,0
2023-09-28 12:15:00+05:30,44477.65,44498.45,44392.5,44455.2,0,0
2023-09-28 12:45:00+05:30,44450.5,44496.35,44417.0,44433.85,0,0
2023-09-28 13:15:00+05:30,44433.3,44436.65,44358.5,44404.25,0,0
2023-09-28 13:45:00+05:30,44406.9,44408.35,44313.05,44348.85,0,0
2023-09-28 14:15:00+05:30,44346.9,44421.5,44336.15,44389.15,0,0
2023-09-28 14:45:00+05:30,44389.4,44415.4,44260.75,44283.45,0,0
2023-09-28 15:15:00+05:30,44281.75,44337.7,44248.2,44288.2,0,0
2023-09-29 09:15:00+05:30,44445.35,44497.15,44344.9,44491.8,0,0
2023-09-29 09:45:00+05:30,44488.6,44586.35,44488.6,44568.0,0,0
2023-09-29 10:15:00+05:30,44568.0,44628.15,44539.05,44558.75,0,0
2023-09-29 10:45:00+05:30,44556.5,44588.3,44497.2,44585.85,0,0
2023-09-29 11:15:00+05:30,44581.5,44669.1,44538.4,44658.8,0,0
2023-09-29 11:45:00+05:30,44655.45,44687.25,44611.1,44663.95,0,0
2023-09-29 12:15:00+05:30,44662.45,44679.65,44608.9,44629.85,0,0
2023-09-29 12:45:00+05:30,44629.4,44639.7,44572.9,44620.5,0,0
2023-09-29 13:15:00+05:30,44617.45,44644.5,44580.5,44596.9,0,0
2023-09-29 13:45:00+05:30,44597.6,44720.0,44585.05,44689.15,0,0
2023-09-29 14:15:00+05:30,44686.85,44755.05,44685.45,44717.15,0,0
2023-09-29 14:45:00+05:30,44715.15,44725.55,44550.3,44550.9,0,0
2023-09-29 15:15:00+05:30,44553.8,44604.2,44538.2,44603.15,0,0
2023-10-03 09:15:00+05:30,44561.5,44566.3,44243.1,44367.45,0,0
2023-10-03 09:45:00+05:30,44371.65,44375.35,44313.8,44342.2,0,0
2023-10-03 10:15:00+05:30,44343.35,44375.1,44269.25,44310.2,0,0
2023-10-03 10:45:00+05:30,44314.45,44347.0,44289.25,44318.55,0,0
2023-10-03 11:15:00+05:30,44318.75,44387.4,44305.6,44351.35,0,0
2023-10-03 11:45:00+05:30,44350.85,44397.8,44321.45,44367.35,0,0
2023-10-03 12:15:00+05:30,44370.1,44389.9,44336.0,44353.9,0,0
2023-10-03 12:45:00+05:30,44354.15,44407.4,44354.15,44386.55,0,0
2023-10-03 13:15:00+05:30,44387.25,44392.45,44307.35,44363.75,0,0
2023-10-03 13:45:00+05:30,44365.3,44435.5,44354.6,44357.25,0,0
2023-10-03 14:15:00+05:30,44365.55,44392.3,44337.65,44363.75,0,0
2023-10-03 14:45:00+05:30,44355.55,44415.85,44355.55,44391.15,0,0
2023-10-03 15:15:00+05:30,44392.4,44415.85,44377.6,44395.3,0,0
2023-10-04 09:15:00+05:30,44108.15,44161.35,43940.8,44003.5,0,0
2023-10-04 09:45:00+05:30,44005.0,44039.65,43900.2,43915.7,0,0
2023-10-04 10:15:00+05:30,43916.4,44044.4,43885.2,44003.3,0,0
2023-10-04 10:45:00+05:30,44003.8,44025.35,43963.5,43972.65,0,0
2023-10-04 11:15:00+05:30,43972.75,43998.95,43919.6,43935.6,0,0
2023-10-04 11:45:00+05:30,43938.2,43938.55,43857.5,43901.35,0,0
2023-10-04 12:15:00+05:30,43899.55,43945.05,43885.2,43922.3,0,0
2023-10-04 12:45:00+05:30,43923.35,43940.9,43868.7,43936.3,0,0
2023-10-04 13:15:00+05:30,43939.35,43953.7,43895.75,43909.45,0,0
2023-10-04 13:45:00+05:30,43908.5,43978.25,43886.95,43956.1,0,0
2023-10-04 14:15:00+05:30,43954.85,43969.0,43909.25,43949.5,0,0
2023-10-04 14:45:00+05:30,43947.3,43996.7,43906.5,43975.5,0,0
2023-10-04 15:15:00+05:30,43974.95,44026.95,43951.95,43993.3,0,0
2023-10-05 09:15:00+05:30,44181.35,44274.7,44145.4,44264.0,0,0
2023-10-05 09:45:00+05:30,44263.55,44273.25,44190.3,44202.55,0,0
2023-10-05 10:15:00+05:30,44203.35,44213.85,44108.3,44156.6,0,0
2023-10-05 10:45:00+05:30,44157.2,44316.75,44145.65,44308.0,0,0
2023-10-05 11:15:00+05:30,44309.4,44391.85,44284.5,44320.45,0,0
2023-10-05 11:45:00+05:30,44320.55,44366.45,44295.95,44330.0,0,0
2023-10-05 12:15:00+05:30,44330.4,44334.5,44267.75,44267.75,0,0
2023-10-05 12:45:00+05:30,44271.35,44293.25,44221.85,44246.4,0,0
2023-10-05 13:15:00+05:30,44246.75,44304.45,44227.35,44295.85,0,0
2023-10-05 13:45:00+05:30,44296.45,44308.45,44235.4,44247.25,0,0
2023-10-05 14:15:00+05:30,44244.7,44285.5,44227.6,44251.8,0,0
2023-10-05 14:45:00+05:30,44246.35,44257.3,44186.25,44208.0,0,0
2023-10-05 15:15:00+05:30,44205.8,44250.35,44185.05,44208.25,0,0
2023-10-06 09:15:00+05:30,44395.4,44401.05,44252.8,44306.6,0,0
2023-10-06 09:45:00+05:30,44308.85,44346.7,44242.95,44317.35,0,0
2023-10-06 10:15:00+05:30,44311.15,44433.9,44306.85,44433.9,0,0
2023-10-06 10:45:00+05:30,44430.45,44500.7,44411.2,44411.25,0,0
2023-10-06 11:15:00+05:30,44410.2,44415.0,44255.65,44297.85,0,0
2023-10-06 11:45:00+05:30,44296.95,44308.7,44271.35,44293.85,0,0
2023-10-06 12:15:00+05:30,44291.65,44336.6,44259.7,44321.1,0,0
2023-10-06 12:45:00+05:30,44317.5,44364.35,44293.9,44349.85,0,0
2023-10-06 13:15:00+05:30,44347.5,44378.7,44341.85,44376.75,0,0
2023-10-06 13:45:00+05:30,44376.1,44471.05,44365.1,44440.9,0,0
2023-10-06 14:15:00+05:30,44441.7,44456.35,44370.75,44402.05,0,0
2023-10-06 14:45:00+05:30,44400.5,44407.4,44349.05,44366.3,0,0
2023-10-06 15:15:00+05:30,44371.4,44380.8,44328.9,44368.05,0,0
2023-10-09 09:15:00+05:30,44057.8,44113.2,43796.75,43902.3,0,0
2023-10-09 09:45:00+05:30,43904.55,44072.75,43898.2,44026.1,0,0
2023-10-09 10:15:00+05:30,44023.45,44066.05,43958.95,43990.85,0,0
2023-10-09 10:45:00+05:30,43992.1,44034.9,43979.35,43989.1,0,0
2023-10-09 11:15:00+05:30,43989.75,44009.8,43965.55,43989.45,0,0
2023-10-09 11:45:00+05:30,43988.75,44006.3,43964.4,43982.5,0,0
2023-10-09 12:15:00+05:30,43982.6,43982.6,43834.45,43837.45,0,0
2023-10-09 12:45:00+05:30,43828.7,43926.45,43828.7,43865.3,0,0
2023-10-09 13:15:00+05:30,43863.05,43906.45,43859.7,43892.7,0,0
2023-10-09 13:45:00+05:30,43893.1,43915.0,43876.0,43890.9,0,0
2023-10-09 14:15:00+05:30,43891.4,43965.6,43858.4,43914.6,0,0
2023-10-09 14:45:00+05:30,43912.5,43949.3,43873.75,43894.7,0,0
2023-10-09 15:15:00+05:30,43893.55,43894.8,43863.1,43868.5,0,0
2023-10-10 09:15:00+05:30,44027.55,44139.4,44004.55,44099.7,0,0
2023-10-10 09:45:00+05:30,44100.85,44114.1,44055.45,44073.95,0,0
2023-10-10 10:15:00+05:30,44076.6,44123.35,44069.75,44098.75,0,0
2023-10-10 10:45:00+05:30,44099.65,44106.0,44058.25,44065.95,0,0
2023-10-10 11:15:00+05:30,44068.75,44104.3,44045.35,44098.75,0,0
2023-10-10 11:45:00+05:30,44098.9,44302.65,44074.6,44298.2,0,0
2023-10-10 12:15:00+05:30,44297.95,44398.3,44255.6,44366.15,0,0
2023-10-10 12:45:00+05:30,44366.7,44382.55,44332.65,44362.55,0,0
2023-10-10 13:15:00+05:30,44362.6,44487.25,44356.15,44470.4,0,0
2023-10-10 13:45:00+05:30,44465.75,44481.65,44402.45,44423.55,0,0
2023-10-10 14:15:00+05:30,44426.4,44480.05,44378.85,44387.2,0,0
2023-10-10 14:45:00+05:30,44386.2,44418.05,44328.25,44352.75,0,0
2023-10-10 15:15:00+05:30,44354.45,44386.6,44347.4,44378.4,0,0
2023-10-11 09:15:00+05:30,44554.9,44685.5,44513.2,44663.35,0,0
2023-10-11 09:45:00+05:30,44662.75,44710.55,44500.05,44533.55,0,0
2023-10-11 10:15:00+05:30,44531.2,44597.6,44525.35,44569.6,0,0
2023-10-11 10:45:00+05:30,44568.5,44590.15,44445.6,44474.75,0,0
2023-10-11 11:15:00+05:30,44465.2,44546.7,44451.25,44496.9,0,0
2023-10-11 11:45:00+05:30,44498.3,44537.7,44482.45,44524.1,0,0
2023-10-11 12:15:00+05:30,44525.95,44530.75,44482.9,44502.35,0,0
2023-10-11 12:45:00+05:30,44495.75,44546.25,44452.2,44540.65,0,0
2023-10-11 13:15:00+05:30,44540.5,44543.2,44469.3,44486.55,0,0
2023-10-11 13:45:00+05:30,44487.15,44506.05,44411.4,44454.25,0,0
2023-10-11 14:15:00+05:30,44455.75,44509.45,44439.7,44489.9,0,0
2023-10-11 14:45:00+05:30,44488.9,44556.6,44472.6,44516.7,0,0
2023-10-11 15:15:00+05:30,44517.05,44544.85,44488.7,44519.85,0,0
2023-10-12 09:15:00+05:30,44571.55,44693.05,44530.05,44601.4,0,0
2023-10-12 09:45:00+05:30,44604.4,44647.2,44578.8,44639.7,0,0
2023-10-12 10:15:00+05:30,44644.45,44662.15,44560.85,44637.3,0,0
2023-10-12 10:45:00+05:30,44637.1,44659.6,44611.05,44637.4,0,0
2023-10-12 11:15:00+05:30,44637.05,44638.2,44578.6,44622.65,0,0
2023-10-12 11:45:00+05:30,44626.3,44645.0,44595.25,44619.4,0,0
2023-10-12 12:15:00+05:30,44622.25,44645.6,44568.15,44583.15,0,0
2023-10-12 12:45:00+05:30,44583.75,44601.55,44535.05,44555.85,0,0
2023-10-12 13:15:00+05:30,44554.1,44606.5,44545.75,44601.15,0,0
2023-10-12 13:45:00+05:30,44599.45,44616.9,44562.55,44592.25,0,0
2023-10-12 14:15:00+05:30,44589.25,44625.4,44568.35,44614.85,0,0
2023-10-12 14:45:00+05:30,44615.95,44632.45,44582.35,44610.5,0,0
2023-10-12 15:15:00+05:30,44609.05,44622.8,44570.85,44570.85,0,0
2023-10-13 09:15:00+05:30,44322.05,44380.55,44221.6,44259.7,0,0
2023-10-13 09:45:00+05:30,44251.55,44290.6,44214.45,44242.25,0,0
2023-10-13 10:15:00+05:30,44245.6,44288.7,44204.85,44263.45,0,0
2023-10-13 10:45:00+05:30,44264.4,44273.4,44216.75,44260.75,0,0
2023-10-13 11:15:00+05:30,44256.8,44316.45,44249.55,44293.8,0,0
2023-10-13 11:45:00+05:30,44299.95,44305.95,44243.45,44246.15,0,0
2023-10-13 12:15:00+05:30,44253.7,44315.65,44247.9,44313.35,0,0
2023-10-13 12:45:00+05:30,44318.95,44364.4,44286.75,44340.5,0,0
2023-10-13 13:15:00+05:30,44345.55,44349.25,44290.65,44323.7,0,0
2023-10-13 13:45:00+05:30,44327.1,44510.55,44306.55,44503.8,0,0
2023-10-13 14:15:00+05:30,44507.65,44563.05,44413.5,44415.95,0,0
2023-10-13 14:45:00+05:30,44426.05,44426.45,44278.75,44301.15,0,0
2023-10-13 15:15:00+05:30,44300.3,44314.55,44203.7,44220.5,0,0
2023-10-16 09:15:00+05:30,44204.75,44223.1,44044.4,44139.0,0,0
2023-10-16 09:45:00+05:30,44141.1,44212.7,44126.05,44192.25,0,0
2023-10-16 10:15:00+05:30,44194.65,44262.95,44162.65,44256.85,0,0
2023-10-16 10:45:00+05:30,44257.15,44283.9,44148.2,44223.45,0,0
2023-10-16 11:15:00+05:30,44224.5,44349.65,44192.7,44346.45,0,0
2023-10-16 11:45:00+05:30,44343.2,44356.95,44295.75,44310.1,0,0
2023-10-16 12:15:00+05:30,44304.45,44333.15,44273.4,44325.45,0,0
2023-10-16 12:45:00+05:30,44325.1,44340.9,44259.8,44270.05,0,0
2023-10-16 13:15:00+05:30,44267.8,44284.55,44227.25,44261.65,0,0
2023-10-16 13:45:00+05:30,44261.6,44309.9,44242.55,44257.8,0,0
2023-10-16 14:15:00+05:30,44255.65,44300.0,44239.15,44267.55,0,0
2023-10-16 14:45:00+05:30,44270.75,44297.5,44214.5,44217.15,0,0
2023-10-16 15:15:00+05:30,44217.2,44253.5,44207.7,44242.55,0,0
2023-10-17 09:15:00+05:30,44589.8,44589.85,44434.1,44467.85,0,0
2023-10-17 09:45:00+05:30,44469.35,44510.85,44446.75,44456.6,0,0
2023-10-17 10:15:00+05:30,44460.7,44497.5,44453.5,44487.25,0,0
2023-10-17 10:45:00+05:30,44487.15,44527.95,44481.6,44511.3,0,0
2023-10-17 11:15:00+05:30,44511.15,44513.75,44463.65,44473.9,0,0
2023-10-17 11:45:00+05:30,44469.5,44516.7,44457.75,44512.25,0,0
2023-10-17 12:15:00+05:30,44510.1,44512.2,44466.6,44507.0,0,0
2023-10-17 12:45:00+05:30,44502.25,44525.4,44486.15,44513.15,0,0
2023-10-17 13:15:00+05:30,44512.95,44544.9,44412.8,44422.7,0,0
2023-10-17 13:45:00+05:30,44430.45,44453.05,44336.95,44351.6,0,0
2023-10-17 14:15:00+05:30,44348.85,44423.85,44345.6,44405.95,0,0
2023-10-17 14:45:00+05:30,44406.4,44446.25,44369.05,44399.65,0,0
2023-10-17 15:15:00+05:30,44396.45,44460.2,44373.35,44441.3,0,0
2023-10-18 09:15:00+05:30,44404.2,44412.5,44278.4,44323.45,0,0
2023-10-18 09:45:00+05:30,44323.3,44389.0,44236.1,44355.4,0,0
2023-10-18 10:15:00+05:30,44355.6,44366.95,44164.85,44175.5,0,0
2023-10-18 10:45:00+05:30,44182.55,44182.55,43877.2,43932.75,0,0
2023-10-18 11:15:00+05:30,43937.35,43999.25,43914.55,43935.15,0,0
2023-10-18 11:45:00+05:30,43938.7,43955.2,43868.15,43908.45,0,0
2023-10-18 12:15:00+05:30,43911.25,43973.55,43887.55,43968.5,0,0
2023-10-18 12:45:00+05:30,43967.55,43977.65,43910.7,43967.95,0,0
2023-10-18 13:15:00+05:30,43966.95,43974.3,43894.8,43931.45,0,0
2023-10-18 13:45:00+05:30,43928.65,43967.35,43920.05,43945.9,0,0
2023-10-18 14:15:00+05:30,43944.4,43957.05,43877.45,43890.5,0,0
2023-10-18 14:45:00+05:30,43887.6,43921.85,43861.45,43919.65,0,0
2023-10-18 15:15:00+05:30,43917.6,43919.3,43879.7,43894.45,0,0
2023-10-19 09:15:00+05:30,43616.75,43703.5,43558.1,43665.45,0,0
2023-10-19 09:45:00+05:30,43663.2,43812.15,43650.6,43764.3,0,0
2023-10-19 10:15:00+05:30,43761.6,43785.65,43686.75,43711.55,0,0
2023-10-19 10:45:00+05:30,43710.35,43781.35,43699.2,43749.8,0,0
2023-10-19 11:15:00+05:30,43749.65,43992.6,43745.0,43910.55,0,0
2023-10-19 11:45:00+05:30,43913.35,43977.0,43883.25,43960.65,0,0
2023-10-19 12:15:00+05:30,43961.6,43965.85,43829.45,43872.85,0,0
2023-10-19 12:45:00+05:30,43866.8,43903.8,43824.4,43850.1,0,0
2023-10-19 13:15:00+05:30,43848.6,43905.9,43762.7,43889.45,0,0
2023-10-19 13:45:00+05:30,43891.55,44058.8,43877.15,43945.85,0,0
2023-10-19 14:15:00+05:30,43943.8,43957.05,43812.55,43812.7,0,0
2023-10-19 14:45:00+05:30,43814.25,43836.25,43726.85,43730.85,0,0
2023-10-19 15:15:00+05:30,43729.85,43754.4,43713.15,43752.45,0,0
2023-10-20 09:15:00+05:30,43584.25,43772.5,43567.45,43760.1,0,0
2023-10-20 09:45:00+05:30,43760.1,43797.85,43694.75,43753.85,0,0
2023-10-20 10:15:00+05:30,43754.5,43771.2,43657.0,43715.55,0,0
2023-10-20 10:45:00+05:30,43715.65,43757.5,43686.1,43743.8,0,0
2023-10-20 11:15:00+05:30,43744.75,43768.6,43680.6,43680.6,0,0
2023-10-20 11:45:00+05:30,43683.15,43737.15,43616.0,43709.75,0,0
2023-10-20 12:15:00+05:30,43708.95,43751.35,43699.9,43716.55,0,0
2023-10-20 12:45:00+05:30,43716.7,43745.55,43686.9,43730.2,0,0
2023-10-20 13:15:00+05:30,43726.75,43877.5,43726.75,43745.3,0,0
2023-10-20 13:45:00+05:30,43746.35,43775.55,43691.35,43749.6,0,0
2023-10-20 14:15:00+05:30,43747.65,43811.45,43729.35,43751.25,0,0
2023-10-20 14:45:00+05:30,43748.85,43755.35,43676.7,43736.85,0,0
2023-10-20 15:15:00+05:30,43735.6,43740.65,43710.2,43740.65,0,0
2023-10-23 09:15:00+05:30,43822.7,43831.3,43730.95,43788.5,0,0
2023-10-23 09:45:00+05:30,43788.6,43803.9,43642.45,43667.95,0,0
2023-10-23 10:15:00+05:30,43669.3,43687.7,43623.3,43646.85,0,0
2023-10-23 10:45:00+05:30,43648.95,43693.85,43633.6,43665.6,0,0
2023-10-23 11:15:00+05:30,43666.9,43686.6,43599.5,43612.4,0,0
2023-10-23 11:45:00+05:30,43609.8,43722.4,43583.95,43683.25,0,0
2023-10-23 12:15:00+05:30,43685.35,43726.15,43640.15,43657.9,0,0
2023-10-23 12:45:00+05:30,43655.35,43666.55,43601.5,43616.15,0,0
2023-10-23 13:15:00+05:30,43617.1,43659.75,43599.35,43656.0,0,0
2023-10-23 13:45:00+05:30,43652.2,43677.15,43619.6,43621.95,0,0
2023-10-23 14:15:00+05:30,43620.0,43630.5,43489.3,43510.75,0,0
2023-10-23 14:45:00+05:30,43508.15,43526.25,43029.45,43127.8,0,0
2023-10-23 15:15:00+05:30,43131.05,43190.4,43089.15,43186.0,0,0
2023-10-25 09:15:00+05:30,43308.3,43369.5,43163.25,43338.3,0,0
2023-10-25 09:45:00+05:30,43336.6,43397.45,43239.15,43349.0,0,0
2023-10-25 10:15:00+05:30,43343.8,43374.9,43302.65,43317.2,0,0
2023-10-25 10:45:00+05:30,43314.4,43335.05,43216.2,43271.5,0,0
2023-10-25 11:15:00+05:30,43271.1,43291.5,43124.7,43133.45,0,0
2023-10-25 11:45:00+05:30,43135.1,43250.4,43114.4,43152.9,0,0
2023-10-25 12:15:00+05:30,43152.4,43174.0,42970.4,42970.4,0,0
2023-10-25 12:45:00+05:30,42970.95,43023.4,42824.3,42837.55,0,0
2023-10-25 13:15:00+05:30,42837.0,42990.9,42825.4,42867.8,0,0
2023-10-25 13:45:00+05:30,42864.4,42995.55,42808.05,42994.6,0,0
2023-10-25 14:15:00+05:30,42990.75,43000.35,42812.3,42866.6,0,0
2023-10-25 14:45:00+05:30,42864.65,42925.2,42825.1,42832.85,0,0
2023-10-25 15:15:00+05:30,42831.8,42866.4,42758.4,42848.15,0,0
2023-10-26 09:15:00+05:30,42708.4,42716.2,42401.7,42430.8,0,0
2023-10-26 09:45:00+05:30,42429.8,42457.95,42359.9,42376.15,0,0
2023-10-26 10:15:00+05:30,42375.05,42406.9,42317.55,42375.2,0,0
2023-10-26 10:45:00+05:30,42376.2,42386.05,42203.3,42212.1,0,0
2023-10-26 11:15:00+05:30,42215.1,42216.2,42105.4,42172.25,0,0
2023-10-26 11:45:00+05:30,42174.4,42241.9,42114.45,42144.2,0,0
2023-10-26 12:15:00+05:30,42147.3,42329.65,42143.2,42229.55,0,0
2023-10-26 12:45:00+05:30,42230.15,42319.95,42186.35,42273.8,0,0
2023-10-26 13:15:00+05:30,42270.5,42329.15,42186.75,42230.9,0,0
2023-10-26 13:45:00+05:30,42235.7,42290.75,42194.9,42272.6,0,0
2023-10-26 14:15:00+05:30,42273.2,42289.2,42193.8,42254.45,0,0
2023-10-26 14:45:00+05:30,42256.7,42373.9,42211.5,42290.3,0,0
2023-10-26 15:15:00+05:30,42292.85,42326.7,42261.3,42288.15,0,0
2023-10-27 09:15:00+05:30,42555.6,42672.6,42482.75,42643.2,0,0
2023-10-27 09:45:00+05:30,42642.75,42726.4,42600.2,42608.55,0,0
2023-10-27 10:15:00+05:30,42608.85,42685.8,42577.6,42641.3,0,0
2023-10-27 10:45:00+05:30,42639.6,42709.95,42618.05,42694.55,0,0
2023-10-27 11:15:00+05:30,42694.95,42784.0,42674.45,42686.6,0,0
2023-10-27 11:45:00+05:30,42685.9,42773.9,42685.9,42726.75,0,0
2023-10-27 12:15:00+05:30,42726.1,42740.35,42632.1,42678.55,0,0
2023-10-27 12:45:00+05:30,42679.0,42712.4,42640.5,42666.85,0,0
2023-10-27 13:15:00+05:30,42666.1,42703.65,42653.45,42701.0,0,0
2023-10-27 13:45:00+05:30,42703.7,42746.9,42666.3,42721.3,0,0
2023-10-27 14:15:00+05:30,42720.95,42817.25,42701.55,42766.0,0,0
2023-10-27 14:45:00+05:30,42765.3,42809.0,42739.05,42753.6,0,0
2023-10-27 15:15:00+05:30,42753.15,42840.15,42753.15,42831.25,0,0
2023-10-30 09:15:00+05:30,42721.4,42809.85,42390.5,42409.95,0,0
2023-10-30 09:45:00+05:30,42410.05,42518.3,42391.7,42490.1,0,0
2023-10-30 10:15:00+05:30,42495.75,42717.65,42462.45,42687.4,0,0
2023-10-30 10:45:00+05:30,42687.45,42771.8,42677.45,42701.6,0,0
2023-10-30 11:15:00+05:30,42700.6,42878.5,42686.8,42875.1,0,0
2023-10-30 11:45:00+05:30,42874.3,42958.0,42810.75,42925.1,0,0
2023-10-30 12:15:00+05:30,42922.4,42960.3,42868.3,42938.65,0,0
2023-10-30 12:45:00+05:30,42937.45,43006.05,42919.55,42996.25,0,0
2023-10-30 13:15:00+05:30,42993.75,42997.1,42903.55,42909.2,0,0
2023-10-30 13:45:00+05:30,42909.25,42964.3,42893.95,42932.8,0,0
2023-10-30 14:15:00+05:30,42926.8,42958.15,42876.75,42934.8,0,0
2023-10-30 14:45:00+05:30,42934.1,43063.45,42930.25,43029.5,0,0
2023-10-30 15:15:00+05:30,43029.2,43112.5,43023.1,43073.6,0,0
2023-10-31 09:15:00+05:30,43356.85,43356.85,42996.45,43185.6,0,0
2023-10-31 09:45:00+05:30,43185.4,43185.4,43013.15,43038.2,0,0
2023-10-31 10:15:00+05:30,43040.25,43071.1,42938.2,42961.95,0,0
2023-10-31 10:45:00+05:30,42962.55,43031.8,42961.8,43007.85,0,0
2023-10-31 11:15:00+05:30,43006.9,43044.4,42895.4,42922.95,0,0
2023-10-31 11:45:00+05:30,42922.25,42937.9,42852.85,42909.45,0,0
2023-10-31 12:15:00+05:30,42907.8,42985.25,42896.15,42971.9,0,0
2023-10-31 12:45:00+05:30,42972.15,43052.5,42923.9,43004.85,0,0
2023-10-31 13:15:00+05:30,43003.65,43035.45,42957.85,42996.85,0,0
2023-10-31 13:45:00+05:30,42997.55,43011.3,42942.3,42993.1,0,0
2023-10-31 14:15:00+05:30,42990.35,43086.4,42980.2,43027.1,0,0
2023-10-31 14:45:00+05:30,43024.65,43053.25,42797.15,42843.6,0,0
2023-10-31 15:15:00+05:30,42843.95,42865.3,42811.05,42827.75,0,0
2023-11-01 09:15:00+05:30,42694.25,42815.15,42665.1,42736.05,0,0
2023-11-01 09:45:00+05:30,42736.35,42741.9,42633.4,42708.6,0,0
2023-11-01 10:15:00+05:30,42716.25,42745.55,42652.75,42702.2,0,0
2023-11-01 10:45:00+05:30,42704.4,42713.2,42604.25,42666.95,0,0
2023-11-01 11:15:00+05:30,42667.4,42700.3,42630.05,42689.7,0,0
2023-11-01 11:45:00+05:30,42686.9,42737.5,42676.55,42733.25,0,0
2023-11-01 12:15:00+05:30,42733.3,42772.6,42656.65,42695.55,0,0
2023-11-01 12:45:00+05:30,42696.0,42708.2,42630.9,42652.25,0,0
2023-11-01 13:15:00+05:30,42653.5,42720.5,42589.65,42720.2,0,0
2023-11-01 13:45:00+05:30,42722.15,42723.95,42645.45,42669.1,0,0
2023-11-01 14:15:00+05:30,42669.3,42710.25,42625.55,42693.85,0,0
2023-11-01 14:45:00+05:30,42696.05,42737.4,42664.9,42705.25,0,0
2023-11-01 15:15:00+05:30,42705.85,42746.15,42688.6,42734.15,0,0
2023-11-02 09:15:00+05:30,43018.7,43271.5,42986.35,43264.2,0,0
2023-11-02 09:45:00+05:30,43261.65,43268.3,43112.2,43123.8,0,0
2023-11-02 10:15:00+05:30,43126.45,43178.5,43103.65,43132.2,0,0
2023-11-02 10:45:00+05:30,43132.3,43137.0,43036.65,43083.5,0,0
2023-11-02 11:15:00+05:30,43084.45,43088.65,42891.8,42899.25,0,0
2023-11-02 11:45:00+05:30,42878.95,42902.7,42796.45,42869.1,0,0
2023-11-02 12:15:00+05:30,42866.75,42936.1,42852.45,42901.9,0,0
2023-11-02 12:45:00+05:30,42900.1,42942.65,42874.55,42942.45,0,0
2023-11-02 13:15:00+05:30,42942.65,42949.35,42852.95,42904.0,0,0
2023-11-02 13:45:00+05:30,42902.5,42963.8,42888.55,42947.1,0,0
2023-11-02 14:15:00+05:30,42946.75,42992.8,42896.5,42934.95,0,0
2023-11-02 14:45:00+05:30,42935.6,43086.35,42909.15,42963.8,0,0
2023-11-02 15:15:00+05:30,42970.45,43040.2,42959.7,43033.5,0,0
2023-11-03 09:15:00+05:30,43318.3,43353.15,43221.0,43301.15,0,0
2023-11-03 09:45:00+05:30,43302.0,43367.6,43226.5,43339.55,0,0
2023-11-03 10:15:00+05:30,43338.3,43374.65,43305.35,43344.9,0,0
2023-11-03 10:45:00+05:30,43337.65,43410.7,43332.85,43349.7,0,0
2023-11-03 11:15:00+05:30,43349.25,43371.35,43315.3,43342.25,0,0
2023-11-03 11:45:00+05:30,43342.5,43365.15,43291.9,43330.65,0,0
2023-11-03 12:15:00+05:30,43331.4,43354.1,43297.95,43325.5,0,0
2023-11-03 12:45:00+05:30,43326.4,43363.45,43293.6,43342.3,0,0
2023-11-03 13:15:00+05:30,43342.6,43394.3,43333.2,43372.95,0,0
2023-11-03 13:45:00+05:30,43373.05,43379.55,43341.85,43359.95,0,0
2023-11-03 14:15:00+05:30,43360.1,43416.1,43303.7,43313.9,0,0
2023-11-03 14:45:00+05:30,43309.55,43357.3,43281.7,43307.25,0,0
2023-11-03 15:15:00+05:30,43307.55,43326.05,43300.4,43306.95,0,0
2023-11-06 09:15:00+05:30,43627.75,43636.8,43473.65,43494.35,0,0
2023-11-06 09:45:00+05:30,43495.15,43555.15,43488.55,43507.25,0,0
2023-11-06 10:15:00+05:30,43510.7,43549.7,43505.2,43527.7,0,0
2023-11-06 10:45:00+05:30,43529.6,43530.8,43415.2,43450.8,0,0
2023-11-06 11:15:00+05:30,43451.7,43500.6,43438.2,43500.6,0,0
2023-11-06 11:45:00+05:30,43498.35,43514.6,43457.15,43489.8,0,0
2023-11-06 12:15:00+05:30,43487.0,43533.35,43458.1,43522.65,0,0
2023-11-06 12:45:00+05:30,43522.45,43530.4,43489.75,43521.3,0,0
2023-11-06 13:15:00+05:30,43518.7,43547.3,43510.05,43526.3,0,0
2023-11-06 13:45:00+05:30,43524.95,43569.2,43497.15,43566.9,0,0
2023-11-06 14:15:00+05:30,43565.55,43610.55,43557.3,43582.1,0,0
2023-11-06 14:45:00+05:30,43581.05,43640.4,43528.65,43627.7,0,0
2023-11-06 15:15:00+05:30,43629.35,43648.7,43603.65,43628.0,0,0
2023-11-07 09:15:00+05:30,43598.85,43607.35,43404.15,43428.25,0,0
2023-11-07 09:45:00+05:30,43432.85,43470.6,43374.65,43429.55,0,0
2023-11-07 10:15:00+05:30,43431.8,43498.45,43411.25,43491.75,0,0
2023-11-07 10:45:00+05:30,43491.1,43513.8,43462.4,43485.55,0,0
2023-11-07 11:15:00+05:30,43487.65,43518.85,43358.5,43361.7,0,0
2023-11-07 11:45:00+05:30,43357.9,43366.8,43283.85,43330.05,0,0
2023-11-07 12:15:00+05:30,43331.95,43365.9,43300.7,43352.4,0,0
2023-11-07 12:45:00+05:30,43352.9,43393.25,43331.55,43386.55,0,0
2023-11-07 13:15:00+05:30,43389.8,43472.15,43352.25,43457.35,0,0
2023-11-07 13:45:00+05:30,43456.65,43648.85,43433.7,43615.35,0,0
2023-11-07 14:15:00+05:30,43614.45,43671.45,43577.65,43607.0,0,0
2023-11-07 14:45:00+05:30,43609.4,43727.35,43598.55,43718.45,0,0
2023-11-07 15:15:00+05:30,43717.0,43799.35,43710.0,43780.15,0,0
2023-11-08 09:15:00+05:30,43791.8,43797.55,43654.55,43674.65,0,0
2023-11-08 09:45:00+05:30,43676.1,43781.1,43612.2,43619.5,0,0
2023-11-08 10:15:00+05:30,43619.85,43698.3,43611.75,43654.65,0,0
2023-11-08 10:45:00+05:30,43659.2,43675.3,43547.75,43574.25,0,0
2023-11-08 11:15:00+05:30,43569.05,43652.95,43550.0,43644.1,0,0
2023-11-08 11:45:00+05:30,43643.15,43658.15,43601.4,43651.85,0,0
2023-11-08 12:15:00+05:30,43648.55,43662.55,43588.0,43597.45,0,0
2023-11-08 12:45:00+05:30,43600.15,43643.4,43580.55,43641.55,0,0
2023-11-08 13:15:00+05:30,43641.35,43677.3,43615.85,43650.05,0,0
2023-11-08 13:45:00+05:30,43651.05,43704.9,43590.55,43593.0,0,0
2023-11-08 14:15:00+05:30,43591.1,43629.55,43568.9,43614.85,0,0
2023-11-08 14:45:00+05:30,43619.4,43689.0,43594.65,43666.0,0,0
2023-11-08 15:15:00+05:30,43667.4,43677.35,43635.75,43646.6,0,0
2023-11-09 09:15:00+05:30,43626.1,43706.8,43542.65,43668.2,0,0
2023-11-09 09:45:00+05:30,43670.35,43745.5,43629.15,43726.25,0,0
2023-11-09 10:15:00+05:30,43726.15,43772.55,43687.95,43706.4,0,0
2023-11-09 10:45:00+05:30,43707.55,43766.25,43682.7,43746.5,0,0
2023-11-09 11:15:00+05:30,43745.45,43802.4,43728.5,43778.8,0,0
2023-11-09 11:45:00+05:30,43779.05,43876.75,43749.5,43830.5,0,0
2023-11-09 12:15:00+05:30,43831.2,43845.6,43785.7,43792.15,0,0
2023-11-09 12:45:00+05:30,43792.5,43801.7,43719.1,43739.85,0,0
2023-11-09 13:15:00+05:30,43739.45,43782.25,43708.45,43728.25,0,0
2023-11-09 13:45:00+05:30,43730.2,43772.45,43700.4,43763.1,0,0
2023-11-09 14:15:00+05:30,43763.6,43776.0,43703.25,43719.5,0,0
2023-11-09 14:45:00+05:30,43719.85,43745.0,43667.25,43672.65,0,0
2023-11-09 15:15:00+05:30,43670.65,43698.7,43656.95,43695.9,0,0
2023-11-10 09:15:00+05:30,43543.25,43603.75,43504.95,43582.25,0,0
2023-11-10 09:45:00+05:30,43585.45,43624.75,43555.45,43607.75,0,0
2023-11-10 10:15:00+05:30,43606.6,43675.65,43604.55,43657.7,0,0
2023-11-10 10:45:00+05:30,43658.25,43737.75,43629.0,43645.05,0,0
2023-11-10 11:15:00+05:30,43645.95,43678.85,43607.6,43661.6,0,0
2023-11-10 11:45:00+05:30,43660.35,43711.35,43644.3,43694.75,0,0
2023-11-10 12:15:00+05:30,43696.8,43749.9,43670.9,43748.15,0,0
2023-11-10 12:45:00+05:30,43748.55,43801.4,43718.85,43718.85,0,0
2023-11-10 13:15:00+05:30,43719.45,43794.1,43719.45,43750.5,0,0
2023-11-10 13:45:00+05:30,43747.9,43756.9,43698.45,43717.1,0,0
2023-11-10 14:15:00+05:30,43717.45,43745.8,43641.9,43699.35,0,0
2023-11-10 14:45:00+05:30,43695.8,43816.65,43695.8,43812.55,0,0
2023-11-10 15:15:00+05:30,43811.3,43908.7,43806.35,43879.9,0,0
2023-11-12 18:15:00+05:30,44054.5,44056.0,43916.6,44015.9,0,0
2023-11-12 18:45:00+05:30,44020.65,44029.85,43964.5,43978.7,0,0
2023-11-13 09:15:00+05:30,43915.1,43934.6,43783.4,43819.85,0,0
2023-11-13 09:45:00+05:30,43820.45,43893.45,43796.1,43868.4,0,0
2023-11-13 10:15:00+05:30,43868.7,43877.35,43681.4,43724.3,0,0
2023-11-13 10:45:00+05:30,43722.0,43773.1,43713.55,43723.9,0,0
2023-11-13 11:15:00+05:30,43726.5,43892.35,43718.15,43887.0,0,0
2023-11-13 11:45:00+05:30,43890.55,43890.55,43833.75,43869.25,0,0
2023-11-13 12:15:00+05:30,43870.0,43902.25,43843.95,43864.45,0,0
2023-11-13 12:45:00+05:30,43864.25,43899.6,43853.2,43867.65,0,0
2023-11-13 13:15:00+05:30,43867.15,43922.9,43865.6,43899.9,0,0
2023-11-13 13:45:00+05:30,43901.8,43947.55,43887.4,43923.0,0,0
2023-11-13 14:15:00+05:30,43922.3,43970.75,43907.3,43924.95,0,0
2023-11-13 14:45:00+05:30,43920.0,43955.1,43865.05,43881.55,0,0
2023-11-13 15:15:00+05:30,43882.85,43911.45,43865.25,43885.45,0,0
2023-11-15 09:15:00+05:30,44398.45,44408.55,44203.05,44289.6,0,0
2023-11-15 09:45:00+05:30,44291.1,44305.3,44238.35,44249.45,0,0
2023-11-15 10:15:00+05:30,44242.15,44267.8,44223.85,44240.75,0,0
2023-11-15 10:45:00+05:30,44239.35,44241.75,44166.1,44214.3,0,0
2023-11-15 11:15:00+05:30,44215.05,44234.75,44178.15,44196.1,0,0
2023-11-15 11:45:00+05:30,44196.85,44230.45,44174.1,44223.0,0,0
2023-11-15 12:15:00+05:30,44225.25,44241.65,44196.9,44207.55,0,0
2023-11-15 12:45:00+05:30,44207.9,44233.3,44180.65,44224.85,0,0
2023-11-15 13:15:00+05:30,44225.75,44261.3,44215.05,44233.9,0,0
2023-11-15 13:45:00+05:30,44236.1,44245.55,44199.3,44231.5,0,0
2023-11-15 14:15:00+05:30,44234.3,44244.95,44206.25,44220.65,0,0
2023-11-15 14:45:00+05:30,44217.8,44224.75,44164.55,44206.85,0,0
2023-11-15 15:15:00+05:30,44206.55,44239.7,44187.3,44215.25,0,0
2023-11-16 09:15:00+05:30,44251.7,44271.85,44145.7,44265.85,0,0
2023-11-16 09:45:00+05:30,44265.5,44274.6,44179.55,44223.95,0,0
2023-11-16 10:15:00+05:30,44227.25,44276.6,44220.9,44264.3,0,0
2023-11-16 10:45:00+05:30,44265.65,44391.2,44233.85,44388.9,0,0
2023-11-16 11:15:00+05:30,44389.25,44409.05,44323.65,44329.45,0,0
2023-11-16 11:45:00+05:30,44326.85,44353.8,44307.4,44324.5,0,0
2023-11-16 12:15:00+05:30,44320.85,44345.35,44262.65,44314.95,0,0
2023-11-16 12:45:00+05:30,44318.05,44322.7,44280.5,44310.85,0,0
2023-11-16 13:15:00+05:30,44309.85,44321.85,44283.7,44310.4,0,0
2023-11-16 13:45:00+05:30,44311.45,44372.8,44293.55,44368.8,0,0
2023-11-16 14:15:00+05:30,44371.2,44410.3,44358.05,44390.75,0,0
2023-11-16 14:45:00+05:30,44389.35,44420.95,44064.15,44085.5,0,0
2023-11-16 15:15:00+05:30,44083.8,44156.25,44078.5,44137.55,0,0
2023-11-17 09:15:00+05:30,43656.25,43864.3,43574.1,43831.5,0,0
2023-11-17 09:45:00+05:30,43832.55,43872.85,43727.1,43727.1,0,0
2023-11-17 10:15:00+05:30,43714.6,43765.65,43556.5,43763.9,0,0
2023-11-17 10:45:00+05:30,43765.15,43770.7,43673.35,43673.35,0,0
2023-11-17 11:15:00+05:30,43673.95,43725.25,43644.8,43710.8,0,0
2023-11-17 11:45:00+05:30,43712.35,43726.8,43670.2,43687.45,0,0
2023-11-17 12:15:00+05:30,43689.2,43717.8,43608.15,43709.8,0,0
2023-11-17 12:45:00+05:30,43709.4,43731.0,43676.85,43681.1,0,0
2023-11-17 13:15:00+05:30,43680.15,43686.35,43622.3,43651.4,0,0
2023-11-17 13:45:00+05:30,43650.9,43698.25,43601.5,43674.65,0,0
2023-11-17 14:15:00+05:30,43675.1,43695.75,43601.55,43651.0,0,0
2023-11-17 14:45:00+05:30,43653.85,43656.05,43564.15,43606.25,0,0
2023-11-17 15:15:00+05:30,43606.1,43625.2,43513.85,43545.35,0,0
2023-11-20 09:15:00+05:30,43591.5,43618.8,43450.05,43476.75,0,0
2023-11-20 09:45:00+05:30,43478.5,43537.55,43466.05,43531.0,0,0
2023-11-20 10:15:00+05:30,43535.8,43724.0,43526.15,43670.55,0,0
2023-11-20 10:45:00+05:30,43670.65,43720.8,43525.55,43529.0,0,0
2023-11-20 11:15:00+05:30,43526.45,43565.75,43507.2,43563.2,0,0
2023-11-20 11:45:00+05:30,43563.4,43619.25,43541.15,43601.75,0,0
2023-11-20 12:15:00+05:30,43601.1,43634.6,43575.95,43627.75,0,0
2023-11-20 12:45:00+05:30,43622.65,43680.55,43612.6,43655.35,0,0
2023-11-20 13:15:00+05:30,43655.65,43682.35,43620.5,43642.15,0,0
2023-11-20 13:45:00+05:30,43642.4,43667.3,43599.85,43604.35,0,0
2023-11-20 14:15:00+05:30,43604.15,43664.25,43599.65,43638.05,0,0
2023-11-20 14:45:00+05:30,43638.6,43658.15,43567.95,43581.65,0,0
2023-11-20 15:15:00+05:30,43580.85,43589.3,43563.0,43566.45,0,0
2023-11-21 09:15:00+05:30,43790.95,43790.95,43700.55,43763.05,0,0
2023-11-21 09:45:00+05:30,43763.5,43764.85,43680.15,43697.4,0,0
2023-11-21 10:15:00+05:30,43696.95,43751.7,43672.55,43735.1,0,0
2023-11-21 10:45:00+05:30,43732.15,43744.3,43687.0,43718.85,0,0
2023-11-21 11:15:00+05:30,43719.35,43752.65,43704.3,43731.25,0,0
2023-11-21 11:45:00+05:30,43732.1,43759.9,43726.4,43752.2,0,0
2023-11-21 12:15:00+05:30,43753.6,43778.35,43685.3,43700.3,0,0
2023-11-21 12:45:00+05:30,43699.85,43717.5,43586.45,43647.1,0,0
2023-11-21 13:15:00+05:30,43644.05,43731.0,43635.0,43697.3,0,0
2023-11-21 13:45:00+05:30,43696.1,43723.1,43677.75,43680.55,0,0
2023-11-21 14:15:00+05:30,43679.55,43699.8,43664.25,43674.9,0,0
2023-11-21 14:45:00+05:30,43675.2,43702.9,43670.25,43686.65,0,0
2023-11-21 15:15:00+05:30,43681.6,43710.05,43672.6,43694.95,0,0
2023-11-22 09:15:00+05:30,43663.6,43692.5,43548.4,43595.9,0,0
2023-11-22 09:45:00+05:30,43585.75,43637.05,43582.4,43626.35,0,0
2023-11-22 10:15:00+05:30,43625.25,43644.6,43490.4,43553.1,0,0
2023-11-22 10:45:00+05:30,43553.55,43578.1,43517.75,43535.25,0,0
2023-11-22 11:15:00+05:30,43534.75,43562.2,43497.6,43497.6,0,0
2023-11-22 11:45:00+05:30,43495.55,43510.7,43310.3,43310.3,0,0
2023-11-22 12:15:00+05:30,43306.05,43344.0,43230.95,43314.2,0,0
2023-11-22 12:45:00+05:30,43312.65,43331.25,43256.85,43320.35,0,0
2023-11-22 13:15:00+05:30,43319.3,43349.15,43297.7,43309.35,0,0
2023-11-22 13:45:00+05:30,43311.7,43333.75,43279.35,43292.4,0,0
2023-11-22 14:15:00+05:30,43292.35,43440.15,43288.85,43437.15,0,0
2023-11-22 14:45:00+05:30,43433.85,43470.25,43421.1,43432.6,0,0
2023-11-22 15:15:00+05:30,43437.0,43481.1,43418.7,43454.6,0,0
2023-11-23 09:15:00+05:30,43452.75,43592.05,43451.35,43563.9,0,0
2023-11-23 09:45:00+05:30,43565.6,43635.3,43496.65,43593.8,0,0
2023-11-23 10:15:00+05:30,43594.5,43632.8,43548.8,43588.2,0,0
2023-11-23 10:45:00+05:30,43586.45,43606.95,43508.1,43538.2,0,0
2023-11-23 11:15:00+05:30,43537.9,43585.75,43534.6,43540.7,0,0
2023-11-23 11:45:00+05:30,43541.25,43552.25,43519.45,43524.75,0,0
2023-11-23 12:15:00+05:30,43528.85,43624.25,43526.05,43592.6,0,0
2023-11-23 12:45:00+05:30,43593.35,43608.3,43568.05,43583.35,0,0
2023-11-23 13:15:00+05:30,43584.3,43599.1,43565.15,43590.4,0,0
2023-11-23 13:45:00+05:30,43591.8,43649.65,43585.3,43592.15,0,0
2023-11-23 14:15:00+05:30,43595.35,43611.4,43579.35,43603.05,0,0
2023-11-23 14:45:00+05:30,43603.5,43613.45,43561.15,43582.3,0,0
2023-11-23 15:15:00+05:30,43583.95,43602.25,43560.4,43590.4,0,0
2023-11-24 09:15:00+05:30,43607.35,43647.0,43590.5,43624.0,0,0
2023-11-24 09:45:00+05:30,43625.25,43626.65,43566.15,43616.35,0,0
2023-11-24 10:15:00+05:30,43620.05,43741.4,43602.3,43719.8,0,0
2023-11-24 10:45:00+05:30,43724.55,43754.45,43691.25,43722.05,0,0
2023-11-24 11:15:00+05:30,43720.25,43736.25,43692.0,43721.25,0,0
2023-11-24 11:45:00+05:30,43721.75,43743.75,43674.2,43712.7,0,0
2023-11-24 12:15:00+05:30,43717.5,43727.75,43688.0,43694.75,0,0
2023-11-24 12:45:00+05:30,43695.7,43719.7,43594.8,43599.75,0,0
2023-11-24 13:15:00+05:30,43603.75,43694.1,43588.05,43692.2,0,0
2023-11-24 13:45:00+05:30,43693.85,43724.3,43685.5,43709.5,0,0
2023-11-24 14:15:00+05:30,43710.65,43769.6,43684.1,43748.75,0,0
2023-11-24 14:45:00+05:30,43750.2,43805.6,43719.35,43778.1,0,0
2023-11-24 15:15:00+05:30,43781.75,43806.5,43733.4,43754.6,0,0
2023-11-28 09:15:00+05:30,43851.55,43866.8,43739.8,43784.85,0,0
2023-11-28 09:45:00+05:30,43784.7,43854.35,43762.4,43816.7,0,0
2023-11-28 10:15:00+05:30,43817.0,43836.4,43795.5,43804.95,0,0
2023-11-28 10:45:00+05:30,43804.8,43838.5,43803.45,43818.85,0,0
2023-11-28 11:15:00+05:30,43818.05,43837.3,43800.6,43814.5,0,0
2023-11-28 11:45:00+05:30,43814.3,43855.7,43809.45,43839.1,0,0
2023-11-28 12:15:00+05:30,43835.45,43898.4,43824.2,43898.4,0,0
2023-11-28 12:45:00+05:30,43901.25,43954.15,43854.85,43857.25,0,0
2023-11-28 13:15:00+05:30,43858.55,43865.2,43825.8,43851.05,0,0
2023-11-28 13:45:00+05:30,43852.1,43861.5,43802.5,43813.8,0,0
2023-11-28 14:15:00+05:30,43814.65,43910.75,43807.75,43878.8,0,0
2023-11-28 14:45:00+05:30,43879.5,43902.9,43826.7,43894.95,0,0
2023-11-28 15:15:00+05:30,43893.2,43960.3,43855.45,43943.95,0,0
2023-11-29 09:15:00+05:30,44081.75,44086.65,44003.45,44067.25,0,0
2023-11-29 09:45:00+05:30,44066.7,44163.5,44062.85,44126.65,0,0
2023-11-29 10:15:00+05:30,44123.35,44131.05,44085.8,44092.2,0,0
2023-11-29 10:45:00+05:30,44092.6,44146.35,44092.25,44140.65,0,0
2023-11-29 11:15:00+05:30,44139.9,44310.95,44121.3,44301.5,0,0
2023-11-29 11:45:00+05:30,44299.55,44328.3,44269.6,44288.8,0,0
2023-11-29 12:15:00+05:30,44289.1,44309.55,44248.0,44284.45,0,0
2023-11-29 12:45:00+05:30,44285.05,44362.05,44282.1,44360.5,0,0
2023-11-29 13:15:00+05:30,44362.4,44377.25,44340.4,44360.95,0,0
2023-11-29 13:45:00+05:30,44362.1,44397.05,44321.65,44332.1,0,0
2023-11-29 14:15:00+05:30,44330.35,44473.5,44310.8,44468.8,0,0
2023-11-29 14:45:00+05:30,44469.65,44609.25,44454.15,44600.5,0,0
2023-11-29 15:15:00+05:30,44602.0,44630.35,44568.05,44582.8,0,0
2023-11-30 09:15:00+05:30,44711.2,44764.8,44599.5,44638.15,0,0
2023-11-30 09:45:00+05:30,44637.25,44649.6,44342.55,44392.5,0,0
2023-11-30 10:15:00+05:30,44393.45,44448.65,44273.55,44445.3,0,0
2023-11-30 10:45:00+05:30,44446.95,44452.65,44313.3,44347.85,0,0
2023-11-30 11:15:00+05:30,44347.5,44370.7,44313.6,44328.15,0,0
2023-11-30 11:45:00+05:30,44327.7,44366.2,44317.35,44334.9,0,0
2023-11-30 12:15:00+05:30,44336.85,44360.05,44254.6,44357.4,0,0
2023-11-30 12:45:00+05:30,44359.45,44392.7,44301.5,44322.65,0,0
2023-11-30 13:15:00+05:30,44323.5,44406.8,44308.55,44405.1,0,0
2023-11-30 13:45:00+05:30,44402.1,44439.9,44284.05,44297.55,0,0
2023-11-30 14:15:00+05:30,44296.1,44426.1,44293.8,44400.95,0,0
2023-11-30 14:45:00+05:30,44403.8,44512.95,44354.75,44480.55,0,0
2023-11-30 15:15:00+05:30,44478.8,44586.9,44460.6,44466.3,0,0
2023-12-01 09:15:00+05:30,44580.15,44764.45,44531.75,44738.65,0,0
2023-12-01 09:45:00+05:30,44742.2,44944.55,44713.25,44915.85,0,0
2023-12-01 10:15:00+05:30,44916.15,44916.15,44847.95,44877.0,0,0
2023-12-01 10:45:00+05:30,44877.45,44902.05,44852.95,44894.2,0,0
2023-12-01 11:15:00+05:30,44891.75,44949.8,44862.5,44934.05,0,0
2023-12-01 11:45:00+05:30,44938.3,44940.55,44845.5,44853.6,0,0
2023-12-01 12:15:00+05:30,44849.5,44909.2,44845.65,44903.6,0,0
2023-12-01 12:45:00+05:30,44900.65,44900.65,44826.35,44863.4,0,0
2023-12-01 13:15:00+05:30,44864.15,44934.65,44854.95,44915.9,0,0
2023-12-01 13:45:00+05:30,44917.4,44951.1,44808.25,44860.7,0,0
2023-12-01 14:15:00+05:30,44869.05,44911.5,44752.8,44785.15,0,0
2023-12-01 14:45:00+05:30,44783.1,44843.85,44761.3,44810.6,0,0
2023-12-01 15:15:00+05:30,44811.2,44847.7,44786.9,44815.7,0,0
2023-12-04 09:15:00+05:30,45671.5,45821.7,45484.2,45770.75,0,0
2023-12-04 09:45:00+05:30,45769.2,45837.05,45700.65,45740.05,0,0
2023-12-04 10:15:00+05:30,45739.75,45770.5,45714.3,45718.9,0,0
2023-12-04 10:45:00+05:30,45720.9,45728.85,45657.35,45708.75,0,0
2023-12-04 11:15:00+05:30,45711.35,45744.15,45709.5,45740.9,0,0
2023-12-04 11:45:00+05:30,45739.5,45829.8,45734.65,45815.55,0,0
2023-12-04 12:15:00+05:30,45820.85,45970.1,45818.85,45965.75,0,0
2023-12-04 12:45:00+05:30,45967.25,46036.95,45927.95,46005.25,0,0
2023-12-04 13:15:00+05:30,46006.9,46075.05,46003.1,46040.5,0,0
2023-12-04 13:45:00+05:30,46042.35,46168.3,45948.75,46154.45,0,0
2023-12-04 14:15:00+05:30,46158.35,46269.6,46118.6,46266.25,0,0
2023-12-04 14:45:00+05:30,46269.9,46476.85,46229.25,46412.1,0,0
2023-12-04 15:15:00+05:30,46414.0,46484.45,46406.8,46445.4,0,0
2023-12-05 09:15:00+05:30,46895.9,46933.15,46653.65,46806.75,0,0
2023-12-05 09:45:00+05:30,46807.5,47057.25,46802.65,47049.95,0,0
2023-12-05 10:15:00+05:30,47051.4,47230.55,47003.7,47160.65,0,0
2023-12-05 10:45:00+05:30,47164.3,47178.7,46954.1,47018.25,0,0
2023-12-05 11:15:00+05:30,47013.4,47029.1,46736.1,46763.55,0,0
2023-12-05 11:45:00+05:30,46761.85,46943.45,46752.05,46876.3,0,0
2023-12-05 12:15:00+05:30,46875.5,46919.35,46857.9,46889.7,0,0
2023-12-05 12:45:00+05:30,46889.05,47008.4,46879.45,47003.55,0,0
2023-12-05 13:15:00+05:30,47005.8,47075.35,46957.35,47066.85,0,0
2023-12-05 13:45:00+05:30,47071.8,47072.2,46918.8,46984.65,0,0
2023-12-05 14:15:00+05:30,46985.75,47027.35,46940.6,46980.05,0,0
2023-12-05 14:45:00+05:30,46979.4,47067.0,46958.45,47016.0,0,0
2023-12-05 15:15:00+05:30,47014.6,47030.9,46952.55,46968.95,0,0
2023-12-06 09:15:00+05:30,47256.75,47259.85,46811.45,46893.1,0,0
2023-12-06 09:45:00+05:30,46902.05,46965.9,46776.65,46805.2,0,0
2023-12-06 10:15:00+05:30,46813.25,46869.5,46750.2,46811.85,0,0
2023-12-06 10:45:00+05:30,46811.15,46969.2,46811.15,46883.55,0,0
2023-12-06 11:15:00+05:30,46884.2,46932.55,46836.9,46911.3,0,0
2023-12-06 11:45:00+05:30,46911.7,46950.6,46874.5,46935.2,0,0
2023-12-06 12:15:00+05:30,46936.0,46944.7,46818.5,46856.7,0,0
2023-12-06 12:45:00+05:30,46861.55,46872.75,46804.4,46817.1,0,0
2023-12-06 13:15:00+05:30,46820.3,46865.1,46767.45,46842.95,0,0
2023-12-06 13:45:00+05:30,46845.5,46914.5,46835.4,46858.8,0,0
2023-12-06 14:15:00+05:30,46861.15,46935.0,46810.95,46927.0,0,0
2023-12-06 14:45:00+05:30,46929.8,46946.5,46790.7,46835.5,0,0
2023-12-06 15:15:00+05:30,46836.05,46849.7,46787.25,46801.85,0,0
2023-12-07 09:15:00+05:30,46735.4,46774.2,46507.15,46585.6,0,0
2023-12-07 09:45:00+05:30,46582.85,46646.6,46569.75,46581.15,0,0
2023-12-07 10:15:00+05:30,46580.0,46768.0,46552.0,46745.35,0,0
2023-12-07 10:45:00+05:30,46745.4,46903.8,46682.45,46874.8,0,0
2023-12-07 11:15:00+05:30,46879.55,46901.4,46764.0,46806.65,0,0
2023-12-07 11:45:00+05:30,46804.35,46857.35,46785.9,46843.75,0,0
2023-12-07 12:15:00+05:30,46844.35,46850.9,46778.2,46833.05,0,0
2023-12-07 12:45:00+05:30,46835.7,46875.35,46816.2,46845.4,0,0
2023-12-07 13:15:00+05:30,46844.7,46927.7,46821.65,46883.3,0,0
2023-12-07 13:45:00+05:30,46881.5,46901.8,46813.4,46848.05,0,0
2023-12-07 14:15:00+05:30,46849.5,46916.0,46838.15,46856.15,0,0
2023-12-07 14:45:00+05:30,46854.25,46874.7,46795.5,46829.2,0,0
2023-12-07 15:15:00+05:30,46829.35,46889.95,46812.65,46839.4,0,0
2023-12-08 09:15:00+05:30,46797.2,47026.15,46793.9,47019.85,0,0
2023-12-08 09:45:00+05:30,47015.6,47124.15,46989.9,47097.5,0,0
2023-12-08 10:15:00+05:30,47097.7,47162.45,47054.0,47146.0,0,0
2023-12-08 10:45:00+05:30,47149.7,47170.25,46938.75,47086.05,0,0
2023-12-08 11:15:00+05:30,47083.85,47125.8,47053.7,47067.1,0,0
2023-12-08 11:45:00+05:30,47068.15,47078.65,47016.0,47031.35,0,0
2023-12-08 12:15:00+05:30,47032.65,47051.05,46963.8,46963.8,0,0
2023-12-08 12:45:00+05:30,46966.3,46991.35,46850.5,46941.15,0,0
2023-12-08 13:15:00+05:30,46946.1,47019.0,46914.7,46920.25,0,0
2023-12-08 13:45:00+05:30,46915.1,47023.35,46907.65,47014.65,0,0
2023-12-08 14:15:00+05:30,47017.4,47078.8,46935.65,47074.45,0,0
2023-12-08 14:45:00+05:30,47070.85,47303.3,47065.0,47287.65,0,0
2023-12-08 15:15:00+05:30,47284.45,47303.65,47252.15,47283.75,0,0
2023-12-11 09:15:00+05:30,47233.3,47498.1,47186.6,47374.65,0,0
2023-12-11 09:45:00+05:30,47371.35,47482.65,47357.5,47476.0,0,0
2023-12-11 10:15:00+05:30,47474.3,47588.0,47319.3,47352.35,0,0
2023-12-11 10:45:00+05:30,47349.45,47399.9,47275.95,47375.15,0,0
2023-12-11 11:15:00+05:30,47371.35,47388.7,47310.7,47358.4,0,0
2023-12-11 11:45:00+05:30,47358.15,47385.7,47313.3,47360.35,0,0
2023-12-11 12:15:00+05:30,47359.3,47369.05,47278.45,47351.75,0,0
2023-12-11 12:45:00+05:30,47352.4,47378.15,47323.25,47373.55,0,0
2023-12-11 13:15:00+05:30,47378.1,47408.05,47345.35,47391.6,0,0
2023-12-11 13:45:00+05:30,47392.3,47396.15,47333.05,47392.1,0,0
2023-12-11 14:15:00+05:30,47392.65,47430.8,47357.9,47388.0,0,0
2023-12-11 14:45:00+05:30,47381.5,47423.4,47304.3,47333.7,0,0
2023-12-11 15:15:00+05:30,47333.55,47338.95,47246.85,47299.7,0,0
2023-12-12 09:15:00+05:30,47421.7,47454.0,47344.45,47359.55,0,0
2023-12-12 09:45:00+05:30,47359.2,47377.4,47225.05,47243.05,0,0
2023-12-12 10:15:00+05:30,47243.55,47285.7,47159.4,47270.35,0,0
2023-12-12 10:45:00+05:30,47270.6,47347.35,47254.25,47339.15,0,0
2023-12-12 11:15:00+05:30,47340.05,47347.55,47256.8,47269.5,0,0
2023-12-12 11:45:00+05:30,47269.15,47311.65,47252.15,47293.6,0,0
2023-12-12 12:15:00+05:30,47293.85,47312.5,47237.6,47242.9,0,0
2023-12-12 12:45:00+05:30,47242.45,47246.85,47176.85,47198.25,0,0
2023-12-12 13:15:00+05:30,47202.15,47238.2,47182.5,47237.95,0,0
2023-12-12 13:45:00+05:30,47232.0,47243.45,47113.6,47123.5,0,0
2023-12-12 14:15:00+05:30,47124.35,47190.45,47106.6,47130.8,0,0
2023-12-12 14:45:00+05:30,47128.8,47150.7,47076.5,47094.9,0,0
2023-12-12 15:15:00+05:30,47094.35,47122.45,47004.05,47063.8,0,0
2023-12-13 09:15:00+05:30,47190.75,47201.95,46925.65,46991.75,0,0
2023-12-13 09:45:00+05:30,46985.2,47024.95,46886.9,46963.8,0,0
2023-12-13 10:15:00+05:30,46964.2,46985.0,46909.25,46984.25,0,0
2023-12-13 10:45:00+05:30,46977.0,47042.15,46949.15,47012.0,0,0
2023-12-13 11:15:00+05:30,47014.4,47016.6,46936.6,46972.75,0,0
2023-12-13 11:45:00+05:30,46974.3,47000.5,46960.7,46973.75,0,0
2023-12-13 12:15:00+05:30,46974.5,46997.9,46934.4,46985.35,0,0
2023-12-13 12:45:00+05:30,46986.8,47126.1,46986.15,47089.65,0,0
2023-12-13 13:15:00+05:30,47091.3,47159.55,47045.6,47109.4,0,0
2023-12-13 13:45:00+05:30,47110.45,47150.8,47066.8,47098.15,0,0
2023-12-13 14:15:00+05:30,47098.35,47106.85,47001.05,47005.2,0,0
2023-12-13 14:45:00+05:30,47005.3,47134.65,47002.0,47080.3,0,0
2023-12-13 15:15:00+05:30,47083.3,47145.8,47054.95,47113.3,0,0
2023-12-14 09:15:00+05:30,47567.65,47756.85,47510.85,47681.9,0,0
2023-12-14 09:45:00+05:30,47680.25,47943.6,47667.75,47890.2,0,0
2023-12-14 10:15:00+05:30,47890.1,47896.5,47739.05,47773.2,0,0
2023-12-14 10:45:00+05:30,47780.0,47848.15,47780.0,47836.7,0,0
2023-12-14 11:15:00+05:30,47839.15,47862.25,47762.75,47812.0,0,0
2023-12-14 11:45:00+05:30,47811.2,47823.4,47756.25,47763.4,0,0
2023-12-14 12:15:00+05:30,47761.65,47790.6,47732.3,47761.15,0,0
2023-12-14 12:45:00+05:30,47758.2,47855.4,47750.45,47829.8,0,0
2023-12-14 13:15:00+05:30,47830.65,47881.7,47803.75,47867.4,0,0
2023-12-14 13:45:00+05:30,47865.9,47867.4,47761.75,47810.4,0,0
2023-12-14 14:15:00+05:30,47806.5,47815.35,47750.1,47783.45,0,0
2023-12-14 14:45:00+05:30,47781.05,47785.0,47657.6,47712.0,0,0
2023-12-14 15:15:00+05:30,47713.0,47794.35,47705.05,47751.4,0,0
2023-12-15 09:15:00+05:30,47939.9,47987.25,47694.4,47719.9,0,0
2023-12-15 09:45:00+05:30,47719.2,47816.75,47666.35,47797.8,0,0
2023-12-15 10:15:00+05:30,47800.55,47842.95,47766.65,47770.6,0,0
2023-12-15 10:45:00+05:30,47773.85,47776.75,47632.85,47698.9,0,0
2023-12-15 11:15:00+05:30,47697.1,47772.2,47694.4,47725.95,0,0
2023-12-15 11:45:00+05:30,47721.35,47729.95,47659.7,47679.4,0,0
2023-12-15 12:15:00+05:30,47680.8,47782.1,47664.55,47760.2,0,0
2023-12-15 12:45:00+05:30,47759.95,47766.75,47702.5,47735.7,0,0
2023-12-15 13:15:00+05:30,47734.7,47835.8,47732.25,47827.4,0,0
2023-12-15 13:45:00+05:30,47826.05,47968.0,47817.85,47907.85,0,0
2023-12-15 14:15:00+05:30,47909.4,47995.45,47895.7,47968.4,0,0
2023-12-15 14:45:00+05:30,47965.45,48219.95,47949.4,48148.8,0,0
2023-12-15 15:15:00+05:30,48146.0,48174.0,48071.65,48071.65,0,0
2023-12-18 09:15:00+05:30,48068.5,48069.35,47810.3,47931.45,0,0
2023-12-18 09:45:00+05:30,47933.8,47942.45,47852.55,47915.45,0,0
2023-12-18 10:15:00+05:30,47915.7,48076.6,47900.85,47950.95,0,0
2023-12-18 10:45:00+05:30,47953.25,48022.2,47938.8,47993.5,0,0
2023-12-18 11:15:00+05:30,47993.25,48021.45,47956.2,47995.6,0,0
2023-12-18 11:45:00+05:30,47994.5,47998.05,47944.4,47982.05,0,0
2023-12-18 12:15:00+05:30,47978.75,47996.2,47891.8,47945.15,0,0
2023-12-18 12:45:00+05:30,47946.45,47959.25,47859.1,47870.8,0,0
2023-12-18 13:15:00+05:30,47867.05,47962.9,47865.15,47896.4,0,0
2023-12-18 13:45:00+05:30,47894.7,47965.25,47892.0,47945.4,0,0
2023-12-18 14:15:00+05:30,47942.5,47975.75,47854.65,47856.3,0,0
2023-12-18 14:45:00+05:30,47857.7,47940.55,47824.7,47848.1,0,0
2023-12-18 15:15:00+05:30,47849.25,47887.25,47806.7,47862.05,0,0
2023-12-19 09:15:00+05:30,47940.4,47976.5,47681.7,47691.1,0,0
2023-12-19 09:45:00+05:30,47695.55,47739.0,47646.05,47677.35,0,0
2023-12-19 10:15:00+05:30,47677.75,47815.95,47670.1,47743.45,0,0
2023-12-19 10:45:00+05:30,47743.8,47774.05,47724.85,47749.6,0,0
2023-12-19 11:15:00+05:30,47751.1,47862.5,47714.75,47849.95,0,0
2023-12-19 11:45:00+05:30,47854.5,47942.7,47841.65,47879.15,0,0
2023-12-19 12:15:00+05:30,47883.45,47947.35,47876.2,47927.75,0,0
2023-12-19 12:45:00+05:30,47937.05,47971.0,47881.9,47894.3,0,0
2023-12-19 13:15:00+05:30,47894.5,47933.05,47860.75,47927.75,0,0
2023-12-19 13:45:00+05:30,47930.1,48017.0,47921.8,47979.5,0,0
2023-12-19 14:15:00+05:30,47979.5,48006.15,47940.3,47979.15,0,0
2023-12-19 14:45:00+05:30,47976.45,47997.55,47789.95,47855.05,0,0
2023-12-19 15:15:00+05:30,47853.45,47897.8,47830.05,47845.35,0,0
2023-12-20 09:15:00+05:30,48085.35,48166.15,48015.6,48091.1,0,0
2023-12-20 09:45:00+05:30,48083.7,48088.7,47955.05,47993.3,0,0
2023-12-20 10:15:00+05:30,47984.65,48034.65,47947.75,48027.3,0,0
2023-12-20 10:45:00+05:30,48023.65,48039.1,47959.9,47959.9,0,0
2023-12-20 11:15:00+05:30,47960.05,47980.25,47905.9,47921.25,0,0
2023-12-20 11:45:00+05:30,47918.55,47974.4,47888.1,47944.75,0,0
2023-12-20 12:15:00+05:30,47944.85,47989.25,47909.75,47985.4,0,0
2023-12-20 12:45:00+05:30,47983.85,48008.7,47865.95,47887.05,0,0
2023-12-20 13:15:00+05:30,47891.2,47908.2,47659.3,47749.1,0,0
2023-12-20 13:45:00+05:30,47751.85,47773.4,47576.15,47586.45,0,0
2023-12-20 14:15:00+05:30,47590.85,47670.0,47475.35,47507.45,0,0
2023-12-20 14:45:00+05:30,47503.25,47597.55,47400.65,47405.0,0,0
2023-12-20 15:15:00+05:30,47407.7,47459.25,47202.65,47216.5,0,0
2023-12-21 09:15:00+05:30,47172.45,47250.0,46919.7,47116.65,0,0
2023-12-21 09:45:00+05:30,47114.5,47275.6,47029.1,47231.2,0,0
2023-12-21 10:15:00+05:30,47230.6,47321.15,47130.2,47286.5,0,0
2023-12-21 10:45:00+05:30,47287.0,47494.0,47259.15,47380.7,0,0
2023-12-21 11:15:00+05:30,47384.1,47389.35,47289.3,47348.45,0,0
2023-12-21 11:45:00+05:30,47351.2,47434.15,47314.7,47352.2,0,0
2023-12-21 12:15:00+05:30,47353.6,47606.0,47341.3,47590.7,0,0
2023-12-21 12:45:00+05:30,47595.55,47625.15,47447.95,47564.75,0,0
2023-12-21 13:15:00+05:30,47553.4,47591.75,47403.6,47464.3,0,0
2023-12-21 13:45:00+05:30,47465.0,47517.55,47331.55,47467.3,0,0
2023-12-21 14:15:00+05:30,47465.85,47845.2,47416.5,47784.25,0,0
2023-12-21 14:45:00+05:30,47782.2,47932.4,47763.7,47913.85,0,0
2023-12-21 15:15:00+05:30,47909.5,47917.15,47787.5,47852.7,0,0
2023-12-22 09:15:00+05:30,47837.75,47869.2,47685.25,47750.65,0,0
2023-12-22 09:45:00+05:30,47753.05,47951.5,47743.15,47931.5,0,0
2023-12-22 10:15:00+05:30,47931.95,47947.7,47841.75,47891.25,0,0
2023-12-22 10:45:00+05:30,47895.45,48071.4,47881.1,47980.05,0,0
2023-12-22 11:15:00+05:30,47983.45,48011.8,47884.3,47923.3,0,0
2023-12-22 11:45:00+05:30,47917.05,47959.65,47871.8,47923.65,0,0
2023-12-22 12:15:00+05:30,47922.35,47938.05,47683.35,47781.15,0,0
2023-12-22 12:45:00+05:30,47781.8,47896.35,47769.15,47785.55,0,0
2023-12-22 13:15:00+05:30,47782.95,47826.95,47516.8,47545.3,0,0
2023-12-22 13:45:00+05:30,47544.75,47659.5,47421.95,47611.5,0,0
2023-12-22 14:15:00+05:30,47612.2,47714.7,47525.8,47713.9,0,0
2023-12-22 14:45:00+05:30,47708.05,47743.3,47439.3,47490.05,0,0
2023-12-22 15:15:00+05:30,47489.2,47522.4,47415.85,47458.75,0,0
2023-12-26 09:15:00+05:30,47576.4,47624.2,47446.05,47493.85,0,0
2023-12-26 09:45:00+05:30,47492.25,47573.25,47411.65,47507.95,0,0
2023-12-26 10:15:00+05:30,47505.45,47744.05,47504.2,47718.2,0,0
2023-12-26 10:45:00+05:30,47720.5,47761.2,47671.7,47688.75,0,0
2023-12-26 11:15:00+05:30,47690.2,47735.5,47650.15,47725.25,0,0
2023-12-26 11:45:00+05:30,47725.7,47740.25,47677.8,47698.55,0,0
2023-12-26 12:15:00+05:30,47697.5,47821.95,47689.15,47744.2,0,0
2023-12-26 12:45:00+05:30,47741.65,47752.35,47636.9,47701.6,0,0
2023-12-26 13:15:00+05:30,47702.15,47768.25,47669.5,47766.95,0,0
2023-12-26 13:45:00+05:30,47765.35,47770.5,47685.65,47717.75,0,0
2023-12-26 14:15:00+05:30,47715.75,47838.45,47707.35,47745.45,0,0
2023-12-26 14:45:00+05:30,47744.1,47769.9,47683.35,47711.25,0,0
2023-12-26 15:15:00+05:30,47713.85,47785.9,47709.2,47762.5,0,0
2023-12-27 09:15:00+05:30,47818.5,47955.4,47806.7,47951.45,0,0
2023-12-27 09:45:00+05:30,47948.9,48027.15,47929.25,47987.85,0,0
2023-12-27 10:15:00+05:30,47986.7,48083.1,47972.9,48050.95,0,0
2023-12-27 10:45:00+05:30,48054.0,48091.8,48023.15,48055.15,0,0
2023-12-27 11:15:00+05:30,48050.85,48111.55,48043.15,48064.05,0,0
2023-12-27 11:45:00+05:30,48064.95,48245.05,48045.2,48187.65,0,0
2023-12-27 12:15:00+05:30,48187.4,48190.65,47985.45,48026.75,0,0
2023-12-27 12:45:00+05:30,48024.9,48087.1,47944.45,47952.15,0,0
2023-12-27 13:15:00+05:30,47953.65,48010.35,47884.55,47952.0,0,0
2023-12-27 13:45:00+05:30,47955.1,48044.35,47923.55,48040.8,0,0
2023-12-27 14:15:00+05:30,48040.0,48139.7,47971.3,48136.0,0,0
2023-12-27 14:45:00+05:30,48132.0,48347.65,48114.5,48313.3,0,0
2023-12-27 15:15:00+05:30,48312.85,48325.45,48258.95,48280.55,0,0
2023-12-28 09:15:00+05:30,48479.05,48589.45,48408.75,48548.7,0,0
2023-12-28 09:45:00+05:30,48565.05,48636.45,48343.15,48407.85,0,0
2023-12-28 10:15:00+05:30,48409.1,48465.15,48370.8,48415.75,0,0
2023-12-28 10:45:00+05:30,48416.55,48544.15,48374.3,48499.7,0,0
2023-12-28 11:15:00+05:30,48500.3,48521.8,48468.0,48493.65,0,0
2023-12-28 11:45:00+05:30,48493.25,48543.0,48452.75,48474.95,0,0
2023-12-28 12:15:00+05:30,48478.0,48557.05,48462.25,48537.55,0,0
2023-12-28 12:45:00+05:30,48538.1,48614.05,48511.4,48585.8,0,0
2023-12-28 13:15:00+05:30,48589.85,48599.65,48508.5,48542.25,0,0
2023-12-28 13:45:00+05:30,48542.6,48584.55,48477.75,48492.65,0,0
2023-12-28 14:15:00+05:30,48482.75,48533.15,48446.3,48478.25,0,0
2023-12-28 14:45:00+05:30,48473.65,48553.95,48419.5,48548.55,0,0
2023-12-28 15:15:00+05:30,48547.4,48566.15,48455.65,48484.2,0,0
2023-12-29 09:15:00+05:30,48374.85,48477.7,48258.65,48289.6,0,0
2023-12-29 09:45:00+05:30,48289.0,48366.3,48220.5,48228.85,0,0
2023-12-29 10:15:00+05:30,48236.7,48291.2,48195.85,48230.1,0,0
2023-12-29 10:45:00+05:30,48229.5,48254.25,48174.2,48215.1,0,0
2023-12-29 11:15:00+05:30,48207.3,48280.9,48207.3,48239.9,0,0
2023-12-29 11:45:00+05:30,48236.7,48325.2,48221.2,48277.3,0,0
2023-12-29 12:15:00+05:30,48273.3,48310.1,48209.0,48216.9,0,0
2023-12-29 12:45:00+05:30,48217.8,48254.9,48166.1,48244.9,0,0
2023-12-29 13:15:00+05:30,48246.4,48260.5,48114.7,48170.95,0,0
2023-12-29 13:45:00+05:30,48167.7,48207.9,48097.05,48108.8,0,0
2023-12-29 14:15:00+05:30,48110.5,48231.5,48091.85,48194.15,0,0
2023-12-29 14:45:00+05:30,48193.9,48385.5,48189.75,48258.85,0,0
2023-12-29 15:15:00+05:30,48255.2,48306.9,48223.85,48268.9,0,0
2024-01-01 09:15:00+05:30,48203.45,48282.35,48134.9,48207.55,0,0
2024-01-01 09:45:00+05:30,48208.6,48318.95,48184.85,48250.5,0,0
2024-01-01 10:15:00+05:30,48249.0,48340.05,48220.05,48319.85,0,0
2024-01-01 10:45:00+05:30,48330.05,48368.65,48302.45,48332.5,0,0
2024-01-01 11:15:00+05:30,48329.2,48339.65,48288.0,48308.2,0,0
2024-01-01 11:45:00+05:30,48307.2,48361.15,48287.55,48354.8,0,0
2024-01-01 12:15:00+05:30,48350.95,48362.2,48275.3,48311.45,0,0
2024-01-01 12:45:00+05:30,48315.85,48334.25,48294.4,48307.7,0,0
2024-01-01 13:15:00+05:30,48311.2,48334.9,48283.5,48296.85,0,0
2024-01-01 13:45:00+05:30,48306.9,48369.9,48292.6,48357.0,0,0
2024-01-01 14:15:00+05:30,48352.6,48450.0,48344.55,48437.25,0,0
2024-01-01 14:45:00+05:30,48436.15,48437.8,48164.15,48213.65,0,0
2024-01-01 15:15:00+05:30,48217.25,48240.1,48044.15,48064.3,0,0
2024-01-02 09:15:00+05:30,48194.8,48223.55,48068.05,48178.35,0,0
2024-01-02 09:45:00+05:30,48178.6,48193.85,47892.85,47968.65,0,0
2024-01-02 10:15:00+05:30,47967.6,47984.55,47814.75,47894.45,0,0
2024-01-02 10:45:00+05:30,47893.55,47944.75,47850.65,47861.65,0,0
2024-01-02 11:15:00+05:30,47859.95,47965.1,47830.55,47891.3,0,0
2024-01-02 11:45:00+05:30,47889.65,47908.1,47853.5,47859.6,0,0
2024-01-02 12:15:00+05:30,47865.5,47928.2,47855.7,47879.35,0,0
2024-01-02 12:45:00+05:30,47879.7,47908.85,47765.05,47831.75,0,0
2024-01-02 13:15:00+05:30,47834.05,47873.3,47808.15,47825.95,0,0
2024-01-02 13:45:00+05:30,47826.75,47874.8,47798.2,47867.8,0,0
2024-01-02 14:15:00+05:30,47868.15,47889.3,47807.45,47843.35,0,0
2024-01-02 14:45:00+05:30,47841.7,47881.95,47689.8,47754.45,0,0
2024-01-02 15:15:00+05:30,47757.25,47777.55,47697.6,47710.55,0,0
2024-01-03 09:15:00+05:30,47796.3,47798.75,47488.95,47497.1,0,0
2024-01-03 09:45:00+05:30,47489.4,47631.55,47481.35,47577.45,0,0
2024-01-03 10:15:00+05:30,47576.15,47675.55,47532.85,47639.0,0,0
2024-01-03 10:45:00+05:30,47637.75,47690.05,47607.85,47669.85,0,0
2024-01-03 11:15:00+05:30,47670.9,47760.95,47641.7,47746.75,0,0
2024-01-03 11:45:00+05:30,47747.1,47784.85,47654.25,47684.85,0,0
2024-01-03 12:15:00+05:30,47689.85,47693.5,47555.45,47631.8,0,0
2024-01-03 12:45:00+05:30,47632.85,47744.35,47623.35,47734.65,0,0
2024-01-03 13:15:00+05:30,47735.55,47760.9,47701.75,47723.3,0,0
2024-01-03 13:45:00+05:30,47726.7,47785.35,47683.85,47749.75,0,0
2024-01-03 14:15:00+05:30,47748.35,47751.6,47681.35,47694.25,0,0
2024-01-03 14:45:00+05:30,47689.4,47753.4,47657.1,47718.9,0,0
2024-01-03 15:15:00+05:30,47717.35,47777.9,47676.75,47738.55,0,0
2024-01-04 09:15:00+05:30,47805.4,47906.45,47738.15,47892.85,0,0
2024-01-04 09:45:00+05:30,47891.8,47993.65,47840.85,47973.0,0,0
2024-01-04 10:15:00+05:30,47972.55,48026.25,47941.4,47987.4,0,0
2024-01-04 10:45:00+05:30,47987.4,48113.8,47942.2,48102.15,0,0
2024-01-04 11:15:00+05:30,48099.3,48181.25,48079.2,48099.65,0,0
2024-01-04 11:45:00+05:30,48098.85,48149.0,48075.55,48115.45,0,0
2024-01-04 12:15:00+05:30,48117.55,48157.65,48108.45,48154.05,0,0
2024-01-04 12:45:00+05:30,48150.0,48220.25,48119.35,48215.0,0,0
2024-01-04 13:15:00+05:30,48213.4,48221.3,48081.15,48116.55,0,0
2024-01-04 13:45:00+05:30,48117.2,48176.6,48063.7,48091.75,0,0
2024-01-04 14:15:00+05:30,48093.45,48156.95,48073.75,48140.8,0,0
2024-01-04 14:45:00+05:30,48140.6,48198.3,48116.65,48180.4,0,0
2024-01-04 15:15:00+05:30,48176.8,48281.2,48175.95,48245.8,0,0
2024-01-05 09:15:00+05:30,48245.55,48381.95,48238.2,48275.65,0,0
2024-01-05 09:45:00+05:30,48279.35,48344.7,48233.3,48295.6,0,0
2024-01-05 10:15:00+05:30,48300.05,48309.9,48136.6,48166.65,0,0
2024-01-05 10:45:00+05:30,48169.25,48171.65,48086.4,48131.45,0,0
2024-01-05 11:15:00+05:30,48132.35,48142.15,48030.2,48084.65,0,0
2024-01-05 11:45:00+05:30,48084.0,48133.6,48034.0,48092.75,0,0
2024-01-05 12:15:00+05:30,48094.55,48151.45,48074.05,48086.6,0,0
2024-01-05 12:45:00+05:30,48090.9,48113.8,48047.95,48085.75,0,0
2024-01-05 13:15:00+05:30,48086.75,48103.45,47969.95,48022.7,0,0
2024-01-05 13:45:00+05:30,48023.0,48053.25,47890.05,47905.0,0,0
2024-01-05 14:15:00+05:30,47902.3,47984.5,47822.85,47978.35,0,0
2024-01-05 14:45:00+05:30,47976.0,48264.1,47967.2,48167.6,0,0
2024-01-05 15:15:00+05:30,48167.55,48168.7,48043.05,48089.15,0,0
2024-01-08 09:15:00+05:30,48096.65,48154.5,47956.5,47994.75,0,0
2024-01-08 09:45:00+05:30,47993.2,48010.7,47932.8,47985.95,0,0
2024-01-08 10:15:00+05:30,47985.85,48082.1,47924.6,48019.15,0,0
2024-01-08 10:45:00+05:30,48017.95,48037.3,47827.1,47874.5,0,0
2024-01-08 11:15:00+05:30,47875.4,47911.8,47853.35,47880.75,0,0
2024-01-08 11:45:00+05:30,47878.6,47886.65,47722.75,47751.75,0,0
2024-01-08 12:15:00+05:30,47754.35,47842.45,47746.55,47823.35,0,0
2024-01-08 12:45:00+05:30,47825.45,47829.0,47732.75,47758.0,0,0
2024-01-08 13:15:00+05:30,47757.3,47831.1,47718.9,47750.05,0,0
2024-01-08 13:45:00+05:30,47750.5,47829.0,47731.7,47768.7,0,0
2024-01-08 14:15:00+05:30,47768.65,47784.15,47390.55,47452.0,0,0
2024-01-08 14:45:00+05:30,47445.6,47520.9,47387.35,47454.45,0,0
2024-01-08 15:15:00+05:30,47456.0,47494.0,47403.2,47464.0,0,0
2024-01-09 09:15:00+05:30,47705.4,47798.05,47607.55,47609.5,0,0
2024-01-09 09:45:00+05:30,47605.05,47710.25,47590.6,47706.35,0,0
2024-01-09 10:15:00+05:30,47710.25,47895.8,47703.8,47882.75,0,0
2024-01-09 10:45:00+05:30,47882.85,47939.3,47839.35,47899.2,0,0
2024-01-09 11:15:00+05:30,47897.4,47909.65,47809.55,47843.75,0,0
2024-01-09 11:45:00+05:30,47845.85,47875.55,47760.75,47780.8,0,0
2024-01-09 12:15:00+05:30,47783.0,47877.05,47780.5,47819.75,0,0
2024-01-09 12:45:00+05:30,47822.2,47851.15,47809.6,47837.25,0,0
2024-01-09 13:15:00+05:30,47838.75,47874.25,47806.8,47820.65,0,0
2024-01-09 13:45:00+05:30,47822.5,47831.6,47655.8,47674.8,0,0
2024-01-09 14:15:00+05:30,47677.0,47689.8,47223.25,47246.6,0,0
2024-01-09 14:45:00+05:30,47249.35,47333.25,47206.25,47269.95,0,0
2024-01-09 15:15:00+05:30,47272.75,47280.9,47156.05,47230.95,0,0
2024-01-10 09:15:00+05:30,47073.85,47293.25,47010.8,47290.45,0,0
2024-01-10 09:45:00+05:30,47290.8,47325.65,47171.0,47317.95,0,0
2024-01-10 10:15:00+05:30,47320.15,47386.45,47248.95,47264.3,0,0
2024-01-10 10:45:00+05:30,47266.3,47287.75,47215.95,47275.4,0,0
2024-01-10 11:15:00+05:30,47275.4,47355.6,47256.6,47308.8,0,0
2024-01-10 11:45:00+05:30,47313.3,47324.55,47223.45,47263.6,0,0
2024-01-10 12:15:00+05:30,47262.75,47307.3,47228.6,47241.0,0,0
2024-01-10 12:45:00+05:30,47242.85,47297.2,47126.9,47259.35,0,0
2024-01-10 13:15:00+05:30,47258.65,47289.65,47207.95,47267.1,0,0
2024-01-10 13:45:00+05:30,47266.1,47396.65,47213.75,47332.3,0,0
2024-01-10 14:15:00+05:30,47336.7,47417.5,47279.95,47357.5,0,0
2024-01-10 14:45:00+05:30,47354.6,47423.45,47293.15,47336.15,0,0
2024-01-10 15:15:00+05:30,47333.1,47404.95,47328.05,47359.35,0,0
2024-01-11 09:15:00+05:30,47538.6,47662.1,47459.25,47503.5,0,0
2024-01-11 09:45:00+05:30,47503.1,47569.05,47461.6,47501.55,0,0
2024-01-11 10:15:00+05:30,47503.35,47558.1,47470.15,47501.1,0,0
2024-01-11 10:45:00+05:30,47496.8,47528.1,47408.7,47483.5,0,0
2024-01-11 11:15:00+05:30,47489.4,47521.35,47457.85,47517.25,0,0
2024-01-11 11:45:00+05:30,47516.85,47540.05,47468.9,47468.9,0,0
2024-01-11 12:15:00+05:30,47469.5,47571.65,47444.4,47569.65,0,0
2024-01-11 12:45:00+05:30,47569.05,47595.15,47504.7,47527.7,0,0
2024-01-11 13:15:00+05:30,47528.35,47551.4,47480.45,47504.7,0,0
2024-01-11 13:45:00+05:30,47502.95,47515.1,47260.85,47300.25,0,0
2024-01-11 14:15:00+05:30,47297.65,47472.25,47237.0,47426.8,0,0
2024-01-11 14:45:00+05:30,47427.15,47506.25,47405.85,47432.55,0,0
2024-01-11 15:15:00+05:30,47432.65,47464.4,47421.65,47445.95,0,0
2024-01-12 09:15:00+05:30,47572.7,47586.25,47408.5,47462.1,0,0
2024-01-12 09:45:00+05:30,47466.55,47639.65,47449.2,47629.6,0,0
2024-01-12 10:15:00+05:30,47628.25,47719.55,47606.25,47716.25,0,0
2024-01-12 10:45:00+05:30,47715.65,47784.65,47691.2,47706.8,0,0
2024-01-12 11:15:00+05:30,47707.5,47743.7,47697.7,47712.3,0,0
2024-01-12 11:45:00+05:30,47711.35,47741.25,47615.7,47664.6,0,0
2024-01-12 12:15:00+05:30,47662.5,47686.65,47626.5,47646.1,0,0
2024-01-12 12:45:00+05:30,47643.2,47773.95,47643.2,47733.5,0,0
2024-01-12 13:15:00+05:30,47732.45,47858.1,47712.3,47823.75,0,0
2024-01-12 13:45:00+05:30,47822.4,47847.8,47758.3,47811.35,0,0
2024-01-12 14:15:00+05:30,47811.25,47873.7,47763.0,47845.1,0,0
2024-01-12 14:45:00+05:30,47841.15,47861.65,47602.8,47659.95,0,0
2024-01-12 15:15:00+05:30,47661.4,47755.6,47657.5,47724.65,0,0
2024-01-15 09:15:00+05:30,47891.05,48129.35,47830.05,48073.55,0,0
2024-01-15 09:45:00+05:30,48073.95,48086.35,47825.4,47949.15,0,0
2024-01-15 10:15:00+05:30,47950.3,48065.45,47935.7,48037.6,0,0
2024-01-15 10:45:00+05:30,48040.0,48058.0,47998.25,48048.5,0,0
2024-01-15 11:15:00+05:30,48049.3,48062.8,47973.7,48044.15,0,0
2024-01-15 11:45:00+05:30,48042.1,48091.15,48016.5,48084.85,0,0
2024-01-15 12:15:00+05:30,48084.85,48199.95,48072.45,48132.25,0,0
2024-01-15 12:45:00+05:30,48130.9,48159.75,48086.2,48148.45,0,0
2024-01-15 13:15:00+05:30,48149.7,48158.3,48071.05,48083.05,0,0
2024-01-15 13:45:00+05:30,48084.65,48136.15,48032.3,48083.55,0,0
2024-01-15 14:15:00+05:30,48085.25,48102.8,48022.55,48064.2,0,0
2024-01-15 14:45:00+05:30,48062.4,48147.0,48045.15,48140.85,0,0
2024-01-15 15:15:00+05:30,48147.25,48248.05,48140.6,48223.6,0,0
2024-01-16 09:15:00+05:30,48109.95,48204.15,48031.2,48160.4,0,0
2024-01-16 09:45:00+05:30,48156.5,48254.7,48148.7,48241.25,0,0
2024-01-16 10:15:00+05:30,48242.95,48285.5,48191.75,48259.5,0,0
2024-01-16 10:45:00+05:30,48248.25,48292.7,48243.3,48267.85,0,0
2024-01-16 11:15:00+05:30,48264.65,48284.6,48177.3,48201.0,0,0
2024-01-16 11:45:00+05:30,48198.95,48305.4,48188.35,48214.3,0,0
2024-01-16 12:15:00+05:30,48212.9,48265.75,48178.1,48210.55,0,0
2024-01-16 12:45:00+05:30,48206.75,48216.65,48091.5,48122.85,0,0
2024-01-16 13:15:00+05:30,48119.75,48145.6,48002.85,48078.75,0,0
2024-01-16 13:45:00+05:30,48076.65,48182.1,48053.05,48151.3,0,0
2024-01-16 14:15:00+05:30,48151.65,48168.35,48049.45,48105.3,0,0
2024-01-16 14:45:00+05:30,48102.8,48147.1,48079.0,48125.35,0,0
2024-01-16 15:15:00+05:30,48125.8,48138.85,48096.3,48111.7,0,0
2024-01-17 09:15:00+05:30,46573.95,47212.75,46534.3,47030.35,0,0
2024-01-17 09:45:00+05:30,47026.8,47115.5,46898.75,46953.35,0,0
2024-01-17 10:15:00+05:30,46950.95,46982.05,46648.4,46692.7,0,0
2024-01-17 10:45:00+05:30,46687.55,46732.65,46586.55,46613.35,0,0
2024-01-17 11:15:00+05:30,46609.45,46641.7,46276.75,46380.85,0,0
2024-01-17 11:45:00+05:30,46364.75,46412.9,46271.35,46381.05,0,0
2024-01-17 12:15:00+05:30,46385.95,46466.95,46256.9,46280.8,0,0
2024-01-17 12:45:00+05:30,46279.6,46370.3,46237.4,46264.25,0,0
2024-01-17 13:15:00+05:30,46264.7,46360.65,46212.95,46322.8,0,0
2024-01-17 13:45:00+05:30,46324.85,46387.15,46234.75,46320.15,0,0
2024-01-17 14:15:00+05:30,46331.2,46343.1,46155.9,46163.85,0,0
2024-01-17 14:45:00+05:30,46168.65,46183.0,45979.6,46122.15,0,0
2024-01-17 15:15:00+05:30,46119.0,46125.85,46028.8,46083.5,0,0
2024-01-18 09:15:00+05:30,45492.75,45824.1,45430.7,45734.85,0,0
2024-01-18 09:45:00+05:30,45729.55,45925.6,45554.2,45780.9,0,0
2024-01-18 10:15:00+05:30,45776.7,45903.2,45698.6,45903.2,0,0
2024-01-18 10:45:00+05:30,45898.95,46033.75,45867.75,45995.1,0,0
2024-01-18 11:15:00+05:30,45986.5,46034.1,45889.65,45950.95,0,0
2024-01-18 11:45:00+05:30,45950.7,46180.6,45907.35,46170.75,0,0
2024-01-18 12:15:00+05:30,46174.05,46184.05,45841.35,45862.65,0,0
2024-01-18 12:45:00+05:30,45852.3,45903.35,45650.9,45739.5,0,0
2024-01-18 13:15:00+05:30,45741.9,45803.55,45610.35,45623.4,0,0
2024-01-18 13:45:00+05:30,45622.75,45713.2,45571.25,45655.45,0,0
2024-01-18 14:15:00+05:30,45658.95,45749.8,45507.05,45690.95,0,0
2024-01-18 14:45:00+05:30,45691.7,45786.7,45628.7,45699.95,0,0
2024-01-18 15:15:00+05:30,45701.35,45778.0,45676.4,45762.0,0,0
2024-01-19 09:15:00+05:30,46103.5,46183.85,46026.15,46084.8,0,0
2024-01-19 09:45:00+05:30,46088.1,46162.45,46017.25,46109.45,0,0
2024-01-19 10:15:00+05:30,46111.85,46249.85,46058.8,46214.55,0,0
2024-01-19 10:45:00+05:30,46213.0,46220.4,45895.65,45930.15,0,0
2024-01-19 11:15:00+05:30,45925.95,46048.05,45906.1,45981.3,0,0
2024-01-19 11:45:00+05:30,45980.7,46001.7,45848.5,45912.25,0,0
2024-01-19 12:15:00+05:30,45906.55,45920.05,45826.35,45877.1,0,0
2024-01-19 12:45:00+05:30,45873.55,45916.95,45853.45,45912.15,0,0
2024-01-19 13:15:00+05:30,45909.0,45944.05,45661.2,45748.6,0,0
2024-01-19 13:45:00+05:30,45752.95,45771.5,45592.7,45595.8,0,0
2024-01-19 14:15:00+05:30,45593.0,45767.7,45558.05,45738.6,0,0
2024-01-19 14:45:00+05:30,45738.8,45758.6,45634.65,45692.5,0,0
2024-01-19 15:15:00+05:30,45692.45,45748.35,45689.65,45735.8,0,0
2024-01-20 09:15:00+05:30,45989.25,46069.0,45792.6,45873.5,0,0
2024-01-20 09:45:00+05:30,45868.5,45876.45,45749.05,45840.05,0,0
2024-01-20 10:15:00+05:30,45840.4,45953.65,45828.6,45928.1,0,0
2024-01-20 10:45:00+05:30,45927.65,46006.05,45924.75,45951.9,0,0
2024-01-20 11:15:00+05:30,45951.1,45961.95,45872.15,45917.55,0,0
2024-01-20 11:45:00+05:30,45914.55,45923.95,45859.0,45911.2,0,0
2024-01-20 12:15:00+05:30,45912.3,45943.6,45640.9,45733.05,0,0
2024-01-20 12:45:00+05:30,45742.4,46109.1,45734.1,46078.15,0,0
2024-01-20 13:15:00+05:30,46075.65,46183.7,46037.65,46092.45,0,0
2024-01-20 13:45:00+05:30,46091.5,46129.1,46022.7,46108.8,0,0
2024-01-20 14:15:00+05:30,46108.25,46150.85,46058.75,46079.6,0,0
2024-01-20 14:45:00+05:30,46081.75,46148.1,45940.5,46075.05,0,0
2024-01-20 15:15:00+05:30,46076.0,46129.45,46049.85,46108.8,0,0
2024-01-23 09:15:00+05:30,46495.45,46580.3,46209.05,46271.5,0,0
2024-01-23 09:45:00+05:30,46275.7,46301.2,45898.6,45993.7,0,0
2024-01-23 10:15:00+05:30,45992.45,46053.05,45645.3,45675.35,0,0
2024-01-23 10:45:00+05:30,45677.55,45780.4,45646.6,45723.85,0,0
2024-01-23 11:15:00+05:30,45724.5,45734.25,45309.75,45351.2,0,0
2024-01-23 11:45:00+05:30,45342.05,45390.2,45089.6,45143.85,0,0
2024-01-23 12:15:00+05:30,45143.85,45362.85,45141.4,45304.25,0,0
2024-01-23 12:45:00+05:30,45294.2,45331.1,45193.1,45222.2,0,0
2024-01-23 13:15:00+05:30,45225.05,45268.95,45115.95,45173.8,0,0
2024-01-23 13:45:00+05:30,45174.9,45183.75,45063.0,45073.9,0,0
2024-01-23 14:15:00+05:30,45074.35,45097.75,44886.1,44903.7,0,0
2024-01-23 14:45:00+05:30,44904.7,45105.9,44904.7,45029.8,0,0
2024-01-23 15:15:00+05:30,45029.45,45066.6,44976.4,45006.35,0,0
2024-01-24 09:15:00+05:30,44489.4,45151.35,44489.4,45096.0,0,0
2024-01-24 09:45:00+05:30,45108.4,45397.7,45108.4,45261.95,0,0
2024-01-24 10:15:00+05:30,45263.35,45485.5,45262.95,45292.1,0,0
2024-01-24 10:45:00+05:30,45291.95,45368.5,45192.8,45255.0,0,0
2024-01-24 11:15:00+05:30,45255.1,45323.75,44835.2,45057.2,0,0
2024-01-24 11:45:00+05:30,45048.6,45053.5,44664.8,44709.1,0,0
2024-01-24 12:15:00+05:30,44709.55,44832.0,44604.5,44616.75,0,0
2024-01-24 12:45:00+05:30,44614.35,44891.35,44614.35,44804.05,0,0
2024-01-24 13:15:00+05:30,44802.45,44916.45,44682.6,44758.55,0,0
2024-01-24 13:45:00+05:30,44762.4,44846.15,44666.2,44774.1,0,0
2024-01-24 14:15:00+05:30,44776.25,45102.85,44737.7,45098.75,0,0
2024-01-24 14:45:00+05:30,45099.35,45148.2,44945.2,45108.45,0,0
2024-01-24 15:15:00+05:30,45108.35,45146.0,45055.45,45071.3,0,0
2024-01-25 09:15:00+05:30,45057.95,45136.1,44865.0,44900.55,0,0
2024-01-25 09:45:00+05:30,44903.35,44986.65,44804.0,44824.35,0,0
2024-01-25 10:15:00+05:30,44825.95,44836.55,44547.05,44625.65,0,0
2024-01-25 10:45:00+05:30,44629.1,44682.0,44570.9,44601.0,0,0
2024-01-25 11:15:00+05:30,44602.45,44769.1,44570.95,44667.25,0,0
2024-01-25 11:45:00+05:30,44667.6,44668.5,44513.65,44558.6,0,0
2024-01-25 12:15:00+05:30,44561.55,44614.3,44488.35,44554.4,0,0
2024-01-25 12:45:00+05:30,44556.7,44631.95,44429.0,44542.25,0,0
2024-01-25 13:15:00+05:30,44543.55,44550.9,44444.35,44502.65,0,0
2024-01-25 13:45:00+05:30,44503.15,44648.65,44501.3,44537.55,0,0
2024-01-25 14:15:00+05:30,44534.2,44635.85,44494.45,44545.05,0,0
2024-01-25 14:45:00+05:30,44545.55,44909.3,44533.2,44872.45,0,0
2024-01-25 15:15:00+05:30,44874.85,45139.05,44869.35,44988.5,0,0
2024-01-29 09:15:00+05:30,45171.5,45434.85,45110.9,45344.3,0,0
2024-01-29 09:45:00+05:30,45350.3,45499.45,45325.45,45463.9,0,0
2024-01-29 10:15:00+05:30,45464.8,45660.35,45454.25,45577.25,0,0
2024-01-29 10:45:00+05:30,45575.1,45614.0,45508.35,45546.55,0,0
2024-01-29 11:15:00+05:30,45544.05,45556.15,45323.35,45471.45,0,0
2024-01-29 11:45:00+05:30,45471.75,45519.5,45440.4,45497.55,0,0
2024-01-29 12:15:00+05:30,45500.35,45540.05,45424.05,45495.8,0,0
2024-01-29 12:45:00+05:30,45493.3,45554.85,45383.65,45449.8,0,0
2024-01-29 13:15:00+05:30,45449.05,45464.65,45341.65,45418.05,0,0
2024-01-29 13:45:00+05:30,45421.15,45511.9,45402.0,45439.35,0,0
2024-01-29 14:15:00+05:30,45438.95,45481.5,45373.7,45439.4,0,0
2024-01-29 14:45:00+05:30,45437.3,45507.75,45203.8,45493.15,0,0
2024-01-29 15:15:00+05:30,45489.2,45538.55,45470.6,45499.05,0,0
2024-01-30 09:15:00+05:30,45481.5,45678.7,45321.45,45424.75,0,0
2024-01-30 09:45:00+05:30,45420.2,45426.9,45264.15,45351.35,0,0
2024-01-30 10:15:00+05:30,45361.65,45435.0,45308.1,45367.0,0,0
2024-01-30 10:45:00+05:30,45367.85,45445.35,45278.95,45342.45,0,0
2024-01-30 11:15:00+05:30,45342.6,45384.65,45314.85,45364.85,0,0
2024-01-30 11:45:00+05:30,45364.5,45524.2,45352.05,45454.3,0,0
2024-01-30 12:15:00+05:30,45452.25,45481.3,45409.9,45416.5,0,0
2024-01-30 12:45:00+05:30,45413.65,45472.4,45396.9,45440.2,0,0
2024-01-30 13:15:00+05:30,45439.7,45467.85,45336.5,45445.4,0,0
2024-01-30 13:45:00+05:30,45444.9,45472.15,45364.65,45466.2,0,0
2024-01-30 14:15:00+05:30,45465.65,45492.5,45206.05,45307.8,0,0
2024-01-30 14:45:00+05:30,45305.8,45451.8,45274.35,45395.8,0,0
2024-01-30 15:15:00+05:30,45396.1,45409.1,45290.6,45319.55,0,0
2024-01-31 09:15:00+05:30,45295.65,45467.3,45071.2,45409.0,0,0
2024-01-31 09:45:00+05:30,45417.0,45859.15,45360.9,45824.45,0,0
2024-01-31 10:15:00+05:30,45818.2,46127.75,45760.7,46025.75,0,0
2024-01-31 10:45:00+05:30,46030.8,46132.2,45971.65,46056.25,0,0
2024-01-31 11:15:00+05:30,46054.15,46166.55,46022.3,46086.45,0,0
2024-01-31 11:45:00+05:30,46089.4,46179.75,46042.25,46046.35,0,0
2024-01-31 12:15:00+05:30,46047.05,46082.2,45872.0,45915.65,0,0
2024-01-31 12:45:00+05:30,45915.15,46027.15,45873.55,46015.45,0,0
2024-01-31 13:15:00+05:30,46014.45,46050.65,45935.65,45995.7,0,0
2024-01-31 13:45:00+05:30,45993.85,46084.35,45970.4,46041.3,0,0
2024-01-31 14:15:00+05:30,46041.7,46075.45,45922.35,46062.1,0,0
2024-01-31 14:45:00+05:30,46068.0,46137.8,45942.45,45990.6,0,0
2024-01-31 15:15:00+05:30,45989.35,46025.0,45943.55,45974.0,0,0
2024-02-01 09:15:00+05:30,46164.9,46173.3,45702.4,45797.0,0,0
2024-02-01 09:45:00+05:30,45794.25,45950.35,45741.55,45899.05,0,0
2024-02-01 10:15:00+05:30,45894.05,46064.2,45837.4,46034.85,0,0
2024-02-01 10:45:00+05:30,46028.25,46113.6,45911.9,46033.3,0,0
2024-02-01 11:15:00+05:30,46046.75,46048.95,45772.25,45901.8,0,0
2024-02-01 11:45:00+05:30,45906.4,46185.15,45668.35,46098.95,0,0
2024-02-01 12:15:00+05:30,46089.4,46141.2,45928.5,46090.0,0,0
2024-02-01 12:45:00+05:30,46093.5,46306.9,46092.35,46176.4,0,0
2024-02-01 13:15:00+05:30,46179.35,46223.25,45958.05,46033.9,0,0
2024-02-01 13:45:00+05:30,46031.75,46143.55,45997.4,46123.65,0,0
2024-02-01 14:15:00+05:30,46121.2,46158.15,46048.45,46071.05,0,0
2024-02-01 14:45:00+05:30,46064.4,46217.3,46064.4,46154.4,0,0
2024-02-01 15:15:00+05:30,46146.4,46253.55,46143.45,46206.9,0,0
2024-02-02 09:15:00+05:30,46568.2,46699.6,46501.1,46614.45,0,0
2024-02-02 09:45:00+05:30,46606.95,46653.35,46540.1,46612.0,0,0
2024-02-02 10:15:00+05:30,46611.85,46611.85,46431.4,46498.45,0,0
2024-02-02 10:45:00+05:30,46498.85,46606.85,46415.45,46583.0,0,0
2024-02-02 11:15:00+05:30,46577.0,46892.35,46577.0,46808.25,0,0
2024-02-02 11:45:00+05:30,46813.25,46839.45,46726.85,46744.5,0,0
2024-02-02 12:15:00+05:30,46743.3,46755.3,46308.5,46515.55,0,0
2024-02-02 12:45:00+05:30,46518.5,46519.8,46233.75,46254.7,0,0
2024-02-02 13:15:00+05:30,46252.55,46368.55,46130.4,46218.6,0,0
2024-02-02 13:45:00+05:30,46224.1,46352.35,46174.7,46307.85,0,0
2024-02-02 14:15:00+05:30,46309.1,46342.9,46227.1,46306.3,0,0
2024-02-02 14:45:00+05:30,46304.65,46331.0,45941.0,45963.8,0,0
2024-02-02 15:15:00+05:30,45962.65,45977.8,45901.25,45954.65,0,0
2024-02-05 09:15:00+05:30,45962.25,45974.7,45615.1,45794.3,0,0
2024-02-05 09:45:00+05:30,45805.15,46040.05,45779.95,45904.6,0,0
2024-02-05 10:15:00+05:30,45904.45,45935.8,45747.75,45828.2,0,0
2024-02-05 10:45:00+05:30,45828.45,45882.85,45770.95,45879.5,0,0
2024-02-05 11:15:00+05:30,45874.75,45945.05,45826.75,45826.75,0,0
2024-02-05 11:45:00+05:30,45831.4,45977.65,45811.75,45911.15,0,0
2024-02-05 12:15:00+05:30,45911.5,45963.7,45870.05,45953.2,0,0
2024-02-05 12:45:00+05:30,45949.95,46048.6,45937.1,45986.2,0,0
2024-02-05 13:15:00+05:30,45983.9,46008.65,45897.3,45916.95,0,0
2024-02-05 13:45:00+05:30,45914.35,46008.85,45844.9,45932.0,0,0
2024-02-05 14:15:00+05:30,45934.25,45957.05,45745.8,45783.0,0,0
2024-02-05 14:45:00+05:30,45779.85,45931.25,45710.7,45834.9,0,0
2024-02-05 15:15:00+05:30,45835.1,45864.35,45745.7,45756.65,0,0
2024-02-06 09:15:00+05:30,45891.2,45932.15,45592.2,45724.05,0,0
2024-02-06 09:45:00+05:30,45717.7,45785.05,45693.65,45729.7,0,0
2024-02-06 10:15:00+05:30,45729.15,45744.0,45527.0,45601.55,0,0
2024-02-06 10:45:00+05:30,45607.85,45655.6,45570.85,45612.55,0,0
2024-02-06 11:15:00+05:30,45615.4,45763.15,45576.25,45707.15,0,0
2024-02-06 11:45:00+05:30,45708.6,45869.55,45672.6,45793.1,0,0
2024-02-06 12:15:00+05:30,45792.2,45801.75,45649.95,45734.3,0,0
2024-02-06 12:45:00+05:30,45738.6,45794.85,45661.25,45702.45,0,0
2024-02-06 13:15:00+05:30,45706.5,45764.3,45571.25,45692.8,0,0
2024-02-06 13:45:00+05:30,45694.35,45751.9,45582.65,45619.65,0,0
2024-02-06 14:15:00+05:30,45623.8,45734.3,45575.6,45715.55,0,0
2024-02-06 14:45:00+05:30,45717.95,45717.95,45595.0,45669.0,0,0
2024-02-06 15:15:00+05:30,45671.15,45784.1,45644.8,45774.45,0,0
2024-02-07 09:15:00+05:30,45944.6,46062.85,45888.4,45930.1,0,0
2024-02-07 09:45:00+05:30,45927.6,45958.15,45802.65,45875.4,0,0
2024-02-07 10:15:00+05:30,45874.05,45901.85,45787.3,45828.45,0,0
2024-02-07 10:45:00+05:30,45826.7,45887.85,45793.5,45856.85,0,0
2024-02-07 11:15:00+05:30,45855.55,45858.8,45620.5,45680.05,0,0
2024-02-07 11:45:00+05:30,45679.15,45760.1,45649.75,45709.6,0,0
2024-02-07 12:15:00+05:30,45710.25,45756.35,45682.45,45718.55,0,0
2024-02-07 12:45:00+05:30,45719.15,45747.55,45670.65,45717.15,0,0
2024-02-07 13:15:00+05:30,45717.7,45821.1,45680.9,45773.55,0,0
2024-02-07 13:45:00+05:30,45771.3,45814.75,45708.0,45778.55,0,0
2024-02-07 14:15:00+05:30,45785.45,45846.8,45735.0,45775.8,0,0
2024-02-07 14:45:00+05:30,45776.65,45848.05,45754.6,45848.05,0,0
2024-02-07 15:15:00+05:30,45839.85,45939.25,45787.9,45916.4,0,0
2024-02-08 09:15:00+05:30,45973.85,46108.65,45941.65,46010.7,0,0
2024-02-08 09:45:00+05:30,46013.9,46181.2,45921.4,46020.6,0,0
2024-02-08 10:15:00+05:30,46023.05,46051.3,45829.9,45852.45,0,0
2024-02-08 10:45:00+05:30,45854.05,45956.85,45227.2,45405.0,0,0
2024-02-08 11:15:00+05:30,45398.25,45459.85,45324.3,45360.4,0,0
2024-02-08 11:45:00+05:30,45361.25,45517.2,45332.6,45481.25,0,0
2024-02-08 12:15:00+05:30,45479.4,45499.65,45337.25,45443.55,0,0
2024-02-08 12:45:00+05:30,45440.9,45501.65,45408.5,45457.5,0,0
2024-02-08 13:15:00+05:30,45460.7,45533.65,45424.8,45484.15,0,0
2024-02-08 13:45:00+05:30,45486.3,45505.8,45360.55,45373.9,0,0
2024-02-08 14:15:00+05:30,45376.75,45416.05,45084.65,45154.0,0,0
2024-02-08 14:45:00+05:30,45154.1,45184.85,44893.75,44979.85,0,0
2024-02-08 15:15:00+05:30,44986.2,45108.7,44948.9,45105.45,0,0
2024-02-09 09:15:00+05:30,44986.75,45236.1,44859.15,45125.3,0,0
2024-02-09 09:45:00+05:30,45119.75,45352.5,44995.7,45348.0,0,0
2024-02-09 10:15:00+05:30,45347.65,45349.95,45175.65,45232.85,0,0
2024-02-09 10:45:00+05:30,45232.65,45275.9,45052.9,45166.15,0,0
2024-02-09 11:15:00+05:30,45167.95,45488.9,45113.2,45376.25,0,0
2024-02-09 11:45:00+05:30,45378.55,45457.9,45345.5,45387.5,0,0
2024-02-09 12:15:00+05:30,45387.95,45481.7,45364.7,45404.65,0,0
2024-02-09 12:45:00+05:30,45405.0,45466.0,45300.55,45455.6,0,0
2024-02-09 13:15:00+05:30,45456.35,45464.4,45263.9,45331.9,0,0
2024-02-09 13:45:00+05:30,45334.85,45397.5,45278.0,45360.95,0,0
2024-02-09 14:15:00+05:30,45364.65,45717.5,45346.0,45626.6,0,0
2024-02-09 14:45:00+05:30,45629.3,45676.75,45547.05,45617.05,0,0
2024-02-09 15:15:00+05:30,45617.7,45713.4,45608.4,45706.55,0,0
2024-02-12 09:15:00+05:30,45664.3,45748.5,45473.85,45483.95,0,0
2024-02-12 09:45:00+05:30,45487.9,45508.65,45337.0,45376.35,0,0
2024-02-12 10:15:00+05:30,45376.5,45403.7,45146.3,45228.1,0,0
2024-02-12 10:45:00+05:30,45226.6,45345.65,45197.25,45334.8,0,0
2024-02-12 11:15:00+05:30,45334.85,45346.4,45242.65,45259.2,0,0
2024-02-12 11:45:00+05:30,45261.25,45276.5,44988.25,45050.95,0,0
2024-02-12 12:15:00+05:30,45051.25,45096.0,44958.9,45027.5,0,0
2024-02-12 12:45:00+05:30,45030.7,45042.9,44651.0,44745.85,0,0
2024-02-12 13:15:00+05:30,44750.85,44862.5,44673.35,44791.3,0,0
2024-02-12 13:45:00+05:30,44795.45,44958.45,44633.85,44939.1,0,0
2024-02-12 14:15:00+05:30,44937.95,44968.7,44785.35,44849.45,0,0
2024-02-12 14:45:00+05:30,44848.75,44996.75,44781.05,44838.7,0,0
2024-02-12 15:15:00+05:30,44838.7,44933.5,44807.95,44887.75,0,0
2024-02-13 09:15:00+05:30,45056.8,45183.0,44819.55,45139.25,0,0
2024-02-13 09:45:00+05:30,45141.3,45442.85,45085.15,45402.5,0,0
2024-02-13 10:15:00+05:30,45403.95,45461.95,45326.45,45413.55,0,0
2024-02-13 10:45:00+05:30,45402.6,45454.8,45342.15,45389.05,0,0
2024-02-13 11:15:00+05:30,45390.1,45390.1,45171.35,45206.4,0,0
2024-02-13 11:45:00+05:30,45211.8,45308.25,45082.7,45082.85,0,0
2024-02-13 12:15:00+05:30,45086.7,45108.4,44984.35,45070.6,0,0
2024-02-13 12:45:00+05:30,45072.4,45341.3,45052.05,45285.8,0,0
2024-02-13 13:15:00+05:30,45282.95,45633.3,45282.05,45611.55,0,0
2024-02-13 13:45:00+05:30,45609.0,45750.4,45541.7,45601.75,0,0
2024-02-13 14:15:00+05:30,45600.7,45600.7,45451.6,45492.45,0,0
2024-02-13 14:45:00+05:30,45489.55,45622.25,45474.4,45521.45,0,0
2024-02-13 15:15:00+05:30,45521.95,45564.45,45383.15,45419.85,0,0
2024-02-14 09:15:00+05:30,45014.65,45140.1,44860.75,45082.6,0,0
2024-02-14 09:45:00+05:30,45090.2,45259.05,45017.85,45255.9,0,0
2024-02-14 10:15:00+05:30,45271.3,45344.2,45197.05,45239.25,0,0
2024-02-14 10:45:00+05:30,45238.35,45454.5,45206.05,45361.35,0,0
2024-02-14 11:15:00+05:30,45360.3,45406.7,45227.6,45313.4,0,0
2024-02-14 11:45:00+05:30,45315.55,45480.5,45284.8,45398.95,0,0
2024-02-14 12:15:00+05:30,45395.15,45587.6,45394.95,45538.35,0,0
2024-02-14 12:45:00+05:30,45536.9,45764.55,45495.6,45666.8,0,0
2024-02-14 13:15:00+05:30,45665.95,45673.15,45430.0,45493.25,0,0
2024-02-14 13:45:00+05:30,45495.45,45683.85,45470.25,45683.85,0,0
2024-02-14 14:15:00+05:30,45684.85,46107.4,45660.4,46096.95,0,0
2024-02-14 14:45:00+05:30,46093.85,46170.45,45670.3,45785.45,0,0
2024-02-14 15:15:00+05:30,45780.9,45953.8,45690.75,45920.55,0,0
2024-02-15 09:15:00+05:30,46027.1,46100.65,45641.8,45662.15,0,0
2024-02-15 09:45:00+05:30,45659.65,45865.7,45590.2,45853.2,0,0
2024-02-15 10:15:00+05:30,45854.8,45976.15,45806.6,45875.05,0,0
2024-02-15 10:45:00+05:30,45877.85,45971.55,45824.55,45894.95,0,0
2024-02-15 11:15:00+05:30,45895.75,45958.9,45846.45,45926.1,0,0
2024-02-15 11:45:00+05:30,45929.5,46080.9,45929.5,46051.6,0,0
2024-02-15 12:15:00+05:30,46050.5,46092.65,45889.5,45975.1,0,0
2024-02-15 12:45:00+05:30,45973.65,46016.65,45917.9,45980.7,0,0
2024-02-15 13:15:00+05:30,45982.65,46228.2,45922.15,46207.05,0,0
2024-02-15 13:45:00+05:30,46205.75,46232.8,46101.35,46121.0,0,0
2024-02-15 14:15:00+05:30,46112.05,46168.4,46027.9,46164.75,0,0
2024-02-15 14:45:00+05:30,46165.85,46256.7,46132.25,46207.3,0,0
2024-02-15 15:15:00+05:30,46211.6,46297.7,46167.9,46266.0,0,0
2024-02-16 09:15:00+05:30,46454.3,46485.25,46292.8,46335.3,0,0
2024-02-16 09:45:00+05:30,46333.75,46471.15,46264.4,46453.1,0,0
2024-02-16 10:15:00+05:30,46452.3,46459.9,46359.05,46401.45,0,0
2024-02-16 10:45:00+05:30,46402.05,46461.0,46354.2,46390.1,0,0
2024-02-16 11:15:00+05:30,46389.75,46406.25,46297.6,46350.45,0,0
2024-02-16 11:45:00+05:30,46354.7,46477.75,46290.5,46451.5,0,0
2024-02-16 12:15:00+05:30,46449.5,46456.45,46362.15,46428.4,0,0
2024-02-16 12:45:00+05:30,46429.9,46478.5,46409.0,46442.35,0,0
2024-02-16 13:15:00+05:30,46443.15,46575.6,46400.1,46562.35,0,0
2024-02-16 13:45:00+05:30,46564.45,46693.4,46314.85,46413.9,0,0
2024-02-16 14:15:00+05:30,46408.9,46549.75,46355.1,46420.7,0,0
2024-02-16 14:45:00+05:30,46423.65,46492.1,46331.3,46353.5,0,0
2024-02-16 15:15:00+05:30,46353.15,46381.95,46310.3,46369.75,0,0
2024-02-19 09:15:00+05:30,46554.9,46619.05,46358.45,46400.55,0,0
2024-02-19 09:45:00+05:30,46400.5,46478.35,46317.7,46455.45,0,0
2024-02-19 10:15:00+05:30,46454.05,46541.5,46411.1,46484.95,0,0
2024-02-19 10:45:00+05:30,46490.25,46632.55,46477.3,46605.7,0,0
2024-02-19 11:15:00+05:30,46612.6,46692.25,46533.4,46611.05,0,0
2024-02-19 11:45:00+05:30,46610.2,46653.75,46579.85,46622.05,0,0
2024-02-19 12:15:00+05:30,46624.0,46662.8,46585.95,46636.15,0,0
2024-02-19 12:45:00+05:30,46631.65,46676.8,46601.2,46669.75,0,0
2024-02-19 13:15:00+05:30,46670.2,46675.05,46558.6,46626.45,0,0
2024-02-19 13:45:00+05:30,46624.05,46717.4,46621.15,46647.3,0,0
2024-02-19 14:15:00+05:30,46648.3,46695.85,46602.15,46638.05,0,0
2024-02-19 14:45:00+05:30,46639.85,46644.0,46453.85,46515.95,0,0
2024-02-19 15:15:00+05:30,46519.55,46578.65,46498.85,46556.1,0,0
2024-02-20 09:15:00+05:30,46444.9,46660.25,46367.8,46630.3,0,0
2024-02-20 09:45:00+05:30,46627.85,46878.85,46525.85,46878.85,0,0
2024-02-20 10:15:00+05:30,46873.05,46968.8,46792.9,46800.0,0,0
2024-02-20 10:45:00+05:30,46798.9,46892.65,46798.9,46882.25,0,0
2024-02-20 11:15:00+05:30,46878.45,46968.25,46828.4,46860.95,0,0
2024-02-20 11:45:00+05:30,46855.95,46980.7,46841.55,46932.15,0,0
2024-02-20 12:15:00+05:30,46933.1,46970.2,46900.45,46950.55,0,0
2024-02-20 12:45:00+05:30,46945.8,46991.4,46921.6,46934.3,0,0
2024-02-20 13:15:00+05:30,46935.05,47059.3,46915.05,46972.8,0,0
2024-02-20 13:45:00+05:30,46972.05,46978.0,46806.15,46917.0,0,0
2024-02-20 14:15:00+05:30,46917.85,47069.95,46915.25,47010.65,0,0
2024-02-20 14:45:00+05:30,47009.75,47128.35,46981.9,47094.2,0,0
2024-02-20 15:15:00+05:30,47094.4,47136.75,47081.9,47126.65,0,0
2024-02-21 09:15:00+05:30,47363.4,47363.4,47085.25,47304.5,0,0
2024-02-21 09:45:00+05:30,47306.75,47359.05,47074.75,47138.95,0,0
2024-02-21 10:15:00+05:30,47134.1,47172.65,46949.3,46973.9,0,0
2024-02-21 10:45:00+05:30,46969.25,47064.85,46925.05,47025.55,0,0
2024-02-21 11:15:00+05:30,47026.05,47188.1,46985.35,47169.9,0,0
2024-02-21 11:45:00+05:30,47170.35,47183.6,47080.85,47138.9,0,0
2024-02-21 12:15:00+05:30,47140.45,47233.45,47127.75,47200.4,0,0
2024-02-21 12:45:00+05:30,47209.05,47319.2,47208.65,47271.2,0,0
2024-02-21 13:15:00+05:30,47270.65,47298.85,47177.7,47272.25,0,0
2024-02-21 13:45:00+05:30,47272.0,47272.6,47033.75,47086.4,0,0
2024-02-21 14:15:00+05:30,47089.2,47155.7,46967.55,47036.95,0,0
2024-02-21 14:45:00+05:30,47034.8,47105.1,46984.7,47060.1,0,0
2024-02-21 15:15:00+05:30,47059.25,47073.05,46886.95,46933.6,0,0
2024-02-22 09:15:00+05:30,46934.55,47024.05,46797.85,46912.8,0,0
2024-02-22 09:45:00+05:30,46908.7,46968.35,46600.5,46652.0,0,0
2024-02-22 10:15:00+05:30,46651.35,46664.3,46519.4,46620.55,0,0
2024-02-22 10:45:00+05:30,46619.4,46620.1,46462.0,46558.0,0,0
2024-02-22 11:15:00+05:30,46556.45,46569.75,46426.85,46547.7,0,0
2024-02-22 11:45:00+05:30,46542.5,46636.5,46487.9,46575.4,0,0
2024-02-22 12:15:00+05:30,46579.2,46612.3,46543.1,46580.7,0,0
2024-02-22 12:45:00+05:30,46580.2,46580.65,46476.3,46530.8,0,0
2024-02-22 13:15:00+05:30,46529.05,46718.85,46513.35,46707.7,0,0
2024-02-22 13:45:00+05:30,46706.4,46909.55,46703.25,46754.65,0,0
2024-02-22 14:15:00+05:30,46748.0,46814.1,46667.75,46786.85,0,0
2024-02-22 14:45:00+05:30,46777.45,46955.65,46758.25,46906.55,0,0
2024-02-22 15:15:00+05:30,46909.1,47010.6,46889.15,46944.85,0,0
2024-02-23 09:15:00+05:30,47060.7,47135.25,46927.9,47106.15,0,0
2024-02-23 09:45:00+05:30,47106.95,47174.25,47060.6,47173.35,0,0
2024-02-23 10:15:00+05:30,47176.0,47245.35,46851.8,46986.15,0,0
2024-02-23 10:45:00+05:30,46985.85,47091.3,46876.5,47021.9,0,0
2024-02-23 11:15:00+05:30,47018.0,47074.7,46994.95,47041.55,0,0
2024-02-23 11:45:00+05:30,47040.8,47055.2,46931.55,46992.3,0,0
2024-02-23 12:15:00+05:30,46986.25,47075.25,46941.6,47058.45,0,0
2024-02-23 12:45:00+05:30,47059.35,47084.7,47008.9,47050.35,0,0
2024-02-23 13:15:00+05:30,47049.75,47055.6,46755.9,46872.4,0,0
2024-02-23 13:45:00+05:30,46872.95,46926.55,46776.3,46776.8,0,0
2024-02-23 14:15:00+05:30,46777.35,46961.45,46741.85,46954.95,0,0
2024-02-23 14:45:00+05:30,46955.95,46959.85,46806.55,46819.85,0,0
2024-02-23 15:15:00+05:30,46820.3,46853.3,46723.15,46768.6,0,0
2024-02-26 09:15:00+05:30,46615.85,46891.9,46611.7,46879.35,0,0
2024-02-26 09:45:00+05:30,46881.9,46893.15,46553.05,46645.35,0,0
2024-02-26 10:15:00+05:30,46644.95,46714.55,46602.3,46626.75,0,0
2024-02-26 10:45:00+05:30,46624.15,46672.6,46559.7,46639.95,0,0
2024-02-26 11:15:00+05:30,46639.75,46665.9,46593.25,46628.95,0,0
2024-02-26 11:45:00+05:30,46627.15,46643.0,46542.35,46583.75,0,0
2024-02-26 12:15:00+05:30,46581.15,46671.6,46513.55,46623.1,0,0
2024-02-26 12:45:00+05:30,46622.15,46805.4,46608.4,46771.95,0,0
2024-02-26 13:15:00+05:30,46770.8,46801.8,46646.4,46650.9,0,0
2024-02-26 13:45:00+05:30,46651.65,46756.65,46649.55,46696.15,0,0
2024-02-26 14:15:00+05:30,46698.5,46759.25,46646.6,46677.55,0,0
2024-02-26 14:45:00+05:30,46680.1,46699.1,46556.65,46562.25,0,0
2024-02-26 15:15:00+05:30,46564.55,46590.3,46526.55,46565.6,0,0
2024-02-27 09:15:00+05:30,46480.2,46582.5,46427.65,46550.25,0,0
2024-02-27 09:45:00+05:30,46546.45,46604.1,46359.8,46384.6,0,0
2024-02-27 10:15:00+05:30,46386.9,46447.95,46324.9,46447.95,0,0
2024-02-27 10:45:00+05:30,46450.65,46506.75,46429.65,46453.3,0,0
2024-02-27 11:15:00+05:30,46452.85,46533.7,46417.3,46466.05,0,0
2024-02-27 11:45:00+05:30,46461.6,46488.05,46411.45,46454.35,0,0
2024-02-27 12:15:00+05:30,46455.85,46497.05,46398.1,46487.8,0,0
2024-02-27 12:45:00+05:30,46489.45,46670.0,46479.05,46664.5,0,0
2024-02-27 13:15:00+05:30,46656.7,46722.25,46607.4,46625.75,0,0
2024-02-27 13:45:00+05:30,46624.9,46654.15,46522.9,46644.35,0,0
2024-02-27 14:15:00+05:30,46642.8,46687.9,46565.9,46633.65,0,0
2024-02-27 14:45:00+05:30,46636.8,46647.15,46541.7,46585.3,0,0
2024-02-27 15:15:00+05:30,46580.85,46626.65,46553.7,46613.85,0,0
2024-02-28 09:15:00+05:30,46640.9,46682.45,46552.95,46620.15,0,0
2024-02-28 09:45:00+05:30,46624.3,46731.15,46523.3,46708.1,0,0
2024-02-28 10:15:00+05:30,46705.95,46754.55,46614.8,46631.1,0,0
2024-02-28 10:45:00+05:30,46630.4,46642.45,46040.3,46204.2,0,0
2024-02-28 11:15:00+05:30,46206.4,46312.3,46174.65,46174.65,0,0
2024-02-28 11:45:00+05:30,46179.25,46269.45,46149.6,46235.15,0,0
2024-02-28 12:15:00+05:30,46237.55,46253.75,46170.65,46247.5,0,0
2024-02-28 12:45:00+05:30,46246.7,46259.05,45913.65,45939.75,0,0
2024-02-28 13:15:00+05:30,45944.1,46270.15,45944.1,46207.05,0,0
2024-02-28 13:45:00+05:30,46206.45,46279.55,46169.65,46252.9,0,0
2024-02-28 14:15:00+05:30,46253.65,46254.15,45990.55,46042.75,0,0
2024-02-28 14:45:00+05:30,46037.5,46142.5,45920.95,45962.35,0,0
2024-02-28 15:15:00+05:30,45961.65,45963.45,45852.55,45910.55,0,0
2024-02-29 09:15:00+05:30,45881.45,45989.25,45766.3,45864.9,0,0
2024-02-29 09:45:00+05:30,45873.2,46154.2,45661.75,45738.4,0,0
2024-02-29 10:15:00+05:30,45739.85,45850.2,45702.8,45813.95,0,0
2024-02-29 10:45:00+05:30,45813.05,45908.05,45751.55,45903.65,0,0
2024-02-29 11:15:00+05:30,45904.55,45925.55,45802.35,45880.45,0,0
2024-02-29 11:45:00+05:30,45872.65,45931.3,45838.25,45889.7,0,0
2024-02-29 12:15:00+05:30,45887.0,46016.85,45804.65,46005.85,0,0
2024-02-29 12:45:00+05:30,46002.75,46086.7,45939.55,46075.75,0,0
2024-02-29 13:15:00+05:30,46073.5,46136.45,46005.5,46034.75,0,0
2024-02-29 13:45:00+05:30,46031.55,46189.15,46026.85,46144.1,0,0
2024-02-29 14:15:00+05:30,46141.2,46276.75,46012.65,46271.1,0,0
2024-02-29 14:45:00+05:30,46275.2,46329.65,45933.15,46155.05,0,0
2024-02-29 15:15:00+05:30,46152.55,46322.6,46144.7,46277.0,0,0
2024-03-01 09:15:00+05:30,46218.0,46602.15,46218.0,46583.25,0,0
2024-03-01 09:45:00+05:30,46580.25,46625.0,46526.7,46604.9,0,0
2024-03-01 10:15:00+05:30,46599.9,46661.3,46569.25,46627.0,0,0
2024-03-01 10:45:00+05:30,46621.7,46726.6,46592.9,46685.45,0,0
2024-03-01 11:15:00+05:30,46685.55,46969.55,46685.55,46886.2,0,0
2024-03-01 11:45:00+05:30,46884.95,46940.55,46869.35,46911.0,0,0
2024-03-01 12:15:00+05:30,46911.05,47066.05,46887.95,47041.45,0,0
2024-03-01 12:45:00+05:30,47041.75,47082.6,46977.35,46993.55,0,0
2024-03-01 13:15:00+05:30,46993.1,47047.8,46965.6,47038.05,0,0
2024-03-01 13:45:00+05:30,47038.5,47174.65,47010.95,47161.6,0,0
2024-03-01 14:15:00+05:30,47160.95,47267.35,47142.4,47235.35,0,0
2024-03-01 14:45:00+05:30,47234.8,47334.85,47233.95,47313.5,0,0
2024-03-01 15:15:00+05:30,47312.5,47342.25,47212.75,47255.95,0,0
2024-03-02 09:15:00+05:30,47377.45,47438.6,47241.1,47351.1,0,0
2024-03-02 09:45:00+05:30,47354.4,47393.35,47272.55,47297.0,0,0
2024-03-02 11:15:00+05:30,47327.0,47343.75,47237.0,47298.7,0,0
2024-03-02 11:45:00+05:30,47297.4,47348.15,47256.2,47294.55,0,0
2024-03-02 12:15:00+05:30,47295.3,47314.5,47281.35,47294.6,0,0
2024-03-04 09:15:00+05:30,47318.5,47461.15,47306.85,47383.75,0,0
2024-03-04 09:45:00+05:30,47377.2,47436.4,47279.25,47413.3,0,0
2024-03-04 10:15:00+05:30,47411.65,47520.9,47411.65,47488.9,0,0
2024-03-04 10:45:00+05:30,47489.8,47489.8,47191.65,47320.65,0,0
2024-03-04 11:15:00+05:30,47319.9,47355.85,47249.0,47324.3,0,0
2024-03-04 11:45:00+05:30,47327.05,47350.55,47265.7,47309.3,0,0
2024-03-04 12:15:00+05:30,47300.6,47373.1,47299.95,47363.85,0,0
2024-03-04 12:45:00+05:30,47367.8,47371.4,47273.75,47326.75,0,0
2024-03-04 13:15:00+05:30,47326.4,47411.75,47325.05,47393.15,0,0
2024-03-04 13:45:00+05:30,47390.3,47490.65,47353.55,47485.3,0,0
2024-03-04 14:15:00+05:30,47485.1,47505.6,47335.0,47367.55,0,0
2024-03-04 14:45:00+05:30,47370.15,47529.6,47362.55,47484.8,0,0
2024-03-04 15:15:00+05:30,47481.35,47486.0,47378.0,47425.65,0,0
2024-03-05 09:15:00+05:30,47265.7,47390.7,47196.75,47368.35,0,0
2024-03-05 09:45:00+05:30,47363.75,47379.75,47285.45,47330.45,0,0
2024-03-05 10:15:00+05:30,47331.3,47336.2,47241.8,47325.05,0,0
2024-03-05 10:45:00+05:30,47324.4,47420.85,47311.8,47358.15,0,0
2024-03-05 11:15:00+05:30,47359.4,47372.85,47273.7,47355.05,0,0
2024-03-05 11:45:00+05:30,47356.75,47429.25,47348.8,47382.9,0,0
2024-03-05 12:15:00+05:30,47379.25,47425.05,47353.75,47422.95,0,0
2024-03-05 12:45:00+05:30,47426.0,47737.85,47414.95,47676.8,0,0
2024-03-05 13:15:00+05:30,47674.8,47712.7,47634.05,47653.7,0,0
2024-03-05 13:45:00+05:30,47651.95,47674.35,47512.75,47596.65,0,0
2024-03-05 14:15:00+05:30,47597.75,47701.0,47576.8,47653.45,0,0
2024-03-05 14:45:00+05:30,47652.3,47680.9,47529.75,47583.35,0,0
2024-03-05 15:15:00+05:30,47583.3,47611.1,47560.9,47582.15,0,0
2024-03-06 09:15:00+05:30,47451.65,47904.0,47442.25,47892.65,0,0
2024-03-06 09:45:00+05:30,47899.5,48073.8,47739.5,48016.75,0,0
2024-03-06 10:15:00+05:30,48012.8,48155.85,47921.25,48019.65,0,0
2024-03-06 10:45:00+05:30,48021.95,48096.65,47905.85,48010.3,0,0
2024-03-06 11:15:00+05:30,48017.25,48067.35,47954.35,47998.3,0,0
2024-03-06 11:45:00+05:30,47992.75,48036.25,47921.05,48035.7,0,0
2024-03-06 12:15:00+05:30,48038.05,48098.6,47970.7,48045.55,0,0
2024-03-06 12:45:00+05:30,48044.35,48113.65,48012.15,48112.9,0,0
2024-03-06 13:15:00+05:30,48109.45,48124.5,48015.6,48065.95,0,0
2024-03-06 13:45:00+05:30,48066.1,48149.25,48059.45,48121.95,0,0
2024-03-06 14:15:00+05:30,48123.9,48161.25,48073.3,48115.15,0,0
2024-03-06 14:45:00+05:30,48117.05,48122.3,47876.0,47919.95,0,0
2024-03-06 15:15:00+05:30,47916.5,48021.55,47861.2,47959.85,0,0
2024-03-07 09:15:00+05:30,48035.8,48071.7,47869.2,47928.65,0,0
2024-03-07 09:45:00+05:30,47925.65,47963.65,47837.4,47944.8,0,0
2024-03-07 10:15:00+05:30,47946.6,47986.0,47818.55,47832.8,0,0
2024-03-07 10:45:00+05:30,47823.7,47933.05,47747.2,47876.25,0,0
2024-03-07 11:15:00+05:30,47876.55,47909.9,47834.25,47868.1,0,0
2024-03-07 11:45:00+05:30,47864.1,47884.2,47815.85,47836.0,0,0
2024-03-07 12:15:00+05:30,47837.45,47860.7,47777.25,47831.65,0,0
2024-03-07 12:45:00+05:30,47830.35,47861.6,47791.35,47854.6,0,0
2024-03-07 13:15:00+05:30,47846.4,47883.6,47810.95,47854.45,0,0
2024-03-07 13:45:00+05:30,47856.6,47901.5,47830.4,47852.65,0,0
2024-03-07 14:15:00+05:30,47844.55,47975.6,47841.5,47887.3,0,0
2024-03-07 14:45:00+05:30,47880.75,47923.45,47803.95,47857.0,0,0
2024-03-07 15:15:00+05:30,47857.3,47858.95,47762.8,47788.0,0,0
2024-03-11 09:15:00+05:30,47792.2,47853.8,47666.55,47708.5,0,0
2024-03-11 09:45:00+05:30,47709.35,47729.35,47594.85,47599.85,0,0
2024-03-11 10:15:00+05:30,47594.85,47680.6,47589.45,47614.75,0,0
2024-03-11 10:45:00+05:30,47612.8,47652.45,47577.45,47621.55,0,0
2024-03-11 11:15:00+05:30,47618.05,47618.05,47450.1,47498.85,0,0
2024-03-11 11:45:00+05:30,47499.75,47518.8,47323.4,47345.7,0,0
2024-03-11 12:15:00+05:30,47344.35,47415.15,47294.75,47393.8,0,0
2024-03-11 12:45:00+05:30,47394.65,47397.5,47275.1,47308.2,0,0
2024-03-11 13:15:00+05:30,47308.75,47388.8,47282.55,47339.4,0,0
2024-03-11 13:45:00+05:30,47338.25,47373.55,47283.3,47288.15,0,0
2024-03-11 14:15:00+05:30,47292.45,47382.9,47230.65,47369.75,0,0
2024-03-11 14:45:00+05:30,47369.4,47422.3,47320.25,47343.65,0,0
2024-03-11 15:15:00+05:30,47340.95,47340.95,47264.25,47280.25,0,0
2024-03-12 09:15:00+05:30,47351.35,47748.9,47196.95,47720.05,0,0
2024-03-12 09:45:00+05:30,47721.15,47812.75,47657.5,47728.75,0,0
2024-03-12 10:15:00+05:30,47728.35,47768.6,47233.8,47237.1,0,0
2024-03-12 10:45:00+05:30,47243.7,47373.95,46884.45,47329.5,0,0
2024-03-12 11:15:00+05:30,47331.6,47339.7,47210.05,47273.5,0,0
2024-03-12 11:45:00+05:30,47273.4,47407.8,47178.1,47266.05,0,0
2024-03-12 12:15:00+05:30,47268.0,47378.15,47247.95,47377.75,0,0
2024-03-12 12:45:00+05:30,47374.85,47433.55,47276.0,47410.7,0,0
2024-03-12 13:15:00+05:30,47412.25,47488.8,47361.35,47393.6,0,0
2024-03-12 13:45:00+05:30,47392.85,47491.95,47369.9,47387.5,0,0
2024-03-12 14:15:00+05:30,47385.55,47438.25,47263.05,47291.5,0,0
2024-03-12 14:45:00+05:30,47287.35,47367.7,47240.1,47266.3,0,0
2024-03-12 15:15:00+05:30,47261.5,47306.65,47251.5,47277.3,0,0
2024-03-13 09:15:00+05:30,47341.15,47441.75,47290.6,47368.6,0,0
2024-03-13 09:45:00+05:30,47370.6,47453.3,47210.3,47430.75,0,0
2024-03-13 10:15:00+05:30,47426.0,47468.7,47269.85,47330.45,0,0
2024-03-13 10:45:00+05:30,47333.45,47346.4,47179.45,47232.6,0,0
2024-03-13 11:15:00+05:30,47234.15,47247.6,47029.3,47109.4,0,0
2024-03-13 11:45:00+05:30,47105.8,47162.45,47047.95,47069.95,0,0
2024-03-13 12:15:00+05:30,47076.75,47151.2,47038.6,47084.7,0,0
2024-03-13 12:45:00+05:30,47082.45,47136.9,47045.1,47104.3,0,0
2024-03-13 13:15:00+05:30,47099.95,47163.05,47063.25,47108.5,0,0
2024-03-13 13:45:00+05:30,47105.55,47119.1,46904.5,46934.1,0,0
2024-03-13 14:15:00+05:30,46923.1,46987.6,46856.2,46956.3,0,0
2024-03-13 14:45:00+05:30,46951.1,47128.7,46853.75,46861.35,0,0
2024-03-13 15:15:00+05:30,46862.45,46991.35,46842.15,46895.2,0,0
2024-03-14 09:15:00+05:30,46825.75,46856.85,46565.55,46740.75,0,0
2024-03-14 09:45:00+05:30,46737.9,46868.8,46676.45,46685.15,0,0
2024-03-14 10:15:00+05:30,46690.25,47028.3,46687.55,46982.15,0,0
2024-03-14 10:45:00+05:30,46987.4,47084.65,46889.5,47064.5,0,0
2024-03-14 11:15:00+05:30,47065.35,47231.5,47002.0,47198.75,0,0
2024-03-14 11:45:00+05:30,47202.1,47215.75,47087.2,47128.0,0,0
2024-03-14 12:15:00+05:30,47128.5,47192.1,46979.8,46981.85,0,0
2024-03-14 12:45:00+05:30,46984.55,47097.55,46915.4,47044.65,0,0
2024-03-14 13:15:00+05:30,47043.2,47072.9,46887.5,46903.55,0,0
2024-03-14 13:45:00+05:30,46904.0,46970.95,46761.6,46803.55,0,0
2024-03-14 14:15:00+05:30,46801.75,46905.35,46736.45,46742.55,0,0
2024-03-14 14:45:00+05:30,46742.3,46821.8,46688.35,46799.6,0,0
2024-03-14 15:15:00+05:30,46795.1,46845.4,46742.55,46834.7,0,0
2024-03-15 09:15:00+05:30,46572.1,46802.55,46484.0,46595.45,0,0
2024-03-15 09:45:00+05:30,46595.15,46653.45,46418.75,46499.55,0,0
2024-03-15 10:15:00+05:30,46497.9,46515.3,46310.5,46411.85,0,0
2024-03-15 10:45:00+05:30,46417.0,46574.75,46324.75,46379.5,0,0
2024-03-15 11:15:00+05:30,46384.45,46457.55,46350.3,46432.15,0,0
2024-03-15 11:45:00+05:30,46432.4,46474.2,46327.6,46365.2,0,0
2024-03-15 12:15:00+05:30,46365.5,46400.75,46332.65,46365.3,0,0
2024-03-15 12:45:00+05:30,46361.55,46499.7,46356.5,46439.2,0,0
2024-03-15 13:15:00+05:30,46437.1,46574.75,46407.1,46538.95,0,0
2024-03-15 13:45:00+05:30,46543.5,46708.15,46542.5,46569.2,0,0
2024-03-15 14:15:00+05:30,46570.35,46604.55,46381.7,46467.6,0,0
2024-03-15 14:45:00+05:30,46469.55,46675.35,46394.65,46561.95,0,0
2024-03-15 15:15:00+05:30,46559.35,46673.7,46512.8,46542.05,0,0
2024-03-18 09:15:00+05:30,46458.75,46677.85,46405.4,46456.3,0,0
2024-03-18 09:45:00+05:30,46451.7,46580.45,46304.4,46374.25,0,0
2024-03-18 10:15:00+05:30,46375.4,46530.75,46367.7,46422.95,0,0
2024-03-18 10:45:00+05:30,46424.55,46485.65,46205.85,46205.85,0,0
2024-03-18 11:15:00+05:30,46200.7,46302.3,46022.15,46302.3,0,0
2024-03-18 11:45:00+05:30,46298.85,46699.85,46249.05,46589.45,0,0
2024-03-18 12:15:00+05:30,46591.95,46739.25,46543.05,46557.55,0,0
2024-03-18 12:45:00+05:30,46561.1,46638.5,46520.2,46622.3,0,0
2024-03-18 13:15:00+05:30,46626.2,46649.65,46572.35,46585.75,0,0
2024-03-18 13:45:00+05:30,46586.6,46644.9,46543.35,46573.9,0,0
2024-03-18 14:15:00+05:30,46577.25,46727.3,46565.0,46680.85,0,0
2024-03-18 14:45:00+05:30,46681.75,46681.8,46489.45,46554.15,0,0
2024-03-18 15:15:00+05:30,46549.1,46628.65,46549.1,46617.9,0,0
2024-03-19 09:15:00+05:30,46421.9,46602.35,46412.2,46580.55,0,0
2024-03-19 09:45:00+05:30,46580.65,46580.65,46344.5,46413.9,0,0
2024-03-19 10:15:00+05:30,46415.1,46553.5,46322.5,46458.05,0,0
2024-03-19 10:45:00+05:30,46455.75,46460.75,46363.15,46418.2,0,0
2024-03-19 11:15:00+05:30,46415.55,46524.45,46399.8,46407.8,0,0
2024-03-19 11:45:00+05:30,46399.5,46451.2,46394.9,46419.9,0,0
2024-03-19 12:15:00+05:30,46419.4,46469.0,46409.35,46431.05,0,0
2024-03-19 12:45:00+05:30,46431.75,46480.5,46411.5,46432.8,0,0
2024-03-19 13:15:00+05:30,46434.25,46456.25,46401.35,46431.9,0,0
2024-03-19 13:45:00+05:30,46433.65,46434.75,46302.1,46333.15,0,0
2024-03-19 14:15:00+05:30,46334.15,46398.8,46258.75,46373.55,0,0
2024-03-19 14:45:00+05:30,46373.1,46464.2,46320.05,46373.95,0,0
2024-03-19 15:15:00+05:30,46368.95,46387.65,46331.15,46333.1,0,0
2024-03-20 09:15:00+05:30,46392.9,46570.25,46328.8,46493.1,0,0
2024-03-20 09:45:00+05:30,46494.7,46503.65,46107.15,46137.05,0,0
2024-03-20 10:15:00+05:30,46136.5,46179.3,45828.8,45913.45,0,0
2024-03-20 10:45:00+05:30,45914.2,46181.1,45843.3,46137.5,0,0
2024-03-20 11:15:00+05:30,46138.25,46248.95,46051.3,46248.95,0,0
2024-03-20 11:45:00+05:30,46250.2,46308.5,46226.0,46283.6,0,0
2024-03-20 12:15:00+05:30,46289.6,46491.4,46271.1,46461.8,0,0
2024-03-20 12:45:00+05:30,46461.65,46590.05,46372.45,46542.65,0,0
2024-03-20 13:15:00+05:30,46551.15,46655.55,46502.95,46591.15,0,0
2024-03-20 13:45:00+05:30,46597.0,46630.2,46310.6,46342.15,0,0
2024-03-20 14:15:00+05:30,46343.6,46417.55,46200.0,46287.05,0,0
2024-03-20 14:45:00+05:30,46288.0,46366.0,46236.6,46316.95,0,0
2024-03-20 15:15:00+05:30,46314.85,46412.0,46271.5,46370.2,0,0
2024-03-21 09:15:00+05:30,46674.85,46850.3,46674.85,46809.25,0,0
2024-03-21 09:45:00+05:30,46809.7,46979.35,46751.2,46951.45,0,0
2024-03-21 10:15:00+05:30,46947.45,46990.25,46760.3,46793.5,0,0
2024-03-21 10:45:00+05:30,46796.9,46901.75,46776.35,46875.7,0,0
2024-03-21 11:15:00+05:30,46873.85,46898.55,46785.3,46804.9,0,0
2024-03-21 11:45:00+05:30,46803.15,46847.45,46605.05,46627.3,0,0
2024-03-21 12:15:00+05:30,46628.35,46768.85,46570.15,46738.1,0,0
2024-03-21 12:45:00+05:30,46740.3,46756.7,46670.55,46727.75,0,0
2024-03-21 13:15:00+05:30,46724.35,46778.05,46687.4,46717.55,0,0
2024-03-21 13:45:00+05:30,46716.55,46743.15,46645.65,46680.75,0,0
2024-03-21 14:15:00+05:30,46685.95,46740.0,46640.25,46680.7,0,0
2024-03-21 14:45:00+05:30,46680.6,46725.45,46633.35,46704.5,0,0
2024-03-21 15:15:00+05:30,46697.95,46713.05,46670.75,46679.25,0,0
2024-03-22 09:15:00+05:30,46634.9,46862.3,46566.8,46777.5,0,0
2024-03-22 09:45:00+05:30,46764.1,46894.5,46634.95,46848.05,0,0
2024-03-22 10:15:00+05:30,46845.8,46938.85,46803.75,46855.45,0,0
2024-03-22 10:45:00+05:30,46856.25,46924.1,46823.85,46870.3,0,0
2024-03-22 11:15:00+05:30,46870.45,46948.5,46870.45,46910.05,0,0
2024-03-22 11:45:00+05:30,46909.05,46925.55,46840.3,46859.75,0,0
2024-03-22 12:15:00+05:30,46858.6,46883.25,46812.75,46851.05,0,0
2024-03-22 12:45:00+05:30,46849.0,46919.15,46849.0,46882.45,0,0
2024-03-22 13:15:00+05:30,46881.5,46907.95,46809.25,46840.55,0,0
2024-03-22 13:45:00+05:30,46839.85,46870.45,46811.15,46855.75,0,0
2024-03-22 14:15:00+05:30,46851.7,46918.5,46851.7,46906.6,0,0
2024-03-22 14:45:00+05:30,46899.0,46974.15,46801.15,46845.1,0,0
2024-03-22 15:15:00+05:30,46848.05,46867.65,46812.25,46849.05,0,0
2024-03-26 09:15:00+05:30,46552.95,46788.35,46552.95,46713.45,0,0
2024-03-26 09:45:00+05:30,46714.1,46738.15,46594.05,46638.15,0,0
2024-03-26 10:15:00+05:30,46634.55,46725.65,46605.5,46631.4,0,0
2024-03-26 10:45:00+05:30,46633.05,46659.8,46608.95,46636.5,0,0
2024-03-26 11:15:00+05:30,46635.2,46732.9,46621.95,46731.75,0,0
2024-03-26 11:45:00+05:30,46730.9,46753.95,46662.95,46680.75,0,0
2024-03-26 12:15:00+05:30,46681.45,46730.1,46675.95,46706.9,0,0
2024-03-26 12:45:00+05:30,46703.55,46752.1,46693.6,46710.25,0,0
2024-03-26 13:15:00+05:30,46711.4,46724.4,46618.75,46627.5,0,0
2024-03-26 13:45:00+05:30,46624.65,46681.6,46584.6,46634.85,0,0
2024-03-26 14:15:00+05:30,46637.3,46663.25,46529.05,46554.05,0,0
2024-03-26 14:45:00+05:30,46555.5,46647.45,46545.45,46609.35,0,0
2024-03-26 15:15:00+05:30,46608.45,46647.5,46573.05,46617.45,0,0
2024-03-27 09:15:00+05:30,46643.45,46824.7,46643.45,46807.45,0,0
2024-03-27 09:45:00+05:30,46806.0,46920.6,46771.15,46871.25,0,0
2024-03-27 10:15:00+05:30,46875.5,46946.55,46840.6,46883.0,0,0
2024-03-27 10:45:00+05:30,46883.3,46895.15,46743.75,46796.4,0,0
2024-03-27 11:15:00+05:30,46789.3,46826.7,46768.75,46814.6,0,0
2024-03-27 11:45:00+05:30,46814.8,46833.35,46764.4,46792.55,0,0
2024-03-27 12:15:00+05:30,46791.2,46810.15,46754.25,46770.1,0,0
2024-03-27 12:45:00+05:30,46762.0,46827.35,46762.0,46794.3,0,0
2024-03-27 13:15:00+05:30,46791.2,46814.85,46751.3,46803.55,0,0
2024-03-27 13:45:00+05:30,46811.5,46825.5,46754.55,46763.8,0,0
2024-03-27 14:15:00+05:30,46761.4,46774.3,46697.0,46758.1,0,0
2024-03-27 14:45:00+05:30,46756.9,46788.3,46671.9,46787.4,0,0
2024-03-27 15:15:00+05:30,46789.3,46956.1,46772.2,46851.15,0,0
2024-03-28 09:15:00+05:30,46827.85,47148.95,46827.85,47148.95,0,0
2024-03-28 09:45:00+05:30,47147.15,47177.1,47087.85,47161.45,0,0
2024-03-28 10:15:00+05:30,47162.0,47303.75,47160.75,47285.95,0,0
2024-03-28 10:45:00+05:30,47286.7,47347.25,47246.0,47346.05,0,0
2024-03-28 11:15:00+05:30,47346.6,47350.2,47233.95,47254.6,0,0
2024-03-28 11:45:00+05:30,47256.2,47287.7,47184.65,47207.4,0,0
2024-03-28 12:15:00+05:30,47207.5,47346.75,47179.25,47329.35,0,0
2024-03-28 12:45:00+05:30,47329.1,47381.1,47284.45,47337.8,0,0
2024-03-28 13:15:00+05:30,47337.85,47367.1,47318.3,47347.65,0,0
2024-03-28 13:45:00+05:30,47345.4,47422.95,47318.95,47407.35,0,0
2024-03-28 14:15:00+05:30,47407.35,47440.45,47377.65,47416.3,0,0
2024-03-28 14:45:00+05:30,47407.45,47417.3,46997.55,47036.7,0,0
2024-03-28 15:15:00+05:30,47038.3,47165.8,47029.15,47146.75,0,0
2024-04-01 09:15:00+05:30,47391.05,47642.15,47373.1,47515.45,0,0
2024-04-01 09:45:00+05:30,47514.35,47596.35,47488.35,47543.55,0,0
2024-04-01 10:15:00+05:30,47542.35,47612.25,47496.45,47555.5,0,0
2024-04-01 10:45:00+05:30,47556.15,47570.95,47485.05,47563.65,0,0
2024-04-01 11:15:00+05:30,47566.65,47589.05,47540.45,47571.75,0,0
2024-04-01 11:45:00+05:30,47570.8,47587.5,47537.2,47547.7,0,0
2024-04-01 12:15:00+05:30,47547.55,47572.5,47530.2,47544.7,0,0
2024-04-01 12:45:00+05:30,47543.4,47543.4,47432.3,47466.8,0,0
2024-04-01 13:15:00+05:30,47468.1,47562.8,47461.0,47527.4,0,0
2024-04-01 13:45:00+05:30,47523.95,47536.15,47476.15,47498.55,0,0
2024-04-01 14:15:00+05:30,47505.5,47526.75,47447.9,47480.45,0,0
2024-04-01 14:45:00+05:30,47478.65,47591.5,47470.45,47583.85,0,0
2024-04-01 15:15:00+05:30,47585.8,47646.8,47542.6,47558.7,0,0
2024-04-02 09:15:00+05:30,47490.75,47696.35,47408.55,47688.7,0,0
2024-04-02 09:45:00+05:30,47689.25,47707.35,47560.75,47575.75,0,0
2024-04-02 10:15:00+05:30,47577.9,47627.5,47546.4,47596.15,0,0
2024-04-02 10:45:00+05:30,47593.5,47697.35,47550.85,47623.25,0,0
2024-04-02 11:15:00+05:30,47619.55,47649.2,47599.1,47605.75,0,0
2024-04-02 11:45:00+05:30,47607.05,47628.95,47582.3,47598.85,0,0
2024-04-02 12:15:00+05:30,47597.65,47663.1,47579.25,47651.5,0,0
2024-04-02 12:45:00+05:30,47654.7,47661.4,47549.95,47573.35,0,0
2024-04-02 13:15:00+05:30,47576.5,47631.35,47564.25,47595.15,0,0
2024-04-02 13:45:00+05:30,47594.15,47594.2,47501.7,47543.9,0,0
2024-04-02 14:15:00+05:30,47545.1,47593.7,47504.15,47531.25,0,0
2024-04-02 14:45:00+05:30,47531.55,47589.55,47490.6,47531.35,0,0
2024-04-02 15:15:00+05:30,47530.35,47582.3,47525.25,47562.6,0,0
2024-04-03 09:15:00+05:30,47350.25,47451.5,47279.8,47335.95,0,0
2024-04-03 09:45:00+05:30,47330.9,47517.95,47324.15,47493.0,0,0
2024-04-03 10:15:00+05:30,47494.45,47536.6,47457.7,47490.25,0,0
2024-04-03 10:45:00+05:30,47485.15,47530.05,47428.85,47490.1,0,0
2024-04-03 11:15:00+05:30,47490.55,47543.55,47481.2,47499.3,0,0
2024-04-03 11:45:00+05:30,47501.75,47625.95,47482.9,47623.6,0,0
2024-04-03 12:15:00+05:30,47624.5,47648.65,47561.8,47624.95,0,0
2024-04-03 12:45:00+05:30,47624.05,47635.65,47587.15,47599.9,0,0
2024-04-03 13:15:00+05:30,47594.05,47676.95,47591.1,47636.9,0,0
2024-04-03 13:45:00+05:30,47639.15,47645.0,47525.95,47582.15,0,0
2024-04-03 14:15:00+05:30,47585.95,47638.85,47525.7,47549.5,0,0
2024-04-03 14:45:00+05:30,47550.95,47647.5,47548.9,47626.55,0,0
2024-04-03 15:15:00+05:30,47626.7,47663.75,47621.95,47661.1,0,0
2024-04-04 09:15:00+05:30,48086.2,48254.65,47930.6,47943.1,0,0
2024-04-04 09:45:00+05:30,47944.7,48033.5,47772.4,47772.4,0,0
2024-04-04 10:15:00+05:30,47769.5,47899.1,47769.5,47861.15,0,0
2024-04-04 10:45:00+05:30,47851.8,47934.3,47712.7,47926.0,0,0
2024-04-04 11:15:00+05:30,47928.75,47943.05,47804.9,47878.1,0,0
2024-04-04 11:45:00+05:30,47881.4,47904.65,47810.3,47849.7,0,0
2024-04-04 12:15:00+05:30,47849.7,48047.6,47842.55,48035.9,0,0
2024-04-04 12:45:00+05:30,48038.95,48053.95,47971.0,48016.9,0,0
2024-04-04 13:15:00+05:30,48009.2,48145.7,47987.05,48075.95,0,0
2024-04-04 13:45:00+05:30,48071.05,48079.65,47896.15,47992.75,0,0
2024-04-04 14:15:00+05:30,47990.45,48116.75,47975.55,48115.1,0,0
2024-04-04 14:45:00+05:30,48117.5,48125.6,47984.8,48051.0,0,0
2024-04-04 15:15:00+05:30,48053.1,48139.9,48039.25,48126.2,0,0
2024-04-05 09:15:00+05:30,48104.65,48106.05,47894.5,48083.65,0,0
2024-04-05 09:45:00+05:30,48087.6,48163.75,48043.1,48091.85,0,0
2024-04-05 10:15:00+05:30,48092.2,48182.15,48052.5,48157.4,0,0
2024-04-05 10:45:00+05:30,48158.8,48268.05,48139.8,48237.85,0,0
2024-04-05 11:15:00+05:30,48236.65,48263.45,48164.3,48206.9,0,0
2024-04-05 11:45:00+05:30,48207.55,48290.45,48200.3,48266.4,0,0
2024-04-05 12:15:00+05:30,48265.75,48267.35,48194.2,48212.6,0,0
2024-04-05 12:45:00+05:30,48214.6,48241.85,48162.0,48185.35,0,0
2024-04-05 13:15:00+05:30,48183.5,48265.3,48173.95,48232.5,0,0
2024-04-05 13:45:00+05:30,48233.15,48363.4,48206.0,48268.8,0,0
2024-04-05 14:15:00+05:30,48269.0,48355.85,48254.7,48312.7,0,0
2024-04-05 14:45:00+05:30,48313.85,48554.5,48304.3,48518.55,0,0
2024-04-05 15:15:00+05:30,48515.35,48557.4,48480.8,48520.95,0,0
2024-04-08 09:15:00+05:30,48586.75,48629.05,48442.5,48520.9,0,0
2024-04-08 09:45:00+05:30,48519.5,48543.9,48424.65,48524.5,0,0
2024-04-08 10:15:00+05:30,48529.6,48554.55,48497.95,48518.9,0,0
2024-04-08 10:45:00+05:30,48519.45,48565.5,48496.1,48562.0,0,0
2024-04-08 11:15:00+05:30,48561.45,48595.15,48532.2,48591.05,0,0
2024-04-08 11:45:00+05:30,48592.8,48594.1,48535.15,48563.85,0,0
2024-04-08 12:15:00+05:30,48562.9,48668.25,48561.7,48659.3,0,0
2024-04-08 12:45:00+05:30,48660.75,48691.1,48630.25,48669.45,0,0
2024-04-08 13:15:00+05:30,48672.75,48716.95,48499.8,48599.5,0,0
2024-04-08 13:45:00+05:30,48601.3,48603.65,48533.05,48567.3,0,0
2024-04-08 14:15:00+05:30,48570.2,48624.55,48563.75,48576.45,0,0
2024-04-08 14:45:00+05:30,48577.1,48622.65,48548.4,48605.85,0,0
2024-04-08 15:15:00+05:30,48606.85,48608.5,48535.35,48565.75,0,0
2024-04-09 09:15:00+05:30,48810.8,48812.15,48621.85,48706.25,0,0
2024-04-09 09:45:00+05:30,48707.2,48856.65,48699.1,48823.55,0,0
2024-04-09 10:15:00+05:30,48824.8,48940.35,48791.7,48899.9,0,0
2024-04-09 10:45:00+05:30,48901.4,48904.05,48818.4,48826.8,0,0
2024-04-09 11:15:00+05:30,48827.25,48960.75,48816.95,48910.65,0,0
2024-04-09 11:45:00+05:30,48913.35,48951.95,48873.7,48907.5,0,0
2024-04-09 12:15:00+05:30,48908.0,48929.0,48799.3,48853.05,0,0
2024-04-09 12:45:00+05:30,48851.05,48891.2,48833.6,48836.1,0,0
2024-04-09 13:15:00+05:30,48834.3,48847.25,48749.0,48752.0,0,0
2024-04-09 13:45:00+05:30,48751.45,48757.4,48571.05,48593.75,0,0
2024-04-09 14:15:00+05:30,48593.4,48768.6,48568.25,48716.9,0,0
2024-04-09 14:45:00+05:30,48716.1,48751.8,48685.9,48737.15,0,0
2024-04-09 15:15:00+05:30,48736.8,48771.0,48699.8,48710.45,0,0
2024-04-10 09:15:00+05:30,48879.55,48917.1,48669.25,48883.4,0,0
2024-04-10 09:45:00+05:30,48881.65,48942.05,48773.15,48883.4,0,0
2024-04-10 10:15:00+05:30,48880.0,48966.95,48839.05,48918.4,0,0
2024-04-10 10:45:00+05:30,48915.25,48954.25,48887.5,48904.85,0,0
2024-04-10 11:15:00+05:30,48903.7,48915.15,48847.45,48882.85,0,0
2024-04-10 11:45:00+05:30,48881.5,48895.65,48827.5,48889.6,0,0
2024-04-10 12:15:00+05:30,48884.2,48886.7,48815.75,48850.0,0,0
2024-04-10 12:45:00+05:30,48849.2,48902.45,48808.7,48882.35,0,0
2024-04-10 13:15:00+05:30,48880.95,48918.3,48868.0,48903.8,0,0
2024-04-10 13:45:00+05:30,48905.25,48937.05,48856.7,48893.1,0,0
2024-04-10 14:15:00+05:30,48895.1,49010.05,48885.55,48987.45,0,0
2024-04-10 14:45:00+05:30,48980.95,49057.4,48941.25,49007.45,0,0
2024-04-10 15:15:00+05:30,49010.6,49010.6,48899.55,48912.0,0,0
2024-04-12 09:15:00+05:30,48671.2,48882.65,48669.0,48729.75,0,0
2024-04-12 09:45:00+05:30,48727.05,48750.6,48648.0,48677.1,0,0
2024-04-12 10:15:00+05:30,48677.65,48732.35,48597.65,48699.95,0,0
2024-04-12 10:45:00+05:30,48693.95,48705.35,48651.25,48683.95,0,0
2024-04-12 11:15:00+05:30,48683.85,48741.65,48675.7,48725.55,0,0
2024-04-12 11:45:00+05:30,48725.3,48800.25,48715.7,48786.65,0,0
2024-04-12 12:15:00+05:30,48787.25,48797.35,48565.35,48613.85,0,0
2024-04-12 12:45:00+05:30,48612.65,48650.45,48547.65,48614.1,0,0
2024-04-12 13:15:00+05:30,48614.65,48646.6,48570.75,48586.75,0,0
2024-04-12 13:45:00+05:30,48586.25,48646.35,48527.0,48552.8,0,0
2024-04-12 14:15:00+05:30,48547.95,48665.55,48541.55,48572.6,0,0
2024-04-12 14:45:00+05:30,48575.4,48614.8,48547.75,48572.15,0,0
2024-04-12 15:15:00+05:30,48570.05,48579.35,48477.55,48477.55,0,0
2024-04-15 09:15:00+05:30,48057.5,48255.5,47904.95,47951.1,0,0
2024-04-15 09:45:00+05:30,47950.2,48039.05,47919.25,47981.95,0,0
2024-04-15 10:15:00+05:30,47982.4,48044.5,47953.2,48032.7,0,0
2024-04-15 10:45:00+05:30,48035.55,48119.65,48019.2,48027.65,0,0
2024-04-15 11:15:00+05:30,48028.3,48069.45,47998.95,48038.75,0,0
2024-04-15 11:45:00+05:30,48037.7,48074.1,48000.2,48065.8,0,0
2024-04-15 12:15:00+05:30,48064.55,48071.3,48004.35,48027.2,0,0
2024-04-15 12:45:00+05:30,48028.45,48054.3,47956.9,47979.4,0,0
2024-04-15 13:15:00+05:30,47983.6,48020.85,47933.55,47977.1,0,0
2024-04-15 13:45:00+05:30,47977.95,48010.05,47946.25,47960.7,0,0
2024-04-15 14:15:00+05:30,47960.7,47970.95,47824.85,47839.75,0,0
2024-04-15 14:45:00+05:30,47839.65,47848.2,47745.3,47770.2,0,0
2024-04-15 15:15:00+05:30,47772.45,47807.3,47725.8,47757.35,0,0
2024-04-16 09:15:00+05:30,47436.7,47519.05,47316.55,47431.3,0,0
2024-04-16 09:45:00+05:30,47430.8,47571.3,47401.75,47523.9,0,0
2024-04-16 10:15:00+05:30,47521.0,47521.0,47435.2,47487.3,0,0
2024-04-16 10:45:00+05:30,47488.85,47544.15,47476.5,47530.65,0,0
2024-04-16 11:15:00+05:30,47532.85,47570.25,47459.7,47481.05,0,0
2024-04-16 11:45:00+05:30,47480.4,47493.65,47395.75,47468.6,0,0
2024-04-16 12:15:00+05:30,47468.95,47475.1,47414.8,47422.5,0,0
2024-04-16 12:45:00+05:30,47421.25,47459.85,47413.3,47436.3,0,0
2024-04-16 13:15:00+05:30,47434.6,47504.15,47406.7,47460.5,0,0
2024-04-16 13:45:00+05:30,47461.0,47517.65,47458.1,47487.85,0,0
2024-04-16 14:15:00+05:30,47486.65,47507.2,47430.5,47465.65,0,0
2024-04-16 14:45:00+05:30,47464.75,47525.35,47392.65,47524.25,0,0
2024-04-16 15:15:00+05:30,47524.75,47609.0,47504.3,47598.25,0,0
2024-04-18 09:15:00+05:30,47592.7,47829.75,47563.1,47590.7,0,0
2024-04-18 09:45:00+05:30,47587.2,47683.0,47527.55,47577.15,0,0
2024-04-18 10:15:00+05:30,47575.5,47604.55,47465.3,47556.8,0,0
2024-04-18 10:45:00+05:30,47553.75,47748.95,47515.35,47719.8,0,0
2024-04-18 11:15:00+05:30,47716.65,47741.25,47618.45,47654.65,0,0
2024-04-18 11:45:00+05:30,47654.55,47713.95,47610.55,47614.95,0,0
2024-04-18 12:15:00+05:30,47616.25,47714.75,47609.8,47693.5,0,0
2024-04-18 12:45:00+05:30,47691.85,47697.95,47628.85,47666.85,0,0
2024-04-18 13:15:00+05:30,47663.1,47716.85,47133.15,47277.7,0,0
2024-04-18 13:45:00+05:30,47276.85,47419.1,47263.8,47351.0,0,0
2024-04-18 14:15:00+05:30,47349.15,47414.8,47029.5,47052.0,0,0
2024-04-18 14:45:00+05:30,47051.75,47188.1,46982.95,46995.9,0,0
2024-04-18 15:15:00+05:30,46995.7,47174.05,46982.15,47131.8,0,0
2024-04-19 09:15:00+05:30,46744.95,46855.8,46579.05,46785.3,0,0
2024-04-19 09:45:00+05:30,46782.1,46952.5,46750.8,46903.75,0,0
2024-04-19 10:15:00+05:30,46904.35,46907.75,46792.5,46821.6,0,0
2024-04-19 10:45:00+05:30,46819.45,46927.9,46800.45,46884.75,0,0
2024-04-19 11:15:00+05:30,46885.3,47045.4,46863.65,47008.65,0,0
2024-04-19 11:45:00+05:30,47011.6,47014.6,46870.2,46966.3,0,0
2024-04-19 12:15:00+05:30,46963.7,47243.25,46939.45,47238.1,0,0
2024-04-19 12:45:00+05:30,47235.15,47357.3,47200.35,47295.85,0,0
2024-04-19 13:15:00+05:30,47294.95,47324.35,47203.25,47277.55,0,0
2024-04-19 13:45:00+05:30,47277.8,47653.95,47268.0,47542.45,0,0
2024-04-19 14:15:00+05:30,47550.95,47571.45,47375.35,47400.6,0,0
2024-04-19 14:45:00+05:30,47389.9,47635.45,47381.25,47628.1,0,0
2024-04-19 15:15:00+05:30,47631.95,47668.7,47551.85,47614.15,0,0
2024-04-22 09:15:00+05:30,48145.7,48146.3,47710.85,47732.8,0,0
2024-04-22 09:45:00+05:30,47730.15,47814.8,47671.25,47750.45,0,0
2024-04-22 10:15:00+05:30,47751.85,47777.35,47628.45,47750.8,0,0
2024-04-22 10:45:00+05:30,47749.35,47842.6,47728.4,47822.6,0,0
2024-04-22 11:15:00+05:30,47822.8,47859.15,47787.7,47804.95,0,0
2024-04-22 11:45:00+05:30,47806.4,47886.35,47803.9,47825.7,0,0
2024-04-22 12:15:00+05:30,47821.9,47850.7,47760.9,47802.95,0,0
2024-04-22 12:45:00+05:30,47801.75,47808.85,47744.35,47783.3,0,0
2024-04-22 13:15:00+05:30,47782.4,47847.0,47766.7,47831.15,0,0
2024-04-22 13:45:00+05:30,47833.8,47882.35,47818.7,47837.45,0,0
2024-04-22 14:15:00+05:30,47834.45,47946.15,47782.65,47944.4,0,0
2024-04-22 14:45:00+05:30,47944.95,47962.65,47841.35,47959.95,0,0
2024-04-22 15:15:00+05:30,47954.6,48009.55,47902.5,47999.85,0,0
2024-04-23 09:15:00+05:30,48299.6,48302.7,47968.85,48010.35,0,0
2024-04-23 09:45:00+05:30,48012.15,48078.85,47942.75,48069.6,0,0
2024-04-23 10:15:00+05:30,48069.4,48084.5,47958.05,47959.85,0,0
2024-04-23 10:45:00+05:30,47959.9,47998.7,47937.45,47982.75,0,0
2024-04-23 11:15:00+05:30,47985.45,48029.6,47976.7,48009.55,0,0
2024-04-23 11:45:00+05:30,48011.6,48054.5,47976.5,48047.6,0,0
2024-04-23 12:15:00+05:30,48046.85,48088.85,48029.2,48040.0,0,0
2024-04-23 12:45:00+05:30,48034.05,48058.05,47941.15,47977.85,0,0
2024-04-23 13:15:00+05:30,47981.55,48023.0,47899.3,47998.5,0,0
2024-04-23 13:45:00+05:30,48004.75,48016.8,47937.5,47977.15,0,0
2024-04-23 14:15:00+05:30,47977.15,48015.85,47958.7,47983.0,0,0
2024-04-23 14:45:00+05:30,47985.65,48039.75,47929.3,48003.1,0,0
2024-04-23 15:15:00+05:30,48004.4,48009.4,47933.0,47935.6,0,0
2024-04-24 09:15:00+05:30,48120.9,48140.55,48028.7,48099.95,0,0
2024-04-24 09:45:00+05:30,48101.0,48199.15,48098.75,48166.3,0,0
2024-04-24 10:15:00+05:30,48171.25,48232.05,48161.6,48217.35,0,0
2024-04-24 10:45:00+05:30,48219.55,48235.2,48174.65,48197.5,0,0
2024-04-24 11:15:00+05:30,48195.75,48220.0,48169.35,48188.6,0,0
2024-04-24 11:45:00+05:30,48183.65,48216.65,48160.75,48200.15,0,0
2024-04-24 12:15:00+05:30,48198.2,48209.3,48170.0,48199.1,0,0
2024-04-24 12:45:00+05:30,48199.85,48203.85,48157.25,48203.25,0,0
2024-04-24 13:15:00+05:30,48202.4,48228.05,48182.55,48205.95,0,0
2024-04-24 13:45:00+05:30,48205.4,48224.95,48183.25,48205.85,0,0
2024-04-24 14:15:00+05:30,48204.8,48219.85,48142.8,48167.45,0,0
2024-04-24 14:45:00+05:30,48167.3,48246.2,48132.75,48176.55,0,0
2024-04-24 15:15:00+05:30,48178.05,48208.0,48152.15,48195.35,0,0
2024-04-25 09:15:00+05:30,47772.65,48184.4,47737.2,48135.35,0,0
2024-04-25 09:45:00+05:30,48131.45,48320.1,48052.6,48302.45,0,0
2024-04-25 10:15:00+05:30,48299.5,48348.05,48214.25,48239.9,0,0
2024-04-25 10:45:00+05:30,48240.55,48319.3,48087.0,48288.75,0,0
2024-04-25 11:15:00+05:30,48290.2,48302.45,48179.8,48198.15,0,0
2024-04-25 11:45:00+05:30,48193.45,48218.95,48128.0,48161.75,0,0
2024-04-25 12:15:00+05:30,48164.75,48284.3,48151.45,48228.4,0,0
2024-04-25 12:45:00+05:30,48228.95,48370.35,48202.55,48357.85,0,0
2024-04-25 13:15:00+05:30,48360.1,48432.4,48313.3,48432.4,0,0
2024-04-25 13:45:00+05:30,48427.25,48566.15,48381.6,48531.3,0,0
2024-04-25 14:15:00+05:30,48531.35,48625.45,48503.95,48579.1,0,0
2024-04-25 14:45:00+05:30,48581.05,48583.8,48481.1,48482.8,0,0
2024-04-25 15:15:00+05:30,48482.95,48504.55,48435.5,48497.3,0,0
2024-04-26 09:15:00+05:30,48660.0,48679.65,48466.05,48619.5,0,0
2024-04-26 09:45:00+05:30,48618.35,48647.2,48411.45,48475.3,0,0
2024-04-26 10:15:00+05:30,48469.9,48524.6,48344.85,48408.95,0,0
2024-04-26 10:45:00+05:30,48407.5,48442.25,48340.45,48388.95,0,0
2024-04-26 11:15:00+05:30,48388.2,48453.6,48374.35,48414.85,0,0
2024-04-26 11:45:00+05:30,48414.85,48439.15,48361.25,48400.85,0,0
2024-04-26 12:15:00+05:30,48399.9,48473.65,48379.05,48451.45,0,0
2024-04-26 12:45:00+05:30,48451.75,48508.85,48436.6,48495.75,0,0
2024-04-26 13:15:00+05:30,48490.3,48499.0,48251.4,48286.35,0,0
2024-04-26 13:45:00+05:30,48288.3,48301.45,48220.45,48288.2,0,0
2024-04-26 14:15:00+05:30,48293.8,48359.55,48254.95,48288.7,0,0
2024-04-26 14:45:00+05:30,48285.5,48302.8,48088.25,48154.75,0,0
2024-04-26 15:15:00+05:30,48155.4,48352.55,48146.55,48284.3,0,0
2024-04-29 09:15:00+05:30,48359.9,48592.65,48342.7,48511.25,0,0
2024-04-29 09:45:00+05:30,48509.4,48581.4,48382.55,48556.8,0,0
2024-04-29 10:15:00+05:30,48552.05,48778.6,48520.8,48714.35,0,0
2024-04-29 10:45:00+05:30,48715.25,48735.5,48676.5,48720.9,0,0
2024-04-29 11:15:00+05:30,48721.35,48901.15,48705.5,48861.6,0,0
2024-04-29 11:45:00+05:30,48861.55,48979.1,48840.15,48952.1,0,0
2024-04-29 12:15:00+05:30,48946.7,49027.2,48902.7,49015.0,0,0
2024-04-29 12:45:00+05:30,49013.1,49031.85,48958.2,48996.85,0,0
2024-04-29 13:15:00+05:30,48995.25,49359.9,48981.2,49334.8,0,0
2024-04-29 13:45:00+05:30,49334.35,49399.3,49264.2,49348.45,0,0
2024-04-29 14:15:00+05:30,49347.6,49358.15,49253.75,49310.25,0,0
2024-04-29 14:45:00+05:30,49310.5,49473.6,49295.1,49462.15,0,0
2024-04-29 15:15:00+05:30,49462.65,49464.6,49359.15,49380.65,0,0
2024-04-30 09:15:00+05:30,49477.1,49509.7,49354.35,49395.9,0,0
2024-04-30 09:45:00+05:30,49397.15,49672.85,49378.2,49504.45,0,0
2024-04-30 10:15:00+05:30,49522.15,49595.9,49476.4,49558.0,0,0
2024-04-30 10:45:00+05:30,49560.95,49659.05,49478.9,49587.65,0,0
2024-04-30 11:15:00+05:30,49598.35,49617.8,49514.8,49576.0,0,0
2024-04-30 11:45:00+05:30,49578.1,49591.3,49505.4,49562.6,0,0
2024-04-30 12:15:00+05:30,49561.2,49576.65,49445.9,49525.25,0,0
2024-04-30 12:45:00+05:30,49518.95,49566.7,49441.9,49463.1,0,0
2024-04-30 13:15:00+05:30,49466.5,49562.2,49421.2,49517.8,0,0
2024-04-30 13:45:00+05:30,49519.9,49953.45,49488.85,49913.2,0,0
2024-04-30 14:15:00+05:30,49914.35,49974.75,49818.1,49818.1,0,0
2024-04-30 14:45:00+05:30,49816.1,49839.3,49373.3,49410.25,0,0
2024-04-30 15:15:00+05:30,49409.1,49409.1,49249.9,49291.35,0,0
2024-05-02 09:15:00+05:30,49262.0,49521.3,49221.45,49429.35,0,0
2024-05-02 09:45:00+05:30,49424.6,49529.35,49292.4,49476.05,0,0
2024-05-02 10:15:00+05:30,49465.1,49475.65,49344.45,49390.2,0,0
2024-05-02 10:45:00+05:30,49385.05,49420.1,49232.0,49249.25,0,0
2024-05-02 11:15:00+05:30,49251.9,49350.45,49123.6,49256.95,0,0
2024-05-02 11:45:00+05:30,49252.05,49274.6,49197.35,49254.35,0,0
2024-05-02 12:15:00+05:30,49251.15,49314.35,49209.5,49237.5,0,0
2024-05-02 12:45:00+05:30,49237.65,49280.9,49178.15,49259.0,0,0
2024-05-02 13:15:00+05:30,49258.5,49313.1,49226.25,49280.15,0,0
2024-05-02 13:45:00+05:30,49275.9,49344.9,49214.6,49254.1,0,0
2024-05-02 14:15:00+05:30,49251.6,49275.55,49174.3,49199.85,0,0
2024-05-02 14:45:00+05:30,49199.55,49261.45,49176.75,49242.65,0,0
2024-05-02 15:15:00+05:30,49237.65,49265.6,49217.85,49243.55,0,0
2024-05-03 09:15:00+05:30,49375.05,49607.75,49373.2,49469.75,0,0
2024-05-03 09:45:00+05:30,49469.55,49470.0,49246.05,49253.7,0,0
2024-05-03 10:15:00+05:30,49253.3,49299.45,49048.35,49109.3,0,0
2024-05-03 10:45:00+05:30,49113.15,49152.35,49005.3,49096.6,0,0
2024-05-03 11:15:00+05:30,49093.2,49099.35,48816.8,48899.85,0,0
2024-05-03 11:45:00+05:30,48898.85,48974.05,48830.9,48914.45,0,0
2024-05-03 12:15:00+05:30,48913.3,49130.75,48899.3,49119.9,0,0
2024-05-03 12:45:00+05:30,49118.15,49120.25,48715.95,48747.95,0,0
2024-05-03 13:15:00+05:30,48740.3,48874.55,48659.7,48732.0,0,0
2024-05-03 13:45:00+05:30,48734.5,48842.1,48710.8,48821.6,0,0
2024-05-03 14:15:00+05:30,48817.05,48871.5,48731.0,48857.2,0,0
2024-05-03 14:45:00+05:30,48852.65,48949.55,48785.1,48940.9,0,0
2024-05-03 15:15:00+05:30,48939.2,48997.25,48853.9,48877.85,0,0
2024-05-06 09:15:00+05:30,49174.55,49252.65,48874.65,49098.55,0,0
2024-05-06 09:45:00+05:30,49090.7,49131.7,48976.25,49103.8,0,0
2024-05-06 10:15:00+05:30,49107.5,49199.5,49026.05,49164.0,0,0
2024-05-06 10:45:00+05:30,49161.75,49231.6,49090.75,49094.8,0,0
2024-05-06 11:15:00+05:30,49094.45,49140.95,49014.85,49042.3,0,0
2024-05-06 11:45:00+05:30,49041.1,49110.75,49015.4,49080.8,0,0
2024-05-06 12:15:00+05:30,49079.5,49091.15,48928.0,48967.8,0,0
2024-05-06 12:45:00+05:30,48967.8,48981.25,48863.8,48900.3,0,0
2024-05-06 13:15:00+05:30,48900.55,48955.6,48821.1,48945.85,0,0
2024-05-06 13:45:00+05:30,48946.9,48950.7,48834.25,48841.35,0,0
2024-05-06 14:15:00+05:30,48835.3,48945.75,48784.0,48888.55,0,0
2024-05-06 14:45:00+05:30,48889.4,49010.45,48862.45,48898.0,0,0
2024-05-06 15:15:00+05:30,48897.35,48954.7,48874.25,48931.85,0,0
2024-05-07 09:15:00+05:30,48965.05,49023.5,48804.45,48872.3,0,0
2024-05-07 09:45:00+05:30,48872.8,48911.2,48522.55,48598.05,0,0
2024-05-07 10:15:00+05:30,48598.2,48609.6,48395.1,48414.85,0,0
2024-05-07 10:45:00+05:30,48411.85,48465.0,48360.75,48376.9,0,0
2024-05-07 11:15:00+05:30,48378.6,48379.45,48230.4,48291.65,0,0
2024-05-07 11:45:00+05:30,48293.2,48345.1,48238.3,48286.1,0,0
2024-05-07 12:15:00+05:30,48280.9,48342.25,48222.2,48257.2,0,0
2024-05-07 12:45:00+05:30,48254.55,48345.3,48247.25,48299.7,0,0
2024-05-07 13:15:00+05:30,48300.05,48457.45,48291.85,48434.35,0,0
2024-05-07 13:45:00+05:30,48432.9,48444.6,48367.4,48393.9,0,0
2024-05-07 14:15:00+05:30,48390.4,48399.0,48257.05,48349.8,0,0
2024-05-07 14:45:00+05:30,48349.3,48372.95,48213.75,48305.3,0,0
2024-05-07 15:15:00+05:30,48309.9,48352.0,48249.4,48275.6,0,0
2024-05-08 09:15:00+05:30,48124.2,48223.05,48038.45,48179.5,0,0
2024-05-08 09:45:00+05:30,48180.5,48198.95,48045.65,48100.6,0,0
2024-05-08 10:15:00+05:30,48108.0,48108.0,47851.15,47919.95,0,0
2024-05-08 10:45:00+05:30,47918.7,48042.0,47904.55,47951.35,0,0
2024-05-08 11:15:00+05:30,47951.9,48171.15,47944.65,48017.95,0,0
2024-05-08 11:45:00+05:30,48020.4,48117.5,48007.45,48084.15,0,0
2024-05-08 12:15:00+05:30,48085.75,48144.6,48038.9,48081.4,0,0
2024-05-08 12:45:00+05:30,48078.15,48162.85,48071.75,48106.45,0,0
2024-05-08 13:15:00+05:30,48103.65,48173.65,48003.45,48067.05,0,0
2024-05-08 13:45:00+05:30,48066.45,48076.35,47973.55,48020.5,0,0
2024-05-08 14:15:00+05:30,48020.0,48056.7,47959.15,48047.5,0,0
2024-05-08 14:45:00+05:30,48050.75,48090.45,47961.6,48017.9,0,0
2024-05-08 15:15:00+05:30,48016.7,48105.5,47992.45,48101.6,0,0
2024-05-09 09:15:00+05:30,47976.35,48258.65,47964.85,48107.9,0,0
2024-05-09 09:45:00+05:30,48111.15,48173.45,47986.65,47992.45,0,0
2024-05-09 10:15:00+05:30,47987.55,48024.55,47822.15,47841.75,0,0
2024-05-09 10:45:00+05:30,47841.85,47907.35,47764.0,47778.25,0,0
2024-05-09 11:15:00+05:30,47775.55,47799.8,47661.05,47775.4,0,0
2024-05-09 11:45:00+05:30,47777.25,47868.45,47773.4,47849.75,0,0
2024-05-09 12:15:00+05:30,47850.65,47910.95,47804.3,47827.65,0,0
2024-05-09 12:45:00+05:30,47829.45,47844.1,47615.7,47687.25,0,0
2024-05-09 13:15:00+05:30,47685.5,47777.3,47643.65,47731.0,0,0
2024-05-09 13:45:00+05:30,47734.2,47892.25,47609.65,47783.35,0,0
2024-05-09 14:15:00+05:30,47776.8,47806.0,47513.45,47534.95,0,0
2024-05-09 14:45:00+05:30,47539.2,47642.75,47460.75,47465.75,0,0
2024-05-09 15:15:00+05:30,47469.5,47520.3,47440.65,47515.45,0,0
2024-05-10 09:15:00+05:30,47555.5,47669.6,47362.7,47646.7,0,0
2024-05-10 09:45:00+05:30,47646.45,47868.7,47569.5,47790.85,0,0
2024-05-10 10:15:00+05:30,47791.95,47824.6,47639.25,47747.45,0,0
2024-05-10 10:45:00+05:30,47742.15,47746.95,47563.2,47673.0,0,0
2024-05-10 11:15:00+05:30,47672.45,47777.15,47657.55,47690.65,0,0
2024-05-10 11:45:00+05:30,47690.8,47703.8,47601.65,47651.85,0,0
2024-05-10 12:15:00+05:30,47650.5,47670.9,47548.1,47569.05,0,0
2024-05-10 12:45:00+05:30,47568.75,47571.4,47313.35,47430.45,0,0
2024-05-10 13:15:00+05:30,47426.65,47553.75,47387.35,47541.35,0,0
2024-05-10 13:45:00+05:30,47541.6,47592.55,47444.55,47479.9,0,0
2024-05-10 14:15:00+05:30,47479.15,47515.65,47362.75,47432.5,0,0
2024-05-10 14:45:00+05:30,47433.05,47502.5,47392.0,47424.05,0,0
2024-05-10 15:15:00+05:30,47426.8,47455.25,47411.15,47440.85,0,0
2024-05-13 09:15:00+05:30,47389.8,47508.55,47080.8,47102.25,0,0
2024-05-13 09:45:00+05:30,47104.45,47152.5,47021.9,47128.05,0,0
2024-05-13 10:15:00+05:30,47126.35,47126.55,46983.25,47021.1,0,0
2024-05-13 10:45:00+05:30,47021.0,47194.65,47002.3,47133.6,0,0
2024-05-13 11:15:00+05:30,47132.55,47339.55,47129.7,47281.75,0,0
2024-05-13 11:45:00+05:30,47282.65,47319.5,47216.8,47313.15,0,0
2024-05-13 12:15:00+05:30,47313.9,47520.15,47298.5,47454.7,0,0
2024-05-13 12:45:00+05:30,47455.2,47485.2,47391.15,47470.95,0,0
2024-05-13 13:15:00+05:30,47471.35,47494.3,47155.65,47238.3,0,0
2024-05-13 13:45:00+05:30,47241.45,47774.35,47214.35,47720.75,0,0
2024-05-13 14:15:00+05:30,47721.5,47827.85,47662.7,47740.95,0,0
2024-05-13 14:45:00+05:30,47735.65,47831.65,47686.05,47727.45,0,0
2024-05-13 15:15:00+05:30,47728.55,47841.6,47714.55,47784.9,0,0
2024-05-14 09:15:00+05:30,47748.85,47908.95,47607.85,47726.0,0,0
2024-05-14 09:45:00+05:30,47726.95,47885.8,47610.45,47666.05,0,0
2024-05-14 10:15:00+05:30,47666.0,47809.65,47657.6,47809.15,0,0
2024-05-14 10:45:00+05:30,47811.85,47828.6,47716.7,47812.7,0,0
2024-05-14 11:15:00+05:30,47810.6,47829.2,47721.35,47772.65,0,0
2024-05-14 11:45:00+05:30,47772.4,47832.45,47744.3,47792.2,0,0
2024-05-14 12:15:00+05:30,47793.9,47826.85,47740.2,47786.0,0,0
2024-05-14 12:45:00+05:30,47786.7,47937.25,47778.2,47837.6,0,0
2024-05-14 13:15:00+05:30,47836.7,47869.65,47780.4,47863.1,0,0
2024-05-14 13:45:00+05:30,47862.75,47912.9,47829.35,47858.95,0,0
2024-05-14 14:15:00+05:30,47857.95,47902.6,47751.3,47822.95,0,0
2024-05-14 14:45:00+05:30,47822.25,47883.6,47802.4,47859.2,0,0
2024-05-14 15:15:00+05:30,47861.1,47910.3,47842.05,47872.0,0,0
2024-05-15 09:15:00+05:30,47923.1,47957.2,47799.75,47883.8,0,0
2024-05-15 09:45:00+05:30,47885.4,47936.0,47690.7,47735.45,0,0
2024-05-15 10:15:00+05:30,47733.9,47790.1,47668.6,47713.25,0,0
2024-05-15 10:45:00+05:30,47715.1,47786.45,47658.5,47725.0,0,0
2024-05-15 11:15:00+05:30,47727.85,47748.7,47586.7,47633.75,0,0
2024-05-15 11:45:00+05:30,47635.3,47715.8,47622.3,47681.1,0,0
2024-05-15 12:15:00+05:30,47679.95,47696.2,47615.8,47642.1,0,0
2024-05-15 12:45:00+05:30,47641.55,47660.15,47586.2,47614.75,0,0
2024-05-15 13:15:00+05:30,47612.3,47655.35,47534.5,47585.55,0,0
2024-05-15 13:45:00+05:30,47586.05,47650.05,47535.25,47629.8,0,0
2024-05-15 14:15:00+05:30,47629.0,47665.75,47584.4,47617.45,0,0
2024-05-15 14:45:00+05:30,47617.6,47734.9,47604.2,47718.2,0,0
2024-05-15 15:15:00+05:30,47719.0,47730.95,47665.75,47710.8,0,0
2024-05-16 09:15:00+05:30,47945.85,48001.9,47743.7,47754.1,0,0
2024-05-16 09:45:00+05:30,47755.85,47854.1,47741.4,47791.2,0,0
2024-05-16 10:15:00+05:30,47789.05,47796.5,47588.15,47674.05,0,0
2024-05-16 10:45:00+05:30,47672.7,47680.15,47340.35,47481.15,0,0
2024-05-16 11:15:00+05:30,47480.7,47519.9,47396.45,47510.85,0,0
2024-05-16 11:45:00+05:30,47509.1,47837.85,47458.45,47833.35,0,0
2024-05-16 12:15:00+05:30,47841.2,47876.9,47514.45,47588.2,0,0
2024-05-16 12:45:00+05:30,47587.0,47608.9,47440.7,47484.3,0,0
2024-05-16 13:15:00+05:30,47484.4,47486.35,47371.1,47402.15,0,0
2024-05-16 13:45:00+05:30,47392.05,47535.8,47345.1,47404.9,0,0
2024-05-16 14:15:00+05:30,47407.65,47750.9,47395.05,47746.4,0,0
2024-05-16 14:45:00+05:30,47744.6,47998.95,47704.85,47973.7,0,0
2024-05-16 15:15:00+05:30,47973.7,48052.9,47958.05,47977.4,0,0
2024-05-17 09:15:00+05:30,47842.95,47981.6,47758.8,47773.65,0,0
2024-05-17 09:45:00+05:30,47771.95,48025.35,47770.5,47952.8,0,0
2024-05-17 10:15:00+05:30,47949.15,48139.1,47922.9,48084.4,0,0
2024-05-17 10:45:00+05:30,48084.4,48160.3,48027.4,48144.85,0,0
2024-05-17 11:15:00+05:30,48145.15,48170.55,48031.25,48116.75,0,0
2024-05-17 11:45:00+05:30,48121.2,48185.7,48028.25,48040.85,0,0
2024-05-17 12:15:00+05:30,48043.8,48134.65,48039.1,48088.0,0,0
2024-05-17 12:45:00+05:30,48087.7,48109.65,48024.6,48065.0,0,0
2024-05-17 13:15:00+05:30,48068.35,48123.9,48003.9,48056.7,0,0
2024-05-17 13:45:00+05:30,48056.1,48143.55,48055.1,48115.3,0,0
2024-05-17 14:15:00+05:30,48110.85,48163.2,48095.7,48127.5,0,0
2024-05-17 14:45:00+05:30,48125.65,48138.75,48022.55,48130.85,0,0
2024-05-17 15:15:00+05:30,48129.3,48188.65,48111.55,48121.35,0,0
2024-05-18 09:15:00+05:30,48197.3,48227.05,48111.2,48178.5,0,0
2024-05-18 09:45:00+05:30,48179.0,48192.1,48130.8,48151.6,0,0
2024-05-18 11:15:00+05:30,48168.0,48190.5,48108.15,48181.0,0,0
2024-05-18 11:45:00+05:30,48182.65,48209.0,48155.3,48194.3,0,0
2024-05-18 12:15:00+05:30,48197.35,48220.9,48178.1,48204.0,0,0
2024-05-21 09:15:00+05:30,47927.1,48218.7,47927.1,48085.4,0,0
2024-05-21 09:45:00+05:30,48087.2,48113.5,47993.95,48000.55,0,0
2024-05-21 10:15:00+05:30,48003.2,48085.35,47961.2,48022.1,0,0
2024-05-21 10:45:00+05:30,48022.95,48126.8,48015.8,48112.55,0,0
2024-05-21 11:15:00+05:30,48110.8,48162.75,48108.55,48151.3,0,0
2024-05-21 11:45:00+05:30,48151.45,48204.1,48132.3,48170.75,0,0
2024-05-21 12:15:00+05:30,48169.1,48182.0,48116.2,48164.7,0,0
2024-05-21 12:45:00+05:30,48164.5,48259.75,48159.25,48231.8,0,0
2024-05-21 13:15:00+05:30,48232.85,48241.7,48113.75,48141.85,0,0
2024-05-21 13:45:00+05:30,48143.4,48177.55,48098.15,48113.75,0,0
2024-05-21 14:15:00+05:30,48112.65,48144.65,48066.35,48125.5,0,0
2024-05-21 14:45:00+05:30,48122.25,48135.05,48001.1,48030.85,0,0
2024-05-21 15:15:00+05:30,48033.5,48055.5,47968.65,47989.85,0,0
2024-05-22 09:15:00+05:30,48113.9,48114.05,47798.15,47813.45,0,0
2024-05-22 09:45:00+05:30,47818.05,47840.8,47702.15,47801.9,0,0
2024-05-22 10:15:00+05:30,47805.45,47828.95,47721.95,47734.75,0,0
2024-05-22 10:45:00+05:30,47731.3,47779.65,47634.2,47674.3,0,0
2024-05-22 11:15:00+05:30,47673.2,47716.85,47633.3,47672.55,0,0
2024-05-22 11:45:00+05:30,47672.55,47757.3,47661.4,47717.95,0,0
2024-05-22 12:15:00+05:30,47716.6,47759.95,47638.9,47664.45,0,0
2024-05-22 12:45:00+05:30,47659.15,47677.15,47625.15,47649.35,0,0
2024-05-22 13:15:00+05:30,47648.15,47738.05,47643.9,47677.0,0,0
2024-05-22 13:45:00+05:30,47674.45,47803.55,47663.1,47706.9,0,0
2024-05-22 14:15:00+05:30,47708.25,47748.4,47679.3,47726.3,0,0
2024-05-22 14:45:00+05:30,47723.6,47851.5,47435.25,47826.75,0,0
2024-05-22 15:15:00+05:30,47828.5,47959.15,47825.3,47906.05,0,0
2024-05-23 09:15:00+05:30,47899.35,48104.75,47873.15,48097.75,0,0
2024-05-23 09:45:00+05:30,48094.3,48204.45,48075.55,48190.1,0,0
2024-05-23 10:15:00+05:30,48188.55,48395.25,48179.4,48270.25,0,0
2024-05-23 10:45:00+05:30,48265.8,48367.1,48239.1,48313.5,0,0
2024-05-23 11:15:00+05:30,48314.05,48409.35,48309.55,48355.6,0,0
2024-05-23 11:45:00+05:30,48355.85,48463.3,48330.45,48428.55,0,0
2024-05-23 12:15:00+05:30,48430.95,48573.45,48427.45,48541.05,0,0
2024-05-23 12:45:00+05:30,48543.7,48626.55,48511.9,48539.1,0,0
2024-05-23 13:15:00+05:30,48536.2,48594.75,48454.65,48550.25,0,0
2024-05-23 13:45:00+05:30,48548.5,48711.9,48515.2,48709.6,0,0
2024-05-23 14:15:00+05:30,48705.75,48819.7,48621.9,48707.05,0,0
2024-05-23 14:45:00+05:30,48710.45,48829.7,48607.2,48802.2,0,0
2024-05-23 15:15:00+05:30,48804.4,48826.15,48731.5,48737.05,0,0
2024-05-24 09:15:00+05:30,48668.0,48976.7,48644.8,48856.5,0,0
2024-05-24 09:45:00+05:30,48856.1,48902.15,48678.55,48679.15,0,0
2024-05-24 10:15:00+05:30,48680.9,48826.1,48675.1,48730.4,0,0
2024-05-24 10:45:00+05:30,48730.0,48874.65,48725.65,48784.95,0,0
2024-05-24 11:15:00+05:30,48783.2,48857.55,48781.25,48830.9,0,0
2024-05-24 11:45:00+05:30,48830.4,48852.4,48789.75,48851.8,0,0
2024-05-24 12:15:00+05:30,48853.4,48870.05,48801.25,48858.4,0,0
2024-05-24 12:45:00+05:30,48853.5,48946.4,48840.7,48881.95,0,0
2024-05-24 13:15:00+05:30,48880.0,48929.65,48867.45,48904.5,0,0
2024-05-24 13:45:00+05:30,48904.0,48938.45,48858.1,48933.3,0,0
2024-05-24 14:15:00+05:30,48932.35,49020.65,48924.6,49016.2,0,0
2024-05-24 14:45:00+05:30,49015.0,49052.95,48870.7,48976.05,0,0
2024-05-24 15:15:00+05:30,48982.2,48999.2,48928.95,48948.9,0,0
2024-05-27 09:15:00+05:30,49105.9,49296.25,49051.25,49277.95,0,0
2024-05-27 09:45:00+05:30,49271.55,49283.4,49174.65,49217.6,0,0
2024-05-27 10:15:00+05:30,49214.8,49327.4,49206.2,49320.5,0,0
2024-05-27 10:45:00+05:30,49320.85,49356.95,49274.95,49310.15,0,0
2024-05-27 11:15:00+05:30,49308.9,49359.45,49287.55,49343.9,0,0
2024-05-27 11:45:00+05:30,49346.2,49524.65,49330.6,49520.75,0,0
2024-05-27 12:15:00+05:30,49518.2,49688.85,49505.0,49630.7,0,0
2024-05-27 12:45:00+05:30,49631.0,49658.3,49528.35,49583.7,0,0
2024-05-27 13:15:00+05:30,49588.6,49645.65,49546.1,49593.6,0,0
2024-05-27 13:45:00+05:30,49594.1,49644.9,49502.45,49612.95,0,0
2024-05-27 14:15:00+05:30,49614.35,49640.35,49507.55,49511.55,0,0
2024-05-27 14:45:00+05:30,49510.3,49548.5,49059.65,49312.75,0,0
2024-05-27 15:15:00+05:30,49310.25,49324.65,49215.95,49280.2,0,0
2024-05-28 09:15:00+05:30,49390.9,49511.15,49297.25,49342.1,0,0
2024-05-28 09:45:00+05:30,49344.4,49375.5,49223.0,49310.5,0,0
2024-05-28 10:15:00+05:30,49308.45,49388.0,49288.4,49316.6,0,0
2024-05-28 10:45:00+05:30,49316.5,49351.05,49253.1,49294.65,0,0
2024-05-28 11:15:00+05:30,49294.45,49315.85,49164.3,49238.45,0,0
2024-05-28 11:45:00+05:30,49238.75,49265.15,49165.4,49172.7,0,0
2024-05-28 12:15:00+05:30,49173.75,49193.25,49086.4,49167.95,0,0
2024-05-28 12:45:00+05:30,49166.75,49327.75,49144.6,49288.15,0,0
2024-05-28 13:15:00+05:30,49288.25,49321.0,49186.9,49277.4,0,0
2024-05-28 13:45:00+05:30,49278.05,49292.9,49205.1,49250.4,0,0
2024-05-28 14:15:00+05:30,49245.15,49291.1,49191.95,49216.7,0,0
2024-05-28 14:45:00+05:30,49222.15,49243.35,49135.2,49151.9,0,0
2024-05-28 15:15:00+05:30,49153.8,49171.4,49043.65,49060.1,0,0
2024-05-29 09:15:00+05:30,48786.7,49022.6,48770.95,48852.55,0,0
2024-05-29 09:45:00+05:30,48848.3,48864.75,48689.5,48705.85,0,0
2024-05-29 10:15:00+05:30,48709.15,48729.2,48601.75,48671.0,0,0
2024-05-29 10:45:00+05:30,48669.75,48684.5,48613.5,48629.15,0,0
2024-05-29 11:15:00+05:30,48627.65,48697.6,48549.5,48613.15,0,0
2024-05-29 11:45:00+05:30,48612.0,48642.85,48578.7,48620.6,0,0
2024-05-29 12:15:00+05:30,48615.7,48644.55,48567.45,48612.9,0,0
2024-05-29 12:45:00+05:30,48614.0,48670.75,48560.45,48579.45,0,0
2024-05-29 13:15:00+05:30,48580.0,48662.55,48568.9,48628.4,0,0
2024-05-29 13:45:00+05:30,48625.5,48650.15,48502.65,48549.5,0,0
2024-05-29 14:15:00+05:30,48556.25,48580.15,48475.3,48493.25,0,0
2024-05-29 14:45:00+05:30,48495.3,48547.85,48401.55,48525.7,0,0
2024-05-29 15:15:00+05:30,48518.4,48624.9,48460.75,48563.05,0,0
2024-05-30 09:15:00+05:30,48313.6,48919.9,48313.6,48786.75,0,0
2024-05-30 09:45:00+05:30,48787.15,48828.75,48637.75,48654.0,0,0
2024-05-30 10:15:00+05:30,48649.3,48788.65,48632.15,48726.0,0,0
2024-05-30 10:45:00+05:30,48726.5,48744.25,48638.35,48646.15,0,0
2024-05-30 11:15:00+05:30,48642.95,48660.35,48531.05,48552.4,0,0
2024-05-30 11:45:00+05:30,48547.55,48713.2,48537.35,48644.1,0,0
2024-05-30 12:15:00+05:30,48644.9,48798.75,48614.7,48753.4,0,0
2024-05-30 12:45:00+05:30,48751.85,48874.2,48750.4,48851.1,0,0
2024-05-30 13:15:00+05:30,48850.25,48923.7,48766.1,48890.8,0,0
2024-05-30 13:45:00+05:30,48892.45,49044.6,48843.35,48852.4,0,0
2024-05-30 14:15:00+05:30,48850.5,48905.4,48678.15,48736.55,0,0
2024-05-30 14:45:00+05:30,48736.25,48791.1,48545.0,48637.25,0,0
2024-05-30 15:15:00+05:30,48642.25,48838.65,48642.25,48822.85,0,0
2024-05-31 09:15:00+05:30,48895.15,49079.05,48874.5,48986.0,0,0
2024-05-31 09:45:00+05:30,48989.8,48999.9,48719.5,48719.5,0,0
2024-05-31 10:15:00+05:30,48717.85,48821.2,48612.45,48755.45,0,0
2024-05-31 10:45:00+05:30,48756.0,48809.55,48636.2,48698.5,0,0
2024-05-31 11:15:00+05:30,48698.35,48778.75,48569.05,48764.4,0,0
2024-05-31 11:45:00+05:30,48765.0,48792.15,48684.25,48688.5,0,0
2024-05-31 12:15:00+05:30,48684.65,48761.1,48681.25,48751.5,0,0
2024-05-31 12:45:00+05:30,48754.15,48863.4,48715.7,48836.95,0,0
2024-05-31 13:15:00+05:30,48835.7,48983.85,48831.8,48961.5,0,0
2024-05-31 13:45:00+05:30,48960.0,49108.35,48950.55,49030.75,0,0
2024-05-31 14:15:00+05:30,49034.65,49035.9,48722.8,48861.2,0,0
2024-05-31 14:45:00+05:30,48864.9,48984.05,48787.8,48966.3,0,0
2024-05-31 15:15:00+05:30,48964.15,49122.55,48937.45,48967.95,0,0
2024-06-03 09:15:00+05:30,50889.85,50990.0,50105.5,50147.0,0,0
2024-06-03 09:45:00+05:30,50147.65,50490.1,50092.65,50471.35,0,0
2024-06-03 10:15:00+05:30,50471.35,50579.8,50387.3,50447.2,0,0
2024-06-03 10:45:00+05:30,50441.15,50559.4,50420.55,50539.0,0,0
2024-06-03 11:15:00+05:30,50544.85,50777.15,50535.8,50759.65,0,0
2024-06-03 11:45:00+05:30,50762.5,50948.2,50756.2,50852.05,0,0
2024-06-03 12:15:00+05:30,50850.3,50910.5,50723.35,50752.75,0,0
2024-06-03 12:45:00+05:30,50752.45,50932.35,50730.3,50914.45,0,0
2024-06-03 13:15:00+05:30,50913.15,50921.85,50611.4,50818.45,0,0
2024-06-03 13:45:00+05:30,50820.55,50899.35,50760.65,50791.7,0,0
2024-06-03 14:15:00+05:30,50787.85,50869.35,50709.55,50850.85,0,0
2024-06-03 14:45:00+05:30,50853.1,50965.6,50785.05,50955.0,0,0
2024-06-03 15:15:00+05:30,50957.4,51133.2,50956.6,51106.05,0,0
2024-06-04 09:15:00+05:30,50667.05,50667.05,48741.55,49104.6,0,0
2024-06-04 09:45:00+05:30,49104.35,49699.1,49052.5,49525.65,0,0
2024-06-04 10:15:00+05:30,49526.7,49526.7,48692.7,48817.35,0,0
2024-06-04 10:45:00+05:30,48814.2,48935.9,47414.4,47714.95,0,0
2024-06-04 11:15:00+05:30,47712.65,48439.25,47650.85,47667.85,0,0
2024-06-04 11:45:00+05:30,47666.4,47881.8,46138.35,46701.45,0,0
2024-06-04 12:15:00+05:30,46693.6,47160.75,46077.85,47088.75,0,0
2024-06-04 12:45:00+05:30,47096.9,47399.9,46689.55,47284.4,0,0
2024-06-04 13:15:00+05:30,47284.35,47581.9,46943.2,47296.95,0,0
2024-06-04 13:45:00+05:30,47295.05,48083.85,47072.0,47512.6,0,0
2024-06-04 14:15:00+05:30,47509.35,47670.55,47041.35,47420.2,0,0
2024-06-04 14:45:00+05:30,47413.6,47461.45,46652.15,47035.8,0,0
2024-06-04 15:15:00+05:30,47035.45,47600.75,46887.1,47206.25,0,0
2024-06-05 09:15:00+05:30,47486.6,47502.0,46760.5,46870.95,0,0
2024-06-05 09:45:00+05:30,46873.5,47038.1,46473.6,47004.45,0,0
2024-06-05 10:15:00+05:30,47006.8,47069.15,46446.8,46803.4,0,0
2024-06-05 10:45:00+05:30,46800.75,47865.9,46754.1,47863.2,0,0
2024-06-05 11:15:00+05:30,47861.4,48000.6,47681.45,47783.4,0,0
2024-06-05 11:45:00+05:30,47763.1,47792.55,47384.4,47673.3,0,0
2024-06-05 12:15:00+05:30,47672.9,47984.8,47671.65,47861.1,0,0
2024-06-05 12:45:00+05:30,47862.05,48285.55,47708.05,48139.0,0,0
2024-06-05 13:15:00+05:30,48136.55,48383.95,48067.0,48327.55,0,0
2024-06-05 13:45:00+05:30,48328.55,48799.95,48180.3,48659.95,0,0
2024-06-05 14:15:00+05:30,48667.25,49252.8,48515.45,49121.65,0,0
2024-06-05 14:45:00+05:30,49129.65,49362.9,48952.6,49065.2,0,0
2024-06-05 15:15:00+05:30,49063.1,49100.0,48801.3,48847.1,0,0
2024-06-06 09:15:00+05:30,49426.4,49477.5,49063.75,49314.8,0,0
2024-06-06 09:45:00+05:30,49318.05,49370.2,49125.9,49319.0,0,0
2024-06-06 10:15:00+05:30,49317.95,49672.75,49310.5,49587.65,0,0
2024-06-06 10:45:00+05:30,49592.85,49648.6,49508.3,49600.6,0,0
2024-06-06 11:15:00+05:30,49601.4,49612.6,49360.25,49425.1,0,0
2024-06-06 11:45:00+05:30,49425.65,49489.8,49160.8,49231.15,0,0
2024-06-06 12:15:00+05:30,49232.7,49366.25,49146.2,49165.5,0,0
2024-06-06 12:45:00+05:30,49165.3,49288.55,48906.75,49040.95,0,0
2024-06-06 13:15:00+05:30,49040.95,49378.85,49024.35,49365.0,0,0
2024-06-06 13:45:00+05:30,49369.1,49380.0,49114.75,49199.0,0,0
2024-06-06 14:15:00+05:30,49197.9,49210.55,48948.3,49082.05,0,0
2024-06-06 14:45:00+05:30,49084.25,49335.4,49051.75,49326.4,0,0
2024-06-06 15:15:00+05:30,49326.85,49367.1,49194.65,49330.9,0,0
2024-06-07 09:15:00+05:30,49316.95,49454.3,49080.45,49394.5,0,0
2024-06-07 09:45:00+05:30,49392.6,49506.25,49288.75,49409.9,0,0
2024-06-07 10:15:00+05:30,49408.2,49660.6,49228.05,49580.3,0,0
2024-06-07 10:45:00+05:30,49574.7,49677.4,49531.45,49659.15,0,0
2024-06-07 11:15:00+05:30,49658.35,49789.35,49564.0,49776.15,0,0
2024-06-07 11:45:00+05:30,49777.45,49932.15,49755.6,49832.0,0,0
2024-06-07 12:15:00+05:30,49833.9,49873.05,49730.95,49865.6,0,0
2024-06-07 12:45:00+05:30,49863.95,49943.2,49761.05,49857.9,0,0
2024-06-07 13:15:00+05:30,49857.65,49860.4,49665.25,49850.2,0,0
2024-06-07 13:45:00+05:30,49847.75,49897.45,49707.7,49814.0,0,0
2024-06-07 14:15:00+05:30,49817.3,49909.2,49711.25,49735.45,0,0
2024-06-07 14:45:00+05:30,49734.05,49887.6,49734.05,49777.75,0,0
2024-06-07 15:15:00+05:30,49776.5,49849.05,49752.35,49806.6,0,0
2024-06-10 09:15:00+05:30,49808.15,50252.95,49746.5,49916.1,0,0
2024-06-10 09:45:00+05:30,49921.35,49969.5,49654.2,49910.65,0,0
2024-06-10 10:15:00+05:30,49911.05,49986.4,49795.75,49835.1,0,0
2024-06-10 10:45:00+05:30,49829.8,49919.05,49772.1,49858.05,0,0
2024-06-10 11:15:00+05:30,49860.0,50019.9,49859.55,49949.55,0,0
2024-06-10 11:45:00+05:30,49950.4,49973.15,49825.7,49861.3,0,0
2024-06-10 12:15:00+05:30,49862.75,49925.3,49844.75,49916.15,0,0
2024-06-10 12:45:00+05:30,49917.6,49980.9,49882.75,49930.25,0,0
2024-06-10 13:15:00+05:30,49926.2,50071.3,49898.1,50062.0,0,0
2024-06-10 13:45:00+05:30,50063.4,50099.2,49990.35,50046.5,0,0
2024-06-10 14:15:00+05:30,50046.3,50065.9,49716.8,49895.25,0,0
2024-06-10 14:45:00+05:30,49895.15,49895.2,49760.0,49818.35,0,0
2024-06-10 15:15:00+05:30,49814.75,49826.95,49622.75,49689.65,0,0
2024-06-11 09:15:00+05:30,49751.2,49766.9,49530.45,49659.2,0,0
2024-06-11 09:45:00+05:30,49660.3,49891.75,49660.1,49861.4,0,0
2024-06-11 10:15:00+05:30,49860.9,49937.1,49806.05,49869.0,0,0
2024-06-11 10:45:00+05:30,49870.4,49897.6,49812.6,49861.3,0,0
2024-06-11 11:15:00+05:30,49863.55,49871.55,49774.05,49823.35,0,0
2024-06-11 11:45:00+05:30,49824.4,49832.3,49750.2,49801.4,0,0
2024-06-11 12:15:00+05:30,49801.65,49817.4,49751.75,49798.55,0,0
2024-06-11 12:45:00+05:30,49797.7,49905.0,49775.0,49858.25,0,0
2024-06-11 13:15:00+05:30,49860.55,49945.25,49856.65,49935.4,0,0
2024-06-11 13:45:00+05:30,49934.0,49970.3,49768.8,49814.55,0,0
2024-06-11 14:15:00+05:30,49814.3,49851.75,49744.6,49803.15,0,0
2024-06-11 14:45:00+05:30,49806.35,49840.15,49682.4,49732.85,0,0
2024-06-11 15:15:00+05:30,49735.85,49740.6,49615.55,49652.25,0,0
2024-06-12 09:15:00+05:30,49857.45,49859.55,49697.35,49848.65,0,0
2024-06-12 09:45:00+05:30,49848.3,50222.0,49829.15,50162.9,0,0
2024-06-12 10:15:00+05:30,50166.8,50233.4,50099.6,50222.1,0,0
2024-06-12 10:45:00+05:30,50216.55,50226.85,50129.1,50144.5,0,0
2024-06-12 11:15:00+05:30,50144.2,50159.95,49968.55,50033.45,0,0
2024-06-12 11:45:00+05:30,50036.1,50106.4,49991.05,50023.5,0,0
2024-06-12 12:15:00+05:30,50026.25,50042.45,49966.1,50001.35,0,0
2024-06-12 12:45:00+05:30,50003.0,50028.7,49913.05,50001.7,0,0
2024-06-12 13:15:00+05:30,50001.55,50021.15,49941.3,49965.85,0,0
2024-06-12 13:45:00+05:30,49966.05,49999.7,49877.1,49901.1,0,0
2024-06-12 14:15:00+05:30,49899.4,49988.3,49873.85,49980.95,0,0
2024-06-12 14:45:00+05:30,49985.7,50006.3,49825.45,49925.6,0,0
2024-06-12 15:15:00+05:30,49926.55,49953.25,49772.5,49791.6,0,0
2024-06-13 09:15:00+05:30,50179.0,50186.45,49964.35,49978.75,0,0
2024-06-13 09:45:00+05:30,49983.2,50073.55,49919.6,50037.3,0,0
2024-06-13 10:15:00+05:30,50033.7,50037.3,49882.75,49951.0,0,0
2024-06-13 10:45:00+05:30,49950.8,50005.2,49913.95,49942.4,0,0
2024-06-13 11:15:00+05:30,49939.35,49967.25,49835.25,49933.55,0,0
2024-06-13 11:45:00+05:30,49929.05,50032.15,49924.75,49939.25,0,0
2024-06-13 12:15:00+05:30,49940.75,49982.45,49921.55,49951.3,0,0
2024-06-13 12:45:00+05:30,49950.3,49984.8,49921.5,49967.45,0,0
2024-06-13 13:15:00+05:30,49965.85,49975.5,49923.4,49927.0,0,0
2024-06-13 13:45:00+05:30,49921.2,49944.0,49860.7,49902.9,0,0
2024-06-13 14:15:00+05:30,49902.85,49905.7,49817.25,49883.2,0,0
2024-06-13 14:45:00+05:30,49879.6,49905.3,49799.65,49821.05,0,0
2024-06-13 15:15:00+05:30,49818.8,49920.6,49817.95,49889.3,0,0
2024-06-14 09:15:00+05:30,49993.95,50028.2,49693.35,49702.15,0,0
2024-06-14 09:45:00+05:30,49705.5,50070.2,49697.35,50024.85,0,0
2024-06-14 10:15:00+05:30,50022.95,50102.6,49994.15,50071.05,0,0
2024-06-14 10:45:00+05:30,50072.0,50084.15,50009.3,50061.75,0,0
2024-06-14 11:15:00+05:30,50061.9,50070.05,49964.8,50018.2,0,0
2024-06-14 11:45:00+05:30,50020.45,50025.4,49942.4,49980.8,0,0
2024-06-14 12:15:00+05:30,49980.85,49986.15,49931.0,49978.05,0,0
2024-06-14 12:45:00+05:30,49979.85,50026.6,49961.5,50012.0,0,0
2024-06-14 13:15:00+05:30,50013.85,50022.65,49968.65,49979.85,0,0
2024-06-14 13:45:00+05:30,49980.15,50008.25,49940.8,49962.75,0,0
2024-06-14 14:15:00+05:30,49963.7,50028.2,49946.0,50001.3,0,0
2024-06-14 14:45:00+05:30,50000.35,50087.85,49952.05,50026.25,0,0
2024-06-14 15:15:00+05:30,50028.3,50038.8,49933.2,49981.5,0,0
2024-06-18 09:15:00+05:30,50194.35,50204.75,49900.2,50111.55,0,0
2024-06-18 09:45:00+05:30,50114.2,50246.65,50106.35,50174.65,0,0
2024-06-18 10:15:00+05:30,50177.6,50251.55,50068.15,50218.2,0,0
2024-06-18 10:45:00+05:30,50218.8,50265.2,50186.15,50241.6,0,0
2024-06-18 11:15:00+05:30,50241.5,50324.0,50237.85,50313.45,0,0
2024-06-18 11:45:00+05:30,50315.25,50348.25,50273.9,50309.6,0,0
2024-06-18 12:15:00+05:30,50308.2,50336.65,50277.75,50316.8,0,0
2024-06-18 12:45:00+05:30,50310.7,50338.45,50285.5,50328.9,0,0
2024-06-18 13:15:00+05:30,50326.25,50387.9,50313.45,50382.4,0,0
2024-06-18 13:45:00+05:30,50385.05,50425.65,50356.05,50402.95,0,0
2024-06-18 14:15:00+05:30,50403.3,50427.9,50339.8,50367.6,0,0
2024-06-18 14:45:00+05:30,50369.4,50432.1,50361.45,50430.35,0,0
2024-06-18 15:15:00+05:30,50432.5,50562.15,50427.65,50479.3,0,0
2024-06-19 09:15:00+05:30,50607.9,50968.6,50441.75,50967.25,0,0
2024-06-19 09:45:00+05:30,50963.5,51255.95,50910.0,51091.6,0,0
2024-06-19 10:15:00+05:30,51097.55,51103.55,50594.85,50765.15,0,0
2024-06-19 10:45:00+05:30,50759.95,51179.9,50722.45,51045.4,0,0
2024-06-19 11:15:00+05:30,51046.3,51099.25,50879.05,51063.5,0,0
2024-06-19 11:45:00+05:30,51062.9,51113.75,50994.15,51113.75,0,0
2024-06-19 12:15:00+05:30,51129.2,51214.5,51102.3,51135.05,0,0
2024-06-19 12:45:00+05:30,51135.95,51175.75,51046.75,51132.7,0,0
2024-06-19 13:15:00+05:30,51133.2,51263.15,51031.1,51201.95,0,0
2024-06-19 13:45:00+05:30,51201.85,51580.8,51151.4,51571.9,0,0
2024-06-19 14:15:00+05:30,51574.9,51957.0,51496.0,51821.05,0,0
2024-06-19 14:45:00+05:30,51822.2,51884.15,51232.35,51377.25,0,0
2024-06-19 15:15:00+05:30,51375.1,51478.05,51322.05,51450.1,0,0
2024-06-20 09:15:00+05:30,51712.9,51798.0,51495.45,51559.55,0,0
2024-06-20 09:45:00+05:30,51562.85,51588.2,51300.7,51337.1,0,0
2024-06-20 10:15:00+05:30,51336.05,51527.05,51281.5,51491.8,0,0
2024-06-20 10:45:00+05:30,51491.6,51647.6,51442.8,51527.5,0,0
2024-06-20 11:15:00+05:30,51525.1,51687.95,51506.55,51655.2,0,0
2024-06-20 11:45:00+05:30,51656.15,51698.95,51612.45,51664.65,0,0
2024-06-20 12:15:00+05:30,51665.2,51732.55,51590.6,51602.4,0,0
2024-06-20 12:45:00+05:30,51599.4,51715.15,51587.9,51667.4,0,0
2024-06-20 13:15:00+05:30,51666.65,51842.2,51660.75,51806.3,0,0
2024-06-20 13:45:00+05:30,51807.9,51818.55,51644.2,51744.25,0,0
2024-06-20 14:15:00+05:30,51748.6,51815.4,51711.45,51768.3,0,0
2024-06-20 14:45:00+05:30,51767.95,51813.4,51647.75,51770.3,0,0
2024-06-20 15:15:00+05:30,51770.45,51826.45,51756.0,51760.75,0,0
2024-06-21 09:15:00+05:30,51927.3,51934.35,51512.75,51547.3,0,0
2024-06-21 09:45:00+05:30,51543.75,51655.85,51478.7,51500.3,0,0
2024-06-21 10:15:00+05:30,51501.1,51558.95,51421.3,51452.1,0,0
2024-06-21 10:45:00+05:30,51451.05,51466.15,51350.9,51426.55,0,0
2024-06-21 11:15:00+05:30,51429.2,51504.7,51357.4,51463.75,0,0
2024-06-21 11:45:00+05:30,51466.2,51477.1,51406.45,51467.45,0,0
2024-06-21 12:15:00+05:30,51467.75,51550.55,51361.4,51391.15,0,0
2024-06-21 12:45:00+05:30,51396.35,51455.0,51224.95,51293.3,0,0
2024-06-21 13:15:00+05:30,51293.65,51433.65,51256.2,51393.95,0,0
2024-06-21 13:45:00+05:30,51393.6,51754.35,51384.3,51660.35,0,0
2024-06-21 14:15:00+05:30,51660.8,51680.0,51282.05,51467.7,0,0
2024-06-21 14:45:00+05:30,51461.15,51797.8,51461.15,51628.2,0,0
2024-06-21 15:15:00+05:30,51629.4,51669.15,51524.35,51557.5,0,0
2024-06-24 09:15:00+05:30,51280.25,51394.75,51138.9,51199.3,0,0
2024-06-24 09:45:00+05:30,51197.35,51357.95,51160.15,51318.25,0,0
2024-06-24 10:15:00+05:30,51321.25,51485.3,51251.65,51477.6,0,0
2024-06-24 10:45:00+05:30,51476.85,51610.45,51405.75,51523.1,0,0
2024-06-24 11:15:00+05:30,51522.8,51718.95,51514.3,51550.7,0,0
2024-06-24 11:45:00+05:30,51549.9,51674.7,51510.25,51616.7,0,0
2024-06-24 12:15:00+05:30,51618.75,51712.3,51596.95,51609.1,0,0
2024-06-24 12:45:00+05:30,51603.5,51718.2,51598.85,51706.4,0,0
2024-06-24 13:15:00+05:30,51706.65,51783.95,51648.4,51677.85,0,0
2024-06-24 13:45:00+05:30,51679.65,51728.45,51592.15,51620.65,0,0
2024-06-24 14:15:00+05:30,51619.95,51704.2,51565.6,51675.3,0,0
2024-06-24 14:45:00+05:30,51681.15,51762.6,51562.35,51737.6,0,0
2024-06-24 15:15:00+05:30,51736.95,51768.8,51686.95,51709.65,0,0
2024-06-25 09:15:00+05:30,51759.45,51973.5,51747.65,51953.6,0,0
2024-06-25 09:45:00+05:30,51948.6,52096.7,51926.45,52084.2,0,0
2024-06-25 10:15:00+05:30,52083.05,52118.25,52051.35,52093.8,0,0
2024-06-25 10:45:00+05:30,52088.95,52188.25,52088.7,52119.7,0,0
2024-06-25 11:15:00+05:30,52117.55,52121.65,52013.85,52074.15,0,0
2024-06-25 11:45:00+05:30,52072.8,52113.9,52044.85,52087.85,0,0
2024-06-25 12:15:00+05:30,52095.2,52493.75,52062.7,52394.15,0,0
2024-06-25 12:45:00+05:30,52397.5,52527.0,52383.3,52495.15,0,0
2024-06-25 13:15:00+05:30,52490.75,52638.85,52489.25,52603.3,0,0
2024-06-25 13:45:00+05:30,52607.15,52669.3,52539.2,52609.9,0,0
2024-06-25 14:15:00+05:30,52613.2,52633.75,52457.15,52616.8,0,0
2024-06-25 14:45:00+05:30,52620.15,52662.55,52508.1,52627.9,0,0
2024-06-25 15:15:00+05:30,52628.5,52746.5,52599.25,52630.15,0,0
2024-06-26 09:15:00+05:30,52653.2,52701.7,52440.9,52450.2,0,0
2024-06-26 09:45:00+05:30,52442.45,52543.3,52373.7,52399.3,0,0
2024-06-26 10:15:00+05:30,52398.3,52597.75,52398.3,52487.4,0,0
2024-06-26 10:45:00+05:30,52481.5,52753.65,52476.2,52680.1,0,0
2024-06-26 11:15:00+05:30,52674.15,52908.65,52666.35,52834.5,0,0
2024-06-26 11:45:00+05:30,52834.4,52957.95,52820.65,52885.05,0,0
2024-06-26 12:15:00+05:30,52888.9,52950.05,52830.15,52889.95,0,0
2024-06-26 12:45:00+05:30,52890.35,52915.25,52730.0,52867.55,0,0
2024-06-26 13:15:00+05:30,52863.55,52947.2,52851.0,52869.8,0,0
2024-06-26 13:45:00+05:30,52873.85,52958.75,52867.35,52938.55,0,0
2024-06-26 14:15:00+05:30,52940.3,52958.9,52861.0,52925.7,0,0
2024-06-26 14:45:00+05:30,52932.75,52988.3,52814.95,52837.55,0,0
2024-06-26 15:15:00+05:30,52832.85,52898.7,52694.2,52694.5,0,0
2024-06-27 09:15:00+05:30,52980.3,52980.3,52639.0,52749.4,0,0
2024-06-27 09:45:00+05:30,52759.3,53180.75,52750.3,53100.1,0,0
2024-06-27 10:15:00+05:30,53100.5,53136.9,52735.85,52743.3,0,0
2024-06-27 10:45:00+05:30,52741.75,52958.8,52668.65,52950.05,0,0
2024-06-27 11:15:00+05:30,52945.6,52963.7,52849.35,52939.8,0,0
2024-06-27 11:45:00+05:30,52938.6,53010.35,52870.4,53010.35,0,0
2024-06-27 12:15:00+05:30,53005.15,53035.2,52897.6,52934.65,0,0
2024-06-27 12:45:00+05:30,52930.25,52997.0,52800.9,52862.05,0,0
2024-06-27 13:15:00+05:30,52864.3,52935.45,52821.0,52869.35,0,0
2024-06-27 13:45:00+05:30,52871.65,52923.7,52751.05,52843.35,0,0
2024-06-27 14:15:00+05:30,52839.25,52909.65,52694.65,52901.75,0,0
2024-06-27 14:45:00+05:30,52902.1,52964.45,52730.9,52805.15,0,0
2024-06-27 15:15:00+05:30,52811.65,52882.9,52759.8,52759.8,0,0
2024-06-28 09:15:00+05:30,52874.95,53030.3,52783.3,52965.55,0,0
2024-06-28 09:45:00+05:30,52962.65,53023.1,52895.8,52972.85,0,0
2024-06-28 10:15:00+05:30,52970.3,53000.85,52900.75,52962.3,0,0
2024-06-28 10:45:00+05:30,52958.15,52964.5,52842.3,52861.5,0,0
2024-06-28 11:15:00+05:30,52862.05,52878.55,52674.9,52832.65,0,0
2024-06-28 11:45:00+05:30,52832.5,52845.45,52723.65,52740.1,0,0
2024-06-28 12:15:00+05:30,52742.4,52752.1,52528.8,52607.55,0,0
2024-06-28 12:45:00+05:30,52608.3,52646.85,52419.45,52516.55,0,0
2024-06-28 13:15:00+05:30,52513.45,52615.1,52455.15,52577.55,0,0
2024-06-28 13:45:00+05:30,52581.65,52723.05,52538.25,52672.4,0,0
2024-06-28 14:15:00+05:30,52673.75,52706.7,52407.0,52495.1,0,0
2024-06-28 14:45:00+05:30,52494.55,52590.6,52279.1,52289.05,0,0
2024-06-28 15:15:00+05:30,52289.85,52334.9,52242.3,52323.7,0,0
2024-07-01 09:15:00+05:30,52351.15,52515.75,52166.05,52507.65,0,0
2024-07-01 09:45:00+05:30,52511.25,52545.2,52373.35,52396.1,0,0
2024-07-01 10:15:00+05:30,52396.05,52483.1,52393.6,52416.95,0,0
2024-07-01 10:45:00+05:30,52415.7,52437.95,52338.8,52413.5,0,0
2024-07-01 11:15:00+05:30,52410.85,52599.85,52395.45,52566.55,0,0
2024-07-01 11:45:00+05:30,52567.2,52607.55,52523.55,52549.55,0,0
2024-07-01 12:15:00+05:30,52549.3,52616.9,52524.8,52562.25,0,0
2024-07-01 12:45:00+05:30,52560.8,52593.4,52537.8,52579.95,0,0
2024-07-01 13:15:00+05:30,52582.0,52630.95,52532.1,52610.75,0,0
2024-07-01 13:45:00+05:30,52611.9,52638.45,52544.0,52582.95,0,0
2024-07-01 14:15:00+05:30,52583.75,52602.5,52487.95,52516.75,0,0
2024-07-01 14:45:00+05:30,52516.65,52656.15,52497.6,52613.4,0,0
2024-07-01 15:15:00+05:30,52611.1,52630.0,52504.55,52521.45,0,0
2024-07-02 09:15:00+05:30,52793.75,52828.45,52209.1,52217.45,0,0
2024-07-02 09:45:00+05:30,52214.35,52390.35,52120.25,52256.55,0,0
2024-07-02 10:15:00+05:30,52255.15,52352.7,52252.9,52303.35,0,0
2024-07-02 10:45:00+05:30,52301.55,52371.45,52277.2,52364.1,0,0
2024-07-02 11:15:00+05:30,52357.5,52412.65,52057.3,52095.4,0,0
2024-07-02 11:45:00+05:30,52094.3,52225.15,52079.85,52142.0,0,0
2024-07-02 12:15:00+05:30,52141.0,52190.0,52070.5,52099.95,0,0
2024-07-02 12:45:00+05:30,52105.1,52175.8,51996.65,52147.85,0,0
2024-07-02 13:15:00+05:30,52146.15,52251.35,52109.6,52213.75,0,0
2024-07-02 13:45:00+05:30,52213.45,52231.85,52119.05,52132.6,0,0
2024-07-02 14:15:00+05:30,52132.6,52227.1,52125.75,52197.05,0,0
2024-07-02 14:45:00+05:30,52194.5,52222.75,52141.4,52164.4,0,0
2024-07-02 15:15:00+05:30,52164.5,52200.7,52131.2,52148.1,0,0
2024-07-03 09:15:00+05:30,52872.3,53110.75,52482.65,53103.35,0,0
2024-07-03 09:45:00+05:30,53105.5,53201.5,53046.05,53074.4,0,0
2024-07-03 10:15:00+05:30,53078.95,53256.7,53008.65,53158.75,0,0
2024-07-03 10:45:00+05:30,53158.75,53167.7,53025.3,53046.9,0,0
2024-07-03 11:15:00+05:30,53045.5,53107.7,52967.4,53083.25,0,0
2024-07-03 11:45:00+05:30,53085.0,53119.5,53044.6,53078.35,0,0
2024-07-03 12:15:00+05:30,53079.5,53144.8,53069.95,53102.35,0,0
2024-07-03 12:45:00+05:30,53104.15,53130.6,53057.95,53084.15,0,0
2024-07-03 13:15:00+05:30,53087.75,53157.45,53070.95,53151.9,0,0
2024-07-03 13:45:00+05:30,53150.05,53191.3,53089.3,53096.5,0,0
2024-07-03 14:15:00+05:30,53101.1,53143.0,53053.1,53109.0,0,0
2024-07-03 14:45:00+05:30,53113.1,53121.25,53047.1,53110.0,0,0
2024-07-03 15:15:00+05:30,53108.15,53145.4,53025.7,53042.15,0,0
2024-07-04 09:15:00+05:30,53357.7,53357.7,53044.5,53190.85,0,0
2024-07-04 09:45:00+05:30,53189.85,53225.85,53143.4,53180.05,0,0
2024-07-04 10:15:00+05:30,53180.8,53202.3,52864.0,52911.9,0,0
2024-07-04 10:45:00+05:30,52910.2,52916.3,52815.9,52881.2,0,0
2024-07-04 11:15:00+05:30,52881.35,52947.85,52863.0,52912.45,0,0
2024-07-04 11:45:00+05:30,52914.05,52959.95,52880.85,52942.0,0,0
2024-07-04 12:15:00+05:30,52941.15,52981.7,52922.15,52959.9,0,0
2024-07-04 12:45:00+05:30,52960.35,53028.2,52956.8,52996.2,0,0
2024-07-04 13:15:00+05:30,52995.25,53019.45,52925.75,52955.2,0,0
2024-07-04 13:45:00+05:30,52954.95,53092.85,52923.95,53031.85,0,0
2024-07-04 14:15:00+05:30,53032.85,53186.95,52984.8,53163.55,0,0
2024-07-04 14:45:00+05:30,53160.55,53188.05,53063.6,53108.0,0,0
2024-07-04 15:15:00+05:30,53107.15,53123.0,53072.85,53083.75,0,0
2024-07-05 09:15:00+05:30,52560.1,52817.85,52290.45,52396.5,0,0
2024-07-05 09:45:00+05:30,52397.75,52451.65,52290.05,52385.8,0,0
2024-07-05 10:15:00+05:30,52384.4,52523.5,52339.2,52511.45,0,0
2024-07-05 10:45:00+05:30,52510.85,52663.55,52507.0,52552.3,0,0
2024-07-05 11:15:00+05:30,52553.9,52660.6,52549.65,52627.35,0,0
2024-07-05 11:45:00+05:30,52626.35,52640.75,52547.8,52551.05,0,0
2024-07-05 12:15:00+05:30,52548.3,52624.05,52545.4,52601.6,0,0
2024-07-05 12:45:00+05:30,52598.05,52616.4,52485.45,52500.55,0,0
2024-07-05 13:15:00+05:30,52499.85,52581.2,52484.9,52505.65,0,0
2024-07-05 13:45:00+05:30,52506.05,52520.95,52465.7,52512.65,0,0
2024-07-05 14:15:00+05:30,52512.5,52533.7,52431.45,52498.8,0,0
2024-07-05 14:45:00+05:30,52498.0,52732.6,52464.25,52685.8,0,0
2024-07-05 15:15:00+05:30,52687.05,52715.05,52621.6,52633.15,0,0
2024-07-08 09:15:00+05:30,52533.1,52710.8,52321.2,52461.45,0,0
2024-07-08 09:45:00+05:30,52459.95,52628.8,52394.4,52561.35,0,0
2024-07-08 10:15:00+05:30,52561.9,52688.0,52461.35,52563.25,0,0
2024-07-08 10:45:00+05:30,52562.55,52564.9,52388.75,52450.7,0,0
2024-07-08 11:15:00+05:30,52447.85,52469.7,52300.75,52326.3,0,0
2024-07-08 11:45:00+05:30,52328.3,52439.7,52252.45,52283.65,0,0
2024-07-08 12:15:00+05:30,52285.1,52382.4,52246.7,52350.9,0,0
2024-07-08 12:45:00+05:30,52350.6,52437.1,52340.95,52389.8,0,0
2024-07-08 13:15:00+05:30,52395.25,52447.15,52333.8,52379.6,0,0
2024-07-08 13:45:00+05:30,52379.45,52518.25,52364.15,52430.85,0,0
2024-07-08 14:15:00+05:30,52436.45,52508.95,52377.35,52382.3,0,0
2024-07-08 14:45:00+05:30,52384.05,52480.7,52348.75,52400.55,0,0
2024-07-08 15:15:00+05:30,52401.1,52507.8,52377.3,52470.05,0,0
2024-07-09 09:15:00+05:30,52390.5,52586.3,52292.95,52529.05,0,0
2024-07-09 09:45:00+05:30,52526.7,52545.35,52416.35,52490.15,0,0
2024-07-09 10:15:00+05:30,52490.85,52568.25,52475.0,52552.75,0,0
2024-07-09 10:45:00+05:30,52554.3,52574.55,52496.9,52527.9,0,0
2024-07-09 11:15:00+05:30,52529.75,52620.0,52512.8,52617.0,0,0
2024-07-09 11:45:00+05:30,52615.85,52626.6,52544.85,52560.8,0,0
2024-07-09 12:15:00+05:30,52557.9,52567.15,52483.7,52493.95,0,0
2024-07-09 12:45:00+05:30,52492.0,52573.15,52491.05,52558.75,0,0
2024-07-09 13:15:00+05:30,52558.05,52583.4,52534.1,52550.5,0,0
2024-07-09 13:45:00+05:30,52549.5,52595.5,52548.3,52581.15,0,0
2024-07-09 14:15:00+05:30,52578.7,52582.3,52511.9,52548.0,0,0
2024-07-09 14:45:00+05:30,52543.3,52603.0,52500.95,52567.0,0,0
2024-07-09 15:15:00+05:30,52567.25,52607.65,52488.4,52521.4,0,0
2024-07-10 09:15:00+05:30,52528.8,52528.8,52175.2,52299.4,0,0
2024-07-10 09:45:00+05:30,52299.05,52386.4,52201.85,52284.55,0,0
2024-07-10 10:15:00+05:30,52278.7,52300.95,52077.9,52151.15,0,0
2024-07-10 10:45:00+05:30,52150.15,52160.65,52102.3,52124.0,0,0
2024-07-10 11:15:00+05:30,52123.7,52168.55,52082.15,52145.3,0,0
2024-07-10 11:45:00+05:30,52145.9,52187.75,52116.45,52153.75,0,0
2024-07-10 12:15:00+05:30,52156.25,52168.8,52111.65,52113.1,0,0
2024-07-10 12:45:00+05:30,52116.45,52167.3,52107.75,52129.3,0,0
2024-07-10 13:15:00+05:30,52128.2,52147.85,52097.2,52114.3,0,0
2024-07-10 13:45:00+05:30,52117.7,52133.05,52075.4,52120.35,0,0
2024-07-10 14:15:00+05:30,52121.7,52235.95,52108.3,52199.85,0,0
2024-07-10 14:45:00+05:30,52197.65,52238.55,52100.1,52174.4,0,0
2024-07-10 15:15:00+05:30,52172.7,52234.5,52160.15,52217.3,0,0
2024-07-11 09:15:00+05:30,52316.9,52400.3,52110.0,52142.5,0,0
2024-07-11 09:45:00+05:30,52143.5,52305.7,52119.4,52140.65,0,0
2024-07-11 10:15:00+05:30,52141.55,52142.85,51824.2,51848.0,0,0
2024-07-11 10:45:00+05:30,51850.65,51870.6,51749.45,51801.5,0,0
2024-07-11 11:15:00+05:30,51796.6,51928.35,51779.1,51891.6,0,0
2024-07-11 11:45:00+05:30,51890.9,51920.95,51768.35,51882.85,0,0
2024-07-11 12:15:00+05:30,51883.5,51960.8,51863.5,51929.2,0,0
2024-07-11 12:45:00+05:30,51930.65,51965.7,51886.15,51933.1,0,0
2024-07-11 13:15:00+05:30,51933.85,51955.95,51877.95,51920.25,0,0
2024-07-11 13:45:00+05:30,51919.05,52244.7,51915.85,52168.7,0,0
2024-07-11 14:15:00+05:30,52170.5,52215.6,52131.25,52148.6,0,0
2024-07-11 14:45:00+05:30,52146.8,52343.3,52132.0,52287.6,0,0
2024-07-11 15:15:00+05:30,52288.85,52335.2,52254.85,52305.65,0,0
2024-07-12 09:15:00+05:30,52272.65,52510.75,52193.8,52490.25,0,0
2024-07-12 09:45:00+05:30,52487.85,52491.1,52171.15,52237.0,0,0
2024-07-12 10:15:00+05:30,52232.15,52352.65,52224.9,52292.15,0,0
2024-07-12 10:45:00+05:30,52292.3,52794.55,52253.8,52649.8,0,0
2024-07-12 11:15:00+05:30,52647.4,52659.45,52448.4,52524.8,0,0
2024-07-12 11:45:00+05:30,52525.45,52577.4,52468.5,52551.5,0,0
2024-07-12 12:15:00+05:30,52554.85,52562.4,52469.3,52479.45,0,0
2024-07-12 12:45:00+05:30,52478.05,52586.5,52444.65,52554.65,0,0
2024-07-12 13:15:00+05:30,52555.55,52637.35,52537.0,52546.3,0,0
2024-07-12 13:45:00+05:30,52547.15,52586.25,52532.0,52562.15,0,0
2024-07-12 14:15:00+05:30,52562.3,52582.3,52404.55,52437.0,0,0
2024-07-12 14:45:00+05:30,52437.65,52439.8,52226.05,52228.45,0,0
2024-07-12 15:15:00+05:30,52224.75,52350.65,52193.3,52348.7,0,0
2024-07-15 09:15:00+05:30,52330.05,52444.9,52219.95,52272.15,0,0
2024-07-15 09:45:00+05:30,52273.45,52358.15,52167.25,52313.0,0,0
2024-07-15 10:15:00+05:30,52313.5,52516.4,52228.8,52446.45,0,0
2024-07-15 10:45:00+05:30,52447.75,52473.1,52385.5,52426.7,0,0
2024-07-15 11:15:00+05:30,52426.6,52435.0,52367.5,52406.3,0,0
2024-07-15 11:45:00+05:30,52403.85,52445.9,52154.0,52358.3,0,0
2024-07-15 12:15:00+05:30,52357.85,52363.5,52256.3,52289.2,0,0
2024-07-15 12:45:00+05:30,52286.55,52441.9,52275.25,52434.6,0,0
2024-07-15 13:15:00+05:30,52438.5,52622.85,52426.8,52552.5,0,0
2024-07-15 13:45:00+05:30,52555.85,52662.25,52515.95,52545.2,0,0
2024-07-15 14:15:00+05:30,52542.05,52614.15,52510.8,52523.9,0,0
2024-07-15 14:45:00+05:30,52522.55,52586.2,52424.65,52448.95,0,0
2024-07-15 15:15:00+05:30,52442.9,52486.65,52422.65,52484.4,0,0
2024-07-16 09:15:00+05:30,52466.7,52619.05,52459.05,52510.3,0,0
2024-07-16 09:45:00+05:30,52508.45,52517.0,52357.5,52448.1,0,0
2024-07-16 10:15:00+05:30,52450.05,52526.4,52440.55,52502.3,0,0
2024-07-16 10:45:00+05:30,52501.25,52515.8,52435.75,52499.0,0,0
2024-07-16 11:15:00+05:30,52497.45,52512.7,52457.7,52475.85,0,0
2024-07-16 11:45:00+05:30,52475.55,52480.95,52426.2,52436.0,0,0
2024-07-16 12:15:00+05:30,52436.9,52492.85,52423.7,52468.75,0,0
2024-07-16 12:45:00+05:30,52469.9,52513.85,52428.25,52461.55,0,0
2024-07-16 13:15:00+05:30,52461.5,52476.85,52375.5,52396.4,0,0
2024-07-16 13:45:00+05:30,52395.1,52436.7,52389.1,52416.1,0,0
2024-07-16 14:15:00+05:30,52419.05,52419.05,52331.6,52394.65,0,0
2024-07-16 14:45:00+05:30,52392.7,52456.7,52374.3,52407.5,0,0
2024-07-16 15:15:00+05:30,52407.25,52454.35,52365.85,52399.95,0,0
2024-07-18 09:15:00+05:30,52215.05,52426.4,52168.65,52402.7,0,0
2024-07-18 09:45:00+05:30,52408.7,52668.8,52403.95,52608.0,0,0
2024-07-18 10:15:00+05:30,52602.4,52631.05,52467.0,52513.85,0,0
2024-07-18 10:45:00+05:30,52519.6,52539.6,52267.65,52272.95,0,0
2024-07-18 11:15:00+05:30,52273.6,52316.05,52185.7,52239.75,0,0
2024-07-18 11:45:00+05:30,52238.05,52436.35,52204.35,52427.85,0,0
2024-07-18 12:15:00+05:30,52424.05,52489.15,52359.9,52433.1,0,0
2024-07-18 12:45:00+05:30,52436.05,52583.4,52352.7,52557.8,0,0
2024-07-18 13:15:00+05:30,52562.25,52623.3,52505.95,52546.85,0,0
2024-07-18 13:45:00+05:30,52548.6,52754.05,52534.55,52734.6,0,0
2024-07-18 14:15:00+05:30,52730.95,52782.75,52650.2,52738.8,0,0
2024-07-18 14:45:00+05:30,52736.75,52766.15,52607.05,52630.1,0,0
2024-07-18 15:15:00+05:30,52631.1,52653.05,52558.25,52559.25,0,0
2024-07-19 09:15:00+05:30,52531.55,52586.75,52339.95,52551.85,0,0
2024-07-19 09:45:00+05:30,52551.85,52554.0,52317.5,52362.4,0,0
2024-07-19 10:15:00+05:30,52360.65,52475.45,52344.4,52385.6,0,0
2024-07-19 10:45:00+05:30,52384.35,52399.25,52146.3,52298.1,0,0
2024-07-19 11:15:00+05:30,52297.2,52397.75,52257.95,52306.75,0,0
2024-07-19 11:45:00+05:30,52307.65,52381.0,52277.7,52344.1,0,0
2024-07-19 12:15:00+05:30,52342.9,52376.1,52200.2,52261.7,0,0
2024-07-19 12:45:00+05:30,52261.5,52278.15,52182.3,52255.4,0,0
2024-07-19 13:15:00+05:30,52250.0,52361.7,52217.25,52303.65,0,0
2024-07-19 13:45:00+05:30,52306.65,52384.4,52246.75,52263.9,0,0
2024-07-19 14:15:00+05:30,52264.8,52324.7,52234.75,52290.65,0,0
2024-07-19 14:45:00+05:30,52290.35,52341.15,52251.5,52277.05,0,0
2024-07-19 15:15:00+05:30,52281.6,52287.45,52195.35,52222.95,0,0
2024-07-22 09:15:00+05:30,52145.6,52334.05,51874.55,52274.95,0,0
2024-07-22 09:45:00+05:30,52269.65,52369.05,52248.65,52365.45,0,0
2024-07-22 10:15:00+05:30,52364.6,52427.0,52316.7,52392.75,0,0
2024-07-22 10:45:00+05:30,52391.85,52417.8,52267.55,52313.9,0,0
2024-07-22 11:15:00+05:30,52314.2,52331.05,52254.1,52291.8,0,0
2024-07-22 11:45:00+05:30,52291.15,52307.35,52230.0,52263.55,0,0
2024-07-22 12:15:00+05:30,52264.45,52272.15,52165.8,52237.0,0,0
2024-07-22 12:45:00+05:30,52234.3,52268.65,52194.4,52241.9,0,0
2024-07-22 13:15:00+05:30,52242.4,52324.85,52237.5,52290.05,0,0
2024-07-22 13:45:00+05:30,52291.6,52320.7,52231.45,52243.75,0,0
2024-07-22 14:15:00+05:30,52244.85,52321.15,52217.65,52292.8,0,0
2024-07-22 14:45:00+05:30,52290.2,52332.55,52226.35,52309.8,0,0
2024-07-22 15:15:00+05:30,52312.75,52332.55,52262.75,52328.6,0,0
2024-07-23 09:15:00+05:30,52511.0,52547.55,52088.55,52218.5,0,0
2024-07-23 09:45:00+05:30,52220.4,52286.45,52156.3,52219.95,0,0
2024-07-23 10:15:00+05:30,52215.1,52335.2,52124.45,52209.15,0,0
2024-07-23 10:45:00+05:30,52208.75,52427.45,52190.35,52351.1,0,0
2024-07-23 11:15:00+05:30,52350.5,52370.5,51801.1,52130.55,0,0
2024-07-23 11:45:00+05:30,52129.55,52249.1,52018.6,52163.4,0,0
2024-07-23 12:15:00+05:30,52167.8,52197.25,51554.85,51909.75,0,0
2024-07-23 12:45:00+05:30,51910.6,51913.1,51342.65,51359.75,0,0
2024-07-23 13:15:00+05:30,51363.45,51703.1,51363.45,51631.55,0,0
2024-07-23 13:45:00+05:30,51639.75,51917.8,51559.25,51849.15,0,0
2024-07-23 14:15:00+05:30,51850.35,52086.35,51670.5,52048.25,0,0
2024-07-23 14:45:00+05:30,52046.65,52054.7,51749.55,51752.3,0,0
2024-07-23 15:15:00+05:30,51747.8,51778.5,51661.0,51757.15,0,0
2024-07-24 09:15:00+05:30,51657.65,51937.65,51469.8,51619.75,0,0
2024-07-24 09:45:00+05:30,51612.15,51944.65,51551.7,51703.35,0,0
2024-07-24 10:15:00+05:30,51701.05,51831.4,51361.35,51458.15,0,0
2024-07-24 10:45:00+05:30,51461.3,51530.4,51153.6,51190.6,0,0
2024-07-24 11:15:00+05:30,51190.15,51236.95,51009.1,51048.65,0,0
2024-07-24 11:45:00+05:30,51045.1,51171.0,51035.8,51071.15,0,0
2024-07-24 12:15:00+05:30,51071.85,51082.05,50784.25,50876.85,0,0
2024-07-24 12:45:00+05:30,50871.4,51120.55,50865.65,51102.65,0,0
2024-07-24 13:15:00+05:30,51103.0,51515.55,51012.55,51490.25,0,0
2024-07-24 13:45:00+05:30,51487.25,51491.45,51006.95,51034.95,0,0
2024-07-24 14:15:00+05:30,51039.35,51334.8,50994.1,51183.55,0,0
2024-07-24 14:45:00+05:30,51180.45,51328.2,51175.85,51314.45,0,0
2024-07-24 15:15:00+05:30,51314.7,51462.15,51260.15,51429.75,0,0
2024-07-25 09:15:00+05:30,50762.3,51006.1,50702.25,50800.15,0,0
2024-07-25 09:45:00+05:30,50795.55,50799.25,50572.0,50636.05,0,0
2024-07-25 10:15:00+05:30,50638.05,50707.75,50559.9,50692.75,0,0
2024-07-25 10:45:00+05:30,50687.35,50768.25,50651.25,50737.25,0,0
2024-07-25 11:15:00+05:30,50736.35,50879.15,50696.55,50839.75,0,0
2024-07-25 11:45:00+05:30,50838.8,50869.05,50783.95,50839.65,0,0
2024-07-25 12:15:00+05:30,50837.25,50857.15,50778.9,50793.1,0,0
2024-07-25 12:45:00+05:30,50793.65,50879.55,50791.65,50833.25,0,0
2024-07-25 13:15:00+05:30,50831.35,50864.6,50776.1,50790.15,0,0
2024-07-25 13:45:00+05:30,50792.15,50921.7,50785.05,50890.4,0,0
2024-07-25 14:15:00+05:30,50894.4,50936.25,50847.45,50855.9,0,0
2024-07-25 14:45:00+05:30,50855.8,50928.35,50841.45,50897.9,0,0
2024-07-25 15:15:00+05:30,50898.55,50898.55,50853.8,50886.55,0,0
2024-07-26 09:15:00+05:30,50456.1,50876.4,50438.3,50770.95,0,0
2024-07-26 09:45:00+05:30,50772.15,50818.15,50616.95,50722.15,0,0
2024-07-26 10:15:00+05:30,50722.4,50785.8,50721.2,50740.35,0,0
2024-07-26 10:45:00+05:30,50745.9,50950.45,50706.4,50895.3,0,0
2024-07-26 11:15:00+05:30,50891.45,50924.4,50851.5,50916.55,0,0
2024-07-26 11:45:00+05:30,50916.3,50987.25,50873.55,50878.85,0,0
2024-07-26 12:15:00+05:30,50878.15,51064.45,50863.0,51061.55,0,0
2024-07-26 12:45:00+05:30,51061.3,51201.55,51023.15,51200.0,0,0
2024-07-26 13:15:00+05:30,51205.15,51277.2,51160.3,51232.25,0,0
2024-07-26 13:45:00+05:30,51228.8,51322.2,51178.95,51222.75,0,0
2024-07-26 14:15:00+05:30,51223.8,51256.6,51136.95,51249.45,0,0
2024-07-26 14:45:00+05:30,51248.1,51345.45,51230.15,51321.25,0,0
2024-07-26 15:15:00+05:30,51319.5,51398.6,51264.9,51352.75,0,0
2024-07-29 09:15:00+05:30,51546.65,51939.8,51433.9,51930.3,0,0
2024-07-29 09:45:00+05:30,51931.3,51954.4,51751.15,51798.95,0,0
2024-07-29 10:15:00+05:30,51798.5,51898.6,51778.75,51867.4,0,0
2024-07-29 10:45:00+05:30,51865.65,52183.0,51865.3,52130.35,0,0
2024-07-29 11:15:00+05:30,52130.45,52244.45,52102.15,52229.6,0,0
2024-07-29 11:45:00+05:30,52232.9,52340.25,51737.0,51833.8,0,0
2024-07-29 12:15:00+05:30,51829.15,51866.9,51186.95,51687.15,0,0
2024-07-29 12:45:00+05:30,51688.25,51778.45,51512.3,51516.85,0,0
2024-07-29 13:15:00+05:30,51521.9,51717.65,51512.3,51677.45,0,0
2024-07-29 13:45:00+05:30,51673.75,51687.05,51343.75,51345.35,0,0
2024-07-29 14:15:00+05:30,51345.9,51548.65,51264.65,51481.8,0,0
2024-07-29 14:45:00+05:30,51484.55,51617.85,51283.35,51311.85,0,0
2024-07-29 15:15:00+05:30,51311.35,51395.05,51293.45,51389.6,0,0
2024-07-30 09:15:00+05:30,51383.9,51599.65,51260.05,51588.25,0,0
2024-07-30 09:45:00+05:30,51584.05,51601.55,51305.15,51470.1,0,0
2024-07-30 10:15:00+05:30,51472.05,51692.45,51448.15,51667.6,0,0
2024-07-30 10:45:00+05:30,51676.9,51703.0,51576.65,51645.1,0,0
2024-07-30 11:15:00+05:30,51645.2,51784.6,51642.25,51758.1,0,0
2024-07-30 11:45:00+05:30,51761.05,51762.65,51649.75,51689.15,0,0
2024-07-30 12:15:00+05:30,51690.6,51751.3,51671.75,51706.5,0,0
2024-07-30 12:45:00+05:30,51698.3,51957.75,51676.15,51802.6,0,0
2024-07-30 13:15:00+05:30,51797.3,51838.45,51627.75,51814.05,0,0
2024-07-30 13:45:00+05:30,51809.25,51866.5,51768.1,51795.5,0,0
2024-07-30 14:15:00+05:30,51795.85,51922.55,51795.85,51875.55,0,0
2024-07-30 14:45:00+05:30,51871.3,51876.95,51413.2,51462.35,0,0
2024-07-30 15:15:00+05:30,51460.9,51510.85,51390.6,51426.15,0,0
2024-07-31 09:15:00+05:30,51583.45,51587.95,51392.85,51472.45,0,0
2024-07-31 09:45:00+05:30,51475.85,51621.75,51439.05,51606.85,0,0
2024-07-31 10:15:00+05:30,51603.35,51661.85,51530.2,51592.1,0,0
2024-07-31 10:45:00+05:30,51591.8,51612.7,51523.2,51557.15,0,0
2024-07-31 11:15:00+05:30,51555.45,51571.85,51400.1,51493.2,0,0
2024-07-31 11:45:00+05:30,51488.3,51511.95,51448.05,51475.9,0,0
2024-07-31 12:15:00+05:30,51475.6,51498.35,51444.9,51475.35,0,0
2024-07-31 12:45:00+05:30,51469.5,51579.8,51460.3,51498.05,0,0
2024-07-31 13:15:00+05:30,51491.05,51541.25,51348.75,51426.65,0,0
2024-07-31 13:45:00+05:30,51424.25,51470.35,51335.7,51385.7,0,0
2024-07-31 14:15:00+05:30,51385.65,51504.55,51363.4,51459.1,0,0
2024-07-31 14:45:00+05:30,51460.45,51583.45,51436.45,51547.45,0,0
2024-07-31 15:15:00+05:30,51549.0,51663.1,51542.65,51620.8,0,0
2024-08-01 09:15:00+05:30,51672.6,51877.15,51652.45,51787.75,0,0
2024-08-01 09:45:00+05:30,51782.2,51814.75,51646.05,51692.55,0,0
2024-08-01 10:15:00+05:30,51688.8,51766.6,51688.8,51728.75,0,0
2024-08-01 10:45:00+05:30,51728.25,51779.25,51667.6,51750.3,0,0
2024-08-01 11:15:00+05:30,51749.6,51765.4,51695.0,51704.35,0,0
2024-08-01 11:45:00+05:30,51705.05,51755.4,51685.7,51711.0,0,0
2024-08-01 12:15:00+05:30,51706.65,51723.3,51580.85,51628.65,0,0
2024-08-01 12:45:00+05:30,51630.25,51706.75,51591.8,51694.15,0,0
2024-08-01 13:15:00+05:30,51694.4,51721.3,51652.5,51656.45,0,0
2024-08-01 13:45:00+05:30,51656.2,51696.3,51565.7,51569.1,0,0
2024-08-01 14:15:00+05:30,51568.55,51595.8,51457.8,51574.3,0,0
2024-08-01 14:45:00+05:30,51573.35,51591.75,51456.2,51571.65,0,0
2024-08-01 15:15:00+05:30,51571.3,51639.15,51570.15,51606.45,0,0
2024-08-02 09:15:00+05:30,51172.25,51376.8,51087.85,51255.8,0,0
2024-08-02 09:45:00+05:30,51258.0,51299.4,51189.8,51247.65,0,0
2024-08-02 10:15:00+05:30,51246.65,51464.55,51241.35,51407.65,0,0
2024-08-02 10:45:00+05:30,51405.1,51534.9,51403.3,51480.9,0,0
2024-08-02 11:15:00+05:30,51478.05,51537.7,51425.35,51522.8,0,0
2024-08-02 11:45:00+05:30,51522.25,51568.35,51454.5,51469.9,0,0
2024-08-02 12:15:00+05:30,51468.7,51495.5,51379.6,51391.2,0,0
2024-08-02 12:45:00+05:30,51394.9,51465.1,51364.15,51452.7,0,0
2024-08-02 13:15:00+05:30,51445.25,51608.7,51432.85,51558.35,0,0
2024-08-02 13:45:00+05:30,51557.45,51586.05,51482.65,51500.95,0,0
2024-08-02 14:15:00+05:30,51496.9,51542.0,51438.55,51448.55,0,0
2024-08-02 14:45:00+05:30,51448.85,51478.0,51308.95,51341.7,0,0
2024-08-02 15:15:00+05:30,51342.1,51401.05,51325.35,51337.75,0,0
2024-08-05 09:15:00+05:30,50586.25,50747.55,50346.7,50429.15,0,0
2024-08-05 09:45:00+05:30,50431.35,50507.45,50352.55,50389.1,0,0
2024-08-05 10:15:00+05:30,50381.9,50441.65,50214.35,50247.95,0,0
2024-08-05 10:45:00+05:30,50247.2,50247.2,49902.65,49920.5,0,0
2024-08-05 11:15:00+05:30,49922.6,50006.4,49719.1,49935.35,0,0
2024-08-05 11:45:00+05:30,49934.95,50002.6,49881.2,49992.95,0,0
2024-08-05 12:15:00+05:30,49992.9,50047.55,49850.7,49856.4,0,0
2024-08-05 12:45:00+05:30,49855.4,50020.4,49808.1,50012.4,0,0
2024-08-05 13:15:00+05:30,50015.65,50163.95,49942.2,50049.2,0,0
2024-08-05 13:45:00+05:30,50047.4,50164.6,50029.75,50055.65,0,0
2024-08-05 14:15:00+05:30,50051.0,50207.9,49964.8,50200.7,0,0
2024-08-05 14:45:00+05:30,50200.45,50221.25,50067.95,50081.0,0,0
2024-08-05 15:15:00+05:30,50081.95,50113.1,50030.6,50056.0,0,0
2024-08-06 09:15:00+05:30,50436.9,50688.8,50378.15,50398.3,0,0
2024-08-06 09:45:00+05:30,50396.45,50484.0,50237.95,50263.75,0,0
2024-08-06 10:15:00+05:30,50270.65,50297.3,49907.6,49965.75,0,0
2024-08-06 10:45:00+05:30,49964.8,50172.45,49964.2,50147.55,0,0
2024-08-06 11:15:00+05:30,50148.4,50255.25,50079.6,50200.3,0,0
2024-08-06 11:45:00+05:30,50201.05,50217.7,50121.05,50188.15,0,0
2024-08-06 12:15:00+05:30,50183.45,50199.6,50079.35,50131.15,0,0
2024-08-06 12:45:00+05:30,50130.0,50195.75,50084.4,50096.35,0,0
2024-08-06 13:15:00+05:30,50094.1,50134.1,49875.3,49914.5,0,0
2024-08-06 13:45:00+05:30,49913.25,49925.25,49725.2,49776.4,0,0
2024-08-06 14:15:00+05:30,49776.1,49875.5,49659.05,49707.85,0,0
2024-08-06 14:45:00+05:30,49706.25,49850.95,49701.7,49735.15,0,0
2024-08-06 15:15:00+05:30,49738.45,49797.55,49708.05,49770.2,0,0
2024-08-07 09:15:00+05:30,50286.2,50292.45,50025.85,50050.45,0,0
2024-08-07 09:45:00+05:30,50052.7,50082.15,49794.5,49836.2,0,0
2024-08-07 10:15:00+05:30,49835.15,50159.2,49782.2,50033.75,0,0
2024-08-07 10:45:00+05:30,50033.1,50075.6,49833.5,49929.3,0,0
2024-08-07 11:15:00+05:30,49925.85,49977.05,49841.0,49935.35,0,0
2024-08-07 11:45:00+05:30,49936.4,49968.9,49858.25,49883.6,0,0
2024-08-07 12:15:00+05:30,49891.15,50098.65,49882.45,49979.85,0,0
2024-08-07 12:45:00+05:30,49981.95,50022.45,49874.15,49931.75,0,0
2024-08-07 13:15:00+05:30,49932.7,49962.9,49855.6,49909.95,0,0
2024-08-07 13:45:00+05:30,49908.8,49980.9,49882.75,49968.4,0,0
2024-08-07 14:15:00+05:30,49967.9,50158.55,49960.5,50038.5,0,0
2024-08-07 14:45:00+05:30,50045.4,50165.45,49945.6,50140.95,0,0
2024-08-07 15:15:00+05:30,50139.3,50254.5,50123.35,50226.45,0,0
2024-08-08 09:15:00+05:30,50051.9,50185.55,49956.6,50102.05,0,0
2024-08-08 09:45:00+05:30,50103.8,50182.15,49829.6,49928.3,0,0
2024-08-08 10:15:00+05:30,49928.0,50132.2,49901.55,50067.95,0,0
2024-08-08 10:45:00+05:30,50072.9,50224.15,49976.9,50168.65,0,0
2024-08-08 11:15:00+05:30,50170.95,50294.3,50150.75,50194.35,0,0
2024-08-08 11:45:00+05:30,50196.2,50407.15,50187.3,50405.45,0,0
2024-08-08 12:15:00+05:30,50408.25,50440.75,50350.4,50368.35,0,0
2024-08-08 12:45:00+05:30,50367.9,50391.0,50109.8,50197.2,0,0
2024-08-08 13:15:00+05:30,50195.95,50271.3,50068.85,50254.7,0,0
2024-08-08 13:45:00+05:30,50255.3,50281.15,50122.6,50198.05,0,0
2024-08-08 14:15:00+05:30,50199.85,50286.15,50167.95,50242.5,0,0
2024-08-08 14:45:00+05:30,50242.0,50287.65,50134.35,50151.1,0,0
2024-08-08 15:15:00+05:30,50148.35,50170.2,50094.65,50109.45,0,0
2024-08-09 09:15:00+05:30,50612.1,50638.8,50386.45,50601.0,0,0
2024-08-09 09:45:00+05:30,50597.2,50707.75,50531.3,50545.6,0,0
2024-08-09 10:15:00+05:30,50546.45,50601.2,50420.95,50462.7,0,0
2024-08-09 10:45:00+05:30,50462.9,50523.75,50447.05,50488.25,0,0
2024-08-09 11:15:00+05:30,50491.95,50553.05,50481.1,50534.4,0,0
2024-08-09 11:45:00+05:30,50534.15,50608.1,50532.0,50543.1,0,0
2024-08-09 12:15:00+05:30,50541.3,50567.4,50526.25,50529.6,0,0
2024-08-09 12:45:00+05:30,50528.0,50533.3,50454.1,50492.5,0,0
2024-08-09 13:15:00+05:30,50493.95,50611.95,50478.15,50602.45,0,0
2024-08-09 13:45:00+05:30,50602.8,50632.35,50523.55,50588.5,0,0
2024-08-09 14:15:00+05:30,50586.1,50593.0,50496.1,50504.75,0,0
2024-08-09 14:45:00+05:30,50505.25,50551.35,50464.05,50470.5,0,0
2024-08-09 15:15:00+05:30,50478.25,50490.85,50443.15,50481.8,0,0
2024-08-12 09:15:00+05:30,50412.6,50460.15,50201.2,50263.35,0,0
2024-08-12 09:45:00+05:30,50266.3,50305.95,50149.25,50277.35,0,0
2024-08-12 10:15:00+05:30,50278.95,50634.9,50278.95,50587.55,0,0
2024-08-12 10:45:00+05:30,50590.3,50741.9,50552.4,50721.6,0,0
2024-08-12 11:15:00+05:30,50716.45,50792.9,50631.8,50637.05,0,0
2024-08-12 11:45:00+05:30,50635.5,50740.3,50635.5,50641.1,0,0
2024-08-12 12:15:00+05:30,50640.3,50742.9,50603.85,50727.2,0,0
2024-08-12 12:45:00+05:30,50729.85,50804.85,50711.85,50726.0,0,0
2024-08-12 13:15:00+05:30,50726.0,50777.2,50673.5,50773.65,0,0
2024-08-12 13:45:00+05:30,50771.45,50830.7,50744.9,50797.8,0,0
2024-08-12 14:15:00+05:30,50797.4,50814.1,50689.65,50727.15,0,0
2024-08-12 14:45:00+05:30,50728.85,50761.6,50525.35,50591.75,0,0
2024-08-12 15:15:00+05:30,50598.9,50607.95,50543.5,50578.55,0,0
2024-08-13 09:15:00+05:30,50395.35,50559.25,50308.6,50455.75,0,0
2024-08-13 09:45:00+05:30,50452.25,50497.65,50310.2,50355.75,0,0
2024-08-13 10:15:00+05:30,50354.75,50373.8,50229.75,50243.0,0,0
2024-08-13 10:45:00+05:30,50243.45,50313.95,50226.6,50299.85,0,0
2024-08-13 11:15:00+05:30,50298.35,50341.95,50264.65,50320.65,0,0
2024-08-13 11:45:00+05:30,50320.1,50344.0,50200.95,50260.8,0,0
2024-08-13 12:15:00+05:30,50260.4,50268.55,50128.15,50144.8,0,0
2024-08-13 12:45:00+05:30,50138.05,50157.85,49992.65,50036.65,0,0
2024-08-13 13:15:00+05:30,50037.2,50129.25,50028.25,50050.4,0,0
2024-08-13 13:45:00+05:30,50044.05,50087.9,49877.3,49961.9,0,0
2024-08-13 14:15:00+05:30,49961.65,49970.1,49824.35,49835.85,0,0
2024-08-13 14:45:00+05:30,49837.9,49905.6,49794.7,49803.8,0,0
2024-08-13 15:15:00+05:30,49805.55,49868.45,49785.1,49853.7,0,0
2024-08-14 09:15:00+05:30,49887.15,49959.25,49654.65,49787.05,0,0
2024-08-14 09:45:00+05:30,49783.95,49884.9,49714.45,49728.05,0,0
2024-08-14 10:15:00+05:30,49728.4,49857.6,49703.25,49814.15,0,0
2024-08-14 10:45:00+05:30,49816.1,49816.1,49715.0,49726.55,0,0
2024-08-14 11:15:00+05:30,49725.35,49738.95,49681.0,49718.95,0,0
2024-08-14 11:45:00+05:30,49719.3,49779.3,49694.05,49756.15,0,0
2024-08-14 12:15:00+05:30,49754.85,49770.6,49702.6,49728.0,0,0
2024-08-14 12:45:00+05:30,49728.95,49774.65,49721.75,49752.2,0,0
2024-08-14 13:15:00+05:30,49754.95,49761.55,49710.35,49742.45,0,0
2024-08-14 13:45:00+05:30,49742.3,49800.4,49703.5,49763.55,0,0
2024-08-14 14:15:00+05:30,49761.4,49778.1,49705.4,49729.25,0,0
2024-08-14 14:45:00+05:30,49742.1,49763.15,49692.8,49701.35,0,0
2024-08-14 15:15:00+05:30,49702.5,49763.7,49697.05,49746.4,0,0
2024-08-16 09:15:00+05:30,50133.0,50290.3,49970.6,50005.3,0,0
2024-08-16 09:45:00+05:30,50010.5,50020.3,49873.9,49981.8,0,0
2024-08-16 10:15:00+05:30,49982.75,49998.05,49806.05,49928.25,0,0
2024-08-16 10:45:00+05:30,49927.4,50016.75,49910.65,49951.0,0,0
2024-08-16 11:15:00+05:30,49951.85,50188.1,49938.15,50183.45,0,0
2024-08-16 11:45:00+05:30,50181.45,50415.65,50174.05,50370.05,0,0
2024-08-16 12:15:00+05:30,50365.2,50412.65,50291.8,50368.0,0,0
2024-08-16 12:45:00+05:30,50369.8,50442.4,50328.05,50389.75,0,0
2024-08-16 13:15:00+05:30,50390.5,50507.2,50361.0,50496.4,0,0
2024-08-16 13:45:00+05:30,50493.6,50603.4,50484.5,50578.9,0,0
2024-08-16 14:15:00+05:30,50575.2,50580.55,50432.85,50456.5,0,0
2024-08-16 14:45:00+05:30,50456.5,50564.5,50438.35,50529.3,0,0
2024-08-16 15:15:00+05:30,50534.15,50541.55,50484.8,50510.95,0,0
2024-08-19 09:15:00+05:30,50683.55,50728.25,50556.65,50617.4,0,0
2024-08-19 09:45:00+05:30,50615.45,50660.15,50386.1,50406.55,0,0
2024-08-19 10:15:00+05:30,50407.25,50490.75,50361.85,50470.0,0,0
2024-08-19 10:45:00+05:30,50465.4,50474.8,50379.6,50423.8,0,0
2024-08-19 11:15:00+05:30,50423.8,50585.9,50418.65,50533.95,0,0
2024-08-19 11:45:00+05:30,50533.15,50554.0,50407.05,50453.45,0,0
2024-08-19 12:15:00+05:30,50453.45,50467.25,50340.65,50392.9,0,0
2024-08-19 12:45:00+05:30,50391.8,50444.15,50380.3,50408.75,0,0
2024-08-19 13:15:00+05:30,50408.7,50470.9,50302.3,50326.15,0,0
2024-08-19 13:45:00+05:30,50325.95,50366.0,50298.65,50330.75,0,0
2024-08-19 14:15:00+05:30,50334.1,50413.2,50324.95,50374.5,0,0
2024-08-19 14:45:00+05:30,50373.65,50389.5,50283.55,50359.05,0,0
2024-08-19 15:15:00+05:30,50356.9,50432.3,50356.65,50418.85,0,0
2024-08-20 09:15:00+05:30,50417.25,50672.7,50398.6,50662.05,0,0
2024-08-20 09:45:00+05:30,50660.0,50807.1,50618.5,50785.0,0,0
2024-08-20 10:15:00+05:30,50788.95,50857.6,50721.25,50776.6,0,0
2024-08-20 10:45:00+05:30,50777.9,50911.7,50728.05,50894.05,0,0
2024-08-20 11:15:00+05:30,50893.75,50959.05,50861.8,50894.9,0,0
2024-08-20 11:45:00+05:30,50891.05,50952.5,50891.05,50940.35,0,0
2024-08-20 12:15:00+05:30,50944.25,50994.9,50908.65,50923.8,0,0
2024-08-20 12:45:00+05:30,50920.35,51025.6,50914.6,50999.85,0,0
2024-08-20 13:15:00+05:30,50998.8,51003.7,50917.35,50945.1,0,0
2024-08-20 13:45:00+05:30,50950.2,50966.3,50915.85,50926.1,0,0
2024-08-20 14:15:00+05:30,50927.1,50929.3,50853.8,50927.85,0,0
2024-08-20 14:45:00+05:30,50923.6,50942.5,50772.65,50773.9,0,0
2024-08-20 15:15:00+05:30,50775.2,50803.4,50709.4,50719.1,0,0
2024-08-21 09:15:00+05:30,50666.65,50764.45,50446.25,50492.9,0,0
2024-08-21 09:45:00+05:30,50495.45,50566.35,50421.65,50504.85,0,0
2024-08-21 10:15:00+05:30,50505.35,50613.8,50498.85,50523.3,0,0
2024-08-21 10:45:00+05:30,50526.3,50548.35,50343.85,50414.0,0,0
2024-08-21 11:15:00+05:30,50412.05,50690.65,50409.8,50479.65,0,0
2024-08-21 11:45:00+05:30,50476.85,50607.2,50446.4,50561.4,0,0
2024-08-21 12:15:00+05:30,50563.5,50605.2,50489.9,50504.8,0,0
2024-08-21 12:45:00+05:30,50504.85,50548.15,50464.9,50507.65,0,0
2024-08-21 13:15:00+05:30,50507.25,50509.65,50333.35,50422.6,0,0
2024-08-21 13:45:00+05:30,50421.55,50508.95,50412.5,50491.45,0,0
2024-08-21 14:15:00+05:30,50491.0,50508.5,50392.2,50504.25,0,0
2024-08-21 14:45:00+05:30,50502.8,50718.75,50502.8,50681.65,0,0
2024-08-21 15:15:00+05:30,50684.1,50772.45,50661.75,50737.7,0,0
2024-08-22 09:15:00+05:30,50894.8,51012.6,50794.45,50946.9,0,0
2024-08-22 09:45:00+05:30,50947.35,50947.95,50838.45,50918.7,0,0
2024-08-22 10:15:00+05:30,50918.75,50983.4,50880.2,50950.0,0,0
2024-08-22 10:45:00+05:30,50945.45,50967.0,50887.8,50915.85,0,0
2024-08-22 11:15:00+05:30,50915.7,51042.45,50886.2,51004.6,0,0
2024-08-22 11:45:00+05:30,51004.85,51020.85,50959.65,50972.65,0,0
2024-08-22 12:15:00+05:30,50973.95,51030.5,50961.05,51005.0,0,0
2024-08-22 12:45:00+05:30,51010.8,51066.0,50962.9,51019.75,0,0
2024-08-22 13:15:00+05:30,51017.3,51061.25,50993.15,51060.7,0,0
2024-08-22 13:45:00+05:30,51061.4,51080.0,50974.45,51017.4,0,0
2024-08-22 14:15:00+05:30,51018.3,51030.6,50910.9,50986.25,0,0
2024-08-22 14:45:00+05:30,50987.2,51012.25,50946.5,51002.45,0,0
2024-08-22 15:15:00+05:30,51001.65,51004.2,50941.55,50952.65,0,0
2024-08-23 09:15:00+05:30,51040.05,51117.85,50856.7,50892.95,0,0
2024-08-23 09:45:00+05:30,50892.45,51098.5,50883.8,50960.6,0,0
2024-08-23 10:15:00+05:30,50962.9,51019.35,50925.65,51011.95,0,0
2024-08-23 10:45:00+05:30,51010.7,51047.25,50959.2,51007.1,0,0
2024-08-23 11:15:00+05:30,51008.05,51048.2,50991.15,51022.35,0,0
2024-08-23 11:45:00+05:30,51022.1,51033.95,50976.65,50998.8,0,0
2024-08-23 12:15:00+05:30,50998.35,51007.35,50962.45,50981.8,0,0
2024-08-23 12:45:00+05:30,50981.7,51031.15,50964.9,51018.15,0,0
2024-08-23 13:15:00+05:30,51015.0,51018.15,50948.95,51000.95,0,0
2024-08-23 13:45:00+05:30,51000.1,51002.45,50930.55,50958.9,0,0
2024-08-23 14:15:00+05:30,50958.5,51017.75,50948.65,50975.05,0,0
2024-08-23 14:45:00+05:30,50978.85,50989.0,50888.95,50922.15,0,0
2024-08-23 15:15:00+05:30,50922.15,50965.3,50904.2,50961.35,0,0
2024-08-26 09:15:00+05:30,51100.65,51259.7,51061.55,51248.05,0,0
2024-08-26 09:45:00+05:30,51246.45,51313.0,51206.9,51295.65,0,0
2024-08-26 10:15:00+05:30,51296.55,51317.85,51197.5,51235.55,0,0
2024-08-26 10:45:00+05:30,51234.2,51236.45,51148.5,51204.2,0,0
2024-08-26 11:15:00+05:30,51221.3,51249.35,51202.6,51229.05,0,0
2024-08-26 11:45:00+05:30,51228.9,51233.55,51184.7,51204.3,0,0
2024-08-26 12:15:00+05:30,51204.7,51279.9,51185.9,51208.05,0,0
2024-08-26 12:45:00+05:30,51208.05,51244.95,51199.5,51222.7,0,0
2024-08-26 13:15:00+05:30,51220.75,51251.3,51194.7,51239.3,0,0
2024-08-26 13:45:00+05:30,51239.15,51250.25,51151.25,51166.6,0,0
2024-08-26 14:15:00+05:30,51166.65,51193.55,51138.8,51147.85,0,0
2024-08-26 14:45:00+05:30,51147.3,51179.6,51106.55,51153.85,0,0
2024-08-26 15:15:00+05:30,51158.9,51176.9,51139.95,51163.35,0,0
2024-08-27 09:15:00+05:30,51214.05,51249.5,50938.1,51018.8,0,0
2024-08-27 09:45:00+05:30,51017.05,51266.1,50988.6,51143.65,0,0
2024-08-27 10:15:00+05:30,51140.9,51177.45,50980.4,51086.05,0,0
2024-08-27 10:45:00+05:30,51089.15,51270.25,51068.35,51201.55,0,0
2024-08-27 11:15:00+05:30,51201.1,51404.7,51196.2,51341.6,0,0
2024-08-27 11:45:00+05:30,51344.05,51357.3,51268.1,51306.5,0,0
2024-08-27 12:15:00+05:30,51307.05,51339.65,51262.1,51330.2,0,0
2024-08-27 12:45:00+05:30,51329.85,51392.05,51307.0,51352.7,0,0
2024-08-27 13:15:00+05:30,51355.25,51377.15,51273.95,51355.4,0,0
2024-08-27 13:45:00+05:30,51356.45,51382.5,51311.05,51322.05,0,0
2024-08-27 14:15:00+05:30,51319.4,51352.35,51265.3,51324.25,0,0
2024-08-27 14:45:00+05:30,51326.65,51332.85,51203.3,51290.75,0,0
2024-08-27 15:15:00+05:30,51292.35,51296.6,51150.95,51171.5,0,0
2024-08-28 09:15:00+05:30,51208.95,51239.15,51119.5,51128.55,0,0
2024-08-28 09:45:00+05:30,51124.65,51207.25,51085.75,51122.05,0,0
2024-08-28 10:15:00+05:30,51120.8,51160.15,51094.85,51139.0,0,0
2024-08-28 10:45:00+05:30,51139.0,51203.15,51112.3,51201.15,0,0
2024-08-28 11:15:00+05:30,51198.6,51223.7,51160.95,51201.1,0,0
2024-08-28 11:45:00+05:30,51196.25,51235.9,51180.8,51212.45,0,0
2024-08-28 12:15:00+05:30,51210.5,51260.75,51205.1,51224.7,0,0
2024-08-28 12:45:00+05:30,51221.1,51231.25,51190.2,51220.55,0,0
2024-08-28 13:15:00+05:30,51227.35,51232.95,51191.3,51221.2,0,0
2024-08-28 13:45:00+05:30,51219.25,51247.05,51204.25,51236.05,0,0
2024-08-28 14:15:00+05:30,51235.2,51249.8,51141.9,51180.0,0,0
2024-08-28 14:45:00+05:30,51180.8,51214.9,51126.45,51145.4,0,0
2024-08-28 15:15:00+05:30,51150.3,51158.9,51033.7,51049.55,0,0
2024-08-29 09:15:00+05:30,51103.75,51219.7,51028.7,51183.65,0,0
2024-08-29 09:45:00+05:30,51185.1,51304.05,51161.95,51260.2,0,0
2024-08-29 10:15:00+05:30,51259.85,51270.3,51203.25,51255.25,0,0
2024-08-29 10:45:00+05:30,51258.95,51263.5,51177.45,51222.3,0,0
2024-08-29 11:15:00+05:30,51221.65,51233.85,51150.95,51152.65,0,0
2024-08-29 11:45:00+05:30,51150.0,51266.6,51145.5,51262.65,0,0
2024-08-29 12:15:00+05:30,51262.15,51368.95,51248.4,51308.05,0,0
2024-08-29 12:45:00+05:30,51309.0,51323.1,51223.8,51271.3,0,0
2024-08-29 13:15:00+05:30,51272.0,51296.15,51216.1,51219.1,0,0
2024-08-29 13:45:00+05:30,51214.85,51238.5,51018.5,51114.7,0,0
2024-08-29 14:15:00+05:30,51112.95,51139.95,50984.4,51029.5,0,0
2024-08-29 14:45:00+05:30,51029.0,51250.45,51021.75,51127.25,0,0
2024-08-29 15:15:00+05:30,51123.85,51195.4,51100.25,51166.8,0,0
2024-08-30 09:15:00+05:30,51437.45,51454.55,51317.4,51347.6,0,0
2024-08-30 09:45:00+05:30,51346.45,51407.6,51304.3,51336.6,0,0
2024-08-30 10:15:00+05:30,51333.55,51389.9,51319.6,51363.1,0,0
2024-08-30 10:45:00+05:30,51363.35,51378.45,51320.95,51361.2,0,0
2024-08-30 11:15:00+05:30,51362.65,51380.6,51318.2,51350.9,0,0
2024-08-30 11:45:00+05:30,51349.0,51444.65,51345.8,51428.25,0,0
2024-08-30 12:15:00+05:30,51427.95,51466.55,51411.05,51415.95,0,0
2024-08-30 12:45:00+05:30,51417.0,51432.5,51391.4,51420.6,0,0
2024-08-30 13:15:00+05:30,51420.15,51437.15,51372.6,51419.55,0,0
2024-08-30 13:45:00+05:30,51416.55,51443.85,51396.75,51406.75,0,0
2024-08-30 14:15:00+05:30,51403.0,51451.6,51355.8,51382.7,0,0
2024-08-30 14:45:00+05:30,51384.3,51435.05,51290.85,51356.0,0,0
2024-08-30 15:15:00+05:30,51358.6,51371.0,51256.0,51319.55,0,0
2024-09-02 09:15:00+05:30,51579.5,51579.5,51364.05,51410.9,0,0
2024-09-02 09:45:00+05:30,51408.3,51438.8,51354.95,51390.0,0,0
2024-09-02 10:15:00+05:30,51385.9,51401.15,51334.45,51350.5,0,0
2024-09-02 10:45:00+05:30,51350.55,51415.15,51348.55,51403.05,0,0
2024-09-02 11:15:00+05:30,51400.5,51438.95,51321.85,51357.65,0,0
2024-09-02 11:45:00+05:30,51358.05,51383.15,51295.8,51353.95,0,0
2024-09-02 12:15:00+05:30,51359.8,51376.9,51317.35,51334.2,0,0
2024-09-02 12:45:00+05:30,51331.8,51388.55,51305.75,51346.3,0,0
2024-09-02 13:15:00+05:30,51347.1,51370.45,51304.25,51327.4,0,0
2024-09-02 13:45:00+05:30,51328.25,51554.8,51326.9,51509.65,0,0
2024-09-02 14:15:00+05:30,51508.4,51548.1,51440.1,51493.5,0,0
2024-09-02 14:45:00+05:30,51496.0,51521.95,51406.75,51443.25,0,0
2024-09-02 15:15:00+05:30,51441.65,51457.3,51380.15,51431.8,0,0
2024-09-03 09:15:00+05:30,51479.75,51501.3,51349.6,51388.8,0,0
2024-09-03 09:45:00+05:30,51388.55,51454.8,51305.15,51413.15,0,0
2024-09-03 10:15:00+05:30,51412.85,51436.75,51338.35,51421.2,0,0
2024-09-03 10:45:00+05:30,51416.65,51432.05,51288.4,51289.1,0,0
2024-09-03 11:15:00+05:30,51294.45,51395.9,51240.05,51350.3,0,0
2024-09-03 11:45:00+05:30,51350.3,51404.45,51312.45,51373.25,0,0
2024-09-03 12:15:00+05:30,51373.3,51407.3,51330.9,51357.95,0,0
2024-09-03 12:45:00+05:30,51358.55,51378.0,51319.7,51372.55,0,0
2024-09-03 13:15:00+05:30,51375.15,51419.75,51363.35,51373.5,0,0
2024-09-03 13:45:00+05:30,51377.65,51421.0,51293.8,51397.35,0,0
2024-09-03 14:15:00+05:30,51393.85,51510.95,51354.2,51508.05,0,0
2024-09-03 14:45:00+05:30,51506.1,51750.1,51505.25,51726.25,0,0
2024-09-03 15:15:00+05:30,51725.9,51733.15,51664.55,51690.05,0,0
2024-09-04 09:15:00+05:30,51364.65,51503.55,51263.3,51268.7,0,0
2024-09-04 09:45:00+05:30,51268.65,51384.35,51259.9,51371.05,0,0
2024-09-04 10:15:00+05:30,51370.05,51383.65,51316.4,51344.15,0,0
2024-09-04 10:45:00+05:30,51344.15,51443.65,51341.15,51408.85,0,0
2024-09-04 11:15:00+05:30,51411.5,51422.1,51375.4,51405.95,0,0
2024-09-04 11:45:00+05:30,51407.4,51437.5,51394.15,51420.85,0,0
2024-09-04 12:15:00+05:30,51419.45,51450.8,51400.75,51422.3,0,0
2024-09-04 12:45:00+05:30,51419.75,51434.65,51393.45,51424.25,0,0
2024-09-04 13:15:00+05:30,51424.0,51459.9,51395.65,51405.0,0,0
2024-09-04 13:45:00+05:30,51405.65,51442.1,51399.8,51409.95,0,0
2024-09-04 14:15:00+05:30,51408.7,51461.0,51383.3,51438.7,0,0
2024-09-04 14:45:00+05:30,51439.8,51444.8,51343.35,51414.6,0,0
2024-09-04 15:15:00+05:30,51413.25,51431.0,51373.0,51390.6,0,0
2024-09-05 09:15:00+05:30,51544.25,51636.75,51433.7,51461.85,0,0
2024-09-05 09:45:00+05:30,51460.85,51526.1,51447.75,51480.9,0,0
2024-09-05 10:15:00+05:30,51480.5,51493.55,51389.15,51435.1,0,0
2024-09-05 10:45:00+05:30,51430.55,51485.85,51424.25,51471.75,0,0
2024-09-05 11:15:00+05:30,51472.05,51477.85,51429.35,51450.55,0,0
2024-09-05 11:45:00+05:30,51450.8,51470.4,51421.5,51463.35,0,0
2024-09-05 12:15:00+05:30,51464.5,51478.25,51433.0,51469.35,0,0
2024-09-05 12:45:00+05:30,51470.55,51512.95,51444.25,51454.5,0,0
2024-09-05 13:15:00+05:30,51452.65,51463.25,51425.95,51452.6,0,0
2024-09-05 13:45:00+05:30,51452.8,51473.3,51430.25,51465.05,0,0
2024-09-05 14:15:00+05:30,51466.3,51487.45,51412.05,51412.05,0,0
2024-09-05 14:45:00+05:30,51411.65,51506.2,51405.9,51491.6,0,0
2024-09-05 15:15:00+05:30,51490.6,51497.75,51445.05,51445.05,0,0
2024-09-06 09:15:00+05:30,51200.4,51380.05,51178.45,51239.9,0,0
2024-09-06 09:45:00+05:30,51237.55,51239.05,50898.25,50987.5,0,0
2024-09-06 10:15:00+05:30,50987.8,51070.15,50868.2,50964.4,0,0
2024-09-06 10:45:00+05:30,50968.3,51001.1,50894.05,50919.45,0,0
2024-09-06 11:15:00+05:30,50920.15,50962.2,50846.25,50900.75,0,0
2024-09-06 11:45:00+05:30,50901.4,50921.35,50867.65,50897.4,0,0
2024-09-06 12:15:00+05:30,50897.4,50953.4,50886.1,50941.8,0,0
2024-09-06 12:45:00+05:30,50939.65,50940.55,50785.3,50831.8,0,0
2024-09-06 13:15:00+05:30,50827.5,50862.35,50758.65,50805.4,0,0
2024-09-06 13:45:00+05:30,50804.45,50825.85,50739.85,50816.95,0,0
2024-09-06 14:15:00+05:30,50813.25,50822.5,50602.25,50611.1,0,0
2024-09-06 14:45:00+05:30,50611.0,50630.65,50447.3,50574.4,0,0
2024-09-06 15:15:00+05:30,50572.35,50648.55,50569.95,50627.8,0,0
2024-09-09 09:15:00+05:30,50549.25,50691.45,50369.4,50659.9,0,0
2024-09-09 09:45:00+05:30,50655.2,50682.05,50535.3,50593.55,0,0
2024-09-09 10:15:00+05:30,50590.6,50772.95,50547.05,50768.15,0,0
2024-09-09 10:45:00+05:30,50771.95,50810.15,50725.5,50772.95,0,0
2024-09-09 11:15:00+05:30,50773.4,50822.25,50685.4,50762.0,0,0
2024-09-09 11:45:00+05:30,50760.7,50891.65,50669.7,50687.85,0,0
2024-09-09 12:15:00+05:30,50686.4,50692.2,50563.85,50649.55,0,0
2024-09-09 12:45:00+05:30,50651.65,50715.65,50598.6,50679.4,0,0
2024-09-09 13:15:00+05:30,50678.05,50942.45,50651.9,50846.5,0,0
2024-09-09 13:45:00+05:30,50846.5,50971.8,50818.9,50954.7,0,0
2024-09-09 14:15:00+05:30,50955.85,51064.85,50919.25,51042.8,0,0
2024-09-09 14:45:00+05:30,51043.05,51192.75,51043.05,51112.35,0,0
2024-09-09 15:15:00+05:30,51107.7,51130.95,51072.7,51126.55,0,0
2024-09-10 09:15:00+05:30,51328.3,51329.8,51083.6,51115.55,0,0
2024-09-10 09:45:00+05:30,51115.85,51131.75,50958.25,51063.6,0,0
2024-09-10 10:15:00+05:30,51067.25,51194.4,51049.85,51143.45,0,0
2024-09-10 10:45:00+05:30,51138.85,51153.5,51046.15,51142.45,0,0
2024-09-10 11:15:00+05:30,51140.5,51199.7,51130.75,51175.4,0,0
2024-09-10 11:45:00+05:30,51175.3,51253.85,51156.7,51211.45,0,0
2024-09-10 12:15:00+05:30,51215.5,51274.05,51174.15,51267.15,0,0
2024-09-10 12:45:00+05:30,51268.25,51289.05,51192.95,51264.45,0,0
2024-09-10 13:15:00+05:30,51263.25,51366.0,51250.3,51329.2,0,0
2024-09-10 13:45:00+05:30,51329.7,51355.85,51290.3,51317.95,0,0
2024-09-10 14:15:00+05:30,51313.95,51340.25,51243.2,51275.45,0,0
2024-09-10 14:45:00+05:30,51277.6,51327.35,51175.75,51267.1,0,0
2024-09-10 15:15:00+05:30,51265.0,51320.85,51251.0,51277.65,0,0
2024-09-11 09:15:00+05:30,51218.55,51288.85,51047.8,51286.75,0,0
2024-09-11 09:45:00+05:30,51286.65,51317.6,51224.35,51266.45,0,0
2024-09-11 10:15:00+05:30,51267.55,51420.15,51249.55,51398.85,0,0
2024-09-11 10:45:00+05:30,51401.4,51401.4,51211.35,51346.35,0,0
2024-09-11 11:15:00+05:30,51344.75,51352.45,51058.45,51165.1,0,0
2024-09-11 11:45:00+05:30,51161.2,51217.05,51101.55,51181.1,0,0
2024-09-11 12:15:00+05:30,51182.45,51207.8,51116.0,51135.65,0,0
2024-09-11 12:45:00+05:30,51138.7,51159.9,51076.65,51125.9,0,0
2024-09-11 13:15:00+05:30,51124.45,51178.35,51098.8,51109.6,0,0
2024-09-11 13:45:00+05:30,51108.2,51129.3,51031.6,51050.15,0,0
2024-09-11 14:15:00+05:30,51048.6,51103.2,51036.55,51054.1,0,0
2024-09-11 14:45:00+05:30,51055.65,51074.5,50949.65,50962.1,0,0
2024-09-11 15:15:00+05:30,50968.9,51094.5,50947.7,51094.5,0,0
2024-09-12 09:15:00+05:30,51271.0,51307.05,51125.75,51266.55,0,0
2024-09-12 09:45:00+05:30,51267.55,51271.05,51115.25,51176.55,0,0
2024-09-12 10:15:00+05:30,51175.6,51210.4,51099.15,51139.95,0,0
2024-09-12 10:45:00+05:30,51140.55,51202.85,51091.75,51173.7,0,0
2024-09-12 11:15:00+05:30,51175.5,51224.45,51025.0,51204.25,0,0
2024-09-12 11:45:00+05:30,51200.5,51225.25,51128.2,51201.15,0,0
2024-09-12 12:15:00+05:30,51201.55,51216.4,51116.9,51205.45,0,0
2024-09-12 12:45:00+05:30,51203.85,51239.75,51140.15,51187.9,0,0
2024-09-12 13:15:00+05:30,51188.05,51258.95,51167.65,51249.5,0,0
2024-09-12 13:45:00+05:30,51249.3,51549.85,51240.45,51518.1,0,0
2024-09-12 14:15:00+05:30,51516.55,51621.8,51514.55,51566.2,0,0
2024-09-12 14:45:00+05:30,51566.75,51878.1,51553.2,51855.05,0,0
2024-09-12 15:15:00+05:30,51849.1,51854.85,51635.65,51668.05,0,0
2024-09-13 09:15:00+05:30,51952.55,51952.55,51643.95,51741.4,0,0
2024-09-13 09:45:00+05:30,51744.9,51765.95,51672.5,51679.55,0,0
2024-09-13 10:15:00+05:30,51682.9,51795.1,51676.3,51758.8,0,0
2024-09-13 10:45:00+05:30,51755.9,51895.9,51717.25,51872.05,0,0
2024-09-13 11:15:00+05:30,51872.65,51873.9,51771.95,51829.25,0,0
2024-09-13 11:45:00+05:30,51823.75,51905.3,51815.45,51884.4,0,0
2024-09-13 12:15:00+05:30,51883.35,51959.25,51840.2,51899.45,0,0
2024-09-13 12:45:00+05:30,51898.55,51953.65,51854.9,51953.65,0,0
2024-09-13 13:15:00+05:30,51952.2,51954.7,51816.95,51880.85,0,0
2024-09-13 13:45:00+05:30,51878.75,51983.3,51854.2,51948.3,0,0
2024-09-13 14:15:00+05:30,51950.5,51994.1,51911.75,51942.75,0,0
2024-09-13 14:45:00+05:30,51942.15,51979.0,51872.05,51957.0,0,0
2024-09-13 15:15:00+05:30,51956.75,51974.6,51879.2,51896.6,0,0
2024-09-16 09:15:00+05:30,52038.7,52169.75,51921.45,52166.4,0,0
2024-09-16 09:45:00+05:30,52166.1,52193.15,52110.55,52129.8,0,0
2024-09-16 10:15:00+05:30,52126.9,52169.5,52099.5,52114.3,0,0
2024-09-16 10:45:00+05:30,52111.1,52128.15,52073.85,52097.35,0,0
2024-09-16 11:15:00+05:30,52100.1,52131.8,52054.35,52073.9,0,0
2024-09-16 11:45:00+05:30,52074.0,52094.3,52046.95,52065.6,0,0
2024-09-16 12:15:00+05:30,52064.45,52102.0,52007.6,52099.2,0,0
2024-09-16 12:45:00+05:30,52100.8,52123.3,52080.7,52116.75,0,0
2024-09-16 13:15:00+05:30,52118.2,52196.65,52113.65,52188.6,0,0
2024-09-16 13:45:00+05:30,52188.8,52203.65,52128.2,52157.7,0,0
2024-09-16 14:15:00+05:30,52158.9,52208.7,52094.2,52171.0,0,0
2024-09-16 14:45:00+05:30,52170.7,52183.75,52113.05,52143.7,0,0
2024-09-16 15:15:00+05:30,52141.3,52176.2,52138.95,52153.85,0,0
2024-09-17 09:15:00+05:30,52249.05,52284.6,52085.5,52235.25,0,0
2024-09-17 09:45:00+05:30,52235.7,52266.95,52116.6,52166.3,0,0
2024-09-17 10:15:00+05:30,52166.95,52228.9,52115.45,52222.2,0,0
2024-09-17 10:45:00+05:30,52221.9,52232.95,52179.95,52184.75,0,0
2024-09-17 11:15:00+05:30,52196.7,52239.8,52179.15,52206.9,0,0
2024-09-17 11:45:00+05:30,52206.9,52268.55,52206.9,52216.3,0,0
2024-09-17 12:15:00+05:30,52209.25,52263.65,52208.4,52257.4,0,0
2024-09-17 12:45:00+05:30,52256.1,52271.45,52229.25,52259.6,0,0
2024-09-17 13:15:00+05:30,52259.7,52270.3,52207.9,52254.15,0,0
2024-09-17 13:45:00+05:30,52253.85,52259.75,52212.85,52233.45,0,0
2024-09-17 14:15:00+05:30,52229.85,52262.45,52164.05,52210.8,0,0
2024-09-17 14:45:00+05:30,52210.45,52260.0,52172.05,52174.25,0,0
2024-09-17 15:15:00+05:30,52174.2,52194.8,52128.8,52144.65,0,0
2024-09-18 09:15:00+05:30,52177.1,52450.85,52154.55,52433.25,0,0
2024-09-18 09:45:00+05:30,52433.15,52484.55,52403.35,52442.5,0,0
2024-09-18 10:15:00+05:30,52440.55,52680.05,52433.4,52676.45,0,0
2024-09-18 10:45:00+05:30,52682.9,52741.4,52568.7,52671.95,0,0
2024-09-18 11:15:00+05:30,52669.65,52781.9,52660.0,52736.3,0,0
2024-09-18 11:45:00+05:30,52729.4,52795.35,52717.5,52773.8,0,0
2024-09-18 12:15:00+05:30,52767.45,52933.75,52767.45,52928.6,0,0
2024-09-18 12:45:00+05:30,52926.45,52954.2,52761.7,52795.4,0,0
2024-09-18 13:15:00+05:30,52794.15,52812.45,52647.55,52708.2,0,0
2024-09-18 13:45:00+05:30,52709.35,52830.2,52697.5,52810.0,0,0
2024-09-18 14:15:00+05:30,52807.7,52859.05,52766.0,52788.35,0,0
2024-09-18 14:45:00+05:30,52790.85,52847.6,52727.8,52794.45,0,0
2024-09-18 15:15:00+05:30,52788.6,52792.8,52622.8,52633.1,0,0
2024-09-19 09:15:00+05:30,52929.25,53353.3,52893.3,53277.55,0,0
2024-09-19 09:45:00+05:30,53277.75,53299.75,53016.1,53060.8,0,0
2024-09-19 10:15:00+05:30,53064.95,53122.25,53024.95,53076.2,0,0
2024-09-19 10:45:00+05:30,53079.45,53203.35,53063.35,53149.2,0,0
2024-09-19 11:15:00+05:30,53150.65,53159.75,52847.9,52915.95,0,0
2024-09-19 11:45:00+05:30,52913.5,53011.85,52876.7,52977.0,0,0
2024-09-19 12:15:00+05:30,52978.7,53019.35,52885.85,53000.15,0,0
2024-09-19 12:45:00+05:30,52999.25,53110.35,52939.3,52967.05,0,0
2024-09-19 13:15:00+05:30,52968.0,53021.15,52898.75,52953.7,0,0
2024-09-19 13:45:00+05:30,52953.5,53009.05,52882.05,52970.05,0,0
2024-09-19 14:15:00+05:30,52969.0,53001.05,52916.35,52944.5,0,0
2024-09-19 14:45:00+05:30,52943.0,53081.55,52917.65,53053.15,0,0
2024-09-19 15:15:00+05:30,53055.05,53102.2,53013.4,53045.15,0,0
2024-09-20 09:15:00+05:30,53235.8,53314.7,53037.6,53103.05,0,0
2024-09-20 09:45:00+05:30,53105.25,53434.25,53066.75,53348.2,0,0
2024-09-20 10:15:00+05:30,53352.9,53533.4,53296.85,53520.55,0,0
2024-09-20 10:45:00+05:30,53527.5,53556.6,53434.3,53535.45,0,0
2024-09-20 11:15:00+05:30,53535.45,53559.35,53453.95,53485.45,0,0
2024-09-20 11:45:00+05:30,53486.05,53639.65,53456.7,53598.0,0,0
2024-09-20 12:15:00+05:30,53598.55,53628.6,53545.95,53598.25,0,0
2024-09-20 12:45:00+05:30,53599.55,53711.9,53582.95,53649.1,0,0
2024-09-20 13:15:00+05:30,53644.3,53676.6,53095.05,53235.15,0,0
2024-09-20 13:45:00+05:30,53228.35,53521.25,53225.2,53410.2,0,0
2024-09-20 14:15:00+05:30,53414.4,53498.1,53246.0,53310.15,0,0
2024-09-20 14:45:00+05:30,53308.15,53864.45,53308.15,53826.8,0,0
2024-09-20 15:15:00+05:30,53828.1,54066.1,53778.6,53937.15,0,0
2024-09-23 09:15:00+05:30,53917.9,53970.45,53741.4,53858.25,0,0
2024-09-23 09:45:00+05:30,53853.05,53986.15,53832.75,53934.35,0,0
2024-09-23 10:15:00+05:30,53935.5,53963.25,53868.35,53915.35,0,0
2024-09-23 10:45:00+05:30,53913.4,53983.75,53898.75,53966.5,0,0
2024-09-23 11:15:00+05:30,53968.55,53994.6,53931.15,53963.15,0,0
2024-09-23 11:45:00+05:30,53963.15,53991.05,53891.45,53954.45,0,0
2024-09-23 12:15:00+05:30,53953.45,53991.6,53935.5,53976.5,0,0
2024-09-23 12:45:00+05:30,53975.1,54052.85,53942.35,54024.9,0,0
2024-09-23 13:15:00+05:30,54027.05,54088.45,54008.45,54060.75,0,0
2024-09-23 13:45:00+05:30,54054.0,54092.15,54023.95,54075.65,0,0
2024-09-23 14:15:00+05:30,54078.6,54197.95,54068.8,54151.8,0,0
2024-09-23 14:45:00+05:30,54149.1,54194.5,54039.85,54080.75,0,0
2024-09-23 15:15:00+05:30,54088.85,54120.55,54042.9,54076.3,0,0
2024-09-24 09:15:00+05:30,54110.65,54146.5,53962.95,54124.55,0,0
2024-09-24 09:45:00+05:30,54109.1,54158.4,54059.35,54069.95,0,0
2024-09-24 10:15:00+05:30,54066.8,54119.85,53988.6,54002.65,0,0
2024-09-24 10:45:00+05:30,54000.0,54034.6,53966.45,53985.55,0,0
2024-09-24 11:15:00+05:30,53984.4,54015.85,53940.8,54002.9,0,0
2024-09-24 11:45:00+05:30,54002.85,54033.6,53966.8,54021.4,0,0
2024-09-24 12:15:00+05:30,54021.7,54110.45,54016.7,54057.6,0,0
2024-09-24 12:45:00+05:30,54059.7,54127.65,54043.5,54105.25,0,0
2024-09-24 13:15:00+05:30,54107.05,54121.4,54055.5,54088.05,0,0
2024-09-24 13:45:00+05:30,54087.95,54151.4,54080.5,54108.4,0,0
2024-09-24 14:15:00+05:30,54100.6,54135.8,54000.85,54045.2,0,0
2024-09-24 14:45:00+05:30,54047.4,54247.7,53904.65,53978.6,0,0
2024-09-24 15:15:00+05:30,53977.1,54028.55,53951.4,53971.25,0,0
2024-09-25 09:15:00+05:30,53794.0,54018.8,53792.85,53987.7,0,0
2024-09-25 09:45:00+05:30,53981.7,54030.75,53940.35,53953.75,0,0
2024-09-25 10:15:00+05:30,53955.4,54083.25,53949.6,54044.9,0,0
2024-09-25 10:45:00+05:30,54043.8,54054.55,54000.0,54009.9,0,0
2024-09-25 11:15:00+05:30,54013.4,54056.55,53998.75,54011.3,0,0
2024-09-25 11:45:00+05:30,54011.5,54040.9,53979.95,54026.45,0,0
2024-09-25 12:15:00+05:30,54021.1,54044.35,53989.85,54011.25,0,0
2024-09-25 12:45:00+05:30,54012.15,54062.2,54004.15,54035.0,0,0
2024-09-25 13:15:00+05:30,54032.0,54075.5,54029.7,54052.25,0,0
2024-09-25 13:45:00+05:30,54052.25,54093.3,54039.15,54076.85,0,0
2024-09-25 14:15:00+05:30,54077.2,54107.0,54028.4,54075.65,0,0
2024-09-25 14:45:00+05:30,54077.6,54141.0,54055.7,54108.7,0,0
2024-09-25 15:15:00+05:30,54106.05,54141.3,54060.65,54135.75,0,0
2024-09-26 09:15:00+05:30,54045.85,54177.65,54010.9,54064.15,0,0
2024-09-26 09:45:00+05:30,54058.2,54179.3,54040.4,54140.55,0,0
2024-09-26 10:15:00+05:30,54141.05,54202.15,54111.7,54154.55,0,0
2024-09-26 10:45:00+05:30,54156.8,54174.6,54113.6,54148.75,0,0
2024-09-26 11:15:00+05:30,54148.75,54178.55,54122.65,54161.4,0,0
2024-09-26 11:45:00+05:30,54162.55,54242.05,54155.85,54233.9,0,0
2024-09-26 12:15:00+05:30,54231.4,54262.4,54163.15,54180.75,0,0
2024-09-26 12:45:00+05:30,54184.55,54215.35,54122.2,54149.75,0,0
2024-09-26 13:15:00+05:30,54154.55,54225.8,54137.5,54189.15,0,0
2024-09-26 13:45:00+05:30,54187.85,54205.55,54084.9,54176.15,0,0
2024-09-26 14:15:00+05:30,54174.45,54379.4,54174.45,54362.95,0,0
2024-09-26 14:45:00+05:30,54362.95,54467.35,54317.95,54324.6,0,0
2024-09-26 15:15:00+05:30,54321.9,54356.35,54243.75,54281.5,0,0
2024-09-27 09:15:00+05:30,54338.7,54338.7,54172.6,54251.25,0,0
2024-09-27 09:45:00+05:30,54252.6,54326.0,54252.6,54295.65,0,0
2024-09-27 10:15:00+05:30,54290.45,54327.45,54270.05,54284.95,0,0
2024-09-27 10:45:00+05:30,54285.3,54295.55,54172.5,54216.0,0,0
2024-09-27 11:15:00+05:30,54217.9,54231.3,54152.5,54183.6,0,0
2024-09-27 11:45:00+05:30,54184.55,54221.7,54148.05,54184.7,0,0
2024-09-27 12:15:00+05:30,54184.4,54188.15,54097.8,54098.25,0,0
2024-09-27 12:45:00+05:30,54099.15,54109.95,53945.65,53974.6,0,0
2024-09-27 13:15:00+05:30,53971.55,53978.9,53830.6,53903.65,0,0
2024-09-27 13:45:00+05:30,53904.7,53970.2,53863.75,53903.25,0,0
2024-09-27 14:15:00+05:30,53895.5,53945.1,53826.95,53892.55,0,0
2024-09-27 14:45:00+05:30,53887.8,53920.6,53763.2,53833.0,0,0
2024-09-27 15:15:00+05:30,53834.75,53876.7,53787.5,53834.3,0,0
2024-09-30 09:15:00+05:30,53556.95,53726.4,53348.0,53375.35,0,0
2024-09-30 09:45:00+05:30,53374.05,53381.9,53107.85,53240.85,0,0
2024-09-30 10:15:00+05:30,53242.85,53271.15,53184.3,53263.4,0,0
2024-09-30 10:45:00+05:30,53264.45,53357.6,53210.15,53249.25,0,0
2024-09-30 11:15:00+05:30,53249.95,53301.5,53129.05,53140.3,0,0
2024-09-30 11:45:00+05:30,53141.7,53161.0,53075.05,53103.15,0,0
2024-09-30 12:15:00+05:30,53097.95,53141.55,53048.75,53052.75,0,0
2024-09-30 12:45:00+05:30,53052.65,53089.05,53039.3,53070.05,0,0
2024-09-30 13:15:00+05:30,53070.65,53074.0,52954.15,53036.7,0,0
2024-09-30 13:45:00+05:30,53038.15,53090.75,53015.45,53022.55,0,0
2024-09-30 14:15:00+05:30,53011.05,53058.5,52989.85,53014.6,0,0
2024-09-30 14:45:00+05:30,53011.4,53073.1,52926.55,53000.45,0,0
2024-09-30 15:15:00+05:30,52999.75,53019.0,52963.75,52989.7,0,0
2024-10-01 09:15:00+05:30,52844.0,53235.25,52844.0,53108.8,0,0
2024-10-01 09:45:00+05:30,53105.05,53113.9,52944.85,52960.8,0,0
2024-10-01 10:15:00+05:30,52965.7,52993.45,52820.45,52850.9,0,0
2024-10-01 10:45:00+05:30,52847.3,53026.4,52817.8,52959.2,0,0
2024-10-01 11:15:00+05:30,52960.4,53037.1,52943.8,53032.95,0,0
2024-10-01 11:45:00+05:30,53032.35,53079.05,52974.6,52987.1,0,0
2024-10-01 12:15:00+05:30,52984.55,53020.15,52923.8,52935.5,0,0
2024-10-01 12:45:00+05:30,52936.4,52992.8,52926.35,52982.7,0,0
2024-10-01 13:15:00+05:30,52980.6,53010.75,52949.0,52981.45,0,0
2024-10-01 13:45:00+05:30,52977.4,52999.7,52949.95,52967.0,0,0
2024-10-01 14:15:00+05:30,52965.75,52968.5,52859.5,52863.3,0,0
2024-10-01 14:45:00+05:30,52861.45,52987.65,52861.45,52912.8,0,0
2024-10-01 15:15:00+05:30,52913.6,52993.95,52882.7,52980.0,0,0
2024-10-03 09:15:00+05:30,52314.45,52582.95,52300.5,52514.15,0,0
2024-10-03 09:45:00+05:30,52516.8,52566.65,52313.15,52321.4,0,0
2024-10-03 10:15:00+05:30,52323.0,52397.0,52225.0,52353.7,0,0
2024-10-03 10:45:00+05:30,52352.3,52392.6,52309.4,52339.4,0,0
2024-10-03 11:15:00+05:30,52339.3,52343.9,52178.6,52194.15,0,0
2024-10-03 11:45:00+05:30,52194.55,52224.65,52139.2,52187.05,0,0
2024-10-03 12:15:00+05:30,52187.1,52193.4,52059.4,52111.55,0,0
2024-10-03 12:45:00+05:30,52111.5,52118.05,51931.9,51972.1,0,0
2024-10-03 13:15:00+05:30,51969.95,51976.05,51845.2,51880.1,0,0
2024-10-03 13:45:00+05:30,51879.2,51880.2,51693.35,51796.35,0,0
2024-10-03 14:15:00+05:30,51795.15,51833.05,51683.4,51737.9,0,0
2024-10-03 14:45:00+05:30,51743.65,51966.2,51741.4,51858.95,0,0
2024-10-03 15:15:00+05:30,51857.05,51898.75,51815.3,51860.85,0,0
2024-10-04 09:15:00+05:30,51643.75,51971.3,51643.75,51816.05,0,0
2024-10-04 09:45:00+05:30,51814.25,52057.75,51773.4,51839.95,0,0
2024-10-04 10:15:00+05:30,51834.65,52053.2,51770.35,52041.15,0,0
2024-10-04 10:45:00+05:30,52043.7,52243.75,52024.55,52193.8,0,0
2024-10-04 11:15:00+05:30,52188.0,52240.35,52035.45,52127.6,0,0
2024-10-04 11:45:00+05:30,52127.45,52356.2,52100.05,52353.35,0,0
2024-10-04 12:15:00+05:30,52351.65,52358.35,51827.65,51845.45,0,0
2024-10-04 12:45:00+05:30,51848.75,51955.85,51643.25,51726.45,0,0
2024-10-04 13:15:00+05:30,51726.0,51746.7,51500.5,51552.45,0,0
2024-10-04 13:45:00+05:30,51553.1,51597.55,51460.15,51528.25,0,0
2024-10-04 14:15:00+05:30,51527.0,51619.45,51463.75,51481.65,0,0
2024-10-04 14:45:00+05:30,51481.95,51517.9,51347.25,51488.5,0,0
2024-10-04 15:15:00+05:30,51488.15,51561.3,51483.2,51555.75,0,0
2024-10-07 09:15:00+05:30,51543.2,51784.8,51483.55,51537.25,0,0
2024-10-07 09:45:00+05:30,51538.6,51623.75,51416.85,51565.15,0,0
2024-10-07 10:15:00+05:30,51563.95,51615.6,51468.8,51471.85,0,0
2024-10-07 10:45:00+05:30,51468.05,51482.75,51112.8,51198.6,0,0
2024-10-07 11:15:00+05:30,51195.3,51568.75,51192.4,51208.1,0,0
2024-10-07 11:45:00+05:30,51204.6,51240.6,51006.55,51117.9,0,0
2024-10-07 12:15:00+05:30,51114.3,51255.95,51060.45,51065.1,0,0
2024-10-07 12:45:00+05:30,51065.25,51069.4,50689.9,50757.75,0,0
2024-10-07 13:15:00+05:30,50766.05,50829.1,50194.3,50380.0,0,0
2024-10-07 13:45:00+05:30,50375.65,50869.55,50358.9,50578.85,0,0
2024-10-07 14:15:00+05:30,50573.15,50848.4,50383.15,50845.95,0,0
2024-10-07 14:45:00+05:30,50839.75,51495.45,50323.4,50401.5,0,0
2024-10-07 15:15:00+05:30,50407.9,50671.45,50387.75,50617.8,0,0
2024-10-08 09:15:00+05:30,50736.1,50899.5,50466.0,50858.0,0,0
2024-10-08 09:45:00+05:30,50865.4,51025.05,50732.45,50826.35,0,0
2024-10-08 10:15:00+05:30,50826.2,51082.1,50779.25,51018.5,0,0
2024-10-08 10:45:00+05:30,51014.75,51090.05,50968.7,51018.35,0,0
2024-10-08 11:15:00+05:30,51018.55,51084.1,50955.1,51038.8,0,0
2024-10-08 11:45:00+05:30,51041.65,51104.15,50941.5,51012.5,0,0
2024-10-08 12:15:00+05:30,51005.85,51044.25,50909.2,50964.35,0,0
2024-10-08 12:45:00+05:30,50962.55,51146.4,50923.75,51094.85,0,0
2024-10-08 13:15:00+05:30,51093.45,51160.85,51038.05,51084.7,0,0
2024-10-08 13:45:00+05:30,51084.65,51146.2,51063.75,51143.85,0,0
2024-10-08 14:15:00+05:30,51143.75,51176.05,50984.35,50998.45,0,0
2024-10-08 14:45:00+05:30,50996.05,51056.1,50943.15,51017.15,0,0
2024-10-08 15:15:00+05:30,51017.85,51094.25,51011.75,51075.85,0,0
2024-10-09 09:15:00+05:30,51161.75,51231.6,50905.55,51102.4,0,0
2024-10-09 09:45:00+05:30,51103.25,51605.95,50974.2,51603.5,0,0
2024-10-09 10:15:00+05:30,51593.65,51606.0,51177.05,51482.0,0,0
2024-10-09 10:45:00+05:30,51482.45,51707.15,51443.15,51502.7,0,0
2024-10-09 11:15:00+05:30,51494.7,51536.55,51260.45,51283.25,0,0
2024-10-09 11:45:00+05:30,51275.65,51322.7,51047.2,51086.4,0,0
2024-10-09 12:15:00+05:30,51091.6,51186.45,51040.65,51157.0,0,0
2024-10-09 12:45:00+05:30,51156.65,51231.7,51058.6,51064.45,0,0
2024-10-09 13:15:00+05:30,51057.35,51098.15,50986.85,51051.2,0,0
2024-10-09 13:45:00+05:30,51051.2,51144.0,51020.35,51076.6,0,0
2024-10-09 14:15:00+05:30,51079.4,51129.0,51007.1,51058.2,0,0
2024-10-09 14:45:00+05:30,51057.0,51117.35,50903.75,51014.75,0,0
2024-10-09 15:15:00+05:30,51017.0,51108.9,51009.65,51088.2,0,0
2024-10-10 09:15:00+05:30,51195.7,51264.6,51047.0,51188.5,0,0
2024-10-10 09:45:00+05:30,51182.0,51413.8,51160.05,51374.3,0,0
2024-10-10 10:15:00+05:30,51375.3,51390.9,51224.0,51282.25,0,0
2024-10-10 10:45:00+05:30,51281.5,51342.15,51234.1,51242.45,0,0
2024-10-10 11:15:00+05:30,51239.55,51324.75,51216.95,51304.5,0,0
2024-10-10 11:45:00+05:30,51301.9,51444.6,51301.0,51393.0,0,0
2024-10-10 12:15:00+05:30,51393.1,51456.0,51363.85,51436.9,0,0
2024-10-10 12:45:00+05:30,51437.0,51480.35,51395.7,51476.95,0,0
2024-10-10 13:15:00+05:30,51478.4,51630.35,51446.6,51557.0,0,0
2024-10-10 13:45:00+05:30,51556.45,51585.6,51480.8,51566.2,0,0
2024-10-10 14:15:00+05:30,51561.2,51659.45,51556.05,51647.6,0,0
2024-10-10 14:45:00+05:30,51651.35,51651.35,51515.95,51531.5,0,0
2024-10-10 15:15:00+05:30,51530.35,51535.8,51493.15,51533.4,0,0
2024-10-11 09:15:00+05:30,51491.9,51560.0,51272.6,51351.8,0,0
2024-10-11 09:45:00+05:30,51351.05,51543.25,51351.05,51538.65,0,0
2024-10-11 10:15:00+05:30,51537.9,51543.35,51328.35,51348.35,0,0
2024-10-11 10:45:00+05:30,51348.45,51371.1,51170.9,51189.15,0,0
2024-10-11 11:15:00+05:30,51187.65,51227.0,51005.85,51062.95,0,0
2024-10-11 11:45:00+05:30,51063.5,51126.05,51023.2,51087.9,0,0
2024-10-11 12:15:00+05:30,51088.5,51176.8,51083.45,51098.55,0,0
2024-10-11 12:45:00+05:30,51102.7,51191.4,51093.95,51167.4,0,0
2024-10-11 13:15:00+05:30,51166.35,51246.5,51122.55,51132.05,0,0
2024-10-11 13:45:00+05:30,51130.75,51219.6,51111.15,51164.25,0,0
2024-10-11 14:15:00+05:30,51167.45,51202.55,51113.25,51202.55,0,0
2024-10-11 14:45:00+05:30,51193.15,51222.4,51141.35,51159.55,0,0
2024-10-11 15:15:00+05:30,51160.55,51194.5,51151.8,51189.25,0,0
2024-10-14 09:15:00+05:30,51263.25,51601.6,51220.85,51589.8,0,0
2024-10-14 09:45:00+05:30,51587.45,51738.15,51587.1,51617.2,0,0
2024-10-14 10:15:00+05:30,51615.0,51759.45,51615.0,51676.25,0,0
2024-10-14 10:45:00+05:30,51676.15,51752.3,51676.15,51738.3,0,0
2024-10-14 11:15:00+05:30,51741.25,51792.25,51705.45,51737.85,0,0
2024-10-14 11:45:00+05:30,51737.1,51758.75,51695.4,51752.15,0,0
2024-10-14 12:15:00+05:30,51752.1,51770.95,51702.2,51716.9,0,0
2024-10-14 12:45:00+05:30,51716.85,51735.0,51670.7,51686.2,0,0
2024-10-14 13:15:00+05:30,51687.3,51755.55,51669.45,51737.3,0,0
2024-10-14 13:45:00+05:30,51736.9,51796.7,51722.05,51782.05,0,0
2024-10-14 14:15:00+05:30,51784.85,51839.45,51747.95,51785.45,0,0
2024-10-14 14:45:00+05:30,51786.7,51820.35,51765.2,51798.55,0,0
2024-10-14 15:15:00+05:30,51798.85,51893.0,51792.85,51879.05,0,0
2024-10-15 09:15:00+05:30,51975.95,52022.05,51870.05,51921.35,0,0
2024-10-15 09:45:00+05:30,51919.85,51923.4,51708.0,51753.85,0,0
2024-10-15 10:15:00+05:30,51756.4,51963.85,51737.75,51934.7,0,0
2024-10-15 10:45:00+05:30,51931.05,51955.65,51748.85,51778.8,0,0
2024-10-15 11:15:00+05:30,51780.35,51814.8,51698.75,51793.75,0,0
2024-10-15 11:45:00+05:30,51792.55,51892.65,51751.25,51873.35,0,0
2024-10-15 12:15:00+05:30,51874.0,51939.7,51828.55,51926.7,0,0
2024-10-15 12:45:00+05:30,51928.6,51951.2,51815.05,51819.2,0,0
2024-10-15 13:15:00+05:30,51815.8,51932.85,51807.95,51923.2,0,0
2024-10-15 13:45:00+05:30,51922.95,51946.9,51854.5,51909.8,0,0
2024-10-15 14:15:00+05:30,51909.3,51924.15,51797.05,51841.15,0,0
2024-10-15 14:45:00+05:30,51842.15,51962.3,51808.05,51905.85,0,0
2024-10-15 15:15:00+05:30,51906.0,51990.7,51886.9,51945.4,0,0
2024-10-16 09:15:00+05:30,51711.2,52004.15,51711.2,51994.65,0,0
2024-10-16 09:45:00+05:30,51990.75,52031.6,51929.45,51944.3,0,0
2024-10-16 10:15:00+05:30,51944.3,51964.75,51884.9,51920.5,0,0
2024-10-16 10:45:00+05:30,51920.8,51937.15,51882.95,51909.6,0,0
2024-10-16 11:15:00+05:30,51905.9,51913.75,51831.6,51841.9,0,0
2024-10-16 11:45:00+05:30,51847.8,51896.25,51831.75,51867.65,0,0
2024-10-16 12:15:00+05:30,51867.2,51914.25,51862.25,51888.15,0,0
2024-10-16 12:45:00+05:30,51887.05,51922.45,51856.3,51911.6,0,0
2024-10-16 13:15:00+05:30,51911.45,51923.25,51853.6,51862.9,0,0
2024-10-16 13:45:00+05:30,51863.6,51890.75,51840.3,51856.15,0,0
2024-10-16 14:15:00+05:30,51854.5,51893.1,51806.3,51812.8,0,0
2024-10-16 14:45:00+05:30,51814.05,51827.95,51766.0,51810.9,0,0
2024-10-16 15:15:00+05:30,51810.35,51825.65,51770.0,51796.4,0,0
2024-10-17 09:15:00+05:30,51849.3,51930.2,51469.2,51480.4,0,0
2024-10-17 09:45:00+05:30,51484.35,51489.25,51351.25,51401.0,0,0
2024-10-17 10:15:00+05:30,51398.05,51426.25,51239.2,51402.1,0,0
2024-10-17 10:45:00+05:30,51404.75,51437.95,51246.9,51253.25,0,0
2024-10-17 11:15:00+05:30,51254.0,51283.7,51150.25,51222.75,0,0
2024-10-17 11:45:00+05:30,51223.8,51325.3,51216.8,51302.25,0,0
2024-10-17 12:15:00+05:30,51308.6,51355.8,51220.4,51225.15,0,0
2024-10-17 12:45:00+05:30,51225.9,51283.85,51186.7,51231.45,0,0
2024-10-17 13:15:00+05:30,51232.95,51270.9,51178.35,51260.25,0,0
2024-10-17 13:45:00+05:30,51260.25,51297.8,51225.75,51260.35,0,0
2024-10-17 14:15:00+05:30,51257.95,51287.75,51209.3,51248.35,0,0
2024-10-17 14:45:00+05:30,51245.85,51304.0,51245.85,51295.15,0,0
2024-10-17 15:15:00+05:30,51295.15,51346.8,51247.9,51269.55,0,0
2024-10-18 09:15:00+05:30,51261.0,51381.05,51000.9,51340.8,0,0
2024-10-18 09:45:00+05:30,51342.7,51566.9,51333.6,51555.3,0,0
2024-10-18 10:15:00+05:30,51555.0,51661.05,51507.8,51560.65,0,0
2024-10-18 10:45:00+05:30,51558.45,51628.75,51459.0,51529.15,0,0
2024-10-18 11:15:00+05:30,51533.6,51765.45,51489.55,51749.45,0,0
2024-10-18 11:45:00+05:30,51748.9,51855.0,51698.65,51763.4,0,0
2024-10-18 12:15:00+05:30,51767.4,51934.6,51767.25,51928.75,0,0
2024-10-18 12:45:00+05:30,51926.9,51962.95,51854.2,51878.65,0,0
2024-10-18 13:15:00+05:30,51876.8,52128.9,51868.65,52121.85,0,0
2024-10-18 13:45:00+05:30,52126.15,52173.05,52018.9,52121.25,0,0
2024-10-18 14:15:00+05:30,52117.6,52199.45,52085.35,52157.0,0,0
2024-10-18 14:45:00+05:30,52159.5,52162.25,52021.95,52065.25,0,0
2024-10-18 15:15:00+05:30,52068.3,52155.25,52059.6,52138.7,0,0
2024-10-21 09:15:00+05:30,52361.1,52577.5,52011.85,52098.35,0,0
2024-10-21 09:45:00+05:30,52097.3,52319.15,51947.1,52155.1,0,0
2024-10-21 10:15:00+05:30,52157.1,52231.7,52076.15,52106.85,0,0
2024-10-21 10:45:00+05:30,52107.8,52192.2,52042.3,52110.45,0,0
2024-10-21 11:15:00+05:30,52114.6,52135.1,51921.8,51986.8,0,0
2024-10-21 11:45:00+05:30,51983.65,52046.6,51910.95,51915.5,0,0
2024-10-21 12:15:00+05:30,51913.7,52014.0,51909.05,51969.5,0,0
2024-10-21 12:45:00+05:30,51972.1,51985.7,51879.05,51975.15,0,0
2024-10-21 13:15:00+05:30,51977.85,52085.75,51968.5,52039.1,0,0
2024-10-21 13:45:00+05:30,52042.5,52123.6,51983.4,52020.1,0,0
2024-10-21 14:15:00+05:30,52019.0,52081.15,51967.55,51989.05,0,0
2024-10-21 14:45:00+05:30,51987.9,52051.75,51919.15,51997.85,0,0
2024-10-21 15:15:00+05:30,51998.9,51998.9,51855.15,51857.05,0,0
2024-10-22 09:15:00+05:30,52071.35,52127.0,51853.95,52116.8,0,0
2024-10-22 09:45:00+05:30,52115.95,52257.3,52048.0,52070.7,0,0
2024-10-22 10:15:00+05:30,52069.8,52083.9,51721.75,51930.85,0,0
2024-10-22 10:45:00+05:30,51934.4,52001.25,51825.2,51941.8,0,0
2024-10-22 11:15:00+05:30,51940.9,51955.8,51603.75,51615.45,0,0
2024-10-22 11:45:00+05:30,51621.5,51709.7,51513.65,51629.95,0,0
2024-10-22 12:15:00+05:30,51627.3,51770.45,51527.05,51592.6,0,0
2024-10-22 12:45:00+05:30,51592.15,51595.8,51444.0,51504.0,0,0
2024-10-22 13:15:00+05:30,51505.1,51562.55,51411.2,51500.05,0,0
2024-10-22 13:45:00+05:30,51499.0,51681.2,51465.55,51672.05,0,0
2024-10-22 14:15:00+05:30,51676.25,51679.15,51478.2,51559.35,0,0
2024-10-22 14:45:00+05:30,51557.15,51581.4,51179.6,51239.75,0,0
2024-10-22 15:15:00+05:30,51237.9,51312.15,51189.85,51271.6,0,0
2024-10-23 09:15:00+05:30,51117.8,51518.6,51107.9,51135.7,0,0
2024-10-23 09:45:00+05:30,51137.1,51551.55,51137.1,51295.9,0,0
2024-10-23 10:15:00+05:30,51298.0,51370.35,51167.1,51190.8,0,0
2024-10-23 10:45:00+05:30,51187.85,51371.65,51178.0,51249.8,0,0
2024-10-23 11:15:00+05:30,51245.85,51298.25,51206.45,51236.2,0,0
2024-10-23 11:45:00+05:30,51236.0,51281.5,51167.4,51197.05,0,0
2024-10-23 12:15:00+05:30,51198.25,51250.35,51165.95,51222.5,0,0
2024-10-23 12:45:00+05:30,51224.4,51261.1,51188.05,51218.25,0,0
2024-10-23 13:15:00+05:30,51218.85,51291.05,51191.45,51252.6,0,0
2024-10-23 13:45:00+05:30,51251.75,51257.85,51195.0,51214.85,0,0
2024-10-23 14:15:00+05:30,51216.75,51280.45,51164.3,51239.3,0,0
2024-10-23 14:45:00+05:30,51237.5,51300.6,51210.8,51222.65,0,0
2024-10-23 15:15:00+05:30,51221.6,51259.55,51158.2,51241.8,0,0
2024-10-24 09:15:00+05:30,51272.3,51494.7,51201.85,51258.85,0,0
2024-10-24 09:45:00+05:30,51257.55,51679.1,51232.85,51647.55,0,0
2024-10-24 10:15:00+05:30,51647.3,51781.55,51584.1,51707.6,0,0
2024-10-24 10:45:00+05:30,51705.95,51749.4,51554.45,51568.15,0,0
2024-10-24 11:15:00+05:30,51567.6,51710.85,51559.95,51621.3,0,0
2024-10-24 11:45:00+05:30,51619.8,51669.0,51593.2,51608.35,0,0
2024-10-24 12:15:00+05:30,51609.6,51648.35,51568.15,51603.2,0,0
2024-10-24 12:45:00+05:30,51601.05,51617.1,51504.1,51555.6,0,0
2024-10-24 13:15:00+05:30,51556.25,51595.1,51493.75,51550.6,0,0
2024-10-24 13:45:00+05:30,51549.15,51623.1,51542.05,51583.95,0,0
2024-10-24 14:15:00+05:30,51583.15,51598.9,51461.25,51486.4,0,0
2024-10-24 14:45:00+05:30,51487.05,51547.6,51411.3,51539.85,0,0
2024-10-24 15:15:00+05:30,51539.05,51582.75,51522.85,51565.9,0,0
2024-10-25 09:15:00+05:30,51369.75,51501.05,51030.7,51081.7,0,0
2024-10-25 09:45:00+05:30,51083.3,51148.45,50587.0,50641.35,0,0
2024-10-25 10:15:00+05:30,50647.25,50748.9,50511.35,50578.25,0,0
2024-10-25 10:45:00+05:30,50575.85,50580.8,50440.6,50507.7,0,0
2024-10-25 11:15:00+05:30,50515.4,50715.15,50510.65,50555.25,0,0
2024-10-25 11:45:00+05:30,50553.9,50643.0,50519.9,50613.5,0,0
2024-10-25 12:15:00+05:30,50617.75,50641.75,50545.85,50590.0,0,0
2024-10-25 12:45:00+05:30,50588.15,50687.9,50542.0,50638.7,0,0
2024-10-25 13:15:00+05:30,50638.6,50662.4,50526.95,50577.45,0,0
2024-10-25 13:45:00+05:30,50577.85,50615.8,50450.3,50473.95,0,0
2024-10-25 14:15:00+05:30,50481.05,50501.9,50382.1,50478.65,0,0
2024-10-25 14:45:00+05:30,50484.9,50828.9,50463.4,50795.65,0,0
2024-10-25 15:15:00+05:30,50800.85,50888.95,50798.1,50854.7,0,0
2024-10-28 09:15:00+05:30,51061.35,51371.75,51012.55,51132.85,0,0
2024-10-28 09:45:00+05:30,51130.35,51454.6,51075.4,51423.65,0,0
2024-10-28 10:15:00+05:30,51421.2,51566.1,51396.9,51476.65,0,0
2024-10-28 10:45:00+05:30,51477.1,51548.0,51254.9,51375.55,0,0
2024-10-28 11:15:00+05:30,51376.25,51429.7,51305.85,51429.7,0,0
2024-10-28 11:45:00+05:30,51429.5,51586.9,51366.3,51569.15,0,0
2024-10-28 12:15:00+05:30,51568.55,51589.15,51418.5,51425.95,0,0
2024-10-28 12:45:00+05:30,51420.35,51486.0,51350.0,51433.95,0,0
2024-10-28 13:15:00+05:30,51443.4,51497.0,51382.4,51424.85,0,0
2024-10-28 13:45:00+05:30,51424.65,51495.2,51296.9,51328.25,0,0
2024-10-28 14:15:00+05:30,51328.4,51361.45,51268.35,51299.2,0,0
2024-10-28 14:45:00+05:30,51304.95,51331.6,51157.45,51296.1,0,0
2024-10-28 15:15:00+05:30,51293.65,51359.55,51254.45,51328.15,0,0
2024-10-29 09:15:00+05:30,51404.1,51522.25,51278.9,51332.5,0,0
2024-10-29 09:45:00+05:30,51333.15,51540.4,51332.8,51521.85,0,0
2024-10-29 10:15:00+05:30,51522.9,51557.35,51336.2,51393.95,0,0
2024-10-29 10:45:00+05:30,51393.65,51535.05,51331.75,51455.55,0,0
2024-10-29 11:15:00+05:30,51456.85,51731.85,51375.85,51690.8,0,0
2024-10-29 11:45:00+05:30,51690.55,51765.0,51606.4,51759.5,0,0
2024-10-29 12:15:00+05:30,51761.3,51824.2,51701.9,51752.2,0,0
2024-10-29 12:45:00+05:30,51754.0,51923.65,51715.0,51894.15,0,0
2024-10-29 13:15:00+05:30,51903.25,51963.85,51785.95,51885.55,0,0
2024-10-29 13:45:00+05:30,51885.4,52271.15,51845.0,52252.9,0,0
2024-10-29 14:15:00+05:30,52253.05,52317.65,52188.4,52258.9,0,0
2024-10-29 14:45:00+05:30,52254.5,52354.85,52236.15,52345.4,0,0
2024-10-29 15:15:00+05:30,52343.05,52349.45,52263.2,52284.85,0,0
2024-10-30 09:15:00+05:30,51988.7,52220.0,51838.5,51841.7,0,0
2024-10-30 09:45:00+05:30,51849.3,51991.35,51814.3,51930.3,0,0
2024-10-30 10:15:00+05:30,51928.55,51947.4,51733.0,51936.35,0,0
2024-10-30 10:45:00+05:30,51934.7,52100.75,51928.65,51933.85,0,0
2024-10-30 11:15:00+05:30,51934.7,52049.8,51896.6,51968.7,0,0
2024-10-30 11:45:00+05:30,51968.7,52006.55,51923.9,51960.6,0,0
2024-10-30 12:15:00+05:30,51959.05,52047.3,51944.1,52009.85,0,0
2024-10-30 12:45:00+05:30,52009.25,52191.85,51941.45,51969.55,0,0
2024-10-30 13:15:00+05:30,51967.0,51978.0,51805.55,51837.4,0,0
2024-10-30 13:45:00+05:30,51838.35,51886.65,51805.5,51807.85,0,0
2024-10-30 14:15:00+05:30,51810.35,51839.0,51769.8,51811.0,0,0
2024-10-30 14:45:00+05:30,51810.2,51835.3,51742.7,51782.65,0,0
2024-10-30 15:15:00+05:30,51778.65,51899.4,51757.25,51849.2,0,0
2024-10-31 09:15:00+05:30,51649.45,51876.45,51649.45,51780.65,0,0
2024-10-31 09:45:00+05:30,51782.95,52005.6,51775.95,51861.45,0,0
2024-10-31 10:15:00+05:30,51859.0,51870.7,51783.6,51799.3,0,0
2024-10-31 10:45:00+05:30,51795.45,51805.25,51736.15,51755.5,0,0
2024-10-31 11:15:00+05:30,51755.2,51759.1,51692.5,51729.25,0,0
2024-10-31 11:45:00+05:30,51725.4,51730.35,51629.8,51640.95,0,0
2024-10-31 12:15:00+05:30,51640.75,51644.7,51380.15,51383.3,0,0
2024-10-31 12:45:00+05:30,51383.95,51474.35,51341.1,51450.15,0,0
2024-10-31 13:15:00+05:30,51450.05,51489.2,51375.15,51487.0,0,0
2024-10-31 13:45:00+05:30,51485.75,51535.8,51339.55,51340.7,0,0
2024-10-31 14:15:00+05:30,51341.75,51412.7,51318.1,51407.45,0,0
2024-10-31 14:45:00+05:30,51410.75,51480.45,51374.45,51452.3,0,0
2024-10-31 15:15:00+05:30,51452.8,51579.1,51450.55,51555.6,0,0
2024-11-01 18:00:00+05:30,51550.15,51825.5,51459.4,51704.5,0,0
2024-11-01 18:30:00+05:30,51698.65,51730.15,51631.3,51675.2,0,0
2024-11-04 09:15:00+05:30,51764.5,51764.5,51295.15,51328.55,0,0
2024-11-04 09:45:00+05:30,51326.85,51413.25,51272.65,51301.55,0,0
2024-11-04 10:15:00+05:30,51301.35,51355.35,51276.6,51299.55,0,0
2024-11-04 10:45:00+05:30,51301.1,51323.5,51094.25,51121.4,0,0
2024-11-04 11:15:00+05:30,51121.55,51162.9,51066.8,51099.45,0,0
2024-11-04 11:45:00+05:30,51098.65,51174.65,51076.55,51102.65,0,0
2024-11-04 12:15:00+05:30,51096.4,51138.35,51069.9,51120.85,0,0
2024-11-04 12:45:00+05:30,51121.3,51165.0,51077.8,51143.4,0,0
2024-11-04 13:15:00+05:30,51143.05,51204.3,51108.6,51175.85,0,0
2024-11-04 13:45:00+05:30,51176.05,51224.75,51134.45,51210.85,0,0
2024-11-04 14:15:00+05:30,51207.65,51230.05,51141.8,51172.6,0,0
2024-11-04 14:45:00+05:30,51170.5,51236.6,51155.6,51218.95,0,0
2024-11-04 15:15:00+05:30,51218.15,51260.8,51181.15,51227.2,0,0
2024-11-05 09:15:00+05:30,51052.6,51279.9,51050.0,51134.2,0,0
2024-11-05 09:45:00+05:30,51134.8,51261.7,51080.2,51207.95,0,0
2024-11-05 10:15:00+05:30,51206.95,51443.7,51026.9,51102.15,0,0
2024-11-05 10:45:00+05:30,51100.8,51252.25,51072.05,51240.6,0,0
2024-11-05 11:15:00+05:30,51238.4,51278.85,50865.45,50940.95,0,0
2024-11-05 11:45:00+05:30,50940.85,51148.25,50897.05,51029.1,0,0
2024-11-05 12:15:00+05:30,51030.55,51108.9,50922.75,51072.55,0,0
2024-11-05 12:45:00+05:30,51073.65,51230.85,51004.55,51113.55,0,0
2024-11-05 13:15:00+05:30,51112.9,51886.6,51100.2,51768.95,0,0
2024-11-05 13:45:00+05:30,51768.25,52130.35,51754.45,52110.1,0,0
2024-11-05 14:15:00+05:30,52112.5,52213.9,52059.65,52165.25,0,0
2024-11-05 14:45:00+05:30,52165.25,52289.55,52103.85,52192.9,0,0
2024-11-05 15:15:00+05:30,52190.2,52209.65,52094.4,52105.85,0,0
2024-11-06 09:15:00+05:30,52440.4,52493.95,52256.35,52325.15,0,0
2024-11-06 09:45:00+05:30,52324.7,52415.8,52284.3,52340.15,0,0
2024-11-06 10:15:00+05:30,52341.45,52364.3,52185.4,52227.95,0,0
2024-11-06 10:45:00+05:30,52227.25,52365.7,52223.85,52321.75,0,0
2024-11-06 11:15:00+05:30,52320.35,52396.3,52306.4,52383.25,0,0
2024-11-06 11:45:00+05:30,52384.45,52451.15,52363.45,52395.95,0,0
2024-11-06 12:15:00+05:30,52395.95,52409.8,52348.95,52383.95,0,0
2024-11-06 12:45:00+05:30,52384.2,52387.0,52326.7,52341.45,0,0
2024-11-06 13:15:00+05:30,52338.25,52359.35,52284.25,52344.8,0,0
2024-11-06 13:45:00+05:30,52343.7,52377.25,52314.8,52352.9,0,0
2024-11-06 14:15:00+05:30,52355.1,52409.4,52242.7,52262.15,0,0
2024-11-06 14:45:00+05:30,52269.0,52319.7,52232.35,52294.55,0,0
2024-11-06 15:15:00+05:30,52294.55,52396.5,52293.75,52384.55,0,0
2024-11-07 09:15:00+05:30,52258.95,52377.25,52008.45,52110.7,0,0
2024-11-07 09:45:00+05:30,52113.5,52152.45,51769.4,51835.45,0,0
2024-11-07 10:15:00+05:30,51839.15,51887.65,51752.25,51850.75,0,0
2024-11-07 10:45:00+05:30,51852.0,52090.75,51841.0,51957.25,0,0
2024-11-07 11:15:00+05:30,51958.15,51958.45,51821.45,51867.05,0,0
2024-11-07 11:45:00+05:30,51865.6,51897.45,51775.95,51869.3,0,0
2024-11-07 12:15:00+05:30,51870.8,52004.7,51824.65,51975.7,0,0
2024-11-07 12:45:00+05:30,51975.55,52062.65,51934.7,52061.05,0,0
2024-11-07 13:15:00+05:30,52061.9,52063.1,51853.1,51857.7,0,0
2024-11-07 13:45:00+05:30,51860.75,51954.6,51855.1,51948.45,0,0
2024-11-07 14:15:00+05:30,51950.8,51967.25,51862.65,51883.2,0,0
2024-11-07 14:45:00+05:30,51883.75,51977.5,51858.9,51894.45,0,0
2024-11-07 15:15:00+05:30,51893.6,51941.2,51868.95,51891.9,0,0
2024-11-08 09:15:00+05:30,51869.15,51923.55,51609.05,51819.3,0,0
2024-11-08 09:45:00+05:30,51822.1,52007.15,51719.9,51826.45,0,0
2024-11-08 10:15:00+05:30,51825.35,51853.2,51653.3,51657.95,0,0
2024-11-08 10:45:00+05:30,51661.4,51680.75,51559.2,51669.45,0,0
2024-11-08 11:15:00+05:30,51668.6,51683.25,51616.0,51672.0,0,0
2024-11-08 11:45:00+05:30,51671.65,51671.65,51495.05,51550.8,0,0
2024-11-08 12:15:00+05:30,51550.0,51689.65,51542.95,51653.05,0,0
2024-11-08 12:45:00+05:30,51657.0,51730.4,51596.0,51724.1,0,0
2024-11-08 13:15:00+05:30,51725.8,51862.15,51690.65,51795.85,0,0
2024-11-08 13:45:00+05:30,51795.55,51824.6,51606.8,51631.35,0,0
2024-11-08 14:15:00+05:30,51630.65,51673.75,51505.0,51644.05,0,0
2024-11-08 14:45:00+05:30,51644.6,51665.6,51523.8,51550.7,0,0
2024-11-08 15:15:00+05:30,51552.65,51586.35,51494.0,51532.15,0,0
2024-11-11 09:15:00+05:30,51562.7,51631.85,51294.2,51520.4,0,0
2024-11-11 09:45:00+05:30,51522.1,51674.15,51502.6,51545.95,0,0
2024-11-11 10:15:00+05:30,51545.3,51936.7,51522.35,51867.15,0,0
2024-11-11 10:45:00+05:30,51861.75,52104.5,51836.7,52103.15,0,0
2024-11-11 11:15:00+05:30,52098.25,52177.7,52060.9,52169.7,0,0
2024-11-11 11:45:00+05:30,52168.9,52174.1,52042.95,52091.2,0,0
2024-11-11 12:15:00+05:30,52091.55,52109.5,51963.5,52040.15,0,0
2024-11-11 12:45:00+05:30,52040.8,52073.5,51996.9,52044.1,0,0
2024-11-11 13:15:00+05:30,52046.7,52078.6,51854.0,51863.5,0,0
2024-11-11 13:45:00+05:30,51865.0,51918.9,51831.7,51832.95,0,0
2024-11-11 14:15:00+05:30,51830.6,51939.7,51780.15,51913.6,0,0
2024-11-11 14:45:00+05:30,51913.05,51965.1,51767.75,51940.8,0,0
2024-11-11 15:15:00+05:30,51945.75,51958.55,51799.25,51812.35,0,0
2024-11-12 09:15:00+05:30,52053.75,52097.55,51782.6,51842.8,0,0
2024-11-12 09:45:00+05:30,51843.8,52169.05,51798.25,51964.25,0,0
2024-11-12 10:15:00+05:30,51966.6,52008.05,51672.05,51704.25,0,0
2024-11-12 10:45:00+05:30,51702.9,51797.35,51586.35,51777.95,0,0
2024-11-12 11:15:00+05:30,51773.2,51864.5,51741.8,51818.65,0,0
2024-11-12 11:45:00+05:30,51817.7,51874.7,51686.7,51725.35,0,0
2024-11-12 12:15:00+05:30,51724.45,51765.1,51421.25,51477.9,0,0
2024-11-12 12:45:00+05:30,51469.95,51487.05,51234.75,51292.2,0,0
2024-11-12 13:15:00+05:30,51292.15,51298.05,51123.95,51179.5,0,0
2024-11-12 13:45:00+05:30,51178.3,51364.25,51162.05,51230.55,0,0
2024-11-12 14:15:00+05:30,51226.45,51337.15,51006.85,51163.0,0,0
2024-11-12 14:45:00+05:30,51160.05,51280.2,51082.15,51100.75,0,0
2024-11-12 15:15:00+05:30,51103.25,51205.0,51100.9,51120.6,0,0
2024-11-13 09:15:00+05:30,51030.95,51353.5,50971.3,51185.45,0,0
2024-11-13 09:45:00+05:30,51191.45,51244.15,50866.2,50895.6,0,0
2024-11-13 10:15:00+05:30,50895.5,51047.9,50748.05,50760.75,0,0
2024-11-13 10:45:00+05:30,50762.7,51020.85,50700.65,50707.0,0,0
2024-11-13 11:15:00+05:30,50705.05,50746.4,50620.65,50651.6,0,0
2024-11-13 11:45:00+05:30,50653.9,50737.75,50624.3,50665.85,0,0
2024-11-13 12:15:00+05:30,50665.95,50770.4,50648.15,50659.65,0,0
2024-11-13 12:45:00+05:30,50658.5,50716.75,50629.55,50680.35,0,0
2024-11-13 13:15:00+05:30,50688.15,50787.7,50655.55,50783.15,0,0
2024-11-13 13:45:00+05:30,50785.15,50853.6,50540.2,50587.3,0,0
2024-11-13 14:15:00+05:30,50590.25,50593.6,50083.85,50115.35,0,0
2024-11-13 14:45:00+05:30,50117.3,50192.35,49904.4,50072.15,0,0
2024-11-13 15:15:00+05:30,50070.55,50340.15,50070.55,50290.5,0,0
2024-11-14 09:15:00+05:30,50053.45,50438.45,50049.25,50330.35,0,0
2024-11-14 09:45:00+05:30,50334.75,50561.8,50324.5,50471.5,0,0
2024-11-14 10:15:00+05:30,50465.25,50544.5,50258.25,50302.15,0,0
2024-11-14 10:45:00+05:30,50303.4,50319.15,49939.35,49971.3,0,0
2024-11-14 11:15:00+05:30,49972.4,50194.35,49966.3,50152.9,0,0
2024-11-14 11:45:00+05:30,50152.05,50364.95,50060.9,50353.75,0,0
2024-11-14 12:15:00+05:30,50354.8,50357.15,50165.2,50235.3,0,0
2024-11-14 12:45:00+05:30,50229.5,50357.7,50206.25,50306.0,0,0
2024-11-14 13:15:00+05:30,50305.75,50345.2,50148.0,50173.05,0,0
2024-11-14 13:45:00+05:30,50168.8,50272.95,50145.45,50212.55,0,0
2024-11-14 14:15:00+05:30,50214.55,50219.9,50106.45,50132.6,0,0
2024-11-14 14:45:00+05:30,50129.4,50245.75,50078.35,50187.95,0,0
2024-11-14 15:15:00+05:30,50185.5,50244.5,50172.25,50239.2,0,0
2024-11-18 09:15:00+05:30,50312.45,50344.1,50074.0,50128.0,0,0
2024-11-18 09:45:00+05:30,50127.85,50367.3,50125.3,50256.9,0,0
2024-11-18 10:15:00+05:30,50250.85,50320.5,50211.15,50217.35,0,0
2024-11-18 10:45:00+05:30,50216.7,50296.05,50176.95,50232.4,0,0
2024-11-18 11:15:00+05:30,50232.75,50345.25,50225.7,50340.6,0,0
2024-11-18 11:45:00+05:30,50341.3,50408.1,50307.25,50387.0,0,0
2024-11-18 12:15:00+05:30,50387.4,50445.8,50364.55,50379.8,0,0
2024-11-18 12:45:00+05:30,50379.65,50417.35,50324.75,50399.7,0,0
2024-11-18 13:15:00+05:30,50399.5,50404.85,50320.35,50337.85,0,0
2024-11-18 13:45:00+05:30,50337.85,50406.65,50329.75,50372.95,0,0
2024-11-18 14:15:00+05:30,50372.4,50383.5,50296.25,50338.65,0,0
2024-11-18 14:45:00+05:30,50345.2,50398.65,50311.6,50390.35,0,0
2024-11-18 15:15:00+05:30,50389.85,50434.25,50311.05,50361.85,0,0
2024-11-19 09:15:00+05:30,50580.55,50806.7,50449.45,50797.3,0,0
2024-11-19 09:45:00+05:30,50796.9,50839.15,50658.65,50780.05,0,0
2024-11-19 10:15:00+05:30,50778.55,50914.95,50754.95,50821.5,0,0
2024-11-19 10:45:00+05:30,50822.05,50926.4,50773.7,50920.35,0,0
2024-11-19 11:15:00+05:30,50918.2,50963.1,50868.85,50915.4,0,0
2024-11-19 11:45:00+05:30,50916.15,50945.45,50837.15,50883.3,0,0
2024-11-19 12:15:00+05:30,50881.55,50913.0,50866.5,50876.65,0,0
2024-11-19 12:45:00+05:30,50875.35,50957.4,50861.6,50947.65,0,0
2024-11-19 13:15:00+05:30,50943.85,50983.5,50919.75,50929.7,0,0
2024-11-19 13:45:00+05:30,50930.55,50950.45,50805.9,50835.5,0,0
2024-11-19 14:15:00+05:30,50835.85,50876.45,50772.95,50800.4,0,0
2024-11-19 14:45:00+05:30,50800.15,50811.1,50590.2,50611.25,0,0
2024-11-19 15:15:00+05:30,50608.65,50661.0,50440.85,50466.0,0,0
2024-11-21 09:15:00+05:30,50625.0,50652.15,49787.1,49887.15,0,0
2024-11-21 09:45:00+05:30,49886.0,50152.25,49869.6,50026.05,0,0
2024-11-21 10:15:00+05:30,50024.9,50180.9,49996.9,50044.7,0,0
2024-11-21 10:45:00+05:30,50044.25,50218.65,49981.7,50158.95,0,0
2024-11-21 11:15:00+05:30,50161.9,50350.05,50145.75,50337.7,0,0
2024-11-21 11:45:00+05:30,50337.6,50549.85,50285.8,50459.45,0,0
2024-11-21 12:15:00+05:30,50460.5,50531.7,50365.15,50460.8,0,0
2024-11-21 12:45:00+05:30,50463.0,50474.4,50162.65,50330.8,0,0
2024-11-21 13:15:00+05:30,50326.3,50479.25,50297.2,50426.1,0,0
2024-11-21 13:45:00+05:30,50425.8,50464.4,50364.9,50404.0,0,0
2024-11-21 14:15:00+05:30,50402.55,50470.55,50287.9,50345.3,0,0
2024-11-21 14:45:00+05:30,50345.8,50387.55,50249.55,50373.4,0,0
2024-11-21 15:15:00+05:30,50376.5,50476.3,50364.45,50448.0,0,0
2024-11-22 09:15:00+05:30,50512.8,50964.1,50508.25,50817.35,0,0
2024-11-22 09:45:00+05:30,50816.4,50982.4,50656.4,50913.7,0,0
2024-11-22 10:15:00+05:30,50913.0,50937.6,50698.5,50742.2,0,0
2024-11-22 10:45:00+05:30,50742.8,50825.65,50608.7,50739.6,0,0
2024-11-22 11:15:00+05:30,50733.65,50871.05,50662.45,50834.95,0,0
2024-11-22 11:45:00+05:30,50835.75,51032.7,50827.2,50951.8,0,0
2024-11-22 12:15:00+05:30,50951.3,51026.25,50914.3,51002.85,0,0
2024-11-22 12:45:00+05:30,50997.35,51049.15,50932.55,50987.85,0,0
2024-11-22 13:15:00+05:30,50985.85,51051.0,50894.05,50998.4,0,0
2024-11-22 13:45:00+05:30,50998.6,51250.9,50992.05,51162.45,0,0
2024-11-22 14:15:00+05:30,51166.45,51271.5,51040.05,51103.4,0,0
2024-11-22 14:45:00+05:30,51105.1,51256.75,51056.3,51141.1,0,0
2024-11-22 15:15:00+05:30,51141.0,51151.7,51043.55,51098.55,0,0
2024-11-25 09:15:00+05:30,52046.35,52255.7,51774.05,52178.9,0,0
2024-11-25 09:45:00+05:30,52178.3,52207.25,52068.3,52119.45,0,0
2024-11-25 10:15:00+05:30,52119.85,52239.0,52117.0,52193.6,0,0
2024-11-25 10:45:00+05:30,52191.5,52286.8,52168.3,52243.5,0,0
2024-11-25 11:15:00+05:30,52246.95,52295.6,52183.6,52217.25,0,0
2024-11-25 11:45:00+05:30,52219.65,52255.5,52172.0,52243.6,0,0
2024-11-25 12:15:00+05:30,52243.35,52249.85,52160.8,52168.0,0,0
2024-11-25 12:45:00+05:30,52171.2,52171.7,51944.9,52039.6,0,0
2024-11-25 13:15:00+05:30,52039.85,52116.85,52014.8,52036.55,0,0
2024-11-25 13:45:00+05:30,52038.65,52074.65,51986.4,52036.75,0,0
2024-11-25 14:15:00+05:30,52036.1,52152.25,51998.25,52148.25,0,0
2024-11-25 14:45:00+05:30,52150.25,52232.1,52061.25,52195.35,0,0
2024-11-25 15:15:00+05:30,52195.05,52331.1,52159.3,52199.4,0,0
2024-11-26 09:15:00+05:30,52554.9,52555.5,52245.95,52290.35,0,0
2024-11-26 09:45:00+05:30,52290.6,52294.6,52118.5,52240.5,0,0
2024-11-26 10:15:00+05:30,52237.1,52237.1,51999.75,52096.15,0,0
2024-11-26 10:45:00+05:30,52091.7,52147.95,52073.45,52085.65,0,0
2024-11-26 11:15:00+05:30,52087.15,52170.35,52055.15,52130.1,0,0
2024-11-26 11:45:00+05:30,52130.1,52152.15,52094.5,52113.5,0,0
2024-11-26 12:15:00+05:30,52114.7,52129.1,52075.75,52119.65,0,0
2024-11-26 12:45:00+05:30,52104.9,52163.45,52084.7,52094.6,0,0
2024-11-26 13:15:00+05:30,52098.2,52137.95,52069.05,52084.85,0,0
2024-11-26 13:45:00+05:30,52079.6,52163.45,52079.6,52116.15,0,0
2024-11-26 14:15:00+05:30,52116.1,52183.25,52111.25,52166.25,0,0
2024-11-26 14:45:00+05:30,52165.2,52231.85,52138.3,52212.6,0,0
2024-11-26 15:15:00+05:30,52215.15,52231.2,52158.95,52178.5,0,0
2024-11-27 09:15:00+05:30,52154.3,52295.75,52019.65,52078.1,0,0
2024-11-27 09:45:00+05:30,52079.35,52182.2,52052.45,52125.7,0,0
2024-11-27 10:15:00+05:30,52125.9,52146.95,52034.55,52114.7,0,0
2024-11-27 10:45:00+05:30,52115.65,52188.9,52069.2,52137.45,0,0
2024-11-27 11:15:00+05:30,52136.35,52177.45,52126.55,52155.4,0,0
2024-11-27 11:45:00+05:30,52155.6,52392.15,52112.2,52331.45,0,0
2024-11-27 12:15:00+05:30,52331.05,52444.35,52319.1,52408.35,0,0
2024-11-27 12:45:00+05:30,52408.1,52442.8,52379.9,52390.65,0,0
2024-11-27 13:15:00+05:30,52386.15,52418.45,52352.4,52379.8,0,0
2024-11-27 13:45:00+05:30,52379.6,52398.75,52324.45,52330.25,0,0
2024-11-27 14:15:00+05:30,52333.05,52387.85,52315.8,52335.6,0,0
2024-11-27 14:45:00+05:30,52337.6,52351.9,52265.9,52302.0,0,0
2024-11-27 15:15:00+05:30,52300.3,52317.95,52271.3,52302.55,0,0
2024-11-28 09:15:00+05:30,52389.95,52540.7,52364.3,52496.45,0,0
2024-11-28 09:45:00+05:30,52496.2,52760.2,52488.25,52706.85,0,0
2024-11-28 10:15:00+05:30,52706.55,52718.2,52151.4,52239.1,0,0
2024-11-28 10:45:00+05:30,52237.85,52284.6,52117.9,52168.85,0,0
2024-11-28 11:15:00+05:30,52169.25,52183.6,52022.7,52138.9,0,0
2024-11-28 11:45:00+05:30,52136.9,52248.75,52076.65,52153.55,0,0
2024-11-28 12:15:00+05:30,52154.1,52224.55,52020.35,52085.75,0,0
2024-11-28 12:45:00+05:30,52087.1,52087.1,51908.3,51927.7,0,0
2024-11-28 13:15:00+05:30,51924.45,52052.9,51865.1,51961.05,0,0
2024-11-28 13:45:00+05:30,51962.5,52117.4,51782.9,51908.55,0,0
2024-11-28 14:15:00+05:30,51906.3,52005.65,51821.6,51900.1,0,0
2024-11-28 14:45:00+05:30,51899.8,51956.35,51849.95,51912.85,0,0
2024-11-28 15:15:00+05:30,51913.85,51987.95,51912.35,51983.4,0,0
2024-11-29 09:15:00+05:30,51984.15,52170.9,51982.85,52056.25,0,0
2024-11-29 09:45:00+05:30,52054.7,52120.15,51824.5,51825.8,0,0
2024-11-29 10:15:00+05:30,51824.9,52085.8,51778.6,51973.85,0,0
2024-11-29 10:45:00+05:30,51972.35,52071.7,51939.15,51969.4,0,0
2024-11-29 11:15:00+05:30,51975.8,52012.75,51862.65,51891.8,0,0
2024-11-29 11:45:00+05:30,51891.25,51895.9,51759.45,51889.6,0,0
2024-11-29 12:15:00+05:30,51889.0,51926.5,51811.6,51855.05,0,0
2024-11-29 12:45:00+05:30,51854.8,51926.5,51816.4,51884.8,0,0
2024-11-29 13:15:00+05:30,51885.05,51995.35,51868.4,51970.05,0,0
2024-11-29 13:45:00+05:30,51971.55,52071.75,51942.55,51977.55,0,0
2024-11-29 14:15:00+05:30,51977.15,52122.55,51951.25,52064.45,0,0
2024-11-29 14:45:00+05:30,52067.35,52112.65,52011.5,52044.0,0,0
2024-11-29 15:15:00+05:30,52044.95,52095.25,51998.05,52023.85,0,0
2024-12-02 09:15:00+05:30,52087.65,52119.0,51693.95,51866.95,0,0
2024-12-02 09:45:00+05:30,51868.3,51942.2,51742.05,51807.25,0,0
2024-12-02 10:15:00+05:30,51805.35,51927.35,51736.7,51787.85,0,0
2024-12-02 10:45:00+05:30,51789.15,51830.2,51749.5,51822.05,0,0
2024-12-02 11:15:00+05:30,51822.9,51867.35,51805.9,51853.05,0,0
2024-12-02 11:45:00+05:30,51852.6,51880.35,51770.05,51794.45,0,0
2024-12-02 12:15:00+05:30,51796.95,51908.85,51789.85,51839.1,0,0
2024-12-02 12:45:00+05:30,51840.9,51890.05,51815.6,51846.4,0,0
2024-12-02 13:15:00+05:30,51846.35,51853.25,51796.7,51844.0,0,0
2024-12-02 13:45:00+05:30,51843.4,52011.0,51805.0,52005.9,0,0
2024-12-02 14:15:00+05:30,52004.65,52197.25,51999.35,52179.3,0,0
2024-12-02 14:45:00+05:30,52179.45,52194.75,52065.9,52118.95,0,0
2024-12-02 15:15:00+05:30,52118.7,52123.7,52045.55,52118.35,0,0
2024-12-03 09:15:00+05:30,52357.95,52487.25,52216.85,52472.35,0,0
2024-12-03 09:45:00+05:30,52471.5,52538.15,52424.5,52515.2,0,0
2024-12-03 10:15:00+05:30,52517.65,52658.85,52512.3,52654.0,0,0
2024-12-03 10:45:00+05:30,52654.5,52709.25,52587.95,52681.75,0,0
2024-12-03 11:15:00+05:30,52679.05,52748.1,52653.65,52668.55,0,0
2024-12-03 11:45:00+05:30,52666.65,52692.95,52599.65,52635.8,0,0
2024-12-03 12:15:00+05:30,52634.2,52697.1,52563.2,52695.5,0,0
2024-12-03 12:45:00+05:30,52692.55,52698.5,52639.1,52651.8,0,0
2024-12-03 13:15:00+05:30,52650.75,52714.45,52615.7,52679.05,0,0
2024-12-03 13:45:00+05:30,52676.95,52733.05,52665.05,52706.25,0,0
2024-12-03 14:15:00+05:30,52706.5,52780.9,52704.2,52749.1,0,0
2024-12-03 14:45:00+05:30,52750.75,52765.9,52655.25,52684.8,0,0
2024-12-03 15:15:00+05:30,52685.1,52720.55,52661.15,52661.15,0,0
2024-12-04 09:15:00+05:30,52775.0,52966.45,52685.15,52961.45,0,0
2024-12-04 09:45:00+05:30,52960.7,53075.75,52943.1,53031.8,0,0
2024-12-04 10:15:00+05:30,53031.8,53048.15,52927.85,53026.85,0,0
2024-12-04 10:45:00+05:30,53024.05,53182.15,53004.5,53134.6,0,0
2024-12-04 11:15:00+05:30,53134.8,53190.55,53101.9,53159.6,0,0
2024-12-04 11:45:00+05:30,53161.75,53195.3,52884.75,53018.6,0,0
2024-12-04 12:15:00+05:30,53018.2,53109.35,52969.7,53023.5,0,0
2024-12-04 12:45:00+05:30,53022.25,53128.65,53015.85,53112.4,0,0
2024-12-04 13:15:00+05:30,53119.3,53304.4,53110.5,53275.0,0,0
2024-12-04 13:45:00+05:30,53266.65,53373.35,53257.1,53358.05,0,0
2024-12-04 14:15:00+05:30,53364.5,53387.1,53210.35,53296.25,0,0
2024-12-04 14:45:00+05:30,53297.4,53324.3,53204.3,53275.9,0,0
2024-12-04 15:15:00+05:30,53279.05,53294.6,53223.65,53235.9,0,0
2024-12-05 09:15:00+05:30,53354.45,53375.3,53168.5,53191.7,0,0
2024-12-05 09:45:00+05:30,53190.8,53224.45,53006.95,53032.6,0,0
2024-12-05 10:15:00+05:30,53038.3,53159.95,52984.25,53056.5,0,0
2024-12-05 10:45:00+05:30,53057.15,53107.2,52850.35,52953.2,0,0
2024-12-05 11:15:00+05:30,52950.35,53039.0,52909.2,53033.4,0,0
2024-12-05 11:45:00+05:30,53037.0,53507.1,52998.85,53484.5,0,0
2024-12-05 12:15:00+05:30,53475.8,53647.8,53472.65,53521.05,0,0
2024-12-05 12:45:00+05:30,53523.25,53621.1,53452.65,53609.95,0,0
2024-12-05 13:15:00+05:30,53614.8,53642.35,53461.35,53598.9,0,0
2024-12-05 13:45:00+05:30,53599.75,53733.85,53556.55,53704.25,0,0
2024-12-05 14:15:00+05:30,53708.6,53888.3,53691.3,53784.45,0,0
2024-12-05 14:45:00+05:30,53779.6,53835.45,53271.7,53659.6,0,0
2024-12-05 15:15:00+05:30,53661.45,53671.6,53581.05,53606.75,0,0
2024-12-06 09:15:00+05:30,53634.2,53691.65,53507.8,53588.75,0,0
2024-12-06 09:45:00+05:30,53591.75,53660.4,53160.65,53318.1,0,0
2024-12-06 10:15:00+05:30,53313.55,53868.5,53178.25,53813.3,0,0
2024-12-06 10:45:00+05:30,53820.25,53857.95,53683.6,53697.8,0,0
2024-12-06 11:15:00+05:30,53702.45,53703.65,53560.3,53637.75,0,0
2024-12-06 11:45:00+05:30,53642.35,53709.7,53544.9,53631.3,0,0
2024-12-06 12:15:00+05:30,53631.9,53660.75,53549.95,53638.45,0,0
2024-12-06 12:45:00+05:30,53637.35,53664.95,53580.3,53615.55,0,0
2024-12-06 13:15:00+05:30,53614.45,53637.55,53544.8,53581.7,0,0
2024-12-06 13:45:00+05:30,53589.0,53631.2,53564.15,53578.6,0,0
2024-12-06 14:15:00+05:30,53575.4,53597.85,53492.9,53532.95,0,0
2024-12-06 14:45:00+05:30,53535.2,53598.45,53494.45,53532.25,0,0
2024-12-06 15:15:00+05:30,53533.5,53572.05,53472.3,53493.2,0,0
2024-12-09 09:15:00+05:30,53380.75,53670.45,53326.4,53476.15,0,0
2024-12-09 09:45:00+05:30,53473.95,53567.35,53387.1,53408.7,0,0
2024-12-09 10:15:00+05:30,53412.15,53551.75,53406.9,53523.6,0,0
2024-12-09 10:45:00+05:30,53524.4,53598.7,53495.85,53589.75,0,0
2024-12-09 11:15:00+05:30,53587.2,53775.1,53573.65,53730.25,0,0
2024-12-09 11:45:00+05:30,53730.2,53740.9,53614.1,53632.4,0,0
2024-12-09 12:15:00+05:30,53630.8,53667.5,53554.8,53589.0,0,0
2024-12-09 12:45:00+05:30,53587.15,53641.8,53562.25,53616.15,0,0
2024-12-09 13:15:00+05:30,53615.25,53650.7,53557.6,53589.75,0,0
2024-12-09 13:45:00+05:30,53589.55,53593.05,53470.15,53500.4,0,0
2024-12-09 14:15:00+05:30,53499.85,53536.25,53441.15,53448.85,0,0
2024-12-09 14:45:00+05:30,53448.45,53498.75,53363.65,53369.55,0,0
2024-12-09 15:15:00+05:30,53371.4,53446.85,53370.65,53420.55,0,0
2024-12-10 09:15:00+05:30,53450.05,53532.8,53345.5,53520.8,0,0
2024-12-10 09:45:00+05:30,53525.0,53596.4,53485.05,53531.7,0,0
2024-12-10 10:15:00+05:30,53532.65,53550.7,53417.85,53460.45,0,0
2024-12-10 10:45:00+05:30,53460.25,53525.65,53443.2,53519.4,0,0
2024-12-10 11:15:00+05:30,53520.1,53547.2,53494.6,53543.95,0,0
2024-12-10 11:45:00+05:30,53546.65,53579.7,53513.75,53526.4,0,0
2024-12-10 12:15:00+05:30,53528.1,53528.1,53302.65,53355.9,0,0
2024-12-10 12:45:00+05:30,53355.9,53450.55,53335.45,53411.2,0,0
2024-12-10 13:15:00+05:30,53412.1,53431.1,53337.8,53346.7,0,0
2024-12-10 13:45:00+05:30,53353.2,53432.15,53303.3,53403.8,0,0
2024-12-10 14:15:00+05:30,53403.9,53490.25,53369.5,53443.2,0,0
2024-12-10 14:45:00+05:30,53440.9,53600.6,53416.2,53568.2,0,0
2024-12-10 15:15:00+05:30,53567.8,53624.05,53550.1,53611.1,0,0
2024-12-11 09:15:00+05:30,53459.3,53530.15,53384.5,53450.8,0,0
2024-12-11 09:45:00+05:30,53455.9,53455.95,53330.65,53393.2,0,0
2024-12-11 10:15:00+05:30,53393.85,53505.8,53302.15,53497.55,0,0
2024-12-11 10:45:00+05:30,53495.5,53531.3,53471.85,53497.05,0,0
2024-12-11 11:15:00+05:30,53493.75,53648.05,53455.55,53610.7,0,0
2024-12-11 11:45:00+05:30,53610.3,53619.3,53529.15,53559.25,0,0
2024-12-11 12:15:00+05:30,53557.5,53593.15,53444.95,53474.45,0,0
2024-12-11 12:45:00+05:30,53474.65,53508.7,53447.8,53484.3,0,0
2024-12-11 13:15:00+05:30,53484.65,53533.3,53463.85,53486.2,0,0
2024-12-11 13:45:00+05:30,53484.05,53550.65,53467.15,53513.95,0,0
2024-12-11 14:15:00+05:30,53515.5,53541.35,53427.65,53432.8,0,0
2024-12-11 14:45:00+05:30,53438.05,53438.05,53341.5,53429.65,0,0
2024-12-11 15:15:00+05:30,53426.0,53435.1,53369.15,53392.25,0,0
2024-12-12 09:15:00+05:30,53201.0,53537.45,53201.0,53451.2,0,0
2024-12-12 09:45:00+05:30,53454.3,53470.05,53348.5,53374.0,0,0
2024-12-12 10:15:00+05:30,53373.1,53406.55,53334.9,53381.9,0,0
2024-12-12 10:45:00+05:30,53381.55,53444.5,53356.9,53360.9,0,0
2024-12-12 11:15:00+05:30,53360.75,53415.65,53347.5,53367.95,0,0
2024-12-12 11:45:00+05:30,53361.1,53380.05,53227.85,53248.2,0,0
2024-12-12 12:15:00+05:30,53247.85,53281.4,53216.0,53232.65,0,0
2024-12-12 12:45:00+05:30,53235.6,53298.9,53198.9,53235.1,0,0
2024-12-12 13:15:00+05:30,53234.2,53275.7,53174.4,53244.2,0,0
2024-12-12 13:45:00+05:30,53245.25,53258.0,53177.6,53246.25,0,0
2024-12-12 14:15:00+05:30,53246.35,53282.6,53208.0,53235.85,0,0
2024-12-12 14:45:00+05:30,53241.4,53247.8,53181.2,53215.6,0,0
2024-12-12 15:15:00+05:30,53213.5,53265.65,53205.0,53224.85,0,0
2024-12-13 09:15:00+05:30,53109.8,53229.3,52775.4,52805.55,0,0
2024-12-13 09:45:00+05:30,52803.15,52810.5,52669.55,52684.75,0,0
2024-12-13 10:15:00+05:30,52685.3,52685.3,52304.4,52378.9,0,0
2024-12-13 10:45:00+05:30,52380.05,52609.7,52264.55,52450.6,0,0
2024-12-13 11:15:00+05:30,52460.65,52670.35,52409.7,52640.8,0,0
2024-12-13 11:45:00+05:30,52640.4,53119.65,52615.6,53019.9,0,0
2024-12-13 12:15:00+05:30,53019.35,53158.5,52942.8,52997.35,0,0
2024-12-13 12:45:00+05:30,53001.3,53313.05,52936.15,53223.75,0,0
2024-12-13 13:15:00+05:30,53231.6,53404.9,53080.05,53375.5,0,0
2024-12-13 13:45:00+05:30,53379.6,53454.95,53320.75,53367.8,0,0
2024-12-13 14:15:00+05:30,53362.2,53531.0,53353.9,53487.95,0,0
2024-12-13 14:45:00+05:30,53487.45,53640.85,53407.95,53606.25,0,0
2024-12-13 15:15:00+05:30,53605.3,53654.0,53570.0,53630.55,0,0
2024-12-16 09:15:00+05:30,53502.5,53676.6,53386.9,53671.2,0,0
2024-12-16 09:45:00+05:30,53671.1,53738.9,53596.2,53633.8,0,0
2024-12-16 10:15:00+05:30,53632.35,53633.85,53467.1,53525.7,0,0
2024-12-16 10:45:00+05:30,53529.7,53553.8,53402.95,53413.65,0,0
2024-12-16 11:15:00+05:30,53413.75,53501.6,53377.85,53420.05,0,0
2024-12-16 11:45:00+05:30,53418.8,53499.25,53358.7,53363.65,0,0
2024-12-16 12:15:00+05:30,53364.5,53473.7,53335.0,53469.85,0,0
2024-12-16 12:45:00+05:30,53468.55,53546.2,53424.0,53531.9,0,0
2024-12-16 13:15:00+05:30,53532.05,53593.65,53493.85,53563.55,0,0
2024-12-16 13:45:00+05:30,53565.5,53639.05,53521.1,53578.2,0,0
2024-12-16 14:15:00+05:30,53579.45,53668.1,53541.85,53664.1,0,0
2024-12-16 14:45:00+05:30,53666.6,53675.05,53564.7,53574.7,0,0
2024-12-16 15:15:00+05:30,53573.9,53588.8,53490.9,53490.9,0,0
2024-12-17 09:15:00+05:30,53394.1,53515.7,53327.75,53347.6,0,0
2024-12-17 09:45:00+05:30,53345.4,53347.15,53165.6,53240.8,0,0
2024-12-17 10:15:00+05:30,53240.7,53243.7,52950.3,53091.25,0,0
2024-12-17 10:45:00+05:30,53089.05,53276.55,53050.4,53173.85,0,0
2024-12-17 11:15:00+05:30,53174.9,53230.75,52900.25,52918.7,0,0
2024-12-17 11:45:00+05:30,52916.9,52948.85,52802.9,52839.6,0,0
2024-12-17 12:15:00+05:30,52838.95,53038.25,52772.25,52898.75,0,0
2024-12-17 12:45:00+05:30,52899.8,53033.7,52863.75,52874.4,0,0
2024-12-17 13:15:00+05:30,52870.05,52894.85,52735.95,52823.6,0,0
2024-12-17 13:45:00+05:30,52829.1,52906.25,52784.5,52791.35,0,0
2024-12-17 14:15:00+05:30,52794.7,52834.55,52709.4,52783.5,0,0
2024-12-17 14:45:00+05:30,52781.55,52911.9,52776.5,52806.65,0,0
2024-12-17 15:15:00+05:30,52805.8,52860.3,52782.85,52789.95,0,0
2024-12-18 09:15:00+05:30,52696.95,52822.5,52547.1,52816.95,0,0
2024-12-18 09:45:00+05:30,52816.75,52827.6,52378.7,52388.9,0,0
2024-12-18 10:15:00+05:30,52386.55,52541.25,52357.15,52505.1,0,0
2024-12-18 10:45:00+05:30,52510.15,52528.95,52230.9,52305.75,0,0
2024-12-18 11:15:00+05:30,52305.1,52369.0,52183.35,52264.7,0,0
2024-12-18 11:45:00+05:30,52265.1,52336.2,52217.95,52218.75,0,0
2024-12-18 12:15:00+05:30,52223.55,52274.55,52142.7,52190.45,0,0
2024-12-18 12:45:00+05:30,52188.1,52339.15,52146.75,52288.05,0,0
2024-12-18 13:15:00+05:30,52285.1,52322.15,52171.2,52178.4,0,0
2024-12-18 13:45:00+05:30,52181.95,52210.85,52084.7,52113.6,0,0
2024-12-18 14:15:00+05:30,52114.2,52132.95,52010.65,52078.85,0,0
2024-12-18 14:45:00+05:30,52081.5,52155.1,52044.65,52096.3,0,0
2024-12-18 15:15:00+05:30,52096.8,52225.6,52095.4,52205.45,0,0
2024-12-19 09:15:00+05:30,51428.45,51612.85,51263.75,51586.1,0,0
2024-12-19 09:45:00+05:30,51584.85,51656.8,51433.45,51460.0,0,0
2024-12-19 10:15:00+05:30,51463.55,51586.3,51403.85,51493.05,0,0
2024-12-19 10:45:00+05:30,51486.7,51503.85,51397.0,51486.6,0,0
2024-12-19 11:15:00+05:30,51485.95,51789.85,51485.3,51661.25,0,0
2024-12-19 11:45:00+05:30,51660.1,51718.55,51588.3,51683.55,0,0
2024-12-19 12:15:00+05:30,51683.55,51697.2,51591.9,51625.6,0,0
2024-12-19 12:45:00+05:30,51625.7,51657.85,51574.3,51597.15,0,0
2024-12-19 13:15:00+05:30,51596.75,51599.35,51482.5,51491.65,0,0
2024-12-19 13:45:00+05:30,51498.0,51548.3,51461.55,51540.35,0,0
2024-12-19 14:15:00+05:30,51544.6,51571.75,51492.4,51506.4,0,0
2024-12-19 14:45:00+05:30,51509.65,51626.95,51474.9,51578.6,0,0
2024-12-19 15:15:00+05:30,51575.9,51621.0,51549.65,51610.95,0,0
2024-12-20 09:15:00+05:30,51401.35,51629.0,51293.35,51553.25,0,0
2024-12-20 09:45:00+05:30,51556.5,51573.8,51112.6,51196.05,0,0
2024-12-20 10:15:00+05:30,51194.2,51384.6,51166.6,51335.4,0,0
2024-12-20 10:45:00+05:30,51336.25,51450.75,51270.0,51410.9,0,0
2024-12-20 11:15:00+05:30,51415.7,51434.4,51314.65,51402.45,0,0
2024-12-20 11:45:00+05:30,51404.0,51483.95,51360.75,51366.1,0,0
2024-12-20 12:15:00+05:30,51363.9,51363.9,51204.4,51211.45,0,0
2024-12-20 12:45:00+05:30,51211.15,51239.45,51076.65,51129.75,0,0
2024-12-20 13:15:00+05:30,51131.95,51217.65,50965.45,51034.6,0,0
2024-12-20 13:45:00+05:30,51030.4,51077.7,50878.75,50906.9,0,0
2024-12-20 14:15:00+05:30,50904.3,50999.9,50738.95,50804.55,0,0
2024-12-20 14:45:00+05:30,50803.5,50831.95,50609.35,50688.35,0,0
2024-12-20 15:15:00+05:30,50690.95,50915.35,50686.85,50872.45,0,0
2024-12-23 09:15:00+05:30,51044.4,51347.75,51030.4,51251.3,0,0
2024-12-23 09:45:00+05:30,51253.35,51411.95,51158.65,51354.5,0,0
2024-12-23 10:15:00+05:30,51361.65,51390.15,51272.75,51281.65,0,0
2024-12-23 10:45:00+05:30,51278.95,51417.35,51270.75,51360.05,0,0
2024-12-23 11:15:00+05:30,51359.3,51395.25,51330.05,51372.95,0,0
2024-12-23 11:45:00+05:30,51368.2,51390.7,51218.0,51275.65,0,0
2024-12-23 12:15:00+05:30,51274.75,51301.5,51177.2,51234.7,0,0
2024-12-23 12:45:00+05:30,51235.1,51252.6,51118.8,51172.55,0,0
2024-12-23 13:15:00+05:30,51172.7,51262.0,51144.65,51254.0,0,0
2024-12-23 13:45:00+05:30,51254.9,51265.55,51163.55,51219.15,0,0
2024-12-23 14:15:00+05:30,51221.5,51318.2,51211.5,51271.95,0,0
2024-12-23 14:45:00+05:30,51277.25,51340.45,51253.85,51334.7,0,0
2024-12-23 15:15:00+05:30,51331.3,51353.15,51287.25,51306.9,0,0
2024-12-24 09:15:00+05:30,51314.95,51382.1,51137.5,51174.05,0,0
2024-12-24 09:45:00+05:30,51170.7,51289.05,51156.75,51249.0,0,0
2024-12-24 10:15:00+05:30,51249.55,51292.2,51199.15,51223.55,0,0
2024-12-24 10:45:00+05:30,51221.95,51276.05,51202.55,51259.2,0,0
2024-12-24 11:15:00+05:30,51259.6,51297.7,51176.95,51207.15,0,0
2024-12-24 11:45:00+05:30,51205.8,51254.95,51202.45,51231.35,0,0
2024-12-24 12:15:00+05:30,51234.2,51302.9,51194.4,51282.3,0,0
2024-12-24 12:45:00+05:30,51282.95,51313.3,51210.8,51229.2,0,0
2024-12-24 13:15:00+05:30,51231.15,51263.45,51173.85,51178.65,0,0
2024-12-24 13:45:00+05:30,51175.8,51254.95,51168.45,51246.2,0,0
2024-12-24 14:15:00+05:30,51244.6,51247.5,51173.15,51199.05,0,0
2024-12-24 14:45:00+05:30,51199.95,51263.65,51172.75,51199.15,0,0
2024-12-24 15:15:00+05:30,51190.85,51306.45,51190.85,51288.75,0,0
2024-12-26 09:15:00+05:30,51395.8,51740.0,51363.35,51522.3,0,0
2024-12-26 09:45:00+05:30,51526.15,51536.1,51247.65,51265.5,0,0
2024-12-26 10:15:00+05:30,51263.2,51348.1,51194.2,51216.95,0,0
2024-12-26 10:45:00+05:30,51215.65,51236.8,51046.0,51236.35,0,0
2024-12-26 11:15:00+05:30,51238.9,51294.5,51156.7,51187.95,0,0
2024-12-26 11:45:00+05:30,51188.35,51224.05,51120.55,51150.9,0,0
2024-12-26 12:15:00+05:30,51153.75,51170.4,51061.85,51135.55,0,0
2024-12-26 12:45:00+05:30,51134.45,51174.55,51112.95,51133.55,0,0
2024-12-26 13:15:00+05:30,51135.3,51175.1,50951.8,51142.1,0,0
2024-12-26 13:45:00+05:30,51142.05,51193.6,51082.65,51165.3,0,0
2024-12-26 14:15:00+05:30,51164.75,51190.45,51112.55,51149.6,0,0
2024-12-26 14:45:00+05:30,51152.45,51190.15,51106.1,51164.25,0,0
2024-12-26 15:15:00+05:30,51168.05,51266.2,51157.25,51213.0,0,0
2024-12-27 09:15:00+05:30,51268.2,51485.65,51267.35,51441.15,0,0
2024-12-27 09:45:00+05:30,51442.3,51628.45,51439.35,51609.65,0,0
2024-12-27 10:15:00+05:30,51612.4,51621.7,51524.85,51531.65,0,0
2024-12-27 10:45:00+05:30,51529.85,51570.45,51478.2,51564.55,0,0
2024-12-27 11:15:00+05:30,51565.1,51571.2,51377.15,51418.0,0,0
2024-12-27 11:45:00+05:30,51418.2,51429.95,51340.45,51340.45,0,0
2024-12-27 12:15:00+05:30,51340.9,51342.8,51273.1,51317.55,0,0
2024-12-27 12:45:00+05:30,51315.85,51351.4,51240.1,51321.45,0,0
2024-12-27 13:15:00+05:30,51320.3,51371.2,51281.75,51345.3,0,0
2024-12-27 13:45:00+05:30,51346.8,51388.6,51298.6,51311.65,0,0
2024-12-27 14:15:00+05:30,51311.5,51334.6,51267.05,51328.05,0,0
2024-12-27 14:45:00+05:30,51328.1,51348.45,51253.05,51291.95,0,0
2024-12-27 15:15:00+05:30,51294.4,51371.55,51280.25,51347.75,0,0
2024-12-30 09:15:00+05:30,51255.35,51378.7,51166.4,51223.25,0,0
2024-12-30 09:45:00+05:30,51223.4,51448.8,51219.05,51434.2,0,0
2024-12-30 10:15:00+05:30,51434.2,51491.75,51397.8,51481.45,0,0
2024-12-30 10:45:00+05:30,51479.75,51542.8,51371.15,51403.8,0,0
2024-12-30 11:15:00+05:30,51399.85,51798.75,51389.85,51790.9,0,0
2024-12-30 11:45:00+05:30,51789.3,51979.75,51745.15,51872.95,0,0
2024-12-30 12:15:00+05:30,51873.4,51895.75,51276.35,51470.6,0,0
2024-12-30 12:45:00+05:30,51473.95,51518.35,51237.35,51305.75,0,0
2024-12-30 13:15:00+05:30,51306.15,51397.4,50888.05,50961.8,0,0
2024-12-30 13:45:00+05:30,50961.25,50961.9,50754.9,50791.25,0,0
2024-12-30 14:15:00+05:30,50787.9,50906.6,50718.35,50849.05,0,0
2024-12-30 14:45:00+05:30,50849.45,51044.65,50818.05,50942.3,0,0
2024-12-30 15:15:00+05:30,50946.2,51091.0,50897.85,50899.9,0,0
2024-12-31 09:15:00+05:30,50648.2,50910.65,50599.8,50779.25,0,0
2024-12-31 09:45:00+05:30,50772.7,50813.7,50654.65,50726.5,0,0
2024-12-31 10:15:00+05:30,50731.8,50868.95,50729.45,50841.65,0,0
2024-12-31 10:45:00+05:30,50838.75,50919.5,50787.15,50915.7,0,0
2024-12-31 11:15:00+05:30,50918.35,50929.4,50773.3,50839.95,0,0
2024-12-31 11:45:00+05:30,50841.4,50854.2,50758.4,50774.0,0,0
2024-12-31 12:15:00+05:30,50777.95,50877.05,50765.65,50863.9,0,0
2024-12-31 12:45:00+05:30,50863.2,50871.1,50826.45,50840.6,0,0
2024-12-31 13:15:00+05:30,50844.0,50945.55,50836.7,50901.3,0,0
2024-12-31 13:45:00+05:30,50902.25,50930.85,50870.35,50901.0,0,0
2024-12-31 14:15:00+05:30,50897.6,50907.35,50811.95,50868.4,0,0
2024-12-31 14:45:00+05:30,50867.1,50887.6,50829.1,50876.0,0,0
2024-12-31 15:15:00+05:30,50875.95,50906.35,50852.7,50884.3,0,0
2025-01-01 09:15:00+05:30,50841.9,50970.7,50572.35,50627.4,0,0
2025-01-01 09:45:00+05:30,50623.65,50841.0,50485.05,50790.25,0,0
2025-01-01 10:15:00+05:30,50790.05,50890.15,50765.15,50846.65,0,0
2025-01-01 10:45:00+05:30,50846.05,51161.2,50845.15,51108.1,0,0
2025-01-01 11:15:00+05:30,51104.6,51169.05,50971.1,51046.4,0,0
2025-01-01 11:45:00+05:30,51049.6,51084.3,50973.15,51059.8,0,0
2025-01-01 12:15:00+05:30,51059.55,51153.75,51046.6,51079.1,0,0
2025-01-01 12:45:00+05:30,51079.05,51131.95,51001.6,51012.75,0,0
2025-01-01 13:15:00+05:30,51013.4,51134.35,51008.3,51110.35,0,0
2025-01-01 13:45:00+05:30,51108.5,51321.95,51097.05,51232.3,0,0
2025-01-01 14:15:00+05:30,51234.75,51250.85,51148.5,51149.1,0,0
2025-01-01 14:45:00+05:30,51146.95,51149.9,51001.85,51047.6,0,0
2025-01-01 15:15:00+05:30,51049.2,51122.95,51031.35,51096.05,0,0
2025-01-02 09:15:00+05:30,51084.95,51202.5,50992.8,51155.2,0,0
2025-01-02 09:45:00+05:30,51153.95,51230.05,51045.3,51109.8,0,0
2025-01-02 10:15:00+05:30,51110.15,51271.25,51103.0,51196.25,0,0
2025-01-02 10:45:00+05:30,51196.25,51317.35,51154.7,51275.85,0,0
2025-01-02 11:15:00+05:30,51276.95,51350.15,51236.5,51262.75,0,0
2025-01-02 11:45:00+05:30,51265.25,51267.75,51110.25,51126.6,0,0
2025-01-02 12:15:00+05:30,51129.5,51355.45,51081.6,51319.2,0,0
2025-01-02 12:45:00+05:30,51321.0,51370.55,51264.4,51347.15,0,0
2025-01-02 13:15:00+05:30,51342.6,51586.2,51339.45,51573.35,0,0
2025-01-02 13:45:00+05:30,51568.85,51595.05,51442.75,51520.6,0,0
2025-01-02 14:15:00+05:30,51518.6,51655.75,51518.6,51601.1,0,0
2025-01-02 14:45:00+05:30,51601.7,51672.75,51534.6,51604.0,0,0
2025-01-02 15:15:00+05:30,51602.35,51626.15,51585.2,51605.85,0,0
2025-01-03 09:15:00+05:30,51567.15,51671.6,51361.85,51368.7,0,0
2025-01-03 09:45:00+05:30,51364.8,51439.15,51218.5,51250.45,0,0
2025-01-03 10:15:00+05:30,51249.15,51351.6,51095.9,51119.8,0,0
2025-01-03 10:45:00+05:30,51121.95,51228.05,51082.8,51214.45,0,0
2025-01-03 11:15:00+05:30,51215.85,51381.75,51190.9,51322.25,0,0
2025-01-03 11:45:00+05:30,51322.7,51353.9,51243.5,51271.0,0,0
2025-01-03 12:15:00+05:30,51274.55,51274.55,51122.75,51168.8,0,0
2025-01-03 12:45:00+05:30,51167.45,51316.05,51137.8,51227.5,0,0
2025-01-03 13:15:00+05:30,51227.0,51256.6,51157.1,51179.95,0,0
2025-01-03 13:45:00+05:30,51181.3,51183.7,50940.1,51009.6,0,0
2025-01-03 14:15:00+05:30,51013.75,51088.9,50976.8,51035.75,0,0
2025-01-03 14:45:00+05:30,51031.85,51089.0,50904.35,50968.85,0,0
2025-01-03 15:15:00+05:30,50967.65,51025.55,50947.05,50974.25,0,0
2025-01-06 09:15:00+05:30,50990.65,51026.1,50522.8,50626.45,0,0
2025-01-06 09:45:00+05:30,50625.15,50764.65,50539.7,50759.7,0,0
2025-01-06 10:15:00+05:30,50755.9,50813.55,50460.05,50463.8,0,0
2025-01-06 10:45:00+05:30,50460.3,50498.1,50212.3,50260.85,0,0
2025-01-06 11:15:00+05:30,50260.2,50384.2,50193.1,50218.5,0,0
2025-01-06 11:45:00+05:30,50218.75,50241.75,49987.0,50185.1,0,0
2025-01-06 12:15:00+05:30,50182.3,50217.0,50043.4,50163.2,0,0
2025-01-06 12:45:00+05:30,50164.2,50205.9,50027.8,50053.4,0,0
2025-01-06 13:15:00+05:30,50048.3,50048.3,49870.55,49931.4,0,0
2025-01-06 13:45:00+05:30,49926.5,49950.55,49787.5,49808.0,0,0
2025-01-06 14:15:00+05:30,49803.95,49918.95,49751.0,49821.9,0,0
2025-01-06 14:45:00+05:30,49821.9,49970.55,49781.4,49855.5,0,0
2025-01-06 15:15:00+05:30,49859.35,49986.45,49857.75,49960.2,0,0
2025-01-07 09:15:00+05:30,50061.2,50362.9,50051.15,50303.3,0,0
2025-01-07 09:45:00+05:30,50304.4,50304.95,49969.3,50225.1,0,0
2025-01-07 10:15:00+05:30,50229.85,50275.65,50133.4,50242.7,0,0
2025-01-07 10:45:00+05:30,50243.7,50303.6,50147.45,50236.25,0,0
2025-01-07 11:15:00+05:30,50236.05,50415.85,50189.95,50337.1,0,0
2025-01-07 11:45:00+05:30,50336.85,50414.9,50314.65,50341.85,0,0
2025-01-07 12:15:00+05:30,50345.35,50414.45,50329.6,50358.45,0,0
2025-01-07 12:45:00+05:30,50358.1,50397.95,50306.1,50338.75,0,0
2025-01-07 13:15:00+05:30,50342.0,50447.6,50330.85,50386.15,0,0
2025-01-07 13:45:00+05:30,50385.85,50416.25,50224.1,50289.05,0,0
2025-01-07 14:15:00+05:30,50292.45,50324.7,50193.85,50196.75,0,0
2025-01-07 14:45:00+05:30,50198.0,50284.95,50152.9,50211.6,0,0
2025-01-07 15:15:00+05:30,50211.25,50230.85,50141.1,50183.7,0,0
2025-01-08 09:15:00+05:30,50201.75,50246.9,50024.0,50166.75,0,0
2025-01-08 09:45:00+05:30,50165.95,50222.8,50045.75,50088.05,0,0
2025-01-08 10:15:00+05:30,50085.7,50138.0,49636.95,49640.15,0,0
2025-01-08 10:45:00+05:30,49636.9,49726.25,49622.2,49666.75,0,0
2025-01-08 11:15:00+05:30,49664.35,49755.4,49544.35,49666.0,0,0
2025-01-08 11:45:00+05:30,49668.8,49671.5,49510.95,49520.8,0,0
2025-01-08 12:15:00+05:30,49515.55,49602.2,49489.5,49547.1,0,0
2025-01-08 12:45:00+05:30,49548.65,49554.1,49389.75,49430.45,0,0
2025-01-08 13:15:00+05:30,49431.55,49698.75,49398.05,49681.15,0,0
2025-01-08 13:45:00+05:30,49683.6,49884.35,49669.4,49864.75,0,0
2025-01-08 14:15:00+05:30,49865.15,49979.05,49817.7,49892.75,0,0
2025-01-08 14:45:00+05:30,49894.45,49927.7,49787.0,49845.45,0,0
2025-01-08 15:15:00+05:30,49847.75,49868.25,49823.5,49836.15,0,0
2025-01-09 09:15:00+05:30,49712.55,49798.1,49486.75,49701.15,0,0
2025-01-09 09:45:00+05:30,49697.55,49776.55,49610.45,49686.25,0,0
2025-01-09 10:15:00+05:30,49685.0,49701.7,49569.8,49569.8,0,0
2025-01-09 10:45:00+05:30,49579.95,49588.7,49277.85,49318.45,0,0
2025-01-09 11:15:00+05:30,49318.45,49426.3,49302.2,49365.2,0,0
2025-01-09 11:45:00+05:30,49365.3,49394.45,49285.75,49357.8,0,0
2025-01-09 12:15:00+05:30,49359.65,49505.0,49342.35,49343.25,0,0
2025-01-09 12:45:00+05:30,49341.3,49366.5,49230.15,49342.6,0,0
2025-01-09 13:15:00+05:30,49342.3,49417.3,49320.25,49378.7,0,0
2025-01-09 13:45:00+05:30,49378.3,49492.6,49354.45,49470.95,0,0
2025-01-09 14:15:00+05:30,49472.2,49520.25,49410.95,49439.15,0,0
2025-01-09 14:45:00+05:30,49438.3,49531.8,49395.9,49501.45,0,0
2025-01-09 15:15:00+05:30,49505.45,49557.35,49490.95,49552.7,0,0
2025-01-10 09:15:00+05:30,49426.5,49483.15,49064.8,49211.7,0,0
2025-01-10 09:45:00+05:30,49211.6,49213.6,48838.05,49015.35,0,0
2025-01-10 10:15:00+05:30,49011.1,49111.7,48939.65,49051.95,0,0
2025-01-10 10:45:00+05:30,49047.6,49273.65,49014.8,49273.65,0,0
2025-01-10 11:15:00+05:30,49275.85,49359.35,49061.55,49066.2,0,0
2025-01-10 11:45:00+05:30,49065.6,49135.75,48955.9,49057.85,0,0
2025-01-10 12:15:00+05:30,49053.5,49131.85,48973.1,49045.1,0,0
2025-01-10 12:45:00+05:30,49044.8,49075.5,48951.0,48979.8,0,0
2025-01-10 13:15:00+05:30,48982.75,49034.05,48886.15,48941.85,0,0
2025-01-10 13:45:00+05:30,48939.15,48980.8,48795.6,48800.55,0,0
2025-01-10 14:15:00+05:30,48800.15,48833.5,48637.6,48736.3,0,0
2025-01-10 14:45:00+05:30,48735.95,48759.25,48631.2,48636.4,0,0
2025-01-10 15:15:00+05:30,48637.0,48793.75,48637.0,48779.8,0,0
2025-01-13 09:15:00+05:30,48264.25,48468.0,48178.35,48312.3,0,0
2025-01-13 09:45:00+05:30,48312.95,48461.35,48116.4,48461.35,0,0
2025-01-13 10:15:00+05:30,48475.35,48606.35,48385.75,48477.25,0,0
2025-01-13 10:45:00+05:30,48470.7,48549.85,48339.9,48482.3,0,0
2025-01-13 11:15:00+05:30,48483.0,48573.05,48290.35,48349.1,0,0
2025-01-13 11:45:00+05:30,48349.05,48388.4,48251.45,48282.35,0,0
2025-01-13 12:15:00+05:30,48279.75,48334.7,48242.15,48273.35,0,0
2025-01-13 12:45:00+05:30,48266.95,48276.8,48154.65,48180.4,0,0
2025-01-13 13:15:00+05:30,48183.65,48212.95,48109.8,48123.75,0,0
2025-01-13 13:45:00+05:30,48120.35,48152.0,48015.95,48049.85,0,0
2025-01-13 14:15:00+05:30,48048.1,48082.95,47898.35,47976.4,0,0
2025-01-13 14:45:00+05:30,47978.7,48072.65,47950.15,48036.2,0,0
2025-01-13 15:15:00+05:30,48037.45,48118.85,48021.4,48050.6,0,0
2025-01-14 09:15:00+05:30,48266.9,48617.9,48235.2,48589.4,0,0
2025-01-14 09:45:00+05:30,48587.9,48709.45,48498.55,48555.4,0,0
2025-01-14 10:15:00+05:30,48556.05,48703.95,48433.0,48677.45,0,0
2025-01-14 10:45:00+05:30,48677.45,48806.5,48662.7,48784.5,0,0
2025-01-14 11:15:00+05:30,48782.9,48788.75,48600.0,48616.5,0,0
2025-01-14 11:45:00+05:30,48612.5,48614.15,48496.95,48531.4,0,0
2025-01-14 12:15:00+05:30,48530.55,48535.45,48430.65,48505.5,0,0
2025-01-14 12:45:00+05:30,48507.05,48592.6,48507.05,48571.15,0,0
2025-01-14 13:15:00+05:30,48571.1,48629.25,48555.25,48611.3,0,0
2025-01-14 13:45:00+05:30,48611.55,48927.9,48576.5,48907.35,0,0
2025-01-14 14:15:00+05:30,48907.45,49007.35,48693.25,48720.55,0,0
2025-01-14 14:45:00+05:30,48720.95,48738.55,48588.4,48727.45,0,0
2025-01-14 15:15:00+05:30,48728.15,48910.75,48717.3,48884.6,0,0
2025-01-15 09:15:00+05:30,48832.75,49013.5,48653.0,48783.1,0,0
2025-01-15 09:45:00+05:30,48783.45,48917.95,48749.0,48917.85,0,0
2025-01-15 10:15:00+05:30,48914.15,48999.8,48868.0,48997.5,0,0
2025-01-15 10:45:00+05:30,48999.15,49083.65,48921.95,48997.05,0,0
2025-01-15 11:15:00+05:30,48996.35,49023.05,48833.8,48891.05,0,0
2025-01-15 11:45:00+05:30,48890.45,48978.15,48875.1,48920.4,0,0
2025-01-15 12:15:00+05:30,48918.8,48933.9,48838.7,48910.7,0,0
2025-01-15 12:45:00+05:30,48910.3,48925.45,48792.0,48798.2,0,0
2025-01-15 13:15:00+05:30,48796.25,48797.75,48539.9,48554.4,0,0
2025-01-15 13:45:00+05:30,48549.55,48663.4,48522.4,48636.1,0,0
2025-01-15 14:15:00+05:30,48636.2,48783.35,48612.5,48767.65,0,0
2025-01-15 14:45:00+05:30,48770.95,48819.6,48714.9,48735.7,0,0
2025-01-15 15:15:00+05:30,48737.3,48784.05,48699.6,48783.35,0,0
2025-01-16 09:15:00+05:30,49082.9,49428.1,49038.45,49262.2,0,0
2025-01-16 09:45:00+05:30,49256.05,49325.85,49202.1,49231.2,0,0
2025-01-16 10:15:00+05:30,49231.3,49356.85,49229.0,49309.4,0,0
2025-01-16 10:45:00+05:30,49308.95,49314.2,49170.95,49238.3,0,0
2025-01-16 11:15:00+05:30,49234.3,49357.65,49195.35,49342.7,0,0
2025-01-16 11:45:00+05:30,49339.45,49344.5,49256.15,49282.0,0,0
2025-01-16 12:15:00+05:30,49284.95,49357.5,49240.75,49323.2,0,0
2025-01-16 12:45:00+05:30,49320.45,49459.0,49319.15,49445.3,0,0
2025-01-16 13:15:00+05:30,49445.2,49450.35,49354.7,49387.05,0,0
2025-01-16 13:45:00+05:30,49384.7,49397.75,49333.75,49349.75,0,0
2025-01-16 14:15:00+05:30,49345.25,49347.95,49136.5,49186.6,0,0
2025-01-16 14:45:00+05:30,49181.6,49307.75,49134.35,49304.9,0,0
2025-01-16 15:15:00+05:30,49305.95,49390.75,49289.0,49386.4,0,0
2025-01-17 09:15:00+05:30,48959.5,49047.2,48593.75,48610.65,0,0
2025-01-17 09:45:00+05:30,48610.55,48702.75,48564.05,48591.1,0,0
2025-01-17 10:15:00+05:30,48591.85,48684.9,48477.5,48480.65,0,0
2025-01-17 10:45:00+05:30,48486.5,48518.3,48309.5,48400.05,0,0
2025-01-17 11:15:00+05:30,48403.9,48541.35,48389.75,48482.1,0,0
2025-01-17 11:45:00+05:30,48479.7,48578.5,48424.35,48513.35,0,0
2025-01-17 12:15:00+05:30,48512.95,48610.1,48439.2,48538.85,0,0
2025-01-17 12:45:00+05:30,48539.05,48594.55,48456.35,48461.55,0,0
2025-01-17 13:15:00+05:30,48462.95,48486.85,48375.1,48414.7,0,0
2025-01-17 13:45:00+05:30,48415.7,48506.8,48393.25,48474.0,0,0
2025-01-17 14:15:00+05:30,48472.65,48599.9,48452.3,48592.8,0,0
2025-01-17 14:45:00+05:30,48594.65,48607.5,48484.15,48521.9,0,0
2025-01-17 15:15:00+05:30,48527.05,48585.35,48521.05,48553.85,0,0
2025-01-20 09:15:00+05:30,48834.15,48929.4,48683.6,48900.75,0,0
2025-01-20 09:45:00+05:30,48900.35,48993.45,48869.75,48945.15,0,0
2025-01-20 10:15:00+05:30,48943.4,49064.8,48938.0,49001.4,0,0
2025-01-20 10:45:00+05:30,49001.05,49056.9,48946.75,49054.7,0,0
2025-01-20 11:15:00+05:30,49052.45,49369.0,49051.05,49358.65,0,0
2025-01-20 11:45:00+05:30,49359.05,49374.85,49271.8,49311.3,0,0
2025-01-20 12:15:00+05:30,49315.9,49448.25,49291.75,49409.8,0,0
2025-01-20 12:45:00+05:30,49413.25,49562.05,49382.9,49541.85,0,0
2025-01-20 13:15:00+05:30,49545.3,49650.6,49468.2,49476.2,0,0
2025-01-20 13:45:00+05:30,49481.9,49516.55,49399.1,49463.95,0,0
2025-01-20 14:15:00+05:30,49463.95,49489.6,49363.9,49414.5,0,0
2025-01-20 14:45:00+05:30,49417.0,49456.1,49359.7,49386.95,0,0
2025-01-20 15:15:00+05:30,49389.35,49389.35,49295.9,49334.55,0,0
2025-01-21 09:15:00+05:30,49532.0,49543.15,49184.55,49197.9,0,0
2025-01-21 09:45:00+05:30,49197.5,49259.95,48983.6,49034.45,0,0
2025-01-21 10:15:00+05:30,49035.7,49036.2,48771.0,48864.8,0,0
2025-01-21 10:45:00+05:30,48859.05,48903.45,48695.1,48745.1,0,0
2025-01-21 11:15:00+05:30,48745.8,48867.6,48692.6,48842.1,0,0
2025-01-21 11:45:00+05:30,48846.1,49280.7,48846.1,48934.6,0,0
2025-01-21 12:15:00+05:30,48934.35,48945.9,48624.45,48681.65,0,0
2025-01-21 12:45:00+05:30,48675.45,48961.8,48659.25,48857.25,0,0
2025-01-21 13:15:00+05:30,48852.7,48916.4,48636.9,48855.7,0,0
2025-01-21 13:45:00+05:30,48851.6,48877.7,48699.2,48742.5,0,0
2025-01-21 14:15:00+05:30,48741.5,48769.75,48430.95,48469.25,0,0
2025-01-21 14:45:00+05:30,48462.8,48618.5,48437.3,48580.95,0,0
2025-01-21 15:15:00+05:30,48581.1,48639.3,48578.4,48626.1,0,0
2025-01-22 09:15:00+05:30,48689.55,48741.75,48529.6,48549.65,0,0
2025-01-22 09:45:00+05:30,48550.25,48695.2,48459.55,48675.15,0,0
2025-01-22 10:15:00+05:30,48673.95,48727.8,48495.4,48552.4,0,0
2025-01-22 10:45:00+05:30,48553.25,48673.55,48442.9,48471.85,0,0
2025-01-22 11:15:00+05:30,48471.75,48478.4,48355.35,48370.45,0,0
2025-01-22 11:45:00+05:30,48372.8,48385.3,48279.95,48321.65,0,0
2025-01-22 12:15:00+05:30,48323.2,48354.1,48185.8,48288.15,0,0
2025-01-22 12:45:00+05:30,48285.6,48298.25,48109.4,48258.1,0,0
2025-01-22 13:15:00+05:30,48259.95,48260.55,48100.7,48109.7,0,0
2025-01-22 13:45:00+05:30,48108.95,48422.7,48074.05,48385.2,0,0
2025-01-22 14:15:00+05:30,48388.0,48607.9,48353.3,48567.7,0,0
2025-01-22 14:45:00+05:30,48566.05,48781.75,48505.35,48768.65,0,0
2025-01-22 15:15:00+05:30,48762.5,48775.8,48677.7,48766.4,0,0
2025-01-23 09:15:00+05:30,48770.15,48781.9,48493.0,48589.15,0,0
2025-01-23 09:45:00+05:30,48583.1,48808.9,48569.7,48786.65,0,0
2025-01-23 10:15:00+05:30,48788.85,48892.7,48777.6,48814.05,0,0
2025-01-23 10:45:00+05:30,48814.85,48844.35,48630.5,48717.8,0,0
2025-01-23 11:15:00+05:30,48715.55,48749.8,48598.45,48616.4,0,0
2025-01-23 11:45:00+05:30,48614.85,48655.9,48559.6,48613.45,0,0
2025-01-23 12:15:00+05:30,48613.0,48764.3,48590.85,48687.3,0,0
2025-01-23 12:45:00+05:30,48687.7,48732.25,48612.45,48719.05,0,0
2025-01-23 13:15:00+05:30,48714.75,48785.25,48664.85,48777.0,0,0
2025-01-23 13:45:00+05:30,48778.3,48802.4,48618.9,48663.35,0,0
2025-01-23 14:15:00+05:30,48670.85,48676.4,48585.55,48597.9,0,0
2025-01-23 14:45:00+05:30,48598.9,48623.3,48551.0,48591.3,0,0
2025-01-23 15:15:00+05:30,48593.3,48604.0,48563.05,48595.85,0,0
2025-01-24 09:15:00+05:30,48546.05,48720.25,48468.8,48518.7,0,0
2025-01-24 09:45:00+05:30,48523.9,48546.0,48349.05,48451.15,0,0
2025-01-24 10:15:00+05:30,48441.1,48621.6,48347.85,48587.4,0,0
2025-01-24 10:45:00+05:30,48585.05,48816.7,48536.05,48796.3,0,0
2025-01-24 11:15:00+05:30,48790.35,48826.7,48653.9,48814.6,0,0
2025-01-24 11:45:00+05:30,48813.25,48833.8,48727.35,48804.95,0,0
2025-01-24 12:15:00+05:30,48803.0,48858.65,48610.75,48623.05,0,0
2025-01-24 12:45:00+05:30,48630.1,48674.3,48505.45,48590.55,0,0
2025-01-24 13:15:00+05:30,48583.2,48590.55,48443.25,48487.85,0,0
2025-01-24 13:45:00+05:30,48487.3,48579.05,48393.75,48399.65,0,0
2025-01-24 14:15:00+05:30,48398.3,48420.35,48203.0,48238.95,0,0
2025-01-24 14:45:00+05:30,48242.15,48382.7,48222.4,48352.95,0,0
2025-01-24 15:15:00+05:30,48352.0,48399.95,48340.15,48349.4,0,0
2025-01-27 09:15:00+05:30,47881.65,48179.8,47844.15,48149.7,0,0
2025-01-27 09:45:00+05:30,48154.55,48248.75,48085.4,48129.2,0,0
2025-01-27 10:15:00+05:30,48127.45,48148.7,47924.75,48076.25,0,0
2025-01-27 10:45:00+05:30,48077.8,48146.2,48022.15,48076.25,0,0
2025-01-27 11:15:00+05:30,48076.0,48209.7,48073.05,48125.1,0,0
2025-01-27 11:45:00+05:30,48124.05,48273.05,48098.95,48161.2,0,0
2025-01-27 12:15:00+05:30,48160.05,48319.2,48146.95,48164.15,0,0
2025-01-27 12:45:00+05:30,48163.0,48234.3,48124.25,48234.0,0,0
2025-01-27 13:15:00+05:30,48234.0,48254.1,48123.3,48194.2,0,0
2025-01-27 13:45:00+05:30,48201.0,48208.55,48081.9,48122.1,0,0
2025-01-27 14:15:00+05:30,48118.55,48195.4,48044.95,48054.25,0,0
2025-01-27 14:45:00+05:30,48058.2,48139.35,47981.35,48111.2,0,0
2025-01-27 15:15:00+05:30,48109.15,48111.1,47997.15,48026.3,0,0
2025-01-28 09:15:00+05:30,48642.5,48663.65,48449.05,48574.4,0,0
2025-01-28 09:45:00+05:30,48570.55,48790.75,48570.25,48725.4,0,0
2025-01-28 10:15:00+05:30,48724.2,48879.95,48720.6,48758.5,0,0
2025-01-28 10:45:00+05:30,48757.25,48909.8,48725.5,48897.75,0,0
2025-01-28 11:15:00+05:30,48899.65,49053.75,48832.75,49000.75,0,0
2025-01-28 11:45:00+05:30,49007.8,49125.7,48942.8,49116.75,0,0
2025-01-28 12:15:00+05:30,49119.7,49138.25,49038.05,49061.9,0,0
2025-01-28 12:45:00+05:30,49062.1,49184.15,49056.9,49176.9,0,0
2025-01-28 13:15:00+05:30,49172.1,49184.3,49087.95,49124.45,0,0
2025-01-28 13:45:00+05:30,49120.7,49138.75,49047.55,49066.4,0,0
2025-01-28 14:15:00+05:30,49066.85,49247.15,49062.7,49223.9,0,0
2025-01-28 14:45:00+05:30,49227.3,49230.3,48755.3,48861.25,0,0
2025-01-28 15:15:00+05:30,48863.95,48939.4,48832.0,48886.6,0,0
2025-01-29 09:15:00+05:30,48997.2,49065.3,48849.8,48963.7,0,0
2025-01-29 09:45:00+05:30,48967.1,49059.55,48893.5,49032.2,0,0
2025-01-29 10:15:00+05:30,49031.8,49123.85,49013.55,49087.75,0,0
2025-01-29 10:45:00+05:30,49087.75,49165.75,49020.65,49036.85,0,0
2025-01-29 11:15:00+05:30,49034.75,49146.25,48859.7,49046.4,0,0
2025-01-29 11:45:00+05:30,49045.75,49098.8,49017.45,49052.95,0,0
2025-01-29 12:15:00+05:30,49053.1,49149.5,49022.1,49072.0,0,0
2025-01-29 12:45:00+05:30,49071.95,49092.0,48968.45,48994.5,0,0
2025-01-29 13:15:00+05:30,48994.85,49109.8,48986.45,49066.65,0,0
2025-01-29 13:45:00+05:30,49071.65,49162.5,49058.45,49145.3,0,0
2025-01-29 14:15:00+05:30,49148.75,49171.65,49094.85,49166.55,0,0
2025-01-29 14:45:00+05:30,49168.45,49187.6,49127.8,49157.65,0,0
2025-01-29 15:15:00+05:30,49154.85,49199.65,49132.35,49163.1,0,0
2025-01-30 09:15:00+05:30,49206.2,49206.2,49031.8,49150.5,0,0
2025-01-30 09:45:00+05:30,49140.85,49274.9,49118.95,49247.0,0,0
2025-01-30 10:15:00+05:30,49247.45,49360.65,49217.7,49314.9,0,0
2025-01-30 10:45:00+05:30,49320.0,49330.05,49114.05,49241.3,0,0
2025-01-30 11:15:00+05:30,49236.7,49259.85,49176.45,49217.3,0,0
2025-01-30 11:45:00+05:30,49218.9,49269.5,49205.15,49238.75,0,0
2025-01-30 12:15:00+05:30,49238.45,49320.0,49211.05,49308.75,0,0
2025-01-30 12:45:00+05:30,49302.7,49339.95,49254.9,49319.1,0,0
2025-01-30 13:15:00+05:30,49322.05,49383.95,49286.1,49293.25,0,0
2025-01-30 13:45:00+05:30,49303.1,49349.65,49263.55,49314.1,0,0
2025-01-30 14:15:00+05:30,49315.65,49336.2,49213.9,49252.9,0,0
2025-01-30 14:45:00+05:30,49247.65,49326.5,49218.55,49308.8,0,0
2025-01-30 15:15:00+05:30,49305.25,49426.2,49279.95,49400.5,0,0
2025-01-31 09:15:00+05:30,49259.65,49315.85,49031.8,49165.75,0,0
2025-01-31 09:45:00+05:30,49170.1,49216.05,49065.75,49104.85,0,0
2025-01-31 10:15:00+05:30,49105.4,49334.0,49099.0,49333.55,0,0
2025-01-31 10:45:00+05:30,49333.75,49369.7,49280.45,49284.9,0,0
2025-01-31 11:15:00+05:30,49285.25,49338.4,49218.8,49286.55,0,0
2025-01-31 11:45:00+05:30,49287.3,49412.65,49278.25,49388.85,0,0
2025-01-31 12:15:00+05:30,49391.9,49506.1,49348.95,49476.7,0,0
2025-01-31 12:45:00+05:30,49482.0,49609.55,49456.25,49568.05,0,0
2025-01-31 13:15:00+05:30,49565.95,49674.8,49534.8,49559.7,0,0
2025-01-31 13:45:00+05:30,49560.75,49575.55,49339.5,49370.95,0,0
2025-01-31 14:15:00+05:30,49367.05,49495.0,49302.1,49488.7,0,0
2025-01-31 14:45:00+05:30,49486.35,49605.55,49448.8,49598.6,0,0
2025-01-31 15:15:00+05:30,49594.25,49647.8,49567.35,49614.4,0,0
2025-02-01 09:15:00+05:30,49605.35,49756.8,49489.65,49678.2,0,0
2025-02-01 09:45:00+05:30,49677.6,49775.25,49653.1,49737.75,0,0
2025-02-01 10:15:00+05:30,49740.4,49825.35,49727.95,49803.85,0,0
2025-02-01 10:45:00+05:30,49803.2,49849.0,49719.1,49845.75,0,0
2025-02-01 11:15:00+05:30,49844.5,50009.5,49773.55,49939.85,0,0
2025-02-01 11:45:00+05:30,49938.1,49940.8,49275.8,49286.45,0,0
2025-02-01 12:15:00+05:30,49294.25,49540.9,49158.1,49263.3,0,0
2025-02-01 12:45:00+05:30,49269.9,49324.2,48925.45,49065.1,0,0
2025-02-01 13:15:00+05:30,49066.3,49424.95,48941.85,49412.35,0,0
2025-02-01 13:45:00+05:30,49412.35,49535.3,49377.9,49516.4,0,0
2025-02-01 14:15:00+05:30,49524.15,49669.0,49442.6,49516.9,0,0
2025-02-01 14:45:00+05:30,49526.85,49614.35,49509.65,49514.95,0,0
2025-02-01 15:15:00+05:30,49515.15,49527.95,49429.15,49520.95,0,0
2025-02-03 09:15:00+05:30,49074.8,49277.85,48906.05,49056.0,0,0
2025-02-03 09:45:00+05:30,49056.0,49144.3,48996.35,49084.0,0,0
2025-02-03 10:15:00+05:30,49081.45,49252.5,49050.45,49239.1,0,0
2025-02-03 10:45:00+05:30,49237.2,49280.3,49141.6,49271.95,0,0
2025-02-03 11:15:00+05:30,49270.15,49286.85,49054.65,49090.65,0,0
2025-02-03 11:45:00+05:30,49087.95,49213.05,49065.5,49198.55,0,0
2025-02-03 12:15:00+05:30,49198.95,49239.9,49172.75,49189.7,0,0
2025-02-03 12:45:00+05:30,49191.25,49373.45,49123.3,49344.55,0,0
2025-02-03 13:15:00+05:30,49347.7,49358.45,49199.9,49274.05,0,0
2025-02-03 13:45:00+05:30,49274.75,49312.35,49188.15,49257.65,0,0
2025-02-03 14:15:00+05:30,49255.95,49286.75,49227.6,49280.55,0,0
2025-02-03 14:45:00+05:30,49279.75,49297.7,49185.8,49222.55,0,0
2025-02-03 15:15:00+05:30,49225.95,49235.0,49183.25,49224.05,0,0
2025-02-04 09:15:00+05:30,49538.8,49965.55,49482.5,49948.45,0,0
2025-02-04 09:45:00+05:30,49943.7,50021.35,49845.05,49859.15,0,0
2025-02-04 10:15:00+05:30,49859.2,49922.85,49615.1,49701.6,0,0
2025-02-04 10:45:00+05:30,49701.15,49829.9,49611.35,49819.45,0,0
2025-02-04 11:15:00+05:30,49823.3,49905.8,49768.0,49777.3,0,0
2025-02-04 11:45:00+05:30,49776.55,49919.7,49767.7,49848.05,0,0
2025-02-04 12:15:00+05:30,49846.05,50016.9,49841.7,49975.95,0,0
2025-02-04 12:45:00+05:30,49973.35,50084.2,49924.1,50055.75,0,0
2025-02-04 13:15:00+05:30,50057.75,50109.55,49981.65,49991.45,0,0
2025-02-04 13:45:00+05:30,49989.75,50113.6,49912.95,49967.85,0,0
2025-02-04 14:15:00+05:30,49959.8,50156.05,49888.35,50119.9,0,0
2025-02-04 14:45:00+05:30,50118.6,50206.6,50073.55,50192.25,0,0
2025-02-04 15:15:00+05:30,50192.0,50198.0,50083.65,50111.65,0,0
2025-02-05 09:15:00+05:30,50402.3,50453.05,50215.45,50445.35,0,0
2025-02-05 09:45:00+05:30,50444.8,50481.75,50360.95,50431.25,0,0
2025-02-05 10:15:00+05:30,50429.15,50452.4,50341.3,50442.25,0,0
2025-02-05 10:45:00+05:30,50437.2,50493.25,50344.9,50374.25,0,0
2025-02-05 11:15:00+05:30,50369.45,50433.45,50333.15,50415.0,0,0
2025-02-05 11:45:00+05:30,50416.55,50453.35,50320.85,50342.25,0,0
2025-02-05 12:15:00+05:30,50343.3,50448.8,50326.1,50428.65,0,0
2025-02-05 12:45:00+05:30,50430.05,50499.9,50389.95,50498.5,0,0
2025-02-05 13:15:00+05:30,50498.4,50507.9,50432.7,50452.5,0,0
2025-02-05 13:45:00+05:30,50452.2,50522.15,50422.55,50433.85,0,0
2025-02-05 14:15:00+05:30,50433.6,50490.0,50411.55,50473.3,0,0
2025-02-05 14:45:00+05:30,50473.9,50494.4,50325.35,50354.75,0,0
2025-02-05 15:15:00+05:30,50353.7,50354.3,50280.45,50299.9,0,0
2025-02-06 09:15:00+05:30,50468.35,50553.35,50206.85,50267.25,0,0
2025-02-06 09:45:00+05:30,50266.2,50352.65,50203.55,50305.0,0,0
2025-02-06 10:15:00+05:30,50305.3,50371.05,50288.3,50342.1,0,0
2025-02-06 10:45:00+05:30,50341.55,50342.85,50211.6,50243.85,0,0
2025-02-06 11:15:00+05:30,50243.25,50244.35,50149.8,50229.85,0,0
2025-02-06 11:45:00+05:30,50229.4,50286.45,50198.35,50273.25,0,0
2025-02-06 12:15:00+05:30,50276.7,50315.45,50194.2,50216.75,0,0
2025-02-06 12:45:00+05:30,50219.7,50240.3,50173.25,50219.2,0,0
2025-02-06 13:15:00+05:30,50219.35,50300.55,50207.85,50282.95,0,0
2025-02-06 13:45:00+05:30,50285.45,50316.15,50199.05,50260.8,0,0
2025-02-06 14:15:00+05:30,50256.05,50399.95,50246.55,50371.05,0,0
2025-02-06 14:45:00+05:30,50370.95,50410.65,50289.3,50374.7,0,0
2025-02-06 15:15:00+05:30,50378.35,50447.1,50362.65,50427.1,0,0
2025-02-07 09:15:00+05:30,50484.45,50557.15,50334.6,50482.55,0,0
2025-02-07 09:45:00+05:30,50483.35,50641.75,50296.3,50411.8,0,0
2025-02-07 10:15:00+05:30,50409.7,50436.0,50042.3,50224.35,0,0
2025-02-07 10:45:00+05:30,50224.45,50343.3,50116.9,50290.05,0,0
2025-02-07 11:15:00+05:30,50286.7,50463.6,50276.55,50413.15,0,0
2025-02-07 11:45:00+05:30,50413.55,50427.45,50114.25,50114.25,0,0
2025-02-07 12:15:00+05:30,50112.6,50217.9,50070.95,50145.2,0,0
2025-02-07 12:45:00+05:30,50139.15,50180.3,50055.55,50086.45,0,0
2025-02-07 13:15:00+05:30,50086.3,50166.65,50074.35,50138.9,0,0
2025-02-07 13:45:00+05:30,50131.35,50163.65,49888.95,49915.0,0,0
2025-02-07 14:15:00+05:30,49915.2,50023.15,49871.15,49968.6,0,0
2025-02-07 14:45:00+05:30,49967.85,50182.75,49948.05,50180.85,0,0
2025-02-07 15:15:00+05:30,50181.7,50248.35,50145.9,50204.35,0,0
2025-02-10 09:15:00+05:30,50052.5,50155.65,49921.0,49926.6,0,0
2025-02-10 09:45:00+05:30,49923.35,49998.65,49769.25,49776.55,0,0
2025-02-10 10:15:00+05:30,49774.55,49833.85,49716.9,49789.9,0,0
2025-02-10 10:45:00+05:30,49784.3,49867.05,49703.1,49853.85,0,0
2025-02-10 11:15:00+05:30,49850.4,49895.75,49789.8,49853.65,0,0
2025-02-10 11:45:00+05:30,49850.55,49895.2,49760.35,49822.55,0,0
2025-02-10 12:15:00+05:30,49819.55,49894.55,49779.1,49846.25,0,0
2025-02-10 12:45:00+05:30,49846.85,49875.25,49801.15,49843.25,0,0
2025-02-10 13:15:00+05:30,49841.55,49887.75,49791.2,49878.75,0,0
2025-02-10 13:45:00+05:30,49881.3,49960.7,49822.5,49826.1,0,0
2025-02-10 14:15:00+05:30,49823.5,49960.85,49806.85,49925.35,0,0
2025-02-10 14:45:00+05:30,49923.4,50049.1,49903.0,49987.7,0,0
2025-02-10 15:15:00+05:30,49990.75,50007.5,49951.7,49968.65,0,0
2025-02-11 09:15:00+05:30,49812.15,49906.75,49617.3,49702.7,0,0
2025-02-11 09:45:00+05:30,49702.7,49707.6,49535.25,49582.7,0,0
2025-02-11 10:15:00+05:30,49583.0,49663.3,49480.8,49485.05,0,0
2025-02-11 10:45:00+05:30,49483.9,49624.15,49477.8,49608.3,0,0
2025-02-11 11:15:00+05:30,49607.25,49639.1,49526.1,49583.55,0,0
2025-02-11 11:45:00+05:30,49583.9,49593.25,49529.5,49550.5,0,0
2025-02-11 12:15:00+05:30,49550.35,49600.2,49535.6,49569.0,0,0
2025-02-11 12:45:00+05:30,49568.5,49588.0,49274.85,49294.8,0,0
2025-02-11 13:15:00+05:30,49294.25,49411.05,49273.7,49370.8,0,0
2025-02-11 13:45:00+05:30,49370.65,49388.45,49177.4,49311.25,0,0
2025-02-11 14:15:00+05:30,49310.2,49353.3,49226.9,49344.35,0,0
2025-02-11 14:45:00+05:30,49347.55,49477.65,49341.4,49415.2,0,0
2025-02-11 15:15:00+05:30,49414.2,49436.1,49344.4,49358.6,0,0
2025-02-12 09:15:00+05:30,49402.25,49539.95,48970.35,49001.35,0,0
2025-02-12 09:45:00+05:30,48996.4,49008.3,48738.7,48810.95,0,0
2025-02-12 10:15:00+05:30,48811.95,49050.55,48734.35,48954.65,0,0
2025-02-12 10:45:00+05:30,48961.2,49196.15,48953.9,49001.8,0,0
2025-02-12 11:15:00+05:30,49001.05,49323.35,48975.1,49321.75,0,0
2025-02-12 11:45:00+05:30,49317.6,49449.6,49233.7,49376.6,0,0
2025-02-12 12:15:00+05:30,49378.85,49511.9,49286.05,49441.1,0,0
2025-02-12 12:45:00+05:30,49449.3,49652.6,49448.95,49603.15,0,0
2025-02-12 13:15:00+05:30,49605.7,49702.35,49529.3,49615.75,0,0
2025-02-12 13:45:00+05:30,49615.85,49616.15,49248.7,49332.5,0,0
2025-02-12 14:15:00+05:30,49334.4,49378.05,49236.6,49309.0,0,0
2025-02-12 14:45:00+05:30,49309.8,49521.6,49276.15,49518.8,0,0
2025-02-12 15:15:00+05:30,49518.25,49552.1,49491.8,49526.55,0,0
2025-02-13 09:15:00+05:30,49469.35,49707.45,49434.15,49669.95,0,0
2025-02-13 09:45:00+05:30,49671.4,49789.2,49616.55,49721.95,0,0
2025-02-13 10:15:00+05:30,49724.15,49836.1,49652.05,49766.85,0,0
2025-02-13 10:45:00+05:30,49767.55,49798.15,49696.3,49757.1,0,0
2025-02-13 11:15:00+05:30,49756.6,49804.6,49722.85,49796.9,0,0
2025-02-13 11:45:00+05:30,49796.2,49829.4,49668.0,49698.75,0,0
2025-02-13 12:15:00+05:30,49698.8,49743.6,49664.9,49698.8,0,0
2025-02-13 12:45:00+05:30,49698.6,49715.05,49478.1,49478.1,0,0
2025-02-13 13:15:00+05:30,49480.8,49563.45,49307.5,49365.05,0,0
2025-02-13 13:45:00+05:30,49367.25,49435.25,49283.45,49349.0,0,0
2025-02-13 14:15:00+05:30,49349.05,49393.6,49276.1,49342.0,0,0
2025-02-13 14:45:00+05:30,49342.1,49429.0,49325.95,49356.8,0,0
2025-02-13 15:15:00+05:30,49357.75,49388.55,49320.15,49342.0,0,0
2025-02-14 09:15:00+05:30,49485.65,49592.95,49322.45,49371.65,0,0
2025-02-14 09:45:00+05:30,49370.65,49479.45,49286.35,49385.0,0,0
2025-02-14 10:15:00+05:30,49385.05,49482.35,49064.4,49081.15,0,0
2025-02-14 10:45:00+05:30,49079.8,49082.8,48920.1,49035.6,0,0
2025-02-14 11:15:00+05:30,49034.5,49039.7,48909.15,49033.05,0,0
2025-02-14 11:45:00+05:30,49034.6,49073.65,48846.6,48865.1,0,0
2025-02-14 12:15:00+05:30,48865.4,48941.8,48805.5,48878.3,0,0
2025-02-14 12:45:00+05:30,48875.65,48911.9,48719.75,48815.95,0,0
2025-02-14 13:15:00+05:30,48815.6,48891.05,48756.45,48795.7,0,0
2025-02-14 13:45:00+05:30,48795.05,48809.75,48720.25,48777.45,0,0
2025-02-14 14:15:00+05:30,48776.35,49243.05,48765.95,49199.65,0,0
2025-02-14 14:45:00+05:30,49199.65,49206.4,49025.7,49109.4,0,0
2025-02-14 15:15:00+05:30,49109.45,49122.1,49050.6,49057.75,0,0
2025-02-17 09:15:00+05:30,48880.4,48995.8,48683.45,48754.5,0,0
2025-02-17 09:45:00+05:30,48751.95,48833.0,48525.6,48569.2,0,0
2025-02-17 10:15:00+05:30,48565.7,49008.35,48541.4,49008.35,0,0
2025-02-17 10:45:00+05:30,49005.95,49037.45,48713.5,48741.9,0,0
2025-02-17 11:15:00+05:30,48738.1,48892.55,48725.4,48890.95,0,0
2025-02-17 11:45:00+05:30,48891.6,48948.45,48786.15,48788.95,0,0
2025-02-17 12:15:00+05:30,48791.25,48850.45,48729.45,48835.35,0,0
2025-02-17 12:45:00+05:30,48834.65,48987.1,48832.05,48851.45,0,0
2025-02-17 13:15:00+05:30,48854.2,49225.15,48842.3,49171.6,0,0
2025-02-17 13:45:00+05:30,49171.25,49203.0,49005.85,49052.0,0,0
2025-02-17 14:15:00+05:30,49052.0,49166.9,49051.1,49139.5,0,0
2025-02-17 14:45:00+05:30,49138.2,49286.55,49110.9,49275.4,0,0
2025-02-17 15:15:00+05:30,49276.1,49319.0,49247.5,49279.9,0,0
2025-02-18 09:15:00+05:30,49211.85,49328.55,48908.3,49079.95,0,0
2025-02-18 09:45:00+05:30,49078.4,49191.3,48971.35,48980.35,0,0
2025-02-18 10:15:00+05:30,48980.05,49027.45,48847.4,48920.45,0,0
2025-02-18 10:45:00+05:30,48918.8,49008.4,48814.95,48866.8,0,0
2025-02-18 11:15:00+05:30,48867.55,49033.55,48850.45,49025.45,0,0
2025-02-18 11:45:00+05:30,49024.45,49088.9,48919.6,49012.65,0,0
2025-02-18 12:15:00+05:30,49008.55,49104.7,48995.85,49014.6,0,0
2025-02-18 12:45:00+05:30,49013.85,49033.15,48908.55,48996.35,0,0
2025-02-18 13:15:00+05:30,48996.75,49136.2,48994.55,49105.8,0,0
2025-02-18 13:45:00+05:30,49112.05,49117.3,49006.25,49047.05,0,0
2025-02-18 14:15:00+05:30,49038.1,49146.9,49035.95,49131.3,0,0
2025-02-18 14:45:00+05:30,49123.55,49158.25,49053.85,49085.8,0,0
2025-02-18 15:15:00+05:30,49083.4,49099.85,49053.3,49064.15,0,0
2025-02-19 09:15:00+05:30,48895.35,49285.6,48804.0,49283.5,0,0
2025-02-19 09:45:00+05:30,49285.6,49509.75,49285.6,49504.85,0,0
2025-02-19 10:15:00+05:30,49509.55,49628.25,49506.95,49589.85,0,0
2025-02-19 10:45:00+05:30,49588.2,49592.25,49350.4,49502.25,0,0
2025-02-19 11:15:00+05:30,49503.95,49543.9,49407.9,49465.5,0,0
2025-02-19 11:45:00+05:30,49464.15,49586.45,49463.35,49511.35,0,0
2025-02-19 12:15:00+05:30,49510.1,49560.75,49432.9,49452.85,0,0
2025-02-19 12:45:00+05:30,49450.85,49493.45,49419.15,49459.85,0,0
2025-02-19 13:15:00+05:30,49464.1,49538.5,49441.55,49484.45,0,0
2025-02-19 13:45:00+05:30,49481.3,49525.0,49430.5,49485.95,0,0
2025-02-19 14:15:00+05:30,49485.15,49490.5,49279.6,49381.2,0,0
2025-02-19 14:45:00+05:30,49376.4,49607.9,49371.8,49579.25,0,0
2025-02-19 15:15:00+05:30,49580.3,49580.35,49510.95,49519.5,0,0
2025-02-20 09:15:00+05:30,49314.1,49455.8,49202.85,49292.95,0,0
2025-02-20 09:45:00+05:30,49292.15,49304.65,49150.95,49251.65,0,0
2025-02-20 10:15:00+05:30,49251.8,49337.65,49240.4,49279.65,0,0
2025-02-20 10:45:00+05:30,49280.85,49337.8,49259.0,49329.85,0,0
2025-02-20 11:15:00+05:30,49329.5,49346.35,49278.0,49316.9,0,0
2025-02-20 11:45:00+05:30,49316.55,49325.85,49234.6,49235.5,0,0
2025-02-20 12:15:00+05:30,49233.3,49302.1,49221.65,49280.1,0,0
2025-02-20 12:45:00+05:30,49279.6,49297.55,49229.95,49254.65,0,0
2025-02-20 13:15:00+05:30,49253.85,49350.0,49233.5,49350.0,0,0
2025-02-20 13:45:00+05:30,49349.3,49396.45,49307.9,49338.5,0,0
2025-02-20 14:15:00+05:30,49337.7,49384.75,49321.15,49371.0,0,0
2025-02-20 14:45:00+05:30,49370.75,49397.2,49334.3,49342.55,0,0
2025-02-20 15:15:00+05:30,49342.3,49344.5,49281.85,49289.7,0,0
2025-02-21 09:15:00+05:30,49127.95,49306.55,49041.9,49054.95,0,0
2025-02-21 09:45:00+05:30,49055.4,49075.6,48822.4,48827.35,0,0
2025-02-21 10:15:00+05:30,48826.85,48896.85,48764.0,48877.4,0,0
2025-02-21 10:45:00+05:30,48875.55,48930.9,48793.7,48917.1,0,0
2025-02-21 11:15:00+05:30,48916.75,49001.8,48878.4,48961.7,0,0
2025-02-21 11:45:00+05:30,48962.3,48978.6,48915.25,48944.7,0,0
2025-02-21 12:15:00+05:30,48945.35,49069.65,48940.2,49006.75,0,0
2025-02-21 12:45:00+05:30,49003.85,49014.8,48881.3,48921.3,0,0
2025-02-21 13:15:00+05:30,48921.15,48948.2,48813.65,48833.0,0,0
2025-02-21 13:45:00+05:30,48836.2,48962.0,48799.8,48951.8,0,0
2025-02-21 14:15:00+05:30,48952.5,49004.15,48862.45,48995.4,0,0
2025-02-21 14:45:00+05:30,48994.1,49058.15,48959.15,49007.3,0,0
2025-02-21 15:15:00+05:30,49008.25,49011.2,48885.4,48908.5,0,0
2025-02-24 09:15:00+05:30,48619.8,48745.95,48281.9,48317.3,0,0
2025-02-24 09:45:00+05:30,48319.0,48468.95,48313.05,48425.8,0,0
2025-02-24 10:15:00+05:30,48426.1,48495.9,48391.45,48416.4,0,0
2025-02-24 10:45:00+05:30,48414.9,48464.25,48371.6,48394.4,0,0
2025-02-24 11:15:00+05:30,48392.5,48566.8,48384.3,48558.35,0,0
2025-02-24 11:45:00+05:30,48558.35,48686.6,48508.55,48521.9,0,0
2025-02-24 12:15:00+05:30,48521.7,48614.7,48508.45,48548.65,0,0
2025-02-24 12:45:00+05:30,48549.3,48661.35,48541.7,48593.95,0,0
2025-02-24 13:15:00+05:30,48593.65,48635.65,48514.75,48540.25,0,0
2025-02-24 13:45:00+05:30,48540.85,48621.95,48514.65,48573.65,0,0
2025-02-24 14:15:00+05:30,48573.65,48717.75,48564.4,48686.55,0,0
2025-02-24 14:45:00+05:30,48687.6,48748.4,48633.25,48655.1,0,0
2025-02-24 15:15:00+05:30,48653.6,48689.75,48619.9,48657.25,0,0
2025-02-25 09:15:00+05:30,48691.2,48862.15,48648.75,48789.9,0,0
2025-02-25 09:45:00+05:30,48791.75,48840.8,48736.6,48787.05,0,0
2025-02-25 10:15:00+05:30,48787.5,48794.05,48624.6,48673.7,0,0
2025-02-25 10:45:00+05:30,48674.8,48675.95,48576.6,48627.6,0,0
2025-02-25 11:15:00+05:30,48629.75,48641.0,48582.45,48632.7,0,0
2025-02-25 11:45:00+05:30,48632.3,48666.2,48596.8,48651.95,0,0
2025-02-25 12:15:00+05:30,48650.35,48706.25,48642.45,48650.85,0,0
2025-02-25 12:45:00+05:30,48652.7,48705.5,48639.35,48669.0,0,0
2025-02-25 13:15:00+05:30,48668.6,48698.7,48629.1,48685.95,0,0
2025-02-25 13:45:00+05:30,48684.4,48706.25,48634.15,48654.8,0,0
2025-02-25 14:15:00+05:30,48651.2,48661.9,48621.3,48644.65,0,0
2025-02-25 14:45:00+05:30,48643.1,48656.0,48599.05,48619.6,0,0
2025-02-25 15:15:00+05:30,48623.2,48638.75,48534.15,48591.1,0,0
2025-02-27 09:15:00+05:30,48732.2,48972.55,48732.2,48898.05,0,0
2025-02-27 09:45:00+05:30,48897.7,48923.5,48844.8,48895.0,0,0
2025-02-27 10:15:00+05:30,48894.1,48951.25,48873.6,48923.15,0,0
2025-02-27 10:45:00+05:30,48923.95,48934.35,48882.15,48908.3,0,0
2025-02-27 11:15:00+05:30,48908.7,48913.85,48862.1,48876.15,0,0
2025-02-27 11:45:00+05:30,48876.0,48898.5,48849.8,48875.6,0,0
2025-02-27 12:15:00+05:30,48874.45,48896.7,48833.05,48861.85,0,0
2025-02-27 12:45:00+05:30,48863.95,48863.95,48830.2,48843.1,0,0
2025-02-27 13:15:00+05:30,48844.25,48902.9,48840.9,48887.6,0,0
2025-02-27 13:45:00+05:30,48888.6,48891.05,48843.5,48863.75,0,0
2025-02-27 14:15:00+05:30,48865.0,48909.4,48855.0,48877.9,0,0
2025-02-27 14:45:00+05:30,48878.1,48883.1,48707.85,48736.65,0,0
2025-02-27 15:15:00+05:30,48734.1,48736.7,48627.1,48641.5,0,0
2025-02-28 09:15:00+05:30,48437.55,48517.25,48161.15,48204.7,0,0
2025-02-28 09:45:00+05:30,48201.85,48442.35,48197.2,48432.3,0,0
2025-02-28 10:15:00+05:30,48435.3,48487.6,48404.25,48473.45,0,0
2025-02-28 10:45:00+05:30,48474.2,48534.45,48364.4,48491.85,0,0
2025-02-28 11:15:00+05:30,48491.5,48574.5,48466.55,48469.5,0,0
2025-02-28 11:45:00+05:30,48465.6,48474.4,48405.05,48416.15,0,0
2025-02-28 12:15:00+05:30,48419.15,48498.4,48210.2,48214.25,0,0
2025-02-28 12:45:00+05:30,48217.2,48246.2,48078.7,48115.45,0,0
2025-02-28 13:15:00+05:30,48118.25,48204.35,48104.9,48180.8,0,0
2025-02-28 13:45:00+05:30,48178.15,48318.2,48164.15,48307.2,0,0
2025-02-28 14:15:00+05:30,48307.5,48441.4,48270.35,48441.4,0,0
2025-02-28 14:45:00+05:30,48436.55,48499.75,48335.2,48351.35,0,0
2025-02-28 15:15:00+05:30,48351.3,48351.3,48238.6,48262.5,0,0
2025-03-03 09:15:00+05:30,48478.6,48574.7,48084.75,48086.8,0,0
2025-03-03 09:45:00+05:30,48084.3,48098.1,47841.3,47885.75,0,0
2025-03-03 10:15:00+05:30,47891.15,48051.2,47878.8,47956.1,0,0
2025-03-03 10:45:00+05:30,47952.7,48034.15,47871.7,47932.4,0,0
2025-03-03 11:15:00+05:30,47929.75,47951.95,47845.8,47906.8,0,0
2025-03-03 11:45:00+05:30,47904.7,48053.0,47878.55,48053.0,0,0
2025-03-03 12:15:00+05:30,48051.45,48185.7,48008.9,48135.65,0,0
2025-03-03 12:45:00+05:30,48135.55,48224.9,48090.3,48186.95,0,0
2025-03-03 13:15:00+05:30,48187.65,48258.45,48045.2,48118.7,0,0
2025-03-03 13:45:00+05:30,48118.2,48192.05,48008.5,48101.3,0,0
2025-03-03 14:15:00+05:30,48096.3,48201.55,48054.95,48172.65,0,0
2025-03-03 14:45:00+05:30,48179.1,48183.85,48078.4,48111.3,0,0
2025-03-03 15:15:00+05:30,48110.35,48162.5,48073.75,48159.85,0,0
2025-03-04 09:15:00+05:30,47942.5,48337.6,47924.75,48289.45,0,0
2025-03-04 09:45:00+05:30,48280.5,48355.7,48114.75,48176.05,0,0
2025-03-04 10:15:00+05:30,48175.8,48342.9,48172.8,48241.2,0,0
2025-03-04 10:45:00+05:30,48241.05,48316.0,48227.8,48250.05,0,0
2025-03-04 11:15:00+05:30,48249.9,48282.7,48177.65,48184.8,0,0
2025-03-04 11:45:00+05:30,48183.8,48212.5,48132.55,48163.2,0,0
2025-03-04 12:15:00+05:30,48162.55,48270.85,48145.7,48243.0,0,0
2025-03-04 12:45:00+05:30,48243.3,48272.3,48182.9,48272.3,0,0
2025-03-04 13:15:00+05:30,48267.4,48307.8,48223.3,48257.85,0,0
2025-03-04 13:45:00+05:30,48255.6,48374.9,48247.0,48332.8,0,0
2025-03-04 14:15:00+05:30,48332.6,48347.5,48231.1,48233.8,0,0
2025-03-04 14:45:00+05:30,48232.95,48239.55,48169.05,48234.2,0,0
2025-03-04 15:15:00+05:30,48235.0,48314.6,48226.05,48289.3,0,0
2025-03-05 09:15:00+05:30,48241.3,48542.9,48190.25,48528.05,0,0
2025-03-05 09:45:00+05:30,48526.1,48657.65,48514.9,48529.1,0,0
2025-03-05 10:15:00+05:30,48528.35,48556.25,48409.2,48501.2,0,0
2025-03-05 10:45:00+05:30,48501.45,48504.25,48419.3,48480.15,0,0
2025-03-05 11:15:00+05:30,48480.65,48598.95,48460.85,48563.15,0,0
2025-03-05 11:45:00+05:30,48563.35,48612.65,48547.7,48600.7,0,0
2025-03-05 12:15:00+05:30,48600.5,48617.6,48541.6,48543.45,0,0
2025-03-05 12:45:00+05:30,48541.95,48549.0,48445.3,48502.15,0,0
2025-03-05 13:15:00+05:30,48501.15,48522.35,48389.85,48420.75,0,0
2025-03-05 13:45:00+05:30,48421.5,48497.95,48417.05,48466.6,0,0
2025-03-05 14:15:00+05:30,48466.65,48524.8,48406.4,48508.25,0,0
2025-03-05 14:45:00+05:30,48507.45,48543.15,48472.6,48478.6,0,0
2025-03-05 15:15:00+05:30,48479.45,48508.4,48453.6,48506.15,0,0
2025-03-06 09:15:00+05:30,48760.0,48839.1,48395.35,48449.0,0,0
2025-03-06 09:45:00+05:30,48455.1,48545.0,48299.4,48493.65,0,0
2025-03-06 10:15:00+05:30,48498.5,48600.05,48485.7,48566.35,0,0
2025-03-06 10:45:00+05:30,48567.6,48674.2,48475.65,48623.65,0,0
2025-03-06 11:15:00+05:30,48623.35,48627.1,48408.5,48522.3,0,0
2025-03-06 11:45:00+05:30,48522.05,48596.05,48520.45,48542.15,0,0
2025-03-06 12:15:00+05:30,48541.35,48603.15,48529.15,48573.35,0,0
2025-03-06 12:45:00+05:30,48573.95,48611.2,48539.0,48582.2,0,0
2025-03-06 13:15:00+05:30,48584.95,48615.35,48559.85,48571.7,0,0
2025-03-06 13:45:00+05:30,48570.2,48649.25,48569.15,48616.2,0,0
2025-03-06 14:15:00+05:30,48618.75,48677.8,48608.8,48662.5,0,0
2025-03-06 14:45:00+05:30,48664.7,48681.0,48589.85,48634.95,0,0
2025-03-06 15:15:00+05:30,48636.7,48653.75,48596.85,48608.45,0,0
2025-03-07 09:15:00+05:30,48463.8,48617.05,48369.95,48412.7,0,0
2025-03-07 09:45:00+05:30,48415.55,48617.5,48380.65,48616.65,0,0
2025-03-07 10:15:00+05:30,48618.5,48709.05,48592.95,48631.8,0,0
2025-03-07 10:45:00+05:30,48631.55,48685.55,48548.05,48655.9,0,0
2025-03-07 11:15:00+05:30,48655.6,48693.45,48564.5,48585.65,0,0
2025-03-07 11:45:00+05:30,48585.2,48586.1,48433.6,48483.75,0,0
2025-03-07 12:15:00+05:30,48484.0,48559.9,48437.85,48525.05,0,0
2025-03-07 12:45:00+05:30,48525.8,48529.85,48409.9,48430.6,0,0
2025-03-07 13:15:00+05:30,48431.25,48505.55,48428.95,48490.15,0,0
2025-03-07 13:45:00+05:30,48490.45,48490.45,48359.35,48427.85,0,0
2025-03-07 14:15:00+05:30,48429.35,48561.4,48419.9,48552.65,0,0
2025-03-07 14:45:00+05:30,48551.7,48607.9,48503.1,48513.55,0,0
2025-03-07 15:15:00+05:30,48513.8,48516.6,48432.3,48453.85,0,0
2025-03-10 09:15:00+05:30,48312.0,48599.15,48285.0,48586.45,0,0
2025-03-10 09:45:00+05:30,48587.25,48593.15,48465.35,48477.55,0,0
2025-03-10 10:15:00+05:30,48478.75,48520.95,48431.65,48516.85,0,0
2025-03-10 10:45:00+05:30,48515.75,48543.8,48437.25,48447.15,0,0
2025-03-10 11:15:00+05:30,48448.1,48531.3,48419.55,48527.15,0,0
2025-03-10 11:45:00+05:30,48527.4,48527.4,48431.8,48437.5,0,0
2025-03-10 12:15:00+05:30,48434.95,48538.05,48401.7,48497.1,0,0
2025-03-10 12:45:00+05:30,48497.05,48584.0,48481.2,48554.35,0,0
2025-03-10 13:15:00+05:30,48551.9,48566.75,48490.45,48496.35,0,0
2025-03-10 13:45:00+05:30,48497.5,48530.55,48445.25,48507.65,0,0
2025-03-10 14:15:00+05:30,48506.1,48510.25,48146.8,48197.75,0,0
2025-03-10 14:45:00+05:30,48197.05,48261.15,48156.1,48235.8,0,0
2025-03-10 15:15:00+05:30,48237.95,48244.05,48124.65,48168.25,0,0
2025-03-11 09:15:00+05:30,47874.8,48021.35,47702.9,47888.0,0,0
2025-03-11 09:45:00+05:30,47891.75,47903.25,47761.35,47840.8,0,0
2025-03-11 10:15:00+05:30,47841.2,47910.0,47793.75,47888.95,0,0
2025-03-11 10:45:00+05:30,47892.1,47990.45,47853.45,47923.25,0,0
2025-03-11 11:15:00+05:30,47923.2,47928.0,47844.95,47870.55,0,0
2025-03-11 11:45:00+05:30,47871.95,47914.3,47793.95,47814.1,0,0
2025-03-11 12:15:00+05:30,47814.5,47900.55,47783.6,47886.85,0,0
2025-03-11 12:45:00+05:30,47886.95,47891.7,47814.95,47843.55,0,0
2025-03-11 13:15:00+05:30,47845.9,47933.55,47817.35,47925.1,0,0
2025-03-11 13:45:00+05:30,47925.4,48029.05,47912.3,47979.4,0,0
2025-03-11 14:15:00+05:30,47980.0,47995.25,47853.1,47876.3,0,0
2025-03-11 14:45:00+05:30,47875.45,47892.0,47786.3,47864.25,0,0
2025-03-11 15:15:00+05:30,47865.55,47896.0,47847.3,47885.6,0,0
2025-03-12 09:15:00+05:30,47894.4,48211.65,47880.0,48161.9,0,0
2025-03-12 09:45:00+05:30,48159.55,48199.9,48049.4,48093.25,0,0
2025-03-12 10:15:00+05:30,48089.1,48221.85,48067.7,48206.35,0,0
2025-03-12 10:45:00+05:30,48206.25,48222.15,48064.2,48113.2,0,0
2025-03-12 11:15:00+05:30,48112.7,48114.6,47899.05,47945.25,0,0
2025-03-12 11:45:00+05:30,47945.35,47956.25,47844.95,47941.25,0,0
2025-03-12 12:15:00+05:30,47941.55,47972.6,47883.55,47894.0,0,0
2025-03-12 12:45:00+05:30,47893.4,48042.75,47849.1,48029.05,0,0
2025-03-12 13:15:00+05:30,48033.55,48088.45,47994.25,48019.25,0,0
2025-03-12 13:45:00+05:30,48018.15,48113.3,47979.85,48109.3,0,0
2025-03-12 14:15:00+05:30,48109.05,48150.6,48003.1,48005.35,0,0
2025-03-12 14:45:00+05:30,48005.25,48119.25,48002.75,48054.75,0,0
2025-03-12 15:15:00+05:30,48055.75,48086.4,48018.1,48055.75,0,0
2025-03-13 09:15:00+05:30,48219.15,48286.5,48064.75,48171.4,0,0
2025-03-13 09:45:00+05:30,48171.85,48283.2,48120.05,48278.1,0,0
2025-03-13 10:15:00+05:30,48275.8,48352.45,48274.55,48337.3,0,0
2025-03-13 10:45:00+05:30,48337.4,48340.6,48236.5,48284.9,0,0
2025-03-13 11:15:00+05:30,48285.95,48286.4,48150.15,48188.65,0,0
2025-03-13 11:45:00+05:30,48189.65,48191.65,48109.7,48153.7,0,0
2025-03-13 12:15:00+05:30,48154.75,48221.7,48144.7,48216.85,0,0
2025-03-13 12:45:00+05:30,48216.7,48240.3,48128.95,48142.45,0,0
2025-03-13 13:15:00+05:30,48139.4,48173.05,48108.65,48149.6,0,0
2025-03-13 13:45:00+05:30,48150.55,48202.55,48090.4,48123.65,0,0
2025-03-13 14:15:00+05:30,48124.35,48130.1,48052.0,48077.55,0,0
2025-03-13 14:45:00+05:30,48077.45,48093.45,48009.7,48082.55,0,0
2025-03-13 15:15:00+05:30,48084.75,48092.25,48006.1,48024.0,0,0
2025-03-17 09:15:00+05:30,48219.55,48432.2,48196.1,48371.85,0,0
2025-03-17 09:45:00+05:30,48368.95,48423.9,48344.65,48384.5,0,0
2025-03-17 10:15:00+05:30,48386.25,48419.3,48293.7,48326.8,0,0
2025-03-17 10:45:00+05:30,48327.3,48420.55,48322.5,48415.5,0,0
2025-03-17 11:15:00+05:30,48414.65,48481.35,48387.45,48448.8,0,0
2025-03-17 11:45:00+05:30,48448.6,48469.25,48367.85,48458.05,0,0
2025-03-17 12:15:00+05:30,48457.65,48457.9,48343.5,48390.25,0,0
2025-03-17 12:45:00+05:30,48390.55,48391.1,48310.35,48382.65,0,0
2025-03-17 13:15:00+05:30,48382.55,48426.35,48354.75,48383.6,0,0
2025-03-17 13:45:00+05:30,48383.6,48449.3,48288.3,48427.85,0,0
2025-03-17 14:15:00+05:30,48430.0,48438.1,48331.55,48355.3,0,0
2025-03-17 14:45:00+05:30,48354.55,48410.25,48343.7,48359.3,0,0
2025-03-17 15:15:00+05:30,48358.6,48376.05,48331.5,48347.05,0,0
2025-03-18 09:15:00+05:30,48792.9,48926.7,48629.45,48888.2,0,0
2025-03-18 09:45:00+05:30,48889.15,49009.3,48801.85,48994.95,0,0
2025-03-18 10:15:00+05:30,48997.15,49041.15,48966.35,49030.95,0,0
2025-03-18 10:45:00+05:30,49031.65,49053.1,48963.45,49022.35,0,0
2025-03-18 11:15:00+05:30,49022.1,49053.85,48982.1,49004.25,0,0
2025-03-18 11:45:00+05:30,49002.9,49104.15,48988.65,49089.4,0,0
2025-03-18 12:15:00+05:30,49090.25,49121.05,48945.7,48952.15,0,0
2025-03-18 12:45:00+05:30,48952.55,49033.45,48908.2,49028.85,0,0
2025-03-18 13:15:00+05:30,49030.85,49144.55,49024.8,49138.15,0,0
2025-03-18 13:45:00+05:30,49139.7,49174.45,49110.15,49125.55,0,0
2025-03-18 14:15:00+05:30,49128.8,49216.15,49109.75,49209.75,0,0
2025-03-18 14:45:00+05:30,49212.45,49314.0,49209.3,49303.1,0,0
2025-03-18 15:15:00+05:30,49304.25,49400.3,49291.3,49375.55,0,0
2025-03-19 09:15:00+05:30,49375.4,49607.55,49324.8,49472.0,0,0
2025-03-19 09:45:00+05:30,49472.35,49572.15,49449.35,49546.6,0,0
2025-03-19 10:15:00+05:30,49548.5,49720.8,49547.9,49715.1,0,0
2025-03-19 10:45:00+05:30,49714.6,49749.0,49638.9,49719.9,0,0
2025-03-19 11:15:00+05:30,49720.7,49755.25,49674.7,49694.2,0,0
2025-03-19 11:45:00+05:30,49693.6,49730.3,49669.25,49689.9,0,0
2025-03-19 12:15:00+05:30,49691.1,49773.8,49690.95,49733.7,0,0
2025-03-19 12:45:00+05:30,49734.0,49807.55,49692.5,49743.2,0,0
2025-03-19 13:15:00+05:30,49743.1,49787.0,49730.1,49783.4,0,0
2025-03-19 13:45:00+05:30,49784.75,49785.35,49735.7,49743.8,0,0
2025-03-19 14:15:00+05:30,49742.75,49791.5,49732.1,49785.6,0,0
2025-03-19 14:45:00+05:30,49786.3,49791.05,49678.55,49705.45,0,0
2025-03-19 15:15:00+05:30,49705.75,49752.95,49672.85,49727.1,0,0
2025-03-20 09:15:00+05:30,49947.6,50035.75,49841.55,49889.95,0,0
2025-03-20 09:45:00+05:30,49891.0,49893.9,49771.65,49819.2,0,0
2025-03-20 10:15:00+05:30,49818.5,49909.75,49808.15,49861.6,0,0
2025-03-20 10:45:00+05:30,49859.7,49922.4,49843.6,49906.75,0,0
2025-03-20 11:15:00+05:30,49908.3,49923.6,49833.95,49847.7,0,0
2025-03-20 11:45:00+05:30,49847.5,49869.0,49818.25,49855.75,0,0
2025-03-20 12:15:00+05:30,49855.85,49899.65,49827.6,49883.6,0,0
2025-03-20 12:45:00+05:30,49882.45,49981.45,49874.6,49963.95,0,0
2025-03-20 13:15:00+05:30,49970.15,50060.75,49945.2,50048.05,0,0
2025-03-20 13:45:00+05:30,50049.9,50129.6,50040.9,50048.4,0,0
2025-03-20 14:15:00+05:30,50045.0,50155.3,50026.95,50098.95,0,0
2025-03-20 14:45:00+05:30,50102.55,50142.0,50040.45,50042.05,0,0
2025-03-20 15:15:00+05:30,50041.8,50071.4,49984.7,49993.8,0,0
2025-03-21 09:15:00+05:30,49927.1,50195.15,49891.95,50186.6,0,0
2025-03-21 09:45:00+05:30,50187.35,50236.8,50139.85,50221.55,0,0
2025-03-21 10:15:00+05:30,50220.15,50373.1,50195.45,50344.15,0,0
2025-03-21 10:45:00+05:30,50345.0,50501.2,50343.5,50479.05,0,0
2025-03-21 11:15:00+05:30,50480.3,50532.65,50387.75,50406.75,0,0
2025-03-21 11:45:00+05:30,50401.45,50457.1,50366.85,50423.95,0,0
2025-03-21 12:15:00+05:30,50423.45,50516.25,50410.6,50482.1,0,0
2025-03-21 12:45:00+05:30,50482.15,50512.3,50430.55,50440.5,0,0
2025-03-21 13:15:00+05:30,50439.9,50510.75,50371.1,50410.65,0,0
2025-03-21 13:45:00+05:30,50412.0,50425.4,50270.6,50382.6,0,0
2025-03-21 14:15:00+05:30,50381.1,50509.35,50377.4,50443.35,0,0
2025-03-21 14:45:00+05:30,50437.15,50652.0,50391.55,50576.75,0,0
2025-03-21 15:15:00+05:30,50579.9,50672.15,50532.6,50570.3,0,0
2025-03-24 09:15:00+05:30,50982.7,51173.05,50795.9,51165.35,0,0
2025-03-24 09:45:00+05:30,51168.0,51416.05,51168.0,51407.35,0,0
2025-03-24 10:15:00+05:30,51404.05,51635.75,51391.6,51574.35,0,0
2025-03-24 10:45:00+05:30,51573.4,51769.8,51568.6,51666.45,0,0
2025-03-24 11:15:00+05:30,51668.25,51676.5,51526.25,51559.5,0,0
2025-03-24 11:45:00+05:30,51559.5,51633.75,51540.4,51596.1,0,0
2025-03-24 12:15:00+05:30,51594.5,51686.65,51585.45,51671.4,0,0
2025-03-24 12:45:00+05:30,51669.35,51703.95,51595.45,51690.3,0,0
2025-03-24 13:15:00+05:30,51688.9,51708.75,51591.75,51611.75,0,0
2025-03-24 13:45:00+05:30,51611.85,51720.0,51567.2,51707.7,0,0
2025-03-24 14:15:00+05:30,51706.35,51777.5,51672.2,51697.75,0,0
2025-03-24 14:45:00+05:30,51696.7,51764.7,51625.25,51671.25,0,0
2025-03-24 15:15:00+05:30,51673.65,51801.15,51673.65,51769.6,0,0
2025-03-25 09:15:00+05:30,51874.2,51982.7,51646.65,51931.8,0,0
2025-03-25 09:45:00+05:30,51927.5,52063.95,51892.85,51929.85,0,0
2025-03-25 10:15:00+05:30,51918.75,52052.7,51759.45,51909.2,0,0
2025-03-25 10:45:00+05:30,51909.65,51930.9,51781.05,51820.25,0,0
2025-03-25 11:15:00+05:30,51820.5,51847.5,51623.8,51659.7,0,0
2025-03-25 11:45:00+05:30,51658.5,51803.85,51648.0,51715.65,0,0
2025-03-25 12:15:00+05:30,51711.5,51726.3,51572.6,51661.65,0,0
2025-03-25 12:45:00+05:30,51654.75,51668.95,51602.9,51624.7,0,0
2025-03-25 13:15:00+05:30,51626.2,51683.75,51534.95,51657.25,0,0
2025-03-25 13:45:00+05:30,51653.8,51787.65,51635.35,51777.0,0,0
2025-03-25 14:15:00+05:30,51771.1,51787.25,51634.25,51658.45,0,0
2025-03-25 14:45:00+05:30,51651.6,51715.7,51587.05,51615.55,0,0
2025-03-25 15:15:00+05:30,51618.35,51649.95,51429.6,51480.0,0,0
2025-03-26 09:15:00+05:30,51640.05,51831.2,51572.75,51673.15,0,0
2025-03-26 09:45:00+05:30,51675.55,51777.8,51626.25,51749.95,0,0
2025-03-26 10:15:00+05:30,51749.8,51875.8,51702.4,51719.8,0,0
2025-03-26 10:45:00+05:30,51720.1,51759.65,51509.7,51595.95,0,0
2025-03-26 11:15:00+05:30,51596.5,51626.45,51510.95,51548.75,0,0
2025-03-26 11:45:00+05:30,51550.65,51567.45,51423.7,51473.9,0,0
2025-03-26 12:15:00+05:30,51473.75,51486.65,51408.65,51465.65,0,0
2025-03-26 12:45:00+05:30,51469.5,51504.15,51223.95,51275.25,0,0
2025-03-26 13:15:00+05:30,51277.0,51280.75,51152.75,51165.95,0,0
2025-03-26 13:45:00+05:30,51165.15,51253.6,51126.2,51184.0,0,0
2025-03-26 14:15:00+05:30,51185.9,51239.15,51144.9,51179.35,0,0
2025-03-26 14:45:00+05:30,51175.65,51245.65,51069.15,51239.2,0,0
2025-03-26 15:15:00+05:30,51241.55,51241.55,51171.8,51179.75,0,0
2025-03-27 09:15:00+05:30,51084.7,51487.55,51050.85,51478.4,0,0
2025-03-27 09:45:00+05:30,51481.35,51642.4,51454.3,51597.1,0,0
2025-03-27 10:15:00+05:30,51589.6,51631.75,51509.3,51524.0,0,0
2025-03-27 10:45:00+05:30,51525.35,51678.25,51495.25,51653.3,0,0
2025-03-27 11:15:00+05:30,51652.6,51674.15,51581.05,51643.55,0,0
2025-03-27 11:45:00+05:30,51642.3,51653.55,51568.95,51615.05,0,0
2025-03-27 12:15:00+05:30,51616.3,51626.35,51561.0,51598.2,0,0
2025-03-27 12:45:00+05:30,51595.85,51637.9,51579.4,51596.5,0,0
2025-03-27 13:15:00+05:30,51596.8,51657.1,51583.95,51649.6,0,0
2025-03-27 13:45:00+05:30,51649.25,51666.5,51582.95,51606.95,0,0
2025-03-27 14:15:00+05:30,51612.9,51644.75,51554.0,51637.85,0,0
2025-03-27 14:45:00+05:30,51636.0,51714.35,51523.1,51536.1,0,0
2025-03-27 15:15:00+05:30,51531.25,51671.15,51484.1,51534.0,0,0
2025-03-28 09:15:00+05:30,51608.4,51812.55,51466.95,51476.45,0,0
2025-03-28 09:45:00+05:30,51474.6,51704.9,51454.85,51546.6,0,0
2025-03-28 10:15:00+05:30,51550.1,51772.0,51510.8,51670.45,0,0
2025-03-28 10:45:00+05:30,51673.25,51727.2,51509.95,51512.2,0,0
2025-03-28 11:15:00+05:30,51513.05,51564.7,51445.0,51492.45,0,0
2025-03-28 11:45:00+05:30,51490.5,51606.4,51475.15,51587.45,0,0
2025-03-28 12:15:00+05:30,51586.35,51589.65,51335.35,51411.6,0,0
2025-03-28 12:45:00+05:30,51411.95,51510.7,51364.55,51415.1,0,0
2025-03-28 13:15:00+05:30,51415.8,51559.6,51391.45,51460.65,0,0
2025-03-28 13:45:00+05:30,51461.05,51556.65,51401.2,51552.45,0,0
2025-03-28 14:15:00+05:30,51552.45,51805.05,51539.05,51805.05,0,0
2025-03-28 14:45:00+05:30,51801.25,51839.1,51527.45,51594.6,0,0
2025-03-28 15:15:00+05:30,51594.2,51595.7,51518.05,51538.75,0,0
2025-04-01 09:15:00+05:30,51178.15,51664.85,51170.55,51659.55,0,0
2025-04-01 09:45:00+05:30,51659.8,51683.85,51391.75,51393.7,0,0
2025-04-01 10:15:00+05:30,51392.3,51489.2,51008.25,51160.5,0,0
2025-04-01 10:45:00+05:30,51162.4,51199.7,50827.35,50910.75,0,0
2025-04-01 11:15:00+05:30,50909.7,50979.85,50742.0,50793.25,0,0
2025-04-01 11:45:00+05:30,50785.9,50876.15,50757.25,50859.5,0,0
2025-04-01 12:15:00+05:30,50857.2,50963.0,50840.55,50895.2,0,0
2025-04-01 12:45:00+05:30,50893.4,50909.0,50766.15,50843.7,0,0
2025-04-01 13:15:00+05:30,50844.55,50861.95,50756.15,50836.1,0,0
2025-04-01 13:45:00+05:30,50836.1,50867.4,50772.3,50807.95,0,0
2025-04-01 14:15:00+05:30,50806.7,50890.6,50757.15,50852.15,0,0
2025-04-01 14:45:00+05:30,50851.45,50856.3,50793.05,50838.25,0,0
2025-04-01 15:15:00+05:30,50836.65,50874.3,50813.35,50851.0,0,0
2025-04-02 09:15:00+05:30,50966.9,51240.8,50908.35,51138.55,0,0
2025-04-02 09:45:00+05:30,51136.15,51143.75,50965.15,51104.1,0,0
2025-04-02 10:15:00+05:30,51101.4,51217.85,51070.05,51147.55,0,0
2025-04-02 10:45:00+05:30,51142.6,51276.1,51142.6,51227.35,0,0
2025-04-02 11:15:00+05:30,51226.95,51267.75,51114.9,51149.1,0,0
2025-04-02 11:45:00+05:30,51149.4,51254.4,51135.65,51246.4,0,0
2025-04-02 12:15:00+05:30,51246.15,51280.15,51160.75,51213.0,0,0
2025-04-02 12:45:00+05:30,51211.7,51238.0,51110.95,51238.0,0,0
2025-04-02 13:15:00+05:30,51234.25,51286.9,51203.05,51208.65,0,0
2025-04-02 13:45:00+05:30,51209.3,51281.25,51189.55,51218.35,0,0
2025-04-02 14:15:00+05:30,51223.5,51271.2,51205.05,51255.3,0,0
2025-04-02 14:45:00+05:30,51258.0,51380.0,51203.7,51362.1,0,0
2025-04-02 15:15:00+05:30,51362.3,51404.2,51342.05,51372.75,0,0
2025-04-03 09:15:00+05:30,50910.0,51399.8,50906.65,51325.0,0,0
2025-04-03 09:45:00+05:30,51321.8,51437.7,51245.0,51400.0,0,0
2025-04-03 10:15:00+05:30,51399.7,51528.1,51345.6,51483.65,0,0
2025-04-03 10:45:00+05:30,51487.65,51508.65,51416.85,51492.85,0,0
2025-04-03 11:15:00+05:30,51495.95,51499.55,51441.9,51493.3,0,0
2025-04-03 11:45:00+05:30,51493.15,51518.4,51465.4,51477.0,0,0
2025-04-03 12:15:00+05:30,51484.95,51491.75,51415.25,51450.6,0,0
2025-04-03 12:45:00+05:30,51455.25,51490.8,51401.8,51466.2,0,0
2025-04-03 13:15:00+05:30,51470.0,51611.45,51434.15,51580.85,0,0
2025-04-03 13:45:00+05:30,51581.1,51661.6,51549.4,51559.8,0,0
2025-04-03 14:15:00+05:30,51556.3,51618.25,51527.45,51567.5,0,0
2025-04-03 14:45:00+05:30,51568.85,51632.55,51538.65,51613.55,0,0
2025-04-03 15:15:00+05:30,51612.9,51619.8,51571.85,51581.55,0,0
2025-04-04 09:15:00+05:30,51711.6,51893.6,51474.85,51742.6,0,0
2025-04-04 09:45:00+05:30,51750.85,51801.6,51521.75,51522.85,0,0
2025-04-04 10:15:00+05:30,51523.15,51676.3,51512.9,51547.55,0,0
2025-04-04 10:45:00+05:30,51541.15,51734.2,51511.25,51686.7,0,0
2025-04-04 11:15:00+05:30,51686.65,51763.35,51628.45,51639.2,0,0
2025-04-04 11:45:00+05:30,51638.3,51693.45,51600.85,51661.0,0,0
2025-04-04 12:15:00+05:30,51659.9,51706.15,51602.25,51664.65,0,0
2025-04-04 12:45:00+05:30,51663.05,51699.4,51606.75,51617.85,0,0
2025-04-04 13:15:00+05:30,51616.75,51676.05,51526.55,51538.8,0,0
2025-04-04 13:45:00+05:30,51535.35,51626.95,51468.2,51617.5,0,0
2025-04-04 14:15:00+05:30,51610.25,51637.65,51418.9,51438.4,0,0
2025-04-04 14:45:00+05:30,51436.2,51559.2,51360.4,51557.9,0,0
2025-04-04 15:15:00+05:30,51548.45,51558.25,51488.6,51515.25,0,0
2025-04-07 09:15:00+05:30,49336.1,50426.25,49242.25,49914.85,0,0
2025-04-07 09:45:00+05:30,49917.45,50018.9,49655.7,49668.4,0,0
2025-04-07 10:15:00+05:30,49660.65,49850.3,49582.55,49832.95,0,0
2025-04-07 10:45:00+05:30,49834.45,50013.35,49665.1,49672.05,0,0
2025-04-07 11:15:00+05:30,49671.55,49783.0,49548.4,49626.45,0,0
2025-04-07 11:45:00+05:30,49633.5,49634.95,49278.65,49289.0,0,0
2025-04-07 12:15:00+05:30,49292.9,49350.25,49156.95,49346.95,0,0
2025-04-07 12:45:00+05:30,49341.9,49471.45,49249.65,49333.45,0,0
2025-04-07 13:15:00+05:30,49336.45,49590.3,49215.95,49547.9,0,0
2025-04-07 13:45:00+05:30,49548.15,49698.05,49489.4,49581.05,0,0
2025-04-07 14:15:00+05:30,49584.35,49690.25,49507.45,49521.05,0,0
2025-04-07 14:45:00+05:30,49526.0,49958.2,49503.05,49907.45,0,0
2025-04-07 15:15:00+05:30,49909.9,50041.6,49843.2,49985.95,0,0
2025-04-08 09:15:00+05:30,50388.55,50793.7,50388.55,50537.75,0,0
2025-04-08 09:45:00+05:30,50537.1,50618.85,50261.45,50290.35,0,0
2025-04-08 10:15:00+05:30,50291.6,50406.45,50030.8,50094.3,0,0
2025-04-08 10:45:00+05:30,50093.65,50486.4,50046.05,50383.5,0,0
2025-04-08 11:15:00+05:30,50383.65,50420.0,50103.0,50177.15,0,0
2025-04-08 11:45:00+05:30,50176.7,50548.75,50167.7,50548.75,0,0
2025-04-08 12:15:00+05:30,50550.65,50763.65,50447.15,50681.6,0,0
2025-04-08 12:45:00+05:30,50686.7,50722.5,50599.6,50720.65,0,0
2025-04-08 13:15:00+05:30,50722.1,50771.5,50469.6,50580.6,0,0
2025-04-08 13:45:00+05:30,50577.4,50600.55,50321.9,50555.1,0,0
2025-04-08 14:15:00+05:30,50562.55,50672.65,50445.05,50488.0,0,0
2025-04-08 14:45:00+05:30,50486.35,50567.5,50419.5,50494.2,0,0
2025-04-08 15:15:00+05:30,50493.7,50607.65,50477.0,50575.1,0,0
2025-04-09 09:15:00+05:30,50487.1,50496.9,50254.4,50476.6,0,0
2025-04-09 09:45:00+05:30,50480.1,50481.2,50144.1,50169.6,0,0
2025-04-09 10:15:00+05:30,50168.35,50355.2,50033.95,50075.65,0,0
2025-04-09 10:45:00+05:30,50073.95,50153.75,49910.85,49953.0,0,0
2025-04-09 11:15:00+05:30,49950.7,50176.05,49935.3,50175.8,0,0
2025-04-09 11:45:00+05:30,50174.4,50210.85,50034.85,50129.3,0,0
2025-04-09 12:15:00+05:30,50134.5,50237.55,50103.25,50237.55,0,0
2025-04-09 12:45:00+05:30,50236.7,50295.35,50138.6,50280.85,0,0
2025-04-09 13:15:00+05:30,50283.85,50306.6,50185.45,50198.55,0,0
2025-04-09 13:45:00+05:30,50191.55,50265.6,50180.25,50249.8,0,0
2025-04-09 14:15:00+05:30,50245.95,50305.7,50227.65,50256.5,0,0
2025-04-09 14:45:00+05:30,50258.95,50286.8,50200.4,50248.85,0,0
2025-04-09 15:15:00+05:30,50247.75,50293.4,50231.35,50283.75,0,0
2025-04-11 09:15:00+05:30,50634.1,51008.3,50634.1,50986.1,0,0
2025-04-11 09:45:00+05:30,50982.2,51066.55,50879.1,50927.8,0,0
2025-04-11 10:15:00+05:30,50927.5,50955.1,50756.55,50816.95,0,0
2025-04-11 10:45:00+05:30,50817.9,50983.75,50769.6,50964.55,0,0
2025-04-11 11:15:00+05:30,50965.05,51171.45,50953.2,51098.6,0,0
2025-04-11 11:45:00+05:30,51093.95,51206.25,51083.65,51203.65,0,0
2025-04-11 12:15:00+05:30,51205.35,51238.2,51152.95,51193.2,0,0
2025-04-11 12:45:00+05:30,51193.5,51244.7,51182.3,51196.05,0,0
2025-04-11 13:15:00+05:30,51194.35,51210.7,51088.8,51147.15,0,0
2025-04-11 13:45:00+05:30,51146.15,51157.15,50980.25,51011.45,0,0
2025-04-11 14:15:00+05:30,51014.9,51050.8,50900.1,50980.25,0,0
2025-04-11 14:45:00+05:30,50987.25,51056.75,50981.0,51005.8,0,0
2025-04-11 15:15:00+05:30,51004.0,51037.2,50938.2,51007.55,0,0
2025-04-15 09:15:00+05:30,52299.0,52299.0,51863.3,52161.1,0,0
2025-04-15 09:45:00+05:30,52162.95,52265.35,52105.3,52255.2,0,0
2025-04-15 10:15:00+05:30,52253.95,52269.15,52159.25,52227.8,0,0
2025-04-15 10:45:00+05:30,52226.5,52276.0,52210.05,52258.05,0,0
2025-04-15 11:15:00+05:30,52260.35,52379.25,52255.05,52369.8,0,0
2025-04-15 11:45:00+05:30,52369.75,52400.6,52316.9,52327.6,0,0
2025-04-15 12:15:00+05:30,52333.4,52350.1,52287.65,52293.65,0,0
2025-04-15 12:45:00+05:30,52291.5,52363.0,52276.6,52311.15,0,0
2025-04-15 13:15:00+05:30,52312.35,52350.65,52298.55,52314.35,0,0
2025-04-15 13:45:00+05:30,52313.65,52374.7,52309.7,52371.35,0,0
2025-04-15 14:15:00+05:30,52371.55,52398.6,52316.35,52366.15,0,0
2025-04-15 14:45:00+05:30,52367.4,52397.6,52326.1,52358.75,0,0
2025-04-15 15:15:00+05:30,52360.5,52486.35,52355.55,52415.15,0,0
2025-04-16 09:15:00+05:30,52690.9,52780.9,52471.35,52770.8,0,0
2025-04-16 09:45:00+05:30,52777.15,52821.05,52696.0,52786.2,0,0
2025-04-16 10:15:00+05:30,52787.7,52805.15,52636.25,52691.2,0,0
2025-04-16 10:45:00+05:30,52700.45,52746.1,52612.05,52744.3,0,0
2025-04-16 11:15:00+05:30,52747.0,52813.9,52720.5,52796.45,0,0
2025-04-16 11:45:00+05:30,52796.15,52804.6,52738.0,52771.55,0,0
2025-04-16 12:15:00+05:30,52771.5,52826.45,52745.95,52804.1,0,0
2025-04-16 12:45:00+05:30,52804.7,52876.7,52780.05,52874.2,0,0
2025-04-16 13:15:00+05:30,52874.85,52881.4,52728.15,52792.15,0,0
2025-04-16 13:45:00+05:30,52790.8,53123.7,52775.35,53116.5,0,0
2025-04-16 14:15:00+05:30,53121.8,53123.5,53037.9,53104.65,0,0
2025-04-16 14:45:00+05:30,53103.25,53153.95,53077.75,53087.6,0,0
2025-04-16 15:15:00+05:30,53086.15,53164.45,53079.6,53109.25,0,0
2025-04-17 09:15:00+05:30,53153.75,53387.95,53084.9,53379.8,0,0
2025-04-17 09:45:00+05:30,53372.35,53525.15,53352.05,53380.85,0,0
2025-04-17 10:15:00+05:30,53386.25,53486.0,53356.9,53442.85,0,0
2025-04-17 10:45:00+05:30,53443.55,53471.05,53346.8,53459.7,0,0
2025-04-17 11:15:00+05:30,53460.85,53794.95,53447.75,53741.4,0,0
2025-04-17 11:45:00+05:30,53749.55,53814.8,53686.6,53797.45,0,0
2025-04-17 12:15:00+05:30,53799.25,54000.4,53762.5,53972.0,0,0
2025-04-17 12:45:00+05:30,53972.25,54311.75,53950.9,54305.55,0,0
2025-04-17 13:15:00+05:30,54304.5,54407.2,54225.4,54320.2,0,0
2025-04-17 13:45:00+05:30,54318.8,54399.9,54280.2,54280.2,0,0
2025-04-17 14:15:00+05:30,54282.0,54400.45,54182.05,54358.75,0,0
2025-04-17 14:45:00+05:30,54356.1,54374.05,54252.4,54259.2,0,0
2025-04-17 15:15:00+05:30,54260.1,54332.25,54214.6,54252.05,0,0
2025-04-21 09:15:00+05:30,54891.25,55212.9,54674.95,55191.15,0,0
2025-04-21 09:45:00+05:30,55192.9,55291.05,55107.65,55167.15,0,0
2025-04-21 10:15:00+05:30,55162.85,55214.9,55094.55,55192.35,0,0
2025-04-21 10:45:00+05:30,55194.85,55383.6,55188.3,55366.1,0,0
2025-04-21 11:15:00+05:30,55371.85,55422.75,55296.05,55321.55,0,0
2025-04-21 11:45:00+05:30,55333.05,55433.6,55305.4,55386.25,0,0
2025-04-21 12:15:00+05:30,55386.55,55453.55,55368.25,55411.1,0,0
2025-04-21 12:45:00+05:30,55407.2,55461.65,55396.7,55412.0,0,0
2025-04-21 13:15:00+05:30,55405.95,55432.0,55230.4,55256.55,0,0
2025-04-21 13:45:00+05:30,55259.1,55372.2,55228.35,55321.35,0,0
2025-04-21 14:15:00+05:30,55321.65,55337.55,55244.15,55305.75,0,0
2025-04-21 14:45:00+05:30,55302.05,55338.15,55254.45,55285.15,0,0
2025-04-21 15:15:00+05:30,55288.55,55346.25,55286.55,55295.5,0,0
2025-04-22 09:15:00+05:30,55414.3,55617.3,55243.55,55609.0,0,0
2025-04-22 09:45:00+05:30,55611.2,55705.55,55569.85,55696.5,0,0
2025-04-22 10:15:00+05:30,55696.0,55929.8,55692.65,55861.6,0,0
2025-04-22 10:45:00+05:30,55861.25,55961.2,55825.5,55906.7,0,0
2025-04-22 11:15:00+05:30,55910.45,55916.6,55603.8,55780.25,0,0
2025-04-22 11:45:00+05:30,55781.8,55805.15,55668.55,55728.4,0,0
2025-04-22 12:15:00+05:30,55721.65,55744.9,55628.0,55711.3,0,0
2025-04-22 12:45:00+05:30,55708.0,55768.0,55662.5,55758.8,0,0
2025-04-22 13:15:00+05:30,55757.05,55818.25,55740.7,55776.4,0,0
2025-04-22 13:45:00+05:30,55774.8,55780.3,55670.55,55717.6,0,0
2025-04-22 14:15:00+05:30,55716.4,55766.65,55690.65,55730.85,0,0
2025-04-22 14:45:00+05:30,55728.15,55735.35,55601.55,55666.9,0,0
2025-04-22 15:15:00+05:30,55666.25,55669.4,55529.55,55559.2,0,0
2025-04-23 09:15:00+05:30,56097.1,56098.7,55572.55,55696.75,0,0
2025-04-23 09:45:00+05:30,55701.4,55770.9,55339.05,55342.85,0,0
2025-04-23 10:15:00+05:30,55344.6,55440.95,55201.9,55202.3,0,0
2025-04-23 10:45:00+05:30,55204.6,55288.05,55162.5,55224.5,0,0
2025-04-23 11:15:00+05:30,55225.2,55338.45,55215.85,55325.8,0,0
2025-04-23 11:45:00+05:30,55327.8,55390.15,55228.3,55263.3,0,0
2025-04-23 12:15:00+05:30,55263.35,55281.5,55185.45,55277.5,0,0
2025-04-23 12:45:00+05:30,55276.75,55369.35,55259.0,55305.35,0,0
2025-04-23 13:15:00+05:30,55306.95,55374.3,55255.1,55372.8,0,0
2025-04-23 13:45:00+05:30,55371.5,55443.4,55344.45,55414.6,0,0
2025-04-23 14:15:00+05:30,55414.4,55424.65,55351.25,55368.65,0,0
2025-04-23 14:45:00+05:30,55368.0,55420.3,55343.05,55395.4,0,0
2025-04-23 15:15:00+05:30,55395.3,55398.9,55297.85,55318.9,0,0
2025-04-24 09:15:00+05:30,55103.9,55550.45,55086.55,55276.55,0,0
2025-04-24 09:45:00+05:30,55277.1,55412.35,55231.8,55381.7,0,0
2025-04-24 10:15:00+05:30,55386.1,55409.35,55334.3,55345.75,0,0
2025-04-24 10:45:00+05:30,55347.25,55389.25,55330.05,55378.85,0,0
2025-04-24 11:15:00+05:30,55377.0,55392.35,55286.35,55345.65,0,0
2025-04-24 11:45:00+05:30,55345.15,55370.9,55331.6,55347.4,0,0
2025-04-24 12:15:00+05:30,55347.8,55384.15,55322.35,55354.65,0,0
2025-04-24 12:45:00+05:30,55352.35,55369.5,55321.85,55341.5,0,0
2025-04-24 13:15:00+05:30,55347.0,55388.95,55338.15,55379.7,0,0
2025-04-24 13:45:00+05:30,55379.7,55386.0,55338.5,55357.2,0,0
2025-04-24 14:15:00+05:30,55357.5,55400.35,55318.0,55358.85,0,0
2025-04-24 14:45:00+05:30,55359.8,55374.85,55100.25,55225.15,0,0
2025-04-24 15:15:00+05:30,55221.75,55231.75,55104.15,55130.9,0,0
2025-04-25 09:15:00+05:30,55233.55,55350.55,54785.3,54846.95,0,0
2025-04-25 09:45:00+05:30,54846.6,54855.75,54480.35,54669.75,0,0
2025-04-25 10:15:00+05:30,54665.1,54698.6,54413.1,54450.6,0,0
2025-04-25 10:45:00+05:30,54442.65,54505.5,54321.45,54411.85,0,0
2025-04-25 11:15:00+05:30,54418.0,54435.25,54317.65,54368.6,0,0
2025-04-25 11:45:00+05:30,54372.95,54398.8,54176.45,54377.45,0,0
2025-04-25 12:15:00+05:30,54377.6,54511.75,54333.25,54420.5,0,0
2025-04-25 12:45:00+05:30,54420.3,54616.7,54416.8,54605.7,0,0
2025-04-25 13:15:00+05:30,54605.55,54722.65,54579.2,54711.8,0,0
2025-04-25 13:45:00+05:30,54716.6,54911.0,54678.8,54774.15,0,0
2025-04-25 14:15:00+05:30,54773.25,54870.7,54642.4,54688.6,0,0
2025-04-25 14:45:00+05:30,54684.5,54797.95,54635.8,54694.65,0,0
2025-04-25 15:15:00+05:30,54695.05,54696.5,54535.8,54552.45,0,0
2025-04-28 09:15:00+05:30,54610.3,55283.8,54582.35,55141.65,0,0
2025-04-28 09:45:00+05:30,55140.9,55293.55,55127.75,55288.2,0,0
2025-04-28 10:15:00+05:30,55289.4,55328.65,55183.5,55261.35,0,0
2025-04-28 10:45:00+05:30,55262.6,55303.85,55159.2,55168.8,0,0
2025-04-28 11:15:00+05:30,55169.55,55284.65,55121.6,55262.35,0,0
2025-04-28 11:45:00+05:30,55262.6,55390.9,55262.6,55349.35,0,0
2025-04-28 12:15:00+05:30,55347.95,55518.45,55343.35,55452.1,0,0
2025-04-28 12:45:00+05:30,55458.25,55577.4,55436.45,55514.75,0,0
2025-04-28 13:15:00+05:30,55519.7,55519.7,55423.15,55493.0,0,0
2025-04-28 13:45:00+05:30,55489.65,55520.65,55439.4,55511.05,0,0
2025-04-28 14:15:00+05:30,55519.25,55527.1,55323.8,55350.95,0,0
2025-04-28 14:45:00+05:30,55355.85,55488.85,55316.15,55422.4,0,0
2025-04-28 15:15:00+05:30,55422.25,55446.6,55377.5,55428.1,0,0
2025-04-29 09:15:00+05:30,55524.35,55957.75,55473.7,55521.4,0,0
2025-04-29 09:45:00+05:30,55526.9,55708.55,55494.2,55529.05,0,0
2025-04-29 10:15:00+05:30,55530.5,55549.4,55387.45,55388.7,0,0
2025-04-29 10:45:00+05:30,55391.05,55514.3,55370.55,55454.95,0,0
2025-04-29 11:15:00+05:30,55454.75,55482.85,55343.95,55434.75,0,0
2025-04-29 11:45:00+05:30,55436.75,55440.05,55306.2,55352.25,0,0
2025-04-29 12:15:00+05:30,55352.6,55449.5,55288.25,55428.8,0,0
2025-04-29 12:45:00+05:30,55416.7,55548.45,55386.75,55460.0,0,0
2025-04-29 13:15:00+05:30,55459.2,55479.3,55402.65,55416.75,0,0
2025-04-29 13:45:00+05:30,55417.0,55461.8,55402.7,55446.65,0,0
2025-04-29 14:15:00+05:30,55447.5,55523.7,55434.0,55485.15,0,0
2025-04-29 14:45:00+05:30,55483.5,55492.4,55391.8,55392.55,0,0
2025-04-29 15:15:00+05:30,55390.65,55400.15,55262.4,55301.1,0,0
2025-04-30 09:15:00+05:30,55382.4,55417.55,55093.2,55340.7,0,0
2025-04-30 09:45:00+05:30,55335.45,55478.25,55240.85,55247.8,0,0
2025-04-30 10:15:00+05:30,55249.4,55291.75,55047.3,55135.9,0,0
2025-04-30 10:45:00+05:30,55138.1,55241.4,55106.75,55158.4,0,0
2025-04-30 11:15:00+05:30,55159.7,55254.2,55133.25,55184.4,0,0
2025-04-30 11:45:00+05:30,55184.7,55185.45,55115.95,55131.4,0,0
2025-04-30 12:15:00+05:30,55132.35,55270.0,55103.95,55246.35,0,0
2025-04-30 12:45:00+05:30,55246.75,55283.95,55207.2,55225.65,0,0
2025-04-30 13:15:00+05:30,55222.0,55248.2,55159.15,55240.2,0,0
2025-04-30 13:45:00+05:30,55237.0,55252.15,55135.3,55170.85,0,0
2025-04-30 14:15:00+05:30,55171.35,55174.15,55092.75,55142.5,0,0
2025-04-30 14:45:00+05:30,55142.3,55233.65,55105.35,55136.65,0,0
2025-04-30 15:15:00+05:30,55138.2,55146.95,54723.7,55087.15,0,0
2025-05-02 09:15:00+05:30,55100.95,55691.95,55099.05,55522.4,0,0
2025-05-02 09:45:00+05:30,55521.4,55593.0,55476.4,55579.9,0,0
2025-05-02 10:15:00+05:30,55579.75,55594.8,55427.85,55510.1,0,0
2025-05-02 10:45:00+05:30,55509.7,55529.0,55321.6,55370.45,0,0
2025-05-02 11:15:00+05:30,55370.2,55422.0,55177.65,55190.9,0,0
2025-05-02 11:45:00+05:30,55191.85,55263.9,55144.2,55173.75,0,0
2025-05-02 12:15:00+05:30,55170.9,55181.05,54994.4,55092.1,0,0
2025-05-02 12:45:00+05:30,55093.2,55185.9,55051.6,55073.25,0,0
2025-05-02 13:15:00+05:30,55072.8,55290.75,55072.8,55242.7,0,0
2025-05-02 13:45:00+05:30,55241.9,55279.15,55168.6,55227.6,0,0
2025-05-02 14:15:00+05:30,55226.8,55244.9,54997.0,55095.95,0,0
2025-05-02 14:45:00+05:30,55090.55,55246.85,55077.95,55177.6,0,0
2025-05-02 15:15:00+05:30,55175.25,55183.1,55037.3,55055.15,0,0
2025-05-05 09:15:00+05:30,55065.8,55345.5,54891.35,55017.85,0,0
2025-05-05 09:45:00+05:30,55018.3,55136.9,54939.6,55038.9,0,0
2025-05-05 10:15:00+05:30,55043.2,55180.0,55026.1,55148.35,0,0
2025-05-05 10:45:00+05:30,55146.25,55154.0,54932.5,54975.8,0,0
2025-05-05 11:15:00+05:30,54979.7,54992.3,54857.9,54911.5,0,0
2025-05-05 11:45:00+05:30,54912.85,54925.4,54824.6,54875.05,0,0
2025-05-05 12:15:00+05:30,54876.05,54880.9,54795.25,54820.0,0,0
2025-05-05 12:45:00+05:30,54824.1,54930.55,54786.5,54895.35,0,0
2025-05-05 13:15:00+05:30,54889.8,54979.1,54859.0,54968.25,0,0
2025-05-05 13:45:00+05:30,54965.9,55048.0,54956.6,55005.6,0,0
2025-05-05 14:15:00+05:30,55004.25,55081.15,54933.3,55005.4,0,0
2025-05-05 14:45:00+05:30,55005.9,55035.75,54880.15,54904.9,0,0
2025-05-05 15:15:00+05:30,54904.25,54963.0,54895.2,54907.2,0,0
2025-05-05 15:45:00+05:30,54919.5,54919.5,54919.5,54919.5,0,0
2025-05-06 09:15:00+05:30,54918.25,55036.95,54677.25,54699.3,0,0
2025-05-06 09:45:00+05:30,54696.25,54736.7,54600.15,54601.0,0,0
2025-05-06 10:15:00+05:30,54595.2,54601.2,54495.75,54536.05,0,0
2025-05-06 10:45:00+05:30,54536.5,54580.65,54487.65,54534.15,0,0
2025-05-06 11:15:00+05:30,54532.8,54545.75,54400.6,54445.35,0,0
2025-05-06 11:45:00+05:30,54448.9,54519.55,54423.2,54515.05,0,0
2025-05-06 12:15:00+05:30,54515.55,54570.55,54477.6,54490.35,0,0
2025-05-06 12:45:00+05:30,54489.2,54519.45,54453.5,54498.25,0,0
2025-05-06 13:15:00+05:30,54499.25,54537.75,54465.15,54517.2,0,0
2025-05-06 13:45:00+05:30,54510.95,54583.25,54483.85,54512.4,0,0
2025-05-06 14:15:00+05:30,54517.6,54522.5,54383.3,54414.15,0,0
2025-05-06 14:45:00+05:30,54412.5,54413.6,54244.8,54284.45,0,0
2025-05-06 15:15:00+05:30,54284.35,54290.4,54172.95,54183.85,0,0
2025-05-07 09:15:00+05:30,54013.4,54672.9,53919.9,54567.65,0,0
2025-05-07 09:45:00+05:30,54567.6,54586.95,54261.45,54307.35,0,0
2025-05-07 10:15:00+05:30,54306.9,54363.65,54222.2,54331.8,0,0
2025-05-07 10:45:00+05:30,54333.2,54389.7,54244.2,54326.85,0,0
2025-05-07 11:15:00+05:30,54326.75,54477.85,54326.75,54414.65,0,0
2025-05-07 11:45:00+05:30,54412.0,54413.95,54291.45,54337.5,0,0
2025-05-07 12:15:00+05:30,54338.05,54389.45,54286.75,54289.7,0,0
2025-05-07 12:45:00+05:30,54290.0,54357.05,54226.6,54271.5,0,0
2025-05-07 13:15:00+05:30,54271.05,54313.2,54257.85,54291.95,0,0
2025-05-07 13:45:00+05:30,54297.0,54459.8,54263.9,54410.1,0,0
2025-05-07 14:15:00+05:30,54419.05,54502.95,54326.05,54495.6,0,0
2025-05-07 14:45:00+05:30,54499.6,54605.0,54439.65,54597.65,0,0
2025-05-07 15:15:00+05:30,54597.15,54684.3,54594.25,54632.95,0,0
2025-05-08 09:15:00+05:30,54801.75,54937.25,54600.5,54726.4,0,0
2025-05-08 09:45:00+05:30,54727.2,54780.65,54648.9,54763.5,0,0
2025-05-08 10:15:00+05:30,54760.3,54870.25,54733.4,54815.95,0,0
2025-05-08 10:45:00+05:30,54812.0,54837.5,54768.4,54781.75,0,0
2025-05-08 11:15:00+05:30,54781.25,54802.75,54738.85,54755.95,0,0
2025-05-08 11:45:00+05:30,54755.95,54762.7,54698.65,54743.1,0,0
2025-05-08 12:15:00+05:30,54740.95,54796.45,54719.0,54765.85,0,0
2025-05-08 12:45:00+05:30,54763.0,54849.1,54753.25,54791.85,0,0
2025-05-08 13:15:00+05:30,54791.85,54842.85,54639.3,54649.3,0,0
2025-05-08 13:45:00+05:30,54646.1,54674.4,54517.0,54540.2,0,0
2025-05-08 14:15:00+05:30,54536.9,54653.2,54531.5,54627.95,0,0
2025-05-08 14:45:00+05:30,54621.65,54637.0,54342.4,54467.8,0,0
2025-05-08 15:15:00+05:30,54466.4,54470.05,54108.0,54141.75,0,0
2025-05-09 09:15:00+05:30,53595.95,54054.8,53525.5,53763.45,0,0
2025-05-09 09:45:00+05:30,53770.4,53800.25,53547.55,53769.8,0,0
2025-05-09 10:15:00+05:30,53766.3,53843.7,53650.0,53658.0,0,0
2025-05-09 10:45:00+05:30,53658.1,53743.55,53622.15,53713.35,0,0
2025-05-09 11:15:00+05:30,53713.8,53920.85,53653.0,53702.9,0,0
2025-05-09 11:45:00+05:30,53701.2,53720.6,53604.6,53716.3,0,0
2025-05-09 12:15:00+05:30,53717.4,53738.25,53630.9,53654.9,0,0
2025-05-09 12:45:00+05:30,53653.65,53710.5,53584.0,53615.1,0,0
2025-05-09 13:15:00+05:30,53614.3,53660.0,53533.75,53579.0,0,0
2025-05-09 13:45:00+05:30,53578.7,53657.2,53553.65,53590.0,0,0
2025-05-09 14:15:00+05:30,53589.4,53643.85,53483.05,53563.25,0,0
2025-05-09 14:45:00+05:30,53564.2,53622.1,53557.5,53589.5,0,0
2025-05-09 15:15:00+05:30,53582.65,53676.8,53573.15,53674.05,0,0
2025-05-12 09:15:00+05:30,54658.75,55160.6,54558.05,55023.35,0,0
2025-05-12 09:45:00+05:30,55025.8,55292.8,55023.5,55146.4,0,0
2025-05-12 10:15:00+05:30,55148.35,55238.5,55135.3,55233.15,0,0
2025-05-12 10:45:00+05:30,55229.7,55347.6,55196.5,55304.55,0,0
2025-05-12 11:15:00+05:30,55306.15,55392.75,55205.75,55237.05,0,0
2025-05-12 11:45:00+05:30,55241.5,55242.5,55134.9,55150.55,0,0
2025-05-12 12:15:00+05:30,55155.4,55336.75,55123.45,55275.35,0,0
2025-05-12 12:45:00+05:30,55273.95,55281.45,55185.65,55189.9,0,0
2025-05-12 13:15:00+05:30,55192.6,55274.35,55184.2,55230.95,0,0
2025-05-12 13:45:00+05:30,55225.5,55291.95,55187.9,55291.25,0,0
2025-05-12 14:15:00+05:30,55289.75,55373.4,55227.75,55259.25,0,0
2025-05-12 14:45:00+05:30,55258.45,55377.0,55244.65,55325.0,0,0
2025-05-12 15:15:00+05:30,55324.7,55466.3,55320.65,55411.3,0,0
2025-05-13 09:15:00+05:30,55233.5,55499.65,54981.9,55134.85,0,0
2025-05-13 09:45:00+05:30,55138.55,55214.45,54997.25,55182.05,0,0
2025-05-13 10:15:00+05:30,55176.35,55211.75,54944.9,55073.55,0,0
2025-05-13 10:45:00+05:30,55074.95,55314.0,55040.2,55108.8,0,0
2025-05-13 11:15:00+05:30,55107.7,55332.0,55107.65,55168.45,0,0
2025-05-13 11:45:00+05:30,55170.15,55219.15,55087.85,55171.35,0,0
2025-05-13 12:15:00+05:30,55168.35,55211.55,54985.8,54995.5,0,0
2025-05-13 12:45:00+05:30,54996.6,55047.8,54924.9,54990.8,0,0
2025-05-13 13:15:00+05:30,54986.95,54997.05,54897.85,54978.7,0,0
2025-05-13 13:45:00+05:30,54982.6,54982.6,54889.2,54947.3,0,0
2025-05-13 14:15:00+05:30,54946.5,54982.9,54894.45,54951.2,0,0
2025-05-13 14:45:00+05:30,54948.05,55038.05,54895.65,54929.7,0,0
2025-05-13 15:15:00+05:30,54932.75,54984.65,54888.5,54964.45,0,0
2025-05-13 15:45:00+05:30,54940.85,54940.85,54940.85,54940.85,0,0
2025-05-14 09:15:00+05:30,55008.55,55208.6,54918.2,55049.6,0,0
2025-05-14 09:45:00+05:30,55050.85,55089.3,54885.15,55089.3,0,0
2025-05-14 10:15:00+05:30,55084.55,55094.1,54966.8,55047.8,0,0
2025-05-14 10:45:00+05:30,55042.15,55052.3,54951.65,55012.85,0,0
2025-05-14 11:15:00+05:30,55008.35,55033.95,54933.35,54940.25,0,0
2025-05-14 11:45:00+05:30,54939.6,54942.5,54805.2,54842.85,0,0
2025-05-14 12:15:00+05:30,54842.3,54845.0,54674.85,54720.15,0,0
2025-05-14 12:45:00+05:30,54719.7,54721.25,54491.0,54682.95,0,0
2025-05-14 13:15:00+05:30,54682.85,54711.55,54591.6,54641.3,0,0
2025-05-14 13:45:00+05:30,54640.85,54660.25,54582.7,54654.95,0,0
2025-05-14 14:15:00+05:30,54655.15,54741.2,54578.6,54668.2,0,0
2025-05-14 14:45:00+05:30,54669.0,54831.2,54655.05,54808.15,0,0
2025-05-14 15:15:00+05:30,54810.8,54898.8,54759.4,54860.55,0,0
2025-05-15 09:15:00+05:30,54853.7,54935.15,54504.85,54524.35,0,0
2025-05-15 09:45:00+05:30,54520.15,54599.55,54442.3,54562.75,0,0
2025-05-15 10:15:00+05:30,54553.8,55019.05,54491.3,54875.05,0,0
2025-05-15 10:45:00+05:30,54869.5,54933.9,54588.2,54616.7,0,0
2025-05-15 11:15:00+05:30,54617.1,54728.7,54570.7,54634.3,0,0
2025-05-15 11:45:00+05:30,54638.55,54807.0,54584.0,54711.7,0,0
2025-05-15 12:15:00+05:30,54715.15,54855.25,54629.65,54665.35,0,0
2025-05-15 12:45:00+05:30,54666.2,55100.3,54644.8,55096.4,0,0
2025-05-15 13:15:00+05:30,55098.8,55302.7,55017.75,55255.2,0,0
2025-05-15 13:45:00+05:30,55257.65,55462.85,55256.5,55427.7,0,0
2025-05-15 14:15:00+05:30,55431.55,55490.55,55311.25,55373.1,0,0
2025-05-15 14:45:00+05:30,55378.35,55413.6,55302.9,55362.55,0,0
2025-05-15 15:15:00+05:30,55357.5,55375.9,55319.55,55336.7,0,0
2025-05-16 09:15:00+05:30,55276.0,55418.9,55182.2,55235.2,0,0
2025-05-16 09:45:00+05:30,55238.0,55302.8,55170.25,55277.45,0,0
2025-05-16 10:15:00+05:30,55280.25,55350.45,55220.05,55303.75,0,0
2025-05-16 10:45:00+05:30,55305.55,55320.5,55223.4,55273.5,0,0
2025-05-16 11:15:00+05:30,55271.55,55315.4,55242.55,55273.7,0,0
2025-05-16 11:45:00+05:30,55273.0,55308.6,55260.4,55263.05,0,0
2025-05-16 12:15:00+05:30,55257.9,55333.05,55230.2,55327.25,0,0
2025-05-16 12:45:00+05:30,55327.65,55359.35,55275.2,55306.3,0,0
2025-05-16 13:15:00+05:30,55306.4,55376.05,55284.15,55312.35,0,0
2025-05-16 13:45:00+05:30,55306.9,55381.15,55276.1,55347.3,0,0
2025-05-16 14:15:00+05:30,55339.7,55379.45,55313.25,55367.7,0,0
2025-05-16 14:45:00+05:30,55367.4,55394.7,55330.5,55363.1,0,0
2025-05-16 15:15:00+05:30,55367.4,55376.75,55311.0,55354.9,0,0
2025-05-19 09:15:00+05:30,55326.05,55512.95,55296.55,55389.9,0,0
2025-05-19 09:45:00+05:30,55390.9,55491.65,55359.95,55480.95,0,0
2025-05-19 10:15:00+05:30,55478.0,55597.6,55474.45,55557.9,0,0
2025-05-19 10:45:00+05:30,55557.5,55650.25,55537.95,55587.35,0,0
2025-05-19 11:15:00+05:30,55588.35,55671.5,55578.8,55586.35,0,0
2025-05-19 11:45:00+05:30,55587.3,55644.55,55542.2,55591.7,0,0
2025-05-19 12:15:00+05:30,55592.4,55695.55,55554.7,55614.85,0,0
2025-05-19 12:45:00+05:30,55616.25,55676.5,55522.15,55542.05,0,0
2025-05-19 13:15:00+05:30,55542.05,55599.5,55512.45,55519.4,0,0
2025-05-19 13:45:00+05:30,55521.4,55532.05,55355.9,55399.6,0,0
2025-05-19 14:15:00+05:30,55400.75,55457.5,55381.55,55391.55,0,0
2025-05-19 14:45:00+05:30,55394.55,55447.9,55303.65,55417.1,0,0
2025-05-19 15:15:00+05:30,55418.3,55450.95,55376.95,55400.65,0,0
2025-05-20 09:15:00+05:30,55445.3,55568.35,55157.7,55168.85,0,0
2025-05-20 09:45:00+05:30,55168.15,55215.35,55120.35,55194.4,0,0
2025-05-20 10:15:00+05:30,55196.05,55269.75,55140.3,55260.85,0,0
2025-05-20 10:45:00+05:30,55260.85,55344.95,55175.5,55208.3,0,0
2025-05-20 11:15:00+05:30,55208.1,55209.45,55071.65,55092.2,0,0
2025-05-20 11:45:00+05:30,55092.6,55179.9,55079.85,55122.2,0,0
2025-05-20 12:15:00+05:30,55131.15,55209.05,55117.7,55170.45,0,0
2025-05-20 12:45:00+05:30,55171.35,55186.25,55005.4,55009.65,0,0
2025-05-20 13:15:00+05:30,55009.4,55048.4,54962.9,54987.05,0,0
2025-05-20 13:45:00+05:30,54986.25,55049.6,54931.7,54965.5,0,0
2025-05-20 14:15:00+05:30,54962.9,54975.05,54842.4,54849.4,0,0
2025-05-20 14:45:00+05:30,54847.9,54943.25,54829.45,54910.25,0,0
2025-05-20 15:15:00+05:30,54910.85,54934.3,54854.4,54932.35,0,0
2025-05-21 09:15:00+05:30,55060.2,55132.85,54931.3,55110.9,0,0
2025-05-21 09:45:00+05:30,55108.65,55266.55,55100.75,55260.3,0,0
2025-05-21 10:15:00+05:30,55261.0,55336.85,55211.5,55269.8,0,0
2025-05-21 10:45:00+05:30,55269.45,55307.05,55163.85,55218.1,0,0
2025-05-21 11:15:00+05:30,55219.25,55233.85,55082.8,55105.8,0,0
2025-05-21 11:45:00+05:30,55104.85,55106.2,54789.9,54813.25,0,0
2025-05-21 12:15:00+05:30,54817.55,54992.75,54690.8,54908.85,0,0
2025-05-21 12:45:00+05:30,54908.85,55026.7,54816.6,55012.95,0,0
2025-05-21 13:15:00+05:30,55015.2,55109.35,54935.75,54941.7,0,0
2025-05-21 13:45:00+05:30,54941.8,55022.1,54891.9,55007.95,0,0
2025-05-21 14:15:00+05:30,55007.75,55071.45,54990.4,55011.85,0,0
2025-05-21 14:45:00+05:30,55012.65,55112.45,55007.2,55066.9,0,0
2025-05-21 15:15:00+05:30,55066.6,55097.45,55036.5,55065.6,0,0
2025-05-22 09:15:00+05:30,54875.9,54936.85,54719.85,54829.45,0,0
2025-05-22 09:45:00+05:30,54828.35,54890.75,54767.05,54849.8,0,0
2025-05-22 10:15:00+05:30,54849.9,54889.6,54755.15,54764.2,0,0
2025-05-22 10:45:00+05:30,54766.2,54808.9,54742.15,54747.75,0,0
2025-05-22 11:15:00+05:30,54746.45,54776.6,54588.8,54645.5,0,0
2025-05-22 11:45:00+05:30,54641.05,54715.2,54620.65,54644.8,0,0
2025-05-22 12:15:00+05:30,54646.65,54671.8,54609.45,54648.9,0,0
2025-05-22 12:45:00+05:30,54647.7,54655.75,54576.6,54647.35,0,0
2025-05-22 13:15:00+05:30,54651.8,54692.1,54616.25,54647.7,0,0
2025-05-22 13:45:00+05:30,54647.75,54688.55,54624.15,54653.75,0,0
2025-05-22 14:15:00+05:30,54653.5,54826.2,54587.15,54775.2,0,0
2025-05-22 14:45:00+05:30,54775.5,54996.1,54700.05,54937.65,0,0
2025-05-22 15:15:00+05:30,54938.75,54989.6,54889.8,54963.25,0,0
2025-05-22 15:45:00+05:30,54941.3,54941.3,54941.3,54941.3,0,0
2025-05-23 09:15:00+05:30,54959.3,55158.05,54854.5,55151.75,0,0
2025-05-23 09:45:00+05:30,55150.45,55202.0,55104.2,55171.15,0,0
2025-05-23 10:15:00+05:30,55170.05,55179.15,55002.95,55130.15,0,0
2025-05-23 10:45:00+05:30,55127.9,55340.65,55113.0,55309.25,0,0
2025-05-23 11:15:00+05:30,55311.85,55432.2,55267.7,55325.3,0,0
2025-05-23 11:45:00+05:30,55333.45,55336.1,55192.65,55236.4,0,0
2025-05-23 12:15:00+05:30,55232.05,55433.65,55230.6,55346.65,0,0
2025-05-23 12:45:00+05:30,55347.35,55416.95,55344.25,55362.25,0,0
2025-05-23 13:15:00+05:30,55361.7,55424.45,55303.3,55326.25,0,0
2025-05-23 13:45:00+05:30,55325.0,55441.3,55302.6,55395.75,0,0
2025-05-23 14:15:00+05:30,55394.55,55420.9,55323.95,55326.9,0,0
2025-05-23 14:45:00+05:30,55325.65,55411.1,55303.1,55391.25,0,0
2025-05-23 15:15:00+05:30,55391.25,55426.1,55379.65,55389.6,0,0
2025-05-26 09:15:00+05:30,55534.9,55875.75,55516.8,55817.6,0,0
2025-05-26 09:45:00+05:30,55816.55,55869.6,55700.4,55739.55,0,0
2025-05-26 10:15:00+05:30,55738.6,55760.1,55307.5,55447.5,0,0
2025-05-26 10:45:00+05:30,55453.05,55516.3,55388.85,55480.1,0,0
2025-05-26 11:15:00+05:30,55481.35,55576.25,55406.8,55470.2,0,0
2025-05-26 11:45:00+05:30,55469.85,55564.05,55462.25,55531.1,0,0
2025-05-26 12:15:00+05:30,55531.2,55611.1,55477.2,55480.7,0,0
2025-05-26 12:45:00+05:30,55476.9,55560.45,55422.75,55509.1,0,0
2025-05-26 13:15:00+05:30,55506.15,55540.3,55456.9,55529.2,0,0
2025-05-26 13:45:00+05:30,55530.0,55555.15,55471.05,55527.1,0,0
2025-05-26 14:15:00+05:30,55528.95,55539.9,55447.3,55506.2,0,0
2025-05-26 14:45:00+05:30,55508.45,55598.35,55486.3,55577.1,0,0
2025-05-26 15:15:00+05:30,55578.25,55612.65,55548.35,55559.35,0,0
2025-05-27 09:15:00+05:30,55458.95,55511.55,55053.7,55224.05,0,0
2025-05-27 09:45:00+05:30,55222.9,55224.4,55037.85,55112.45,0,0
2025-05-27 10:15:00+05:30,55109.55,55159.9,55054.7,55103.9,0,0
2025-05-27 10:45:00+05:30,55098.2,55449.75,55083.7,55354.35,0,0
2025-05-27 11:15:00+05:30,55365.65,55831.35,55364.45,55608.45,0,0
2025-05-27 11:45:00+05:30,55603.9,55659.4,55487.15,55598.8,0,0
2025-05-27 12:15:00+05:30,55601.05,55623.1,55340.85,55485.3,0,0
2025-05-27 12:45:00+05:30,55476.65,55531.4,55367.7,55411.5,0,0
2025-05-27 13:15:00+05:30,55412.55,55451.75,55318.95,55449.85,0,0
2025-05-27 13:45:00+05:30,55450.0,55529.75,55213.55,55266.95,0,0
2025-05-27 14:15:00+05:30,55258.9,55309.25,55110.05,55241.55,0,0
2025-05-27 14:45:00+05:30,55241.75,55393.95,55213.85,55386.55,0,0
2025-05-27 15:15:00+05:30,55388.25,55406.1,55319.05,55352.45,0,0
2025-05-28 09:15:00+05:30,55328.6,55521.8,55235.55,55445.6,0,0
2025-05-28 09:45:00+05:30,55442.25,55475.1,55297.9,55335.6,0,0
2025-05-28 10:15:00+05:30,55335.3,55375.35,55278.95,55327.5,0,0
2025-05-28 10:45:00+05:30,55325.85,55463.05,55324.7,55384.9,0,0
2025-05-28 11:15:00+05:30,55383.6,55432.55,55305.65,55325.15,0,0
2025-05-28 11:45:00+05:30,55324.95,55371.6,55303.8,55318.5,0,0
2025-05-28 12:15:00+05:30,55319.95,55415.8,55311.3,55391.05,0,0
2025-05-28 12:45:00+05:30,55391.0,55506.85,55385.1,55433.55,0,0
2025-05-28 13:15:00+05:30,55433.2,55464.65,55345.6,55389.8,0,0
2025-05-28 13:45:00+05:30,55388.45,55437.0,55346.1,55415.05,0,0
2025-05-28 14:15:00+05:30,55415.6,55469.2,55335.5,55466.4,0,0
2025-05-28 14:45:00+05:30,55461.0,55478.25,55400.35,55407.75,0,0
2025-05-28 15:15:00+05:30,55410.05,55454.25,55395.65,55417.0,0,0
2025-05-29 09:15:00+05:30,55571.4,55725.35,55358.05,55444.3,0,0
2025-05-29 09:45:00+05:30,55441.5,55524.35,55316.25,55351.55,0,0
2025-05-29 10:15:00+05:30,55352.7,55385.0,55246.8,55254.5,0,0
2025-05-29 10:45:00+05:30,55251.6,55331.75,55196.4,55213.1,0,0
2025-05-29 11:15:00+05:30,55197.25,55241.3,55155.95,55161.8,0,0
2025-05-29 11:45:00+05:30,55161.0,55215.0,55147.15,55191.45,0,0
2025-05-29 12:15:00+05:30,55189.65,55235.45,55096.45,55132.95,0,0
2025-05-29 12:45:00+05:30,55133.9,55282.4,55124.15,55266.35,0,0
2025-05-29 13:15:00+05:30,55261.6,55286.5,55210.75,55261.9,0,0
2025-05-29 13:45:00+05:30,55259.35,55302.25,55187.95,55201.25,0,0
2025-05-29 14:15:00+05:30,55201.55,55279.7,55177.7,55263.35,0,0
2025-05-29 14:45:00+05:30,55262.9,55594.85,55194.1,55591.8,0,0
2025-05-29 15:15:00+05:30,55591.0,55782.75,55566.0,55746.85,0,0
2025-05-30 09:15:00+05:30,55615.55,55704.25,55476.3,55569.55,0,0
2025-05-30 09:45:00+05:30,55569.15,55585.7,55459.8,55559.85,0,0
2025-05-30 10:15:00+05:30,55557.1,55562.15,55377.65,55403.8,0,0
2025-05-30 10:45:00+05:30,55407.4,55481.8,55356.6,55460.85,0,0
2025-05-30 11:15:00+05:30,55462.95,55551.45,55461.5,55478.35,0,0
2025-05-30 11:45:00+05:30,55480.1,55536.9,55425.95,55431.15,0,0
2025-05-30 12:15:00+05:30,55432.05,55471.3,55401.7,55428.85,0,0
2025-05-30 12:45:00+05:30,55429.45,55581.95,55428.3,55557.5,0,0
2025-05-30 13:15:00+05:30,55559.25,55747.4,55559.25,55717.6,0,0
2025-05-30 13:45:00+05:30,55718.35,55776.95,55624.15,55624.15,0,0
2025-05-30 14:15:00+05:30,55626.0,55813.3,55618.1,55706.55,0,0
2025-05-30 14:45:00+05:30,55707.25,55788.95,55679.35,55755.75,0,0
2025-05-30 15:15:00+05:30,55755.45,55778.9,55729.05,55755.7,0,0
2025-06-02 09:15:00+05:30,55598.25,55787.1,55400.55,55647.85,0,0
2025-06-02 09:45:00+05:30,55646.1,55651.4,55523.4,55585.25,0,0
2025-06-02 10:15:00+05:30,55585.55,55677.4,55551.5,55662.55,0,0
2025-06-02 10:45:00+05:30,55666.3,55686.45,55605.95,55615.7,0,0
2025-06-02 11:15:00+05:30,55616.55,55702.85,55572.85,55649.85,0,0
2025-06-02 11:45:00+05:30,55650.75,55752.2,55642.3,55726.1,0,0
2025-06-02 12:15:00+05:30,55725.1,55831.9,55690.25,55818.75,0,0
2025-06-02 12:45:00+05:30,55815.25,55835.25,55746.85,55780.9,0,0
2025-06-02 13:15:00+05:30,55781.25,55864.15,55771.05,55854.4,0,0
2025-06-02 13:45:00+05:30,55856.45,55873.05,55759.05,55787.15,0,0
2025-06-02 14:15:00+05:30,55787.95,55817.15,55702.75,55758.6,0,0
2025-06-02 14:45:00+05:30,55766.0,55966.3,55727.35,55918.3,0,0
2025-06-02 15:15:00+05:30,55918.0,55921.85,55811.5,55862.05,0,0
2025-06-03 09:15:00+05:30,56104.8,56161.4,55714.35,55834.15,0,0
2025-06-03 09:45:00+05:30,55834.2,55909.35,55775.2,55841.95,0,0
2025-06-03 10:15:00+05:30,55843.9,56016.4,55746.15,55817.45,0,0
2025-06-03 10:45:00+05:30,55820.45,55861.35,55702.8,55706.8,0,0
2025-06-03 11:15:00+05:30,55709.45,55805.3,55659.4,55705.25,0,0
2025-06-03 11:45:00+05:30,55710.9,55749.8,55664.35,55680.05,0,0
2025-06-03 12:15:00+05:30,55683.25,55727.25,55584.15,55684.7,0,0
2025-06-03 12:45:00+05:30,55683.25,55687.6,55455.8,55523.15,0,0
2025-06-03 13:15:00+05:30,55523.65,55625.6,55467.7,55553.0,0,0
2025-06-03 13:45:00+05:30,55556.05,55659.45,55526.3,55647.6,0,0
2025-06-03 14:15:00+05:30,55650.35,55722.1,55593.05,55696.0,0,0
2025-06-03 14:45:00+05:30,55695.45,55705.85,55582.2,55600.95,0,0
2025-06-03 15:15:00+05:30,55598.8,55635.85,55525.35,55540.0,0,0
2025-06-04 09:15:00+05:30,55650.35,55791.0,55429.25,55463.45,0,0
2025-06-04 09:45:00+05:30,55459.3,55558.75,55408.35,55522.45,0,0
2025-06-04 10:15:00+05:30,55522.45,55609.95,55493.4,55586.6,0,0
2025-06-04 10:45:00+05:30,55591.2,55641.6,55569.85,55594.5,0,0
2025-06-04 11:15:00+05:30,55600.25,55702.35,55588.65,55663.5,0,0
2025-06-04 11:45:00+05:30,55665.0,55689.65,55631.8,55686.05,0,0
2025-06-04 12:15:00+05:30,55687.05,55700.2,55624.55,55656.25,0,0
2025-06-04 12:45:00+05:30,55656.5,55691.6,55636.4,55645.4,0,0
2025-06-04 13:15:00+05:30,55645.55,55659.65,55597.2,55629.6,0,0
2025-06-04 13:45:00+05:30,55630.1,55690.05,55622.9,55670.65,0,0
2025-06-04 14:15:00+05:30,55670.1,55681.2,55624.3,55655.0,0,0
2025-06-04 14:45:00+05:30,55656.1,55738.0,55643.85,55666.3,0,0
2025-06-04 15:15:00+05:30,55665.55,55693.6,55656.3,55665.55,0,0
2025-06-05 09:15:00+05:30,55806.75,55827.0,55580.45,55804.2,0,0
2025-06-05 09:45:00+05:30,55804.25,55849.45,55721.65,55744.6,0,0
2025-06-05 10:15:00+05:30,55748.85,55781.65,55679.6,55728.3,0,0
2025-06-05 10:45:00+05:30,55724.5,55746.05,55666.65,55718.45,0,0
2025-06-05 11:15:00+05:30,55720.25,55818.5,55715.5,55731.55,0,0
2025-06-05 11:45:00+05:30,55733.7,55972.5,55694.15,55963.25,0,0
2025-06-05 12:15:00+05:30,55967.25,56010.15,55789.55,55825.95,0,0
2025-06-05 12:45:00+05:30,55827.9,55878.85,55752.05,55762.95,0,0
2025-06-05 13:15:00+05:30,55763.75,55796.95,55653.75,55665.5,0,0
2025-06-05 13:45:00+05:30,55665.35,55732.85,55629.25,55676.85,0,0
2025-06-05 14:15:00+05:30,55677.1,55763.1,55660.2,55729.4,0,0
2025-06-05 14:45:00+05:30,55729.35,55783.35,55659.1,55770.2,0,0
2025-06-05 15:15:00+05:30,55764.5,55841.5,55753.7,55809.75,0,0
2025-06-06 09:15:00+05:30,55699.45,55794.25,55622.7,55630.15,0,0
2025-06-06 09:45:00+05:30,55630.3,56002.25,55559.55,55690.55,0,0
2025-06-06 10:15:00+05:30,55691.4,56457.55,55534.75,56407.95,0,0
2025-06-06 10:45:00+05:30,56412.6,56579.3,56346.7,56567.85,0,0
2025-06-06 11:15:00+05:30,56569.35,56613.95,56478.6,56611.8,0,0
2025-06-06 11:45:00+05:30,56611.8,56650.2,56567.3,56591.9,0,0
2025-06-06 12:15:00+05:30,56590.5,56611.05,56454.85,56584.6,0,0
2025-06-06 12:45:00+05:30,56586.7,56627.3,56553.95,56568.35,0,0
2025-06-06 13:15:00+05:30,56567.75,56624.85,56495.95,56600.0,0,0
2025-06-06 13:45:00+05:30,56601.4,56638.05,56556.45,56636.7,0,0
2025-06-06 14:15:00+05:30,56634.3,56695.0,56570.9,56604.55,0,0
2025-06-06 14:45:00+05:30,56605.45,56635.35,56548.1,56571.15,0,0
2025-06-06 15:15:00+05:30,56571.15,56594.05,56539.9,56584.8,0,0
2025-06-09 09:15:00+05:30,57049.5,57049.5,56792.7,56923.15,0,0
2025-06-09 09:45:00+05:30,56922.9,57002.4,56887.75,56996.35,0,0
2025-06-09 10:15:00+05:30,56991.25,57011.05,56942.85,57004.95,0,0
2025-06-09 10:45:00+05:30,57004.95,57032.55,56946.8,56949.85,0,0
2025-06-09 11:15:00+05:30,56946.75,56956.0,56856.65,56925.4,0,0
2025-06-09 11:45:00+05:30,56926.55,56956.05,56885.7,56933.55,0,0
2025-06-09 12:15:00+05:30,56934.65,56981.95,56904.35,56923.85,0,0
2025-06-09 12:45:00+05:30,56922.9,56939.4,56878.95,56935.05,0,0
2025-06-09 13:15:00+05:30,56937.55,56955.3,56892.85,56930.0,0,0
2025-06-09 13:45:00+05:30,56931.35,56949.1,56845.1,56850.0,0,0
2025-06-09 14:15:00+05:30,56847.2,56893.15,56833.6,56867.35,0,0
2025-06-09 14:45:00+05:30,56865.45,56878.65,56827.05,56851.3,0,0
2025-06-09 15:15:00+05:30,56850.2,56857.45,56811.4,56846.2,0,0
2025-06-10 09:15:00+05:30,56993.9,57015.4,56570.3,56680.55,0,0
2025-06-10 09:45:00+05:30,56678.5,56793.2,56648.75,56781.7,0,0
2025-06-10 10:15:00+05:30,56783.65,56804.7,56701.85,56753.15,0,0
2025-06-10 10:45:00+05:30,56753.1,56753.7,56602.8,56666.85,0,0
2025-06-10 11:15:00+05:30,56670.3,56676.7,56584.7,56623.5,0,0
2025-06-10 11:45:00+05:30,56623.85,56636.5,56573.4,56610.1,0,0
2025-06-10 12:15:00+05:30,56608.05,56677.0,56586.3,56652.35,0,0
2025-06-10 12:45:00+05:30,56655.9,56732.55,56646.95,56688.35,0,0
2025-06-10 13:15:00+05:30,56676.9,56709.9,56650.2,56668.2,0,0
2025-06-10 13:45:00+05:30,56666.95,56688.7,56639.15,56652.05,0,0
2025-06-10 14:15:00+05:30,56652.3,56668.1,56619.7,56640.0,0,0
2025-06-10 14:45:00+05:30,56642.1,56679.8,56591.85,56647.35,0,0
2025-06-10 15:15:00+05:30,56648.05,56653.8,56564.15,56579.55,0,0
2025-06-11 09:15:00+05:30,56639.85,56669.3,56488.65,56504.1,0,0
2025-06-11 09:45:00+05:30,56504.3,56634.25,56443.85,56621.35,0,0
2025-06-11 10:15:00+05:30,56619.65,56694.2,56568.25,56694.2,0,0
2025-06-11 10:45:00+05:30,56690.1,56723.15,56659.85,56713.7,0,0
2025-06-11 11:15:00+05:30,56711.4,56749.9,56674.2,56703.35,0,0
2025-06-11 11:45:00+05:30,56702.85,56780.45,56698.6,56743.25,0,0
2025-06-11 12:15:00+05:30,56743.25,56782.5,56682.5,56704.25,0,0
2025-06-11 12:45:00+05:30,56702.15,56727.2,56664.3,56666.8,0,0
2025-06-11 13:15:00+05:30,56667.75,56672.5,56506.2,56516.7,0,0
2025-06-11 13:45:00+05:30,56516.25,56516.25,56399.4,56425.75,0,0
2025-06-11 14:15:00+05:30,56425.85,56471.6,56411.15,56418.25,0,0
2025-06-11 14:45:00+05:30,56417.6,56507.3,56416.25,56454.75,0,0
2025-06-11 15:15:00+05:30,56454.65,56473.25,56416.35,56438.05,0,0
2025-06-12 09:15:00+05:30,56480.9,56611.05,56392.35,56424.55,0,0
2025-06-12 09:45:00+05:30,56425.1,56501.9,56382.0,56395.8,0,0
2025-06-12 10:15:00+05:30,56397.75,56439.05,56281.7,56287.9,0,0
2025-06-12 10:45:00+05:30,56288.2,56338.25,56242.1,56268.1,0,0
2025-06-12 11:15:00+05:30,56267.75,56354.05,56228.0,56258.7,0,0
2025-06-12 11:45:00+05:30,56259.4,56272.0,56197.3,56257.95,0,0
2025-06-12 12:15:00+05:30,56259.8,56333.55,56250.25,56292.15,0,0
2025-06-12 12:45:00+05:30,56292.8,56312.55,56209.8,56245.0,0,0
2025-06-12 13:15:00+05:30,56245.0,56263.05,56073.3,56086.6,0,0
2025-06-12 13:45:00+05:30,56084.95,56116.0,55968.5,56012.75,0,0
2025-06-12 14:15:00+05:30,56015.0,56205.7,56004.25,56133.1,0,0
2025-06-12 14:45:00+05:30,56132.3,56184.05,56063.4,56076.9,0,0
2025-06-12 15:15:00+05:30,56076.1,56081.2,55980.45,55997.8,0,0
2025-06-13 09:15:00+05:30,55149.3,55515.2,55149.3,55434.05,0,0
2025-06-13 09:45:00+05:30,55432.65,55474.85,55376.15,55455.9,0,0
2025-06-13 10:15:00+05:30,55452.85,55591.85,55380.85,55560.7,0,0
2025-06-13 10:45:00+05:30,55555.45,55588.35,55440.0,55446.55,0,0
2025-06-13 11:15:00+05:30,55440.75,55542.55,55419.0,55507.8,0,0
2025-06-13 11:45:00+05:30,55507.8,55517.15,55440.5,55471.8,0,0
2025-06-13 12:15:00+05:30,55471.85,55553.65,55445.6,55485.0,0,0
2025-06-13 12:45:00+05:30,55483.25,55502.4,55440.0,55501.55,0,0
2025-06-13 13:15:00+05:30,55498.0,55635.3,55480.55,55629.55,0,0
2025-06-13 13:45:00+05:30,55627.35,55688.0,55533.65,55560.9,0,0
2025-06-13 14:15:00+05:30,55560.65,55586.45,55475.65,55484.85,0,0
2025-06-13 14:45:00+05:30,55486.05,55554.8,55376.2,55546.85,0,0
2025-06-13 15:15:00+05:30,55545.75,55581.35,55514.35,55577.1,0,0
2025-06-16 09:15:00+05:30,55554.1,55604.3,55405.15,55470.8,0,0
2025-06-16 09:45:00+05:30,55475.95,55499.65,55381.45,55477.3,0,0
2025-06-16 10:15:00+05:30,55476.9,55695.6,55469.2,55672.5,0,0
2025-06-16 10:45:00+05:30,55679.8,55801.7,55618.85,55739.6,0,0
2025-06-16 11:15:00+05:30,55736.7,55777.95,55657.35,55768.85,0,0
2025-06-16 11:45:00+05:30,55769.25,55842.85,55737.6,55809.3,0,0
2025-06-16 12:15:00+05:30,55810.4,55897.85,55739.55,55859.4,0,0
2025-06-16 12:45:00+05:30,55858.05,55914.75,55811.5,55876.15,0,0
2025-06-16 13:15:00+05:30,55876.8,55945.15,55846.8,55891.1,0,0
2025-06-16 13:45:00+05:30,55884.1,55956.65,55836.65,55947.2,0,0
2025-06-16 14:15:00+05:30,55947.05,55955.6,55857.7,55884.0,0,0
2025-06-16 14:45:00+05:30,55876.85,55961.55,55864.1,55957.35,0,0
2025-06-16 15:15:00+05:30,55957.6,55999.85,55942.35,55973.5,0,0
2025-06-17 09:15:00+05:30,55975.0,56067.3,55855.6,55882.05,0,0
2025-06-17 09:45:00+05:30,55887.25,55897.4,55788.85,55850.4,0,0
2025-06-17 10:15:00+05:30,55846.85,55958.35,55840.9,55913.0,0,0
2025-06-17 10:45:00+05:30,55918.5,55918.5,55795.25,55826.05,0,0
2025-06-17 11:15:00+05:30,55821.2,55826.5,55772.4,55807.0,0,0
2025-06-17 11:45:00+05:30,55806.1,55811.4,55720.2,55728.0,0,0
2025-06-17 12:15:00+05:30,55728.0,55750.2,55687.0,55704.65,0,0
2025-06-17 12:45:00+05:30,55701.6,55722.0,55652.85,55683.25,0,0
2025-06-17 13:15:00+05:30,55688.2,55704.2,55651.1,55666.85,0,0
2025-06-17 13:45:00+05:30,55666.5,55725.6,55643.95,55715.2,0,0
2025-06-17 14:15:00+05:30,55715.05,55752.8,55679.25,55718.75,0,0
2025-06-17 14:45:00+05:30,55719.6,55769.75,55687.4,55742.45,0,0
2025-06-17 15:15:00+05:30,55743.5,55743.6,55660.1,55678.7,0,0
2025-06-18 09:15:00+05:30,55544.95,55924.05,55511.8,55895.6,0,0
2025-06-18 09:45:00+05:30,55896.55,55933.6,55833.05,55889.4,0,0
2025-06-18 10:15:00+05:30,55889.4,55905.3,55775.6,55897.8,0,0
2025-06-18 10:45:00+05:30,55894.5,55908.0,55715.6,55752.6,0,0
2025-06-18 11:15:00+05:30,55748.75,55752.5,55612.2,55702.95,0,0
2025-06-18 11:45:00+05:30,55702.55,55799.7,55650.45,55776.2,0,0
2025-06-18 12:15:00+05:30,55776.9,55793.25,55732.45,55747.75,0,0
2025-06-18 12:45:00+05:30,55746.7,55776.9,55712.3,55770.15,0,0
2025-06-18 13:15:00+05:30,55770.5,55831.4,55736.45,55770.85,0,0
2025-06-18 13:45:00+05:30,55770.95,55776.5,55681.65,55694.7,0,0
2025-06-18 14:15:00+05:30,55695.85,55759.3,55641.1,55751.7,0,0
2025-06-18 14:45:00+05:30,55752.2,55858.95,55739.6,55823.25,0,0
2025-06-18 15:15:00+05:30,55827.2,55857.85,55775.05,55802.85,0,0
2025-06-19 09:15:00+05:30,55784.85,55926.9,55684.7,55895.2,0,0
2025-06-19 09:45:00+05:30,55895.1,55942.45,55777.15,55809.95,0,0
2025-06-19 10:15:00+05:30,55808.6,55818.05,55702.6,55728.1,0,0
2025-06-19 10:45:00+05:30,55730.35,55750.75,55661.8,55685.35,0,0
2025-06-19 11:15:00+05:30,55686.5,55694.05,55611.55,55648.25,0,0
2025-06-19 11:45:00+05:30,55647.0,55681.55,55628.8,55653.9,0,0
2025-06-19 12:15:00+05:30,55653.2,55657.9,55561.8,55578.35,0,0
2025-06-19 12:45:00+05:30,55577.95,55706.8,55539.9,55653.3,0,0
2025-06-19 13:15:00+05:30,55652.95,55664.0,55596.35,55599.2,0,0
2025-06-19 13:45:00+05:30,55602.15,55710.35,55592.7,55678.25,0,0
2025-06-19 14:15:00+05:30,55677.1,55705.35,55576.3,55618.5,0,0
2025-06-19 14:45:00+05:30,55619.8,55658.05,55562.15,55565.6,0,0
2025-06-19 15:15:00+05:30,55570.25,55597.9,55475.45,55497.05,0,0
2025-06-20 09:15:00+05:30,55566.7,55833.6,55566.4,55776.65,0,0
2025-06-20 09:45:00+05:30,55776.2,55802.75,55736.65,55799.7,0,0
2025-06-20 10:15:00+05:30,55798.2,56119.95,55796.25,56065.0,0,0
2025-06-20 10:45:00+05:30,56064.3,56134.7,56007.0,56132.9,0,0
2025-06-20 11:15:00+05:30,56133.95,56199.55,56104.95,56142.9,0,0
2025-06-20 11:45:00+05:30,56140.2,56169.5,56095.35,56165.75,0,0
2025-06-20 12:15:00+05:30,56167.0,56169.05,56027.45,56117.5,0,0
2025-06-20 12:45:00+05:30,56114.2,56186.9,56104.5,56168.6,0,0
2025-06-20 13:15:00+05:30,56169.35,56242.4,56152.45,56191.55,0,0
2025-06-20 13:45:00+05:30,56191.45,56212.35,56137.8,56155.0,0,0
2025-06-20 14:15:00+05:30,56156.25,56186.3,56067.0,56101.25,0,0
2025-06-20 14:45:00+05:30,56101.35,56295.3,56082.85,56240.95,0,0
2025-06-20 15:15:00+05:30,56241.15,56328.2,56208.7,56216.5,0,0
2025-06-23 09:15:00+05:30,55832.35,56061.5,55832.1,55872.0,0,0
2025-06-23 09:45:00+05:30,55872.8,55875.55,55779.25,55828.4,0,0
2025-06-23 10:15:00+05:30,55826.7,55941.25,55811.55,55917.0,0,0
2025-06-23 10:45:00+05:30,55917.5,55950.8,55887.25,55917.7,0,0
2025-06-23 11:15:00+05:30,55917.6,55946.9,55856.9,55929.4,0,0
2025-06-23 11:45:00+05:30,55928.6,55949.1,55858.15,55914.0,0,0
2025-06-23 12:15:00+05:30,55914.1,55961.55,55902.5,55955.6,0,0
2025-06-23 12:45:00+05:30,55952.6,55976.25,55920.35,55976.25,0,0
2025-06-23 13:15:00+05:30,55975.2,56205.9,55961.3,56128.0,0,0
2025-06-23 13:45:00+05:30,56130.7,56233.55,56113.8,56125.45,0,0
2025-06-23 14:15:00+05:30,56125.7,56129.9,56021.3,56045.1,0,0
2025-06-23 14:45:00+05:30,56044.2,56078.25,56011.9,56058.6,0,0
2025-06-23 15:15:00+05:30,56058.85,56085.8,56021.55,56034.55,0,0
2025-06-24 09:15:00+05:30,56529.45,56736.1,56469.9,56557.35,0,0
2025-06-24 09:45:00+05:30,56556.95,56640.75,56460.85,56619.6,0,0
2025-06-24 10:15:00+05:30,56620.65,56708.15,56562.6,56596.25,0,0
2025-06-24 10:45:00+05:30,56598.0,56711.85,56487.2,56692.8,0,0
2025-06-24 11:15:00+05:30,56691.75,56821.95,56653.55,56791.45,0,0
2025-06-24 11:45:00+05:30,56790.25,56862.0,56747.15,56826.2,0,0
2025-06-24 12:15:00+05:30,56831.3,56840.35,56488.65,56556.3,0,0
2025-06-24 12:45:00+05:30,56558.4,56765.65,56534.0,56566.05,0,0
2025-06-24 13:15:00+05:30,56566.45,56614.6,56285.35,56330.55,0,0
2025-06-24 13:45:00+05:30,56330.8,56437.8,56276.15,56370.65,0,0
2025-06-24 14:15:00+05:30,56372.0,56492.4,56349.7,56468.3,0,0
2025-06-24 14:45:00+05:30,56467.55,56513.35,56409.7,56457.65,0,0
2025-06-24 15:15:00+05:30,56457.75,56506.65,56440.8,56471.4,0,0
2025-06-25 09:15:00+05:30,56564.5,56664.9,56420.65,56638.95,0,0
2025-06-25 09:45:00+05:30,56639.35,56646.8,56551.75,56567.25,0,0
2025-06-25 10:15:00+05:30,56571.1,56642.2,56562.5,56630.7,0,0
2025-06-25 10:45:00+05:30,56630.5,56646.75,56558.05,56566.0,0,0
2025-06-25 11:15:00+05:30,56566.9,56619.8,56558.85,56599.8,0,0
2025-06-25 11:45:00+05:30,56599.35,56603.1,56519.95,56564.55,0,0
2025-06-25 12:15:00+05:30,56564.2,56600.25,56529.75,56583.8,0,0
2025-06-25 12:45:00+05:30,56583.5,56634.55,56555.15,56609.45,0,0
2025-06-25 13:15:00+05:30,56612.6,56643.4,56589.45,56609.45,0,0
2025-06-25 13:45:00+05:30,56608.9,56636.45,56567.05,56625.4,0,0
2025-06-25 14:15:00+05:30,56622.05,56653.85,56586.95,56650.65,0,0
2025-06-25 14:45:00+05:30,56653.05,56681.4,56591.25,56616.95,0,0
2025-06-25 15:15:00+05:30,56617.2,56629.7,56564.3,56591.0,0,0
2025-06-26 09:15:00+05:30,56693.55,56795.5,56567.4,56714.15,0,0
2025-06-26 09:45:00+05:30,56714.2,56806.6,56639.45,56695.7,0,0
2025-06-26 10:15:00+05:30,56693.2,56743.75,56623.75,56628.35,0,0
2025-06-26 10:45:00+05:30,56628.45,56676.75,56558.35,56609.75,0,0
2025-06-26 11:15:00+05:30,56609.75,56690.35,56567.4,56656.7,0,0
2025-06-26 11:45:00+05:30,56657.0,57076.95,56656.95,56997.75,0,0
2025-06-26 12:15:00+05:30,57001.45,57027.0,56844.15,56890.15,0,0
2025-06-26 12:45:00+05:30,56895.1,56926.95,56804.5,56861.7,0,0
2025-06-26 13:15:00+05:30,56863.45,56974.2,56843.75,56960.0,0,0
2025-06-26 13:45:00+05:30,56957.1,57158.15,56955.75,57150.15,0,0
2025-06-26 14:15:00+05:30,57156.1,57222.8,57111.7,57181.05,0,0
2025-06-26 14:45:00+05:30,57183.15,57252.55,57090.35,57187.85,0,0
2025-06-26 15:15:00+05:30,57184.05,57263.45,57143.65,57161.9,0,0
2025-06-27 09:15:00+05:30,57234.7,57259.0,57061.6,57066.45,0,0
2025-06-27 09:45:00+05:30,57066.95,57162.55,56993.85,57159.5,0,0
2025-06-27 10:15:00+05:30,57160.1,57267.55,57158.1,57246.8,0,0
2025-06-27 10:45:00+05:30,57247.3,57340.75,57244.15,57294.6,0,0
2025-06-27 11:15:00+05:30,57296.05,57324.1,57263.6,57313.75,0,0
2025-06-27 11:45:00+05:30,57312.85,57381.1,57283.9,57352.45,0,0
2025-06-27 12:15:00+05:30,57352.75,57399.95,57315.7,57374.5,0,0
2025-06-27 12:45:00+05:30,57376.4,57414.95,57349.9,57370.05,0,0
2025-06-27 13:15:00+05:30,57374.15,57436.15,57341.65,57401.55,0,0
2025-06-27 13:45:00+05:30,57402.45,57414.95,57367.65,57380.5,0,0
2025-06-27 14:15:00+05:30,57380.05,57419.9,57312.25,57416.1,0,0
2025-06-27 14:45:00+05:30,57416.3,57463.1,57385.75,57451.95,0,0
2025-06-27 15:15:00+05:30,57452.05,57475.4,57380.15,57399.95,0,0
2025-06-30 09:15:00+05:30,57529.95,57614.5,57378.65,57415.4,0,0
2025-06-30 09:45:00+05:30,57413.95,57461.85,57323.15,57414.5,0,0
2025-06-30 10:15:00+05:30,57415.9,57470.05,57324.4,57338.25,0,0
2025-06-30 10:45:00+05:30,57336.1,57415.55,57297.8,57358.8,0,0
2025-06-30 11:15:00+05:30,57358.0,57410.0,57332.25,57380.25,0,0
2025-06-30 11:45:00+05:30,57379.2,57509.0,57376.45,57496.5,0,0
2025-06-30 12:15:00+05:30,57496.0,57524.75,57417.2,57422.8,0,0
2025-06-30 12:45:00+05:30,57417.9,57434.15,57310.65,57347.35,0,0
2025-06-30 13:15:00+05:30,57349.85,57388.05,57320.7,57349.95,0,0
2025-06-30 13:45:00+05:30,57351.1,57364.8,57208.3,57248.15,0,0
2025-06-30 14:15:00+05:30,57252.25,57285.3,57193.8,57241.4,0,0
2025-06-30 14:45:00+05:30,57240.0,57340.6,57231.7,57332.15,0,0
2025-06-30 15:15:00+05:30,57331.15,57341.0,57261.15,57318.55,0,0
2025-07-01 09:15:00+05:30,57375.8,57423.0,57274.05,57277.95,0,0
2025-07-01 09:45:00+05:30,57277.7,57341.1,57197.15,57205.95,0,0
2025-07-01 10:15:00+05:30,57202.7,57262.8,57173.95,57209.2,0,0
2025-07-01 10:45:00+05:30,57210.75,57231.5,57150.35,57213.1,0,0
2025-07-01 11:15:00+05:30,57211.55,57247.45,57189.15,57227.35,0,0
2025-07-01 11:45:00+05:30,57232.55,57303.45,57227.35,57283.8,0,0
2025-07-01 12:15:00+05:30,57284.6,57390.6,57271.45,57363.95,0,0
2025-07-01 12:45:00+05:30,57362.95,57461.5,57354.4,57439.4,0,0
2025-07-01 13:15:00+05:30,57440.25,57480.5,57405.55,57454.05,0,0
2025-07-01 13:45:00+05:30,57457.3,57530.35,57401.5,57530.35,0,0
2025-07-01 14:15:00+05:30,57530.35,57533.85,57422.2,57437.6,0,0
2025-07-01 14:45:00+05:30,57438.35,57475.7,57406.8,57441.9,0,0
2025-07-01 15:15:00+05:30,57439.05,57501.3,57425.9,57442.7,0,0
2025-07-02 09:15:00+05:30,57558.2,57628.4,57253.65,57261.05,0,0
2025-07-02 09:45:00+05:30,57260.55,57302.3,57205.8,57268.35,0,0
2025-07-02 10:15:00+05:30,57268.95,57278.75,57173.85,57231.15,0,0
2025-07-02 10:45:00+05:30,57230.2,57258.0,57152.35,57202.05,0,0
2025-07-02 11:15:00+05:30,57201.4,57235.3,57138.7,57191.25,0,0
2025-07-02 11:45:00+05:30,57185.75,57197.55,57144.35,57158.3,0,0
2025-07-02 12:15:00+05:30,57155.75,57177.65,57105.1,57123.2,0,0
2025-07-02 12:45:00+05:30,57120.15,57121.75,57042.65,57043.3,0,0
2025-07-02 13:15:00+05:30,57042.3,57050.75,56871.75,56883.7,0,0
2025-07-02 13:45:00+05:30,56883.2,56926.25,56851.45,56888.15,0,0
2025-07-02 14:15:00+05:30,56891.9,56908.0,56833.8,56857.05,0,0
2025-07-02 14:45:00+05:30,56851.75,57066.1,56851.75,57017.05,0,0
2025-07-02 15:15:00+05:30,57018.7,57019.5,56951.8,56972.15,0,0
2025-07-03 09:15:00+05:30,57050.4,57102.3,56894.65,57025.05,0,0
2025-07-03 09:45:00+05:30,57024.7,57193.25,57017.35,57119.35,0,0
2025-07-03 10:15:00+05:30,57121.05,57158.45,57083.8,57095.95,0,0
2025-07-03 10:45:00+05:30,57096.2,57156.65,57061.45,57103.6,0,0
2025-07-03 11:15:00+05:30,57102.6,57135.5,56997.5,57003.05,0,0
2025-07-03 11:45:00+05:30,57004.25,57032.65,56956.7,56989.75,0,0
2025-07-03 12:15:00+05:30,56989.35,57048.4,56949.85,57009.0,0,0
2025-07-03 12:45:00+05:30,57008.65,57035.6,56950.95,56978.8,0,0
2025-07-03 13:15:00+05:30,56978.55,57116.15,56907.25,57088.7,0,0
2025-07-03 13:45:00+05:30,57089.8,57098.65,56915.2,56923.3,0,0
2025-07-03 14:15:00+05:30,56921.85,56945.95,56767.05,56814.45,0,0
2025-07-03 14:45:00+05:30,56813.8,56875.75,56772.25,56794.15,0,0
2025-07-03 15:15:00+05:30,56798.95,56832.6,56764.1,56772.75,0,0
2025-07-04 09:15:00+05:30,56825.25,56938.75,56680.05,56733.15,0,0
2025-07-04 09:45:00+05:30,56733.15,56812.55,56712.3,56795.6,0,0
2025-07-04 10:15:00+05:30,56796.35,56871.8,56776.4,56855.95,0,0
2025-07-04 10:45:00+05:30,56856.35,56898.2,56820.9,56855.7,0,0
2025-07-04 11:15:00+05:30,56855.5,56861.75,56695.05,56719.75,0,0
2025-07-04 11:45:00+05:30,56717.35,56718.1,56628.3,56639.05,0,0
2025-07-04 12:15:00+05:30,56639.3,56691.8,56623.6,56675.45,0,0
2025-07-04 12:45:00+05:30,56675.25,56759.35,56663.75,56751.25,0,0
2025-07-04 13:15:00+05:30,56747.4,56784.4,56728.35,56764.1,0,0
2025-07-04 13:45:00+05:30,56764.75,56872.2,56735.6,56864.45,0,0
2025-07-04 14:15:00+05:30,56863.55,57038.9,56793.85,57037.55,0,0
2025-07-04 14:45:00+05:30,57037.45,57057.5,56986.5,57045.55,0,0
2025-07-04 15:15:00+05:30,57044.85,57075.1,56997.9,57044.8,0,0
2025-07-07 09:15:00+05:30,56938.7,57071.2,56868.7,56966.4,0,0
2025-07-07 09:45:00+05:30,56967.85,56988.2,56854.05,56919.35,0,0
2025-07-07 10:15:00+05:30,56920.25,56987.55,56896.1,56968.85,0,0
2025-07-07 10:45:00+05:30,56973.2,57152.2,56967.2,57021.7,0,0
2025-07-07 11:15:00+05:30,57028.4,57042.6,56947.55,56990.05,0,0
2025-07-07 11:45:00+05:30,56990.65,56990.65,56899.9,56909.95,0,0
2025-07-07 12:15:00+05:30,56911.15,56969.8,56881.3,56967.9,0,0
2025-07-07 12:45:00+05:30,56965.05,56985.2,56838.55,56950.65,0,0
2025-07-07 13:15:00+05:30,56947.35,56971.85,56909.3,56935.35,0,0
2025-07-07 13:45:00+05:30,56935.85,57029.5,56910.85,56965.95,0,0
2025-07-07 14:15:00+05:30,56975.45,56986.7,56864.1,56878.15,0,0
2025-07-07 14:45:00+05:30,56884.35,56977.4,56856.1,56947.1,0,0
2025-07-07 15:15:00+05:30,56947.85,56965.35,56913.35,56918.5,0,0
2025-07-08 09:15:00+05:30,56942.55,57209.3,56923.05,57194.6,0,0
2025-07-08 09:45:00+05:30,57197.1,57258.1,57096.95,57146.8,0,0
2025-07-08 10:15:00+05:30,57147.0,57220.5,57139.1,57195.45,0,0
2025-07-08 10:45:00+05:30,57195.75,57210.35,57077.1,57087.5,0,0
2025-07-08 11:15:00+05:30,57087.4,57162.0,57060.7,57107.55,0,0
2025-07-08 11:45:00+05:30,57106.45,57175.8,57072.5,57103.45,0,0
2025-07-08 12:15:00+05:30,57108.7,57200.0,57097.2,57139.15,0,0
2025-07-08 12:45:00+05:30,57139.4,57159.35,57076.65,57147.9,0,0
2025-07-08 13:15:00+05:30,57146.05,57169.1,57098.7,57134.7,0,0
2025-07-08 13:45:00+05:30,57135.1,57158.3,57074.3,57094.3,0,0
2025-07-08 14:15:00+05:30,57094.55,57137.45,57081.55,57102.8,0,0
2025-07-08 14:45:00+05:30,57105.8,57293.45,57082.2,57271.35,0,0
2025-07-08 15:15:00+05:30,57272.1,57303.3,57220.6,57240.85,0,0
2025-07-09 09:15:00+05:30,57199.75,57233.45,57037.9,57066.75,0,0
2025-07-09 09:45:00+05:30,57055.85,57200.15,57047.75,57193.85,0,0
2025-07-09 10:15:00+05:30,57193.95,57217.9,57127.8,57169.8,0,0
2025-07-09 10:45:00+05:30,57168.65,57192.9,57143.2,57186.7,0,0
2025-07-09 11:15:00+05:30,57180.8,57217.0,57158.85,57160.2,0,0
2025-07-09 11:45:00+05:30,57160.5,57203.05,57097.2,57197.45,0,0
2025-07-09 12:15:00+05:30,57201.9,57255.7,57188.85,57220.4,0,0
2025-07-09 12:45:00+05:30,57224.2,57270.9,57174.5,57268.45,0,0
2025-07-09 13:15:00+05:30,57267.45,57290.65,57222.4,57224.6,0,0
2025-07-09 13:45:00+05:30,57224.0,57245.4,57187.0,57212.9,0,0
2025-07-09 14:15:00+05:30,57221.55,57246.85,57179.4,57207.25,0,0
2025-07-09 14:45:00+05:30,57206.4,57228.5,57154.5,57218.0,0,0
2025-07-09 15:15:00+05:30,57218.0,57230.7,57170.05,57171.6,0,0
2025-07-10 09:15:00+05:30,57339.75,57363.7,57170.15,57198.95,0,0
2025-07-10 09:45:00+05:30,57198.0,57235.0,57152.8,57184.65,0,0
2025-07-10 10:15:00+05:30,57180.7,57280.1,57133.85,57240.35,0,0
2025-07-10 10:45:00+05:30,57238.65,57272.15,57116.45,57187.15,0,0
2025-07-10 11:15:00+05:30,57187.1,57194.05,57083.2,57098.15,0,0
2025-07-10 11:45:00+05:30,57093.75,57130.65,57023.85,57058.9,0,0
2025-07-10 12:15:00+05:30,57058.5,57203.35,57039.7,57123.5,0,0
2025-07-10 12:45:00+05:30,57123.3,57154.4,57061.05,57074.3,0,0
2025-07-10 13:15:00+05:30,57075.75,57120.15,57016.25,57025.85,0,0
2025-07-10 13:45:00+05:30,57023.05,57172.55,56993.85,57098.65,0,0
2025-07-10 14:15:00+05:30,57097.4,57150.5,57069.35,57086.5,0,0
2025-07-10 14:45:00+05:30,57085.95,57092.35,56976.5,57002.25,0,0
2025-07-10 15:15:00+05:30,57005.85,57046.65,56886.6,56956.95,0,0
2025-07-11 09:15:00+05:30,56843.45,57091.05,56841.9,57019.05,0,0
2025-07-11 09:45:00+05:30,57019.5,57020.8,56807.35,56814.6,0,0
2025-07-11 10:15:00+05:30,56814.55,56823.15,56706.1,56719.3,0,0
2025-07-11 10:45:00+05:30,56718.25,56767.05,56645.35,56689.35,0,0
2025-07-11 11:15:00+05:30,56689.0,56736.2,56656.1,56691.05,0,0
2025-07-11 11:45:00+05:30,56694.5,56709.8,56607.75,56661.25,0,0
2025-07-11 12:15:00+05:30,56660.15,56837.95,56639.45,56789.75,0,0
2025-07-11 12:45:00+05:30,56788.5,56802.7,56703.35,56734.05,0,0
2025-07-11 13:15:00+05:30,56733.95,56749.2,56679.45,56700.65,0,0
2025-07-11 13:45:00+05:30,56699.3,56816.3,56687.1,56760.4,0,0
2025-07-11 14:15:00+05:30,56761.6,56781.05,56706.0,56751.4,0,0
2025-07-11 14:45:00+05:30,56750.45,56799.75,56719.2,56760.8,0,0
2025-07-11 15:15:00+05:30,56760.85,56764.75,56695.7,56712.85,0,0
2025-07-14 09:15:00+05:30,56780.75,56851.25,56653.5,56839.2,0,0
2025-07-14 09:45:00+05:30,56834.5,56896.3,56780.7,56848.0,0,0
2025-07-14 10:15:00+05:30,56849.1,56892.5,56721.95,56753.05,0,0
2025-07-14 10:45:00+05:30,56754.85,56759.85,56659.9,56673.5,0,0
2025-07-14 11:15:00+05:30,56673.5,56699.55,56597.45,56633.7,0,0
2025-07-14 11:45:00+05:30,56635.25,56691.45,56617.8,56659.45,0,0
2025-07-14 12:15:00+05:30,56659.9,56711.75,56649.7,56700.5,0,0
2025-07-14 12:45:00+05:30,56700.05,56728.45,56617.9,56648.8,0,0
2025-07-14 13:15:00+05:30,56650.2,56726.0,56643.95,56653.45,0,0
2025-07-14 13:45:00+05:30,56655.0,56673.15,56594.25,56665.55,0,0
2025-07-14 14:15:00+05:30,56669.3,56689.7,56622.05,56687.5,0,0
2025-07-14 14:45:00+05:30,56689.05,56830.65,56667.45,56764.85,0,0
2025-07-14 15:15:00+05:30,56763.05,56791.1,56732.45,56763.6,0,0
2025-07-15 09:15:00+05:30,56709.2,56909.05,56707.8,56834.95,0,0
2025-07-15 09:45:00+05:30,56835.25,57063.35,56814.9,57036.5,0,0
2025-07-15 10:15:00+05:30,57038.0,57084.4,56989.9,57070.2,0,0
2025-07-15 10:45:00+05:30,57071.05,57134.95,57043.25,57078.45,0,0
2025-07-15 11:15:00+05:30,57077.95,57114.75,57048.05,57079.95,0,0
2025-07-15 11:45:00+05:30,57077.65,57091.5,57034.65,57054.95,0,0
2025-07-15 12:15:00+05:30,57056.45,57110.9,56992.05,57086.35,0,0
2025-07-15 12:45:00+05:30,57088.85,57117.1,57034.85,57034.85,0,0
2025-07-15 13:15:00+05:30,57038.45,57048.15,56944.75,56960.4,0,0
2025-07-15 13:45:00+05:30,56964.55,57023.15,56915.4,56983.65,0,0
2025-07-15 14:15:00+05:30,56987.2,57014.0,56928.5,56959.6,0,0
2025-07-15 14:45:00+05:30,56962.6,57042.9,56908.2,57038.35,0,0
2025-07-15 15:15:00+05:30,57043.5,57076.8,57011.85,57049.6,0,0
2025-07-16 09:15:00+05:30,57111.25,57175.15,56998.75,57082.5,0,0
2025-07-16 09:45:00+05:30,57089.8,57092.4,56991.55,57023.1,0,0
2025-07-16 10:15:00+05:30,57024.0,57085.4,56972.9,56979.15,0,0
2025-07-16 10:45:00+05:30,56976.25,57039.2,56937.6,57030.8,0,0
2025-07-16 11:15:00+05:30,57030.65,57053.9,56984.65,57013.3,0,0
2025-07-16 11:45:00+05:30,57010.65,57173.55,56996.45,57109.95,0,0
2025-07-16 12:15:00+05:30,57113.5,57246.3,57102.8,57218.2,0,0
2025-07-16 12:45:00+05:30,57217.95,57271.9,57186.1,57249.6,0,0
2025-07-16 13:15:00+05:30,57251.85,57268.45,57163.45,57231.75,0,0
2025-07-16 13:45:00+05:30,57228.65,57276.55,57203.95,57237.7,0,0
2025-07-16 14:15:00+05:30,57239.6,57252.65,57153.75,57188.65,0,0
2025-07-16 14:45:00+05:30,57191.4,57224.4,57165.55,57179.05,0,0
2025-07-16 15:15:00+05:30,57181.25,57195.15,57084.15,57108.4,0,0
2025-07-17 09:15:00+05:30,57231.95,57262.85,56986.75,57015.2,0,0
2025-07-17 09:45:00+05:30,57017.15,57103.6,56980.65,56992.6,0,0
2025-07-17 10:15:00+05:30,56990.6,57004.5,56914.9,56954.8,0,0
2025-07-17 10:45:00+05:30,56953.1,57037.45,56948.1,56991.6,0,0
2025-07-17 11:15:00+05:30,56992.7,57037.9,56960.2,57016.6,0,0
2025-07-17 11:45:00+05:30,57016.75,57039.1,56953.95,56955.8,0,0
2025-07-17 12:15:00+05:30,56955.5,56960.7,56868.4,56919.75,0,0
2025-07-17 12:45:00+05:30,56921.3,56921.55,56872.8,56896.3,0,0
2025-07-17 13:15:00+05:30,56894.6,56912.0,56855.0,56903.6,0,0
2025-07-17 13:45:00+05:30,56903.6,56956.05,56834.35,56862.8,0,0
2025-07-17 14:15:00+05:30,56861.4,56909.1,56831.6,56882.5,0,0
2025-07-17 14:45:00+05:30,56879.9,56899.0,56812.45,56854.25,0,0
2025-07-17 15:15:00+05:30,56849.5,56852.2,56780.15,56805.1,0,0
2025-07-18 09:15:00+05:30,56524.25,56705.15,56445.65,56511.3,0,0
2025-07-18 09:45:00+05:30,56515.2,56547.7,56403.9,56408.9,0,0
2025-07-18 10:15:00+05:30,56410.9,56411.5,56238.85,56264.9,0,0
2025-07-18 10:45:00+05:30,56263.75,56324.6,56204.85,56311.35,0,0
2025-07-18 11:15:00+05:30,56316.6,56376.45,56271.1,56280.15,0,0
2025-07-18 11:45:00+05:30,56277.1,56342.65,56268.1,56275.85,0,0
2025-07-18 12:15:00+05:30,56274.05,56299.5,56249.7,56257.85,0,0
2025-07-18 12:45:00+05:30,56257.3,56376.5,56240.8,56273.5,0,0
2025-07-18 13:15:00+05:30,56274.75,56318.7,56245.3,56305.15,0,0
2025-07-18 13:45:00+05:30,56304.05,56364.5,56249.3,56303.9,0,0
2025-07-18 14:15:00+05:30,56303.45,56431.95,56269.25,56290.2,0,0
2025-07-18 14:45:00+05:30,56290.7,56338.1,56264.45,56280.8,0,0
2025-07-18 15:15:00+05:30,56280.05,56307.6,56237.9,56253.7,0,0
2025-07-21 09:15:00+05:30,56558.9,56654.3,56255.7,56495.6,0,0
2025-07-21 09:45:00+05:30,56491.45,56761.5,56470.65,56720.6,0,0
2025-07-21 10:15:00+05:30,56725.2,56776.05,56633.0,56733.35,0,0
2025-07-21 10:45:00+05:30,56732.2,56811.0,56711.1,56769.25,0,0
2025-07-21 11:15:00+05:30,56770.1,56827.3,56647.35,56691.2,0,0
2025-07-21 11:45:00+05:30,56693.4,56784.95,56639.15,56777.9,0,0
2025-07-21 12:15:00+05:30,56776.45,56792.15,56690.7,56791.3,0,0
2025-07-21 12:45:00+05:30,56791.65,56929.1,56789.0,56894.4,0,0
2025-07-21 13:15:00+05:30,56898.1,56923.05,56866.85,56872.4,0,0
2025-07-21 13:45:00+05:30,56872.5,56879.5,56733.3,56816.9,0,0
2025-07-21 14:15:00+05:30,56817.65,56851.9,56757.85,56837.55,0,0
2025-07-21 14:45:00+05:30,56838.2,56967.55,56827.35,56953.05,0,0
2025-07-21 15:15:00+05:30,56955.0,56983.45,56901.3,56916.75,0,0
2025-07-22 09:15:00+05:30,57253.35,57286.15,56916.65,56975.25,0,0
2025-07-22 09:45:00+05:30,56974.65,57058.5,56948.6,57029.1,0,0
2025-07-22 10:15:00+05:30,57029.75,57122.3,56950.2,56956.15,0,0
2025-07-22 10:45:00+05:30,56955.95,56992.9,56863.7,56916.05,0,0
2025-07-22 11:15:00+05:30,56917.15,56923.1,56861.85,56884.55,0,0
2025-07-22 11:45:00+05:30,56883.75,56916.75,56807.25,56882.6,0,0
2025-07-22 12:15:00+05:30,56884.7,56969.7,56875.05,56948.7,0,0
2025-07-22 12:45:00+05:30,56947.15,56967.95,56873.95,56888.45,0,0
2025-07-22 13:15:00+05:30,56887.75,56897.3,56824.05,56834.55,0,0
2025-07-22 13:45:00+05:30,56834.35,56884.1,56791.45,56827.2,0,0
2025-07-22 14:15:00+05:30,56828.0,56832.35,56730.45,56807.7,0,0
2025-07-22 14:45:00+05:30,56807.7,56841.6,56736.2,56769.5,0,0
2025-07-22 15:15:00+05:30,56771.25,56784.9,56692.0,56721.75,0,0
2025-07-23 09:15:00+05:30,56918.15,56949.6,56715.8,56755.85,0,0
2025-07-23 09:45:00+05:30,56754.8,56783.8,56722.4,56761.1,0,0
2025-07-23 10:15:00+05:30,56759.25,56828.4,56727.3,56826.2,0,0
2025-07-23 10:45:00+05:30,56826.3,56881.7,56814.7,56862.55,0,0
2025-07-23 11:15:00+05:30,56859.45,56871.65,56785.25,56843.7,0,0
2025-07-23 11:45:00+05:30,56843.55,56957.65,56837.75,56939.7,0,0
2025-07-23 12:15:00+05:30,56938.2,57089.5,56934.15,57033.1,0,0
2025-07-23 12:45:00+05:30,57032.75,57096.65,57004.05,57049.5,0,0
2025-07-23 13:15:00+05:30,57050.5,57113.15,57025.95,57096.95,0,0
2025-07-23 13:45:00+05:30,57095.5,57194.3,57095.5,57192.35,0,0
2025-07-23 14:15:00+05:30,57192.25,57217.4,57138.05,57199.85,0,0
2025-07-23 14:45:00+05:30,57199.35,57249.0,57183.3,57212.9,0,0
2025-07-23 15:15:00+05:30,57210.45,57219.45,57176.2,57191.65,0,0
2025-07-24 09:15:00+05:30,57316.6,57316.6,57031.6,57097.0,0,0
2025-07-24 09:45:00+05:30,57097.4,57100.6,56993.0,56998.05,0,0
2025-07-24 10:15:00+05:30,56997.75,57088.2,56978.2,57086.45,0,0
2025-07-24 10:45:00+05:30,57089.35,57107.25,57023.15,57031.3,0,0
2025-07-24 11:15:00+05:30,57031.3,57078.7,56928.95,56951.25,0,0
2025-07-24 11:45:00+05:30,56950.45,56983.0,56850.9,56905.95,0,0
2025-07-24 12:15:00+05:30,56905.45,56981.75,56899.4,56937.35,0,0
2025-07-24 12:45:00+05:30,56939.05,56954.55,56854.15,56931.8,0,0
2025-07-24 13:15:00+05:30,56931.9,57094.95,56913.05,57076.05,0,0
2025-07-24 13:45:00+05:30,57076.7,57148.7,57016.45,57107.75,0,0
2025-07-24 14:15:00+05:30,57106.85,57151.05,57057.5,57095.15,0,0
2025-07-24 14:45:00+05:30,57097.4,57110.8,57050.95,57074.75,0,0
2025-07-24 15:15:00+05:30,57075.7,57086.7,57001.55,57033.7,0,0
2025-07-25 09:15:00+05:30,57170.7,57170.7,56869.3,57004.8,0,0
2025-07-25 09:45:00+05:30,57006.05,57051.6,56914.8,56941.8,0,0
2025-07-25 10:15:00+05:30,56940.95,56940.95,56710.15,56774.15,0,0
2025-07-25 10:45:00+05:30,56773.8,56773.8,56644.0,56657.75,0,0
2025-07-25 11:15:00+05:30,56659.55,56778.8,56626.85,56664.6,0,0
2025-07-25 11:45:00+05:30,56663.7,56666.1,56526.35,56547.7,0,0
2025-07-25 12:15:00+05:30,56547.35,56600.3,56465.1,56533.6,0,0
2025-07-25 12:45:00+05:30,56532.65,56570.4,56491.25,56554.55,0,0
2025-07-25 13:15:00+05:30,56554.25,56591.0,56439.4,56555.65,0,0
2025-07-25 13:45:00+05:30,56555.45,56610.9,56489.55,56504.15,0,0
2025-07-25 14:15:00+05:30,56504.25,56546.95,56466.4,56505.75,0,0
2025-07-25 14:45:00+05:30,56505.9,56564.15,56463.85,56551.9,0,0
2025-07-25 15:15:00+05:30,56550.05,56553.55,56475.75,56520.45,0,0
2025-07-28 09:15:00+05:30,56215.1,56522.2,56186.85,56349.1,0,0
2025-07-28 09:45:00+05:30,56348.65,56478.6,56338.65,56478.6,0,0
2025-07-28 10:15:00+05:30,56478.05,56578.4,56417.55,56428.0,0,0
2025-07-28 10:45:00+05:30,56427.95,56520.05,56331.6,56418.0,0,0
2025-07-28 11:15:00+05:30,56418.1,56477.4,56385.25,56399.45,0,0
2025-07-28 11:45:00+05:30,56399.1,56404.05,56335.5,56361.05,0,0
2025-07-28 12:15:00+05:30,56360.3,56410.05,56326.4,56336.7,0,0
2025-07-28 12:45:00+05:30,56329.25,56347.0,56147.3,56163.0,0,0
2025-07-28 13:15:00+05:30,56162.95,56175.45,56023.0,56056.55,0,0
2025-07-28 13:45:00+05:30,56056.05,56118.5,55997.45,56060.3,0,0
2025-07-28 14:15:00+05:30,56064.75,56178.15,56040.35,56171.45,0,0
2025-07-28 14:45:00+05:30,56170.25,56170.25,56070.7,56074.5,0,0
2025-07-28 15:15:00+05:30,56074.4,56113.35,56051.95,56080.15,0,0
2025-07-29 09:15:00+05:30,55881.8,56117.45,55843.25,56067.2,0,0
2025-07-29 09:45:00+05:30,56062.85,56148.95,56032.5,56048.0,0,0
2025-07-29 10:15:00+05:30,56049.85,56067.05,55938.2,55969.2,0,0
2025-07-29 10:45:00+05:30,55965.15,55977.5,55897.95,55962.7,0,0
2025-07-29 11:15:00+05:30,55963.9,56094.0,55961.05,55986.9,0,0
2025-07-29 11:45:00+05:30,55987.95,56054.4,55956.2,56036.0,0,0
2025-07-29 12:15:00+05:30,56040.8,56068.55,55980.95,56005.4,0,0
2025-07-29 12:45:00+05:30,56006.45,56102.95,55992.1,56084.55,0,0
2025-07-29 13:15:00+05:30,56083.3,56159.95,56075.05,56138.25,0,0
2025-07-29 13:45:00+05:30,56138.5,56296.4,56138.5,56251.35,0,0
2025-07-29 14:15:00+05:30,56250.75,56282.75,56082.1,56143.7,0,0
2025-07-29 14:45:00+05:30,56144.55,56228.85,56086.0,56206.55,0,0
2025-07-29 15:15:00+05:30,56207.45,56279.3,56202.4,56230.15,0,0
2025-07-30 09:15:00+05:30,56310.1,56320.35,56104.65,56239.0,0,0
2025-07-30 09:45:00+05:30,56244.55,56250.3,56128.6,56201.95,0,0
2025-07-30 10:15:00+05:30,56201.35,56210.85,56118.0,56144.05,0,0
2025-07-30 10:45:00+05:30,56147.2,56211.6,56064.55,56210.1,0,0
2025-07-30 11:15:00+05:30,56208.65,56321.15,56191.5,56268.75,0,0
2025-07-30 11:45:00+05:30,56265.0,56314.1,56228.4,56233.15,0,0
2025-07-30 12:15:00+05:30,56231.1,56292.75,56216.0,56226.2,0,0
2025-07-30 12:45:00+05:30,56225.15,56263.25,56156.7,56190.55,0,0
2025-07-30 13:15:00+05:30,56189.65,56264.9,56163.75,56222.9,0,0
2025-07-30 13:45:00+05:30,56227.55,56239.55,56152.75,56188.2,0,0
2025-07-30 14:15:00+05:30,56184.85,56254.95,56172.65,56185.55,0,0
2025-07-30 14:45:00+05:30,56181.05,56214.5,56133.25,56139.25,0,0
2025-07-30 15:15:00+05:30,56144.8,56160.9,56098.5,56114.6,0,0
2025-07-31 09:15:00+05:30,55728.15,55959.4,55694.35,55843.05,0,0
2025-07-31 09:45:00+05:30,55843.95,55856.3,55561.65,55607.2,0,0
2025-07-31 10:15:00+05:30,55606.75,55653.55,55547.35,55632.6,0,0
2025-07-31 10:45:00+05:30,55635.75,55877.55,55618.55,55807.95,0,0
2025-07-31 11:15:00+05:30,55808.85,56056.3,55789.55,56035.5,0,0
2025-07-31 11:45:00+05:30,56039.3,56121.75,55905.5,56091.55,0,0
2025-07-31 12:15:00+05:30,56089.95,56273.45,56076.6,56216.4,0,0
2025-07-31 12:45:00+05:30,56217.15,56362.6,56194.6,56306.55,0,0
2025-07-31 13:15:00+05:30,56304.65,56406.2,56285.5,56304.9,0,0
2025-07-31 13:45:00+05:30,56305.4,56380.75,56261.8,56308.0,0,0
2025-07-31 14:15:00+05:30,56307.2,56312.2,56092.2,56197.05,0,0
2025-07-31 14:45:00+05:30,56193.05,56203.15,55939.35,55967.65,0,0
2025-07-31 15:15:00+05:30,55968.2,55999.6,55906.45,55992.65,0,0
2025-08-01 09:15:00+05:30,55897.15,55977.75,55774.7,55875.4,0,0
2025-08-01 09:45:00+05:30,55876.05,55986.45,55831.55,55982.0,0,0
2025-08-01 10:15:00+05:30,55984.25,56097.6,55958.15,56062.1,0,0
2025-08-01 10:45:00+05:30,56061.7,56077.95,55883.4,55896.95,0,0
2025-08-01 11:15:00+05:30,55897.65,55906.85,55797.55,55808.95,0,0
2025-08-01 11:45:00+05:30,55810.55,55889.5,55755.7,55807.2,0,0
2025-08-01 12:15:00+05:30,55808.7,55895.55,55729.35,55777.8,0,0
2025-08-01 12:45:00+05:30,55778.4,55831.1,55757.8,55809.45,0,0
2025-08-01 13:15:00+05:30,55809.7,55923.05,55748.4,55826.85,0,0
2025-08-01 13:45:00+05:30,55827.25,55834.3,55743.8,55792.85,0,0
2025-08-01 14:15:00+05:30,55793.2,55814.55,55692.35,55709.05,0,0
2025-08-01 14:45:00+05:30,55708.9,55738.4,55562.1,55591.55,0,0
2025-08-01 15:15:00+05:30,55594.5,55658.9,55570.05,55636.15,0,0
2025-08-04 09:15:00+05:30,55557.5,55752.45,55535.45,55536.4,0,0
2025-08-04 09:45:00+05:30,55536.4,55608.1,55437.3,55528.05,0,0
2025-08-04 10:15:00+05:30,55528.15,55652.0,55528.15,55588.5,0,0
2025-08-04 10:45:00+05:30,55590.4,55597.25,55462.75,55578.65,0,0
2025-08-04 11:15:00+05:30,55578.75,55641.55,55541.3,55616.0,0,0
2025-08-04 11:45:00+05:30,55614.35,55670.2,55599.45,55635.65,0,0
2025-08-04 12:15:00+05:30,55637.7,55721.2,55608.3,55649.1,0,0
2025-08-04 12:45:00+05:30,55649.15,55674.5,55604.5,55631.3,0,0
2025-08-04 13:15:00+05:30,55631.0,55652.4,55511.9,55609.4,0,0
2025-08-04 13:45:00+05:30,55608.7,55689.75,55542.2,55604.7,0,0
2025-08-04 14:15:00+05:30,55611.2,55657.25,55576.65,55584.95,0,0
2025-08-04 14:45:00+05:30,55578.65,55649.45,55568.7,55613.65,0,0
2025-08-04 15:15:00+05:30,55613.4,55656.95,55612.9,55643.95,0,0
2025-08-05 09:15:00+05:30,55545.05,55648.15,55460.1,55487.1,0,0
2025-08-05 09:45:00+05:30,55486.6,55533.45,55419.35,55481.3,0,0
2025-08-05 10:15:00+05:30,55479.75,55506.2,55382.4,55437.8,0,0
2025-08-05 10:45:00+05:30,55435.35,55462.3,55370.2,55456.85,0,0
2025-08-05 11:15:00+05:30,55456.5,55476.0,55409.05,55463.8,0,0
2025-08-05 11:45:00+05:30,55465.25,55520.3,55409.9,55492.55,0,0
2025-08-05 12:15:00+05:30,55496.05,55518.95,55431.8,55448.35,0,0
2025-08-05 12:45:00+05:30,55453.7,55454.6,55374.1,55394.35,0,0
2025-08-05 13:15:00+05:30,55391.8,55396.15,55227.65,55251.15,0,0
2025-08-05 13:45:00+05:30,55255.25,55300.15,55202.85,55250.35,0,0
2025-08-05 14:15:00+05:30,55246.7,55329.75,55219.25,55310.2,0,0
2025-08-05 14:45:00+05:30,55313.4,55403.8,55244.7,55398.9,0,0
2025-08-05 15:15:00+05:30,55399.55,55410.45,55332.4,55393.55,0,0
2025-08-06 09:15:00+05:30,55329.8,55485.25,55306.6,55410.25,0,0
2025-08-06 09:45:00+05:30,55408.45,55507.2,55276.15,55354.2,0,0
2025-08-06 10:15:00+05:30,55354.55,55499.0,55241.85,55279.9,0,0
2025-08-06 10:45:00+05:30,55279.45,55301.9,55227.7,55270.45,0,0
2025-08-06 11:15:00+05:30,55270.05,55305.1,55242.25,55297.4,0,0
2025-08-06 11:45:00+05:30,55297.55,55365.85,55264.45,55338.65,0,0
2025-08-06 12:15:00+05:30,55337.8,55463.25,55335.2,55395.95,0,0
2025-08-06 12:45:00+05:30,55392.6,55460.3,55351.55,55444.1,0,0
2025-08-06 13:15:00+05:30,55444.7,55559.4,55434.45,55515.65,0,0
2025-08-06 13:45:00+05:30,55513.85,55517.5,55408.1,55420.2,0,0
2025-08-06 14:15:00+05:30,55418.45,55488.2,55310.4,55369.5,0,0
2025-08-06 14:45:00+05:30,55368.1,55420.3,55347.65,55397.25,0,0
2025-08-06 15:15:00+05:30,55396.9,55470.8,55392.15,55422.25,0,0
2025-08-07 09:15:00+05:30,55215.65,55363.7,55215.65,55250.55,0,0
2025-08-07 09:45:00+05:30,55250.6,55288.9,55148.3,55173.25,0,0
2025-08-07 10:15:00+05:30,55173.25,55205.8,55076.4,55130.9,0,0
2025-08-07 10:45:00+05:30,55130.6,55145.75,55084.2,55111.45,0,0
2025-08-07 11:15:00+05:30,55113.35,55191.7,55105.4,55117.7,0,0
2025-08-07 11:45:00+05:30,55119.95,55202.75,55096.7,55172.4,0,0
2025-08-07 12:15:00+05:30,55175.0,55196.25,55110.75,55136.8,0,0
2025-08-07 12:45:00+05:30,55136.9,55151.5,55092.25,55115.8,0,0
2025-08-07 13:15:00+05:30,55115.4,55123.95,54973.55,55025.0,0,0
2025-08-07 13:45:00+05:30,55024.45,55142.45,55002.25,55124.3,0,0
2025-08-07 14:15:00+05:30,55122.4,55320.4,55122.4,55311.3,0,0
2025-08-07 14:45:00+05:30,55309.5,55551.8,55272.4,55513.4,0,0
2025-08-07 15:15:00+05:30,55514.15,55614.8,55509.3,55591.35,0,0
2025-08-08 09:15:00+05:30,55609.35,55652.6,55354.65,55376.75,0,0
2025-08-08 09:45:00+05:30,55380.65,55404.55,55230.3,55252.35,0,0
2025-08-08 10:15:00+05:30,55243.6,55324.1,55202.95,55231.2,0,0
2025-08-08 10:45:00+05:30,55231.2,55246.2,55157.5,55210.85,0,0
2025-08-08 11:15:00+05:30,55213.35,55221.25,55084.05,55122.35,0,0
2025-08-08 11:45:00+05:30,55123.3,55159.75,55078.6,55114.1,0,0
2025-08-08 12:15:00+05:30,55114.8,55203.3,55087.9,55179.6,0,0
2025-08-08 12:45:00+05:30,55179.6,55272.25,55102.1,55137.95,0,0
2025-08-08 13:15:00+05:30,55139.3,55198.6,55059.75,55187.5,0,0
2025-08-08 13:45:00+05:30,55187.4,55200.3,55070.0,55122.05,0,0
2025-08-08 14:15:00+05:30,55123.25,55183.7,55079.5,55159.8,0,0
2025-08-08 14:45:00+05:30,55163.75,55178.55,54927.15,54985.55,0,0
2025-08-08 15:15:00+05:30,54987.6,55023.9,54905.6,54925.45,0,0
2025-08-11 09:15:00+05:30,54999.35,55249.4,54927.55,55144.25,0,0
2025-08-11 09:45:00+05:30,55150.8,55222.65,55035.1,55215.75,0,0
2025-08-11 10:15:00+05:30,55216.2,55319.7,55201.85,55278.65,0,0
2025-08-11 10:45:00+05:30,55277.35,55309.05,55203.0,55235.45,0,0
2025-08-11 11:15:00+05:30,55233.25,55303.85,55177.5,55182.15,0,0
2025-08-11 11:45:00+05:30,55182.45,55196.45,55128.8,55170.1,0,0
2025-08-11 12:15:00+05:30,55169.45,55228.7,55143.15,55226.35,0,0
2025-08-11 12:45:00+05:30,55231.6,55321.95,55214.7,55226.05,0,0
2025-08-11 13:15:00+05:30,55226.25,55333.05,55208.9,55315.5,0,0
2025-08-11 13:45:00+05:30,55316.65,55412.8,55273.4,55403.7,0,0
2025-08-11 14:15:00+05:30,55405.95,55509.7,55362.25,55413.45,0,0
2025-08-11 14:45:00+05:30,55413.25,55553.4,55410.45,55518.95,0,0
2025-08-11 15:15:00+05:30,55515.2,55582.15,55418.5,55423.55,0,0
2025-08-12 09:15:00+05:30,55441.1,55453.35,55217.3,55441.0,0,0
2025-08-12 09:45:00+05:30,55451.4,55566.7,55427.1,55449.35,0,0
2025-08-12 10:15:00+05:30,55448.35,55486.5,55206.1,55292.05,0,0
2025-08-12 10:45:00+05:30,55292.3,55326.85,55188.85,55201.8,0,0
2025-08-12 11:15:00+05:30,55201.8,55298.9,55193.7,55250.85,0,0
2025-08-12 11:45:00+05:30,55251.85,55276.8,55201.0,55265.2,0,0
2025-08-12 12:15:00+05:30,55265.6,55408.75,55257.45,55383.85,0,0
2025-08-12 12:45:00+05:30,55391.15,55391.15,55312.65,55320.55,0,0
2025-08-12 13:15:00+05:30,55320.55,55320.6,55163.25,55174.95,0,0
2025-08-12 13:45:00+05:30,55176.0,55279.6,55114.9,55133.9,0,0
2025-08-12 14:15:00+05:30,55139.95,55164.6,55068.15,55069.75,0,0
2025-08-12 14:45:00+05:30,55069.9,55132.35,55001.5,55043.05,0,0
2025-08-12 15:15:00+05:30,55043.75,55085.75,55013.2,55039.35,0,0
2025-08-13 09:15:00+05:30,55340.05,55340.05,55094.85,55167.35,0,0
2025-08-13 09:45:00+05:30,55167.55,55218.65,55114.45,55119.35,0,0
2025-08-13 10:15:00+05:30,55123.45,55160.7,55046.05,55063.05,0,0
2025-08-13 10:45:00+05:30,55063.05,55170.95,55026.95,55118.35,0,0
2025-08-13 11:15:00+05:30,55117.55,55161.1,55069.85,55074.15,0,0
2025-08-13 11:45:00+05:30,55074.85,55113.1,55031.8,55099.6,0,0
2025-08-13 12:15:00+05:30,55100.6,55191.5,55075.75,55183.9,0,0
2025-08-13 12:45:00+05:30,55185.2,55232.9,55170.8,55172.6,0,0
2025-08-13 13:15:00+05:30,55181.5,55196.7,55110.4,55169.1,0,0
2025-08-13 13:45:00+05:30,55168.3,55271.9,55161.9,55256.35,0,0
2025-08-13 14:15:00+05:30,55255.55,55255.55,55167.3,55243.6,0,0
2025-08-13 14:45:00+05:30,55243.85,55263.25,55161.85,55172.8,0,0
2025-08-13 15:15:00+05:30,55174.1,55205.9,55159.7,55164.05,0,0
2025-08-14 09:15:00+05:30,55102.55,55399.8,55074.3,55389.5,0,0
2025-08-14 09:45:00+05:30,55388.35,55419.9,55313.7,55343.55,0,0
2025-08-14 10:15:00+05:30,55344.1,55472.8,55334.2,55388.6,0,0
2025-08-14 10:45:00+05:30,55389.2,55400.1,55292.7,55300.55,0,0
2025-08-14 11:15:00+05:30,55306.7,55360.0,55256.85,55272.5,0,0
2025-08-14 11:45:00+05:30,55274.15,55361.0,55230.05,55328.65,0,0
2025-08-14 12:15:00+05:30,55331.2,55405.8,55328.0,55352.3,0,0
2025-08-14 12:45:00+05:30,55347.9,55442.8,55337.2,55395.65,0,0
2025-08-14 13:15:00+05:30,55395.45,55429.45,55304.55,55369.4,0,0
2025-08-14 13:45:00+05:30,55367.65,55386.3,55331.1,55355.3,0,0
2025-08-14 14:15:00+05:30,55350.9,55377.4,55254.9,55321.8,0,0
2025-08-14 14:45:00+05:30,55324.0,55426.2,55320.85,55340.75,0,0
2025-08-14 15:15:00+05:30,55340.25,55354.95,55288.5,55318.05,0,0
2025-08-18 09:15:00+05:30,55940.6,56143.45,55822.7,56104.55,0,0
2025-08-18 09:45:00+05:30,56102.45,56156.3,56025.35,56026.1,0,0
2025-08-18 10:15:00+05:30,56026.2,56070.2,56001.0,56034.35,0,0
2025-08-18 10:45:00+05:30,56036.75,56041.85,55892.1,55909.85,0,0
2025-08-18 11:15:00+05:30,55910.0,56011.8,55902.45,55946.9,0,0
2025-08-18 11:45:00+05:30,55947.4,55974.1,55711.3,55714.75,0,0
2025-08-18 12:15:00+05:30,55714.4,55750.35,55647.65,55739.4,0,0
2025-08-18 12:45:00+05:30,55738.65,55831.6,55731.45,55818.5,0,0
2025-08-18 13:15:00+05:30,55818.7,55834.15,55735.4,55787.35,0,0
2025-08-18 13:45:00+05:30,55788.65,55799.4,55692.8,55777.7,0,0
2025-08-18 14:15:00+05:30,55776.65,55835.95,55751.75,55797.6,0,0
2025-08-18 14:45:00+05:30,55799.3,55845.6,55722.05,55727.4,0,0
2025-08-18 15:15:00+05:30,55733.7,55765.85,55701.3,55745.55,0,0
2025-08-19 09:15:00+05:30,55622.3,55791.8,55608.15,55660.7,0,0
2025-08-19 09:45:00+05:30,55659.4,55714.0,55617.35,55700.35,0,0
2025-08-19 10:15:00+05:30,55699.45,55724.95,55644.95,55708.95,0,0
2025-08-19 10:45:00+05:30,55709.35,55812.0,55683.85,55789.25,0,0
2025-08-19 11:15:00+05:30,55793.7,55867.1,55769.1,55815.5,0,0
2025-08-19 11:45:00+05:30,55815.95,55915.35,55815.0,55905.5,0,0
2025-08-19 12:15:00+05:30,55905.7,55965.55,55852.9,55883.05,0,0
2025-08-19 12:45:00+05:30,55885.15,55927.8,55856.05,55911.8,0,0
2025-08-19 13:15:00+05:30,55911.5,55939.7,55783.6,55831.75,0,0
2025-08-19 13:45:00+05:30,55833.9,55838.4,55724.6,55763.95,0,0
2025-08-19 14:15:00+05:30,55769.35,55903.6,55740.8,55841.1,0,0
2025-08-19 14:45:00+05:30,55839.0,55878.3,55813.75,55856.4,0,0
2025-08-19 15:15:00+05:30,55855.25,55888.5,55836.9,55849.8,0,0
2025-08-20 09:15:00+05:30,55751.5,55812.6,55606.6,55684.25,0,0
2025-08-20 09:45:00+05:30,55682.6,55724.5,55577.35,55724.5,0,0
2025-08-20 10:15:00+05:30,55726.45,55739.15,55656.65,55680.2,0,0
2025-08-20 10:45:00+05:30,55680.05,55687.15,55609.0,55676.3,0,0
2025-08-20 11:15:00+05:30,55676.3,55686.85,55612.7,55639.1,0,0
2025-08-20 11:45:00+05:30,55640.3,55662.85,55618.6,55654.75,0,0
2025-08-20 12:15:00+05:30,55654.75,55713.65,55642.9,55670.4,0,0
2025-08-20 12:45:00+05:30,55669.1,55739.1,55658.2,55706.55,0,0
2025-08-20 13:15:00+05:30,55706.9,55735.0,55662.7,55697.5,0,0
2025-08-20 13:45:00+05:30,55694.05,55785.6,55677.1,55759.9,0,0
2025-08-20 14:15:00+05:30,55761.0,55768.55,55650.6,55703.4,0,0
2025-08-20 14:45:00+05:30,55706.1,55738.7,55676.25,55696.2,0,0
2025-08-20 15:15:00+05:30,55694.0,55728.95,55677.75,55702.1,0,0
2025-08-21 09:15:00+05:30,55972.05,55993.65,55720.45,55750.0,0,0
2025-08-21 09:45:00+05:30,55750.35,55958.55,55748.7,55915.1,0,0
2025-08-21 10:15:00+05:30,55913.15,55965.7,55899.45,55915.25,0,0
2025-08-21 10:45:00+05:30,55915.35,55928.75,55876.05,55903.5,0,0
2025-08-21 11:15:00+05:30,55905.05,55928.1,55837.5,55866.4,0,0
2025-08-21 11:45:00+05:30,55867.65,55873.5,55780.1,55786.35,0,0
2025-08-21 12:15:00+05:30,55787.35,55838.65,55754.4,55812.05,0,0
2025-08-21 12:45:00+05:30,55812.05,55834.7,55778.5,55815.35,0,0
2025-08-21 13:15:00+05:30,55814.65,55822.55,55725.95,55764.4,0,0
2025-08-21 13:45:00+05:30,55766.7,55838.4,55756.2,55836.9,0,0
2025-08-21 14:15:00+05:30,55837.65,55894.65,55781.75,55811.0,0,0
2025-08-21 14:45:00+05:30,55810.9,55835.35,55730.65,55741.7,0,0
2025-08-21 15:15:00+05:30,55742.5,55756.7,55708.2,55733.9,0,0
2025-08-22 09:15:00+05:30,55669.25,55745.0,55408.2,55456.35,0,0
2025-08-22 09:45:00+05:30,55456.75,55475.8,55300.9,55342.4,0,0
2025-08-22 10:15:00+05:30,55336.95,55342.15,55218.35,55255.15,0,0
2025-08-22 10:45:00+05:30,55256.8,55327.0,55237.55,55293.75,0,0
2025-08-22 11:15:00+05:30,55293.2,55338.2,55245.35,55327.2,0,0
2025-08-22 11:45:00+05:30,55327.05,55370.9,55307.9,55314.8,0,0
2025-08-22 12:15:00+05:30,55315.3,55337.35,55281.75,55334.35,0,0
2025-08-22 12:45:00+05:30,55333.65,55344.3,55290.75,55316.15,0,0
2025-08-22 13:15:00+05:30,55311.95,55343.25,55297.85,55334.55,0,0
2025-08-22 13:45:00+05:30,55339.7,55360.2,55276.95,55284.85,0,0
2025-08-22 14:15:00+05:30,55286.05,55287.2,55145.95,55200.25,0,0
2025-08-22 14:45:00+05:30,55199.1,55228.55,55137.3,55163.85,0,0
2025-08-22 15:15:00+05:30,55162.3,55170.3,55102.6,55152.45,0,0
2025-08-25 09:15:00+05:30,55147.75,55306.0,55081.0,55227.25,0,0
2025-08-25 09:45:00+05:30,55226.55,55232.25,55060.25,55076.45,0,0
2025-08-25 10:15:00+05:30,55076.8,55135.8,55048.4,55072.65,0,0
2025-08-25 10:45:00+05:30,55071.35,55164.3,55062.95,55111.9,0,0
2025-08-25 11:15:00+05:30,55112.2,55179.0,55100.05,55176.6,0,0
2025-08-25 11:45:00+05:30,55177.1,55201.2,55113.95,55183.2,0,0
2025-08-25 12:15:00+05:30,55183.75,55224.85,55175.25,55218.35,0,0
2025-08-25 12:45:00+05:30,55219.4,55248.65,55196.2,55240.85,0,0
2025-08-25 13:15:00+05:30,55241.85,55243.05,55183.6,55211.1,0,0
2025-08-25 13:45:00+05:30,55212.2,55246.05,55193.85,55219.35,0,0
2025-08-25 14:15:00+05:30,55219.0,55260.2,55116.05,55134.7,0,0
2025-08-25 14:45:00+05:30,55134.8,55237.6,55112.1,55121.0,0,0
2025-08-25 15:15:00+05:30,55122.45,55192.35,55117.0,55161.75,0,0
2025-08-26 09:15:00+05:30,54999.05,55068.9,54478.4,54510.25,0,0
2025-08-26 09:45:00+05:30,54511.2,54617.6,54511.2,54596.6,0,0
2025-08-26 10:15:00+05:30,54595.0,54619.5,54555.0,54567.75,0,0
2025-08-26 10:45:00+05:30,54567.65,54653.85,54528.95,54608.55,0,0
2025-08-26 11:15:00+05:30,54605.6,54717.45,54600.15,54627.15,0,0
2025-08-26 11:45:00+05:30,54627.15,54674.95,54595.45,54609.9,0,0
2025-08-26 12:15:00+05:30,54610.05,54639.85,54556.5,54571.0,0,0
2025-08-26 12:45:00+05:30,54572.8,54624.8,54551.75,54616.1,0,0
2025-08-26 13:15:00+05:30,54615.85,54643.5,54582.45,54599.2,0,0
2025-08-26 13:45:00+05:30,54599.4,54615.55,54462.7,54483.55,0,0
2025-08-26 14:15:00+05:30,54483.0,54545.45,54448.85,54499.55,0,0
2025-08-26 14:45:00+05:30,54496.95,54509.65,54409.2,54421.05,0,0
2025-08-26 15:15:00+05:30,54426.25,54478.8,54396.1,54416.45,0,0
2025-08-28 09:15:00+05:30,54256.0,54382.25,53916.1,54041.45,0,0
2025-08-28 09:45:00+05:30,54042.15,54209.55,53999.2,54058.3,0,0
2025-08-28 10:15:00+05:30,54054.95,54245.5,54004.55,54179.85,0,0
2025-08-28 10:45:00+05:30,54178.95,54353.3,54175.55,54245.0,0,0
2025-08-28 11:15:00+05:30,54244.35,54336.8,54232.45,54295.4,0,0
2025-08-28 11:45:00+05:30,54295.15,54301.3,54126.25,54188.1,0,0
2025-08-28 12:15:00+05:30,54190.6,54204.9,54089.55,54092.9,0,0
2025-08-28 12:45:00+05:30,54091.3,54136.75,53967.25,53990.15,0,0
2025-08-28 13:15:00+05:30,54000.35,54043.85,53945.9,53981.65,0,0
2025-08-28 13:45:00+05:30,53984.65,54047.65,53908.8,54015.75,0,0
2025-08-28 14:15:00+05:30,54010.8,54036.8,53858.3,53904.75,0,0
2025-08-28 14:45:00+05:30,53909.25,53910.25,53768.45,53827.45,0,0
2025-08-28 15:15:00+05:30,53820.7,53956.8,53805.45,53894.25,0,0
2025-08-29 09:15:00+05:30,53660.35,54006.95,53660.35,53962.4,0,0
2025-08-29 09:45:00+05:30,53957.05,53972.95,53868.35,53887.35,0,0
2025-08-29 10:15:00+05:30,53887.7,54086.0,53868.25,54071.3,0,0
2025-08-29 10:45:00+05:30,54071.05,54073.4,53952.35,53986.15,0,0
2025-08-29 11:15:00+05:30,53985.65,54025.05,53950.35,54009.9,0,0
2025-08-29 11:45:00+05:30,54006.25,54039.55,53922.8,53991.65,0,0
2025-08-29 12:15:00+05:30,53990.05,53991.7,53904.1,53916.85,0,0
2025-08-29 12:45:00+05:30,53916.1,53942.2,53805.65,53808.45,0,0
2025-08-29 13:15:00+05:30,53807.8,53871.85,53803.45,53820.1,0,0
2025-08-29 13:45:00+05:30,53821.25,53842.5,53724.1,53794.5,0,0
2025-08-29 14:15:00+05:30,53794.45,53839.9,53690.5,53699.95,0,0
2025-08-29 14:45:00+05:30,53700.35,53750.1,53606.9,53609.25,0,0
2025-08-29 15:15:00+05:30,53613.25,53748.35,53606.45,53692.85,0,0
2025-09-01 09:15:00+05:30,53658.15,53982.55,53658.15,53949.1,0,0
2025-09-01 09:45:00+05:30,53948.3,53988.25,53864.15,53864.15,0,0
2025-09-01 10:15:00+05:30,53860.9,53896.4,53755.75,53804.0,0,0
2025-09-01 10:45:00+05:30,53818.0,53865.35,53798.4,53829.15,0,0
2025-09-01 11:15:00+05:30,53828.8,53857.7,53793.25,53800.75,0,0
2025-09-01 11:45:00+05:30,53800.05,53807.45,53717.0,53788.95,0,0
2025-09-01 12:15:00+05:30,53789.05,53878.7,53761.4,53860.45,0,0
2025-09-01 12:45:00+05:30,53860.75,53919.05,53848.15,53917.5,0,0
2025-09-01 13:15:00+05:30,53916.1,53949.95,53878.9,53908.65,0,0
2025-09-01 13:45:00+05:30,53911.1,53944.3,53884.75,53935.3,0,0
2025-09-01 14:15:00+05:30,53933.95,53939.5,53873.25,53930.25,0,0
2025-09-01 14:45:00+05:30,53930.4,54017.7,53907.4,54002.95,0,0
2025-09-01 15:15:00+05:30,54000.9,54035.85,53984.95,53993.4,0,0
2025-09-02 09:15:00+05:30,54038.25,54153.8,53912.2,54058.15,0,0
2025-09-02 09:45:00+05:30,54058.05,54160.95,54052.25,54096.9,0,0
2025-09-02 10:15:00+05:30,54096.65,54117.65,54045.85,54111.85,0,0
2025-09-02 10:45:00+05:30,54107.0,54140.45,54079.05,54104.55,0,0
2025-09-02 11:15:00+05:30,54101.2,54103.25,54033.7,54073.4,0,0
2025-09-02 11:45:00+05:30,54075.1,54082.35,54003.75,54016.95,0,0
2025-09-02 12:15:00+05:30,54018.2,54093.8,53976.0,54046.55,0,0
2025-09-02 12:45:00+05:30,54044.9,54064.45,53961.75,53985.6,0,0
2025-09-02 13:15:00+05:30,53987.25,53998.1,53806.65,53818.55,0,0
2025-09-02 13:45:00+05:30,53817.1,53854.95,53578.0,53652.5,0,0
2025-09-02 14:15:00+05:30,53643.3,53738.3,53624.2,53708.9,0,0
2025-09-02 14:45:00+05:30,53718.15,53765.95,53645.5,53670.2,0,0
2025-09-02 15:15:00+05:30,53675.55,53691.1,53619.9,53627.25,0,0
2025-09-03 09:15:00+05:30,53630.75,53744.7,53561.75,53644.75,0,0
2025-09-03 09:45:00+05:30,53646.0,53866.75,53641.6,53853.7,0,0
2025-09-03 10:15:00+05:30,53851.85,53855.35,53700.1,53707.55,0,0
2025-09-03 10:45:00+05:30,53703.55,53743.15,53667.3,53706.5,0,0
2025-09-03 11:15:00+05:30,53705.0,53750.75,53665.8,53694.1,0,0
2025-09-03 11:45:00+05:30,53696.7,53755.15,53647.75,53750.95,0,0
2025-09-03 12:15:00+05:30,53749.5,53814.65,53734.05,53744.85,0,0
2025-09-03 12:45:00+05:30,53740.55,53771.55,53633.95,53679.85,0,0
2025-09-03 13:15:00+05:30,53680.95,53741.55,53669.45,53733.9,0,0
2025-09-03 13:45:00+05:30,53733.1,53892.3,53729.1,53862.8,0,0
2025-09-03 14:15:00+05:30,53863.5,53963.7,53856.7,53930.9,0,0
2025-09-03 14:45:00+05:30,53929.75,54136.15,53921.6,54096.1,0,0
2025-09-03 15:15:00+05:30,54093.7,54100.8,54028.0,54071.75,0,0
2025-09-04 09:15:00+05:30,54379.6,54450.55,54195.7,54313.1,0,0
2025-09-04 09:45:00+05:30,54308.6,54420.25,54217.2,54221.2,0,0
2025-09-04 10:15:00+05:30,54218.05,54307.25,54145.65,54195.45,0,0
2025-09-04 10:45:00+05:30,54196.3,54263.85,54178.55,54198.0,0,0
2025-09-04 11:15:00+05:30,54197.65,54261.25,54171.15,54193.1,0,0
2025-09-04 11:45:00+05:30,54191.95,54249.0,54132.25,54181.15,0,0
2025-09-04 12:15:00+05:30,54187.15,54251.85,54107.9,54247.8,0,0
2025-09-04 12:45:00+05:30,54247.7,54273.95,54194.45,54221.7,0,0
2025-09-04 13:15:00+05:30,54222.5,54272.95,54185.35,54197.3,0,0
2025-09-04 13:45:00+05:30,54197.3,54221.2,54095.1,54112.55,0,0
2025-09-04 14:15:00+05:30,54112.8,54139.4,53971.85,54116.75,0,0
2025-09-04 14:45:00+05:30,54115.3,54175.0,54025.4,54041.0,0,0
2025-09-04 15:15:00+05:30,54044.1,54111.25,54037.3,54101.1,0,0
2025-09-05 09:15:00+05:30,54308.05,54308.05,54040.25,54046.05,0,0
2025-09-05 09:45:00+05:30,54043.65,54093.75,53881.45,53882.9,0,0
2025-09-05 10:15:00+05:30,53883.25,53937.35,53746.2,53872.7,0,0
2025-09-05 10:45:00+05:30,53874.8,53896.0,53806.55,53884.4,0,0
2025-09-05 11:15:00+05:30,53884.05,53920.25,53840.9,53857.3,0,0
2025-09-05 11:45:00+05:30,53857.1,53866.8,53800.2,53800.2,0,0
2025-09-05 12:15:00+05:30,53802.7,53812.15,53719.55,53750.7,0,0
2025-09-05 12:45:00+05:30,53752.65,53815.0,53722.2,53811.55,0,0
2025-09-05 13:15:00+05:30,53813.95,53962.95,53798.35,53945.2,0,0
2025-09-05 13:45:00+05:30,53947.8,54139.9,53947.8,54028.65,0,0
2025-09-05 14:15:00+05:30,54034.35,54150.55,54014.75,54056.95,0,0
2025-09-05 14:45:00+05:30,54057.35,54172.45,54056.25,54093.75,0,0
2025-09-05 15:15:00+05:30,54094.25,54127.7,54078.7,54098.2,0,0
2025-09-08 09:15:00+05:30,54215.4,54329.2,54088.7,54296.95,0,0
2025-09-08 09:45:00+05:30,54296.2,54299.7,54135.45,54166.95,0,0
2025-09-08 10:15:00+05:30,54167.95,54206.05,54067.15,54142.9,0,0
2025-09-08 10:45:00+05:30,54146.15,54210.5,54078.05,54207.7,0,0
2025-09-08 11:15:00+05:30,54210.15,54314.4,54199.05,54305.8,0,0
2025-09-08 11:45:00+05:30,54302.7,54315.85,54232.65,54303.8,0,0
2025-09-08 12:15:00+05:30,54302.0,54358.7,54239.15,54339.0,0,0
2025-09-08 12:45:00+05:30,54339.6,54382.8,54315.75,54366.5,0,0
2025-09-08 13:15:00+05:30,54366.65,54378.2,54308.9,54336.0,0,0
2025-09-08 13:45:00+05:30,54339.6,54343.4,54280.6,54326.3,0,0
2025-09-08 14:15:00+05:30,54328.55,54518.7,54322.25,54492.15,0,0
2025-09-08 14:45:00+05:30,54492.0,54492.0,54137.1,54184.85,0,0
2025-09-08 15:15:00+05:30,54182.65,54257.85,54153.95,54222.3,0,0
2025-09-09 09:15:00+05:30,54330.55,54350.65,54191.1,54248.5,0,0
2025-09-09 09:45:00+05:30,54249.3,54275.45,54188.3,54197.05,0,0
2025-09-09 10:15:00+05:30,54200.85,54217.0,54146.7,54168.8,0,0
2025-09-09 10:45:00+05:30,54171.55,54202.45,54133.7,54176.35,0,0
2025-09-09 11:15:00+05:30,54173.0,54217.45,54141.05,54167.7,0,0
2025-09-09 11:45:00+05:30,54165.6,54178.95,54079.45,54127.25,0,0
2025-09-09 12:15:00+05:30,54127.45,54194.65,54117.35,54147.5,0,0
2025-09-09 12:45:00+05:30,54145.05,54182.55,54092.3,54154.9,0,0
2025-09-09 13:15:00+05:30,54156.8,54220.5,54139.7,54192.85,0,0
2025-09-09 13:45:00+05:30,54190.3,54252.15,54162.35,54244.9,0,0
2025-09-09 14:15:00+05:30,54244.6,54291.95,54145.35,54183.0,0,0
2025-09-09 14:45:00+05:30,54180.1,54262.95,54169.7,54225.7,0,0
2025-09-09 15:15:00+05:30,54219.9,54241.4,54176.85,54228.2,0,0
2025-09-10 09:15:00+05:30,54554.75,54554.75,54400.0,54519.8,0,0
2025-09-10 09:45:00+05:30,54519.8,54526.4,54443.25,54500.95,0,0
2025-09-10 10:15:00+05:30,54499.0,54705.2,54499.0,54568.25,0,0
2025-09-10 10:45:00+05:30,54568.05,54667.25,54540.0,54627.15,0,0
2025-09-10 11:15:00+05:30,54627.55,54635.4,54533.35,54570.6,0,0
2025-09-10 11:45:00+05:30,54568.75,54623.65,54535.6,54596.55,0,0
2025-09-10 12:15:00+05:30,54596.4,54629.35,54576.6,54604.25,0,0
2025-09-10 12:45:00+05:30,54604.9,54612.1,54504.3,54506.6,0,0
2025-09-10 13:15:00+05:30,54506.65,54559.8,54477.4,54556.7,0,0
2025-09-10 13:45:00+05:30,54557.8,54607.9,54540.35,54565.5,0,0
2025-09-10 14:15:00+05:30,54566.5,54572.6,54432.7,54441.5,0,0
2025-09-10 14:45:00+05:30,54442.65,54563.05,54442.65,54552.9,0,0
2025-09-10 15:15:00+05:30,54553.35,54565.5,54513.1,54532.65,0,0
2025-09-11 09:15:00+05:30,54413.05,54649.85,54402.4,54601.15,0,0
2025-09-11 09:45:00+05:30,54600.5,54621.25,54526.5,54547.85,0,0
2025-09-11 10:15:00+05:30,54547.85,54589.45,54540.7,54573.35,0,0
2025-09-11 10:45:00+05:30,54568.75,54630.65,54558.9,54618.6,0,0
2025-09-11 11:15:00+05:30,54621.6,54638.6,54531.05,54555.65,0,0
2025-09-11 11:45:00+05:30,54560.8,54646.25,54548.95,54642.5,0,0
2025-09-11 12:15:00+05:30,54645.45,54726.05,54637.55,54674.45,0,0
2025-09-11 12:45:00+05:30,54676.05,54733.9,54664.05,54699.0,0,0
2025-09-11 13:15:00+05:30,54699.55,54739.8,54658.75,54727.75,0,0
2025-09-11 13:45:00+05:30,54726.55,54750.85,54676.45,54734.5,0,0
2025-09-11 14:15:00+05:30,54735.7,54757.45,54612.8,54686.9,0,0
2025-09-11 14:45:00+05:30,54687.6,54723.1,54630.65,54651.3,0,0
2025-09-11 15:15:00+05:30,54651.0,54693.35,54625.9,54644.6,0,0
2025-09-12 09:15:00+05:30,54781.55,54847.7,54580.35,54630.55,0,0
2025-09-12 09:45:00+05:30,54634.35,54721.85,54625.5,54684.95,0,0
2025-09-12 10:15:00+05:30,54687.55,54726.2,54649.3,54710.55,0,0
2025-09-12 10:45:00+05:30,54711.5,54745.4,54674.1,54731.85,0,0
2025-09-12 11:15:00+05:30,54733.75,54852.25,54723.45,54803.05,0,0
2025-09-12 11:45:00+05:30,54803.45,54815.4,54750.85,54799.3,0,0
2025-09-12 12:15:00+05:30,54797.35,54839.9,54778.9,54815.45,0,0
2025-09-12 12:45:00+05:30,54815.05,54828.0,54766.45,54820.5,0,0
2025-09-12 13:15:00+05:30,54819.5,54833.5,54785.95,54788.6,0,0
2025-09-12 13:45:00+05:30,54789.7,54824.55,54749.85,54797.35,0,0
2025-09-12 14:15:00+05:30,54799.5,54828.85,54768.65,54819.5,0,0
2025-09-12 14:45:00+05:30,54819.4,54827.95,54780.3,54812.6,0,0
2025-09-12 15:15:00+05:30,54811.9,54826.1,54779.65,54784.55,0,0
2025-09-15 09:15:00+05:30,54884.05,54953.15,54808.1,54875.85,0,0
2025-09-15 09:45:00+05:30,54874.75,54920.15,54852.9,54895.5,0,0
2025-09-15 10:15:00+05:30,54895.75,54955.8,54862.0,54909.5,0,0
2025-09-15 10:45:00+05:30,54907.75,54941.4,54875.0,54912.25,0,0
2025-09-15 11:15:00+05:30,54908.35,54967.95,54890.05,54928.5,0,0
2025-09-15 11:45:00+05:30,54929.1,55018.7,54928.1,54987.6,0,0
2025-09-15 12:15:00+05:30,54988.7,55006.25,54938.85,54946.5,0,0
2025-09-15 12:45:00+05:30,54946.35,54973.0,54917.05,54953.75,0,0
2025-09-15 13:15:00+05:30,54955.25,54969.6,54807.5,54866.8,0,0
2025-09-15 13:45:00+05:30,54863.7,54927.95,54842.55,54889.6,0,0
2025-09-15 14:15:00+05:30,54888.1,54991.15,54874.1,54952.7,0,0
2025-09-15 14:45:00+05:30,54952.75,54970.25,54880.65,54889.85,0,0
2025-09-15 15:15:00+05:30,54888.9,54898.05,54840.4,54852.7,0,0
2025-09-16 09:15:00+05:30,54778.4,54995.7,54777.75,54995.7,0,0
2025-09-16 09:45:00+05:30,54996.5,55120.95,54975.2,55073.75,0,0
2025-09-16 10:15:00+05:30,55073.35,55117.1,55047.95,55078.7,0,0
2025-09-16 10:45:00+05:30,55077.05,55096.45,55040.7,55094.05,0,0
2025-09-16 11:15:00+05:30,55095.9,55155.25,55063.65,55134.6,0,0
2025-09-16 11:45:00+05:30,55134.8,55159.1,55090.2,55109.35,0,0
2025-09-16 12:15:00+05:30,55102.25,55175.15,55101.25,55142.75,0,0
2025-09-16 12:45:00+05:30,55142.95,55162.8,55057.65,55091.15,0,0
2025-09-16 13:15:00+05:30,55090.6,55116.25,55045.6,55104.55,0,0
2025-09-16 13:45:00+05:30,55103.05,55120.8,55026.35,55080.15,0,0
2025-09-16 14:15:00+05:30,55079.55,55165.0,55075.35,55143.7,0,0
2025-09-16 14:45:00+05:30,55142.7,55178.0,55091.5,55141.25,0,0
2025-09-16 15:15:00+05:30,55144.5,55185.45,55121.5,55166.8,0,0
2025-09-17 09:15:00+05:30,55158.35,55371.6,55146.55,55339.8,0,0
2025-09-17 09:45:00+05:30,55339.8,55347.2,55284.5,55286.35,0,0
2025-09-17 10:15:00+05:30,55286.1,55388.15,55234.55,55324.6,0,0
2025-09-17 10:45:00+05:30,55322.7,55397.05,55299.95,55369.2,0,0
2025-09-17 11:15:00+05:30,55365.25,55371.6,55307.25,55319.55,0,0
2025-09-17 11:45:00+05:30,55321.3,55368.9,55316.6,55368.25,0,0
2025-09-17 12:15:00+05:30,55368.15,55433.5,55354.9,55381.9,0,0
2025-09-17 12:45:00+05:30,55377.7,55423.7,55365.45,55410.45,0,0
2025-09-17 13:15:00+05:30,55410.3,55446.1,55401.15,55433.9,0,0
2025-09-17 13:45:00+05:30,55435.1,55451.55,55378.1,55396.3,0,0
2025-09-17 14:15:00+05:30,55395.95,55457.0,55376.7,55442.9,0,0
2025-09-17 14:45:00+05:30,55443.1,55540.75,55436.95,55497.25,0,0
2025-09-17 15:15:00+05:30,55494.4,55501.35,55444.65,55480.85,0,0
2025-09-18 09:15:00+05:30,55797.1,55835.25,55611.55,55719.35,0,0
2025-09-18 09:45:00+05:30,55718.9,55833.25,55703.55,55761.05,0,0
2025-09-18 10:15:00+05:30,55764.05,55812.45,55736.4,55781.8,0,0
2025-09-18 10:45:00+05:30,55786.45,55826.45,55770.6,55775.9,0,0
2025-09-18 11:15:00+05:30,55783.6,55810.85,55761.25,55763.2,0,0
2025-09-18 11:45:00+05:30,55768.1,55781.3,55720.95,55752.0,0,0
2025-09-18 12:15:00+05:30,55754.45,55777.7,55649.45,55683.65,0,0
2025-09-18 12:45:00+05:30,55680.95,55716.15,55490.9,55570.85,0,0
2025-09-18 13:15:00+05:30,55569.45,55655.3,55531.4,55642.85,0,0
2025-09-18 13:45:00+05:30,55642.75,55667.05,55535.1,55604.6,0,0
2025-09-18 14:15:00+05:30,55609.4,55613.75,55524.35,55556.45,0,0
2025-09-18 14:45:00+05:30,55556.5,55757.15,55551.2,55732.6,0,0
2025-09-18 15:15:00+05:30,55732.65,55764.7,55700.65,55716.5,0,0
2025-09-19 09:15:00+05:30,55647.95,55688.75,55491.4,55541.5,0,0
2025-09-19 09:45:00+05:30,55546.65,55584.15,55461.8,55516.0,0,0
2025-09-19 10:15:00+05:30,55517.45,55598.65,55437.6,55472.8,0,0
2025-09-19 10:45:00+05:30,55471.05,55490.95,55412.0,55434.5,0,0
2025-09-19 11:15:00+05:30,55433.5,55462.7,55401.95,55425.3,0,0
2025-09-19 11:45:00+05:30,55424.7,55471.0,55380.65,55444.25,0,0
2025-09-19 12:15:00+05:30,55448.0,55449.25,55362.35,55386.7,0,0
2025-09-19 12:45:00+05:30,55384.4,55482.45,55355.3,55471.45,0,0
2025-09-19 13:15:00+05:30,55474.25,55528.5,55457.25,55501.75,0,0
2025-09-19 13:45:00+05:30,55501.05,55536.1,55476.9,55518.6,0,0
2025-09-19 14:15:00+05:30,55517.95,55534.45,55421.6,55449.25,0,0
2025-09-19 14:45:00+05:30,55449.1,55486.2,55413.8,55465.6,0,0
2025-09-19 15:15:00+05:30,55466.1,55507.3,55437.65,55494.1,0,0
2025-09-22 09:15:00+05:30,55429.3,55582.1,55315.55,55557.45,0,0
2025-09-22 09:45:00+05:30,55555.5,55620.9,55512.9,55581.2,0,0
2025-09-22 10:15:00+05:30,55581.95,55666.35,55544.55,55601.9,0,0
2025-09-22 10:45:00+05:30,55602.9,55609.15,55532.4,55550.25,0,0
2025-09-22 11:15:00+05:30,55550.85,55553.85,55472.7,55528.55,0,0
2025-09-22 11:45:00+05:30,55529.7,55582.35,55505.95,55541.15,0,0
2025-09-22 12:15:00+05:30,55540.95,55589.05,55520.2,55574.55,0,0
2025-09-22 12:45:00+05:30,55575.8,55619.5,55546.1,55586.25,0,0
2025-09-22 13:15:00+05:30,55587.9,55588.25,55487.1,55517.0,0,0
2025-09-22 13:45:00+05:30,55518.05,55530.15,55412.9,55480.4,0,0
2025-09-22 14:15:00+05:30,55482.6,55484.15,55243.35,55252.0,0,0
2025-09-22 14:45:00+05:30,55253.65,55328.8,55215.6,55273.65,0,0
2025-09-22 15:15:00+05:30,55273.45,55320.1,55260.3,55280.7,0,0
2025-09-23 09:15:00+05:30,55248.7,55367.6,55159.0,55207.0,0,0
2025-09-23 09:45:00+05:30,55208.65,55347.5,55166.95,55317.65,0,0
2025-09-23 10:15:00+05:30,55316.3,55329.15,55199.8,55268.85,0,0
2025-09-23 10:45:00+05:30,55269.0,55309.5,55204.45,55214.2,0,0
2025-09-23 11:15:00+05:30,55214.85,55229.15,55181.55,55220.4,0,0
2025-09-23 11:45:00+05:30,55220.5,55322.3,55216.75,55317.9,0,0
2025-09-23 12:15:00+05:30,55317.05,55581.3,55303.05,55488.6,0,0
2025-09-23 12:45:00+05:30,55492.4,55560.4,55467.05,55522.85,0,0
2025-09-23 13:15:00+05:30,55522.75,55624.65,55507.0,55588.85,0,0
2025-09-23 13:45:00+05:30,55588.9,55662.0,55533.9,55544.5,0,0
2025-09-23 14:15:00+05:30,55546.35,55604.2,55479.8,55584.15,0,0
2025-09-23 14:45:00+05:30,55583.3,55594.4,55474.3,55512.5,0,0
2025-09-23 15:15:00+05:30,55512.2,55561.35,55496.65,55555.65,0,0
2025-09-24 09:15:00+05:30,55387.1,55511.1,55226.6,55270.35,0,0
2025-09-24 09:45:00+05:30,55270.45,55362.6,55237.5,55321.5,0,0
2025-09-24 10:15:00+05:30,55322.1,55355.6,55189.3,55215.6,0,0
2025-09-24 10:45:00+05:30,55213.7,55216.0,55051.85,55121.15,0,0
2025-09-24 11:15:00+05:30,55121.65,55148.0,55092.55,55113.05,0,0
2025-09-24 11:45:00+05:30,55116.8,55158.35,55081.35,55156.7,0,0
2025-09-24 12:15:00+05:30,55156.15,55207.05,55133.75,55138.35,0,0
2025-09-24 12:45:00+05:30,55130.5,55241.5,55118.55,55235.55,0,0
2025-09-24 13:15:00+05:30,55234.4,55283.75,55207.55,55215.85,0,0
2025-09-24 13:45:00+05:30,55212.9,55238.65,55123.35,55136.2,0,0
2025-09-24 14:15:00+05:30,55136.4,55176.8,55055.1,55092.15,0,0
2025-09-24 14:45:00+05:30,55090.7,55146.75,55040.45,55144.35,0,0
2025-09-24 15:15:00+05:30,55146.35,55157.0,55111.95,55131.4,0,0
2025-09-25 09:15:00+05:30,55061.65,55252.8,54993.55,55130.9,0,0
2025-09-25 09:45:00+05:30,55118.8,55210.9,55076.75,55153.05,0,0
2025-09-25 10:15:00+05:30,55153.0,55191.8,55075.2,55095.05,0,0
2025-09-25 10:45:00+05:30,55095.3,55154.35,55071.6,55136.4,0,0
2025-09-25 11:15:00+05:30,55136.95,55190.65,55066.1,55079.9,0,0
2025-09-25 11:45:00+05:30,55077.05,55100.8,55020.2,55069.55,0,0
2025-09-25 12:15:00+05:30,55066.25,55143.15,55055.1,55088.0,0,0
2025-09-25 12:45:00+05:30,55088.1,55276.65,55086.45,55216.9,0,0
2025-09-25 13:15:00+05:30,55221.0,55256.2,55161.35,55223.4,0,0
2025-09-25 13:45:00+05:30,55222.9,55243.95,55137.3,55192.15,0,0
2025-09-25 14:15:00+05:30,55186.6,55204.65,55090.85,55126.15,0,0
2025-09-25 14:45:00+05:30,55124.25,55132.75,54928.7,54944.9,0,0
2025-09-25 15:15:00+05:30,54946.65,54977.0,54903.3,54950.95,0,0
2025-09-26 09:15:00+05:30,54797.9,54897.0,54593.2,54664.9,0,0
2025-09-26 09:45:00+05:30,54668.4,54749.9,54635.1,54650.45,0,0
2025-09-26 10:15:00+05:30,54651.95,54719.35,54639.1,54708.05,0,0
2025-09-26 10:45:00+05:30,54702.5,54708.4,54538.45,54562.6,0,0
2025-09-26 11:15:00+05:30,54566.45,54588.5,54513.6,54546.5,0,0
2025-09-26 11:45:00+05:30,54548.55,54593.2,54499.95,54560.55,0,0
2025-09-26 12:15:00+05:30,54560.4,54587.95,54528.4,54568.4,0,0
2025-09-26 12:45:00+05:30,54568.55,54630.05,54537.95,54564.75,0,0
2025-09-26 13:15:00+05:30,54565.95,54578.45,54423.25,54425.6,0,0
2025-09-26 13:45:00+05:30,54424.8,54454.2,54310.95,54372.7,0,0
2025-09-26 14:15:00+05:30,54371.3,54417.15,54324.55,54406.9,0,0
2025-09-26 14:45:00+05:30,54410.35,54429.3,54325.45,54394.55,0,0
2025-09-26 15:15:00+05:30,54393.35,54422.2,54371.2,54417.35,0,0
2025-09-29 09:15:00+05:30,54460.4,54622.8,54366.2,54605.4,0,0
2025-09-29 09:45:00+05:30,54605.4,54625.7,54556.55,54585.1,0,0
2025-09-29 10:15:00+05:30,54585.1,54686.05,54574.45,54611.05,0,0
2025-09-29 10:45:00+05:30,54612.25,54631.1,54503.8,54517.0,0,0
2025-09-29 11:15:00+05:30,54514.0,54519.45,54343.2,54386.2,0,0
2025-09-29 11:45:00+05:30,54387.05,54412.4,54253.75,54279.5,0,0
2025-09-29 12:15:00+05:30,54279.5,54341.0,54255.95,54264.35,0,0
2025-09-29 12:45:00+05:30,54265.1,54504.3,54226.6,54497.4,0,0
2025-09-29 13:15:00+05:30,54500.35,54592.05,54421.2,54539.45,0,0
2025-09-29 13:45:00+05:30,54540.7,54672.05,54538.65,54607.15,0,0
2025-09-29 14:15:00+05:30,54610.2,54649.15,54488.2,54496.1,0,0
2025-09-29 14:45:00+05:30,54497.1,54514.55,54383.95,54471.75,0,0
2025-09-29 15:15:00+05:30,54473.95,54586.45,54445.25,54541.35,0,0
2025-09-30 09:15:00+05:30,54705.5,54793.05,54608.55,54677.1,0,0
2025-09-30 09:45:00+05:30,54669.3,54707.0,54564.65,54578.8,0,0
2025-09-30 10:15:00+05:30,54579.0,54651.35,54502.95,54557.55,0,0
2025-09-30 10:45:00+05:30,54554.5,54672.85,54536.3,54645.25,0,0
2025-09-30 11:15:00+05:30,54645.5,54685.0,54562.55,54630.4,0,0
2025-09-30 11:45:00+05:30,54630.35,54690.95,54574.1,54670.3,0,0
2025-09-30 12:15:00+05:30,54670.65,54771.15,54668.25,54710.4,0,0
2025-09-30 12:45:00+05:30,54711.75,54756.1,54667.5,54732.25,0,0
2025-09-30 13:15:00+05:30,54732.2,54761.15,54624.9,54656.3,0,0
2025-09-30 13:45:00+05:30,54654.3,54685.0,54560.65,54610.1,0,0
2025-09-30 14:15:00+05:30,54614.05,54715.0,54538.5,54686.3,0,0
2025-09-30 14:45:00+05:30,54685.45,54717.1,54577.5,54665.45,0,0
2025-09-30 15:15:00+05:30,54661.85,54686.4,54625.8,54679.75,0,0
2025-10-01 09:15:00+05:30,54653.9,54868.15,54582.55,54835.15,0,0
2025-10-01 09:45:00+05:30,54830.6,54968.1,54744.9,54940.65,0,0
2025-10-01 10:15:00+05:30,54937.25,55029.55,54855.95,54934.6,0,0
2025-10-01 10:45:00+05:30,54933.85,55080.55,54889.95,55079.1,0,0
2025-10-01 11:15:00+05:30,55078.1,55277.35,55077.6,55265.1,0,0
2025-10-01 11:45:00+05:30,55269.85,55394.35,55245.45,55290.4,0,0
2025-10-01 12:15:00+05:30,55289.9,55317.8,55179.75,55256.2,0,0
2025-10-01 12:45:00+05:30,55253.15,55274.75,55180.7,55267.05,0,0
2025-10-01 13:15:00+05:30,55266.5,55367.55,55226.4,55341.85,0,0
2025-10-01 13:45:00+05:30,55341.0,55391.2,55278.7,55337.95,0,0
2025-10-01 14:15:00+05:30,55341.7,55406.75,55294.3,55374.2,0,0
2025-10-01 14:45:00+05:30,55371.95,55396.7,55305.0,55312.2,0,0
2025-10-01 15:15:00+05:30,55313.05,55390.45,55307.05,55386.65,0,0
2025-10-03 09:15:00+05:30,55182.6,55430.65,55177.0,55362.25,0,0
2025-10-03 09:45:00+05:30,55361.95,55536.25,55316.35,55466.9,0,0
2025-10-03 10:15:00+05:30,55466.05,55478.05,55349.5,55364.2,0,0
2025-10-03 10:45:00+05:30,55360.75,55462.95,55331.4,55460.9,0,0
2025-10-03 11:15:00+05:30,55463.4,55526.3,55428.0,55433.75,0,0
2025-10-03 11:45:00+05:30,55431.85,55579.85,55413.0,55531.65,0,0
2025-10-03 12:15:00+05:30,55529.65,55559.65,55452.85,55537.4,0,0
2025-10-03 12:45:00+05:30,55536.8,55567.95,55463.2,55559.5,0,0
2025-10-03 13:15:00+05:30,55555.0,55557.95,55463.1,55526.65,0,0
2025-10-03 13:45:00+05:30,55526.1,55549.3,55484.7,55488.8,0,0
2025-10-03 14:15:00+05:30,55490.65,55610.85,55489.0,55604.0,0,0
2025-10-03 14:45:00+05:30,55603.3,55616.45,55552.75,55582.8,0,0
2025-10-03 15:15:00+05:30,55586.4,55608.4,55543.25,55596.95,0,0
2025-10-06 09:15:00+05:30,55834.7,55926.9,55727.25,55900.4,0,0
2025-10-06 09:45:00+05:30,55897.7,55975.15,55837.4,55967.65,0,0
2025-10-06 10:15:00+05:30,55971.15,56009.4,55920.9,55985.05,0,0
2025-10-06 10:45:00+05:30,55982.95,56052.7,55947.05,56041.8,0,0
2025-10-06 11:15:00+05:30,56041.8,56060.8,55973.6,56008.9,0,0
2025-10-06 11:45:00+05:30,56008.0,56066.85,55953.1,56065.8,0,0
2025-10-06 12:15:00+05:30,56065.35,56104.8,56046.65,56097.15,0,0
2025-10-06 12:45:00+05:30,56097.6,56164.2,56085.5,56147.3,0,0
2025-10-06 13:15:00+05:30,56144.35,56159.05,56088.05,56097.8,0,0
2025-10-06 13:45:00+05:30,56098.25,56115.35,55980.9,56063.1,0,0
2025-10-06 14:15:00+05:30,56064.55,56103.15,56017.05,56070.95,0,0
2025-10-06 14:45:00+05:30,56078.4,56130.65,56008.7,56113.15,0,0
2025-10-06 15:15:00+05:30,56110.45,56113.85,56052.2,56087.6,0,0
2025-10-07 09:15:00+05:30,56126.4,56309.65,56025.05,56304.3,0,0
2025-10-07 09:45:00+05:30,56298.9,56384.25,56287.05,56331.0,0,0
2025-10-07 10:15:00+05:30,56333.85,56373.8,56294.8,56358.5,0,0
2025-10-07 10:45:00+05:30,56356.25,56360.85,56290.55,56308.3,0,0
2025-10-07 11:15:00+05:30,56311.35,56339.4,56171.15,56270.0,0,0
2025-10-07 11:45:00+05:30,56269.25,56431.35,56252.0,56391.75,0,0
2025-10-07 12:15:00+05:30,56392.35,56440.65,56353.8,56390.95,0,0
2025-10-07 12:45:00+05:30,56392.75,56444.45,56346.6,56417.55,0,0
2025-10-07 13:15:00+05:30,56415.85,56485.6,56358.0,56483.6,0,0
2025-10-07 13:45:00+05:30,56482.55,56502.45,56396.05,56450.55,0,0
2025-10-07 14:15:00+05:30,56447.55,56463.55,56296.4,56329.7,0,0
2025-10-07 14:45:00+05:30,56327.45,56395.25,56197.55,56214.35,0,0
2025-10-07 15:15:00+05:30,56212.4,56248.35,56159.85,56215.6,0,0
2025-10-08 09:15:00+05:30,56098.5,56303.6,56097.1,56204.5,0,0
2025-10-08 09:45:00+05:30,56205.4,56205.4,56038.75,56103.45,0,0
2025-10-08 10:15:00+05:30,56101.65,56119.7,56055.2,56073.15,0,0
2025-10-08 10:45:00+05:30,56074.05,56075.05,55855.8,55857.55,0,0
2025-10-08 11:15:00+05:30,55859.2,55939.9,55821.0,55896.4,0,0
2025-10-08 11:45:00+05:30,55898.2,55985.0,55867.25,55947.75,0,0
2025-10-08 12:15:00+05:30,55944.8,55969.0,55858.2,55964.85,0,0
2025-10-08 12:45:00+05:30,55959.55,56144.8,55959.55,56110.15,0,0
2025-10-08 13:15:00+05:30,56109.0,56217.95,56042.05,56175.0,0,0
2025-10-08 13:45:00+05:30,56173.6,56225.8,56019.85,56079.25,0,0
2025-10-08 14:15:00+05:30,56085.85,56112.25,56007.35,56056.0,0,0
2025-10-08 14:45:00+05:30,56052.8,56102.9,55988.75,55990.5,0,0
2025-10-08 15:15:00+05:30,55989.5,56025.4,55927.0,55938.35,0,0
2025-10-09 09:15:00+05:30,55979.0,56076.25,55877.95,55947.05,0,0
2025-10-09 09:45:00+05:30,55945.05,55979.15,55843.9,55913.5,0,0
2025-10-09 10:15:00+05:30,55912.9,56074.75,55901.25,56039.85,0,0
2025-10-09 10:45:00+05:30,56039.85,56175.1,55976.8,56159.55,0,0
2025-10-09 11:15:00+05:30,56157.85,56241.0,56133.0,56190.3,0,0
2025-10-09 11:45:00+05:30,56189.7,56286.25,56151.2,56167.35,0,0
2025-10-09 12:15:00+05:30,56165.5,56222.25,56089.9,56127.55,0,0
2025-10-09 12:45:00+05:30,56128.85,56162.65,56035.85,56086.3,0,0
2025-10-09 13:15:00+05:30,56088.65,56204.1,56084.45,56189.3,0,0
2025-10-09 13:45:00+05:30,56190.35,56276.5,56128.9,56173.35,0,0
2025-10-09 14:15:00+05:30,56174.9,56203.4,56091.25,56171.25,0,0
2025-10-09 14:45:00+05:30,56178.9,56243.2,56079.55,56170.55,0,0
2025-10-09 15:15:00+05:30,56174.15,56210.1,56121.0,56124.35,0,0
2025-10-10 09:15:00+05:30,56168.6,56485.65,56152.45,56476.8,0,0
2025-10-10 09:45:00+05:30,56478.5,56555.9,56471.25,56534.1,0,0
2025-10-10 10:15:00+05:30,56533.2,56656.4,56533.2,56576.7,0,0
2025-10-10 10:45:00+05:30,56579.45,56661.35,56569.9,56641.9,0,0
2025-10-10 11:15:00+05:30,56641.0,56655.85,56567.6,56601.7,0,0
2025-10-10 11:45:00+05:30,56596.25,56638.85,56585.0,56617.15,0,0
2025-10-10 12:15:00+05:30,56617.9,56667.45,56589.6,56655.7,0,0
2025-10-10 12:45:00+05:30,56655.65,56736.65,56646.7,56670.5,0,0
2025-10-10 13:15:00+05:30,56672.05,56760.25,56648.5,56729.55,0,0
2025-10-10 13:45:00+05:30,56733.05,56755.8,56673.95,56706.4,0,0
2025-10-10 14:15:00+05:30,56703.25,56733.65,56676.35,56727.95,0,0
2025-10-10 14:45:00+05:30,56726.55,56735.05,56560.25,56603.25,0,0
2025-10-10 15:15:00+05:30,56606.55,56649.75,56588.0,56620.95,0,0
2025-10-13 09:15:00+05:30,56337.05,56565.8,56327.4,56506.25,0,0
2025-10-13 09:45:00+05:30,56508.15,56556.95,56450.2,56518.45,0,0
2025-10-13 10:15:00+05:30,56514.3,56683.3,56480.85,56617.15,0,0
2025-10-13 10:45:00+05:30,56620.2,56653.7,56527.3,56614.15,0,0
2025-10-13 11:15:00+05:30,56611.35,56630.35,56538.55,56601.3,0,0
2025-10-13 11:45:00+05:30,56595.5,56675.05,56570.4,56600.25,0,0
2025-10-13 12:15:00+05:30,56593.35,56634.2,56540.5,56632.85,0,0
2025-10-13 12:45:00+05:30,56621.7,56652.85,56542.55,56646.35,0,0
2025-10-13 13:15:00+05:30,56643.7,56656.65,56541.15,56583.65,0,0
2025-10-13 13:45:00+05:30,56583.8,56667.05,56537.15,56612.25,0,0
2025-10-13 14:15:00+05:30,56627.25,56770.9,56589.3,56714.4,0,0
2025-10-13 14:45:00+05:30,56715.9,56741.3,56601.95,56609.15,0,0
2025-10-13 15:15:00+05:30,56612.0,56649.85,56605.25,56633.1,0,0
2025-10-14 09:15:00+05:30,56598.65,56721.3,56501.45,56552.75,0,0
2025-10-14 09:45:00+05:30,56552.5,56584.7,56473.65,56536.3,0,0
2025-10-14 10:15:00+05:30,56536.5,56586.7,56470.35,56571.65,0,0
2025-10-14 10:45:00+05:30,56567.55,56604.8,56405.1,56428.6,0,0
2025-10-14 11:15:00+05:30,56426.2,56426.8,56306.35,56356.8,0,0
2025-10-14 11:45:00+05:30,56361.5,56425.8,56268.95,56294.05,0,0
2025-10-14 12:15:00+05:30,56293.2,56357.5,56260.85,56277.55,0,0
2025-10-14 12:45:00+05:30,56276.35,56340.85,56230.15,56280.05,0,0
2025-10-14 13:15:00+05:30,56280.3,56381.95,56255.7,56328.75,0,0
2025-10-14 13:45:00+05:30,56331.8,56416.2,56269.45,56400.85,0,0
2025-10-14 14:15:00+05:30,56399.55,56537.75,56334.3,56517.1,0,0
2025-10-14 14:45:00+05:30,56519.6,56552.15,56438.15,56502.45,0,0
2025-10-14 15:15:00+05:30,56503.6,56527.0,56429.35,56478.55,0,0
2025-10-15 09:15:00+05:30,56528.95,56702.85,56517.65,56554.55,0,0
2025-10-15 09:45:00+05:30,56561.65,56672.1,56491.85,56665.95,0,0
2025-10-15 10:15:00+05:30,56662.6,56801.35,56662.6,56747.7,0,0
2025-10-15 10:45:00+05:30,56749.4,56845.75,56729.8,56758.75,0,0
2025-10-15 11:15:00+05:30,56759.0,56805.05,56729.1,56769.75,0,0
2025-10-15 11:45:00+05:30,56764.1,56793.35,56716.85,56726.5,0,0
2025-10-15 12:15:00+05:30,56727.2,56807.85,56695.35,56799.2,0,0
2025-10-15 12:45:00+05:30,56798.2,56880.3,56757.0,56828.35,0,0
2025-10-15 13:15:00+05:30,56828.45,56922.7,56828.45,56877.2,0,0
2025-10-15 13:45:00+05:30,56877.55,56893.2,56746.65,56790.85,0,0
2025-10-15 14:15:00+05:30,56790.4,56836.9,56758.6,56804.45,0,0
2025-10-15 14:45:00+05:30,56802.85,56822.95,56703.1,56812.2,0,0
2025-10-15 15:15:00+05:30,56815.45,56850.5,56793.7,56818.5,0,0
2025-10-16 09:15:00+05:30,57139.95,57225.35,57066.6,57113.15,0,0
2025-10-16 09:45:00+05:30,57113.65,57130.7,56994.7,57005.5,0,0
2025-10-16 10:15:00+05:30,57008.9,57148.05,57004.1,57123.2,0,0
2025-10-16 10:45:00+05:30,57122.5,57139.1,57090.8,57116.2,0,0
2025-10-16 11:15:00+05:30,57115.85,57141.9,57101.1,57117.95,0,0
2025-10-16 11:45:00+05:30,57115.45,57141.2,57078.7,57134.25,0,0
2025-10-16 12:15:00+05:30,57131.8,57261.3,57129.95,57240.05,0,0
2025-10-16 12:45:00+05:30,57238.35,57314.1,57187.2,57311.0,0,0
2025-10-16 13:15:00+05:30,57310.15,57402.6,57275.35,57395.15,0,0
2025-10-16 13:45:00+05:30,57396.7,57483.9,57348.25,57426.6,0,0
2025-10-16 14:15:00+05:30,57426.3,57525.8,57410.5,57493.8,0,0
2025-10-16 14:45:00+05:30,57498.15,57513.35,57374.85,57405.45,0,0
2025-10-16 15:15:00+05:30,57401.05,57448.45,57372.3,57373.25,0,0
2025-10-17 09:15:00+05:30,57362.9,57519.35,57238.65,57456.2,0,0
2025-10-17 09:45:00+05:30,57452.95,57568.55,57336.7,57536.75,0,0
2025-10-17 10:15:00+05:30,57536.55,57651.3,57503.55,57622.75,0,0
2025-10-17 10:45:00+05:30,57631.55,57828.3,57583.45,57809.35,0,0
2025-10-17 11:15:00+05:30,57807.75,57826.5,57721.65,57775.15,0,0
2025-10-17 11:45:00+05:30,57772.75,57789.0,57644.6,57763.4,0,0
2025-10-17 12:15:00+05:30,57765.85,57830.2,57691.55,57740.75,0,0
2025-10-17 12:45:00+05:30,57729.5,57780.55,57465.3,57534.1,0,0
2025-10-17 13:15:00+05:30,57534.2,57633.95,57396.8,57492.3,0,0
2025-10-17 13:45:00+05:30,57493.05,57652.05,57411.3,57570.15,0,0
2025-10-17 14:15:00+05:30,57565.45,57737.3,57488.3,57707.6,0,0
2025-10-17 14:45:00+05:30,57708.6,57763.75,57666.05,57698.6,0,0
2025-10-17 15:15:00+05:30,57699.25,57751.3,57678.55,57724.0,0,0
2025-10-20 09:15:00+05:30,57872.85,58233.65,57872.85,58027.25,0,0
2025-10-20 09:45:00+05:30,58029.05,58062.55,57884.25,58059.15,0,0
2025-10-20 10:15:00+05:30,58059.6,58206.0,58020.45,58185.35,0,0
2025-10-20 10:45:00+05:30,58187.9,58242.5,58160.15,58199.05,0,0
2025-10-20 11:15:00+05:30,58199.8,58216.95,58118.5,58156.05,0,0
2025-10-20 11:45:00+05:30,58153.35,58214.15,58137.4,58192.6,0,0
2025-10-20 12:15:00+05:30,58193.75,58216.05,58118.65,58184.0,0,0
2025-10-20 12:45:00+05:30,58177.35,58232.35,58137.9,58221.85,0,0
2025-10-20 13:15:00+05:30,58219.85,58261.55,58177.9,58220.8,0,0
2025-10-20 13:45:00+05:30,58218.85,58241.7,58116.8,58160.55,0,0
2025-10-20 14:15:00+05:30,58158.95,58211.45,57980.1,58015.1,0,0
2025-10-20 14:45:00+05:30,58013.05,58076.65,57948.85,58045.65,0,0
2025-10-20 15:15:00+05:30,58048.85,58075.6,58017.25,58051.0,0,0
2025-10-21 13:45:00+05:30,58063.4,58155.55,57988.45,58078.45,0,0
2025-10-21 14:15:00+05:30,58078.65,58101.35,57887.2,57908.5,0,0
2025-10-23 09:15:00+05:30,58314.55,58476.25,58157.6,58429.55,0,0
2025-10-23 09:45:00+05:30,58432.6,58542.85,58424.35,58533.15,0,0
2025-10-23 10:15:00+05:30,58534.0,58555.15,58414.65,58448.9,0,0
2025-10-23 10:45:00+05:30,58448.75,58516.5,58424.6,58513.0,0,0
2025-10-23 11:15:00+05:30,58512.6,58546.25,58463.8,58493.65,0,0
2025-10-23 11:45:00+05:30,58493.5,58560.6,58484.85,58532.5,0,0
2025-10-23 12:15:00+05:30,58526.75,58577.5,58502.2,58515.9,0,0
2025-10-23 12:45:00+05:30,58516.2,58559.1,58378.15,58461.35,0,0
2025-10-23 13:15:00+05:30,58454.2,58529.05,58354.5,58424.7,0,0
2025-10-23 13:45:00+05:30,58424.15,58446.0,58205.95,58238.7,0,0
2025-10-23 14:15:00+05:30,58237.65,58279.4,58062.55,58250.2,0,0
2025-10-23 14:45:00+05:30,58248.3,58297.2,58020.15,58030.8,0,0
2025-10-23 15:15:00+05:30,58032.15,58091.8,57951.45,57981.1,0,0
2025-10-24 09:15:00+05:30,58172.75,58232.9,58030.1,58094.9,0,0
2025-10-24 09:45:00+05:30,58096.2,58096.65,57985.35,58002.0,0,0
2025-10-24 10:15:00+05:30,57996.75,57999.65,57830.65,57844.9,0,0
2025-10-24 10:45:00+05:30,57843.9,57889.25,57777.05,57855.05,0,0
2025-10-24 11:15:00+05:30,57853.65,57888.75,57735.0,57809.6,0,0
2025-10-24 11:45:00+05:30,57809.6,57864.75,57751.9,57861.6,0,0
2025-10-24 12:15:00+05:30,57861.6,57915.15,57742.45,57773.2,0,0
2025-10-24 12:45:00+05:30,57780.0,57783.75,57669.35,57737.95,0,0
2025-10-24 13:15:00+05:30,57733.9,57752.25,57482.05,57488.45,0,0
2025-10-24 13:45:00+05:30,57488.8,57662.85,57484.45,57613.4,0,0
2025-10-24 14:15:00+05:30,57612.45,57684.45,57565.95,57583.65,0,0
2025-10-24 14:45:00+05:30,57583.3,57718.25,57576.95,57709.0,0,0
2025-10-24 15:15:00+05:30,57707.55,57750.45,57691.0,57741.5,0,0
2025-10-27 09:15:00+05:30,57796.45,58016.1,57652.75,57977.7,0,0
2025-10-27 09:45:00+05:30,57975.45,58077.65,57905.65,58054.75,0,0
2025-10-27 10:15:00+05:30,58052.25,58173.55,58049.5,58120.6,0,0
2025-10-27 10:45:00+05:30,58119.7,58164.0,58079.85,58130.55,0,0
2025-10-27 11:15:00+05:30,58125.65,58145.85,58040.9,58055.7,0,0
2025-10-27 11:45:00+05:30,58053.35,58195.95,58035.6,58161.3,0,0
2025-10-27 12:15:00+05:30,58163.1,58179.6,58078.45,58102.95,0,0
2025-10-27 12:45:00+05:30,58111.4,58137.0,58039.15,58077.4,0,0
2025-10-27 13:15:00+05:30,58080.85,58083.25,57951.2,58021.2,0,0
2025-10-27 13:45:00+05:30,58027.7,58083.3,57991.7,58013.95,0,0
2025-10-27 14:15:00+05:30,58013.4,58123.35,58010.6,58067.5,0,0
2025-10-27 14:45:00+05:30,58066.7,58081.45,57978.0,58053.9,0,0
2025-10-27 15:15:00+05:30,58051.6,58224.55,58046.0,58198.6,0,0
2025-10-28 09:15:00+05:30,58006.55,58313.8,57977.55,58214.0,0,0
2025-10-28 09:45:00+05:30,58212.3,58230.25,57862.9,57928.95,0,0
2025-10-28 10:15:00+05:30,57934.95,57964.35,57841.95,57901.7,0,0
2025-10-28 10:45:00+05:30,57897.25,57921.25,57770.35,57818.1,0,0
2025-10-28 11:15:00+05:30,57817.55,57943.4,57797.25,57873.95,0,0
2025-10-28 11:45:00+05:30,57872.9,57966.75,57823.75,57914.55,0,0
2025-10-28 12:15:00+05:30,57915.7,58147.65,57870.2,58140.3,0,0
2025-10-28 12:45:00+05:30,58144.0,58186.85,58067.95,58141.2,0,0
2025-10-28 13:15:00+05:30,58138.2,58212.2,58022.9,58022.9,0,0
2025-10-28 13:45:00+05:30,58022.6,58155.95,57998.2,58078.0,0,0
2025-10-28 14:15:00+05:30,58072.55,58084.05,57937.85,57978.45,0,0
2025-10-28 14:45:00+05:30,57973.85,58253.6,57970.35,58244.35,0,0
2025-10-28 15:15:00+05:30,58242.6,58305.0,58216.4,58271.55,0,0
2025-10-29 09:15:00+05:30,58316.25,58372.55,58091.8,58122.75,0,0
2025-10-29 09:45:00+05:30,58120.0,58217.75,58116.55,58148.35,0,0
2025-10-29 10:15:00+05:30,58149.75,58280.35,58087.05,58212.55,0,0
2025-10-29 10:45:00+05:30,58208.9,58245.4,58148.05,58160.85,0,0
2025-10-29 11:15:00+05:30,58158.6,58269.0,58156.1,58248.1,0,0
2025-10-29 11:45:00+05:30,58246.75,58335.25,58191.3,58307.4,0,0
2025-10-29 12:15:00+05:30,58310.1,58334.15,58273.55,58309.65,0,0
2025-10-29 12:45:00+05:30,58309.1,58368.35,58269.05,58363.35,0,0
2025-10-29 13:15:00+05:30,58361.95,58469.9,58321.9,58400.1,0,0
2025-10-29 13:45:00+05:30,58399.95,58444.1,58357.1,58404.85,0,0
2025-10-29 14:15:00+05:30,58404.05,58458.2,58377.85,58421.0,0,0
2025-10-29 14:45:00+05:30,58423.3,58425.1,58322.45,58367.0,0,0
2025-10-29 15:15:00+05:30,58370.85,58419.65,58367.3,58399.05,0,0
2025-10-30 09:15:00+05:30,58152.05,58331.2,58135.45,58153.8,0,0
2025-10-30 09:45:00+05:30,58153.8,58267.5,58075.55,58264.05,0,0
2025-10-30 10:15:00+05:30,58262.75,58307.7,58179.65,58196.55,0,0
2025-10-30 10:45:00+05:30,58202.2,58247.55,58158.85,58243.65,0,0
2025-10-30 11:15:00+05:30,58242.45,58263.85,58184.9,58199.0,0,0
2025-10-30 11:45:00+05:30,58198.5,58223.2,58131.55,58159.85,0,0
2025-10-30 12:15:00+05:30,58159.9,58228.1,58121.85,58186.8,0,0
2025-10-30 12:45:00+05:30,58181.15,58253.9,58165.8,58242.6,0,0
2025-10-30 13:15:00+05:30,58240.55,58282.55,58129.75,58166.3,0,0
2025-10-30 13:45:00+05:30,58164.4,58167.5,58081.15,58132.6,0,0
2025-10-30 14:15:00+05:30,58131.85,58187.15,58070.3,58099.8,0,0
2025-10-30 14:45:00+05:30,58099.45,58119.95,57999.2,58024.55,0,0
2025-10-30 15:15:00+05:30,58026.65,58067.1,58007.85,58067.1,0,0
2025-10-31 09:15:00+05:30,57942.45,58254.95,57928.4,58135.55,0,0
2025-10-31 09:45:00+05:30,58132.75,58183.9,57987.05,58031.4,0,0
2025-10-31 10:15:00+05:30,58033.85,58033.85,57773.0,57845.8,0,0
2025-10-31 10:45:00+05:30,57844.7,57867.75,57656.95,57758.3,0,0
2025-10-31 11:15:00+05:30,57759.35,57930.65,57726.4,57920.55,0,0
2025-10-31 11:45:00+05:30,57919.65,58046.2,57896.65,57955.65,0,0
2025-10-31 12:15:00+05:30,57954.4,58002.5,57898.9,57939.6,0,0
2025-10-31 12:45:00+05:30,57943.1,57993.2,57917.55,57937.0,0,0
2025-10-31 13:15:00+05:30,57933.35,57961.5,57817.3,57827.1,0,0
2025-10-31 13:45:00+05:30,57823.8,57916.55,57801.65,57858.1,0,0
2025-10-31 14:15:00+05:30,57857.2,57946.65,57813.0,57918.3,0,0
2025-10-31 14:45:00+05:30,57913.05,57923.15,57751.3,57765.45,0,0
2025-10-31 15:15:00+05:30,57764.0,57808.35,57743.15,57778.75,0,0
2025-11-03 09:15:00+05:30,57726.85,57986.8,57718.4,57981.4,0,0
2025-11-03 09:45:00+05:30,57980.2,58064.75,57917.4,57995.6,0,0
2025-11-03 10:15:00+05:30,57995.05,58120.2,57942.3,58115.75,0,0
2025-11-03 10:45:00+05:30,58116.75,58125.95,58026.25,58075.65,0,0
2025-11-03 11:15:00+05:30,58075.5,58080.2,57964.3,57971.35,0,0
2025-11-03 11:45:00+05:30,57966.8,58067.85,57939.6,58042.3,0,0
2025-11-03 12:15:00+05:30,58040.4,58112.0,57984.45,58069.3,0,0
2025-11-03 12:45:00+05:30,58067.9,58155.1,58055.0,58142.9,0,0
2025-11-03 13:15:00+05:30,58142.1,58211.6,58117.85,58154.55,0,0
2025-11-03 13:45:00+05:30,58153.55,58198.2,58054.35,58191.85,0,0
2025-11-03 14:15:00+05:30,58191.25,58247.55,58132.3,58156.75,0,0
2025-11-03 14:45:00+05:30,58148.5,58159.7,58058.45,58104.7,0,0
2025-11-03 15:15:00+05:30,58102.8,58147.25,58092.5,58116.25,0,0
2025-11-04 09:15:00+05:30,57966.65,58119.65,57874.25,57939.15,0,0
2025-11-04 09:45:00+05:30,57938.45,57995.35,57868.6,57919.45,0,0
2025-11-04 10:15:00+05:30,57919.6,57989.15,57852.0,57944.5,0,0
2025-11-04 10:45:00+05:30,57943.2,58051.95,57904.25,57946.3,0,0
2025-11-04 11:15:00+05:30,57950.35,57972.85,57803.1,57846.75,0,0
2025-11-04 11:45:00+05:30,57845.4,57904.5,57821.2,57897.25,0,0
2025-11-04 12:15:00+05:30,57900.2,57914.05,57824.1,57883.85,0,0
2025-11-04 12:45:00+05:30,57882.65,57924.35,57819.75,57846.4,0,0
2025-11-04 13:15:00+05:30,57841.05,57983.7,57812.05,57937.05,0,0
2025-11-04 13:45:00+05:30,57941.05,57969.1,57827.0,57854.0,0,0
2025-11-04 14:15:00+05:30,57856.55,57886.45,57805.65,57841.15,0,0
2025-11-04 14:45:00+05:30,57846.1,57911.9,57801.6,57843.65,0,0
2025-11-04 15:15:00+05:30,57839.55,57851.9,57732.95,57778.95,0,0
2025-11-06 09:15:00+05:30,57714.8,57945.05,57635.0,57671.65,0,0
2025-11-06 09:45:00+05:30,57674.85,57781.55,57609.2,57618.5,0,0
2025-11-06 10:15:00+05:30,57616.85,57676.0,57598.8,57670.85,0,0
2025-11-06 10:45:00+05:30,57670.25,57702.95,57621.35,57628.3,0,0
2025-11-06 11:15:00+05:30,57628.7,57637.25,57521.95,57553.85,0,0
2025-11-06 11:45:00+05:30,57546.7,57669.15,57546.7,57596.05,0,0
2025-11-06 12:15:00+05:30,57597.3,57676.0,57536.75,57623.35,0,0
2025-11-06 12:45:00+05:30,57622.25,57762.55,57612.85,57687.65,0,0
2025-11-06 13:15:00+05:30,57684.25,57743.3,57645.8,57651.65,0,0
2025-11-06 13:45:00+05:30,57651.2,57692.2,57573.4,57687.75,0,0
2025-11-06 14:15:00+05:30,57686.25,57692.15,57590.6,57628.25,0,0
2025-11-06 14:45:00+05:30,57624.7,57673.2,57527.95,57545.45,0,0
2025-11-06 15:15:00+05:30,57544.9,57594.5,57521.0,57573.95,0,0
2025-11-07 09:15:00+05:30,57391.4,57433.05,57157.85,57320.35,0,0
2025-11-07 09:45:00+05:30,57324.55,57412.2,57249.25,57285.55,0,0
2025-11-07 10:15:00+05:30,57283.95,57492.0,57266.75,57474.3,0,0
2025-11-07 10:45:00+05:30,57478.8,57572.9,57369.65,57560.95,0,0
2025-11-07 11:15:00+05:30,57564.2,57784.05,57553.55,57762.65,0,0
2025-11-07 11:45:00+05:30,57768.25,57816.15,57670.1,57692.7,0,0
2025-11-07 12:15:00+05:30,57695.95,57823.55,57679.3,57800.4,0,0
2025-11-07 12:45:00+05:30,57801.55,57931.45,57786.8,57873.4,0,0
2025-11-07 13:15:00+05:30,57874.85,57995.25,57846.3,57970.0,0,0
2025-11-07 13:45:00+05:30,57970.65,58001.35,57768.2,57828.25,0,0
2025-11-07 14:15:00+05:30,57830.8,57982.1,57818.85,57924.1,0,0
2025-11-07 14:45:00+05:30,57923.85,57924.1,57815.0,57869.2,0,0
2025-11-07 15:15:00+05:30,57871.4,57940.95,57871.4,57903.45,0,0
2025-11-10 09:15:00+05:30,57846.2,58070.0,57846.2,57986.5,0,0
2025-11-10 09:45:00+05:30,57990.45,58053.35,57901.45,57977.75,0,0
2025-11-10 10:15:00+05:30,57976.65,58065.0,57965.35,57972.9,0,0
2025-11-10 10:45:00+05:30,57971.85,58022.1,57919.8,58014.9,0,0
2025-11-10 11:15:00+05:30,58020.7,58077.8,58002.55,58022.8,0,0
2025-11-10 11:45:00+05:30,58023.4,58046.85,57981.9,57986.05,0,0
2025-11-10 12:15:00+05:30,57991.45,58063.0,57982.1,58063.0,0,0
2025-11-10 12:45:00+05:30,58058.3,58085.8,58014.35,58016.8,0,0
2025-11-10 13:15:00+05:30,58019.6,58057.25,57966.85,57966.85,0,0
2025-11-10 13:45:00+05:30,57966.85,58017.45,57930.4,58004.45,0,0
2025-11-10 14:15:00+05:30,58008.55,58097.2,58000.45,58005.8,0,0
2025-11-10 14:45:00+05:30,58005.8,58035.65,57924.05,57938.75,0,0
2025-11-10 15:15:00+05:30,57938.15,57966.75,57877.45,57893.0,0,0
2025-11-11 09:15:00+05:30,57962.3,58082.45,57748.25,57870.6,0,0
2025-11-11 09:45:00+05:30,57876.1,57882.1,57708.0,57716.9,0,0
2025-11-11 10:15:00+05:30,57717.5,57753.15,57594.25,57619.6,0,0
2025-11-11 10:45:00+05:30,57616.75,57773.65,57607.2,57733.95,0,0
2025-11-11 11:15:00+05:30,57731.2,57793.35,57691.8,57784.5,0,0
2025-11-11 11:45:00+05:30,57784.5,57869.9,57765.55,57850.95,0,0
2025-11-11 12:15:00+05:30,57851.25,57958.9,57832.3,57907.55,0,0
2025-11-11 12:45:00+05:30,57908.05,57964.2,57876.45,57954.25,0,0
2025-11-11 13:15:00+05:30,57959.35,58112.85,57956.7,58050.5,0,0
2025-11-11 13:45:00+05:30,58050.05,58146.35,58000.55,58007.35,0,0
2025-11-11 14:15:00+05:30,58007.8,58131.65,58001.55,58055.4,0,0
2025-11-11 14:45:00+05:30,58055.1,58167.4,58047.5,58142.9,0,0
2025-11-11 15:15:00+05:30,58143.65,58187.35,58121.65,58148.05,0,0
2025-11-12 09:15:00+05:30,58505.35,58507.7,58274.25,58336.4,0,0
2025-11-12 09:45:00+05:30,58338.15,58390.3,58298.1,58307.6,0,0
2025-11-12 10:15:00+05:30,58307.7,58367.75,58223.0,58353.3,0,0
2025-11-12 10:45:00+05:30,58353.35,58370.1,58279.9,58333.0,0,0
2025-11-12 11:15:00+05:30,58330.75,58349.25,58293.15,58325.35,0,0
2025-11-12 11:45:00+05:30,58325.1,58398.25,58304.65,58322.3,0,0
2025-11-12 12:15:00+05:30,58322.2,58443.65,58322.2,58435.65,0,0
2025-11-12 12:45:00+05:30,58435.4,58471.5,58411.65,58428.3,0,0
2025-11-12 13:15:00+05:30,58429.15,58471.6,58359.4,58402.15,0,0
2025-11-12 13:45:00+05:30,58401.75,58431.55,58303.55,58349.5,0,0
2025-11-12 14:15:00+05:30,58349.1,58418.55,58336.05,58369.6,0,0
2025-11-12 14:45:00+05:30,58367.75,58403.15,58286.55,58297.3,0,0
2025-11-12 15:15:00+05:30,58298.9,58298.9,58171.85,58211.45,0,0
2025-11-13 09:15:00+05:30,58158.75,58349.35,58127.1,58345.6,0,0
2025-11-13 09:45:00+05:30,58345.95,58487.2,58331.5,58456.9,0,0
2025-11-13 10:15:00+05:30,58456.25,58540.15,58456.25,58532.35,0,0
2025-11-13 10:45:00+05:30,58530.7,58609.2,58521.15,58552.15,0,0
2025-11-13 11:15:00+05:30,58553.55,58590.1,58510.75,58574.35,0,0
2025-11-13 11:45:00+05:30,58575.3,58615.45,58556.3,58595.45,0,0
2025-11-13 12:15:00+05:30,58598.4,58615.95,58483.05,58525.55,0,0
2025-11-13 12:45:00+05:30,58526.45,58581.9,58477.85,58569.9,0,0
2025-11-13 13:15:00+05:30,58574.75,58605.6,58563.1,58568.2,0,0
2025-11-13 13:45:00+05:30,58568.15,58591.8,58336.0,58380.1,0,0
2025-11-13 14:15:00+05:30,58380.75,58470.3,58375.35,58433.95,0,0
2025-11-13 14:45:00+05:30,58436.05,58471.4,58343.95,58371.2,0,0
2025-11-13 15:15:00+05:30,58369.65,58439.85,58360.5,58387.5,0,0
2025-11-14 09:15:00+05:30,58050.0,58467.9,58050.0,58387.75,0,0
2025-11-14 09:45:00+05:30,58387.05,58406.4,58212.75,58229.65,0,0
2025-11-14 10:15:00+05:30,58230.7,58291.4,58170.35,58208.1,0,0
2025-11-14 10:45:00+05:30,58208.1,58413.4,58203.05,58368.25,0,0
2025-11-14 11:15:00+05:30,58373.65,58402.65,58232.65,58249.05,0,0
2025-11-14 11:45:00+05:30,58247.1,58367.25,58246.2,58341.5,0,0
2025-11-14 12:15:00+05:30,58342.25,58387.55,58295.95,58328.95,0,0
2025-11-14 12:45:00+05:30,58327.9,58338.3,58246.3,58272.15,0,0
2025-11-14 13:15:00+05:30,58270.6,58323.05,58178.5,58184.1,0,0
2025-11-14 13:45:00+05:30,58178.55,58234.1,58152.95,58218.65,0,0
2025-11-14 14:15:00+05:30,58211.2,58286.8,58166.4,58257.7,0,0
2025-11-14 14:45:00+05:30,58260.2,58578.5,58186.45,58552.95,0,0
2025-11-14 15:15:00+05:30,58552.9,58590.15,58493.3,58535.9,0,0
2025-11-17 09:15:00+05:30,58696.3,58913.7,58605.3,58897.8,0,0
2025-11-17 09:45:00+05:30,58897.5,58977.5,58857.8,58888.2,0,0
2025-11-17 10:15:00+05:30,58889.2,58979.85,58862.15,58886.45,0,0
2025-11-17 10:45:00+05:30,58887.15,58943.65,58870.5,58929.1,0,0
2025-11-17 11:15:00+05:30,58929.2,58943.4,58836.15,58886.8,0,0
2025-11-17 11:45:00+05:30,58886.85,58943.25,58860.95,58921.95,0,0
2025-11-17 12:15:00+05:30,58928.75,58950.65,58904.5,58946.25,0,0
2025-11-17 12:45:00+05:30,58950.95,58996.2,58920.2,58961.6,0,0
2025-11-17 13:15:00+05:30,58962.3,58975.6,58911.1,58959.55,0,0
2025-11-17 13:45:00+05:30,58963.0,59000.5,58948.85,58967.0,0,0
2025-11-17 14:15:00+05:30,58968.95,58973.2,58899.55,58914.5,0,0
2025-11-17 14:45:00+05:30,58918.95,58965.2,58906.5,58957.35,0,0
2025-11-17 15:15:00+05:30,58958.95,59001.55,58948.95,58969.2,0,0
2025-11-18 09:15:00+05:30,58990.5,59026.85,58850.7,58994.3,0,0
2025-11-18 09:45:00+05:30,58986.35,59010.9,58862.85,58885.15,0,0
2025-11-18 10:15:00+05:30,58884.65,58944.5,58878.45,58923.8,0,0
2025-11-18 10:45:00+05:30,58924.45,59007.95,58907.45,59001.8,0,0
2025-11-18 11:15:00+05:30,58995.5,59041.35,58950.0,59003.25,0,0
2025-11-18 11:45:00+05:30,59002.95,59049.1,58967.8,58985.6,0,0
2025-11-18 12:15:00+05:30,58985.8,59000.55,58947.3,58980.5,0,0
2025-11-18 12:45:00+05:30,58980.5,59030.1,58966.75,58990.3,0,0
2025-11-18 13:15:00+05:30,58988.0,59090.7,58988.0,59063.85,0,0
2025-11-18 13:45:00+05:30,59063.1,59103.65,59028.95,59072.0,0,0
2025-11-18 14:15:00+05:30,59071.7,59086.45,58967.05,58983.7,0,0
2025-11-18 14:45:00+05:30,58984.1,58994.9,58877.1,58880.4,0,0
2025-11-18 15:15:00+05:30,58879.05,58912.25,58798.9,58835.85,0,0
2025-11-19 09:15:00+05:30,58908.15,58952.75,58723.45,58764.55,0,0
2025-11-19 09:45:00+05:30,58763.7,58887.7,58688.55,58871.75,0,0
2025-11-19 10:15:00+05:30,58872.3,58909.6,58836.3,58842.45,0,0
2025-11-19 10:45:00+05:30,58844.05,58855.0,58783.35,58783.9,0,0
2025-11-19 11:15:00+05:30,58783.95,58856.35,58767.05,58834.65,0,0
2025-11-19 11:45:00+05:30,58836.95,58940.05,58835.2,58925.9,0,0
2025-11-19 12:15:00+05:30,58926.7,59041.25,58913.5,59020.65,0,0
2025-11-19 12:45:00+05:30,59021.1,59082.1,59006.95,59060.05,0,0
2025-11-19 13:15:00+05:30,59059.0,59061.7,58930.8,58996.7,0,0
2025-11-19 13:45:00+05:30,58990.8,59128.65,58963.95,59119.95,0,0
2025-11-19 14:15:00+05:30,59117.6,59234.3,59115.25,59206.1,0,0
2025-11-19 14:45:00+05:30,59207.85,59264.25,59194.55,59225.65,0,0
2025-11-19 15:15:00+05:30,59228.15,59232.6,59173.65,59207.95,0,0
2025-11-20 09:15:00+05:30,59308.2,59326.65,59143.65,59180.25,0,0
2025-11-20 09:45:00+05:30,59173.3,59224.2,59125.25,59170.6,0,0
2025-11-20 10:15:00+05:30,59171.3,59204.5,59128.8,59173.55,0,0
2025-11-20 10:45:00+05:30,59171.9,59249.85,59153.9,59206.9,0,0
2025-11-20 11:15:00+05:30,59208.2,59265.2,59199.15,59259.45,0,0
2025-11-20 11:45:00+05:30,59260.35,59264.4,59217.15,59231.1,0,0
2025-11-20 12:15:00+05:30,59230.75,59363.45,59186.6,59346.7,0,0
2025-11-20 12:45:00+05:30,59343.9,59380.1,59313.55,59322.45,0,0
2025-11-20 13:15:00+05:30,59322.45,59369.45,59314.35,59339.55,0,0
2025-11-20 13:45:00+05:30,59339.9,59411.7,59333.25,59381.75,0,0
2025-11-20 14:15:00+05:30,59384.1,59440.1,59353.15,59372.5,0,0
2025-11-20 14:45:00+05:30,59371.5,59419.0,59313.8,59350.9,0,0
2025-11-20 15:15:00+05:30,59352.1,59376.05,59310.8,59343.9,0,0
2025-11-21 09:15:00+05:30,59116.7,59232.15,59055.7,59065.7,0,0
2025-11-21 09:45:00+05:30,59056.7,59068.6,58958.5,58991.55,0,0
2025-11-21 10:15:00+05:30,58994.4,58994.4,58868.0,58875.15,0,0
2025-11-21 10:45:00+05:30,58874.9,58952.7,58833.15,58944.45,0,0
2025-11-21 11:15:00+05:30,58945.0,58981.05,58898.9,58939.55,0,0
2025-11-21 11:45:00+05:30,58938.6,59032.6,58928.65,59027.5,0,0
2025-11-21 12:15:00+05:30,59032.0,59100.4,59008.0,59058.0,0,0
2025-11-21 12:45:00+05:30,59060.7,59149.95,59037.9,59050.45,0,0
2025-11-21 13:15:00+05:30,59056.35,59066.45,58976.95,58976.95,0,0
2025-11-21 13:45:00+05:30,58978.1,59113.5,58970.95,59109.45,0,0
2025-11-21 14:15:00+05:30,59109.5,59126.5,59034.85,59036.75,0,0
2025-11-21 14:45:00+05:30,59039.25,59062.25,58861.5,58887.25,0,0
2025-11-21 15:15:00+05:30,58884.15,58912.35,58823.65,58851.85,0,0
2025-11-24 09:15:00+05:30,58996.9,59051.35,58891.8,58930.95,0,0
2025-11-24 09:45:00+05:30,58934.85,59133.25,58910.65,59128.55,0,0
2025-11-24 10:15:00+05:30,59129.3,59239.7,59112.65,59209.55,0,0
2025-11-24 10:45:00+05:30,59211.4,59215.9,59145.1,59186.85,0,0
2025-11-24 11:15:00+05:30,59186.5,59309.9,59164.65,59280.2,0,0
2025-11-24 11:45:00+05:30,59280.9,59286.75,59179.65,59206.45,0,0
2025-11-24 12:15:00+05:30,59204.35,59253.85,59141.9,59251.7,0,0
2025-11-24 12:45:00+05:30,59252.7,59267.95,59195.15,59247.45,0,0
2025-11-24 13:15:00+05:30,59252.7,59279.25,59194.75,59262.5,0,0
2025-11-24 13:45:00+05:30,59260.9,59271.05,59141.7,59191.6,0,0
2025-11-24 14:15:00+05:30,59193.5,59193.5,59093.35,59110.4,0,0
2025-11-24 14:45:00+05:30,59111.95,59136.05,58829.45,58836.65,0,0
2025-11-24 15:15:00+05:30,58836.2,58857.8,58649.5,58731.05,0,0
2025-11-25 09:15:00+05:30,58925.65,58957.4,58746.2,58866.45,0,0
2025-11-25 09:45:00+05:30,58866.9,59051.4,58828.45,59026.6,0,0
2025-11-25 10:15:00+05:30,59030.8,59063.5,58939.4,58952.5,0,0
2025-11-25 10:45:00+05:30,58953.25,58960.1,58755.85,58814.55,0,0
2025-11-25 11:15:00+05:30,58815.15,58904.95,58810.7,58849.5,0,0
2025-11-25 11:45:00+05:30,58849.75,59008.35,58834.55,58958.3,0,0
2025-11-25 12:15:00+05:30,58962.95,58966.75,58836.9,58909.9,0,0
2025-11-25 12:45:00+05:30,58910.9,58982.6,58852.2,58931.9,0,0
2025-11-25 13:15:00+05:30,58933.6,59042.0,58927.2,58986.75,0,0
2025-11-25 13:45:00+05:30,58988.0,59140.55,58975.6,59127.85,0,0
2025-11-25 14:15:00+05:30,59129.1,59166.15,58892.15,58970.05,0,0
2025-11-25 14:45:00+05:30,58968.55,58983.7,58747.25,58825.35,0,0
2025-11-25 15:15:00+05:30,58825.45,58851.6,58790.35,58810.8,0,0
2025-11-26 09:15:00+05:30,58783.05,59292.3,58783.05,59275.9,0,0
2025-11-26 09:45:00+05:30,59275.05,59497.75,59272.3,59453.2,0,0
2025-11-26 10:15:00+05:30,59454.55,59492.95,59367.75,59467.6,0,0
2025-11-26 10:45:00+05:30,59466.4,59515.3,59417.6,59442.4,0,0
2025-11-26 11:15:00+05:30,59442.55,59471.4,59391.6,59392.55,0,0
2025-11-26 11:45:00+05:30,59392.2,59484.65,59373.65,59465.5,0,0
2025-11-26 12:15:00+05:30,59465.95,59492.85,59427.0,59492.25,0,0
2025-11-26 12:45:00+05:30,59492.25,59524.05,59426.0,59506.6,0,0
2025-11-26 13:15:00+05:30,59506.5,59530.75,59432.1,59458.7,0,0
2025-11-26 13:45:00+05:30,59457.55,59552.95,59441.8,59505.6,0,0
2025-11-26 14:15:00+05:30,59506.5,59515.25,59434.9,59476.2,0,0
2025-11-26 14:45:00+05:30,59480.4,59541.5,59450.3,59538.0,0,0
2025-11-26 15:15:00+05:30,59538.75,59554.95,59508.35,59527.15,0,0
2025-11-27 09:15:00+05:30,59605.3,59802.65,59549.45,59638.8,0,0
2025-11-27 09:45:00+05:30,59639.25,59804.65,59587.4,59765.9,0,0
2025-11-27 10:15:00+05:30,59771.9,59780.0,59684.6,59754.55,0,0
2025-11-27 10:45:00+05:30,59754.55,59866.6,59748.65,59850.1,0,0
2025-11-27 11:15:00+05:30,59852.6,59861.15,59782.1,59805.05,0,0
2025-11-27 11:45:00+05:30,59809.05,59812.95,59714.85,59758.2,0,0
2025-11-27 12:15:00+05:30,59758.2,59847.95,59711.85,59836.65,0,0
2025-11-27 12:45:00+05:30,59840.25,59850.15,59649.3,59656.3,0,0
2025-11-27 13:15:00+05:30,59658.7,59696.6,59523.0,59583.25,0,0
2025-11-27 13:45:00+05:30,59583.2,59698.45,59574.4,59665.4,0,0
2025-11-27 14:15:00+05:30,59668.8,59766.9,59616.85,59735.0,0,0
2025-11-27 14:45:00+05:30,59729.25,59768.15,59635.95,59722.35,0,0
2025-11-27 15:15:00+05:30,59726.45,59782.2,59701.7,59764.15,0,0
2025-11-28 09:15:00+05:30,59758.7,59784.9,59598.95,59687.85,0,0
2025-11-28 09:45:00+05:30,59688.4,59771.4,59664.8,59689.45,0,0
2025-11-28 10:15:00+05:30,59687.25,59774.85,59630.5,59773.2,0,0
2025-11-28 10:45:00+05:30,59775.45,59871.5,59768.95,59860.8,0,0
2025-11-28 11:15:00+05:30,59863.3,59897.5,59790.55,59828.3,0,0
2025-11-28 11:45:00+05:30,59828.75,59852.95,59764.85,59794.6,0,0
2025-11-28 12:15:00+05:30,59794.05,59836.85,59752.6,59812.4,0,0
2025-11-28 12:45:00+05:30,59812.5,59819.65,59757.1,59774.35,0,0
2025-11-28 13:15:00+05:30,59775.15,59822.25,59728.55,59785.05,0,0
2025-11-28 13:45:00+05:30,59784.8,59786.35,59712.15,59743.5,0,0
2025-11-28 14:15:00+05:30,59742.75,59826.9,59723.15,59792.8,0,0
2025-11-28 14:45:00+05:30,59792.7,59802.6,59739.25,59739.6,0,0
2025-11-28 15:15:00+05:30,59741.7,59776.95,59722.8,59730.3,0,0
2025-12-01 09:15:00+05:30,60102.05,60114.05,59888.35,60039.35,0,0
2025-12-01 09:45:00+05:30,60039.45,60075.3,59998.8,60067.0,0,0
2025-12-01 10:15:00+05:30,60064.3,60114.3,60023.8,60066.6,0,0
2025-12-01 10:45:00+05:30,60063.65,60066.3,59968.85,60012.8,0,0
2025-12-01 11:15:00+05:30,60010.0,60020.75,59834.95,59836.15,0,0
2025-12-01 11:45:00+05:30,59839.65,59870.15,59674.9,59702.45,0,0
2025-12-01 12:15:00+05:30,59700.55,59739.6,59633.05,59693.7,0,0
2025-12-01 12:45:00+05:30,59693.7,59784.4,59667.2,59773.8,0,0
2025-12-01 13:15:00+05:30,59773.45,59794.45,59658.4,59696.45,0,0
2025-12-01 13:45:00+05:30,59696.7,59815.95,59688.1,59776.25,0,0
2025-12-01 14:15:00+05:30,59776.8,59779.95,59622.45,59625.3,0,0
2025-12-01 14:45:00+05:30,59630.6,59745.25,59527.6,59715.0,0,0
2025-12-01 15:15:00+05:30,59714.0,59715.4,59632.4,59697.15,0,0
2025-12-02 09:15:00+05:30,59354.2,59576.5,59304.25,59441.35,0,0
2025-12-02 09:45:00+05:30,59442.55,59533.8,59424.05,59472.45,0,0
2025-12-02 10:15:00+05:30,59471.45,59583.45,59436.9,59547.05,0,0
2025-12-02 10:45:00+05:30,59546.7,59656.55,59525.5,59565.45,0,0
2025-12-02 11:15:00+05:30,59567.3,59604.75,59532.35,59549.5,0,0
2025-12-02 11:45:00+05:30,59547.75,59561.05,59469.2,59504.25,0,0
2025-12-02 12:15:00+05:30,59505.85,59586.8,59474.15,59553.2,0,0
2025-12-02 12:45:00+05:30,59554.9,59557.5,59469.7,59490.3,0,0
2025-12-02 13:15:00+05:30,59491.55,59500.45,59444.35,59464.4,0,0
2025-12-02 13:45:00+05:30,59467.4,59496.05,59428.9,59448.95,0,0
2025-12-02 14:15:00+05:30,59450.65,59476.2,59338.3,59357.45,0,0
2025-12-02 14:45:00+05:30,59357.05,59388.05,59251.95,59294.15,0,0
2025-12-02 15:15:00+05:30,59294.65,59347.1,59256.2,59347.1,0,0
2025-12-03 09:15:00+05:30,59158.7,59356.75,59062.5,59105.2,0,0
2025-12-03 09:45:00+05:30,59103.9,59153.7,59004.2,59043.1,0,0
2025-12-03 10:15:00+05:30,59043.1,59048.7,58970.05,58976.5,0,0
2025-12-03 10:45:00+05:30,58976.45,58999.5,58931.05,58977.4,0,0
2025-12-03 11:15:00+05:30,58977.75,59139.15,58925.7,59089.9,0,0
2025-12-03 11:45:00+05:30,59093.5,59190.0,59042.95,59158.5,0,0
2025-12-03 12:15:00+05:30,59156.55,59162.85,59062.55,59093.65,0,0
2025-12-03 12:45:00+05:30,59090.7,59110.7,59065.2,59083.45,0,0
2025-12-03 13:15:00+05:30,59082.45,59145.5,59068.8,59068.8,0,0
2025-12-03 13:45:00+05:30,59073.95,59130.05,59007.55,59114.0,0,0
2025-12-03 14:15:00+05:30,59113.3,59167.85,59077.55,59144.7,0,0
2025-12-03 14:45:00+05:30,59146.55,59414.9,59141.95,59378.45,0,0
2025-12-03 15:15:00+05:30,59379.1,59398.25,59333.15,59333.15,0,0
2025-12-04 09:15:00+05:30,59287.1,59414.0,59180.35,59378.95,0,0
2025-12-04 09:45:00+05:30,59378.1,59414.55,59312.15,59395.35,0,0
2025-12-04 10:15:00+05:30,59395.2,59548.7,59390.05,59534.75,0,0
2025-12-04 10:45:00+05:30,59533.6,59539.3,59392.4,59408.8,0,0
2025-12-04 11:15:00+05:30,59410.35,59412.1,59268.1,59288.45,0,0
2025-12-04 11:45:00+05:30,59286.65,59305.85,59225.45,59250.25,0,0
2025-12-04 12:15:00+05:30,59252.55,59290.5,59196.85,59218.05,0,0
2025-12-04 12:45:00+05:30,59219.4,59219.4,59133.4,59180.1,0,0
2025-12-04 13:15:00+05:30,59179.4,59242.7,59062.15,59110.2,0,0
2025-12-04 13:45:00+05:30,59108.9,59210.1,59079.35,59154.8,0,0
2025-12-04 14:15:00+05:30,59158.15,59182.85,59126.15,59150.35,0,0
2025-12-04 14:45:00+05:30,59148.6,59314.5,59123.75,59283.45,0,0
2025-12-04 15:15:00+05:30,59280.2,59335.55,59251.75,59272.7,0,0
2025-12-05 09:15:00+05:30,59133.2,59392.2,59106.55,59325.7,0,0
2025-12-05 09:45:00+05:30,59328.05,59658.65,59305.5,59557.15,0,0
2025-12-05 10:15:00+05:30,59558.65,59679.35,59345.05,59499.3,0,0
2025-12-05 10:45:00+05:30,59502.3,59607.25,59481.9,59601.55,0,0
2025-12-05 11:15:00+05:30,59604.0,59638.8,59552.0,59630.3,0,0
2025-12-05 11:45:00+05:30,59628.8,59643.65,59517.05,59520.15,0,0
2025-12-05 12:15:00+05:30,59518.35,59724.0,59505.0,59710.75,0,0
2025-12-05 12:45:00+05:30,59708.4,59762.75,59691.65,59723.15,0,0
2025-12-05 13:15:00+05:30,59727.7,59774.4,59702.85,59761.75,0,0
2025-12-05 13:45:00+05:30,59751.55,59777.35,59629.7,59711.35,0,0
2025-12-05 14:15:00+05:30,59711.6,59747.8,59674.65,59685.8,0,0
2025-12-05 14:45:00+05:30,59682.1,59799.15,59599.55,59778.95,0,0
2025-12-05 15:15:00+05:30,59778.45,59806.6,59711.3,59735.8,0,0
2025-12-08 09:15:00+05:30,59672.05,59713.15,59527.25,59580.2,0,0
2025-12-08 09:45:00+05:30,59577.2,59581.8,59462.45,59547.25,0,0
2025-12-08 10:15:00+05:30,59549.4,59620.65,59508.7,59546.3,0,0
2025-12-08 10:45:00+05:30,59544.45,59567.85,59395.5,59436.85,0,0
2025-12-08 11:15:00+05:30,59435.65,59436.05,59346.4,59400.8,0,0
2025-12-08 11:45:00+05:30,59399.65,59445.3,59355.95,59363.25,0,0
2025-12-08 12:15:00+05:30,59371.5,59406.0,59231.5,59235.75,0,0
2025-12-08 12:45:00+05:30,59235.55,59360.15,59233.5,59342.25,0,0
2025-12-08 13:15:00+05:30,59342.35,59344.85,59068.45,59134.85,0,0
2025-12-08 13:45:00+05:30,59135.35,59180.0,59084.35,59105.1,0,0
2025-12-08 14:15:00+05:30,59103.7,59171.3,59030.6,59170.7,0,0
2025-12-08 14:45:00+05:30,59168.6,59310.5,59153.75,59249.55,0,0
2025-12-08 15:15:00+05:30,59248.7,59258.35,59110.8,59147.3,0,0
2025-12-09 09:15:00+05:30,58918.85,59083.3,58878.45,58933.1,0,0
2025-12-09 09:45:00+05:30,58934.35,59103.45,58892.45,59055.1,0,0
2025-12-09 10:15:00+05:30,59056.0,59186.6,59022.05,59105.05,0,0
2025-12-09 10:45:00+05:30,59105.05,59265.2,59063.4,59246.55,0,0
2025-12-09 11:15:00+05:30,59246.5,59262.75,59124.7,59124.7,0,0
2025-12-09 11:45:00+05:30,59128.4,59284.85,59102.55,59249.7,0,0
2025-12-09 12:15:00+05:30,59249.7,59317.65,59186.55,59219.55,0,0
2025-12-09 12:45:00+05:30,59215.65,59266.05,59158.9,59227.4,0,0
2025-12-09 13:15:00+05:30,59231.85,59334.2,59213.65,59312.75,0,0
2025-12-09 13:45:00+05:30,59309.95,59358.25,59244.15,59275.85,0,0
2025-12-09 14:15:00+05:30,59273.8,59282.85,59193.75,59202.95,0,0
2025-12-09 14:45:00+05:30,59204.55,59275.55,59170.6,59217.35,0,0
2025-12-09 15:15:00+05:30,59219.05,59230.95,59187.0,59212.1,0,0
2025-12-10 09:15:00+05:30,59281.55,59440.9,59185.55,59396.5,0,0
2025-12-10 09:45:00+05:30,59397.4,59430.05,59330.8,59375.45,0,0
2025-12-10 10:15:00+05:30,59379.25,59427.7,59352.2,59386.8,0,0
2025-12-10 10:45:00+05:30,59388.8,59390.6,59146.0,59212.9,0,0
2025-12-10 11:15:00+05:30,59214.55,59226.1,58998.7,59011.4,0,0
2025-12-10 11:45:00+05:30,59011.0,59087.4,58973.75,59046.5,0,0
2025-12-10 12:15:00+05:30,59048.85,59062.55,58897.5,58905.45,0,0
2025-12-10 12:45:00+05:30,58907.05,58992.45,58893.35,58964.8,0,0
2025-12-10 13:15:00+05:30,58963.9,59091.9,58941.6,59038.5,0,0
2025-12-10 13:45:00+05:30,59039.45,59047.95,58869.85,58892.75,0,0
2025-12-10 14:15:00+05:30,58891.5,59003.15,58853.9,58927.0,0,0
2025-12-10 14:45:00+05:30,58930.55,59009.55,58916.6,58963.7,0,0
2025-12-10 15:15:00+05:30,58964.95,58979.5,58910.3,58938.3,0,0
2025-12-11 09:15:00+05:30,58966.2,59117.25,58799.9,58848.25,0,0
2025-12-11 09:45:00+05:30,58847.85,59082.2,58804.6,59082.2,0,0
2025-12-11 10:15:00+05:30,59083.85,59216.9,59077.95,59173.5,0,0
2025-12-11 10:45:00+05:30,59179.45,59247.35,59078.85,59143.25,0,0
2025-12-11 11:15:00+05:30,59140.05,59241.35,59130.8,59224.65,0,0
2025-12-11 11:45:00+05:30,59224.8,59417.4,59199.45,59345.5,0,0
2025-12-11 12:15:00+05:30,59352.1,59423.35,59303.55,59351.3,0,0
2025-12-11 12:45:00+05:30,59359.65,59370.15,59139.9,59181.8,0,0
2025-12-11 13:15:00+05:30,59177.8,59279.4,59157.9,59237.85,0,0
2025-12-11 13:45:00+05:30,59236.0,59302.25,59174.7,59209.3,0,0
2025-12-11 14:15:00+05:30,59209.3,59326.05,59204.4,59204.4,0,0
2025-12-11 14:45:00+05:30,59208.55,59240.45,59135.65,59201.1,0,0
2025-12-11 15:15:00+05:30,59200.9,59225.3,59177.5,59204.6,0,0
2025-12-12 09:15:00+05:30,59401.5,59532.35,59337.8,59520.2,0,0
2025-12-12 09:45:00+05:30,59523.8,59545.7,59419.8,59441.7,0,0
2025-12-12 10:15:00+05:30,59448.7,59482.55,59259.55,59274.5,0,0
2025-12-12 10:45:00+05:30,59276.1,59326.8,59224.85,59285.4,0,0
2025-12-12 11:15:00+05:30,59285.4,59443.9,59282.6,59405.75,0,0
2025-12-12 11:45:00+05:30,59404.2,59441.0,59328.3,59382.25,0,0
2025-12-12 12:15:00+05:30,59382.25,59418.4,59352.9,59369.45,0,0
2025-12-12 12:45:00+05:30,59370.75,59387.9,59315.9,59378.7,0,0
2025-12-12 13:15:00+05:30,59378.4,59381.2,59310.6,59343.65,0,0
2025-12-12 13:45:00+05:30,59344.85,59439.95,59328.15,59389.15,0,0
2025-12-12 14:15:00+05:30,59388.1,59407.5,59336.45,59358.55,0,0
2025-12-12 14:45:00+05:30,59358.8,59418.75,59335.65,59408.1,0,0
2025-12-12 15:15:00+05:30,59405.45,59426.15,59367.15,59396.8,0,0
2025-12-15 09:15:00+05:30,59053.7,59357.3,59052.3,59120.35,0,0
2025-12-15 09:45:00+05:30,59115.6,59214.9,59097.55,59212.25,0,0
2025-12-15 10:15:00+05:30,59213.85,59263.15,59138.2,59182.1,0,0
2025-12-15 10:45:00+05:30,59183.15,59299.0,59179.15,59257.55,0,0
2025-12-15 11:15:00+05:30,59259.6,59312.1,59223.8,59254.35,0,0
2025-12-15 11:45:00+05:30,59254.35,59516.85,59247.8,59459.75,0,0
2025-12-15 12:15:00+05:30,59462.6,59501.95,59432.55,59438.3,0,0
2025-12-15 12:45:00+05:30,59438.1,59533.0,59413.5,59527.1,0,0
2025-12-15 13:15:00+05:30,59527.75,59528.35,59449.0,59455.9,0,0
2025-12-15 13:45:00+05:30,59454.15,59507.25,59405.9,59436.8,0,0
2025-12-15 14:15:00+05:30,59437.4,59516.45,59430.9,59513.15,0,0
2025-12-15 14:45:00+05:30,59515.15,59528.9,59454.7,59469.9,0,0
2025-12-15 15:15:00+05:30,59469.8,59473.1,59414.55,59444.7,0,0
2025-12-16 09:15:00+05:30,59288.75,59335.25,59087.3,59176.85,0,0
2025-12-16 09:45:00+05:30,59174.9,59179.6,59041.1,59122.7,0,0
2025-12-16 10:15:00+05:30,59130.7,59165.9,59086.6,59148.7,0,0
2025-12-16 10:45:00+05:30,59147.1,59147.1,59068.3,59084.35,0,0
2025-12-16 11:15:00+05:30,59081.8,59119.75,58998.75,59008.7,0,0
2025-12-16 11:45:00+05:30,59009.25,59104.8,58983.05,59072.85,0,0
2025-12-16 12:15:00+05:30,59072.1,59138.25,59050.95,59111.15,0,0
2025-12-16 12:45:00+05:30,59109.6,59112.7,59025.55,59053.6,0,0
2025-12-16 13:15:00+05:30,59053.5,59124.95,59025.05,59097.15,0,0
2025-12-16 13:45:00+05:30,59094.35,59169.0,59018.5,59034.6,0,0
2025-12-16 14:15:00+05:30,59036.05,59093.95,58991.65,59053.8,0,0
2025-12-16 14:45:00+05:30,59055.95,59117.25,59017.9,59018.8,0,0
2025-12-16 15:15:00+05:30,59021.35,59030.5,58966.35,59010.6,0,0
2025-12-17 09:15:00+05:30,59072.8,59127.2,58930.65,58969.45,0,0
2025-12-17 09:45:00+05:30,58970.9,59014.5,58893.95,58956.0,0,0
2025-12-17 10:15:00+05:30,58959.1,58989.35,58864.4,58892.5,0,0
2025-12-17 10:45:00+05:30,58891.3,58978.05,58874.9,58970.85,0,0
2025-12-17 11:15:00+05:30,58969.8,59010.3,58897.6,58943.65,0,0
2025-12-17 11:45:00+05:30,58943.35,59020.5,58889.95,58899.55,0,0
2025-12-17 12:15:00+05:30,58901.0,58941.25,58868.35,58896.05,0,0
2025-12-17 12:45:00+05:30,58898.3,58951.7,58840.1,58847.85,0,0
2025-12-17 13:15:00+05:30,58847.0,58945.8,58815.2,58832.85,0,0
2025-12-17 13:45:00+05:30,58834.6,58867.75,58801.4,58863.9,0,0
2025-12-17 14:15:00+05:30,58865.6,58954.3,58855.85,58890.05,0,0
2025-12-17 14:45:00+05:30,58888.4,58953.0,58874.85,58921.05,0,0
2025-12-17 15:15:00+05:30,58923.75,58988.85,58892.95,58961.5,0,0
2025-12-18 09:15:00+05:30,58712.7,58895.05,58712.7,58782.8,0,0
2025-12-18 09:45:00+05:30,58785.75,59003.8,58737.65,58989.8,0,0
2025-12-18 10:15:00+05:30,58992.45,59173.95,58980.1,59143.85,0,0
2025-12-18 10:45:00+05:30,59144.65,59174.95,59058.25,59096.75,0,0
2025-12-18 11:15:00+05:30,59099.55,59147.05,59049.25,59081.2,0,0
2025-12-18 11:45:00+05:30,59084.4,59176.2,59068.8,59166.65,0,0
2025-12-18 12:15:00+05:30,59166.3,59201.35,59105.4,59186.8,0,0
2025-12-18 12:45:00+05:30,59185.0,59211.0,59103.05,59112.2,0,0
2025-12-18 13:15:00+05:30,59114.75,59126.4,59039.0,59040.45,0,0
2025-12-18 13:45:00+05:30,59041.25,59092.0,58950.75,58961.95,0,0
2025-12-18 14:15:00+05:30,58962.95,59001.9,58888.05,58925.45,0,0
2025-12-18 14:45:00+05:30,58926.9,58960.65,58882.15,58933.9,0,0
2025-12-18 15:15:00+05:30,58932.95,58938.7,58877.55,58905.25,0,0
2025-12-19 09:15:00+05:30,59047.4,59134.75,58947.0,59075.75,0,0
2025-12-19 09:45:00+05:30,59077.55,59094.65,58979.15,59018.05,0,0
2025-12-19 10:15:00+05:30,59018.15,59121.15,59003.95,59095.8,0,0
2025-12-19 10:45:00+05:30,59097.95,59113.7,58977.95,59009.6,0,0
2025-12-19 11:15:00+05:30,59009.5,59030.25,58938.05,58944.95,0,0
2025-12-19 11:45:00+05:30,58941.8,59042.35,58897.5,59007.5,0,0
2025-12-19 12:15:00+05:30,59010.15,59029.05,58974.8,59018.0,0,0
2025-12-19 12:45:00+05:30,59021.55,59035.65,58924.5,58952.15,0,0
2025-12-19 13:15:00+05:30,58949.75,59096.6,58935.85,59096.6,0,0
2025-12-19 13:45:00+05:30,59094.65,59125.25,59058.95,59070.25,0,0
2025-12-19 14:15:00+05:30,59069.55,59134.05,59063.0,59113.75,0,0
2025-12-19 14:45:00+05:30,59113.1,59140.55,59047.45,59080.0,0,0
2025-12-19 15:15:00+05:30,59080.8,59083.0,59026.7,59046.8,0,0
2025-12-22 09:15:00+05:30,59224.75,59371.2,59155.5,59293.65,0,0
2025-12-22 09:45:00+05:30,59291.55,59352.75,59275.65,59307.85,0,0
2025-12-22 10:15:00+05:30,59307.4,59318.85,59226.8,59263.0,0,0
2025-12-22 10:45:00+05:30,59263.3,59316.15,59228.0,59239.45,0,0
2025-12-22 11:15:00+05:30,59238.2,59294.3,59232.75,59262.9,0,0
2025-12-22 11:45:00+05:30,59263.7,59312.9,59246.55,59281.2,0,0
2025-12-22 12:15:00+05:30,59280.2,59312.45,59214.65,59216.65,0,0
2025-12-22 12:45:00+05:30,59216.1,59276.45,59183.6,59265.6,0,0
2025-12-22 13:15:00+05:30,59273.8,59313.05,59249.95,59278.0,0,0
2025-12-22 13:45:00+05:30,59282.65,59324.5,59250.85,59283.15,0,0
2025-12-22 14:15:00+05:30,59284.2,59339.45,59245.45,59291.2,0,0
2025-12-22 14:45:00+05:30,59291.8,59330.25,59270.3,59313.5,0,0
2025-12-22 15:15:00+05:30,59314.05,59316.05,59274.25,59284.1,0,0
2025-12-23 09:15:00+05:30,59334.35,59402.35,59219.7,59231.55,0,0
2025-12-23 09:45:00+05:30,59232.55,59377.9,59216.75,59361.5,0,0
2025-12-23 10:15:00+05:30,59361.5,59368.05,59278.85,59320.25,0,0
2025-12-23 10:45:00+05:30,59322.55,59352.8,59289.0,59319.9,0,0
2025-12-23 11:15:00+05:30,59321.9,59338.25,59247.0,59255.75,0,0
2025-12-23 11:45:00+05:30,59259.3,59303.8,59230.8,59275.0,0,0
2025-12-23 12:15:00+05:30,59278.2,59286.45,59230.4,59255.95,0,0
2025-12-23 12:45:00+05:30,59256.15,59325.55,59251.75,59303.15,0,0
2025-12-23 13:15:00+05:30,59303.45,59346.0,59292.95,59305.95,0,0
2025-12-23 13:45:00+05:30,59307.5,59343.35,59290.3,59330.85,0,0
2025-12-23 14:15:00+05:30,59332.95,59370.15,59263.85,59263.85,0,0
2025-12-23 14:45:00+05:30,59263.4,59340.85,59255.2,59328.7,0,0
2025-12-23 15:15:00+05:30,59325.45,59331.25,59255.4,59276.55,0,0
2025-12-24 09:15:00+05:30,59322.95,59478.15,59251.65,59446.95,0,0
2025-12-24 09:45:00+05:30,59452.85,59468.85,59370.55,59416.7,0,0
2025-12-24 10:15:00+05:30,59413.15,59452.7,59379.25,59379.25,0,0
2025-12-24 10:45:00+05:30,59386.6,59422.1,59359.25,59398.55,0,0
2025-12-24 11:15:00+05:30,59396.9,59411.95,59338.35,59346.45,0,0
2025-12-24 11:45:00+05:30,59347.3,59363.35,59319.1,59343.35,0,0
2025-12-24 12:15:00+05:30,59336.8,59364.5,59305.45,59308.85,0,0
2025-12-24 12:45:00+05:30,59309.15,59336.3,59239.5,59251.45,0,0
2025-12-24 13:15:00+05:30,59252.75,59254.0,59158.55,59199.25,0,0
2025-12-24 13:45:00+05:30,59197.6,59234.0,59163.75,59201.55,0,0
2025-12-24 14:15:00+05:30,59207.8,59230.75,59162.7,59213.6,0,0
2025-12-24 14:45:00+05:30,59217.55,59255.55,59161.75,59201.75,0,0
2025-12-24 15:15:00+05:30,59202.3,59211.0,59118.25,59135.4,0,0
2025-12-26 09:15:00+05:30,59092.85,59180.65,59072.45,59091.2,0,0
2025-12-26 09:45:00+05:30,59091.4,59154.6,59088.3,59115.3,0,0
2025-12-26 10:15:00+05:30,59110.7,59163.25,59097.05,59156.05,0,0
2025-12-26 10:45:00+05:30,59155.45,59165.3,59070.8,59078.75,0,0
2025-12-26 11:15:00+05:30,59078.7,59086.3,58994.05,59017.15,0,0
2025-12-26 11:45:00+05:30,59018.15,59054.65,59008.0,59045.85,0,0
2025-12-26 12:15:00+05:30,59043.8,59073.3,58983.2,59000.0,0,0
2025-12-26 12:45:00+05:30,59008.95,59036.3,58976.35,59034.15,0,0
2025-12-26 13:15:00+05:30,59033.25,59065.05,59024.75,59047.95,0,0
2025-12-26 13:45:00+05:30,59045.35,59058.9,58998.65,59011.85,0,0
2025-12-26 14:15:00+05:30,59009.5,59024.0,58947.05,58970.25,0,0
2025-12-26 14:45:00+05:30,58978.7,59039.5,58952.9,59011.55,0,0
2025-12-26 15:15:00+05:30,59014.5,59033.0,58970.45,58994.45,0,0
2025-12-29 09:15:00+05:30,59007.05,59140.4,58976.05,59062.45,0,0
2025-12-29 09:45:00+05:30,59059.95,59084.85,58916.65,58979.55,0,0
2025-12-29 10:15:00+05:30,58971.65,58986.65,58896.25,58909.25,0,0
2025-12-29 10:45:00+05:30,58904.7,58934.8,58856.3,58869.6,0,0
2025-12-29 11:15:00+05:30,58871.05,58880.4,58815.5,58853.05,0,0
2025-12-29 11:45:00+05:30,58855.15,58877.7,58810.35,58841.95,0,0
2025-12-29 12:15:00+05:30,58838.1,58858.25,58813.6,58840.9,0,0
2025-12-29 12:45:00+05:30,58841.5,58893.8,58819.45,58855.5,0,0
2025-12-29 13:15:00+05:30,58858.1,58886.7,58809.55,58876.45,0,0
2025-12-29 13:45:00+05:30,58876.7,58968.1,58865.3,58909.9,0,0
2025-12-29 14:15:00+05:30,58913.75,58997.1,58872.2,58964.1,0,0
2025-12-29 14:45:00+05:30,58965.55,58974.4,58887.35,58928.5,0,0
2025-12-29 15:15:00+05:30,58923.5,58963.4,58916.75,58953.95,0,0
2025-12-30 09:15:00+05:30,58885.95,58961.45,58737.6,58844.75,0,0
2025-12-30 09:45:00+05:30,58844.55,58964.35,58767.85,58944.65,0,0
2025-12-30 10:15:00+05:30,58943.05,59076.1,58932.2,58934.2,0,0
2025-12-30 10:45:00+05:30,58935.85,58985.7,58883.35,58924.4,0,0
2025-12-30 11:15:00+05:30,58925.15,58984.0,58899.85,58982.7,0,0
2025-12-30 11:45:00+05:30,58981.05,58993.6,58860.55,58872.05,0,0
2025-12-30 12:15:00+05:30,58875.45,58960.15,58864.8,58931.6,0,0
2025-12-30 12:45:00+05:30,58932.45,58976.15,58883.2,58922.9,0,0
2025-12-30 13:15:00+05:30,58923.95,59063.5,58914.75,59057.5,0,0
2025-12-30 13:45:00+05:30,59053.35,59116.2,59023.9,59087.75,0,0
2025-12-30 14:15:00+05:30,59087.35,59135.35,59018.55,59115.3,0,0
2025-12-30 14:45:00+05:30,59119.2,59251.45,59064.1,59196.0,0,0
2025-12-30 15:15:00+05:30,59198.1,59272.7,59156.4,59253.95,0,0
2025-12-31 09:15:00+05:30,59194.6,59414.05,59187.1,59253.2,0,0
2025-12-31 09:45:00+05:30,59247.7,59354.05,59243.15,59349.4,0,0
2025-12-31 10:15:00+05:30,59355.25,59450.1,59313.7,59439.65,0,0
2025-12-31 10:45:00+05:30,59443.05,59496.65,59394.3,59453.2,0,0
2025-12-31 11:15:00+05:30,59450.85,59490.85,59400.35,59456.75,0,0
2025-12-31 11:45:00+05:30,59460.95,59527.1,59445.0,59514.6,0,0
2025-12-31 12:15:00+05:30,59514.1,59625.75,59511.1,59619.2,0,0
2025-12-31 12:45:00+05:30,59621.5,59742.35,59615.65,59705.5,0,0
2025-12-31 13:15:00+05:30,59705.55,59734.8,59616.7,59675.25,0,0
2025-12-31 13:45:00+05:30,59670.65,59748.6,59670.45,59729.95,0,0
2025-12-31 14:15:00+05:30,59727.25,59766.2,59658.35,59752.9,0,0
2025-12-31 14:45:00+05:30,59756.45,59757.45,59541.85,59584.55,0,0
2025-12-31 15:15:00+05:30,59587.0,59637.2,59557.8,59619.35,0,0
2026-01-01 09:15:00+05:30,59674.8,59720.0,59569.65,59706.0,0,0
2026-01-01 09:45:00+05:30,59707.8,59713.5,59631.65,59658.2,0,0
2026-01-01 10:15:00+05:30,59661.05,59739.15,59573.1,59719.0,0,0
2026-01-01 10:45:00+05:30,59719.7,59743.2,59666.6,59714.85,0,0
2026-01-01 11:15:00+05:30,59714.9,59738.3,59687.05,59690.3,0,0
2026-01-01 11:45:00+05:30,59691.8,59704.1,59624.45,59628.0,0,0
2026-01-01 12:15:00+05:30,59629.4,59698.8,59600.9,59660.6,0,0
2026-01-01 12:45:00+05:30,59660.85,59699.6,59643.05,59680.4,0,0
2026-01-01 13:15:00+05:30,59680.8,59703.5,59628.35,59678.95,0,0
2026-01-01 13:45:00+05:30,59681.3,59727.1,59666.9,59712.8,0,0
2026-01-01 14:15:00+05:30,59711.95,59730.5,59669.05,59686.4,0,0
2026-01-01 14:45:00+05:30,59690.45,59735.8,59668.5,59691.1,0,0
2026-01-01 15:15:00+05:30,59686.6,59721.75,59670.2,59707.55,0,0
2026-01-02 09:15:00+05:30,59757.4,60047.55,59738.25,60046.0,0,0
2026-01-02 09:45:00+05:30,60040.55,60062.75,59985.3,60015.65,0,0
2026-01-02 10:15:00+05:30,60013.85,60033.7,59978.05,60030.15,0,0
2026-01-02 10:45:00+05:30,60030.7,60031.85,59979.75,60015.05,0,0
2026-01-02 11:15:00+05:30,60011.05,60111.5,59994.85,60093.3,0,0
2026-01-02 11:45:00+05:30,60092.25,60147.2,60071.1,60145.4,0,0
2026-01-02 12:15:00+05:30,60143.9,60152.35,60083.65,60106.65,0,0
2026-01-02 12:45:00+05:30,60099.1,60130.15,60066.75,60106.25,0,0
2026-01-02 13:15:00+05:30,60106.3,60150.6,60094.2,60106.95,0,0
2026-01-02 13:45:00+05:30,60103.05,60126.0,60078.85,60104.9,0,0
2026-01-02 14:15:00+05:30,60105.95,60133.15,60002.1,60006.55,0,0
2026-01-02 14:45:00+05:30,60007.45,60126.15,59978.15,60110.85,0,0
2026-01-02 15:15:00+05:30,60107.35,60203.75,60102.35,60174.75,0,0
2026-01-05 09:15:00+05:30,60360.4,60437.35,60122.35,60222.7,0,0
2026-01-05 09:45:00+05:30,60224.5,60354.45,60176.05,60345.6,0,0
2026-01-05 10:15:00+05:30,60341.95,60357.0,60276.5,60317.35,0,0
2026-01-05 10:45:00+05:30,60317.05,60353.9,60270.8,60314.55,0,0
2026-01-05 11:15:00+05:30,60314.65,60319.75,60184.5,60266.8,0,0
2026-01-05 11:45:00+05:30,60267.85,60278.8,60200.5,60250.55,0,0
2026-01-05 12:15:00+05:30,60253.25,60272.2,60196.6,60208.35,0,0
2026-01-05 12:45:00+05:30,60208.15,60243.9,60127.15,60131.95,0,0
2026-01-05 13:15:00+05:30,60127.6,60151.6,60023.65,60067.0,0,0
2026-01-05 13:45:00+05:30,60065.7,60065.7,59859.8,59907.2,0,0
2026-01-05 14:15:00+05:30,59908.4,60061.85,59887.2,60055.35,0,0
2026-01-05 14:45:00+05:30,60056.0,60125.1,60020.75,60051.25,0,0
2026-01-05 15:15:00+05:30,60052.55,60056.05,59988.45,60055.5,0,0
2026-01-06 09:15:00+05:30,59957.8,60252.85,59834.3,60165.35,0,0
2026-01-06 09:45:00+05:30,60167.3,60303.15,60159.15,60276.75,0,0
2026-01-06 10:15:00+05:30,60274.85,60305.0,60193.45,60252.75,0,0
2026-01-06 10:45:00+05:30,60249.95,60280.3,60204.55,60226.7,0,0
2026-01-06 11:15:00+05:30,60225.3,60238.5,60090.4,60229.55,0,0
2026-01-06 11:45:00+05:30,60229.0,60260.6,60171.25,60230.0,0,0
2026-01-06 12:15:00+05:30,60228.3,60251.8,60158.3,60176.7,0,0
2026-01-06 12:45:00+05:30,60177.25,60241.2,60121.1,60197.15,0,0
2026-01-06 13:15:00+05:30,60193.7,60198.05,60076.35,60138.85,0,0
2026-01-06 13:45:00+05:30,60137.6,60175.6,60053.8,60076.6,0,0
2026-01-06 14:15:00+05:30,60076.45,60091.75,60006.15,60076.7,0,0
2026-01-06 14:45:00+05:30,60076.7,60143.0,60070.15,60136.8,0,0
2026-01-06 15:15:00+05:30,60134.9,60141.35,60095.8,60095.8,0,0
2026-01-07 09:15:00+05:30,60039.7,60052.85,59892.1,59900.55,0,0
2026-01-07 09:45:00+05:30,59901.45,59947.9,59861.35,59912.45,0,0
2026-01-07 10:15:00+05:30,59910.4,59984.05,59864.6,59952.6,0,0
2026-01-07 10:45:00+05:30,59952.7,60027.9,59919.5,59987.05,0,0
2026-01-07 11:15:00+05:30,59989.3,60065.4,59962.9,59998.15,0,0
2026-01-07 11:45:00+05:30,59999.0,60022.6,59896.1,59906.8,0,0
2026-01-07 12:15:00+05:30,59908.1,59938.6,59849.9,59858.1,0,0
2026-01-07 12:45:00+05:30,59859.0,59896.65,59841.05,59895.05,0,0
2026-01-07 13:15:00+05:30,59894.85,59900.4,59760.65,59800.15,0,0
2026-01-07 13:45:00+05:30,59801.45,59866.6,59770.0,59833.8,0,0
2026-01-07 14:15:00+05:30,59837.05,59944.5,59822.2,59930.3,0,0
2026-01-07 14:45:00+05:30,59932.1,60026.0,59894.7,60017.5,0,0
2026-01-07 15:15:00+05:30,60017.9,60026.0,59959.8,59976.85,0,0
2026-01-08 09:15:00+05:30,59893.15,60112.85,59777.6,60054.55,0,0
2026-01-08 09:45:00+05:30,60054.8,60060.8,59926.15,59959.55,0,0
2026-01-08 10:15:00+05:30,59961.75,60022.6,59909.7,59957.8,0,0
2026-01-08 10:45:00+05:30,59956.45,59994.0,59749.5,59786.3,0,0
2026-01-08 11:15:00+05:30,59785.85,59805.15,59689.7,59763.1,0,0
2026-01-08 11:45:00+05:30,59764.25,59770.75,59564.8,59701.15,0,0
2026-01-08 12:15:00+05:30,59697.45,59745.65,59649.0,59679.35,0,0
2026-01-08 12:45:00+05:30,59680.55,59732.2,59608.3,59716.75,0,0
2026-01-08 13:15:00+05:30,59713.65,59717.45,59635.45,59683.1,0,0
2026-01-08 13:45:00+05:30,59681.95,59781.75,59679.0,59779.25,0,0
2026-01-08 14:15:00+05:30,59777.95,59827.6,59708.65,59779.4,0,0
2026-01-08 14:45:00+05:30,59783.15,59793.15,59670.1,59688.3,0,0
2026-01-08 15:15:00+05:30,59688.35,59691.6,59621.9,59676.7,0,0
2026-01-09 09:15:00+05:30,59558.15,59739.65,59409.05,59516.8,0,0
2026-01-09 09:45:00+05:30,59511.4,59619.5,59465.15,59542.75,0,0
2026-01-09 10:15:00+05:30,59544.6,59625.15,59491.45,59542.55,0,0
2026-01-09 10:45:00+05:30,59543.45,59580.95,59420.15,59428.5,0,0
2026-01-09 11:15:00+05:30,59427.1,59486.25,59363.55,59390.75,0,0
2026-01-09 11:45:00+05:30,59390.9,59415.2,59343.55,59352.5,0,0
2026-01-09 12:15:00+05:30,59353.05,59388.4,59229.0,59263.85,0,0
2026-01-09 12:45:00+05:30,59262.45,59333.4,59230.55,59273.95,0,0
2026-01-09 13:15:00+05:30,59272.8,59329.1,59234.6,59253.15,0,0
2026-01-09 13:45:00+05:30,59254.75,59272.5,59197.25,59205.6,0,0
2026-01-09 14:15:00+05:30,59208.75,59238.1,59154.2,59211.85,0,0
2026-01-09 14:45:00+05:30,59211.65,59309.7,59191.95,59268.45,0,0
2026-01-09 15:15:00+05:30,59270.6,59273.15,59215.45,59269.35,0,0
2026-01-12 09:15:00+05:30,59217.25,59322.15,58982.75,59046.1,0,0
2026-01-12 09:45:00+05:30,59047.3,59147.95,59022.65,59043.25,0,0
2026-01-12 10:15:00+05:30,59043.05,59177.7,59036.65,59087.6,0,0
2026-01-12 10:45:00+05:30,59082.9,59125.1,59009.85,59013.45,0,0
2026-01-12 11:15:00+05:30,59014.65,59023.2,58874.65,58886.1,0,0
2026-01-12 11:45:00+05:30,58886.85,59072.85,58864.2,59072.0,0,0
2026-01-12 12:15:00+05:30,59074.55,59540.95,59046.75,59498.45,0,0
2026-01-12 12:45:00+05:30,59498.55,59536.0,59357.3,59498.35,0,0
2026-01-12 13:15:00+05:30,59494.3,59521.6,59396.3,59450.65,0,0
2026-01-12 13:45:00+05:30,59451.35,59484.9,59394.15,59409.2,0,0
2026-01-12 14:15:00+05:30,59410.75,59477.15,59303.75,59388.95,0,0
2026-01-12 14:45:00+05:30,59388.3,59507.0,59380.3,59424.05,0,0
2026-01-12 15:15:00+05:30,59423.25,59541.1,59422.9,59534.05,0,0
2026-01-13 09:15:00+05:30,59767.55,59767.55,59463.75,59529.5,0,0
2026-01-13 09:45:00+05:30,59529.1,59635.25,59464.9,59552.85,0,0
2026-01-13 10:15:00+05:30,59552.85,59697.75,59530.15,59592.05,0,0
2026-01-13 10:45:00+05:30,59587.3,59681.85,59553.95,59663.1,0,0
2026-01-13 11:15:00+05:30,59663.25,59728.65,59622.4,59684.15,0,0
2026-01-13 11:45:00+05:30,59681.75,59693.2,59537.45,59541.85,0,0
2026-01-13 12:15:00+05:30,59538.9,59606.85,59511.95,59541.3,0,0
2026-01-13 12:45:00+05:30,59539.4,59541.55,59324.55,59403.4,0,0
2026-01-13 13:15:00+05:30,59404.6,59457.3,59362.05,59437.2,0,0
2026-01-13 13:45:00+05:30,59437.2,59495.2,59313.0,59343.3,0,0
2026-01-13 14:15:00+05:30,59343.2,59506.65,59312.05,59481.3,0,0
2026-01-13 14:45:00+05:30,59481.55,59652.8,59475.4,59575.9,0,0
2026-01-13 15:15:00+05:30,59574.4,59607.75,59535.7,59542.35,0,0
2026-01-14 09:15:00+05:30,59330.35,59667.3,59324.2,59527.85,0,0
2026-01-14 09:45:00+05:30,59524.7,59623.4,59479.1,59483.85,0,0
2026-01-14 10:15:00+05:30,59483.3,59504.6,59366.65,59395.9,0,0
2026-01-14 10:45:00+05:30,59401.85,59596.05,59364.95,59575.0,0,0
2026-01-14 11:15:00+05:30,59577.1,59708.6,59553.5,59616.5,0,0
2026-01-14 11:45:00+05:30,59615.8,59661.0,59567.4,59577.0,0,0
2026-01-14 12:15:00+05:30,59578.2,59670.45,59549.05,59606.35,0,0
2026-01-14 12:45:00+05:30,59608.9,59752.25,59601.55,59730.75,0,0
2026-01-14 13:15:00+05:30,59732.9,59796.65,59623.9,59630.0,0,0
2026-01-14 13:45:00+05:30,59631.5,59658.8,59543.85,59627.3,0,0
2026-01-14 14:15:00+05:30,59629.9,59639.1,59457.0,59612.1,0,0
2026-01-14 14:45:00+05:30,59612.4,59717.0,59558.0,59564.7,0,0
2026-01-14 15:15:00+05:30,59580.6,59586.25,59546.3,59575.8,0,0
2026-01-16 09:15:00+05:30,59590.35,59854.15,59510.5,59849.65,0,0
2026-01-16 09:45:00+05:30,59849.65,60026.7,59843.35,60008.45,0,0
2026-01-16 10:15:00+05:30,60006.85,60160.85,60004.5,60064.8,0,0
2026-01-16 10:45:00+05:30,60064.15,60112.1,59993.0,60022.9,0,0
2026-01-16 11:15:00+05:30,60021.15,60118.7,60005.5,60026.45,0,0
2026-01-16 11:45:00+05:30,60026.1,60096.6,59998.45,60084.35,0,0
2026-01-16 12:15:00+05:30,60085.1,60094.85,59899.1,60047.3,0,0
2026-01-16 12:45:00+05:30,60050.65,60055.7,59927.85,59980.5,0,0
2026-01-16 13:15:00+05:30,59981.0,60079.8,59916.75,60033.85,0,0
2026-01-16 13:45:00+05:30,60031.5,60083.4,59969.35,60035.75,0,0
2026-01-16 14:15:00+05:30,60035.75,60112.45,59999.7,60092.45,0,0
2026-01-16 14:45:00+05:30,60093.05,60120.5,60046.85,60074.7,0,0
2026-01-16 15:15:00+05:30,60075.7,60235.15,60058.5,60110.5,0,0
2026-01-19 09:15:00+05:30,60093.3,60107.5,59744.2,59744.2,0,0
2026-01-19 09:45:00+05:30,59748.4,59814.05,59594.6,59668.85,0,0
2026-01-19 10:15:00+05:30,59664.5,59770.95,59655.85,59688.8,0,0
2026-01-19 10:45:00+05:30,59691.05,59809.3,59677.85,59726.75,0,0
2026-01-19 11:15:00+05:30,59727.1,59767.5,59681.15,59755.5,0,0
2026-01-19 11:45:00+05:30,59761.85,59802.3,59700.5,59769.65,0,0
2026-01-19 12:15:00+05:30,59770.1,59855.7,59766.15,59826.5,0,0
2026-01-19 12:45:00+05:30,59826.3,59903.45,59783.3,59857.65,0,0
2026-01-19 13:15:00+05:30,59852.7,59911.6,59774.1,59818.95,0,0
2026-01-19 13:45:00+05:30,59819.6,59989.25,59806.35,59849.1,0,0
2026-01-19 14:15:00+05:30,59848.55,59935.85,59834.25,59920.05,0,0
2026-01-19 14:45:00+05:30,59918.4,59974.8,59888.55,59910.5,0,0
2026-01-19 15:15:00+05:30,59910.8,59919.4,59798.45,59829.9,0,0
2026-01-20 09:15:00+05:30,59851.4,59993.5,59694.65,59722.7,0,0
2026-01-20 09:45:00+05:30,59723.95,59747.15,59621.95,59666.65,0,0
2026-01-20 10:15:00+05:30,59672.6,59760.95,59652.9,59693.1,0,0
2026-01-20 10:45:00+05:30,59695.3,59711.9,59630.5,59697.9,0,0
2026-01-20 11:15:00+05:30,59696.6,59739.05,59667.25,59728.05,0,0
2026-01-20 11:45:00+05:30,59729.3,59840.1,59673.65,59702.1,0,0
2026-01-20 12:15:00+05:30,59706.2,59727.1,59629.7,59634.1,0,0
2026-01-20 12:45:00+05:30,59633.05,59702.95,59623.1,59674.95,0,0
2026-01-20 13:15:00+05:30,59674.8,59721.25,59561.25,59589.5,0,0
2026-01-20 13:45:00+05:30,59587.85,59604.4,59482.6,59488.1,0,0
2026-01-20 14:15:00+05:30,59488.65,59600.85,59474.65,59524.2,0,0
2026-01-20 14:45:00+05:30,59523.95,59553.1,59382.6,59388.45,0,0
2026-01-20 15:15:00+05:30,59384.8,59452.0,59283.95,59372.3,0,0
2026-01-21 09:15:00+05:30,59142.0,59447.35,59122.65,59210.05,0,0
2026-01-21 09:45:00+05:30,59207.8,59239.3,58970.3,58983.25,0,0
2026-01-21 10:15:00+05:30,58976.6,58992.3,58759.4,58762.0,0,0
2026-01-21 10:45:00+05:30,58760.1,58765.0,58278.6,58627.1,0,0
2026-01-21 11:15:00+05:30,58629.4,58651.75,58514.45,58539.95,0,0
2026-01-21 11:45:00+05:30,58541.15,58778.2,58539.35,58773.75,0,0
2026-01-21 12:15:00+05:30,58773.65,59005.3,58671.0,58951.75,0,0
2026-01-21 12:45:00+05:30,58954.35,59270.2,58948.25,59019.9,0,0
2026-01-21 13:15:00+05:30,59027.3,59065.9,58859.1,58914.05,0,0
2026-01-21 13:45:00+05:30,58913.65,58940.6,58735.2,58764.05,0,0
2026-01-21 14:15:00+05:30,58768.35,58922.55,58732.3,58851.55,0,0
2026-01-21 14:45:00+05:30,58857.15,58900.45,58763.95,58778.45,0,0
2026-01-21 15:15:00+05:30,58776.35,58821.0,58728.1,58741.2,0,0
2026-01-22 09:15:00+05:30,59194.25,59573.1,59087.3,59490.9,0,0
2026-01-22 09:45:00+05:30,59486.25,59533.15,59299.2,59333.3,0,0
2026-01-22 10:15:00+05:30,59332.75,59353.2,58944.25,59105.7,0,0
2026-01-22 10:45:00+05:30,59107.4,59114.95,58862.45,58904.15,0,0
2026-01-22 11:15:00+05:30,58900.2,59067.25,58875.15,58891.85,0,0
2026-01-22 11:45:00+05:30,58889.1,59009.9,58823.05,58989.65,0,0
2026-01-22 12:15:00+05:30,58990.7,59151.55,58945.8,59088.3,0,0
2026-01-22 12:45:00+05:30,59093.6,59127.15,58899.0,58957.2,0,0
2026-01-22 13:15:00+05:30,58956.4,59079.8,58927.25,59032.0,0,0
2026-01-22 13:45:00+05:30,59030.65,59132.65,58994.1,59015.65,0,0
2026-01-22 14:15:00+05:30,59015.05,59238.05,58979.65,59174.5,0,0
2026-01-22 14:45:00+05:30,59173.8,59230.05,59058.55,59215.0,0,0
2026-01-22 15:15:00+05:30,59211.95,59310.35,59207.55,59257.55,0,0
2026-01-23 09:15:00+05:30,59305.15,59400.15,59090.25,59098.95,0,0
2026-01-23 09:45:00+05:30,59100.35,59160.2,59027.1,59082.0,0,0
2026-01-23 10:15:00+05:30,59086.45,59211.25,59032.8,59140.75,0,0
2026-01-23 10:45:00+05:30,59139.7,59242.8,59081.2,59209.2,0,0
2026-01-23 11:15:00+05:30,59207.9,59215.35,58956.15,58987.85,0,0
2026-01-23 11:45:00+05:30,58988.2,59008.35,58895.5,58931.65,0,0
2026-01-23 12:15:00+05:30,58927.85,59073.55,58927.85,59054.0,0,0
2026-01-23 12:45:00+05:30,59053.05,59124.65,58933.45,58986.7,0,0
2026-01-23 13:15:00+05:30,58987.35,58993.95,58580.85,58585.0,0,0
2026-01-23 13:45:00+05:30,58585.15,58621.9,58515.6,58537.2,0,0
2026-01-23 14:15:00+05:30,58539.9,58655.4,58445.9,58616.85,0,0
2026-01-23 14:45:00+05:30,58620.15,58651.7,58485.7,58517.05,0,0
2026-01-23 15:15:00+05:30,58518.5,58554.1,58346.25,58501.1,0,0
2026-01-27 09:15:00+05:30,58366.05,58649.3,58121.6,58647.95,0,0
2026-01-27 09:45:00+05:30,58645.3,58701.1,58512.25,58680.95,0,0
2026-01-27 10:15:00+05:30,58683.8,58780.05,58438.1,58455.1,0,0
2026-01-27 10:45:00+05:30,58454.9,58613.4,58375.55,58561.35,0,0
2026-01-27 11:15:00+05:30,58562.05,58856.75,58534.65,58843.9,0,0
2026-01-27 11:45:00+05:30,58835.7,58859.2,58618.0,58741.05,0,0
2026-01-27 12:15:00+05:30,58743.4,58793.25,58631.6,58666.75,0,0
2026-01-27 12:45:00+05:30,58668.7,58766.6,58589.25,58723.95,0,0
2026-01-27 13:15:00+05:30,58719.6,58824.15,58620.75,58684.8,0,0
2026-01-27 13:45:00+05:30,58687.65,58788.95,58634.7,58724.45,0,0
2026-01-27 14:15:00+05:30,58724.8,58933.15,58683.55,58892.05,0,0
2026-01-27 14:45:00+05:30,58892.75,59220.3,58892.75,59153.45,0,0
2026-01-27 15:15:00+05:30,59150.8,59436.8,59148.25,59348.25,0,0
2026-01-28 09:15:00+05:30,59575.65,59659.15,59445.7,59482.6,0,0
2026-01-28 09:45:00+05:30,59485.4,59575.3,59401.9,59447.45,0,0
2026-01-28 10:15:00+05:30,59444.45,59564.85,59390.3,59522.95,0,0
2026-01-28 10:45:00+05:30,59522.95,59626.6,59501.6,59568.85,0,0
2026-01-28 11:15:00+05:30,59570.25,59699.9,59555.25,59560.8,0,0
2026-01-28 11:45:00+05:30,59559.85,59623.1,59532.2,59554.85,0,0
2026-01-28 12:15:00+05:30,59554.85,59570.35,59463.45,59523.2,0,0
2026-01-28 12:45:00+05:30,59524.05,59537.15,59438.4,59512.7,0,0
2026-01-28 13:15:00+05:30,59514.5,59563.15,59287.8,59297.25,0,0
2026-01-28 13:45:00+05:30,59295.2,59383.8,59245.75,59304.4,0,0
2026-01-28 14:15:00+05:30,59304.25,59421.85,59240.1,59411.0,0,0
2026-01-28 14:45:00+05:30,59411.75,59624.25,59411.75,59574.35,0,0
2026-01-28 15:15:00+05:30,59571.7,59619.75,59551.7,59574.8,0,0
2026-01-29 09:15:00+05:30,59416.25,59504.55,59339.0,59477.8,0,0
2026-01-29 09:45:00+05:30,59475.35,59604.8,59405.1,59560.0,0,0
2026-01-29 10:15:00+05:30,59560.45,59603.35,59493.75,59530.7,0,0
2026-01-29 10:45:00+05:30,59530.95,59717.55,59518.3,59697.65,0,0
2026-01-29 11:15:00+05:30,59696.4,59765.7,59635.85,59679.4,0,0
2026-01-29 11:45:00+05:30,59680.3,59737.55,59611.4,59718.1,0,0
2026-01-29 12:15:00+05:30,59718.75,59819.7,59705.85,59742.6,0,0
2026-01-29 12:45:00+05:30,59747.75,59921.1,59727.45,59864.4,0,0
2026-01-29 13:15:00+05:30,59870.05,59917.25,59778.55,59915.25,0,0
2026-01-29 13:45:00+05:30,59920.3,59977.35,59872.2,59942.3,0,0
2026-01-29 14:15:00+05:30,59943.0,60016.05,59899.95,60000.6,0,0
2026-01-29 14:45:00+05:30,60000.6,60060.7,59884.0,59909.05,0,0
2026-01-29 15:15:00+05:30,59903.9,60017.2,59883.45,59980.4,0,0
2026-01-30 09:15:00+05:30,59542.25,59791.4,59535.4,59731.2,0,0
2026-01-30 09:45:00+05:30,59728.85,59895.5,59710.5,59894.6,0,0
2026-01-30 10:15:00+05:30,59894.0,59906.9,59765.5,59832.15,0,0
2026-01-30 10:45:00+05:30,59829.85,59879.7,59731.85,59752.75,0,0
2026-01-30 11:15:00+05:30,59752.75,59853.25,59685.7,59804.9,0,0
2026-01-30 11:45:00+05:30,59801.0,59818.3,59699.8,59815.2,0,0
2026-01-30 12:15:00+05:30,59814.65,59864.5,59759.45,59773.5,0,0
2026-01-30 12:45:00+05:30,59772.85,59793.7,59602.7,59604.25,0,0
2026-01-30 13:15:00+05:30,59603.2,59743.9,59501.8,59728.15,0,0
2026-01-30 13:45:00+05:30,59730.35,59804.6,59665.3,59777.75,0,0
2026-01-30 14:15:00+05:30,59777.9,59782.55,59661.2,59678.1,0,0
2026-01-30 14:45:00+05:30,59671.9,59775.85,59579.05,59614.05,0,0
2026-01-30 15:15:00+05:30,59612.4,59687.9,59557.65,59577.6,0,0
2026-02-01 09:15:00+05:30,59607.65,59638.7,59514.9,59590.0,0,0
2026-02-01 09:45:00+05:30,59591.85,59632.75,59390.5,59606.1,0,0
2026-02-01 10:15:00+05:30,59603.95,59796.35,59591.95,59714.95,0,0
2026-02-01 10:45:00+05:30,59716.05,59838.1,59671.4,59727.35,0,0
2026-02-01 11:15:00+05:30,59721.6,59865.7,59514.25,59531.45,0,0
2026-02-01 11:45:00+05:30,59530.5,59564.9,59197.1,59261.15,0,0
2026-02-01 12:15:00+05:30,59265.15,59273.95,57783.2,58856.8,0,0
2026-02-01 12:45:00+05:30,58842.85,59025.3,58707.1,58958.6,0,0
2026-02-01 13:15:00+05:30,58960.55,59053.8,58749.1,58826.4,0,0
2026-02-01 13:45:00+05:30,58828.1,58885.75,58696.1,58758.8,0,0
2026-02-01 14:15:00+05:30,58754.45,58919.55,58711.3,58780.65,0,0
2026-02-01 14:45:00+05:30,58778.1,58826.55,58465.75,58482.4,0,0
2026-02-01 15:15:00+05:30,58481.15,58485.7,58248.75,58353.75,0,0
2026-02-02 09:15:00+05:30,58239.3,58519.95,57916.2,58292.7,0,0
2026-02-02 09:45:00+05:30,58297.65,58477.1,58100.2,58254.05,0,0
2026-02-02 10:15:00+05:30,58251.3,58320.65,58172.2,58174.05,0,0
2026-02-02 10:45:00+05:30,58174.85,58209.15,57829.85,57974.45,0,0
2026-02-02 11:15:00+05:30,57971.9,58170.5,57848.5,58146.95,0,0
2026-02-02 11:45:00+05:30,58148.15,58261.25,58077.65,58250.1,0,0
2026-02-02 12:15:00+05:30,58250.1,58343.25,58115.85,58139.85,0,0
2026-02-02 12:45:00+05:30,58141.8,58289.4,58117.95,58207.65,0,0
2026-02-02 13:15:00+05:30,58206.4,58324.65,58004.5,58319.85,0,0
2026-02-02 13:45:00+05:30,58316.65,58438.0,58232.65,58317.15,0,0
2026-02-02 14:15:00+05:30,58317.9,58382.25,58232.2,58282.15,0,0
2026-02-02 14:45:00+05:30,58278.8,58635.9,58267.65,58604.6,0,0
2026-02-02 15:15:00+05:30,58609.7,58687.05,58552.7,58602.5,0,0
2026-02-03 09:15:00+05:30,61411.2,61764.85,59932.2,59946.6,0,0
2026-02-03 09:45:00+05:30,59944.2,60124.45,59793.2,59891.8,0,0
2026-02-03 10:15:00+05:30,59896.3,60205.7,59896.3,60142.3,0,0
2026-02-03 10:45:00+05:30,60143.7,60228.8,60081.35,60131.45,0,0
2026-02-03 11:15:00+05:30,60129.9,60264.15,60116.15,60215.7,0,0
2026-02-03 11:45:00+05:30,60215.8,60232.85,60138.85,60165.15,0,0
2026-02-03 12:15:00+05:30,60164.85,60185.55,60049.65,60113.1,0,0
2026-02-03 12:45:00+05:30,60115.8,60158.4,60087.8,60136.55,0,0
2026-02-03 13:15:00+05:30,60134.15,60191.85,60030.85,60175.1,0,0
2026-02-03 13:45:00+05:30,60175.8,60189.2,60072.7,60165.7,0,0
2026-02-03 14:15:00+05:30,60168.8,60184.75,60071.9,60097.65,0,0
2026-02-03 14:45:00+05:30,60097.8,60161.1,59973.95,60035.2,0,0
2026-02-03 15:15:00+05:30,60031.8,60107.95,59972.4,59986.7,0,0
2026-02-04 09:15:00+05:30,60163.35,60287.95,59891.75,60267.4,0,0
2026-02-04 09:45:00+05:30,60268.45,60327.1,60203.85,60264.4,0,0
2026-02-04 10:15:00+05:30,60265.85,60283.5,60137.55,60190.8,0,0
2026-02-04 10:45:00+05:30,60189.0,60278.75,60172.6,60200.7,0,0
2026-02-04 11:15:00+05:30,60201.4,60219.05,60136.3,60181.35,0,0
2026-02-04 11:45:00+05:30,60184.45,60247.85,60143.5,60235.9,0,0
2026-02-04 12:15:00+05:30,60235.35,60254.4,60152.8,60161.3,0,0
2026-02-04 12:45:00+05:30,60160.05,60208.95,60102.0,60196.3,0,0
2026-02-04 13:15:00+05:30,60197.2,60304.5,60176.95,60262.5,0,0
2026-02-04 13:45:00+05:30,60262.5,60330.3,60218.5,60329.0,0,0
2026-02-04 14:15:00+05:30,60325.45,60389.4,60314.25,60363.2,0,0
2026-02-04 14:45:00+05:30,60364.85,60369.1,60242.6,60269.9,0,0
2026-02-04 15:15:00+05:30,60271.35,60288.5,60135.3,60148.1,0,0
