datetime,open,high,low,close
2026-01-28T15:15:00+05:30,25329.75,25358.4,25329.75,25348.05
2026-01-28T14:45:00+05:30,25252.05,25344.5,25251.2,25329.65
2026-01-28T14:15:00+05:30,25208.65,25253.2,25201.1,25251.55
2026-01-28T13:45:00+05:30,25207.35,25242.8,25187.65,25209.05
2026-01-28T13:15:00+05:30,25276.6,25291.3,25207,25208.35
2026-01-28T12:45:00+05:30,25275.6,25281.05,25252.05,25276.25
2026-01-28T12:15:00+05:30,25313.8,25318.05,25258.95,25275.35
2026-01-28T11:45:00+05:30,25292.8,25339.5,25290.65,25313.8
2026-01-28T11:15:00+05:30,25325.35,25351.05,25292.3,25292.5
2026-01-28T10:45:00+05:30,25282.2,25330.6,25267.35,25325.6
2026-01-28T10:15:00+05:30,25248.3,25302.2,25234.05,25281.7
2026-01-28T09:45:00+05:30,25292.95,25316.4,25232.7,25248.1
2026-01-28T09:15:00+05:30,25258.85,25372.1,25225.7,25293
2026-01-27T15:15:00+05:30,25169.25,25246.65,25168.05,25234.1
2026-01-27T14:45:00+05:30,25088.9,25175.35,25088.3,25170.4
2026-01-27T14:15:00+05:30,25034.9,25108.65,25007.85,25087.6
2026-01-27T13:45:00+05:30,25046.15,25065.9,24998.25,25034.55
2026-01-27T13:15:00+05:30,25089.1,25132.25,25018,25045.25
2026-01-27T12:45:00+05:30,25081.2,25100.4,25056.5,25088.95
2026-01-27T12:15:00+05:30,25121.55,25138.2,25070.55,25079.55
2026-01-27T11:45:00+05:30,25154.15,25162.05,25083.6,25120.35
2026-01-27T11:15:00+05:30,25029.05,25157.85,25022.1,25154.65
2026-01-27T10:45:00+05:30,25028.85,25044.75,24979.05,25029.4
2026-01-27T10:15:00+05:30,25129.35,25184.95,25019.7,25030
2026-01-27T09:45:00+05:30,25148.8,25161.85,25083.35,25128.45
2026-01-27T09:15:00+05:30,25063.35,25147.6,24932.55,25147.6
2026-01-23T15:15:00+05:30,25046.5,25074.5,25025.3,25064.75
2026-01-23T14:45:00+05:30,25089.15,25106.15,25028.25,25045.85
2026-01-23T14:15:00+05:30,25064.05,25107.8,25041,25083.65
2026-01-23T13:45:00+05:30,25049.25,25078.05,25043.85,25063.4
2026-01-23T13:15:00+05:30,25196.65,25197.35,25047.75,25049.55
2026-01-23T12:45:00+05:30,25223.3,25243.8,25180.25,25196.4
2026-01-23T12:15:00+05:30,25185.95,25236.6,25185.95,25223.05
2026-01-23T11:45:00+05:30,25211.45,25224.65,25183.65,25185.2
2026-01-23T11:15:00+05:30,25285.3,25289.9,25209.6,25211.6
2026-01-23T10:45:00+05:30,25293.25,25300.4,25261.05,25284.9
2026-01-23T10:15:00+05:30,25280.55,25320.8,25251.55,25293.35
2026-01-23T09:45:00+05:30,25287.6,25312.55,25263.5,25281.7
2026-01-23T09:15:00+05:30,25344.6,25347.95,25249.1,25285.7
2026-01-22T15:15:00+05:30,25288.45,25332.35,25287.6,25320.45
2026-01-22T14:45:00+05:30,25284.1,25318.2,25238.8,25288.55
2026-01-22T14:15:00+05:30,25178.8,25295.9,25168.5,25284.45
2026-01-22T13:45:00+05:30,25204.05,25245,25176.95,25178.35
2026-01-22T13:15:00+05:30,25192.05,25227.55,25169.4,25204.55
2026-01-22T12:45:00+05:30,25244.75,25262.5,25190.45,25191.95
2026-01-22T12:15:00+05:30,25237.15,25277.5,25210.45,25244.95
2026-01-22T11:45:00+05:30,25205.9,25241.5,25177.85,25237.1
2026-01-22T11:15:00+05:30,25215.95,25280.55,25197.8,25206.85
2026-01-22T10:45:00+05:30,25294.85,25298.45,25201.9,25215.75
2026-01-22T10:15:00+05:30,25376.5,25388.55,25245.25,25295.35
2026-01-22T09:45:00+05:30,25395.05,25435.75,25363.3,25376
2026-01-22T09:15:00+05:30,25344.15,25425.7,25302.45,25395.95
2026-01-21T15:15:00+05:30,25155.2,25171.7,25140.55,25168.1
2026-01-21T14:45:00+05:30,25149,25182.5,25135.35,25155
2026-01-21T14:15:00+05:30,25137.45,25202.05,25119.85,25150.1
2026-01-21T13:45:00+05:30,25195.15,25208.9,25132.85,25136.7
2026-01-21T13:15:00+05:30,25237.6,25242.4,25173.35,25195.7
2026-01-21T12:45:00+05:30,25225.9,25300.95,25221.5,25237.45
2026-01-21T12:15:00+05:30,25135.15,25245.85,25118.5,25226.7
2026-01-21T11:45:00+05:30,25041,25136.15,25040.9,25136.15
2026-01-21T11:15:00+05:30,25055.4,25077.2,25024.45,25040.05
2026-01-21T10:45:00+05:30,25029.1,25070.1,24919.8,25054.75
2026-01-21T10:15:00+05:30,25153.8,25159.1,25026.2,25029
2026-01-21T09:45:00+05:30,25199.65,25212.3,25137.95,25153.25
2026-01-21T09:15:00+05:30,25141,25277.75,25130.15,25199.45
2026-01-20T15:15:00+05:30,25215.05,25239.3,25171.35,25225.35
2026-01-20T14:45:00+05:30,25344.65,25355.25,25213.85,25217.05
2026-01-20T14:15:00+05:30,25361.45,25394.1,25332.95,25344.15
2026-01-20T13:45:00+05:30,25372.75,25389.2,25347.55,25360.75
2026-01-20T13:15:00+05:30,25416.3,25436.15,25361.45,25372.45
2026-01-20T12:45:00+05:30,25411.95,25436.9,25405.1,25415.95
2026-01-20T12:15:00+05:30,25439.05,25444.45,25409,25409.75
2026-01-20T11:45:00+05:30,25470.95,25492.5,25427.25,25437.35
2026-01-20T11:15:00+05:30,25450.6,25472.9,25443.85,25469.7
2026-01-20T10:45:00+05:30,25483.45,25491.85,25446.25,25449.6
2026-01-20T10:15:00+05:30,25471.65,25504,25457.35,25482.45
2026-01-20T09:45:00+05:30,25468.95,25489.5,25432.6,25468.7
2026-01-20T09:15:00+05:30,25580.3,25585,25453.85,25467.5
2026-01-19T15:15:00+05:30,25592.25,25594.1,25545.4,25555.5
2026-01-19T14:45:00+05:30,25614.65,25636.3,25585.7,25591.15
2026-01-19T14:15:00+05:30,25589.65,25621.7,25586.5,25614.9
2026-01-19T13:45:00+05:30,25548.25,25630.65,25540.8,25590.3
2026-01-19T13:15:00+05:30,25533.4,25564.8,25522.35,25549.9
2026-01-19T12:45:00+05:30,25526.95,25565.25,25510.65,25534.65
2026-01-19T12:15:00+05:30,25532.4,25556.25,25511.45,25527
2026-01-19T11:45:00+05:30,25546.05,25549.9,25512.75,25532.65
2026-01-19T11:15:00+05:30,25538.15,25547,25508.7,25545.9
2026-01-19T10:45:00+05:30,25513.85,25564.2,25511.9,25538.4
2026-01-19T10:15:00+05:30,25526.55,25547.6,25494.35,25513.55
2026-01-19T09:45:00+05:30,25564.75,25585,25504.85,25527.9
2026-01-19T09:15:00+05:30,25653.1,25653.3,25528.3,25565.6
2026-01-16T15:15:00+05:30,25682.85,25710.75,25681.6,25701.9
2026-01-16T14:45:00+05:30,25711.05,25716.15,25682.45,25682.45
2026-01-16T14:15:00+05:30,25687.65,25720.45,25671.7,25710.2
2026-01-16T13:45:00+05:30,25697.15,25717.1,25667.4,25688.05
2026-01-16T13:15:00+05:30,25717.75,25723.1,25662.4,25696.35
2026-01-16T12:45:00+05:30,25759.5,25767.85,25704.1,25717.05
2026-01-16T12:15:00+05:30,25823.95,25829.2,25737.8,25759.55
2026-01-16T11:45:00+05:30,25798.65,25826.6,25770.25,25824.65
2026-01-16T11:15:00+05:30,25812.4,25830.65,25797.15,25798.45
2026-01-16T10:45:00+05:30,25844.8,25863.9,25801.85,25812.5
2026-01-16T10:15:00+05:30,25784.2,25873.5,25783.9,25844.55
2026-01-16T09:45:00+05:30,25726.2,25789.5,25715.2,25784.95
2026-01-16T09:15:00+05:30,25696.05,25743.25,25678.4,25725.75
2026-01-14T15:15:00+05:30,25655.25,25677.4,25648.3,25669.1
2026-01-14T14:45:00+05:30,25676.4,25715.65,25649.4,25652.85
2026-01-14T14:15:00+05:30,25663.25,25680.3,25603.95,25676.65
2026-01-14T13:45:00+05:30,25659.85,25670.85,25631.2,25663.2
2026-01-14T13:15:00+05:30,25746.75,25757.3,25658.8,25659.35
2026-01-14T12:45:00+05:30,25753.5,25769.45,25736.05,25747.15
2026-01-14T12:15:00+05:30,25743.7,25780.9,25734.5,25753.45
2026-01-14T11:45:00+05:30,25760.95,25791.75,25742.2,25743.35
2026-01-14T11:15:00+05:30,25723.7,25777.35,25720.3,25761.15
2026-01-14T10:45:00+05:30,25674.95,25737.9,25662,25726.25
2026-01-14T10:15:00+05:30,25697.9,25718.9,25661.35,25675
2026-01-14T09:45:00+05:30,25704.9,25761.5,25674.4,25696.8
2026-01-14T09:15:00+05:30,25648.55,25750.45,25638.35,25706.65
2026-01-13T15:15:00+05:30,25738.85,25749.65,25710.45,25714.2
2026-01-13T14:45:00+05:30,25692.9,25757.15,25687.8,25737.4
2026-01-13T14:15:00+05:30,25636.25,25702.3,25603.3,25692.65
2026-01-13T13:45:00+05:30,25675.25,25686.65,25620.95,25636.55
2026-01-13T13:15:00+05:30,25658.2,25681.2,25639.6,25676.15
2026-01-13T12:45:00+05:30,25704.25,25707.6,25627.4,25658.45
2026-01-13T12:15:00+05:30,25712.8,25734.4,25687.95,25704.05
2026-01-13T11:45:00+05:30,25788.45,25790.4,25712.95,25713.7
2026-01-13T11:15:00+05:30,25788,25819.3,25775.7,25789.7
2026-01-13T10:45:00+05:30,25766.9,25799.6,25754.95,25788.6
2026-01-13T10:15:00+05:30,25738.9,25827.05,25726.1,25767.7
2026-01-13T09:45:00+05:30,25732.4,25789.75,25700.85,25738.1
2026-01-13T09:15:00+05:30,25897.35,25899.8,25709.85,25730.2
2026-01-12T15:15:00+05:30,25778.3,25807.95,25778.3,25806.1
2026-01-12T14:45:00+05:30,25760.35,25813.15,25755.2,25778.5
2026-01-12T14:15:00+05:30,25727.95,25770.9,25704.65,25760.8
2026-01-12T13:45:00+05:30,25730.55,25748.5,25715.1,25728.45
2026-01-12T13:15:00+05:30,25721.8,25757.9,25687.25,25730.45
2026-01-12T12:45:00+05:30,25723.35,25738.4,25673.1,25722.3
2026-01-12T12:15:00+05:30,25577.5,25737.25,25566.25,25723.05
2026-01-12T11:45:00+05:30,25481.45,25578.9,25474.5,25578.3
2026-01-12T11:15:00+05:30,25531.9,25532.95,25473.4,25480.6
2026-01-12T10:45:00+05:30,25561.8,25582.65,25529.55,25532.85
2026-01-12T10:15:00+05:30,25556.9,25598.2,25545.95,25563.15
2026-01-12T09:45:00+05:30,25558.4,25608.55,25546,25556.9
2026-01-12T09:15:00+05:30,25669.05,25700.95,25529.05,25557.6
2026-01-09T15:15:00+05:30,25694.15,25703.7,25677.05,25703.7
2026-01-09T14:45:00+05:30,25658.75,25703,25657.25,25695.05
2026-01-09T14:15:00+05:30,25662.85,25675.85,25623,25657.3
2026-01-09T13:45:00+05:30,25684.9,25692.95,25658.75,25660.15
2026-01-09T13:15:00+05:30,25691.05,25730.4,25681.3,25683.8
2026-01-09T12:45:00+05:30,25688.95,25699.45,25665.15,25691.05
2026-01-09T12:15:00+05:30,25740.45,25756.65,25674.5,25689.15
2026-01-09T11:45:00+05:30,25754.95,25761.75,25734.1,25739.35
2026-01-09T11:15:00+05:30,25800.15,25821.65,25753.7,25755.35
2026-01-09T10:45:00+05:30,25856.85,25868.4,25798.8,25799
2026-01-09T10:15:00+05:30,25858,25896.85,25838.55,25856.45
2026-01-09T09:45:00+05:30,25876.85,25901.95,25849.65,25856.6
2026-01-09T09:15:00+05:30,25840.4,25940.6,25818.35,25876.7
2026-01-08T15:15:00+05:30,25878.05,25882.15,25858.45,25868.9
2026-01-08T14:45:00+05:30,25928.55,25940.2,25860.2,25878.05
2026-01-08T14:15:00+05:30,25926.3,25946.2,25900.45,25928.2
2026-01-08T13:45:00+05:30,25907.3,25942.2,25905.2,25926.95
2026-01-08T13:15:00+05:30,25925.25,25928.2,25886.4,25907.6
2026-01-08T12:45:00+05:30,25924.75,25928.5,25900.75,25926.1
2026-01-08T12:15:00+05:30,25934,25945.4,25912.25,25924.45
2026-01-08T11:45:00+05:30,25974.2,25978.5,25884.15,25933.75
2026-01-08T11:15:00+05:30,26001.65,26008.2,25961.8,25974.15
2026-01-08T10:45:00+05:30,26031.85,26035.75,26000.95,26003.8
2026-01-08T10:15:00+05:30,26061.8,26062,26025,26031.6
2026-01-08T09:45:00+05:30,26090.65,26099.1,26047.9,26061.15
2026-01-08T09:15:00+05:30,26106.5,26133.2,26049.85,26090.7
2026-01-07T15:15:00+05:30,26153.4,26153.6,26133.75,26142.9
2026-01-07T14:45:00+05:30,26109.35,26152.95,26094.1,26151.8
2026-01-07T14:15:00+05:30,26099.25,26111.45,26083.2,26109
2026-01-07T13:45:00+05:30,26076.6,26106.15,26070.7,26098.85
2026-01-07T13:15:00+05:30,26103.25,26104.85,26067.9,26076.1
2026-01-07T12:45:00+05:30,26083.45,26114,26077,26102.9
2026-01-07T12:15:00+05:30,26112.55,26115.55,26078.55,26083.25
2026-01-07T11:45:00+05:30,26143.8,26144.35,26106.2,26112.1
2026-01-07T11:15:00+05:30,26151.7,26166.45,26131.8,26143.2
2026-01-07T10:45:00+05:30,26142.4,26184.75,26133.8,26151.6
2026-01-07T10:15:00+05:30,26167.75,26187.15,26125.2,26141.9
2026-01-07T09:45:00+05:30,26108.1,26168.2,26096.65,26167.25
2026-01-07T09:15:00+05:30,26143.1,26166,26104.3,26108.2
2026-01-06T15:15:00+05:30,26175,26186.5,26170.85,26174.65
2026-01-06T14:45:00+05:30,26149.8,26187.7,26147.65,26175.95
2026-01-06T14:15:00+05:30,26133.25,26153.85,26124.75,26149.7
2026-01-06T13:45:00+05:30,26163.65,26179.7,26125.8,26133.15
2026-01-06T13:15:00+05:30,26173.95,26174.7,26147.15,26164.1
2026-01-06T12:45:00+05:30,26163.75,26195,26156.2,26174.7
2026-01-06T12:15:00+05:30,26167.5,26169.8,26150.15,26163.7
2026-01-06T11:45:00+05:30,26193,26200.2,26153,26167.65
2026-01-06T11:15:00+05:30,26194.8,26196.6,26141.05,26193.6
2026-01-06T10:45:00+05:30,26211.75,26222.15,26192.65,26194.45
2026-01-06T10:15:00+05:30,26242.2,26252.9,26201.35,26212.1
2026-01-06T09:45:00+05:30,26199.3,26273.95,26197.8,26243.25
2026-01-06T09:15:00+05:30,26189.7,26238.6,26144.7,26199.35
2026-01-05T15:15:00+05:30,26249.85,26250.55,26232.6,26244.65
2026-01-05T14:45:00+05:30,26257.15,26282.9,26243.3,26249.25
2026-01-05T14:15:00+05:30,26226.8,26258.7,26210.8,26257.15
2026-01-05T13:45:00+05:30,26296.1,26296.1,26210.05,26226.75
2026-01-05T13:15:00+05:30,26308.15,26312.9,26279.85,26296.3
2026-01-05T12:45:00+05:30,26332.85,26349.35,26307.8,26308.75
2026-01-05T12:15:00+05:30,26334.2,26343.35,26329.5,26333.05
2026-01-05T11:45:00+05:30,26338.7,26341.15,26311.5,26333.2
2026-01-05T11:15:00+05:30,26358.95,26361.35,26313.85,26338.7
2026-01-05T10:45:00+05:30,26348.5,26365,26343.4,26359.25
2026-01-05T10:15:00+05:30,26339.1,26373.2,26333.95,26348.4
2026-01-05T09:45:00+05:30,26280.1,26342.3,26274,26339.15
2026-01-05T09:15:00+05:30,26333.7,26358.25,26263.6,26279.25
2026-01-02T15:15:00+05:30,26322.7,26340,26319.5,26335.7
2026-01-02T14:45:00+05:30,26272.1,26332.15,26265.85,26324.75
2026-01-02T14:15:00+05:30,26302.6,26315.05,26267.2,26271.8
2026-01-02T13:45:00+05:30,26304.7,26310.95,26295.8,26302.8
2026-01-02T13:15:00+05:30,26302.75,26314.55,26298.95,26304.6
2026-01-02T12:45:00+05:30,26301.65,26305.9,26286.7,26302.75
2026-01-02T12:15:00+05:30,26287.1,26312.4,26277,26303.05
2026-01-02T11:45:00+05:30,26285.6,26298.7,26275.05,26287.6
2026-01-02T11:15:00+05:30,26253.3,26289.05,26252.75,26285.5
2026-01-02T10:45:00+05:30,26253.7,26267.85,26243.3,26254.05
2026-01-02T10:15:00+05:30,26254.9,26266.2,26235.05,26253.65
2026-01-02T09:45:00+05:30,26248.35,26272.85,26238.65,26254.65
2026-01-02T09:15:00+05:30,26155.1,26249.65,26118.4,26248.05
2026-01-01T15:15:00+05:30,26142.55,26146.2,26126.8,26140.25
2026-01-01T14:45:00+05:30,26160.35,26168.6,26135.95,26142.85
2026-01-01T14:15:00+05:30,26166.85,26178,26149.3,26159.65
2026-01-01T13:45:00+05:30,26146.1,26176.2,26139.25,26168
2026-01-01T13:15:00+05:30,26150.8,26167.95,26129.7,26146.8
2026-01-01T12:45:00+05:30,26141.6,26162.55,26140.5,26151.45
2026-01-01T12:15:00+05:30,26124.35,26155.9,26113.4,26142.3
2026-01-01T11:45:00+05:30,26144.1,26158.2,26123.95,26125
2026-01-01T11:15:00+05:30,26170.5,26177.75,26142.6,26144.85
2026-01-01T10:45:00+05:30,26161.1,26185.6,26157.45,26170.5
2026-01-01T10:15:00+05:30,26151.65,26173.5,26117.7,26161.35
2026-01-01T09:45:00+05:30,26178.25,26197.55,26147,26151.15
2026-01-01T09:15:00+05:30,26173.3,26195.35,26149.25,26181.55
2025-12-31T15:15:00+05:30,26124.2,26141.85,26121.55,26141.85
2025-12-31T14:45:00+05:30,26184.15,26187.95,26115.05,26122.95
2025-12-31T14:15:00+05:30,26166,26185.3,26144.4,26184
2025-12-31T13:45:00+05:30,26146.5,26179.3,26146.5,26167
2025-12-31T13:15:00+05:30,26154.5,26164.2,26135.9,26149
2025-12-31T12:45:00+05:30,26121.4,26156.45,26120.9,26155.35
2025-12-31T12:15:00+05:30,26089.9,26123.35,26083.55,26122.6
2025-12-31T11:45:00+05:30,26068.7,26091.8,26058.75,26089.55
2025-12-31T11:15:00+05:30,26055.45,26071.4,26040.35,26068.55
2025-12-31T10:45:00+05:30,26042.4,26057.5,26029.9,26055.8
2025-12-31T10:15:00+05:30,25998.35,26047.25,25998.35,26040.95
2025-12-31T09:45:00+05:30,25973.65,26000.95,25969,25997
2025-12-31T09:15:00+05:30,25971.05,26028,25970.75,25973.25
2025-12-30T15:15:00+05:30,25940.45,25976.75,25936.6,25970.55
2025-12-30T14:45:00+05:30,25942.6,25957.35,25915.45,25942
2025-12-30T14:15:00+05:30,25942.25,25958.35,25915.45,25942.8
2025-12-30T13:45:00+05:30,25935.5,25960.35,25932.15,25943.6
2025-12-30T13:15:00+05:30,25891.2,25940.85,25887.8,25935.35
2025-12-30T12:45:00+05:30,25900.25,25913.65,25879.9,25890.35
2025-12-30T12:15:00+05:30,25885.45,25906.65,25881.8,25899.75
2025-12-30T11:45:00+05:30,25907.95,25917.45,25883,25884.8
2025-12-30T11:15:00+05:30,25921.7,25928.05,25892.5,25907.95
2025-12-30T10:45:00+05:30,25949.1,25949.95,25910.35,25921.45
2025-12-30T10:15:00+05:30,25943.75,25975.85,25943.4,25949.3
2025-12-30T09:45:00+05:30,25939.95,25954.7,25906.3,25943.25
2025-12-30T09:15:00+05:30,25940.9,25956.15,25878,25939.75
2025-12-29T15:15:00+05:30,25943.35,25953.35,25936,25949.8
2025-12-29T14:45:00+05:30,25936.9,25951.05,25920.3,25944.05
2025-12-29T14:15:00+05:30,25942.95,25972.45,25924.7,25936.1
2025-12-29T13:45:00+05:30,25940.85,25961.05,25937.15,25943.35
2025-12-29T13:15:00+05:30,25954.7,25956.9,25930.45,25940.4
2025-12-29T12:45:00+05:30,25960.55,25972,25952,25954.35
2025-12-29T12:15:00+05:30,25979.9,25982.05,25954.85,25959.7
2025-12-29T11:45:00+05:30,25976.5,25990.1,25969.05,25979.9
2025-12-29T11:15:00+05:30,25983.9,25984.25,25964.85,25976
2025-12-29T10:45:00+05:30,26003.65,26011.8,25979,25983.7
2025-12-29T10:15:00+05:30,26035.6,26037.75,26000.4,26003.4
2025-12-29T09:45:00+05:30,26079.75,26087.15,26026.75,26034.55
2025-12-29T09:15:00+05:30,26063.35,26106.8,26044.15,26080.4
2025-12-26T15:15:00+05:30,26048.25,26052.45,26031.05,26047.65
2025-12-26T14:45:00+05:30,26017.15,26051.35,26008.6,26048.3
2025-12-26T14:15:00+05:30,26042.5,26046,26013.55,26017.35
2025-12-26T13:45:00+05:30,26048.15,26054.35,26032.4,26044.15
2025-12-26T13:15:00+05:30,26041.75,26053.3,26041.75,26048.7
2025-12-26T12:45:00+05:30,26038.3,26044.1,26030.85,26042.15
2025-12-26T12:15:00+05:30,26062,26067.1,26034.3,26039.75
2025-12-26T11:45:00+05:30,26052.6,26064.65,26048.35,26062.25
2025-12-26T11:15:00+05:30,26072.3,26074.45,26049.8,26053.15
2025-12-26T10:45:00+05:30,26093.35,26095.05,26067.5,26072.8
2025-12-26T10:15:00+05:30,26090.35,26097.6,26078.45,26093.1
2025-12-26T09:45:00+05:30,26086.85,26102.1,26071.55,26091.45
2025-12-26T09:15:00+05:30,26121.25,26144.2,26081.7,26085.7
2025-12-24T15:15:00+05:30,26155.9,26157.65,26129.9,26141.65
2025-12-24T14:45:00+05:30,26140.3,26166.55,26123,26154.8
2025-12-24T14:15:00+05:30,26160.6,26162.5,26123.9,26139.7
2025-12-24T13:45:00+05:30,26159.1,26168.65,26139.45,26158.5
2025-12-24T13:15:00+05:30,26181,26181.5,26151.1,26160.1
2025-12-24T12:45:00+05:30,26192.35,26198.15,26173.2,26181.05
2025-12-24T12:15:00+05:30,26191.85,26209.1,26187.85,26193.1
2025-12-24T11:45:00+05:30,26186.7,26198.05,26178.65,26192
2025-12-24T11:15:00+05:30,26210.3,26221,26184.15,26185.45
2025-12-24T10:45:00+05:30,26220.1,26223.85,26198.05,26210.15
2025-12-24T10:15:00+05:30,26228.5,26236.4,26218.3,26218.3
2025-12-24T09:45:00+05:30,26217.6,26228.65,26203.35,26227.2
2025-12-24T09:15:00+05:30,26170.65,26229.55,26141.4,26215.7
2025-12-23T15:15:00+05:30,26181.95,26187.65,26158.95,26165.95
2025-12-23T14:45:00+05:30,26166.85,26206.65,26158.7,26184
2025-12-23T14:15:00+05:30,26203.95,26233.55,26166.85,26167.2
2025-12-23T13:45:00+05:30,26184.4,26206.1,26180.45,26203.4
2025-12-23T13:15:00+05:30,26187.65,26195.8,26179.8,26184
2025-12-23T12:45:00+05:30,26176.15,26198.95,26173.4,26186.65
2025-12-23T12:15:00+05:30,26187.8,26190.8,26167.1,26175.65
2025-12-23T11:45:00+05:30,26170.8,26195.45,26157.55,26187.4
2025-12-23T11:15:00+05:30,26190.85,26196.95,26166.8,26170.25
2025-12-23T10:45:00+05:30,26183,26195.45,26171.6,26189.75
2025-12-23T10:15:00+05:30,26185.6,26186.4,26162.8,26180.95
2025-12-23T09:45:00+05:30,26125.35,26196.6,26119.05,26184.65
2025-12-23T09:15:00+05:30,26205.2,26206.55,26120.65,26124.5
2025-12-22T15:15:00+05:30,26174.95,26176.45,26160.95,26162.75
2025-12-22T14:45:00+05:30,26159.35,26180.7,26154.4,26174.8
2025-12-22T14:15:00+05:30,26143.85,26179.15,26128.55,26159.25
2025-12-22T13:45:00+05:30,26144,26152.6,26125.85,26143.5
2025-12-22T13:15:00+05:30,26141.45,26157.95,26138.4,26144.35
2025-12-22T12:45:00+05:30,26121.8,26152.9,26111.75,26139.95
2025-12-22T12:15:00+05:30,26134.65,26154.45,26121.85,26121.85
2025-12-22T11:45:00+05:30,26134,26148.4,26132.35,26134.55
2025-12-22T11:15:00+05:30,26124.1,26139.4,26117.4,26133.9
2025-12-22T10:45:00+05:30,26123.7,26148.15,26119.8,26123.95
2025-12-22T10:15:00+05:30,26128.85,26134.8,26118.2,26124.1
2025-12-22T09:45:00+05:30,26124.45,26142,26111.9,26129.25
2025-12-22T09:15:00+05:30,26055.85,26136.9,26047.8,26124.2
2025-12-19T15:15:00+05:30,25968.5,25974.25,25955.6,25961.4
2025-12-19T14:45:00+05:30,25973.95,25983.05,25945.45,25969.85
2025-12-19T14:15:00+05:30,25967.95,25993.35,25963.55,25974.2
2025-12-19T13:45:00+05:30,25976.6,25985.2,25961.3,25967.5
2025-12-19T13:15:00+05:30,25930.3,25978.35,25926.8,25977.65
2025-12-19T12:45:00+05:30,25954.1,25959.3,25920.8,25930.2
2025-12-19T12:15:00+05:30,25944.55,25962.4,25929.55,25953.65
2025-12-19T11:45:00+05:30,25913.4,25955.7,25905.6,25943.95
2025-12-19T11:15:00+05:30,25953.5,25960.4,25913.4,25913.4
2025-12-19T10:45:00+05:30,25974.85,25979.25,25939.85,25954.75
2025-12-19T10:15:00+05:30,25935.45,25977.7,25931.35,25974.85
2025-12-19T09:45:00+05:30,25956.45,25970.4,25929.05,25935.6
2025-12-19T09:15:00+05:30,25911.5,25968.7,25880.45,25956.4
2025-12-18T15:15:00+05:30,25821.25,25826.2,25806.7,25815.65
2025-12-18T14:45:00+05:30,25792.5,25829.75,25770.85,25820.4
2025-12-18T14:15:00+05:30,25805.3,25833.95,25779.25,25792.55
2025-12-18T13:45:00+05:30,25845.9,25862.85,25802.15,25805.25
2025-12-18T13:15:00+05:30,25880,25880,25839.9,25844.55
2025-12-18T12:45:00+05:30,25894.15,25902.35,25873.1,25879.8
2025-12-18T12:15:00+05:30,25878.95,25899.05,25861.65,25893.85
2025-12-18T11:45:00+05:30,25851.7,25882.9,25842.15,25878.8
2025-12-18T11:15:00+05:30,25831.45,25860.5,25821.7,25851.55
2025-12-18T10:45:00+05:30,25852.85,25858.85,25825.8,25831.7
2025-12-18T10:15:00+05:30,25792.3,25863.95,25785.65,25852.4
2025-12-18T09:45:00+05:30,25745.1,25797.5,25726.3,25791.15
2025-12-18T09:15:00+05:30,25764.7,25827.15,25742.6,25745.1
2025-12-17T15:15:00+05:30,25817.15,25835.75,25809.2,25821.8
2025-12-17T14:45:00+05:30,25792,25831.55,25790.9,25816.25
2025-12-17T14:15:00+05:30,25799.5,25832.65,25770.35,25793.25
2025-12-17T13:45:00+05:30,25787.1,25800.25,25780.9,25798.5
2025-12-17T13:15:00+05:30,25792.25,25826.15,25781.75,25786.5
2025-12-17T12:45:00+05:30,25794.9,25812.85,25779.55,25791.45
2025-12-17T12:15:00+05:30,25796.6,25809.15,25783.75,25795.3
2025-12-17T11:45:00+05:30,25828.3,25851.3,25789.05,25796.25
2025-12-17T11:15:00+05:30,25843.25,25850.75,25806.7,25827.95
2025-12-17T10:45:00+05:30,25818.95,25843.6,25801.8,25842.05
2025-12-17T10:15:00+05:30,25840,25851.75,25809.1,25819.6
2025-12-17T09:45:00+05:30,25880.1,25890,25823.95,25840.15
2025-12-17T09:15:00+05:30,25902.4,25929.15,25855.65,25880.2
2025-12-16T15:15:00+05:30,25858.75,25858.75,25834.35,25851.35
2025-12-16T14:45:00+05:30,25866.45,25902.05,25854.75,25856.05
2025-12-16T14:15:00+05:30,25883.8,25884.55,25848.15,25865.9
2025-12-16T13:45:00+05:30,25904.95,25929.15,25875.9,25883.25
2025-12-16T13:15:00+05:30,25887.65,25916.25,25876.3,25905.15
2025-12-16T12:45:00+05:30,25893.7,25901,25875.85,25886.85
2025-12-16T12:15:00+05:30,25887.05,25914.45,25880.25,25894.35
2025-12-16T11:45:00+05:30,25875.65,25891,25870.45,25887.5
2025-12-16T11:15:00+05:30,25898.25,25911.2,25872.6,25875.1
2025-12-16T10:45:00+05:30,25904.85,25911.5,25890.85,25898.8
2025-12-16T10:15:00+05:30,25892.45,25922.7,25888.15,25905.3
2025-12-16T09:45:00+05:30,25926,25943.75,25879.3,25892.85
2025-12-16T09:15:00+05:30,25951.5,25980.75,25901.65,25926.65
2025-12-15T15:15:00+05:30,26029.85,26031.55,26013.35,26014
2025-12-15T14:45:00+05:30,26035.2,26047.15,26019.55,26030.05
2025-12-15T14:15:00+05:30,26009.5,26035.65,26007.4,26035.65
2025-12-15T13:45:00+05:30,26025.6,26038.05,25990.15,26009.85
2025-12-15T13:15:00+05:30,26041.95,26043.95,26023.4,26025.45
2025-12-15T12:45:00+05:30,26009.95,26045,26003.45,26042.1
2025-12-15T12:15:00+05:30,26019.55,26029.95,26007.7,26010.15
2025-12-15T11:45:00+05:30,25971.2,26028.25,25969.85,26018.55
2025-12-15T11:15:00+05:30,25980.85,25995.55,25961.55,25971
2025-12-15T10:45:00+05:30,25968.4,25997.55,25965.95,25980.95
2025-12-15T10:15:00+05:30,25961.35,25981.3,25946.95,25968.15
2025-12-15T09:45:00+05:30,25916.8,25962.2,25904.75,25961.35
2025-12-15T09:15:00+05:30,25930.05,26007.2,25910.25,25917.15
2025-12-12T15:15:00+05:30,26053.35,26054.5,26037.15,26043
2025-12-12T14:45:00+05:30,26027.2,26057.6,26015.8,26053.95
2025-12-12T14:15:00+05:30,26043.15,26045.5,26018.7,26026.95
2025-12-12T13:45:00+05:30,26023.5,26056.3,26018.05,26042.9
2025-12-12T13:15:00+05:30,26035.2,26035.8,26008.95,26023.1
2025-12-12T12:45:00+05:30,26016.8,26035.05,26009.05,26034.7
2025-12-12T12:15:00+05:30,26014.2,26037.85,26007.55,26016.75
2025-12-12T11:45:00+05:30,26014.15,26037.85,25998.95,26014.2
2025-12-12T11:15:00+05:30,25991.7,26020.95,25989.25,26014.65
2025-12-12T10:45:00+05:30,25962.55,26000.25,25949.15,25990.8
2025-12-12T10:15:00+05:30,25989.9,26008.25,25938.45,25960.85
2025-12-12T09:45:00+05:30,26024.6,26027.25,25968.6,25989.15
2025-12-12T09:15:00+05:30,25971.2,26038.4,25963.1,26024.85
2025-12-11T15:15:00+05:30,25895.1,25903.4,25891.05,25898.4
2025-12-11T14:45:00+05:30,25881.1,25907.8,25848.25,25895.45
2025-12-11T14:15:00+05:30,25863.25,25922.8,25863.25,25880.55
2025-12-11T13:45:00+05:30,25874,25901.85,25860.6,25866.2
2025-12-11T13:15:00+05:30,25854.05,25889.8,25850.55,25873.8
2025-12-11T12:45:00+05:30,25900.55,25903.4,25840.8,25855.15
2025-12-11T12:15:00+05:30,25878.6,25919.2,25869,25899.85
2025-12-11T11:45:00+05:30,25833.6,25889.9,25819.45,25876.6
2025-12-11T11:15:00+05:30,25797.5,25836.95,25789.9,25833.7
2025-12-11T10:45:00+05:30,25826.5,25844.5,25764.5,25797.45
2025-12-11T10:15:00+05:30,25805.5,25841.4,25788.55,25825.35
2025-12-11T09:45:00+05:30,25711.45,25807.75,25695.45,25807.55
2025-12-11T09:15:00+05:30,25771.4,25803.05,25693.25,25712.25
2025-12-10T15:15:00+05:30,25761.4,25767.4,25742.65,25742.65
2025-12-10T14:45:00+05:30,25752.5,25776.9,25739.4,25760.1
2025-12-10T14:15:00+05:30,25758.45,25788.7,25734.55,25751.05
2025-12-10T13:45:00+05:30,25825.35,25829.4,25750.15,25758.5
2025-12-10T13:15:00+05:30,25802.3,25850.2,25801.35,25825.05
2025-12-10T12:45:00+05:30,25772.55,25810.75,25768.9,25801.85
2025-12-10T12:15:00+05:30,25830.7,25839.35,25768,25771.55
2025-12-10T11:45:00+05:30,25840.25,25859.95,25817.35,25830.65
2025-12-10T11:15:00+05:30,25876.05,25880.8,25831.7,25839.25
2025-12-10T10:45:00+05:30,25922.2,25923.35,25822.35,25874.65
2025-12-10T10:15:00+05:30,25920.8,25947.65,25907.25,25921.45
2025-12-10T09:45:00+05:30,25906.1,25922.25,25876.65,25919.85
2025-12-10T09:15:00+05:30,25864.05,25916.9,25832.65,25905.75
2025-12-09T15:15:00+05:30,25836.35,25847.7,25831.8,25841.75
2025-12-09T14:45:00+05:30,25826.8,25855.6,25811.55,25835.35
2025-12-09T14:15:00+05:30,25886.1,25886.1,25801.6,25826
2025-12-09T13:45:00+05:30,25891.15,25903.5,25866.5,25884.65
2025-12-09T13:15:00+05:30,25877,25907.4,25864.35,25889.85
2025-12-09T12:45:00+05:30,25885.1,25891.45,25852,25875.55
2025-12-09T12:15:00+05:30,25893.1,25923.65,25869.95,25883.45
2025-12-09T11:45:00+05:30,25823.75,25899.95,25817.8,25892.15
2025-12-09T11:15:00+05:30,25865.15,25875.45,25823.2,25823.2
2025-12-09T10:45:00+05:30,25813.85,25868.15,25790,25865
2025-12-09T10:15:00+05:30,25784.1,25848.85,25778.85,25812.75
2025-12-09T09:45:00+05:30,25758.7,25790.75,25728,25784.05
2025-12-09T09:15:00+05:30,25867.1,25890.95,25754.65,25760.1
2025-12-08T15:15:00+05:30,25970.3,25973.35,25918.2,25932.8
2025-12-08T14:45:00+05:30,25929.1,25984.1,25922.25,25971.15
2025-12-08T14:15:00+05:30,25914.05,25933.25,25892.25,25928.7
2025-12-08T13:45:00+05:30,25923,25943.2,25908.45,25914.4
2025-12-08T13:15:00+05:30,26030.8,26031.15,25902.95,25923.1
2025-12-08T12:45:00+05:30,26015,26040.8,26004.5,26030.2
2025-12-08T12:15:00+05:30,26034,26050.3,26012.25,26015.75
2025-12-08T11:45:00+05:30,26067.7,26074.05,26032.7,26035.3
2025-12-08T11:15:00+05:30,26070.55,26077.85,26041.95,26067.7
2025-12-08T10:45:00+05:30,26096.2,26101.5,26051.75,26070.7
2025-12-08T10:15:00+05:30,26096.6,26109.15,26081.7,26096.8
2025-12-08T09:45:00+05:30,26129.5,26129.9,26068.5,26096.5
2025-12-08T09:15:00+05:30,26159.8,26178.7,26111.95,26130.35
2025-12-05T15:15:00+05:30,26187.55,26199.25,26176.4,26176.65
2025-12-05T14:45:00+05:30,26147.15,26196.7,26122.8,26188.65
2025-12-05T14:15:00+05:30,26165.2,26172.8,26144.6,26147.65
2025-12-05T13:45:00+05:30,26192.05,26198.65,26148.3,26165.1
2025-12-05T13:15:00+05:30,26180.25,26200.4,26179.8,26192.65
2025-12-05T12:45:00+05:30,26188.35,26202.6,26177.75,26180.95
2025-12-05T12:15:00+05:30,26130.1,26197.4,26127.45,26190.2
2025-12-05T11:45:00+05:30,26141.3,26149.25,26121.5,26130.15
2025-12-05T11:15:00+05:30,26142.95,26156.65,26128.6,26141.6
2025-12-05T10:45:00+05:30,26096.15,26146.35,26090.8,26143.5
2025-12-05T10:15:00+05:30,26077.15,26113.85,26007.25,26096.25
2025-12-05T09:45:00+05:30,26047.25,26102.05,26006.65,26078.55
2025-12-05T09:15:00+05:30,25999.8,26061.95,25985.35,26047.2
2025-12-04T15:15:00+05:30,26037.35,26040.9,26004.9,26017.1
2025-12-04T14:45:00+05:30,26000.55,26059.05,25988.15,26037.7
2025-12-04T14:15:00+05:30,26004.8,26020.85,25992.45,26000.6
2025-12-04T13:45:00+05:30,25976.65,26022.7,25970.05,26004.05
2025-12-04T13:15:00+05:30,26001.2,26027.6,25962.4,25976.3
2025-12-04T12:45:00+05:30,26010,26010,25989.25,26000.8
2025-12-04T12:15:00+05:30,26028.25,26030.75,26004.85,26009.55
2025-12-04T11:45:00+05:30,26028.75,26044.1,26014.4,26028.15
2025-12-04T11:15:00+05:30,26077.45,26077.45,26023.05,26028.8
2025-12-04T10:45:00+05:30,26093.1,26097.8,26068.55,26077.05
2025-12-04T10:15:00+05:30,26042.55,26098.25,26037.15,26092.7
2025-12-04T09:45:00+05:30,26027.4,26044.85,26013.85,26042.75
2025-12-04T09:15:00+05:30,25981.85,26029.95,25938.95,26028.15
2025-12-03T15:15:00+05:30,25992.75,25995.05,25976.35,25985.1
2025-12-03T14:45:00+05:30,25939.2,26005.55,25935.1,25992.45
2025-12-03T14:15:00+05:30,25948.6,25955.75,25918.45,25939.3
2025-12-03T13:45:00+05:30,25929.25,25955.5,25905.65,25948.35
2025-12-03T13:15:00+05:30,25936.1,25953.45,25924.1,25928.3
2025-12-03T12:45:00+05:30,25922.5,25941.85,25920.5,25938.1
2025-12-03T12:15:00+05:30,25951.95,25966.85,25916,25922.9
2025-12-03T11:45:00+05:30,25930.8,25962,25923.55,25952.8
2025-12-03T11:15:00+05:30,25919.75,25945.15,25891,25930.55
2025-12-03T10:45:00+05:30,25904.45,25926.7,25900.15,25919.65
2025-12-03T10:15:00+05:30,25929.4,25939.9,25896.25,25904.4
2025-12-03T09:45:00+05:30,25942.65,25952.8,25897.4,25928.2
2025-12-03T09:15:00+05:30,26004.9,26066.45,25921.85,25943.9
2025-12-02T15:15:00+05:30,26036.4,26060.3,26027.8,26057
2025-12-02T14:45:00+05:30,26010,26040,25997.85,26036.75
2025-12-02T14:15:00+05:30,26045.6,26046.75,26000.9,26010
2025-12-02T13:45:00+05:30,26037.35,26061.65,26028.95,26045.05
2025-12-02T13:15:00+05:30,26035.4,26046.8,26028.65,26036.65
2025-12-02T12:45:00+05:30,26060.95,26061.8,26031.4,26035.8
2025-12-02T12:15:00+05:30,26051.75,26085.1,26047.65,26060.6
2025-12-02T11:45:00+05:30,26063.3,26069.75,26040.75,26051.55
2025-12-02T11:15:00+05:30,26080.55,26085.3,26062.3,26063.3
2025-12-02T10:45:00+05:30,26074.85,26100.5,26069.65,26080.75
2025-12-02T10:15:00+05:30,26058.9,26094.35,26046.85,26074.65
2025-12-02T09:45:00+05:30,26078.75,26094.35,26055.65,26058.7
2025-12-02T09:15:00+05:30,26087.95,26154.6,26077.45,26079.3
2025-12-01T15:15:00+05:30,26179.65,26185.05,26166.95,26175.95
2025-12-01T14:45:00+05:30,26173.85,26189.15,26124.2,26179.5
2025-12-01T14:15:00+05:30,26214.55,26217.6,26171.55,26172.5
2025-12-01T13:45:00+05:30,26192.75,26228.95,26180.05,26213.85
2025-12-01T13:15:00+05:30,26187.05,26198.25,26164.65,26190.9
2025-12-01T12:45:00+05:30,26164.6,26188.5,26151.85,26186.95
2025-12-01T12:15:00+05:30,26175.9,26188.55,26148.95,26164.95
2025-12-01T11:45:00+05:30,26212.35,26217.4,26167.4,26175.65
2025-12-01T11:15:00+05:30,26242.6,26261.9,26207.55,26211.75
2025-12-01T10:45:00+05:30,26259.45,26259.65,26224.15,26242.4
2025-12-01T10:15:00+05:30,26283.65,26289.55,26256.75,26258.6
2025-12-01T09:45:00+05:30,26286.55,26297.65,26263.2,26284.95
2025-12-01T09:15:00+05:30,26325.8,26325.8,26270.35,26287.25
2025-11-28T15:15:00+05:30,26197.45,26213.65,26191.9,26204.55
2025-11-28T14:45:00+05:30,26205.3,26214.4,26196.15,26197.55
2025-11-28T14:15:00+05:30,26200.95,26222.45,26194.9,26205.55
2025-11-28T13:45:00+05:30,26217,26218.1,26194,26200.75
2025-11-28T13:15:00+05:30,26217.45,26234.9,26203.9,26217.7
2025-11-28T12:45:00+05:30,26229.85,26230.65,26204,26217.9
2025-11-28T12:15:00+05:30,26239.35,26240.55,26217.85,26230
2025-11-28T11:45:00+05:30,26246.95,26257.1,26232.85,26240.75
2025-11-28T11:15:00+05:30,26266.9,26273.25,26232.6,26247.95
2025-11-28T10:45:00+05:30,26273.95,26280.75,26245.15,26266.5
2025-11-28T10:15:00+05:30,26240.65,26274.5,26218.8,26274.45
2025-11-28T09:45:00+05:30,26224.9,26267.8,26213.75,26240.4
2025-11-28T09:15:00+05:30,26237.45,26256.15,26172.4,26225.1
2025-11-27T15:15:00+05:30,26213.2,26234.2,26207.6,26219.85
2025-11-27T14:45:00+05:30,26205.8,26228.2,26173.3,26212.65
2025-11-27T14:15:00+05:30,26181.6,26222.45,26172.3,26205.85
2025-11-27T13:45:00+05:30,26148.25,26197.25,26143.6,26180.5
2025-11-27T13:15:00+05:30,26176.95,26194.45,26141.9,26148.05
2025-11-27T12:45:00+05:30,26249.5,26256.95,26175.5,26177.25
2025-11-27T12:15:00+05:30,26245,26248.2,26214.95,26248.2
2025-11-27T11:45:00+05:30,26269.05,26270.35,26228.65,26244
2025-11-27T11:15:00+05:30,26299.15,26302.35,26262.75,26269.6
2025-11-27T10:45:00+05:30,26286.1,26310.45,26283.65,26297.65
2025-11-27T10:15:00+05:30,26283.9,26291.9,26265.65,26285.75
2025-11-27T09:45:00+05:30,26236.15,26306.95,26223.7,26282.7
2025-11-27T09:15:00+05:30,26261.25,26295.55,26208.9,26236.6
2025-11-26T15:15:00+05:30,26213.15,26213.15,26196.6,26203.5
2025-11-26T14:45:00+05:30,26189.45,26215.15,26159.05,26213.5
2025-11-26T14:15:00+05:30,26197.6,26199.65,26166.05,26187.55
2025-11-26T13:45:00+05:30,26173.7,26212.8,26163.15,26197.6
2025-11-26T13:15:00+05:30,26183.5,26194.6,26151.9,26173.25
2025-11-26T12:45:00+05:30,26169.85,26195.4,26160.15,26184.1
2025-11-26T12:15:00+05:30,26157.2,26171.8,26147.25,26170.45
2025-11-26T11:45:00+05:30,26121.2,26161.2,26116.7,26156.95
2025-11-26T11:15:00+05:30,26115.9,26139.3,26115.9,26121.05
2025-11-26T10:45:00+05:30,26092.1,26130.9,26092.1,26116.75
2025-11-26T10:15:00+05:30,26084.1,26093.4,26061.9,26091.65
2025-11-26T09:45:00+05:30,26024.75,26098.35,26024.1,26084.25
2025-11-26T09:15:00+05:30,25842.95,26025.8,25842.95,26024.1
2025-11-25T15:15:00+05:30,25886.05,25886.05,25857.5,25860.3
2025-11-25T14:45:00+05:30,25962.75,25966.85,25868.8,25886
2025-11-25T14:15:00+05:30,26020.6,26032.6,25942.9,25963.4
2025-11-25T13:45:00+05:30,25995.7,26029.15,25987.2,26020.25
2025-11-25T13:15:00+05:30,25990,26014.85,25983.35,25996.45
2025-11-25T12:45:00+05:30,25987.25,26009.3,25969.65,25990.25
2025-11-25T12:15:00+05:30,25981.6,25990.15,25954.35,25987.45
2025-11-25T11:45:00+05:30,25952,25994.75,25950.65,25981.4
2025-11-25T11:15:00+05:30,25945.25,25969.8,25942.35,25952.15
2025-11-25T10:45:00+05:30,25991.75,25991.9,25927.15,25945.2
2025-11-25T10:15:00+05:30,26019.35,26024,25991.4,25991.4
2025-11-25T09:45:00+05:30,25969,26025.5,25952.1,26018.6
2025-11-25T09:15:00+05:30,25998.5,26005.45,25924.15,25969.1
2025-11-24T15:15:00+05:30,25954.55,25960.65,25912.15,25943.35
2025-11-24T14:45:00+05:30,26027.1,26057.75,25952.3,25954.4
2025-11-24T14:15:00+05:30,26054.65,26060.05,26018.75,26025.7
2025-11-24T13:45:00+05:30,26088.35,26090.05,26034.55,26057.15
2025-11-24T13:15:00+05:30,26081.8,26096.05,26062.8,26086.55
2025-11-24T12:45:00+05:30,26078.2,26093.3,26065.65,26080.6
2025-11-24T12:15:00+05:30,26068.65,26089.35,26046.75,26078
2025-11-24T11:45:00+05:30,26117.3,26117.3,26063.2,26069.1
2025-11-24T11:15:00+05:30,26098.4,26130.95,26088.1,26117.15
2025-11-24T10:45:00+05:30,26131.9,26137.3,26094.4,26098.1
2025-11-24T10:15:00+05:30,26129.05,26142.8,26110.5,26130.95
2025-11-24T09:45:00+05:30,26076.2,26130.35,26064.7,26128.5
2025-11-24T09:15:00+05:30,26122.8,26137.55,26074.05,26074.9
2025-11-21T15:15:00+05:30,26070.15,26080.4,26052.2,26063.95
2025-11-21T14:45:00+05:30,26126.95,26133.45,26064.05,26069.35
2025-11-21T14:15:00+05:30,26146.75,26161.7,26127.45,26128.1
2025-11-21T13:45:00+05:30,26103.45,26148.7,26099.35,26147.15
2025-11-21T13:15:00+05:30,26136.4,26140.6,26101.35,26103.4
2025-11-21T12:45:00+05:30,26149,26179.2,26133.95,26135.55
2025-11-21T12:15:00+05:30,26124.55,26160.7,26122.55,26149.05
2025-11-21T11:45:00+05:30,26086.3,26126.35,26085.6,26123.9
2025-11-21T11:15:00+05:30,26107.2,26108.15,26070.95,26086.35
2025-11-21T10:45:00+05:30,26071.85,26110.55,26061.1,26106.7
2025-11-21T10:15:00+05:30,26088,26088,26055.95,26071.55
2025-11-21T09:45:00+05:30,26129.9,26130.15,26080.65,26087.4
2025-11-21T09:15:00+05:30,26109.55,26174,26094.45,26131.3
2025-11-20T15:15:00+05:30,26204.6,26205.25,26187.3,26197.4
2025-11-20T14:45:00+05:30,26195.05,26220.85,26169.6,26203.2
2025-11-20T14:15:00+05:30,26224.25,26246.65,26195.3,26195.3
2025-11-20T13:45:00+05:30,26206.15,26228.2,26200.85,26224.65
2025-11-20T13:15:00+05:30,26177.1,26215.35,26172.9,26206.1
2025-11-20T12:45:00+05:30,26170.05,26184.75,26167.6,26177.8
2025-11-20T12:15:00+05:30,26146.15,26175.35,26135.35,26170.35
2025-11-20T11:45:00+05:30,26145.75,26152.95,26125.85,26146.05
2025-11-20T11:15:00+05:30,26133.4,26148.65,26126.85,26145.75
2025-11-20T10:45:00+05:30,26128.25,26145.05,26124.1,26133.1
2025-11-20T10:15:00+05:30,26100.7,26130.85,26097.4,26128.4
2025-11-20T09:45:00+05:30,26077.5,26105.9,26068.2,26099.65
2025-11-20T09:15:00+05:30,26132.1,26136,26063.2,26077.95
2025-11-19T15:15:00+05:30,26059.25,26059.65,26041.15,26052.7
2025-11-19T14:45:00+05:30,26062.65,26066.3,26046.85,26059.1
2025-11-19T14:15:00+05:30,26033.1,26074.65,26032.55,26061.5
2025-11-19T13:45:00+05:30,26004.75,26034,25993.4,26033
2025-11-19T13:15:00+05:30,26029,26030.65,25987.3,26004.55
2025-11-19T12:45:00+05:30,26016.25,26038.9,26012.3,26027.9
2025-11-19T12:15:00+05:30,25993.5,26031.7,25993.5,26017.6
2025-11-19T11:45:00+05:30,25969.25,25999.75,25968.8,25993.3
2025-11-19T11:15:00+05:30,25927.2,25972.1,25917.8,25968.9
2025-11-19T10:45:00+05:30,25962.7,25969.75,25925.6,25927
2025-11-19T10:15:00+05:30,25952.3,25979.15,25951.45,25963.1
2025-11-19T09:45:00+05:30,25909.8,25954.85,25883.8,25952.1
2025-11-19T09:15:00+05:30,25918.1,25933.65,25856.2,25909.3
2025-11-18T15:15:00+05:30,25896.95,25909.05,25876.5,25894.7
2025-11-18T14:45:00+05:30,25955.25,25960.05,25897.35,25897.75
2025-11-18T14:15:00+05:30,25988.45,25994.95,25952.6,25955.05
2025-11-18T13:45:00+05:30,25978.5,25997.15,25964.7,25988.7
2025-11-18T13:15:00+05:30,25952.95,25987.8,25952.95,25978.4
2025-11-18T12:45:00+05:30,25940.8,25965.2,25927.6,25953.5
2025-11-18T12:15:00+05:30,25962.5,25964.25,25930.8,25940.95
2025-11-18T11:45:00+05:30,25956.7,25983.2,25955.15,25962.5
2025-11-18T11:15:00+05:30,25932.6,25956.65,25924.2,25956.35
2025-11-18T10:45:00+05:30,25891.95,25936.2,25886.65,25933.9
2025-11-18T10:15:00+05:30,25895.25,25917.65,25877.1,25891.8
2025-11-18T09:45:00+05:30,25949.15,25959.05,25881.9,25895.85
2025-11-18T09:15:00+05:30,26021.8,26029.85,25930.15,25952.05
2025-11-17T15:15:00+05:30,26013.15,26024.2,26009.35,26014.3
2025-11-17T14:45:00+05:30,25981.4,26014.95,25977.2,26012.4
2025-11-17T14:15:00+05:30,26011.2,26013.25,25980,25981.15
2025-11-17T13:45:00+05:30,25993.7,26023.25,25987.85,26010.5
2025-11-17T13:15:00+05:30,25980.35,25997.7,25965.65,25993.5
2025-11-17T12:45:00+05:30,25986.85,25996.9,25972.8,25980.95
2025-11-17T12:15:00+05:30,25968.5,25990.7,25962.7,25987.2
2025-11-17T11:45:00+05:30,25943.5,25973.8,25933.7,25967.65
2025-11-17T11:15:00+05:30,25946.8,25950.55,25915.1,25943.15
2025-11-17T10:45:00+05:30,25936.05,25954.2,25929.3,25946.2
2025-11-17T10:15:00+05:30,25949.45,25971.35,25924.75,25936
2025-11-17T09:45:00+05:30,25971.4,25979.8,25944.3,25949.3
2025-11-17T09:15:00+05:30,25948.2,25978.95,25906.35,25971.4
2025-11-14T15:15:00+05:30,25930.95,25936.8,25906.3,25916.8
2025-11-14T14:45:00+05:30,25790.8,25940.2,25759.1,25930.2
2025-11-14T14:15:00+05:30,25772.85,25802.7,25757.15,25789.65
2025-11-14T13:45:00+05:30,25758.25,25777.6,25740.8,25774.4
2025-11-14T13:15:00+05:30,25799,25820.2,25759.3,25762.45
2025-11-14T12:45:00+05:30,25810.75,25816.4,25781.75,25799.6
2025-11-14T12:15:00+05:30,25824.75,25839.25,25802.5,25811.05
2025-11-14T11:45:00+05:30,25789.1,25834.95,25788.3,25826.4
2025-11-14T11:15:00+05:30,25854.75,25863.1,25786.15,25789.95
2025-11-14T10:45:00+05:30,25769.85,25864.05,25768.1,25855.25
2025-11-14T10:15:00+05:30,25779.7,25804.8,25751.7,25770.1
2025-11-14T09:45:00+05:30,25855.5,25866.75,25764.9,25780.05
2025-11-14T09:15:00+05:30,25767.9,25879.15,25766.3,25856.2
2025-11-13T15:15:00+05:30,25878.2,25903.1,25868.45,25884.1
2025-11-13T14:45:00+05:30,25923.8,25931.4,25866.1,25878.55
2025-11-13T14:15:00+05:30,25894,25939.95,25892.9,25924.05
2025-11-13T13:45:00+05:30,25998.6,26003.45,25871.1,25894.45
2025-11-13T13:15:00+05:30,25978.55,26010.7,25970.9,25998.6
2025-11-13T12:45:00+05:30,25949.9,25989.65,25936.85,25977.95
2025-11-13T12:15:00+05:30,25980.5,25987.6,25942.05,25949.3
2025-11-13T11:45:00+05:30,25963.15,25984.8,25959.1,25980.1
2025-11-13T11:15:00+05:30,25963.4,25978.5,25958.05,25963.2
2025-11-13T10:45:00+05:30,25928.3,25975.95,25925.6,25963.35
2025-11-13T10:15:00+05:30,25898.55,25930,25892.45,25928.45
2025-11-13T09:45:00+05:30,25856.3,25900.25,25855.55,25898.5
2025-11-13T09:15:00+05:30,25906.1,25906.8,25808.4,25857
2025-11-12T15:15:00+05:30,25884.35,25885,25853.55,25874
2025-11-12T14:45:00+05:30,25886.6,25898.45,25880.85,25884.4
2025-11-12T14:15:00+05:30,25893.2,25908.5,25869.6,25886.55
2025-11-12T13:45:00+05:30,25921.75,25927.1,25878.1,25893.3
2025-11-12T13:15:00+05:30,25922.95,25934.55,25903.05,25921
2025-11-12T12:45:00+05:30,25917.1,25926.75,25900.2,25923.25
2025-11-12T12:15:00+05:30,25887.9,25924.3,25887.15,25917.75
2025-11-12T11:45:00+05:30,25892.4,25907.85,25886.1,25888.75
2025-11-12T11:15:00+05:30,25882.6,25900.55,25878.5,25892.35
2025-11-12T10:45:00+05:30,25871.4,25884.2,25862.95,25881.9
2025-11-12T10:15:00+05:30,25839.75,25878,25829.95,25871.65
2025-11-12T09:45:00+05:30,25845,25864.45,25836.2,25839.85
2025-11-12T09:15:00+05:30,25834.3,25851.2,25781.15,25844.75
2025-11-11T15:15:00+05:30,25695.3,25715.8,25686.95,25705.55
2025-11-11T14:45:00+05:30,25662.85,25702.75,25660.75,25694.9
2025-11-11T14:15:00+05:30,25646.4,25699.9,25645.15,25663.45
2025-11-11T13:45:00+05:30,25626.45,25672.8,25622.25,25647.2
2025-11-11T13:15:00+05:30,25587.85,25648.35,25586.8,25626.45
2025-11-11T12:45:00+05:30,25572.35,25588.35,25558.85,25588.35
2025-11-11T12:15:00+05:30,25538.2,25590.55,25534.3,25572.9
2025-11-11T11:45:00+05:30,25496.45,25556.45,25495.4,25538.3
2025-11-11T11:15:00+05:30,25478.55,25499.35,25463.2,25496.6
2025-11-11T10:45:00+05:30,25458.2,25494.05,25451.8,25478.45
2025-11-11T10:15:00+05:30,25502.3,25512.3,25449.25,25458.2
2025-11-11T09:45:00+05:30,25529.45,25537.4,25486.65,25501.95
2025-11-11T09:15:00+05:30,25617,25637.6,25488.9,25529.65
2025-11-10T15:15:00+05:30,25565.05,25579.05,25563.55,25574.25
2025-11-10T14:45:00+05:30,25603.5,25614.25,25562.1,25565.45
2025-11-10T14:15:00+05:30,25620.2,25649.45,25601.15,25602.75
2025-11-10T13:45:00+05:30,25607.25,25625.3,25579.5,25618.9
2025-11-10T13:15:00+05:30,25630.75,25642.95,25607.55,25607.55
2025-11-10T12:45:00+05:30,25644.3,25653.45,25629.1,25630.25
2025-11-10T12:15:00+05:30,25623.1,25647.3,25620.3,25646.15
2025-11-10T11:45:00+05:30,25632.75,25644.5,25618.75,25624.3
2025-11-10T11:15:00+05:30,25629.1,25651.95,25625.95,25633
2025-11-10T10:45:00+05:30,25600.85,25632,25587.75,25629.9
2025-11-10T10:15:00+05:30,25575.9,25625.25,25575.2,25601.45
2025-11-10T09:45:00+05:30,25553.2,25595.75,25548.7,25576
2025-11-10T09:15:00+05:30,25503.5,25591.45,25503.5,25552.75
2025-11-07T15:15:00+05:30,25487.3,25516.1,25485.75,25510.05
2025-11-07T14:45:00+05:30,25512.85,25513.8,25473.1,25486.6
2025-11-07T14:15:00+05:30,25474.95,25540.5,25469.3,25512.75
2025-11-07T13:45:00+05:30,25537.2,25551.25,25456.6,25474
2025-11-07T13:15:00+05:30,25487.65,25547.85,25483.65,25537.2
2025-11-07T12:45:00+05:30,25482.8,25502.65,25472.55,25487.5
2025-11-07T12:15:00+05:30,25453.25,25484.45,25447.05,25483.05
2025-11-07T11:45:00+05:30,25447.85,25460.05,25425.1,25454.85
2025-11-07T11:15:00+05:30,25410.25,25471.35,25405.15,25446.95
2025-11-07T10:45:00+05:30,25379.3,25413.8,25354.2,25410.55
2025-11-07T10:15:00+05:30,25343.95,25385.9,25338.2,25379.1
2025-11-07T09:45:00+05:30,25356.15,25391.15,25331.05,25343.95
2025-11-07T09:15:00+05:30,25433.8,25447.1,25318.45,25354.25
2025-11-06T15:15:00+05:30,25500.35,25521.45,25498.7,25519.95
2025-11-06T14:45:00+05:30,25542.55,25564.6,25491.55,25500.6
2025-11-06T14:15:00+05:30,25552.25,25560.6,25520.6,25542.4
2025-11-06T13:45:00+05:30,25567.4,25573.7,25515.95,25552.95
2025-11-06T13:15:00+05:30,25584.2,25603.1,25565.6,25567.45
2025-11-06T12:45:00+05:30,25561.1,25616.85,25556.75,25583.6
2025-11-06T12:15:00+05:30,25546.65,25575.75,25530.55,25560.3
2025-11-06T11:45:00+05:30,25531.1,25574.4,25529.95,25546.65
2025-11-06T11:15:00+05:30,25560.7,25561.15,25525,25531.95
2025-11-06T10:45:00+05:30,25536.6,25575.25,25533.7,25560.5
2025-11-06T10:15:00+05:30,25542.9,25550.3,25520.75,25536.05
2025-11-06T09:45:00+05:30,25610.05,25639.7,25542.35,25542.75
2025-11-06T09:15:00+05:30,25593.35,25679.15,25587.2,25610
2025-11-04T15:15:00+05:30,25601,25602.95,25578.4,25586.25
2025-11-04T14:45:00+05:30,25610.4,25621.7,25584.35,25600
2025-11-04T14:15:00+05:30,25617.05,25634.65,25592.65,25609.9
2025-11-04T13:45:00+05:30,25673.95,25677.7,25607.4,25617.05
2025-11-04T13:15:00+05:30,25658.75,25683.05,25646,25675.05
2025-11-04T12:45:00+05:30,25679.35,25686.8,25654,25660.35
2025-11-04T12:15:00+05:30,25680.45,25690.4,25664.25,25679.35
2025-11-04T11:45:00+05:30,25661.75,25681.25,25659.8,25680.5
2025-11-04T11:15:00+05:30,25684.2,25692.05,25648.9,25662.45
2025-11-04T10:45:00+05:30,25693.1,25720.55,25677,25684.7
2025-11-04T10:15:00+05:30,25697.9,25717.9,25673.9,25693.45
2025-11-04T09:45:00+05:30,25717.9,25722.25,25685.1,25698.55
2025-11-04T09:15:00+05:30,25744.75,25787.4,25694.4,25718.6
2025-11-03T15:15:00+05:30,25765.6,25785.9,25761.75,25774.3
2025-11-03T14:45:00+05:30,25777.15,25777.15,25736.55,25765.95
2025-11-03T14:15:00+05:30,25771.1,25803.1,25770.25,25776.9
2025-11-03T13:45:00+05:30,25755.2,25780.75,25726.95,25770.8
2025-11-03T13:15:00+05:30,25752,25770.8,25738.2,25755.55
2025-11-03T12:45:00+05:30,25732.5,25759.8,25727.9,25752.1
2025-11-03T12:15:00+05:30,25703.1,25737.1,25697,25733.2
2025-11-03T11:45:00+05:30,25725.7,25737.4,25700.6,25702.7
2025-11-03T11:15:00+05:30,25753.95,25760.9,25723.85,25726.1
2025-11-03T10:45:00+05:30,25772.15,25773.45,25736.7,25753.9
2025-11-03T10:15:00+05:30,25711.85,25772.25,25695.35,25771.05
2025-11-03T09:45:00+05:30,25722.5,25761.95,25708.25,25712.35
2025-11-03T09:15:00+05:30,25696.85,25739.25,25645.5,25723.25
2025-10-31T15:15:00+05:30,25715.65,25736.25,25711.2,25732.55
2025-10-31T14:45:00+05:30,25772.75,25772.95,25712.75,25715.75
2025-10-31T14:15:00+05:30,25777.25,25786.4,25742.4,25774.25
2025-10-31T13:45:00+05:30,25764.1,25790.1,25753.65,25777.4
2025-10-31T13:15:00+05:30,25799.85,25809.85,25758.7,25765.35
2025-10-31T12:45:00+05:30,25790.4,25816.4,25784.55,25800.65
2025-10-31T12:15:00+05:30,25797.6,25811.7,25779.9,25791.45
2025-10-31T11:45:00+05:30,25805.25,25834.75,25791.35,25798.15
2025-10-31T11:15:00+05:30,25776.4,25809.55,25769.55,25806.25
2025-10-31T10:45:00+05:30,25818.2,25830.7,25763.35,25777.2
2025-10-31T10:15:00+05:30,25876.8,25876.8,25788.6,25818.75
2025-10-31T09:45:00+05:30,25926.55,25937.6,25865.1,25879
2025-10-31T09:15:00+05:30,25863.8,25953.75,25822.1,25926.65
2025-10-30T15:15:00+05:30,25874.6,25893.95,25873.8,25891.2
2025-10-30T14:45:00+05:30,25904.8,25911.75,25845.25,25873.75
2025-10-30T14:15:00+05:30,25887.75,25917.8,25872.05,25904.6
2025-10-30T13:45:00+05:30,25881.25,25893.65,25864.45,25889.35
2025-10-30T13:15:00+05:30,25924,25932.35,25867.15,25880.8
2025-10-30T12:45:00+05:30,25919.55,25927.6,25901.5,25923.05
2025-10-30T12:15:00+05:30,25911.85,25927.3,25896.9,25920.45
2025-10-30T11:45:00+05:30,25931.75,25940.4,25902.25,25912.25
2025-10-30T11:15:00+05:30,25956.3,25975,25930.7,25931.8
2025-10-30T10:45:00+05:30,25918.2,25957.4,25911.95,25956.1
2025-10-30T10:15:00+05:30,25959.5,25967.4,25912.3,25917.8
2025-10-30T09:45:00+05:30,25921.25,25959.85,25892.25,25959.45
2025-10-30T09:15:00+05:30,25984.4,26032.05,25915.3,25921.55
2025-10-29T15:15:00+05:30,26044.8,26075.5,26042.8,26068.3
2025-10-29T14:45:00+05:30,26056.95,26057.5,26015.3,26043.55
2025-10-29T14:15:00+05:30,26053.15,26082.4,26047.3,26055.75
2025-10-29T13:45:00+05:30,26072.65,26080.25,26038.9,26052.85
2025-10-29T13:15:00+05:30,26080,26097.85,26064.3,26072
2025-10-29T12:45:00+05:30,26073.05,26084.7,26056.95,26080.25
2025-10-29T12:15:00+05:30,26055.2,26076.55,26048.95,26073
2025-10-29T11:45:00+05:30,26049.55,26063.65,26024.45,26054.75
2025-10-29T11:15:00+05:30,26022.3,26053.95,26007.9,26049.6
2025-10-29T10:45:00+05:30,26045.8,26050.6,26017.7,26022.45
2025-10-29T10:15:00+05:30,25998.2,26064.55,25987.65,26046.15
2025-10-29T09:45:00+05:30,25970.55,26016.25,25965,25997.7
2025-10-29T09:15:00+05:30,25982,26025.05,25960.3,25972.3
2025-10-28T15:15:00+05:30,25941.85,25968.15,25940.55,25965.4
2025-10-28T14:45:00+05:30,25825.05,25948.75,25814.6,25943
2025-10-28T14:15:00+05:30,25872.65,25876.95,25810.05,25826.75
2025-10-28T13:45:00+05:30,25878.95,25901.7,25841.55,25873.7
2025-10-28T13:15:00+05:30,25926.05,25956,25879.6,25879.6
2025-10-28T12:45:00+05:30,25930.15,25949.05,25910.7,25926.35
2025-10-28T12:15:00+05:30,25843.95,25931.7,25829.65,25929
2025-10-28T11:45:00+05:30,25877.5,25899.4,25826.15,25843.65
2025-10-28T11:15:00+05:30,25852.25,25894.5,25844.7,25878.05
2025-10-28T10:45:00+05:30,25891.35,25904.35,25839.85,25852.3
2025-10-28T10:15:00+05:30,25905.1,25912.5,25865.05,25891.15
2025-10-28T09:45:00+05:30,26019.6,26027.3,25886.55,25905.25
2025-10-28T09:15:00+05:30,25939.95,26041.7,25929.65,26019.5
2025-10-27T15:15:00+05:30,25963.75,25981,25958.05,25974
2025-10-27T14:45:00+05:30,25967.2,25971.4,25926.75,25963.8
2025-10-27T14:15:00+05:30,25939.3,25984.9,25938.05,25967.05
2025-10-27T13:45:00+05:30,25944.45,25966.1,25934.45,25938.5
2025-10-27T13:15:00+05:30,25970.65,25971,25918.4,25944.65
2025-10-27T12:45:00+05:30,25974.9,25983,25956.3,25970.6
2025-10-27T12:15:00+05:30,25996.85,26001.1,25957.15,25974.3
2025-10-27T11:45:00+05:30,25957.2,26005.95,25946.25,25996.25
2025-10-27T11:15:00+05:30,25975.65,25986.95,25955.15,25957.25
2025-10-27T10:45:00+05:30,25963.75,25981.7,25949.55,25976.3
2025-10-27T10:15:00+05:30,25962.75,25978.85,25946.75,25963.5
2025-10-27T09:45:00+05:30,25937.4,25975.55,25920.7,25961.85
2025-10-27T09:15:00+05:30,25843.2,25945.35,25827,25937.2
2025-10-24T15:15:00+05:30,25798.95,25809.25,25790.15,25797.45
2025-10-24T14:45:00+05:30,25751.6,25807.75,25737.95,25799.5
2025-10-24T14:15:00+05:30,25755.4,25784.3,25747.9,25752.5
2025-10-24T13:45:00+05:30,25724.4,25774.4,25718.2,25755.4
2025-10-24T13:15:00+05:30,25826.4,25831.1,25721.6,25724.4
2025-10-24T12:45:00+05:30,25841.15,25845.7,25806,25825.95
2025-10-24T12:15:00+05:30,25850.25,25874.7,25827,25842.45
2025-10-24T11:45:00+05:30,25836.9,25857.85,25815.1,25850.45
2025-10-24T11:15:00+05:30,25826.3,25839.4,25783.75,25837.1
2025-10-24T10:45:00+05:30,25820.25,25835.45,25795.8,25827.3
2025-10-24T10:15:00+05:30,25875.75,25875.75,25811.05,25819.8
2025-10-24T09:45:00+05:30,25903.5,25904.15,25864.1,25876.2
2025-10-24T09:15:00+05:30,25935.1,25944.15,25840.3,25903.5
2025-10-23T15:15:00+05:30,25864.5,25900.3,25862.45,25870.3
2025-10-23T14:45:00+05:30,25981.6,25996.85,25863.3,25865.35
2025-10-23T14:15:00+05:30,25958.2,25992.45,25925.75,25980.95
2025-10-23T13:45:00+05:30,26025.9,26036.6,25946.2,25958.55
2025-10-23T13:15:00+05:30,26059.05,26079.3,26004.15,26026.5
2025-10-23T12:45:00+05:30,26089.35,26104.2,26038.45,26059.6
2025-10-23T12:15:00+05:30,26076.65,26097.3,26069.25,26088.15
2025-10-23T11:45:00+05:30,26056.4,26087.05,26056.35,26077.1
2025-10-23T11:15:00+05:30,26057.05,26064.2,26041.9,26056.55
2025-10-23T10:45:00+05:30,26071.65,26077.25,26044,26058
2025-10-23T10:15:00+05:30,26095.9,26099.7,26058.9,26071.4
2025-10-23T09:45:00+05:30,26073.85,26097.1,26040.3,26095.9
2025-10-23T09:15:00+05:30,26057.2,26095.7,25991.7,26074.3
2025-10-21T14:15:00+05:30,25897,25908.1,25826.3,25833.3
2025-10-21T13:45:00+05:30,25901.2,25934.35,25873.55,25896.9
2025-10-20T15:15:00+05:30,25845.15,25861.6,25839.55,25850.7
2025-10-20T14:45:00+05:30,25816.8,25859.65,25796.75,25846.3
2025-10-20T14:15:00+05:30,25860.5,25884.15,25805.8,25817.35
2025-10-20T13:45:00+05:30,25876.5,25885,25837.65,25861.05
2025-10-20T13:15:00+05:30,25897.9,25901.5,25870.05,25876.7
2025-10-20T12:45:00+05:30,25867.85,25910.25,25862.55,25898.4
2025-10-20T12:15:00+05:30,25854.55,25875.6,25833.85,25868.7
2025-10-20T11:45:00+05:30,25843,25856.2,25829.3,25855.25
2025-10-20T11:15:00+05:30,25874.9,25878.25,25822.35,25842.5
2025-10-20T10:45:00+05:30,25863,25892.95,25861.3,25873.8
2025-10-20T10:15:00+05:30,25859.2,25867.2,25816.35,25862.75
2025-10-20T09:45:00+05:30,25840.55,25858.65,25788.5,25856.55
2025-10-20T09:15:00+05:30,25824.6,25926.2,25809.6,25840.9
2025-10-17T15:15:00+05:30,25708.3,25717.35,25696,25704.7
2025-10-17T14:45:00+05:30,25732.8,25751.7,25698.55,25708.35
2025-10-17T14:15:00+05:30,25683.95,25742,25658.25,25731.1
2025-10-17T13:45:00+05:30,25664.55,25709.1,25632.85,25682.1
2025-10-17T13:15:00+05:30,25670.25,25705.2,25620.45,25663.2
2025-10-17T12:45:00+05:30,25757.65,25770.4,25652.8,25668.75
2025-10-17T12:15:00+05:30,25763.95,25781.5,25738.7,25756.4
2025-10-17T11:45:00+05:30,25742.05,25768.65,25710.4,25760.6
2025-10-17T11:15:00+05:30,25751.05,25776.75,25730.8,25743.35
2025-10-17T10:45:00+05:30,25692.95,25757.95,25684.9,25750.65
2025-10-17T10:15:00+05:30,25670.15,25699.05,25665.1,25689.7
2025-10-17T09:45:00+05:30,25619.05,25677.4,25562.55,25670.15
2025-10-17T09:15:00+05:30,25546.85,25623.95,25508.6,25618.9
2025-10-16T15:15:00+05:30,25567.8,25582.9,25565.9,25566.3
2025-10-16T14:45:00+05:30,25608.75,25625.4,25566.65,25568.55
2025-10-16T14:15:00+05:30,25552.65,25621.85,25552.6,25607.85
2025-10-16T13:45:00+05:30,25539.2,25577.05,25524.5,25551.85
2025-10-16T13:15:00+05:30,25523.8,25543.85,25504.1,25539.5
2025-10-16T12:45:00+05:30,25507.1,25525.8,25493.35,25524
2025-10-16T12:15:00+05:30,25476.9,25516.7,25474.75,25506.65
2025-10-16T11:45:00+05:30,25447,25478.15,25441.6,25477
2025-10-16T11:15:00+05:30,25461.75,25468.45,25445.25,25447.1
2025-10-16T10:45:00+05:30,25459.15,25472.65,25453.9,25462.25
2025-10-16T10:15:00+05:30,25423.65,25461.3,25417.55,25458.95
2025-10-16T09:45:00+05:30,25431.05,25452.75,25422.35,25423.45
2025-10-16T09:15:00+05:30,25394.9,25440.95,25376.85,25431.4
2025-10-15T15:15:00+05:30,25328.2,25336.65,25323.85,25327.75
2025-10-15T14:45:00+05:30,25331.05,25333.95,25287.1,25327.95
2025-10-15T14:15:00+05:30,25328.25,25337.95,25312.45,25330.5
2025-10-15T13:45:00+05:30,25350.8,25356.95,25311.9,25326.9
2025-10-15T13:15:00+05:30,25326.9,25365.15,25324.95,25350.25
2025-10-15T12:45:00+05:30,25319.7,25336.15,25307,25325.5
2025-10-15T12:15:00+05:30,25289.3,25321.5,25282.7,25319.85
2025-10-15T11:45:00+05:30,25304.2,25315.65,25288.25,25288.25
2025-10-15T11:15:00+05:30,25292.25,25322.9,25288.8,25304.85
2025-10-15T10:45:00+05:30,25292.1,25326.45,25276.75,25292.6
2025-10-15T10:15:00+05:30,25250.55,25300.55,25250.05,25292.05
2025-10-15T09:45:00+05:30,25225.9,25252.45,25209.1,25251.25
2025-10-15T09:15:00+05:30,25181.95,25267.95,25159.35,25224.7
2025-10-14T15:15:00+05:30,25145.25,25161.4,25112.7,25123.35
2025-10-14T14:45:00+05:30,25177.65,25192.9,25134.75,25144.8
2025-10-14T14:15:00+05:30,25123,25197.45,25099.2,25178.65
2025-10-14T13:45:00+05:30,25120.95,25137.9,25095.05,25122.75
2025-10-14T13:15:00+05:30,25084.55,25137.95,25079.55,25121.8
2025-10-14T12:45:00+05:30,25067.15,25107.7,25062.65,25084.05
2025-10-14T12:15:00+05:30,25118.45,25128.5,25060.55,25066.3
2025-10-14T11:45:00+05:30,25144.15,25169.2,25101.7,25118.35
2025-10-14T11:15:00+05:30,25173.65,25173.95,25115.55,25144.85
2025-10-14T10:45:00+05:30,25218.25,25240.25,25159.3,25174
2025-10-14T10:15:00+05:30,25196.65,25224.1,25164.75,25219.05
2025-10-14T09:45:00+05:30,25236.7,25246.85,25176.25,25196.7
2025-10-14T09:15:00+05:30,25277.55,25310.35,25235.15,25236.85
2025-10-13T15:15:00+05:30,25221.1,25246.25,25220.15,25237.15
2025-10-13T14:45:00+05:30,25245.95,25256.55,25215.25,25220.45
2025-10-13T14:15:00+05:30,25210.75,25267.3,25195.55,25245.85
2025-10-13T13:45:00+05:30,25198.8,25222.4,25176.65,25207.5
2025-10-13T13:15:00+05:30,25209.05,25217.95,25177.9,25198.25
2025-10-13T12:45:00+05:30,25205.3,25212.25,25168.85,25210
2025-10-13T12:15:00+05:30,25187.15,25205.9,25175.65,25205.75
2025-10-13T11:45:00+05:30,25179.2,25203.4,25171.55,25189.65
2025-10-13T11:15:00+05:30,25191.1,25195.7,25161.9,25179.45
2025-10-13T10:45:00+05:30,25206.6,25211,25181.95,25191.4
2025-10-13T10:15:00+05:30,25199.35,25229.4,25175.7,25206.2
2025-10-13T09:45:00+05:30,25216.5,25232.45,25173,25199.25
2025-10-13T09:15:00+05:30,25177.3,25241.95,25152.3,25216.25
2025-10-10T15:15:00+05:30,25283,25298,25276.2,25278.2
2025-10-10T14:45:00+05:30,25305.85,25306.4,25266.25,25284.2
2025-10-10T14:15:00+05:30,25305.7,25316.1,25294.1,25305.55
2025-10-10T13:45:00+05:30,25318.05,25324.6,25297.55,25305.8
2025-10-10T13:15:00+05:30,25308,25330.75,25279.55,25316.25
2025-10-10T12:45:00+05:30,25304.15,25321.7,25292.5,25306.2
2025-10-10T12:15:00+05:30,25286.6,25305.95,25274.35,25303.75
2025-10-10T11:45:00+05:30,25284.8,25298.6,25274.8,25286.3
2025-10-10T11:15:00+05:30,25310.35,25315.55,25266.85,25284.35
2025-10-10T10:45:00+05:30,25259.45,25311.15,25258.35,25309.95
2025-10-10T10:15:00+05:30,25262.45,25300.1,25257.75,25258.7
2025-10-10T09:45:00+05:30,25268.3,25285.1,25248.75,25262.45
2025-10-10T09:15:00+05:30,25167.65,25269.85,25156.85,25268.1
2025-10-09T15:15:00+05:30,25177.45,25194.45,25160.9,25170.3
2025-10-09T14:45:00+05:30,25153.9,25199.25,25126.4,25177.7
2025-10-09T14:15:00+05:30,25139.7,25165.55,25120.5,25153.55
2025-10-09T13:45:00+05:30,25150.75,25182.45,25139.1,25140.25
2025-10-09T13:15:00+05:30,25132.9,25157.5,25127.7,25151.3
2025-10-09T12:45:00+05:30,25138.1,25154.05,25119.75,25132.95
2025-10-09T12:15:00+05:30,25140.35,25161.4,25121.45,25138.3
2025-10-09T11:45:00+05:30,25154.9,25181.25,25122.9,25140
2025-10-09T11:15:00+05:30,25152.85,25174.6,25131.05,25154.4
2025-10-09T10:45:00+05:30,25100.35,25157.7,25076.95,25152.55
2025-10-09T10:15:00+05:30,25042.05,25109.65,25032.75,25100.25
2025-10-09T09:45:00+05:30,25067.8,25083.1,25024.3,25041.8
2025-10-09T09:15:00+05:30,25074.3,25120.35,25039.1,25068
2025-10-08T15:15:00+05:30,25035.85,25047.4,25022.35,25023.8
2025-10-08T14:45:00+05:30,25069.1,25083.9,25032.4,25036.4
2025-10-08T14:15:00+05:30,25073.2,25084.85,25052.75,25068.4
2025-10-08T13:45:00+05:30,25116.9,25134.35,25051.15,25070.3
2025-10-08T13:15:00+05:30,25096.65,25128.75,25079.2,25117.3
2025-10-08T12:45:00+05:30,25038.95,25103.9,25038.95,25098.05
2025-10-08T12:15:00+05:30,25050.85,25052.2,25008.5,25040.25
2025-10-08T11:45:00+05:30,25038.3,25069.85,25029.45,25051.1
2025-10-08T11:15:00+05:30,25042.05,25057.4,25022.5,25038.3
2025-10-08T10:45:00+05:30,25125.65,25126.35,25041.45,25042.65
2025-10-08T10:15:00+05:30,25148.35,25152.85,25112.1,25125.9
2025-10-08T09:45:00+05:30,25178.15,25178.3,25137.3,25149.55
2025-10-08T09:15:00+05:30,25079.75,25192.5,25078,25177.4
2025-10-07T15:15:00+05:30,25091.6,25121.55,25088.6,25112.8
2025-10-07T14:45:00+05:30,25134.35,25167.25,25085.9,25091
2025-10-07T14:15:00+05:30,25212.25,25220.9,25123.3,25134.4
2025-10-07T13:45:00+05:30,25210.65,25217.05,25189.8,25212.55
2025-10-07T13:15:00+05:30,25188.65,25211.75,25165.85,25210.35
2025-10-07T12:45:00+05:30,25167.4,25193.7,25156.45,25188.1
2025-10-07T12:15:00+05:30,25154.25,25175.25,25140.6,25167.65
2025-10-07T11:45:00+05:30,25121.65,25175.3,25109,25154.3
2025-10-07T11:15:00+05:30,25152,25154.9,25098.2,25121.7
2025-10-07T10:45:00+05:30,25169.8,25173.45,25143.5,25152.2
2025-10-07T10:15:00+05:30,25185.15,25195.95,25161.35,25170.2
2025-10-07T09:45:00+05:30,25146.5,25202.2,25142.5,25183.65
2025-10-07T09:15:00+05:30,25085.3,25148.15,25076.3,25146.05
2025-10-06T15:15:00+05:30,25075.05,25084.65,25064.6,25072.55
2025-10-06T14:45:00+05:30,25067.5,25095.95,25048.5,25074.5
2025-10-06T14:15:00+05:30,25059.65,25072.85,25032.45,25064.95
2025-10-06T13:45:00+05:30,25074.2,25084.85,25026.15,25059.75
2025-10-06T13:15:00+05:30,25058.55,25088.4,25047.25,25074.3
2025-10-06T12:45:00+05:30,25014.05,25063.6,25012.6,25060.05
2025-10-06T12:15:00+05:30,25008.15,25016.4,24998.2,25014.9
2025-10-06T11:45:00+05:30,25005.6,25008.45,24984.45,25008.05
2025-10-06T11:15:00+05:30,25014.9,25015.55,24982.55,25006.2
2025-10-06T10:45:00+05:30,24976.75,25016.55,24964.2,25014.8
2025-10-06T10:15:00+05:30,24969.65,24989.95,24960.85,24976.6
2025-10-06T09:45:00+05:30,24945.3,24972.35,24937.3,24968.9
2025-10-06T09:15:00+05:30,24916.55,24947.2,24881.65,24944.8
2025-10-03T15:15:00+05:30,24888.95,24900.8,24879.5,24895
2025-10-03T14:45:00+05:30,24879.7,24904.8,24864.35,24888.5
2025-10-03T14:15:00+05:30,24808.15,24880.95,24808.15,24879.85
2025-10-03T13:45:00+05:30,24828.1,24841.7,24808.15,24809.05
2025-10-03T13:15:00+05:30,24843.25,24844.7,24811.95,24828.25
2025-10-03T12:45:00+05:30,24824.35,24847,24812.45,24843.65
2025-10-03T12:15:00+05:30,24839.95,24840.15,24796.8,24824.4
2025-10-03T11:45:00+05:30,24821.65,24850.75,24811.5,24840.4
2025-10-03T11:15:00+05:30,24815.05,24832.55,24810.45,24821.4
2025-10-03T10:45:00+05:30,24782.55,24816.1,24772.95,24815.6
2025-10-03T10:15:00+05:30,24798.5,24822.35,24779.95,24782.85
2025-10-03T09:45:00+05:30,24788.55,24833.8,24773.55,24798.35
2025-10-03T09:15:00+05:30,24759.55,24855.7,24747.55,24789.1
2025-10-01T15:15:00+05:30,24824,24853.4,24821.2,24853.4
2025-10-01T14:45:00+05:30,24849.15,24867.95,24816.2,24822.5
2025-10-01T14:15:00+05:30,24796.15,24860.4,24775.75,24849.3
2025-10-01T13:45:00+05:30,24780.9,24811.5,24763,24795.2
2025-10-01T13:15:00+05:30,24770.2,24792.95,24755.05,24781.4
2025-10-01T12:45:00+05:30,24760.25,24774.95,24747.05,24770.7
2025-10-01T12:15:00+05:30,24803.05,24808.35,24757.5,24760.95
2025-10-01T11:45:00+05:30,24776.05,24812,24769.75,24803.35
2025-10-01T11:15:00+05:30,24703.05,24776.35,24703.05,24776
2025-10-01T10:45:00+05:30,24661.75,24704.85,24649.4,24702.2
2025-10-01T10:15:00+05:30,24658.6,24695.4,24645.05,24662.75
2025-10-01T09:45:00+05:30,24681.85,24694.05,24617.7,24659.95
2025-10-01T09:15:00+05:30,24620.55,24687.4,24605.95,24682.45
2025-09-30T15:15:00+05:30,24613.5,24634.9,24603.3,24633.6
2025-09-30T14:45:00+05:30,24639.95,24654,24598.15,24614.85
2025-09-30T14:15:00+05:30,24624.2,24652.8,24587.7,24640.3
2025-09-30T13:45:00+05:30,24637.1,24650.6,24600.4,24623.9
2025-09-30T13:15:00+05:30,24664.4,24680.05,24627.4,24637.8
2025-09-30T12:45:00+05:30,24662,24673.55,24645.1,24664.95
2025-09-30T12:15:00+05:30,24646.25,24683.45,24642.6,24662.05
2025-09-30T11:45:00+05:30,24642.45,24657.55,24625.6,24646.2
2025-09-30T11:15:00+05:30,24666.75,24683.5,24636.95,24642.05
2025-09-30T10:45:00+05:30,24620.7,24670.7,24607.85,24666.9
2025-09-30T10:15:00+05:30,24637,24655.8,24593.95,24620.95
2025-09-30T09:45:00+05:30,24649.45,24679,24633.4,24636.7
2025-09-30T09:15:00+05:30,24691.95,24731.8,24645.25,24649.85
2025-09-29T15:15:00+05:30,24639.3,24691.45,24619.45,24677.55
2025-09-29T14:45:00+05:30,24689.25,24694.45,24614.15,24639.65
2025-09-29T14:15:00+05:30,24725.15,24745.9,24686.05,24688.75
2025-09-29T13:45:00+05:30,24688.5,24738.35,24683.65,24723.85
2025-09-29T13:15:00+05:30,24686.75,24720.25,24656.8,24689.5
2025-09-29T12:45:00+05:30,24614.4,24688.75,24606.2,24687.05
2025-09-29T12:15:00+05:30,24642.15,24667.75,24609.75,24613.5
2025-09-29T11:45:00+05:30,24672.25,24676.15,24633.2,24641.7
2025-09-29T11:15:00+05:30,24741.2,24742.65,24654.35,24672.25
2025-09-29T10:45:00+05:30,24763,24766.9,24725.1,24740.45
2025-09-29T10:15:00+05:30,24760.35,24791.3,24749.7,24763.25
2025-09-29T09:45:00+05:30,24750.75,24767.5,24735,24758.4
2025-09-29T09:15:00+05:30,24728.55,24752.2,24668.15,24750.8
2025-09-26T15:15:00+05:30,24644.6,24674.55,24643.6,24673.1
2025-09-26T14:45:00+05:30,24661.5,24674.65,24630.35,24644.5
2025-09-26T14:15:00+05:30,24663.95,24668.1,24629.45,24661.1
2025-09-26T13:45:00+05:30,24712.3,24725.15,24638.4,24663.55
2025-09-26T13:15:00+05:30,24759.1,24760.5,24703.35,24713.1
2025-09-26T12:45:00+05:30,24772.75,24795.3,24756.9,24758.75
2025-09-26T12:15:00+05:30,24764.4,24782.1,24753.3,24774.2
2025-09-26T11:45:00+05:30,24751.35,24780.85,24737.55,24764.3
2025-09-26T11:15:00+05:30,24769.5,24769.5,24741.9,24751.25
2025-09-26T10:45:00+05:30,24800.8,24805.7,24763.5,24768.6
2025-09-26T10:15:00+05:30,24780.25,24808.25,24771.05,24800.35
2025-09-26T09:45:00+05:30,24782.35,24826.2,24774.75,24780.5
2025-09-26T09:15:00+05:30,24818.55,24868.6,24759,24781.9
2025-09-25T15:15:00+05:30,24884.2,24905.75,24881.8,24904.55
2025-09-25T14:45:00+05:30,24943.85,24949.75,24878.3,24883.3
2025-09-25T14:15:00+05:30,24966.4,24984.75,24932.7,24944.4
2025-09-25T13:45:00+05:30,24992.85,25004.05,24949.05,24966.1
2025-09-25T13:15:00+05:30,24989.75,24999.15,24964.95,24992.9
2025-09-25T12:45:00+05:30,24962.15,25010.4,24961.5,24989.7
2025-09-25T12:15:00+05:30,24981.4,24999.65,24959.55,24962.35
2025-09-25T11:45:00+05:30,24989.65,24998.85,24965.1,24981.5
2025-09-25T11:15:00+05:30,25027.1,25044.9,24985.1,24989.75
2025-09-25T10:45:00+05:30,25007.65,25033,24999.5,25026.1
2025-09-25T10:15:00+05:30,25031.8,25053.8,25002.35,25008.15
2025-09-25T09:45:00+05:30,25051.2,25060.2,25029.5,25031.7
2025-09-25T09:15:00+05:30,25034.5,25092.7,25003.9,25054
2025-09-24T15:15:00+05:30,25059.15,25067.25,25052,25060.9
2025-09-24T14:45:00+05:30,25065.5,25072.3,25039.55,25059.75
2025-09-24T14:15:00+05:30,25100.6,25116.4,25051.15,25065.45
2025-09-24T13:45:00+05:30,25128.4,25136.1,25096,25100.8
2025-09-24T13:15:00+05:30,25131.35,25142.05,25125.25,25127.85
2025-09-24T12:45:00+05:30,25091.25,25132.05,25085.6,25131.65
2025-09-24T12:15:00+05:30,25091.3,25111.5,25088.95,25092.4
2025-09-24T11:45:00+05:30,25068.1,25093.25,25058.65,25092.55
2025-09-24T11:15:00+05:30,25053.1,25078,25051.6,25068.95
2025-09-24T10:45:00+05:30,25077.3,25078.05,25027.45,25053.75
2025-09-24T10:15:00+05:30,25093.15,25114.1,25076.25,25078.15
2025-09-24T09:45:00+05:30,25059.7,25108.35,25051.45,25094.7
2025-09-24T09:15:00+05:30,25108.75,25149.85,25049.45,25060.5
2025-09-23T15:15:00+05:30,25174.25,25185.8,25161.6,25185.8
2025-09-23T14:45:00+05:30,25218.8,25224.2,25150.95,25174.5
2025-09-23T14:15:00+05:30,25206.2,25236.25,25179.6,25221.35
2025-09-23T13:45:00+05:30,25219.7,25261.9,25200.8,25206.9
2025-09-23T13:15:00+05:30,25197.5,25244.25,25190.95,25220
2025-09-23T12:45:00+05:30,25186.2,25209.9,25173.85,25197.9
2025-09-23T12:15:00+05:30,25142.35,25223.8,25131.9,25184.85
2025-09-23T11:45:00+05:30,25105.2,25142.6,25104,25142.6
2025-09-23T11:15:00+05:30,25098.95,25107.75,25084.65,25105.65
2025-09-23T10:45:00+05:30,25133.45,25139.15,25096.35,25098.9
2025-09-23T10:15:00+05:30,25150.9,25154.35,25111,25133.55
2025-09-23T09:45:00+05:30,25143.9,25163.9,25110.05,25151
2025-09-23T09:15:00+05:30,25209,25250.85,25133.9,25144.95
2025-09-22T15:15:00+05:30,25194.9,25212.85,25190.65,25200.2
2025-09-22T14:45:00+05:30,25179.35,25221.9,25151.05,25195.55
2025-09-22T14:15:00+05:30,25277.2,25278.4,25178.4,25178.95
2025-09-22T13:45:00+05:30,25278.3,25289.25,25251.05,25276.5
2025-09-22T13:15:00+05:30,25305.55,25306.25,25268.15,25277.35
2025-09-22T12:45:00+05:30,25306.15,25317.3,25294.3,25304.15
2025-09-22T12:15:00+05:30,25287.4,25309.8,25283.35,25304.8
2025-09-22T11:45:00+05:30,25291.75,25300.05,25276.2,25285.5
2025-09-22T11:15:00+05:30,25295.5,25297.4,25266.9,25291.65
2025-09-22T10:45:00+05:30,25315.5,25317.45,25291.15,25295.65
2025-09-22T10:15:00+05:30,25311,25322.25,25297.9,25315.35
2025-09-22T09:45:00+05:30,25313.5,25331.7,25284.65,25311.45
2025-09-22T09:15:00+05:30,25238.1,25321.85,25211.6,25314.2
2025-09-19T15:15:00+05:30,25319,25359,25317.2,25352.5
2025-09-19T14:45:00+05:30,25341.2,25360.4,25306.1,25318.45
2025-09-19T14:15:00+05:30,25353.7,25360,25323.7,25341.4
2025-09-19T13:45:00+05:30,25340.3,25359.55,25332.75,25353.85
2025-09-19T13:15:00+05:30,25330.1,25359.05,25327.65,25340.4
2025-09-19T12:45:00+05:30,25297,25332.75,25287.9,25330.65
2025-09-19T12:15:00+05:30,25305.5,25310.1,25289.2,25296.7
2025-09-19T11:45:00+05:30,25307.75,25310.95,25286.3,25305
2025-09-19T11:15:00+05:30,25310.1,25328.3,25300.45,25308.1
2025-09-19T10:45:00+05:30,25321.15,25324.7,25301.6,25310.1
2025-09-19T10:15:00+05:30,25325.65,25345.25,25310.1,25320.65
2025-09-19T09:45:00+05:30,25341.15,25346.15,25297.05,25324.45
2025-09-19T09:15:00+05:30,25410.2,25428.75,25322.9,25340.55
2025-09-18T15:15:00+05:30,25423,25436.1,25415.25,25420.75
2025-09-18T14:45:00+05:30,25351.25,25436.75,25351.25,25423.05
2025-09-18T14:15:00+05:30,25364.75,25368.4,25329.75,25352.5
2025-09-18T13:45:00+05:30,25383,25389.3,25342.1,25365.75
2025-09-18T13:15:00+05:30,25361.55,25388.35,25350.85,25382.6
2025-09-18T12:45:00+05:30,25385.2,25394.95,25346.85,25361.95
2025-09-18T12:15:00+05:30,25419.7,25427.1,25368.95,25385.85
2025-09-18T11:45:00+05:30,25415.1,25426.55,25408.45,25418.95
2025-09-18T11:15:00+05:30,25425.75,25434.45,25415.15,25415.15
2025-09-18T10:45:00+05:30,25425.3,25442.4,25422.15,25423.2
2025-09-18T10:15:00+05:30,25408.25,25429.8,25402.95,25424.65
2025-09-18T09:45:00+05:30,25424.9,25428.6,25401.35,25408
2025-09-18T09:15:00+05:30,25441.05,25448.95,25393.8,25424.85
2025-09-17T15:15:00+05:30,25328.1,25335.15,25321.3,25330.15
2025-09-17T14:45:00+05:30,25311.2,25337.1,25308.85,25328.3
2025-09-17T14:15:00+05:30,25305.15,25315.75,25279.85,25310.35
2025-09-17T13:45:00+05:30,25319.4,25328.35,25294.35,25304.1
2025-09-17T13:15:00+05:30,25335,25346.5,25317.95,25319.15
2025-09-17T12:45:00+05:30,25331.55,25342.1,25325.9,25335.4
2025-09-17T12:15:00+05:30,25326,25346.4,25318.75,25332.05
2025-09-17T11:45:00+05:30,25323.25,25338.6,25318,25325.5
2025-09-17T11:15:00+05:30,25333.45,25339.5,25317.65,25322.55
2025-09-17T10:45:00+05:30,25311.15,25339.2,25308.2,25333.95
2025-09-17T10:15:00+05:30,25314.7,25330.35,25305.45,25312.25
2025-09-17T09:45:00+05:30,25332.9,25332.9,25310.45,25314.15
2025-09-17T09:15:00+05:30,25276.6,25342.15,25275.35,25333.15
2025-09-16T15:15:00+05:30,25242.65,25261.4,25230.25,25254.45
2025-09-16T14:45:00+05:30,25210.6,25255.2,25190.1,25240.65
2025-09-16T14:15:00+05:30,25180.6,25229.75,25176.6,25211.35
2025-09-16T13:45:00+05:30,25178.95,25185.7,25152.7,25180.8
2025-09-16T13:15:00+05:30,25187.2,25188.6,25167.25,25178.9
2025-09-16T12:45:00+05:30,25197.7,25200.75,25176.25,25187.25
2025-09-16T12:15:00+05:30,25172.65,25203,25170.05,25198.35
2025-09-16T11:45:00+05:30,25170.4,25178.05,25161.5,25173.25
2025-09-16T11:15:00+05:30,25164.85,25177.2,25159.8,25170.85
2025-09-16T10:45:00+05:30,25164.05,25165.6,25147.8,25165
2025-09-16T10:15:00+05:30,25165.05,25174.7,25158.95,25163.95
2025-09-16T09:45:00+05:30,25136.1,25181.85,25131.45,25165.05
2025-09-16T09:15:00+05:30,25073.6,25140.4,25070.45,25135.45
2025-09-15T15:15:00+05:30,25067.35,25074.05,25060.7,25069.7
2025-09-15T14:45:00+05:30,25096.5,25097,25064.75,25067.1
2025-09-15T14:15:00+05:30,25071.55,25114.2,25063.2,25094.85
2025-09-15T13:45:00+05:30,25071.2,25089,25067.85,25071.95
2025-09-15T13:15:00+05:30,25105.5,25116.9,25048.75,25071.15
2025-09-15T12:45:00+05:30,25091.4,25113.3,25089.4,25104.85
2025-09-15T12:15:00+05:30,25101.7,25112.1,25091.5,25091.5
2025-09-15T11:45:00+05:30,25084.25,25118.35,25084.05,25101.5
2025-09-15T11:15:00+05:30,25075.75,25097.05,25068.75,25084.1
2025-09-15T10:45:00+05:30,25077.1,25090.05,25064.65,25075.8
2025-09-15T10:15:00+05:30,25085.1,25102.75,25076.3,25077.55
2025-09-15T09:45:00+05:30,25091.2,25111.95,25070,25084.75
2025-09-15T09:15:00+05:30,25118.9,25138.45,25081.3,25090.45
2025-09-12T15:15:00+05:30,25116.35,25120.1,25102.4,25107.7
2025-09-12T14:45:00+05:30,25112.5,25118.6,25099.5,25115.8
2025-09-12T14:15:00+05:30,25118.4,25120.7,25103.2,25111.8
2025-09-12T13:45:00+05:30,25108.6,25129.65,25097.25,25117.9
2025-09-12T13:15:00+05:30,25118.75,25125.05,25107.55,25109.2
2025-09-12T12:45:00+05:30,25116.55,25120.1,25101.9,25118.8
2025-09-12T12:15:00+05:30,25120.6,25125.3,25114.1,25116.8
2025-09-12T11:45:00+05:30,25125.5,25128.55,25114.4,25121.05
2025-09-12T11:15:00+05:30,25099.8,25139.45,25097.7,25126.15
2025-09-12T10:45:00+05:30,25088.4,25104,25078.65,25099.75
2025-09-12T10:15:00+05:30,25074.85,25088.9,25064.2,25088.5
2025-09-12T09:45:00+05:30,25048.55,25077.6,25046.65,25074.7
2025-09-12T09:15:00+05:30,25074.45,25089.75,25038.05,25049.7
2025-09-11T15:15:00+05:30,25000.8,25016.15,24992.8,25008.1
2025-09-11T14:45:00+05:30,25016.8,25037.3,24991.45,25000.7
2025-09-11T14:15:00+05:30,25012.9,25024.95,24986.9,25017.55
2025-09-11T13:45:00+05:30,25011.8,25026.35,24994.15,25013.85
2025-09-11T13:15:00+05:30,25007.05,25015.4,24991.25,25012.05
2025-09-11T12:45:00+05:30,25000.95,25015.1,24993.6,25007.3
2025-09-11T12:15:00+05:30,24987,25012.95,24985.95,25000.8
2025-09-11T11:45:00+05:30,24962.6,24988.35,24960.85,24986.95
2025-09-11T11:15:00+05:30,24982,24989,24956.85,24963.45
2025-09-11T10:45:00+05:30,24982.35,24991.8,24971.6,24981
2025-09-11T10:15:00+05:30,24965.45,24989.35,24964.75,24982.4
2025-09-11T09:45:00+05:30,24978.2,24991.65,24957.5,24964.5
2025-09-11T09:15:00+05:30,24945.5,25008.95,24940.15,24978.45
2025-09-10T15:15:00+05:30,24978.55,24987.9,24972.35,24977.55
2025-09-10T14:45:00+05:30,24918.2,24979.8,24918.2,24978.6
2025-09-10T14:15:00+05:30,24962.8,24966,24915.05,24918.4
2025-09-10T13:45:00+05:30,24964.15,24978.65,24953.55,24962.85
2025-09-10T13:15:00+05:30,24959.9,24968.9,24946.55,24964.1
2025-09-10T12:45:00+05:30,24984,24989.15,24958.7,24959.6
2025-09-10T12:15:00+05:30,24990.3,25000.9,24976.2,24984.2
2025-09-10T11:45:00+05:30,24988.6,24995.7,24969.75,24990.15
2025-09-10T11:15:00+05:30,25012.85,25014.35,24967.95,24988.9
2025-09-10T10:45:00+05:30,25001.4,25027.85,24990.35,25013.1
2025-09-10T10:15:00+05:30,25004.3,25035.7,24997.8,25001.35
2025-09-10T09:45:00+05:30,25012.85,25017.4,24989.95,25005.45
2025-09-10T09:15:00+05:30,24991,25014.1,24958.1,25012.25
2025-09-09T15:15:00+05:30,24871.05,24883.05,24860.9,24878.8
2025-09-09T14:45:00+05:30,24838.15,24884,24831.35,24870.35
2025-09-09T14:15:00+05:30,24874.35,24891.8,24825.6,24839.95
2025-09-09T13:45:00+05:30,24858.5,24877,24843.6,24873.75
2025-09-09T13:15:00+05:30,24854.8,24874,24848.4,24858.5
2025-09-09T12:45:00+05:30,24852.6,24869.3,24836.95,24854.8
2025-09-09T12:15:00+05:30,24842.25,24860.6,24838.25,24853
2025-09-09T11:45:00+05:30,24846.8,24849.3,24814,24841.35
2025-09-09T11:15:00+05:30,24838.05,24855.8,24832.25,24846.95
2025-09-09T10:45:00+05:30,24823.4,24847,24816.4,24838.5
2025-09-09T10:15:00+05:30,24825.2,24835.6,24814.6,24823.15
2025-09-09T09:45:00+05:30,24854,24861.2,24823.25,24824.1
2025-09-09T09:15:00+05:30,24864.1,24879.05,24831.45,24854.75
2025-09-08T15:15:00+05:30,24768.4,24800.8,24762.95,24791.2
2025-09-08T14:45:00+05:30,24873.25,24873.9,24751.55,24768.75
2025-09-08T14:15:00+05:30,24856.6,24885.5,24855.1,24872.65
2025-09-08T13:45:00+05:30,24852.75,24856.85,24828.95,24856.1
2025-09-08T13:15:00+05:30,24867.75,24870.9,24844.3,24849.7
2025-09-08T12:45:00+05:30,24853.5,24868.1,24848,24867.8
2025-09-08T12:15:00+05:30,24835.35,24866.65,24821,24853.55
2025-09-08T11:45:00+05:30,24827.45,24836.85,24807.55,24835.75
2025-09-08T11:15:00+05:30,24806.65,24828.6,24797.75,24827.45
2025-09-08T10:45:00+05:30,24803.1,24812.05,24778.9,24806.8
2025-09-08T10:15:00+05:30,24800.3,24815.65,24764.95,24802
2025-09-08T09:45:00+05:30,24828.75,24835.55,24798.6,24800.45
2025-09-08T09:15:00+05:30,24802.6,24845.7,24758.5,24829.05
2025-09-05T15:15:00+05:30,24736.4,24749.55,24733.75,24743.95
2025-09-05T14:45:00+05:30,24726.8,24759,24724.75,24735.55
2025-09-05T14:15:00+05:30,24748.2,24765.35,24720.75,24727.3
2025-09-05T13:45:00+05:30,24709.7,24790.75,24709.7,24745.35
2025-09-05T13:15:00+05:30,24671.4,24708,24667.9,24708
2025-09-05T12:45:00+05:30,24638,24671.5,24621.6,24670.65
2025-09-05T12:15:00+05:30,24651.65,24664.9,24627.15,24638.5
2025-09-05T11:45:00+05:30,24676.6,24677.95,24651.55,24651.55
2025-09-05T11:15:00+05:30,24691.6,24708.3,24675.1,24677.05
2025-09-05T10:45:00+05:30,24701.5,24714.2,24663.75,24691.95
2025-09-05T10:15:00+05:30,24678.55,24737.75,24631.95,24702.15
2025-09-05T09:45:00+05:30,24778.3,24803.6,24674.75,24679.35
2025-09-05T09:15:00+05:30,24818.85,24832.35,24775.45,24778.85
2025-09-04T15:15:00+05:30,24719.75,24751.75,24708.2,24739.8
2025-09-04T14:45:00+05:30,24771,24777.1,24714.55,24718.5
2025-09-04T14:15:00+05:30,24765.55,24779.55,24713.25,24771.3
2025-09-04T13:45:00+05:30,24788.45,24791.6,24757.4,24765.5
2025-09-04T13:15:00+05:30,24816,24828.9,24782.2,24788.3
2025-09-04T12:45:00+05:30,24819.8,24838.75,24806.65,24815.85
2025-09-04T12:15:00+05:30,24806.35,24819.35,24767.05,24819.35
2025-09-04T11:45:00+05:30,24816.7,24837.7,24787.75,24806.1
2025-09-04T11:15:00+05:30,24815.95,24832.8,24799,24816.15
2025-09-04T10:45:00+05:30,24816.55,24848.85,24810.1,24815.5
2025-09-04T10:15:00+05:30,24834.95,24877,24804.65,24816.5
2025-09-04T09:45:00+05:30,24886.6,24919.1,24835.1,24835.7
2025-09-04T09:15:00+05:30,24980.75,24980.75,24847.25,24885.85
2025-09-03T15:15:00+05:30,24724.6,24728.8,24705.05,24713.6
2025-09-03T14:45:00+05:30,24660.7,24737.05,24658.9,24725.35
2025-09-03T14:15:00+05:30,24658.9,24680.1,24656.2,24660.75
2025-09-03T13:45:00+05:30,24629.45,24673.7,24627.5,24659
2025-09-03T13:15:00+05:30,24602.95,24632.65,24598.2,24629.6
2025-09-03T12:45:00+05:30,24627.45,24634.35,24593.1,24603
2025-09-03T12:15:00+05:30,24630.35,24649.05,24624.85,24627
2025-09-03T11:45:00+05:30,24586.75,24633.05,24573.35,24630.55
2025-09-03T11:15:00+05:30,24576.3,24597.35,24557.55,24586.5
2025-09-03T10:45:00+05:30,24561.95,24587.65,24553.7,24576.9
2025-09-03T10:15:00+05:30,24606.6,24608.2,24559.5,24562.75
2025-09-03T09:45:00+05:30,24552.05,24613.95,24551.55,24606.75
2025-09-03T09:15:00+05:30,24616.5,24630.7,24533.2,24551.95
2025-09-02T15:15:00+05:30,24587.5,24591.75,24567.3,24575
2025-09-02T14:45:00+05:30,24591.2,24617.25,24556.75,24584.8
2025-09-02T14:15:00+05:30,24558.85,24605.2,24522.35,24590.95
2025-09-02T13:45:00+05:30,24655.05,24663.7,24536.75,24561.3
2025-09-02T13:15:00+05:30,24723.3,24726.65,24649.85,24655.05
2025-09-02T12:45:00+05:30,24738.7,24747.4,24712.85,24724.85
2025-09-02T12:15:00+05:30,24726.6,24756.1,24710.9,24738.1
2025-09-02T11:45:00+05:30,24734.5,24739.9,24721.55,24726.05
2025-09-02T11:15:00+05:30,24731.55,24741.4,24715.35,24733.65
2025-09-02T10:45:00+05:30,24735.5,24749.05,24723.65,24731.75
2025-09-02T10:15:00+05:30,24728.85,24741.4,24708.8,24736.65
2025-09-02T09:45:00+05:30,24688.8,24747.55,24688.8,24728.75
2025-09-02T09:15:00+05:30,24653,24695.6,24631.35,24688.75
2025-09-01T15:15:00+05:30,24625.05,24631.3,24619.85,24624.3
2025-09-01T14:45:00+05:30,24616.7,24635.6,24613.5,24624.45
2025-09-01T14:15:00+05:30,24617.4,24625.05,24598.8,24615.4
2025-09-01T13:45:00+05:30,24594.25,24620.9,24591.1,24617.1
2025-09-01T13:15:00+05:30,24588.6,24606.85,24581.5,24593.7
2025-09-01T12:45:00+05:30,24564.95,24592.85,24556.55,24590.5
2025-09-01T12:15:00+05:30,24548.4,24576.45,24540.25,24563.95
2025-09-01T11:45:00+05:30,24539.8,24550.05,24517.95,24546.85
2025-09-01T11:15:00+05:30,24549.8,24556,24537.45,24538.55
2025-09-01T10:45:00+05:30,24530.1,24553.3,24523.55,24548.7
2025-09-01T10:15:00+05:30,24522.75,24534.35,24502.85,24529.65
2025-09-01T09:45:00+05:30,24535.15,24560.85,24522.65,24523.15
2025-09-01T09:15:00+05:30,24432.7,24546.65,24432.7,24535.8
2025-08-29T15:15:00+05:30,24406.75,24444.9,24404.7,24433.65
2025-08-29T14:45:00+05:30,24451.75,24490.85,24406.25,24406.75
2025-08-29T14:15:00+05:30,24513.3,24552.5,24441.85,24452.45
2025-08-29T13:45:00+05:30,24505.45,24517.05,24476.75,24513.6
2025-08-29T13:15:00+05:30,24496.8,24522,24495.15,24504.65
2025-08-29T12:45:00+05:30,24538.4,24549.6,24495.5,24496.6
2025-08-29T12:15:00+05:30,24552.85,24554.65,24518.35,24538.95
2025-08-29T11:45:00+05:30,24565.95,24572.45,24533.5,24553.25
2025-08-29T11:15:00+05:30,24556.75,24570.3,24536.55,24566.55
2025-08-29T10:45:00+05:30,24550.25,24564,24522.05,24556.45
2025-08-29T10:15:00+05:30,24471,24552.8,24466.25,24550.05
2025-08-29T09:45:00+05:30,24510.6,24512.4,24464.15,24470.85
2025-08-29T09:15:00+05:30,24466.7,24564.35,24466.6,24510.85
2025-08-28T15:15:00+05:30,24501.5,24545.6,24488.75,24533.1
2025-08-28T14:45:00+05:30,24529.1,24531.05,24481.6,24502.25
2025-08-28T14:15:00+05:30,24573.9,24592.1,24524,24527.6
2025-08-28T13:45:00+05:30,24553.05,24588.05,24531.5,24573.45
2025-08-28T13:15:00+05:30,24560.25,24566.05,24533.65,24552
2025-08-28T12:45:00+05:30,24585.15,24596.05,24543.55,24557.9
2025-08-28T12:15:00+05:30,24627.2,24631.65,24580.2,24586.05
2025-08-28T11:45:00+05:30,24654.65,24658.9,24611.8,24626.6
2025-08-28T11:15:00+05:30,24654.2,24673.4,24645.7,24656.3
2025-08-28T10:45:00+05:30,24608.2,24677.9,24607.5,24653.9
2025-08-28T10:15:00+05:30,24575.9,24629.1,24554.8,24608.65
2025-08-28T09:45:00+05:30,24566.15,24613.85,24549.75,24576.95
2025-08-28T09:15:00+05:30,24695.8,24702.65,24507.2,24565.7
2025-08-26T15:15:00+05:30,24695.5,24717.7,24692.6,24710.7
2025-08-26T14:45:00+05:30,24775.25,24781.9,24689.6,24695
2025-08-26T14:15:00+05:30,24772.7,24791.55,24741.9,24776
2025-08-26T13:45:00+05:30,24811.55,24814.3,24765.25,24772.55
2025-08-26T13:15:00+05:30,24804.7,24824.7,24790.85,24810.95
2025-08-26T12:45:00+05:30,24785.2,24812,24781.85,24804.9
2025-08-26T12:15:00+05:30,24800.6,24811.3,24775.2,24785.45
2025-08-26T11:45:00+05:30,24806.1,24819,24794.75,24799.75
2025-08-26T11:15:00+05:30,24799.65,24838.3,24798.05,24806.25
2025-08-26T10:45:00+05:30,24780.85,24812.85,24765.15,24799.3
2025-08-26T10:15:00+05:30,24796.95,24808.55,24778.05,24781.05
2025-08-26T09:45:00+05:30,24760.6,24807.1,24755.6,24797.45
2025-08-26T09:15:00+05:30,24899.5,24919.65,24758.7,24760.45
2025-08-25T15:15:00+05:30,24954.75,24984.5,24952.9,24978.55
2025-08-25T14:45:00+05:30,24961.2,24992.55,24953.75,24954.9
2025-08-25T14:15:00+05:30,24997.1,25021.55,24949.2,24960.85
2025-08-25T13:45:00+05:30,24996.8,25013,24993.7,24997.25
2025-08-25T13:15:00+05:30,25001.8,25003.35,24986,24996.45
2025-08-25T12:45:00+05:30,24981.7,25002.9,24981.3,25000.85
2025-08-25T12:15:00+05:30,24973.45,24985.35,24969.75,24981.35
2025-08-25T11:45:00+05:30,24961.4,24974.7,24948.3,24973.1
2025-08-25T11:15:00+05:30,24950.8,24961.95,24941.7,24961.3
2025-08-25T10:45:00+05:30,24937.4,24961.85,24934.55,24950.45
2025-08-25T10:15:00+05:30,24905.95,24946.55,24894.35,24936.6
2025-08-25T09:45:00+05:30,24967.4,24968.8,24899,24906.25
2025-08-25T09:15:00+05:30,24949.15,24973.95,24915,24968.1
2025-08-22T15:15:00+05:30,24873.4,24876.75,24859.15,24869.45
2025-08-22T14:45:00+05:30,24888.05,24898.3,24865.7,24873.3
2025-08-22T14:15:00+05:30,24921.9,24922.5,24874.2,24888.2
2025-08-22T13:45:00+05:30,24943.5,24946.45,24919.3,24922
2025-08-22T13:15:00+05:30,24920.35,24952.15,24917.4,24943.55
2025-08-22T12:45:00+05:30,24923.3,24929.95,24912.65,24921.7
2025-08-22T12:15:00+05:30,24926.15,24933.95,24914.4,24923.5
2025-08-22T11:45:00+05:30,24936.5,24959.15,24922.05,24925.5
2025-08-22T11:15:00+05:30,24909.2,24937.9,24893.1,24936.65
2025-08-22T10:45:00+05:30,24914.55,24925.35,24897.8,24909.05
2025-08-22T10:15:00+05:30,24960.45,24961.3,24903.9,24914.45
2025-08-22T09:45:00+05:30,24981.1,24985.65,24945.35,24961.4
2025-08-22T09:15:00+05:30,25064.15,25084.85,24950.6,24981.25
2025-08-21T15:15:00+05:30,25081.45,25086.25,25068.55,25076.95
2025-08-21T14:45:00+05:30,25105.3,25118.35,25078.9,25081.5
2025-08-21T14:15:00+05:30,25125.65,25153.65,25095,25105.7
2025-08-21T13:45:00+05:30,25092.15,25127.45,25087.35,25125.35
2025-08-21T13:15:00+05:30,25119.1,25121.15,25075.25,25092.55
2025-08-21T12:45:00+05:30,25122.75,25128.4,25101.65,25118.6
2025-08-21T12:15:00+05:30,25107.65,25125.5,25090.85,25122.55
2025-08-21T11:45:00+05:30,25129.5,25129.75,25096,25106.8
2025-08-21T11:15:00+05:30,25121,25133.15,25112,25128.65
2025-08-21T10:45:00+05:30,25136.45,25137.4,25113.85,25120.4
2025-08-21T10:15:00+05:30,25115.2,25145.7,25113,25135.8
2025-08-21T09:45:00+05:30,25060.75,25135.05,25058.5,25115.15
2025-08-21T09:15:00+05:30,25142,25144.85,25054.9,25060.1
2025-08-20T15:15:00+05:30,25048.6,25059.65,25038.2,25047.15
2025-08-20T14:45:00+05:30,25074.4,25088.7,25048.15,25048.75
2025-08-20T14:15:00+05:30,25071.05,25079.2,25044.65,25074.45
2025-08-20T13:45:00+05:30,25047.45,25085.6,25044.6,25071.7
2025-08-20T13:15:00+05:30,25052.05,25063.6,25031.35,25050.7
2025-08-20T12:45:00+05:30,25044.35,25063.5,25041.5,25053.3
2025-08-20T12:15:00+05:30,25036.15,25050.9,25029.9,25046.15
2025-08-20T11:45:00+05:30,25018.7,25043.3,25015.3,25037.1
2025-08-20T11:15:00+05:30,25027.65,25030.9,25008.7,25019.5
2025-08-20T10:45:00+05:30,25011.25,25029.6,24987.2,25028.05
2025-08-20T10:15:00+05:30,24995.7,25019.25,24985.95,25010.95
2025-08-20T09:45:00+05:30,24966.65,24995.75,24947.35,24995.5
2025-08-20T09:15:00+05:30,24965.8,24983.75,24929.7,24966.85
2025-08-19T15:15:00+05:30,24975.7,24995.65,24973.05,24989.7
2025-08-19T14:45:00+05:30,24972.7,24980.45,24950.35,24975.6
2025-08-19T14:15:00+05:30,24940,24995.4,24922.55,24973.2
2025-08-19T13:45:00+05:30,24976.35,24977.05,24919.4,24938.9
2025-08-19T13:15:00+05:30,24986,25004.55,24956.65,24975.85
2025-08-19T12:45:00+05:30,24984.15,25003.65,24978.3,24986.25
2025-08-19T12:15:00+05:30,24974.3,25012.65,24970.9,24984.5
2025-08-19T11:45:00+05:30,24947.7,24975.95,24947.35,24973.5
2025-08-19T11:15:00+05:30,24935.5,24958.65,24927.3,24947.55
2025-08-19T10:45:00+05:30,24923.05,24943.5,24907.65,24935.25
2025-08-19T10:15:00+05:30,24921.2,24927.5,24902.2,24922.95
2025-08-19T09:45:00+05:30,24880.65,24924.7,24873.95,24921.9
2025-08-19T09:15:00+05:30,24891.35,24936.45,24878.15,24880.25
2025-08-18T15:15:00+05:30,24871.7,24890.4,24866.9,24884.05
2025-08-18T14:45:00+05:30,24913.5,24921.9,24869.8,24870.15
2025-08-18T14:15:00+05:30,24930.35,24943.6,24906.05,24914
2025-08-18T13:45:00+05:30,24932.3,24939.35,24892.4,24930.6
2025-08-18T13:15:00+05:30,24948.7,24959.25,24916.35,24932
2025-08-18T12:45:00+05:30,24905.75,24953.65,24904.1,24947.85
2025-08-18T12:15:00+05:30,24873.7,24907.55,24852.85,24905.35
2025-08-18T11:45:00+05:30,24945.15,24951.9,24872.75,24873.65
2025-08-18T11:15:00+05:30,24957.55,24974.05,24932.3,24944.55
2025-08-18T10:45:00+05:30,24980.7,24981.65,24946.9,24957.25
2025-08-18T10:15:00+05:30,24987.55,25001.15,24971.4,24980.2
2025-08-18T09:45:00+05:30,25001.6,25022,24982.2,24988.1
2025-08-18T09:15:00+05:30,24938.2,25003.7,24884.3,25001.6
2025-08-14T15:15:00+05:30,24630.35,24632.05,24607.25,24616.05
2025-08-14T14:45:00+05:30,24625.3,24663.3,24625.25,24630.3
2025-08-14T14:15:00+05:30,24636.65,24643.45,24596.9,24625.9
2025-08-14T13:45:00+05:30,24650.85,24661.95,24631.35,24638.15
2025-08-14T13:15:00+05:30,24653.1,24664.1,24626.4,24651.2
2025-08-14T12:45:00+05:30,24639.9,24665.4,24632.3,24652.3
2025-08-14T12:15:00+05:30,24630.7,24654.6,24627.8,24640.3
2025-08-14T11:45:00+05:30,24618.95,24653,24603.7,24629.7
2025-08-14T11:15:00+05:30,24646.25,24656.45,24612.8,24618.5
2025-08-14T10:45:00+05:30,24656.55,24663.5,24629.35,24646.5
2025-08-14T10:15:00+05:30,24630.2,24673.65,24623.65,24656.5
2025-08-14T09:45:00+05:30,24657.1,24672.85,24618,24630.5
2025-08-14T09:15:00+05:30,24607.25,24664.35,24604.6,24657.55
2025-08-13T15:15:00+05:30,24615.3,24633.7,24610.15,24630.4
2025-08-13T14:45:00+05:30,24643.85,24654,24611.65,24614.75
2025-08-13T14:15:00+05:30,24658.9,24658.9,24617.85,24643.35
2025-08-13T13:45:00+05:30,24627.9,24664.55,24626.35,24658.15
2025-08-13T13:15:00+05:30,24622.55,24632.85,24594.65,24628.55
2025-08-13T12:45:00+05:30,24620.35,24638.05,24614.95,24621.75
2025-08-13T12:15:00+05:30,24578.15,24622.45,24567.65,24620.3
2025-08-13T11:45:00+05:30,24567.7,24583.2,24538.9,24578.2
2025-08-13T11:15:00+05:30,24583.85,24595.35,24565.35,24567.1
2025-08-13T10:45:00+05:30,24572.6,24601.9,24554.4,24583.1
2025-08-13T10:15:00+05:30,24580.3,24605.8,24570.3,24572.7
2025-08-13T09:45:00+05:30,24571,24614.2,24569.8,24581.15
2025-08-13T09:15:00+05:30,24586.2,24599.55,24535.25,24570.15
2025-08-12T15:15:00+05:30,24490.85,24501.2,24477.75,24485.85
2025-08-12T14:45:00+05:30,24506.3,24524.65,24465.65,24490.2
2025-08-12T14:15:00+05:30,24544.05,24562.3,24500.55,24507.45
2025-08-12T13:45:00+05:30,24564.7,24607.55,24534.85,24542.65
2025-08-12T13:15:00+05:30,24597.25,24597.25,24549.5,24564.9
2025-08-12T12:45:00+05:30,24633.7,24633.7,24590,24597.2
2025-08-12T12:15:00+05:30,24561.75,24640.35,24559.1,24631.7
2025-08-12T11:45:00+05:30,24561.35,24569.75,24531.45,24561.75
2025-08-12T11:15:00+05:30,24544.05,24593.25,24541.75,24561.75
2025-08-12T10:45:00+05:30,24583.3,24604.45,24532.7,24544.15
2025-08-12T10:15:00+05:30,24662.15,24682,24562.25,24583.85
2025-08-12T09:45:00+05:30,24645.3,24702.6,24645.3,24662.35
2025-08-12T09:15:00+05:30,24563.35,24648,24530.75,24644.85
2025-08-11T15:15:00+05:30,24585.9,24587.15,24544.55,24562.15
2025-08-11T14:45:00+05:30,24556.55,24600.85,24556.4,24585.95
2025-08-11T14:15:00+05:30,24540.15,24583.65,24526,24557
2025-08-11T13:45:00+05:30,24506.35,24543.3,24495,24539.45
2025-08-11T13:15:00+05:30,24476.15,24508.9,24467.9,24505.65
2025-08-11T12:45:00+05:30,24461.75,24507.4,24458.55,24475.2
2025-08-11T12:15:00+05:30,24445.9,24463.35,24429.05,24460.65
2025-08-11T11:45:00+05:30,24417,24451.55,24402.1,24445.6
2025-08-11T11:15:00+05:30,24443.15,24475.2,24416.85,24417.4
2025-08-11T10:45:00+05:30,24448.75,24467.8,24425.35,24442.7
2025-08-11T10:15:00+05:30,24410.8,24460.2,24404.35,24448.8
2025-08-11T09:45:00+05:30,24381,24415.65,24356.3,24410.45
2025-08-11T09:15:00+05:30,24371.5,24428.4,24347.45,24381.25
2025-08-08T15:15:00+05:30,24350.35,24365.35,24339.2,24350.85
2025-08-08T14:45:00+05:30,24418.6,24421.95,24337.5,24344.45
2025-08-08T14:15:00+05:30,24412.9,24434.85,24382.7,24417.3
2025-08-08T13:45:00+05:30,24457.4,24457.45,24388.15,24413.05
2025-08-08T13:15:00+05:30,24435.9,24463.5,24417.85,24457.75
2025-08-08T12:45:00+05:30,24436.6,24481.35,24419.55,24435.95
2025-08-08T12:15:00+05:30,24422.6,24441.9,24411.6,24436.75
2025-08-08T11:45:00+05:30,24432.15,24446.45,24402.25,24423.05
2025-08-08T11:15:00+05:30,24441.8,24452.75,24422.3,24431.8
2025-08-08T10:45:00+05:30,24437.75,24446.2,24408.3,24440.8
2025-08-08T10:15:00+05:30,24448.35,24481.25,24432.7,24437.6
2025-08-08T09:45:00+05:30,24500,24506.6,24437.55,24449.3
2025-08-08T09:15:00+05:30,24544.25,24585.5,24495.95,24499.75
2025-08-07T15:15:00+05:30,24592.25,24634.2,24590.05,24626.65
2025-08-07T14:45:00+05:30,24514.9,24601.9,24504.25,24592
2025-08-07T14:15:00+05:30,24427.35,24521.65,24426.6,24515.05
2025-08-07T13:45:00+05:30,24386.15,24442.75,24370.05,24427.6
2025-08-07T13:15:00+05:30,24402.95,24405.6,24344.15,24385.4
2025-08-07T12:45:00+05:30,24434.95,24439.5,24398.7,24403.45
2025-08-07T12:15:00+05:30,24440.2,24452.5,24417.85,24434.9
2025-08-07T11:45:00+05:30,24423.85,24449.7,24417.1,24442.3
2025-08-07T11:15:00+05:30,24410.95,24448.15,24410.3,24423.7
2025-08-07T10:45:00+05:30,24435.25,24437.35,24387.55,24411.6
2025-08-07T10:15:00+05:30,24476.95,24486.65,24425.1,24435.75
2025-08-07T09:45:00+05:30,24503.75,24519.35,24468,24476.05
2025-08-07T09:15:00+05:30,24464.2,24542.2,24464.2,24504.55
2025-08-06T15:15:00+05:30,24577.6,24585.75,24563.4,24569.6
2025-08-06T14:45:00+05:30,24560.05,24585.6,24556.35,24576.35
2025-08-06T14:15:00+05:30,24583.6,24601.25,24539.2,24560.4
2025-08-06T13:45:00+05:30,24615.4,24616,24578.55,24583.8
2025-08-06T13:15:00+05:30,24617.4,24628.8,24584.8,24615.95
2025-08-06T12:45:00+05:30,24600.6,24620.7,24583.25,24618.1
2025-08-06T12:15:00+05:30,24587.9,24633.6,24586.2,24600.1
2025-08-06T11:45:00+05:30,24566,24600.1,24558.3,24587.95
2025-08-06T11:15:00+05:30,24561.55,24578.45,24550.3,24566.4
2025-08-06T10:45:00+05:30,24564.8,24571.8,24548.2,24561.1
2025-08-06T10:15:00+05:30,24605.85,24649.45,24544.15,24564.6
2025-08-06T09:45:00+05:30,24620.85,24643.25,24579.7,24605.4
2025-08-06T09:15:00+05:30,24641.35,24671.4,24616.15,24621.05
2025-08-05T15:15:00+05:30,24667.65,24668,24646.4,24649.5
2025-08-05T14:45:00+05:30,24624.45,24671,24590.3,24667.5
2025-08-05T14:15:00+05:30,24611.15,24631.7,24594.6,24624.25
2025-08-05T13:45:00+05:30,24609.65,24629.05,24592,24612.25
2025-08-05T13:15:00+05:30,24628.2,24629.3,24593,24609.75
2025-08-05T12:45:00+05:30,24649.25,24650.45,24617,24627.2
2025-08-05T12:15:00+05:30,24658.9,24665.05,24621.7,24649.95
2025-08-05T11:45:00+05:30,24633.85,24668.7,24615.7,24658.1
2025-08-05T11:15:00+05:30,24633.9,24646.45,24618.45,24632.9
2025-08-05T10:45:00+05:30,24616.35,24635,24604.15,24635
2025-08-05T10:15:00+05:30,24618.5,24644.7,24596.85,24615.85
2025-08-05T09:45:00+05:30,24631.8,24634.55,24593.15,24618.75
2025-08-05T09:15:00+05:30,24720.25,24733.1,24628.25,24631.9
2025-08-04T15:15:00+05:30,24719.5,24736.25,24718.55,24726.9
2025-08-04T14:45:00+05:30,24698.5,24729.65,24689.1,24719.25
2025-08-04T14:15:00+05:30,24721.1,24734.35,24699.75,24699.75
2025-08-04T13:45:00+05:30,24701.35,24734.65,24682.2,24719.45
2025-08-04T13:15:00+05:30,24698.5,24704.5,24644.1,24701.7
2025-08-04T12:45:00+05:30,24692.8,24722.25,24686.75,24698.75
2025-08-04T12:15:00+05:30,24676.75,24720.95,24667.3,24692.4
2025-08-04T11:45:00+05:30,24669.3,24684.65,24659.55,24676.8
2025-08-04T11:15:00+05:30,24664.5,24683.95,24632.55,24669.35
2025-08-04T10:45:00+05:30,24641.75,24669.5,24603.8,24664.35
2025-08-04T10:15:00+05:30,24623.7,24656,24609.2,24641.65
2025-08-04T09:45:00+05:30,24598.15,24646.35,24554,24624.3
2025-08-04T09:15:00+05:30,24596.05,24669.95,24562.85,24598
2025-08-01T15:15:00+05:30,24544.3,24575.2,24539.9,24572.15
2025-08-01T14:45:00+05:30,24620.2,24641.3,24535.05,24545.65
2025-08-01T14:15:00+05:30,24651.45,24659.7,24603.6,24619.6
2025-08-01T13:45:00+05:30,24669.5,24672.45,24636.9,24651.75
2025-08-01T13:15:00+05:30,24656.1,24692.65,24615.6,24668.6
2025-08-01T12:45:00+05:30,24636.15,24666.95,24633,24655.4
2025-08-01T12:15:00+05:30,24654.95,24697.45,24611.05,24635.45
2025-08-01T11:45:00+05:30,24647.2,24675.75,24646.15,24654.05
2025-08-01T11:15:00+05:30,24710.75,24717.95,24644.05,24646.9
2025-08-01T10:45:00+05:30,24769.35,24772.6,24707.1,24710.45
2025-08-01T10:15:00+05:30,24745.6,24784.15,24735.1,24769.45
2025-08-01T09:45:00+05:30,24708.35,24747.35,24684.65,24745.65
2025-08-01T09:15:00+05:30,24734.9,24759.75,24672.2,24709
2025-07-31T15:15:00+05:30,24762.3,24766.6,24747.55,24765.6
2025-07-31T14:45:00+05:30,24878.85,24881.2,24752.5,24762.45
2025-07-31T14:15:00+05:30,24924.45,24926.1,24843.05,24879.5
2025-07-31T13:45:00+05:30,24921.5,24952.7,24901.3,24926.45
2025-07-31T13:15:00+05:30,24900.45,24956.5,24890.1,24921.65
2025-07-31T12:45:00+05:30,24856.15,24928.45,24846.25,24900.45
2025-07-31T12:15:00+05:30,24819.7,24874.45,24819.25,24856.35
2025-07-31T11:45:00+05:30,24814.9,24822.4,24755.9,24819.35
2025-07-31T11:15:00+05:30,24746.95,24820.2,24742.05,24813.9
2025-07-31T10:45:00+05:30,24693.5,24776.55,24693.05,24747.35
2025-07-31T10:15:00+05:30,24673.2,24693.1,24664.25,24693.1
2025-07-31T09:45:00+05:30,24707.85,24709.35,24653.6,24673.6
2025-07-31T09:15:00+05:30,24642.25,24728.95,24635,24707.95
2025-07-30T15:15:00+05:30,24860.45,24860.45,24840.75,24844.55
2025-07-30T14:45:00+05:30,24870.75,24878.15,24850.45,24858.15
2025-07-30T14:15:00+05:30,24860.15,24890.4,24852.85,24872.35
2025-07-30T13:45:00+05:30,24864.25,24874.9,24846.15,24859.95
2025-07-30T13:15:00+05:30,24849.9,24866.05,24831.6,24862.8
2025-07-30T12:45:00+05:30,24857.7,24875,24832.65,24849.55
2025-07-30T12:15:00+05:30,24851.85,24874.85,24849.6,24857.25
2025-07-30T11:45:00+05:30,24868.7,24884.2,24850.1,24852.1
2025-07-30T11:15:00+05:30,24847.3,24902.3,24840.9,24869.65
2025-07-30T10:45:00+05:30,24799.55,24847.85,24771.95,24846.5
2025-07-30T10:15:00+05:30,24843.45,24858.75,24786.4,24799.05
2025-07-30T09:45:00+05:30,24876.65,24877.05,24815.05,24843.05
2025-07-30T09:15:00+05:30,24890.4,24892.05,24813.9,24877.2
2025-07-29T15:15:00+05:30,24814.15,24847.15,24813.5,24830.4
2025-07-29T14:45:00+05:30,24792.35,24823.65,24771.8,24813.45
2025-07-29T14:15:00+05:30,24799.15,24828.15,24772.7,24791.8
2025-07-29T13:45:00+05:30,24758.5,24810.3,24757.75,24798.35
2025-07-29T13:15:00+05:30,24734.7,24765.45,24727.2,24758.85
2025-07-29T12:45:00+05:30,24698.15,24738,24694.9,24734.85
2025-07-29T12:15:00+05:30,24695.05,24715.9,24683.7,24697.95
2025-07-29T11:45:00+05:30,24676.95,24702.15,24662.95,24695.05
2025-07-29T11:15:00+05:30,24658.65,24705.45,24658.65,24675.3
2025-07-29T10:45:00+05:30,24642.2,24660.25,24614.3,24658.6
2025-07-29T10:15:00+05:30,24665.15,24670.9,24628.05,24642.6
2025-07-29T09:45:00+05:30,24694.85,24727.15,24663.85,24664.55
2025-07-29T09:15:00+05:30,24609.65,24712.6,24598.6,24694.2
2025-07-28T15:15:00+05:30,24679.75,24687.85,24669.6,24673.95
2025-07-28T14:45:00+05:30,24703.25,24704.2,24672.2,24679.75
2025-07-28T14:15:00+05:30,24676.9,24705.85,24670.2,24704.55
2025-07-28T13:45:00+05:30,24668.8,24698.95,24646.6,24675.05
2025-07-28T13:15:00+05:30,24707.15,24714.1,24661.1,24668.4
2025-07-28T12:45:00+05:30,24771.8,24774.45,24701,24707.6
2025-07-28T12:15:00+05:30,24782.55,24798.35,24771.25,24771.75
2025-07-28T11:45:00+05:30,24800.15,24820.4,24778.95,24782.8
2025-07-28T11:15:00+05:30,24807.4,24824.6,24780.35,24799.1
2025-07-28T10:45:00+05:30,24820.4,24844.55,24775.8,24807.55
2025-07-28T10:15:00+05:30,24844.1,24889.2,24814.75,24819.7
2025-07-28T09:45:00+05:30,24782.85,24844.25,24781.15,24844.25
2025-07-28T09:15:00+05:30,24782.45,24854.7,24732.7,24785.05
2025-07-25T15:15:00+05:30,24844.4,24845.4,24823.05,24832.2
2025-07-25T14:45:00+05:30,24832.3,24849,24808.4,24844.4
2025-07-25T14:15:00+05:30,24839.15,24854.35,24813.85,24832.15
2025-07-25T13:45:00+05:30,24863.35,24880.05,24835.9,24839.35
2025-07-25T13:15:00+05:30,24857.55,24872.85,24806.35,24863.3
2025-07-25T12:45:00+05:30,24865.25,24875.6,24847.35,24857.55
2025-07-25T12:15:00+05:30,24844.4,24886.6,24811.65,24864.7
2025-07-25T11:45:00+05:30,24865,24865.5,24830.85,24844.15
2025-07-25T11:15:00+05:30,24868.9,24916.85,24854.8,24865.45
2025-07-25T10:45:00+05:30,24872.35,24891.6,24859.7,24868.5
2025-07-25T10:15:00+05:30,24903.2,24903.3,24844.45,24873.5
2025-07-25T09:45:00+05:30,24926.6,24946.85,24903.15,24903.3
2025-07-25T09:15:00+05:30,25010.35,25010.35,24907.45,24926.35
2025-07-24T15:15:00+05:30,25068.8,25069.6,25046.3,25051.9
2025-07-24T14:45:00+05:30,25074.75,25077.05,25046.9,25069
2025-07-24T14:15:00+05:30,25091,25103.25,25068.5,25074.45
2025-07-24T13:45:00+05:30,25077.1,25101.6,25053.85,25091.35
2025-07-24T13:15:00+05:30,25066.1,25081.1,25050.45,25077.05
2025-07-24T12:45:00+05:30,25078.7,25088.5,25030.65,25066.2
2025-07-24T12:15:00+05:30,25049.6,25091.2,25047.25,25078
2025-07-24T11:45:00+05:30,25099.65,25114.6,25018.7,25049.45
2025-07-24T11:15:00+05:30,25147.95,25148.7,25089.65,25099.05
2025-07-24T10:45:00+05:30,25168.75,25174.85,25146.85,25148.45
2025-07-24T10:15:00+05:30,25158.55,25182.9,25154.4,25169.05
2025-07-24T09:45:00+05:30,25187.85,25195.9,25155.15,25158.45
2025-07-24T09:15:00+05:30,25243.3,25246.25,25178.9,25187.15
2025-07-23T15:15:00+05:30,25228.85,25230.5,25205.8,25209.2
2025-07-23T14:45:00+05:30,25210.5,25233.5,25203.05,25229.35
2025-07-23T14:15:00+05:30,25208.15,25219.05,25192,25210.4
2025-07-23T13:45:00+05:30,25170.4,25208.45,25169.25,25208.05
2025-07-23T13:15:00+05:30,25159.6,25182,25139.95,25169.95
2025-07-23T12:45:00+05:30,25172.1,25183.05,25158.65,25159.2
2025-07-23T12:15:00+05:30,25150.95,25188.55,25150.4,25172.45
2025-07-23T11:45:00+05:30,25125.2,25163.05,25123.5,25151.85
2025-07-23T11:15:00+05:30,25128.05,25138.1,25102.8,25125.25
2025-07-23T10:45:00+05:30,25115.25,25142.3,25111.25,25127.85
2025-07-23T10:15:00+05:30,25108.95,25116.7,25095.95,25114.65
2025-07-23T09:45:00+05:30,25097.55,25120.4,25085.5,25109.3
2025-07-23T09:15:00+05:30,25139.35,25149.85,25094.55,25096.9
2025-07-22T15:15:00+05:30,25059.55,25071.05,25054.95,25064.9
2025-07-22T14:45:00+05:30,25064.75,25080,25047.9,25058.5
2025-07-22T14:15:00+05:30,25086.5,25089.55,25044.85,25064.95
2025-07-22T13:45:00+05:30,25079.95,25107.65,25073.5,25086.45
2025-07-22T13:15:00+05:30,25092.35,25097.05,25074.15,25080.25
2025-07-22T12:45:00+05:30,25109.85,25119.7,25078.85,25092.2
2025-07-22T12:15:00+05:30,25075.6,25111.85,25071.1,25110.25
2025-07-22T11:45:00+05:30,25062.9,25087.6,25035.55,25075.1
2025-07-22T11:15:00+05:30,25072.3,25072.45,25047,25062.9
2025-07-22T10:45:00+05:30,25087.65,25100.2,25055.1,25072
2025-07-22T10:15:00+05:30,25111.3,25123.8,25086.3,25087.85
2025-07-22T09:45:00+05:30,25110.45,25131.6,25085.6,25111.05
2025-07-22T09:15:00+05:30,25166.65,25182,25089.4,25109.2
2025-07-21T15:15:00+05:30,25089.85,25111.4,25084.25,25093.3
2025-07-21T14:45:00+05:30,25030.55,25091.15,25029.55,25088.1
2025-07-21T14:15:00+05:30,25024.9,25039.95,25000,25030.7
2025-07-21T13:45:00+05:30,25042.7,25044.8,24988.1,25024.9
2025-07-21T13:15:00+05:30,25047.55,25053.1,25037.35,25041.85
2025-07-21T12:45:00+05:30,25045.9,25059.2,25039.3,25046.75
2025-07-21T12:15:00+05:30,25044.45,25050.7,25010,25045.8
2025-07-21T11:45:00+05:30,25019.25,25047.5,25009.55,25044.75
2025-07-21T11:15:00+05:30,25065.55,25071.3,25000.1,25019.1
2025-07-21T10:45:00+05:30,25051.05,25079.5,25036.5,25065.7
2025-07-21T10:15:00+05:30,25052.3,25063.4,25035.45,25051.4
2025-07-21T09:45:00+05:30,24939.8,25071.05,24930.95,25052.55
2025-07-21T09:15:00+05:30,24999,25037.2,24882.3,24938.7
2025-07-18T15:15:00+05:30,24970.1,24978.4,24963.3,24967.45
2025-07-18T14:45:00+05:30,24964.55,24980.9,24952.95,24971
2025-07-18T14:15:00+05:30,24968.4,25005.2,24958.1,24964.15
2025-07-18T13:45:00+05:30,24969.45,24994.25,24949.3,24969.35
2025-07-18T13:15:00+05:30,24949.8,24971.35,24935.55,24968.55
2025-07-18T12:45:00+05:30,24936.3,24991.2,24931.05,24949.25
2025-07-18T12:15:00+05:30,24933.1,24951.8,24918.65,24936.3
2025-07-18T11:45:00+05:30,24921.25,24963.55,24921.25,24933.4
2025-07-18T11:15:00+05:30,24958.65,24976.55,24920.45,24922
2025-07-18T10:45:00+05:30,24941.95,24961.45,24925.25,24958.4
2025-07-18T10:15:00+05:30,25013.15,25013.15,24931.4,24942.35
2025-07-18T09:45:00+05:30,25043.7,25050.2,25004.65,25013.3
2025-07-18T09:15:00+05:30,25108.55,25144.6,25043.15,25044.3
2025-07-17T15:15:00+05:30,25120.1,25121.9,25106.25,25109.5
2025-07-17T14:45:00+05:30,25138.6,25139.3,25101,25120.6
2025-07-17T14:15:00+05:30,25156.15,25163.05,25124.3,25138.45
2025-07-17T13:45:00+05:30,25168.6,25194.5,25149.25,25156
2025-07-17T13:15:00+05:30,25168.05,25174.35,25155.55,25168.85
2025-07-17T12:45:00+05:30,25193.75,25193.75,25163.65,25167.1
2025-07-17T12:15:00+05:30,25184.05,25210.45,25168.45,25193.55
2025-07-17T11:45:00+05:30,25197.05,25199.3,25181.15,25184.3
2025-07-17T11:15:00+05:30,25177.95,25205.2,25167.1,25196.9
2025-07-17T10:45:00+05:30,25148.9,25200.1,25147.7,25178.9
2025-07-17T10:15:00+05:30,25162.65,25165.25,25144,25148.9
2025-07-17T09:45:00+05:30,25191.5,25196.65,25159.55,25160.1
2025-07-17T09:15:00+05:30,25230.75,25238.35,25177.5,25191.15
2025-07-16T15:15:00+05:30,25209.2,25215.65,25190.6,25198.55
2025-07-16T14:45:00+05:30,25234.85,25239.2,25207.25,25207.5
2025-07-16T14:15:00+05:30,25243.4,25252.85,25223.15,25233.85
2025-07-16T13:45:00+05:30,25213.8,25255.3,25210.15,25243.75
2025-07-16T13:15:00+05:30,25214.75,25220.5,25186,25214.55
2025-07-16T12:45:00+05:30,25204.85,25233.5,25201.8,25214.6
2025-07-16T12:15:00+05:30,25179.15,25208.05,25171.4,25204.3
2025-07-16T11:45:00+05:30,25152.95,25210,25151.4,25179.1
2025-07-16T11:15:00+05:30,25145.8,25156.2,25127.75,25153.7
2025-07-16T10:45:00+05:30,25127.1,25147.15,25121.05,25145.75
2025-07-16T10:15:00+05:30,25141.3,25156.8,25123.3,25127.05
2025-07-16T09:45:00+05:30,25155.1,25165.85,25135,25141.75
2025-07-16T09:15:00+05:30,25196.6,25218.95,25127.75,25154.1
2025-07-15T15:15:00+05:30,25201.95,25225.05,25198.1,25219.65
2025-07-15T14:45:00+05:30,25178.7,25202.85,25156.05,25201.9
2025-07-15T14:15:00+05:30,25185,25194.65,25162.45,25178.25
2025-07-15T13:45:00+05:30,25183.3,25198,25159.5,25184.85
2025-07-15T13:15:00+05:30,25204.75,25207.45,25169.55,25182.85
2025-07-15T12:45:00+05:30,25216.35,25220.4,25204.2,25204.2
2025-07-15T12:15:00+05:30,25206.2,25219.9,25173.1,25215.7
2025-07-15T11:45:00+05:30,25223.7,25224.85,25199.55,25205.95
2025-07-15T11:15:00+05:30,25221.2,25228.3,25204.15,25223.25
2025-07-15T10:45:00+05:30,25159.7,25245.2,25158.15,25221.4
2025-07-15T10:15:00+05:30,25128.25,25168.75,25100.8,25160.35
2025-07-15T09:45:00+05:30,25101.5,25130.9,25089.25,25128.25
2025-07-15T09:15:00+05:30,25089.5,25155.8,25088.45,25101.65
2025-07-14T15:15:00+05:30,25080,25092.7,25077.1,25087.1
2025-07-14T14:45:00+05:30,25051.1,25108.5,25045.35,25079.85
2025-07-14T14:15:00+05:30,25046.85,25060.8,25037.2,25049.85
2025-07-14T13:45:00+05:30,25049.3,25054.75,25012.9,25046.65
2025-07-14T13:15:00+05:30,25027.25,25058.55,25025.5,25048.45
2025-07-14T12:45:00+05:30,25057.4,25060.95,25001.95,25026.35
2025-07-14T12:15:00+05:30,25046.45,25058.3,25035.75,25055.85
2025-07-14T11:45:00+05:30,25034.35,25055.65,25028.55,25045.4
2025-07-14T11:15:00+05:30,25063.75,25066.4,25019.75,25033.35
2025-07-14T10:45:00+05:30,25087.75,25095.2,25061.85,25063.95
2025-07-14T10:15:00+05:30,25120.75,25127.05,25071.85,25088.05
2025-07-14T09:45:00+05:30,25089.7,25127.2,25077,25119.8
2025-07-14T09:15:00+05:30,25149.5,25151.1,25041.9,25090
2025-07-11T15:15:00+05:30,25149.8,25153.6,25129,25140.55
2025-07-11T14:45:00+05:30,25167.05,25175.8,25150.15,25150.15
2025-07-11T14:15:00+05:30,25168.3,25171.65,25150.4,25166.75
2025-07-11T13:45:00+05:30,25147.4,25191.55,25144.45,25168.4
2025-07-11T13:15:00+05:30,25155.7,25163.65,25144,25147.35
2025-07-11T12:45:00+05:30,25185.55,25185.75,25140.5,25155.7
2025-07-11T12:15:00+05:30,25166.55,25205.15,25155.7,25184.7
2025-07-11T11:45:00+05:30,25166.85,25179.45,25136.75,25166.5
2025-07-11T11:15:00+05:30,25179.05,25180.8,25153.15,25166.5
2025-07-11T10:45:00+05:30,25210.15,25214.85,25149.25,25179.15
2025-07-11T10:15:00+05:30,25256.9,25257.25,25206,25210.6
2025-07-11T09:45:00+05:30,25315.55,25315.8,25252.4,25256.75
2025-07-11T09:15:00+05:30,25255.5,25322.45,25244,25315.25
2025-07-10T15:15:00+05:30,25362.55,25374.7,25340.45,25348.15
2025-07-10T14:45:00+05:30,25407.85,25411,25342.4,25362.75
2025-07-10T14:15:00+05:30,25394.2,25416.6,25392.85,25408.3
2025-07-10T13:45:00+05:30,25367.95,25431.05,25357.1,25393.95
2025-07-10T13:15:00+05:30,25382.65,25399.05,25367.6,25367.6
2025-07-10T12:45:00+05:30,25389.75,25404.3,25378.05,25382.25
2025-07-10T12:15:00+05:30,25370.2,25410.75,25365.65,25389.45
2025-07-10T11:45:00+05:30,25372.85,25385.05,25357.2,25368.25
2025-07-10T11:15:00+05:30,25397.45,25399.7,25363.7,25373.25
2025-07-10T10:45:00+05:30,25411.25,25423.45,25375.15,25397
2025-07-10T10:15:00+05:30,25412.2,25427.55,25400.25,25412.1
2025-07-10T09:45:00+05:30,25438.4,25454.15,25402.65,25413.05
2025-07-10T09:15:00+05:30,25511.65,25524.05,25431.3,25438.55
2025-07-09T15:15:00+05:30,25479.85,25482.35,25464.4,25464.65
2025-07-09T14:45:00+05:30,25469.85,25483.1,25424.35,25478.4
2025-07-09T14:15:00+05:30,25530.25,25533.2,25455.15,25469.45
2025-07-09T13:45:00+05:30,25526.15,25532.55,25516.85,25530.3
2025-07-09T13:15:00+05:30,25525.15,25537.8,25521.8,25526.55
2025-07-09T12:45:00+05:30,25532.85,25537.4,25490.5,25525.4
2025-07-09T12:15:00+05:30,25539,25545.95,25530.7,25533.3
2025-07-09T11:45:00+05:30,25531.95,25539.9,25503.25,25537.95
2025-07-09T11:15:00+05:30,25534.25,25548.7,25530.4,25531.4
2025-07-09T10:45:00+05:30,25526.35,25535.2,25515.75,25534.15
2025-07-09T10:15:00+05:30,25527.6,25537.55,25516.15,25526.4
2025-07-09T09:45:00+05:30,25482,25529.45,25477.65,25527.65
2025-07-09T09:15:00+05:30,25514.6,25525.05,25472.05,25483.85
2025-07-08T15:15:00+05:30,25536.2,25548.05,25517.3,25523.1
2025-07-08T14:45:00+05:30,25455,25539.4,25450.75,25536
2025-07-08T14:15:00+05:30,25460.8,25466.15,25447.45,25452.9
2025-07-08T13:45:00+05:30,25469.3,25478.8,25448.85,25460.6
2025-07-08T13:15:00+05:30,25474.45,25477.85,25447.15,25469.85
2025-07-08T12:45:00+05:30,25468.15,25480.25,25464.9,25474.95
2025-07-08T12:15:00+05:30,25450,25477.55,25441.6,25468.45
2025-07-08T11:45:00+05:30,25436,25461.1,25433.7,25449.9
2025-07-08T11:15:00+05:30,25436.8,25455.35,25432.3,25436.65
2025-07-08T10:45:00+05:30,25446.65,25454.95,25431.05,25436.55
2025-07-08T10:15:00+05:30,25448.9,25460.55,25439.8,25446.5
2025-07-08T09:45:00+05:30,25472.15,25484.85,25442.95,25448.2
2025-07-08T09:15:00+05:30,25427.85,25495.9,25424.15,25471.55
2025-07-07T15:15:00+05:30,25459.8,25473.2,25453.35,25454.95
2025-07-07T14:45:00+05:30,25425.65,25466.6,25419.55,25459.95
2025-07-07T14:15:00+05:30,25453.6,25465.25,25415.85,25425.25
2025-07-07T13:45:00+05:30,25451.85,25467.8,25438.7,25452.05
2025-07-07T13:15:00+05:30,25447.6,25460.4,25444.05,25452.75
2025-07-07T12:45:00+05:30,25448.9,25455.35,25417.15,25448.8
2025-07-07T12:15:00+05:30,25430.55,25453.25,25421.25,25450.2
2025-07-07T11:45:00+05:30,25453,25453,25425.2,25430.25
2025-07-07T11:15:00+05:30,25458.9,25461.65,25446.8,25452.4
2025-07-07T10:45:00+05:30,25450.3,25478.75,25447.55,25457.7
2025-07-07T10:15:00+05:30,25436.1,25455.4,25427.45,25449.4
2025-07-07T09:45:00+05:30,25451.8,25473.3,25417.05,25436.1
2025-07-07T09:15:00+05:30,25450.45,25489.8,25407.25,25451.9
2025-07-04T15:15:00+05:30,25462.5,25470.25,25449.3,25467.8
2025-07-04T14:45:00+05:30,25453.75,25466.7,25438.85,25462.8
2025-07-04T14:15:00+05:30,25384.2,25454.55,25373.5,25454.55
2025-07-04T13:45:00+05:30,25372.25,25388.7,25365.8,25384.3
2025-07-04T13:15:00+05:30,25370.25,25381.1,25358.45,25372.7
2025-07-04T12:45:00+05:30,25361.2,25374.95,25352.45,25370.7
2025-07-04T12:15:00+05:30,25351.9,25367.15,25345.45,25360.65
2025-07-04T11:45:00+05:30,25359.6,25359.7,25331.65,25352.9
2025-07-04T11:15:00+05:30,25424.05,25424.95,25351.1,25360.65
2025-07-04T10:45:00+05:30,25413.55,25426.85,25406.7,25423.55
2025-07-04T10:15:00+05:30,25409.6,25420.55,25395.75,25413.85
2025-07-04T09:45:00+05:30,25393.8,25423.55,25387.3,25410.25
2025-07-04T09:15:00+05:30,25428.85,25458.65,25370.55,25394.4
2025-07-03T15:15:00+05:30,25399.5,25418.45,25388.65,25397.4
2025-07-03T14:45:00+05:30,25408.7,25448.6,25393.3,25397.95
2025-07-03T14:15:00+05:30,25491.75,25495.15,25384.35,25405.6
2025-07-03T13:45:00+05:30,25570.45,25574.85,25480,25492.1
2025-07-03T13:15:00+05:30,25506.9,25587.5,25479.75,25570.5
2025-07-03T12:45:00+05:30,25518.55,25526.9,25496.6,25507.55
2025-07-03T12:15:00+05:30,25503.8,25538.55,25486.45,25518.4
2025-07-03T11:45:00+05:30,25512.6,25521.4,25484.85,25503.95
2025-07-03T11:15:00+05:30,25554.85,25576.7,25504.1,25512.9
2025-07-03T10:45:00+05:30,25548,25567.1,25526.45,25554.2
2025-07-03T10:15:00+05:30,25542.5,25567.5,25532.15,25547.85
2025-07-03T09:45:00+05:30,25497.1,25559.8,25495.2,25543.05
2025-07-03T09:15:00+05:30,25505.1,25537.05,25429.75,25497.2
2025-07-02T15:15:00+05:30,25459.35,25459.9,25440.05,25442.85
2025-07-02T14:45:00+05:30,25399.1,25472.8,25397.05,25459.55
2025-07-02T14:15:00+05:30,25417.15,25423.85,25378.75,25398.3
2025-07-02T13:45:00+05:30,25397.35,25425.1,25383.95,25415.3
2025-07-02T13:15:00+05:30,25463.45,25463.65,25384.6,25396.8
2025-07-02T12:45:00+05:30,25494,25495.65,25460.35,25463.1
2025-07-02T12:15:00+05:30,25499.15,25501.35,25484.65,25493.75
2025-07-02T11:45:00+05:30,25485.5,25503.95,25480.1,25499.5
2025-07-02T11:15:00+05:30,25477.3,25501.5,25463.4,25485.3
2025-07-02T10:45:00+05:30,25491.45,25498.75,25466.7,25477.2
2025-07-02T10:15:00+05:30,25525.05,25528.15,25482.5,25491.75
2025-07-02T09:45:00+05:30,25535.35,25559.15,25513.05,25526.1
2025-07-02T09:15:00+05:30,25588.3,25608.1,25533.35,25535.9
2025-07-01T15:15:00+05:30,25537,25556.95,25527,25533
2025-07-01T14:45:00+05:30,25527.15,25548.5,25523.95,25537.25
2025-07-01T14:15:00+05:30,25552.1,25552.2,25515.05,25526
2025-07-01T13:45:00+05:30,25528.4,25551.85,25509.2,25551.85
2025-07-01T13:15:00+05:30,25531.2,25536.9,25523.2,25528.85
2025-07-01T12:45:00+05:30,25538.25,25546.45,25525.95,25531.2
2025-07-01T12:15:00+05:30,25524.65,25551.3,25522.45,25538.05
2025-07-01T11:45:00+05:30,25523.25,25531,25501.8,25524.4
2025-07-01T11:15:00+05:30,25524.4,25535.6,25517.2,25521.85
2025-07-01T10:45:00+05:30,25542.75,25546.7,25513.3,25524.1
2025-07-01T10:15:00+05:30,25530.65,25554.25,25522.85,25542.9
2025-07-01T09:45:00+05:30,25580.25,25593.4,25530.5,25531.3
2025-07-01T09:15:00+05:30,25551.35,25589.8,25513.8,25580.1
2025-06-30T15:15:00+05:30,25524.8,25526.1,25505.35,25507.45
2025-06-30T14:45:00+05:30,25495.1,25526.65,25492.25,25525.15
2025-06-30T14:15:00+05:30,25490.9,25499.3,25477.6,25495.45
2025-06-30T13:45:00+05:30,25502.65,25504.45,25473.3,25489.65
2025-06-30T13:15:00+05:30,25506.25,25518.8,25490.5,25503.5
2025-06-30T12:45:00+05:30,25542.4,25555.35,25499.1,25505.7
2025-06-30T12:15:00+05:30,25586.9,25599.3,25542.45,25542.5
2025-06-30T11:45:00+05:30,25561.85,25589.8,25559.9,25585.95
2025-06-30T11:15:00+05:30,25547.65,25567.55,25539,25561.7
2025-06-30T10:45:00+05:30,25544.6,25565.95,25536.7,25547.85
2025-06-30T10:15:00+05:30,25586.7,25600,25541.6,25544.4
2025-06-30T09:45:00+05:30,25589.9,25596,25543.7,25586.4
2025-06-30T09:15:00+05:30,25661.65,25669.35,25579.15,25590.4
2025-06-27T15:15:00+05:30,25632.6,25649.95,25629.6,25632.45
2025-06-27T14:45:00+05:30,25633.35,25654.2,25624.25,25633
2025-06-27T14:15:00+05:30,25634.4,25637.45,25611.25,25633.5
2025-06-27T13:45:00+05:30,25626.05,25639.35,25620.35,25634.25
2025-06-27T13:15:00+05:30,25617.35,25638.4,25608.8,25625.55
2025-06-27T12:45:00+05:30,25638.95,25649.35,25613.05,25616.65
2025-06-27T12:15:00+05:30,25612.45,25648.6,25612.1,25638.55
2025-06-27T11:45:00+05:30,25608.55,25617.8,25597.45,25612.25
2025-06-27T11:15:00+05:30,25607.35,25610.9,25595.65,25608.6
2025-06-27T10:45:00+05:30,25571.7,25610.25,25571.05,25606.15
2025-06-27T10:15:00+05:30,25568.1,25578.3,25539.6,25570.55
2025-06-27T09:45:00+05:30,25535.25,25569.8,25528.45,25567.65
2025-06-27T09:15:00+05:30,25576.65,25622.5,25523.55,25535.1
2025-06-26T15:15:00+05:30,25541.05,25563.7,25528.6,25530.4
2025-06-26T14:45:00+05:30,25509,25565.3,25480.35,25542.1
2025-06-26T14:15:00+05:30,25517.6,25529.5,25492.6,25505.6
2025-06-26T13:45:00+05:30,25442.85,25527.5,25442.6,25515.95
2025-06-26T13:15:00+05:30,25393.5,25451.55,25389.3,25442.05
2025-06-26T12:45:00+05:30,25403.2,25403.2,25351.3,25392.45
2025-06-26T12:15:00+05:30,25399.35,25421.2,25389.95,25402.2
2025-06-26T11:45:00+05:30,25318.6,25409.1,25318.35,25396.4
2025-06-26T11:15:00+05:30,25337.85,25370.35,25306.35,25318.85
2025-06-26T10:45:00+05:30,25306.9,25365.2,25292.5,25337.75
2025-06-26T10:15:00+05:30,25385.9,25395.8,25304.05,25306.8
2025-06-26T09:45:00+05:30,25346.75,25437.9,25346.75,25386.2
2025-06-26T09:15:00+05:30,25268.95,25389.95,25259.9,25347.1
2025-06-25T15:15:00+05:30,25248.6,25249.65,25234.65,25236.35
2025-06-25T14:45:00+05:30,25246.1,25255.75,25222.65,25248.8
2025-06-25T14:15:00+05:30,25247.05,25262.05,25215.75,25245.85
2025-06-25T13:45:00+05:30,25259.15,25261.05,25224.3,25246.05
2025-06-25T13:15:00+05:30,25242.1,25266.8,25227.35,25257.85
2025-06-25T12:45:00+05:30,25206.45,25245.35,25188.65,25240.4
2025-06-25T12:15:00+05:30,25194.1,25217.3,25180.3,25205.45
2025-06-25T11:45:00+05:30,25209.6,25215.15,25189.95,25194.35
2025-06-25T11:15:00+05:30,25195.5,25220.5,25194.3,25210
2025-06-25T10:45:00+05:30,25201.15,25218.05,25188.15,25195.35
2025-06-25T10:15:00+05:30,25174.9,25217.4,25172.65,25201.4
2025-06-25T09:45:00+05:30,25188.3,25208.6,25173.05,25173.9
2025-06-25T09:15:00+05:30,25150.35,25192.65,25125.05,25188.25
2025-06-24T15:15:00+05:30,25042.5,25078.35,25038.85,25071.55
2025-06-24T14:45:00+05:30,25055.15,25057,25015.5,25041.5
2025-06-24T14:15:00+05:30,25042.85,25077.05,25015.9,25054.7
2025-06-24T13:45:00+05:30,25044.15,25092.75,24999.7,25040.15
2025-06-24T13:15:00+05:30,25183.35,25202.1,25031.5,25043.5
2025-06-24T12:45:00+05:30,25181.95,25278.65,25166,25182.35
2025-06-24T12:15:00+05:30,25307.45,25311.1,25143.95,25181.15
2025-06-24T11:45:00+05:30,25282.2,25317.7,25266.7,25308.75
2025-06-24T11:15:00+05:30,25256.4,25288.45,25247.9,25281.35
2025-06-24T10:45:00+05:30,25214,25276.45,25167.1,25256.4
2025-06-24T10:15:00+05:30,25233.35,25257.95,25191.25,25213.7
2025-06-24T09:45:00+05:30,25176.4,25247.3,25118.5,25232.6
2025-06-24T09:15:00+05:30,25179.9,25250.85,25140.25,25176.3
2025-06-23T15:15:00+05:30,24980.6,24986,24951.7,24958.9
2025-06-23T14:45:00+05:30,24985.25,24994.8,24972.5,24979.9
2025-06-23T14:15:00+05:30,25013.6,25018.6,24978,24985.5
2025-06-23T13:45:00+05:30,25020.45,25057,25010.5,25015.1
2025-06-23T13:15:00+05:30,24962.4,25046.05,24961.8,25021.45
2025-06-23T12:45:00+05:30,24960.85,24964.15,24942.1,24963.55
2025-06-23T12:15:00+05:30,24941.6,24963.2,24938.3,24961.1
2025-06-23T11:45:00+05:30,24962.35,24963.4,24928.8,24941.9
2025-06-23T11:15:00+05:30,24929.45,24968.8,24920.35,24963.05
2025-06-23T10:45:00+05:30,24920.1,24939.05,24902.6,24928.55
2025-06-23T10:15:00+05:30,24863.4,24925.1,24856.75,24919.75
2025-06-23T09:45:00+05:30,24871.3,24878.35,24824.85,24863.1
2025-06-23T09:15:00+05:30,24939.75,24988.1,24858.75,24871.3
2025-06-20T15:15:00+05:30,25116.05,25136.2,25072.8,25079.75
2025-06-20T14:45:00+05:30,25045.3,25132.8,25031.75,25116.6
2025-06-20T14:15:00+05:30,25050.45,25061.2,25031.4,25046.05
2025-06-20T13:45:00+05:30,25047.75,25060.95,25035.7,25049.65
2025-06-20T13:15:00+05:30,25038.9,25078.35,25034.55,25047.55
2025-06-20T12:45:00+05:30,25000.2,25047.75,24997.85,25038.25
2025-06-20T12:15:00+05:30,25039.75,25042.5,24964.05,25000.9
2025-06-20T11:45:00+05:30,25019.05,25044.25,25017.75,25040.1
2025-06-20T11:15:00+05:30,25016.65,25045,25002.9,25019.4
2025-06-20T10:45:00+05:30,25002.95,25024.65,24991.4,25016.55
2025-06-20T10:15:00+05:30,24918.85,25040.45,24918.85,25001.6
2025-06-20T09:45:00+05:30,24874.25,24919.15,24853,24919.05
2025-06-20T09:15:00+05:30,24787.65,24881.5,24783.65,24874.35
2025-06-19T15:15:00+05:30,24791.45,24805.15,24733.4,24744.7
2025-06-19T14:45:00+05:30,24804.4,24817.9,24789.75,24791.75
2025-06-19T14:15:00+05:30,24833.3,24849.85,24787.75,24804.7
2025-06-19T13:45:00+05:30,24789,24842,24786.7,24832.4
2025-06-19T13:15:00+05:30,24794.4,24801.85,24780.55,24789.2
2025-06-19T12:45:00+05:30,24792.65,24807.7,24772.2,24794.55
2025-06-19T12:15:00+05:30,24811.85,24813.75,24786.8,24792.6
2025-06-19T11:45:00+05:30,24799.5,24822.2,24797.75,24811.8
2025-06-19T11:15:00+05:30,24814.3,24816.45,24791.25,24799.5
2025-06-19T10:45:00+05:30,24813.35,24824.65,24802.45,24814.55
2025-06-19T10:15:00+05:30,24832.4,24839.5,24796.45,24813.05
2025-06-19T09:45:00+05:30,24840.7,24863.1,24812.95,24833.2
2025-06-19T09:15:00+05:30,24803.25,24842,24738.1,24839.6
2025-06-18T15:15:00+05:30,24813.25,24823.3,24794.95,24798.75
2025-06-18T14:45:00+05:30,24787.7,24829.65,24783.9,24813.05
2025-06-18T14:15:00+05:30,24777.2,24797.35,24750.45,24787.05
2025-06-18T13:45:00+05:30,24791.3,24795.15,24765.6,24776.9
2025-06-18T13:15:00+05:30,24799.85,24814.95,24789.7,24790.75
2025-06-18T12:45:00+05:30,24782.3,24803.3,24760.65,24800.5
2025-06-18T12:15:00+05:30,24815.8,24817.5,24780.9,24782.3
2025-06-18T11:45:00+05:30,24805.75,24821.75,24776.8,24816.35
2025-06-18T11:15:00+05:30,24837.8,24837.8,24766.9,24804.75
2025-06-18T10:45:00+05:30,24871.75,24872.15,24826,24837.95
2025-06-18T10:15:00+05:30,24917.25,24928.85,24842.45,24871.5
2025-06-18T09:45:00+05:30,24937,24947.55,24901.65,24916.95
2025-06-18T09:15:00+05:30,24788.35,24944.45,24776.9,24937.8
2025-06-17T15:15:00+05:30,24859.5,24868.45,24833.85,24841.5
2025-06-17T14:45:00+05:30,24852.4,24867.35,24841.4,24862.4
2025-06-17T14:15:00+05:30,24862.25,24869.25,24836.75,24852
2025-06-17T13:45:00+05:30,24848.95,24866.25,24839.55,24862.35
2025-06-17T13:15:00+05:30,24839.8,24852.7,24830.6,24849.2
2025-06-17T12:45:00+05:30,24843.4,24849.95,24813.7,24839.45
2025-06-17T12:15:00+05:30,24855.05,24864.05,24841.35,24844.1
2025-06-17T11:45:00+05:30,24894.55,24896.6,24854,24855.7
2025-06-17T11:15:00+05:30,24878.8,24899.85,24868.65,24894.95
2025-06-17T10:45:00+05:30,24900.7,24901.3,24866.7,24878.8
2025-06-17T10:15:00+05:30,24851.75,24908.4,24850.25,24900.45
2025-06-17T09:45:00+05:30,24880.9,24884.75,24846.45,24851.7
2025-06-17T09:15:00+05:30,24977.85,24982.05,24862.1,24880.4
2025-06-16T15:15:00+05:30,24951.55,24957.95,24936.45,24940.95
2025-06-16T14:45:00+05:30,24935.85,24952.2,24929.25,24950.7
2025-06-16T14:15:00+05:30,24961.65,24965.75,24928.5,24936.7
2025-06-16T13:45:00+05:30,24947.6,24967.1,24927.65,24961.5
2025-06-16T13:15:00+05:30,24934.35,24966.65,24929.6,24947.9
2025-06-16T12:45:00+05:30,24941.25,24948.15,24915.3,24934.4
2025-06-16T12:15:00+05:30,24917.3,24953.05,24891.65,24940.6
2025-06-16T11:45:00+05:30,24909.35,24925.05,24889.6,24916.9
2025-06-16T11:15:00+05:30,24906.75,24912.8,24874.25,24908.85
2025-06-16T10:45:00+05:30,24872.2,24930.65,24859.3,24906.75
2025-06-16T10:15:00+05:30,24763.6,24870.4,24763.25,24869.7
2025-06-16T09:45:00+05:30,24767.3,24771.95,24706.15,24763.7
2025-06-16T09:15:00+05:30,24732.35,24817.65,24703.6,24765
2025-06-13T15:15:00+05:30,24725.15,24744.95,24709.75,24735.55
2025-06-13T14:45:00+05:30,24687.85,24728.45,24650.9,24725.6
2025-06-13T14:15:00+05:30,24714.35,24724.9,24686.35,24687.65
2025-06-13T13:45:00+05:30,24733.6,24754.35,24704.8,24715.85
2025-06-13T13:15:00+05:30,24685.2,24736.9,24680.65,24735.05
2025-06-13T12:45:00+05:30,24688.5,24695.8,24674.45,24686
2025-06-13T12:15:00+05:30,24688.8,24724.6,24687.45,24690.8
2025-06-13T11:45:00+05:30,24678.7,24702.1,24673.15,24688.95
2025-06-13T11:15:00+05:30,24652.75,24693.75,24639.75,24679.3
2025-06-13T10:45:00+05:30,24671.85,24692.5,24650.45,24653.75
2025-06-13T10:15:00+05:30,24642.5,24684.15,24625.2,24673.95
2025-06-13T09:45:00+05:30,24620.35,24654.8,24593.45,24644.15
2025-06-13T09:15:00+05:30,24473,24653.15,24473,24621.2
2025-06-12T15:15:00+05:30,24887.35,24887.35,24850.8,24856
2025-06-12T14:45:00+05:30,24891.65,24920.95,24884.6,24887.55
2025-06-12T14:15:00+05:30,24847.55,24912.5,24844.5,24891.7
2025-06-12T13:45:00+05:30,24912.75,24926.6,24825.9,24847.4
2025-06-12T13:15:00+05:30,25041.2,25045.45,24906.8,24911.9
2025-06-12T12:45:00+05:30,25057.45,25074.5,25021.65,25041.1
2025-06-12T12:15:00+05:30,25039.35,25062.8,25033.15,25057.2
2025-06-12T11:45:00+05:30,25035.65,25044.1,25009.35,25039.15
2025-06-12T11:15:00+05:30,25045.85,25092.75,25020.4,25035.6
2025-06-12T10:45:00+05:30,25043.7,25065.15,25037.55,25046.15
2025-06-12T10:15:00+05:30,25096.6,25115.75,25041.55,25044.65
2025-06-12T09:45:00+05:30,25103.45,25126.55,25064.8,25096.8
2025-06-12T09:15:00+05:30,25164.45,25196.2,25099.95,25103.5
2025-06-11T15:15:00+05:30,25145,25146.7,25124.95,25126.8
2025-06-11T14:45:00+05:30,25134.65,25157.6,25132.4,25144.95
2025-06-11T14:15:00+05:30,25127.3,25153.3,25125.8,25135.2
2025-06-11T13:45:00+05:30,25155.25,25155.25,25108.15,25127.85
2025-06-11T13:15:00+05:30,25207.95,25214.2,25155.3,25155.65
2025-06-11T12:45:00+05:30,25198.8,25222.4,25196.85,25208.05
2025-06-11T12:15:00+05:30,25206.2,25220.4,25186.3,25199.55
2025-06-11T11:45:00+05:30,25187.55,25215.95,25184.55,25205.95
2025-06-11T11:15:00+05:30,25180.45,25203.95,25179.25,25187.8
2025-06-11T10:45:00+05:30,25173.15,25188.85,25167.3,25180.8
2025-06-11T10:15:00+05:30,25147.15,25173.75,25132.4,25173.3
2025-06-11T09:45:00+05:30,25125.8,25158.95,25112.45,25146.35
2025-06-11T09:15:00+05:30,25134.15,25150.4,25081.3,25126.2
2025-06-10T15:15:00+05:30,25103.95,25111.8,25087.7,25091.5
2025-06-10T14:45:00+05:30,25112.9,25122.5,25086.15,25104.7
2025-06-10T14:15:00+05:30,25126.4,25129.25,25104.35,25112.8
2025-06-10T13:45:00+05:30,25128.9,25137.1,25121.7,25127.55
2025-06-10T13:15:00+05:30,25127.65,25140.85,25121.15,25129.15
2025-06-10T12:45:00+05:30,25136.05,25142.75,25125.5,25130.5
2025-06-10T12:15:00+05:30,25133.5,25138.65,25120,25136.5
2025-06-10T11:45:00+05:30,25134.8,25150.5,25132.4,25133.5
2025-06-10T11:15:00+05:30,25127.8,25136.65,25115.5,25134.8
2025-06-10T10:45:00+05:30,25148.75,25150.4,25099.8,25127.7
2025-06-10T10:15:00+05:30,25156.5,25163.75,25127.55,25149.2
2025-06-10T09:45:00+05:30,25108.2,25157.95,25103.6,25156.9
2025-06-10T09:15:00+05:30,25196.05,25199.3,25055.45,25109.05
2025-06-09T15:15:00+05:30,25103.1,25110.95,25099.4,25103.1
2025-06-09T14:45:00+05:30,25102,25106.45,25092.35,25103.2
2025-06-09T14:15:00+05:30,25090.7,25107.25,25083.5,25102.35
2025-06-09T13:45:00+05:30,25110.25,25116.05,25088.35,25090.4
2025-06-09T13:15:00+05:30,25109.3,25117.1,25098.45,25109.75
2025-06-09T12:45:00+05:30,25117.45,25118.4,25103.45,25109.1
2025-06-09T12:15:00+05:30,25116.3,25127.85,25104.95,25117.25
2025-06-09T11:45:00+05:30,25112.95,25118.65,25102.3,25116.55
2025-06-09T11:15:00+05:30,25121.1,25128.2,25107.4,25112.25
2025-06-09T10:45:00+05:30,25135.35,25142.7,25121.6,25121.6
2025-06-09T10:15:00+05:30,25119.8,25134.9,25110,25134.45
2025-06-09T09:45:00+05:30,25109.25,25124.35,25089.4,25119.15
2025-06-09T09:15:00+05:30,25160.1,25160.1,25077.15,25108.4
2025-06-06T15:15:00+05:30,25002.1,25010.05,24992.65,25000.3
2025-06-06T14:45:00+05:30,24988.85,25013.4,24983.2,25002.1
2025-06-06T14:15:00+05:30,24989.7,25021.75,24986.25,24988.45
2025-06-06T13:45:00+05:30,24982.15,24994.5,24972.2,24990
2025-06-06T13:15:00+05:30,24969.45,24997.7,24962.35,24981.75
2025-06-06T12:45:00+05:30,24981.7,24991.05,24968,24969.05
2025-06-06T12:15:00+05:30,24998.55,24999.55,24966,24981.1
2025-06-06T11:45:00+05:30,25006.6,25029.5,24993.4,24998.85
2025-06-06T11:15:00+05:30,24982.65,25008.25,24960.55,25006.35
2025-06-06T10:45:00+05:30,24912.55,24983.9,24909.4,24983.05
2025-06-06T10:15:00+05:30,24750.25,24925.95,24735.75,24912.5
2025-06-06T09:45:00+05:30,24687.55,24817.1,24671.45,24750.6
2025-06-06T09:15:00+05:30,24748.7,24763.35,24685.4,24687.35
2025-06-05T15:15:00+05:30,24752.85,24775.4,24745.45,24761.1
2025-06-05T14:45:00+05:30,24750.35,24780.65,24727.1,24752.55
2025-06-05T14:15:00+05:30,24713.8,24764.45,24701.1,24751.55
2025-06-05T13:45:00+05:30,24730.95,24758.45,24693.1,24713.55
2025-06-05T13:15:00+05:30,24776.35,24790.2,24711.35,24730.6
2025-06-05T12:45:00+05:30,24818.3,24831.6,24770.4,24776.95
2025-06-05T12:15:00+05:30,24871.35,24899.85,24798.5,24817.95
2025-06-05T11:45:00+05:30,24728.2,24874.9,24713.8,24869.55
2025-06-05T11:15:00+05:30,24708.1,24754.2,24707.85,24728.75
2025-06-05T10:45:00+05:30,24717.8,24723.5,24690.9,24708.8
2025-06-05T10:15:00+05:30,24733,24741.15,24709.65,24718.35
2025-06-05T09:45:00+05:30,24746.85,24761.5,24724.4,24732.25
2025-06-05T09:15:00+05:30,24691.2,24753.1,24613.1,24747.15
2025-06-04T15:15:00+05:30,24617.65,24622.05,24604.1,24612
2025-06-04T14:45:00+05:30,24615.8,24644.25,24610.55,24616.9
2025-06-04T14:15:00+05:30,24616.55,24625.8,24608.65,24615.15
2025-06-04T13:45:00+05:30,24605.75,24632,24603.25,24616.55
2025-06-04T13:15:00+05:30,24600.4,24611.95,24588.8,24605.7
2025-06-04T12:45:00+05:30,24600.3,24620.1,24593.05,24600.25
2025-06-04T12:15:00+05:30,24607.5,24609.15,24582.2,24600.6
2025-06-04T11:45:00+05:30,24592.65,24607.95,24583.2,24607.75
2025-06-04T11:15:00+05:30,24582.05,24601.55,24572,24592.7
2025-06-04T10:45:00+05:30,24601.25,24603.8,24577.05,24581.55
2025-06-04T10:15:00+05:30,24578.95,24609.6,24569.6,24600.8
2025-06-04T09:45:00+05:30,24552.85,24591.1,24530.45,24578.75
2025-06-04T09:15:00+05:30,24560.45,24612.75,24536.5,24553.85
2025-06-03T15:15:00+05:30,24535.5,24550.65,24524.45,24538.4
2025-06-03T14:45:00+05:30,24586.4,24588.65,24534.4,24535.2
2025-06-03T14:15:00+05:30,24576.4,24601.7,24559.95,24586.05
2025-06-03T13:45:00+05:30,24542,24579.55,24531.7,24577.15
2025-06-03T13:15:00+05:30,24540.5,24572.7,24516.5,24539.9
2025-06-03T12:45:00+05:30,24627.8,24628.7,24502.15,24541.45
2025-06-03T12:15:00+05:30,24614.85,24648.95,24583.75,24628.15
2025-06-03T11:45:00+05:30,24596.1,24641.8,24588.9,24615.35
2025-06-03T11:15:00+05:30,24590.25,24662.6,24571.6,24594.25
2025-06-03T10:45:00+05:30,24642.5,24664.75,24587.7,24590.2
2025-06-03T10:15:00+05:30,24662.4,24766.45,24612.1,24642.85
2025-06-03T09:45:00+05:30,24646.45,24685.5,24619.15,24661.7
2025-06-03T09:15:00+05:30,24786.3,24845.1,24601.3,24646.8
2025-06-02T15:15:00+05:30,24723.5,24724.75,24666.6,24690.35
2025-06-02T14:45:00+05:30,24668.85,24754.4,24656.75,24724
2025-06-02T14:15:00+05:30,24694.3,24705.6,24654.8,24667.65
2025-06-02T13:45:00+05:30,24729.4,24732.5,24682.15,24693.85
2025-06-02T13:15:00+05:30,24703.4,24732.9,24698.5,24728.25
2025-06-02T12:45:00+05:30,24723.7,24737.05,24683.1,24702.9
2025-06-02T12:15:00+05:30,24665.75,24739.75,24665.75,24723.85
2025-06-02T11:45:00+05:30,24626.95,24673.25,24621.25,24665.55
2025-06-02T11:15:00+05:30,24624.55,24657.85,24611.6,24625.5
2025-06-02T10:45:00+05:30,24630.2,24638.85,24609.6,24623.25
2025-06-02T10:15:00+05:30,24581.95,24633.35,24554.2,24629.4
2025-06-02T09:45:00+05:30,24571.6,24606.8,24556.95,24581.75
2025-06-02T09:15:00+05:30,24669.7,24717.55,24526.15,24571.6
2025-05-30T15:15:00+05:30,24751.75,24757.15,24731.1,24736.65
2025-05-30T14:45:00+05:30,24770.1,24784.1,24729.8,24751.65
2025-05-30T14:15:00+05:30,24753.75,24786.8,24751.1,24769.45
2025-05-30T13:45:00+05:30,24771.55,24801.7,24753.6,24753.6
2025-05-30T13:15:00+05:30,24758.55,24783.2,24750.75,24771.65
2025-05-30T12:45:00+05:30,24737.05,24768.9,24737.05,24758.6
2025-05-30T12:15:00+05:30,24743.1,24756.8,24729.35,24737.15
2025-05-30T11:45:00+05:30,24746.4,24768.4,24728.7,24741.8
2025-05-30T11:15:00+05:30,24755.7,24787.95,24745,24745.4
2025-05-30T10:45:00+05:30,24738.35,24772.3,24717.4,24754.3
2025-05-30T10:15:00+05:30,24795.8,24795.8,24721.8,24737.6
2025-05-30T09:45:00+05:30,24819,24833.55,24784,24794.75
2025-05-30T09:15:00+05:30,24812.6,24863.95,24780,24819.1
2025-05-29T15:15:00+05:30,24850.45,24892.6,24837.1,24880.85
2025-05-29T14:45:00+05:30,24755.95,24853.75,24738.35,24850.75
2025-05-29T14:15:00+05:30,24725.6,24767.6,24718.05,24756.3
2025-05-29T13:45:00+05:30,24754.1,24760.45,24717.8,24725.6
2025-05-29T13:15:00+05:30,24760.35,24773.7,24742.8,24754.75
2025-05-29T12:45:00+05:30,24700.25,24772.9,24697.2,24760.75
2025-05-29T12:15:00+05:30,24732,24757.7,24677.3,24700.55
2025-05-29T11:45:00+05:30,24732.2,24747.8,24728.4,24732.05
2025-05-29T11:15:00+05:30,24722.2,24748.3,24708.65,24732.6
2025-05-29T10:45:00+05:30,24742.95,24768.05,24714.15,24723.55
2025-05-29T10:15:00+05:30,24802.45,24806.15,24741.1,24743.2
2025-05-29T09:45:00+05:30,24808.9,24848.05,24780.8,24801.75
2025-05-29T09:15:00+05:30,24825.1,24889.7,24779.7,24808.75
2025-05-28T15:15:00+05:30,24749.5,24757.45,24740.05,24757.15
2025-05-28T14:45:00+05:30,24780.9,24786.1,24748.4,24748.5
2025-05-28T14:15:00+05:30,24788.35,24798,24769.05,24782
2025-05-28T13:45:00+05:30,24776.9,24795.2,24761.1,24788.55
2025-05-28T13:15:00+05:30,24791.1,24797.1,24765.7,24776.7
2025-05-28T12:45:00+05:30,24795.25,24827.05,24789.3,24791.35
2025-05-28T12:15:00+05:30,24762.2,24799.15,24759.05,24795.1
2025-05-28T11:45:00+05:30,24756.35,24780.7,24752.25,24761.7
2025-05-28T11:15:00+05:30,24767.75,24783.85,24746.35,24756.35
2025-05-28T10:45:00+05:30,24752.1,24801.9,24751.65,24768.05
2025-05-28T10:15:00+05:30,24760,24772.5,24737.05,24752.7
2025-05-28T09:45:00+05:30,24806.3,24814.8,24752.95,24760.5
2025-05-28T09:15:00+05:30,24832.5,24864.25,24743.05,24807.25
2025-05-27T15:15:00+05:30,24832.6,24843.3,24816.55,24837.7
2025-05-27T14:45:00+05:30,24781.25,24842.7,24767.1,24831.8
2025-05-27T14:15:00+05:30,24768.25,24784.95,24704.1,24780.65
2025-05-27T13:45:00+05:30,24847.5,24871.85,24744.55,24767.6
2025-05-27T13:15:00+05:30,24830,24849.3,24804.2,24847.4
2025-05-27T12:45:00+05:30,24857.35,24881.3,24800.8,24829.85
2025-05-27T12:15:00+05:30,24957.4,24962.75,24819.95,24860.4
2025-05-27T11:45:00+05:30,24968.15,24977.05,24908,24957.45
2025-05-27T11:15:00+05:30,24880.65,25062.9,24880.65,24968.95
2025-05-27T10:45:00+05:30,24762.55,24960.2,24754.25,24877.65
2025-05-27T10:15:00+05:30,24776.9,24798.85,24751.35,24761.3
2025-05-27T09:45:00+05:30,24826.05,24827.35,24737.7,24777.1
2025-05-27T09:15:00+05:30,24956.65,24976.1,24765.75,24825.7
2025-05-26T15:15:00+05:30,25002.9,25006.8,24992.6,24996.35
2025-05-26T14:45:00+05:30,24993.3,25019.65,24983.15,25004.45
2025-05-26T14:15:00+05:30,24999.6,25004.85,24969.25,24993.95
2025-05-26T13:45:00+05:30,25000.7,25013.35,24976.75,25001
2025-05-26T13:15:00+05:30,24980.6,25009.2,24967.85,25001.2
2025-05-26T12:45:00+05:30,24967.35,24992.1,24939.45,24981.9
2025-05-26T12:15:00+05:30,24987.8,25013.8,24968.4,24968.4
2025-05-26T11:45:00+05:30,24973.65,25011.35,24972.4,24989.8
2025-05-26T11:15:00+05:30,24972.75,25024.4,24954.1,24973.7
2025-05-26T10:45:00+05:30,24970.2,24992.3,24950.95,24972.75
2025-05-26T10:15:00+05:30,25043.9,25048.25,24910.5,24969.4
2025-05-26T09:45:00+05:30,25041.25,25079.2,25035.15,25044.15
2025-05-26T09:15:00+05:30,24919.35,25055.95,24900.5,25043.55
2025-05-23T15:15:00+05:30,24850.5,24862.1,24842.9,24845.15
2025-05-23T14:45:00+05:30,24834.75,24864,24819.3,24850.75
2025-05-23T14:15:00+05:30,24868.85,24884.15,24833.75,24835.65
2025-05-23T13:45:00+05:30,24850.35,24894.05,24838.05,24869.1
2025-05-23T13:15:00+05:30,24876.7,24898.4,24841.7,24851
2025-05-23T12:45:00+05:30,24870,24902,24870,24877.45
2025-05-23T12:15:00+05:30,24834.7,24901.35,24828.85,24869.8
2025-05-23T11:45:00+05:30,24871.3,24872.9,24804.3,24834.75
2025-05-23T11:15:00+05:30,24890.8,24903.4,24854.15,24868.6
2025-05-23T10:45:00+05:30,24814.1,24909.05,24807.9,24890.1
2025-05-23T10:15:00+05:30,24817.45,24820.55,24748.55,24813.7
2025-05-23T09:45:00+05:30,24780.95,24826.65,24763.25,24818.1
2025-05-23T09:15:00+05:30,24639.5,24784.8,24614.05,24781.4
2025-05-22T15:15:00+05:30,24606.35,24647.15,24597.5,24637
2025-05-22T14:45:00+05:30,24557.8,24639.85,24512.7,24606.25
2025-05-22T14:15:00+05:30,24529.3,24577.55,24462.4,24557.55
2025-05-22T13:45:00+05:30,24524.65,24539.55,24515.05,24529.8
2025-05-22T13:15:00+05:30,24540.45,24556.6,24518.2,24524.2
2025-05-22T12:45:00+05:30,24558.65,24559,24509.1,24539.65
2025-05-22T12:15:00+05:30,24572.75,24574.65,24548.9,24558.7
2025-05-22T11:45:00+05:30,24558.9,24607.5,24557.6,24572.8
2025-05-22T11:15:00+05:30,24594.65,24604.3,24543.05,24560.65
2025-05-22T10:45:00+05:30,24606.8,24613.05,24588.15,24594.6
2025-05-22T10:15:00+05:30,24606.45,24628.6,24571.15,24605.55
2025-05-22T09:45:00+05:30,24590.5,24631.7,24556.65,24606.05
2025-05-22T09:15:00+05:30,24733.95,24737.5,24541.6,24589.95
2025-05-21T15:45:00+05:30,24813.45,24813.45,24813.45,24813.45
2025-05-21T15:15:00+05:30,24809.25,24819.95,24794.85,24813.45
2025-05-21T14:45:00+05:30,24786.1,24829.85,24785.95,24809.4
2025-05-21T14:15:00+05:30,24799.1,24819.6,24780.65,24785.55
2025-05-21T13:45:00+05:30,24762.6,24799.2,24740.8,24799.2
2025-05-21T13:15:00+05:30,24800.2,24839.35,24758.5,24762.8
2025-05-21T12:45:00+05:30,24780.15,24804.15,24736.3,24800.05
2025-05-21T12:15:00+05:30,24735.45,24808.5,24685.35,24780.3
2025-05-21T11:45:00+05:30,24853.15,24854.85,24727.1,24733.45
2025-05-21T11:15:00+05:30,24896.3,24914.4,24833.6,24853.05
2025-05-21T10:45:00+05:30,24916.2,24936.05,24858.05,24896.95
2025-05-21T10:15:00+05:30,24869.85,24946.2,24869.85,24916.1
2025-05-21T09:45:00+05:30,24795.7,24870.2,24794.3,24869.2
2025-05-21T09:15:00+05:30,24744.25,24817.05,24692.65,24796.65
2025-05-20T15:15:00+05:30,24692.85,24713.85,24672.05,24713.85
2025-05-20T14:45:00+05:30,24681.65,24707.05,24669.7,24693.1
2025-05-20T14:15:00+05:30,24737.1,24745.6,24676.6,24681.9
2025-05-20T13:45:00+05:30,24761.8,24784.55,24728.1,24738.35
2025-05-20T13:15:00+05:30,24790.45,24795.1,24750.65,24762.2
2025-05-20T12:45:00+05:30,24860.65,24865.05,24780.65,24790.7
2025-05-20T12:15:00+05:30,24862,24876.2,24849.9,24859.6
2025-05-20T11:45:00+05:30,24870.3,24887.9,24844.55,24859.2
2025-05-20T11:15:00+05:30,24921.05,24921.05,24865.05,24870.3
2025-05-20T10:45:00+05:30,24927.25,24967.25,24905.95,24920.75
2025-05-20T10:15:00+05:30,24899.5,24935.15,24879,24927
2025-05-20T09:45:00+05:30,24916.15,24916.15,24863.4,24899.4
2025-05-20T09:15:00+05:30,24996.2,25010.35,24913.9,24915.75
2025-05-19T15:15:00+05:30,24945.35,24951.65,24927.45,24935.35
2025-05-19T14:45:00+05:30,24941.3,24958.5,24916.65,24945.65
2025-05-19T14:15:00+05:30,24940.2,24960.55,24932.55,24940.2
2025-05-19T13:45:00+05:30,24982.6,24985.45,24919.3,24940.35
2025-05-19T13:15:00+05:30,24980.45,25006.1,24974.7,24981.5
2025-05-19T12:45:00+05:30,25003.2,25018.6,24975.95,24980.55
2025-05-19T12:15:00+05:30,24987.4,25017.5,24972.25,25003.4
2025-05-19T11:45:00+05:30,25008.1,25025.1,24979.1,24987.5
2025-05-19T11:15:00+05:30,25026.55,25043.1,25006.95,25008.8
2025-05-19T10:45:00+05:30,25003.75,25045.85,24999.45,25027.05
2025-05-19T10:15:00+05:30,25040.2,25062.95,25001.95,25003.35
2025-05-19T09:45:00+05:30,25008.75,25049.4,24994.55,25040.85
2025-05-19T09:15:00+05:30,25005.35,25058.7,24965.8,25009.25
2025-05-16T15:15:00+05:30,25025.45,25025.6,25002.7,25013.1
2025-05-16T14:45:00+05:30,25014.4,25034.5,25005.3,25024.2
2025-05-16T14:15:00+05:30,25019.6,25025.05,24992.35,25014.95
2025-05-16T13:45:00+05:30,24999.9,25032.95,24994.45,25019.95
2025-05-16T13:15:00+05:30,25006.75,25034.8,24997.25,25001.25
2025-05-16T12:45:00+05:30,25001.5,25018.5,24986.85,25006.8
2025-05-16T12:15:00+05:30,24974.65,25004.6,24968.8,25001.55
2025-05-16T11:45:00+05:30,24981.15,24992,24971.4,24976.05
2025-05-16T11:15:00+05:30,24975.15,24997.9,24958.7,24981.3
2025-05-16T10:45:00+05:30,24996.75,25004.6,24953.05,24975.45
2025-05-16T10:15:00+05:30,25005.65,25040.85,24983.7,24996.6
2025-05-16T09:45:00+05:30,25017.25,25030.7,24975.8,25005.15
2025-05-16T09:15:00+05:30,25064.65,25070,24983.15,25017.1
2025-05-15T15:15:00+05:30,25055.2,25063.45,25035.3,25035.3
2025-05-15T14:45:00+05:30,25089.15,25089.15,25040,25056.4
2025-05-15T14:15:00+05:30,25091.5,25116.25,25044.35,25087.45
2025-05-15T13:45:00+05:30,24987.35,25106.05,24987.25,25091
2025-05-15T13:15:00+05:30,24887.15,25003.05,24848.8,24986.25
2025-05-15T12:45:00+05:30,24643.3,24888.9,24636.15,24886.3
2025-05-15T12:15:00+05:30,24662.05,24740.05,24626.3,24643.55
2025-05-15T11:45:00+05:30,24636.15,24707.9,24614.05,24661.05
2025-05-15T11:15:00+05:30,24617.25,24683.2,24601.15,24635.85
2025-05-15T10:45:00+05:30,24745.35,24790.15,24600.6,24617.25
2025-05-15T10:15:00+05:30,24562.2,24807.75,24533.2,24745.9
2025-05-15T09:45:00+05:30,24545.3,24585.55,24494.45,24561.7
2025-05-15T09:15:00+05:30,24694.45,24706.75,24538.2,24546.9
2025-05-14T15:15:00+05:30,24669.95,24696.75,24651.3,24685.75
2025-05-14T14:45:00+05:30,24624.95,24675.2,24618.4,24669.55
2025-05-14T14:15:00+05:30,24614.55,24665.65,24577.7,24625.55
2025-05-14T13:45:00+05:30,24628.55,24638.2,24596.75,24615
2025-05-14T13:15:00+05:30,24636.45,24660.95,24604.35,24628.5
2025-05-14T12:45:00+05:30,24629.9,24643,24535.55,24636.05
2025-05-14T12:15:00+05:30,24677.25,24679.65,24609.35,24629.7
2025-05-14T11:45:00+05:30,24686.55,24686.55,24633.05,24677.1
2025-05-14T11:15:00+05:30,24699.65,24724.9,24681.1,24686.25
2025-05-14T10:45:00+05:30,24734,24740.1,24683.45,24700.95
2025-05-14T10:15:00+05:30,24757.4,24767.55,24711.25,24733.8
2025-05-14T09:45:00+05:30,24742.85,24758.55,24690.8,24758.15
2025-05-14T09:15:00+05:30,24613.8,24745.5,24581.75,24742.8
2025-05-13T15:45:00+05:30,24578.35,24578.35,24578.35,24578.35
2025-05-13T15:15:00+05:30,24561.05,24594.3,24547.5,24578.35
2025-05-13T14:45:00+05:30,24599.85,24636.85,24559.15,24560
2025-05-13T14:15:00+05:30,24590.25,24617.5,24560.7,24601.15
2025-05-13T13:45:00+05:30,24613.45,24617.85,24576,24590.45
2025-05-13T13:15:00+05:30,24633.4,24637,24588.35,24614.5
2025-05-13T12:45:00+05:30,24644.5,24665.25,24597.6,24630.8
2025-05-13T12:15:00+05:30,24755.55,24772,24640.2,24644.05
2025-05-13T11:45:00+05:30,24739.45,24771.45,24693.9,24755.45
2025-05-13T11:15:00+05:30,24725.05,24817.9,24723.25,24740.9
2025-05-13T10:45:00+05:30,24701.15,24837.8,24683.1,24724.55
2025-05-13T10:15:00+05:30,24771.1,24797.6,24634.9,24700.8
2025-05-13T09:45:00+05:30,24747.25,24789.45,24677.6,24770.85
2025-05-13T09:15:00+05:30,24864.05,24973.8,24675.6,24745.2
2025-05-12T15:15:00+05:30,24906.05,24944.8,24904.75,24920.25
2025-05-12T14:45:00+05:30,24862.2,24930.4,24858.2,24907.45
2025-05-12T14:15:00+05:30,24866.25,24907.2,24854.75,24862.35
2025-05-12T13:45:00+05:30,24845.2,24866.95,24830.1,24866.2
2025-05-12T13:15:00+05:30,24789.15,24850.4,24789,24843.95
2025-05-12T12:45:00+05:30,24789.9,24807.05,24772.35,24789.15
2025-05-12T12:15:00+05:30,24723.3,24806.3,24690.35,24790
2025-05-12T11:45:00+05:30,24728.2,24731.2,24711.35,24721.3
2025-05-12T11:15:00+05:30,24703.2,24745.75,24698.55,24728.2
2025-05-12T10:45:00+05:30,24699.95,24714.85,24669.1,24702.85
2025-05-12T10:15:00+05:30,24682.3,24723.55,24673.3,24699.75
2025-05-12T09:45:00+05:30,24592.85,24737.8,24592.4,24682.65
2025-05-12T09:15:00+05:30,24420.1,24633.6,24378.85,24591.7
2025-05-09T15:15:00+05:30,23999.3,24046.9,23997.35,24038.65
2025-05-09T14:45:00+05:30,23986.15,24025.7,23985.65,24000.55
2025-05-09T14:15:00+05:30,24004.6,24032.75,23960.95,23987.3
2025-05-09T13:45:00+05:30,23980.35,24013.5,23972.85,24005.05
2025-05-09T13:15:00+05:30,24008.8,24024.7,23961.7,23980.65
2025-05-09T12:45:00+05:30,24006.8,24045.6,23992.8,24009.25
2025-05-09T12:15:00+05:30,24049.85,24054.55,24004.85,24006.85
2025-05-09T11:45:00+05:30,24055.9,24060.85,24013.95,24049.7
2025-05-09T11:15:00+05:30,24012.3,24121.3,23999.45,24057.55
2025-05-09T10:45:00+05:30,24008.65,24019,23976.65,24012.85
2025-05-09T10:15:00+05:30,24061.2,24086.75,24007.75,24009.25
2025-05-09T09:45:00+05:30,24092.25,24111.7,23949.2,24060.65
2025-05-09T09:15:00+05:30,23935.75,24164.25,23935.75,24090.5
2025-05-08T15:45:00+05:30,24273.8,24273.8,24273.8,24273.8
2025-05-08T15:15:00+05:30,24308.45,24310.9,24150.2,24273.8
2025-05-08T14:45:00+05:30,24338.05,24339.9,24244,24309.15
2025-05-08T14:15:00+05:30,24317.55,24357.3,24314.8,24338.2
2025-05-08T13:45:00+05:30,24336.65,24361.1,24313.5,24316.95
2025-05-08T13:15:00+05:30,24384.85,24386.7,24330.45,24337.45
2025-05-08T12:45:00+05:30,24396.2,24403.9,24381.05,24385.95
2025-05-08T12:15:00+05:30,24403.25,24411.2,24395.35,24397.15
2025-05-08T11:45:00+05:30,24407.45,24410.2,24396.7,24403.4
2025-05-08T11:15:00+05:30,24397.45,24415.8,24397.45,24408.55
2025-05-08T10:45:00+05:30,24398.8,24407.8,24390.3,24398.05
2025-05-08T10:15:00+05:30,24391.55,24412.3,24384.35,24398.9
2025-05-08T09:45:00+05:30,24391.9,24402.2,24373.85,24391.55
2025-05-08T09:15:00+05:30,24431.5,24447.25,24373.45,24391.5
2025-05-07T15:15:00+05:30,24406.8,24425.05,24403.8,24409.3
2025-05-07T14:45:00+05:30,24416.15,24424.05,24394.4,24407.05
2025-05-07T14:15:00+05:30,24410.95,24426.05,24367.85,24414.7
2025-05-07T13:45:00+05:30,24355.7,24422.95,24346.15,24406.9
2025-05-07T13:15:00+05:30,24362,24372.65,24345.35,24355.9
2025-05-07T12:45:00+05:30,24388.65,24400.4,24354.95,24362.05
2025-05-07T12:15:00+05:30,24374.65,24398.25,24365.65,24388.35
2025-05-07T11:45:00+05:30,24408.8,24408.8,24349.75,24374.85
2025-05-07T11:15:00+05:30,24372.5,24430.4,24372.5,24408.95
2025-05-07T10:45:00+05:30,24356.9,24373.75,24324.75,24372.6
2025-05-07T10:15:00+05:30,24303.5,24372.85,24285,24355.9
2025-05-07T09:45:00+05:30,24402.1,24404.55,24290.3,24304.1
2025-05-07T09:15:00+05:30,24233.3,24449.6,24220,24402.85
2025-05-06T15:15:00+05:30,24387.7,24389.25,24331.8,24335.9
2025-05-06T14:45:00+05:30,24377.5,24400.65,24355.5,24387.65
2025-05-06T14:15:00+05:30,24387.25,24390.65,24361.9,24379.9
2025-05-06T13:45:00+05:30,24390.05,24408.4,24379.05,24389.05
2025-05-06T13:15:00+05:30,24382.8,24396.05,24376,24391.6
2025-05-06T12:45:00+05:30,24384.05,24394.2,24367.05,24383.25
2025-05-06T12:15:00+05:30,24390.4,24402.05,24378.1,24385.35
2025-05-06T11:45:00+05:30,24359.8,24396.85,24357.35,24392.2
2025-05-06T11:15:00+05:30,24388.1,24390.35,24356.75,24361.15
2025-05-06T10:45:00+05:30,24397.6,24406.15,24384.7,24387.95
2025-05-06T10:15:00+05:30,24388.7,24399.2,24369.1,24397.05
2025-05-06T09:45:00+05:30,24457.65,24459.5,24379.8,24389.7
2025-05-06T09:15:00+05:30,24500.75,24509.65,24421,24458.1
2025-05-05T15:15:00+05:30,24448.6,24475.2,24447.5,24459.5
2025-05-05T14:45:00+05:30,24475.7,24487,24442.15,24448.3
2025-05-05T14:15:00+05:30,24473.9,24492.15,24455,24475.95
2025-05-05T13:45:00+05:30,24473.85,24492.9,24469.5,24472.9
2025-05-05T13:15:00+05:30,24451.25,24476.05,24434.05,24473.65
2025-05-05T12:45:00+05:30,24455.65,24477,24441.7,24451.05
2025-05-05T12:15:00+05:30,24448.7,24460.6,24430,24456.1
2025-05-05T11:45:00+05:30,24447.25,24459.75,24414.45,24448.7
2025-05-05T11:15:00+05:30,24487.2,24495.9,24436.15,24447.05
2025-05-05T10:45:00+05:30,24521.6,24523.55,24459.65,24486.2
2025-05-05T10:15:00+05:30,24479.8,24526.4,24468.3,24522.65
2025-05-05T09:45:00+05:30,24449.8,24511.3,24439.4,24479.1
2025-05-05T09:15:00+05:30,24419.5,24477.9,24400.65,24449.15
2025-05-02T15:15:00+05:30,24365.45,24368.15,24309.85,24313.65
2025-05-02T14:45:00+05:30,24325.35,24397.75,24319.1,24367.15
2025-05-02T14:15:00+05:30,24372.45,24389.2,24286.9,24326.65
2025-05-02T13:45:00+05:30,24391.95,24405.8,24359,24373.55
2025-05-02T13:15:00+05:30,24297.05,24412.2,24296.25,24392.35
2025-05-02T12:45:00+05:30,24282.8,24310.85,24266.2,24297
2025-05-02T12:15:00+05:30,24314.05,24314.15,24238.5,24283.3
2025-05-02T11:45:00+05:30,24336.05,24365,24299.8,24315
2025-05-02T11:15:00+05:30,24424.65,24443.05,24319.75,24336.1
2025-05-02T10:45:00+05:30,24502.05,24507.2,24404.7,24422.9
2025-05-02T10:15:00+05:30,24581.85,24587.25,24468.6,24502.05
2025-05-02T09:45:00+05:30,24530.6,24589.15,24516.7,24581.95
2025-05-02T09:15:00+05:30,24311.9,24551.25,24305.85,24529.85
2025-04-30T15:45:00+05:30,24334.2,24334.2,24334.2,24334.2
2025-04-30T15:15:00+05:30,24349.8,24353.15,24198.75,24334.2
2025-04-30T14:45:00+05:30,24338.85,24396.15,24338.3,24348.85
2025-04-30T14:15:00+05:30,24340,24344.25,24324.15,24339.5
2025-04-30T13:45:00+05:30,24348.8,24353.25,24334.55,24340.65
2025-04-30T13:15:00+05:30,24333.75,24350.8,24327.45,24349.5
2025-04-30T12:45:00+05:30,24357.1,24360.1,24326.7,24333.8
2025-04-30T12:15:00+05:30,24344.3,24365,24339.45,24356.5
2025-04-30T11:45:00+05:30,24331.9,24353.7,24313.55,24344.95
2025-04-30T11:15:00+05:30,24330.5,24371.6,24326.45,24332.3
2025-04-30T10:45:00+05:30,24321.5,24354.45,24317.9,24329.95
2025-04-30T10:15:00+05:30,24353.8,24362.95,24290.4,24321.2
2025-04-30T09:45:00+05:30,24346.3,24395.2,24346.3,24353.75
2025-04-30T09:15:00+05:30,24342.05,24365.7,24268.8,24348.5
2025-04-29T15:15:00+05:30,24326.2,24348.5,24310.6,24325.45
2025-04-29T14:45:00+05:30,24356.2,24358,24324.45,24326.45
2025-04-29T14:15:00+05:30,24366.9,24368.3,24339,24356.45
2025-04-29T13:45:00+05:30,24352.7,24375.5,24347.65,24365.95
2025-04-29T13:15:00+05:30,24355.45,24376.05,24341.35,24353.9
2025-04-29T12:45:00+05:30,24338.8,24369.5,24330.6,24356.85
2025-04-29T12:15:00+05:30,24316.4,24347.95,24304.1,24341.85
2025-04-29T11:45:00+05:30,24354.65,24355.8,24302.45,24316.6
2025-04-29T11:15:00+05:30,24356.55,24360.35,24334.95,24354.4
2025-04-29T10:45:00+05:30,24321.85,24369.85,24317.95,24356.05
2025-04-29T10:15:00+05:30,24351.3,24354.1,24305.5,24321.5
2025-04-29T09:45:00+05:30,24317.85,24396.15,24290.75,24351.55
2025-04-29T09:15:00+05:30,24370.7,24457.65,24303.9,24316.6
2025-04-28T15:15:00+05:30,24325.6,24337.75,24309.55,24312.9
2025-04-28T14:45:00+05:30,24276.45,24341.3,24260.9,24324.1
2025-04-28T14:15:00+05:30,24352.6,24353.7,24265.45,24273.65
2025-04-28T13:45:00+05:30,24344.6,24352.3,24325.9,24350.6
2025-04-28T13:15:00+05:30,24341.85,24351.55,24319.9,24341.95
2025-04-28T12:45:00+05:30,24339.5,24355.1,24313.5,24339
2025-04-28T12:15:00+05:30,24292.3,24352.1,24286.95,24336.45
2025-04-28T11:45:00+05:30,24276.55,24297.9,24261.3,24289.65
2025-04-28T11:15:00+05:30,24236.2,24280.45,24210.75,24276.55
2025-04-28T10:45:00+05:30,24245.45,24282.9,24227.75,24235
2025-04-28T10:15:00+05:30,24276,24283,24229.35,24245.35
2025-04-28T09:45:00+05:30,24175.75,24279.3,24174.3,24275.85
2025-04-28T09:15:00+05:30,24070.25,24227.8,24054.05,24176.6
2025-04-25T15:45:00+05:30,24039.35,24039.35,24039.35,24039.35
2025-04-25T15:15:00+05:30,24051.45,24054.65,23986.1,24039.35
2025-04-25T14:45:00+05:30,24063.2,24100.3,24038.15,24052.95
2025-04-25T14:15:00+05:30,24076.55,24130.25,24042.75,24064.3
2025-04-25T13:45:00+05:30,24083.95,24150.65,24046,24077.1
2025-04-25T13:15:00+05:30,24045.75,24098.25,24029.5,24084.6
2025-04-25T12:45:00+05:30,23950.9,24060.8,23950.4,24047.15
2025-04-25T12:15:00+05:30,23939.25,23984.8,23922,23951.05
2025-04-25T11:45:00+05:30,23904.75,23946.65,23847.85,23938.15
2025-04-25T11:15:00+05:30,23941.3,23945.9,23879.2,23903.4
2025-04-25T10:45:00+05:30,23963.7,23987.8,23900.5,23940.35
2025-04-25T10:15:00+05:30,24032.6,24043.65,23908.6,23965.5
2025-04-25T09:45:00+05:30,24208.75,24215.85,23950.15,24033.65
2025-04-25T09:15:00+05:30,24289,24365.45,24188.6,24208.15
2025-04-24T15:15:00+05:30,24250.95,24257.2,24240.75,24245.05
2025-04-24T14:45:00+05:30,24243.3,24259.7,24216.15,24250.15
2025-04-24T14:15:00+05:30,24247.4,24263.15,24232.3,24243.15
2025-04-24T13:45:00+05:30,24250.7,24258.9,24243.45,24247.1
2025-04-24T13:15:00+05:30,24258.75,24265.2,24242.05,24250.65
2025-04-24T12:45:00+05:30,24264.05,24273.4,24257.5,24257.5
2025-04-24T12:15:00+05:30,24260.3,24273.1,24248.4,24263.7
2025-04-24T11:45:00+05:30,24263.75,24271.25,24255.5,24260.3
2025-04-24T11:15:00+05:30,24279.15,24283.75,24252.9,24264.5
2025-04-24T10:45:00+05:30,24277.1,24287.75,24268.8,24279.05
2025-04-24T10:15:00+05:30,24297.85,24313.1,24272.9,24276.85
2025-04-24T09:45:00+05:30,24263,24297.9,24239.45,24297.35
2025-04-24T09:15:00+05:30,24277.9,24347.85,24245.25,24263.95
2025-04-23T15:15:00+05:30,24334.75,24336.9,24287.9,24300.85
2025-04-23T14:45:00+05:30,24290.7,24340.25,24290.1,24334.8
2025-04-23T14:15:00+05:30,24303.8,24315.1,24278.8,24290.3
2025-04-23T13:45:00+05:30,24274.55,24306.6,24266.65,24303.45
2025-04-23T13:15:00+05:30,24243.5,24276.8,24230.55,24274.65
2025-04-23T12:45:00+05:30,24228.8,24266.75,24226.3,24243.3
2025-04-23T12:15:00+05:30,24222.5,24229.5,24201.9,24229.35
2025-04-23T11:45:00+05:30,24239,24251.8,24197.9,24222.65
2025-04-23T11:15:00+05:30,24192.3,24242.15,24180,24239.2
2025-04-23T10:45:00+05:30,24170.15,24197.05,24119.95,24191.7
2025-04-23T10:15:00+05:30,24191.55,24242.1,24169.5,24169.5
2025-04-23T09:45:00+05:30,24321.05,24345.7,24189.55,24190.65
2025-04-23T09:15:00+05:30,24357.6,24359.3,24264.55,24320.65
2025-04-22T15:15:00+05:30,24162.3,24173.95,24126.95,24134.05
2025-04-22T14:45:00+05:30,24176,24181,24144.05,24161.15
2025-04-22T14:15:00+05:30,24179.35,24184.7,24171.7,24175.9
2025-04-22T13:45:00+05:30,24182.35,24189.4,24173.6,24178.8
2025-04-22T13:15:00+05:30,24183.8,24197.55,24177.35,24182.65
2025-04-22T12:45:00+05:30,24188.85,24191.15,24168.25,24182.1
2025-04-22T12:15:00+05:30,24201.85,24203.3,24175.5,24189.3
2025-04-22T11:45:00+05:30,24209.45,24221.4,24187.7,24202.85
2025-04-22T11:15:00+05:30,24230.3,24233.5,24166.15,24209.7
2025-04-22T10:45:00+05:30,24223.9,24242.6,24212.35,24230
2025-04-22T10:15:00+05:30,24195.5,24225.6,24187.35,24223.85
2025-04-22T09:45:00+05:30,24181.5,24202.6,24139.2,24195.7
2025-04-22T09:15:00+05:30,24185.4,24201.65,24072,24180.9
2025-04-21T15:15:00+05:30,24114.55,24135.65,24112.25,24121.2
2025-04-21T14:45:00+05:30,24140.65,24156,24109.95,24114.4
2025-04-21T14:15:00+05:30,24143.35,24156.95,24120,24143
2025-04-21T13:45:00+05:30,24113.05,24171.6,24106.5,24143.45
2025-04-21T13:15:00+05:30,24172.15,24175.55,24109.5,24113.2
2025-04-21T12:45:00+05:30,24172.75,24189.55,24169.35,24173.75
2025-04-21T12:15:00+05:30,24149.1,24185.55,24141.3,24172.6
2025-04-21T11:45:00+05:30,24110.9,24150.15,24106.25,24148.35
2025-04-21T11:15:00+05:30,24110.9,24132.75,24099.05,24108
2025-04-21T10:45:00+05:30,24067.45,24111.1,24062.55,24110
2025-04-21T10:15:00+05:30,24032,24069.5,24009.3,24067.65
2025-04-21T09:45:00+05:30,24027.75,24061.45,23982.2,24033.45
2025-04-21T09:15:00+05:30,23949.15,24036,23903.65,24030
2025-04-17T15:15:00+05:30,23847.2,23862.2,23831.35,23837.75
2025-04-17T14:45:00+05:30,23858.95,23872.35,23835.8,23847
2025-04-17T14:15:00+05:30,23828.7,23867.2,23783.8,23859.7
2025-04-17T13:45:00+05:30,23814.6,23871.6,23812.95,23831.15
2025-04-17T13:15:00+05:30,23787.85,23819.15,23761.7,23816.45
2025-04-17T12:45:00+05:30,23712.05,23789.25,23703.3,23788.65
2025-04-17T12:15:00+05:30,23634.25,23717.05,23623,23712.35
2025-04-17T11:45:00+05:30,23598.85,23648.05,23567.4,23634.45
2025-04-17T11:15:00+05:30,23440.95,23615.45,23439.35,23596.5
2025-04-17T10:45:00+05:30,23421.8,23444.95,23369.15,23440.1
2025-04-17T10:15:00+05:30,23352.75,23426.95,23342.3,23421.95
2025-04-17T09:45:00+05:30,23397.1,23434.6,23341.05,23353.4
2025-04-17T09:15:00+05:30,23401.85,23406.6,23298.55,23397.65
2025-04-16T15:15:00+05:30,23424.3,23452.2,23420.85,23433.3
2025-04-16T14:45:00+05:30,23414.4,23439.2,23408.7,23424.55
2025-04-16T14:15:00+05:30,23429.95,23430.45,23395.7,23414.65
2025-04-16T13:45:00+05:30,23305.65,23430.95,23293.9,23430.5
2025-04-16T13:15:00+05:30,23356.95,23358.45,23286,23306.65
2025-04-16T12:45:00+05:30,23357.15,23357.8,23332.75,23357.3
2025-04-16T12:15:00+05:30,23341.1,23362.05,23335.9,23357.3
2025-04-16T11:45:00+05:30,23333.3,23349.6,23325,23341.2
2025-04-16T11:15:00+05:30,23319.4,23336.35,23316,23333.95
2025-04-16T10:45:00+05:30,23300.25,23319.3,23273.05,23318.85
2025-04-16T10:15:00+05:30,23354.7,23358.95,23280.75,23300.2
2025-04-16T09:45:00+05:30,23357.2,23372.75,23343.3,23355.8
2025-04-16T09:15:00+05:30,23344.1,23360.45,23277,23357.7
2025-04-15T15:15:00+05:30,23320.95,23357.1,23319.75,23344.1
2025-04-15T14:45:00+05:30,23309.15,23328.05,23308.35,23321.2
2025-04-15T14:15:00+05:30,23326,23334.9,23308.35,23309.6
2025-04-15T13:45:00+05:30,23328.65,23335.5,23315.2,23326.05
2025-04-15T13:15:00+05:30,23337.4,23340.9,23324.95,23328.55
2025-04-15T12:45:00+05:30,23340.05,23350.65,23334.2,23337.7
2025-04-15T12:15:00+05:30,23332.55,23350.35,23328.25,23340.35
2025-04-15T11:45:00+05:30,23304.75,23334.5,23291.65,23332.55
2025-04-15T11:15:00+05:30,23295.65,23316.35,23292.2,23304.9
2025-04-15T10:45:00+05:30,23308.9,23316,23292.8,23295.15
2025-04-15T10:15:00+05:30,23311.95,23319.05,23298.2,23309.6
2025-04-15T09:45:00+05:30,23311.05,23330.65,23298.15,23312.1
2025-04-15T09:15:00+05:30,23368.35,23368.35,23207,23310.95
2025-04-11T15:15:00+05:30,22831.05,22855.55,22810.95,22844.5
2025-04-11T14:45:00+05:30,22806.2,22840.15,22804.15,22830.35
2025-04-11T14:15:00+05:30,22786.15,22805.8,22762,22804.75
2025-04-11T13:45:00+05:30,22875.9,22875.9,22770.4,22785.55
2025-04-11T13:15:00+05:30,22905.4,22908.45,22846.1,22875.1
2025-04-11T12:45:00+05:30,22893.7,22916.1,22885.4,22904.5
2025-04-11T12:15:00+05:30,22908.35,22923.9,22872.75,22893.25
2025-04-11T11:45:00+05:30,22874.85,22909.45,22860.25,22907.85
2025-04-11T11:15:00+05:30,22834.2,22896.1,22820.3,22874.9
2025-04-11T10:45:00+05:30,22784.5,22845.45,22760.75,22834.7
2025-04-11T10:15:00+05:30,22833.2,22843.3,22736.05,22784.35
2025-04-11T09:45:00+05:30,22849.45,22874.45,22807.8,22832.7
2025-04-11T09:15:00+05:30,22695.4,22859.35,22695.4,22849
2025-04-09T15:15:00+05:30,22402.9,22424.75,22393.45,22420.4
2025-04-09T14:45:00+05:30,22404.95,22407.5,22387.35,22402.7
2025-04-09T14:15:00+05:30,22402.4,22409.15,22398.75,22403.7
2025-04-09T13:45:00+05:30,22401.95,22413.25,22396.35,22402.25
2025-04-09T13:15:00+05:30,22431.8,22432.9,22396.85,22402.7
2025-04-09T12:45:00+05:30,22435.9,22442.55,22409.7,22432.1
2025-04-09T12:15:00+05:30,22431.55,22448.8,22415.15,22435.2
2025-04-09T11:45:00+05:30,22435.35,22435.35,22405.6,22432.15
2025-04-09T11:15:00+05:30,22374.3,22435.45,22368.7,22433
2025-04-09T10:45:00+05:30,22386.55,22410.2,22353.25,22374.55
2025-04-09T10:15:00+05:30,22370.25,22424.9,22366.2,22386.6
2025-04-09T09:45:00+05:30,22468.3,22468.7,22356.6,22371.2
2025-04-09T09:15:00+05:30,22460.3,22467.85,22357,22467.85
2025-04-08T15:15:00+05:30,22528.3,22555.75,22517.95,22547.2
2025-04-08T14:45:00+05:30,22568.4,22602.75,22517.15,22528.4
2025-04-08T14:15:00+05:30,22602.15,22664.9,22554.7,22569.15
2025-04-08T13:45:00+05:30,22586.5,22610.95,22461.75,22598.4
2025-04-08T13:15:00+05:30,22666.3,22697.2,22528.7,22587.2
2025-04-08T12:45:00+05:30,22646.55,22672.4,22609.75,22666.4
2025-04-08T12:15:00+05:30,22554.3,22666.2,22506.05,22643.95
2025-04-08T11:45:00+05:30,22357.8,22552.3,22353.65,22552.3
2025-04-08T11:15:00+05:30,22436.15,22455.2,22319.4,22357.35
2025-04-08T10:45:00+05:30,22292.1,22489.95,22270.85,22436.55
2025-04-08T10:15:00+05:30,22384.55,22432.6,22275.6,22292.65
2025-04-08T09:45:00+05:30,22479.05,22521.4,22378.15,22383.95
2025-04-08T09:15:00+05:30,22446.75,22577.55,22446.75,22479.3
2025-04-07T15:15:00+05:30,22184.3,22254,22134.65,22238
2025-04-07T14:45:00+05:30,22001.25,22210.85,22001.25,22184.65
2025-04-07T14:15:00+05:30,21998.9,22080.85,21973.4,22000.2
2025-04-07T13:45:00+05:30,21978.75,22037.8,21964.85,21997.7
2025-04-07T13:15:00+05:30,21860.85,21991.2,21814.35,21977.8
2025-04-07T12:45:00+05:30,21894.75,21943.25,21841.65,21859.65
2025-04-07T12:15:00+05:30,21890.15,21898.9,21796.9,21896.1
2025-04-07T11:45:00+05:30,22001.3,22004.85,21886.15,21890.95
2025-04-07T11:15:00+05:30,21985.8,22069.5,21949.3,22002.05
2025-04-07T10:45:00+05:30,22009.2,22082.7,21976.4,21986.3
2025-04-07T10:15:00+05:30,21916,22021.65,21898.3,22007.55
2025-04-07T09:45:00+05:30,22023.35,22050.65,21911.05,21918.15
2025-04-07T09:15:00+05:30,21758.4,22190,21743.65,22021.7
2025-04-04T15:15:00+05:30,22909.45,22920.6,22896.45,22912.05
2025-04-04T14:45:00+05:30,22873.65,22921.55,22857.45,22911
2025-04-04T14:15:00+05:30,22908.6,22918.8,22867.9,22872.4
2025-04-04T13:45:00+05:30,22902.15,22913.8,22874.4,22909.6
2025-04-04T13:15:00+05:30,22938.15,22966.75,22894.95,22903.05
2025-04-04T12:45:00+05:30,22964.35,22974.05,22937.2,22938.05
2025-04-04T12:15:00+05:30,22965.35,22991.6,22944.4,22964.45
2025-04-04T11:45:00+05:30,22971.2,22979.1,22944.75,22965.3
2025-04-04T11:15:00+05:30,23013.75,23026.2,22961.75,22970.1
2025-04-04T10:45:00+05:30,22958.95,23029.9,22949.4,23013.05
2025-04-04T10:15:00+05:30,22941.7,22979.9,22921.6,22960.8
2025-04-04T09:45:00+05:30,23063.75,23074.25,22940.95,22941.95
2025-04-04T09:15:00+05:30,23190.4,23214.7,23029.4,23062.25
2025-04-03T15:15:00+05:30,23253.75,23255.75,23236.4,23241.6
2025-04-03T14:45:00+05:30,23254.65,23259.5,23240.8,23253.05
2025-04-03T14:15:00+05:30,23254.8,23271.55,23244.45,23254.35
2025-04-03T13:45:00+05:30,23264.05,23274.85,23253.95,23255.3
2025-04-03T13:15:00+05:30,23260.35,23278.4,23254.95,23264.65
2025-04-03T12:45:00+05:30,23259.35,23272.85,23250.6,23258.95
2025-04-03T12:15:00+05:30,23275.95,23279.8,23256.3,23258.35
2025-04-03T11:45:00+05:30,23282.75,23294.75,23272.85,23273.5
2025-04-03T11:15:00+05:30,23279.35,23284.2,23248.9,23283.05
2025-04-03T10:45:00+05:30,23289.05,23292.75,23260.1,23278.95
2025-04-03T10:15:00+05:30,23278.3,23306.5,23253.4,23287.75
2025-04-03T09:45:00+05:30,23243.4,23282.45,23214.9,23277.6
2025-04-03T09:15:00+05:30,23150.3,23280.8,23145.8,23244.8
2025-04-02T15:15:00+05:30,23338,23342,23324.6,23330.8
2025-04-02T14:45:00+05:30,23309.65,23350,23285.25,23337.75
2025-04-02T14:15:00+05:30,23279.1,23314.5,23276.6,23308.75
2025-04-02T13:45:00+05:30,23274.8,23298.9,23254.75,23278.3
2025-04-02T13:15:00+05:30,23287.9,23307,23273.85,23274.6
2025-04-02T12:45:00+05:30,23286.3,23296.9,23238.95,23287.65
2025-04-02T12:15:00+05:30,23281.25,23300,23269.5,23286.15
2025-04-02T11:45:00+05:30,23259.3,23285.95,23247.5,23281.45
2025-04-02T11:15:00+05:30,23287.55,23295.3,23246.15,23259.05
2025-04-02T10:45:00+05:30,23264.4,23311.9,23264.3,23287.5
2025-04-02T10:15:00+05:30,23238.15,23285.1,23224.6,23264.6
2025-04-02T09:45:00+05:30,23233.45,23250.55,23183.25,23238.85
2025-04-02T09:15:00+05:30,23192.6,23293.65,23158.45,23234
2025-04-01T15:15:00+05:30,23174.9,23182.3,23151.8,23179.7
2025-04-01T14:45:00+05:30,23161.35,23180.35,23151.65,23174.5
2025-04-01T14:15:00+05:30,23163.1,23171.25,23137.45,23161.65
2025-04-01T13:45:00+05:30,23171.3,23186.8,23150.3,23161.55
2025-04-01T13:15:00+05:30,23192.15,23195.15,23136.4,23171.1
2025-04-01T12:45:00+05:30,23227.55,23233.2,23174.3,23192.45
2025-04-01T12:15:00+05:30,23209.25,23252.25,23202,23228.05
2025-04-01T11:45:00+05:30,23199.1,23216.25,23173.1,23209.9
2025-04-01T11:15:00+05:30,23229,23258.8,23183.55,23200.1
2025-04-01T10:45:00+05:30,23320.65,23339.35,23221.15,23228.95
2025-04-01T10:15:00+05:30,23455.6,23483.7,23276.1,23319.95
2025-04-01T09:45:00+05:30,23544.45,23553.3,23448.2,23456.1
2025-04-01T09:15:00+05:30,23341.1,23565.15,23339.1,23545.1
2025-03-28T15:15:00+05:30,23544.25,23545.3,23450.2,23495.15
2025-03-28T14:45:00+05:30,23594.25,23612.05,23520.1,23543.65
2025-03-28T14:15:00+05:30,23501.45,23597.1,23493.7,23594.5
2025-03-28T13:45:00+05:30,23485.3,23505.25,23451.3,23503.3
2025-03-28T13:15:00+05:30,23499.6,23522.5,23481.15,23486.55
2025-03-28T12:45:00+05:30,23500.75,23532.6,23471.1,23499.55
2025-03-28T12:15:00+05:30,23596.55,23598.15,23483.85,23500.65
2025-03-28T11:45:00+05:30,23568.6,23604.55,23561.7,23596.45
2025-03-28T11:15:00+05:30,23581.7,23601.25,23563,23569.05
2025-03-28T10:45:00+05:30,23614.65,23649.2,23580.6,23581.3
2025-03-28T10:15:00+05:30,23524.15,23635.3,23519,23613.05
2025-03-28T09:45:00+05:30,23521.45,23565.85,23509.7,23524.15
2025-03-28T09:15:00+05:30,23600.4,23629.7,23504.95,23520.9
2025-03-27T15:15:00+05:30,23588.65,23646.45,23576.45,23601.05
2025-03-27T14:45:00+05:30,23603.55,23620.4,23572.1,23589.25
2025-03-27T14:15:00+05:30,23610.1,23614.25,23582.2,23603.4
2025-03-27T13:45:00+05:30,23605.3,23616.8,23595.95,23609.1
2025-03-27T13:15:00+05:30,23586.4,23607.6,23581.8,23605.6
2025-03-27T12:45:00+05:30,23595.85,23607.55,23586.55,23586.6
2025-03-27T12:15:00+05:30,23600.15,23602.95,23574.85,23599.7
2025-03-27T11:45:00+05:30,23611.5,23615.25,23581.6,23600.5
2025-03-27T11:15:00+05:30,23603.05,23614.3,23580.15,23611.5
2025-03-27T10:45:00+05:30,23582.6,23605.65,23559.8,23602.9
2025-03-27T10:15:00+05:30,23599.55,23626.75,23575.15,23583.3
2025-03-27T09:45:00+05:30,23553.5,23618.65,23520.6,23600.35
2025-03-27T09:15:00+05:30,23433.95,23562.1,23412.2,23554.7
2025-03-26T15:15:00+05:30,23501.4,23501.75,23464.3,23464.3
2025-03-26T14:45:00+05:30,23524.7,23536.95,23451.7,23501.45
2025-03-26T14:15:00+05:30,23550.5,23562.25,23520.15,23525.3
2025-03-26T13:45:00+05:30,23517.5,23562.35,23500.6,23550.5
2025-03-26T13:15:00+05:30,23565.4,23575.95,23514.65,23516.85
2025-03-26T12:45:00+05:30,23623.9,23638.05,23550.85,23566.1
2025-03-26T12:15:00+05:30,23602.95,23626.45,23585.55,23624.2
2025-03-26T11:45:00+05:30,23640.65,23640.9,23572,23603.75
2025-03-26T11:15:00+05:30,23653.5,23671.9,23631.75,23641.35
2025-03-26T10:45:00+05:30,23672.4,23705.75,23629.55,23653
2025-03-26T10:15:00+05:30,23679.75,23720.2,23656.65,23670.85
2025-03-26T09:45:00+05:30,23645.75,23687.85,23614.7,23679.15
2025-03-26T09:15:00+05:30,23700.95,23736.5,23641.4,23646.2
2025-03-25T15:15:00+05:30,23670.6,23675.3,23601.4,23605.95
2025-03-25T14:45:00+05:30,23696.2,23710.55,23661.7,23670.3
2025-03-25T14:15:00+05:30,23739.05,23744.6,23695.55,23695.9
2025-03-25T13:45:00+05:30,23710.8,23744.1,23703.75,23739.9
2025-03-25T13:15:00+05:30,23676.35,23719.05,23644.3,23711.6
2025-03-25T12:45:00+05:30,23696.9,23705.35,23668,23676
2025-03-25T12:15:00+05:30,23693.55,23699.4,23653.65,23696.9
2025-03-25T11:45:00+05:30,23641.9,23730,23627.55,23693.15
2025-03-25T11:15:00+05:30,23701,23722.65,23631.5,23642.55
2025-03-25T10:45:00+05:30,23763,23768.15,23656.4,23701.1
2025-03-25T10:15:00+05:30,23769.35,23826.35,23705.9,23761.1
2025-03-25T09:45:00+05:30,23788,23869.6,23770.4,23770.4
2025-03-25T09:15:00+05:30,23751.5,23797.65,23664.9,23788.1
2025-03-24T15:15:00+05:30,23651.9,23681.25,23651.9,23674.15
2025-03-24T14:45:00+05:30,23668.8,23683.2,23629.9,23652.9
2025-03-24T14:15:00+05:30,23687.3,23708.75,23664.8,23668.65
2025-03-24T13:45:00+05:30,23650.7,23691.35,23628.55,23687.35
2025-03-24T13:15:00+05:30,23654.3,23666.85,23648.3,23650.45
2025-03-24T12:45:00+05:30,23636.9,23656.6,23613.25,23654.65
2025-03-24T12:15:00+05:30,23627.4,23650.4,23625.1,23636.6
2025-03-24T11:45:00+05:30,23589.95,23630.5,23589.65,23628.05
2025-03-24T11:15:00+05:30,23614.2,23643,23579.5,23590.2
2025-03-24T10:45:00+05:30,23577.4,23638.9,23573.1,23614.1
2025-03-24T10:15:00+05:30,23544.15,23590.4,23536.2,23576.45
2025-03-24T09:45:00+05:30,23475.3,23559.9,23471.9,23544.05
2025-03-24T09:15:00+05:30,23515.4,23519.7,23433.5,23472.9
2025-03-21T15:15:00+05:30,23348.7,23373.55,23339.1,23355.65
2025-03-21T14:45:00+05:30,23349.95,23360.45,23330.3,23348.8
2025-03-21T14:15:00+05:30,23335.1,23379.8,23334.75,23351.85
2025-03-21T13:45:00+05:30,23333.95,23352.2,23277.05,23335.95
2025-03-21T13:15:00+05:30,23371.05,23386.8,23313.05,23334.45
2025-03-21T12:45:00+05:30,23387.95,23402.7,23366.95,23371.15
2025-03-21T12:15:00+05:30,23355.85,23392.85,23350.8,23388.3
2025-03-21T11:45:00+05:30,23334.05,23368.9,23331.55,23356.5
2025-03-21T11:15:00+05:30,23331.15,23370.85,23326.5,23336.25
2025-03-21T10:45:00+05:30,23309.6,23357.7,23306.15,23331.15
2025-03-21T10:15:00+05:30,23257.2,23319.05,23247.9,23309.3
2025-03-21T09:45:00+05:30,23273.7,23275.2,23240.95,23257.3
2025-03-21T09:15:00+05:30,23168.25,23276.7,23132.8,23273.85
2025-03-20T15:15:00+05:30,23183.95,23190.75,23162.25,23165.7
2025-03-20T14:45:00+05:30,23195.2,23214.75,23183.5,23183.85
2025-03-20T14:15:00+05:30,23183.2,23216.7,23171.3,23195
2025-03-20T13:45:00+05:30,23177.45,23206.55,23166.95,23182.4
2025-03-20T13:15:00+05:30,23143.55,23185.1,23132.7,23177.7
2025-03-20T12:45:00+05:30,23093.75,23146.2,23088.85,23143.35
2025-03-20T12:15:00+05:30,23072.9,23095.8,23071.7,23093.7
2025-03-20T11:45:00+05:30,23057.1,23074.4,23052.55,23072.55
2025-03-20T11:15:00+05:30,23063.95,23067.55,23042.65,23057.5
2025-03-20T10:45:00+05:30,23035.75,23068.25,23021.6,23063.55
2025-03-20T10:15:00+05:30,22987.3,23059.1,22982.05,23035.95
2025-03-20T09:45:00+05:30,23054.25,23055.45,22973.95,22987.65
2025-03-20T09:15:00+05:30,23036.6,23071.1,22994.4,23053.55
2025-03-19T15:15:00+05:30,22912.3,22917.7,22895.9,22911.8
2025-03-19T14:45:00+05:30,22934.8,22937.7,22905.45,22911.55
2025-03-19T14:15:00+05:30,22909.35,22937.4,22905.3,22933.8
2025-03-19T13:45:00+05:30,22918.15,22923.7,22899.35,22908.75
2025-03-19T13:15:00+05:30,22904.6,22928.15,22898.55,22917.45
2025-03-19T12:45:00+05:30,22906.85,22940.7,22882.8,22903.9
2025-03-19T12:15:00+05:30,22887.65,22915.25,22885.55,22906.6
2025-03-19T11:45:00+05:30,22889.1,22907.15,22875.45,22887.15
2025-03-19T11:15:00+05:30,22902.5,22905.65,22881.45,22888.75
2025-03-19T10:45:00+05:30,22907.9,22914.45,22865.3,22902.5
2025-03-19T10:15:00+05:30,22864.05,22910.55,22864.05,22907.9
2025-03-19T09:45:00+05:30,22857.8,22879.7,22840.45,22864.1
2025-03-19T09:15:00+05:30,22874.95,22888.3,22807.95,22857.65
2025-03-18T15:15:00+05:30,22842.1,22857.8,22833.95,22848.75
2025-03-18T14:45:00+05:30,22794.85,22845.95,22793.05,22842.95
2025-03-18T14:15:00+05:30,22775.45,22797,22770.35,22794.15
2025-03-18T13:45:00+05:30,22784.95,22798.3,22772.65,22774.35
2025-03-18T13:15:00+05:30,22762.4,22787.15,22758.6,22783.3
2025-03-18T12:45:00+05:30,22704.95,22762.85,22697.75,22761.2
2025-03-18T12:15:00+05:30,22769.85,22770.4,22702.7,22703.9
2025-03-18T11:45:00+05:30,22765.45,22781.4,22759.05,22769.65
2025-03-18T11:15:00+05:30,22757.2,22780.65,22741.9,22765.65
2025-03-18T10:45:00+05:30,22773.85,22774.1,22739.65,22757.05
2025-03-18T10:15:00+05:30,22746.5,22774.65,22729.4,22773.4
2025-03-18T09:45:00+05:30,22681.15,22751.65,22665.55,22745.35
2025-03-18T09:15:00+05:30,22662.25,22703.4,22599.2,22681.35
2025-03-17T15:15:00+05:30,22510.65,22520.5,22506.25,22515.25
2025-03-17T14:45:00+05:30,22489.2,22522.7,22487.6,22510.5
2025-03-17T14:15:00+05:30,22520.85,22527.85,22481.75,22489.55
2025-03-17T13:45:00+05:30,22493.75,22528.6,22473.8,22520.65
2025-03-17T13:15:00+05:30,22467.7,22499.45,22466.45,22493.1
2025-03-17T12:45:00+05:30,22467.1,22469.75,22445.2,22467.6
2025-03-17T12:15:00+05:30,22509.55,22509.55,22442,22466.9
2025-03-17T11:45:00+05:30,22517.4,22522.15,22483.3,22510.1
2025-03-17T11:15:00+05:30,22477.9,22530.7,22470.85,22517.7
2025-03-17T10:45:00+05:30,22473,22505.8,22472.9,22477.55
2025-03-17T10:15:00+05:30,22513.3,22513.45,22455.4,22472.45
2025-03-17T09:45:00+05:30,22553.75,22560.4,22512.75,22513.4
2025-03-17T09:15:00+05:30,22353.15,22577,22353.15,22553.2
2025-03-13T15:15:00+05:30,22399.5,22412.75,22379.45,22383.3
2025-03-13T14:45:00+05:30,22406.6,22409.2,22377.35,22399.6
2025-03-13T14:15:00+05:30,22432.35,22434.9,22394.65,22406.15
2025-03-13T13:45:00+05:30,22442.55,22453.5,22420.65,22432.3
2025-03-13T13:15:00+05:30,22429.15,22451.65,22419.75,22442.75
2025-03-13T12:45:00+05:30,22449.75,22462.05,22425.95,22429.8
2025-03-13T12:15:00+05:30,22442.75,22451.65,22425.75,22450.35
2025-03-13T11:45:00+05:30,22434.6,22447.1,22403.15,22443.2
2025-03-13T11:15:00+05:30,22520.05,22520.65,22416.95,22433.5
2025-03-13T10:45:00+05:30,22523.75,22524.7,22478.3,22519.65
2025-03-13T10:15:00+05:30,22545.1,22558.05,22515.25,22523.8
2025-03-13T09:45:00+05:30,22489.6,22547.45,22482.1,22545.1
2025-03-13T09:15:00+05:30,22541.5,22556,22460.4,22490.15
2025-03-12T15:15:00+05:30,22474.05,22474.05,22452.75,22468.5
2025-03-12T14:45:00+05:30,22442.45,22494.1,22441.6,22473.75
2025-03-12T14:15:00+05:30,22436.9,22475.15,22432.6,22442.75
2025-03-12T13:45:00+05:30,22410.65,22440.5,22392.05,22437
2025-03-12T13:15:00+05:30,22402.95,22445.3,22400.95,22411.2
2025-03-12T12:45:00+05:30,22346.95,22405.85,22331.75,22402.2
2025-03-12T12:15:00+05:30,22367.55,22384.8,22344.75,22347
2025-03-12T11:45:00+05:30,22350.85,22368.1,22329.55,22367.2
2025-03-12T11:15:00+05:30,22416.3,22420.5,22340.7,22350.7
2025-03-12T10:45:00+05:30,22449.45,22454.55,22394.95,22416.45
2025-03-12T10:15:00+05:30,22423.75,22460.85,22410.15,22450.3
2025-03-12T09:45:00+05:30,22480.4,22514.1,22417.55,22425.2
2025-03-12T09:15:00+05:30,22536.35,22577.4,22450.1,22481
2025-03-11T15:15:00+05:30,22499.85,22522.1,22490.75,22520.5
2025-03-11T14:45:00+05:30,22487.65,22512.55,22469.35,22499.5
2025-03-11T14:15:00+05:30,22501.6,22516,22483.55,22487
2025-03-11T13:45:00+05:30,22473.3,22510.1,22471.55,22501.55
2025-03-11T13:15:00+05:30,22446.1,22477.05,22437.65,22473.55
2025-03-11T12:45:00+05:30,22463.65,22465.9,22435.2,22446.7
2025-03-11T12:15:00+05:30,22437.6,22466.4,22430.3,22463.9
2025-03-11T11:45:00+05:30,22432.3,22448,22421.45,22437.7
2025-03-11T11:15:00+05:30,22452.55,22455.2,22415.55,22432.2
2025-03-11T10:45:00+05:30,22440.75,22485.85,22419.4,22452.3
2025-03-11T10:15:00+05:30,22422.45,22449.35,22397.25,22441
2025-03-11T09:45:00+05:30,22363.75,22426.35,22354,22422.55
2025-03-11T09:15:00+05:30,22345.95,22395.95,22314.7,22362.65
2025-03-10T15:15:00+05:30,22470.2,22472.55,22436.4,22441.1
2025-03-10T14:45:00+05:30,22436.3,22479.35,22429.05,22469.65
2025-03-10T14:15:00+05:30,22548.7,22549.1,22429.65,22436.75
2025-03-10T13:45:00+05:30,22564.95,22565.6,22532.9,22548.6
2025-03-10T13:15:00+05:30,22601.55,22602.2,22562.95,22565.2
2025-03-10T12:45:00+05:30,22588.25,22619.3,22577.75,22601.8
2025-03-10T12:15:00+05:30,22587.45,22600.85,22563.35,22587.95
2025-03-10T11:45:00+05:30,22636.95,22638.35,22582.35,22587.5
2025-03-10T11:15:00+05:30,22617.15,22645.35,22606.55,22637.2
2025-03-10T10:45:00+05:30,22643,22650.5,22609.85,22616.9
2025-03-10T10:15:00+05:30,22631.75,22644.65,22603.8,22643.3
2025-03-10T09:45:00+05:30,22654.15,22676.75,22624.8,22631.75
2025-03-10T09:15:00+05:30,22521.85,22654.85,22498.65,22653.85
2025-03-07T15:15:00+05:30,22557.55,22557.7,22530.35,22536.95
2025-03-07T14:45:00+05:30,22589.75,22607.65,22556.65,22556.85
2025-03-07T14:15:00+05:30,22554,22595.7,22550.75,22590.1
2025-03-07T13:45:00+05:30,22567.15,22569,22522.7,22553.6
2025-03-07T13:15:00+05:30,22539.65,22576,22539.3,22568.35
2025-03-07T12:45:00+05:30,22576.7,22577.35,22530.3,22539.2
2025-03-07T12:15:00+05:30,22526.3,22583.3,22509.05,22577
2025-03-07T11:45:00+05:30,22599.3,22600.15,22516.1,22526.85
2025-03-07T11:15:00+05:30,22614.05,22633.8,22585.7,22599.1
2025-03-07T10:45:00+05:30,22591,22619.8,22567.85,22615.2
2025-03-07T10:15:00+05:30,22607.95,22625.5,22577.8,22591.1
2025-03-07T09:45:00+05:30,22497.1,22606.4,22470.8,22605.7
2025-03-07T09:15:00+05:30,22508.65,22572.85,22464.75,22497.3
2025-03-06T15:15:00+05:30,22548.15,22553.35,22520.6,22529.2
2025-03-06T14:45:00+05:30,22537.75,22556.45,22524.1,22547.85
2025-03-06T14:15:00+05:30,22508.7,22543.65,22491.15,22539
2025-03-06T13:45:00+05:30,22485.2,22528.95,22484.4,22509.2
2025-03-06T13:15:00+05:30,22466.85,22492.85,22451.55,22484.6
2025-03-06T12:45:00+05:30,22447.5,22485.9,22430.65,22466.15
2025-03-06T12:15:00+05:30,22411.6,22462.2,22408.1,22447.2
2025-03-06T11:45:00+05:30,22374.3,22427,22374.2,22412.45
2025-03-06T11:15:00+05:30,22436.15,22438.8,22319.95,22374.55
2025-03-06T10:45:00+05:30,22366.35,22455.55,22354.05,22436.25
2025-03-06T10:15:00+05:30,22330.9,22377.8,22322.95,22366.5
2025-03-06T09:45:00+05:30,22315.25,22364.8,22245.85,22331.6
2025-03-06T09:15:00+05:30,22476.35,22491.3,22297.9,22315.15
2025-03-05T15:15:00+05:30,22335.15,22351.25,22326.35,22346.65
2025-03-05T14:45:00+05:30,22337.6,22353.85,22324.6,22335
2025-03-05T14:15:00+05:30,22326.7,22343.45,22292.3,22337.9
2025-03-05T13:45:00+05:30,22313.85,22338.75,22310.7,22326.8
2025-03-05T13:15:00+05:30,22348.4,22363.05,22301.75,22313.8
2025-03-05T12:45:00+05:30,22373.05,22377.65,22333.1,22348.8
2025-03-05T12:15:00+05:30,22361.9,22394.9,22347.7,22372.3
2025-03-05T11:45:00+05:30,22336.75,22375.05,22336.45,22362.1
2025-03-05T11:15:00+05:30,22282.65,22337.4,22277,22337.1
2025-03-05T10:45:00+05:30,22283.15,22296.35,22266.6,22282.35
2025-03-05T10:15:00+05:30,22238.7,22284.7,22211.1,22282.7
2025-03-05T09:45:00+05:30,22237.6,22265.15,22227.2,22239
2025-03-05T09:15:00+05:30,22073.05,22250.2,22067.8,22237.6
2025-03-04T15:15:00+05:30,22082.6,22090.95,22064.7,22080.3
2025-03-04T14:45:00+05:30,22083.5,22104.65,22074.85,22082.05
2025-03-04T14:15:00+05:30,22088.55,22100.35,22075.2,22083.1
2025-03-04T13:45:00+05:30,22057.6,22105.05,22047.35,22087.6
2025-03-04T13:15:00+05:30,22056.6,22068.75,22039.6,22058.65
2025-03-04T12:45:00+05:30,22064,22073.3,22035.05,22056.35
2025-03-04T12:15:00+05:30,22058.2,22075.35,22049.65,22064.25
2025-03-04T11:45:00+05:30,22069.4,22074.5,22047.95,22058
2025-03-04T11:15:00+05:30,22083.1,22086.35,22063.2,22070.2
2025-03-04T10:45:00+05:30,22052.9,22104.25,22051.3,22083.7
2025-03-04T10:15:00+05:30,22049.25,22077.2,22048.15,22052.65
2025-03-04T09:45:00+05:30,22039.2,22091.05,22013.6,22049.95
2025-03-04T09:15:00+05:30,21974.45,22069.35,21964.6,22041.4
2025-03-03T15:15:00+05:30,22117.2,22146.55,22110.1,22143.15
2025-03-03T14:45:00+05:30,22142.7,22144.75,22099.2,22117.25
2025-03-03T14:15:00+05:30,22124.45,22153.55,22092.3,22138.65
2025-03-03T13:45:00+05:30,22121.3,22149.75,22071.9,22120.85
2025-03-03T13:15:00+05:30,22154.95,22174.15,22092.45,22119.1
2025-03-03T12:45:00+05:30,22105.85,22155.05,22105,22154.8
2025-03-03T12:15:00+05:30,22054.55,22110.95,22037.1,22105.45
2025-03-03T11:45:00+05:30,22017.05,22055.85,22006.7,22054.75
2025-03-03T11:15:00+05:30,22030.55,22044.25,22004.7,22016.85
2025-03-03T10:45:00+05:30,22044.4,22080.55,22005.7,22031.6
2025-03-03T10:15:00+05:30,22025.55,22104.2,22022.8,22046
2025-03-03T09:45:00+05:30,22130.1,22133,22012.25,22024.9
2025-03-03T09:15:00+05:30,22194.55,22261.55,22127.5,22130.35
2025-02-28T15:15:00+05:30,22124.85,22127.65,22104.85,22127.4
2025-02-28T14:45:00+05:30,22172.3,22198.75,22117.25,22124.65
2025-02-28T14:15:00+05:30,22138.15,22173.3,22123.55,22173.3
2025-02-28T13:45:00+05:30,22122.05,22163.8,22114.85,22138.5
2025-02-28T13:15:00+05:30,22127.75,22145,22111.55,22123.45
2025-02-28T12:45:00+05:30,22169.25,22180.45,22105.15,22127.85
2025-02-28T12:15:00+05:30,22221.75,22253.75,22167.4,22169.1
2025-02-28T11:45:00+05:30,22240.9,22246.25,22217.5,22222.55
2025-02-28T11:15:00+05:30,22246.4,22280,22238.1,22240.4
2025-02-28T10:45:00+05:30,22288.25,22294.1,22240.2,22246.25
2025-02-28T10:15:00+05:30,22261.8,22300.5,22258.55,22288.65
2025-02-28T09:45:00+05:30,22261.15,22282.3,22224.1,22262.15
2025-02-28T09:15:00+05:30,22433.4,22450.35,22249.1,22261.7
2025-02-27T15:15:00+05:30,22542.35,22548.8,22508.4,22510.85
2025-02-27T14:45:00+05:30,22547.3,22556.9,22539.05,22542.7
2025-02-27T14:15:00+05:30,22544.9,22553.75,22534.85,22546.45
2025-02-27T13:45:00+05:30,22539.7,22550.45,22532.15,22544.1
2025-02-27T13:15:00+05:30,22528.75,22542.6,22525.95,22538.8
2025-02-27T12:45:00+05:30,22527.7,22537.65,22526.1,22527.8
2025-02-27T12:15:00+05:30,22526.9,22534.1,22516.15,22526.8
2025-02-27T11:45:00+05:30,22530.95,22537.45,22519.6,22526.65
2025-02-27T11:15:00+05:30,22549.35,22557.25,22528.3,22531.45
2025-02-27T10:45:00+05:30,22553.7,22564.7,22540.8,22548.95
2025-02-27T10:15:00+05:30,22542.9,22554.95,22526.4,22553.4
2025-02-27T09:45:00+05:30,22560.25,22570,22530,22542.3
2025-02-27T09:15:00+05:30,22568.95,22613.3,22535.05,22560.2
2025-02-25T15:15:00+05:30,22554.55,22559.95,22513.9,22526.3
2025-02-25T14:45:00+05:30,22580.5,22583.25,22546.25,22552.4
2025-02-25T14:15:00+05:30,22582.3,22585.95,22573.95,22580.65
2025-02-25T13:45:00+05:30,22585.65,22595.9,22575.1,22582.05
2025-02-25T13:15:00+05:30,22592.9,22595.35,22571.25,22587.15
2025-02-25T12:45:00+05:30,22567.65,22600.4,22566.95,22592.75
2025-02-25T12:15:00+05:30,22572.4,22590.3,22566.05,22567.65
2025-02-25T11:45:00+05:30,22568.45,22581.15,22553,22572.65
2025-02-25T11:15:00+05:30,22566.2,22569.7,22544.85,22568.45
2025-02-25T10:45:00+05:30,22583,22585.7,22555.15,22566.45
2025-02-25T10:15:00+05:30,22598.35,22601.15,22565,22582.8
2025-02-25T09:45:00+05:30,22605,22625.3,22582.2,22597.5
2025-02-25T09:15:00+05:30,22516.45,22611.75,22516.45,22603.85
2025-02-24T15:15:00+05:30,22554.95,22563.05,22544.15,22548.85
2025-02-24T14:45:00+05:30,22573,22590.15,22545.3,22554.35
2025-02-24T14:15:00+05:30,22544.8,22576.45,22536.45,22571.9
2025-02-24T13:45:00+05:30,22533.25,22553.5,22518.8,22543.7
2025-02-24T13:15:00+05:30,22572.3,22580.35,22524.7,22532.95
2025-02-24T12:45:00+05:30,22564.45,22591,22562.15,22572.35
2025-02-24T12:15:00+05:30,22561.25,22583.9,22553.6,22564.55
2025-02-24T11:45:00+05:30,22610.35,22620.05,22559.35,22561.15
2025-02-24T11:15:00+05:30,22567.95,22611.85,22563.75,22610.1
2025-02-24T10:45:00+05:30,22554.7,22580.95,22550.1,22568.6
2025-02-24T10:15:00+05:30,22572.5,22580.9,22548.35,22554.55
2025-02-24T09:45:00+05:30,22571.65,22596.95,22560.3,22572.15
2025-02-24T09:15:00+05:30,22609.35,22668.05,22563.2,22570.75
2025-02-21T15:15:00+05:30,22810.2,22812.25,22763.2,22764.35
2025-02-21T14:45:00+05:30,22787.2,22812.7,22771.5,22810.75
2025-02-21T14:15:00+05:30,22778.6,22792.5,22760.05,22787.85
2025-02-21T13:45:00+05:30,22735.25,22781.85,22720.3,22778.9
2025-02-21T13:15:00+05:30,22775.3,22787.2,22721.8,22735.6
2025-02-21T12:45:00+05:30,22809.6,22818.45,22757.95,22776.7
2025-02-21T12:15:00+05:30,22786.2,22824.45,22783.2,22810.7
2025-02-21T11:45:00+05:30,22800.8,22809.6,22776.1,22786.3
2025-02-21T11:15:00+05:30,22768,22820.9,22746.8,22800.75
2025-02-21T10:45:00+05:30,22789.55,22797.95,22740.7,22767.95
2025-02-21T10:15:00+05:30,22760.2,22798,22733.3,22789.2
2025-02-21T09:45:00+05:30,22844.45,22852.95,22759.35,22760.65
2025-02-21T09:15:00+05:30,22857.2,22921,22839.75,22843.5
2025-02-20T15:15:00+05:30,22916.2,22920.8,22905,22906.25
2025-02-20T14:45:00+05:30,22913.15,22923.85,22896.95,22917.15
2025-02-20T14:15:00+05:30,22900.05,22916.6,22895.25,22912.65
2025-02-20T13:45:00+05:30,22906.3,22923,22893.8,22899.5
2025-02-20T13:15:00+05:30,22878.05,22907.3,22875.75,22906
2025-02-20T12:45:00+05:30,22899.6,22907.1,22870.55,22878.25
2025-02-20T12:15:00+05:30,22888.5,22908.8,22884.75,22899.8
2025-02-20T11:45:00+05:30,22903.45,22905.9,22879.05,22889.1
2025-02-20T11:15:00+05:30,22911.2,22914.1,22895,22903.6
2025-02-20T10:45:00+05:30,22884.25,22913.05,22875.1,22911.3
2025-02-20T10:15:00+05:30,22873.8,22909.75,22868.4,22883.2
2025-02-20T09:45:00+05:30,22881.1,22890.55,22812.75,22873.75
2025-02-20T09:15:00+05:30,22821.1,22898.1,22813.95,22881.25
2025-02-19T15:15:00+05:30,22940.05,22940.2,22912.35,22914.4
2025-02-19T14:45:00+05:30,22880.45,22949.15,22878.55,22939.95
2025-02-19T14:15:00+05:30,22950.55,22951.25,22858.8,22880.85
2025-02-19T13:45:00+05:30,22938.1,22953.65,22925.3,22950.8
2025-02-19T13:15:00+05:30,22938.75,22961.05,22921.25,22938.75
2025-02-19T12:45:00+05:30,22944,22954.05,22914.25,22938.85
2025-02-19T12:15:00+05:30,22998.7,23023.55,22933.3,22943.95
2025-02-19T11:45:00+05:30,22959.55,23011.4,22959.25,22999.35
2025-02-19T11:15:00+05:30,22972.3,22987.8,22946.4,22959.8
2025-02-19T10:45:00+05:30,23021,23028.1,22922.45,22972.1
2025-02-19T10:15:00+05:30,22986.4,23049.95,22986.4,23020.75
2025-02-19T09:45:00+05:30,22912.45,22996.2,22912.05,22985.6
2025-02-19T09:15:00+05:30,22847.25,22912.35,22814.85,22912.3
2025-02-18T15:15:00+05:30,22952.1,22952.1,22918.3,22923.15
2025-02-18T14:45:00+05:30,22945.7,22970.8,22925.8,22951.4
2025-02-18T14:15:00+05:30,22917.3,22952.7,22909.7,22947.05
2025-02-18T13:45:00+05:30,22922.8,22932.6,22890,22917.25
2025-02-18T13:15:00+05:30,22872.05,22934.3,22871.75,22921.45
2025-02-18T12:45:00+05:30,22878.35,22892.2,22839.95,22871.85
2025-02-18T12:15:00+05:30,22863.3,22909.55,22852.5,22877.65
2025-02-18T11:45:00+05:30,22866.45,22900.7,22830.8,22863.3
2025-02-18T11:15:00+05:30,22814.35,22867.15,22807.5,22866.7
2025-02-18T10:45:00+05:30,22840.5,22877.55,22801.5,22813.7
2025-02-18T10:15:00+05:30,22894.1,22909.05,22814.15,22841.45
2025-02-18T09:45:00+05:30,22924.4,22968.3,22893.25,22894.45
2025-02-18T09:15:00+05:30,22963.65,22992.5,22868.45,22924.45
2025-02-17T15:15:00+05:30,22970.5,22974.2,22954.8,22963.5
2025-02-17T14:45:00+05:30,22911.65,22970.75,22896.4,22970.65
2025-02-17T14:15:00+05:30,22887.1,22927,22883.3,22911.95
2025-02-17T13:45:00+05:30,22937.65,22949,22876.75,22886.5
2025-02-17T13:15:00+05:30,22838.6,22959.35,22834.1,22937.55
2025-02-17T12:45:00+05:30,22847.3,22899.8,22837.1,22837.85
2025-02-17T12:15:00+05:30,22824.1,22852.7,22796.2,22847.35
2025-02-17T11:45:00+05:30,22856.6,22889.5,22823.05,22823.7
2025-02-17T11:15:00+05:30,22806.2,22856.25,22799.8,22856.25
2025-02-17T10:45:00+05:30,22915.85,22926.65,22797.25,22805.7
2025-02-17T10:15:00+05:30,22757.35,22916.15,22750.75,22916.15
2025-02-17T09:45:00+05:30,22777,22810.2,22740.2,22756.85
2025-02-17T09:15:00+05:30,22809.9,22874.75,22725.45,22778.7
2025-02-14T15:15:00+05:30,22933.85,22935.6,22895.85,22897.25
2025-02-14T14:45:00+05:30,22961.15,22963.45,22893.6,22933.4
2025-02-14T14:15:00+05:30,22801.95,22966.45,22799.2,22961.3
2025-02-14T13:45:00+05:30,22813.05,22818.05,22775.95,22802.05
2025-02-14T13:15:00+05:30,22805.9,22850.15,22794.9,22812.1
2025-02-14T12:45:00+05:30,22835.65,22852.7,22774.85,22806.35
2025-02-14T12:15:00+05:30,22842.2,22866.95,22815.1,22835.95
2025-02-14T11:45:00+05:30,22902.5,22922.35,22818.6,22842.05
2025-02-14T11:15:00+05:30,22893.35,22902,22846.05,22901.15
2025-02-14T10:45:00+05:30,22923.9,22934.15,22843.3,22893.95
2025-02-14T10:15:00+05:30,23042.75,23082.25,22920.1,22924
2025-02-14T09:45:00+05:30,23042.9,23094.35,23016.8,23043
2025-02-14T09:15:00+05:30,23096.45,23133.7,23007.2,23043.2
2025-02-13T15:15:00+05:30,23030.4,23039.65,23014.4,23019.4
2025-02-13T14:45:00+05:30,23022.35,23063.8,23016.55,23030.15
2025-02-13T14:15:00+05:30,23063.65,23074.5,23004.7,23022.2
2025-02-13T13:45:00+05:30,23087.15,23102,23032.7,23063
2025-02-13T13:15:00+05:30,23152.75,23177.65,23054.55,23086.2
2025-02-13T12:45:00+05:30,23194.7,23206.55,23153.1,23153.1
2025-02-13T12:15:00+05:30,23195.7,23210,23176.15,23195.1
2025-02-13T11:45:00+05:30,23223.6,23235.5,23185.25,23195.8
2025-02-13T11:15:00+05:30,23181.4,23227,23179.8,23222.45
2025-02-13T10:45:00+05:30,23191.2,23205,23159.4,23181.3
2025-02-13T10:15:00+05:30,23172,23209,23131.75,23190.5
2025-02-13T09:45:00+05:30,23119.35,23192.5,23119.35,23171.7
2025-02-13T09:15:00+05:30,23055.75,23129.15,22992.2,23119.6
2025-02-12T15:15:00+05:30,23050.85,23063.2,23043.15,23057.8
2025-02-12T14:45:00+05:30,22990.75,23059.65,22968,23051.55
2025-02-12T14:15:00+05:30,23002.3,23030.6,22956.65,22991.45
2025-02-12T13:45:00+05:30,23101.45,23101.45,22964.55,23002.25
2025-02-12T13:15:00+05:30,23105.45,23144.7,23061.9,23100.15
2025-02-12T12:45:00+05:30,23045.6,23120,23045.6,23103.05
2025-02-12T12:15:00+05:30,23044.9,23087.6,22997.3,23042.45
2025-02-12T11:45:00+05:30,23010.15,23077.4,22973.4,23044.4
2025-02-12T11:15:00+05:30,22924.9,23009.55,22895.9,23009.55
2025-02-12T10:45:00+05:30,22869.6,22954.45,22867.5,22925.55
2025-02-12T10:15:00+05:30,22831.1,22925.6,22798.35,22866.65
2025-02-12T09:45:00+05:30,22911.95,22912.25,22814.5,22830.6
2025-02-12T09:15:00+05:30,23050.8,23097.95,22891.75,22911.8
2025-02-11T15:15:00+05:30,23074.25,23080.8,23060.4,23070.5
2025-02-11T14:45:00+05:30,23028.4,23118.4,23027.45,23073.4
2025-02-11T14:15:00+05:30,23052.7,23054.95,23006.4,23027.6
2025-02-11T13:45:00+05:30,23074.1,23081.6,22986.65,23052.65
2025-02-11T13:15:00+05:30,23031.05,23101.4,23022.45,23074.9
2025-02-11T12:45:00+05:30,23236.4,23239.4,23026.35,23031.2
2025-02-11T12:15:00+05:30,23252.85,23257.4,23233.6,23236.3
2025-02-11T11:45:00+05:30,23262.1,23265.45,23243.9,23253.15
2025-02-11T11:15:00+05:30,23279.7,23301.75,23248.45,23262.75
2025-02-11T10:45:00+05:30,23258.8,23287.9,23250.9,23280.05
2025-02-11T10:15:00+05:30,23276.5,23296.15,23258.6,23259.3
2025-02-11T09:45:00+05:30,23339.55,23343.35,23270.7,23277.3
2025-02-11T09:15:00+05:30,23383.55,23390.05,23295.75,23339.95
2025-02-10T15:15:00+05:30,23380.8,23387.15,23370.85,23376.05
2025-02-10T14:45:00+05:30,23370.95,23409.9,23360.1,23380.35
2025-02-10T14:15:00+05:30,23326.7,23392.2,23316.3,23370.25
2025-02-10T13:45:00+05:30,23346.45,23377,23325.05,23326.6
2025-02-10T13:15:00+05:30,23353.3,23356.05,23317.25,23346.45
2025-02-10T12:45:00+05:30,23363.4,23370.65,23344,23353.85
2025-02-10T12:15:00+05:30,23351.4,23371.25,23337.7,23363.85
2025-02-10T11:45:00+05:30,23387.95,23400.35,23338.2,23352.65
2025-02-10T11:15:00+05:30,23400.8,23403.3,23371.35,23388.6
2025-02-10T10:45:00+05:30,23396.55,23402.3,23365.4,23401.3
2025-02-10T10:15:00+05:30,23372.35,23406.15,23357.6,23397.2
2025-02-10T09:45:00+05:30,23408.4,23461.4,23366.1,23373.1
2025-02-10T09:15:00+05:30,23543.8,23568.6,23403.35,23408.25
2025-02-07T15:15:00+05:30,23574,23591.25,23557.35,23563.15
2025-02-07T14:45:00+05:30,23458.5,23574.75,23450.25,23573.7
2025-02-07T14:15:00+05:30,23460.95,23491.4,23443.2,23458.05
2025-02-07T13:45:00+05:30,23570.7,23576.75,23453.25,23461.05
2025-02-07T13:15:00+05:30,23547.85,23591.5,23544.9,23572.35
2025-02-07T12:45:00+05:30,23582.4,23588.6,23537.65,23547.7
2025-02-07T12:15:00+05:30,23572.35,23610.55,23564.65,23583.2
2025-02-07T11:45:00+05:30,23683.4,23690.9,23572.8,23573.9
2025-02-07T11:15:00+05:30,23616.25,23694.5,23613,23683.6
2025-02-07T10:45:00+05:30,23573.5,23629.25,23555.2,23615.95
2025-02-07T10:15:00+05:30,23611.8,23621.25,23493.6,23573.9
2025-02-07T09:45:00+05:30,23606.5,23664.1,23573.75,23612
2025-02-07T09:15:00+05:30,23649.5,23683.9,23566.85,23606.4
2025-02-06T15:15:00+05:30,23596.1,23633.7,23592.4,23628.05
2025-02-06T14:45:00+05:30,23575.25,23610.6,23567.2,23595.9
2025-02-06T14:15:00+05:30,23573.3,23583.55,23556.25,23575.75
2025-02-06T13:45:00+05:30,23588.3,23596.9,23562.25,23573
2025-02-06T13:15:00+05:30,23586.3,23603.75,23580.45,23588.75
2025-02-06T12:45:00+05:30,23606.7,23610.2,23575.1,23586.2
2025-02-06T12:15:00+05:30,23620.3,23629.25,23595.85,23607
2025-02-06T11:45:00+05:30,23611.35,23626.5,23603.1,23619.45
2025-02-06T11:15:00+05:30,23616.95,23616.95,23594.35,23612.55
2025-02-06T10:45:00+05:30,23647.35,23648.75,23604.75,23616.35
2025-02-06T10:15:00+05:30,23627.3,23656.9,23623.9,23646
2025-02-06T09:45:00+05:30,23661.2,23676.85,23618.55,23627.8
2025-02-06T09:15:00+05:30,23761.95,23773.55,23641.85,23660.2
2025-02-05T15:15:00+05:30,23695.2,23700.9,23685.1,23686.75
2025-02-05T14:45:00+05:30,23734.75,23735.4,23680.45,23695.85
2025-02-05T14:15:00+05:30,23743.55,23752.9,23731.95,23735.15
2025-02-05T13:45:00+05:30,23736.3,23774.5,23732.05,23743.1
2025-02-05T13:15:00+05:30,23756.55,23760.7,23732.7,23735.4
2025-02-05T12:45:00+05:30,23733.5,23756.35,23712.4,23755.9
2025-02-05T12:15:00+05:30,23733.2,23753.85,23727.4,23732.45
2025-02-05T11:45:00+05:30,23743.95,23759,23724.4,23732.55
2025-02-05T11:15:00+05:30,23732.4,23755.55,23713.55,23744.05
2025-02-05T10:45:00+05:30,23768.65,23786.3,23728.45,23733.1
2025-02-05T10:15:00+05:30,23745.75,23776.4,23728.85,23769.05
2025-02-05T09:45:00+05:30,23797.35,23798.25,23726.5,23746.4
2025-02-05T09:15:00+05:30,23801.75,23807.3,23750,23797.55
2025-02-04T15:15:00+05:30,23744.4,23745.55,23697.05,23707.7
2025-02-04T14:45:00+05:30,23702.05,23762.75,23684.6,23744
2025-02-04T14:15:00+05:30,23647.95,23708.35,23633.85,23701.15
2025-02-04T13:45:00+05:30,23668.2,23712.6,23627.25,23651.6
2025-02-04T13:15:00+05:30,23641.05,23697.1,23625.4,23670.55
2025-02-04T12:45:00+05:30,23590.1,23642.75,23580.8,23640.05
2025-02-04T12:15:00+05:30,23566.15,23613.6,23562.15,23590.85
2025-02-04T11:45:00+05:30,23540.75,23616.6,23527.25,23565.4
2025-02-04T11:15:00+05:30,23508.05,23559.1,23493.9,23540.2
2025-02-04T10:45:00+05:30,23460.4,23511.2,23436.25,23506.5
2025-02-04T10:15:00+05:30,23513.25,23534.5,23423.15,23459.2
2025-02-04T09:45:00+05:30,23572.2,23582,23504.1,23512.65
2025-02-04T09:15:00+05:30,23509.9,23573.75,23479.45,23572.4
2025-02-03T15:15:00+05:30,23367.2,23369.8,23349.95,23359.7
2025-02-03T14:45:00+05:30,23351.3,23381.6,23327,23366.9
2025-02-03T14:15:00+05:30,23346.8,23364.8,23337.55,23351.85
2025-02-03T13:45:00+05:30,23352.2,23362.6,23306.35,23346.6
2025-02-03T13:15:00+05:30,23360.8,23369.1,23323.25,23352.05
2025-02-03T12:45:00+05:30,23274.5,23361.9,23258.05,23360.7
2025-02-03T12:15:00+05:30,23299.5,23300.95,23266.2,23273.05
2025-02-03T11:45:00+05:30,23269.75,23306.3,23263.65,23299.85
2025-02-03T11:15:00+05:30,23322.3,23338.6,23253.1,23270.3
2025-02-03T10:45:00+05:30,23309.5,23328.35,23293.6,23322.65
2025-02-03T10:15:00+05:30,23262.5,23315.65,23239.7,23309.7
2025-02-03T09:45:00+05:30,23257.55,23277.35,23222,23263.7
2025-02-03T09:15:00+05:30,23319.35,23345.15,23239.15,23257.1
2025-02-01T15:15:00+05:30,23480.75,23499.75,23463.35,23495.3
2025-02-01T14:45:00+05:30,23475.05,23515.8,23473.95,23481.2
2025-02-01T14:15:00+05:30,23520.9,23547.95,23454.95,23471.55
2025-02-01T13:45:00+05:30,23496.65,23533.7,23472.85,23520.25
2025-02-01T13:15:00+05:30,23374.65,23495.05,23341.6,23495.05
2025-02-01T12:45:00+05:30,23418.75,23430.1,23323.1,23373.4
2025-02-01T12:15:00+05:30,23449.1,23549,23346.55,23418.45
2025-02-01T11:45:00+05:30,23628.25,23629.05,23364.1,23447.05
2025-02-01T11:15:00+05:30,23581.55,23632.45,23564.75,23627.25
2025-02-01T10:45:00+05:30,23583.7,23602.15,23530.8,23582.95
2025-02-01T10:15:00+05:30,23555.7,23595.8,23555.7,23581.7
2025-02-01T09:45:00+05:30,23558.8,23588.05,23532.55,23555.9
2025-02-01T09:15:00+05:30,23538.3,23595.45,23479.7,23558.85
2025-01-31T15:15:00+05:30,23513.85,23546.8,23498.25,23533.85
2025-01-31T14:45:00+05:30,23483.05,23518.05,23477.25,23515.15
2025-01-31T14:15:00+05:30,23446.8,23486.5,23422.6,23484.3
2025-01-31T13:45:00+05:30,23506.9,23512.75,23426.1,23447.85
2025-01-31T13:15:00+05:30,23500.05,23530.7,23492.3,23506.65
2025-01-31T12:45:00+05:30,23462.95,23502.7,23455.65,23500.1
2025-01-31T12:15:00+05:30,23444.5,23478.4,23426.05,23462.45
2025-01-31T11:45:00+05:30,23400.2,23449.15,23400,23444.2
2025-01-31T11:15:00+05:30,23422.4,23448.7,23388.45,23399.9
2025-01-31T10:45:00+05:30,23413.4,23444.55,23406.15,23422.8
2025-01-31T10:15:00+05:30,23340.2,23415.6,23331.7,23413.65
2025-01-31T09:45:00+05:30,23348.7,23403.75,23314.8,23340.2
2025-01-31T09:15:00+05:30,23296.75,23355.65,23277.4,23349.45
2025-01-30T15:15:00+05:30,23248.45,23322.05,23244.7,23297.95
2025-01-30T14:45:00+05:30,23175,23255.05,23148.8,23249.55
2025-01-30T14:15:00+05:30,23168.15,23193.2,23139.95,23174.6
2025-01-30T13:45:00+05:30,23227.3,23228.75,23141.9,23167.6
2025-01-30T13:15:00+05:30,23263.4,23268.45,23216.9,23224.5
2025-01-30T12:45:00+05:30,23275.5,23279.75,23249.6,23261.95
2025-01-30T12:15:00+05:30,23250.3,23289.9,23229.7,23274.95
2025-01-30T11:45:00+05:30,23245.8,23287.65,23242.1,23250.8
2025-01-30T11:15:00+05:30,23289.15,23301,23228.05,23244.85
2025-01-30T10:45:00+05:30,23296.9,23302.75,23224,23288.3
2025-01-30T10:15:00+05:30,23271.6,23311.15,23268.7,23295.65
2025-01-30T09:45:00+05:30,23204.15,23300.9,23200.65,23271.4
2025-01-30T09:15:00+05:30,23169.5,23215.55,23139.2,23204.15
2025-01-29T15:15:00+05:30,23160.3,23183.35,23153.85,23176.2
2025-01-29T14:45:00+05:30,23145.3,23164.05,23130.9,23159.35
2025-01-29T14:15:00+05:30,23174.55,23180.8,23115.1,23144.85
2025-01-29T13:45:00+05:30,23148.95,23181.35,23143,23174.05
2025-01-29T13:15:00+05:30,23113.05,23167.75,23109.9,23147.6
2025-01-29T12:45:00+05:30,23133.05,23146.2,23086.55,23112.8
2025-01-29T12:15:00+05:30,23121.1,23168.5,23112.65,23133.25
2025-01-29T11:45:00+05:30,23093.3,23128.8,23092.15,23120.95
2025-01-29T11:15:00+05:30,23084.75,23126.6,22984.15,23092.7
2025-01-29T10:45:00+05:30,23073.7,23125.85,23068.25,23085.4
2025-01-29T10:15:00+05:30,23067.55,23106.45,23053.8,23074.1
2025-01-29T09:45:00+05:30,23041.55,23097.3,23023.7,23067.15
2025-01-29T09:15:00+05:30,23026.75,23069.85,22976.5,23040.45
2025-01-28T15:15:00+05:30,22968.35,22984.5,22951.5,22976.3
2025-01-28T14:45:00+05:30,23129.85,23132.4,22909.25,22967.55
2025-01-28T14:15:00+05:30,23051.95,23137.95,23048.15,23129.35
2025-01-28T13:45:00+05:30,23035.85,23076.05,23034.75,23051.75
2025-01-28T13:15:00+05:30,23067.35,23073.8,23021.75,23037.9
2025-01-28T12:45:00+05:30,23009.4,23068.9,23009,23065.25
2025-01-28T12:15:00+05:30,23032.15,23049.25,22999.1,23008.85
2025-01-28T11:45:00+05:30,23006.95,23040.9,22986.4,23032.65
2025-01-28T11:15:00+05:30,22958.55,23033.5,22944.3,23007.3
2025-01-28T10:45:00+05:30,22882.35,22987.1,22877.8,22959.6
2025-01-28T10:15:00+05:30,22882.5,22918.85,22857.65,22884.05
2025-01-28T09:45:00+05:30,22876,22930.35,22859.7,22881.25
2025-01-28T09:15:00+05:30,22960.45,22973.45,22874.75,22877.9
2025-01-27T15:15:00+05:30,22835.5,22838.4,22814.35,22816.85
2025-01-27T14:45:00+05:30,22806.6,22843.3,22786.9,22835.7
2025-01-27T14:15:00+05:30,22835.1,22857.9,22799.7,22806.85
2025-01-27T13:45:00+05:30,22862.1,22878.6,22822.4,22834.9
2025-01-27T13:15:00+05:30,22885.95,22892.35,22827.95,22861.45
2025-01-27T12:45:00+05:30,22866.75,22885.85,22840.55,22885.45
2025-01-27T12:15:00+05:30,22882,22943.7,22862.6,22866.3
2025-01-27T11:45:00+05:30,22867.3,22941.65,22864.7,22881.55
2025-01-27T11:15:00+05:30,22864.55,22909.5,22856.25,22866.9
2025-01-27T10:45:00+05:30,22861.75,22886.65,22838.3,22864.5
2025-01-27T10:15:00+05:30,22971.25,22971.25,22826.85,22861.25
2025-01-27T09:45:00+05:30,22995.45,23005.4,22960.3,22970.7
2025-01-27T09:15:00+05:30,22940.15,23007.45,22910.85,22994
2025-01-24T15:15:00+05:30,23077.75,23105.1,23077.75,23090.35
2025-01-24T14:45:00+05:30,23081.1,23105.55,23050,23077.5
2025-01-24T14:15:00+05:30,23141.85,23168.6,23065.15,23081.35
2025-01-24T13:45:00+05:30,23157.05,23213.75,23140.35,23142.25
2025-01-24T13:15:00+05:30,23214.7,23214.7,23141.7,23155.9
2025-01-24T12:45:00+05:30,23213.5,23236.5,23164.85,23216.5
2025-01-24T12:15:00+05:30,23300.35,23319.4,23211.8,23213.55
2025-01-24T11:45:00+05:30,23321.95,23347.3,23289.7,23300.8
2025-01-24T11:15:00+05:30,23277.95,23323.3,23254,23321.75
2025-01-24T10:45:00+05:30,23213.3,23289.2,23195.55,23279.2
2025-01-24T10:15:00+05:30,23155.25,23227.1,23102.9,23213.5
2025-01-24T09:45:00+05:30,23230.05,23247.9,23127.55,23156.35
2025-01-24T09:15:00+05:30,23183.9,23292.05,23177.8,23230.25
2025-01-23T15:15:00+05:30,23202.85,23218.2,23191.7,23216.3
2025-01-23T14:45:00+05:30,23230.35,23236.1,23200.1,23201.25
2025-01-23T14:15:00+05:30,23241.9,23246.7,23215.4,23230.4
2025-01-23T13:45:00+05:30,23251.95,23256.65,23225.55,23239.95
2025-01-23T13:15:00+05:30,23245.3,23254.05,23229.9,23252.05
2025-01-23T12:45:00+05:30,23253.4,23257.4,23232.1,23244.55
2025-01-23T12:15:00+05:30,23232.1,23270.8,23220.1,23254.4
2025-01-23T11:45:00+05:30,23221.55,23233.5,23201.05,23232.75
2025-01-23T11:15:00+05:30,23223.15,23238.6,23213.5,23221.9
2025-01-23T10:45:00+05:30,23236.05,23240.45,23202.5,23223.75
2025-01-23T10:15:00+05:30,23217.3,23246.2,23215.75,23235.45
2025-01-23T09:45:00+05:30,23197.05,23235.4,23183.45,23217.6
2025-01-23T09:15:00+05:30,23128.3,23202.85,23090.65,23197.95
2025-01-22T15:15:00+05:30,23163.8,23165.15,23147.6,23161.75
2025-01-22T14:45:00+05:30,23124.05,23169.55,23101.45,23164.25
2025-01-22T14:15:00+05:30,23065.75,23136.2,23054.3,23125.25
2025-01-22T13:45:00+05:30,22986.1,23084.85,22986,23065.55
2025-01-22T13:15:00+05:30,23043.3,23043.9,22981.3,22986.25
2025-01-22T12:45:00+05:30,23027,23045.2,22995.45,23043.05
2025-01-22T12:15:00+05:30,23037.65,23050.85,22989.6,23026.05
2025-01-22T11:45:00+05:30,23044,23065.4,23011.85,23036.95
2025-01-22T11:15:00+05:30,23065.2,23079.4,23034.55,23044.15
2025-01-22T10:45:00+05:30,23107.25,23144.25,23061.3,23064.95
2025-01-22T10:15:00+05:30,23096.75,23117.5,23073.5,23106.6
2025-01-22T09:45:00+05:30,23067.45,23124.65,23050.55,23096.85
2025-01-22T09:15:00+05:30,23099.15,23127.7,23067.75,23069.05
2025-01-21T15:15:00+05:30,23022.7,23057.45,23022.7,23053.05
2025-01-21T14:45:00+05:30,23008.3,23043.7,22989.45,23022.45
2025-01-21T14:15:00+05:30,23193.9,23207.1,22976.85,23012.25
2025-01-21T13:45:00+05:30,23250.65,23261.75,23174.2,23196.85
2025-01-21T13:15:00+05:30,23252.45,23296.55,23120.15,23254.65
2025-01-21T12:45:00+05:30,23144.85,23294.8,23144.85,23256.3
2025-01-21T12:15:00+05:30,23280.45,23280.85,23111.1,23151.4
2025-01-21T11:45:00+05:30,23197.9,23421.25,23197.9,23281.15
2025-01-21T11:15:00+05:30,23164.25,23205.15,23143.55,23197.35
2025-01-21T10:45:00+05:30,23185.8,23217.7,23138.95,23165.6
2025-01-21T10:15:00+05:30,23265.9,23266.6,23127.7,23186.6
2025-01-21T09:45:00+05:30,23340.25,23360.35,23247.2,23266.4
2025-01-21T09:15:00+05:30,23421.65,23426.3,23335.45,23340.1
2025-01-20T15:15:00+05:30,23352.25,23352.85,23329.4,23337.05
2025-01-20T14:45:00+05:30,23354.2,23365.55,23344.45,23351.7
2025-01-20T14:15:00+05:30,23359.95,23366.25,23327.65,23353.7
2025-01-20T13:45:00+05:30,23345.1,23359.95,23328.25,23359.95
2025-01-20T13:15:00+05:30,23359.55,23391.1,23333.45,23341.8
2025-01-20T12:45:00+05:30,23337.9,23372.2,23326.3,23359.7
2025-01-20T12:15:00+05:30,23343.7,23371.8,23326.45,23337.8
2025-01-20T11:45:00+05:30,23372,23376.5,23333.6,23342.95
2025-01-20T11:15:00+05:30,23275.15,23374.45,23272.2,23372.1
2025-01-20T10:45:00+05:30,23261.3,23283.05,23246.7,23273.2
2025-01-20T10:15:00+05:30,23228.35,23272.05,23227.65,23261.5
2025-01-20T09:45:00+05:30,23212.05,23240,23190.4,23228.05
2025-01-20T09:15:00+05:30,23290.4,23308.35,23170.65,23212.4
2025-01-17T15:15:00+05:30,23197.8,23210.55,23194.8,23203.1
2025-01-17T14:45:00+05:30,23231.7,23245.05,23191.9,23196.65
2025-01-17T14:15:00+05:30,23198.65,23237.35,23187.3,23231.85
2025-01-17T13:45:00+05:30,23178.2,23208.25,23172.8,23198.5
2025-01-17T13:15:00+05:30,23200.3,23206.9,23160.85,23178.1
2025-01-17T12:45:00+05:30,23222.85,23241.95,23197.6,23200.25
2025-01-17T12:15:00+05:30,23208.6,23264.3,23197.1,23222.85
2025-01-17T11:45:00+05:30,23153.15,23218.2,23135.65,23208.95
2025-01-17T11:15:00+05:30,23132.65,23177.9,23124.35,23153.15
2025-01-17T10:45:00+05:30,23198.55,23198.55,23100.35,23131.85
2025-01-17T10:15:00+05:30,23204.4,23269.25,23197.5,23198.15
2025-01-17T09:45:00+05:30,23194.1,23236.7,23184.3,23204.15
2025-01-17T09:15:00+05:30,23277.1,23292.1,23167.05,23193.8
2025-01-16T15:15:00+05:30,23309.45,23353.25,23304.45,23350.8
2025-01-16T14:45:00+05:30,23302.25,23318.45,23296.2,23309.65
2025-01-16T14:15:00+05:30,23333.4,23333.4,23290.7,23303.55
2025-01-16T13:45:00+05:30,23324.5,23340.9,23319.55,23333.35
2025-01-16T13:15:00+05:30,23317.8,23327.8,23311.45,23326.25
2025-01-16T12:45:00+05:30,23310.75,23328.8,23303.9,23318
2025-01-16T12:15:00+05:30,23300.05,23313.9,23290.3,23309.65
2025-01-16T11:45:00+05:30,23306.45,23308.4,23293.15,23298.9
2025-01-16T11:15:00+05:30,23288.25,23308.8,23282.4,23307
2025-01-16T10:45:00+05:30,23311.65,23313.3,23272.05,23289.55
2025-01-16T10:15:00+05:30,23308.2,23320.3,23301.4,23312.2
2025-01-16T09:45:00+05:30,23326.3,23331,23290.7,23308
2025-01-16T09:15:00+05:30,23377.25,23391.65,23315.75,23326.6
2025-01-15T15:15:00+05:30,23214.95,23229.3,23190.85,23228.1
2025-01-15T14:45:00+05:30,23211.8,23227.7,23186.95,23214.55
2025-01-15T14:15:00+05:30,23182.2,23214.75,23159.25,23211.9
2025-01-15T13:45:00+05:30,23165.85,23195.45,23154.7,23181.5
2025-01-15T13:15:00+05:30,23212.5,23212.65,23146.45,23167.7
2025-01-15T12:45:00+05:30,23251.3,23266.35,23212.35,23212.35
2025-01-15T12:15:00+05:30,23220.85,23254.85,23198,23251.4
2025-01-15T11:45:00+05:30,23226,23248.25,23218.35,23221.5
2025-01-15T11:15:00+05:30,23257.95,23264.2,23204.7,23226.65
2025-01-15T10:45:00+05:30,23268.6,23293.65,23236.25,23257.4
2025-01-15T10:15:00+05:30,23218.6,23268.7,23215,23268.25
2025-01-15T09:45:00+05:30,23200.7,23230.15,23184.15,23219.65
2025-01-15T09:15:00+05:30,23250.45,23273.55,23165.3,23200.85
2025-01-14T15:15:00+05:30,23172.9,23223.05,23168.95,23206.85
2025-01-14T14:45:00+05:30,23174.5,23183.3,23151.9,23173.25
2025-01-14T14:15:00+05:30,23182.15,23198.95,23161.65,23175.55
2025-01-14T13:45:00+05:30,23157.95,23184.85,23145.05,23182.45
2025-01-14T13:15:00+05:30,23168.4,23174.1,23151.5,23158.45
2025-01-14T12:45:00+05:30,23181.6,23199.3,23144.1,23168.2
2025-01-14T12:15:00+05:30,23180.55,23189.3,23155.1,23181.9
2025-01-14T11:45:00+05:30,23196.15,23201.05,23169.7,23181.1
2025-01-14T11:15:00+05:30,23260.3,23261.35,23192.8,23198.55
2025-01-14T10:45:00+05:30,23185.4,23264.95,23182.25,23260.05
2025-01-14T10:15:00+05:30,23155.75,23186.05,23134.15,23185.5
2025-01-14T09:45:00+05:30,23172.85,23206.7,23139.4,23156.2
2025-01-14T09:15:00+05:30,23165.9,23227.2,23150.05,23173.45
2025-01-13T15:15:00+05:30,23090.85,23101.8,23082.75,23088.7
2025-01-13T14:45:00+05:30,23081.85,23122.8,23063.25,23090.85
2025-01-13T14:15:00+05:30,23115.75,23137.85,23047.25,23082.5
2025-01-13T13:45:00+05:30,23154.4,23163.45,23100.6,23116.4
2025-01-13T13:15:00+05:30,23178.15,23191.4,23148.6,23154.95
2025-01-13T12:45:00+05:30,23220.7,23221.5,23165.75,23177.45
2025-01-13T12:15:00+05:30,23215.6,23234.7,23190.45,23222.35
2025-01-13T11:45:00+05:30,23235.7,23263,23211.6,23215.1
2025-01-13T11:15:00+05:30,23274.8,23298.6,23210.2,23235.75
2025-01-13T10:45:00+05:30,23304.85,23331.75,23260.95,23275
2025-01-13T10:15:00+05:30,23278.7,23340.95,23258.5,23306.3
2025-01-13T09:45:00+05:30,23247.05,23274.6,23196.45,23273.2
2025-01-13T09:15:00+05:30,23195.4,23270.9,23172.7,23246.05
2025-01-10T15:15:00+05:30,23414.6,23449.4,23413.55,23437.35
2025-01-10T14:45:00+05:30,23427.85,23446.1,23396.85,23412.2
2025-01-10T14:15:00+05:30,23440.95,23454.65,23400.55,23427.75
2025-01-10T13:45:00+05:30,23504.15,23529.4,23441.25,23441.25
2025-01-10T13:15:00+05:30,23516.55,23536.3,23484.5,23504.15
2025-01-10T12:45:00+05:30,23528.2,23542.9,23511.35,23517.75
2025-01-10T12:15:00+05:30,23520.1,23566,23494.15,23528.75
2025-01-10T11:45:00+05:30,23508.85,23553,23477.75,23523.4
2025-01-10T11:15:00+05:30,23557.4,23596.6,23506.9,23509.35
2025-01-10T10:45:00+05:30,23436.45,23557.65,23428.75,23557.65
2025-01-10T10:15:00+05:30,23396.6,23444.6,23380.95,23438.2
2025-01-10T09:45:00+05:30,23475.6,23476.25,23344.35,23396.55
2025-01-10T09:15:00+05:30,23551.9,23596,23432.3,23475.1
2025-01-09T15:15:00+05:30,23521.95,23561.05,23514.3,23557.2
2025-01-09T14:45:00+05:30,23517.85,23530.6,23503.05,23520.85
2025-01-09T14:15:00+05:30,23536.85,23548.6,23513.8,23517.5
2025-01-09T13:45:00+05:30,23530.7,23548.5,23516.85,23537.25
2025-01-09T13:15:00+05:30,23544.95,23552.25,23523.35,23530.4
2025-01-09T12:45:00+05:30,23555.65,23560.4,23524.2,23545.5
2025-01-09T12:15:00+05:30,23561.25,23616.7,23539.6,23555.8
2025-01-09T11:45:00+05:30,23553.55,23565.05,23537.25,23562.05
2025-01-09T11:15:00+05:30,23562.15,23573.8,23545.1,23553.6
2025-01-09T10:45:00+05:30,23619.1,23621.5,23537.95,23561.9
2025-01-09T10:15:00+05:30,23639.3,23652.85,23611.1,23617.8
2025-01-09T09:45:00+05:30,23607.2,23642.45,23595.75,23639.1
2025-01-09T09:15:00+05:30,23674.75,23689.5,23593.95,23607.85
2025-01-08T15:15:00+05:30,23703.95,23706.7,23674.2,23675.2
2025-01-08T14:45:00+05:30,23694.6,23718.65,23655.25,23705.2
2025-01-08T14:15:00+05:30,23696.3,23727.5,23645.05,23694.95
2025-01-08T13:45:00+05:30,23630.3,23701.75,23622.85,23696.5
2025-01-08T13:15:00+05:30,23536.1,23636.75,23522.05,23629.5
2025-01-08T12:45:00+05:30,23534.3,23556.6,23517.3,23535.65
2025-01-08T12:15:00+05:30,23526.55,23559.2,23496.15,23533.25
2025-01-08T11:45:00+05:30,23571.6,23572.8,23525.45,23526.75
2025-01-08T11:15:00+05:30,23572.15,23603.7,23535.35,23572
2025-01-08T10:45:00+05:30,23553.4,23588.8,23551.45,23573
2025-01-08T10:15:00+05:30,23670.9,23684.25,23553.65,23554.75
2025-01-08T09:45:00+05:30,23650.1,23691.15,23622.2,23669.2
2025-01-08T09:15:00+05:30,23746.65,23751.85,23626.7,23650.2
2025-01-07T15:15:00+05:30,23703.95,23712.05,23686.8,23694.6
2025-01-07T14:45:00+05:30,23696.95,23737,23684.35,23704.45
2025-01-07T14:15:00+05:30,23720.2,23733.7,23692.4,23696.9
2025-01-07T13:45:00+05:30,23730.4,23743.25,23686.9,23720.25
2025-01-07T13:15:00+05:30,23727.65,23761.95,23713.75,23729.75
2025-01-07T12:45:00+05:30,23731.65,23742.7,23718.95,23726.65
2025-01-07T12:15:00+05:30,23720.55,23735.8,23708.5,23731.35
2025-01-07T11:45:00+05:30,23745.1,23761.55,23712.95,23720
2025-01-07T11:15:00+05:30,23731.85,23770.5,23718.05,23744.45
2025-01-07T10:45:00+05:30,23742.65,23766.8,23708.1,23731.65
2025-01-07T10:15:00+05:30,23749.4,23768.05,23717.5,23742.45
2025-01-07T09:45:00+05:30,23783.25,23784.45,23637.8,23745.9
2025-01-07T09:15:00+05:30,23679.9,23795.2,23679.85,23783.5
2025-01-06T15:15:00+05:30,23587.15,23636.95,23580.15,23629.6
2025-01-06T14:45:00+05:30,23574.7,23653.8,23572.35,23585.6
2025-01-06T14:15:00+05:30,23624.4,23660.2,23551.9,23573.3
2025-01-06T13:45:00+05:30,23648.9,23665.95,23602.6,23623.85
2025-01-06T13:15:00+05:30,23714.6,23714.6,23619.15,23648.75
2025-01-06T12:45:00+05:30,23740.65,23779.15,23704.35,23714.7
2025-01-06T12:15:00+05:30,23719.35,23768.75,23679.05,23740.5
2025-01-06T11:45:00+05:30,23708.45,23727.6,23601.5,23719.8
2025-01-06T11:15:00+05:30,23744.3,23800.35,23708.85,23708.85
2025-01-06T10:45:00+05:30,23882.4,23882.9,23726.6,23745.1
2025-01-06T10:15:00+05:30,24024,24054.3,23880.15,23882.95
2025-01-06T09:45:00+05:30,23947.55,24030.4,23911.45,24025.7
2025-01-06T09:15:00+05:30,24045.8,24089.95,23947.75,23948.35
2025-01-03T15:15:00+05:30,24008.15,24021.8,23976.75,23990.15
2025-01-03T14:45:00+05:30,24036.75,24053.5,23976,24008.05
2025-01-03T14:15:00+05:30,24032.55,24051.7,24018.55,24036.95
2025-01-03T13:45:00+05:30,24081.65,24083.2,24021.2,24031.6
2025-01-03T13:15:00+05:30,24097.65,24112.55,24076.5,24081.35
2025-01-03T12:45:00+05:30,24077.75,24121.6,24063.35,24098.25
2025-01-03T12:15:00+05:30,24115.1,24115.1,24052.25,24076.7
2025-01-03T11:45:00+05:30,24128.8,24139.95,24093.65,24114.4
2025-01-03T11:15:00+05:30,24057.6,24149.9,24051.45,24128.15
2025-01-03T10:45:00+05:30,24027.55,24061.6,24000.25,24057.7
2025-01-03T10:15:00+05:30,24042.45,24075.7,24006.75,24027.2
2025-01-03T09:45:00+05:30,24081.65,24111.35,24032.15,24042.2
2025-01-03T09:15:00+05:30,24196.4,24196.45,24080.3,24083.4
2025-01-02T15:15:00+05:30,24185.5,24194.5,24164.9,24167.95
2025-01-02T14:45:00+05:30,24177.15,24226.7,24165.75,24186.25
2025-01-02T14:15:00+05:30,24145.05,24190.2,24144.85,24177.8
2025-01-02T13:45:00+05:30,24145.55,24153.15,24117.95,24144.7
2025-01-02T13:15:00+05:30,24085.35,24151.9,24081.75,24147.4
2025-01-02T12:45:00+05:30,24054.65,24091.2,24036.25,24084.75
2025-01-02T12:15:00+05:30,23940.9,24071.35,23927.35,24053.9
2025-01-02T11:45:00+05:30,23957.9,23966.8,23916.25,23940.45
2025-01-02T11:15:00+05:30,23943.8,23974.15,23927.05,23958.25
2025-01-02T10:45:00+05:30,23884.25,23963.5,23878.05,23943.65
2025-01-02T10:15:00+05:30,23833,23898.55,23830.6,23884.2
2025-01-02T09:45:00+05:30,23826.65,23877.35,23791.8,23834.1
2025-01-02T09:15:00+05:30,23783,23842.05,23751.55,23826.7
2025-01-01T15:15:00+05:30,23739.75,23769.8,23733.4,23758.7
2025-01-01T14:45:00+05:30,23767.1,23768.6,23721.45,23739.95
2025-01-01T14:15:00+05:30,23789.65,23797.65,23764.6,23767.5
2025-01-01T13:45:00+05:30,23749.6,23822.8,23746.25,23789.1
2025-01-01T13:15:00+05:30,23726.95,23752.4,23725.3,23749.7
2025-01-01T12:45:00+05:30,23760.4,23773,23718.7,23727.05
2025-01-01T12:15:00+05:30,23714.05,23772.95,23711.15,23759.9
2025-01-01T11:45:00+05:30,23724.2,23735.95,23678.35,23714.25
2025-01-01T11:15:00+05:30,23754.25,23778.85,23693.75,23724.45
2025-01-01T10:45:00+05:30,23655.55,23761.5,23655,23754.05
2025-01-01T10:15:00+05:30,23629.95,23676.55,23616.3,23656.6
2025-01-01T09:45:00+05:30,23609.35,23648.25,23562.8,23629.6
2025-01-01T09:15:00+05:30,23637.65,23683.6,23598.4,23610.6
2024-12-31T15:15:00+05:30,23648.15,23669.4,23637.6,23668.8
2024-12-31T14:45:00+05:30,23649.25,23665.65,23625.65,23647.75
2024-12-31T14:15:00+05:30,23679.3,23683.8,23622.1,23648.45
2024-12-31T13:45:00+05:30,23639.8,23689.85,23633.55,23680.4
2024-12-31T13:15:00+05:30,23594.15,23666.05,23581.8,23639.4
2024-12-31T12:45:00+05:30,23596.65,23604.7,23577.45,23592.7
2024-12-31T12:15:00+05:30,23588.3,23624.75,23586.2,23596.4
2024-12-31T11:45:00+05:30,23612.9,23616.95,23565.75,23588.6
2024-12-31T11:15:00+05:30,23609.15,23614.9,23568.15,23612.95
2024-12-31T10:45:00+05:30,23544.75,23609.55,23518.9,23609.1
2024-12-31T10:15:00+05:30,23470.5,23555.45,23470.45,23544.5
2024-12-31T09:45:00+05:30,23524.3,23541.7,23460.45,23470
2024-12-31T09:15:00+05:30,23560.6,23584.5,23509.7,23523.4
2024-12-30T15:15:00+05:30,23617.3,23680.3,23616.7,23658.65
2024-12-30T14:45:00+05:30,23665.1,23709.65,23599.3,23617.5
2024-12-30T14:15:00+05:30,23639.3,23674.5,23618.9,23664.65
2024-12-30T13:45:00+05:30,23691.5,23691.65,23630.6,23640.1
2024-12-30T13:15:00+05:30,23772.3,23790,23677.75,23692.8
2024-12-30T12:45:00+05:30,23805.75,23821.95,23758.4,23772.2
2024-12-30T12:15:00+05:30,23881.95,23885.6,23748.25,23805.25
2024-12-30T11:45:00+05:30,23874.55,23915.35,23861.55,23881.4
2024-12-30T11:15:00+05:30,23787,23876.4,23781.95,23873.8
2024-12-30T10:45:00+05:30,23801.4,23844.4,23774.25,23787.4
2024-12-30T10:15:00+05:30,23779.7,23804.2,23761.9,23801.05
2024-12-30T09:45:00+05:30,23724.55,23785.4,23719.85,23779.95
2024-12-30T09:15:00+05:30,23796.9,23818.8,23709.1,23725.05
2024-12-27T15:15:00+05:30,23807.65,23841.1,23803.8,23832.45
2024-12-27T14:45:00+05:30,23842.65,23848.95,23801.9,23807.7
2024-12-27T14:15:00+05:30,23842.15,23848.5,23830.85,23842.15
2024-12-27T13:45:00+05:30,23850.45,23868.45,23839.55,23841.75
2024-12-27T13:15:00+05:30,23855.45,23860.25,23834.55,23849.25
2024-12-27T12:45:00+05:30,23849.45,23874.2,23828.2,23854.75
2024-12-27T12:15:00+05:30,23845.9,23855,23829.5,23849.15
2024-12-27T11:45:00+05:30,23872.4,23872.4,23843.3,23845.25
2024-12-27T11:15:00+05:30,23903.6,23907.1,23859.15,23872
2024-12-27T10:45:00+05:30,23913.15,23914.7,23884.5,23903.55
2024-12-27T10:15:00+05:30,23925.35,23938.85,23906.95,23913.35
2024-12-27T09:45:00+05:30,23862,23931.9,23860.85,23924.95
2024-12-27T09:15:00+05:30,23801.4,23863.85,23800.6,23862.5
2024-12-26T15:15:00+05:30,23753.9,23769.75,23738.95,23760.3
2024-12-26T14:45:00+05:30,23751.2,23763,23739.8,23754.95
2024-12-26T14:15:00+05:30,23744.95,23757,23737.05,23751.35
2024-12-26T13:45:00+05:30,23754.35,23774.45,23721.05,23745.35
2024-12-26T13:15:00+05:30,23750.4,23764.7,23653.6,23755.1
2024-12-26T12:45:00+05:30,23746.8,23753.8,23740.2,23750.65
2024-12-26T12:15:00+05:30,23735.1,23749.75,23730.65,23747.1
2024-12-26T11:45:00+05:30,23754.7,23775.85,23729.35,23734.7
2024-12-26T11:15:00+05:30,23760.6,23770.75,23735.8,23754.8
2024-12-26T10:45:00+05:30,23740.05,23761.45,23701.05,23759.95
2024-12-26T10:15:00+05:30,23748.9,23770.05,23723.75,23740.05
2024-12-26T09:45:00+05:30,23806.1,23812.35,23729.05,23749.75
2024-12-26T09:15:00+05:30,23775.8,23854.5,23773.6,23805.8
2024-12-24T15:15:00+05:30,23718.8,23749.35,23685.15,23730.35
2024-12-24T14:45:00+05:30,23734.1,23744.15,23714.4,23718.95
2024-12-24T14:15:00+05:30,23762.5,23763.35,23714.7,23734.25
2024-12-24T13:45:00+05:30,23753.4,23767.3,23729.2,23762.75
2024-12-24T13:15:00+05:30,23785.6,23800.75,23746.35,23752.45
2024-12-24T12:45:00+05:30,23803.7,23819.15,23776.35,23785.35
2024-12-24T12:15:00+05:30,23793.8,23807.65,23764.1,23803.15
2024-12-24T11:45:00+05:30,23825,23833.3,23788.9,23793.3
2024-12-24T11:15:00+05:30,23827.95,23849.25,23813.75,23825.55
2024-12-24T10:45:00+05:30,23827.6,23843.05,23813.35,23828.2
2024-12-24T10:15:00+05:30,23804.95,23867.65,23800.35,23827.7
2024-12-24T09:45:00+05:30,23739.5,23822.15,23734.35,23804.85
2024-12-24T09:15:00+05:30,23769.1,23798.1,23709.65,23739.5
2024-12-23T15:15:00+05:30,23761.65,23770,23743.9,23747.2
2024-12-23T14:45:00+05:30,23742.45,23764.5,23728.3,23761.75
2024-12-23T14:15:00+05:30,23698.65,23770.7,23693.85,23742.15
2024-12-23T13:45:00+05:30,23704.85,23712.95,23660.2,23699.1
2024-12-23T13:15:00+05:30,23680.35,23707.15,23647.2,23704.9
2024-12-23T12:45:00+05:30,23736.75,23742.05,23674.15,23681.2
2024-12-23T12:15:00+05:30,23769.15,23783.9,23714.5,23737.7
2024-12-23T11:45:00+05:30,23851.45,23860.9,23746.6,23769.3
2024-12-23T11:15:00+05:30,23834.05,23869.55,23831.35,23851.05
2024-12-23T10:45:00+05:30,23763.45,23850.65,23757.6,23834.35
2024-12-23T10:15:00+05:30,23771.75,23791.8,23727.75,23762.2
2024-12-23T09:45:00+05:30,23745.95,23802.55,23702.95,23769.35
2024-12-23T09:15:00+05:30,23738.2,23806.5,23701.6,23745.75
2024-12-20T15:15:00+05:30,23538.8,23632.3,23538.4,23631.35
2024-12-20T14:45:00+05:30,23691.85,23696,23537.35,23539.3
2024-12-20T14:15:00+05:30,23687.7,23725.2,23674.3,23692.35
2024-12-20T13:45:00+05:30,23718.75,23729,23676.2,23687.9
2024-12-20T13:15:00+05:30,23728.25,23767.7,23702.75,23719.65
2024-12-20T12:45:00+05:30,23801.35,23813.3,23719.35,23726.65
2024-12-20T12:15:00+05:30,23889.2,23889.2,23796.35,23801.35
2024-12-20T11:45:00+05:30,23914.4,23945.25,23888.2,23889.1
2024-12-20T11:15:00+05:30,23958.9,23961.3,23892.3,23913.6
2024-12-20T10:45:00+05:30,23935.8,23993.9,23909.95,23958.9
2024-12-20T10:15:00+05:30,23851.3,23962.9,23835.15,23936.05
2024-12-20T09:45:00+05:30,24048.3,24051.85,23807.3,23850.4
2024-12-20T09:15:00+05:30,23960.7,24065.8,23887.9,24045.95
2024-12-19T15:15:00+05:30,23946.65,23964.85,23934.35,23961.95
2024-12-19T14:45:00+05:30,23951.9,23963.8,23941.15,23945.55
2024-12-19T14:15:00+05:30,23963.7,23967.15,23938.8,23951.15
2024-12-19T13:45:00+05:30,23950.9,23976.2,23944.1,23963.15
2024-12-19T13:15:00+05:30,23966.15,23966.3,23936.3,23949.6
2024-12-19T12:45:00+05:30,23962.65,23973.5,23950.05,23966.05
2024-12-19T12:15:00+05:30,23988.8,23993,23959.6,23962.25
2024-12-19T11:45:00+05:30,23968.6,23991.25,23956.2,23988.8
2024-12-19T11:15:00+05:30,23941.5,24004.9,23941.5,23969.4
2024-12-19T10:45:00+05:30,23959.85,23965,23932.85,23942.25
2024-12-19T10:15:00+05:30,23929.95,23969.5,23917.4,23963.45
2024-12-19T09:45:00+05:30,23985.3,24004.4,23919.15,23929.75
2024-12-19T09:15:00+05:30,23877.15,24000.75,23870.3,23985.1
2024-12-18T15:15:00+05:30,24189,24215.3,24188.35,24214.7
2024-12-18T14:45:00+05:30,24183.55,24204.4,24172.1,24189.3
2024-12-18T14:15:00+05:30,24196.35,24210.8,24166.7,24183.45
2024-12-18T13:45:00+05:30,24179.45,24222.4,24168.05,24196.65
2024-12-18T13:15:00+05:30,24221.5,24235.65,24176.1,24178.35
2024-12-18T12:45:00+05:30,24168.75,24252.35,24149.85,24221.4
2024-12-18T12:15:00+05:30,24221.2,24235.55,24159.85,24168.95
2024-12-18T11:45:00+05:30,24232.3,24244.8,24210.85,24222.05
2024-12-18T11:15:00+05:30,24217.35,24267.25,24206.65,24231.45
2024-12-18T10:45:00+05:30,24302.55,24313.55,24206.15,24216.6
2024-12-18T10:15:00+05:30,24236.75,24305.9,24226.85,24301.1
2024-12-18T09:45:00+05:30,24382.75,24394.45,24231.8,24237.5
2024-12-18T09:15:00+05:30,24297.95,24384.7,24273.1,24382.6
2024-12-17T15:15:00+05:30,24335.25,24343.45,24316.4,24319.35
2024-12-17T14:45:00+05:30,24331.6,24362.45,24303.45,24334.4
2024-12-17T14:15:00+05:30,24336.9,24350.95,24308.9,24331.85
2024-12-17T13:45:00+05:30,24356.65,24388.3,24331.65,24336.3
2024-12-17T13:15:00+05:30,24369.4,24381.95,24323.6,24356.8
2024-12-17T12:45:00+05:30,24399.6,24436.5,24369.25,24370.6
2024-12-17T12:15:00+05:30,24379.7,24460.05,24359.25,24399.65
2024-12-17T11:45:00+05:30,24395.5,24409.55,24366.4,24379.25
2024-12-17T11:15:00+05:30,24468.05,24488.1,24375.85,24394.3
2024-12-17T10:45:00+05:30,24448,24500.1,24433.75,24467.85
2024-12-17T10:15:00+05:30,24518.5,24521.2,24383.75,24449.15
2024-12-17T09:45:00+05:30,24564.8,24565.2,24501.85,24519.75
2024-12-17T09:15:00+05:30,24584.8,24624.1,24553.85,24565.15
2024-12-16T15:15:00+05:30,24665.35,24671.45,24647.5,24648.25
2024-12-16T14:45:00+05:30,24681.95,24698.1,24659.45,24664.65
2024-12-16T14:15:00+05:30,24660.7,24684.2,24647.05,24681.5
2024-12-16T13:45:00+05:30,24657.25,24686.6,24634.9,24660.5
2024-12-16T13:15:00+05:30,24663.25,24679.1,24634.7,24656.8
2024-12-16T12:45:00+05:30,24649.25,24668.55,24634.5,24663.2
2024-12-16T12:15:00+05:30,24606.85,24653.05,24601.75,24650.25
2024-12-16T11:45:00+05:30,24642.45,24663.4,24603.85,24606.45
2024-12-16T11:15:00+05:30,24628.05,24666.75,24608.9,24642.3
2024-12-16T10:45:00+05:30,24677.1,24691.9,24621.1,24627.5
2024-12-16T10:15:00+05:30,24725.8,24726.5,24654.25,24676.25
2024-12-16T09:45:00+05:30,24746.7,24768.9,24710.8,24725.65
2024-12-16T09:15:00+05:30,24753.4,24781.25,24681.35,24746.4
2024-12-13T15:15:00+05:30,24772.15,24792.3,24761.05,24781.3
2024-12-13T14:45:00+05:30,24738.75,24790.25,24705.85,24771.45
2024-12-13T14:15:00+05:30,24727.35,24778.05,24715,24738.45
2024-12-13T13:45:00+05:30,24722.1,24757.9,24707.7,24727.75
2024-12-13T13:15:00+05:30,24642.65,24736.35,24574.8,24720.75
2024-12-13T12:45:00+05:30,24528.8,24688.2,24497.9,24640.15
2024-12-13T12:15:00+05:30,24560.95,24615.55,24519.6,24528.95
2024-12-13T11:45:00+05:30,24364.95,24598.8,24357,24560.45
2024-12-13T11:15:00+05:30,24279.45,24376.2,24266.85,24364.75
2024-12-13T10:45:00+05:30,24233.7,24343,24180.8,24278.95
2024-12-13T10:15:00+05:30,24353.05,24353.15,24191.5,24233.15
2024-12-13T09:45:00+05:30,24398.3,24399.9,24343.7,24353.1
2024-12-13T09:15:00+05:30,24498.35,24520.8,24380,24397.85
2024-12-12T15:15:00+05:30,24550.85,24561.3,24534.6,24539.5
2024-12-12T14:45:00+05:30,24554.15,24558.9,24527.95,24549.9
2024-12-12T14:15:00+05:30,24563.85,24577.05,24549.2,24554.25
2024-12-12T13:45:00+05:30,24575.3,24577.6,24547.3,24563.2
2024-12-12T13:15:00+05:30,24569.4,24579.85,24543.05,24574.7
2024-12-12T12:45:00+05:30,24580.2,24583.55,24567.2,24567.8
2024-12-12T12:15:00+05:30,24562.4,24583.65,24551.65,24579.25
2024-12-12T11:45:00+05:30,24598.75,24603.7,24555.75,24562.35
2024-12-12T11:15:00+05:30,24604.95,24611.2,24593.15,24600.1
2024-12-12T10:45:00+05:30,24611.1,24622.65,24584.9,24603.45
2024-12-12T10:15:00+05:30,24619.1,24628.15,24591.2,24611.05
2024-12-12T09:45:00+05:30,24650.95,24655.5,24613.95,24618.85
2024-12-12T09:15:00+05:30,24604.45,24675.25,24604.45,24650.2
2024-12-11T15:15:00+05:30,24649.25,24651.35,24622.55,24629.5
2024-12-11T14:45:00+05:30,24635.1,24654.75,24615.55,24650.6
2024-12-11T14:15:00+05:30,24652.2,24657.95,24631.05,24634.25
2024-12-11T13:45:00+05:30,24651.55,24666.75,24644.15,24652
2024-12-11T13:15:00+05:30,24655.85,24667,24643.5,24652.1
2024-12-11T12:45:00+05:30,24639.75,24664,24629.2,24655.85
2024-12-11T12:15:00+05:30,24661.25,24672.15,24626.1,24640.75
2024-12-11T11:45:00+05:30,24681.85,24686.55,24658.05,24661.75
2024-12-11T11:15:00+05:30,24653.4,24691.75,24645.8,24681.8
2024-12-11T10:45:00+05:30,24665.75,24677,24648.5,24653.05
2024-12-11T10:15:00+05:30,24629.35,24672.6,24600.85,24666.15
2024-12-11T09:45:00+05:30,24618.2,24643.55,24583.85,24629.15
2024-12-11T09:15:00+05:30,24620.5,24649,24597.6,24617.55
2024-12-10T15:15:00+05:30,24612.45,24628.7,24606.5,24620.5
2024-12-10T14:45:00+05:30,24542.85,24622.05,24538.8,24612
2024-12-10T14:15:00+05:30,24541.25,24563.15,24524.8,24542.7
2024-12-10T13:45:00+05:30,24532.35,24549.2,24510.65,24540.45
2024-12-10T13:15:00+05:30,24551.5,24569.95,24525.95,24531.65
2024-12-10T12:45:00+05:30,24555.2,24576.9,24545.85,24551.05
2024-12-10T12:15:00+05:30,24620.9,24621,24534.3,24554.85
2024-12-10T11:45:00+05:30,24655.35,24655.75,24618.85,24620.8
2024-12-10T11:15:00+05:30,24651.6,24658.6,24640.8,24654.65
2024-12-10T10:45:00+05:30,24625.6,24651.5,24623.75,24651.4
2024-12-10T10:15:00+05:30,24656.35,24665.65,24614.5,24625.65
2024-12-10T09:45:00+05:30,24645,24677.8,24636.05,24656.7
2024-12-10T09:15:00+05:30,24652.65,24655.2,24593.25,24644.7
2024-12-09T15:15:00+05:30,24609.6,24635.25,24607.8,24626.6
2024-12-09T14:45:00+05:30,24624.1,24645.25,24604.9,24609.35
2024-12-09T14:15:00+05:30,24615.7,24628.8,24595.1,24623.6
2024-12-09T13:45:00+05:30,24641.2,24645,24606.1,24615.5
2024-12-09T13:15:00+05:30,24650.8,24663,24626.9,24640.7
2024-12-09T12:45:00+05:30,24630.65,24650.45,24620.25,24650.45
2024-12-09T12:15:00+05:30,24659.1,24670.55,24618.45,24630.25
2024-12-09T11:45:00+05:30,24687.4,24689.4,24650.15,24659.2
2024-12-09T11:15:00+05:30,24635.65,24687.75,24630.25,24687
2024-12-09T10:45:00+05:30,24604.4,24646.05,24600.55,24636.05
2024-12-09T10:15:00+05:30,24585.95,24620.55,24580.05,24604.7
2024-12-09T09:45:00+05:30,24643.85,24671.65,24584.9,24584.95
2024-12-09T09:15:00+05:30,24633.9,24705,24621.85,24644.45
2024-12-06T15:15:00+05:30,24686.5,24692.6,24661.55,24669
2024-12-06T14:45:00+05:30,24679.45,24695.4,24658.25,24685.9
2024-12-06T14:15:00+05:30,24691.9,24699.05,24659.8,24680.05
2024-12-06T13:45:00+05:30,24687.85,24699,24674.75,24692.85
2024-12-06T13:15:00+05:30,24707.65,24715.15,24669.3,24686.95
2024-12-06T12:45:00+05:30,24711.7,24722.95,24697.2,24708.05
2024-12-06T12:15:00+05:30,24701.6,24716.7,24681.7,24710.8
2024-12-06T11:45:00+05:30,24688.35,24716.55,24668.15,24701.9
2024-12-06T11:15:00+05:30,24708.5,24709.75,24667.95,24687.85
2024-12-06T10:45:00+05:30,24725.25,24748,24697,24707.35
2024-12-06T10:15:00+05:30,24650,24734.7,24620.5,24724.3
2024-12-06T09:45:00+05:30,24724.25,24751.05,24625.25,24650.85
2024-12-06T09:15:00+05:30,24729.45,24742.9,24682.95,24725.7
2024-12-05T15:15:00+05:30,24749.9,24759.9,24694.3,24701.55
2024-12-05T14:45:00+05:30,24813.25,24826.5,24495.05,24751
2024-12-05T14:15:00+05:30,24736.55,24857.75,24732.75,24814.4
2024-12-05T13:45:00+05:30,24650.35,24762.7,24627.8,24736.8
2024-12-05T13:15:00+05:30,24633.85,24668.6,24570.75,24650.35
2024-12-05T12:45:00+05:30,24597.8,24638.7,24560.75,24631.1
2024-12-05T12:15:00+05:30,24589.7,24648.6,24580.25,24596.05
2024-12-05T11:45:00+05:30,24352.7,24604.9,24342,24589.9
2024-12-05T11:15:00+05:30,24367.6,24368.3,24330.1,24351.6
2024-12-05T10:45:00+05:30,24414.8,24441.75,24295.55,24368.05
2024-12-05T10:15:00+05:30,24400.35,24428.8,24368.4,24414.95
2024-12-05T09:45:00+05:30,24472.85,24482.4,24396.2,24400.1
2024-12-05T09:15:00+05:30,24539.15,24539.95,24449.5,24473.15
2024-12-04T15:15:00+05:30,24467.9,24482.4,24456.45,24461.55
2024-12-04T14:45:00+05:30,24470.85,24479.35,24417.25,24467.95
2024-12-04T14:15:00+05:30,24532.6,24536.3,24435.25,24470.8
2024-12-04T13:45:00+05:30,24511.7,24541.85,24504.5,24532.4
2024-12-04T13:15:00+05:30,24482.85,24530.25,24462.05,24510.05
2024-12-04T12:45:00+05:30,24440.55,24488.25,24437.95,24481.2
2024-12-04T12:15:00+05:30,24450,24497.5,24432.1,24439.9
2024-12-04T11:45:00+05:30,24541,24544.9,24366.3,24449.7
2024-12-04T11:15:00+05:30,24529.45,24552.9,24521.4,24540.8
2024-12-04T10:45:00+05:30,24529.4,24556.2,24515.85,24529.55
2024-12-04T10:15:00+05:30,24542.45,24551.35,24508.75,24529.75
2024-12-04T09:45:00+05:30,24560.8,24573.2,24536.1,24542.85
2024-12-04T09:15:00+05:30,24488.75,24562.2,24446.85,24561.55
2024-12-03T15:15:00+05:30,24462.45,24466.1,24432.75,24445.85
2024-12-03T14:45:00+05:30,24455.7,24474.75,24449.25,24461.35
2024-12-03T14:15:00+05:30,24462.15,24481.35,24439.85,24455.4
2024-12-03T13:45:00+05:30,24446.75,24475,24444.7,24461.75
2024-12-03T13:15:00+05:30,24412.65,24466.3,24401.1,24447.5
2024-12-03T12:45:00+05:30,24437.3,24442.15,24409.75,24412.15
2024-12-03T12:15:00+05:30,24418.95,24438,24382.65,24437.6
2024-12-03T11:45:00+05:30,24421,24445.8,24400.45,24419.75
2024-12-03T11:15:00+05:30,24416.95,24439.15,24414.55,24421.95
2024-12-03T10:45:00+05:30,24407.75,24425.7,24394.9,24416.75
2024-12-03T10:15:00+05:30,24336.8,24415.4,24335.3,24407.45
2024-12-03T09:45:00+05:30,24318,24348.4,24300.05,24336.95
2024-12-03T09:15:00+05:30,24367.5,24377.9,24280,24317.6
2024-12-02T15:15:00+05:30,24274.65,24280.1,24259,24275.25
2024-12-02T14:45:00+05:30,24295.5,24301.7,24252.8,24275.55
2024-12-02T14:15:00+05:30,24248.85,24301.35,24246.1,24293.75
2024-12-02T13:45:00+05:30,24180.2,24262.2,24162.6,24249
2024-12-02T13:15:00+05:30,24162.05,24181.6,24139.65,24180.3
2024-12-02T12:45:00+05:30,24171.65,24187.4,24153.1,24162.2
2024-12-02T12:15:00+05:30,24140.8,24190.35,24138.3,24171.3
2024-12-02T11:45:00+05:30,24155.4,24169.6,24122.9,24140.6
2024-12-02T11:15:00+05:30,24130.5,24158.85,24126.9,24155.25
2024-12-02T10:45:00+05:30,24121,24134.5,24103.05,24130.8
2024-12-02T10:15:00+05:30,24117.7,24182.6,24098.2,24122.1
2024-12-02T09:45:00+05:30,24119.6,24147.3,24079.75,24118.35
2024-12-02T09:15:00+05:30,24140.85,24154.65,24008.65,24120.55
2024-11-29T15:15:00+05:30,24127.3,24144.8,24111.95,24123.65
2024-11-29T14:45:00+05:30,24162.15,24167.2,24109.7,24127.25
2024-11-29T14:15:00+05:30,24107.55,24188.45,24096.25,24161.9
2024-11-29T13:45:00+05:30,24146.2,24151.4,24105.15,24107.5
2024-11-29T13:15:00+05:30,24119.2,24157.45,24111.15,24146.05
2024-11-29T12:45:00+05:30,24106.25,24131.95,24089.4,24118.3
2024-11-29T12:15:00+05:30,24120.25,24123.75,24089.8,24106.1
2024-11-29T11:45:00+05:30,24102.95,24123.3,24074.35,24120.2
2024-11-29T11:15:00+05:30,24120.6,24143.05,24088.65,24103.25
2024-11-29T10:45:00+05:30,24082.8,24144.45,24082.4,24120.9
2024-11-29T10:15:00+05:30,23970.1,24132.65,23962.85,24082.35
2024-11-29T09:45:00+05:30,24002.85,24072.15,23969,23969
2024-11-29T09:15:00+05:30,23927.15,24049.35,23927.15,24003.1
2024-11-28T15:15:00+05:30,23915.35,23959.45,23913.4,23957.45
2024-11-28T14:45:00+05:30,23923.3,23944.1,23884.2,23915.6
2024-11-28T14:15:00+05:30,23962.15,24009.35,23900.4,23923.45
2024-11-28T13:45:00+05:30,23980.5,24074.85,23873.35,23958.9
2024-11-28T13:15:00+05:30,23979.2,24012.3,23964.45,23979.1
2024-11-28T12:45:00+05:30,24030.15,24037.45,23969.65,23979.35
2024-11-28T12:15:00+05:30,24078.55,24096.15,23998.05,24030.45
2024-11-28T11:45:00+05:30,24061.55,24125.2,24046.5,24079.75
2024-11-28T11:15:00+05:30,24088.4,24090.35,24037.1,24062.85
2024-11-28T10:45:00+05:30,24125.85,24133.65,24054.55,24087.9
2024-11-28T10:15:00+05:30,24328.3,24333.65,24068.2,24126.7
2024-11-28T09:45:00+05:30,24274.25,24345.75,24267.8,24327.8
2024-11-28T09:15:00+05:30,24274.15,24323.05,24254.35,24274.7
2024-11-27T15:15:00+05:30,24273.2,24281.55,24267.1,24277.35
2024-11-27T14:45:00+05:30,24287.55,24294.5,24257.6,24274.1
2024-11-27T14:15:00+05:30,24286.5,24310.5,24275.7,24287.3
2024-11-27T13:45:00+05:30,24329.35,24354.55,24285.6,24287.85
2024-11-27T13:15:00+05:30,24321.4,24341.15,24299.5,24330.1
2024-11-27T12:45:00+05:30,24289.95,24328.7,24283.95,24321.45
2024-11-27T12:15:00+05:30,24197.8,24304.85,24197.8,24290.25
2024-11-27T11:45:00+05:30,24205.7,24218.85,24161.7,24197.85
2024-11-27T11:15:00+05:30,24194.7,24214.55,24190.15,24205.75
2024-11-27T10:45:00+05:30,24193.6,24209.25,24173.4,24195.15
2024-11-27T10:15:00+05:30,24202.35,24203.6,24171.25,24193.7
2024-11-27T09:45:00+05:30,24166.9,24226.1,24166.35,24202.75
2024-11-27T09:15:00+05:30,24204.8,24268.85,24145.65,24167.15
2024-11-26T15:15:00+05:30,24203.65,24204.9,24183.25,24192.95
2024-11-26T14:45:00+05:30,24223.75,24240.1,24174.45,24203.85
2024-11-26T14:15:00+05:30,24183.15,24232.2,24178,24223.45
2024-11-26T13:45:00+05:30,24150.15,24203.15,24146.3,24183.2
2024-11-26T13:15:00+05:30,24162.15,24185.75,24125.4,24150.9
2024-11-26T12:45:00+05:30,24162.05,24185.5,24148.9,24161.35
2024-11-26T12:15:00+05:30,24187.8,24191.65,24137.55,24161.15
2024-11-26T11:45:00+05:30,24224.15,24228.75,24174.05,24187.4
2024-11-26T11:15:00+05:30,24211.35,24236.8,24192.35,24224.3
2024-11-26T10:45:00+05:30,24204.9,24238.8,24196.85,24211.1
2024-11-26T10:15:00+05:30,24235.4,24235.45,24160.05,24204.7
2024-11-26T09:45:00+05:30,24262.4,24262.75,24207,24236.45
2024-11-26T09:15:00+05:30,24343.3,24343.3,24258.1,24261.25
2024-11-25T15:15:00+05:30,24221.9,24260.9,24218.5,24250.8
2024-11-25T14:45:00+05:30,24249.55,24267.8,24170.55,24222.25
2024-11-25T14:15:00+05:30,24203.7,24252.85,24185.45,24249.25
2024-11-25T13:45:00+05:30,24181.15,24218.2,24161.6,24203.5
2024-11-25T13:15:00+05:30,24180.2,24225.5,24176.4,24180.7
2024-11-25T12:45:00+05:30,24284.85,24286.75,24135.45,24179.65
2024-11-25T12:15:00+05:30,24303.25,24308.2,24275.85,24284.95
2024-11-25T11:45:00+05:30,24305.4,24307.45,24262.8,24303.7
2024-11-25T11:15:00+05:30,24335.15,24351.55,24300.95,24305.1
2024-11-25T10:45:00+05:30,24317.55,24347.7,24303.7,24334.95
2024-11-25T10:15:00+05:30,24261.45,24328.3,24259,24317.5
2024-11-25T09:45:00+05:30,24290.75,24300.6,24249.15,24261.75
2024-11-25T09:15:00+05:30,24253.55,24330.7,24212.25,24290
2024-11-22T15:15:00+05:30,23919.55,23919.55,23854.9,23873.5
2024-11-22T14:45:00+05:30,23851.35,23956.1,23831.5,23920.1
2024-11-22T14:15:00+05:30,23844.8,23897.95,23800.75,23853.6
2024-11-22T13:45:00+05:30,23716.95,23870.55,23714.35,23844.95
2024-11-22T13:15:00+05:30,23700.05,23731.25,23661.75,23717.95
2024-11-22T12:45:00+05:30,23674.25,23724.1,23655.95,23701.2
2024-11-22T12:15:00+05:30,23633.8,23689.15,23607.75,23674.85
2024-11-22T11:45:00+05:30,23556.75,23657,23555.25,23635.1
2024-11-22T11:15:00+05:30,23535.7,23579.9,23497.4,23557.2
2024-11-22T10:45:00+05:30,23524.2,23550.7,23447.15,23537.5
2024-11-22T10:15:00+05:30,23576.15,23589.25,23505.6,23523.3
2024-11-22T09:45:00+05:30,23461.65,23608.95,23408.4,23575.5
2024-11-22T09:15:00+05:30,23411.8,23541.1,23359,23463.75
2024-11-21T15:15:00+05:30,23354.95,23367.5,23339.75,23346.75
2024-11-21T14:45:00+05:30,23338.45,23366.75,23319.15,23355.75
2024-11-21T14:15:00+05:30,23337.4,23348.75,23324.85,23338.5
2024-11-21T13:45:00+05:30,23341.5,23352.05,23333.4,23337.4
2024-11-21T13:15:00+05:30,23340.45,23360.4,23333.7,23341.8
2024-11-21T12:45:00+05:30,23344.55,23350.45,23307.2,23341.3
2024-11-21T12:15:00+05:30,23350.95,23356.8,23340.55,23344.35
2024-11-21T11:45:00+05:30,23339.6,23369.1,23334.2,23350.75
2024-11-21T11:15:00+05:30,23335.55,23349.05,23327.6,23340.15
2024-11-21T10:45:00+05:30,23313.35,23342.6,23307.95,23335.55
2024-11-21T10:15:00+05:30,23308.4,23350.6,23296.35,23313.25
2024-11-21T09:45:00+05:30,23321.35,23376.5,23289.7,23308.75
2024-11-21T09:15:00+05:30,23488.45,23507.3,23263.15,23321.6
2024-11-19T15:15:00+05:30,23492.65,23518.3,23464.8,23468.7
2024-11-19T14:45:00+05:30,23698.35,23717.45,23486.2,23492.55
2024-11-19T14:15:00+05:30,23707.2,23727,23686.15,23698.6
2024-11-19T13:45:00+05:30,23754.8,23771.7,23701.85,23707.35
2024-11-19T13:15:00+05:30,23761,23766.45,23738.45,23754.7
2024-11-19T12:45:00+05:30,23732.4,23762.05,23724.2,23760
2024-11-19T12:15:00+05:30,23749.4,23765.45,23727.65,23732.75
2024-11-19T11:45:00+05:30,23773.25,23780.65,23736.15,23749.35
2024-11-19T11:15:00+05:30,23736.75,23779.7,23725.75,23772
2024-11-19T10:45:00+05:30,23712.75,23741.95,23690.9,23736.25
2024-11-19T10:15:00+05:30,23691.9,23750,23682.45,23712.8
2024-11-19T09:45:00+05:30,23701.9,23709.6,23645.4,23691.85
2024-11-19T09:15:00+05:30,23529.55,23702.6,23517.1,23702.6
2024-11-18T15:15:00+05:30,23453.3,23474.85,23447.95,23465.3
2024-11-18T14:45:00+05:30,23438.2,23475.75,23429.45,23453.55
2024-11-18T14:15:00+05:30,23484.5,23486.2,23412.55,23437
2024-11-18T13:45:00+05:30,23463.25,23503.6,23462,23484.7
2024-11-18T13:15:00+05:30,23491.05,23505.3,23443.75,23463.6
2024-11-18T12:45:00+05:30,23525.75,23554.8,23475.3,23492.15
2024-11-18T12:15:00+05:30,23477.65,23565.25,23463.1,23525.7
2024-11-18T11:45:00+05:30,23432.75,23485.05,23418.4,23477.55
2024-11-18T11:15:00+05:30,23381.6,23437.9,23379.4,23432.8
2024-11-18T10:45:00+05:30,23370.15,23416.1,23350.4,23380.65
2024-11-18T10:15:00+05:30,23449.6,23460.6,23365.75,23370.35
2024-11-18T09:45:00+05:30,23366.7,23488.75,23362.35,23450
2024-11-18T09:15:00+05:30,23605.3,23606.8,23366.45,23368.35
2024-11-14T15:15:00+05:30,23541.3,23562.65,23534.15,23559.6
2024-11-14T14:45:00+05:30,23535.75,23550.55,23484.15,23540.15
2024-11-14T14:15:00+05:30,23548.75,23550.25,23528.75,23536.7
2024-11-14T13:45:00+05:30,23524.3,23550.7,23516.1,23548.65
2024-11-14T13:15:00+05:30,23550.3,23570.8,23520.15,23524.45
2024-11-14T12:45:00+05:30,23521.6,23552.85,23518.65,23549.95
2024-11-14T12:15:00+05:30,23562.7,23563.85,23513.15,23522.05
2024-11-14T11:45:00+05:30,23513.3,23568.65,23499.05,23562.9
2024-11-14T11:15:00+05:30,23492,23525,23490.25,23513.4
2024-11-14T10:45:00+05:30,23588.5,23590.55,23486.1,23490.9
2024-11-14T10:15:00+05:30,23617.75,23621.65,23567.4,23587.65
2024-11-14T09:45:00+05:30,23575.05,23675.9,23558.8,23616.9
2024-11-14T09:15:00+05:30,23542.15,23645.3,23500.65,23575.05
2024-11-13T15:15:00+05:30,23544.95,23618.85,23544.95,23602.9
2024-11-13T14:45:00+05:30,23561.45,23586.75,23509.6,23543.8
2024-11-13T14:15:00+05:30,23656.65,23658.9,23549.15,23560.75
2024-11-13T13:45:00+05:30,23685.85,23722.3,23641,23656.15
2024-11-13T13:15:00+05:30,23674.45,23687.15,23636.1,23686.1
2024-11-13T12:45:00+05:30,23679.25,23687.35,23632.05,23673.55
2024-11-13T12:15:00+05:30,23684.9,23717.55,23678.15,23679.4
2024-11-13T11:45:00+05:30,23685.7,23727.8,23680.25,23684.2
2024-11-13T11:15:00+05:30,23709.9,23725.55,23682.8,23684.55
2024-11-13T10:45:00+05:30,23705.9,23782.25,23702.1,23710.3
2024-11-13T10:15:00+05:30,23695.35,23769.75,23679.35,23706.15
2024-11-13T09:45:00+05:30,23755.95,23807.05,23689.45,23694.55
2024-11-13T09:15:00+05:30,23822.45,23873.6,23753.55,23755.6
2024-11-12T15:15:00+05:30,23870.65,23883.95,23839.15,23842.95
2024-11-12T14:45:00+05:30,23944.7,23962.3,23866,23870.8
2024-11-12T14:15:00+05:30,23943.15,23992.55,23908.65,23944.15
2024-11-12T13:45:00+05:30,23927.2,23987.55,23924.45,23944.05
2024-11-12T13:15:00+05:30,23994,23994.05,23912.7,23929.45
2024-11-12T12:45:00+05:30,24050.35,24053.7,23981,23993.9
2024-11-12T12:15:00+05:30,24110.4,24129.15,24039.7,24050.05
2024-11-12T11:45:00+05:30,24131.65,24151.05,24100.3,24110.9
2024-11-12T11:15:00+05:30,24139.9,24160.95,24117.35,24131.2
2024-11-12T10:45:00+05:30,24132,24160.6,24103.6,24140.5
2024-11-12T10:15:00+05:30,24164.6,24201.8,24105.9,24132.7
2024-11-12T09:45:00+05:30,24154.3,24233.9,24120.15,24164.35
2024-11-12T09:15:00+05:30,24225.8,24242,24132.9,24153.9
2024-11-11T15:15:00+05:30,24160.95,24162.8,24118,24122.1
2024-11-11T14:45:00+05:30,24190.55,24204,24116.85,24158.3
2024-11-11T14:15:00+05:30,24107.45,24197.6,24080.6,24190.75
2024-11-11T13:45:00+05:30,24145.7,24158.75,24107.15,24107.5
2024-11-11T13:15:00+05:30,24223.15,24229.2,24138.6,24145.45
2024-11-11T12:45:00+05:30,24244.35,24256.95,24209.2,24222.6
2024-11-11T12:15:00+05:30,24253.7,24262.15,24202.15,24244.45
2024-11-11T11:45:00+05:30,24331.9,24333.55,24235,24253.6
2024-11-11T11:15:00+05:30,24309.35,24336.8,24298.5,24331.7
2024-11-11T10:45:00+05:30,24237.65,24312.35,24226.7,24309.65
2024-11-11T10:15:00+05:30,24122.95,24267.65,24111.8,24239.45
2024-11-11T09:45:00+05:30,24144.4,24178.7,24114.5,24123.15
2024-11-11T09:15:00+05:30,24087.25,24157.45,24004.6,24145.7
2024-11-08T15:15:00+05:30,24156.05,24160.05,24104.7,24110.35
2024-11-08T14:45:00+05:30,24169.55,24171.8,24138.9,24156.05
2024-11-08T14:15:00+05:30,24136.6,24172.3,24125,24169.45
2024-11-08T13:45:00+05:30,24152.55,24166.75,24130.65,24136.75
2024-11-08T13:15:00+05:30,24169.35,24183.65,24140.35,24151.9
2024-11-08T12:45:00+05:30,24146.8,24172.2,24132.8,24169.1
2024-11-08T12:15:00+05:30,24118.6,24148.05,24114.95,24146.65
2024-11-08T11:45:00+05:30,24143.6,24146.05,24105.75,24119.45
2024-11-08T11:15:00+05:30,24169,24173.75,24137.65,24144.2
2024-11-08T10:45:00+05:30,24171.05,24173.25,24152.2,24168.95
2024-11-08T10:15:00+05:30,24202.35,24215.7,24165.9,24171.15
2024-11-08T09:45:00+05:30,24183.3,24276.15,24146.35,24201.8
2024-11-08T09:15:00+05:30,24207.7,24223.9,24066.65,24183.55
2024-11-07T15:15:00+05:30,24198.55,24211.65,24189.75,24194.6
2024-11-07T14:45:00+05:30,24191.15,24205.75,24180.4,24198.75
2024-11-07T14:15:00+05:30,24216,24217.85,24185.05,24190.7
2024-11-07T13:45:00+05:30,24181.15,24218.15,24179.05,24215.4
2024-11-07T13:15:00+05:30,24221.5,24222.45,24179.45,24181.3
2024-11-07T12:45:00+05:30,24231.9,24239.05,24208.55,24220.85
2024-11-07T12:15:00+05:30,24199.35,24238.85,24193.2,24231.5
2024-11-07T11:45:00+05:30,24217.55,24218.4,24193.25,24198.85
2024-11-07T11:15:00+05:30,24232.65,24232.95,24183.3,24217.75
2024-11-07T10:45:00+05:30,24204.6,24260.35,24199.3,24233.2
2024-11-07T10:15:00+05:30,24222.45,24237.1,24181.95,24206.6
2024-11-07T09:45:00+05:30,24363.3,24382.45,24202.55,24221.75
2024-11-07T09:15:00+05:30,24489.6,24503.35,24326.4,24363.15
2024-11-06T15:15:00+05:30,24470.95,24500.25,24470.9,24493.9
2024-11-06T14:45:00+05:30,24472.65,24496.8,24447.65,24471.65
2024-11-06T14:15:00+05:30,24484.15,24537.6,24455.2,24470.85
2024-11-06T13:45:00+05:30,24465.8,24496.35,24463.25,24484.7
2024-11-06T13:15:00+05:30,24456.65,24480.15,24436.35,24465.35
2024-11-06T12:45:00+05:30,24421.85,24466.95,24405.45,24457.25
2024-11-06T12:15:00+05:30,24422.45,24443.95,24399.1,24422.05
2024-11-06T11:45:00+05:30,24391.9,24443.05,24386.25,24423.25
2024-11-06T11:15:00+05:30,24367,24393.15,24353.45,24391.75
2024-11-06T10:45:00+05:30,24298.45,24381.3,24296.1,24369.05
2024-11-06T10:15:00+05:30,24379.9,24390.55,24281.25,24299.45
2024-11-06T09:45:00+05:30,24346.4,24415.05,24340.5,24379.25
2024-11-06T09:15:00+05:30,24308.75,24352.75,24204.05,24346.4
2024-11-05T15:15:00+05:30,24207.4,24220.2,24189.3,24198.15
2024-11-05T14:45:00+05:30,24200.75,24229.05,24180.7,24207.7
2024-11-05T14:15:00+05:30,24165.45,24218.4,24157.75,24202.3
2024-11-05T13:45:00+05:30,24074.15,24171.2,24065.75,24164.1
2024-11-05T13:15:00+05:30,23915.85,24103.1,23897.25,24073.35
2024-11-05T12:45:00+05:30,23908.8,23951.3,23893.5,23915.05
2024-11-05T12:15:00+05:30,23874.5,23914.05,23848.45,23908.3
2024-11-05T11:45:00+05:30,23866.5,23899.1,23842.75,23874.5
2024-11-05T11:15:00+05:30,23981.05,23992.85,23858.8,23867.35
2024-11-05T10:45:00+05:30,23968.5,24001.25,23964.5,23981.95
2024-11-05T10:15:00+05:30,23970,24037.2,23938.85,23968.95
2024-11-05T09:45:00+05:30,23958.5,24016.9,23930.6,23969.95
2024-11-05T09:15:00+05:30,23916.5,24026.25,23908.65,23958.65
2024-11-04T15:15:00+05:30,23997.25,24011.45,23980.8,23990.95
2024-11-04T14:45:00+05:30,23953.4,24008.85,23953.4,23997.1
2024-11-04T14:15:00+05:30,23935.05,23976.55,23918.8,23952.85
2024-11-04T13:45:00+05:30,23882.4,23945.4,23879.9,23936.6
2024-11-04T13:15:00+05:30,23905.6,23916.4,23866.45,23882.3
2024-11-04T12:45:00+05:30,23885.95,23917.25,23854.9,23905.7
2024-11-04T12:15:00+05:30,23920.1,23940.3,23873.5,23886.05
2024-11-04T11:45:00+05:30,23871.55,23951,23856.45,23923.65
2024-11-04T11:15:00+05:30,23846.9,23898.1,23816.15,23871.9
2024-11-04T10:45:00+05:30,23923.85,23943.2,23824.05,23847.25
2024-11-04T10:15:00+05:30,23971.95,23996.15,23910.05,23924.3
2024-11-04T09:45:00+05:30,24067.5,24073.25,23948.95,23972.3
2024-11-04T09:15:00+05:30,24315.75,24316.75,24056.15,24069.75
2024-11-01T18:30:00+05:30,24326.45,24332.6,24280.2,24300.55
2024-11-01T18:00:00+05:30,24302.75,24368.25,24285.1,24326.8
2024-10-31T15:15:00+05:30,24208.95,24241.75,24189.5,24238.5
2024-10-31T14:45:00+05:30,24218.75,24225.25,24182.1,24210.7
2024-10-31T14:15:00+05:30,24186.5,24221.3,24172.6,24218.7
2024-10-31T13:45:00+05:30,24226.75,24235.2,24181.9,24187.1
2024-10-31T13:15:00+05:30,24214.55,24229.5,24199.1,24226.5
2024-10-31T12:45:00+05:30,24202.6,24220.55,24191.15,24214.35
2024-10-31T12:15:00+05:30,24236.6,24237,24197.6,24202.4
2024-10-31T11:45:00+05:30,24246.5,24247.65,24232,24236.8
2024-10-31T11:15:00+05:30,24252.65,24264.05,24232.4,24246.25
2024-10-31T10:45:00+05:30,24253.5,24269.5,24235.2,24253.15
2024-10-31T10:15:00+05:30,24274.7,24274.7,24250.05,24254.3
2024-10-31T09:45:00+05:30,24262,24304.65,24261.8,24274.05
2024-10-31T09:15:00+05:30,24349.85,24372.45,24234.3,24261.35
2024-10-30T15:15:00+05:30,24336.2,24359.15,24328,24350.3
2024-10-30T14:45:00+05:30,24358.7,24369.15,24330.35,24334.2
2024-10-30T14:15:00+05:30,24323,24368.45,24307.3,24359.05
2024-10-30T13:45:00+05:30,24369.7,24379.25,24321.6,24324.1
2024-10-30T13:15:00+05:30,24427.95,24430.75,24352.3,24369.1
2024-10-30T12:45:00+05:30,24450.8,24498.2,24415.45,24429.1
2024-10-30T12:15:00+05:30,24439.4,24458.45,24431.4,24451.1
2024-10-30T11:45:00+05:30,24450.4,24454.05,24414.4,24439.5
2024-10-30T11:15:00+05:30,24437.55,24467.1,24425.5,24450.9
2024-10-30T10:45:00+05:30,24402.75,24449.3,24399.1,24437.15
2024-10-30T10:15:00+05:30,24418.2,24429.3,24380.6,24403.15
2024-10-30T09:45:00+05:30,24403.3,24425.55,24372.55,24418.25
2024-10-30T09:15:00+05:30,24371.45,24436.45,24337.6,24401.05
2024-10-29T15:15:00+05:30,24473.95,24476.3,24451.85,24454
2024-10-29T14:45:00+05:30,24433.75,24484.5,24425.75,24474.25
2024-10-29T14:15:00+05:30,24417,24444.65,24389.65,24434.05
2024-10-29T13:45:00+05:30,24299.8,24418.75,24279.05,24417.5
2024-10-29T13:15:00+05:30,24325.4,24333.65,24269.1,24300.25
2024-10-29T12:45:00+05:30,24303.9,24346.8,24292.7,24323.3
2024-10-29T12:15:00+05:30,24293.6,24310,24270.75,24303.95
2024-10-29T11:45:00+05:30,24239.15,24294.55,24223.7,24293.75
2024-10-29T11:15:00+05:30,24194.4,24246.95,24177.95,24239.7
2024-10-29T10:45:00+05:30,24170.5,24209.35,24140.85,24192.15
2024-10-29T10:15:00+05:30,24226.1,24242.5,24170.15,24170.65
2024-10-29T09:45:00+05:30,24217,24241.8,24158.25,24225.15
2024-10-29T09:15:00+05:30,24328.85,24378.65,24206.75,24218.2
2024-10-28T15:15:00+05:30,24344.4,24368.75,24330.4,24367.7
2024-10-28T14:45:00+05:30,24399.65,24410,24305.75,24343.9
2024-10-28T14:15:00+05:30,24381.9,24423.45,24367.1,24398.25
2024-10-28T13:45:00+05:30,24417.35,24436.4,24367.4,24382.4
2024-10-28T13:15:00+05:30,24423.55,24459.3,24405.15,24418
2024-10-28T12:45:00+05:30,24450.45,24456.6,24396,24421.55
2024-10-28T12:15:00+05:30,24480.3,24492.6,24450.85,24451.8
2024-10-28T11:45:00+05:30,24427.65,24481.25,24402.7,24480.5
2024-10-28T11:15:00+05:30,24399.6,24428.55,24389.75,24427.85
2024-10-28T10:45:00+05:30,24420.2,24440.4,24356.4,24399.35
2024-10-28T10:15:00+05:30,24292.65,24428.65,24292.4,24419.35
2024-10-28T09:45:00+05:30,24147.9,24300.5,24134.9,24291.8
2024-10-28T09:15:00+05:30,24251.1,24292.9,24145.65,24148.85
2024-10-25T15:15:00+05:30,24173.15,24225.55,24171.4,24211.8
2024-10-25T14:45:00+05:30,24094.5,24179.4,24091.05,24172.4
2024-10-25T14:15:00+05:30,24101.9,24107.25,24073.9,24093.35
2024-10-25T13:45:00+05:30,24130.4,24134.2,24098.3,24101.6
2024-10-25T13:15:00+05:30,24126.1,24132.55,24092,24130.15
2024-10-25T12:45:00+05:30,24121.05,24140.7,24106.9,24126.55
2024-10-25T12:15:00+05:30,24137.05,24148.25,24093.95,24121.95
2024-10-25T11:45:00+05:30,24147.25,24164.4,24123.8,24137.75
2024-10-25T11:15:00+05:30,24170.75,24213.75,24128.35,24149.7
2024-10-25T10:45:00+05:30,24189.15,24189.4,24113.05,24170
2024-10-25T10:15:00+05:30,24237.8,24268.7,24181.75,24187.5
2024-10-25T09:45:00+05:30,24333.1,24369.15,24233.75,24238.85
2024-10-25T09:15:00+05:30,24418.05,24440.25,24312.4,24333.45
2024-10-24T15:15:00+05:30,24398.6,24417.65,24395.8,24414.6
2024-10-24T14:45:00+05:30,24400.8,24419.05,24387.05,24398.6
2024-10-24T14:15:00+05:30,24386.1,24404.7,24367.8,24400.2
2024-10-24T13:45:00+05:30,24392.75,24405.8,24381.85,24386.3
2024-10-24T13:15:00+05:30,24395.3,24406.75,24385.7,24390.55
2024-10-24T12:45:00+05:30,24412.55,24416.9,24391.85,24395.25
2024-10-24T12:15:00+05:30,24402.75,24417.65,24396.6,24413.25
2024-10-24T11:45:00+05:30,24417.75,24418.5,24397.55,24402.8
2024-10-24T11:15:00+05:30,24398,24421.2,24392.45,24418
2024-10-24T10:45:00+05:30,24424.35,24431.1,24394.8,24398
2024-10-24T10:15:00+05:30,24446,24451.65,24412.75,24424.25
2024-10-24T09:45:00+05:30,24362.15,24450.9,24351.55,24445.7
2024-10-24T09:15:00+05:30,24412.7,24480.65,24341.2,24362.2
2024-10-23T15:15:00+05:30,24426.8,24441,24417.1,24436
2024-10-23T14:45:00+05:30,24428.65,24461.85,24422.4,24427.2
2024-10-23T14:15:00+05:30,24487.05,24488.65,24423.75,24429.5
2024-10-23T13:45:00+05:30,24543.75,24550.05,24481.75,24485.4
2024-10-23T13:15:00+05:30,24547.35,24566.85,24521.9,24543.8
2024-10-23T12:45:00+05:30,24557.1,24584.1,24540.05,24547.2
2024-10-23T12:15:00+05:30,24539.8,24569.5,24502.8,24556.5
2024-10-23T11:45:00+05:30,24582.1,24604.25,24529.2,24539.35
2024-10-23T11:15:00+05:30,24557.25,24596.25,24549.15,24582.4
2024-10-23T10:45:00+05:30,24497.35,24597.1,24493.8,24557.75
2024-10-23T10:15:00+05:30,24517.3,24556.55,24455,24497.15
2024-10-23T09:45:00+05:30,24407.6,24540,24407.1,24516.3
2024-10-23T09:15:00+05:30,24378.15,24521.4,24378.1,24407.75
2024-10-22T15:15:00+05:30,24448.1,24486.6,24447.85,24481.75
2024-10-22T14:45:00+05:30,24554.75,24562.85,24445.8,24449.35
2024-10-22T14:15:00+05:30,24633,24633.45,24541.15,24554.8
2024-10-22T13:45:00+05:30,24591.75,24632.75,24580.25,24632.55
2024-10-22T13:15:00+05:30,24621.9,24622.05,24569.75,24592
2024-10-22T12:45:00+05:30,24633.4,24634.1,24587.65,24621.6
2024-10-22T12:15:00+05:30,24653.7,24702,24615.45,24632.2
2024-10-22T11:45:00+05:30,24647.1,24696.25,24626.9,24653.7
2024-10-22T11:15:00+05:30,24729.2,24734.35,24637.15,24644.15
2024-10-22T10:45:00+05:30,24669.85,24741.45,24657.45,24729.7
2024-10-22T10:15:00+05:30,24757.05,24769.5,24636.75,24668.9
2024-10-22T09:45:00+05:30,24850.15,24882,24750.55,24757.85
2024-10-22T09:15:00+05:30,24798.65,24854.05,24755.35,24851.3
2024-10-21T15:15:00+05:30,24790.9,24791.8,24736.05,24739.45
2024-10-21T14:45:00+05:30,24831.7,24832.95,24768.55,24791.25
2024-10-21T14:15:00+05:30,24820.3,24870,24812.35,24831.45
2024-10-21T13:45:00+05:30,24778.95,24878.9,24765.7,24819.7
2024-10-21T13:15:00+05:30,24751.4,24815.75,24751.3,24778.65
2024-10-21T12:45:00+05:30,24760.25,24762.25,24720.4,24751.7
2024-10-21T12:15:00+05:30,24720.35,24761.45,24710.95,24760.3
2024-10-21T11:45:00+05:30,24765.25,24770.2,24720.8,24720.95
2024-10-21T11:15:00+05:30,24808.65,24814.6,24747.9,24764.95
2024-10-21T10:45:00+05:30,24818.65,24843.35,24794.95,24808.6
2024-10-21T10:15:00+05:30,24806.1,24834.05,24779.9,24818
2024-10-21T09:45:00+05:30,24773.95,24866.05,24679.6,24804.05
2024-10-21T09:15:00+05:30,24956.15,24978.3,24746.7,24772.25
2024-10-18T15:15:00+05:30,24842.35,24876.4,24837.95,24862.65
2024-10-18T14:45:00+05:30,24863.25,24886.2,24833.55,24842.85
2024-10-18T14:15:00+05:30,24871.1,24885.5,24855.55,24862.45
2024-10-18T13:45:00+05:30,24867.65,24885.85,24848.65,24871
2024-10-18T13:15:00+05:30,24819.8,24870.05,24818.55,24868.05
2024-10-18T12:45:00+05:30,24851.05,24857.7,24811.35,24820.9
2024-10-18T12:15:00+05:30,24785.85,24869.15,24784.25,24850.55
2024-10-18T11:45:00+05:30,24783.5,24816.15,24763.25,24785.5
2024-10-18T11:15:00+05:30,24719.6,24794.5,24689.7,24783.1
2024-10-18T10:45:00+05:30,24729.25,24754,24693.5,24719.35
2024-10-18T10:15:00+05:30,24671.45,24745.95,24660.25,24729.5
2024-10-18T09:45:00+05:30,24654.35,24705.9,24611.85,24671.2
2024-10-18T09:15:00+05:30,24664.95,24694.95,24567.65,24654.7
2024-10-17T15:15:00+05:30,24760.1,24766.5,24737.35,24750.2
2024-10-17T14:45:00+05:30,24734.6,24761.4,24730,24759.35
2024-10-17T14:15:00+05:30,24741.35,24770.05,24728.9,24734.8
2024-10-17T13:45:00+05:30,24773.4,24774,24736.65,24741.9
2024-10-17T13:15:00+05:30,24786.45,24790.95,24755.2,24773.25
2024-10-17T12:45:00+05:30,24773.95,24798.5,24755.85,24786.75
2024-10-17T12:15:00+05:30,24779.7,24797.9,24773.3,24774.65
2024-10-17T11:45:00+05:30,24779.6,24796.7,24769.95,24778.45
2024-10-17T11:15:00+05:30,24791.55,24813.9,24771.5,24779.45
2024-10-17T10:45:00+05:30,24847.2,24853.55,24790.1,24790.95
2024-10-17T10:15:00+05:30,24832.1,24860.65,24797.4,24846.65
2024-10-17T09:45:00+05:30,24850.45,24850.45,24802.15,24831.95
2024-10-17T09:15:00+05:30,25027.4,25029.5,24839.1,24850.2
2024-10-16T15:15:00+05:30,24967.7,24968.7,24951,24959.9
2024-10-16T14:45:00+05:30,25024.45,25024.6,24964.85,24968.2
2024-10-16T14:15:00+05:30,25013.15,25059.85,25009.2,25023.9
2024-10-16T13:45:00+05:30,24971.75,25024.05,24962.05,25014.1
2024-10-16T13:15:00+05:30,24983.9,24989.15,24964.9,24971.5
2024-10-16T12:45:00+05:30,24951.25,24986.3,24936.9,24983.35
2024-10-16T12:15:00+05:30,24947.45,24969.2,24933.55,24951.2
2024-10-16T11:45:00+05:30,24937.05,24962.5,24908.45,24948.05
2024-10-16T11:15:00+05:30,25014.2,25016.5,24930.4,24935.9
2024-10-16T10:45:00+05:30,25024.05,25039.65,25009.15,25015.1
2024-10-16T10:15:00+05:30,25059.9,25073.85,25021.25,25023.6
2024-10-16T09:45:00+05:30,25078.75,25093.4,25043.75,25059.5
2024-10-16T09:15:00+05:30,25008.55,25084.05,24994.65,25078.75
2024-10-15T15:15:00+05:30,25052.85,25079.1,25050.65,25065.15
2024-10-15T14:45:00+05:30,25035.9,25068,25022.15,25052.65
2024-10-15T14:15:00+05:30,25046.1,25069.7,25024.45,25035.95
2024-10-15T13:45:00+05:30,25063.25,25072.2,25033.25,25046.9
2024-10-15T13:15:00+05:30,25025.3,25066.2,25022.6,25064.05
2024-10-15T12:45:00+05:30,25068.75,25077.5,25008.15,25025.35
2024-10-15T12:15:00+05:30,25072.2,25072.55,25053.55,25068.55
2024-10-15T11:45:00+05:30,25056.35,25089.95,25044.65,25072.15
2024-10-15T11:15:00+05:30,25072.65,25075.05,25037.6,25056.5
2024-10-15T10:45:00+05:30,25088.65,25097.65,25063.35,25072.5
2024-10-15T10:15:00+05:30,25055.65,25097.2,25014.1,25089.25
2024-10-15T09:45:00+05:30,25158.1,25160.05,25041.6,25055.3
2024-10-15T09:15:00+05:30,25186.3,25212.05,25155.95,25157.55
2024-10-14T15:15:00+05:30,25122.65,25148.1,25120.55,25142.3
2024-10-14T14:45:00+05:30,25135.9,25139.55,25110.1,25123.2
2024-10-14T14:15:00+05:30,25133.5,25146.3,25118.7,25136.2
2024-10-14T13:45:00+05:30,25113.25,25141.2,25108.8,25133.5
2024-10-14T13:15:00+05:30,25105.6,25127.7,25097.4,25112.6
2024-10-14T12:45:00+05:30,25138.15,25141.35,25102.25,25105.45
2024-10-14T12:15:00+05:30,25154.85,25157.6,25113.95,25137.7
2024-10-14T11:45:00+05:30,25130.2,25159.75,25129.45,25154.6
2024-10-14T11:15:00+05:30,25102.35,25136.65,25100.35,25129.95
2024-10-14T10:45:00+05:30,25092.35,25105.55,25073.85,25101.5
2024-10-14T10:15:00+05:30,25100.4,25118.4,25078.35,25092.15
2024-10-14T09:45:00+05:30,25091.7,25131.95,25086.25,25100.15
2024-10-14T09:15:00+05:30,25023.45,25093.25,25017.5,25092
2024-10-11T15:15:00+05:30,24961.7,24979.3,24958.25,24975.05
2024-10-11T14:45:00+05:30,24964.05,24975.45,24948.3,24962.75
2024-10-11T14:15:00+05:30,24952.85,24972.25,24942.35,24965.55
2024-10-11T13:45:00+05:30,24952.15,24974.65,24949.7,24953.35
2024-10-11T13:15:00+05:30,24961.4,24979.9,24949.3,24953.6
2024-10-11T12:45:00+05:30,24949.05,24968.7,24945.4,24961.3
2024-10-11T12:15:00+05:30,24945.45,24969.1,24936.9,24948.75
2024-10-11T11:45:00+05:30,24931.05,24954.8,24927.25,24945.55
2024-10-11T11:15:00+05:30,24953.15,24961.05,24920.05,24930.7
2024-10-11T10:45:00+05:30,24972.85,24988.5,24931.4,24952.5
2024-10-11T10:15:00+05:30,25022.3,25024.35,24961.25,24974.1
2024-10-11T09:45:00+05:30,24975,25028.65,24971.9,25022.25
2024-10-11T09:15:00+05:30,24985.3,25012.15,24934.35,24975.8
2024-10-10T15:15:00+05:30,24998.2,25019.6,24979.4,25007.55
2024-10-10T14:45:00+05:30,25004.65,25010.85,24982.15,24998.55
2024-10-10T14:15:00+05:30,25020.2,25037.55,24999.7,25003.15
2024-10-10T13:45:00+05:30,25021.35,25029.35,25006.55,25021.3
2024-10-10T13:15:00+05:30,25035.15,25053.8,25012.35,25021.75
2024-10-10T12:45:00+05:30,25025.55,25037.7,25005.75,25035.4
2024-10-10T12:15:00+05:30,25032.7,25051.1,25021.65,25026.3
2024-10-10T11:45:00+05:30,25005.5,25050.6,25004,25032.5
2024-10-10T11:15:00+05:30,25024.75,25035.05,24990.5,25004.95
2024-10-10T10:45:00+05:30,25058,25079.1,25022.4,25025.05
2024-10-10T10:15:00+05:30,25115.95,25134.05,25043.2,25058.4
2024-10-10T09:45:00+05:30,25011.3,25130.35,24995.85,25116.95
2024-10-10T09:15:00+05:30,25067.05,25083.5,25010.8,25013.75
2024-10-09T15:15:00+05:30,24971.6,25020.6,24971,25019.55
2024-10-09T14:45:00+05:30,25032,25066.6,24947.7,24971.15
2024-10-09T14:15:00+05:30,25108.95,25109.9,25033.9,25034.3
2024-10-09T13:45:00+05:30,25104,25141.15,25098.15,25109.55
2024-10-09T13:15:00+05:30,25103,25120.65,25062.3,25104.1
2024-10-09T12:45:00+05:30,25133.95,25159.75,25103,25104.35
2024-10-09T12:15:00+05:30,25118.95,25155.65,25102.15,25134.8
2024-10-09T11:45:00+05:30,25161.95,25178.1,25096.45,25117.75
2024-10-09T11:15:00+05:30,25214.9,25234.05,25162.5,25164.7
2024-10-09T10:45:00+05:30,25180.8,25221.45,25177.75,25215.6
2024-10-09T10:15:00+05:30,25170.5,25193,25109.5,25179.85
2024-10-09T09:45:00+05:30,25086.2,25190.35,25031.35,25171
2024-10-09T09:15:00+05:30,25065.8,25091.85,25041.15,25086.55
2024-10-08T15:15:00+05:30,25010.7,25042.3,25009.55,25039.5
2024-10-08T14:45:00+05:30,24967.8,25024.65,24925.1,25010.95
2024-10-08T14:15:00+05:30,25036.85,25044,24964,24969.2
2024-10-08T13:45:00+05:30,24994.85,25042.7,24994.5,25036.25
2024-10-08T13:15:00+05:30,24974.55,25014.65,24939.95,24994.6
2024-10-08T12:45:00+05:30,24915.25,24985.15,24885.95,24975.15
2024-10-08T12:15:00+05:30,24930.15,24946.9,24901.4,24915.5
2024-10-08T11:45:00+05:30,24961.55,24972,24896.25,24930.3
2024-10-08T11:15:00+05:30,24938.95,24989.85,24923.25,24960.7
2024-10-08T10:45:00+05:30,24921.65,24959.7,24880.9,24937.9
2024-10-08T10:15:00+05:30,24828.3,24942.8,24805.65,24922.25
2024-10-08T09:45:00+05:30,24802.4,24901.15,24802.4,24827.85
2024-10-08T09:15:00+05:30,24832.2,24865.1,24756.8,24802.35
2024-10-07T15:15:00+05:30,24779.45,24832.4,24775.2,24819
2024-10-07T14:45:00+05:30,24817,24923.2,24767.45,24778.15
2024-10-07T14:15:00+05:30,24761.55,24816.65,24718.85,24816.65
2024-10-07T13:45:00+05:30,24730.5,24835.6,24699.3,24763.1
2024-10-07T13:15:00+05:30,24796.95,24813.05,24694.35,24730.55
2024-10-07T12:45:00+05:30,24880.1,24880.1,24770,24793.85
2024-10-07T12:15:00+05:30,24924.75,24960.05,24875.3,24878.75
2024-10-07T11:45:00+05:30,24948,24976.85,24880.55,24925.45
2024-10-07T11:15:00+05:30,24888.85,25005.9,24887.6,24948.5
2024-10-07T10:45:00+05:30,24971.4,24976.9,24798.65,24889.7
2024-10-07T10:15:00+05:30,25059.45,25079.75,24964.7,24972.35
2024-10-07T09:45:00+05:30,25072.9,25086.25,25018.55,25058.8
2024-10-07T09:15:00+05:30,25084.1,25143,25049.9,25071.95
2024-10-04T15:15:00+05:30,25021.45,25049.65,25016.85,25049.1
2024-10-04T14:45:00+05:30,24994.75,25029,24966.8,25020.95
2024-10-04T14:15:00+05:30,25045.4,25064.35,24992.2,24993.95
2024-10-04T13:45:00+05:30,25059.95,25096.2,25031.95,25045.4
2024-10-04T13:15:00+05:30,25112.7,25122.45,25022.6,25061.4
2024-10-04T12:45:00+05:30,25202.95,25271.5,25077.1,25114.4
2024-10-04T12:15:00+05:30,25468.15,25485.05,25195.5,25203.1
2024-10-04T11:45:00+05:30,25327.4,25471.25,25312.45,25468.85
2024-10-04T11:15:00+05:30,25332,25346.1,25278.9,25326.05
2024-10-04T10:45:00+05:30,25284.35,25360.3,25275.1,25332.6
2024-10-04T10:15:00+05:30,25212,25285.1,25175.45,25282.9
2024-10-04T09:45:00+05:30,25189.3,25294.05,25158,25213.7
2024-10-04T09:15:00+05:30,25181.9,25287.9,25094.55,25189.55
2024-10-03T15:15:00+05:30,25259.3,25274.1,25245.85,25266
2024-10-03T14:45:00+05:30,25248.15,25273.85,25238.05,25258.45
2024-10-03T14:15:00+05:30,25275.65,25277.8,25230.3,25248.05
2024-10-03T13:45:00+05:30,25283.85,25298.65,25231.9,25276.55
2024-10-03T13:15:00+05:30,25350.35,25351.95,25280.35,25284.25
2024-10-03T12:45:00+05:30,25396.55,25396.65,25344.75,25349.55
2024-10-03T12:15:00+05:30,25391.4,25414.3,25368.7,25396.95
2024-10-03T11:45:00+05:30,25402.2,25421.55,25382.85,25391.2
2024-10-03T11:15:00+05:30,25491.5,25492.15,25397.4,25401.85
2024-10-03T10:45:00+05:30,25515.55,25518.85,25487.3,25491.95
2024-10-03T10:15:00+05:30,25529.35,25545,25500.6,25516.4
2024-10-03T09:45:00+05:30,25616.6,25632.25,25523.55,25528.9
2024-10-03T09:15:00+05:30,25452.85,25639.45,25451.6,25616.75
2024-10-01T15:15:00+05:30,25788.4,25816.35,25785.35,25812.55
2024-10-01T14:45:00+05:30,25757.65,25819.2,25757.55,25788.05
2024-10-01T14:15:00+05:30,25795.05,25803.5,25754.6,25757.6
2024-10-01T13:45:00+05:30,25798.05,25809.45,25781.7,25795.4
2024-10-01T13:15:00+05:30,25792.75,25822.6,25781.15,25798.4
2024-10-01T12:45:00+05:30,25771.25,25794.15,25755.1,25793.85
2024-10-01T12:15:00+05:30,25822.45,25838.85,25762.75,25771.1
2024-10-01T11:45:00+05:30,25785.95,25837.85,25785.95,25822.95
2024-10-01T11:15:00+05:30,25745.45,25791.5,25742.9,25786
2024-10-01T10:45:00+05:30,25759.15,25792.45,25739.2,25745.75
2024-10-01T10:15:00+05:30,25824.6,25831.8,25743.45,25759.35
2024-10-01T09:45:00+05:30,25861.3,25873,25822.35,25824.05
2024-10-01T09:15:00+05:30,25788.45,25907.6,25788.05,25861.3
2024-09-30T15:15:00+05:30,25813,25829.1,25794.1,25822.8
2024-09-30T14:45:00+05:30,25803.2,25854.9,25796.65,25812.25
2024-09-30T14:15:00+05:30,25827.55,25836,25797,25803.35
2024-09-30T13:45:00+05:30,25858.85,25872.9,25828.25,25829.15
2024-09-30T13:15:00+05:30,25877.15,25877.85,25824.4,25859.3
2024-09-30T12:45:00+05:30,25894.75,25908.7,25863.05,25877.1
2024-09-30T12:15:00+05:30,25894.8,25909.1,25885.9,25894.4
2024-09-30T11:45:00+05:30,25892.8,25915,25882.3,25895.15
2024-09-30T11:15:00+05:30,25930,25939.3,25891.4,25892.5
2024-09-30T10:45:00+05:30,25970.1,25976.75,25921,25928.65
2024-09-30T10:15:00+05:30,25983.25,25995.15,25943.15,25970.05
2024-09-30T09:45:00+05:30,26022.6,26022.6,25961.55,25982.55
2024-09-30T09:15:00+05:30,26061.3,26134.7,26012.1,26021.7
2024-09-27T15:15:00+05:30,26194.1,26197,26157.7,26175
2024-09-27T14:45:00+05:30,26191.8,26206.8,26151.4,26195.15
2024-09-27T14:15:00+05:30,26185.5,26211.95,26180.55,26191.85
2024-09-27T13:45:00+05:30,26200.55,26230.85,26174.25,26186.8
2024-09-27T13:15:00+05:30,26189.8,26201,26166.95,26201
2024-09-27T12:45:00+05:30,26213.3,26222.5,26179.6,26189.85
2024-09-27T12:15:00+05:30,26236.45,26249.4,26213.75,26214
2024-09-27T11:45:00+05:30,26222.6,26243.6,26206.95,26236.75
2024-09-27T11:15:00+05:30,26241.45,26241.45,26207.9,26222.25
2024-09-27T10:45:00+05:30,26266.75,26272.95,26214,26241
2024-09-27T10:15:00+05:30,26262.2,26277.35,26255.85,26266.45
2024-09-27T09:45:00+05:30,26240.65,26271.85,26238.5,26262.25
2024-09-27T09:15:00+05:30,26248.25,26250.55,26208.9,26240.85
2024-09-26T15:15:00+05:30,26206.45,26220.55,26174.1,26184.65
2024-09-26T14:45:00+05:30,26189.05,26250.9,26171.4,26207.55
2024-09-26T14:15:00+05:30,26087.05,26193.3,26085.45,26189.9
2024-09-26T13:45:00+05:30,26092.4,26101.25,26034.65,26087.2
2024-09-26T13:15:00+05:30,26090.45,26113.95,26087.15,26092.75
2024-09-26T12:45:00+05:30,26095.25,26112.95,26063.6,26091.8
2024-09-26T12:15:00+05:30,26095.3,26111.4,26078.65,26094.2
2024-09-26T11:45:00+05:30,26071.15,26098,26069.4,26095.6
2024-09-26T11:15:00+05:30,26073.5,26078.15,26055,26070.8
2024-09-26T10:45:00+05:30,26064.6,26078.2,26056.35,26073.3
2024-09-26T10:15:00+05:30,26062.55,26087.8,26048.75,26065.9
2024-09-26T09:45:00+05:30,26030.25,26075.2,26027.1,26063.55
2024-09-26T09:15:00+05:30,26005.4,26056,25998.4,26031.15
2024-09-25T15:15:00+05:30,26017.3,26032.8,26008.05,26013.5
2024-09-25T14:45:00+05:30,25937.6,26028.95,25923,26017.55
2024-09-25T14:15:00+05:30,25946,25949.65,25926.15,25937.8
2024-09-25T13:45:00+05:30,25907.3,25950.45,25906.25,25945.45
2024-09-25T13:15:00+05:30,25884.5,25919.95,25884.4,25907.7
2024-09-25T12:45:00+05:30,25884.8,25899.95,25881.95,25884.6
2024-09-25T12:15:00+05:30,25879.2,25896.2,25875.35,25883.9
2024-09-25T11:45:00+05:30,25903.6,25903.6,25871.35,25880.15
2024-09-25T11:15:00+05:30,25915,25930.9,25901.75,25902.6
2024-09-25T10:45:00+05:30,25918.6,25928.05,25910.6,25914.95
2024-09-25T10:15:00+05:30,25911.2,25927.05,25900.9,25918.45
2024-09-25T09:45:00+05:30,25939.35,25954.15,25904.15,25911.25
2024-09-25T09:15:00+05:30,25899.45,25951.75,25891.7,25939.5
2024-09-24T15:15:00+05:30,25943.8,25959.15,25939.8,25951.9
2024-09-24T14:45:00+05:30,25979.7,26011.55,25918.65,25944.15
2024-09-24T14:15:00+05:30,25973.3,25993.4,25960.5,25979.1
2024-09-24T13:45:00+05:30,25967.4,25984.25,25960.6,25973.4
2024-09-24T13:15:00+05:30,25964.6,25972,25951.1,25967.75
2024-09-24T12:45:00+05:30,25947.65,25966.75,25946.3,25964.35
2024-09-24T12:15:00+05:30,25921.4,25951.95,25920.1,25947.4
2024-09-24T11:45:00+05:30,25922.85,25931.75,25905.75,25921.55
2024-09-24T11:15:00+05:30,25948.5,25948.85,25918.5,25922.4
2024-09-24T10:45:00+05:30,25951.55,25961.85,25937.55,25948.95
2024-09-24T10:15:00+05:30,25956.3,25981.5,25947,25951.3
2024-09-24T09:45:00+05:30,25954.95,25978.9,25947.95,25956.15
2024-09-24T09:15:00+05:30,25921.45,25959.05,25886.85,25955.6
2024-09-23T15:15:00+05:30,25940.85,25947.1,25923.35,25930.15
2024-09-23T14:45:00+05:30,25929.8,25956,25919.9,25938.75
2024-09-23T14:15:00+05:30,25906.9,25936.8,25906.1,25928.35
2024-09-23T13:45:00+05:30,25905.05,25913.6,25897.35,25907.2
2024-09-23T13:15:00+05:30,25884.1,25907.45,25880.1,25905.15
2024-09-23T12:45:00+05:30,25870.7,25895.7,25861.6,25883.6
2024-09-23T12:15:00+05:30,25866.8,25875.15,25857.1,25870.8
2024-09-23T11:45:00+05:30,25863.7,25880.25,25847.35,25867.25
2024-09-23T11:15:00+05:30,25882.1,25886.15,25854.2,25863.85
2024-09-23T10:45:00+05:30,25874.5,25892.65,25868.05,25881.45
2024-09-23T10:15:00+05:30,25897.4,25901.65,25859.65,25874.45
2024-09-23T09:45:00+05:30,25891.05,25925.8,25891.05,25897.05
2024-09-23T09:15:00+05:30,25872.55,25911.7,25849.5,25891.8
2024-09-20T15:15:00+05:30,25793.65,25849.25,25783,25820.35
2024-09-20T14:45:00+05:30,25646.3,25803.5,25646.2,25792.85
2024-09-20T14:15:00+05:30,25676.3,25724.9,25593.75,25644.85
2024-09-20T13:45:00+05:30,25548.5,25732.45,25545,25674.9
2024-09-20T13:15:00+05:30,25784.75,25806.95,25487.35,25551.85
2024-09-20T12:45:00+05:30,25723.05,25804.85,25717.15,25786.05
2024-09-20T12:15:00+05:30,25710.4,25728.35,25687.8,25723.7
2024-09-20T11:45:00+05:30,25689.2,25726.65,25682.2,25710.1
2024-09-20T11:15:00+05:30,25702.2,25725.6,25666.2,25689.15
2024-09-20T10:45:00+05:30,25677.6,25716.65,25629.95,25702.25
2024-09-20T10:15:00+05:30,25554.25,25686.9,25541.65,25677.65
2024-09-20T09:45:00+05:30,25459.9,25610.1,25452.8,25553.55
2024-09-20T09:15:00+05:30,25525.95,25547.85,25426.6,25459.8
2024-09-19T15:15:00+05:30,25424.55,25453.7,25406.85,25445
2024-09-19T14:45:00+05:30,25403.25,25427.55,25388.6,25426.25
2024-09-19T14:15:00+05:30,25400.5,25424.25,25394.05,25404.8
2024-09-19T13:45:00+05:30,25404.3,25416.35,25376.05,25403.1
2024-09-19T13:15:00+05:30,25396.35,25426.55,25384.5,25404.55
2024-09-19T12:45:00+05:30,25458.4,25467.65,25395.85,25395.85
2024-09-19T12:15:00+05:30,25442.2,25467.5,25429.6,25458.25
2024-09-19T11:45:00+05:30,25423.65,25464.95,25390.2,25442.6
2024-09-19T11:15:00+05:30,25506,25509.95,25402.1,25423.7
2024-09-19T10:45:00+05:30,25498.1,25530.2,25477.55,25505.8
2024-09-19T10:15:00+05:30,25513,25530.05,25487.65,25497.75
2024-09-19T09:45:00+05:30,25604.8,25611.95,25499.6,25513.05
2024-09-19T09:15:00+05:30,25487.05,25605.8,25481.7,25604.95
2024-09-18T15:15:00+05:30,25381.75,25392.7,25342.35,25343.45
2024-09-18T14:45:00+05:30,25335.25,25409.1,25335.25,25382.35
2024-09-18T14:15:00+05:30,25343.3,25372.2,25329,25336.4
2024-09-18T13:45:00+05:30,25331.6,25385.25,25321.9,25343.05
2024-09-18T13:15:00+05:30,25374.15,25384.8,25285.55,25331.4
2024-09-18T12:45:00+05:30,25475.6,25482.2,25372.5,25374.4
2024-09-18T12:15:00+05:30,25461.55,25481.8,25459.45,25476.3
2024-09-18T11:45:00+05:30,25460.05,25472.5,25452.7,25462.7
2024-09-18T11:15:00+05:30,25460.35,25470.95,25447.35,25462.1
2024-09-18T10:45:00+05:30,25467.45,25478.6,25447.95,25461.25
2024-09-18T10:15:00+05:30,25413.8,25469.65,25408.1,25466.5
2024-09-18T09:45:00+05:30,25434.4,25443.1,25408.7,25413.9
2024-09-18T09:15:00+05:30,25402.4,25434.05,25380.8,25433.7
2024-09-17T15:15:00+05:30,25418.8,25421.55,25404.8,25407.15
2024-09-17T14:45:00+05:30,25422.75,25429.7,25408.45,25418.45
2024-09-17T14:15:00+05:30,25425.3,25438.35,25410.9,25422.6
2024-09-17T13:45:00+05:30,25435.95,25441.65,25422,25426.2
2024-09-17T13:15:00+05:30,25424.8,25437.95,25412.6,25436.95
2024-09-17T12:45:00+05:30,25426.8,25436.85,25421.1,25425.7
2024-09-17T12:15:00+05:30,25411.85,25428.9,25404.05,25427.1
2024-09-17T11:45:00+05:30,25407,25423.6,25405.6,25412.55
2024-09-17T11:15:00+05:30,25405.7,25432.7,25399.2,25407.45
2024-09-17T10:45:00+05:30,25401.95,25415.85,25390.6,25401.4
2024-09-17T10:15:00+05:30,25374.8,25409.5,25368.1,25402.85
2024-09-17T09:45:00+05:30,25390.25,25397.25,25352.25,25373.9
2024-09-17T09:15:00+05:30,25416.9,25416.9,25356.85,25389.95
2024-09-16T15:15:00+05:30,25386.45,25390.3,25375.5,25377.2
2024-09-16T14:45:00+05:30,25388.8,25397.9,25384.95,25386.4
2024-09-16T14:15:00+05:30,25405.35,25406.85,25379.3,25389.7
2024-09-16T13:45:00+05:30,25412.9,25422.4,25392.85,25405.1
2024-09-16T13:15:00+05:30,25374.6,25413,25372.35,25411.95
2024-09-16T12:45:00+05:30,25374.1,25381.6,25365.65,25374.5
2024-09-16T12:15:00+05:30,25353.15,25376.65,25336.2,25374.05
2024-09-16T11:45:00+05:30,25366.25,25378.8,25345.6,25353.25
2024-09-16T11:15:00+05:30,25385,25396.6,25358.15,25366.35
2024-09-16T10:45:00+05:30,25401.15,25411.95,25365.8,25384.15
2024-09-16T10:15:00+05:30,25410,25420.05,25389.75,25401.45
2024-09-16T09:45:00+05:30,25434.9,25445.7,25409.2,25409.35
2024-09-16T09:15:00+05:30,25406.65,25435.75,25366,25434.85
2024-09-13T15:15:00+05:30,25354.45,25366.8,25340.9,25343.55
2024-09-13T14:45:00+05:30,25365.6,25383.1,25331.8,25354.45
2024-09-13T14:15:00+05:30,25385.15,25388.8,25355.55,25365.45
2024-09-13T13:45:00+05:30,25364.7,25392.05,25357,25385.5
2024-09-13T13:15:00+05:30,25384.55,25386.2,25346.6,25364.8
2024-09-13T12:45:00+05:30,25378.95,25390.65,25370.6,25385.15
2024-09-13T12:15:00+05:30,25375.75,25389.3,25368.45,25379.8
2024-09-13T11:45:00+05:30,25364.55,25379,25359.15,25376.55
2024-09-13T11:15:00+05:30,25381.9,25384.6,25355.25,25364.2
2024-09-13T10:45:00+05:30,25359.25,25393.8,25353.45,25382.35
2024-09-13T10:15:00+05:30,25327,25377.85,25325.3,25359.05
2024-09-13T09:45:00+05:30,25341.45,25354.5,25321.75,25326
2024-09-13T09:15:00+05:30,25430.45,25430.5,25292.45,25339.75
2024-09-12T15:15:00+05:30,25416.7,25417.25,25310.25,25314.95
2024-09-12T14:45:00+05:30,25259.25,25433.35,25256.8,25414.95
2024-09-12T14:15:00+05:30,25204.55,25269.45,25203.8,25258.3
2024-09-12T13:45:00+05:30,24995.4,25230.2,24990.9,25204.7
2024-09-12T13:15:00+05:30,24994.15,25016,24977.1,24995.05
2024-09-12T12:45:00+05:30,25002.65,25019.7,24969.95,24996.35
2024-09-12T12:15:00+05:30,25010.3,25014.95,24963.75,25003.7
2024-09-12T11:45:00+05:30,25010.1,25019.15,24981.05,25011.2
2024-09-12T11:15:00+05:30,25007.95,25036.8,24941.45,25013.55
2024-09-12T10:45:00+05:30,24997.7,25025.95,24979.6,25008.3
2024-09-12T10:15:00+05:30,25019.05,25031.15,24982.85,24996.8
2024-09-12T09:45:00+05:30,25045.4,25056.25,24981.9,25017.2
2024-09-12T09:15:00+05:30,25059.65,25072.55,25008.45,25045.75
2024-09-11T15:15:00+05:30,24901.35,24951.8,24900.8,24951.8
2024-09-11T14:45:00+05:30,24936.45,24938.8,24885.15,24900.65
2024-09-11T14:15:00+05:30,24937.35,24967.2,24923.6,24936.2
2024-09-11T13:45:00+05:30,25021.5,25032.25,24935.05,24937.55
2024-09-11T13:15:00+05:30,25059.55,25068.1,25013.65,25021.25
2024-09-11T12:45:00+05:30,25086.8,25087.45,25045.35,25059.55
2024-09-11T12:15:00+05:30,25093.7,25113.7,25081.45,25086.05
2024-09-11T11:45:00+05:30,25066.95,25109.15,25054.95,25093.3
2024-09-11T11:15:00+05:30,25086.25,25088.2,25035.4,25068.6
2024-09-11T10:45:00+05:30,25085.95,25089.75,25037.05,25086.05
2024-09-11T10:15:00+05:30,25055.7,25091.25,25031.6,25086.85
2024-09-11T09:45:00+05:30,25063.7,25073.5,25011.65,25055.95
2024-09-11T09:15:00+05:30,25034,25064.9,24981.3,25063.45
2024-09-10T15:15:00+05:30,25042.25,25061.75,25037.9,25052.1
2024-09-10T14:45:00+05:30,25070,25070.55,25014.8,25042.95
2024-09-10T14:15:00+05:30,25113.9,25122,25063.8,25070
2024-09-10T13:45:00+05:30,25124.65,25130.5,25094.35,25114
2024-09-10T13:15:00+05:30,25097.9,25128,25089,25124.6
2024-09-10T12:45:00+05:30,25072.55,25106.95,25058.75,25098.55
2024-09-10T12:15:00+05:30,25024.3,25074.55,25016.05,25072.8
2024-09-10T11:45:00+05:30,25006.05,25042.25,24997.3,25023
2024-09-10T11:15:00+05:30,24981.9,25012.05,24974.4,25005.45
2024-09-10T10:45:00+05:30,24954.55,24981.55,24932.35,24981.55
2024-09-10T10:15:00+05:30,24915.55,24960.9,24908,24955.75
2024-09-10T09:45:00+05:30,24967,24969.35,24896.8,24915.05
2024-09-10T09:15:00+05:30,24999.4,25014.8,24957.6,24967.15
2024-09-09T15:15:00+05:30,24939.75,24957.5,24930.75,24942.25
2024-09-09T14:45:00+05:30,24902.25,24947.45,24901.1,24940.55
2024-09-09T14:15:00+05:30,24893.85,24910.8,24867.7,24901.65
2024-09-09T13:45:00+05:30,24900.85,24909.9,24880.7,24893.45
2024-09-09T13:15:00+05:30,24881.25,24938.6,24873.35,24901.85
2024-09-09T12:45:00+05:30,24855.7,24884.15,24853.9,24882.15
2024-09-09T12:15:00+05:30,24852.05,24867.3,24834.4,24855.65
2024-09-09T11:45:00+05:30,24877.4,24898.4,24846,24851.95
2024-09-09T11:15:00+05:30,24894.65,24896.55,24856.25,24877.65
2024-09-09T10:45:00+05:30,24888.65,24916.75,24875.65,24894.15
2024-09-09T10:15:00+05:30,24826,24889.5,24818.3,24888.85
2024-09-09T09:45:00+05:30,24829.2,24868.45,24809.25,24826.5
2024-09-09T09:15:00+05:30,24823.4,24847.2,24753.15,24829.3
2024-09-06T15:15:00+05:30,24852.1,24878.2,24846.6,24868.5
2024-09-06T14:45:00+05:30,24835.9,24857.8,24801.3,24853.05
2024-09-06T14:15:00+05:30,24865.15,24871.9,24821.1,24835.8
2024-09-06T13:45:00+05:30,24882.35,24886.95,24856.3,24865.6
2024-09-06T13:15:00+05:30,24861.75,24893.85,24839.4,24882.45
2024-09-06T12:45:00+05:30,24920.4,24923.4,24841.85,24862
2024-09-06T12:15:00+05:30,24935.85,24960.55,24915.7,24920.2
2024-09-06T11:45:00+05:30,24921.25,24942.4,24913.25,24936.25
2024-09-06T11:15:00+05:30,24866.3,24922.5,24864.15,24920.05
2024-09-06T10:45:00+05:30,24920.15,24936.7,24859.6,24867
2024-09-06T10:15:00+05:30,24921.9,24950.4,24878.65,24919.15
2024-09-06T09:45:00+05:30,25063.9,25063.9,24879.45,24921.1
2024-09-06T09:15:00+05:30,25093.7,25168.75,25043.5,25064.3
2024-09-05T15:15:00+05:30,25150.85,25163.55,25141.25,25144.8
2024-09-05T14:45:00+05:30,25139.7,25161.7,25127.75,25152.7
2024-09-05T14:15:00+05:30,25173.15,25177.9,25136.95,25139.7
2024-09-05T13:45:00+05:30,25172.5,25180.9,25166.65,25173.6
2024-09-05T13:15:00+05:30,25172.35,25180.7,25161.1,25172.25
2024-09-05T12:45:00+05:30,25185.95,25195.75,25169.9,25172.8
2024-09-05T12:15:00+05:30,25188.65,25193.55,25170.6,25185.05
2024-09-05T11:45:00+05:30,25176.1,25194.75,25168.8,25188.9
2024-09-05T11:15:00+05:30,25193.35,25198.6,25171.25,25176.3
2024-09-05T10:45:00+05:30,25171.1,25194.4,25166.7,25193.6
2024-09-05T10:15:00+05:30,25207.3,25212.8,25151.55,25171.7
2024-09-05T09:45:00+05:30,25209.3,25223.1,25186.95,25207
2024-09-05T09:15:00+05:30,25250.5,25275.45,25187,25208.9
2024-09-04T15:15:00+05:30,25209.6,25216,25201.25,25206.35
2024-09-04T14:45:00+05:30,25180.35,25211.8,25167.7,25210.1
2024-09-04T14:15:00+05:30,25164.3,25182.9,25145.75,25180.2
2024-09-04T13:45:00+05:30,25163.65,25180.1,25158.85,25163.65
2024-09-04T13:15:00+05:30,25153.3,25192.45,25152.5,25164
2024-09-04T12:45:00+05:30,25136.45,25154.3,25130.35,25153.2
2024-09-04T12:15:00+05:30,25134.45,25145.5,25124.95,25136.35
2024-09-04T11:45:00+05:30,25139.9,25140.85,25125.25,25134.15
2024-09-04T11:15:00+05:30,25129.2,25144.2,25118,25139.6
2024-09-04T10:45:00+05:30,25107.75,25141.3,25104.6,25128.7
2024-09-04T10:15:00+05:30,25152.9,25157.35,25094.65,25107.6
2024-09-04T09:45:00+05:30,25095.1,25158.4,25089.75,25152.45
2024-09-04T09:15:00+05:30,25089.95,25133.1,25083.8,25095.3
2024-09-03T15:15:00+05:30,25277.05,25285.3,25260.75,25268.85
2024-09-03T14:45:00+05:30,25284.8,25304.1,25270.9,25276.3
2024-09-03T14:15:00+05:30,25272.75,25290.6,25262.95,25284.65
2024-09-03T13:45:00+05:30,25271.55,25282,25252.1,25272.05
2024-09-03T13:15:00+05:30,25283.75,25298.3,25269.8,25270.95
2024-09-03T12:45:00+05:30,25261.15,25284.65,25258.2,25282.7
2024-09-03T12:15:00+05:30,25259.25,25265.7,25249.5,25261.55
2024-09-03T11:45:00+05:30,25251.75,25264.35,25244.15,25259.45
2024-09-03T11:15:00+05:30,25242.25,25264.45,25235.8,25251.7
2024-09-03T10:45:00+05:30,25262.15,25272.25,25242.85,25243.85
2024-09-03T10:15:00+05:30,25265.3,25274.55,25244.55,25262.8
2024-09-03T09:45:00+05:30,25270.9,25276.4,25241.2,25265.25
2024-09-03T09:15:00+05:30,25313.4,25321.7,25255.1,25270.5
2024-09-02T15:15:00+05:30,25279.6,25289.85,25258.6,25273.9
2024-09-02T14:45:00+05:30,25273.6,25288.25,25265.6,25280.1
2024-09-02T14:15:00+05:30,25275.4,25290.35,25258,25273
2024-09-02T13:45:00+05:30,25253.1,25283.65,25250.55,25275.75
2024-09-02T13:15:00+05:30,25255.8,25265,25244.95,25253.5
2024-09-02T12:45:00+05:30,25276.85,25278.95,25235.5,25255.7
2024-09-02T12:15:00+05:30,25301.5,25304.1,25273.55,25276.8
2024-09-02T11:45:00+05:30,25298.6,25308.25,25281.8,25300.5
2024-09-02T11:15:00+05:30,25315.8,25322,25292.85,25298.2
2024-09-02T10:45:00+05:30,25307,25320.4,25302.6,25315.4
2024-09-02T10:15:00+05:30,25303.35,25310.55,25291.35,25306.65
2024-09-02T09:45:00+05:30,25308.85,25321.6,25281.65,25305.2
2024-09-02T09:15:00+05:30,25333.6,25333.65,25281.75,25310.45
2024-08-30T15:15:00+05:30,25242.95,25268.35,25232.25,25247
2024-08-30T14:45:00+05:30,25238.45,25259.2,25206.8,25242.4
2024-08-30T14:15:00+05:30,25246.05,25263.2,25227.4,25237.85
2024-08-30T13:45:00+05:30,25242.15,25250.05,25235.9,25246.2
2024-08-30T13:15:00+05:30,25242.45,25250.75,25231.15,25242.3
2024-08-30T12:45:00+05:30,25240.55,25245.2,25228.65,25242.25
2024-08-30T12:15:00+05:30,25246.05,25258.15,25236.05,25240.45
2024-08-30T11:45:00+05:30,25226.05,25252.6,25224,25246.3
2024-08-30T11:15:00+05:30,25238.4,25247.55,25217.75,25225.1
2024-08-30T10:45:00+05:30,25224.75,25246.65,25214.05,25239.1
2024-08-30T10:15:00+05:30,25219.6,25235.95,25204.2,25224.9
2024-08-30T09:45:00+05:30,25224.3,25242.45,25199.4,25218.85
2024-08-30T09:15:00+05:30,25249.7,25258.8,25205.55,25223
2024-08-29T15:15:00+05:30,25129.4,25166.7,25117.7,25156.75
2024-08-29T14:45:00+05:30,25023.55,25192.9,25016.35,25130.05
2024-08-29T14:15:00+05:30,25078.1,25090.3,25001.65,25024.5
2024-08-29T13:45:00+05:30,25140.75,25157.4,24998.5,25077.05
2024-08-29T13:15:00+05:30,25151.3,25166.75,25120.55,25143
2024-08-29T12:45:00+05:30,25164.7,25170.7,25135.9,25153.45
2024-08-29T12:15:00+05:30,25088.3,25174.55,25084.45,25163
2024-08-29T11:45:00+05:30,25083.5,25092,25070.15,25088.05
2024-08-29T11:15:00+05:30,25098.05,25106.5,25082.9,25083.65
2024-08-29T10:45:00+05:30,25099.1,25104.6,25077.05,25098.05
2024-08-29T10:15:00+05:30,25098,25115.8,25086.55,25095.9
2024-08-29T09:45:00+05:30,25062.35,25117.95,25062.35,25097.4
2024-08-29T09:15:00+05:30,25035.3,25074.1,25017.5,25063.55
2024-08-28T15:15:00+05:30,25049.4,25051.35,25032.1,25044.85
2024-08-28T14:45:00+05:30,25089.25,25096.75,25048.2,25050.45
2024-08-28T14:15:00+05:30,25121.1,25129.6,25080.55,25088.95
2024-08-28T13:45:00+05:30,25101.55,25126.5,25098.3,25121.3
2024-08-28T13:15:00+05:30,25100.95,25114.75,25090.55,25101.35
2024-08-28T12:45:00+05:30,25097.45,25107.4,25088.25,25101.8
2024-08-28T12:15:00+05:30,25086,25110.05,25080.8,25098.9
2024-08-28T11:45:00+05:30,25103.2,25114.05,25085,25086.8
2024-08-28T11:15:00+05:30,25038.55,25110,25037.35,25104.15
2024-08-28T10:45:00+05:30,25021.25,25040,25009.25,25038.85
2024-08-28T10:15:00+05:30,25010.15,25032.2,24993.55,25021.85
2024-08-28T09:45:00+05:30,24991.45,25025.75,24982.7,25010.95
2024-08-28T09:15:00+05:30,25030.8,25048.15,24964.65,24991.95
2024-08-27T15:15:00+05:30,25024.25,25027.75,24988.4,24997.05
2024-08-27T14:45:00+05:30,25042.85,25044.3,24998,25024.6
2024-08-27T14:15:00+05:30,25052,25056.2,25036.35,25042.25
2024-08-27T13:45:00+05:30,25064.1,25067.1,25048.8,25052.65
2024-08-27T13:15:00+05:30,25059.2,25066.7,25041.3,25064.45
2024-08-27T12:45:00+05:30,25050.9,25060.2,25040.45,25059.05
2024-08-27T12:15:00+05:30,25045.7,25053.85,25038.55,25051.75
2024-08-27T11:45:00+05:30,25064.65,25065.8,25033.65,25045.6
2024-08-27T11:15:00+05:30,25037.85,25073.1,25033.35,25064.05
2024-08-27T10:45:00+05:30,25006.55,25049.65,25002.65,25037.85
2024-08-27T10:15:00+05:30,25014.55,25030.9,24983.5,25006.65
2024-08-27T09:45:00+05:30,24997.55,25043.65,24986.85,25013.55
2024-08-27T09:15:00+05:30,25024.8,25037.7,24973.65,24997
2024-08-26T15:15:00+05:30,25009.35,25016.75,25004.6,25011.45
2024-08-26T14:45:00+05:30,25018.15,25029.5,25002.8,25007.9
2024-08-26T14:15:00+05:30,25010.05,25033.2,25009.15,25019.8
2024-08-26T13:45:00+05:30,25012.5,25030.55,25001.65,25009.75
2024-08-26T13:15:00+05:30,25026,25029.5,25010.25,25012
2024-08-26T12:45:00+05:30,25016.05,25034.05,25011.95,25026.55
2024-08-26T12:15:00+05:30,25001,25034.75,24995.3,25016.15
2024-08-26T11:45:00+05:30,25008.1,25014.5,24996.85,25001.05
2024-08-26T11:15:00+05:30,24983.65,25020.25,24980,25007.85
2024-08-26T10:45:00+05:30,25006.75,25007.35,24971.25,24982.35
2024-08-26T10:15:00+05:30,25008.4,25043.8,24987.6,25007.05
2024-08-26T09:45:00+05:30,24982.9,25017.25,24964.8,25008.35
2024-08-26T09:15:00+05:30,24906.1,24983.65,24874.7,24982.9
2024-08-23T15:15:00+05:30,24822,24841.75,24815.05,24831.85
2024-08-23T14:45:00+05:30,24831.45,24838.65,24794.7,24822.7
2024-08-23T14:15:00+05:30,24830.9,24848.85,24824.5,24832.3
2024-08-23T13:45:00+05:30,24838.75,24838.9,24821.45,24831.25
2024-08-23T13:15:00+05:30,24837.9,24839.5,24818.9,24839.45
2024-08-23T12:45:00+05:30,24834.7,24843.05,24826.35,24839.2
2024-08-23T12:15:00+05:30,24838.5,24845.5,24831.75,24834.65
2024-08-23T11:45:00+05:30,24842.75,24847.65,24819.3,24839.4
2024-08-23T11:15:00+05:30,24835.1,24853.75,24833.5,24842.5
2024-08-23T10:45:00+05:30,24831,24850.65,24824.15,24833.4
2024-08-23T10:15:00+05:30,24803.75,24831.55,24797,24830
2024-08-23T09:45:00+05:30,24785,24835.55,24775.95,24801.5
2024-08-23T09:15:00+05:30,24845.4,24858.4,24771.65,24784.5
2024-08-22T15:15:00+05:30,24810.85,24822.75,24804.5,24810.9
2024-08-22T14:45:00+05:30,24807.35,24820.75,24796.65,24810.6
2024-08-22T14:15:00+05:30,24833.05,24835.25,24796.9,24806.15
2024-08-22T13:45:00+05:30,24817.35,24837.7,24815.45,24832
2024-08-22T13:15:00+05:30,24808,24823.45,24802.85,24816.25
2024-08-22T12:45:00+05:30,24825.9,24835.6,24800.85,24808.15
2024-08-22T12:15:00+05:30,24832.7,24836.8,24822.65,24824.75
2024-08-22T11:45:00+05:30,24843.4,24847.8,24828.3,24832.65
2024-08-22T11:15:00+05:30,24824.65,24847.7,24817.1,24843.75
2024-08-22T10:45:00+05:30,24823.5,24830.1,24810.55,24824.15
2024-08-22T10:15:00+05:30,24814.15,24825.7,24802.45,24824.1
2024-08-22T09:45:00+05:30,24831.85,24833.65,24784.45,24813.75
2024-08-22T09:15:00+05:30,24863.4,24867.35,24798.85,24830.85
2024-08-21T15:15:00+05:30,24767.5,24787.95,24763.05,24781.9
2024-08-21T14:45:00+05:30,24736.7,24774.8,24736.2,24767.05
2024-08-21T14:15:00+05:30,24739.85,24747.3,24722.75,24736.45
2024-08-21T13:45:00+05:30,24724.15,24744.55,24719.65,24739.85
2024-08-21T13:15:00+05:30,24727.7,24733.65,24696.8,24724.2
2024-08-21T12:45:00+05:30,24726.9,24732.5,24716.3,24727.8
2024-08-21T12:15:00+05:30,24724.45,24739.1,24719.1,24726.7
2024-08-21T11:45:00+05:30,24702.65,24733.8,24698.2,24724
2024-08-21T11:15:00+05:30,24693.55,24742.3,24693.2,24702.5
2024-08-21T10:45:00+05:30,24722.75,24732.75,24678.8,24693.5
2024-08-21T10:15:00+05:30,24713.35,24753.95,24711.45,24722.6
2024-08-21T09:45:00+05:30,24685.3,24721.5,24672.75,24712.75
2024-08-21T09:15:00+05:30,24680.55,24708.1,24654.5,24684.7
2024-08-20T15:15:00+05:30,24697.9,24705.65,24670.85,24672.85
2024-08-20T14:45:00+05:30,24724.15,24729.3,24690.9,24698.1
2024-08-20T14:15:00+05:30,24718.8,24725.3,24699.4,24724.55
2024-08-20T13:45:00+05:30,24711.35,24729.1,24710.3,24719.45
2024-08-20T13:15:00+05:30,24727.05,24727.15,24702.5,24712.85
2024-08-20T12:45:00+05:30,24702.05,24734.15,24701.55,24727.1
2024-08-20T12:15:00+05:30,24708.95,24723.65,24701.75,24703.35
2024-08-20T11:45:00+05:30,24706.15,24719.1,24704.45,24708.95
2024-08-20T11:15:00+05:30,24707.55,24713.3,24688.05,24705.55
2024-08-20T10:45:00+05:30,24704.55,24713.1,24674.55,24707.5
2024-08-20T10:15:00+05:30,24722.95,24734.3,24701.2,24704.35
2024-08-20T09:45:00+05:30,24669.45,24725.8,24658.8,24722.6
2024-08-20T09:15:00+05:30,24648.9,24676.9,24607.2,24669.75
2024-08-19T15:15:00+05:30,24571.25,24590.3,24570.6,24579
2024-08-19T14:45:00+05:30,24586,24592.35,24562.45,24571.45
2024-08-19T14:15:00+05:30,24573.2,24591.55,24566.9,24586.3
2024-08-19T13:45:00+05:30,24557.4,24581.45,24543.85,24572.35
2024-08-19T13:15:00+05:30,24590.9,24605.1,24553.1,24557.35
2024-08-19T12:45:00+05:30,24570.1,24592.9,24567.65,24590.45
2024-08-19T12:15:00+05:30,24569.7,24579.95,24552.25,24570.4
2024-08-19T11:45:00+05:30,24583.45,24596.65,24561.15,24570
2024-08-19T11:15:00+05:30,24544.45,24598,24542.7,24583.05
2024-08-19T10:45:00+05:30,24565.1,24570.6,24522.95,24543.95
2024-08-19T10:15:00+05:30,24579.1,24590.2,24541.6,24565.4
2024-08-19T09:45:00+05:30,24615.35,24625.05,24566,24580.45
2024-08-19T09:15:00+05:30,24636.35,24638.8,24576.25,24615.9
2024-08-16T15:15:00+05:30,24554.15,24561.3,24537.45,24539.2
2024-08-16T14:45:00+05:30,24482,24563.9,24477.5,24554.35
2024-08-16T14:15:00+05:30,24514.95,24516.7,24473.25,24481.05
2024-08-16T13:45:00+05:30,24465.25,24518.2,24462.55,24516
2024-08-16T13:15:00+05:30,24442.4,24469.95,24427.65,24466
2024-08-16T12:45:00+05:30,24434.85,24459.1,24413.35,24442.8
2024-08-16T12:15:00+05:30,24419.95,24452.25,24389.2,24434.3
2024-08-16T11:45:00+05:30,24331.95,24440.4,24330.65,24419.8
2024-08-16T11:15:00+05:30,24233.9,24339.95,24227.85,24333.15
2024-08-16T10:45:00+05:30,24257.1,24274.9,24226.4,24234.35
2024-08-16T10:15:00+05:30,24293.7,24306.65,24204.5,24258.05
2024-08-16T09:45:00+05:30,24337.75,24344.15,24274.4,24295
2024-08-16T09:15:00+05:30,24334.85,24403.55,24302.8,24335.35
2024-08-14T15:15:00+05:30,24134.3,24157.3,24129.65,24144.5
2024-08-14T14:45:00+05:30,24143.25,24157.65,24121.85,24135.55
2024-08-14T14:15:00+05:30,24170.25,24177.75,24127.5,24142
2024-08-14T13:45:00+05:30,24163.5,24176.8,24145.6,24171.25
2024-08-14T13:15:00+05:30,24179.65,24179.85,24147.4,24162.75
2024-08-14T12:45:00+05:30,24157.85,24194.35,24155,24178.55
2024-08-14T12:15:00+05:30,24164.55,24166.15,24145.45,24157.2
2024-08-14T11:45:00+05:30,24136.55,24166.05,24131.65,24164.85
2024-08-14T11:15:00+05:30,24135.45,24156.2,24127.15,24136.45
2024-08-14T10:45:00+05:30,24168.3,24169.7,24118.3,24135.45
2024-08-14T10:15:00+05:30,24148.85,24171.35,24137.5,24167.7
2024-08-14T09:45:00+05:30,24128.45,24174.4,24109.9,24147.35
2024-08-14T09:15:00+05:30,24184.4,24196.5,24099.7,24128.35
2024-08-13T15:15:00+05:30,24124.15,24144.2,24119.35,24141.2
2024-08-13T14:45:00+05:30,24144.6,24164.9,24121.6,24122.9
2024-08-13T14:15:00+05:30,24151.7,24177.95,24131.25,24142.5
2024-08-13T13:45:00+05:30,24197.45,24207.6,24116.5,24152.9
2024-08-13T13:15:00+05:30,24237.35,24257.3,24196.1,24198.9
2024-08-13T12:45:00+05:30,24253.9,24256.85,24203.2,24238.1
2024-08-13T12:15:00+05:30,24296.65,24297.6,24250.95,24255.45
2024-08-13T11:45:00+05:30,24311.5,24330.15,24268.8,24296
2024-08-13T11:15:00+05:30,24312.35,24329.3,24303.25,24311.8
2024-08-13T10:45:00+05:30,24296.35,24317.95,24290.95,24313.35
2024-08-13T10:15:00+05:30,24329.7,24334.25,24277.15,24296.85
2024-08-13T09:45:00+05:30,24340.15,24358,24306,24330.1
2024-08-13T09:15:00+05:30,24342.35,24359.95,24299.4,24339.85
2024-08-12T15:15:00+05:30,24347.95,24365.35,24340.9,24348.8
2024-08-12T14:45:00+05:30,24414.65,24429.35,24302.4,24345.7
2024-08-12T14:15:00+05:30,24434.7,24440.55,24393.35,24412.75
2024-08-12T13:45:00+05:30,24420.1,24444.35,24415.1,24435.3
2024-08-12T13:15:00+05:30,24404.4,24422.55,24392.75,24419.65
2024-08-12T12:45:00+05:30,24427.1,24439.1,24400.1,24404.65
2024-08-12T12:15:00+05:30,24388.75,24429.1,24380.55,24427.1
2024-08-12T11:45:00+05:30,24416.1,24432.4,24387.25,24388.1
2024-08-12T11:15:00+05:30,24434.65,24472.8,24409.2,24415.9
2024-08-12T10:45:00+05:30,24351.55,24435.55,24338.85,24434.8
2024-08-12T10:15:00+05:30,24252.8,24353.95,24252.15,24351.55
2024-08-12T09:45:00+05:30,24274.95,24278.65,24212.1,24252.15
2024-08-12T09:15:00+05:30,24320.05,24323.7,24259.25,24274.2
2024-08-09T15:15:00+05:30,24373.85,24374.4,24356.95,24364.4
2024-08-09T14:45:00+05:30,24366.05,24385.9,24360.2,24371.05
2024-08-09T14:15:00+05:30,24384.7,24389.25,24353.85,24366.35
2024-08-09T13:45:00+05:30,24360.2,24389.6,24357.05,24386.45
2024-08-09T13:15:00+05:30,24351.7,24374.9,24348.15,24361.1
2024-08-09T12:45:00+05:30,24354.25,24356.8,24338.1,24351.4
2024-08-09T12:15:00+05:30,24352.3,24371.15,24344.7,24354.35
2024-08-09T11:45:00+05:30,24355.1,24374.9,24349.35,24351.75
2024-08-09T11:15:00+05:30,24345.65,24360.65,24337.25,24355.25
2024-08-09T10:45:00+05:30,24328.65,24369.7,24324.4,24345.2
2024-08-09T10:15:00+05:30,24356.4,24372.35,24311.2,24329.2
2024-08-09T09:45:00+05:30,24403,24419.75,24347.6,24356.45
2024-08-09T09:15:00+05:30,24386.85,24409.65,24315.9,24404.2
2024-08-08T15:15:00+05:30,24115.55,24117.9,24079.7,24098.7
2024-08-08T14:45:00+05:30,24169.2,24187.7,24113.35,24115.2
2024-08-08T14:15:00+05:30,24154.75,24195.8,24134.05,24169.9
2024-08-08T13:45:00+05:30,24168.95,24179.35,24125.85,24154.6
2024-08-08T13:15:00+05:30,24159.4,24179.55,24092.15,24168.55
2024-08-08T12:45:00+05:30,24304.4,24310.55,24129.05,24160.35
2024-08-08T12:15:00+05:30,24307.25,24340.5,24284.75,24305.1
2024-08-08T11:45:00+05:30,24192.3,24307.1,24187.35,24306.6
2024-08-08T11:15:00+05:30,24186.05,24252.95,24167.8,24191.9
2024-08-08T10:45:00+05:30,24197.05,24218.1,24134.4,24186.35
2024-08-08T10:15:00+05:30,24161.65,24259.6,24142.75,24196.7
2024-08-08T09:45:00+05:30,24231.25,24261.95,24119.3,24161.15
2024-08-08T09:15:00+05:30,24248.55,24263.5,24192.85,24230.55
2024-08-07T15:15:00+05:30,24309.25,24316.9,24295.85,24315.25
2024-08-07T14:45:00+05:30,24270.05,24312.25,24244.45,24309.4
2024-08-07T14:15:00+05:30,24246.45,24293.55,24244.8,24268.5
2024-08-07T13:45:00+05:30,24222.6,24246.6,24209.05,24246
2024-08-07T13:15:00+05:30,24232.9,24233.8,24188.95,24221.2
2024-08-07T12:45:00+05:30,24233.85,24245.7,24208.3,24232.15
2024-08-07T12:15:00+05:30,24225.95,24276.8,24223.1,24231.85
2024-08-07T11:45:00+05:30,24246,24253.95,24218.5,24224.05
2024-08-07T11:15:00+05:30,24247.35,24251.9,24209.7,24244.8
2024-08-07T10:45:00+05:30,24304.05,24313.1,24225.75,24248.6
2024-08-07T10:15:00+05:30,24207.05,24337.7,24193.4,24303
2024-08-07T09:45:00+05:30,24239.2,24256.05,24184.9,24207.55
2024-08-07T09:15:00+05:30,24289.4,24306.45,24231.9,24236.7
2024-08-06T15:15:00+05:30,23974.75,24039.45,23966.05,24033.05
2024-08-06T14:45:00+05:30,23979.05,24049.35,23960.4,23973.55
2024-08-06T14:15:00+05:30,24023.15,24077.9,23978.55,23979.3
2024-08-06T13:45:00+05:30,24079.45,24102.8,24011.8,24022.9
2024-08-06T13:15:00+05:30,24163.25,24178.25,24066.25,24079.45
2024-08-06T12:45:00+05:30,24176.8,24208.55,24158.3,24163.4
2024-08-06T12:15:00+05:30,24235.5,24237.9,24166.1,24177.05
2024-08-06T11:45:00+05:30,24238.85,24248.95,24207.7,24235.55
2024-08-06T11:15:00+05:30,24226.6,24260.35,24212.6,24238.25
2024-08-06T10:45:00+05:30,24155.2,24265.85,24153.2,24225.8
2024-08-06T10:15:00+05:30,24284.45,24309.9,24131,24155.9
2024-08-06T09:45:00+05:30,24267.8,24347.8,24266.5,24282.85
2024-08-06T09:15:00+05:30,24189.85,24382.6,24189.5,24264.2
2024-08-05T15:15:00+05:30,24049.65,24066.7,24039.55,24051.8
2024-08-05T14:45:00+05:30,24078.15,24115,24031.4,24048.85
2024-08-05T14:15:00+05:30,24085.9,24111.45,24014.6,24078.8
2024-08-05T13:45:00+05:30,24073.4,24127.35,24064.9,24085.65
2024-08-05T13:15:00+05:30,24021.2,24103.6,23996.1,24074.15
2024-08-05T12:45:00+05:30,23947.7,24023.2,23916.7,24021.6
2024-08-05T12:15:00+05:30,24039.35,24056.8,23932.5,23946.4
2024-08-05T11:45:00+05:30,23999.9,24049.25,23982.4,24038.45
2024-08-05T11:15:00+05:30,24020.45,24032.5,23893.7,23999.35
2024-08-05T10:45:00+05:30,24206.2,24206.8,24011.45,24020.75
2024-08-05T10:15:00+05:30,24290.8,24295.9,24185.9,24205.55
2024-08-05T09:45:00+05:30,24272.9,24346.2,24248.6,24292.15
2024-08-05T09:15:00+05:30,24302.85,24350.05,24192.5,24271.4
2024-08-02T15:15:00+05:30,24728.85,24736.7,24696.1,24699.45
2024-08-02T14:45:00+05:30,24734.7,24744.65,24686.85,24727.9
2024-08-02T14:15:00+05:30,24771.2,24792.55,24730.7,24735
2024-08-02T13:45:00+05:30,24793.25,24808.9,24763.95,24770.55
2024-08-02T13:15:00+05:30,24769.25,24808.3,24755.4,24793.5
2024-08-02T12:45:00+05:30,24762.1,24784.2,24754.7,24770.5
2024-08-02T12:15:00+05:30,24788.4,24794.9,24757.5,24761.8
2024-08-02T11:45:00+05:30,24821.6,24835.1,24779.9,24788.7
2024-08-02T11:15:00+05:30,24803.6,24830.75,24795.45,24822.55
2024-08-02T10:45:00+05:30,24794.05,24823.75,24778.75,24805.05
2024-08-02T10:15:00+05:30,24779.45,24809.6,24746,24793.9
2024-08-02T09:45:00+05:30,24758.9,24778.9,24723.7,24778.9
2024-08-02T09:15:00+05:30,24789,24851.9,24751.1,24761.5
2024-08-01T15:15:00+05:30,25018.5,25030.85,24998.4,25006
2024-08-01T14:45:00+05:30,25004.8,25020.9,24973.2,25018.7
2024-08-01T14:15:00+05:30,24980.7,25005.8,24956.4,25003.6
2024-08-01T13:45:00+05:30,24974.15,24996.45,24972.15,24981.45
2024-08-01T13:15:00+05:30,24999.15,25007.15,24973.7,24974.15
2024-08-01T12:45:00+05:30,24982.9,25008.35,24973.9,25000.1
2024-08-01T12:15:00+05:30,24992.65,25002.35,24964.35,24983.3
2024-08-01T11:45:00+05:30,24998.55,25006.9,24983.3,24990.55
2024-08-01T11:15:00+05:30,25032.85,25033.85,24998.15,24998.45
2024-08-01T10:45:00+05:30,25020.4,25041.2,25003.6,25033.45
2024-08-01T10:15:00+05:30,25036.3,25052.15,25011.9,25020.1
2024-08-01T09:45:00+05:30,25045.8,25059,25026.2,25037.05
2024-08-01T09:15:00+05:30,25030.95,25078.3,25008.8,25045.55
2024-07-31T15:15:00+05:30,24944.45,24984.6,24941.75,24979.3
2024-07-31T14:45:00+05:30,24950.35,24957,24930.25,24945.8
2024-07-31T14:15:00+05:30,24925.55,24969.35,24922.65,24950
2024-07-31T13:45:00+05:30,24933.6,24944.1,24918.55,24926.3
2024-07-31T13:15:00+05:30,24934.9,24952.45,24922.75,24934.5
2024-07-31T12:45:00+05:30,24932.1,24949.45,24904.1,24937.05
2024-07-31T12:15:00+05:30,24935.45,24946.35,24918.6,24933.65
2024-07-31T11:45:00+05:30,24927.95,24939,24923.4,24936.3
2024-07-31T11:15:00+05:30,24922.25,24934.1,24898.25,24927.9
2024-07-31T10:45:00+05:30,24946.65,24950,24901.45,24923
2024-07-31T10:15:00+05:30,24938.6,24954.45,24917.95,24946.3
2024-07-31T09:45:00+05:30,24883.05,24945.55,24872.9,24940.1
2024-07-31T09:15:00+05:30,24886.7,24929.1,24856.5,24883.25
2024-07-30T15:15:00+05:30,24847.45,24861.75,24832.6,24840.9
2024-07-30T14:45:00+05:30,24962.55,24967.85,24837.7,24847.5
2024-07-30T14:15:00+05:30,24929.15,24971.75,24927.85,24963.8
2024-07-30T13:45:00+05:30,24916.5,24937.35,24902.6,24929.15
2024-07-30T13:15:00+05:30,24936.3,24944.55,24881,24917.75
2024-07-30T12:45:00+05:30,24936.65,24968.85,24921.55,24936.95
2024-07-30T12:15:00+05:30,24936,24961.4,24931.6,24937.9
2024-07-30T11:45:00+05:30,24950.35,24956.7,24914.85,24936.3
2024-07-30T11:15:00+05:30,24926.9,24954.1,24926,24950
2024-07-30T10:45:00+05:30,24899.95,24940.45,24888.55,24926.7
2024-07-30T10:15:00+05:30,24851.55,24898.65,24850.4,24898.2
2024-07-30T09:45:00+05:30,24884.05,24887.45,24816.3,24851.65
2024-07-30T09:15:00+05:30,24839.4,24885.3,24798.65,24883.25
2024-07-29T15:15:00+05:30,24823.3,24848.8,24816.6,24840.95
2024-07-29T14:45:00+05:30,24834.7,24865.85,24796.65,24823.3
2024-07-29T14:15:00+05:30,24798,24849.05,24774.6,24834.25
2024-07-29T13:45:00+05:30,24878.15,24884.85,24797.6,24798.05
2024-07-29T13:15:00+05:30,24833.35,24880.75,24825.4,24877.8
2024-07-29T12:45:00+05:30,24874.55,24892.1,24832.45,24833.05
2024-07-29T12:15:00+05:30,24905.5,24912.95,24790.45,24873.8
2024-07-29T11:45:00+05:30,24987.95,24998.25,24880.2,24906.55
2024-07-29T11:15:00+05:30,24937.85,24999.75,24937.5,24987.85
2024-07-29T10:45:00+05:30,24874.2,24946.05,24874.1,24938.15
2024-07-29T10:15:00+05:30,24878.1,24907.6,24866.45,24874.6
2024-07-29T09:45:00+05:30,24913.85,24935.1,24877.95,24878.35
2024-07-29T09:15:00+05:30,24943.3,24980.45,24894.05,24914.5
2024-07-26T15:15:00+05:30,24848,24861.15,24830.4,24851.75
2024-07-26T14:45:00+05:30,24800.25,24853.1,24797,24849.05
2024-07-26T14:15:00+05:30,24797.75,24808.4,24759.45,24801.45
2024-07-26T13:45:00+05:30,24794.45,24818.25,24758.35,24797.8
2024-07-26T13:15:00+05:30,24777.1,24814.25,24758.2,24795.55
2024-07-26T12:45:00+05:30,24718.15,24781.15,24711.35,24775.55
2024-07-26T12:15:00+05:30,24638.95,24721.5,24637.1,24718.65
2024-07-26T11:45:00+05:30,24635.6,24656.85,24634.3,24639
2024-07-26T11:15:00+05:30,24643.95,24655.55,24623.6,24635.75
2024-07-26T10:45:00+05:30,24599.05,24654.45,24590.1,24644.8
2024-07-26T10:15:00+05:30,24578.45,24610.15,24576.25,24598.95
2024-07-26T09:45:00+05:30,24526.4,24595,24511.45,24578.7
2024-07-26T09:15:00+05:30,24423.35,24528.95,24410.9,24526.6
2024-07-25T15:15:00+05:30,24396.5,24423.15,24388.95,24415
2024-07-25T14:45:00+05:30,24383.25,24412.1,24382.15,24397.5
2024-07-25T14:15:00+05:30,24422.45,24424.65,24380.1,24382.25
2024-07-25T13:45:00+05:30,24366,24426.15,24364.4,24421.35
2024-07-25T13:15:00+05:30,24381.8,24396.95,24361.05,24367.1
2024-07-25T12:45:00+05:30,24358.4,24397.9,24357.25,24382.3
2024-07-25T12:15:00+05:30,24362.15,24379.2,24354.7,24358.45
2024-07-25T11:45:00+05:30,24337,24368.65,24333.95,24362.95
2024-07-25T11:15:00+05:30,24324.05,24344.95,24295.1,24337.65
2024-07-25T10:45:00+05:30,24317.2,24332.45,24305.2,24324.2
2024-07-25T10:15:00+05:30,24294.8,24327.2,24270.85,24317.8
2024-07-25T09:45:00+05:30,24287.65,24303.15,24245.15,24294.95
2024-07-25T09:15:00+05:30,24230.95,24300.1,24210.8,24287.3
2024-07-24T15:15:00+05:30,24407.65,24446.4,24397.75,24441.9
2024-07-24T14:45:00+05:30,24432.3,24452,24380.25,24407.4
2024-07-24T14:15:00+05:30,24326.3,24453.95,24322.25,24433.4
2024-07-24T13:45:00+05:30,24374.75,24376.05,24310.5,24324.45
2024-07-24T13:15:00+05:30,24362.15,24378.1,24320.6,24374.4
2024-07-24T12:45:00+05:30,24322.55,24364.4,24319.85,24362
2024-07-24T12:15:00+05:30,24379.85,24382.25,24307.25,24322.85
2024-07-24T11:45:00+05:30,24388.8,24421.35,24367.8,24379.85
2024-07-24T11:15:00+05:30,24432.35,24445.25,24384.15,24388.55
2024-07-24T10:45:00+05:30,24439.65,24492.1,24423.4,24432
2024-07-24T10:15:00+05:30,24442.4,24485.35,24397.25,24438.95
2024-07-24T09:45:00+05:30,24408.1,24466.55,24373.45,24441.15
2024-07-24T09:15:00+05:30,24444.95,24504.25,24395.15,24409.1
2024-07-23T15:15:00+05:30,24459.45,24479.5,24446.75,24476.4
2024-07-23T14:45:00+05:30,24530.1,24544.3,24459.25,24460.65
2024-07-23T14:15:00+05:30,24460.15,24544.7,24427.55,24530
2024-07-23T13:45:00+05:30,24343.5,24513.65,24318.95,24459.9
2024-07-23T13:15:00+05:30,24280.4,24361.75,24277.3,24342.15
2024-07-23T12:45:00+05:30,24353.4,24395.4,24279.45,24279.65
2024-07-23T12:15:00+05:30,24468.65,24474.05,24074.2,24352.5
2024-07-23T11:45:00+05:30,24487,24500.55,24429.5,24469.3
2024-07-23T11:15:00+05:30,24543.5,24549.8,24380.3,24485.5
2024-07-23T10:45:00+05:30,24463.25,24552.5,24443.8,24542.55
2024-07-23T10:15:00+05:30,24449.9,24488.95,24423.75,24464.5
2024-07-23T09:45:00+05:30,24488.8,24514.45,24445.6,24449.15
2024-07-23T09:15:00+05:30,24568.9,24582.55,24467.45,24488.3
2024-07-22T15:15:00+05:30,24516.25,24520.95,24504.7,24515.9
2024-07-22T14:45:00+05:30,24516.55,24520.25,24493,24515.7
2024-07-22T14:15:00+05:30,24498.15,24521.75,24480.8,24516.35
2024-07-22T13:45:00+05:30,24522.5,24541.65,24491.5,24498.25
2024-07-22T13:15:00+05:30,24487.3,24531.85,24487.3,24521.85
2024-07-22T12:45:00+05:30,24491.6,24512.2,24481.05,24487.8
2024-07-22T12:15:00+05:30,24523.15,24527.9,24465.55,24491.45
2024-07-22T11:45:00+05:30,24547.9,24554.9,24514.2,24522.95
2024-07-22T11:15:00+05:30,24531.4,24551.15,24507.35,24548.1
2024-07-22T10:45:00+05:30,24566.3,24595.2,24531.1,24532.05
2024-07-22T10:15:00+05:30,24555.65,24579.4,24548.8,24566.25
2024-07-22T09:45:00+05:30,24493.4,24558.55,24488.6,24556
2024-07-22T09:15:00+05:30,24445.75,24508.6,24362.3,24494.1
2024-07-19T15:15:00+05:30,24531.85,24539.65,24508.15,24525.85
2024-07-19T14:45:00+05:30,24567.35,24586.7,24519.75,24530.4
2024-07-19T14:15:00+05:30,24570.25,24588.7,24537.7,24567.2
2024-07-19T13:45:00+05:30,24606.5,24635.75,24554.25,24570.65
2024-07-19T13:15:00+05:30,24611.35,24646.15,24590.1,24607
2024-07-19T12:45:00+05:30,24631.4,24636.8,24595.85,24612.8
2024-07-19T12:15:00+05:30,24661.65,24667.6,24611.65,24631.25
2024-07-19T11:45:00+05:30,24637.05,24673.55,24621.85,24661.75
2024-07-19T11:15:00+05:30,24660.45,24675.25,24632.9,24637.4
2024-07-19T10:45:00+05:30,24694.6,24694.9,24643.95,24661.55
2024-07-19T10:15:00+05:30,24684.95,24725.7,24678.4,24695.8
2024-07-19T09:45:00+05:30,24748.7,24749.05,24684.2,24685.85
2024-07-19T09:15:00+05:30,24853.8,24854.8,24727.75,24747.7
2024-07-18T15:15:00+05:30,24802.05,24810.4,24775.95,24779.35
2024-07-18T14:45:00+05:30,24820.85,24837.75,24785.9,24801.7
2024-07-18T14:15:00+05:30,24820.4,24829.35,24774.2,24820.9
2024-07-18T13:45:00+05:30,24713.05,24828.8,24706.95,24819.9
2024-07-18T13:15:00+05:30,24716.3,24746.8,24697.9,24713.4
2024-07-18T12:45:00+05:30,24646.75,24715,24611.45,24711.6
2024-07-18T12:15:00+05:30,24607,24648.45,24599.75,24647.1
2024-07-18T11:45:00+05:30,24538.6,24612.1,24529.9,24607.8
2024-07-18T11:15:00+05:30,24538.55,24560.45,24504.45,24538.85
2024-07-18T10:45:00+05:30,24644.45,24649.45,24531.5,24537.35
2024-07-18T10:15:00+05:30,24654.05,24658.1,24619.3,24645.75
2024-07-18T09:45:00+05:30,24583.85,24678.9,24580.6,24655.5
2024-07-18T09:15:00+05:30,24543.8,24585.95,24515.1,24580.9
2024-07-16T15:15:00+05:30,24603.6,24616.2,24593.9,24601.1
2024-07-16T14:45:00+05:30,24615.9,24648,24604.2,24604.3
2024-07-16T14:15:00+05:30,24625.15,24630.5,24587.65,24616.5
2024-07-16T13:45:00+05:30,24621.85,24634.5,24603.45,24625.1
2024-07-16T13:15:00+05:30,24652,24654.9,24610.75,24622.35
2024-07-16T12:45:00+05:30,24646.6,24656.65,24643.05,24652.9
2024-07-16T12:15:00+05:30,24640.9,24649.35,24620.3,24646.3
2024-07-16T11:45:00+05:30,24652.9,24654.45,24631.6,24640.5
2024-07-16T11:15:00+05:30,24654.4,24660.8,24640.1,24652.85
2024-07-16T10:45:00+05:30,24656.55,24659.1,24642.8,24654.05
2024-07-16T10:15:00+05:30,24635.35,24661.25,24628.75,24657.2
2024-07-16T09:45:00+05:30,24634.55,24648.9,24613.85,24634.4
2024-07-16T09:15:00+05:30,24615.9,24650.05,24599.75,24633.75
2024-07-15T15:15:00+05:30,24583.4,24588.6,24577.95,24588.35
2024-07-15T14:45:00+05:30,24593.05,24602.2,24577.7,24584.5
2024-07-15T14:15:00+05:30,24594.45,24619.15,24589.05,24593.05
2024-07-15T13:45:00+05:30,24612.4,24629.05,24589.8,24594.45
2024-07-15T13:15:00+05:30,24614.8,24635.05,24611.8,24612.1
2024-07-15T12:45:00+05:30,24587.8,24619.6,24584,24614.8
2024-07-15T12:15:00+05:30,24598.9,24602.25,24576.1,24588.15
2024-07-15T11:45:00+05:30,24596.3,24611.85,24547.55,24598.9
2024-07-15T11:15:00+05:30,24581.75,24598.8,24573.7,24597.5
2024-07-15T10:45:00+05:30,24584.5,24595,24573.15,24581
2024-07-15T10:15:00+05:30,24562.15,24603.4,24545.7,24585.05
2024-07-15T09:45:00+05:30,24542.55,24572.6,24527.9,24562
2024-07-15T09:15:00+05:30,24587.6,24598,24522.75,24542.35
2024-07-12T15:15:00+05:30,24490,24516.5,24485.6,24512.4
2024-07-12T14:45:00+05:30,24559.9,24560.7,24490.05,24491.15
2024-07-12T14:15:00+05:30,24573.9,24581.05,24547.25,24560.4
2024-07-12T13:45:00+05:30,24541.25,24579.8,24538.75,24574.65
2024-07-12T13:15:00+05:30,24518.45,24560.8,24514.05,24540.8
2024-07-12T12:45:00+05:30,24489.35,24523.45,24486.6,24518.5
2024-07-12T12:15:00+05:30,24517.8,24521.25,24478.25,24488.95
2024-07-12T11:45:00+05:30,24499.4,24525.5,24487.65,24516.4
2024-07-12T11:15:00+05:30,24537.65,24539.35,24473.3,24499.5
2024-07-12T10:45:00+05:30,24383.05,24592.2,24380.45,24538.25
2024-07-12T10:15:00+05:30,24362.6,24394.45,24357.15,24382.25
2024-07-12T09:45:00+05:30,24420.45,24423.9,24331.15,24362.9
2024-07-12T09:15:00+05:30,24387.95,24440.75,24342.45,24420.85
2024-07-11T15:15:00+05:30,24329,24357,24318.55,24338.5
2024-07-11T14:45:00+05:30,24306.95,24332.45,24291.45,24328.65
2024-07-11T14:15:00+05:30,24306.1,24317,24299.1,24306.7
2024-07-11T13:45:00+05:30,24282.3,24327.3,24279.75,24306.8
2024-07-11T13:15:00+05:30,24297.35,24309.75,24278.3,24282.2
2024-07-11T12:45:00+05:30,24286.95,24307.8,24282.15,24298.05
2024-07-11T12:15:00+05:30,24264.25,24288,24259.85,24286.75
2024-07-11T11:45:00+05:30,24268.85,24276.15,24193.75,24264.2
2024-07-11T11:15:00+05:30,24256.5,24283.4,24251.95,24269.55
2024-07-11T10:45:00+05:30,24254.75,24268.6,24234.5,24256.2
2024-07-11T10:15:00+05:30,24286.05,24288.95,24242.2,24253.8
2024-07-11T09:45:00+05:30,24340.3,24363.15,24272.45,24286.1
2024-07-11T09:15:00+05:30,24396.55,24402.65,24310.15,24339.4
2024-07-10T15:15:00+05:30,24331.25,24337.15,24310.9,24312.4
2024-07-10T14:45:00+05:30,24303.05,24336.75,24279.5,24330.85
2024-07-10T14:15:00+05:30,24237.95,24321.9,24226.65,24304.1
2024-07-10T13:45:00+05:30,24267.65,24274,24212.1,24238.25
2024-07-10T13:15:00+05:30,24278.85,24289.05,24263.75,24267.95
2024-07-10T12:45:00+05:30,24275,24298.35,24268.05,24279.4
2024-07-10T12:15:00+05:30,24265.65,24287.1,24248.45,24275.8
2024-07-10T11:45:00+05:30,24245.1,24287.55,24233.6,24265.1
2024-07-10T11:15:00+05:30,24210.95,24252.65,24193.9,24245.3
2024-07-10T10:45:00+05:30,24194.3,24229.75,24173.55,24211.45
2024-07-10T10:15:00+05:30,24329.5,24346.85,24141.8,24194.8
2024-07-10T09:45:00+05:30,24400.35,24400.35,24312.05,24330.75
2024-07-10T09:15:00+05:30,24459.85,24461.05,24383.6,24400.35
2024-07-09T15:15:00+05:30,24434.1,24443.6,24411.05,24417.25
2024-07-09T14:45:00+05:30,24425.3,24441.45,24412.85,24434.05
2024-07-09T14:15:00+05:30,24430.9,24432.5,24407.8,24425.55
2024-07-09T13:45:00+05:30,24419.5,24437.9,24408.4,24431.9
2024-07-09T13:15:00+05:30,24423,24427.65,24412.4,24419.35
2024-07-09T12:45:00+05:30,24383.8,24429.15,24382.45,24423
2024-07-09T12:15:00+05:30,24387.65,24404,24383.15,24384
2024-07-09T11:45:00+05:30,24398.6,24400.2,24381.2,24388.2
2024-07-09T11:15:00+05:30,24380.85,24401.2,24375.5,24398.95
2024-07-09T10:45:00+05:30,24378,24387.75,24368.9,24382.9
2024-07-09T10:15:00+05:30,24362.7,24380.55,24339.95,24378.15
2024-07-09T09:45:00+05:30,24372.75,24385.55,24344.25,24362.95
2024-07-09T09:15:00+05:30,24351,24384,24331.9,24374.15
2024-07-08T15:15:00+05:30,24311.6,24344.6,24301.5,24331.05
2024-07-08T14:45:00+05:30,24297.1,24338.3,24289.95,24311.5
2024-07-08T14:15:00+05:30,24287.7,24316.15,24286.65,24297.25
2024-07-08T13:45:00+05:30,24283.65,24311.5,24280.4,24288.9
2024-07-08T13:15:00+05:30,24297.25,24311.85,24268,24283.5
2024-07-08T12:45:00+05:30,24289.15,24303.95,24281.15,24298.05
2024-07-08T12:15:00+05:30,24251.85,24292.15,24244.5,24289.55
2024-07-08T11:45:00+05:30,24271.35,24299.8,24240.55,24252.65
2024-07-08T11:15:00+05:30,24270.95,24299.8,24263.15,24270.9
2024-07-08T10:45:00+05:30,24305.3,24308,24247.8,24270.05
2024-07-08T10:15:00+05:30,24303.9,24329.15,24273.55,24304.95
2024-07-08T09:45:00+05:30,24274.3,24312.3,24265.7,24304.15
2024-07-08T09:15:00+05:30,24329.45,24338.85,24262.55,24273.45
2024-07-05T15:15:00+05:30,24342.25,24363,24315.75,24316.75
2024-07-05T14:45:00+05:30,24230.8,24354.1,24204.2,24342.05
2024-07-05T14:15:00+05:30,24247.35,24258.3,24214.65,24230.85
2024-07-05T13:45:00+05:30,24254.9,24258.85,24235.1,24247.9
2024-07-05T13:15:00+05:30,24252.45,24269.7,24246.25,24254.9
2024-07-05T12:45:00+05:30,24280.85,24283.95,24243.9,24253.5
2024-07-05T12:15:00+05:30,24272.9,24288.85,24271.35,24280.55
2024-07-05T11:45:00+05:30,24275.95,24284.55,24263.2,24273.1
2024-07-05T11:15:00+05:30,24233.75,24283.45,24229.1,24277.15
2024-07-05T10:45:00+05:30,24250.9,24262.05,24228.5,24233.2
2024-07-05T10:15:00+05:30,24226.3,24258.8,24214.95,24251.35
2024-07-05T09:45:00+05:30,24219.95,24231.1,24168.85,24226.05
2024-07-05T09:15:00+05:30,24213.35,24260.95,24170.35,24220
2024-07-04T15:15:00+05:30,24300.35,24310.8,24293.45,24304.65
2024-07-04T14:45:00+05:30,24338.9,24345.35,24281,24302.65
2024-07-04T14:15:00+05:30,24340.75,24351.3,24316.65,24338.75
2024-07-04T13:45:00+05:30,24337.35,24345.75,24314.2,24340.05
2024-07-04T13:15:00+05:30,24342.35,24348.75,24330.35,24336.65
2024-07-04T12:45:00+05:30,24351.3,24357.55,24338,24342
2024-07-04T12:15:00+05:30,24331.5,24352.2,24329.25,24350.9
2024-07-04T11:45:00+05:30,24329,24340.1,24323.65,24331.7
2024-07-04T11:15:00+05:30,24335.2,24350.5,24326.95,24328.35
2024-07-04T10:45:00+05:30,24333.9,24344.8,24300.35,24334.55
2024-07-04T10:15:00+05:30,24373.8,24386,24312.7,24333.7
2024-07-04T09:45:00+05:30,24392.2,24401,24372.3,24375.05
2024-07-04T09:15:00+05:30,24369.95,24392.55,24319.15,24392.35
2024-07-03T15:15:00+05:30,24295.8,24309.15,24283.25,24290.8
2024-07-03T14:45:00+05:30,24257.4,24297.05,24238.75,24296.1
2024-07-03T14:15:00+05:30,24265.8,24267.4,24246.5,24256.75
2024-07-03T13:45:00+05:30,24287.3,24293.55,24255.95,24264.55
2024-07-03T13:15:00+05:30,24276.4,24290.9,24274.1,24286.3
2024-07-03T12:45:00+05:30,24275.45,24292.15,24265.7,24275.85
2024-07-03T12:15:00+05:30,24252.5,24290.4,24251.35,24275.05
2024-07-03T11:45:00+05:30,24261.1,24268.45,24246.85,24252.25
2024-07-03T11:15:00+05:30,24268.25,24275.75,24236.25,24260.65
2024-07-03T10:45:00+05:30,24281.75,24286.3,24261.7,24268.4
2024-07-03T10:15:00+05:30,24268.85,24293.75,24259.6,24282.2
2024-07-03T09:45:00+05:30,24284.2,24307.25,24264.5,24267.85
2024-07-03T09:15:00+05:30,24291.75,24292.15,24207.1,24283.35
2024-07-02T15:15:00+05:30,24125.1,24130.5,24110.6,24117.8
2024-07-02T14:45:00+05:30,24143.7,24147.6,24118.15,24125.05
2024-07-02T14:15:00+05:30,24108.2,24150.25,24108.1,24144.3
2024-07-02T13:45:00+05:30,24122.1,24132.15,24095.25,24108.25
2024-07-02T13:15:00+05:30,24104.25,24136.9,24092.85,24121.95
2024-07-02T12:45:00+05:30,24109.65,24115.55,24056.4,24104.45
2024-07-02T12:15:00+05:30,24137.8,24158.6,24094.35,24109.85
2024-07-02T11:45:00+05:30,24131.6,24169.15,24128.65,24138
2024-07-02T11:15:00+05:30,24182.2,24190.25,24122.75,24130.5
2024-07-02T10:45:00+05:30,24143.45,24185.05,24135.35,24182.45
2024-07-02T10:15:00+05:30,24129.65,24159.6,24121,24143.75
2024-07-02T09:45:00+05:30,24093.35,24149.1,24073.65,24130
2024-07-02T09:15:00+05:30,24228.75,24236.35,24091.55,24093.8
2024-07-01T15:15:00+05:30,24146.85,24153.95,24120,24123.15
2024-07-01T14:45:00+05:30,24146.25,24164,24124,24147.4
2024-07-01T14:15:00+05:30,24141.05,24152.4,24120.35,24146.25
2024-07-01T13:45:00+05:30,24137.15,24152.35,24127.2,24141.55
2024-07-01T13:15:00+05:30,24119,24143.4,24108.25,24138.15
2024-07-01T12:45:00+05:30,24117.65,24126.65,24113,24118.55
2024-07-01T12:15:00+05:30,24109.8,24128,24099,24117.85
2024-07-01T11:45:00+05:30,24116,24124.4,24102.05,24109.95
2024-07-01T11:15:00+05:30,24076.95,24118.8,24072,24116.25
2024-07-01T10:45:00+05:30,24081.35,24092.7,24066,24078.7
2024-07-01T10:15:00+05:30,24056.1,24092.7,24056.05,24083.1
2024-07-01T09:45:00+05:30,24081.75,24096.6,24054.15,24056.95
2024-07-01T09:15:00+05:30,23992.95,24081.75,23992.7,24080.3
2024-06-28T15:15:00+05:30,23988.15,24012.95,23985.8,24009.8
2024-06-28T14:45:00+05:30,24070.35,24108.1,23988.9,23989.2
2024-06-28T14:15:00+05:30,24117.05,24132.9,24041.05,24071.2
2024-06-28T13:45:00+05:30,24081.2,24135.45,24073.95,24117.2
2024-06-28T13:15:00+05:30,24060.95,24091.45,24044.8,24080.05
2024-06-28T12:45:00+05:30,24046.75,24062.8,24009.15,24060.75
2024-06-28T12:15:00+05:30,24111.75,24115,24032.05,24046.65
2024-06-28T11:45:00+05:30,24140.2,24144,24105.1,24110.9
2024-06-28T11:15:00+05:30,24147.6,24150.5,24103.7,24140.5
2024-06-28T10:45:00+05:30,24138.7,24151.25,24124.05,24147.8
2024-06-28T10:15:00+05:30,24134.05,24150.9,24105.15,24138.8
2024-06-28T09:45:00+05:30,24155,24171.9,24124,24133.15
2024-06-28T09:15:00+05:30,24085.9,24174,24062.85,24155.45
2024-06-27T15:15:00+05:30,24045.4,24087.45,24036.1,24036.1
2024-06-27T14:45:00+05:30,23981.05,24048.95,23971.2,24045.6
2024-06-27T14:15:00+05:30,23955.35,23983,23913.65,23981.3
2024-06-27T13:45:00+05:30,23955.4,23995.35,23929.95,23954.35
2024-06-27T13:15:00+05:30,23961.85,23992.15,23931.2,23954.85
2024-06-27T12:45:00+05:30,23991.15,24036.6,23941.5,23961.85
2024-06-27T12:15:00+05:30,24006.4,24015.25,23975.2,23991.65
2024-06-27T11:45:00+05:30,23947.75,24006.15,23931.25,24005.35
2024-06-27T11:15:00+05:30,23921.5,23952.8,23894.15,23947.5
2024-06-27T10:45:00+05:30,23849.85,23925.35,23834.3,23922
2024-06-27T10:15:00+05:30,23946.1,23974.7,23844.15,23850.95
2024-06-27T09:45:00+05:30,23859.6,23966.4,23854.95,23945.95
2024-06-27T09:15:00+05:30,23881.55,23887.45,23805.4,23857.35
2024-06-26T15:15:00+05:30,23873.5,23887.05,23839.6,23840.25
2024-06-26T14:45:00+05:30,23871.55,23889.9,23843.2,23875.2
2024-06-26T14:15:00+05:30,23873.05,23882.45,23849.95,23872.9
2024-06-26T13:45:00+05:30,23844.75,23874.55,23843.45,23872.2
2024-06-26T13:15:00+05:30,23828.6,23858.7,23825.1,23844.1
2024-06-26T12:45:00+05:30,23843.75,23850.55,23803.8,23828.25
2024-06-26T12:15:00+05:30,23830.15,23859.5,23827.2,23844.2
2024-06-26T11:45:00+05:30,23806.15,23842.9,23803.35,23828.8
2024-06-26T11:15:00+05:30,23773.8,23825.75,23772.6,23805.4
2024-06-26T10:45:00+05:30,23724.45,23790.5,23722.35,23774.45
2024-06-26T10:15:00+05:30,23693.15,23751,23693.15,23724.95
2024-06-26T09:45:00+05:30,23700.05,23718.95,23681.05,23693.25
2024-06-26T09:15:00+05:30,23723.1,23749.5,23670.45,23701.2
2024-06-25T15:15:00+05:30,23732.2,23754.15,23715.3,23721.9
2024-06-25T14:45:00+05:30,23690.2,23733.05,23673.65,23731.65
2024-06-25T14:15:00+05:30,23695.8,23704.55,23671.45,23690.3
2024-06-25T13:45:00+05:30,23673.75,23710.45,23671.6,23695.25
2024-06-25T13:15:00+05:30,23671.6,23692.25,23661.5,23673.45
2024-06-25T12:45:00+05:30,23645.05,23684.1,23640.75,23672.5
2024-06-25T12:15:00+05:30,23586.95,23666.15,23580.65,23644.55
2024-06-25T11:45:00+05:30,23581.4,23599.05,23576.3,23588.45
2024-06-25T11:15:00+05:30,23580.5,23587.4,23562.05,23581.3
2024-06-25T10:45:00+05:30,23590.25,23610.9,23579.75,23581.2
2024-06-25T10:15:00+05:30,23594.7,23604.4,23585.25,23590.15
2024-06-25T09:45:00+05:30,23599.1,23618.1,23564.95,23594.85
2024-06-25T09:15:00+05:30,23577.1,23605.75,23571.05,23600.3
2024-06-24T15:15:00+05:30,23547,23553.1,23532.9,23548.65
2024-06-24T14:45:00+05:30,23519.6,23550.25,23492.25,23545.95
2024-06-24T14:15:00+05:30,23520.1,23531.75,23504.5,23519.9
2024-06-24T13:45:00+05:30,23536.6,23548.4,23511,23519.95
2024-06-24T13:15:00+05:30,23546.55,23555.25,23527.6,23536.2
2024-06-24T12:45:00+05:30,23522.1,23547.6,23513.65,23546.6
2024-06-24T12:15:00+05:30,23534.7,23558.1,23520.2,23522.1
2024-06-24T11:45:00+05:30,23501.55,23543.55,23491.5,23534.65
2024-06-24T11:15:00+05:30,23497.35,23544.9,23495.95,23501.9
2024-06-24T10:45:00+05:30,23479.5,23525.2,23465.7,23497.05
2024-06-24T10:15:00+05:30,23446.2,23481.35,23430.75,23480.1
2024-06-24T09:45:00+05:30,23386.4,23454.6,23382.95,23445.75
2024-06-24T09:15:00+05:30,23382.3,23439.2,23350,23386.75
2024-06-21T15:15:00+05:30,23476.45,23489.9,23445.65,23453.15
2024-06-21T14:45:00+05:30,23460.45,23566.15,23459.65,23476.2
2024-06-21T14:15:00+05:30,23567.1,23577.3,23398.2,23460.55
2024-06-21T13:45:00+05:30,23466.95,23585.7,23462.5,23567.2
2024-06-21T13:15:00+05:30,23452.5,23489.6,23442.25,23467.25
2024-06-21T12:45:00+05:30,23460.6,23473.8,23422.4,23453.25
2024-06-21T12:15:00+05:30,23539.25,23546.35,23455.45,23460.3
2024-06-21T11:45:00+05:30,23548.15,23551.5,23524.6,23539.3
2024-06-21T11:15:00+05:30,23529.5,23561.9,23507,23548.1
2024-06-21T10:45:00+05:30,23544.8,23547.15,23491.5,23529.05
2024-06-21T10:15:00+05:30,23585.25,23610.95,23541.1,23546.2
2024-06-21T09:45:00+05:30,23588.4,23622.45,23567.05,23584.75
2024-06-21T09:15:00+05:30,23661.15,23667.1,23576.1,23589.55
2024-06-20T15:15:00+05:30,23566.2,23587.8,23559.85,23579.15
2024-06-20T14:45:00+05:30,23581.25,23581.35,23536.35,23566.85
2024-06-20T14:15:00+05:30,23563.35,23600.5,23556.35,23579.55
2024-06-20T13:45:00+05:30,23611.9,23612.2,23532.5,23562.75
2024-06-20T13:15:00+05:30,23552.45,23624,23551,23612.35
2024-06-20T12:45:00+05:30,23538.15,23572.4,23532.5,23552.5
2024-06-20T12:15:00+05:30,23556.9,23561.95,23535,23538.25
2024-06-20T11:45:00+05:30,23553.35,23569.3,23545.15,23556.6
2024-06-20T11:15:00+05:30,23533.05,23555.95,23524.05,23552.55
2024-06-20T10:45:00+05:30,23531.8,23563.4,23517.3,23533.65
2024-06-20T10:15:00+05:30,23488.25,23539,23478.05,23531.9
2024-06-20T09:45:00+05:30,23508.6,23518.3,23442.6,23487.35
2024-06-20T09:15:00+05:30,23586.15,23587.7,23461.75,23508
2024-06-19T15:15:00+05:30,23509.8,23528.45,23504.6,23521.4
2024-06-19T14:45:00+05:30,23611.65,23635.75,23484.15,23511
2024-06-19T14:15:00+05:30,23560.45,23664,23545.85,23611.45
2024-06-19T13:45:00+05:30,23538.65,23571.5,23515.8,23560.65
2024-06-19T13:15:00+05:30,23552.1,23555.75,23513.5,23538.9
2024-06-19T12:45:00+05:30,23559.7,23563,23527,23552.1
2024-06-19T12:15:00+05:30,23557.05,23574.2,23543.05,23559.35
2024-06-19T11:45:00+05:30,23542.1,23556.65,23526.35,23556.35
2024-06-19T11:15:00+05:30,23504,23546.25,23478.55,23542.1
2024-06-19T10:45:00+05:30,23460.35,23520.7,23435.5,23503.65
2024-06-19T10:15:00+05:30,23523.05,23532.6,23412.9,23461.05
2024-06-19T09:45:00+05:30,23579.65,23595.7,23523,23523.05
2024-06-19T09:15:00+05:30,23629.85,23630.85,23532.1,23580.3
2024-06-18T15:15:00+05:30,23556.2,23572.1,23554.55,23562.3
2024-06-18T14:45:00+05:30,23534.95,23556.95,23531.85,23555.75
2024-06-18T14:15:00+05:30,23539.55,23547.3,23527.95,23534.55
2024-06-18T13:45:00+05:30,23538.5,23550.1,23530.7,23539.5
2024-06-18T13:15:00+05:30,23532.6,23542.8,23523.85,23538.1
2024-06-18T12:45:00+05:30,23526.1,23536.6,23520.2,23532.35
2024-06-18T12:15:00+05:30,23533.9,23541.4,23513.7,23527.45
2024-06-18T11:45:00+05:30,23542.25,23546.7,23532.05,23533.75
2024-06-18T11:15:00+05:30,23541.3,23557.35,23537.3,23542.25
2024-06-18T10:45:00+05:30,23535.95,23551.25,23526.95,23540.5
2024-06-18T10:15:00+05:30,23542.35,23556.2,23512.85,23536.35
2024-06-18T09:45:00+05:30,23553.95,23579.05,23542.35,23542.35
2024-06-18T09:15:00+05:30,23570.8,23573.85,23499.7,23553.7
2024-06-14T15:15:00+05:30,23472.4,23473.35,23444.6,23454.15
2024-06-14T14:45:00+05:30,23455.8,23490.4,23453.45,23471.9
2024-06-14T14:15:00+05:30,23446.15,23465.2,23442.1,23455.5
2024-06-14T13:45:00+05:30,23442.35,23451.9,23424.15,23446.35
2024-06-14T13:15:00+05:30,23459.35,23463.55,23435.35,23442.7
2024-06-14T12:45:00+05:30,23437.9,23462.7,23434,23459.15
2024-06-14T12:15:00+05:30,23439.1,23442.45,23429.55,23437.05
2024-06-14T11:45:00+05:30,23445.95,23450.15,23428,23439.1
2024-06-14T11:15:00+05:30,23448.35,23452.5,23429.7,23445.25
2024-06-14T10:45:00+05:30,23450,23453.65,23433.9,23448.9
2024-06-14T10:15:00+05:30,23437.45,23459.45,23424.9,23450.25
2024-06-14T09:45:00+05:30,23341.9,23447.6,23338.75,23437.85
2024-06-14T09:15:00+05:30,23464.95,23469.45,23334.25,23342.25
2024-06-13T15:15:00+05:30,23398.15,23411.2,23396.75,23399.35
2024-06-13T14:45:00+05:30,23398.75,23407.8,23384.6,23399
2024-06-13T14:15:00+05:30,23393.75,23400.65,23366.25,23398.1
2024-06-13T13:45:00+05:30,23405.7,23408.25,23384.1,23393.75
2024-06-13T13:15:00+05:30,23410.45,23417.85,23402.9,23407
2024-06-13T12:45:00+05:30,23392.9,23421.1,23380.9,23411.3
2024-06-13T12:15:00+05:30,23391.3,23412.25,23386.4,23393.15
2024-06-13T11:45:00+05:30,23377.8,23414.25,23377.8,23391.85
2024-06-13T11:15:00+05:30,23366.8,23390.6,23353.9,23377.4
2024-06-13T10:45:00+05:30,23382.6,23394.05,23366.05,23367.8
2024-06-13T10:15:00+05:30,23408.15,23411.55,23372.15,23382.35
2024-06-13T09:45:00+05:30,23384.7,23414.1,23364.05,23408.7
2024-06-13T09:15:00+05:30,23480.95,23481.05,23382.3,23383.3
2024-06-12T15:15:00+05:30,23326,23329.8,23297.75,23308.4
2024-06-12T14:45:00+05:30,23379.9,23394.15,23315.6,23325.25
2024-06-12T14:15:00+05:30,23352.1,23379.9,23340.5,23378.65
2024-06-12T13:45:00+05:30,23400.3,23406.55,23336.95,23352.75
2024-06-12T13:15:00+05:30,23411.7,23420.8,23392.5,23400.35
2024-06-12T12:45:00+05:30,23412.45,23419.6,23384.05,23411.7
2024-06-12T12:15:00+05:30,23413.5,23423.8,23402.9,23412.4
2024-06-12T11:45:00+05:30,23401.15,23436.85,23401.15,23413.25
2024-06-12T11:15:00+05:30,23411.9,23421.35,23365,23402.95
2024-06-12T10:45:00+05:30,23435.1,23441.95,23403.05,23412.8
2024-06-12T10:15:00+05:30,23410.55,23438.15,23383.75,23436.15
2024-06-12T09:45:00+05:30,23372.3,23420.35,23366.85,23408.65
2024-06-12T09:15:00+05:30,23344.45,23378.5,23295.95,23372.9
2024-06-11T15:15:00+05:30,23264.85,23268.45,23232,23261.8
2024-06-11T14:45:00+05:30,23333.3,23336.2,23260.35,23264.15
2024-06-11T14:15:00+05:30,23330.45,23351.85,23300.95,23332.95
2024-06-11T13:45:00+05:30,23379.6,23389.45,23317.75,23330.2
2024-06-11T13:15:00+05:30,23333.55,23383.85,23327.55,23379
2024-06-11T12:45:00+05:30,23336.55,23361.5,23325.65,23331.85
2024-06-11T12:15:00+05:30,23330.75,23342.3,23311.05,23337.55
2024-06-11T11:45:00+05:30,23324.6,23336.8,23315,23331.1
2024-06-11T11:15:00+05:30,23329.3,23335.05,23303.7,23324.65
2024-06-11T10:45:00+05:30,23320.4,23334.5,23297.9,23328.5
2024-06-11T10:15:00+05:30,23311.8,23348,23300.3,23321.25
2024-06-11T09:45:00+05:30,23252.8,23325.15,23250.35,23312.55
2024-06-11T09:15:00+05:30,23283.75,23289.8,23206.65,23252.8
2024-06-10T15:15:00+05:30,23261.6,23264.25,23227.15,23234.45
2024-06-10T14:45:00+05:30,23297.5,23300.4,23259.75,23262.15
2024-06-10T14:15:00+05:30,23363,23365,23228.45,23297.45
2024-06-10T13:45:00+05:30,23358.5,23377.35,23341.7,23363.25
2024-06-10T13:15:00+05:30,23332.55,23361.75,23324.15,23358.35
2024-06-10T12:45:00+05:30,23336,23348.05,23320.9,23333.4
2024-06-10T12:15:00+05:30,23307.95,23339.1,23304.9,23333.9
2024-06-10T11:45:00+05:30,23341.85,23358.65,23297.5,23308.15
2024-06-10T11:15:00+05:30,23337.55,23370.85,23333.75,23342.05
2024-06-10T10:45:00+05:30,23326.05,23360.75,23303,23337.6
2024-06-10T10:15:00+05:30,23315,23362.85,23305.3,23327.85
2024-06-10T09:45:00+05:30,23325.35,23327.65,23233.05,23315.25
2024-06-10T09:15:00+05:30,23319.15,23411.9,23241.35,23324.75
2024-06-07T15:15:00+05:30,23287.65,23301.65,23262.8,23270.05
2024-06-07T14:45:00+05:30,23240.3,23320.2,23236.25,23287.75
2024-06-07T14:15:00+05:30,23244.15,23281.85,23225.1,23238.2
2024-06-07T13:45:00+05:30,23224.25,23254.55,23191.8,23243.7
2024-06-07T13:15:00+05:30,23207.4,23226.15,23151.85,23226.15
2024-06-07T12:45:00+05:30,23218.05,23250,23171.8,23208.25
2024-06-07T12:15:00+05:30,23189.5,23222.2,23135.85,23217.85
2024-06-07T11:45:00+05:30,23132.3,23230.15,23124.1,23189.75
2024-06-07T11:15:00+05:30,23075.3,23141.35,23037.9,23132.15
2024-06-07T10:45:00+05:30,23033.85,23082.9,23022.45,23075.85
2024-06-07T10:15:00+05:30,22980,23059.45,22916.6,23033.8
2024-06-07T09:45:00+05:30,22943.1,23004.85,22904.35,22980.25
2024-06-07T09:15:00+05:30,22821.85,22953.8,22789.05,22942.5
2024-06-06T15:15:00+05:30,22824.8,22865.45,22804.35,22849.05
2024-06-06T14:45:00+05:30,22726,22826.3,22712.8,22825.15
2024-06-06T14:15:00+05:30,22781.05,22797,22669.5,22727.75
2024-06-06T13:45:00+05:30,22843.25,22848.35,22725.05,22781.4
2024-06-06T13:15:00+05:30,22699.9,22847.2,22694.95,22841.85
2024-06-06T12:45:00+05:30,22719.7,22774.6,22645.15,22699.3
2024-06-06T12:15:00+05:30,22720.7,22805.45,22707.9,22719.75
2024-06-06T11:45:00+05:30,22796.35,22831.85,22675.8,22720.75
2024-06-06T11:15:00+05:30,22897.2,22904.85,22780.25,22796.55
2024-06-06T10:45:00+05:30,22864.55,22910.15,22841.75,22896.85
2024-06-06T10:15:00+05:30,22787.9,22880.1,22785.25,22862.85
2024-06-06T09:45:00+05:30,22731.55,22797.35,22680,22786.85
2024-06-06T09:15:00+05:30,22798.6,22799.5,22642.6,22732.8
2024-06-05T15:15:00+05:30,22635.65,22639.55,22554.65,22573
2024-06-05T14:45:00+05:30,22578.25,22670.4,22565.45,22635.85
2024-06-05T14:15:00+05:30,22476.15,22603.8,22430.05,22577.1
2024-06-05T13:45:00+05:30,22428,22560.65,22399.6,22475.15
2024-06-05T13:15:00+05:30,22377.6,22439.3,22354,22428.35
2024-06-05T12:45:00+05:30,22303.9,22420.55,22241.25,22377.65
2024-06-05T12:15:00+05:30,22311.95,22373,22285.15,22302.35
2024-06-05T11:45:00+05:30,22353.3,22353.3,22213.15,22311.6
2024-06-05T11:15:00+05:30,22350.85,22445,22275,22357.1
2024-06-05T10:45:00+05:30,22050.85,22355.4,22040.4,22351.65
2024-06-05T10:15:00+05:30,22061.8,22076.6,21943.95,22051.95
2024-06-05T09:45:00+05:30,21932.3,22077.3,21820.9,22063.3
2024-06-05T09:15:00+05:30,22128.35,22131.6,21791.95,21932.45
2024-06-04T15:15:00+05:30,21948.6,22068.55,21871.45,21996.45
2024-06-04T14:45:00+05:30,21990.5,22048.65,21725.3,21949.7
2024-06-04T14:15:00+05:30,22061.8,22090.05,21883.45,21989.75
2024-06-04T13:45:00+05:30,22070.95,22271.7,21948.3,22061.05
2024-06-04T13:15:00+05:30,21944.45,22127.5,21881.5,22071.45
2024-06-04T12:45:00+05:30,21793.85,22005.55,21692,21944.75
2024-06-04T12:15:00+05:30,21591.25,21838.3,21281.45,21794.35
2024-06-04T11:45:00+05:30,22128.6,22195.8,21481.8,21591.9
2024-06-04T11:15:00+05:30,22097,22293.25,22052.35,22127.65
2024-06-04T10:45:00+05:30,22552.35,22607.75,22000.6,22095.1
2024-06-04T10:15:00+05:30,22832.5,22832.5,22534.3,22553.95
2024-06-04T09:45:00+05:30,22584.6,22880.8,22565.65,22833.9
2024-06-04T09:15:00+05:30,23179.5,23179.5,22389.85,22584.15
2024-06-03T15:15:00+05:30,23265.1,23308.25,23264.9,23305.95
2024-06-03T14:45:00+05:30,23261.45,23267.05,23224.15,23264.7
2024-06-03T14:15:00+05:30,23239.95,23265.7,23212.3,23262.85
2024-06-03T13:45:00+05:30,23203.65,23260.55,23203.1,23240.95
2024-06-03T13:15:00+05:30,23227.25,23240.6,23161,23203.8
2024-06-03T12:45:00+05:30,23213.75,23234.85,23200.9,23228.1
2024-06-03T12:15:00+05:30,23221.6,23244,23198.6,23213.7
2024-06-03T11:45:00+05:30,23205.3,23248.45,23195.7,23221.65
2024-06-03T11:15:00+05:30,23173.9,23205.75,23169.45,23204.05
2024-06-03T10:45:00+05:30,23146.25,23175.6,23134.45,23175.3
2024-06-03T10:15:00+05:30,23197.1,23207.5,23135.85,23146.2
2024-06-03T09:45:00+05:30,23105.8,23203.5,23062.3,23197.1
2024-06-03T09:15:00+05:30,23337.9,23338.7,23082.7,23105.7
2024-05-31T15:15:00+05:30,22523.6,22579.45,22513.85,22550.45
2024-05-31T14:45:00+05:30,22505.85,22544.35,22465.1,22523.55
2024-05-31T14:15:00+05:30,22607.8,22609.2,22472.5,22506.3
2024-05-31T13:45:00+05:30,22573.25,22631.4,22569.2,22605.6
2024-05-31T13:15:00+05:30,22535.05,22575.5,22531.65,22570.4
2024-05-31T12:45:00+05:30,22519.25,22550.5,22509.4,22535.35
2024-05-31T12:15:00+05:30,22512.15,22531.9,22504.1,22518
2024-05-31T11:45:00+05:30,22553.65,22556.15,22500.55,22513.05
2024-05-31T11:15:00+05:30,22529.75,22560.55,22506.25,22553.95
2024-05-31T10:45:00+05:30,22533.65,22554,22495.85,22530.6
2024-05-31T10:15:00+05:30,22533.35,22587.3,22516.25,22532.8
2024-05-31T09:45:00+05:30,22635.7,22636.65,22533.7,22535.2
2024-05-31T09:15:00+05:30,22568.1,22653.75,22557.7,22634.85
2024-05-30T15:15:00+05:30,22477.9,22560.9,22477,22557.1
2024-05-30T14:45:00+05:30,22463.55,22521.95,22417,22478.05
2024-05-30T14:15:00+05:30,22523.05,22538.45,22459.15,22464.65
2024-05-30T13:45:00+05:30,22540.25,22565.55,22521,22522.6
2024-05-30T13:15:00+05:30,22576.05,22579,22518.55,22538.65
2024-05-30T12:45:00+05:30,22569.45,22602.25,22566.95,22576.4
2024-05-30T12:15:00+05:30,22567.1,22576.85,22551.25,22568.1
2024-05-30T11:45:00+05:30,22545.95,22586.9,22544.5,22567.45
2024-05-30T11:15:00+05:30,22563.65,22569.55,22540.9,22546.6
2024-05-30T10:45:00+05:30,22591.25,22604.1,22562.75,22563.8
2024-05-30T10:15:00+05:30,22558.3,22617.85,22555.3,22590.55
2024-05-30T09:45:00+05:30,22608.1,22618.6,22554,22558.5
2024-05-30T09:15:00+05:30,22617.45,22705.75,22590.3,22608.3
2024-05-29T15:15:00+05:30,22710.8,22713.8,22693.35,22705.8
2024-05-29T14:45:00+05:30,22718.5,22738.1,22685.45,22711.3
2024-05-29T14:15:00+05:30,22753.6,22760.9,22716.35,22719.05
2024-05-29T13:45:00+05:30,22780.75,22787.15,22724.3,22752.35
2024-05-29T13:15:00+05:30,22765,22792.5,22758.25,22780.15
2024-05-29T12:45:00+05:30,22753.1,22802.4,22735.55,22764.8
2024-05-29T12:15:00+05:30,22744,22753.75,22725.9,22752.4
2024-05-29T11:45:00+05:30,22722.6,22747.7,22714.05,22745.2
2024-05-29T11:15:00+05:30,22725.55,22747.3,22705.6,22722.95
2024-05-29T10:45:00+05:30,22750.8,22759.45,22719.95,22725.25
2024-05-29T10:15:00+05:30,22757.8,22768.75,22719.45,22752.05
2024-05-29T09:45:00+05:30,22809.95,22815.3,22749.9,22757.65
2024-05-29T09:15:00+05:30,22762.75,22825.5,22762.25,22809.8
2024-05-28T15:15:00+05:30,22893.45,22895.9,22858.5,22868.65
2024-05-28T14:45:00+05:30,22911.75,22924.8,22887.25,22893
2024-05-28T14:15:00+05:30,22926.7,22937.8,22894.25,22911.3
2024-05-28T13:45:00+05:30,22951.95,22953.35,22910.65,22926.25
2024-05-28T13:15:00+05:30,22944.15,22973.4,22914.1,22950.9
2024-05-28T12:45:00+05:30,22913.5,22959.3,22900.1,22945.25
2024-05-28T12:15:00+05:30,22939.35,22945.75,22889.1,22914.35
2024-05-28T11:45:00+05:30,22957.7,22966.4,22932.65,22939.25
2024-05-28T11:15:00+05:30,22968.7,22975.1,22937.65,22957.9
2024-05-28T10:45:00+05:30,22982.5,22987.85,22955.6,22968.75
2024-05-28T10:15:00+05:30,22957.1,22998.55,22956.65,22983.35
2024-05-28T09:45:00+05:30,22963,22975.65,22926.35,22957.65
2024-05-28T09:15:00+05:30,22977.15,22992.4,22936.55,22962.35
2024-05-27T15:15:00+05:30,22939.1,22960.15,22924.15,22931.05
2024-05-27T14:45:00+05:30,23016.55,23026.2,22871.2,22938.75
2024-05-27T14:15:00+05:30,23068.65,23071.95,23017.45,23017.75
2024-05-27T13:45:00+05:30,23072.75,23085.55,23047.5,23068.25
2024-05-27T13:15:00+05:30,23075.15,23091.85,23064.45,23073.05
2024-05-27T12:45:00+05:30,23100.6,23110.8,23063.4,23074.85
2024-05-27T12:15:00+05:30,23068,23108.35,23064.1,23100.65
2024-05-27T11:45:00+05:30,23020.15,23075.65,23014,23067.9
2024-05-27T11:15:00+05:30,22988.9,23023.35,22985.8,23018.8
2024-05-27T10:45:00+05:30,22998.75,23006.65,22979.6,22988.8
2024-05-27T10:15:00+05:30,22950.35,23001.2,22941.8,22998.45
2024-05-27T09:45:00+05:30,22996.95,23001.55,22932,22950.9
2024-05-27T09:15:00+05:30,23038.95,23043.2,22964.1,22997.55
2024-05-24T15:15:00+05:30,22959.5,22970.15,22943.25,22952
2024-05-24T14:45:00+05:30,22989.95,22991.5,22927.8,22958.35
2024-05-24T14:15:00+05:30,23005.5,23026.4,22964.05,22990.1
2024-05-24T13:45:00+05:30,23007.85,23019.05,22986.6,23005.85
2024-05-24T13:15:00+05:30,22991.25,23016.35,22984.9,23007.75
2024-05-24T12:45:00+05:30,22983.75,23019.65,22977.45,22991.25
2024-05-24T12:15:00+05:30,22970.05,22988.85,22957.5,22984.4
2024-05-24T11:45:00+05:30,22975.8,22980.25,22954.3,22969.4
2024-05-24T11:15:00+05:30,22959.55,22983.6,22958.85,22976
2024-05-24T10:45:00+05:30,22949.6,22984.2,22944.45,22959.55
2024-05-24T10:15:00+05:30,22919.45,22967.25,22916.8,22949.45
2024-05-24T09:45:00+05:30,22971.05,22984.2,22917.9,22919.7
2024-05-24T09:15:00+05:30,22930.75,23004.05,22908,22972.3
2024-05-23T15:15:00+05:30,22978.55,22993.6,22947.55,22951
2024-05-23T14:45:00+05:30,22928.95,22989,22898.75,22978.65
2024-05-23T14:15:00+05:30,22913.2,22959.7,22891.85,22928.25
2024-05-23T13:45:00+05:30,22834.7,22915.1,22818.8,22914.9
2024-05-23T13:15:00+05:30,22830.45,22860.65,22795.85,22833.55
2024-05-23T12:45:00+05:30,22830.5,22852,22813.6,22830.35
2024-05-23T12:15:00+05:30,22758,22837.65,22756.5,22830.7
2024-05-23T11:45:00+05:30,22722.45,22768.65,22712.25,22758.85
2024-05-23T11:15:00+05:30,22696.75,22733.7,22696.45,22722.7
2024-05-23T10:45:00+05:30,22660.75,22722.15,22656.1,22696.8
2024-05-23T10:15:00+05:30,22674,22719.35,22642.45,22660.45
2024-05-23T09:45:00+05:30,22679.6,22689.35,22657.3,22674.5
2024-05-23T09:15:00+05:30,22614.1,22686.7,22577.45,22680.3
2024-05-22T15:15:00+05:30,22597.65,22629.5,22594.6,22620.5
2024-05-22T14:45:00+05:30,22589.75,22616.3,22536.55,22597.9
2024-05-22T14:15:00+05:30,22575.25,22593,22570.85,22589.2
2024-05-22T13:45:00+05:30,22576.5,22608.15,22562.7,22576.8
2024-05-22T13:15:00+05:30,22564.3,22585.85,22559.05,22577.65
2024-05-22T12:45:00+05:30,22559.3,22577.25,22549.55,22565.1
2024-05-22T12:15:00+05:30,22564.2,22586.4,22552.5,22561.15
2024-05-22T11:45:00+05:30,22538.7,22568.2,22536.15,22564.25
2024-05-22T11:15:00+05:30,22546.5,22556.6,22530.4,22539.15
2024-05-22T10:45:00+05:30,22545.95,22575.55,22527.45,22546.3
2024-05-22T10:15:00+05:30,22558.6,22563.25,22535.05,22546.4
2024-05-22T09:45:00+05:30,22506.1,22566.6,22483.15,22558.4
2024-05-22T09:15:00+05:30,22576.6,22577.4,22496.75,22506.35
2024-05-21T15:15:00+05:30,22526.15,22530.15,22498.25,22507.55
2024-05-21T14:45:00+05:30,22546.5,22551.85,22506.15,22525.35
2024-05-21T14:15:00+05:30,22535.65,22551.45,22525.75,22547.1
2024-05-21T13:45:00+05:30,22542.2,22561.4,22531.75,22535.5
2024-05-21T13:15:00+05:30,22573.05,22578.5,22532.2,22542.2
2024-05-21T12:45:00+05:30,22553.45,22591.1,22550.75,22573.75
2024-05-21T12:15:00+05:30,22546.45,22556.8,22524.75,22553.55
2024-05-21T11:45:00+05:30,22516.2,22547.8,22513.5,22546.3
2024-05-21T11:15:00+05:30,22503.8,22522.7,22498.35,22515.9
2024-05-21T10:45:00+05:30,22457.65,22507.75,22454.1,22503.85
2024-05-21T10:15:00+05:30,22465.75,22482.75,22457.8,22458.05
2024-05-21T09:45:00+05:30,22472.3,22485.75,22449,22465.7
2024-05-21T09:15:00+05:30,22404.55,22509.05,22404.55,22473.5
2024-05-18T12:15:00+05:30,22507,22511.8,22496.5,22506.8
2024-05-18T11:45:00+05:30,22495.5,22510.6,22487.4,22506.75
2024-05-18T11:15:00+05:30,22499.05,22505.85,22488.25,22495.85
2024-05-18T09:45:00+05:30,22510.2,22512.5,22470.15,22482.25
2024-05-18T09:15:00+05:30,22512.85,22519.85,22495.7,22509.45
2024-05-17T15:15:00+05:30,22473.4,22485.75,22461,22465.55
2024-05-17T14:45:00+05:30,22477.3,22480.65,22443.5,22474.4
2024-05-17T14:15:00+05:30,22483.1,22491.55,22466.1,22477.4
2024-05-17T13:45:00+05:30,22475.15,22493.3,22469.7,22482.1
2024-05-17T13:15:00+05:30,22474,22502.15,22455.8,22475.3
2024-05-17T12:45:00+05:30,22474.2,22479,22441.45,22474.6
2024-05-17T12:15:00+05:30,22458.55,22486.45,22456.75,22474.35
2024-05-17T11:45:00+05:30,22484.1,22490.8,22453.7,22458.1
2024-05-17T11:15:00+05:30,22469.2,22485,22441.5,22483.5
2024-05-17T10:45:00+05:30,22457.95,22473.7,22425.35,22469.3
2024-05-17T10:15:00+05:30,22390.85,22471.65,22382.75,22458
2024-05-17T09:45:00+05:30,22358.9,22420.2,22351.65,22391.8
2024-05-17T09:15:00+05:30,22415.25,22431.25,22345.65,22359.25
2024-05-16T15:15:00+05:30,22403.45,22432.25,22388.8,22392.35
2024-05-16T14:45:00+05:30,22243.4,22408.75,22240.2,22403.25
2024-05-16T14:15:00+05:30,22065.1,22245.5,22060.45,22244.05
2024-05-16T13:45:00+05:30,22072.25,22137.2,22054.55,22065.5
2024-05-16T13:15:00+05:30,22128.55,22128.65,22058.8,22070.2
2024-05-16T12:45:00+05:30,22174.55,22186.85,22103.8,22128.15
2024-05-16T12:15:00+05:30,22291.15,22303.55,22143.1,22174.85
2024-05-16T11:45:00+05:30,22182.4,22290.35,22149.55,22289.5
2024-05-16T11:15:00+05:30,22146.75,22182.4,22105.95,22182.4
2024-05-16T10:45:00+05:30,22213.5,22215.1,22127.35,22147.1
2024-05-16T10:15:00+05:30,22244.7,22250.75,22165.15,22215.25
2024-05-16T09:45:00+05:30,22239.2,22265.75,22216.35,22244.45
2024-05-16T09:15:00+05:30,22319.2,22330,22236.35,22239.35
2024-05-15T15:15:00+05:30,22203.45,22214.95,22188.9,22210.4
2024-05-15T14:45:00+05:30,22201.85,22233.55,22183.45,22205.05
2024-05-15T14:15:00+05:30,22210.4,22217.95,22182.15,22202.45
2024-05-15T13:45:00+05:30,22190.3,22225.8,22168.45,22211.45
2024-05-15T13:15:00+05:30,22191.2,22207.85,22164.3,22189.7
2024-05-15T12:45:00+05:30,22204.15,22217.3,22185.1,22191.9
2024-05-15T12:15:00+05:30,22203.85,22214.75,22175.55,22204.5
2024-05-15T11:45:00+05:30,22184.35,22228.75,22179.75,22204.05
2024-05-15T11:15:00+05:30,22230.45,22239.25,22164.5,22184.45
2024-05-15T10:45:00+05:30,22165,22254.9,22158.65,22230.35
2024-05-15T10:15:00+05:30,22190.4,22202.2,22151.75,22165.2
2024-05-15T09:45:00+05:30,22283.95,22297.55,22168.9,22189.6
2024-05-15T09:15:00+05:30,22255.6,22286.05,22241.6,22283.55
2024-05-14T15:15:00+05:30,22221.1,22226.95,22214.3,22223.8
2024-05-14T14:45:00+05:30,22236.25,22248.55,22195.4,22222.05
2024-05-14T14:15:00+05:30,22250.7,22266.4,22217.7,22236.9
2024-05-14T13:45:00+05:30,22241.4,22270.05,22233.85,22250.85
2024-05-14T13:15:00+05:30,22220.35,22241.45,22202.2,22241.25
2024-05-14T12:45:00+05:30,22194.45,22236.85,22192.15,22220.45
2024-05-14T12:15:00+05:30,22185.3,22200.6,22167,22194.65
2024-05-14T11:45:00+05:30,22177.3,22202.15,22172.2,22185.3
2024-05-14T11:15:00+05:30,22178.9,22189.8,22155.75,22176.75
2024-05-14T10:45:00+05:30,22155.75,22180.65,22128.75,22178.9
2024-05-14T10:15:00+05:30,22099.2,22155.35,22098.8,22155.25
2024-05-14T09:45:00+05:30,22143.5,22167.55,22081.25,22099.1
2024-05-14T09:15:00+05:30,22112.9,22182.7,22095.15,22143.7
2024-05-13T15:15:00+05:30,22098.45,22131.65,22092.15,22119.4
2024-05-13T14:45:00+05:30,22120.55,22130.7,22070.55,22098.45
2024-05-13T14:15:00+05:30,22103.4,22127.15,22080.05,22121.45
2024-05-13T13:45:00+05:30,21977.75,22111.65,21967.6,22103.05
2024-05-13T13:15:00+05:30,22029.1,22038.05,21934,21978.45
2024-05-13T12:45:00+05:30,22022.55,22034.9,21989.5,22029.2
2024-05-13T12:15:00+05:30,21986.85,22041,21967,22022.45
2024-05-13T11:45:00+05:30,21962.7,21990.55,21947.2,21985.4
2024-05-13T11:15:00+05:30,21911.05,21989.75,21910.7,21962.75
2024-05-13T10:45:00+05:30,21832.75,21921.55,21821.05,21911.1
2024-05-13T10:15:00+05:30,21885.2,21889.75,21824.85,21832.85
2024-05-13T09:45:00+05:30,21856.8,21897.7,21828.4,21886.1
2024-05-13T09:15:00+05:30,22027.95,22067.3,21851.6,21857.4
2024-05-10T15:15:00+05:30,22054.2,22067.45,22041.4,22054
2024-05-10T14:45:00+05:30,22029.75,22072.4,22020.6,22054.6
2024-05-10T14:15:00+05:30,22026.85,22036.8,22009.15,22030.65
2024-05-10T13:45:00+05:30,22035.35,22062.4,22018.5,22027.05
2024-05-10T13:15:00+05:30,21992.35,22038.45,21985.2,22035.05
2024-05-10T12:45:00+05:30,22024.5,22027.3,21985.15,21992.5
2024-05-10T12:15:00+05:30,22032.5,22042.2,22000.3,22024.75
2024-05-10T11:45:00+05:30,22057.5,22059.65,22015.45,22032.3
2024-05-10T11:15:00+05:30,22056.15,22093.75,22041.25,22057.4
2024-05-10T10:45:00+05:30,22090.15,22091.1,22012.95,22056.3
2024-05-10T10:15:00+05:30,22109.5,22131.3,22078.65,22090.15
2024-05-10T09:45:00+05:30,22069.6,22120.25,22053.55,22110.1
2024-05-10T09:15:00+05:30,21990.95,22071.45,21950.3,22068.85
2024-05-09T15:15:00+05:30,21943.2,21968.15,21932.4,21968.15
2024-05-09T14:45:00+05:30,21972.75,22022.85,21942.5,21943
2024-05-09T14:15:00+05:30,22061,22076.9,21968.05,21972.4
2024-05-09T13:45:00+05:30,22047.3,22081.95,22025.75,22061.75
2024-05-09T13:15:00+05:30,22058.3,22066,22021.05,22045.8
2024-05-09T12:45:00+05:30,22127.05,22133.15,22030.95,22057.95
2024-05-09T12:15:00+05:30,22165.85,22186.15,22125.05,22127.4
2024-05-09T11:45:00+05:30,22161.45,22177.45,22148.4,22165.95
2024-05-09T11:15:00+05:30,22138.4,22171.55,22122.05,22162.15
2024-05-09T10:45:00+05:30,22138.45,22159.6,22125.45,22138.8
2024-05-09T10:15:00+05:30,22194.4,22210.25,22130.1,22137.45
2024-05-09T09:45:00+05:30,22246.75,22260.25,22188.35,22194.4
2024-05-09T09:15:00+05:30,22224.8,22307.75,22221,22246.45
2024-05-08T15:15:00+05:30,22301.85,22317.55,22293,22306.75
2024-05-08T14:45:00+05:30,22290.5,22315.6,22272.7,22301.95
2024-05-08T14:15:00+05:30,22275.05,22293.1,22244.35,22290.55
2024-05-08T13:45:00+05:30,22315.5,22322.35,22259.7,22275.25
2024-05-08T13:15:00+05:30,22336.7,22368.65,22285.8,22314.3
2024-05-08T12:45:00+05:30,22318.65,22354.35,22318.1,22336.8
2024-05-08T12:15:00+05:30,22332.1,22359.05,22303.35,22319.7
2024-05-08T11:45:00+05:30,22278.5,22340.05,22277.6,22331.75
2024-05-08T11:15:00+05:30,22235.85,22289.1,22235,22278.15
2024-05-08T10:45:00+05:30,22202.9,22240,22194.75,22235
2024-05-08T10:15:00+05:30,22280.25,22281.3,22185.2,22202.5
2024-05-08T09:45:00+05:30,22257.2,22291.8,22220.5,22279.7
2024-05-08T09:15:00+05:30,22231.2,22282.65,22185.6,22256.1
2024-05-07T15:15:00+05:30,22308.05,22314.7,22295.3,22304.5
2024-05-07T14:45:00+05:30,22301.4,22323.3,22281.35,22308.7
2024-05-07T14:15:00+05:30,22321.15,22321.6,22256.2,22301
2024-05-07T13:45:00+05:30,22324.95,22330.4,22292.75,22320.55
2024-05-07T13:15:00+05:30,22239.95,22326.5,22237.3,22324.45
2024-05-07T12:45:00+05:30,22253.65,22275.8,22237.05,22239.7
2024-05-07T12:15:00+05:30,22279,22306.2,22252.3,22253
2024-05-07T11:45:00+05:30,22273.25,22299.7,22258.75,22279.65
2024-05-07T11:15:00+05:30,22304.35,22305.35,22232.05,22272.85
2024-05-07T10:45:00+05:30,22331.75,22344.75,22298.9,22304
2024-05-07T10:15:00+05:30,22397.6,22398.35,22317.6,22332
2024-05-07T09:45:00+05:30,22468.25,22482.8,22376,22398.6
2024-05-07T09:15:00+05:30,22489.75,22499.05,22441.4,22468.05
2024-05-06T15:15:00+05:30,22440.85,22463.2,22434.3,22458
2024-05-06T14:45:00+05:30,22446.65,22487.3,22417.25,22441
2024-05-06T14:15:00+05:30,22438.9,22463.7,22409.45,22446.85
2024-05-06T13:45:00+05:30,22471.75,22474.25,22436,22439.85
2024-05-06T13:15:00+05:30,22439.6,22473.85,22412.3,22472.1
2024-05-06T12:45:00+05:30,22483.35,22487.85,22438.45,22439.4
2024-05-06T12:15:00+05:30,22521.45,22526.45,22471.35,22483.8
2024-05-06T11:45:00+05:30,22492.4,22525.4,22475.1,22520.95
2024-05-06T11:15:00+05:30,22493.4,22510.8,22462,22493.5
2024-05-06T10:45:00+05:30,22510.05,22542.7,22494.1,22494.1
2024-05-06T10:15:00+05:30,22468.15,22517.85,22439.8,22511.35
2024-05-06T09:45:00+05:30,22501.9,22503.9,22433.3,22466.35
2024-05-06T09:15:00+05:30,22561.6,22588.8,22433.95,22504.25
2024-05-03T15:15:00+05:30,22491.65,22503.85,22450.45,22456.7
2024-05-03T14:45:00+05:30,22445.25,22492.95,22426.35,22490.6
2024-05-03T14:15:00+05:30,22407.55,22452.1,22380.5,22445.55
2024-05-03T13:45:00+05:30,22374.7,22416,22348.05,22408.8
2024-05-03T13:15:00+05:30,22412.3,22443.7,22358.65,22375.65
2024-05-03T12:45:00+05:30,22540.75,22547.4,22396.6,22415.15
2024-05-03T12:15:00+05:30,22476,22548.35,22471.85,22541.85
2024-05-03T11:45:00+05:30,22509.3,22511.1,22454.8,22476.55
2024-05-03T11:15:00+05:30,22604.95,22607.05,22474.6,22509.4
2024-05-03T10:45:00+05:30,22615.25,22640.1,22583.45,22606.05
2024-05-03T10:15:00+05:30,22682.6,22696.7,22593.1,22616.7
2024-05-03T09:45:00+05:30,22770.75,22778.25,22675.75,22681.4
2024-05-03T09:15:00+05:30,22766.35,22794.7,22754,22769.8
2024-05-02T15:15:00+05:30,22639.35,22661.95,22633.65,22656.75
2024-05-02T14:45:00+05:30,22658.95,22691.9,22633.45,22641.65
2024-05-02T14:15:00+05:30,22678.45,22683.35,22640.95,22659.15
2024-05-02T13:45:00+05:30,22692.5,22710.5,22668.55,22679.55
2024-05-02T13:15:00+05:30,22684.25,22709.05,22677.05,22692.9
2024-05-02T12:45:00+05:30,22684.1,22693.3,22662.6,22684.4
2024-05-02T12:15:00+05:30,22692.25,22704.7,22674.3,22684.5
2024-05-02T11:45:00+05:30,22678.25,22697,22667.85,22692.6
2024-05-02T11:15:00+05:30,22657.9,22706.9,22631.05,22678.95
2024-05-02T10:45:00+05:30,22685.9,22692.85,22655.2,22659.2
2024-05-02T10:15:00+05:30,22667.45,22693.75,22655.95,22686.95
2024-05-02T09:45:00+05:30,22655.8,22680.35,22617.7,22670.75
2024-05-02T09:15:00+05:30,22567.85,22668.4,22567.85,22657.4
2024-04-30T15:15:00+05:30,22602.45,22603.8,22568.4,22587.75
2024-04-30T14:45:00+05:30,22742.15,22746.85,22600.6,22603.55
2024-04-30T14:15:00+05:30,22767.35,22783.35,22742.1,22743.65
2024-04-30T13:45:00+05:30,22738.65,22779.75,22726.8,22768.05
2024-04-30T13:15:00+05:30,22715,22743,22707.8,22739.55
2024-04-30T12:45:00+05:30,22741,22749.35,22706.55,22714.7
2024-04-30T12:15:00+05:30,22745.25,22756.1,22726.3,22742.05
2024-04-30T11:45:00+05:30,22735.15,22750.75,22723.5,22745.25
2024-04-30T11:15:00+05:30,22735.25,22742.3,22721.15,22735.1
2024-04-30T10:45:00+05:30,22742.65,22769.1,22709.75,22734.3
2024-04-30T10:15:00+05:30,22729.7,22746.15,22722.3,22742.7
2024-04-30T09:45:00+05:30,22705.8,22754.85,22696.85,22727.25
2024-04-30T09:15:00+05:30,22679.65,22713.2,22661.8,22706.1
2024-04-29T15:15:00+05:30,22653.3,22653.75,22626.45,22633.15
2024-04-29T14:45:00+05:30,22608,22655.8,22599.55,22653.05
2024-04-29T14:15:00+05:30,22611.6,22629.6,22605.85,22608.3
2024-04-29T13:45:00+05:30,22618.5,22623.8,22599.8,22611.15
2024-04-29T13:15:00+05:30,22575.8,22620.7,22566.05,22619.35
2024-04-29T12:45:00+05:30,22570.7,22580.65,22560.7,22575.8
2024-04-29T12:15:00+05:30,22555.8,22573.85,22546.7,22570.8
2024-04-29T11:45:00+05:30,22539.95,22571.55,22537.55,22558.7
2024-04-29T11:15:00+05:30,22536.35,22546.35,22525.6,22539.85
2024-04-29T10:45:00+05:30,22528.35,22540.4,22512.9,22536.85
2024-04-29T10:15:00+05:30,22482.75,22546.95,22478.7,22528.05
2024-04-29T09:45:00+05:30,22487.35,22492.2,22441.9,22480.6
2024-04-29T09:15:00+05:30,22475.55,22532.5,22468.8,22488.1
2024-04-26T15:15:00+05:30,22408.25,22461.6,22408.25,22450.2
2024-04-26T14:45:00+05:30,22445.4,22461.45,22385.55,22408.25
2024-04-26T14:15:00+05:30,22446.45,22464.3,22421.5,22446.65
2024-04-26T13:45:00+05:30,22444.2,22450,22419.9,22445.25
2024-04-26T13:15:00+05:30,22508.35,22512.75,22424.75,22444.5
2024-04-26T12:45:00+05:30,22503.7,22517.9,22490.75,22509.95
2024-04-26T12:15:00+05:30,22523.65,22530.45,22494.75,22503.9
2024-04-26T11:45:00+05:30,22543.6,22550.45,22511.75,22524.75
2024-04-26T11:15:00+05:30,22517.4,22547.6,22511.05,22542.95
2024-04-26T10:45:00+05:30,22535,22554.45,22513.5,22515.9
2024-04-26T10:15:00+05:30,22537.3,22555.5,22507.5,22535.2
2024-04-26T09:45:00+05:30,22593.55,22600.45,22516.35,22538.15
2024-04-26T09:15:00+05:30,22620.4,22620.4,22575.35,22593
2024-04-25T15:15:00+05:30,22571.05,22576.1,22549.4,22559.25
2024-04-25T14:45:00+05:30,22603.05,22606.55,22567.9,22570.25
2024-04-25T14:15:00+05:30,22576.4,22625.95,22566.55,22601.15
2024-04-25T13:45:00+05:30,22486,22600,22484.35,22577.25
2024-04-25T13:15:00+05:30,22452.9,22486.15,22428.9,22486.15
2024-04-25T12:45:00+05:30,22396.2,22462.9,22386.15,22452.15
2024-04-25T12:15:00+05:30,22397.8,22412.5,22380.4,22396.45
2024-04-25T11:45:00+05:30,22412.15,22417.65,22387.3,22396.7
2024-04-25T11:15:00+05:30,22433.55,22435.35,22381.65,22413.4
2024-04-25T10:45:00+05:30,22428.4,22444.4,22339.75,22433.15
2024-04-25T10:15:00+05:30,22454.2,22475.55,22422.15,22428.55
2024-04-25T09:45:00+05:30,22392.5,22458.4,22372.1,22458.4
2024-04-25T09:15:00+05:30,22316.9,22399.05,22305.25,22391.95
2024-04-24T15:15:00+05:30,22401.65,22414.95,22397.1,22412.2
2024-04-24T14:45:00+05:30,22402.4,22419.85,22384,22401.75
2024-04-24T14:15:00+05:30,22449.6,22453.15,22385.9,22402
2024-04-24T13:45:00+05:30,22447,22456.45,22437.85,22449.4
2024-04-24T13:15:00+05:30,22447.75,22458.95,22437.85,22447.1
2024-04-24T12:45:00+05:30,22455.9,22458,22432.95,22448.9
2024-04-24T12:15:00+05:30,22460.1,22463.3,22452.1,22456.15
2024-04-24T11:45:00+05:30,22452.1,22464.9,22438.3,22459.95
2024-04-24T11:15:00+05:30,22458.75,22468.1,22450.15,22452.1
2024-04-24T10:45:00+05:30,22473.65,22474.3,22457.4,22459.25
2024-04-24T10:15:00+05:30,22436.4,22476.45,22435.9,22472.95
2024-04-24T09:45:00+05:30,22416.3,22449.9,22410.6,22435.1
2024-04-24T09:15:00+05:30,22421.55,22431,22399.85,22416.05
2024-04-23T15:15:00+05:30,22378.95,22378.95,22349.45,22361
2024-04-23T14:45:00+05:30,22394.25,22411.85,22359.2,22377.5
2024-04-23T14:15:00+05:30,22396.5,22412.6,22387.1,22393.45
2024-04-23T13:45:00+05:30,22387.2,22405.3,22377.6,22396.45
2024-04-23T13:15:00+05:30,22382.15,22397.6,22358.4,22387.6
2024-04-23T12:45:00+05:30,22400.55,22411.8,22369.15,22382.45
2024-04-23T12:15:00+05:30,22420.75,22423.6,22400.35,22403.15
2024-04-23T11:45:00+05:30,22389.8,22423.25,22383.45,22420.8
2024-04-23T11:15:00+05:30,22382.25,22403.15,22378.7,22390.5
2024-04-23T10:45:00+05:30,22376.1,22385.75,22355.85,22381.4
2024-04-23T10:15:00+05:30,22417.45,22419.4,22376.2,22377.1
2024-04-23T09:45:00+05:30,22399.3,22418.85,22368.45,22417.65
2024-04-23T09:15:00+05:30,22447.05,22447.55,22382.4,22398.65
2024-04-22T15:15:00+05:30,22344.65,22375.65,22334.9,22370.5
2024-04-22T14:45:00+05:30,22315.05,22349.7,22307.15,22347.4
2024-04-22T14:15:00+05:30,22290.9,22316.1,22272.9,22314.9
2024-04-22T13:45:00+05:30,22286,22302.05,22281.55,22292.35
2024-04-22T13:15:00+05:30,22274.15,22287,22258.25,22285.65
2024-04-22T12:45:00+05:30,22292.95,22295.65,22257.5,22273.8
2024-04-22T12:15:00+05:30,22285.95,22299.65,22275.05,22292.55
2024-04-22T11:45:00+05:30,22287,22312.1,22282.65,22286.7
2024-04-22T11:15:00+05:30,22284.6,22301.2,22273.6,22286.75
2024-04-22T10:45:00+05:30,22251.6,22297.4,22240.35,22283.7
2024-04-22T10:15:00+05:30,22246.2,22266.2,22229.55,22251.95
2024-04-22T09:45:00+05:30,22218.25,22251.5,22198.15,22246.05
2024-04-22T09:15:00+05:30,22336.9,22337.1,22212.65,22218.3
2024-04-19T15:15:00+05:30,22163.1,22166,22129.05,22149.7
2024-04-19T14:45:00+05:30,22104.9,22179.55,22101.8,22162.3
2024-04-19T14:15:00+05:30,22149.2,22161.6,22100.6,22110.3
2024-04-19T13:45:00+05:30,22027.5,22178.5,22019.9,22149.8
2024-04-19T13:15:00+05:30,22044.9,22060.75,22010.25,22029.4
2024-04-19T12:45:00+05:30,22023.85,22052.9,22007.75,22044.9
2024-04-19T12:15:00+05:30,21934,22029,21926.95,22024.8
2024-04-19T11:45:00+05:30,21926.35,21935.3,21898.25,21934.2
2024-04-19T11:15:00+05:30,21871.55,21937.15,21866.7,21925.95
2024-04-19T10:45:00+05:30,21863.85,21888,21850.2,21870.95
2024-04-19T10:15:00+05:30,21886.15,21889.85,21853.6,21863.3
2024-04-19T09:45:00+05:30,21847.05,21902.8,21836.7,21884.75
2024-04-19T09:15:00+05:30,21861.5,21870.95,21777.65,21846.35
2024-04-18T15:15:00+05:30,21966.05,22047.85,21961.7,22045.75
2024-04-18T14:45:00+05:30,22055.6,22081.8,21961.8,21965.65
2024-04-18T14:15:00+05:30,22139,22171.3,22055.35,22055.35
2024-04-18T13:45:00+05:30,22094,22163.8,22091.75,22137.85
2024-04-18T13:15:00+05:30,22291.05,22305.4,22080.95,22094.4
2024-04-18T12:45:00+05:30,22309.85,22313.25,22282.2,22291.45
2024-04-18T12:15:00+05:30,22292.35,22326.5,22291.5,22309.8
2024-04-18T11:45:00+05:30,22282.4,22308.5,22271.8,22292.75
2024-04-18T11:15:00+05:30,22283.7,22296.35,22264.3,22282.55
2024-04-18T10:45:00+05:30,22191.1,22295.55,22165.75,22283
2024-04-18T10:15:00+05:30,22176.9,22207.6,22153.8,22191.15
2024-04-18T09:45:00+05:30,22199.8,22223.1,22163.45,22178.15
2024-04-18T09:15:00+05:30,22212.35,22270.65,22181.45,22200.45
2024-04-16T15:15:00+05:30,22168.3,22180.05,22153.8,22177.45
2024-04-16T14:45:00+05:30,22135.95,22169.75,22108.7,22168.9
2024-04-16T14:15:00+05:30,22142.65,22153.05,22119.9,22136.75
2024-04-16T13:45:00+05:30,22119.9,22154.3,22114.25,22143.05
2024-04-16T13:15:00+05:30,22099.3,22128.4,22079.45,22118.75
2024-04-16T12:45:00+05:30,22121,22136.05,22099.2,22099.2
2024-04-16T12:15:00+05:30,22169.4,22173.2,22118.8,22120.65
2024-04-16T11:45:00+05:30,22188.9,22189.35,22149.95,22169.75
2024-04-16T11:15:00+05:30,22201.55,22209.05,22182.9,22188.55
2024-04-16T10:45:00+05:30,22187.85,22201.9,22183.8,22201.05
2024-04-16T10:15:00+05:30,22190.65,22209.4,22156.7,22188.35
2024-04-16T09:45:00+05:30,22197.7,22213.75,22167.5,22191.4
2024-04-16T09:15:00+05:30,22125.3,22209.75,22103.85,22198.15
2024-04-15T15:15:00+05:30,22271.5,22291.3,22262.55,22277.45
2024-04-15T14:45:00+05:30,22311.55,22314.95,22259.55,22270
2024-04-15T14:15:00+05:30,22334.3,22343.25,22295.9,22312.05
2024-04-15T13:45:00+05:30,22334.8,22353.9,22332.6,22334.15
2024-04-15T13:15:00+05:30,22339,22354.3,22320.9,22333.85
2024-04-15T12:45:00+05:30,22378.2,22385.65,22321.6,22338.3
2024-04-15T12:15:00+05:30,22399,22404.05,22364.4,22378.5
2024-04-15T11:45:00+05:30,22373,22399.45,22355.9,22398.85
2024-04-15T11:15:00+05:30,22361.45,22387.85,22357.75,22372.6
2024-04-15T10:45:00+05:30,22379.25,22427.45,22361.2,22361.9
2024-04-15T10:15:00+05:30,22360.65,22385.4,22344.85,22378.05
2024-04-15T09:45:00+05:30,22280.65,22377.5,22279.25,22360.3
2024-04-15T09:15:00+05:30,22339.05,22373.55,22263.55,22280.7
2024-04-12T15:15:00+05:30,22515.8,22524.05,22503.75,22519.4
2024-04-12T14:45:00+05:30,22533.45,22549.05,22510.8,22515.85
2024-04-12T14:15:00+05:30,22544.95,22563.75,22532.05,22532.05
2024-04-12T13:45:00+05:30,22564.2,22584.35,22538.7,22544.7
2024-04-12T13:15:00+05:30,22568.5,22591.5,22558.5,22564.3
2024-04-12T12:45:00+05:30,22580.4,22596.2,22544.2,22568.05
2024-04-12T12:15:00+05:30,22688.05,22690.3,22553.55,22581
2024-04-12T11:45:00+05:30,22681.55,22698.2,22679.4,22687.95
2024-04-12T11:15:00+05:30,22657.7,22688.6,22656.1,22681.55
2024-04-12T10:45:00+05:30,22662.1,22666.75,22650,22657.85
2024-04-12T10:15:00+05:30,22642.3,22665.95,22627.65,22665.15
2024-04-12T09:45:00+05:30,22637.7,22663.65,22626.5,22641.7
2024-04-12T09:15:00+05:30,22677.4,22726.45,22624.85,22640.55
2024-04-10T15:15:00+05:30,22753.75,22755.65,22730.6,22735.05
2024-04-10T14:45:00+05:30,22744.1,22775.7,22729.85,22752
2024-04-10T14:15:00+05:30,22721.4,22751.95,22718.3,22743.4
2024-04-10T13:45:00+05:30,22743,22745.3,22711.15,22721.3
2024-04-10T13:15:00+05:30,22714.65,22744.45,22709.8,22743
2024-04-10T12:45:00+05:30,22702.25,22721.15,22691.45,22714.9
2024-04-10T12:15:00+05:30,22705.75,22707.6,22691.4,22702.4
2024-04-10T11:45:00+05:30,22684.7,22708.45,22678.8,22705.9
2024-04-10T11:15:00+05:30,22705.6,22707.45,22673.7,22685.9
2024-04-10T10:45:00+05:30,22704.35,22720.05,22695.7,22706.2
2024-04-10T10:15:00+05:30,22706.6,22715.25,22690.35,22705
2024-04-10T09:45:00+05:30,22718.2,22722.7,22680.35,22707.3
2024-04-10T09:15:00+05:30,22720.25,22727.25,22678.7,22720.1
2024-04-09T15:15:00+05:30,22642.05,22652.35,22639.15,22642.05
2024-04-09T14:45:00+05:30,22634.2,22655.65,22633.35,22641.55
2024-04-09T14:15:00+05:30,22618.8,22671.9,22612.25,22633.65
2024-04-09T13:45:00+05:30,22652.25,22664.3,22616.1,22617.5
2024-04-09T13:15:00+05:30,22683.05,22685.85,22651.35,22652.5
2024-04-09T12:45:00+05:30,22687.2,22706.55,22682.15,22683.55
2024-04-09T12:15:00+05:30,22720.1,22727.5,22668.95,22687.55
2024-04-09T11:45:00+05:30,22743.25,22750,22708.85,22720.5
2024-04-09T11:15:00+05:30,22729.6,22757.5,22727.1,22742.1
2024-04-09T10:45:00+05:30,22760.2,22760.75,22727.2,22729.65
2024-04-09T10:15:00+05:30,22749.25,22768.4,22733.5,22760.15
2024-04-09T09:45:00+05:30,22729.75,22759.35,22729.65,22749.05
2024-04-09T09:15:00+05:30,22765.1,22765.3,22675.25,22730
2024-04-08T15:15:00+05:30,22671.1,22674.35,22657.85,22661
2024-04-08T14:45:00+05:30,22665.5,22678.8,22655.45,22671.65
2024-04-08T14:15:00+05:30,22661,22688.25,22660.5,22665.15
2024-04-08T13:45:00+05:30,22670.35,22671.7,22642.15,22660.9
2024-04-08T13:15:00+05:30,22695.35,22697.3,22634.15,22670.3
2024-04-08T12:45:00+05:30,22673.25,22696.5,22668.85,22695.25
2024-04-08T12:15:00+05:30,22653.65,22678.3,22651.15,22673.2
2024-04-08T11:45:00+05:30,22650.75,22656.25,22638.15,22653.8
2024-04-08T11:15:00+05:30,22624.35,22651.95,22622.3,22651
2024-04-08T10:45:00+05:30,22619.7,22634.3,22610.4,22623.85
2024-04-08T10:15:00+05:30,22627.15,22630.9,22605.9,22619.8
2024-04-08T09:45:00+05:30,22605.95,22630.85,22586.6,22626.25
2024-04-08T09:15:00+05:30,22578.35,22623.9,22550.35,22607
2024-04-05T15:15:00+05:30,22514.4,22537.6,22501.5,22523.4
2024-04-05T14:45:00+05:30,22494.7,22521.1,22489.45,22515.45
2024-04-05T14:15:00+05:30,22504.4,22513.9,22487.25,22494.15
2024-04-05T13:45:00+05:30,22494.65,22528.9,22489.95,22504.05
2024-04-05T13:15:00+05:30,22485.05,22504.45,22479.1,22494.05
2024-04-05T12:45:00+05:30,22494.5,22508.3,22475.7,22484.85
2024-04-05T12:15:00+05:30,22498.8,22511.85,22490.9,22493.7
2024-04-05T11:45:00+05:30,22492.65,22505.55,22485.55,22498.85
2024-04-05T11:15:00+05:30,22514.8,22517.1,22473.05,22492.9
2024-04-05T10:45:00+05:30,22492.5,22515.35,22486.8,22514.4
2024-04-05T10:15:00+05:30,22473.9,22507.3,22458.95,22491.75
2024-04-05T09:45:00+05:30,22471.75,22502.65,22451.6,22474.6
2024-04-05T09:15:00+05:30,22486.4,22496.35,22427.6,22470.85
2024-04-04T15:15:00+05:30,22506.65,22553.95,22506.65,22541.2
2024-04-04T14:45:00+05:30,22564.8,22568.1,22486.7,22507.25
2024-04-04T14:15:00+05:30,22529.6,22564.95,22525,22563.65
2024-04-04T13:45:00+05:30,22539.8,22552.75,22493.3,22530.3
2024-04-04T13:15:00+05:30,22481.45,22580.2,22470.4,22541.8
2024-04-04T12:45:00+05:30,22469.5,22491.35,22456.1,22481.05
2024-04-04T12:15:00+05:30,22385.45,22472.5,22377,22467.75
2024-04-04T11:45:00+05:30,22390.1,22418.55,22376.5,22385.05
2024-04-04T11:15:00+05:30,22419.35,22427.85,22350.85,22389.1
2024-04-04T10:45:00+05:30,22413.4,22427.25,22303.8,22417
2024-04-04T10:15:00+05:30,22373.75,22450.3,22372.55,22415.3
2024-04-04T09:45:00+05:30,22453.05,22485.25,22373.75,22373.75
2024-04-04T09:15:00+05:30,22592.1,22619,22451.6,22454.65
2024-04-03T15:15:00+05:30,22430.75,22447.1,22423.5,22445.55
2024-04-03T14:45:00+05:30,22449.15,22459,22423.45,22430.7
2024-04-03T14:15:00+05:30,22494.95,22500.75,22441.4,22448.65
2024-04-03T13:45:00+05:30,22495.8,22501.15,22459.1,22494.95
2024-04-03T13:15:00+05:30,22484.5,22508.75,22484.45,22496
2024-04-03T12:45:00+05:30,22501.9,22521.1,22485.3,22485.3
2024-04-03T12:15:00+05:30,22479.75,22504.85,22471.75,22502.65
2024-04-03T11:45:00+05:30,22452.15,22480.7,22445.1,22479
2024-04-03T11:15:00+05:30,22447.6,22470.55,22445.3,22452.45
2024-04-03T10:45:00+05:30,22455.6,22457.1,22419.1,22447.7
2024-04-03T10:15:00+05:30,22448.15,22466.65,22441.35,22456.2
2024-04-03T09:45:00+05:30,22368.85,22457.65,22362.2,22448.6
2024-04-03T09:15:00+05:30,22385.7,22408.05,22346.5,22369.15
2024-04-02T15:15:00+05:30,22451.45,22470.3,22450.95,22464.3
2024-04-02T14:45:00+05:30,22420.45,22461.55,22420.45,22452.3
2024-04-02T14:15:00+05:30,22414.15,22432.95,22410.1,22420.55
2024-04-02T13:45:00+05:30,22413.75,22421.85,22400.6,22414
2024-04-02T13:15:00+05:30,22409.65,22423.15,22393.05,22414.35
2024-04-02T12:45:00+05:30,22428.6,22432.15,22408.2,22409.05
2024-04-02T12:15:00+05:30,22424.15,22432.05,22416.55,22427.95
2024-04-02T11:45:00+05:30,22425.95,22428.25,22414.4,22424.5
2024-04-02T11:15:00+05:30,22430.4,22445.15,22413.95,22425.8
2024-04-02T10:45:00+05:30,22424.8,22436.35,22388.15,22432.4
2024-04-02T10:15:00+05:30,22434,22448.35,22409.35,22424.75
2024-04-02T09:45:00+05:30,22480.35,22483.7,22428.65,22433.6
2024-04-02T09:15:00+05:30,22458.8,22497.6,22414.35,22480.5
2024-04-01T15:15:00+05:30,22465.6,22477.7,22456.5,22469.05
2024-04-01T14:45:00+05:30,22435.9,22466.95,22433.5,22464.05
2024-04-01T14:15:00+05:30,22456.1,22467.5,22434.15,22436.25
2024-04-01T13:45:00+05:30,22458.7,22473.3,22445.05,22454.5
2024-04-01T13:15:00+05:30,22445.8,22472.3,22445.65,22459.85
2024-04-01T12:45:00+05:30,22474.15,22475.05,22427.75,22445.75
2024-04-01T12:15:00+05:30,22462.25,22483.25,22461,22474.3
2024-04-01T11:45:00+05:30,22466.95,22489.05,22462.2,22462.2
2024-04-01T11:15:00+05:30,22479.8,22491.5,22459.7,22467.25
2024-04-01T10:45:00+05:30,22492.05,22497.1,22453.3,22479.45
2024-04-01T10:15:00+05:30,22503.8,22512.75,22488.3,22492.1
2024-04-01T09:45:00+05:30,22483.25,22524.4,22475.9,22503.65
2024-04-01T09:15:00+05:30,22455,22529.95,22443.35,22482.6
2024-03-28T15:15:00+05:30,22270.2,22343.7,22264.65,22343.1
2024-03-28T14:45:00+05:30,22499.5,22503.45,22264.95,22268.9
2024-03-28T14:15:00+05:30,22468.05,22516,22460.15,22503.2
2024-03-28T13:45:00+05:30,22416.55,22474.75,22413.55,22467.95
2024-03-28T13:15:00+05:30,22409.8,22429.85,22405.95,22416.4
2024-03-28T12:45:00+05:30,22413.65,22434.85,22397.85,22408.65
2024-03-28T12:15:00+05:30,22334.15,22424.35,22327.5,22414.25
2024-03-28T11:45:00+05:30,22359.9,22370.35,22321.05,22334.2
2024-03-28T11:15:00+05:30,22366.85,22373.5,22344.4,22359.3
2024-03-28T10:45:00+05:30,22354.7,22370.85,22342.2,22367.3
2024-03-28T10:15:00+05:30,22306.05,22368.4,22278.5,22355.5
2024-03-28T09:45:00+05:30,22258.7,22317.5,22252.05,22306.25
2024-03-28T09:15:00+05:30,22163.6,22263.55,22163.6,22257.9
2024-03-27T15:15:00+05:30,22117.8,22159.35,22109.65,22147.2
2024-03-27T14:45:00+05:30,22168.5,22172.45,22093.3,22116.15
2024-03-27T14:15:00+05:30,22188.6,22191.4,22159.45,22168.35
2024-03-27T13:45:00+05:30,22181.85,22193.6,22171.9,22189.3
2024-03-27T13:15:00+05:30,22159.1,22183.4,22159.1,22180.2
2024-03-27T12:45:00+05:30,22160.35,22176.45,22148,22159.65
2024-03-27T12:15:00+05:30,22164.7,22175.2,22152.5,22159.1
2024-03-27T11:45:00+05:30,22170.25,22183.35,22154.25,22165.25
2024-03-27T11:15:00+05:30,22157.05,22182.1,22154.3,22170.3
2024-03-27T10:45:00+05:30,22158.45,22172.4,22135.15,22157.2
2024-03-27T10:15:00+05:30,22147.1,22163.05,22133,22158.15
2024-03-27T09:45:00+05:30,22113.1,22161.15,22103,22146.45
2024-03-27T09:15:00+05:30,22053.95,22124.95,22052.85,22113.15
2024-03-26T15:15:00+05:30,22004.1,22029.15,21996.35,22018.25
2024-03-26T14:45:00+05:30,22013.35,22017.2,21992.3,22003.8
2024-03-26T14:15:00+05:30,22043.95,22050.6,22007.15,22013.2
2024-03-26T13:45:00+05:30,22043,22057.85,22029.05,22044.75
2024-03-26T13:15:00+05:30,22057.75,22065.3,22040.4,22043.65
2024-03-26T12:45:00+05:30,22049.35,22072.55,22046.25,22056.95
2024-03-26T12:15:00+05:30,22031.2,22058.4,22029.65,22049.7
2024-03-26T11:45:00+05:30,22054.35,22062.2,22023.7,22031.6
2024-03-26T11:15:00+05:30,22034.55,22056.25,22029.7,22054.6
2024-03-26T10:45:00+05:30,22025.9,22044.1,22020.45,22034.7
2024-03-26T10:15:00+05:30,22023.25,22064.8,22011.65,22026.05
2024-03-26T09:45:00+05:30,22020.3,22047.3,22001.55,22024.75
2024-03-26T09:15:00+05:30,21947.9,22073.2,21947.55,22021
2024-03-22T15:15:00+05:30,22081.6,22095,22069.8,22080.8
2024-03-22T14:45:00+05:30,22151,22180.7,22063.8,22079.65
2024-03-22T14:15:00+05:30,22104.25,22157.8,22104.1,22151.75
2024-03-22T13:45:00+05:30,22092.1,22111.5,22082.3,22105
2024-03-22T13:15:00+05:30,22106.3,22115.9,22078.3,22092
2024-03-22T12:45:00+05:30,22081.7,22118.5,22081.7,22106.7
2024-03-22T12:15:00+05:30,22076.3,22093.35,22060.45,22082.95
2024-03-22T11:45:00+05:30,22086.95,22101.95,22072.5,22076.55
2024-03-22T11:15:00+05:30,22051.6,22102.95,22049.45,22087.1
2024-03-22T10:45:00+05:30,22035.55,22075.5,22026.65,22051.35
2024-03-22T10:15:00+05:30,22029.6,22071.75,22018.3,22036.45
2024-03-22T09:45:00+05:30,21948.25,22040.6,21913.2,22030.9
2024-03-22T09:15:00+05:30,21932.2,21977.8,21883.3,21950.45
2024-03-21T15:15:00+05:30,22025.1,22038.25,22011.6,22014.6
2024-03-21T14:45:00+05:30,22028.45,22036.65,21982.6,22028.4
2024-03-21T14:15:00+05:30,21999.75,22036.95,21998.6,22027.85
2024-03-21T13:45:00+05:30,22017.85,22021.55,21987.3,21998.5
2024-03-21T13:15:00+05:30,22002.35,22030.45,21991.9,22018.1
2024-03-21T12:45:00+05:30,21998.85,22015.3,21983.5,22003.6
2024-03-21T12:15:00+05:30,21951.75,22004.45,21941.3,21998.95
2024-03-21T11:45:00+05:30,22028.45,22041,21947.45,21952.25
2024-03-21T11:15:00+05:30,22073.9,22075.05,22020.4,22029.05
2024-03-21T10:45:00+05:30,22052.85,22080.95,22048.65,22073.95
2024-03-21T10:15:00+05:30,22067.35,22075.95,22045.2,22051.6
2024-03-21T09:45:00+05:30,22008.95,22079.65,21991.3,22068.1
2024-03-21T09:15:00+05:30,21989.9,22025.5,21977,22008.95
2024-03-20T15:15:00+05:30,21842.1,21858.45,21831.65,21855.1
2024-03-20T14:45:00+05:30,21851.45,21859.65,21813.95,21842.25
2024-03-20T14:15:00+05:30,21856.7,21879.3,21819.9,21849.45
2024-03-20T13:45:00+05:30,21901.7,21906.6,21838.95,21855.35
2024-03-20T13:15:00+05:30,21911.55,21930.9,21876.1,21898.9
2024-03-20T12:45:00+05:30,21876.65,21913.65,21860.95,21908.45
2024-03-20T12:15:00+05:30,21834.45,21881.3,21830.85,21875.4
2024-03-20T11:45:00+05:30,21846.3,21863.1,21823.15,21834.45
2024-03-20T11:15:00+05:30,21790.9,21845.75,21760.2,21844.35
2024-03-20T10:45:00+05:30,21730.7,21801.2,21710.2,21790.75
2024-03-20T10:15:00+05:30,21765,21789.4,21716,21730.85
2024-03-20T09:45:00+05:30,21860.45,21878.15,21756.75,21765.05
2024-03-20T09:15:00+05:30,21843.9,21891.7,21831.35,21860.4
2024-03-19T15:15:00+05:30,21811.05,21821.15,21804.25,21810.35
2024-03-19T14:45:00+05:30,21844.05,21853.6,21799.85,21811.5
2024-03-19T14:15:00+05:30,21816.85,21849.85,21793.1,21844.55
2024-03-19T13:45:00+05:30,21865.7,21867.2,21809.55,21816.55
2024-03-19T13:15:00+05:30,21859.95,21872.45,21844.55,21865.5
2024-03-19T12:45:00+05:30,21846.35,21868.25,21841.05,21858.95
2024-03-19T12:15:00+05:30,21828.55,21865.5,21824.55,21846.5
2024-03-19T11:45:00+05:30,21809.45,21838.35,21809.45,21828.05
2024-03-19T11:15:00+05:30,21861.25,21882.35,21808.45,21810.85
2024-03-19T10:45:00+05:30,21875.8,21876.2,21841.05,21861.8
2024-03-19T10:15:00+05:30,21891.2,21895.1,21833.25,21875.65
2024-03-19T09:45:00+05:30,21972.15,21972.15,21856.7,21890.75
2024-03-19T09:15:00+05:30,21946.45,21978.3,21922.05,21971.85
2024-03-18T15:15:00+05:30,22055,22068.35,22036.3,22051.5
2024-03-18T14:45:00+05:30,22106.15,22112.25,22037.45,22056.2
2024-03-18T14:15:00+05:30,22064.15,22123.7,22062.15,22105.25
2024-03-18T13:45:00+05:30,22063.25,22082.1,22046.35,22062.4
2024-03-18T13:15:00+05:30,22073.85,22081.15,22056.65,22063.05
2024-03-18T12:45:00+05:30,22056.75,22076.5,22042.5,22071.55
2024-03-18T12:15:00+05:30,22034.6,22093.5,22034.1,22055
2024-03-18T11:45:00+05:30,21989.2,22051.05,21982.05,22034.1
2024-03-18T11:15:00+05:30,21948.75,21991.8,21916.55,21987.95
2024-03-18T10:45:00+05:30,22000.6,22020,21949.25,21949.7
2024-03-18T10:15:00+05:30,21978.5,22040.25,21976.3,22000.6
2024-03-18T09:45:00+05:30,21963.6,22023.9,21935.95,21977.2
2024-03-18T09:15:00+05:30,21990.1,22045.3,21947.85,21963.9
2024-03-15T15:15:00+05:30,22008.25,22046.6,21985.4,21996.35
2024-03-15T14:45:00+05:30,22011.2,22052.85,21992.4,22009.2
2024-03-15T14:15:00+05:30,22011.45,22018.65,21978.35,22010.4
2024-03-15T13:45:00+05:30,22017.45,22040.5,21997.35,22010.55
2024-03-15T13:15:00+05:30,21992.55,22025,21976.15,22016.95
2024-03-15T12:45:00+05:30,21950.95,21995.35,21949.45,21994.05
2024-03-15T12:15:00+05:30,21949.7,21963.55,21937.95,21953.05
2024-03-15T11:45:00+05:30,21969,21989.05,21931.7,21949.4
2024-03-15T11:15:00+05:30,21956,21972.25,21938.6,21969
2024-03-15T10:45:00+05:30,21979.9,22002.35,21934.1,21954.5
2024-03-15T10:15:00+05:30,22013.35,22024.05,21956.25,21978.2
2024-03-15T09:45:00+05:30,22035.75,22059.4,21981.3,22013.1
2024-03-15T09:15:00+05:30,22064.85,22120.9,22015.3,22034.15
2024-03-14T15:15:00+05:30,22143.1,22163.7,22134.7,22153.05
2024-03-14T14:45:00+05:30,22111.95,22156.1,22096.75,22144.25
2024-03-14T14:15:00+05:30,22101.45,22142.55,22096.65,22111.95
2024-03-14T13:45:00+05:30,22115.55,22139.45,22080.45,22102
2024-03-14T13:15:00+05:30,22156.9,22168.45,22112,22115.85
2024-03-14T12:45:00+05:30,22145.4,22178.55,22128,22157.4
2024-03-14T12:15:00+05:30,22175.05,22204.6,22143.1,22143.1
2024-03-14T11:45:00+05:30,22168.55,22187.3,22157,22175.6
2024-03-14T11:15:00+05:30,22084.4,22178.9,22067.1,22166.2
2024-03-14T10:45:00+05:30,22071.8,22098.5,22061.05,22083.5
2024-03-14T10:15:00+05:30,22011.15,22089.15,22003.7,22071.05
2024-03-14T09:45:00+05:30,21993.7,22045.85,21974.75,22010.75
2024-03-14T09:15:00+05:30,21982.55,22027.8,21917.5,21992.9
2024-03-13T15:15:00+05:30,21970.7,22010.95,21963.95,21981.05
2024-03-13T14:45:00+05:30,21932.45,22049.05,21920.4,21969.85
2024-03-13T14:15:00+05:30,22001.7,22002.1,21905.65,21934.05
2024-03-13T13:45:00+05:30,22067,22067,21997.75,22004.2
2024-03-13T13:15:00+05:30,22108.65,22118.9,22053.25,22067.05
2024-03-13T12:45:00+05:30,22093.3,22126.1,22079.85,22109.55
2024-03-13T12:15:00+05:30,22080.7,22113.05,22040.7,22095
2024-03-13T11:45:00+05:30,22141.75,22145.65,22074.8,22080.2
2024-03-13T11:15:00+05:30,22239.8,22252.05,22121.8,22142.9
2024-03-13T10:45:00+05:30,22312.3,22317.3,22224.9,22239
2024-03-13T10:15:00+05:30,22334.5,22344.15,22279.1,22311.05
2024-03-13T09:45:00+05:30,22343,22343,22260.75,22336.15
2024-03-13T09:15:00+05:30,22432.2,22446.75,22307.1,22342.25
2024-03-12T15:15:00+05:30,22329.95,22342.65,22325.05,22333.7
2024-03-12T14:45:00+05:30,22320.3,22363.2,22314.9,22331.65
2024-03-12T14:15:00+05:30,22368.5,22381.4,22305.6,22321.05
2024-03-12T13:45:00+05:30,22384.1,22398.1,22365.15,22369.45
2024-03-12T13:15:00+05:30,22379.2,22402.1,22370.05,22384.75
2024-03-12T12:45:00+05:30,22379,22381.2,22335,22378.9
2024-03-12T12:15:00+05:30,22359.85,22385.95,22358.55,22379.9
2024-03-12T11:45:00+05:30,22325.6,22392.4,22313.8,22359.55
2024-03-12T11:15:00+05:30,22362.15,22376.65,22323.85,22324.6
2024-03-12T10:45:00+05:30,22350.55,22378.55,22256,22361.05
2024-03-12T10:15:00+05:30,22439.4,22452.55,22347.9,22348.6
2024-03-12T09:45:00+05:30,22429,22450.6,22398.2,22437.75
2024-03-12T09:15:00+05:30,22334.45,22434.1,22315,22428.55
2024-03-11T15:15:00+05:30,22322.2,22337.4,22307.25,22319.85
2024-03-11T14:45:00+05:30,22388.3,22408.65,22308.25,22323.7
2024-03-11T14:15:00+05:30,22376.1,22395.85,22341.65,22390.35
2024-03-11T13:45:00+05:30,22399.35,22419.75,22375.75,22376.05
2024-03-11T13:15:00+05:30,22393.5,22426.05,22385.85,22399.7
2024-03-11T12:45:00+05:30,22411.7,22423.1,22389.3,22392.95
2024-03-11T12:15:00+05:30,22373.05,22421.55,22369.55,22411.2
2024-03-11T11:45:00+05:30,22420.55,22424.15,22366.85,22373.55
2024-03-11T11:15:00+05:30,22416.55,22439.45,22395.55,22420.55
2024-03-11T10:45:00+05:30,22436.8,22446.3,22411.3,22417.25
2024-03-11T10:15:00+05:30,22430.85,22461.7,22424.2,22437.4
2024-03-11T09:45:00+05:30,22474.8,22485.85,22429.65,22431.7
2024-03-11T09:15:00+05:30,22517.5,22526.6,22458.95,22474.05
2024-03-07T15:15:00+05:30,22501.1,22504.9,22464.5,22483.5
2024-03-07T14:45:00+05:30,22486.65,22517.2,22475.7,22500.75
2024-03-07T14:15:00+05:30,22498.85,22522.05,22482.85,22487.45
2024-03-07T13:45:00+05:30,22509.75,22525.65,22485.05,22499.2
2024-03-07T13:15:00+05:30,22507.8,22515.05,22491.3,22509.55
2024-03-07T12:45:00+05:30,22496,22517.65,22490.8,22509.15
2024-03-07T12:15:00+05:30,22487.25,22498.5,22472.6,22496.35
2024-03-07T11:45:00+05:30,22481.6,22496.6,22478.55,22486.6
2024-03-07T11:15:00+05:30,22498,22508.15,22470.05,22480.75
2024-03-07T10:45:00+05:30,22442.35,22521.3,22430,22498.65
2024-03-07T10:15:00+05:30,22486.95,22495.1,22439.2,22443.8
2024-03-07T09:45:00+05:30,22472.95,22502.6,22451.15,22486.95
2024-03-07T09:15:00+05:30,22505.3,22523.65,22449.3,22473.35
2024-03-06T15:15:00+05:30,22472.5,22497.2,22466.75,22480.05
2024-03-06T14:45:00+05:30,22464.7,22483.05,22430.65,22473.3
2024-03-06T14:15:00+05:30,22404.35,22473.45,22392.15,22464.55
2024-03-06T13:45:00+05:30,22327.75,22412.75,22327.4,22403.45
2024-03-06T13:15:00+05:30,22297.85,22338.05,22273.35,22327
2024-03-06T12:45:00+05:30,22280.15,22300.1,22262.65,22298
2024-03-06T12:15:00+05:30,22260.05,22301.25,22236.35,22280.4
2024-03-06T11:45:00+05:30,22247.3,22266.75,22224.35,22259.2
2024-03-06T11:15:00+05:30,22273.3,22302.2,22226.15,22247.65
2024-03-06T10:45:00+05:30,22311.7,22311.7,22262.7,22273.25
2024-03-06T10:15:00+05:30,22315.45,22352.8,22274.55,22311.1
2024-03-06T09:45:00+05:30,22365.05,22369.45,22250.2,22315
2024-03-06T09:15:00+05:30,22327.5,22365.85,22289.4,22363.9
2024-03-05T15:15:00+05:30,22353.55,22362.6,22340.6,22358.5
2024-03-05T14:45:00+05:30,22373.25,22382.1,22341.95,22353.65
2024-03-05T14:15:00+05:30,22355.5,22384.05,22346.3,22373.4
2024-03-05T13:45:00+05:30,22382.25,22388.05,22340,22355.05
2024-03-05T13:15:00+05:30,22391.25,22406.7,22376.5,22382.5
2024-03-05T12:45:00+05:30,22333.55,22416.9,22327.9,22391.1
2024-03-05T12:15:00+05:30,22339.5,22342.4,22311.55,22332.75
2024-03-05T11:45:00+05:30,22324.75,22352.9,22317.35,22340.6
2024-03-05T11:15:00+05:30,22288.95,22328.45,22269.15,22324.7
2024-03-05T10:45:00+05:30,22307.5,22315.9,22285.15,22288.65
2024-03-05T10:15:00+05:30,22332.25,22332.35,22278.65,22306.8
2024-03-05T09:45:00+05:30,22372.55,22374.35,22324.7,22333.15
2024-03-05T09:15:00+05:30,22371.25,22406.55,22319.55,22374.95
2024-03-04T15:15:00+05:30,22403.8,22414.8,22383.5,22397.65
2024-03-04T14:45:00+05:30,22408.65,22427.25,22403.05,22404.45
2024-03-04T14:15:00+05:30,22428.5,22434.25,22396.3,22407.85
2024-03-04T13:45:00+05:30,22407.15,22430.7,22384.25,22428.2
2024-03-04T13:15:00+05:30,22402.2,22414.8,22399.25,22407.95
2024-03-04T12:45:00+05:30,22413.1,22415.15,22372.75,22401.7
2024-03-04T12:15:00+05:30,22401,22426.6,22397.55,22412.4
2024-03-04T11:45:00+05:30,22410.1,22423.9,22389.95,22403.3
2024-03-04T11:15:00+05:30,22404.8,22418.8,22385.9,22408.55
2024-03-04T10:45:00+05:30,22425.4,22425.4,22372.85,22404.55
2024-03-04T10:15:00+05:30,22395,22432.9,22395,22424.45
2024-03-04T09:45:00+05:30,22396.05,22408,22358.3,22395.4
2024-03-04T09:15:00+05:30,22403.5,22440.9,22361.8,22395.9
2024-03-02T12:15:00+05:30,22375.85,22382.65,22372.2,22373.4
2024-03-02T11:45:00+05:30,22393.55,22400.85,22373.2,22375.55
2024-03-02T11:15:00+05:30,22406.7,22410.35,22387.35,22393.2
2024-03-02T09:45:00+05:30,22402.15,22412.45,22388.5,22394.4
2024-03-02T09:15:00+05:30,22406.95,22420.25,22366.95,22401.65
2024-03-01T15:15:00+05:30,22330,22343.3,22319.65,22326.05
2024-03-01T14:45:00+05:30,22332.1,22353.3,22326.65,22329.1
2024-03-01T14:15:00+05:30,22329.85,22339.4,22315.65,22331.85
2024-03-01T13:45:00+05:30,22315.05,22335.95,22310.6,22329.65
2024-03-01T13:15:00+05:30,22288.6,22319.3,22282.8,22314.65
2024-03-01T12:45:00+05:30,22305.65,22318.65,22281.4,22288.35
2024-03-01T12:15:00+05:30,22287,22312.65,22277.3,22305.8
2024-03-01T11:45:00+05:30,22279.35,22304,22268.2,22286.45
2024-03-01T11:15:00+05:30,22208.6,22295.5,22208.6,22279.15
2024-03-01T10:45:00+05:30,22178.3,22222.35,22172.45,22208.7
2024-03-01T10:15:00+05:30,22196.45,22210.7,22174.7,22178.7
2024-03-01T09:45:00+05:30,22162.45,22201.1,22145.2,22196.95
2024-03-01T09:15:00+05:30,22048.3,22167.65,22047.75,22161.85
2024-02-29T15:15:00+05:30,21996.05,22060.55,21995.7,22042.05
2024-02-29T14:45:00+05:30,21983.4,22004.25,21911.9,21996.7
2024-02-29T14:15:00+05:30,21961,21983.45,21900.5,21983.45
2024-02-29T13:45:00+05:30,21951.55,21986.1,21937.7,21962.35
2024-02-29T13:15:00+05:30,21969,21988.75,21936.35,21953.55
2024-02-29T12:45:00+05:30,21962.75,21974.25,21939.35,21969.95
2024-02-29T12:15:00+05:30,21950.85,21965.3,21897.15,21963.45
2024-02-29T11:45:00+05:30,21953.45,21976.5,21939.3,21952.35
2024-02-29T11:15:00+05:30,21967.6,21996.6,21923,21958
2024-02-29T10:45:00+05:30,21906.6,21971.55,21882.3,21968.35
2024-02-29T10:15:00+05:30,21873.6,21922,21860.65,21909
2024-02-29T09:45:00+05:30,21948.85,22022.4,21866.15,21873.5
2024-02-29T09:15:00+05:30,21935.2,21992.45,21887.1,21946.3
2024-02-28T15:15:00+05:30,21953.45,21953.6,21915.85,21926.25
2024-02-28T14:45:00+05:30,21973.4,22013.15,21945.8,21952.75
2024-02-28T14:15:00+05:30,22044.6,22046.3,21966.25,21974.2
2024-02-28T13:45:00+05:30,22014.65,22050.25,21993.15,22044.85
2024-02-28T13:15:00+05:30,21943.9,22033.7,21943.7,22015.1
2024-02-28T12:45:00+05:30,22051.55,22054.05,21938.9,21942.5
2024-02-28T12:15:00+05:30,22039.05,22054.65,22026.9,22051.75
2024-02-28T11:45:00+05:30,22023.1,22043.95,22001.3,22038.3
2024-02-28T11:15:00+05:30,22062.7,22088.2,22020,22022.95
2024-02-28T10:45:00+05:30,22200.4,22201.35,22021.15,22062.05
2024-02-28T10:15:00+05:30,22218.95,22226.3,22190.35,22200.8
2024-02-28T09:45:00+05:30,22210.2,22229.15,22168.2,22219.35
2024-02-28T09:15:00+05:30,22214.1,22226.3,22184.35,22209.5
2024-02-27T15:15:00+05:30,22203.55,22205,22178.35,22194.2
2024-02-27T14:45:00+05:30,22180.1,22216.6,22170.2,22203.9
2024-02-27T14:15:00+05:30,22162.9,22192.7,22149.7,22179.1
2024-02-27T13:45:00+05:30,22167.85,22169.85,22132.4,22163.1
2024-02-27T13:15:00+05:30,22204.55,22218.25,22166.15,22168.4
2024-02-27T12:45:00+05:30,22161.35,22209.75,22159.9,22205.95
2024-02-27T12:15:00+05:30,22124.9,22164.5,22115.45,22161.1
2024-02-27T11:45:00+05:30,22152.8,22156.95,22109,22124.3
2024-02-27T11:15:00+05:30,22144.65,22170,22125.7,22153.8
2024-02-27T10:45:00+05:30,22135.6,22158.65,22131.5,22145.1
2024-02-27T10:15:00+05:30,22108.5,22135.05,22104,22135.05
2024-02-27T09:45:00+05:30,22126.95,22151.8,22102.5,22109.05
2024-02-27T09:15:00+05:30,22090.2,22143.15,22085.65,22128.15
2024-02-26T15:15:00+05:30,22126.45,22128.6,22109.8,22117.15
2024-02-26T14:45:00+05:30,22143.2,22149.8,22114.3,22126.4
2024-02-26T14:15:00+05:30,22154.4,22173.25,22138.35,22142.7
2024-02-26T13:45:00+05:30,22131.65,22173.85,22131.05,22153.95
2024-02-26T13:15:00+05:30,22141.8,22162.5,22129.45,22131.45
2024-02-26T12:45:00+05:30,22101.2,22152.8,22093.8,22142
2024-02-26T12:15:00+05:30,22096.25,22114,22075.15,22101.75
2024-02-26T11:45:00+05:30,22109.8,22118.15,22082.95,22096.7
2024-02-26T11:15:00+05:30,22124.6,22132.8,22096.95,22111.1
2024-02-26T10:45:00+05:30,22122.5,22138.7,22100.9,22124.25
2024-02-26T10:15:00+05:30,22149.2,22153.05,22118.8,22123.7
2024-02-26T09:45:00+05:30,22197.85,22202.15,22111.8,22148.35
2024-02-26T09:15:00+05:30,22169.2,22199.9,22141,22198
2024-02-23T15:15:00+05:30,22214.15,22223.85,22186.1,22194.25
2024-02-23T14:45:00+05:30,22247,22247.5,22209.5,22213.25
2024-02-23T14:15:00+05:30,22212.2,22251.3,22206.8,22246.25
2024-02-23T13:45:00+05:30,22233.15,22250.25,22212.05,22212.05
2024-02-23T13:15:00+05:30,22252.75,22258.4,22200.45,22233.3
2024-02-23T12:45:00+05:30,22263.7,22268.65,22243.7,22252.45
2024-02-23T12:15:00+05:30,22233.25,22264.25,22226.8,22263.7
2024-02-23T11:45:00+05:30,22254.5,22259.85,22223.3,22234.9
2024-02-23T11:15:00+05:30,22236.7,22258.9,22231.75,22254.7
2024-02-23T10:45:00+05:30,22228,22261.1,22220.15,22236.7
2024-02-23T10:15:00+05:30,22271.1,22280.75,22206,22227.6
2024-02-23T09:45:00+05:30,22256.7,22270,22234.3,22269.95
2024-02-23T09:15:00+05:30,22290,22297.5,22216.35,22256.65
2024-02-22T15:15:00+05:30,22207.5,22252.5,22200.8,22216.9
2024-02-22T14:45:00+05:30,22107.45,22234.05,22106.15,22206.7
2024-02-22T14:15:00+05:30,22054.75,22119.55,22043.7,22109
2024-02-22T13:45:00+05:30,22015.75,22110.25,22012.9,22057.05
2024-02-22T13:15:00+05:30,21962.8,22024.3,21955.85,22016.6
2024-02-22T12:45:00+05:30,21967.9,21973.9,21940.3,21962.9
2024-02-22T12:15:00+05:30,21964.8,21978.2,21942.4,21967.9
2024-02-22T11:45:00+05:30,21956.65,21981.8,21932.6,21964.75
2024-02-22T11:15:00+05:30,21925.95,21962.25,21901.3,21957.4
2024-02-22T10:45:00+05:30,21938.65,21938.65,21875.25,21927.05
2024-02-22T10:15:00+05:30,21935.75,21945.65,21886.4,21939
2024-02-22T09:45:00+05:30,22044.85,22067.9,21901.05,21935.5
2024-02-22T09:15:00+05:30,22081.55,22094.3,21964.55,22047.15
2024-02-21T15:15:00+05:30,22095.55,22096.5,22015.55,22028.75
2024-02-21T14:45:00+05:30,22032.25,22098.05,21997.95,22095.05
2024-02-21T14:15:00+05:30,22112.9,22140.35,22013.35,22032.4
2024-02-21T13:45:00+05:30,22204.05,22204.6,22105.4,22112.45
2024-02-21T13:15:00+05:30,22219.9,22223.8,22189.55,22204.1
2024-02-21T12:45:00+05:30,22210.35,22241.5,22206.2,22220.35
2024-02-21T12:15:00+05:30,22211.5,22229.25,22208.7,22209.55
2024-02-21T11:45:00+05:30,22213.05,22222.25,22198.05,22211.25
2024-02-21T11:15:00+05:30,22207.75,22220,22175.95,22212.75
2024-02-21T10:45:00+05:30,22173.95,22219.5,22160.8,22208
2024-02-21T10:15:00+05:30,22213.7,22229.45,22170.2,22174.65
2024-02-21T09:45:00+05:30,22233,22249.4,22204.1,22213.9
2024-02-21T09:15:00+05:30,22248.85,22248.85,22189.8,22232.8
2024-02-20T15:15:00+05:30,22201.45,22215.6,22197.95,22208.15
2024-02-20T14:45:00+05:30,22139.1,22204.5,22130.5,22200.85
2024-02-20T14:15:00+05:30,22123.15,22159,22121.45,22139.75
2024-02-20T13:45:00+05:30,22162.95,22164.4,22083.3,22123.8
2024-02-20T13:15:00+05:30,22144,22173.6,22133.5,22163.2
2024-02-20T12:45:00+05:30,22160.05,22167.1,22142.1,22145.05
2024-02-20T12:15:00+05:30,22159.35,22165,22146.35,22161.95
2024-02-20T11:45:00+05:30,22119.55,22177.5,22113.7,22159.8
2024-02-20T11:15:00+05:30,22098.55,22139.75,22098.55,22120.25
2024-02-20T10:45:00+05:30,22094.3,22108.9,22083.05,22099.35
2024-02-20T10:15:00+05:30,22097.95,22137,22093.85,22094.45
2024-02-20T09:45:00+05:30,22103.45,22112.65,22045.85,22097.95
2024-02-20T09:15:00+05:30,22099.2,22120.2,22056.6,22103.2
2024-02-19T15:15:00+05:30,22118.5,22134.75,22112.7,22116.95
2024-02-19T14:45:00+05:30,22162.25,22163.95,22098.1,22117.75
2024-02-19T14:15:00+05:30,22157.8,22186.65,22155.65,22161.55
2024-02-19T13:45:00+05:30,22154.95,22171.8,22152.35,22157.5
2024-02-19T13:15:00+05:30,22165.8,22171.6,22132,22155.3
2024-02-19T12:45:00+05:30,22161.2,22166.35,22147.65,22165.1
2024-02-19T12:15:00+05:30,22150.6,22167.25,22136.85,22161.15
2024-02-19T11:45:00+05:30,22136.55,22157.9,22127.25,22150.1
2024-02-19T11:15:00+05:30,22125.65,22150.75,22106.8,22137
2024-02-19T10:45:00+05:30,22087.05,22128.35,22083.15,22125.2
2024-02-19T10:15:00+05:30,22065.2,22105.45,22065,22086.05
2024-02-19T09:45:00+05:30,22062.3,22069.35,22021.05,22065.15
2024-02-19T09:15:00+05:30,22103.45,22107.6,22049.7,22062.05
2024-02-16T15:15:00+05:30,22036.15,22043.3,22018.9,22033.5
2024-02-16T14:45:00+05:30,22045.4,22067.5,22033.05,22036.4
2024-02-16T14:15:00+05:30,22045.45,22065.95,22023.25,22043.7
2024-02-16T13:45:00+05:30,22057.95,22065.6,22024.85,22045.35
2024-02-16T13:15:00+05:30,22055.3,22059.3,22027.1,22057.05
2024-02-16T12:45:00+05:30,22045.25,22068.65,22036.25,22055.2
2024-02-16T12:15:00+05:30,22046.6,22048.95,22022.75,22046.4
2024-02-16T11:45:00+05:30,22027.15,22050.7,22006.65,22047.4
2024-02-16T11:15:00+05:30,22035.95,22045.95,22008,22027.5
2024-02-16T10:45:00+05:30,22031.85,22045.9,22016.5,22034.65
2024-02-16T10:15:00+05:30,22036.8,22044.95,22013.7,22032.25
2024-02-16T09:45:00+05:30,21993.65,22037.65,21968.95,22036.7
2024-02-16T09:15:00+05:30,22020.3,22024.15,21976.6,21994.1
2024-02-15T15:15:00+05:30,21910.75,21931.15,21907.5,21927.05
2024-02-15T14:45:00+05:30,21903.6,21928.85,21887.75,21909.8
2024-02-15T14:15:00+05:30,21913.1,21917.85,21874.6,21902
2024-02-15T13:45:00+05:30,21942.65,21953.85,21914.75,21914.75
2024-02-15T13:15:00+05:30,21861.85,21949.2,21838.65,21943.95
2024-02-15T12:45:00+05:30,21849.8,21870.15,21836.15,21861.25
2024-02-15T12:15:00+05:30,21857.95,21874.75,21823.85,21850.25
2024-02-15T11:45:00+05:30,21858.75,21881.4,21848.1,21857.85
2024-02-15T11:15:00+05:30,21868.3,21877.75,21840.55,21858
2024-02-15T10:45:00+05:30,21862.45,21879.85,21832.4,21868.5
2024-02-15T10:15:00+05:30,21886.35,21902.35,21854.3,21860.1
2024-02-15T09:45:00+05:30,21824.95,21902.9,21794.8,21885.35
2024-02-15T09:15:00+05:30,21906.55,21923.25,21813.05,21823.85
2024-02-14T15:15:00+05:30,21814.55,21856.25,21801.85,21848.7
2024-02-14T14:45:00+05:30,21814.45,21870.85,21794.75,21814.25
2024-02-14T14:15:00+05:30,21718.65,21817.5,21713.45,21815.4
2024-02-14T13:45:00+05:30,21662,21720.65,21648.25,21718.95
2024-02-14T13:15:00+05:30,21689.4,21691.25,21634.7,21661.75
2024-02-14T12:45:00+05:30,21661.15,21708.35,21650.75,21689.7
2024-02-14T12:15:00+05:30,21618.55,21681.75,21618.55,21661.9
2024-02-14T11:45:00+05:30,21606.2,21631.35,21598.5,21619.15
2024-02-14T11:15:00+05:30,21607.25,21622.6,21578.15,21606.25
2024-02-14T10:45:00+05:30,21597.85,21650.45,21590,21606.85
2024-02-14T10:15:00+05:30,21623.15,21632.5,21590.6,21597.6
2024-02-14T09:45:00+05:30,21578.25,21622.75,21558.6,21620.4
2024-02-14T09:15:00+05:30,21578.15,21600.65,21530.2,21576.6
2024-02-13T15:15:00+05:30,21754.15,21758.3,21718.25,21728
2024-02-13T14:45:00+05:30,21714.75,21761.55,21705.4,21753.9
2024-02-13T14:15:00+05:30,21728.45,21756.15,21706.6,21715.1
2024-02-13T13:45:00+05:30,21733.9,21764.15,21719,21728.3
2024-02-13T13:15:00+05:30,21685.15,21742.3,21680.2,21734.1
2024-02-13T12:45:00+05:30,21641.3,21720.05,21637.85,21686.05
2024-02-13T12:15:00+05:30,21648.3,21672.85,21622.8,21641.6
2024-02-13T11:45:00+05:30,21705.25,21735.85,21646.9,21646.9
2024-02-13T11:15:00+05:30,21763.1,21766.45,21695.95,21703.9
2024-02-13T10:45:00+05:30,21715,21766.8,21708.3,21764.35
2024-02-13T10:15:00+05:30,21719.5,21725,21689.65,21716.75
2024-02-13T09:45:00+05:30,21628.45,21722.75,21595.75,21718.45
2024-02-13T09:15:00+05:30,21664.3,21678.05,21543.35,21628.4
2024-02-12T15:15:00+05:30,21597.6,21632.55,21585,21612.6
2024-02-12T14:45:00+05:30,21644.6,21657.35,21586.95,21598
2024-02-12T14:15:00+05:30,21687.85,21697,21623.65,21644.6
2024-02-12T13:45:00+05:30,21630.35,21691.55,21605.15,21688.35
2024-02-12T13:15:00+05:30,21613.85,21660.75,21591.85,21629.65
2024-02-12T12:45:00+05:30,21665.45,21672.3,21574.75,21614.5
2024-02-12T12:15:00+05:30,21639.05,21680.7,21636.15,21664.4
2024-02-12T11:45:00+05:30,21694.5,21695.6,21609.25,21637.2
2024-02-12T11:15:00+05:30,21717.15,21728.25,21690.75,21694.9
2024-02-12T10:45:00+05:30,21677.85,21719.1,21654.35,21717.3
2024-02-12T10:15:00+05:30,21690,21716.5,21628.75,21678.25
2024-02-12T09:45:00+05:30,21743.85,21757.8,21672.35,21690.25
2024-02-12T09:15:00+05:30,21800.8,21831.7,21738.4,21744.65
2024-02-09T15:15:00+05:30,21783.95,21790.2,21773.05,21786
2024-02-09T14:45:00+05:30,21765.5,21804.45,21754.8,21782.8
2024-02-09T14:15:00+05:30,21762.3,21788.5,21753.45,21765.25
2024-02-09T13:45:00+05:30,21740.25,21768.95,21727.25,21760.85
2024-02-09T13:15:00+05:30,21753,21754.55,21710.05,21738.55
2024-02-09T12:45:00+05:30,21760.25,21768.55,21726.15,21753.3
2024-02-09T12:15:00+05:30,21734.2,21766.5,21725.3,21759.85
2024-02-09T11:45:00+05:30,21723.55,21750.05,21707.25,21733.2
2024-02-09T11:15:00+05:30,21680.3,21732.1,21644.75,21722.15
2024-02-09T10:45:00+05:30,21691.2,21698.25,21629.9,21679.5
2024-02-09T10:15:00+05:30,21750.7,21750.7,21682.75,21691.1
2024-02-09T09:45:00+05:30,21743.4,21750.45,21648.15,21749.65
2024-02-09T09:15:00+05:30,21727,21780.5,21664.45,21744.15
2024-02-08T15:15:00+05:30,21715.6,21760.75,21708.55,21759.7
2024-02-08T14:45:00+05:30,21694.8,21733.5,21665.3,21714.75
2024-02-08T14:15:00+05:30,21727.95,21745,21675.15,21695.15
2024-02-08T13:45:00+05:30,21788.35,21794.25,21724.05,21727.75
2024-02-08T13:15:00+05:30,21809.05,21814.55,21777.9,21787.45
2024-02-08T12:45:00+05:30,21801,21819.2,21783.3,21807.85
2024-02-08T12:15:00+05:30,21804.1,21808.35,21765.1,21801.1
2024-02-08T11:45:00+05:30,21767.35,21811.3,21754.4,21804.05
2024-02-08T11:15:00+05:30,21734.75,21777.1,21724.6,21771.3
2024-02-08T10:45:00+05:30,21877.4,21904.3,21709.55,21737
2024-02-08T10:15:00+05:30,21937.85,21967.55,21866.8,21877.5
2024-02-08T09:45:00+05:30,21976.05,21998.35,21910.7,21939.65
2024-02-08T09:15:00+05:30,22009.65,22011.05,21959.55,21974.55
2024-02-07T15:15:00+05:30,21932.4,21954.6,21920.5,21949.8
2024-02-07T14:45:00+05:30,21935.35,21952.6,21915.75,21933.55
2024-02-07T14:15:00+05:30,21964.6,21983.55,21912.15,21935.2
2024-02-07T13:45:00+05:30,21933.05,21973.6,21905.4,21962.2
2024-02-07T13:15:00+05:30,21906.6,21948.6,21889.3,21933.95
2024-02-07T12:45:00+05:30,21904.9,21917.6,21881.1,21906.7
2024-02-07T12:15:00+05:30,21886.9,21927.2,21885,21904.3
2024-02-07T11:45:00+05:30,21895.65,21910.55,21860.15,21887.7
2024-02-07T11:15:00+05:30,21963.1,21965.5,21867.65,21895.95
2024-02-07T10:45:00+05:30,21961.6,21985.25,21932.5,21963.25
2024-02-07T10:15:00+05:30,22009.45,22021.05,21942.95,21961.95
2024-02-07T09:45:00+05:30,21967.75,22014.75,21963.8,22009.8
2024-02-07T09:15:00+05:30,22045.05,22053.3,21965.05,21968.45
2024-02-06T15:15:00+05:30,21919.95,21947.55,21914.35,21938.8
2024-02-06T14:45:00+05:30,21938.55,21938.9,21897.05,21919.45
2024-02-06T14:15:00+05:30,21915.8,21951.4,21908.75,21937.4
2024-02-06T13:45:00+05:30,21918.4,21936.05,21899.15,21914.9
2024-02-06T13:15:00+05:30,21906.1,21930.15,21877.6,21917.8
2024-02-06T12:45:00+05:30,21899.8,21914.25,21868.7,21905.45
2024-02-06T12:15:00+05:30,21898.05,21918,21872.95,21898.9
2024-02-06T11:45:00+05:30,21870.25,21902.75,21869.35,21898.15
2024-02-06T11:15:00+05:30,21850,21899.55,21843.35,21870.1
2024-02-06T10:45:00+05:30,21824.75,21856.8,21811.4,21850.2
2024-02-06T10:15:00+05:30,21854.75,21863.95,21776,21823.3
2024-02-06T09:45:00+05:30,21836.4,21877.1,21832.15,21853.6
2024-02-06T09:15:00+05:30,21825.2,21851.7,21737.55,21836.45
2024-02-05T15:15:00+05:30,21771.85,21776.3,21752.05,21761.3
2024-02-05T14:45:00+05:30,21774.7,21815.95,21726.95,21771.5
2024-02-05T14:15:00+05:30,21912,21915.75,21759.9,21776.6
2024-02-05T13:45:00+05:30,21922.2,21944.2,21874.45,21911.25
2024-02-05T13:15:00+05:30,21936.75,21950.15,21902.8,21922.8
2024-02-05T12:45:00+05:30,21923.55,21952.5,21920.15,21936.8
2024-02-05T12:15:00+05:30,21923.55,21940.4,21898.7,21924.15
2024-02-05T11:45:00+05:30,21919.05,21934.15,21897.7,21923.35
2024-02-05T11:15:00+05:30,21918.75,21943.35,21899.4,21918.45
2024-02-05T10:45:00+05:30,21908.6,21922.2,21892.6,21919.35
2024-02-05T10:15:00+05:30,21925.9,21939.35,21852,21908.9
2024-02-05T09:45:00+05:30,21892.5,21964.3,21890,21926.95
2024-02-05T09:15:00+05:30,21921.05,21921.15,21833.4,21890.35
2024-02-02T15:15:00+05:30,21855.15,21856.3,21837.85,21853.3
2024-02-02T14:45:00+05:30,21897.65,21903.15,21826.4,21855.7
2024-02-02T14:15:00+05:30,21893.55,21906.7,21864.3,21897.8
2024-02-02T13:45:00+05:30,21853.25,21902.8,21840.15,21892.8
2024-02-02T13:15:00+05:30,21845.15,21875.55,21805.55,21852.65
2024-02-02T12:45:00+05:30,21935.8,21939.75,21841.1,21846.3
2024-02-02T12:15:00+05:30,22058.55,22065.95,21841.9,21937.05
2024-02-02T11:45:00+05:30,22091.05,22102,22051.45,22058.8
2024-02-02T11:15:00+05:30,21986.85,22126.8,21986.85,22089
2024-02-02T10:45:00+05:30,21925.7,22003.9,21922.3,21989.65
2024-02-02T10:15:00+05:30,21937.65,21944.55,21915.95,21925.4
2024-02-02T09:45:00+05:30,21939.25,21947.85,21910.85,21937.85
2024-02-02T09:15:00+05:30,21812.75,21963.45,21812,21937.3
2024-02-01T15:15:00+05:30,21681.4,21702.65,21674.3,21690.3
2024-02-01T14:45:00+05:30,21695.95,21730.9,21680.85,21681.45
2024-02-01T14:15:00+05:30,21721.7,21726.25,21695.55,21696.9
2024-02-01T13:45:00+05:30,21701.85,21737,21693.9,21722.25
2024-02-01T13:15:00+05:30,21731.05,21741.2,21678.35,21702.3
2024-02-01T12:45:00+05:30,21723.6,21766.05,21711,21730.15
2024-02-01T12:15:00+05:30,21736.5,21747.4,21696.7,21723.55
2024-02-01T11:45:00+05:30,21749.5,21772.3,21658.75,21738.5
2024-02-01T11:15:00+05:30,21785.7,21787.25,21667.15,21748
2024-02-01T10:45:00+05:30,21785.05,21832.95,21759.9,21783.25
2024-02-01T10:15:00+05:30,21782.9,21796.8,21758.9,21786.35
2024-02-01T09:45:00+05:30,21738.95,21798,21724.25,21785.65
2024-02-01T09:15:00+05:30,21780.65,21788.35,21694.6,21739.05
2024-01-31T15:15:00+05:30,21727.95,21741.35,21700.85,21708.3
2024-01-31T14:45:00+05:30,21700.65,21740.05,21675.85,21727.65
2024-01-31T14:15:00+05:30,21685.8,21701.95,21660.85,21699.95
2024-01-31T13:45:00+05:30,21679.65,21699.1,21657.4,21685.8
2024-01-31T13:15:00+05:30,21692.05,21711.3,21662.75,21680.5
2024-01-31T12:45:00+05:30,21668.85,21697.3,21651.55,21692.75
2024-01-31T12:15:00+05:30,21717,21727.25,21656.65,21669.25
2024-01-31T11:45:00+05:30,21701.6,21739.75,21700.05,21716.8
2024-01-31T11:15:00+05:30,21657.5,21713.8,21643.2,21700.55
2024-01-31T10:45:00+05:30,21621.2,21674.15,21613.7,21658.2
2024-01-31T10:15:00+05:30,21603.1,21649.3,21589.35,21620.35
2024-01-31T09:45:00+05:30,21578.1,21609.75,21531.2,21604.45
2024-01-31T09:15:00+05:30,21487.25,21583.8,21448.85,21576.35
2024-01-30T15:15:00+05:30,21527.55,21535.5,21513.5,21530.55
2024-01-30T14:45:00+05:30,21565.05,21583.15,21501.8,21527.35
2024-01-30T14:15:00+05:30,21665.75,21670.45,21559.4,21566.1
2024-01-30T13:45:00+05:30,21686.8,21687.55,21632.45,21666.6
2024-01-30T13:15:00+05:30,21675.4,21696.65,21643,21687.1
2024-01-30T12:45:00+05:30,21683,21701.65,21668.05,21675.85
2024-01-30T12:15:00+05:30,21710,21715.35,21678.25,21683.1
2024-01-30T11:45:00+05:30,21718.1,21733.65,21698.05,21710.4
2024-01-30T11:15:00+05:30,21681.7,21723.7,21662.7,21718.2
2024-01-30T10:45:00+05:30,21717.4,21722.85,21655.25,21681.4
2024-01-30T10:15:00+05:30,21763.7,21770.9,21712.9,21717.25
2024-01-30T09:45:00+05:30,21761.05,21772.95,21707.1,21762.95
2024-01-30T09:15:00+05:30,21775.75,21813.05,21689.1,21761.65
2024-01-29T15:15:00+05:30,21741.25,21763.25,21739.4,21744.8
2024-01-29T14:45:00+05:30,21729.3,21752.6,21687.15,21741.55
2024-01-29T14:15:00+05:30,21721.25,21745.2,21703,21729.3
2024-01-29T13:45:00+05:30,21699.05,21745.6,21691.2,21721
2024-01-29T13:15:00+05:30,21705.05,21709.65,21672.85,21698.15
2024-01-29T12:45:00+05:30,21683.4,21714.5,21681.15,21705.05
2024-01-29T12:15:00+05:30,21662.35,21685.3,21649.85,21682.35
2024-01-29T11:45:00+05:30,21637.2,21665.75,21634.4,21662.1
2024-01-29T11:15:00+05:30,21634.45,21653.75,21587.1,21636.95
2024-01-29T10:45:00+05:30,21601.8,21642.35,21597.45,21634.7
2024-01-29T10:15:00+05:30,21573.3,21618.7,21570,21602
2024-01-29T09:45:00+05:30,21539.35,21590.4,21526.45,21573.45
2024-01-29T09:15:00+05:30,21433.1,21562.6,21429.6,21536.4
2024-01-25T15:15:00+05:30,21343.05,21401.75,21339.45,21370.75
2024-01-25T14:45:00+05:30,21257.4,21360,21257.1,21343.3
2024-01-25T14:15:00+05:30,21279.1,21293.7,21249.45,21257.55
2024-01-25T13:45:00+05:30,21276.2,21312.1,21276.2,21281.8
2024-01-25T13:15:00+05:30,21285.7,21298.7,21257.8,21275.8
2024-01-25T12:45:00+05:30,21288.45,21304.05,21254,21284.15
2024-01-25T12:15:00+05:30,21297.55,21308.35,21267.45,21290.7
2024-01-25T11:45:00+05:30,21351.95,21358.3,21279.75,21296.4
2024-01-25T11:15:00+05:30,21266.2,21376.6,21258.75,21352.5
2024-01-25T10:45:00+05:30,21308.25,21312.8,21247.05,21265.5
2024-01-25T10:15:00+05:30,21368.45,21371.4,21287.45,21307.75
2024-01-25T09:45:00+05:30,21384.95,21406.55,21355.05,21368.95
2024-01-25T09:15:00+05:30,21454.6,21459,21372.05,21385.9
2024-01-24T15:15:00+05:30,21455.7,21482.35,21454.55,21460.7
2024-01-24T14:45:00+05:30,21430,21460.05,21393.3,21456.05
2024-01-24T14:15:00+05:30,21340.6,21429.95,21325.25,21429.95
2024-01-24T13:45:00+05:30,21299.75,21353.85,21292.1,21340.7
2024-01-24T13:15:00+05:30,21299.9,21337.15,21281.15,21299.45
2024-01-24T12:45:00+05:30,21224.7,21333.5,21223.6,21300.85
2024-01-24T12:15:00+05:30,21249.2,21292.95,21213.65,21225.4
2024-01-24T11:45:00+05:30,21304.55,21306.15,21234.3,21248.15
2024-01-24T11:15:00+05:30,21372.35,21388.55,21233.2,21305.55
2024-01-24T10:45:00+05:30,21367.15,21394.9,21341.35,21372.3
2024-01-24T10:15:00+05:30,21329.5,21408.6,21329.5,21369.7
2024-01-24T09:45:00+05:30,21267.95,21399.2,21267.95,21329.1
2024-01-24T09:15:00+05:30,21185.25,21285.5,21137.2,21267.55
2024-01-23T15:15:00+05:30,21239.25,21271.25,21235,21243.05
2024-01-23T14:45:00+05:30,21221.85,21270.55,21192.6,21239.5
2024-01-23T14:15:00+05:30,21312.15,21312.55,21217.25,21220
2024-01-23T13:45:00+05:30,21347.2,21361.45,21301.2,21311.75
2024-01-23T13:15:00+05:30,21353.45,21373.6,21326.45,21347.4
2024-01-23T12:45:00+05:30,21399.4,21405.95,21335.75,21353.25
2024-01-23T12:15:00+05:30,21388.45,21434.75,21381.7,21401.25
2024-01-23T11:45:00+05:30,21466.1,21485.6,21372.05,21389.3
2024-01-23T11:15:00+05:30,21556.6,21563.15,21461.3,21466.25
2024-01-23T10:45:00+05:30,21539.45,21571.15,21519.9,21557.55
2024-01-23T10:15:00+05:30,21658.1,21679.95,21536.35,21541.3
2024-01-23T09:45:00+05:30,21723.45,21731.5,21629.1,21658.65
2024-01-23T09:15:00+05:30,21716.7,21750.25,21686.95,21722.3
2024-01-20T15:15:00+05:30,21578.7,21591.1,21571.75,21586.95
2024-01-20T14:45:00+05:30,21593.3,21611.95,21541.8,21578.2
2024-01-20T14:15:00+05:30,21611.1,21624.5,21586.9,21593.8
2024-01-20T13:45:00+05:30,21632.1,21636.8,21607.25,21609.6
2024-01-20T13:15:00+05:30,21653.45,21663.35,21627.9,21630.9
2024-01-20T12:45:00+05:30,21596.25,21654.45,21593.9,21653.25
2024-01-20T12:15:00+05:30,21647.9,21658.4,21578.75,21594.3
2024-01-20T11:45:00+05:30,21653.65,21659.25,21633.95,21648.05
2024-01-20T11:15:00+05:30,21666.45,21669.65,21643.55,21653.75
2024-01-20T10:45:00+05:30,21680.05,21694.4,21658.95,21665.8
2024-01-20T10:15:00+05:30,21643.8,21680.25,21641.7,21679.05
2024-01-20T09:45:00+05:30,21655.75,21667.1,21604.3,21643.85
2024-01-20T09:15:00+05:30,21706.15,21720.3,21636.7,21656.2
2024-01-19T15:15:00+05:30,21619.25,21645.65,21616.85,21638.2
2024-01-19T14:45:00+05:30,21628.3,21637.65,21589.45,21619.75
2024-01-19T14:15:00+05:30,21589.2,21640.1,21587.2,21629.2
2024-01-19T13:45:00+05:30,21610.6,21619.65,21587.9,21589
2024-01-19T13:15:00+05:30,21626.85,21638.95,21587.65,21610.9
2024-01-19T12:45:00+05:30,21603.25,21629.15,21603.25,21627.65
2024-01-19T12:15:00+05:30,21586.65,21612.45,21577.55,21604.3
2024-01-19T11:45:00+05:30,21597.85,21611.6,21577.35,21588.4
2024-01-19T11:15:00+05:30,21585.35,21622.55,21575,21598.9
2024-01-19T10:45:00+05:30,21645.15,21648.4,21577.1,21586.9
2024-01-19T10:15:00+05:30,21638.9,21670.6,21621.95,21645.3
2024-01-19T09:45:00+05:30,21638.3,21654.1,21606.65,21639
2024-01-19T09:15:00+05:30,21615.2,21665.65,21597.3,21638.65
2024-01-18T15:15:00+05:30,21458.5,21485.25,21450.15,21477.25
2024-01-18T14:45:00+05:30,21476.1,21487.55,21445.95,21458.3
2024-01-18T14:15:00+05:30,21454.9,21484.85,21418,21475.8
2024-01-18T13:45:00+05:30,21438.6,21461,21434.75,21454.35
2024-01-18T13:15:00+05:30,21452.65,21472,21432.05,21438.7
2024-01-18T12:45:00+05:30,21449.65,21472.85,21436.9,21452.5
2024-01-18T12:15:00+05:30,21522.85,21539.4,21448.1,21451.55
2024-01-18T11:45:00+05:30,21468.65,21526.7,21464.15,21521.8
2024-01-18T11:15:00+05:30,21484.25,21498.35,21445.4,21467.55
2024-01-18T10:45:00+05:30,21452.25,21491.35,21438.6,21484.25
2024-01-18T10:15:00+05:30,21391.85,21455.4,21356.6,21452.7
2024-01-18T09:45:00+05:30,21382.75,21440.7,21285.55,21391.35
2024-01-18T09:15:00+05:30,21414.2,21474.4,21366.7,21384.45
2024-01-17T15:15:00+05:30,21588.85,21593.1,21555.9,21577.25
2024-01-17T14:45:00+05:30,21575.55,21605.65,21550.45,21589.75
2024-01-17T14:15:00+05:30,21658.8,21661.7,21571.6,21575.7
2024-01-17T13:45:00+05:30,21650.8,21677.2,21634.1,21657.1
2024-01-17T13:15:00+05:30,21632.9,21657.3,21612.1,21651.25
2024-01-17T12:45:00+05:30,21644.45,21657.15,21630.1,21632.95
2024-01-17T12:15:00+05:30,21674.9,21693.1,21642.8,21644.55
2024-01-17T11:45:00+05:30,21682.9,21684.85,21632.1,21675.45
2024-01-17T11:15:00+05:30,21740.2,21749.35,21658.6,21685.75
2024-01-17T10:45:00+05:30,21738.4,21754.5,21727.45,21740.7
2024-01-17T10:15:00+05:30,21790.6,21794,21733.5,21738.7
2024-01-17T09:45:00+05:30,21811.8,21836.9,21777.65,21791
2024-01-17T09:15:00+05:30,21647.25,21851.5,21636.95,21812.45
2024-01-16T15:15:00+05:30,22033.9,22036.6,22016.35,22031.6
2024-01-16T14:45:00+05:30,22036.85,22051.95,22029.2,22034.3
2024-01-16T14:15:00+05:30,22049.1,22058.45,22006.1,22038.45
2024-01-16T13:45:00+05:30,22012.05,22057.4,22004.35,22049.4
2024-01-16T13:15:00+05:30,22018.65,22039.85,21969.8,22013
2024-01-16T12:45:00+05:30,22067.7,22072.6,22008.8,22019
2024-01-16T12:15:00+05:30,22076.6,22090.95,22061.85,22069.1
2024-01-16T11:45:00+05:30,22087,22107.6,22062.2,22077.8
2024-01-16T11:15:00+05:30,22118,22120.75,22084.7,22087.3
2024-01-16T10:45:00+05:30,22100.2,22124.15,22099.2,22118.75
2024-01-16T10:15:00+05:30,22101,22112.4,22082.4,22101.1
2024-01-16T09:45:00+05:30,22071.8,22107.9,22062.65,22100.65
2024-01-16T09:15:00+05:30,22080.5,22088.2,22029.2,22071.65
2024-01-15T15:15:00+05:30,22086.1,22115.55,22085.1,22109.8
2024-01-15T14:45:00+05:30,22069.7,22104.55,22067.5,22086.9
2024-01-15T14:15:00+05:30,22070.1,22074.45,22053.25,22070.45
2024-01-15T13:45:00+05:30,22052.85,22084.9,22026.5,22070.7
2024-01-15T13:15:00+05:30,22059.55,22069.3,22043.45,22052.3
2024-01-15T12:45:00+05:30,22058.15,22063.75,22042.95,22059.85
2024-01-15T12:15:00+05:30,22052.2,22069.4,22042.55,22058.55
2024-01-15T11:45:00+05:30,22052.3,22061.75,22042.3,22052.1
2024-01-15T11:15:00+05:30,22041.95,22063.7,22026.6,22052.9
2024-01-15T10:45:00+05:30,22032,22047.9,22019.65,22042.1
2024-01-15T10:15:00+05:30,22011.05,22038.45,22003.8,22031.2
2024-01-15T09:45:00+05:30,22043.6,22051.05,21963.55,22010.25
2024-01-15T09:15:00+05:30,22053.15,22081.95,22021.1,22042.8
2024-01-12T15:15:00+05:30,21876,21917.25,21876,21908.25
2024-01-12T14:45:00+05:30,21915.8,21922.05,21852.6,21876.55
2024-01-12T14:15:00+05:30,21879.55,21928.25,21875.15,21914.8
2024-01-12T13:45:00+05:30,21888.2,21897.1,21864.1,21879.1
2024-01-12T13:15:00+05:30,21842.95,21895.65,21841.2,21886.35
2024-01-12T12:45:00+05:30,21828.5,21861.45,21828.5,21843.1
2024-01-12T12:15:00+05:30,21827.45,21840.85,21822.1,21828.5
2024-01-12T11:45:00+05:30,21837.05,21846.15,21810.65,21827.55
2024-01-12T11:15:00+05:30,21821,21842.6,21820.5,21836.3
2024-01-12T10:45:00+05:30,21819.4,21848.2,21817.6,21822.15
2024-01-12T10:15:00+05:30,21804.2,21832,21797.85,21820.7
2024-01-12T09:45:00+05:30,21739.25,21817.25,21733.15,21804.5
2024-01-12T09:15:00+05:30,21773.55,21789.15,21715.15,21738.9
2024-01-11T15:15:00+05:30,21646.45,21669.4,21642.3,21669.4
2024-01-11T14:45:00+05:30,21647.15,21664.9,21630.75,21646.6
2024-01-11T14:15:00+05:30,21605.9,21662,21593.75,21647.45
2024-01-11T13:45:00+05:30,21663.8,21672.85,21594.05,21606.3
2024-01-11T13:15:00+05:30,21673.85,21679.2,21653.35,21664.25
2024-01-11T12:45:00+05:30,21671,21681.75,21660.6,21673.75
2024-01-11T12:15:00+05:30,21657.2,21674.65,21651.2,21671.2
2024-01-11T11:45:00+05:30,21663.7,21670.6,21656.35,21657.15
2024-01-11T11:15:00+05:30,21655.3,21667.3,21643.95,21663.6
2024-01-11T10:45:00+05:30,21663.2,21667.65,21630.4,21654.85
2024-01-11T10:15:00+05:30,21672.4,21683.35,21641.2,21664.15
2024-01-11T09:45:00+05:30,21683.1,21689.6,21654.7,21672.15
2024-01-11T09:15:00+05:30,21688,21726.5,21674.05,21683.15
2024-01-10T15:15:00+05:30,21608,21632.55,21607.2,21625.4
2024-01-10T14:45:00+05:30,21568.6,21641.85,21559.55,21609.2
2024-01-10T14:15:00+05:30,21531.95,21581.75,21509.85,21569.4
2024-01-10T13:45:00+05:30,21503.15,21541.95,21488.35,21531.9
2024-01-10T13:15:00+05:30,21510.55,21515.5,21479.75,21502.3
2024-01-10T12:45:00+05:30,21504.05,21525.05,21468.45,21510.3
2024-01-10T12:15:00+05:30,21522.1,21532.45,21503.5,21503.5
2024-01-10T11:45:00+05:30,21549.85,21552.65,21505.8,21522.65
2024-01-10T11:15:00+05:30,21542.65,21559.25,21531.6,21549.15
2024-01-10T10:45:00+05:30,21529.25,21542.95,21512.1,21542.25
2024-01-10T10:15:00+05:30,21542.7,21573.9,21523.4,21529.8
2024-01-10T09:45:00+05:30,21559.25,21564.8,21512,21541.85
2024-01-10T09:15:00+05:30,21529.3,21564.5,21448.65,21558.25
2024-01-09T15:15:00+05:30,21543.2,21558.1,21517.85,21551.95
2024-01-09T14:45:00+05:30,21556.5,21585.7,21533.1,21543.75
2024-01-09T14:15:00+05:30,21656.6,21661.9,21545.95,21555.25
2024-01-09T13:45:00+05:30,21702.3,21704.75,21649,21655.4
2024-01-09T13:15:00+05:30,21708.35,21714.2,21694.3,21701.45
2024-01-09T12:45:00+05:30,21704.9,21720.7,21702.8,21708.3
2024-01-09T12:15:00+05:30,21691.6,21724.45,21688.25,21704.05
2024-01-09T11:45:00+05:30,21696.8,21713.4,21683.55,21690.4
2024-01-09T11:15:00+05:30,21694.9,21702.1,21676,21695.15
2024-01-09T10:45:00+05:30,21707.6,21712.55,21675.95,21695.85
2024-01-09T10:15:00+05:30,21657.15,21710.1,21653.9,21707.8
2024-01-09T09:45:00+05:30,21606.6,21658.95,21594.45,21657.35
2024-01-09T09:15:00+05:30,21653.6,21673.65,21602.35,21607.7
2024-01-08T15:15:00+05:30,21507.9,21517,21492.9,21511.35
2024-01-08T14:45:00+05:30,21526.1,21541.55,21499.05,21507.3
2024-01-08T14:15:00+05:30,21586.9,21592.8,21515.5,21527.15
2024-01-08T13:45:00+05:30,21562.15,21599.8,21552.3,21587.2
2024-01-08T13:15:00+05:30,21575.55,21596.65,21557.9,21562.2
2024-01-08T12:45:00+05:30,21600.75,21603.2,21566.1,21575.8
2024-01-08T12:15:00+05:30,21585.8,21611.25,21577.6,21601.4
2024-01-08T11:45:00+05:30,21638.7,21640.5,21552.75,21586.15
2024-01-08T11:15:00+05:30,21620.3,21643.15,21605.3,21639.35
2024-01-08T10:45:00+05:30,21678.45,21683.95,21600.05,21620
2024-01-08T10:15:00+05:30,21692.85,21724.5,21676.15,21678.6
2024-01-08T09:45:00+05:30,21669.4,21697.85,21644.75,21692.9
2024-01-08T09:15:00+05:30,21747.6,21763.95,21655.2,21670.35
2024-01-05T15:15:00+05:30,21715.6,21720.4,21681.7,21709.55
2024-01-05T14:45:00+05:30,21679.2,21725.35,21678.1,21715.1
2024-01-05T14:15:00+05:30,21648.4,21680.15,21629.2,21679.2
2024-01-05T13:45:00+05:30,21680.85,21683.05,21642.9,21649.2
2024-01-05T13:15:00+05:30,21695.7,21699.45,21669.45,21680.1
2024-01-05T12:45:00+05:30,21690.5,21700.15,21678.25,21695.85
2024-01-05T12:15:00+05:30,21690.65,21706.3,21685.55,21689.85
2024-01-05T11:45:00+05:30,21682.7,21699.45,21665.9,21690.7
2024-01-05T11:15:00+05:30,21692.4,21695.95,21666,21682.85
2024-01-05T10:45:00+05:30,21705.35,21705.45,21668.7,21693.15
2024-01-05T10:15:00+05:30,21730.35,21742.85,21701.15,21705.4
2024-01-05T09:45:00+05:30,21728.55,21744.05,21719.6,21728.95
2024-01-05T09:15:00+05:30,21705.75,21749.6,21698.2,21727.6
2024-01-04T15:15:00+05:30,21651.1,21685.65,21650,21669.6
2024-01-04T14:45:00+05:30,21645.15,21663.9,21643.25,21651.75
2024-01-04T14:15:00+05:30,21654.95,21660.1,21638.75,21644.7
2024-01-04T13:45:00+05:30,21665.45,21670.4,21648.9,21654.7
2024-01-04T13:15:00+05:30,21667.85,21674.3,21651.3,21665.9
2024-01-04T12:45:00+05:30,21665.55,21672.7,21656.75,21668.45
2024-01-04T12:15:00+05:30,21642.8,21668.75,21641,21667.15
2024-01-04T11:45:00+05:30,21641.75,21650.45,21639.1,21642.1
2024-01-04T11:15:00+05:30,21650.5,21659.35,21635.75,21641.2
2024-01-04T10:45:00+05:30,21637.65,21653.25,21626.7,21650.75
2024-01-04T10:15:00+05:30,21631.25,21649.05,21628.65,21636.65
2024-01-04T09:45:00+05:30,21610.95,21634.2,21591.75,21631.5
2024-01-04T09:15:00+05:30,21605.8,21624.8,21564.55,21611.55
2024-01-03T15:15:00+05:30,21515.85,21528.3,21500.35,21523.7
2024-01-03T14:45:00+05:30,21542.9,21567.25,21508.85,21515.1
2024-01-03T14:15:00+05:30,21571.85,21572.15,21530.45,21542.95
2024-01-03T13:45:00+05:30,21572.7,21584.4,21561,21572.05
2024-01-03T13:15:00+05:30,21572.3,21583.15,21556.65,21571.5
2024-01-03T12:45:00+05:30,21548.05,21573.85,21539.7,21571.7
2024-01-03T12:15:00+05:30,21570.3,21576.5,21519.7,21547.7
2024-01-03T11:45:00+05:30,21574.75,21591.45,21557,21569.15
2024-01-03T11:15:00+05:30,21567.95,21580.3,21548.15,21574.15
2024-01-03T10:45:00+05:30,21561.45,21574.75,21549.45,21568.25
2024-01-03T10:15:00+05:30,21585.8,21589.45,21538.75,21562.7
2024-01-03T09:45:00+05:30,21559.65,21596.8,21556.7,21586.4
2024-01-03T09:15:00+05:30,21661.1,21677,21559.5,21561.05
2024-01-02T15:15:00+05:30,21661.55,21673.6,21657,21661.5
2024-01-02T14:45:00+05:30,21670.1,21692.7,21642.8,21661.05
2024-01-02T14:15:00+05:30,21662.6,21687.55,21633,21670.3
2024-01-02T13:45:00+05:30,21631.8,21668.15,21624.55,21662.35
2024-01-02T13:15:00+05:30,21613.95,21642.4,21611.15,21632.7
2024-01-02T12:45:00+05:30,21641.05,21644,21601.7,21613.9
2024-01-02T12:15:00+05:30,21613.7,21649.05,21613.5,21640.6
2024-01-02T11:45:00+05:30,21598.25,21620.45,21586.5,21612.4
2024-01-02T11:15:00+05:30,21587.55,21613.45,21571.95,21597.7
2024-01-02T10:45:00+05:30,21590.95,21621,21582,21588.4
2024-01-02T10:15:00+05:30,21660.9,21668.75,21555.65,21590.1
2024-01-02T09:45:00+05:30,21738.4,21739.45,21626.5,21661.75
2024-01-02T09:15:00+05:30,21751.35,21755.6,21699,21736.9
2024-01-01T15:15:00+05:30,21725.95,21736.25,21680.85,21689.45
2024-01-01T14:45:00+05:30,21816.3,21834.35,21719.9,21726.35
2024-01-01T14:15:00+05:30,21792.2,21818.95,21785.75,21817.3
2024-01-01T13:45:00+05:30,21744.15,21793.9,21742.55,21792.65
2024-01-01T13:15:00+05:30,21737.75,21756.4,21736.75,21742.7
2024-01-01T12:45:00+05:30,21735.55,21751.3,21732.55,21737.95
2024-01-01T12:15:00+05:30,21741.15,21746,21711.3,21735.2
2024-01-01T11:45:00+05:30,21731.1,21743.85,21719.5,21742.5
2024-01-01T11:15:00+05:30,21740.95,21748.8,21728.8,21730.25
2024-01-01T10:45:00+05:30,21728.45,21742.65,21723.5,21741.25
2024-01-01T10:15:00+05:30,21709.6,21730.95,21695.3,21726.75
2024-01-01T09:45:00+05:30,21705.4,21737.65,21703.2,21709.65
2024-01-01T09:15:00+05:30,21727.75,21737.35,21684.05,21706.05
2023-12-29T15:15:00+05:30,21716.75,21739.35,21711.3,21728.3
2023-12-29T14:45:00+05:30,21704.65,21758.5,21704.35,21716.3
2023-12-29T14:15:00+05:30,21692.9,21718.5,21676.9,21705.65
2023-12-29T13:45:00+05:30,21722.2,21728.9,21690.15,21692.2
2023-12-29T13:15:00+05:30,21738.1,21743.5,21706.6,21722.95
2023-12-29T12:45:00+05:30,21712.1,21742.05,21707.45,21738.75
2023-12-29T12:15:00+05:30,21736.95,21752.2,21708.65,21712
2023-12-29T11:45:00+05:30,21731.9,21750.75,21729.45,21737.9
2023-12-29T11:15:00+05:30,21718.85,21745.65,21717.6,21732.95
2023-12-29T10:45:00+05:30,21714.15,21730.35,21703.75,21720.05
2023-12-29T10:15:00+05:30,21685.9,21727.4,21680.1,21714.4
2023-12-29T09:45:00+05:30,21732.2,21747.25,21681.15,21683.3
2023-12-29T09:15:00+05:30,21737.65,21770.3,21703.9,21732.8
2023-12-28T15:15:00+05:30,21780.7,21801.45,21769.6,21773.7
2023-12-28T14:45:00+05:30,21750.15,21785.8,21730.25,21781.3
2023-12-28T14:15:00+05:30,21749.3,21766.2,21740,21754.75
2023-12-28T13:45:00+05:30,21752.5,21772.6,21740.85,21751.25
2023-12-28T13:15:00+05:30,21766.55,21769.65,21738.15,21753.05
2023-12-28T12:45:00+05:30,21764.7,21776.9,21744.9,21767.3
2023-12-28T12:15:00+05:30,21729.45,21768.3,21728,21765
2023-12-28T11:45:00+05:30,21730.7,21742.3,21722.65,21728.65
2023-12-28T11:15:00+05:30,21727.75,21745.5,21717.55,21730.9
2023-12-28T10:45:00+05:30,21700.75,21745.9,21687.45,21727.7
2023-12-28T10:15:00+05:30,21697.5,21722.8,21684.9,21700.5
2023-12-28T09:45:00+05:30,21741.95,21759.05,21678,21697.4
2023-12-28T09:15:00+05:30,21715,21746.4,21699.75,21739.8
2023-12-27T15:15:00+05:30,21668.3,21675.75,21648.65,21648.95
2023-12-27T14:45:00+05:30,21587.5,21673.8,21577,21668.5
2023-12-27T14:15:00+05:30,21558.8,21590.2,21547.2,21588.45
2023-12-27T13:45:00+05:30,21535.55,21562.4,21528.05,21558.35
2023-12-27T13:15:00+05:30,21533.3,21545.1,21505.1,21534.5
2023-12-27T12:45:00+05:30,21555.45,21577.85,21520.6,21533.95
2023-12-27T12:15:00+05:30,21582.6,21583.85,21524.15,21556.15
2023-12-27T11:45:00+05:30,21580.65,21603.4,21575.65,21583.1
2023-12-27T11:15:00+05:30,21577.55,21595.1,21570.85,21580.5
2023-12-27T10:45:00+05:30,21560.8,21585.3,21555.25,21578.15
2023-12-27T10:15:00+05:30,21559.2,21581.05,21554.4,21561.5
2023-12-27T09:45:00+05:30,21555.5,21567.5,21545.95,21559.65
2023-12-27T09:15:00+05:30,21497.65,21556.3,21495.8,21556
2023-12-26T15:15:00+05:30,21439.3,21457.7,21438.1,21454.15
2023-12-26T14:45:00+05:30,21437.65,21453.65,21419.4,21438.5
2023-12-26T14:15:00+05:30,21429.85,21465.65,21428.1,21438.75
2023-12-26T13:45:00+05:30,21451.5,21452.45,21422.4,21430.1
2023-12-26T13:15:00+05:30,21438.25,21452.2,21431.9,21452.2
2023-12-26T12:45:00+05:30,21438.5,21449.75,21410.5,21438.8
2023-12-26T12:15:00+05:30,21464.15,21477.15,21437.45,21439.35
2023-12-26T11:45:00+05:30,21453.9,21471.3,21448,21464.3
2023-12-26T11:15:00+05:30,21457.25,21465.7,21441,21453.95
2023-12-26T10:45:00+05:30,21452.4,21461.2,21435.35,21456.65
2023-12-26T10:15:00+05:30,21412.65,21472.3,21411.75,21453
2023-12-26T09:45:00+05:30,21368.3,21426.3,21350.65,21413.35
2023-12-26T09:15:00+05:30,21365.2,21389.65,21329.45,21367.7
2023-12-22T15:15:00+05:30,21353.9,21360.8,21328.45,21332.35
2023-12-22T14:45:00+05:30,21364.5,21373.45,21326.35,21354.3
2023-12-22T14:15:00+05:30,21309.1,21370.6,21298.2,21366.45
2023-12-22T13:45:00+05:30,21275.55,21316,21232.45,21308.25
2023-12-22T13:15:00+05:30,21327.85,21345.85,21272.15,21275.35
2023-12-22T12:45:00+05:30,21318.5,21364.75,21317.4,21328.35
2023-12-22T12:15:00+05:30,21363.55,21367.95,21290,21318.3
2023-12-22T11:45:00+05:30,21383.4,21388.1,21359.1,21362.85
2023-12-22T11:15:00+05:30,21369.6,21386.55,21354.45,21384.95
2023-12-22T10:45:00+05:30,21347,21390.5,21344.05,21368.9
2023-12-22T10:15:00+05:30,21350.15,21362.9,21322.5,21345.95
2023-12-22T09:45:00+05:30,21270.95,21355.45,21267.5,21350.65
2023-12-22T09:15:00+05:30,21295.85,21313.05,21248.15,21270.8
2023-12-21T15:15:00+05:30,21258.6,21288.35,21249.85,21283
2023-12-21T14:45:00+05:30,21260.35,21271.65,21227.25,21257.5
2023-12-21T14:15:00+05:30,21216.8,21272.35,21210.15,21260
2023-12-21T13:45:00+05:30,21208.7,21238.05,21185.1,21216.85
2023-12-21T13:15:00+05:30,21248.9,21269.5,21182.8,21207.75
2023-12-21T12:45:00+05:30,21251.05,21257.55,21213.8,21250.85
2023-12-21T12:15:00+05:30,21181.8,21251.85,21174.85,21250.2
2023-12-21T11:45:00+05:30,21157.65,21198.8,21149.5,21180.05
2023-12-21T11:15:00+05:30,21157.3,21162.45,21118.4,21155.95
2023-12-21T10:45:00+05:30,21149.7,21180.1,21128.9,21157.45
2023-12-21T10:15:00+05:30,21123.2,21155.65,21059.1,21148.85
2023-12-21T09:45:00+05:30,21065.05,21138.9,21036.45,21123.2
2023-12-21T09:15:00+05:30,21033.95,21091,20976.8,21065.95
2023-12-20T15:15:00+05:30,21140.9,21146.6,21087.35,21101.5
2023-12-20T14:45:00+05:30,21221.8,21256.35,21141.6,21142.35
2023-12-20T14:15:00+05:30,21285.1,21325.1,21214.2,21222.15
2023-12-20T13:45:00+05:30,21401.7,21413.8,21252.4,21283.65
2023-12-20T13:15:00+05:30,21472,21475.9,21300.95,21400.95
2023-12-20T12:45:00+05:30,21522.65,21537.2,21467.35,21472.4
2023-12-20T12:15:00+05:30,21529.25,21530.85,21501.4,21523.05
2023-12-20T11:45:00+05:30,21520.35,21535.9,21490.55,21528.7
2023-12-20T11:15:00+05:30,21565.1,21566.65,21513.8,21521.15
2023-12-20T10:45:00+05:30,21570.05,21580.8,21565.05,21565.05
2023-12-20T10:15:00+05:30,21554.55,21570.25,21546.45,21569.75
2023-12-20T09:45:00+05:30,21578.5,21580.95,21534.8,21555.95
2023-12-20T09:15:00+05:30,21543.5,21593,21525.15,21579.95
2023-12-19T15:15:00+05:30,21453.7,21460.25,21440.7,21446
2023-12-19T14:45:00+05:30,21487.85,21493.3,21426.5,21453.75
2023-12-19T14:15:00+05:30,21480.5,21505.05,21472.6,21489.1
2023-12-19T13:45:00+05:30,21467.8,21487.8,21459.8,21481.05
2023-12-19T13:15:00+05:30,21461.55,21469.35,21449.05,21467.7
2023-12-19T12:45:00+05:30,21470.35,21474.4,21454.7,21461.9
2023-12-19T12:15:00+05:30,21434.75,21471.85,21433.2,21469.25
2023-12-19T11:45:00+05:30,21422.65,21454.35,21420.2,21435.8
2023-12-19T11:15:00+05:30,21399.8,21423.2,21385.15,21421.7
2023-12-19T10:45:00+05:30,21396.15,21405.9,21384.85,21399.8
2023-12-19T10:15:00+05:30,21352.1,21403.5,21350.5,21395.25
2023-12-19T09:45:00+05:30,21374.3,21388.45,21337.75,21351.8
2023-12-19T09:15:00+05:30,21477.65,21480,21372.1,21373.7
2023-12-18T15:15:00+05:30,21420.2,21420.7,21403.05,21410.8
2023-12-18T14:45:00+05:30,21419.85,21434.3,21414.6,21419.75
2023-12-18T14:15:00+05:30,21434.3,21454.65,21419.35,21420.4
2023-12-18T13:45:00+05:30,21423.2,21443.35,21416.8,21434.8
2023-12-18T13:15:00+05:30,21416.8,21439.75,21415.2,21423.4
2023-12-18T12:45:00+05:30,21449.75,21455.35,21409.95,21417.6
2023-12-18T12:15:00+05:30,21459.65,21466.05,21426.75,21449.3
2023-12-18T11:45:00+05:30,21476.9,21476.95,21445.4,21460.3
2023-12-18T11:15:00+05:30,21469.45,21482.8,21462.15,21476.75
2023-12-18T10:45:00+05:30,21455.2,21474.75,21449.85,21469.95
2023-12-18T10:15:00+05:30,21460.3,21481.05,21438.5,21454.7
2023-12-18T09:45:00+05:30,21435.75,21463.25,21422.45,21459.7
2023-12-18T09:15:00+05:30,21434.8,21472.8,21365.35,21436.15
2023-12-15T15:15:00+05:30,21458,21492.3,21448.7,21448.7
2023-12-15T14:45:00+05:30,21356.9,21458.4,21356.45,21458.4
2023-12-15T14:15:00+05:30,21331.95,21364.65,21328.15,21357.95
2023-12-15T13:45:00+05:30,21337.05,21365.75,21330,21330.65
2023-12-15T13:15:00+05:30,21321.55,21339.9,21319.55,21337.5
2023-12-15T12:45:00+05:30,21331.9,21337.55,21320.3,21321.55
2023-12-15T12:15:00+05:30,21311.65,21336.5,21303.45,21333.05
2023-12-15T11:45:00+05:30,21328.3,21329.85,21308.8,21311.1
2023-12-15T11:15:00+05:30,21312.55,21331.85,21309.65,21328.95
2023-12-15T10:45:00+05:30,21316.95,21322.3,21281.8,21312.35
2023-12-15T10:15:00+05:30,21327.5,21355.65,21315.65,21315.65
2023-12-15T09:45:00+05:30,21245.45,21329.7,21244.7,21326.7
2023-12-15T09:15:00+05:30,21287.45,21298.15,21235.3,21245.55
2023-12-14T15:15:00+05:30,21173.05,21209.45,21173.05,21195.25
2023-12-14T14:45:00+05:30,21194.1,21195.85,21162.6,21172.75
2023-12-14T14:15:00+05:30,21193.85,21201.65,21183.65,21194.3
2023-12-14T13:45:00+05:30,21206.05,21207.25,21180.05,21195
2023-12-14T13:15:00+05:30,21177.85,21210.9,21172.05,21206.7
2023-12-14T12:45:00+05:30,21161.8,21181.5,21160.95,21178.15
2023-12-14T12:15:00+05:30,21156.1,21170.9,21147.7,21162.4
2023-12-14T11:45:00+05:30,21178.95,21183.1,21153.6,21156.5
2023-12-14T11:15:00+05:30,21163.25,21182.45,21157.25,21179.5
2023-12-14T10:45:00+05:30,21142.9,21166.95,21142.9,21164.15
2023-12-14T10:15:00+05:30,21168.2,21170.8,21132.1,21141.55
2023-12-14T09:45:00+05:30,21136.05,21189.55,21135.8,21168.05
2023-12-14T09:15:00+05:30,21110.4,21148.45,21074.45,21137.3
2023-12-13T15:15:00+05:30,20924.85,20950,20921.5,20937.45
2023-12-13T14:45:00+05:30,20856.4,20934.1,20855.7,20924.2
2023-12-13T14:15:00+05:30,20884.85,20887.85,20851.65,20856
2023-12-13T13:45:00+05:30,20869.25,20899.85,20857.1,20884.25
2023-12-13T13:15:00+05:30,20819.95,20873.45,20819.3,20869.25
2023-12-13T12:45:00+05:30,20788.85,20833,20788.25,20819.65
2023-12-13T12:15:00+05:30,20782.05,20793.5,20769.5,20788.4
2023-12-13T11:45:00+05:30,20791.55,20797.6,20778.45,20784.3
2023-12-13T11:15:00+05:30,20831.4,20832.15,20773.45,20791.5
2023-12-13T10:45:00+05:30,20819.2,20849.25,20807.1,20831.35
2023-12-13T10:15:00+05:30,20850.5,20851.2,20801.15,20820.45
2023-12-13T09:45:00+05:30,20888,20893.9,20819.8,20850.7
2023-12-13T09:15:00+05:30,20929.75,20936,20877.35,20889.7
2023-12-12T15:15:00+05:30,20903.25,20913.35,20896.9,20900.4
2023-12-12T14:45:00+05:30,20890.1,20918.9,20867.15,20903.2
2023-12-12T14:15:00+05:30,20939.9,20947,20884.65,20891.1
2023-12-12T13:45:00+05:30,20968.75,20972.3,20937.75,20940.95
2023-12-12T13:15:00+05:30,20965,20973.45,20952.55,20970
2023-12-12T12:45:00+05:30,20986.9,20987.7,20953.9,20964.7
2023-12-12T12:15:00+05:30,21013.1,21016.75,20986.25,20986.75
2023-12-12T11:45:00+05:30,20999.8,21014.55,20999.7,21013.1
2023-12-12T11:15:00+05:30,21015.85,21016.25,20993.5,21000.25
2023-12-12T10:45:00+05:30,21002,21020.3,20998.8,21015.8
2023-12-12T10:15:00+05:30,21003.7,21013.35,20975.05,21001.8
2023-12-12T09:45:00+05:30,21022.15,21037.35,20997.45,21003.85
2023-12-12T09:15:00+05:30,21018.55,21037.9,21001.85,21021.55
2023-12-11T15:15:00+05:30,21000.95,21002.55,20981.85,20992.8
2023-12-11T14:45:00+05:30,20994.35,21009.6,20985.6,21000.55
2023-12-11T14:15:00+05:30,20992.4,21005.35,20982.3,20994.5
2023-12-11T13:45:00+05:30,20991.5,20994.75,20971.55,20992.4
2023-12-11T13:15:00+05:30,20982.3,20995.65,20977.3,20991.45
2023-12-11T12:45:00+05:30,20972.15,20983.4,20966.3,20982.15
2023-12-11T12:15:00+05:30,20984.15,20985.15,20953.7,20972.85
2023-12-11T11:45:00+05:30,20998.85,21001,20970,20985.35
2023-12-11T11:15:00+05:30,21008.7,21013.4,20982.5,20998.55
2023-12-11T10:45:00+05:30,20966.3,21009.75,20950.6,21009.2
2023-12-11T10:15:00+05:30,21010.95,21026.1,20957.3,20967.1
2023-12-11T09:45:00+05:30,20979.05,21011.6,20973.7,21011.2
2023-12-11T09:15:00+05:30,20965.3,21019.8,20923.7,20978.95
2023-12-08T15:15:00+05:30,20977.9,20983,20966.8,20972.1
2023-12-08T14:45:00+05:30,20936.55,20979.05,20927.8,20978.5
2023-12-08T14:15:00+05:30,20917.25,20938.35,20898.95,20935
2023-12-08T13:45:00+05:30,20869.05,20917.1,20862.7,20916.2
2023-12-08T13:15:00+05:30,20922.45,20928.9,20866.3,20868.35
2023-12-08T12:45:00+05:30,20928.9,20935.8,20898.7,20920.5
2023-12-08T12:15:00+05:30,20967.6,20970.9,20927.25,20927.7
2023-12-08T11:45:00+05:30,20975,20978.45,20956.95,20967.55
2023-12-08T11:15:00+05:30,20955.7,20982.15,20953.35,20975.55
2023-12-08T10:45:00+05:30,20992.95,20995.45,20929.6,20955.8
2023-12-08T10:15:00+05:30,20992.15,21006.1,20973.75,20993.2
2023-12-08T09:45:00+05:30,20973.4,21005.05,20964.15,20992.05
2023-12-08T09:15:00+05:30,20934.1,20977.05,20932.55,20975.75
2023-12-07T15:15:00+05:30,20902.65,20919.6,20899.8,20916.1
2023-12-07T14:45:00+05:30,20901.65,20915.6,20879.1,20902.75
2023-12-07T14:15:00+05:30,20908,20923.7,20901.55,20901.55
2023-12-07T13:45:00+05:30,20914.9,20921.3,20902.85,20908.15
2023-12-07T13:15:00+05:30,20917.05,20927,20907.4,20915.15
2023-12-07T12:45:00+05:30,20920.2,20924.25,20904.45,20917.15
2023-12-07T12:15:00+05:30,20917.15,20921.45,20901.35,20918.5
2023-12-07T11:45:00+05:30,20904.1,20925.15,20901,20917.35
2023-12-07T11:15:00+05:30,20927.65,20932.4,20899.2,20904.35
2023-12-07T10:45:00+05:30,20901.25,20935.85,20892.85,20927
2023-12-07T10:15:00+05:30,20870.05,20908.45,20859.85,20901.05
2023-12-07T09:45:00+05:30,20879.6,20887.1,20864.2,20870.2
2023-12-07T09:15:00+05:30,20932.4,20941.25,20850.8,20879
2023-12-06T15:15:00+05:30,20939.9,20946.5,20923.6,20935.9
2023-12-06T14:45:00+05:30,20952.7,20961.95,20932.2,20939.35
2023-12-06T14:15:00+05:30,20927.25,20955.15,20922.6,20951.95
2023-12-06T13:45:00+05:30,20901.3,20933.45,20897.65,20927
2023-12-06T13:15:00+05:30,20873.75,20908.3,20852.15,20900.7
2023-12-06T12:45:00+05:30,20897.55,20907.15,20869.9,20873.4
2023-12-06T12:15:00+05:30,20931.4,20933.55,20891.55,20896.2
2023-12-06T11:45:00+05:30,20940.05,20940.85,20917.3,20930.5
2023-12-06T11:15:00+05:30,20927.45,20939.7,20915.25,20938.95
2023-12-06T10:45:00+05:30,20904.25,20942.7,20904.25,20926.95
2023-12-06T10:15:00+05:30,20899.55,20923.95,20891.05,20903.95
2023-12-06T09:45:00+05:30,20930.7,20958.65,20894.7,20898.8
2023-12-06T09:15:00+05:30,20950.75,20956.55,20887.55,20930.05
2023-12-05T15:15:00+05:30,20857.95,20864.05,20851.5,20856.7
2023-12-05T14:45:00+05:30,20818.9,20860.95,20818.9,20857.75
2023-12-05T14:15:00+05:30,20812.5,20832.05,20794.1,20818.3
2023-12-05T13:45:00+05:30,20819.4,20823.25,20789.2,20812.9
2023-12-05T13:15:00+05:30,20801.9,20827.4,20788.65,20819
2023-12-05T12:45:00+05:30,20779.3,20810.75,20774.75,20802
2023-12-05T12:15:00+05:30,20776.55,20793.05,20768.45,20779.1
2023-12-05T11:45:00+05:30,20740.4,20779.85,20731,20776.7
2023-12-05T11:15:00+05:30,20821.65,20824.55,20740.55,20740.55
2023-12-05T10:45:00+05:30,20840.25,20849.6,20803.4,20822.3
2023-12-05T10:15:00+05:30,20807.7,20849.4,20805.6,20839.75
2023-12-05T09:45:00+05:30,20776.4,20810.1,20767.35,20806.95
2023-12-05T09:15:00+05:30,20808.9,20813.1,20711.15,20777
2023-12-04T15:15:00+05:30,20678.3,20694.35,20675.8,20686.8
2023-12-04T14:45:00+05:30,20669.95,20702.65,20656.3,20678.3
2023-12-04T14:15:00+05:30,20641.25,20670.4,20630.55,20669.2
2023-12-04T13:45:00+05:30,20615.8,20641.9,20593.65,20641.6
2023-12-04T13:15:00+05:30,20587.85,20624.1,20586.6,20615.45
2023-12-04T12:45:00+05:30,20581.45,20591.35,20570.7,20587.35
2023-12-04T12:15:00+05:30,20584,20586.7,20571.65,20581.45
2023-12-04T11:45:00+05:30,20574.9,20587.9,20569.05,20582.65
2023-12-04T11:15:00+05:30,20574.25,20583.4,20558.15,20574.25
2023-12-04T10:45:00+05:30,20545.75,20574.15,20543.6,20573.15
2023-12-04T10:15:00+05:30,20544,20553.7,20523.3,20545.6
2023-12-04T09:45:00+05:30,20569,20574.3,20535.3,20545.7
2023-12-04T09:15:00+05:30,20601.95,20602.5,20507.75,20569.9
2023-12-01T15:15:00+05:30,20268.4,20272.3,20249,20255.75
2023-12-01T14:45:00+05:30,20249.65,20282.05,20245.65,20267.35
2023-12-01T14:15:00+05:30,20273.85,20280,20244.4,20250.25
2023-12-01T13:45:00+05:30,20275.8,20291.55,20267.65,20271.7
2023-12-01T13:15:00+05:30,20277.8,20281.45,20264.55,20275.1
2023-12-01T12:45:00+05:30,20276.45,20286.3,20268.4,20277.3
2023-12-01T12:15:00+05:30,20266.95,20281.6,20266.6,20277.3
2023-12-01T11:45:00+05:30,20276.9,20285.15,20264.95,20268.35
2023-12-01T11:15:00+05:30,20263.2,20281,20254.75,20275.4
2023-12-01T10:45:00+05:30,20261.9,20272.75,20252.45,20263.1
2023-12-01T10:15:00+05:30,20257.55,20269.2,20251.85,20261.15
2023-12-01T09:45:00+05:30,20220.05,20263.75,20214.65,20258.65
2023-12-01T09:15:00+05:30,20194.1,20238.45,20183.7,20219.65
2023-11-30T15:15:00+05:30,20133.3,20158.7,20126.15,20127.2
2023-11-30T14:45:00+05:30,20126.7,20140.85,20096.75,20135.2
2023-11-30T14:15:00+05:30,20061.3,20128.85,20058.65,20125.4
2023-11-30T13:45:00+05:30,20103.05,20120,20056.75,20061.8
2023-11-30T13:15:00+05:30,20067.8,20107.25,20062.75,20102.45
2023-11-30T12:45:00+05:30,20059.65,20070.6,20052.85,20067.7
2023-11-30T12:15:00+05:30,20054.5,20061.55,20042.65,20059.95
2023-11-30T11:45:00+05:30,20060.2,20079.55,20054.05,20054.55
2023-11-30T11:15:00+05:30,20065.6,20072.55,20057.7,20060.1
2023-11-30T10:45:00+05:30,20099.2,20104.7,20054.65,20065.8
2023-11-30T10:15:00+05:30,20047.05,20098.6,20045.85,20098.6
2023-11-30T09:45:00+05:30,20122,20124.2,20015.85,20047.35
2023-11-30T09:15:00+05:30,20108.5,20136.15,20090.45,20122.6
2023-11-29T15:15:00+05:30,20101.8,20104.65,20092.95,20096.2
2023-11-29T14:45:00+05:30,20082.15,20104.05,20077.05,20101.9
2023-11-29T14:15:00+05:30,20064.35,20083.35,20058.75,20082.85
2023-11-29T13:45:00+05:30,20057.85,20075.65,20056.15,20065
2023-11-29T13:15:00+05:30,20043.95,20058.6,20035.15,20056.6
2023-11-29T12:45:00+05:30,20035.6,20046.85,20034.05,20043.6
2023-11-29T12:15:00+05:30,20031.5,20041.75,20027.85,20036
2023-11-29T11:45:00+05:30,20028.95,20032.4,20021.15,20030.9
2023-11-29T11:15:00+05:30,20007.1,20034.9,20005.05,20028.65
2023-11-29T10:45:00+05:30,20002.65,20010,19993.7,20007.55
2023-11-29T10:15:00+05:30,20013.35,20016.9,19993.1,20001.5
2023-11-29T09:45:00+05:30,20004.9,20015.7,19997.05,20014.2
2023-11-29T09:15:00+05:30,19976.55,20008.15,19956.3,20005.95
2023-11-28T15:15:00+05:30,19895.95,19916.85,19889.1,19908.45
2023-11-28T14:45:00+05:30,19876.85,19897.4,19864.65,19896.15
2023-11-28T14:15:00+05:30,19823.5,19885.7,19822.4,19876.05
2023-11-28T13:45:00+05:30,19825.9,19831.5,19816,19823.1
2023-11-28T13:15:00+05:30,19826.65,19828.65,19820.55,19825.65
2023-11-28T12:45:00+05:30,19835.6,19838.55,19822.2,19826.35
2023-11-28T12:15:00+05:30,19834.45,19838.4,19825.9,19835.3
2023-11-28T11:45:00+05:30,19820.95,19839.7,19820.95,19834.9
2023-11-28T11:15:00+05:30,19822.15,19826.1,19810.65,19821.25
2023-11-28T10:45:00+05:30,19816.9,19826.75,19815.9,19822
2023-11-28T10:15:00+05:30,19810.85,19826.95,19800,19817.15
2023-11-28T09:45:00+05:30,19824.1,19832.8,19807.35,19811.15
2023-11-28T09:15:00+05:30,19844.65,19848.05,19806.3,19824.1
2023-11-24T15:15:00+05:30,19792.9,19803.65,19786.25,19788.7
2023-11-24T14:45:00+05:30,19797.9,19801.65,19784.9,19792.3
2023-11-24T14:15:00+05:30,19795.9,19806.2,19786.95,19796.5
2023-11-24T13:45:00+05:30,19782.85,19802.95,19778.05,19795.25
2023-11-24T13:15:00+05:30,19775.15,19792.1,19772.4,19781.85
2023-11-24T12:45:00+05:30,19803.85,19806.7,19768.85,19773.85
2023-11-24T12:15:00+05:30,19816.05,19818.85,19798.05,19802.9
2023-11-24T11:45:00+05:30,19813.9,19817.35,19796.95,19814.8
2023-11-24T11:15:00+05:30,19809.45,19817.85,19801.7,19814
2023-11-24T10:45:00+05:30,19819.6,19819.9,19803.9,19809.6
2023-11-24T10:15:00+05:30,19803.85,19821.85,19792.6,19818.9
2023-11-24T09:45:00+05:30,19813.15,19816.05,19786.6,19803.3
2023-11-24T09:15:00+05:30,19809.6,19832.85,19809.1,19813.7
2023-11-23T15:15:00+05:30,19800.65,19819.25,19798.85,19811
2023-11-23T14:45:00+05:30,19800.65,19807.7,19786.75,19799.4
2023-11-23T14:15:00+05:30,19808.6,19816.9,19796.35,19799
2023-11-23T13:45:00+05:30,19810.45,19824.65,19807.15,19808.2
2023-11-23T13:15:00+05:30,19811.5,19817.95,19803.25,19809.8
2023-11-23T12:45:00+05:30,19809.25,19821.95,19802.7,19810.2
2023-11-23T12:15:00+05:30,19804.5,19830.8,19801,19808.75
2023-11-23T11:45:00+05:30,19801.35,19810.55,19791.15,19802.95
2023-11-23T11:15:00+05:30,19809.25,19817.6,19801.4,19801.4
2023-11-23T10:45:00+05:30,19803,19822.1,19795.75,19809
2023-11-23T10:15:00+05:30,19836.1,19839,19793.05,19803.05
2023-11-23T09:45:00+05:30,19867.2,19871.95,19825.2,19836.55
2023-11-23T09:15:00+05:30,19828.45,19875.15,19827.9,19867.6
2023-11-22T15:15:00+05:30,19813.25,19818.2,19803.2,19810.6
2023-11-22T14:45:00+05:30,19802.75,19822.35,19802.25,19811.8
2023-11-22T14:15:00+05:30,19734.9,19804.75,19734.35,19803.6
2023-11-22T13:45:00+05:30,19743.6,19752.75,19733,19735.8
2023-11-22T13:15:00+05:30,19746.35,19759.65,19739.9,19744
2023-11-22T12:45:00+05:30,19741.1,19751.5,19723.8,19746.5
2023-11-22T12:15:00+05:30,19755.1,19766.6,19703.85,19741.7
2023-11-22T11:45:00+05:30,19789.2,19791.9,19754.8,19755.6
2023-11-22T11:15:00+05:30,19798.8,19807.85,19789.2,19789.2
2023-11-22T10:45:00+05:30,19811.3,19816.95,19795.15,19798.9
2023-11-22T10:15:00+05:30,19815.9,19825.55,19791.85,19811.05
2023-11-22T09:45:00+05:30,19804.3,19823.4,19804.3,19816.05
2023-11-22T09:15:00+05:30,19784,19812.7,19767.15,19805.1
2023-11-21T15:15:00+05:30,19782.25,19786.95,19775.1,19780.8
2023-11-21T14:45:00+05:30,19788.75,19791.1,19780.55,19783.65
2023-11-21T14:15:00+05:30,19795.05,19798.05,19781.85,19789.05
2023-11-21T13:45:00+05:30,19800.5,19804.7,19790.8,19794.8
2023-11-21T13:15:00+05:30,19775.55,19811.85,19772.35,19801.1
2023-11-21T12:45:00+05:30,19802.7,19812.5,19770.35,19775.85
2023-11-21T12:15:00+05:30,19798.55,19829.1,19792.9,19802.95
2023-11-21T11:45:00+05:30,19781.45,19798.3,19777.15,19797.75
2023-11-21T11:15:00+05:30,19777.15,19789.3,19773.75,19781.15
2023-11-21T10:45:00+05:30,19778.85,19780.55,19766.95,19777
2023-11-21T10:15:00+05:30,19767.4,19783.85,19764.35,19779.25
2023-11-21T09:45:00+05:30,19788.75,19789.35,19759.55,19766.95
2023-11-21T09:15:00+05:30,19770.9,19790.05,19754.05,19788.35
2023-11-20T15:15:00+05:30,19690.85,19703.1,19687.7,19693.65
2023-11-20T14:45:00+05:30,19709.75,19719,19687.65,19690.65
2023-11-20T14:15:00+05:30,19693.55,19714.6,19690.75,19710
2023-11-20T13:45:00+05:30,19708.5,19711.85,19683.2,19692.9
2023-11-20T13:15:00+05:30,19706.35,19712.9,19697.15,19708.35
2023-11-20T12:45:00+05:30,19690.75,19712.05,19683,19706.2
2023-11-20T12:15:00+05:30,19697.35,19701.25,19683,19690.65
2023-11-20T11:45:00+05:30,19683.6,19700.6,19670.5,19697.5
2023-11-20T11:15:00+05:30,19678.05,19691.8,19673.1,19682.9
2023-11-20T10:45:00+05:30,19736.15,19747.3,19677.25,19678
2023-11-20T10:15:00+05:30,19715.35,19756.45,19713.7,19736.65
2023-11-20T09:45:00+05:30,19716.75,19723.1,19701.4,19714.8
2023-11-20T09:15:00+05:30,19731.15,19752.6,19707.25,19717.2
2023-11-17T15:15:00+05:30,19740.5,19745.55,19715.35,19719.7
2023-11-17T14:45:00+05:30,19749.45,19750.4,19723.15,19740.95
2023-11-17T14:15:00+05:30,19756.7,19763.45,19732.85,19749.25
2023-11-17T13:45:00+05:30,19755.55,19771.1,19727.55,19757
2023-11-17T13:15:00+05:30,19763.65,19766.8,19742.75,19755.2
2023-11-17T12:45:00+05:30,19771.6,19779.4,19756.8,19763.65
2023-11-17T12:15:00+05:30,19761.6,19773.9,19743.15,19771.25
2023-11-17T11:45:00+05:30,19776.1,19776.25,19755.05,19761.6
2023-11-17T11:15:00+05:30,19766.05,19778.6,19750.05,19775.8
2023-11-17T10:45:00+05:30,19799.4,19801.3,19765.45,19765.45
2023-11-17T10:15:00+05:30,19777.25,19801.6,19748.5,19799.55
2023-11-17T09:45:00+05:30,19779.9,19806,19770,19778.7
2023-11-17T09:15:00+05:30,19674.75,19780.2,19667.45,19779.25
2023-11-16T15:15:00+05:30,19728.85,19767.9,19725.25,19761.15
2023-11-16T14:45:00+05:30,19857.95,19875.25,19722.8,19730.65
2023-11-16T14:15:00+05:30,19818.7,19862.65,19816.1,19858.8
2023-11-16T13:45:00+05:30,19807.3,19820.7,19799.25,19817.6
2023-11-16T13:15:00+05:30,19803.8,19806.95,19793.65,19806.65
2023-11-16T12:45:00+05:30,19810.9,19813.05,19800.3,19803.65
2023-11-16T12:15:00+05:30,19800.35,19811.1,19787.25,19810.2
2023-11-16T11:45:00+05:30,19787.9,19808.25,19782.65,19800.95
2023-11-16T11:15:00+05:30,19795.05,19802.9,19782.05,19788.2
2023-11-16T10:45:00+05:30,19718.4,19796.55,19711,19795.5
2023-11-16T10:15:00+05:30,19715.55,19728.5,19705.75,19718.05
2023-11-16T09:45:00+05:30,19697.7,19720.4,19685.25,19713.75
2023-11-16T09:15:00+05:30,19674.7,19700.3,19627,19696.6
2023-11-15T15:15:00+05:30,19676.95,19693.2,19671.6,19676.8
2023-11-15T14:45:00+05:30,19668.4,19677.4,19643.7,19677.4
2023-11-15T14:15:00+05:30,19658.75,19677.75,19654.75,19668.9
2023-11-15T13:45:00+05:30,19662.1,19667.85,19650.9,19659
2023-11-15T13:15:00+05:30,19651.95,19673.65,19651.3,19661.9
2023-11-15T12:45:00+05:30,19635.95,19654.7,19631.65,19651.6
2023-11-15T12:15:00+05:30,19631.75,19641.2,19628.95,19636.05
2023-11-15T11:45:00+05:30,19617.6,19632.2,19614.35,19631.65
2023-11-15T11:15:00+05:30,19624.2,19627.1,19615.4,19617.4
2023-11-15T10:45:00+05:30,19631.35,19633,19615.75,19623.7
2023-11-15T10:15:00+05:30,19629.55,19640.2,19627.3,19631.65
2023-11-15T09:45:00+05:30,19624.45,19641.7,19622.35,19630.5
2023-11-15T09:15:00+05:30,19651.4,19653.35,19579.65,19623.8
2023-11-13T15:15:00+05:30,19441.65,19446.5,19436.5,19440.15
2023-11-13T14:45:00+05:30,19449.05,19455.05,19437.1,19441.4
2023-11-13T14:15:00+05:30,19455.1,19460.05,19446.75,19450.95
2023-11-13T13:45:00+05:30,19444.2,19459.8,19437.35,19455.35
2023-11-13T13:15:00+05:30,19440.25,19454.6,19435.85,19444.05
2023-11-13T12:45:00+05:30,19443.05,19448.9,19438.3,19440.15
2023-11-13T12:15:00+05:30,19437.5,19450.15,19431.65,19442.55
2023-11-13T11:45:00+05:30,19447.05,19447.05,19431.15,19437.55
2023-11-13T11:15:00+05:30,19421.7,19454.25,19420,19446.45
2023-11-13T10:45:00+05:30,19423.8,19431.9,19419.2,19421.7
2023-11-13T10:15:00+05:30,19469.7,19476.55,19414.75,19423.75
2023-11-13T09:45:00+05:30,19444.6,19479.15,19444.3,19469.45
2023-11-13T09:15:00+05:30,19486.75,19494.4,19440.9,19444.85
2023-11-12T18:45:00+05:30,19536.85,19536.95,19510.95,19522.3
2023-11-12T18:15:00+05:30,19547.25,19547.25,19510.25,19536.1
2023-11-10T15:15:00+05:30,19426.2,19451.3,19421.2,19443.45
2023-11-10T14:45:00+05:30,19377.2,19425.85,19375.45,19425.4
2023-11-10T14:15:00+05:30,19391.5,19393.3,19363.3,19378.5
2023-11-10T13:45:00+05:30,19409.35,19410.35,19386.1,19391.75
2023-11-10T13:15:00+05:30,19390.6,19413.95,19390.6,19408.95
2023-11-10T12:45:00+05:30,19396.45,19411.15,19390.8,19391.5
2023-11-10T12:15:00+05:30,19386,19396.85,19376.1,19396.7
2023-11-10T11:45:00+05:30,19375.75,19391.2,19371.1,19385.05
2023-11-10T11:15:00+05:30,19359.85,19379.85,19356.8,19376.55
2023-11-10T10:45:00+05:30,19371.85,19384.85,19353.9,19359.95
2023-11-10T10:15:00+05:30,19348.9,19380.8,19348.9,19372.4
2023-11-10T09:45:00+05:30,19352.9,19355.45,19333.9,19349.1
2023-11-10T09:15:00+05:30,19351.85,19366,19329.45,19352
2023-11-09T15:15:00+05:30,19392.55,19406.5,19389.75,19404
2023-11-09T14:45:00+05:30,19395.3,19407.05,19378.35,19393.1
2023-11-09T14:15:00+05:30,19421.9,19423.5,19389.25,19395.85
2023-11-09T13:45:00+05:30,19420.95,19429.8,19406.25,19421.6
2023-11-09T13:15:00+05:30,19430.75,19439.65,19414.45,19420.4
2023-11-09T12:45:00+05:30,19437.85,19443.65,19422.95,19430.8
2023-11-09T12:15:00+05:30,19445.55,19453.5,19434.65,19438.35
2023-11-09T11:45:00+05:30,19451.75,19459.75,19433.15,19445.35
2023-11-09T11:15:00+05:30,19433.6,19454.9,19427.25,19450.45
2023-11-09T10:45:00+05:30,19424.5,19438.75,19418.45,19431.7
2023-11-09T10:15:00+05:30,19447.3,19451.7,19413.85,19423.85
2023-11-09T09:45:00+05:30,19427.8,19452.2,19402.7,19447.65
2023-11-09T09:15:00+05:30,19457.4,19463.9,19409.15,19427.45
2023-11-08T15:15:00+05:30,19449.65,19450.65,19430.25,19436.45
2023-11-08T14:45:00+05:30,19425.25,19450.15,19421,19449.3
2023-11-08T14:15:00+05:30,19441,19448.3,19414.7,19424.4
2023-11-08T13:45:00+05:30,19454.7,19464.4,19440.65,19441.4
2023-11-08T13:15:00+05:30,19447.7,19463.45,19443.25,19454.35
2023-11-08T12:45:00+05:30,19430.8,19448.15,19421.1,19448.05
2023-11-08T12:15:00+05:30,19438.75,19441.2,19424.65,19430.7
2023-11-08T11:45:00+05:30,19438.65,19443.55,19426.8,19439.6
2023-11-08T11:15:00+05:30,19407.95,19440.45,19404.65,19438.45
2023-11-08T10:45:00+05:30,19433.7,19438.35,19401.5,19408.2
2023-11-08T10:15:00+05:30,19427.85,19446.5,19416.55,19433.35
2023-11-08T09:45:00+05:30,19425.95,19453.25,19419.35,19427.2
2023-11-08T09:15:00+05:30,19449.6,19455.7,19403.85,19425.35
2023-11-07T15:15:00+05:30,19398.15,19423.5,19395.2,19417.2
2023-11-07T14:45:00+05:30,19383.85,19411.45,19380.75,19398.05
2023-11-07T14:15:00+05:30,19400.9,19406.9,19379.15,19382.95
2023-11-07T13:45:00+05:30,19373.25,19411.25,19366.35,19401.15
2023-11-07T13:15:00+05:30,19367.4,19376.35,19353.45,19372.95
2023-11-07T12:45:00+05:30,19363.2,19373,19359.4,19366.8
2023-11-07T12:15:00+05:30,19352.65,19368.6,19348.5,19363.45
2023-11-07T11:45:00+05:30,19353.7,19355.55,19329.1,19352.45
2023-11-07T11:15:00+05:30,19392.85,19398,19353.9,19354.95
2023-11-07T10:45:00+05:30,19392.65,19396.8,19380.1,19393.65
2023-11-07T10:15:00+05:30,19366.65,19393.05,19361.65,19393.05
2023-11-07T09:45:00+05:30,19367.25,19374.65,19347.4,19366.2
2023-11-07T09:15:00+05:30,19404.05,19410,19348.7,19366.25
2023-11-06T15:15:00+05:30,19417,19423,19406.75,19411.85
2023-11-06T14:45:00+05:30,19379.2,19416.85,19369.6,19416.5
2023-11-06T14:15:00+05:30,19373.7,19386.55,19370.85,19380.1
2023-11-06T13:45:00+05:30,19362.25,19374.4,19352.85,19374
2023-11-06T13:15:00+05:30,19354.95,19362.95,19349.85,19362.95
2023-11-06T12:45:00+05:30,19354.3,19360.15,19343.45,19355.8
2023-11-06T12:15:00+05:30,19346.6,19357.7,19339.95,19355.05
2023-11-06T11:45:00+05:30,19342.65,19352.7,19339.5,19346.75
2023-11-06T11:15:00+05:30,19332.3,19344.15,19327.8,19342.55
2023-11-06T10:45:00+05:30,19346.4,19347.45,19310.75,19332.05
2023-11-06T10:15:00+05:30,19355.4,19371.65,19343.2,19346.55
2023-11-06T09:45:00+05:30,19339.6,19355.6,19324.4,19354.85
2023-11-06T09:15:00+05:30,19345.85,19357.35,19309.7,19339.5
2023-11-03T15:15:00+05:30,19228.35,19231.05,19220.2,19226.05
2023-11-03T14:45:00+05:30,19237.05,19249.95,19210.9,19227.85
2023-11-03T14:15:00+05:30,19254,19269,19233.9,19238.3
2023-11-03T13:45:00+05:30,19258.4,19261.2,19249.25,19254.9
2023-11-03T13:15:00+05:30,19254,19267.6,19249.75,19258.7
2023-11-03T12:45:00+05:30,19251.15,19262.9,19242.9,19253.9
2023-11-03T12:15:00+05:30,19245.3,19259.05,19238.3,19252
2023-11-03T11:45:00+05:30,19250.45,19260.35,19235.95,19245.65
2023-11-03T11:15:00+05:30,19268.7,19274.05,19248.35,19250.9
2023-11-03T10:45:00+05:30,19253.45,19276.25,19251.4,19268.5
2023-11-03T10:15:00+05:30,19264.85,19270.9,19250.65,19255.4
2023-11-03T09:45:00+05:30,19249.65,19271.7,19230.65,19264.9
2023-11-03T09:15:00+05:30,19241,19265.55,19233.9,19250.2
2023-11-02T15:15:00+05:30,19121.2,19147.75,19119.7,19144.85
2023-11-02T14:45:00+05:30,19111.65,19141.85,19106.95,19120.45
2023-11-02T14:15:00+05:30,19125.95,19140.7,19109.9,19111.6
2023-11-02T13:45:00+05:30,19111.85,19136.05,19107.8,19125.8
2023-11-02T13:15:00+05:30,19112.65,19117.25,19091.7,19112.4
2023-11-02T12:45:00+05:30,19098.15,19112.75,19094.45,19112.75
2023-11-02T12:15:00+05:30,19079.2,19110.75,19076.95,19098.4
2023-11-02T11:45:00+05:30,19087.95,19094.1,19064.15,19079.2
2023-11-02T11:15:00+05:30,19127.8,19130,19083.75,19091.55
2023-11-02T10:45:00+05:30,19122.95,19129.9,19105.95,19127.85
2023-11-02T10:15:00+05:30,19124.9,19133.7,19114.4,19121.9
2023-11-02T09:45:00+05:30,19163.2,19164.15,19119.1,19124.6
2023-11-02T09:15:00+05:30,19120,19175.25,19106.65,19165.05
2023-11-01T15:15:00+05:30,18990.4,18994.7,18973.7,18990.4
2023-11-01T14:45:00+05:30,19003.85,19024.25,18988.5,18990.6
2023-11-01T14:15:00+05:30,19014.75,19021.2,18999.1,19004.7
2023-11-01T13:45:00+05:30,19033.6,19036,19010.45,19015.1
2023-11-01T13:15:00+05:30,19001.95,19033.45,18985.95,19033.45
2023-11-01T12:45:00+05:30,19038.35,19044.15,18994.3,19002.95
2023-11-01T12:15:00+05:30,19051.7,19065.45,19028.15,19038
2023-11-01T11:45:00+05:30,19044.6,19055.05,19039.45,19051.5
2023-11-01T11:15:00+05:30,19046.7,19051.05,19030.25,19045.25
2023-11-01T10:45:00+05:30,19050.6,19058.75,19031.35,19046.65
2023-11-01T10:15:00+05:30,19045.15,19061.95,19032.8,19049.7
2023-11-01T09:45:00+05:30,19077.7,19078.45,19019.65,19044.1
2023-11-01T09:15:00+05:30,19064.05,19096.05,19032.6,19078.35
2023-10-31T15:15:00+05:30,19091.3,19091.65,19075.25,19086.55
2023-10-31T14:45:00+05:30,19130.9,19142.9,19056.45,19091.2
2023-10-31T14:15:00+05:30,19110.2,19145.9,19108.85,19130.9
2023-10-31T13:45:00+05:30,19104.6,19115.25,19096.45,19110.6
2023-10-31T13:15:00+05:30,19104.65,19132.45,19083.85,19104.25
2023-10-31T12:45:00+05:30,19101.45,19113.9,19089.1,19105.05
2023-10-31T12:15:00+05:30,19078.6,19108.15,19074.9,19101.15
2023-10-31T11:45:00+05:30,19090.1,19093.45,19068,19078.8
2023-10-31T11:15:00+05:30,19095.95,19116.75,19083.2,19090.25
2023-10-31T10:45:00+05:30,19065.9,19102.7,19064.7,19095.95
2023-10-31T10:15:00+05:30,19103.4,19116.65,19066.3,19066.4
2023-10-31T09:45:00+05:30,19165.2,19165.2,19094.15,19103.35
2023-10-31T09:15:00+05:30,19232.95,19233.7,19110.55,19164.9
2023-10-30T15:15:00+05:30,19138.45,19158.5,19134.65,19148.85
2023-10-30T14:45:00+05:30,19126.75,19154.9,19121.05,19138.4
2023-10-30T14:15:00+05:30,19118.25,19128.9,19100.8,19127.25
2023-10-30T13:45:00+05:30,19121.7,19130.8,19104.35,19119.6
2023-10-30T13:15:00+05:30,19126.35,19141.75,19117.85,19122.6
2023-10-30T12:45:00+05:30,19112,19128.65,19107.9,19127.85
2023-10-30T12:15:00+05:30,19107.65,19116.95,19086.6,19112.65
2023-10-30T11:45:00+05:30,19111.05,19130.05,19096.95,19108.8
2023-10-30T11:15:00+05:30,19075.35,19117.9,19068.35,19110.6
2023-10-30T10:45:00+05:30,19064.6,19098.95,19063.8,19075.6
2023-10-30T10:15:00+05:30,19011.5,19067.1,19000.1,19064.6
2023-10-30T09:45:00+05:30,18947.15,19015.35,18940,19010.9
2023-10-30T09:15:00+05:30,19053.4,19083.7,18940.95,18946.5
2023-10-27T15:15:00+05:30,19037.4,19060.5,19033.7,19060.5
2023-10-27T14:45:00+05:30,19066.2,19071.65,19036.85,19036.85
2023-10-27T14:15:00+05:30,19059.5,19076.15,19050.25,19065.5
2023-10-27T13:45:00+05:30,19054.6,19073.8,19045.8,19059.3
2023-10-27T13:15:00+05:30,19028,19053.65,19026.9,19053.35
2023-10-27T12:45:00+05:30,19031.45,19043.7,19018.8,19028.1
2023-10-27T12:15:00+05:30,19049.1,19053.05,19014.3,19031.15
2023-10-27T11:45:00+05:30,19020.6,19057.9,19020.6,19048.8
2023-10-27T11:15:00+05:30,19012.15,19037.5,19009.3,19021
2023-10-27T10:45:00+05:30,19000.2,19023,18993.35,19011.2
2023-10-27T10:15:00+05:30,18992.2,19009.3,18974.35,19000.5
2023-10-27T09:45:00+05:30,18991.45,19029.95,18990.2,18992.15
2023-10-27T09:15:00+05:30,18928.75,19003.2,18926.65,18992.1
2023-10-26T15:15:00+05:30,18859.9,18865.25,18837.85,18848.5
2023-10-26T14:45:00+05:30,18871.8,18897.1,18843.8,18859.55
2023-10-26T14:15:00+05:30,18871.5,18879.3,18855.95,18872.1
2023-10-26T13:45:00+05:30,18859.35,18874.1,18843.3,18871.8
2023-10-26T13:15:00+05:30,18891.05,18899.1,18844.4,18855.85
2023-10-26T12:45:00+05:30,18867.85,18903.8,18865.45,18891.65
2023-10-26T12:15:00+05:30,18859.45,18891.7,18857.4,18868.15
2023-10-26T11:45:00+05:30,18875.55,18896.85,18856.2,18858.7
2023-10-26T11:15:00+05:30,18861.85,18880.1,18849.15,18875.5
2023-10-26T10:45:00+05:30,18903.5,18907.4,18859.95,18861.9
2023-10-26T10:15:00+05:30,18913.6,18920.2,18884.2,18903.35
2023-10-26T09:45:00+05:30,18932.9,18948.65,18908.2,18914.2
2023-10-26T09:15:00+05:30,19027.25,19041.7,18925.75,18932.05
2023-10-25T15:15:00+05:30,19129.3,19135.6,19102.3,19125.65
2023-10-25T14:45:00+05:30,19144.65,19167.6,19121.1,19129.5
2023-10-25T14:15:00+05:30,19173.85,19177.2,19118.2,19145.75
2023-10-25T13:45:00+05:30,19117.65,19175.45,19101.85,19174.35
2023-10-25T13:15:00+05:30,19080.65,19143.15,19074.15,19118
2023-10-25T12:45:00+05:30,19143.35,19166.1,19080.3,19080.8
2023-10-25T12:15:00+05:30,19229.45,19234.75,19143.45,19143.45
2023-10-25T11:45:00+05:30,19212.55,19253.6,19209.8,19228.4
2023-10-25T11:15:00+05:30,19273.7,19280,19211.85,19212.15
2023-10-25T10:45:00+05:30,19293.65,19296.2,19261.45,19274.05
2023-10-25T10:15:00+05:30,19314.05,19320.4,19291.55,19293.7
2023-10-25T09:45:00+05:30,19325.5,19347.3,19284.35,19315.3
2023-10-25T09:15:00+05:30,19286.45,19336.3,19259.55,19326.25
2023-10-23T15:15:00+05:30,19273.55,19283.15,19257.85,19278.45
2023-10-23T14:45:00+05:30,19391.1,19399.25,19269.25,19272.7
2023-10-23T14:15:00+05:30,19436.8,19437.75,19390.2,19392.15
2023-10-23T13:45:00+05:30,19417.85,19440.5,19413.65,19437.75
2023-10-23T13:15:00+05:30,19433.35,19446.7,19404.2,19418.2
2023-10-23T12:45:00+05:30,19457.3,19460.55,19429.8,19433.75
2023-10-23T12:15:00+05:30,19460.6,19469.8,19447.2,19459.35
2023-10-23T11:45:00+05:30,19463.55,19482.2,19444.95,19459.45
2023-10-23T11:15:00+05:30,19484.85,19488.1,19462.85,19463.5
2023-10-23T10:45:00+05:30,19468.1,19490.4,19462.85,19484.45
2023-10-23T10:15:00+05:30,19485.7,19490.1,19460,19467.25
2023-10-23T09:45:00+05:30,19540.05,19547,19481.55,19484.85
2023-10-23T09:15:00+05:30,19521.6,19556.85,19514.6,19539
2023-10-20T15:15:00+05:30,19546.45,19546.5,19526.5,19541.75
2023-10-20T14:45:00+05:30,19542.4,19555.05,19529.1,19546.4
2023-10-20T14:15:00+05:30,19540.85,19552.3,19531.55,19542.9
2023-10-20T13:45:00+05:30,19543.1,19550.1,19531.65,19541.05
2023-10-20T13:15:00+05:30,19533.1,19566.3,19533.1,19542.95
2023-10-20T12:45:00+05:30,19533.35,19543.35,19525.75,19533.6
2023-10-20T12:15:00+05:30,19546.75,19557.8,19527.6,19532.95
2023-10-20T11:45:00+05:30,19542.15,19557.05,19527.45,19546.95
2023-10-20T11:15:00+05:30,19567.65,19575.25,19540.65,19541.7
2023-10-20T10:45:00+05:30,19553.95,19569.15,19545.35,19567.25
2023-10-20T10:15:00+05:30,19572.35,19578.9,19545.85,19554.25
2023-10-20T09:45:00+05:30,19562.2,19584.9,19548.75,19570.6
2023-10-20T09:15:00+05:30,19542.15,19593.8,19518.7,19561.95
2023-10-19T15:15:00+05:30,19621.95,19631.25,19601.6,19611.9
2023-10-19T14:45:00+05:30,19644.45,19648,19621.1,19622.1
2023-10-19T14:15:00+05:30,19657.7,19660.6,19628.65,19644.15
2023-10-19T13:45:00+05:30,19652.05,19681.8,19646.25,19657.65
2023-10-19T13:15:00+05:30,19643.05,19656.85,19618.35,19651.8
2023-10-19T12:45:00+05:30,19646.15,19663.7,19634.25,19643.7
2023-10-19T12:15:00+05:30,19661,19664.15,19633.85,19645.9
2023-10-19T11:45:00+05:30,19641.45,19664.9,19635.15,19661.3
2023-10-19T11:15:00+05:30,19574.2,19660.55,19574.2,19641.95
2023-10-19T10:45:00+05:30,19563.6,19581.45,19555.1,19574.85
2023-10-19T10:15:00+05:30,19574.8,19591.3,19555,19563.75
2023-10-19T09:45:00+05:30,19541.6,19594.95,19536.85,19575.4
2023-10-19T09:15:00+05:30,19545.2,19573.05,19512.35,19542.6
2023-10-18T15:15:00+05:30,19672.05,19672.1,19661.6,19668.25
2023-10-18T14:45:00+05:30,19683.45,19698.6,19659.95,19672.05
2023-10-18T14:15:00+05:30,19719.35,19719.75,19677.85,19684
2023-10-18T13:45:00+05:30,19700.25,19725.4,19696.4,19719.45
2023-10-18T13:15:00+05:30,19708.8,19709.95,19690.2,19700.5
2023-10-18T12:45:00+05:30,19695.45,19710.55,19681.25,19709.65
2023-10-18T12:15:00+05:30,19700.6,19708.45,19673.55,19696.05
2023-10-18T11:45:00+05:30,19733.5,19733.5,19689.9,19700.8
2023-10-18T11:15:00+05:30,19725.25,19751.05,19719.8,19733.05
2023-10-18T10:45:00+05:30,19788.45,19788.45,19717.2,19724.9
2023-10-18T10:15:00+05:30,19832.7,19836.9,19787.3,19787.5
2023-10-18T09:45:00+05:30,19817.15,19840.95,19802.3,19832.7
2023-10-18T09:15:00+05:30,19820.45,19824.45,19774.8,19816.25
2023-10-17T15:15:00+05:30,19810.1,19823.35,19804.8,19818.35
2023-10-17T14:45:00+05:30,19794.35,19821.75,19786.1,19810.4
2023-10-17T14:15:00+05:30,19781.6,19803.35,19779.65,19794.05
2023-10-17T13:45:00+05:30,19825.8,19829.7,19775.65,19782.3
2023-10-17T13:15:00+05:30,19841.25,19848.05,19815.75,19825.85
2023-10-17T12:45:00+05:30,19842.05,19848,19832.9,19841.6
2023-10-17T12:15:00+05:30,19833,19843.1,19823.65,19843.1
2023-10-17T11:45:00+05:30,19829.85,19834.55,19821,19833.65
2023-10-17T11:15:00+05:30,19834,19836.2,19825.3,19829.6
2023-10-17T10:45:00+05:30,19833.15,19841.5,19824.25,19834.55
2023-10-17T10:15:00+05:30,19821.75,19840.4,19814.5,19832.9
2023-10-17T09:45:00+05:30,19827.4,19836.5,19816.85,19821.35
2023-10-17T09:15:00+05:30,19843.2,19849.75,19809.75,19827
2023-10-16T15:15:00+05:30,19730.85,19731.8,19718.8,19730.95
2023-10-16T14:45:00+05:30,19758,19766.55,19730.45,19730.45
2023-10-16T14:15:00+05:30,19754.45,19771.5,19747.65,19757.65
2023-10-16T13:45:00+05:30,19761.65,19771.75,19752.5,19754.2
2023-10-16T13:15:00+05:30,19754.3,19771.95,19744.4,19762.25
2023-10-16T12:45:00+05:30,19765.25,19781.3,19751.65,19754.7
2023-10-16T12:15:00+05:30,19761.05,19774.65,19755.5,19764.65
2023-10-16T11:45:00+05:30,19773.35,19780.8,19757.3,19762
2023-10-16T11:15:00+05:30,19742.35,19775.8,19731.3,19773.25
2023-10-16T10:45:00+05:30,19764.3,19766.5,19726.25,19742.45
2023-10-16T10:15:00+05:30,19750,19767.8,19739.1,19764.95
2023-10-16T09:45:00+05:30,19715.5,19754.5,19710.55,19749.3
2023-10-16T09:15:00+05:30,19737.25,19743.4,19691.85,19715.3
2023-10-13T15:15:00+05:30,19755.55,19756.1,19729.35,19730.95
2023-10-13T14:45:00+05:30,19782.5,19782.5,19745.65,19755.6
2023-10-13T14:15:00+05:30,19779.7,19805.4,19778.45,19778.45
2023-10-13T13:45:00+05:30,19751.75,19784.6,19743.6,19776.6
2023-10-13T13:15:00+05:30,19746.1,19758.3,19729.8,19749.85
2023-10-13T12:45:00+05:30,19720.5,19749.25,19713.05,19743.95
2023-10-13T12:15:00+05:30,19685.5,19721.95,19682.9,19718.85
2023-10-13T11:45:00+05:30,19695.5,19702.65,19681.25,19683.2
2023-10-13T11:15:00+05:30,19678.35,19700.9,19675.6,19693.6
2023-10-13T10:45:00+05:30,19685.9,19686.65,19670.55,19678.35
2023-10-13T10:15:00+05:30,19693.3,19704,19682.25,19685.25
2023-10-13T09:45:00+05:30,19707.55,19713.2,19690.45,19692.55
2023-10-13T09:15:00+05:30,19654.55,19736.6,19635.3,19708.4
2023-10-12T15:15:00+05:30,19799.85,19802.5,19779.75,19782.9
2023-10-12T14:45:00+05:30,19794.7,19807.3,19777.1,19799.2
2023-10-12T14:15:00+05:30,19801.7,19806.2,19788.3,19793.25
2023-10-12T13:45:00+05:30,19812.7,19817.85,19793.7,19803.05
2023-10-12T13:15:00+05:30,19801.85,19817.45,19800,19812.7
2023-10-12T12:45:00+05:30,19811.6,19825.6,19796.75,19802.3
2023-10-12T12:15:00+05:30,19820.6,19825.15,19805.7,19811.45
2023-10-12T11:45:00+05:30,19819.25,19833.35,19814.55,19819.85
2023-10-12T11:15:00+05:30,19824.5,19824.8,19803.45,19818.8
2023-10-12T10:45:00+05:30,19814,19827.45,19806,19824.45
2023-10-12T10:15:00+05:30,19795.45,19816,19778.3,19813.5
2023-10-12T09:45:00+05:30,19813.45,19814.4,19772.65,19794.95
2023-10-12T09:15:00+05:30,19822.7,19843.3,19798.9,19813.35
2023-10-11T15:15:00+05:30,19809.8,19812.15,19803.1,19808.5
2023-10-11T14:45:00+05:30,19820.2,19828.45,19807.3,19809.85
2023-10-11T14:15:00+05:30,19803.9,19823.3,19796.4,19820.35
2023-10-11T13:45:00+05:30,19808.45,19811,19788.7,19803.2
2023-10-11T13:15:00+05:30,19814.25,19815.95,19799.55,19808.65
2023-10-11T12:45:00+05:30,19787.55,19818.6,19782.05,19814.85
2023-10-11T12:15:00+05:30,19810.35,19810.35,19783.8,19788.45
2023-10-11T11:45:00+05:30,19813.45,19822.85,19804.9,19809.85
2023-10-11T11:15:00+05:30,19806.75,19823.15,19800.2,19813.2
2023-10-11T10:45:00+05:30,19832.75,19836.95,19802,19808.35
2023-10-11T10:15:00+05:30,19810.3,19839.2,19806.2,19832.75
2023-10-11T09:45:00+05:30,19808.6,19832,19795.1,19810.4
2023-10-11T09:15:00+05:30,19767,19822.7,19756.95,19809
2023-10-10T15:15:00+05:30,19689.1,19695.75,19682.9,19691.5
2023-10-10T14:45:00+05:30,19698.4,19708.45,19683.7,19688.3
2023-10-10T14:15:00+05:30,19696.4,19717.8,19695.45,19698.25
2023-10-10T13:45:00+05:30,19700.15,19707.7,19690.5,19696.05
2023-10-10T13:15:00+05:30,19676.65,19704.2,19673.25,19700.75
2023-10-10T12:45:00+05:30,19670.55,19686.1,19661.5,19676.5
2023-10-10T12:15:00+05:30,19652.5,19674.55,19644.35,19671.35
2023-10-10T11:45:00+05:30,19621.95,19657.55,19618.75,19652.45
2023-10-10T11:15:00+05:30,19622.8,19631.65,19611.7,19621.8
2023-10-10T10:45:00+05:30,19622.15,19627.3,19610.35,19622.8
2023-10-10T10:15:00+05:30,19618.15,19626.65,19608.25,19621.9
2023-10-10T09:45:00+05:30,19595.55,19619.2,19594.75,19617.7
2023-10-10T09:15:00+05:30,19565.6,19607.35,19565.45,19595.2
2023-10-09T15:15:00+05:30,19513.3,19513.3,19495.65,19497.5
2023-10-09T14:45:00+05:30,19520.4,19540.9,19512.3,19512.45
2023-10-09T14:15:00+05:30,19514.4,19530.25,19498.2,19521.15
2023-10-09T13:45:00+05:30,19530,19530.5,19507.5,19513.2
2023-10-09T13:15:00+05:30,19510.15,19534.25,19507.15,19529.65
2023-10-09T12:45:00+05:30,19513.15,19525.4,19503.25,19510.55
2023-10-09T12:15:00+05:30,19551.5,19553.85,19515.1,19515.1
2023-10-09T11:45:00+05:30,19567.3,19569.45,19548.2,19551.65
2023-10-09T11:15:00+05:30,19558.6,19569,19552.9,19567.25
2023-10-09T10:45:00+05:30,19557.1,19576.25,19550.9,19558.2
2023-10-09T10:15:00+05:30,19573.95,19588.95,19544.55,19556.95
2023-10-09T09:45:00+05:30,19550.35,19587.7,19549.6,19574.7
2023-10-09T09:15:00+05:30,19539.45,19553.25,19480.5,19550.05
2023-10-06T15:15:00+05:30,19661.15,19662.15,19640.5,19649.9
2023-10-06T14:45:00+05:30,19662.5,19675.75,19653.15,19660.45
2023-10-06T14:15:00+05:30,19664.9,19668.4,19647.65,19664.35
2023-10-06T13:45:00+05:30,19651.85,19669.4,19649.2,19664.8
2023-10-06T13:15:00+05:30,19647.45,19658.4,19645.25,19653.1
2023-10-06T12:45:00+05:30,19636.7,19649.8,19628.75,19648.4
2023-10-06T12:15:00+05:30,19624.35,19640.6,19613.25,19638.35
2023-10-06T11:45:00+05:30,19621.35,19628.5,19612.65,19624.75
2023-10-06T11:15:00+05:30,19643.55,19644.15,19604.35,19621.65
2023-10-06T10:45:00+05:30,19641.25,19658.2,19636.05,19642.45
2023-10-06T10:15:00+05:30,19602.45,19641.65,19593.2,19640.45
2023-10-06T09:45:00+05:30,19592.25,19616.45,19589.4,19603.45
2023-10-06T09:15:00+05:30,19621.2,19624,19590.6,19592.2
2023-10-05T15:15:00+05:30,19539.35,19553.9,19538.3,19546.6
2023-10-05T14:45:00+05:30,19561.05,19564.75,19532.4,19540.2
2023-10-05T14:15:00+05:30,19550.05,19563.45,19534.95,19563
2023-10-05T13:45:00+05:30,19558.05,19560.25,19546.6,19551.6
2023-10-05T13:15:00+05:30,19529.15,19560.35,19523,19559.2
2023-10-05T12:45:00+05:30,19532.35,19549.55,19519.7,19529.35
2023-10-05T12:15:00+05:30,19554.05,19554.2,19524.65,19531.7
2023-10-05T11:45:00+05:30,19556.25,19567.45,19545.3,19554.8
2023-10-05T11:15:00+05:30,19571.7,19576.95,19550.85,19556.25
2023-10-05T10:45:00+05:30,19495.15,19573.6,19487.95,19571.55
2023-10-05T10:15:00+05:30,19524.55,19531.1,19487.3,19494.6
2023-10-05T09:45:00+05:30,19543.7,19547.65,19522.25,19525.05
2023-10-05T09:15:00+05:30,19521.85,19546.35,19508.65,19543.75
2023-10-04T15:15:00+05:30,19444.35,19452.15,19435,19446.15
2023-10-04T14:45:00+05:30,19418.1,19446.55,19394.15,19444.55
2023-10-04T14:15:00+05:30,19383.4,19418,19379.2,19418
2023-10-04T13:45:00+05:30,19352,19388.1,19346.45,19383.7
2023-10-04T13:15:00+05:30,19357.3,19368.95,19343.1,19352.1
2023-10-04T12:45:00+05:30,19362.1,19368.75,19333.6,19357
2023-10-04T12:15:00+05:30,19370.8,19378.95,19346.8,19362.7
2023-10-04T11:45:00+05:30,19397.1,19397.2,19355.05,19370.7
2023-10-04T11:15:00+05:30,19420.65,19424.55,19393.65,19395.95
2023-10-04T10:45:00+05:30,19411.8,19424.3,19405.35,19420.25
2023-10-04T10:15:00+05:30,19392.6,19429.1,19385.3,19411.8
2023-10-04T09:45:00+05:30,19394.15,19414,19385.65,19392.95
2023-10-04T09:15:00+05:30,19446.3,19457.8,19375.4,19394.2
2023-10-03T15:15:00+05:30,19529.7,19532.2,19514.9,19522.95
2023-10-03T14:45:00+05:30,19524.5,19542.9,19522.85,19528.65
2023-10-03T14:15:00+05:30,19521.05,19535.05,19505.7,19524.8
2023-10-03T13:45:00+05:30,19553.3,19567.5,19517.7,19518.85
2023-10-03T13:15:00+05:30,19550.9,19555.85,19535.95,19553.15
2023-10-03T12:45:00+05:30,19533.1,19552.6,19528.35,19550.55
2023-10-03T12:15:00+05:30,19523.4,19540.25,19520.75,19532.6
2023-10-03T11:45:00+05:30,19527,19527.6,19504.15,19522.85
2023-10-03T11:15:00+05:30,19510.95,19538.45,19509.8,19526.25
2023-10-03T10:45:00+05:30,19503.75,19517.4,19497.75,19510.35
2023-10-03T10:15:00+05:30,19489.25,19529.6,19488.1,19502.8
2023-10-03T09:45:00+05:30,19526.35,19526.45,19479.65,19488.65
2023-10-03T09:15:00+05:30,19622.4,19623.2,19498.1,19525.65
2023-09-29T15:15:00+05:30,19624.35,19641.55,19618.55,19638.2
2023-09-29T14:45:00+05:30,19706.15,19710.25,19623.75,19623.8
2023-09-29T14:15:00+05:30,19709.55,19726.25,19702.55,19707
2023-09-29T13:45:00+05:30,19677.55,19718.8,19676.7,19710.55
2023-09-29T13:15:00+05:30,19667.85,19689.45,19658.95,19677.15
2023-09-29T12:45:00+05:30,19673.1,19675.1,19652.2,19667.6
2023-09-29T12:15:00+05:30,19666.05,19684.4,19664.95,19673.65
2023-09-29T11:45:00+05:30,19665.75,19677.35,19658.5,19667.85
2023-09-29T11:15:00+05:30,19607.75,19668.35,19602.2,19666.8
2023-09-29T10:45:00+05:30,19588.85,19610.8,19574.25,19608.2
2023-09-29T10:15:00+05:30,19597.45,19607.75,19575.55,19588.85
2023-09-29T09:45:00+05:30,19579.5,19608.35,19576.25,19596.75
2023-09-29T09:15:00+05:30,19581.2,19600.25,19551.05,19579.95
2023-09-28T15:15:00+05:30,19499.8,19557.5,19499.8,19553.3
2023-09-28T14:45:00+05:30,19537,19540.85,19492.1,19499.25
2023-09-28T14:15:00+05:30,19551.2,19578.35,19533.85,19537.2
2023-09-28T13:45:00+05:30,19583.8,19583.8,19540,19551.4
2023-09-28T13:15:00+05:30,19591.05,19592.85,19557.75,19582.8
2023-09-28T12:45:00+05:30,19612.35,19620.95,19586.55,19591.15
2023-09-28T12:15:00+05:30,19629.7,19636.65,19598.2,19612.75
2023-09-28T11:45:00+05:30,19637.75,19654.6,19620,19629.8
2023-09-28T11:15:00+05:30,19658.4,19668.55,19630.2,19637.3
2023-09-28T10:45:00+05:30,19689,19706.55,19658.8,19659.05
2023-09-28T10:15:00+05:30,19732.2,19749.9,19687.2,19688.1
2023-09-28T09:45:00+05:30,19685.5,19738.1,19673.25,19732.2
2023-09-28T09:15:00+05:30,19761.8,19766.65,19686.15,19686.95
2023-09-27T15:15:00+05:30,19709.7,19730.05,19708.15,19728.2
2023-09-27T14:45:00+05:30,19717.65,19730.7,19708.7,19709.35
2023-09-27T14:15:00+05:30,19693.85,19717.15,19675.35,19717.15
2023-09-27T13:45:00+05:30,19683,19707.6,19681.7,19692.6
2023-09-27T13:15:00+05:30,19683.6,19715.15,19674.95,19682.95
2023-09-27T12:45:00+05:30,19656.1,19686.5,19654.15,19683.8
2023-09-27T12:15:00+05:30,19648.95,19665.25,19646.4,19655.9
2023-09-27T11:45:00+05:30,19650.1,19663.45,19631.6,19648.9
2023-09-27T11:15:00+05:30,19628.85,19657.15,19617,19650.3
2023-09-27T10:45:00+05:30,19576,19630.8,19566.85,19627.4
2023-09-27T10:15:00+05:30,19561.95,19576.5,19554,19576.05
2023-09-27T09:45:00+05:30,19608.75,19624.3,19558.7,19562.25
2023-09-27T09:15:00+05:30,19637.05,19649.55,19596.5,19609.05
2023-09-26T15:15:00+05:30,19666.1,19673.6,19661.85,19673.6
2023-09-26T14:45:00+05:30,19673.2,19677.55,19657.25,19665.45
2023-09-26T14:15:00+05:30,19674.85,19681.7,19664.8,19672.9
2023-09-26T13:45:00+05:30,19680.95,19685.75,19666.7,19673.95
2023-09-26T13:15:00+05:30,19661.15,19682.75,19653.15,19679.4
2023-09-26T12:45:00+05:30,19653.1,19661.65,19637.45,19661.55
2023-09-26T12:15:00+05:30,19681.8,19685,19651.6,19653.3
2023-09-26T11:45:00+05:30,19679.55,19683.4,19663.1,19681.9
2023-09-26T11:15:00+05:30,19687.45,19691.95,19675.35,19679.7
2023-09-26T10:45:00+05:30,19679.25,19689.05,19664.45,19688.05
2023-09-26T10:15:00+05:30,19692.6,19696.4,19671.7,19678.85
2023-09-26T09:45:00+05:30,19680.75,19699.35,19672.75,19692.15
2023-09-26T09:15:00+05:30,19682.8,19698.55,19649.8,19680.35
2023-09-25T15:15:00+05:30,19679.35,19681.65,19666.45,19674.85
2023-09-25T14:45:00+05:30,19659.25,19704.65,19658.8,19679.8
2023-09-25T14:15:00+05:30,19637.9,19680.35,19627,19661
2023-09-25T13:45:00+05:30,19716.2,19717.95,19636.95,19637.6
2023-09-25T13:15:00+05:30,19714.2,19729.95,19701,19717.25
2023-09-25T12:45:00+05:30,19713.7,19734.15,19705.85,19714.5
2023-09-25T12:15:00+05:30,19653.5,19715.9,19652.2,19714.7
2023-09-25T11:45:00+05:30,19617.05,19654.55,19616.9,19653.25
2023-09-25T11:15:00+05:30,19613.1,19624.05,19602.05,19617.1
2023-09-25T10:45:00+05:30,19638.5,19644,19611.7,19612.1
2023-09-25T10:15:00+05:30,19618.9,19644.7,19612.4,19638.2
2023-09-25T09:45:00+05:30,19686.2,19686.5,19618.25,19619
2023-09-25T09:15:00+05:30,19678.2,19713.65,19635.5,19685.9
2023-09-22T15:15:00+05:30,19664.35,19690.95,19658.5,19684.6
2023-09-22T14:45:00+05:30,19702.85,19703.9,19661.5,19664.7
2023-09-22T14:15:00+05:30,19708.7,19722.6,19681.45,19704.25
2023-09-22T13:45:00+05:30,19708.25,19718.05,19688.95,19709.5
2023-09-22T13:15:00+05:30,19768.85,19776.6,19698.45,19709.1
2023-09-22T12:45:00+05:30,19788.6,19789.25,19755,19769.15
2023-09-22T12:15:00+05:30,19783,19798.65,19767.75,19788.85
2023-09-22T11:45:00+05:30,19744.6,19788.75,19740,19782.5
2023-09-22T11:15:00+05:30,19762.65,19766.75,19736.6,19745.15
2023-09-22T10:45:00+05:30,19749.1,19769.3,19740.2,19763.25
2023-09-22T10:15:00+05:30,19684.75,19749.6,19672,19749.25
2023-09-22T09:45:00+05:30,19736.6,19745,19665.45,19684.2
2023-09-22T09:15:00+05:30,19744.85,19792.15,19721.95,19736.65
2023-09-21T15:15:00+05:30,19744.4,19754.75,19741.35,19748.85
2023-09-21T14:45:00+05:30,19724.2,19747,19711,19747
2023-09-21T14:15:00+05:30,19730.6,19738.45,19717.2,19724.65
2023-09-21T13:45:00+05:30,19736.75,19749.05,19729,19733
2023-09-21T13:15:00+05:30,19745.8,19760.05,19728.65,19737.85
2023-09-21T12:45:00+05:30,19741.05,19750.6,19721.05,19745
2023-09-21T12:15:00+05:30,19732.2,19743.85,19723.75,19741.65
2023-09-21T11:45:00+05:30,19755.9,19764.35,19726.65,19733.4
2023-09-21T11:15:00+05:30,19785.25,19787.25,19749.35,19756.25
2023-09-21T10:45:00+05:30,19755.45,19787.25,19745.45,19786.3
2023-09-21T10:15:00+05:30,19751.55,19767.95,19747.1,19755.35
2023-09-21T09:45:00+05:30,19807.25,19812.2,19739.7,19749
2023-09-21T09:15:00+05:30,19840.55,19848.75,19802.6,19808.15
2023-09-20T15:15:00+05:30,19902.85,19913.35,19898.75,19909.55
2023-09-20T14:45:00+05:30,19910.75,19918.3,19885.75,19902.55
2023-09-20T14:15:00+05:30,19909.45,19921.15,19893.8,19909.4
2023-09-20T13:45:00+05:30,19920.45,19922.45,19879.55,19908
2023-09-20T13:15:00+05:30,19935.3,19939,19919.2,19919.2
2023-09-20T12:45:00+05:30,19953.95,19955.05,19931.7,19934.45
2023-09-20T12:15:00+05:30,19954.8,19957.95,19944.9,19953.15
2023-09-20T11:45:00+05:30,19943.65,19962.65,19928.3,19956.3
2023-09-20T11:15:00+05:30,19958.45,19964.1,19943.1,19943.5
2023-09-20T10:45:00+05:30,19966.55,19973.55,19945.7,19958.3
2023-09-20T10:15:00+05:30,19968.45,19977.65,19953.05,19966.8
2023-09-20T09:45:00+05:30,20005.25,20017.3,19962.8,19969.35
2023-09-20T09:15:00+05:30,19980.75,20050.65,19979.35,20004.5
2023-09-18T15:15:00+05:30,20126.95,20134.2,20117.8,20123.65
2023-09-18T14:45:00+05:30,20159.2,20162.35,20127.25,20127.25
2023-09-18T14:15:00+05:30,20155.35,20162.55,20144,20158.35
2023-09-18T13:45:00+05:30,20163.05,20165.15,20143.85,20154.85
2023-09-18T13:15:00+05:30,20171.15,20177.25,20155.2,20162.3
2023-09-18T12:45:00+05:30,20174.1,20174.95,20160.4,20169.35
2023-09-18T12:15:00+05:30,20174.5,20180,20162,20173.95
2023-09-18T11:45:00+05:30,20188.6,20195.35,20172.35,20174.65
2023-09-18T11:15:00+05:30,20175.2,20193,20174.3,20187.65
2023-09-18T10:45:00+05:30,20177.45,20182.35,20161.9,20174.85
2023-09-18T10:15:00+05:30,20178.45,20187,20170.95,20177.9
2023-09-18T09:45:00+05:30,20173.7,20188.2,20160.65,20177.35
2023-09-18T09:15:00+05:30,20155.95,20176.15,20123.35,20173.75
2023-09-15T15:15:00+05:30,20186.35,20186.95,20165.4,20169
2023-09-15T14:45:00+05:30,20196.55,20222.45,20185.05,20186.25
2023-09-15T14:15:00+05:30,20181.75,20201.15,20175.25,20195.75
2023-09-15T13:45:00+05:30,20162.6,20186.9,20157.75,20181.5
2023-09-15T13:15:00+05:30,20168.85,20180.7,20151.55,20162.7
2023-09-15T12:45:00+05:30,20145.4,20169.9,20145.4,20169.75
2023-09-15T12:15:00+05:30,20188.35,20190.65,20134.6,20146.6
2023-09-15T11:45:00+05:30,20173.9,20196.45,20170.35,20188.7
2023-09-15T11:15:00+05:30,20182.95,20192.95,20172.15,20174.05
2023-09-15T10:45:00+05:30,20150.75,20186.25,20144.75,20182.4
2023-09-15T10:15:00+05:30,20161.2,20161.95,20142.3,20151.5
2023-09-15T09:45:00+05:30,20156,20167.6,20130,20160.85
2023-09-15T09:15:00+05:30,20156.45,20173.15,20136.9,20156.45
2023-09-14T15:15:00+05:30,20101.55,20113.2,20099.75,20101.85
2023-09-14T14:45:00+05:30,20077.75,20114.7,20072.7,20101.1
2023-09-14T14:15:00+05:30,20067.5,20089.95,20061.95,20077.3
2023-09-14T13:45:00+05:30,20082.45,20087.45,20044.7,20067.5
2023-09-14T13:15:00+05:30,20091.8,20108.25,20074.9,20082.25
2023-09-14T12:45:00+05:30,20077.15,20095.3,20069.7,20091.1
2023-09-14T12:15:00+05:30,20098.45,20102.45,20050.6,20075.45
2023-09-14T11:45:00+05:30,20078.2,20100,20069.25,20096.05
2023-09-14T11:15:00+05:30,20097,20105.9,20070.3,20079.3
2023-09-14T10:45:00+05:30,20082.6,20114.4,20066.2,20097.5
2023-09-14T10:15:00+05:30,20113.1,20123.8,20064.3,20082.05
2023-09-14T09:45:00+05:30,20157.35,20167,20096.7,20111.95
2023-09-14T09:15:00+05:30,20127.95,20167.65,20110.2,20156.25
2023-09-13T15:15:00+05:30,20068.2,20071.05,20053.4,20063.35
2023-09-13T14:45:00+05:30,20086.3,20095.7,20066.75,20067.65
2023-09-13T14:15:00+05:30,20081.2,20096.9,20075.8,20086.55
2023-09-13T13:45:00+05:30,20065.25,20084.4,20059.9,20080
2023-09-13T13:15:00+05:30,20084.95,20090.95,20056.7,20065.75
2023-09-13T12:45:00+05:30,20058.1,20093.3,20052.3,20084.4
2023-09-13T12:15:00+05:30,20042.7,20063.25,20037.1,20058.85
2023-09-13T11:45:00+05:30,20022,20048.3,20016.7,20043.15
2023-09-13T11:15:00+05:30,20006.7,20035.5,19994.45,20021.85
2023-09-13T10:45:00+05:30,19971.65,20009.95,19967.9,20006.9
2023-09-13T10:15:00+05:30,19978.05,19997.9,19955,19970.55
2023-09-13T09:45:00+05:30,19972.15,20002.5,19969.5,19978.1
2023-09-13T09:15:00+05:30,19989.5,20021.95,19945.5,19972.45
2023-09-12T15:15:00+05:30,19984.9,19998.55,19980.5,19985.65
2023-09-12T14:45:00+05:30,20008,20014.6,19977.55,19985.1
2023-09-12T14:15:00+05:30,20011.7,20019.2,19998.15,20007.55
2023-09-12T13:45:00+05:30,19999.55,20013.95,19978.85,20011.2
2023-09-12T13:15:00+05:30,19985.6,20012.5,19982.45,19999.65
2023-09-12T12:45:00+05:30,19955.05,19988.8,19948.3,19985.65
2023-09-12T12:15:00+05:30,20011.4,20013.5,19951.35,19956.95
2023-09-12T11:45:00+05:30,20037.5,20039.7,20001.6,20010
2023-09-12T11:15:00+05:30,20000.95,20036.95,19991.6,20036.95
2023-09-12T10:45:00+05:30,19965.8,20008.65,19959.15,20001.5
2023-09-12T10:15:00+05:30,19969.4,19973.7,19932.7,19965.6
2023-09-12T09:45:00+05:30,20036.15,20036.15,19914.8,19969.75
2023-09-12T09:15:00+05:30,20110.15,20110.35,20011.5,20036.9
2023-09-11T15:15:00+05:30,19997.7,20008.15,19996.5,20000
2023-09-11T14:45:00+05:30,19965.5,20002,19963.3,19997.9
2023-09-11T14:15:00+05:30,19946,19968.25,19943.65,19965.45
2023-09-11T13:45:00+05:30,19933.95,19952.9,19930.9,19944.55
2023-09-11T13:15:00+05:30,19948.1,19956,19933.35,19934.5
2023-09-11T12:45:00+05:30,19952.25,19954.25,19940,19949.1
2023-09-11T12:15:00+05:30,19939.55,19961.6,19936.15,19951.4
2023-09-11T11:45:00+05:30,19941.4,19946.55,19930.8,19939.3
2023-09-11T11:15:00+05:30,19929.45,19948.65,19929.45,19940.5
2023-09-11T10:45:00+05:30,19941.6,19945.6,19916.9,19929.45
2023-09-11T10:15:00+05:30,19929.45,19942.35,19920.85,19941.9
2023-09-11T09:45:00+05:30,19897.35,19939.2,19884.7,19929
2023-09-11T09:15:00+05:30,19890,19914.95,19873.7,19897.25
2023-09-08T15:15:00+05:30,19817.65,19832.45,19816.05,19820.5
2023-09-08T14:45:00+05:30,19816.45,19835.1,19802.35,19817.25
2023-09-08T14:15:00+05:30,19841.3,19867.15,19815.3,19816.85
2023-09-08T13:45:00+05:30,19829.65,19842.4,19818.3,19840.85
2023-09-08T13:15:00+05:30,19810.7,19835.3,19794.85,19829.7
2023-09-08T12:45:00+05:30,19826.45,19838.7,19807.55,19810.4
2023-09-08T12:15:00+05:30,19820.6,19830,19802.5,19827.2
2023-09-08T11:45:00+05:30,19808,19823.45,19799.95,19820.05
2023-09-08T11:15:00+05:30,19746.75,19822.8,19741.7,19808.95
2023-09-08T10:45:00+05:30,19742.35,19766.05,19741.8,19746.8
2023-09-08T10:15:00+05:30,19777,19781.45,19728.7,19742.15
2023-09-08T09:45:00+05:30,19777.2,19785,19766.2,19777.8
2023-09-08T09:15:00+05:30,19774.8,19792.95,19741.5,19776.35
2023-09-07T15:15:00+05:30,19713,19730.95,19712.3,19723.25
2023-09-07T14:45:00+05:30,19728.55,19737,19711.65,19712.9
2023-09-07T14:15:00+05:30,19672.35,19736.85,19671.65,19727.25
2023-09-07T13:45:00+05:30,19652.25,19674.9,19641.3,19672.6
2023-09-07T13:15:00+05:30,19618.75,19652,19617.95,19652
2023-09-07T12:45:00+05:30,19615.3,19631.6,19606.9,19618.35
2023-09-07T12:15:00+05:30,19613.45,19620.25,19601.45,19615.2
2023-09-07T11:45:00+05:30,19598.45,19619.85,19595,19613.85
2023-09-07T11:15:00+05:30,19638.2,19642,19591.45,19599.25
2023-09-07T10:45:00+05:30,19610,19638.95,19607.55,19638
2023-09-07T10:15:00+05:30,19593.6,19610.8,19583.2,19610.05
2023-09-07T09:45:00+05:30,19564.5,19597.6,19562.6,19592.4
2023-09-07T09:15:00+05:30,19598.65,19621.1,19550.05,19563.85
2023-09-06T15:15:00+05:30,19615,19636.45,19605.55,19618.9
2023-09-06T14:45:00+05:30,19548.4,19625.9,19531.45,19614.1
2023-09-06T14:15:00+05:30,19505.85,19548,19504.85,19547.35
2023-09-06T13:45:00+05:30,19511.15,19518.15,19499.95,19506
2023-09-06T13:15:00+05:30,19510.55,19518.8,19491.5,19511.35
2023-09-06T12:45:00+05:30,19511.5,19517.95,19500.1,19509.75
2023-09-06T12:15:00+05:30,19552.65,19556.15,19509.05,19511.6
2023-09-06T11:45:00+05:30,19544.8,19553.8,19534.2,19552.05
2023-09-06T11:15:00+05:30,19571.2,19573.35,19543.55,19544.7
2023-09-06T10:45:00+05:30,19580.95,19589.15,19560.2,19570.9
2023-09-06T10:15:00+05:30,19572.7,19588.75,19567,19580.55
2023-09-06T09:45:00+05:30,19592.2,19597.25,19557.15,19573.25
2023-09-06T09:15:00+05:30,19581.2,19604.85,19562.15,19592.6
2023-09-05T15:15:00+05:30,19576.75,19584.1,19569.95,19577.65
2023-09-05T14:45:00+05:30,19559.55,19578.95,19557.9,19577
2023-09-05T14:15:00+05:30,19551.05,19568,19545.45,19558.95
2023-09-05T13:45:00+05:30,19543.4,19560.4,19541.3,19550.7
2023-09-05T13:15:00+05:30,19556.55,19557.35,19525.75,19543.65
2023-09-05T12:45:00+05:30,19537.1,19557.25,19532.05,19555.65
2023-09-05T12:15:00+05:30,19567.7,19576.2,19535.55,19536.1
2023-09-05T11:45:00+05:30,19576.25,19587.05,19560.5,19568.6
2023-09-05T11:15:00+05:30,19578.6,19586,19571.8,19575.2
2023-09-05T10:45:00+05:30,19574.35,19582.4,19560.7,19577.9
2023-09-05T10:15:00+05:30,19580.1,19584.5,19550.5,19574.4
2023-09-05T09:45:00+05:30,19568.8,19583.3,19566.8,19580.75
2023-09-05T09:15:00+05:30,19564.65,19569.6,19533.1,19568.4
2023-09-04T15:15:00+05:30,19530.05,19545.15,19521.55,19535.4
2023-09-04T14:45:00+05:30,19531.4,19535.7,19514.15,19530.45
2023-09-04T14:15:00+05:30,19508.9,19532.05,19495.95,19531.05
2023-09-04T13:45:00+05:30,19512.55,19517,19494.7,19508.05
2023-09-04T13:15:00+05:30,19513.45,19520.1,19505.35,19511.9
2023-09-04T12:45:00+05:30,19505.15,19519.3,19494.4,19512.85
2023-09-04T12:15:00+05:30,19490.45,19514.7,19489.4,19505.05
2023-09-04T11:45:00+05:30,19469.35,19493.35,19467.75,19490.25
2023-09-04T11:15:00+05:30,19472.6,19478.35,19457.8,19470.75
2023-09-04T10:45:00+05:30,19442.75,19473.05,19434.85,19473.05
2023-09-04T10:15:00+05:30,19458.4,19466.2,19432.85,19443.95
2023-09-04T09:45:00+05:30,19468.2,19495.75,19453.6,19459.25
2023-09-04T09:15:00+05:30,19525.05,19526.8,19466.9,19468.75
2023-09-01T15:15:00+05:30,19435.15,19441.35,19421.9,19423.35
2023-09-01T14:45:00+05:30,19440.05,19450.3,19425.2,19435.15
2023-09-01T14:15:00+05:30,19436.05,19458.55,19425.9,19439.85
2023-09-01T13:45:00+05:30,19401.2,19440.7,19399.15,19435.95
2023-09-01T13:15:00+05:30,19392.1,19406.9,19384.4,19401
2023-09-01T12:45:00+05:30,19367.25,19400.95,19366.3,19391.15
2023-09-01T12:15:00+05:30,19333.2,19373.55,19323.5,19366.7
2023-09-01T11:45:00+05:30,19329.65,19342.45,19326.4,19333.8
2023-09-01T11:15:00+05:30,19328.6,19345.15,19326.4,19329.8
2023-09-01T10:45:00+05:30,19310.15,19350.75,19306.15,19328.55
2023-09-01T10:15:00+05:30,19303.85,19339.75,19302.25,19310.75
2023-09-01T09:45:00+05:30,19316.85,19334.1,19288.65,19304.5
2023-09-01T09:15:00+05:30,19258.15,19318.75,19258.15,19317.6
2023-08-31T15:15:00+05:30,19281,19288.6,19224.6,19279.55
2023-08-31T14:45:00+05:30,19263.5,19285.85,19233.4,19280.55
2023-08-31T14:15:00+05:30,19283.25,19286.25,19260.15,19263.85
2023-08-31T13:45:00+05:30,19318.5,19319.85,19281.1,19284.1
2023-08-31T13:15:00+05:30,19278.8,19320.05,19272.8,19318.9
2023-08-31T12:45:00+05:30,19309.65,19317.95,19278.6,19279.4
2023-08-31T12:15:00+05:30,19305.15,19313.1,19292.95,19308.95
2023-08-31T11:45:00+05:30,19329.65,19333.8,19301,19305.25
2023-08-31T11:15:00+05:30,19314.1,19339.1,19311.75,19330
2023-08-31T10:45:00+05:30,19322.25,19329,19305.4,19313.55
2023-08-31T10:15:00+05:30,19347.45,19360.45,19316.25,19323.05
2023-08-31T09:45:00+05:30,19368.3,19388.2,19335.3,19347.3
2023-08-31T09:15:00+05:30,19375.55,19382.9,19318.4,19367.75
2023-08-30T15:15:00+05:30,19345.65,19352.5,19335.3,19340.05
2023-08-30T14:45:00+05:30,19391.15,19396.85,19335.7,19344.5
2023-08-30T14:15:00+05:30,19412.05,19413.65,19387.55,19391.05
2023-08-30T13:45:00+05:30,19432.6,19438,19410.7,19412.85
2023-08-30T13:15:00+05:30,19443.5,19445.85,19431.7,19432.65
2023-08-30T12:45:00+05:30,19437.1,19443.95,19427.7,19443.95
2023-08-30T12:15:00+05:30,19446.8,19448.6,19434.55,19437.8
2023-08-30T11:45:00+05:30,19443.65,19448.55,19441,19448.05
2023-08-30T11:15:00+05:30,19447.45,19452.8,19440.7,19443.15
2023-08-30T10:45:00+05:30,19443.15,19450.4,19435.7,19447.7
2023-08-30T10:15:00+05:30,19440.25,19443.8,19430.6,19443.2
2023-08-30T09:45:00+05:30,19422.6,19443.7,19419.15,19440.55
2023-08-30T09:15:00+05:30,19433.45,19440.15,19412.65,19422.6
2023-08-29T15:15:00+05:30,19342.15,19357.3,19336.65,19352.95
2023-08-29T14:45:00+05:30,19323.8,19344.1,19309.95,19341.4
2023-08-29T14:15:00+05:30,19330.7,19333.15,19309.95,19323.5
2023-08-29T13:45:00+05:30,19357.85,19359.1,19329.25,19330.25
2023-08-29T13:15:00+05:30,19352.45,19361.85,19341.85,19358.05
2023-08-29T12:45:00+05:30,19342.55,19361,19337.35,19352.75
2023-08-29T12:15:00+05:30,19344.9,19358,19332.45,19342.15
2023-08-29T11:45:00+05:30,19339.95,19348.7,19323.2,19344.65
2023-08-29T11:15:00+05:30,19326.3,19340.3,19322.4,19340.3
2023-08-29T10:45:00+05:30,19335.5,19344.2,19324.75,19326.4
2023-08-29T10:15:00+05:30,19340.3,19340.75,19314.25,19335.95
2023-08-29T09:45:00+05:30,19348.4,19355.4,19328.6,19340.25
2023-08-29T09:15:00+05:30,19374.85,19377.9,19321.05,19349.45
2023-08-28T15:15:00+05:30,19300.75,19309.5,19291.5,19302.65
2023-08-28T14:45:00+05:30,19319.8,19338.1,19295.55,19300.85
2023-08-28T14:15:00+05:30,19335.45,19340.35,19310.45,19319.7
2023-08-28T13:45:00+05:30,19350.15,19366.85,19324.55,19335.85
2023-08-28T13:15:00+05:30,19333.4,19356.7,19330.7,19350.15
2023-08-28T12:45:00+05:30,19336.8,19346.35,19331.75,19333.5
2023-08-28T12:15:00+05:30,19315.5,19345.95,19311.1,19337.15
2023-08-28T11:45:00+05:30,19321.85,19322.35,19303.4,19315.7
2023-08-28T11:15:00+05:30,19316.45,19329.05,19314,19321.1
2023-08-28T10:45:00+05:30,19310.15,19319.85,19306.5,19316.55
2023-08-28T10:15:00+05:30,19291.25,19324,19290.7,19310.55
2023-08-28T09:45:00+05:30,19298.6,19314.65,19272.9,19291.6
2023-08-28T09:15:00+05:30,19298.35,19328,19250.25,19298
2023-08-25T15:15:00+05:30,19263.65,19267.35,19235,19244.3
2023-08-25T14:45:00+05:30,19263.3,19300.15,19258.3,19263.15
2023-08-25T14:15:00+05:30,19275.05,19285.65,19256.75,19263.1
2023-08-25T13:45:00+05:30,19304.65,19309,19272.65,19273.65
2023-08-25T13:15:00+05:30,19295.3,19311.9,19290.05,19304.5
2023-08-25T12:45:00+05:30,19295.45,19304.4,19278.75,19294.3
2023-08-25T12:15:00+05:30,19284.5,19311,19278.8,19295.5
2023-08-25T11:45:00+05:30,19316.5,19329.05,19285.8,19287.3
2023-08-25T11:15:00+05:30,19264.65,19318.05,19251.3,19316.6
2023-08-25T10:45:00+05:30,19256.6,19278.6,19243.35,19265.45
2023-08-25T10:15:00+05:30,19305,19305.6,19230.65,19256.4
2023-08-25T09:45:00+05:30,19317.5,19339.55,19285.75,19304.5
2023-08-25T09:15:00+05:30,19297.4,19332.15,19262.8,19316.75
2023-08-24T15:15:00+05:30,19397.05,19397.45,19369.35,19380.4
2023-08-24T14:45:00+05:30,19418.65,19419.45,19384.4,19397.05
2023-08-24T14:15:00+05:30,19439.25,19441,19405.7,19419
2023-08-24T13:45:00+05:30,19420.15,19441.85,19413.25,19440.75
2023-08-24T13:15:00+05:30,19430.2,19436.5,19406.8,19419.55
2023-08-24T12:45:00+05:30,19465.4,19470.35,19426.65,19430.2
2023-08-24T12:15:00+05:30,19456.7,19469.95,19438.75,19466.2
2023-08-24T11:45:00+05:30,19486.6,19489.3,19440.85,19457.9
2023-08-24T11:15:00+05:30,19487.3,19487.45,19464.5,19487.05
2023-08-24T10:45:00+05:30,19524.65,19530.2,19479.9,19487.05
2023-08-24T10:15:00+05:30,19562.95,19566.75,19518.75,19524.85
2023-08-24T09:45:00+05:30,19568.25,19584.45,19548.85,19562.1
2023-08-24T09:15:00+05:30,19535.15,19568.15,19510.15,19567.45
2023-08-23T15:15:00+05:30,19443.4,19448.9,19436.25,19441.55
2023-08-23T14:45:00+05:30,19460.3,19467.05,19437,19442.75
2023-08-23T14:15:00+05:30,19461.5,19464.15,19448.65,19458.65
2023-08-23T13:45:00+05:30,19452.8,19472.05,19445.3,19461.1
2023-08-23T13:15:00+05:30,19439.65,19456.45,19433.15,19453.25
2023-08-23T12:45:00+05:30,19448.2,19461.4,19438.6,19439.45
2023-08-23T12:15:00+05:30,19422.65,19458.15,19417.65,19448.55
2023-08-23T11:45:00+05:30,19428.8,19430,19416.35,19421.95
2023-08-23T11:15:00+05:30,19409.3,19430.55,19406.35,19429
2023-08-23T10:45:00+05:30,19385.1,19412.65,19381.4,19408.5
2023-08-23T10:15:00+05:30,19388.2,19391.95,19370.35,19384.9
2023-08-23T09:45:00+05:30,19407.45,19410.35,19366.85,19388.3
2023-08-23T09:15:00+05:30,19439.2,19450.2,19387.2,19407.25
2023-08-22T15:15:00+05:30,19390.65,19406.4,19384.95,19390.05
2023-08-22T14:45:00+05:30,19401.75,19412.55,19382.25,19391.45
2023-08-22T14:15:00+05:30,19413.2,19417.4,19394.5,19401.9
2023-08-22T13:45:00+05:30,19419.65,19420.1,19399.8,19413.95
2023-08-22T13:15:00+05:30,19424.45,19430.65,19416.5,19419.45
2023-08-22T12:45:00+05:30,19422.5,19434.95,19413.7,19424.15
2023-08-22T12:15:00+05:30,19432.95,19434.6,19417.45,19423.9
2023-08-22T11:45:00+05:30,19425.1,19440.45,19419.75,19431.8
2023-08-22T11:15:00+05:30,19415.75,19427.6,19410.15,19425.35
2023-08-22T10:45:00+05:30,19418.65,19420.7,19406.1,19414.95
2023-08-22T10:15:00+05:30,19401.2,19425.9,19401.2,19419.25
2023-08-22T09:45:00+05:30,19440.75,19443.5,19382.2,19400.6
2023-08-22T09:15:00+05:30,19417.1,19441.1,19390.05,19439.9
2023-08-21T15:15:00+05:30,19397.1,19397.75,19376.45,19380.6
2023-08-21T14:45:00+05:30,19401.15,19425.95,19390.7,19397.8
2023-08-21T14:15:00+05:30,19388.85,19404.85,19386.75,19401.5
2023-08-21T13:45:00+05:30,19399.8,19415.1,19384.85,19389.4
2023-08-21T13:15:00+05:30,19403.65,19412.5,19387.25,19397.35
2023-08-21T12:45:00+05:30,19396.65,19407.45,19384,19403.25
2023-08-21T12:15:00+05:30,19373.55,19402.1,19369.65,19396.45
2023-08-21T11:45:00+05:30,19373.75,19388.4,19371.35,19373.3
2023-08-21T11:15:00+05:30,19374.4,19379.9,19357.5,19373.35
2023-08-21T10:45:00+05:30,19345.75,19379.85,19340,19374.4
2023-08-21T10:15:00+05:30,19302.75,19354.4,19301.2,19345.3
2023-08-21T09:45:00+05:30,19352.25,19359.3,19296.55,19303.85
2023-08-21T09:15:00+05:30,19320.65,19368,19305.75,19352.35
2023-08-18T15:15:00+05:30,19316.75,19316.75,19277,19281.5
2023-08-18T14:45:00+05:30,19348.35,19357.8,19306.5,19316.35
2023-08-18T14:15:00+05:30,19353.35,19373.8,19340.3,19348.5
2023-08-18T13:45:00+05:30,19263.95,19357.2,19262.65,19353.8
2023-08-18T13:15:00+05:30,19269,19285,19260.45,19263.6
2023-08-18T12:45:00+05:30,19296.75,19300.85,19266.65,19268.55
2023-08-18T12:15:00+05:30,19305.15,19307.25,19282.4,19296.8
2023-08-18T11:45:00+05:30,19302,19315.75,19296,19304.55
2023-08-18T11:15:00+05:30,19276.95,19303.7,19271.85,19302.1
2023-08-18T10:45:00+05:30,19261.5,19279.7,19253.6,19276.65
2023-08-18T10:15:00+05:30,19265.75,19286.95,19260.85,19261.45
2023-08-18T09:45:00+05:30,19283.65,19292.6,19258.55,19266.35
2023-08-18T09:15:00+05:30,19301.75,19329.75,19279.45,19283.95
2023-08-17T15:15:00+05:30,19361.95,19366.05,19342.6,19346.2
2023-08-17T14:45:00+05:30,19378.1,19387.35,19360.5,19362.2
2023-08-17T14:15:00+05:30,19363.5,19384.25,19346.15,19378.7
2023-08-17T13:45:00+05:30,19360,19372.8,19349.2,19364.1
2023-08-17T13:15:00+05:30,19329.2,19360.65,19327.35,19360.4
2023-08-17T12:45:00+05:30,19341.15,19352.55,19326.65,19329.95
2023-08-17T12:15:00+05:30,19355.85,19364.7,19341.2,19341.4
2023-08-17T11:45:00+05:30,19375.1,19377.4,19344.25,19356.1
2023-08-17T11:15:00+05:30,19401.05,19401.05,19357.25,19373.35
2023-08-17T10:45:00+05:30,19400.05,19415.25,19392.7,19400.45
2023-08-17T10:15:00+05:30,19398.95,19414.15,19385.45,19401.5
2023-08-17T09:45:00+05:30,19403.75,19409.9,19377.55,19399.3
2023-08-17T09:15:00+05:30,19450.55,19461.55,19388.85,19405.35
2023-08-16T15:15:00+05:30,19462.55,19473.35,19442.35,19447
2023-08-16T14:45:00+05:30,19437,19482.75,19417.15,19461.75
2023-08-16T14:15:00+05:30,19423.05,19443.75,19422.75,19437.95
2023-08-16T13:45:00+05:30,19419.15,19431.25,19413.75,19422.9
2023-08-16T13:15:00+05:30,19425.15,19438.4,19414.2,19419.95
2023-08-16T12:45:00+05:30,19407.65,19426.9,19397.85,19425.6
2023-08-16T12:15:00+05:30,19388.15,19409.2,19379.7,19407.95
2023-08-16T11:45:00+05:30,19362.4,19394.35,19361,19387.2
2023-08-16T11:15:00+05:30,19378.6,19394.4,19359.9,19362.45
2023-08-16T10:45:00+05:30,19400.95,19407.85,19376,19378.9
2023-08-16T10:15:00+05:30,19378.15,19401.35,19376.9,19400.35
2023-08-16T09:45:00+05:30,19367.8,19380.5,19360.95,19377.95
2023-08-16T09:15:00+05:30,19369,19389.6,19319.25,19367.9
2023-08-14T15:15:00+05:30,19431.15,19437.1,19408.4,19413.65
2023-08-14T14:45:00+05:30,19433.15,19465.3,19428.9,19430.95
2023-08-14T14:15:00+05:30,19429.85,19436.8,19407.05,19433
2023-08-14T13:45:00+05:30,19386.35,19434.15,19385.8,19430.35
2023-08-14T13:15:00+05:30,19361.75,19393.7,19351.6,19386.65
2023-08-14T12:45:00+05:30,19365.15,19370.6,19345.95,19362.15
2023-08-14T12:15:00+05:30,19379.8,19385.35,19359.95,19364.75
2023-08-14T11:45:00+05:30,19353.85,19379.8,19341.15,19379
2023-08-14T11:15:00+05:30,19317.05,19357,19316,19354.15
2023-08-14T10:45:00+05:30,19312.25,19323.55,19302.8,19316.45
2023-08-14T10:15:00+05:30,19320.5,19322.2,19301,19310.7
2023-08-14T09:45:00+05:30,19306.35,19324.1,19296.1,19319.8
2023-08-14T09:15:00+05:30,19383.95,19389.8,19258.2,19304.8
2023-08-11T15:15:00+05:30,19415.9,19439.1,19413.8,19424.25
2023-08-11T14:45:00+05:30,19455.75,19470.65,19415.15,19415.85
2023-08-11T14:15:00+05:30,19470.8,19486,19450.25,19455.7
2023-08-11T13:45:00+05:30,19467.7,19486.5,19463.45,19470.7
2023-08-11T13:15:00+05:30,19482.6,19492.65,19457.35,19467.5
2023-08-11T12:45:00+05:30,19454.15,19488.3,19436.25,19482.2
2023-08-11T12:15:00+05:30,19449.35,19457.45,19443.45,19454.15
2023-08-11T11:45:00+05:30,19443.2,19457.4,19435.25,19449.95
2023-08-11T11:15:00+05:30,19463.35,19472.5,19437.9,19442.6
2023-08-11T10:45:00+05:30,19470.5,19477.8,19442,19463.95
2023-08-11T10:15:00+05:30,19459.45,19479.05,19454.15,19470.45
2023-08-11T09:45:00+05:30,19476.6,19478.7,19453.35,19459.6
2023-08-11T09:15:00+05:30,19554.25,19555.15,19465.6,19476.35
2023-08-10T15:15:00+05:30,19546.35,19554.75,19535.3,19549.2
2023-08-10T14:45:00+05:30,19542.35,19551.65,19517.95,19545.95
2023-08-10T14:15:00+05:30,19543.55,19558.2,19532.35,19542.85
2023-08-10T13:45:00+05:30,19545.2,19550.25,19503.1,19543.75
2023-08-10T13:15:00+05:30,19586.05,19599,19536,19546
2023-08-10T12:45:00+05:30,19566.15,19588.2,19556.7,19585
2023-08-10T12:15:00+05:30,19550.55,19567.45,19542.9,19565.65
2023-08-10T11:45:00+05:30,19545.35,19581.75,19537.95,19550.95
2023-08-10T11:15:00+05:30,19533.8,19547.1,19529.35,19544.75
2023-08-10T10:45:00+05:30,19506.3,19560.6,19503.5,19534.6
2023-08-10T10:15:00+05:30,19617.35,19621.95,19496.3,19505.9
2023-08-10T09:45:00+05:30,19590.5,19621.95,19570.95,19617.8
2023-08-10T09:15:00+05:30,19605.55,19615.5,19568.35,19590.45
2023-08-09T15:15:00+05:30,19638.6,19645.5,19623.55,19630.95
2023-08-09T14:45:00+05:30,19573.6,19641.35,19564.55,19639
2023-08-09T14:15:00+05:30,19527.1,19574.7,19518,19574.2
2023-08-09T13:45:00+05:30,19510.25,19529.55,19508.15,19527.95
2023-08-09T13:15:00+05:30,19504.75,19511.15,19489,19511.05
2023-08-09T12:45:00+05:30,19489.3,19510.9,19488.7,19505.65
2023-08-09T12:15:00+05:30,19487.85,19503.75,19478.65,19489.7
2023-08-09T11:45:00+05:30,19488.65,19494.5,19478.4,19489.05
2023-08-09T11:15:00+05:30,19479.05,19492.1,19474.55,19489.5
2023-08-09T10:45:00+05:30,19492.15,19497.1,19468.25,19480.2
2023-08-09T10:15:00+05:30,19508.8,19509.8,19469.35,19492.55
2023-08-09T09:45:00+05:30,19506.8,19517.25,19496.65,19508.8
2023-08-09T09:15:00+05:30,19578.8,19581.8,19501.85,19505.25
2023-08-08T15:15:00+05:30,19566.5,19576.7,19564.8,19570.8
2023-08-08T14:45:00+05:30,19567.05,19580.45,19548.55,19567.6
2023-08-08T14:15:00+05:30,19576.7,19597.25,19567.45,19567.9
2023-08-08T13:45:00+05:30,19571,19583.3,19566.35,19576.6
2023-08-08T13:15:00+05:30,19579.85,19588,19568.4,19571
2023-08-08T12:45:00+05:30,19564.35,19580.1,19557.3,19579.55
2023-08-08T12:15:00+05:30,19575,19577.25,19558.45,19565.05
2023-08-08T11:45:00+05:30,19555.1,19576.1,19551.2,19575.5
2023-08-08T11:15:00+05:30,19559.05,19560,19533.45,19554.65
2023-08-08T10:45:00+05:30,19599.1,19599.95,19559.85,19560.85
2023-08-08T10:15:00+05:30,19590.4,19610.85,19589.45,19598.8
2023-08-08T09:45:00+05:30,19592.9,19604.35,19576.6,19590.5
2023-08-08T09:15:00+05:30,19627.2,19634.4,19578.9,19592.85
2023-08-07T15:15:00+05:30,19598,19605,19592.95,19597.95
2023-08-07T14:45:00+05:30,19595.9,19607.65,19582.7,19598.25
2023-08-07T14:15:00+05:30,19585.9,19605.15,19572.75,19596.55
2023-08-07T13:45:00+05:30,19614.15,19615.5,19576.9,19585.7
2023-08-07T13:15:00+05:30,19584.85,19620.45,19578.55,19615.05
2023-08-07T12:45:00+05:30,19573.2,19594.7,19571.55,19584.55
2023-08-07T12:15:00+05:30,19535.9,19576.85,19532.6,19572.95
2023-08-07T11:45:00+05:30,19546.1,19552.85,19533.2,19535.25
2023-08-07T11:15:00+05:30,19537.3,19554.6,19529.1,19547.8
2023-08-07T10:45:00+05:30,19575.5,19576.15,19532.35,19538.2
2023-08-07T10:15:00+05:30,19566,19585.95,19561.2,19574.25
2023-08-07T09:45:00+05:30,19557.85,19568.25,19540.05,19565.35
2023-08-07T09:15:00+05:30,19576.85,19583.1,19525.55,19557.35
2023-08-04T15:15:00+05:30,19531.65,19537.65,19507.15,19510.05
2023-08-04T14:45:00+05:30,19506.35,19532.25,19486.7,19530.9
2023-08-04T14:15:00+05:30,19482.45,19514.6,19464.45,19506.65
2023-08-04T13:45:00+05:30,19494.8,19496.6,19450.7,19482.45
2023-08-04T13:15:00+05:30,19515.45,19524.5,19467.8,19494.95
2023-08-04T12:45:00+05:30,19521.2,19530.25,19505.7,19514.35
2023-08-04T12:15:00+05:30,19526.85,19538.85,19493.25,19521
2023-08-04T11:45:00+05:30,19510.85,19531.95,19499.45,19525.65
2023-08-04T11:15:00+05:30,19472.5,19523.3,19470.1,19510.9
2023-08-04T10:45:00+05:30,19467,19489.3,19446.25,19471.65
2023-08-04T10:15:00+05:30,19479.05,19490.95,19439.7,19466.95
2023-08-04T09:45:00+05:30,19443.3,19481.8,19436.45,19478.4
2023-08-04T09:15:00+05:30,19462.8,19498.35,19442.05,19443.25
2023-08-03T15:15:00+05:30,19389.55,19406.5,19386.45,19394.45
2023-08-03T14:45:00+05:30,19316.95,19390.1,19303.25,19390.1
2023-08-03T14:15:00+05:30,19311.4,19351.45,19304.5,19317.4
2023-08-03T13:45:00+05:30,19334.7,19348.4,19297.85,19310.9
2023-08-03T13:15:00+05:30,19359.65,19366.65,19331.45,19333.5
2023-08-03T12:45:00+05:30,19398.9,19398.9,19345.65,19359.45
2023-08-03T12:15:00+05:30,19458.95,19458.95,19397.15,19398.45
2023-08-03T11:45:00+05:30,19500.25,19505.25,19458.45,19458.55
2023-08-03T11:15:00+05:30,19498.8,19506.8,19484.7,19500.3
2023-08-03T10:45:00+05:30,19477.35,19515.8,19469.4,19499.4
2023-08-03T10:15:00+05:30,19481.45,19496.6,19462.5,19475.75
2023-08-03T09:45:00+05:30,19496.4,19537.65,19474,19479.8
2023-08-03T09:15:00+05:30,19463.75,19536.8,19439.25,19494.65
2023-08-02T15:15:00+05:30,19542.5,19545.65,19514.45,19514.8
2023-08-02T14:45:00+05:30,19461,19543.25,19455.95,19542.6
2023-08-02T14:15:00+05:30,19429.95,19468.7,19425.8,19462.4
2023-08-02T13:45:00+05:30,19443.3,19468.45,19425.7,19429.85
2023-08-02T13:15:00+05:30,19511.65,19512.5,19442.1,19443.5
2023-08-02T12:45:00+05:30,19552.95,19556.5,19511.2,19512.05
2023-08-02T12:15:00+05:30,19540.2,19556.3,19533.05,19552.85
2023-08-02T11:45:00+05:30,19538.35,19546,19523.45,19540
2023-08-02T11:15:00+05:30,19555.45,19558,19517.9,19538.2
2023-08-02T10:45:00+05:30,19577.25,19580.95,19524.6,19555.05
2023-08-02T10:15:00+05:30,19609.55,19614.15,19570,19577.05
2023-08-02T09:45:00+05:30,19620.9,19638.7,19609.1,19610.7
2023-08-02T09:15:00+05:30,19655.4,19678.25,19620.7,19620.8
2023-08-01T15:15:00+05:30,19735.5,19742.7,19727.4,19736.1
2023-08-01T14:45:00+05:30,19757.15,19758.05,19721.05,19736.15
2023-08-01T14:15:00+05:30,19737.15,19762.8,19734.55,19756.6
2023-08-01T13:45:00+05:30,19748.45,19764.6,19730.65,19737.55
2023-08-01T13:15:00+05:30,19738.9,19765.7,19735.7,19747.85
2023-08-01T12:45:00+05:30,19712.5,19738,19704.6,19738
2023-08-01T12:15:00+05:30,19728.2,19733.85,19706.75,19712.05
2023-08-01T11:45:00+05:30,19749.2,19753.4,19722.15,19728.55
2023-08-01T11:15:00+05:30,19730.9,19748.9,19727.2,19748
2023-08-01T10:45:00+05:30,19734.65,19746.95,19714.45,19730.4
2023-08-01T10:15:00+05:30,19780.25,19782.1,19726.7,19734.85
2023-08-01T09:45:00+05:30,19765.2,19789.35,19763.35,19779.55
2023-08-01T09:15:00+05:30,19784,19795.6,19750.6,19765.65
2023-07-31T15:15:00+05:30,19759.75,19772.75,19737.5,19742.5
2023-07-31T14:45:00+05:30,19724.4,19767.5,19703.25,19760
2023-07-31T14:15:00+05:30,19703.8,19728.35,19703.8,19724
2023-07-31T13:45:00+05:30,19712.5,19727.1,19697.5,19703.6
2023-07-31T13:15:00+05:30,19700.3,19719.85,19696.85,19712.8
2023-07-31T12:45:00+05:30,19684.3,19703.55,19674.25,19700.55
2023-07-31T12:15:00+05:30,19708.1,19711.45,19676.95,19683.65
2023-07-31T11:45:00+05:30,19710.4,19713.7,19688.05,19707.6
2023-07-31T11:15:00+05:30,19692.95,19719.8,19686.15,19709.7
2023-07-31T10:45:00+05:30,19685.05,19699.6,19678.8,19693.5
2023-07-31T10:15:00+05:30,19673.15,19692.2,19660,19684.9
2023-07-31T09:45:00+05:30,19644.05,19674.45,19639.95,19672.95
2023-07-31T09:15:00+05:30,19666.35,19680.75,19597.6,19644.3
2023-07-28T15:15:00+05:30,19650.95,19656.25,19634,19638
2023-07-28T14:45:00+05:30,19589.8,19663.55,19588.8,19651.9
2023-07-28T14:15:00+05:30,19597.7,19628.25,19581.6,19589.85
2023-07-28T13:45:00+05:30,19565.6,19598.95,19563.1,19597.25
2023-07-28T13:15:00+05:30,19607.9,19607.9,19563.2,19565.6
2023-07-28T12:45:00+05:30,19604.9,19611.2,19582.2,19607.75
2023-07-28T12:15:00+05:30,19579.6,19609.05,19564.7,19604.85
2023-07-28T11:45:00+05:30,19584.5,19603.65,19573.1,19579.95
2023-07-28T11:15:00+05:30,19607.7,19616.3,19581.3,19584.55
2023-07-28T10:45:00+05:30,19630.3,19642.25,19607.8,19608.55
2023-07-28T10:15:00+05:30,19618.65,19639.65,19595.35,19630.35
2023-07-28T09:45:00+05:30,19637,19666.1,19607.9,19618.5
2023-07-28T09:15:00+05:30,19659.75,19695.9,19598.7,19636.2
2023-07-27T15:15:00+05:30,19664.65,19708.65,19657.2,19700.2
2023-07-27T14:45:00+05:30,19630.5,19665.95,19603.55,19664.7
2023-07-27T14:15:00+05:30,19695.8,19705.95,19615.5,19629.7
2023-07-27T13:45:00+05:30,19700.55,19710.85,19680.95,19695.95
2023-07-27T13:15:00+05:30,19731.8,19746,19686.3,19700.95
2023-07-27T12:45:00+05:30,19729.75,19739.9,19698.5,19732
2023-07-27T12:15:00+05:30,19739.8,19745.75,19715.95,19729.3
2023-07-27T11:45:00+05:30,19735.75,19755.95,19718.5,19740.05
2023-07-27T11:15:00+05:30,19781.05,19781.05,19724.15,19735.3
2023-07-27T10:45:00+05:30,19801.75,19814.15,19778.05,19780.6
2023-07-27T10:15:00+05:30,19807.3,19819.85,19792.5,19801.65
2023-07-27T09:45:00+05:30,19856.15,19857.2,19798.35,19806.65
2023-07-27T09:15:00+05:30,19850.9,19867.55,19821.65,19855.65
2023-07-26T15:15:00+05:30,19784.35,19785.75,19769.7,19773.1
2023-07-26T14:45:00+05:30,19791.25,19793.7,19747.4,19784.7
2023-07-26T14:15:00+05:30,19791.85,19824.9,19780.7,19791.95
2023-07-26T13:45:00+05:30,19800.3,19805.2,19788.2,19792.7
2023-07-26T13:15:00+05:30,19790.25,19811.35,19790.25,19800.5
2023-07-26T12:45:00+05:30,19796.85,19809.05,19778.15,19790.95
2023-07-26T12:15:00+05:30,19812.5,19819.05,19794.2,19796.45
2023-07-26T11:45:00+05:30,19796.95,19817.8,19788.25,19812.4
2023-07-26T11:15:00+05:30,19804.85,19807.15,19791.9,19795.9
2023-07-26T10:45:00+05:30,19808.75,19813.6,19796.4,19804.4
2023-07-26T10:15:00+05:30,19815.85,19825.6,19799.85,19808.9
2023-07-26T09:45:00+05:30,19762.55,19819.6,19755.25,19815.7
2023-07-26T09:15:00+05:30,19733.35,19765.95,19716.7,19762.9
2023-07-25T15:15:00+05:30,19674.05,19683.05,19669,19678.85
2023-07-25T14:45:00+05:30,19692.4,19706.05,19666.4,19674.65
2023-07-25T14:15:00+05:30,19660.95,19701.85,19660.65,19693.05
2023-07-25T13:45:00+05:30,19653.3,19667.4,19638.75,19659.55
2023-07-25T13:15:00+05:30,19667.1,19669.85,19615.95,19653.55
2023-07-25T12:45:00+05:30,19685.9,19696.9,19666.75,19667.25
2023-07-25T12:15:00+05:30,19676.25,19707.45,19674.75,19686.7
2023-07-25T11:45:00+05:30,19658.85,19678.6,19648.3,19676.7
2023-07-25T11:15:00+05:30,19673.4,19675.1,19657.3,19659.4
2023-07-25T10:45:00+05:30,19678.35,19685.65,19652.1,19672.65
2023-07-25T10:15:00+05:30,19678.75,19684.75,19657.8,19678.25
2023-07-25T09:45:00+05:30,19688.4,19691.1,19663.2,19678.45
2023-07-25T09:15:00+05:30,19729.35,19729.35,19673.95,19688.2
2023-07-24T15:15:00+05:30,19671.35,19677.05,19658.3,19665.4
2023-07-24T14:45:00+05:30,19736,19741.45,19664.3,19671.8
2023-07-24T14:15:00+05:30,19750.55,19750.55,19699.25,19736.55
2023-07-24T13:45:00+05:30,19753.85,19776,19731.25,19749.65
2023-07-24T13:15:00+05:30,19761.3,19765.45,19740.6,19752.75
2023-07-24T12:45:00+05:30,19731.65,19768.9,19731.15,19760.7
2023-07-24T12:15:00+05:30,19708.4,19733.2,19707.05,19733.2
2023-07-24T11:45:00+05:30,19714.5,19714.75,19670.5,19709.15
2023-07-24T11:15:00+05:30,19764.15,19768.3,19709.05,19715.05
2023-07-24T10:45:00+05:30,19775.7,19780.45,19758.65,19764.2
2023-07-24T10:15:00+05:30,19748.55,19782.75,19747.8,19775.7
2023-07-24T09:45:00+05:30,19716.15,19751.15,19710.55,19748.55
2023-07-24T09:15:00+05:30,19748.45,19762.9,19704.2,19716.55
2023-07-21T15:15:00+05:30,19743.3,19780.9,19740.05,19780.9
2023-07-21T14:45:00+05:30,19739.15,19750,19700,19743.25
2023-07-21T14:15:00+05:30,19779.75,19786.3,19739.05,19739.05
2023-07-21T13:45:00+05:30,19804,19820.4,19766.15,19779.4
2023-07-21T13:15:00+05:30,19791.15,19821.95,19787.2,19804
2023-07-21T12:45:00+05:30,19752.35,19791.95,19750.4,19791.35
2023-07-21T12:15:00+05:30,19768.1,19770.9,19732.8,19751.3
2023-07-21T11:45:00+05:30,19798.85,19800.15,19758.35,19767.9
2023-07-21T11:15:00+05:30,19779.9,19799.8,19763.1,19798.6
2023-07-21T10:45:00+05:30,19809.2,19819.1,19778.75,19780
2023-07-21T10:15:00+05:30,19844.6,19844.6,19794.15,19808.55
2023-07-21T09:45:00+05:30,19823.25,19875.7,19816.2,19843.7
2023-07-21T09:15:00+05:30,19800.45,19887.4,19776,19823.8
2023-07-20T15:15:00+05:30,19987.2,19987.45,19965.4,19969.95
2023-07-20T14:45:00+05:30,19949.45,19991.85,19935.45,19987.05
2023-07-20T14:15:00+05:30,19943.15,19983.05,19941.15,19949.9
2023-07-20T13:45:00+05:30,19905.3,19947.55,19903.4,19942.25
2023-07-20T13:15:00+05:30,19899.5,19926.6,19887.7,19904.55
2023-07-20T12:45:00+05:30,19881.5,19902.6,19880.5,19899.3
2023-07-20T12:15:00+05:30,19860.5,19887.45,19851.9,19881.3
2023-07-20T11:45:00+05:30,19840.8,19870.25,19833.75,19860.15
2023-07-20T11:15:00+05:30,19831.1,19845.25,19814.9,19841.2
2023-07-20T10:45:00+05:30,19829.35,19840.75,19819.45,19830.8
2023-07-20T10:15:00+05:30,19786.95,19847.7,19782.7,19829.85
2023-07-20T09:45:00+05:30,19782.35,19818,19758.4,19787.35
2023-07-20T09:15:00+05:30,19831.7,19844,19778.15,19781.8
2023-07-19T15:15:00+05:30,19833.4,19851.7,19832.2,19847.15
2023-07-19T14:45:00+05:30,19771.85,19838.2,19765.5,19833.2
2023-07-19T14:15:00+05:30,19780.8,19786,19758.75,19773.3
2023-07-19T13:45:00+05:30,19785,19801.5,19775.85,19781.1
2023-07-19T13:15:00+05:30,19788.5,19798.55,19763.9,19785.3
2023-07-19T12:45:00+05:30,19778.15,19790.9,19770.65,19788.95
2023-07-19T12:15:00+05:30,19736.8,19780.9,19735.9,19777.8
2023-07-19T11:45:00+05:30,19749.75,19755.25,19727.45,19736.6
2023-07-19T11:15:00+05:30,19745.7,19761.15,19731.55,19749.75
2023-07-19T10:45:00+05:30,19780.6,19788.5,19745.25,19746.15
2023-07-19T10:15:00+05:30,19825.85,19827.9,19776.4,19780
2023-07-19T09:45:00+05:30,19805.4,19841.65,19804.45,19826.15
2023-07-19T09:15:00+05:30,19802.95,19829.55,19785.8,19805.3
2023-07-18T15:15:00+05:30,19742.55,19759.95,19741.6,19751.55
2023-07-18T14:45:00+05:30,19743.65,19762.25,19714.05,19743.55
2023-07-18T14:15:00+05:30,19760.2,19763.7,19720.55,19743.8
2023-07-18T13:45:00+05:30,19739.65,19778.6,19737.45,19760.3
2023-07-18T13:15:00+05:30,19718.15,19742.25,19706.7,19738.65
2023-07-18T12:45:00+05:30,19749.55,19761.3,19707.7,19717.9
2023-07-18T12:15:00+05:30,19704,19756,19691.75,19748.9
2023-07-18T11:45:00+05:30,19707.55,19732.95,19690.2,19702.9
2023-07-18T11:15:00+05:30,19807.4,19807.95,19700.2,19707.6
2023-07-18T10:45:00+05:30,19769.8,19819.45,19764.4,19806.95
2023-07-18T10:15:00+05:30,19762.5,19785.35,19758.8,19769.7
2023-07-18T09:45:00+05:30,19749.5,19777.95,19748.55,19763.6
2023-07-18T09:15:00+05:30,19787.5,19811.25,19738.85,19749.4
2023-07-17T15:15:00+05:30,19730.25,19731.85,19712.9,19719.1
2023-07-17T14:45:00+05:30,19672.2,19730.45,19654.95,19730.15
2023-07-17T14:15:00+05:30,19649.3,19675.8,19648.6,19671.7
2023-07-17T13:45:00+05:30,19660.6,19673.75,19647.75,19648.3
2023-07-17T13:15:00+05:30,19647.45,19666.85,19637.55,19661.1
2023-07-17T12:45:00+05:30,19625.75,19656.75,19623.1,19646.9
2023-07-17T12:15:00+05:30,19629.25,19652.6,19618.85,19624.85
2023-07-17T11:45:00+05:30,19617.65,19634.5,19605.35,19628.9
2023-07-17T11:15:00+05:30,19619.8,19626.6,19598.85,19617.4
2023-07-17T10:45:00+05:30,19615.75,19632.15,19611.05,19620.15
2023-07-17T10:15:00+05:30,19632.75,19641.9,19601.15,19615.05
2023-07-17T09:45:00+05:30,19587.45,19632.4,19587.1,19632.4
2023-07-17T09:15:00+05:30,19612.15,19612.15,19562.95,19586.75
2023-07-14T15:15:00+05:30,19567.4,19595.35,19563.8,19587.35
2023-07-14T14:45:00+05:30,19503.05,19568.35,19482.95,19566.45
2023-07-14T14:15:00+05:30,19512.3,19520.4,19487.5,19502.2
2023-07-14T13:45:00+05:30,19499.15,19520.55,19477.35,19512.2
2023-07-14T13:15:00+05:30,19501.55,19508.15,19467.3,19499
2023-07-14T12:45:00+05:30,19492.45,19503.1,19473.75,19501.4
2023-07-14T12:15:00+05:30,19485.4,19493.7,19468.9,19492.1
2023-07-14T11:45:00+05:30,19463.6,19486.25,19452.6,19485.3
2023-07-14T11:15:00+05:30,19472.55,19494.45,19462.25,19463.95
2023-07-14T10:45:00+05:30,19465.9,19475.4,19438.85,19472.5
2023-07-14T10:15:00+05:30,19452.1,19473.3,19433.5,19465.15
2023-07-14T09:45:00+05:30,19463.05,19474.7,19441.2,19451.9
2023-07-14T09:15:00+05:30,19493.45,19520.4,19451.15,19464.3
2023-07-13T15:15:00+05:30,19418.45,19445.3,19415.4,19443.2
2023-07-13T14:45:00+05:30,19414.75,19431.45,19385.8,19418.45
2023-07-13T14:15:00+05:30,19450.3,19481,19412,19415.95
2023-07-13T13:45:00+05:30,19515.05,19525.75,19444.75,19450.3
2023-07-13T13:15:00+05:30,19546.75,19549.15,19515.7,19516.15
2023-07-13T12:45:00+05:30,19535.15,19550.1,19531.15,19545.95
2023-07-13T12:15:00+05:30,19549.55,19555.9,19527.05,19536.3
2023-07-13T11:45:00+05:30,19554.45,19567,19542.9,19548.85
2023-07-13T11:15:00+05:30,19554.65,19565.5,19545.55,19553.95
2023-07-13T10:45:00+05:30,19549.05,19558.3,19536.9,19553.65
2023-07-13T10:15:00+05:30,19559.85,19566.65,19537.1,19549.6
2023-07-13T09:45:00+05:30,19523.15,19566.15,19522.4,19560.4
2023-07-13T09:15:00+05:30,19495.2,19524.4,19449.35,19524
2023-07-12T15:15:00+05:30,19371.45,19386.5,19361.75,19384.75
2023-07-12T14:45:00+05:30,19445.75,19457.05,19366.4,19371.7
2023-07-12T14:15:00+05:30,19442.6,19462,19434,19446.35
2023-07-12T13:45:00+05:30,19448.6,19462.15,19442.9,19443.05
2023-07-12T13:15:00+05:30,19452.1,19455.8,19432.3,19448.6
2023-07-12T12:45:00+05:30,19431.4,19454.85,19416.7,19453.1
2023-07-12T12:15:00+05:30,19419.3,19431.5,19402.65,19430.9
2023-07-12T11:45:00+05:30,19416.95,19424.7,19401.2,19419.75
2023-07-12T11:15:00+05:30,19454.4,19458.9,19417.6,19418.6
2023-07-12T10:45:00+05:30,19465.8,19479.2,19454.45,19454.9
2023-07-12T10:15:00+05:30,19464.65,19468.2,19423.2,19465.95
2023-07-12T09:45:00+05:30,19469.25,19483.95,19448.85,19464.95
2023-07-12T09:15:00+05:30,19497.45,19507.7,19434.4,19468.6
2023-07-11T15:15:00+05:30,19428.3,19453.05,19427.1,19448.15
2023-07-11T14:45:00+05:30,19437.1,19459.85,19419.3,19428.15
2023-07-11T14:15:00+05:30,19458.15,19458.7,19433.4,19437
2023-07-11T13:45:00+05:30,19468.95,19477.45,19454.3,19458
2023-07-11T13:15:00+05:30,19486.4,19492.55,19466.7,19469
2023-07-11T12:45:00+05:30,19484.1,19498.55,19476.25,19486.65
2023-07-11T12:15:00+05:30,19492,19492.5,19474.1,19484.75
2023-07-11T11:45:00+05:30,19496.05,19515.1,19489.3,19493.35
2023-07-11T11:15:00+05:30,19500.65,19504.25,19486.75,19499.55
2023-07-11T10:45:00+05:30,19493.25,19501.8,19484.7,19500.55
2023-07-11T10:15:00+05:30,19472.7,19496.35,19463,19493.95
2023-07-11T09:45:00+05:30,19469.35,19488.15,19469.2,19473.15
2023-07-11T09:15:00+05:30,19427.1,19470.05,19406.45,19469.6
2023-07-10T15:15:00+05:30,19356.3,19372.15,19353.75,19367.85
2023-07-10T14:45:00+05:30,19357.95,19369.7,19327.1,19355.8
2023-07-10T14:15:00+05:30,19398.55,19398.55,19356.8,19358.1
2023-07-10T13:45:00+05:30,19398,19405.4,19378.05,19397
2023-07-10T13:15:00+05:30,19394.1,19402.85,19378.2,19396.95
2023-07-10T12:45:00+05:30,19377.9,19394.1,19370.7,19393.45
2023-07-10T12:15:00+05:30,19351.25,19384.9,19349.15,19377
2023-07-10T11:45:00+05:30,19358.35,19366.75,19332.15,19350.4
2023-07-10T11:15:00+05:30,19389.8,19389.8,19340.3,19358.15
2023-07-10T10:45:00+05:30,19429.6,19433.1,19387.1,19389.8
2023-07-10T10:15:00+05:30,19413.25,19435.85,19406.6,19431.25
2023-07-10T09:45:00+05:30,19396.2,19416.35,19383.5,19413.15
2023-07-10T09:15:00+05:30,19400.35,19407.9,19346.8,19395.2
2023-07-07T15:15:00+05:30,19325.65,19327.55,19303.6,19324.65
2023-07-07T14:45:00+05:30,19415.15,19418.9,19323.3,19325.65
2023-07-07T14:15:00+05:30,19372.4,19417.2,19369.2,19415.5
2023-07-07T13:45:00+05:30,19357.75,19376.2,19345.3,19372.1
2023-07-07T13:15:00+05:30,19355.9,19384.1,19353.6,19358.05
2023-07-07T12:45:00+05:30,19359.25,19375.35,19354.3,19355.9
2023-07-07T12:15:00+05:30,19380.65,19385.85,19350.25,19359.6
2023-07-07T11:45:00+05:30,19388.85,19401.2,19362.45,19380.5
2023-07-07T11:15:00+05:30,19426.75,19440.75,19380.4,19389.6
2023-07-07T10:45:00+05:30,19445.55,19445.55,19406,19426.75
2023-07-07T10:15:00+05:30,19496.1,19496.3,19445.45,19445.7
2023-07-07T09:45:00+05:30,19491.1,19523.6,19484.7,19496.55
2023-07-07T09:15:00+05:30,19422.8,19501.4,19421.6,19491.3
2023-07-06T15:15:00+05:30,19505.8,19506.15,19483.25,19486.25
2023-07-06T14:45:00+05:30,19487.05,19512.2,19483.35,19505.45
2023-07-06T14:15:00+05:30,19458.9,19490.75,19447.8,19486.95
2023-07-06T13:45:00+05:30,19449.7,19464.05,19440.1,19458
2023-07-06T13:15:00+05:30,19450.95,19461.15,19441.25,19449
2023-07-06T12:45:00+05:30,19439.35,19465.9,19437.65,19450.2
2023-07-06T12:15:00+05:30,19450.1,19458.55,19437.5,19438.2
2023-07-06T11:45:00+05:30,19463.4,19472.5,19447.35,19450.2
2023-07-06T11:15:00+05:30,19457.2,19472.05,19449.25,19463.1
2023-07-06T10:45:00+05:30,19443.45,19466.75,19440.5,19457.7
2023-07-06T10:15:00+05:30,19449.7,19464.55,19433.1,19441.15
2023-07-06T09:45:00+05:30,19404.4,19453,19404.4,19449.85
2023-07-06T09:15:00+05:30,19385.7,19424.15,19373,19404.3
2023-07-05T15:15:00+05:30,19409.95,19420.05,19404.4,19415.3
2023-07-05T14:45:00+05:30,19345.5,19410.65,19342.95,19410.65
2023-07-05T14:15:00+05:30,19381,19385.2,19339.6,19345.9
2023-07-05T13:45:00+05:30,19378.6,19390.35,19367.05,19380.85
2023-07-05T13:15:00+05:30,19388.85,19390,19349.65,19379.45
2023-07-05T12:45:00+05:30,19382.95,19390.45,19373.1,19388.55
2023-07-05T12:15:00+05:30,19392.6,19396.15,19378.65,19383.7
2023-07-05T11:45:00+05:30,19393.9,19404,19384.65,19392.65
2023-07-05T11:15:00+05:30,19373.15,19403.5,19367.85,19393.7
2023-07-05T10:45:00+05:30,19376.35,19390.55,19366.05,19374
2023-07-05T10:15:00+05:30,19389.15,19393,19360.65,19376.8
2023-07-05T09:45:00+05:30,19378.2,19398.15,19367.35,19389.05
2023-07-05T09:15:00+05:30,19405.95,19421.6,19344.7,19378.65
2023-07-04T15:15:00+05:30,19389.65,19395.9,19378.85,19385.55
2023-07-04T14:45:00+05:30,19390.8,19400.5,19370,19389.95
2023-07-04T14:15:00+05:30,19372,19398.8,19358.7,19391.1
2023-07-04T13:45:00+05:30,19420,19429.75,19372.3,19373.35
2023-07-04T13:15:00+05:30,19393,19434.15,19389.4,19420.7
2023-07-04T12:45:00+05:30,19398.05,19402.15,19383.8,19392.45
2023-07-04T12:15:00+05:30,19376.2,19398.55,19375.55,19398.55
2023-07-04T11:45:00+05:30,19349.5,19378.5,19343.3,19377
2023-07-04T11:15:00+05:30,19341.6,19350.55,19333.3,19348.8
2023-07-04T10:45:00+05:30,19343.3,19349.6,19326.7,19340.75
2023-07-04T10:15:00+05:30,19326.8,19344.45,19314.95,19344.05
2023-07-04T09:45:00+05:30,19346.45,19362.6,19300,19325.35
2023-07-04T09:15:00+05:30,19406.6,19413.5,19346.5,19348.15
2023-07-03T15:15:00+05:30,19316.55,19345.1,19314.75,19330.65
2023-07-03T14:45:00+05:30,19312.95,19319.15,19288.6,19316.2
2023-07-03T14:15:00+05:30,19304.2,19329.85,19304.2,19312.45
2023-07-03T13:45:00+05:30,19320.4,19327.1,19302.75,19304.6
2023-07-03T13:15:00+05:30,19320.3,19327.1,19300.75,19320
2023-07-03T12:45:00+05:30,19320.2,19329.2,19307.45,19319.3
2023-07-03T12:15:00+05:30,19304.35,19322.15,19299.6,19319.2
2023-07-03T11:45:00+05:30,19289.7,19307.05,19284.8,19303.3
2023-07-03T11:15:00+05:30,19267.5,19290.1,19253.55,19289.75
2023-07-03T10:45:00+05:30,19309.55,19314.3,19265.65,19267.1
2023-07-03T10:15:00+05:30,19323.4,19336.1,19303,19310.45
2023-07-03T09:45:00+05:30,19305.55,19331.15,19298.15,19324
2023-07-03T09:15:00+05:30,19246.5,19318,19234.4,19305.95
2023-06-30T15:15:00+05:30,19194.45,19201.7,19181.2,19183.2
2023-06-30T14:45:00+05:30,19167.95,19194.75,19159.5,19194.25
2023-06-30T14:15:00+05:30,19145.2,19170.2,19141.2,19167.2
2023-06-30T13:45:00+05:30,19149.8,19158.65,19137.7,19144.75
2023-06-30T13:15:00+05:30,19145.7,19160.1,19141.1,19149.2
2023-06-30T12:45:00+05:30,19130.8,19151.25,19123.25,19145.4
2023-06-30T12:15:00+05:30,19118.15,19138.35,19111.05,19130.9
2023-06-30T11:45:00+05:30,19118.55,19121.8,19100.2,19118.3
2023-06-30T11:15:00+05:30,19094.75,19118.6,19092.35,19117.1
2023-06-30T10:45:00+05:30,19089.45,19102.6,19086.7,19095.8
2023-06-30T10:15:00+05:30,19090.75,19098.15,19075.6,19089.8
2023-06-30T09:45:00+05:30,19104,19104,19075.4,19090.2
2023-06-30T09:15:00+05:30,19076.85,19108.2,19024.6,19102.95
2023-06-28T15:15:00+05:30,18973.5,18995.75,18965.55,18991.9
2023-06-28T14:45:00+05:30,18978.5,18989.35,18944.75,18972.95
2023-06-28T14:15:00+05:30,18979.75,19007.95,18970.9,18977.8
2023-06-28T13:45:00+05:30,19009.6,19010.4,18977.95,18979.55
2023-06-28T13:15:00+05:30,18994.2,19010.1,18986.25,19008.15
2023-06-28T12:45:00+05:30,18960.9,18994.9,18958.05,18994.9
2023-06-28T12:15:00+05:30,18957,18976.3,18953.35,18961
2023-06-28T11:45:00+05:30,18956.05,18981.15,18956.05,18956.6
2023-06-28T11:15:00+05:30,18939.3,18961.2,18933.85,18956.85
2023-06-28T10:45:00+05:30,18920.45,18940.2,18915.3,18939.5
2023-06-28T10:15:00+05:30,18888.3,18922.2,18883.5,18920.35
2023-06-28T09:45:00+05:30,18869.35,18897.1,18868.65,18888.3
2023-06-28T09:15:00+05:30,18908.15,18908.15,18861.45,18870.15
2023-06-27T15:15:00+05:30,18824.95,18825.45,18811.1,18818.6
2023-06-27T14:45:00+05:30,18772.3,18829.15,18770.35,18824.8
2023-06-27T14:15:00+05:30,18774.95,18800.55,18771.75,18772.25
2023-06-27T13:45:00+05:30,18749.1,18775.55,18744.2,18775.4
2023-06-27T13:15:00+05:30,18743.1,18752.55,18740.45,18749.6
2023-06-27T12:45:00+05:30,18748.3,18751.35,18729.3,18742.95
2023-06-27T12:15:00+05:30,18750.35,18752.3,18742.6,18746.95
2023-06-27T11:45:00+05:30,18735.7,18752.05,18732.7,18750.6
2023-06-27T11:15:00+05:30,18722.3,18741.3,18721.1,18736.05
2023-06-27T10:45:00+05:30,18722.95,18727,18714.5,18722.3
2023-06-27T10:15:00+05:30,18730.85,18736.5,18716.35,18723.45
2023-06-27T09:45:00+05:30,18735.4,18737.65,18724.25,18730.7
2023-06-27T09:15:00+05:30,18748.55,18762.95,18731.45,18735.35
2023-06-26T15:15:00+05:30,18696.65,18702.35,18675.25,18694.7
2023-06-26T14:45:00+05:30,18663.85,18706.15,18663.85,18696.35
2023-06-26T14:15:00+05:30,18667.15,18677,18649.2,18664
2023-06-26T13:45:00+05:30,18662.2,18672,18649.15,18666.15
2023-06-26T13:15:00+05:30,18662.35,18678.75,18660.7,18661.15
2023-06-26T12:45:00+05:30,18673.8,18674.6,18647.65,18662.6
2023-06-26T12:15:00+05:30,18685.3,18692.45,18671.95,18673.6
2023-06-26T11:45:00+05:30,18680.7,18689.35,18674.6,18685.5
2023-06-26T11:15:00+05:30,18667.55,18691.45,18661.9,18680.4
2023-06-26T10:45:00+05:30,18659.5,18680.6,18653.05,18667
2023-06-26T10:15:00+05:30,18672.1,18682.05,18656.6,18659.45
2023-06-26T09:45:00+05:30,18710.9,18716.25,18658.1,18672.45
2023-06-26T09:15:00+05:30,18682.35,18721.75,18657.9,18710.6
2023-06-23T15:15:00+05:30,18668.1,18671.1,18652.35,18668.55
2023-06-23T14:45:00+05:30,18691.3,18705.45,18666.85,18666.85
2023-06-23T14:15:00+05:30,18688.95,18706.15,18669.1,18691.25
2023-06-23T13:45:00+05:30,18709.45,18725,18683.95,18689.6
2023-06-23T13:15:00+05:30,18718.7,18723.6,18700.4,18709.15
2023-06-23T12:45:00+05:30,18745.35,18747.95,18703.9,18718
2023-06-23T12:15:00+05:30,18717.35,18746.45,18713.15,18744.6
2023-06-23T11:45:00+05:30,18708.9,18728.65,18707.35,18717
2023-06-23T11:15:00+05:30,18708.8,18717.5,18690.1,18708.4
2023-06-23T10:45:00+05:30,18709.05,18711.95,18681.65,18708.4
2023-06-23T10:15:00+05:30,18691.2,18729.2,18685.95,18709.25
2023-06-23T09:45:00+05:30,18656.7,18707.05,18656.7,18690.5
2023-06-23T09:15:00+05:30,18741.85,18751.2,18647.45,18655.45
2023-06-22T15:15:00+05:30,18766.3,18779.65,18760.6,18779.35
2023-06-22T14:45:00+05:30,18802.65,18816.95,18763.2,18766.4
2023-06-22T14:15:00+05:30,18836.7,18836.7,18770.05,18801.95
2023-06-22T13:45:00+05:30,18857.6,18862.55,18831.1,18835.95
2023-06-22T13:15:00+05:30,18803.25,18860.35,18798.8,18856.15
2023-06-22T12:45:00+05:30,18813.8,18817.75,18779.4,18803.3
2023-06-22T12:15:00+05:30,18812,18833.1,18801.85,18813.5
2023-06-22T11:45:00+05:30,18834.9,18840.95,18806.55,18811.85
2023-06-22T11:15:00+05:30,18852.05,18856.5,18827.8,18835.25
2023-06-22T10:45:00+05:30,18868.55,18870.4,18845.55,18852.3
2023-06-22T10:15:00+05:30,18863.85,18886.05,18857.75,18868.6
2023-06-22T09:45:00+05:30,18863.3,18868,18845.4,18862.75
2023-06-22T09:15:00+05:30,18853.6,18881.45,18833.35,18862.5
2023-06-21T15:15:00+05:30,18861.7,18865.9,18849.7,18862.1
2023-06-21T14:45:00+05:30,18842.25,18866.1,18839.8,18861.15
2023-06-21T14:15:00+05:30,18865.8,18865.8,18826.95,18841.75
2023-06-21T13:45:00+05:30,18849.6,18868.3,18844.15,18865.25
2023-06-21T13:15:00+05:30,18853.55,18858,18847.4,18849.2
2023-06-21T12:45:00+05:30,18842.8,18856.8,18838.15,18853.4
2023-06-21T12:15:00+05:30,18830.1,18842.6,18820,18842.15
2023-06-21T11:45:00+05:30,18824.35,18835.95,18819.5,18830.15
2023-06-21T11:15:00+05:30,18801.55,18832.15,18794.9,18823.75
2023-06-21T10:45:00+05:30,18828.05,18836.4,18800.2,18800.9
2023-06-21T10:15:00+05:30,18870.75,18870.75,18828.65,18829.25
2023-06-21T09:45:00+05:30,18853.75,18875.65,18851.05,18869.5
2023-06-21T09:15:00+05:30,18849.4,18864.25,18809.15,18852.9
2023-06-20T15:15:00+05:30,18819.5,18838.35,18819.5,18833.7
2023-06-20T14:45:00+05:30,18757.7,18825.25,18755.15,18820.4
2023-06-20T14:15:00+05:30,18752,18776.7,18743.9,18757.6
2023-06-20T13:45:00+05:30,18748.5,18758,18733.25,18752.5
2023-06-20T13:15:00+05:30,18743.05,18763.4,18735.85,18748.6
2023-06-20T12:45:00+05:30,18726.65,18753.8,18720.05,18743.45
2023-06-20T12:15:00+05:30,18716.65,18729.5,18712.5,18727
2023-06-20T11:45:00+05:30,18720.55,18731.25,18707.8,18717.25
2023-06-20T11:15:00+05:30,18699.1,18729.9,18696,18721.45
2023-06-20T10:45:00+05:30,18671.9,18701.75,18670.55,18699.55
2023-06-20T10:15:00+05:30,18695.05,18695.4,18661.15,18672.1
2023-06-20T09:45:00+05:30,18689.4,18712.35,18688.7,18695.55
2023-06-20T09:15:00+05:30,18752.35,18758.65,18669.7,18688.2
2023-06-19T15:15:00+05:30,18761.85,18763.65,18746.85,18754.2
2023-06-19T14:45:00+05:30,18770.4,18786,18746.9,18760.5
2023-06-19T14:15:00+05:30,18733.35,18773.85,18728.95,18768.35
2023-06-19T13:45:00+05:30,18734.65,18747.85,18725.1,18734.1
2023-06-19T13:15:00+05:30,18759,18762.5,18719.3,18733
2023-06-19T12:45:00+05:30,18781.6,18796.5,18756.1,18759.25
2023-06-19T12:15:00+05:30,18780.1,18796.45,18779.65,18781.15
2023-06-19T11:45:00+05:30,18779.55,18785.85,18762.25,18780.45
2023-06-19T11:15:00+05:30,18779.35,18786.6,18769.5,18779.1
2023-06-19T10:45:00+05:30,18800.4,18800.4,18767.7,18779.25
2023-06-19T10:15:00+05:30,18827.05,18828.35,18789.9,18799.6
2023-06-19T09:45:00+05:30,18840.65,18844.65,18816.05,18827.05
2023-06-19T09:15:00+05:30,18873.3,18879,18834.2,18840.85
2023-06-16T15:15:00+05:30,18823.05,18827.5,18807.4,18823.6
2023-06-16T14:45:00+05:30,18824.45,18863.95,18819.65,18823
2023-06-16T14:15:00+05:30,18790.05,18825.6,18790.05,18823.9
2023-06-16T13:45:00+05:30,18767.9,18789.9,18756,18789.85
2023-06-16T13:15:00+05:30,18764.35,18770.2,18757.55,18767.9
2023-06-16T12:45:00+05:30,18751.25,18766.5,18747.9,18764.4
2023-06-16T12:15:00+05:30,18765.15,18768.35,18747.35,18750.45
2023-06-16T11:45:00+05:30,18766.5,18777.9,18763.75,18765.2
2023-06-16T11:15:00+05:30,18762.9,18770.8,18747.75,18767.2
2023-06-16T10:45:00+05:30,18776.5,18777.15,18759.1,18762.3
2023-06-16T10:15:00+05:30,18765.05,18785.3,18765.05,18777.5
2023-06-16T09:45:00+05:30,18768.35,18775.2,18746.15,18765.05
2023-06-16T09:15:00+05:30,18723.3,18770.85,18712.7,18768.6
2023-06-15T15:15:00+05:30,18684.1,18690.25,18678.85,18682.15
2023-06-15T14:45:00+05:30,18689.4,18702.45,18669.2,18682.65
2023-06-15T14:15:00+05:30,18705.15,18714.1,18682.65,18689.8
2023-06-15T13:45:00+05:30,18739.9,18748.7,18703.85,18705.8
2023-06-15T13:15:00+05:30,18723.5,18757.35,18717.15,18740.4
2023-06-15T12:45:00+05:30,18723.65,18740.5,18715.4,18723.3
2023-06-15T12:15:00+05:30,18726.55,18746.35,18720.2,18724.15
2023-06-15T11:45:00+05:30,18721.6,18734,18710.65,18727.1
2023-06-15T11:15:00+05:30,18762.4,18762.6,18714.55,18721.75
2023-06-15T10:45:00+05:30,18781.65,18787.75,18759.9,18762.3
2023-06-15T10:15:00+05:30,18775.65,18793.9,18772.85,18781.8
2023-06-15T09:45:00+05:30,18742.5,18783.2,18741.05,18776.4
2023-06-15T09:15:00+05:30,18774.45,18774.45,18722.25,18742
2023-06-14T15:15:00+05:30,18758.55,18760.7,18745.1,18749.65
2023-06-14T14:45:00+05:30,18757.75,18769.5,18750.05,18758.25
2023-06-14T14:15:00+05:30,18766.75,18767.6,18748.25,18757.75
2023-06-14T13:45:00+05:30,18763.35,18767.9,18755,18766.05
2023-06-14T13:15:00+05:30,18757.4,18767.8,18751.2,18762.1
2023-06-14T12:45:00+05:30,18745,18758.6,18740.65,18757.6
2023-06-14T12:15:00+05:30,18744.15,18749.6,18737.45,18745.3
2023-06-14T11:45:00+05:30,18727.8,18745.6,18726.05,18743.95
2023-06-14T11:15:00+05:30,18727.1,18733.95,18723.65,18727
2023-06-14T10:45:00+05:30,18717.4,18741.35,18717.4,18726.4
2023-06-14T10:15:00+05:30,18707.75,18720.8,18702.5,18717.35
2023-06-14T09:45:00+05:30,18700.1,18717.4,18696.5,18707.55
2023-06-14T09:15:00+05:30,18744.6,18745.7,18690.6,18701.6
2023-06-13T15:15:00+05:30,18718.7,18727.75,18714,18718.65
2023-06-13T14:45:00+05:30,18692.05,18722.45,18690.1,18719.35
2023-06-13T14:15:00+05:30,18694.2,18700.1,18686.4,18691.6
2023-06-13T13:45:00+05:30,18709.85,18715.05,18683.4,18694.9
2023-06-13T13:15:00+05:30,18711.8,18714.4,18701.2,18709.8
2023-06-13T12:45:00+05:30,18709.85,18714.75,18702.15,18712.6
2023-06-13T12:15:00+05:30,18709.85,18714.4,18702.85,18709.6
2023-06-13T11:45:00+05:30,18710,18713.55,18699.85,18709.45
2023-06-13T11:15:00+05:30,18707.05,18718.4,18706.15,18709.85
2023-06-13T10:45:00+05:30,18701.6,18711.4,18690.05,18707.5
2023-06-13T10:15:00+05:30,18698.2,18703.9,18692.25,18701.45
2023-06-13T09:45:00+05:30,18696.75,18703.4,18687.25,18698.55
2023-06-13T09:15:00+05:30,18631.8,18698.05,18631.8,18697.35
2023-06-12T15:15:00+05:30,18596.7,18615.55,18593.8,18614.9
2023-06-12T14:45:00+05:30,18606.55,18623.75,18593.85,18596.7
2023-06-12T14:15:00+05:30,18620.5,18625.1,18591.4,18606.15
2023-06-12T13:45:00+05:30,18605.15,18620.65,18600.8,18620.65
2023-06-12T13:15:00+05:30,18600.85,18613.4,18600.85,18605.55
2023-06-12T12:45:00+05:30,18592.05,18603.55,18586.75,18600.75
2023-06-12T12:15:00+05:30,18605.9,18607.5,18578.85,18591.75
2023-06-12T11:45:00+05:30,18609.3,18620.75,18603.95,18605.9
2023-06-12T11:15:00+05:30,18610.55,18613.8,18599,18609.6
2023-06-12T10:45:00+05:30,18593.7,18611.1,18590.1,18610.3
2023-06-12T10:15:00+05:30,18579,18612.1,18575,18593.85
2023-06-12T09:45:00+05:30,18583.45,18590.9,18568.8,18578.35
2023-06-12T09:15:00+05:30,18595.05,18622.95,18560.8,18582
2023-06-09T15:15:00+05:30,18564.25,18571.35,18557.25,18567.3
2023-06-09T14:45:00+05:30,18572.7,18578.8,18560.4,18564.35
2023-06-09T14:15:00+05:30,18574.2,18592.65,18555.7,18572.65
2023-06-09T13:45:00+05:30,18599.7,18603.9,18570.6,18575.9
2023-06-09T13:15:00+05:30,18609.65,18615.5,18584.8,18599.3
2023-06-09T12:45:00+05:30,18616.9,18616.95,18596.1,18610.5
2023-06-09T12:15:00+05:30,18635.15,18646.1,18615.95,18616.8
2023-06-09T11:45:00+05:30,18624.2,18638.45,18619.3,18634.75
2023-06-09T11:15:00+05:30,18612.1,18629.95,18612.1,18624.2
2023-06-09T10:45:00+05:30,18626.65,18627.3,18600.5,18612.05
2023-06-09T10:15:00+05:30,18640.4,18641.8,18617.95,18627.3
2023-06-09T09:45:00+05:30,18623.95,18665.3,18623.95,18641.2
2023-06-09T09:15:00+05:30,18655.9,18676.25,18609.75,18623.75
2023-06-08T15:15:00+05:30,18624.5,18651.6,18615.95,18646.9
2023-06-08T14:45:00+05:30,18684,18685.5,18624.45,18624.6
2023-06-08T14:15:00+05:30,18691.95,18695.7,18675,18683.75
2023-06-08T13:45:00+05:30,18703,18723.75,18682,18692.65
2023-06-08T13:15:00+05:30,18684.7,18702.9,18680.95,18702.9
2023-06-08T12:45:00+05:30,18697,18700.65,18676.6,18684.4
2023-06-08T12:15:00+05:30,18700.9,18708.9,18682.2,18697.3
2023-06-08T11:45:00+05:30,18727.7,18736.3,18685.25,18701.35
2023-06-08T11:15:00+05:30,18766,18770.65,18727.65,18727.65
2023-06-08T10:45:00+05:30,18769.6,18777.8,18764.55,18765.85
2023-06-08T10:15:00+05:30,18753.35,18775.35,18752.8,18770.3
2023-06-08T09:45:00+05:30,18739.95,18760.65,18739.95,18753.3
2023-06-08T09:15:00+05:30,18725.35,18752.05,18724.6,18740.85
2023-06-07T15:15:00+05:30,18727.1,18738.75,18718.55,18730.35
2023-06-07T14:45:00+05:30,18715.05,18729.95,18705.1,18726.95
2023-06-07T14:15:00+05:30,18685.85,18715.8,18684.7,18715
2023-06-07T13:45:00+05:30,18670,18693.1,18665.8,18685.65
2023-06-07T13:15:00+05:30,18682.3,18684.8,18664.05,18669.85
2023-06-07T12:45:00+05:30,18669.6,18685.4,18668.55,18682.65
2023-06-07T12:15:00+05:30,18656.85,18670.65,18655.4,18669.2
2023-06-07T11:45:00+05:30,18653.4,18666.95,18652.8,18657.7
2023-06-07T11:15:00+05:30,18661.25,18667.95,18647.25,18653.9
2023-06-07T10:45:00+05:30,18646.25,18665.8,18636.5,18661.6
2023-06-07T10:15:00+05:30,18660.9,18666.4,18646.2,18646.25
2023-06-07T09:45:00+05:30,18663.35,18663.35,18646.05,18661.2
2023-06-07T09:15:00+05:30,18665.6,18675.4,18637.05,18662.55
2023-06-06T15:15:00+05:30,18609.3,18622.05,18604.25,18617.1
2023-06-06T14:45:00+05:30,18550.8,18613.15,18549.5,18608.6
2023-06-06T14:15:00+05:30,18551.15,18564.2,18549.95,18550.85
2023-06-06T13:45:00+05:30,18558.1,18565.5,18542.95,18551.55
2023-06-06T13:15:00+05:30,18556.95,18566.7,18543.55,18558.4
2023-06-06T12:45:00+05:30,18546.55,18559.25,18540.55,18556.65
2023-06-06T12:15:00+05:30,18541.1,18555.1,18534.3,18547
2023-06-06T11:45:00+05:30,18545.8,18547.85,18531.95,18541.6
2023-06-06T11:15:00+05:30,18550.8,18560,18539.65,18546.05
2023-06-06T10:45:00+05:30,18564.95,18568.7,18545.7,18551.4
2023-06-06T10:15:00+05:30,18580,18581.5,18564.8,18565.1
2023-06-06T09:45:00+05:30,18610.55,18612.65,18571.5,18580.6
2023-06-06T09:15:00+05:30,18600.8,18617.75,18583.85,18610.15
2023-06-05T15:15:00+05:30,18593.55,18603.6,18585.45,18599.9
2023-06-05T14:45:00+05:30,18617.05,18621.25,18585.95,18593.25
2023-06-05T14:15:00+05:30,18618.6,18624.55,18610.95,18617.1
2023-06-05T13:45:00+05:30,18610.25,18629.65,18606.1,18617.9
2023-06-05T13:15:00+05:30,18606.4,18619.65,18605.25,18610.1
2023-06-05T12:45:00+05:30,18610.9,18615.9,18602.95,18606.55
2023-06-05T12:15:00+05:30,18626.4,18629.3,18606.25,18611.1
2023-06-05T11:45:00+05:30,18625.3,18631.75,18616.25,18625.9
2023-06-05T11:15:00+05:30,18631.45,18639.4,18622.05,18625.65
2023-06-05T10:45:00+05:30,18615.05,18636.35,18614.2,18631.5
2023-06-05T10:15:00+05:30,18617.75,18630.25,18609.2,18615.05
2023-06-05T09:45:00+05:30,18605,18623.9,18604.8,18618.3
2023-06-05T09:15:00+05:30,18612,18635.05,18583.3,18605.3
2023-06-02T15:15:00+05:30,18537.55,18538.5,18511.95,18525.85
2023-06-02T14:45:00+05:30,18514.5,18556.1,18514.05,18537.25
2023-06-02T14:15:00+05:30,18540.95,18540.95,18495.55,18514.3
2023-06-02T13:45:00+05:30,18561.25,18567.5,18535.15,18540.8
2023-06-02T13:15:00+05:30,18544.9,18564.15,18541.3,18560.85
2023-06-02T12:45:00+05:30,18528.45,18553.25,18527,18545.3
2023-06-02T12:15:00+05:30,18527.55,18537.35,18515.2,18528.8
2023-06-02T11:45:00+05:30,18521.8,18537.75,18516.9,18528.9
2023-06-02T11:15:00+05:30,18515.15,18530,18503.75,18521.75
2023-06-02T10:45:00+05:30,18505.35,18519.7,18500.1,18515.25
2023-06-02T10:15:00+05:30,18492.4,18508.55,18478.5,18505.2
2023-06-02T09:45:00+05:30,18552.6,18556.1,18485.85,18492.3
2023-06-02T09:15:00+05:30,18550.85,18573.25,18541.45,18551.55
2023-06-01T15:15:00+05:30,18491.85,18491.85,18465.35,18486.1
2023-06-01T14:45:00+05:30,18512.35,18530.15,18491.3,18491.35
2023-06-01T14:15:00+05:30,18524.8,18531.4,18510.25,18512.4
2023-06-01T13:45:00+05:30,18550.2,18550.75,18519.95,18524
2023-06-01T13:15:00+05:30,18551.25,18565.3,18546.7,18550.15
2023-06-01T12:45:00+05:30,18552.75,18554.3,18542.8,18550.8
2023-06-01T12:15:00+05:30,18537.25,18561.25,18531.25,18552.05
2023-06-01T11:45:00+05:30,18559.65,18572.8,18530.7,18537.3
2023-06-01T11:15:00+05:30,18568.85,18580.05,18554.55,18559.25
2023-06-01T10:45:00+05:30,18568.4,18573.85,18557.65,18569
2023-06-01T10:15:00+05:30,18558,18576.6,18549.9,18567.6
2023-06-01T09:45:00+05:30,18566,18579.1,18558.85,18559.3
2023-06-01T09:15:00+05:30,18579.4,18579.4,18514.75,18565.6
2023-05-31T15:15:00+05:30,18525.05,18566.7,18509.55,18521.3
2023-05-31T14:45:00+05:30,18537.25,18556.95,18508,18525.9
2023-05-31T14:15:00+05:30,18509.65,18542.35,18506.8,18537.5
2023-05-31T13:45:00+05:30,18514.75,18526.05,18500.5,18509.95
2023-05-31T13:15:00+05:30,18494.8,18519.95,18490.05,18515.1
2023-05-31T12:45:00+05:30,18510.85,18515.9,18488.45,18495.5
2023-05-31T12:15:00+05:30,18498.65,18511.15,18484.05,18511.15
2023-05-31T11:45:00+05:30,18520.5,18520.75,18490.35,18498.3
2023-05-31T11:15:00+05:30,18550.65,18558.8,18517.3,18520.95
2023-05-31T10:45:00+05:30,18541.3,18555.55,18538.3,18550.45
2023-05-31T10:15:00+05:30,18568.2,18569.7,18532.8,18541.35
2023-05-31T09:45:00+05:30,18562,18576.1,18544.25,18569.15
2023-05-31T09:15:00+05:30,18594.2,18602.4,18549.65,18561.65
2023-05-30T15:15:00+05:30,18634.15,18647.35,18630.75,18639.95
2023-05-30T14:45:00+05:30,18642.9,18643.85,18617.1,18633.5
2023-05-30T14:15:00+05:30,18627.95,18646.7,18621.8,18643.35
2023-05-30T13:45:00+05:30,18618.25,18628.55,18608.3,18627.4
2023-05-30T13:15:00+05:30,18611.75,18622.8,18606.35,18618.55
2023-05-30T12:45:00+05:30,18589.75,18617.95,18587.65,18611.9
2023-05-30T12:15:00+05:30,18620.25,18626.95,18590.1,18590.2
2023-05-30T11:45:00+05:30,18610.35,18622.15,18598.35,18620.8
2023-05-30T11:15:00+05:30,18606.2,18625.1,18599.8,18610.95
2023-05-30T10:45:00+05:30,18628.3,18631.7,18591.25,18606.9
2023-05-30T10:15:00+05:30,18653.15,18661.75,18624,18627.65
2023-05-30T09:45:00+05:30,18639.55,18653.75,18628.2,18652.75
2023-05-30T09:15:00+05:30,18606.65,18649,18577.55,18638.9
2023-05-29T15:15:00+05:30,18599.5,18601.1,18583.2,18601.1
2023-05-29T14:45:00+05:30,18588.55,18612.8,18585.6,18599.35
2023-05-29T14:15:00+05:30,18622.65,18623.9,18582.2,18588.45
2023-05-29T13:45:00+05:30,18608.6,18625.65,18607.05,18622.8
2023-05-29T13:15:00+05:30,18595.7,18614.65,18595.3,18609.25
2023-05-29T12:45:00+05:30,18608.8,18609.05,18587.4,18595.8
2023-05-29T12:15:00+05:30,18618.9,18622.45,18598.7,18608.9
2023-05-29T11:45:00+05:30,18621.45,18628.8,18613.9,18617.6
2023-05-29T11:15:00+05:30,18632.45,18638.45,18616.75,18620.2
2023-05-29T10:45:00+05:30,18619.2,18633.65,18614.2,18632.8
2023-05-29T10:15:00+05:30,18589.2,18626.5,18585.05,18617
2023-05-29T09:45:00+05:30,18626.6,18628.1,18584.8,18588.45
2023-05-29T09:15:00+05:30,18619.15,18640.35,18596.75,18627.1
2023-05-26T15:15:00+05:30,18505.1,18505.7,18491.85,18491.9
2023-05-26T14:45:00+05:30,18483.1,18508.35,18480.2,18505
2023-05-26T14:15:00+05:30,18486.1,18501.15,18483.05,18483.25
2023-05-26T13:45:00+05:30,18451.75,18487.9,18450.8,18486.15
2023-05-26T13:15:00+05:30,18434.3,18452,18428.55,18451.75
2023-05-26T12:45:00+05:30,18434.2,18449.6,18433.55,18434.55
2023-05-26T12:15:00+05:30,18432.05,18440.3,18422.2,18434.6
2023-05-26T11:45:00+05:30,18430.05,18443.1,18421.65,18433.55
2023-05-26T11:15:00+05:30,18413.6,18430.2,18409.35,18430.2
2023-05-26T10:45:00+05:30,18390.55,18416.25,18385.55,18413.85
2023-05-26T10:15:00+05:30,18377.75,18400.35,18373.65,18391.1
2023-05-26T09:45:00+05:30,18380.8,18389.7,18369.5,18378.4
2023-05-26T09:15:00+05:30,18368.35,18381.65,18333.25,18381.05
2023-05-25T15:15:00+05:30,18328.2,18336.1,18324.6,18335.9
2023-05-25T14:45:00+05:30,18259.75,18337,18249.8,18328.7
2023-05-25T14:15:00+05:30,18241.7,18262.1,18236.05,18259.65
2023-05-25T13:45:00+05:30,18210.9,18242.05,18210,18241.1
2023-05-25T13:15:00+05:30,18225.05,18227.55,18202.8,18211
2023-05-25T12:45:00+05:30,18231.35,18245.75,18214,18225.45
2023-05-25T12:15:00+05:30,18244.1,18256.8,18229.6,18230.55
2023-05-25T11:45:00+05:30,18221.4,18247.9,18218.7,18243.9
2023-05-25T11:15:00+05:30,18253.2,18255.2,18213.35,18221.05
2023-05-25T10:45:00+05:30,18249.2,18262.55,18245.85,18252.95
2023-05-25T10:15:00+05:30,18262.55,18271.7,18242.6,18249.65
2023-05-25T09:45:00+05:30,18276.15,18303.55,18254.45,18261.85
2023-05-25T09:15:00+05:30,18268.9,18299.25,18236.5,18275.95
2023-05-24T15:15:00+05:30,18289.7,18295.25,18285.2,18287
2023-05-24T14:45:00+05:30,18279.55,18296.95,18263.9,18289.3
2023-05-24T14:15:00+05:30,18312.55,18325.8,18274.35,18278.7
2023-05-24T13:45:00+05:30,18315.55,18315.55,18296.75,18312.55
2023-05-24T13:15:00+05:30,18302.8,18323.5,18292.6,18316.25
2023-05-24T12:45:00+05:30,18323.5,18332.4,18301.85,18302.35
2023-05-24T12:15:00+05:30,18341.75,18343.85,18318.6,18323.75
2023-05-24T11:45:00+05:30,18361.8,18366.8,18341.05,18341.05
2023-05-24T11:15:00+05:30,18374.55,18392.5,18360.35,18361.85
2023-05-24T10:45:00+05:30,18374.3,18387.4,18370.75,18374.65
2023-05-24T10:15:00+05:30,18363.45,18378.6,18348.4,18374.2
2023-05-24T09:45:00+05:30,18328.35,18365.45,18326.85,18362.8
2023-05-24T09:15:00+05:30,18294.8,18338.55,18270.4,18330
2023-05-23T15:15:00+05:30,18344.25,18346.85,18324.45,18333.75
2023-05-23T14:45:00+05:30,18380.4,18381.35,18343.9,18343.9
2023-05-23T14:15:00+05:30,18400.8,18410.2,18374.1,18379.45
2023-05-23T13:45:00+05:30,18397.1,18409.55,18389.9,18400.35
2023-05-23T13:15:00+05:30,18399.3,18406.15,18388.9,18396.9
2023-05-23T12:45:00+05:30,18406.9,18419.65,18396.4,18398.6
2023-05-23T12:15:00+05:30,18406.2,18412,18394.8,18407.55
2023-05-23T11:45:00+05:30,18407.15,18410,18394.55,18406.45
2023-05-23T11:15:00+05:30,18411.7,18413.7,18390.7,18406.85
2023-05-23T10:45:00+05:30,18405.95,18412.7,18396.75,18411.85
2023-05-23T10:15:00+05:30,18391.55,18407.15,18381.15,18406.3
2023-05-23T09:45:00+05:30,18405.7,18407.65,18383.45,18391.4
2023-05-23T09:15:00+05:30,18362.9,18408.7,18353.25,18404.65
2023-05-22T15:15:00+05:30,18308.9,18318.1,18297.8,18303.3
2023-05-22T14:45:00+05:30,18292.2,18334.8,18286.3,18309.6
2023-05-22T14:15:00+05:30,18304.25,18314.95,18289.05,18291.4
2023-05-22T13:45:00+05:30,18261.7,18307.8,18261.7,18303.35
2023-05-22T13:15:00+05:30,18295.6,18302.35,18250.75,18261.85
2023-05-22T12:45:00+05:30,18286.95,18302.3,18280.4,18295.65
2023-05-22T12:15:00+05:30,18317.1,18325.05,18283.55,18286.45
2023-05-22T11:45:00+05:30,18304.35,18318,18288.65,18316.95
2023-05-22T11:15:00+05:30,18296.6,18306.65,18287.7,18304.05
2023-05-22T10:45:00+05:30,18277.8,18309,18277.8,18296.95
2023-05-22T10:15:00+05:30,18270.5,18288.35,18262.15,18278.65
2023-05-22T09:45:00+05:30,18282.7,18294.1,18231.1,18270.6
2023-05-22T09:15:00+05:30,18201.1,18285.45,18179.55,18284.1
2023-05-19T15:15:00+05:30,18205.25,18217.7,18201.45,18205.45
2023-05-19T14:45:00+05:30,18182.95,18217,18176.3,18204.25
2023-05-19T14:15:00+05:30,18164.35,18190.7,18160.8,18182.55
2023-05-19T13:45:00+05:30,18125.1,18168.55,18118.65,18164.7
2023-05-19T13:15:00+05:30,18121.2,18139.4,18116.35,18125.2
2023-05-19T12:45:00+05:30,18117.3,18134.8,18108.2,18121.15
2023-05-19T12:15:00+05:30,18137.9,18149.75,18098.45,18117.1
2023-05-19T11:45:00+05:30,18141.8,18158.4,18136.55,18137.9
2023-05-19T11:15:00+05:30,18115.25,18157.85,18111.3,18141.75
2023-05-19T10:45:00+05:30,18072.95,18116.55,18072.45,18114.8
2023-05-19T10:15:00+05:30,18083.35,18101.5,18061.15,18073.2
2023-05-19T09:45:00+05:30,18118.25,18127.75,18066.8,18082.5
2023-05-19T09:15:00+05:30,18186.15,18186.15,18097.75,18118.2
2023-05-18T15:15:00+05:30,18135.05,18142,18123.35,18134.65
2023-05-18T14:45:00+05:30,18159.4,18167.85,18105.4,18135.2
2023-05-18T14:15:00+05:30,18172.1,18186.15,18144.3,18159.3
2023-05-18T13:45:00+05:30,18194.75,18208.4,18166.3,18171.9
2023-05-18T13:15:00+05:30,18192.05,18213.45,18189.55,18194.4
2023-05-18T12:45:00+05:30,18202.65,18207.55,18183.25,18191.75
2023-05-18T12:15:00+05:30,18229.45,18230.15,18200.05,18202.55
2023-05-18T11:45:00+05:30,18236.4,18258.75,18221.25,18229.5
2023-05-18T11:15:00+05:30,18241.7,18256.5,18228.6,18235.4
2023-05-18T10:45:00+05:30,18234.15,18249.9,18221.3,18241.85
2023-05-18T10:15:00+05:30,18221.9,18240.2,18219.3,18234.15
2023-05-18T09:45:00+05:30,18260.7,18264.9,18214.05,18222.25
2023-05-18T09:15:00+05:30,18287.5,18296.45,18238.55,18260.15
2023-05-17T15:15:00+05:30,18183.9,18197.95,18182.65,18197.95
2023-05-17T14:45:00+05:30,18176.7,18185.65,18157.8,18184
2023-05-17T14:15:00+05:30,18138.7,18176.25,18132.35,18174.7
2023-05-17T13:45:00+05:30,18132.4,18152.25,18129,18138.8
2023-05-17T13:15:00+05:30,18131.65,18137.8,18115.7,18132.7
2023-05-17T12:45:00+05:30,18162.95,18169.8,18132.15,18132.7
2023-05-17T12:15:00+05:30,18148.05,18168.15,18137.25,18163.1
2023-05-17T11:45:00+05:30,18181.7,18184.7,18134.6,18147.7
2023-05-17T11:15:00+05:30,18231.2,18232.3,18181.45,18181.9
2023-05-17T10:45:00+05:30,18228.35,18233.25,18213.1,18231
2023-05-17T10:15:00+05:30,18267.85,18269.2,18228.25,18228.65
2023-05-17T09:45:00+05:30,18260.4,18274.3,18249.5,18268.75
2023-05-17T09:15:00+05:30,18300.45,18307.4,18249.5,18259.9
2023-05-16T15:15:00+05:30,18283.25,18290.4,18265.05,18276.75
2023-05-16T14:45:00+05:30,18340.15,18344.35,18279.3,18283.2
2023-05-16T14:15:00+05:30,18340.85,18353.6,18328.05,18339.05
2023-05-16T13:45:00+05:30,18357.6,18377.45,18336.8,18341.15
2023-05-16T13:15:00+05:30,18363.55,18371.9,18354.3,18357.75
2023-05-16T12:45:00+05:30,18364.5,18368.65,18349.75,18363.85
2023-05-16T12:15:00+05:30,18357.9,18368.2,18346.2,18364.45
2023-05-16T11:45:00+05:30,18359.35,18367.55,18353.4,18357.9
2023-05-16T11:15:00+05:30,18380.3,18380.9,18347.6,18360.05
2023-05-16T10:45:00+05:30,18383.55,18393.55,18371.9,18379.15
2023-05-16T10:15:00+05:30,18401.9,18406.15,18363.65,18383.5
2023-05-16T09:45:00+05:30,18396.05,18412.85,18391.55,18401.65
2023-05-16T09:15:00+05:30,18432.35,18432.35,18360.3,18395.5
2023-05-15T15:15:00+05:30,18389.6,18397.7,18384.6,18384.6
2023-05-15T14:45:00+05:30,18434.8,18444.05,18389,18390
2023-05-15T14:15:00+05:30,18451.9,18458.25,18425.6,18435.15
2023-05-15T13:45:00+05:30,18444.25,18454.2,18439.3,18451.9
2023-05-15T13:15:00+05:30,18433.2,18445.9,18427.4,18444.8
2023-05-15T12:45:00+05:30,18431.8,18437.35,18426,18433.8
2023-05-15T12:15:00+05:30,18420.15,18432,18414.4,18432
2023-05-15T11:45:00+05:30,18415.1,18422.9,18409.15,18420
2023-05-15T11:15:00+05:30,18397.65,18420.3,18397.35,18415
2023-05-15T10:45:00+05:30,18384.6,18402.2,18367.8,18397.85
2023-05-15T10:15:00+05:30,18383.75,18391.85,18374.35,18384
2023-05-15T09:45:00+05:30,18363.65,18386.75,18361.85,18383.45
2023-05-15T09:15:00+05:30,18339.3,18366.5,18291.5,18364.75
2023-05-12T15:15:00+05:30,18315.85,18320.05,18308.7,18312.2
2023-05-12T14:45:00+05:30,18332.5,18337.25,18308.35,18315.55
2023-05-12T14:15:00+05:30,18329.9,18338.25,18310.95,18332.65
2023-05-12T13:45:00+05:30,18317.5,18342,18311.15,18329.15
2023-05-12T13:15:00+05:30,18301.65,18321.75,18295.85,18317
2023-05-12T12:45:00+05:30,18298.05,18312.6,18294.7,18301.2
2023-05-12T12:15:00+05:30,18277.5,18302.35,18276.3,18297.95
2023-05-12T11:45:00+05:30,18272.9,18285.05,18272.55,18277.8
2023-05-12T11:15:00+05:30,18284.85,18290.5,18265,18273.6
2023-05-12T10:45:00+05:30,18270.6,18289.2,18263.2,18285
2023-05-12T10:15:00+05:30,18244.95,18272.9,18238.35,18270.4
2023-05-12T09:45:00+05:30,18203.25,18250.95,18194.85,18244.2
2023-05-12T09:15:00+05:30,18273.75,18273.75,18195.55,18204
2023-05-11T15:15:00+05:30,18298.85,18312.7,18289.9,18304.5
2023-05-11T14:45:00+05:30,18318.2,18318.2,18270.8,18299.65
2023-05-11T14:15:00+05:30,18321.55,18343.25,18311.85,18317.75
2023-05-11T13:45:00+05:30,18320.8,18328.85,18305,18321.75
2023-05-11T13:15:00+05:30,18320.9,18331.75,18309.65,18320.8
2023-05-11T12:45:00+05:30,18312,18330,18304.3,18320.25
2023-05-11T12:15:00+05:30,18306.8,18329.3,18306.3,18311.95
2023-05-11T11:45:00+05:30,18327.7,18328.05,18298.05,18307.5
2023-05-11T11:15:00+05:30,18327.4,18341.6,18316.5,18326.75
2023-05-11T10:45:00+05:30,18334,18350.3,18322.65,18326.55
2023-05-11T10:15:00+05:30,18323.65,18347.1,18311.6,18332.85
2023-05-11T09:45:00+05:30,18311.7,18330.5,18291.15,18323.2
2023-05-11T09:15:00+05:30,18357.8,18357.8,18290.4,18312.05
2023-05-10T15:15:00+05:30,18319.65,18326.3,18307.75,18311.1
2023-05-10T14:45:00+05:30,18286.05,18324.95,18268.55,18319.4
2023-05-10T14:15:00+05:30,18288.5,18305.15,18277.1,18286.55
2023-05-10T13:45:00+05:30,18266.9,18290.1,18253.2,18288.55
2023-05-10T13:15:00+05:30,18292.8,18298.95,18244.3,18267.15
2023-05-10T12:45:00+05:30,18286.95,18297.25,18282.8,18292.4
2023-05-10T12:15:00+05:30,18275.7,18290,18272.8,18286.3
2023-05-10T11:45:00+05:30,18272.6,18290.25,18264.7,18276.1
2023-05-10T11:15:00+05:30,18257.4,18281.65,18253.5,18273.4
2023-05-10T10:45:00+05:30,18245.85,18257.55,18237.95,18256.6
2023-05-10T10:15:00+05:30,18226.45,18272.8,18225.1,18245
2023-05-10T09:45:00+05:30,18238.7,18254.3,18212.75,18226.3
2023-05-10T09:15:00+05:30,18313.6,18322.3,18237.95,18238.75
2023-05-09T15:15:00+05:30,18269.15,18269.45,18253.95,18258.3
2023-05-09T14:45:00+05:30,18257.05,18281.25,18249.25,18268.35
2023-05-09T14:15:00+05:30,18260.15,18281.9,18249.2,18257.9
2023-05-09T13:45:00+05:30,18283.75,18287.55,18230.45,18260.85
2023-05-09T13:15:00+05:30,18292.6,18305.25,18274.3,18283.25
2023-05-09T12:45:00+05:30,18326.5,18326.5,18290.75,18292.85
2023-05-09T12:15:00+05:30,18329.3,18332.2,18318.45,18326.6
2023-05-09T11:45:00+05:30,18330.5,18336.95,18323.25,18328.25
2023-05-09T11:15:00+05:30,18330.15,18337.75,18315.95,18330.1
2023-05-09T10:45:00+05:30,18333.25,18343.9,18328.35,18330.55
2023-05-09T10:15:00+05:30,18331.2,18338.2,18318.55,18332.95
2023-05-09T09:45:00+05:30,18316.35,18332,18314.65,18331.2
2023-05-09T09:15:00+05:30,18303.4,18318.1,18277.6,18314.05
2023-05-08T15:15:00+05:30,18265.1,18283.7,18257.3,18269.75
2023-05-08T14:45:00+05:30,18269.7,18275,18246.85,18266.1
2023-05-08T14:15:00+05:30,18274.8,18278.4,18256.25,18269.7
2023-05-08T13:45:00+05:30,18270.45,18286.7,18260.5,18274.3
2023-05-08T13:15:00+05:30,18270.4,18282.9,18268,18269.25
2023-05-08T12:45:00+05:30,18274.3,18277.3,18257.8,18270.35
2023-05-08T12:15:00+05:30,18269.35,18275.85,18257.55,18274.1
2023-05-08T11:45:00+05:30,18247.65,18277.8,18247.45,18269.9
2023-05-08T11:15:00+05:30,18234.05,18253.65,18228.4,18247.9
2023-05-08T10:45:00+05:30,18244.65,18251.65,18219.3,18233.55
2023-05-08T10:15:00+05:30,18193.3,18244.65,18192.75,18244.5
2023-05-08T09:45:00+05:30,18192.25,18218.25,18190.55,18193.75
2023-05-08T09:15:00+05:30,18120.6,18196.25,18102.4,18191.85
2023-05-05T15:15:00+05:30,18071,18079.25,18055.7,18069.95
2023-05-05T14:45:00+05:30,18121.1,18124.25,18061.3,18071.95
2023-05-05T14:15:00+05:30,18140.75,18146.6,18104.85,18121.45
2023-05-05T13:45:00+05:30,18140.45,18143.7,18102.95,18140.75
2023-05-05T13:15:00+05:30,18154.05,18160.75,18126.35,18139.95
2023-05-05T12:45:00+05:30,18147.15,18168.4,18129.85,18153.7
2023-05-05T12:15:00+05:30,18137.1,18153.8,18126.95,18147.35
2023-05-05T11:45:00+05:30,18141.45,18141.45,18085.45,18137.1
2023-05-05T11:15:00+05:30,18157.75,18158.35,18113.2,18140.8
2023-05-05T10:45:00+05:30,18212.9,18216.95,18142.05,18160.7
2023-05-05T10:15:00+05:30,18199.4,18214.95,18191.75,18212.5
2023-05-05T09:45:00+05:30,18176.6,18204.95,18172.55,18199.85
2023-05-05T09:15:00+05:30,18117.3,18186.15,18117.3,18177.25
2023-05-04T15:15:00+05:30,18263.15,18264.2,18236.85,18238.6
2023-05-04T14:45:00+05:30,18214.6,18267.1,18211.7,18263.15
2023-05-04T14:15:00+05:30,18180.9,18221.1,18176.95,18213.35
2023-05-04T13:45:00+05:30,18187.6,18194.5,18172.55,18180.65
2023-05-04T13:15:00+05:30,18180.45,18188.85,18170.9,18187.1
2023-05-04T12:45:00+05:30,18173.2,18192.35,18161.95,18179.4
2023-05-04T12:15:00+05:30,18153.1,18175.8,18151.45,18173.9
2023-05-04T11:45:00+05:30,18162.85,18167.7,18151.4,18153.9
2023-05-04T11:15:00+05:30,18152.05,18167.05,18144.55,18163.75
2023-05-04T10:45:00+05:30,18145.25,18152.8,18136.9,18152.4
2023-05-04T10:15:00+05:30,18126.75,18146.05,18122.5,18144.85
2023-05-04T09:45:00+05:30,18111.75,18134.45,18106.6,18127.1
2023-05-04T09:15:00+05:30,18081,18122.55,18071.25,18111.85
2023-05-03T15:15:00+05:30,18098.1,18102.6,18077.65,18082.7
2023-05-03T14:45:00+05:30,18081.6,18098.75,18070.15,18098
2023-05-03T14:15:00+05:30,18069.35,18101.05,18064.35,18081.55
2023-05-03T13:45:00+05:30,18078.65,18082.1,18043.35,18069
2023-05-03T13:15:00+05:30,18077.9,18100.5,18070.8,18078.4
2023-05-03T12:45:00+05:30,18075.1,18094.95,18074.7,18078.85
2023-05-03T12:15:00+05:30,18069.1,18085.65,18061.3,18074.95
2023-05-03T11:45:00+05:30,18070.45,18084.25,18063.4,18069.55
2023-05-03T11:15:00+05:30,18078.9,18087.55,18069.45,18070.55
2023-05-03T10:45:00+05:30,18107.4,18116.25,18078.55,18078.9
2023-05-03T10:15:00+05:30,18083.65,18110.3,18083.65,18107.65
2023-05-03T09:45:00+05:30,18077.65,18092.4,18070,18083.55
2023-05-03T09:15:00+05:30,18113.8,18113.8,18050.8,18078.9
2023-05-02T15:15:00+05:30,18142.3,18147.55,18130.55,18136.05
2023-05-02T14:45:00+05:30,18159.55,18169.45,18135.6,18142.95
2023-05-02T14:15:00+05:30,18168.05,18176.25,18157.5,18159.55
2023-05-02T13:45:00+05:30,18163.5,18174.7,18155.9,18168.15
2023-05-02T13:15:00+05:30,18170.8,18179.5,18155.2,18165.4
2023-05-02T12:45:00+05:30,18153.9,18175.45,18153.75,18171
2023-05-02T12:15:00+05:30,18163.65,18164.6,18143.45,18153.1
2023-05-02T11:45:00+05:30,18153.9,18164.4,18150.05,18163.45
2023-05-02T11:15:00+05:30,18136.85,18157.05,18132.75,18153.75
2023-05-02T10:45:00+05:30,18150,18163.4,18131.2,18136.5
2023-05-02T10:15:00+05:30,18166.4,18169.05,18143.1,18150.55
2023-05-02T09:45:00+05:30,18161.45,18179.8,18146.05,18164.65
2023-05-02T09:15:00+05:30,18124.8,18170.2,18106.2,18161.35
2023-04-28T15:15:00+05:30,18063.7,18088.8,18046.35,18048.9
2023-04-28T14:45:00+05:30,18002.8,18070.75,17981.3,18064.05
2023-04-28T14:15:00+05:30,17981.55,18003.05,17962.95,18002.4
2023-04-28T13:45:00+05:30,17979.7,17989.35,17969,17981.8
2023-04-28T13:15:00+05:30,17973.05,17980.35,17966.35,17978.9
2023-04-28T12:45:00+05:30,17969.55,17975.6,17959,17973.3
2023-04-28T12:15:00+05:30,17963.7,17977.25,17955.95,17970.55
2023-04-28T11:45:00+05:30,17953.65,17971.15,17944.55,17963.9
2023-04-28T11:15:00+05:30,17946.1,17953.75,17935.35,17953.5
2023-04-28T10:45:00+05:30,17907.2,17948.6,17903.95,17946.2
2023-04-28T10:15:00+05:30,17889,17915.45,17887.45,17907.35
2023-04-28T09:45:00+05:30,17911.7,17922.65,17885.8,17889.2
2023-04-28T09:15:00+05:30,17950.4,17956.9,17895.7,17911.75
2023-04-27T15:15:00+05:30,17920.2,17931.25,17914.05,17923.2
2023-04-27T14:45:00+05:30,17891.1,17920.95,17878.25,17920.95
2023-04-27T14:15:00+05:30,17884.1,17891.05,17859.5,17891.05
2023-04-27T13:45:00+05:30,17877.9,17891.4,17870.15,17884.4
2023-04-27T13:15:00+05:30,17851.85,17883.15,17851.85,17878.25
2023-04-27T12:45:00+05:30,17851.15,17855.95,17842.35,17852
2023-04-27T12:15:00+05:30,17848.15,17853.6,17836.75,17850.35
2023-04-27T11:45:00+05:30,17846.25,17858.95,17840.95,17848.35
2023-04-27T11:15:00+05:30,17828.3,17852.45,17824.55,17846.45
2023-04-27T10:45:00+05:30,17834.9,17841.05,17824.65,17827.2
2023-04-27T10:15:00+05:30,17832.75,17849.3,17824.7,17835.5
2023-04-27T09:45:00+05:30,17832.8,17846.05,17826.3,17832.8
2023-04-27T09:15:00+05:30,17813.1,17837.65,17798.2,17833.8
2023-04-26T15:15:00+05:30,17816,17826.8,17810.25,17817.95
2023-04-26T14:45:00+05:30,17782.6,17820.7,17776.5,17816.4
2023-04-26T14:15:00+05:30,17795,17800.1,17770.35,17782.6
2023-04-26T13:45:00+05:30,17780.8,17795,17779.4,17794.7
2023-04-26T13:15:00+05:30,17780.8,17792.45,17767.2,17780.7
2023-04-26T12:45:00+05:30,17803.25,17804.8,17775.85,17781.3
2023-04-26T12:15:00+05:30,17778.3,17809.55,17775.8,17803.05
2023-04-26T11:45:00+05:30,17776.1,17791.45,17774.1,17778.9
2023-04-26T11:15:00+05:30,17773.85,17781.7,17770.2,17776.25
2023-04-26T10:45:00+05:30,17760.4,17778.25,17751.9,17774.05
2023-04-26T10:15:00+05:30,17752,17773.95,17751.5,17760.2
2023-04-26T09:45:00+05:30,17733.3,17757.75,17711.95,17751.55
2023-04-26T09:15:00+05:30,17767.3,17773.9,17727.7,17733.65
2023-04-25T15:15:00+05:30,17776.5,17776.6,17754.15,17761.95
2023-04-25T14:45:00+05:30,17794.35,17798.85,17765.75,17776.45
2023-04-25T14:15:00+05:30,17791.5,17807.25,17789.15,17794.55
2023-04-25T13:45:00+05:30,17787.1,17791.8,17753.35,17791.2
2023-04-25T13:15:00+05:30,17777.15,17788.3,17769.8,17787.45
2023-04-25T12:45:00+05:30,17749.15,17778.25,17749.15,17777.5
2023-04-25T12:15:00+05:30,17777.3,17782.05,17748.9,17750.2
2023-04-25T11:45:00+05:30,17779.3,17789.2,17769.8,17776.9
2023-04-25T11:15:00+05:30,17774.2,17791.9,17773.95,17779.4
2023-04-25T10:45:00+05:30,17771.7,17782.85,17757.95,17776.15
2023-04-25T10:15:00+05:30,17754.65,17775.6,17752.05,17772.3
2023-04-25T09:45:00+05:30,17741.15,17756.2,17732.5,17753.85
2023-04-25T09:15:00+05:30,17761.55,17766.05,17717.3,17740.4
2023-04-24T15:15:00+05:30,17747.65,17754.25,17740.6,17748
2023-04-24T14:45:00+05:30,17705.95,17748.9,17705.75,17748
2023-04-24T14:15:00+05:30,17716.8,17720,17701.8,17706.7
2023-04-24T13:45:00+05:30,17711.1,17720.2,17696.2,17716.75
2023-04-24T13:15:00+05:30,17687.75,17719,17687.6,17711.1
2023-04-24T12:45:00+05:30,17656.55,17687.7,17656.55,17687
2023-04-24T12:15:00+05:30,17637.25,17661.8,17630.65,17656.6
2023-04-24T11:45:00+05:30,17623.65,17638.65,17612.7,17637.35
2023-04-24T11:15:00+05:30,17638.6,17646.95,17618.45,17624.2
2023-04-24T10:45:00+05:30,17633.15,17641.75,17626.75,17638.7
2023-04-24T10:15:00+05:30,17631.2,17644.95,17621.15,17633.25
2023-04-24T09:45:00+05:30,17625.7,17656.85,17620.4,17633.15
2023-04-24T09:15:00+05:30,17707.55,17707.55,17625.65,17627
2023-04-21T15:15:00+05:30,17631.55,17631.55,17611.15,17618.9
2023-04-21T14:45:00+05:30,17616.45,17637.55,17615.45,17632.5
2023-04-21T14:15:00+05:30,17600.7,17636.65,17596.65,17615.85
2023-04-21T13:45:00+05:30,17593.35,17614.15,17593.05,17599.85
2023-04-21T13:15:00+05:30,17562.1,17602.15,17561.25,17592.2
2023-04-21T12:45:00+05:30,17588.2,17591.5,17554.1,17561.05
2023-04-21T12:15:00+05:30,17595.45,17598.3,17578,17587.5
2023-04-21T11:45:00+05:30,17608.3,17612.9,17591.2,17595.35
2023-04-21T11:15:00+05:30,17609.75,17612.15,17597.8,17607.25
2023-04-21T10:45:00+05:30,17597.9,17612.2,17589.7,17609.25
2023-04-21T10:15:00+05:30,17616.75,17620,17589.5,17597.55
2023-04-21T09:45:00+05:30,17621.1,17639.1,17605.7,17617.65
2023-04-21T09:15:00+05:30,17639.75,17662.5,17620.45,17621.8
2023-04-20T15:15:00+05:30,17633.9,17634.4,17620.05,17623.9
2023-04-20T14:45:00+05:30,17608.8,17634.2,17602.45,17634.2
2023-04-20T14:15:00+05:30,17594.6,17615,17593.65,17609
2023-04-20T13:45:00+05:30,17596.75,17609.4,17584.5,17594.75
2023-04-20T13:15:00+05:30,17597.95,17605.35,17590.05,17596.75
2023-04-20T12:45:00+05:30,17613.15,17613.95,17586.3,17597.85
2023-04-20T12:15:00+05:30,17619.95,17627.95,17606.9,17613.4
2023-04-20T11:45:00+05:30,17618.1,17631.6,17610.95,17620.55
2023-04-20T11:15:00+05:30,17611.35,17632.8,17611.35,17618.3
2023-04-20T10:45:00+05:30,17593.95,17617.3,17592.1,17611.25
2023-04-20T10:15:00+05:30,17628.2,17642.9,17590.35,17593.3
2023-04-20T09:45:00+05:30,17673.05,17674.25,17622.7,17628.2
2023-04-20T09:15:00+05:30,17638.6,17683.75,17615.2,17672.5
2023-04-19T15:15:00+05:30,17628.1,17629.35,17606.45,17610.2
2023-04-19T14:45:00+05:30,17601.95,17632.85,17591.35,17628.6
2023-04-19T14:15:00+05:30,17594.9,17615.8,17588.45,17602.05
2023-04-19T13:45:00+05:30,17595.1,17608,17580,17595.55
2023-04-19T13:15:00+05:30,17633.95,17635.95,17594.1,17594.1
2023-04-19T12:45:00+05:30,17656.1,17665.6,17631.5,17633.65
2023-04-19T12:15:00+05:30,17654.55,17663.9,17646.6,17655.55
2023-04-19T11:45:00+05:30,17647.6,17662.9,17642.15,17654.25
2023-04-19T11:15:00+05:30,17648.05,17657.3,17631.05,17647.25
2023-04-19T10:45:00+05:30,17635.05,17652.05,17631.85,17649.6
2023-04-19T10:15:00+05:30,17629.5,17646.7,17626.75,17634.95
2023-04-19T09:45:00+05:30,17635.5,17645.9,17615.8,17628.95
2023-04-19T09:15:00+05:30,17653.35,17658.35,17612.55,17635.45
2023-04-18T15:15:00+05:30,17655.9,17663.3,17650.05,17661.55
2023-04-18T14:45:00+05:30,17642.85,17673.6,17637.85,17656.1
2023-04-18T14:15:00+05:30,17636.3,17648.6,17623.9,17642.1
2023-04-18T13:45:00+05:30,17620.2,17644,17610.75,17636.4
2023-04-18T13:15:00+05:30,17690.15,17690.15,17617.7,17619.1
2023-04-18T12:45:00+05:30,17693.9,17709.85,17686.65,17690.1
2023-04-18T12:15:00+05:30,17682.6,17698.45,17679.2,17694.2
2023-04-18T11:45:00+05:30,17675.1,17685.75,17659.4,17682.15
2023-04-18T11:15:00+05:30,17681.9,17688.15,17673.55,17674.9
2023-04-18T10:45:00+05:30,17693.35,17696.35,17672.5,17681.8
2023-04-18T10:15:00+05:30,17670.25,17694.3,17651.15,17693.45
2023-04-18T09:45:00+05:30,17720.5,17720.5,17663.2,17670.35
2023-04-18T09:15:00+05:30,17766.6,17766.6,17712.9,17720.8
2023-04-17T15:15:00+05:30,17711.65,17715.2,17699.3,17704.1
2023-04-17T14:45:00+05:30,17687.7,17716.9,17676.15,17711.3
2023-04-17T14:15:00+05:30,17688.15,17703.5,17670.3,17687.75
2023-04-17T13:45:00+05:30,17680.9,17689.15,17671.5,17688.2
2023-04-17T13:15:00+05:30,17671,17682.95,17654.15,17680.9
2023-04-17T12:45:00+05:30,17677.25,17691.1,17654.9,17671.25
2023-04-17T12:15:00+05:30,17656.7,17693.35,17654.65,17677.8
2023-04-17T11:45:00+05:30,17657.45,17666.95,17643.95,17657.2
2023-04-17T11:15:00+05:30,17640.95,17665.15,17639.85,17658.9
2023-04-17T10:45:00+05:30,17645.75,17676.55,17637.3,17640.95
2023-04-17T10:15:00+05:30,17609.9,17649.05,17609.45,17645.6
2023-04-17T09:45:00+05:30,17635.7,17651.15,17574.35,17610.3
2023-04-17T09:15:00+05:30,17863,17863,17620.7,17636.6
2023-04-13T15:15:00+05:30,17836.85,17841.5,17826.4,17828.15
2023-04-13T14:45:00+05:30,17795.35,17837.4,17793.9,17836.55
2023-04-13T14:15:00+05:30,17780.55,17810.95,17779.95,17795.55
2023-04-13T13:45:00+05:30,17771.5,17793.5,17761.25,17780.6
2023-04-13T13:15:00+05:30,17749.9,17779.6,17744.9,17770.55
2023-04-13T12:45:00+05:30,17751.85,17777.6,17747.15,17750
2023-04-13T12:15:00+05:30,17745.6,17753.35,17729.7,17752.35
2023-04-13T11:45:00+05:30,17760.4,17770.1,17745.15,17746.6
2023-04-13T11:15:00+05:30,17746.9,17760.95,17736.75,17760.75
2023-04-13T10:45:00+05:30,17792.25,17792.45,17740.8,17747.6
2023-04-13T10:15:00+05:30,17792.3,17805.7,17783.6,17792.45
2023-04-13T09:45:00+05:30,17798.6,17816.95,17785.05,17792.4
2023-04-13T09:15:00+05:30,17807.3,17827.25,17771.4,17798.8
2023-04-12T15:15:00+05:30,17812.35,17824.3,17809.2,17817.9
2023-04-12T14:45:00+05:30,17794.45,17814.3,17767.25,17812.25
2023-04-12T14:15:00+05:30,17806.65,17813,17780.25,17794.65
2023-04-12T13:45:00+05:30,17808.7,17811.7,17796.95,17807.05
2023-04-12T13:15:00+05:30,17792.25,17819.05,17792.15,17808.2
2023-04-12T12:45:00+05:30,17766.2,17795.3,17764.1,17792.35
2023-04-12T12:15:00+05:30,17760.8,17778.65,17760.8,17766.25
2023-04-12T11:45:00+05:30,17769.75,17770.95,17754.3,17761.25
2023-04-12T11:15:00+05:30,17753.9,17773.25,17750.7,17770.45
2023-04-12T10:45:00+05:30,17744.25,17764.25,17743.85,17754.35
2023-04-12T10:15:00+05:30,17751.8,17754.95,17735.2,17743.55
2023-04-12T09:45:00+05:30,17764.4,17768.25,17748.55,17751.55
2023-04-12T09:15:00+05:30,17759.55,17779.4,17717.8,17763.75
2023-04-11T15:15:00+05:30,17727.9,17733.95,17713.05,17722.25
2023-04-11T14:45:00+05:30,17712.65,17729.85,17709.85,17728.15
2023-04-11T14:15:00+05:30,17713.65,17724.55,17700.45,17711.8
2023-04-11T13:45:00+05:30,17694.05,17720.65,17692.4,17713.65
2023-04-11T13:15:00+05:30,17668.35,17695.65,17665.45,17694.3
2023-04-11T12:45:00+05:30,17679,17688.4,17663.85,17667.6
2023-04-11T12:15:00+05:30,17675.25,17683.7,17655.3,17679.6
2023-04-11T11:45:00+05:30,17684.8,17696.75,17668.35,17675.65
2023-04-11T11:15:00+05:30,17705,17714.85,17682.5,17684.85
2023-04-11T10:45:00+05:30,17715.9,17728.35,17701.75,17704.25
2023-04-11T10:15:00+05:30,17743.4,17745.3,17710.35,17716.65
2023-04-11T09:45:00+05:30,17702.95,17748.6,17702.95,17741.55
2023-04-11T09:15:00+05:30,17704.8,17716.55,17669,17704
2023-04-10T15:15:00+05:30,17621.35,17627.85,17608.65,17613.05
2023-04-10T14:45:00+05:30,17627.85,17637.7,17618.2,17621.3
2023-04-10T14:15:00+05:30,17626.75,17630,17598.25,17628.8
2023-04-10T13:45:00+05:30,17661.15,17665.1,17622.95,17626.5
2023-04-10T13:15:00+05:30,17667.8,17674.15,17653.05,17659.95
2023-04-10T12:45:00+05:30,17676.05,17693.3,17666.95,17667.5
2023-04-10T12:15:00+05:30,17672,17689,17667,17677.5
2023-04-10T11:45:00+05:30,17647.35,17678.3,17644.6,17672.1
2023-04-10T11:15:00+05:30,17639.05,17649.9,17626.8,17647.2
2023-04-10T10:45:00+05:30,17629.15,17641.8,17609.1,17640
2023-04-10T10:15:00+05:30,17630.5,17636.4,17606.2,17629.2
2023-04-10T09:45:00+05:30,17651.05,17660.45,17624.2,17630
2023-04-10T09:15:00+05:30,17634.9,17656.2,17608.9,17650.9
2023-04-06T15:15:00+05:30,17591.9,17608.35,17590.65,17602
2023-04-06T14:45:00+05:30,17595.9,17613,17590.7,17591.35
2023-04-06T14:15:00+05:30,17576,17609.75,17568.7,17595.9
2023-04-06T13:45:00+05:30,17574.05,17586.55,17552,17575.6
2023-04-06T13:15:00+05:30,17618.35,17621.35,17572.25,17574.2
2023-04-06T12:45:00+05:30,17625.7,17637.7,17615.5,17618.45
2023-04-06T12:15:00+05:30,17602.5,17625.9,17597.65,17624.8
2023-04-06T11:45:00+05:30,17609.9,17617.5,17594.8,17602.3
2023-04-06T11:15:00+05:30,17617.5,17621.35,17581.8,17610.25
2023-04-06T10:45:00+05:30,17596.4,17619.55,17588.25,17618.25
2023-04-06T10:15:00+05:30,17588.8,17601.3,17577.6,17597.25
2023-04-06T09:45:00+05:30,17533.3,17600.55,17503.6,17588.5
2023-04-06T09:15:00+05:30,17533.85,17543.95,17512.25,17533.2
2023-04-05T15:15:00+05:30,17554.15,17570,17549.85,17561
2023-04-05T14:45:00+05:30,17542.9,17561.95,17535.65,17552.55
2023-04-05T14:15:00+05:30,17536.55,17549.05,17525.9,17543.1
2023-04-05T13:45:00+05:30,17525.8,17543.35,17517.15,17536.8
2023-04-05T13:15:00+05:30,17537.35,17544.7,17513.9,17525.7
2023-04-05T12:45:00+05:30,17525.6,17544.9,17517,17537.45
2023-04-05T12:15:00+05:30,17510.3,17527.65,17499.05,17525.7
2023-04-05T11:45:00+05:30,17488.7,17515.55,17487.6,17509.85
2023-04-05T11:15:00+05:30,17485.75,17498.7,17482.25,17488.2
2023-04-05T10:45:00+05:30,17506,17506.1,17478.15,17485.95
2023-04-05T10:15:00+05:30,17491.15,17513.8,17483.9,17505.15
2023-04-05T09:45:00+05:30,17458.3,17492.5,17457.4,17491.65
2023-04-05T09:15:00+05:30,17422.3,17473.15,17412.15,17457.95
2023-04-03T15:15:00+05:30,17403.85,17410.25,17393.55,17399.7
2023-04-03T14:45:00+05:30,17384.25,17404.55,17379.3,17404.1
2023-04-03T14:15:00+05:30,17371.25,17386.9,17356.75,17386.3
2023-04-03T13:45:00+05:30,17346.6,17372.6,17341.95,17370.65
2023-04-03T13:15:00+05:30,17348.15,17356.65,17338.45,17347.4
2023-04-03T12:45:00+05:30,17352.95,17368.75,17336.15,17348.25
2023-04-03T12:15:00+05:30,17351.6,17363,17342.95,17352.7
2023-04-03T11:45:00+05:30,17331.05,17363.6,17330.85,17351.65
2023-04-03T11:15:00+05:30,17324.25,17336.25,17312.9,17330.8
2023-04-03T10:45:00+05:30,17337.65,17353.75,17321.9,17324.3
2023-04-03T10:15:00+05:30,17368.2,17378.45,17336.25,17337.85
2023-04-03T09:45:00+05:30,17358.85,17381.9,17357.35,17367.9
2023-04-03T09:15:00+05:30,17427.95,17427.95,17325.8,17358.1
2023-03-31T15:15:00+05:30,17362.65,17367.5,17337.7,17358.3
2023-03-31T14:45:00+05:30,17358.7,17381.3,17351.65,17363.2
2023-03-31T14:15:00+05:30,17361.75,17373.7,17344.15,17357.75
2023-03-31T13:45:00+05:30,17345.95,17365.55,17341.45,17361.1
2023-03-31T13:15:00+05:30,17317.5,17345.4,17312.4,17344.35
2023-03-31T12:45:00+05:30,17323.25,17325.2,17306.55,17317.2
2023-03-31T12:15:00+05:30,17279,17323.1,17268.65,17322.25
2023-03-31T11:45:00+05:30,17274.75,17291.95,17268.2,17278.7
2023-03-31T11:15:00+05:30,17245.1,17283.35,17242.1,17275.5
2023-03-31T10:45:00+05:30,17248.15,17257.9,17235.55,17245.5
2023-03-31T10:15:00+05:30,17256.35,17269.6,17233.65,17248.2
2023-03-31T09:45:00+05:30,17277.9,17282.15,17253.65,17256.9
2023-03-31T09:15:00+05:30,17210.35,17289.1,17209.45,17278.25
2023-03-29T15:15:00+05:30,17096.25,17125.9,17087.15,17116.35
2023-03-29T14:45:00+05:30,17008.5,17096.6,17002.05,17094.85
2023-03-29T14:15:00+05:30,17045.3,17057.35,16990.4,17008.1
2023-03-29T13:45:00+05:30,17002.05,17051.75,16994,17045.35
2023-03-29T13:15:00+05:30,16979.95,17020.15,16979.55,17003
2023-03-29T12:45:00+05:30,16957.35,16989.2,16957.15,16979.95
2023-03-29T12:15:00+05:30,16952.45,16964.15,16941.15,16957.5
2023-03-29T11:45:00+05:30,16968.55,16980.35,16942.65,16952
2023-03-29T11:15:00+05:30,16976,16997.25,16967.05,16968.55
2023-03-29T10:45:00+05:30,17030.15,17035.2,16968.4,16977.7
2023-03-29T10:15:00+05:30,17016,17048.55,17010.85,17030.25
2023-03-29T09:45:00+05:30,17015.6,17032.7,17006,17016.45
2023-03-29T09:15:00+05:30,16977.3,17022.2,16977.3,17015.2
2023-03-28T15:15:00+05:30,16943.05,16966,16943.05,16956.85
2023-03-28T14:45:00+05:30,16946.75,16969.75,16930.65,16943.2
2023-03-28T14:15:00+05:30,16924.05,16950.35,16914.45,16946.8
2023-03-28T13:45:00+05:30,16962.25,16963.2,16914.2,16923.7
2023-03-28T13:15:00+05:30,16980.5,16985.65,16942.2,16962.7
2023-03-28T12:45:00+05:30,16953.75,16985.45,16950.6,16979.85
2023-03-28T12:15:00+05:30,16950.35,16972.9,16939.05,16953
2023-03-28T11:45:00+05:30,16982.8,16991.75,16950.6,16951.1
2023-03-28T11:15:00+05:30,16946.75,16984.7,16944.55,16982.55
2023-03-28T10:45:00+05:30,16946.1,16957.85,16930.35,16945.6
2023-03-28T10:15:00+05:30,16992.15,17000.9,16943.25,16946.3
2023-03-28T09:45:00+05:30,16986.35,16995.6,16971.35,16992.5
2023-03-28T09:15:00+05:30,17031.75,17061.5,16981.65,16986.2
2023-03-27T15:15:00+05:30,16982.4,16986.9,16953.95,16963.45
2023-03-27T14:45:00+05:30,17063.35,17075.1,16975.1,16982.45
2023-03-27T14:15:00+05:30,17040.2,17090.75,17040.2,17063.25
2023-03-27T13:45:00+05:30,17017.1,17049.25,17005.5,17039.85
2023-03-27T13:15:00+05:30,17009.6,17022.7,16982.6,17016.95
2023-03-27T12:45:00+05:30,17051.95,17056.45,17010.35,17010.35
2023-03-27T12:15:00+05:30,17035.05,17061.2,17034.15,17051.65
2023-03-27T11:45:00+05:30,17027.75,17051.85,17014.8,17034.65
2023-03-27T11:15:00+05:30,16997,17033.45,16975.75,17027.65
2023-03-27T10:45:00+05:30,16985.3,17011.25,16982.25,16996.95
2023-03-27T10:15:00+05:30,17031.15,17044.85,16985.35,16986.1
2023-03-27T09:45:00+05:30,17010.4,17038,16995.25,17030.55
2023-03-27T09:15:00+05:30,16984.3,17024.6,16919.4,17010.85
2023-03-24T15:15:00+05:30,16957.15,16961.05,16918.5,16932.6
2023-03-24T14:45:00+05:30,16988.3,16999.4,16951,16954.5
2023-03-24T14:15:00+05:30,17025.5,17025.55,16966.9,16986
2023-03-24T13:45:00+05:30,17036.95,17053.65,17008.55,17024.55
2023-03-24T13:15:00+05:30,17081.95,17091.6,17021.55,17036.75
2023-03-24T12:45:00+05:30,17056.55,17082.15,17040.4,17080.55
2023-03-24T12:15:00+05:30,17083.25,17097.95,17040,17056.1
2023-03-24T11:45:00+05:30,17075.3,17087.85,17055.5,17082.5
2023-03-24T11:15:00+05:30,17061.45,17075.35,17039.95,17073.6
2023-03-24T10:45:00+05:30,17017.05,17063.5,17010.8,17060.75
2023-03-24T10:15:00+05:30,17064.8,17087.8,17016.25,17017.75
2023-03-24T09:45:00+05:30,17037.05,17079.75,17026.75,17064.15
2023-03-24T09:15:00+05:30,17076.2,17108.55,16995.4,17037
2023-03-23T15:15:00+05:30,17069.9,17078.3,17061.75,17068.45
2023-03-23T14:45:00+05:30,17091.9,17117.5,17057.4,17070.1
2023-03-23T14:15:00+05:30,17128.75,17138.6,17081.5,17092.4
2023-03-23T13:45:00+05:30,17174.6,17180.4,17129.5,17129.5
2023-03-23T13:15:00+05:30,17177.05,17193.7,17171.35,17174.7
2023-03-23T12:45:00+05:30,17192.95,17205.05,17168.35,17176.7
2023-03-23T12:15:00+05:30,17167.45,17195.05,17156.4,17192.8
2023-03-23T11:45:00+05:30,17158.85,17171.3,17149.9,17168
2023-03-23T11:15:00+05:30,17136.5,17161.4,17132.75,17159.25
2023-03-23T10:45:00+05:30,17154.55,17157.35,17125.55,17136.35
2023-03-23T10:15:00+05:30,17137.5,17171.9,17136.95,17154.25
2023-03-23T09:45:00+05:30,17080.45,17142.35,17080.45,17136.7
2023-03-23T09:15:00+05:30,17097.4,17097.4,17046.1,17080.35
2023-03-22T15:15:00+05:30,17160,17164.6,17142.75,17142.75
2023-03-22T14:45:00+05:30,17118.3,17160.8,17111.15,17160.25
2023-03-22T14:15:00+05:30,17144.1,17151.5,17110.95,17118.5
2023-03-22T13:45:00+05:30,17142.75,17149.1,17116.7,17142.05
2023-03-22T13:15:00+05:30,17135.25,17156.05,17120.75,17142.7
2023-03-22T12:45:00+05:30,17134.7,17149.8,17130.8,17134.65
2023-03-22T12:15:00+05:30,17138.75,17165.4,17130.6,17133
2023-03-22T11:45:00+05:30,17149.1,17153.9,17128,17138.5
2023-03-22T11:15:00+05:30,17129.9,17151.8,17119.7,17148.75
2023-03-22T10:45:00+05:30,17132.6,17146.35,17108.8,17129.85
2023-03-22T10:15:00+05:30,17141.6,17151.7,17127.6,17132.3
2023-03-22T09:45:00+05:30,17169,17180.3,17140.8,17140.8
2023-03-22T09:15:00+05:30,17177.45,17207.15,17134.05,17168.65
2023-03-21T15:15:00+05:30,17103.35,17112.45,17095.5,17106.95
2023-03-21T14:45:00+05:30,17122.25,17127.1,17101.75,17104.2
2023-03-21T14:15:00+05:30,17088.5,17126.6,17085.75,17123.5
2023-03-21T13:45:00+05:30,17071.25,17110.7,17070,17088.4
2023-03-21T13:15:00+05:30,17097.2,17105.95,17065.55,17070.9
2023-03-21T12:45:00+05:30,17051.2,17100.25,17050.2,17097.75
2023-03-21T12:15:00+05:30,17031.55,17063.65,17028.35,17050.6
2023-03-21T11:45:00+05:30,17058.15,17058.3,17022.55,17030.95
2023-03-21T11:15:00+05:30,17065.1,17079.1,17053.25,17058.2
2023-03-21T10:45:00+05:30,17072.75,17077.6,17046.2,17065.4
2023-03-21T10:15:00+05:30,17065.8,17085.75,17056.3,17072.7
2023-03-21T09:45:00+05:30,17039.45,17070.2,17016.65,17066.05
2023-03-21T09:15:00+05:30,17060.4,17080.55,17026.45,17039.4
2023-03-20T15:15:00+05:30,16987.8,17008.45,16987.8,17003.45
2023-03-20T14:45:00+05:30,16928.85,16996.35,16920.2,16987.3
2023-03-20T14:15:00+05:30,16891.35,16948.45,16874.3,16928.7
2023-03-20T13:45:00+05:30,16858.8,16899.45,16848.2,16891.35
2023-03-20T13:15:00+05:30,16868.9,16901.35,16842.8,16858.05
2023-03-20T12:45:00+05:30,16885.75,16886.45,16830.75,16869.75
2023-03-20T12:15:00+05:30,16867.4,16886.15,16845.95,16884.4
2023-03-20T11:45:00+05:30,16913.3,16930.3,16865.55,16865.65
2023-03-20T11:15:00+05:30,16945.3,16949.5,16906.7,16912.8
2023-03-20T10:45:00+05:30,16907.85,16963.6,16900.65,16945.25
2023-03-20T10:15:00+05:30,16909.85,16921.85,16882.25,16907.95
2023-03-20T09:45:00+05:30,16950.55,16964.75,16904,16910.15
2023-03-20T09:15:00+05:30,17066.6,17066.6,16929.55,16952.25
2023-03-17T15:15:00+05:30,17112.95,17125.9,17082.9,17123.7
2023-03-17T14:45:00+05:30,17066.7,17124.95,17039.25,17113.85
2023-03-17T14:15:00+05:30,17059.2,17080.05,17008.7,17067.45
2023-03-17T13:45:00+05:30,17004.6,17082.15,17004.25,17058.2
2023-03-17T13:15:00+05:30,16984.9,17029,16975.85,17004.35
2023-03-17T12:45:00+05:30,16977.15,17009.9,16958.45,16985.5
2023-03-17T12:15:00+05:30,16985.5,16991.7,16964.05,16977.55
2023-03-17T11:45:00+05:30,17008.05,17057.25,16980.1,16985.9
2023-03-17T11:15:00+05:30,17028.05,17039.15,16991,17007.85
2023-03-17T10:45:00+05:30,17065.45,17069.85,17027.35,17028.55
2023-03-17T10:15:00+05:30,17080.95,17100.45,17056.15,17066.45
2023-03-17T09:45:00+05:30,17071.55,17100.05,17049.25,17081
2023-03-17T09:15:00+05:30,17111.8,17144.4,17069.3,17069.3
2023-03-16T15:15:00+05:30,16978,17014.65,16973.3,17010.15
2023-03-16T14:45:00+05:30,17030.5,17039.25,16950.2,16976.9
2023-03-16T14:15:00+05:30,17037.2,17062.2,17023.95,17031.15
2023-03-16T13:45:00+05:30,16965.1,17039.5,16937.2,17035.95
2023-03-16T13:15:00+05:30,16972.85,16999.5,16950.75,16965.85
2023-03-16T12:45:00+05:30,16924.95,16972.15,16919.95,16972.15
2023-03-16T12:15:00+05:30,16929.75,16949.4,16910.4,16925.15
2023-03-16T11:45:00+05:30,16993.5,17003,16927.45,16929.4
2023-03-16T11:15:00+05:30,17027.95,17044.2,16971.85,16993.45
2023-03-16T10:45:00+05:30,16991.15,17046.15,16966.7,17027.85
2023-03-16T10:15:00+05:30,16877.95,17009.95,16869.9,16993.45
2023-03-16T09:45:00+05:30,16866.25,16892.85,16850.4,16877.65
2023-03-16T09:15:00+05:30,16994.65,16994.65,16862.7,16865.05
2023-03-15T15:15:00+05:30,16965.05,16975.55,16940.35,16973.85
2023-03-15T14:45:00+05:30,17019.8,17031.75,16960.9,16964.45
2023-03-15T14:15:00+05:30,17048.85,17062,17018.6,17019.4
2023-03-15T13:45:00+05:30,17078,17078,17026.4,17047.7
2023-03-15T13:15:00+05:30,17049.35,17081.35,17040.05,17074.85
2023-03-15T12:45:00+05:30,17100.85,17107.35,17042.2,17049.15
2023-03-15T12:15:00+05:30,17097.75,17107.9,17078.45,17101
2023-03-15T11:45:00+05:30,17142.75,17147.15,17096.95,17097.1
2023-03-15T11:15:00+05:30,17113.75,17159.3,17110,17142.65
2023-03-15T10:45:00+05:30,17119.75,17127.05,17094.9,17113.35
2023-03-15T10:15:00+05:30,17155.7,17170.85,17114.8,17119.3
2023-03-15T09:45:00+05:30,17149.4,17170.55,17129,17155.7
2023-03-15T09:15:00+05:30,17166.45,17210.6,17125.35,17149
2023-03-14T15:15:00+05:30,17060,17068.65,17037.8,17068.65
2023-03-14T14:45:00+05:30,17046.3,17070.3,17012.1,17059.45
2023-03-14T14:15:00+05:30,17009.5,17075.95,16987.5,17044.95
2023-03-14T13:45:00+05:30,17040.45,17053.05,16999.1,17008.7
2023-03-14T13:15:00+05:30,17034.8,17064.15,17005.4,17041
2023-03-14T12:45:00+05:30,17104.2,17104.8,17027.1,17036.5
2023-03-14T12:15:00+05:30,17068.95,17185.7,17059.15,17105.05
2023-03-14T11:45:00+05:30,17070.85,17076.1,17042.4,17069.2
2023-03-14T11:15:00+05:30,17055.25,17088.9,17038.9,17071.95
2023-03-14T10:45:00+05:30,17101,17123.2,17049.6,17055.6
2023-03-14T10:15:00+05:30,17126.85,17126.85,17067.25,17100.8
2023-03-14T09:45:00+05:30,17158.7,17191.35,17127.1,17127.5
2023-03-14T09:15:00+05:30,17160.55,17224.1,17112.85,17157.6
2023-03-13T15:15:00+05:30,17142.9,17198.05,17142.9,17184.6
2023-03-13T14:45:00+05:30,17148.7,17167.7,17114.75,17141
2023-03-13T14:15:00+05:30,17190.05,17197.25,17115.1,17148.55
2023-03-13T13:45:00+05:30,17225.35,17240.95,17186.6,17190.3
2023-03-13T13:15:00+05:30,17268.95,17294.7,17208.85,17225.4
2023-03-13T12:45:00+05:30,17286.05,17294.15,17258.35,17269.65
2023-03-13T12:15:00+05:30,17341.85,17357.8,17287.5,17287.55
2023-03-13T11:45:00+05:30,17361.7,17369.5,17330,17342.1
2023-03-13T11:15:00+05:30,17393.15,17409.95,17351.9,17363.4
2023-03-13T10:45:00+05:30,17437.9,17452.6,17383.75,17393.95
2023-03-13T10:15:00+05:30,17455.4,17470.35,17421.9,17437.6
2023-03-13T09:45:00+05:30,17454.4,17482.2,17432.15,17455.6
2023-03-13T09:15:00+05:30,17421.9,17529.05,17388.5,17453.55
2023-03-10T15:15:00+05:30,17410.15,17425.95,17408.8,17418.6
2023-03-10T14:45:00+05:30,17383.7,17418.65,17367.15,17409.9
2023-03-10T14:15:00+05:30,17394.35,17399.95,17376.85,17383.25
2023-03-10T13:45:00+05:30,17385.05,17404.35,17373.45,17394.35
2023-03-10T13:15:00+05:30,17418.1,17418.9,17381.75,17385.15
2023-03-10T12:45:00+05:30,17404.05,17429.15,17400.2,17417.85
2023-03-10T12:15:00+05:30,17394.95,17413.65,17376.7,17403.85
2023-03-10T11:45:00+05:30,17408.15,17418.1,17395.3,17395.5
2023-03-10T11:15:00+05:30,17419.2,17435.05,17403.8,17408.5
2023-03-10T10:45:00+05:30,17406.8,17428.2,17394.5,17418.2
2023-03-10T10:15:00+05:30,17393.1,17427.4,17381.9,17406.85
2023-03-10T09:45:00+05:30,17334.15,17400.15,17330.6,17392.65
2023-03-10T09:15:00+05:30,17443.8,17443.8,17326,17332.4
2023-03-09T15:15:00+05:30,17587.2,17587.8,17574.7,17582.8
2023-03-09T14:45:00+05:30,17618.15,17620.7,17586.4,17586.4
2023-03-09T14:15:00+05:30,17627.75,17630.6,17607.8,17618.4
2023-03-09T13:45:00+05:30,17626.25,17634.3,17613,17627.65
2023-03-09T13:15:00+05:30,17658.5,17670.95,17620.9,17625.8
2023-03-09T12:45:00+05:30,17660.9,17677.05,17644.85,17658.2
2023-03-09T12:15:00+05:30,17680.3,17680.95,17651.7,17660.65
2023-03-09T11:45:00+05:30,17715.3,17716.9,17674.7,17680.65
2023-03-09T11:15:00+05:30,17703.45,17723.4,17692.3,17714.55
2023-03-09T10:45:00+05:30,17679.9,17703.9,17679.9,17703.55
2023-03-09T10:15:00+05:30,17674.55,17704.7,17668.95,17679.4
2023-03-09T09:45:00+05:30,17723.8,17735.3,17670.65,17675.3
2023-03-09T09:15:00+05:30,17772.05,17772.05,17711.35,17723.55
2023-03-08T15:15:00+05:30,17756.15,17766.4,17747.25,17751.5
2023-03-08T14:45:00+05:30,17700.1,17764.05,17693.75,17756.6
2023-03-08T14:15:00+05:30,17708.3,17718.95,17693.7,17700.55
2023-03-08T13:45:00+05:30,17681.9,17717.3,17680.85,17708.65
2023-03-08T13:15:00+05:30,17671,17688.85,17671,17681.95
2023-03-08T12:45:00+05:30,17661.3,17684.75,17658.45,17670.95
2023-03-08T12:15:00+05:30,17650.7,17673.8,17645.9,17661.6
2023-03-08T11:45:00+05:30,17666.6,17672.05,17647.9,17650.75
2023-03-08T11:15:00+05:30,17682.8,17694.6,17663.9,17666.95
2023-03-08T10:45:00+05:30,17693.85,17705.15,17681.7,17682.2
2023-03-08T10:15:00+05:30,17697.6,17711.7,17684.9,17693.7
2023-03-08T09:45:00+05:30,17666.15,17710.4,17652.55,17697.2
2023-03-08T09:15:00+05:30,17665.75,17692.15,17603.55,17665.95
2023-03-06T15:15:00+05:30,17709.3,17727.25,17703.45,17719.85
2023-03-06T14:45:00+05:30,17722.05,17731.25,17704,17709.35
2023-03-06T14:15:00+05:30,17722.6,17747.1,17719.95,17722.05
2023-03-06T13:45:00+05:30,17734.1,17742.05,17717.45,17723.25
2023-03-06T13:15:00+05:30,17770.1,17773.8,17725.75,17734.5
2023-03-06T12:45:00+05:30,17762.4,17776.25,17739.4,17770.5
2023-03-06T12:15:00+05:30,17779.7,17785.95,17751.95,17762.1
2023-03-06T11:45:00+05:30,17774.2,17786.1,17762.9,17779.6
2023-03-06T11:15:00+05:30,17779.75,17780.4,17750.05,17774.4
2023-03-06T10:45:00+05:30,17783.4,17798.35,17758.25,17779.35
2023-03-06T10:15:00+05:30,17775.2,17793.9,17774.25,17783.95
2023-03-06T09:45:00+05:30,17763.05,17779.15,17753.6,17775.15
2023-03-06T09:15:00+05:30,17680.35,17765.45,17680.35,17763.5
2023-03-03T15:15:00+05:30,17591.05,17598.35,17585,17592.3
2023-03-03T14:45:00+05:30,17622.85,17644.7,17587.2,17591.9
2023-03-03T14:15:00+05:30,17609.7,17632.55,17609.2,17623.6
2023-03-03T13:45:00+05:30,17602.7,17613.75,17596.7,17609.75
2023-03-03T13:15:00+05:30,17561.05,17603.8,17560.55,17603.2
2023-03-03T12:45:00+05:30,17540.9,17565.65,17539.9,17561.65
2023-03-03T12:15:00+05:30,17570.55,17575.25,17535.9,17540.2
2023-03-03T11:45:00+05:30,17575.65,17578.05,17563.3,17570.55
2023-03-03T11:15:00+05:30,17547.5,17578.45,17534.9,17575.15
2023-03-03T10:45:00+05:30,17531.45,17555.85,17530.5,17547.85
2023-03-03T10:15:00+05:30,17513.9,17533.8,17508.55,17531.3
2023-03-03T09:45:00+05:30,17463.5,17514.3,17462.4,17512.65
2023-03-03T09:15:00+05:30,17451.25,17487,17430.5,17462.9
2023-03-02T15:15:00+05:30,17329.95,17330.65,17311.45,17318.65
2023-03-02T14:45:00+05:30,17323.65,17335.85,17314.35,17329.4
2023-03-02T14:15:00+05:30,17334.45,17345.4,17317.75,17323.85
2023-03-02T13:45:00+05:30,17316,17339.65,17306.5,17334.3
2023-03-02T13:15:00+05:30,17350.75,17368.15,17316.05,17316.05
2023-03-02T12:45:00+05:30,17377.6,17388.3,17350.6,17350.6
2023-03-02T12:15:00+05:30,17387.35,17391.8,17370.7,17377.8
2023-03-02T11:45:00+05:30,17375.5,17401.8,17373.95,17386.8
2023-03-02T11:15:00+05:30,17376.05,17380.95,17363,17376.05
2023-03-02T10:45:00+05:30,17382.85,17388,17356.15,17376.1
2023-03-02T10:15:00+05:30,17354.5,17387.55,17345.7,17382.95
2023-03-02T09:45:00+05:30,17388.75,17393.45,17344.45,17353.8
2023-03-02T09:15:00+05:30,17421.5,17444.55,17364.15,17388.15
2023-03-01T15:15:00+05:30,17447.15,17459.4,17445.9,17457.85
2023-03-01T14:45:00+05:30,17466.05,17467.5,17442.9,17447.1
2023-03-01T14:15:00+05:30,17442.4,17466.15,17428.55,17465.55
2023-03-01T13:45:00+05:30,17421.65,17445.05,17415.4,17442.9
2023-03-01T13:15:00+05:30,17415.2,17422.05,17401.8,17420.55
2023-03-01T12:45:00+05:30,17417.35,17429.75,17410.8,17414.25
2023-03-01T12:15:00+05:30,17407.55,17422.75,17393.6,17417.3
2023-03-01T11:45:00+05:30,17429.45,17431.15,17406.7,17407.8
2023-03-01T11:15:00+05:30,17430.85,17441.2,17417.5,17429.25
2023-03-01T10:45:00+05:30,17418.2,17430.55,17409.5,17430.5
2023-03-01T10:15:00+05:30,17404.6,17427,17389.55,17418.5
2023-03-01T09:45:00+05:30,17405.75,17420.95,17384.6,17404.15
2023-03-01T09:15:00+05:30,17360.1,17421.75,17353.45,17405.45
2023-02-28T15:15:00+05:30,17313.3,17322.8,17296.05,17317.2
2023-02-28T14:45:00+05:30,17275.85,17342.1,17274.6,17313.55
2023-02-28T14:15:00+05:30,17260.95,17315.45,17260.9,17274.85
2023-02-28T13:45:00+05:30,17327.75,17334.25,17255.9,17261.25
2023-02-28T13:15:00+05:30,17348.25,17360.9,17327.9,17329.05
2023-02-28T12:45:00+05:30,17354.55,17368.3,17339.95,17348.6
2023-02-28T12:15:00+05:30,17384.85,17401.15,17354.45,17354.6
2023-02-28T11:45:00+05:30,17345.9,17386.35,17344.8,17385
2023-02-28T11:15:00+05:30,17374.75,17380.95,17343.75,17345.35
2023-02-28T10:45:00+05:30,17362.2,17379.7,17346.4,17375.05
2023-02-28T10:15:00+05:30,17380.95,17415.7,17363.35,17363.35
2023-02-28T09:45:00+05:30,17421.2,17432.8,17369.9,17380.45
2023-02-28T09:15:00+05:30,17383.25,17440.2,17368.8,17421.6
2023-02-27T15:15:00+05:30,17401.75,17411.05,17388.55,17406.35
2023-02-27T14:45:00+05:30,17353.75,17405.3,17336.1,17402.5
2023-02-27T14:15:00+05:30,17354.05,17363.45,17336.7,17353.65
2023-02-27T13:45:00+05:30,17333.05,17374.15,17327,17354.2
2023-02-27T13:15:00+05:30,17306.95,17342.2,17304,17333.15
2023-02-27T12:45:00+05:30,17333.75,17347.9,17300.1,17308.5
2023-02-27T12:15:00+05:30,17328.7,17347.15,17322.65,17333.75
2023-02-27T11:45:00+05:30,17379,17397.3,17323.8,17329.05
2023-02-27T11:15:00+05:30,17376.45,17394.3,17343.85,17379.8
2023-02-27T10:45:00+05:30,17323.2,17376.95,17307.2,17376.65
2023-02-27T10:15:00+05:30,17306.35,17332.6,17301.7,17323.45
2023-02-27T09:45:00+05:30,17406.55,17419.8,17304.4,17306.4
2023-02-27T09:15:00+05:30,17428.6,17450.75,17358.8,17407
2023-02-24T15:15:00+05:30,17474.4,17476.8,17458.1,17465.45
2023-02-24T14:45:00+05:30,17455.6,17481.2,17433.35,17474.15
2023-02-24T14:15:00+05:30,17444.65,17471.1,17422.55,17454.95
2023-02-24T13:45:00+05:30,17456.7,17485.45,17439.45,17444.8
2023-02-24T13:15:00+05:30,17431.85,17458.4,17426.8,17457.05
2023-02-24T12:45:00+05:30,17459.25,17464.7,17423.65,17431.55
2023-02-24T12:15:00+05:30,17489.7,17489.7,17452,17459.25
2023-02-24T11:45:00+05:30,17499.85,17510.5,17487,17490
2023-02-24T11:15:00+05:30,17519.8,17534.85,17496.15,17499.4
2023-02-24T10:45:00+05:30,17532.6,17532.95,17501.95,17519.45
2023-02-24T10:15:00+05:30,17549.2,17565.7,17525.4,17531.95
2023-02-24T09:45:00+05:30,17552.45,17565.8,17514.15,17548.95
2023-02-24T09:15:00+05:30,17591.35,17599.75,17545.7,17552.3
2023-02-23T15:15:00+05:30,17503.35,17524.15,17499.05,17523.8
2023-02-23T14:45:00+05:30,17543.3,17560.55,17490.4,17503.3
2023-02-23T14:15:00+05:30,17569.75,17581.2,17537.9,17544.45
2023-02-23T13:45:00+05:30,17568.3,17592,17560.35,17569.1
2023-02-23T13:15:00+05:30,17576.2,17579.7,17542.3,17567.7
2023-02-23T12:45:00+05:30,17527.55,17585.8,17526.3,17576.05
2023-02-23T12:15:00+05:30,17550,17558.95,17527.2,17528.4
2023-02-23T11:45:00+05:30,17583.35,17585.35,17544.55,17552.25
2023-02-23T11:15:00+05:30,17580.35,17595.35,17564,17583.65
2023-02-23T10:45:00+05:30,17602.5,17603.55,17547.1,17580.55
2023-02-23T10:15:00+05:30,17581.75,17619.4,17576.25,17602.45
2023-02-23T09:45:00+05:30,17471.85,17608.9,17456.7,17582.15
2023-02-23T09:15:00+05:30,17574.65,17575.45,17471.85,17472.95
2023-02-22T15:15:00+05:30,17556.3,17559.85,17543.05,17552.5
2023-02-22T14:45:00+05:30,17573.4,17593.55,17544.75,17557.7
2023-02-22T14:15:00+05:30,17537.15,17587.5,17529.55,17576.05
2023-02-22T13:45:00+05:30,17564.65,17579.85,17535.55,17538.2
2023-02-22T13:15:00+05:30,17607.35,17616.35,17562.55,17566.35
2023-02-22T12:45:00+05:30,17615.95,17634.35,17606.65,17608.85
2023-02-22T12:15:00+05:30,17651.05,17656.85,17609.05,17615.9
2023-02-22T11:45:00+05:30,17650.1,17658.05,17639.1,17651.65
2023-02-22T11:15:00+05:30,17670.05,17677.4,17646.75,17650.4
2023-02-22T10:45:00+05:30,17656.15,17674.45,17652.2,17670.05
2023-02-22T10:15:00+05:30,17683,17683.65,17652.8,17656
2023-02-22T09:45:00+05:30,17716.35,17716.75,17671.7,17683.3
2023-02-22T09:15:00+05:30,17755.35,17771.85,17712.1,17716.75
2023-02-21T15:15:00+05:30,17819.25,17845.1,17817.15,17842.1
2023-02-21T14:45:00+05:30,17840.55,17855.95,17800.6,17819.15
2023-02-21T14:15:00+05:30,17870.35,17874.55,17816.1,17840.95
2023-02-21T13:45:00+05:30,17873.15,17891.15,17869.2,17870.75
2023-02-21T13:15:00+05:30,17855.35,17880,17844.2,17874
2023-02-21T12:45:00+05:30,17830.25,17856.85,17829,17853.8
2023-02-21T12:15:00+05:30,17862.2,17866.45,17818,17830.55
2023-02-21T11:45:00+05:30,17870.85,17894.8,17851.7,17862.9
2023-02-21T11:15:00+05:30,17908.45,17916.65,17870.25,17870.8
2023-02-21T10:45:00+05:30,17904.6,17914.65,17892.55,17908.2
2023-02-21T10:15:00+05:30,17904.8,17924.4,17899.05,17904.5
2023-02-21T09:45:00+05:30,17871.7,17906.8,17847.85,17904.05
2023-02-21T09:15:00+05:30,17905.8,17905.8,17839.15,17870.85
2023-02-20T15:15:00+05:30,17845.65,17856.65,17836.15,17847.7
2023-02-20T14:45:00+05:30,17842.15,17864.15,17828.05,17843.85
2023-02-20T14:15:00+05:30,17841.65,17851.25,17818.75,17842.15
2023-02-20T13:45:00+05:30,17855.55,17872.05,17837.45,17842.05
2023-02-20T13:15:00+05:30,17903.7,17908.05,17851.35,17857.4
2023-02-20T12:45:00+05:30,17892.85,17912.65,17883.55,17903.5
2023-02-20T12:15:00+05:30,17915.65,17933.1,17891.4,17893
2023-02-20T11:45:00+05:30,17939.8,17952.25,17915.4,17916.5
2023-02-20T11:15:00+05:30,17965.25,17969.5,17926.8,17938.25
2023-02-20T10:45:00+05:30,17959.5,17967.7,17953.05,17964.75
2023-02-20T10:15:00+05:30,17959.05,17981.75,17942.05,17959.8
2023-02-20T09:45:00+05:30,17982.75,18003.95,17956.15,17959.05
2023-02-20T09:15:00+05:30,17965.55,17983.2,17903.6,17982.3
2023-02-17T15:15:00+05:30,17949,17953.35,17939.85,17942.6
2023-02-17T14:45:00+05:30,17905.8,17952.05,17894.55,17949.45
2023-02-17T14:15:00+05:30,17910.4,17936.9,17905.3,17906.35
2023-02-17T13:45:00+05:30,17890.5,17921.1,17885.95,17910.15
2023-02-17T13:15:00+05:30,17920.75,17937.2,17888.25,17889.7
2023-02-17T12:45:00+05:30,17944.75,17963,17912.85,17921.05
2023-02-17T12:15:00+05:30,17972.5,17972.95,17938.85,17945.95
2023-02-17T11:45:00+05:30,17984.55,17996.5,17971.1,17973.6
2023-02-17T11:15:00+05:30,17984.15,17999.85,17974.5,17985.15
2023-02-17T10:45:00+05:30,17998.7,18004.7,17977.65,17985
2023-02-17T10:15:00+05:30,17976.85,18003.75,17967.75,17998.55
2023-02-17T09:45:00+05:30,18004.15,18033.7,17974.55,17976.45
2023-02-17T09:15:00+05:30,17974.85,18008.4,17928.95,18003.35
2023-02-16T15:15:00+05:30,18033,18035.5,18001.05,18015.25
2023-02-16T14:45:00+05:30,18072.7,18080.75,18033.5,18034.1
2023-02-16T14:15:00+05:30,18083.5,18090.2,18039.7,18071.35
2023-02-16T13:45:00+05:30,18094.85,18098.8,18064.5,18082.7
2023-02-16T13:15:00+05:30,18083.25,18100.75,18078.7,18095.05
2023-02-16T12:45:00+05:30,18065,18084.6,18052.75,18083.9
2023-02-16T12:15:00+05:30,18088.6,18093.75,18055.15,18065.65
2023-02-16T11:45:00+05:30,18103.95,18106.6,18084,18089.4
2023-02-16T11:15:00+05:30,18114.05,18121.25,18096.35,18103.6
2023-02-16T10:45:00+05:30,18109.5,18124.8,18108.9,18114.3
2023-02-16T10:15:00+05:30,18107.85,18115.7,18091.1,18109.45
2023-02-16T09:45:00+05:30,18132.35,18133.95,18105.1,18108.65
2023-02-16T09:15:00+05:30,18094.75,18134,18063.4,18131.65
2023-02-15T15:15:00+05:30,18014.6,18033.8,18013.55,18023.2
2023-02-15T14:45:00+05:30,17957,18019.3,17954.9,18015.1
2023-02-15T14:15:00+05:30,17935.75,17968.55,17930.3,17957.3
2023-02-15T13:45:00+05:30,17911.9,17940.55,17905.05,17935.95
2023-02-15T13:15:00+05:30,17923.7,17940.25,17908.05,17912.55
2023-02-15T12:45:00+05:30,17932.55,17944.05,17917.35,17923.8
2023-02-15T12:15:00+05:30,17915.5,17936.4,17904.3,17932.05
2023-02-15T11:45:00+05:30,17941.95,17947.65,17906.4,17915.2
2023-02-15T11:15:00+05:30,17941,17959,17926.65,17941.95
2023-02-15T10:45:00+05:30,17916.9,17942.65,17916.65,17940.75
2023-02-15T10:15:00+05:30,17923.25,17939.5,17912.2,17917.75
2023-02-15T09:45:00+05:30,17860.8,17929.3,17860.8,17923.75
2023-02-15T09:15:00+05:30,17896.6,17900.3,17853.9,17861.4
2023-02-14T15:15:00+05:30,17925,17930.55,17918.95,17921.85
2023-02-14T14:45:00+05:30,17942.35,17949.9,17924.35,17924.85
2023-02-14T14:15:00+05:30,17940.85,17947.95,17930.9,17943.15
2023-02-14T13:45:00+05:30,17904.85,17954.45,17904.85,17941.9
2023-02-14T13:15:00+05:30,17916.15,17920.05,17895.65,17905.05
2023-02-14T12:45:00+05:30,17917.6,17925.15,17904.2,17916.6
2023-02-14T12:15:00+05:30,17897.1,17918.6,17893,17918.6
2023-02-14T11:45:00+05:30,17870.95,17902.3,17870.1,17897.35
2023-02-14T11:15:00+05:30,17853.25,17871.35,17849.15,17870.85
2023-02-14T10:45:00+05:30,17848.95,17859.7,17829.25,17853.2
2023-02-14T10:15:00+05:30,17836.4,17848.65,17827.9,17848.65
2023-02-14T09:45:00+05:30,17814.05,17844.55,17800.45,17837.05
2023-02-14T09:15:00+05:30,17840.35,17857.95,17802.1,17813.55
2023-02-13T15:15:00+05:30,17765.2,17770.85,17760.1,17764.55
2023-02-13T14:45:00+05:30,17796.75,17802.8,17764.85,17765.05
2023-02-13T14:15:00+05:30,17767.3,17798.65,17763.55,17797.35
2023-02-13T13:45:00+05:30,17767,17783.9,17759.35,17768.7
2023-02-13T13:15:00+05:30,17769,17779.55,17754.05,17766.5
2023-02-13T12:45:00+05:30,17736.7,17771.65,17729.2,17769.35
2023-02-13T12:15:00+05:30,17747.6,17747.65,17720.25,17738
2023-02-13T11:45:00+05:30,17766.05,17778.45,17741.55,17746.85
2023-02-13T11:15:00+05:30,17789.5,17794.85,17754.35,17766.45
2023-02-13T10:45:00+05:30,17779.7,17792.7,17773.75,17790.15
2023-02-13T10:15:00+05:30,17746.15,17790.75,17738.45,17779.55
2023-02-13T09:45:00+05:30,17830.9,17830.9,17736.1,17746.25
2023-02-13T09:15:00+05:30,17859.1,17879.8,17801.8,17830
2023-02-10T15:15:00+05:30,17862.1,17864.4,17840,17843.35
2023-02-10T14:45:00+05:30,17835.05,17865.15,17823.65,17861.8
2023-02-10T14:15:00+05:30,17850.1,17857.5,17834.1,17835.6
2023-02-10T13:45:00+05:30,17840.65,17858.9,17833.3,17850.55
2023-02-10T13:15:00+05:30,17822.85,17844.8,17815.1,17840.3
2023-02-10T12:45:00+05:30,17833.55,17838.55,17815.9,17822.7
2023-02-10T12:15:00+05:30,17824.15,17842.95,17821.8,17833.05
2023-02-10T11:45:00+05:30,17850.5,17858.55,17820.35,17823.75
2023-02-10T11:15:00+05:30,17866.6,17876.95,17845.8,17850.45
2023-02-10T10:45:00+05:30,17844.3,17867.85,17844,17866.7
2023-02-10T10:15:00+05:30,17828.95,17848.6,17820.6,17844.65
2023-02-10T09:45:00+05:30,17811.3,17846.95,17801.15,17829.3
2023-02-10T09:15:00+05:30,17847.55,17870.1,17808.7,17811.7
2023-02-09T15:15:00+05:30,17893.1,17904.8,17890.9,17897.1
2023-02-09T14:45:00+05:30,17898.3,17900.35,17876.3,17893.55
2023-02-09T14:15:00+05:30,17900,17904.1,17879.45,17897.8
2023-02-09T13:45:00+05:30,17866.45,17915.55,17863.05,17899.85
2023-02-09T13:15:00+05:30,17831.45,17869.55,17824.45,17866.4
2023-02-09T12:45:00+05:30,17828.2,17845.7,17826,17831.25
2023-02-09T12:15:00+05:30,17833.7,17855.55,17822.8,17827.4
2023-02-09T11:45:00+05:30,17867.2,17875.05,17831,17833.6
2023-02-09T11:15:00+05:30,17865.2,17885.05,17861.5,17867
2023-02-09T10:45:00+05:30,17865.95,17870.8,17844.65,17865.5
2023-02-09T10:15:00+05:30,17856.75,17881.25,17850.15,17866.75
2023-02-09T09:45:00+05:30,17789.8,17869.25,17780.5,17855.8
2023-02-09T09:15:00+05:30,17885.5,17885.5,17783.75,17789.7
2023-02-08T15:15:00+05:30,17871.5,17877.85,17857.65,17862.5
2023-02-08T14:45:00+05:30,17888.3,17898.55,17863.45,17871.2
2023-02-08T14:15:00+05:30,17885.5,17897.4,17869.4,17888.45
2023-02-08T13:45:00+05:30,17866.9,17888.75,17860.95,17885.55
2023-02-08T13:15:00+05:30,17852.1,17888.7,17845,17867.75
2023-02-08T12:45:00+05:30,17845.05,17864.75,17835.85,17851.8
2023-02-08T12:15:00+05:30,17851,17855.2,17829.45,17845.2
2023-02-08T11:45:00+05:30,17873.35,17880.4,17831.7,17851.75
2023-02-08T11:15:00+05:30,17840.85,17874.35,17836.45,17874.35
2023-02-08T10:45:00+05:30,17812.05,17844.4,17799.95,17840.7
2023-02-08T10:15:00+05:30,17861.2,17867.85,17810.45,17812.35
2023-02-08T09:45:00+05:30,17839.35,17878.4,17816.8,17861.7
2023-02-08T09:15:00+05:30,17750.3,17844.45,17745.3,17839.4
2023-02-07T15:15:00+05:30,17720.8,17722.7,17704.8,17720.4
2023-02-07T14:45:00+05:30,17753.35,17778.6,17715.15,17720
2023-02-07T14:15:00+05:30,17728.05,17754.1,17709.85,17753.85
2023-02-07T13:45:00+05:30,17717,17740.5,17700.5,17729
2023-02-07T13:15:00+05:30,17654.6,17727.9,17652.6,17718.25
2023-02-07T12:45:00+05:30,17690.85,17698.75,17654.3,17654.65
2023-02-07T12:15:00+05:30,17723.05,17723.05,17689.35,17691.6
2023-02-07T11:45:00+05:30,17734,17747.5,17722.25,17723.95
2023-02-07T11:15:00+05:30,17766.45,17770.25,17736.7,17736.7
2023-02-07T10:45:00+05:30,17769.15,17777.35,17744.8,17767.45
2023-02-07T10:15:00+05:30,17750.75,17787.05,17737.55,17769.9
2023-02-07T09:45:00+05:30,17750.7,17769.3,17731.05,17750.8
2023-02-07T09:15:00+05:30,17790.1,17810.85,17746.15,17750.25
2023-02-06T15:15:00+05:30,17762.2,17767.5,17756.05,17761.2
2023-02-06T14:45:00+05:30,17755.25,17780,17739.4,17761.75
2023-02-06T14:15:00+05:30,17773.7,17776.5,17746.5,17754.8
2023-02-06T13:45:00+05:30,17764.9,17784.85,17740.75,17773.25
2023-02-06T13:15:00+05:30,17721.3,17770.6,17717,17764.9
2023-02-06T12:45:00+05:30,17725.95,17744.45,17718.95,17721.75
2023-02-06T12:15:00+05:30,17728.4,17746.7,17717.15,17725.7
2023-02-06T11:45:00+05:30,17727.6,17758.15,17723.4,17728.4
2023-02-06T11:15:00+05:30,17718.85,17746,17714.25,17727.95
2023-02-06T10:45:00+05:30,17723.55,17735.5,17698.9,17718.8
2023-02-06T10:15:00+05:30,17774.1,17777.45,17705.45,17723.2
2023-02-06T09:45:00+05:30,17779.7,17794.8,17741.3,17774.15
2023-02-06T09:15:00+05:30,17818.55,17818.55,17713.2,17779.75
2023-02-03T15:15:00+05:30,17855.05,17861.35,17825.75,17830.8
2023-02-03T14:45:00+05:30,17830.55,17869.85,17817.95,17854.3
2023-02-03T14:15:00+05:30,17749.1,17842.65,17749,17830
2023-02-03T13:45:00+05:30,17735.95,17764.95,17718.7,17747.8
2023-02-03T13:15:00+05:30,17707.15,17740.75,17683.65,17734.8
2023-02-03T12:45:00+05:30,17697.25,17721.35,17678.75,17707.3
2023-02-03T12:15:00+05:30,17677.25,17707.05,17671.65,17696.9
2023-02-03T11:45:00+05:30,17632.95,17680.5,17626,17677.1
2023-02-03T11:15:00+05:30,17627.2,17642.95,17587.25,17633.3
2023-02-03T10:45:00+05:30,17585.45,17657.85,17584.35,17626.6
2023-02-03T10:15:00+05:30,17676.75,17690,17584.4,17584.4
2023-02-03T09:45:00+05:30,17658.85,17694.25,17646.85,17676.05
2023-02-03T09:15:00+05:30,17721.75,17725.5,17643,17659.05
2023-02-02T15:15:00+05:30,17610.05,17630.05,17603.5,17611.75
2023-02-02T14:45:00+05:30,17602.75,17633.1,17568.85,17610.85
2023-02-02T14:15:00+05:30,17546.55,17609.05,17541,17602.05
2023-02-02T13:45:00+05:30,17530.9,17556.35,17491,17543.75
2023-02-02T13:15:00+05:30,17553.85,17561.95,17500.75,17530.2
2023-02-02T12:45:00+05:30,17556.3,17588.45,17528.6,17553.25
2023-02-02T12:15:00+05:30,17620.15,17623,17545.15,17555.1
2023-02-02T11:45:00+05:30,17584.9,17648.9,17584.1,17619.45
2023-02-02T11:15:00+05:30,17596.55,17622.8,17571.4,17585.2
2023-02-02T10:45:00+05:30,17566.7,17624.25,17556.55,17596.75
2023-02-02T10:15:00+05:30,17572.35,17616.95,17513.85,17565.85
2023-02-02T09:45:00+05:30,17624,17653.5,17540.45,17573.2
2023-02-02T09:15:00+05:30,17517.1,17650.3,17448,17623.4
2023-02-01T15:15:00+05:30,17636.15,17660.5,17601.65,17605.4
2023-02-01T14:45:00+05:30,17495.6,17676.5,17353.8,17634.6
2023-02-01T14:15:00+05:30,17688.5,17690.9,17494.3,17496.35
2023-02-01T13:45:00+05:30,17730.2,17768.4,17647.1,17688.4
2023-02-01T13:15:00+05:30,17915.5,17926.35,17719.3,17730.3
2023-02-01T12:45:00+05:30,17903.4,17971.5,17903.4,17915.55
2023-02-01T12:15:00+05:30,17753.45,17949.7,17733.9,17903.45
2023-02-01T11:45:00+05:30,17798.05,17818.4,17748.7,17752.95
2023-02-01T11:15:00+05:30,17802.75,17805.9,17732.15,17799.2
2023-02-01T10:45:00+05:30,17803.5,17836.55,17790.15,17802.4
2023-02-01T10:15:00+05:30,17789.35,17814.25,17784,17803.5
2023-02-01T09:45:00+05:30,17769.65,17790.25,17751.2,17788.3
2023-02-01T09:15:00+05:30,17811.6,17811.6,17735.85,17768.95
2023-01-31T15:15:00+05:30,17685.4,17698.3,17665.1,17682.55
2023-01-31T14:45:00+05:30,17634.65,17685.05,17624.6,17685
2023-01-31T14:15:00+05:30,17626.7,17642.65,17603.2,17634.85
2023-01-31T13:45:00+05:30,17660.7,17680.8,17618.35,17626.4
2023-01-31T13:15:00+05:30,17646.55,17684.6,17642.45,17660.6
2023-01-31T12:45:00+05:30,17641.7,17650.5,17613.05,17645.8
2023-01-31T12:15:00+05:30,17609.6,17648.1,17594.65,17641.3
2023-01-31T11:45:00+05:30,17612.75,17655.05,17605.2,17609.45
2023-01-31T11:15:00+05:30,17586.3,17626.95,17576.3,17613.2
2023-01-31T10:45:00+05:30,17620.35,17620.7,17562.05,17585.45
2023-01-31T10:15:00+05:30,17563.1,17621.2,17553.35,17621.2
2023-01-31T09:45:00+05:30,17578.1,17594.75,17539,17563.15
2023-01-31T09:15:00+05:30,17731.45,17731.45,17572.1,17578.25
2023-01-30T15:15:00+05:30,17654.8,17672.65,17640,17667.25
2023-01-30T14:45:00+05:30,17556.3,17675.2,17545.95,17656
2023-01-30T14:15:00+05:30,17534.3,17568.3,17511.6,17558.2
2023-01-30T13:45:00+05:30,17461.1,17546.6,17406.3,17536.85
2023-01-30T13:15:00+05:30,17459.55,17518.3,17448.1,17463.15
2023-01-30T12:45:00+05:30,17526.55,17531.35,17461.15,17461.75
2023-01-30T12:15:00+05:30,17594.6,17602.7,17523.3,17528.5
2023-01-30T11:45:00+05:30,17549.65,17624.65,17546.5,17594.6
2023-01-30T11:15:00+05:30,17551.25,17572.35,17542,17549.5
2023-01-30T10:45:00+05:30,17557.8,17589.3,17538.45,17551
2023-01-30T10:15:00+05:30,17619.1,17631.9,17556.5,17558.4
2023-01-30T09:45:00+05:30,17635.9,17663.15,17588.15,17618.5
2023-01-30T09:15:00+05:30,17541.95,17708.5,17446.25,17630.5
2023-01-27T15:15:00+05:30,17612.5,17633.8,17604.35,17607.9
2023-01-27T14:45:00+05:30,17520.1,17612.5,17517.35,17611.6
2023-01-27T14:15:00+05:30,17506.95,17541.2,17494.2,17521.05
2023-01-27T13:45:00+05:30,17565.35,17573.45,17501.2,17506.25
2023-01-27T13:15:00+05:30,17578.45,17606.6,17539.65,17565.65
2023-01-27T12:45:00+05:30,17568.2,17597,17531.65,17578.65
2023-01-27T12:15:00+05:30,17630.55,17638.5,17532.1,17568.6
2023-01-27T11:45:00+05:30,17661.1,17670.3,17623.7,17630.85
2023-01-27T11:15:00+05:30,17680.1,17699.9,17653.35,17661.05
2023-01-27T10:45:00+05:30,17732.1,17732.6,17678.8,17680.65
2023-01-27T10:15:00+05:30,17685.3,17780.9,17667.95,17732.05
2023-01-27T09:45:00+05:30,17762.5,17772.85,17682.1,17684.65
2023-01-27T09:15:00+05:30,17877.2,17877.2,17716.25,17762.1
2023-01-25T15:15:00+05:30,17896.45,17912.8,17891.75,17910.05
2023-01-25T14:45:00+05:30,17893.6,17906.6,17871.4,17896.5
2023-01-25T14:15:00+05:30,17934.6,17936.6,17886.35,17893.5
2023-01-25T13:45:00+05:30,17919.3,17946.85,17912.2,17933.2
2023-01-25T13:15:00+05:30,17909.2,17926.8,17893.5,17919.35
2023-01-25T12:45:00+05:30,17897.35,17932.4,17894.1,17910.25
2023-01-25T12:15:00+05:30,17901.6,17911.1,17879.85,17897.45
2023-01-25T11:45:00+05:30,17884.7,17917.25,17876.3,17900.65
2023-01-25T11:15:00+05:30,17935.25,17943,17846.6,17884.55
2023-01-25T10:45:00+05:30,17917.05,17939.85,17909.85,17935.3
2023-01-25T10:15:00+05:30,17943.7,17964.45,17915.2,17917.7
2023-01-25T09:45:00+05:30,18017,18026.55,17939.5,17943.6
2023-01-25T09:15:00+05:30,18093.35,18093.35,18017.2,18017.2
2023-01-24T15:15:00+05:30,18123.5,18125.8,18099.95,18101.15
2023-01-24T14:45:00+05:30,18105.4,18134.4,18098.95,18124.2
2023-01-24T14:15:00+05:30,18109.8,18127.7,18095.75,18105.1
2023-01-24T13:45:00+05:30,18097.45,18113.8,18079.15,18108.85
2023-01-24T13:15:00+05:30,18132.6,18138.55,18096.8,18097.15
2023-01-24T12:45:00+05:30,18126.85,18143.55,18125.1,18131.9
2023-01-24T12:15:00+05:30,18129.6,18133.55,18115,18126.55
2023-01-24T11:45:00+05:30,18143.3,18149.95,18116.75,18129.55
2023-01-24T11:15:00+05:30,18153.95,18153.95,18133.3,18142.35
2023-01-24T10:45:00+05:30,18167.9,18173.1,18148.75,18154.25
2023-01-24T10:15:00+05:30,18135.15,18170.95,18132.1,18168.1
2023-01-24T09:45:00+05:30,18190.45,18194.55,18126.2,18134.6
2023-01-24T09:15:00+05:30,18183.95,18200.75,18157.1,18191.1
2023-01-23T15:15:00+05:30,18124.65,18125.8,18097.5,18104.95
2023-01-23T14:45:00+05:30,18116.25,18131.3,18100.6,18123.75
2023-01-23T14:15:00+05:30,18123.05,18136.35,18108.45,18115.45
2023-01-23T13:45:00+05:30,18119.7,18128.2,18109.45,18123.65
2023-01-23T13:15:00+05:30,18087.45,18122.05,18086.25,18120.65
2023-01-23T12:45:00+05:30,18099.2,18107.1,18078.6,18087.45
2023-01-23T12:15:00+05:30,18112.75,18116.45,18098.3,18099.85
2023-01-23T11:45:00+05:30,18139.1,18143.85,18108.95,18112.75
2023-01-23T11:15:00+05:30,18134.6,18143.9,18127.15,18139
2023-01-23T10:45:00+05:30,18137,18151.35,18133.45,18134.3
2023-01-23T10:15:00+05:30,18148.3,18156.75,18135.5,18137.15
2023-01-23T09:45:00+05:30,18126.2,18161.7,18125.8,18148.65
2023-01-23T09:15:00+05:30,18118.45,18138.45,18064.75,18125.25
2023-01-20T15:15:00+05:30,18029.45,18032.75,18017.45,18027.3
2023-01-20T14:45:00+05:30,18023.8,18056,18020.05,18029.35
2023-01-20T14:15:00+05:30,18060.05,18065.1,18019.1,18023.95
2023-01-20T13:45:00+05:30,18075.65,18084.1,18042.85,18060.7
2023-01-20T13:15:00+05:30,18096.4,18105.95,18074.45,18075.45
2023-01-20T12:45:00+05:30,18087.25,18098.75,18079.4,18095.5
2023-01-20T12:15:00+05:30,18096.7,18111.1,18086.35,18087.45
2023-01-20T11:45:00+05:30,18108.9,18112.35,18084.3,18096.45
2023-01-20T11:15:00+05:30,18104.8,18119.25,18099.25,18109.4
2023-01-20T10:45:00+05:30,18140.55,18144.65,18103.85,18104.3
2023-01-20T10:15:00+05:30,18117.9,18144.5,18114.6,18140.75
2023-01-20T09:45:00+05:30,18082.5,18119.9,18069.45,18117.7
2023-01-20T09:15:00+05:30,18115.6,18118.05,18073.05,18081.7
2023-01-19T15:15:00+05:30,18102.9,18108.35,18084.95,18089.05
2023-01-19T14:45:00+05:30,18105.35,18121.6,18087.5,18103.05
2023-01-19T14:15:00+05:30,18131.55,18138.2,18088.5,18108.5
2023-01-19T13:45:00+05:30,18125.2,18132.55,18111.1,18131.35
2023-01-19T13:15:00+05:30,18117.3,18129.2,18104.95,18125.5
2023-01-19T12:45:00+05:30,18128.55,18129.3,18106.1,18117.15
2023-01-19T12:15:00+05:30,18134.1,18144.9,18123.5,18128.75
2023-01-19T11:45:00+05:30,18143.55,18152.2,18121.2,18133.95
2023-01-19T11:15:00+05:30,18131.6,18143.05,18109.3,18143.05
2023-01-19T10:45:00+05:30,18108.95,18155.1,18107,18130.65
2023-01-19T10:15:00+05:30,18076.1,18117.8,18070.95,18108.35
2023-01-19T09:45:00+05:30,18101.05,18110.6,18064.3,18076.75
2023-01-19T09:15:00+05:30,18119.8,18139.05,18079.5,18100.05
2023-01-18T15:15:00+05:30,18155.05,18169.65,18154.8,18163.8
2023-01-18T14:45:00+05:30,18175.85,18183.2,18150.65,18154.95
2023-01-18T14:15:00+05:30,18149.75,18178.2,18143.55,18176
2023-01-18T13:45:00+05:30,18176.2,18180.15,18136.8,18149.8
2023-01-18T13:15:00+05:30,18146.25,18179.75,18146.25,18176
2023-01-18T12:45:00+05:30,18158.95,18165.55,18145.6,18146.3
2023-01-18T12:15:00+05:30,18173.55,18175.85,18151.25,18158.5
2023-01-18T11:45:00+05:30,18170.4,18177.1,18157.65,18173.95
2023-01-18T11:15:00+05:30,18141.2,18172.95,18140.55,18170.35
2023-01-18T10:45:00+05:30,18120.6,18141.3,18108.5,18141.3
2023-01-18T10:15:00+05:30,18119.75,18124.3,18101.25,18121.4
2023-01-18T09:45:00+05:30,18091.75,18131.6,18089.8,18118.9
2023-01-18T09:15:00+05:30,18074.3,18095,18032.6,18090.5
2023-01-17T15:15:00+05:30,18058.1,18070.5,18052.25,18056.8
2023-01-17T14:45:00+05:30,17998.5,18062.1,17993.15,18059
2023-01-17T14:15:00+05:30,17990.5,18008.3,17981.5,17997.65
2023-01-17T13:45:00+05:30,17980.05,17994.85,17963.8,17989.5
2023-01-17T13:15:00+05:30,17948,17983.25,17926.7,17978.05
2023-01-17T12:45:00+05:30,17971.15,17985,17941.45,17947.25
2023-01-17T12:15:00+05:30,18009.25,18009.55,17968.8,17970.95
2023-01-17T11:45:00+05:30,17999.05,18018.5,17991.4,18008.65
2023-01-17T11:15:00+05:30,17986.45,18005.15,17970.95,17999.5
2023-01-17T10:45:00+05:30,18013.95,18021.35,17972.3,17986.3
2023-01-17T10:15:00+05:30,18005.25,18029.85,17997.3,18014.1
2023-01-17T09:45:00+05:30,17963.4,18016.15,17951.75,18004.9
2023-01-17T09:15:00+05:30,17922.8,17977.7,17888.2,17963.2
2023-01-16T15:15:00+05:30,17894.7,17904.45,17889.25,17891.7
2023-01-16T14:45:00+05:30,17876.1,17902.75,17858.95,17894.85
2023-01-16T14:15:00+05:30,17881.9,17894.45,17861.9,17877.15
2023-01-16T13:45:00+05:30,17903.1,17907.4,17854.15,17880.75
2023-01-16T13:15:00+05:30,17920.8,17944.3,17902.4,17902.85
2023-01-16T12:45:00+05:30,17895.75,17923.1,17880.2,17920.6
2023-01-16T12:15:00+05:30,17914.3,17914.95,17891.65,17895.8
2023-01-16T11:45:00+05:30,17940.05,17940.25,17913.7,17914.6
2023-01-16T11:15:00+05:30,17957.1,17957.1,17924.75,17939.6
2023-01-16T10:45:00+05:30,17976.1,17979.75,17956.4,17956.5
2023-01-16T10:15:00+05:30,17972.9,17980.55,17957.35,17976.65
2023-01-16T09:45:00+05:30,17986.55,17991.3,17943.05,17972.7
2023-01-16T09:15:00+05:30,18033.15,18049.65,17958.6,17986.9
2023-01-13T15:15:00+05:30,17958.1,17965.7,17947,17950.5
2023-01-13T14:45:00+05:30,17954.55,17970.5,17934.55,17957.8
2023-01-13T14:15:00+05:30,17988.2,17992.5,17939.1,17954.75
2023-01-13T13:45:00+05:30,17975.2,17998.95,17972.8,17989.75
2023-01-13T13:15:00+05:30,17964.35,17982.6,17945.15,17974.7
2023-01-13T12:45:00+05:30,17889.1,17965.05,17884.95,17965.05
2023-01-13T12:15:00+05:30,17851.15,17902.65,17849.35,17889.3
2023-01-13T11:45:00+05:30,17816.95,17853.1,17813.7,17851.1
2023-01-13T11:15:00+05:30,17830.35,17839.15,17813.7,17817.25
2023-01-13T10:45:00+05:30,17820.95,17835,17806.2,17830.4
2023-01-13T10:15:00+05:30,17784.7,17824.65,17782.1,17821.1
2023-01-13T09:45:00+05:30,17784.75,17813.2,17774.55,17785
2023-01-13T09:15:00+05:30,17867.5,17869.1,17781.55,17784.5
2023-01-12T15:15:00+05:30,17858.35,17869.25,17856,17866
2023-01-12T14:45:00+05:30,17820.9,17867.4,17813.7,17858.35
2023-01-12T14:15:00+05:30,17828.35,17862.2,17821.4,17822.85
2023-01-12T13:45:00+05:30,17775.65,17837.9,17775.65,17829.1
2023-01-12T13:15:00+05:30,17824.15,17834.45,17762.25,17776.85
2023-01-12T12:45:00+05:30,17819,17852.3,17810.7,17825.85
2023-01-12T12:15:00+05:30,17815.1,17835.2,17811.55,17819.9
2023-01-12T11:45:00+05:30,17810.95,17816.1,17780.85,17814.85
2023-01-12T11:15:00+05:30,17800.4,17827.15,17798.95,17811.75
2023-01-12T10:45:00+05:30,17830.05,17837.5,17796.35,17800.85
2023-01-12T10:15:00+05:30,17853.95,17853.95,17812,17830.25
2023-01-12T09:45:00+05:30,17899.4,17908.95,17841.35,17853.85
2023-01-12T09:15:00+05:30,17920.85,17944.8,17883.65,17901.6
2023-01-11T15:15:00+05:30,17891.2,17896.45,17879.3,17888.4
2023-01-11T14:45:00+05:30,17915,17939.7,17884.9,17891.85
2023-01-11T14:15:00+05:30,17874.85,17922.15,17867.2,17916.8
2023-01-11T13:45:00+05:30,17913.9,17916.25,17865,17876.05
2023-01-11T13:15:00+05:30,17913.45,17931.85,17912.75,17914.7
2023-01-11T12:45:00+05:30,17897.25,17920.45,17881.85,17914.35
2023-01-11T12:15:00+05:30,17903.95,17921.05,17893.7,17897.7
2023-01-11T11:45:00+05:30,17882.45,17929.15,17882.4,17904.55
2023-01-11T11:15:00+05:30,17910.25,17911.65,17871,17881.6
2023-01-11T10:45:00+05:30,17950.65,17957.4,17876.05,17910.2
2023-01-11T10:15:00+05:30,17957.7,17975.4,17933.35,17950.5
2023-01-11T09:45:00+05:30,17869.8,17957.05,17861.5,17957.05
2023-01-11T09:15:00+05:30,17924.25,17936.9,17825.35,17870.15
2023-01-10T15:15:00+05:30,17922.5,17928.9,17912.05,17925.35
2023-01-10T14:45:00+05:30,17857.55,17927.45,17857.25,17921.85
2023-01-10T14:15:00+05:30,17902.95,17910.8,17858.25,17858.25
2023-01-10T13:45:00+05:30,17874.15,17918.85,17868.1,17904.25
2023-01-10T13:15:00+05:30,17891.25,17910.25,17861.05,17873.7
2023-01-10T12:45:00+05:30,17903.4,17910.6,17878.95,17890.25
2023-01-10T12:15:00+05:30,17957.6,17974.7,17903.6,17904.05
2023-01-10T11:45:00+05:30,17933.15,17963.9,17930.75,17957.2
2023-01-10T11:15:00+05:30,17954,17964.95,17927.25,17933.4
2023-01-10T10:45:00+05:30,17957.25,17973.85,17947.55,17954.6
2023-01-10T10:15:00+05:30,17990.3,18010.55,17956.3,17957
2023-01-10T09:45:00+05:30,18018.65,18030.55,17966.2,17990.8
2023-01-10T09:15:00+05:30,18121.3,18122.9,18004.05,18018.3
2023-01-09T15:15:00+05:30,18106.4,18115.7,18083.9,18088.75
2023-01-09T14:45:00+05:30,18063.9,18107.3,18032.7,18106.45
2023-01-09T14:15:00+05:30,18053.35,18074.1,18043.3,18065.2
2023-01-09T13:45:00+05:30,18026.35,18053.45,17997.65,18053.25
2023-01-09T13:15:00+05:30,18074.9,18077.35,18025.75,18027
2023-01-09T12:45:00+05:30,18098.55,18108,18074.55,18075.35
2023-01-09T12:15:00+05:30,18130.8,18141,18082.9,18098.8
2023-01-09T11:45:00+05:30,18128.45,18139.8,18112.9,18130.2
2023-01-09T11:15:00+05:30,18106,18132.35,18097.7,18130.25
2023-01-09T10:45:00+05:30,18083.3,18108.5,18072.95,18105.2
2023-01-09T10:15:00+05:30,18060.7,18101.1,18060.7,18083.15
2023-01-09T09:45:00+05:30,18026.8,18077.15,18011.55,18059.65
2023-01-09T09:15:00+05:30,17952.55,18040.75,17936.7,18027.65
2023-01-06T15:15:00+05:30,17869.45,17872.15,17847.25,17865.85
2023-01-06T14:45:00+05:30,17832.5,17881.1,17827.9,17869.85
2023-01-06T14:15:00+05:30,17820.6,17851.3,17797.55,17831.85
2023-01-06T13:45:00+05:30,17828.2,17853.2,17811.75,17820.85
2023-01-06T13:15:00+05:30,17831.7,17835.4,17796.15,17827.95
2023-01-06T12:45:00+05:30,17877.05,17877.05,17825.15,17830.4
2023-01-06T12:15:00+05:30,17923.15,17926.6,17872.65,17875.4
2023-01-06T11:45:00+05:30,17939.4,17948.75,17922.55,17922.8
2023-01-06T11:15:00+05:30,17914.1,17941.55,17904.15,17939.2
2023-01-06T10:45:00+05:30,17934.2,17951.8,17909.1,17913.7
2023-01-06T10:15:00+05:30,17954.65,17968.95,17920.9,17934
2023-01-06T09:45:00+05:30,18026.65,18031.6,17953.9,17955
2023-01-06T09:15:00+05:30,18008.05,18046.6,17970.65,18026.75
2023-01-05T15:15:00+05:30,17989.3,18007.9,17989.3,17999.8
2023-01-05T14:45:00+05:30,17946.8,17999.55,17941,17989.45
2023-01-05T14:15:00+05:30,17912.3,17956.4,17911.25,17945.55
2023-01-05T13:45:00+05:30,17906.6,17940.25,17898.35,17912.35
2023-01-05T13:15:00+05:30,17950.8,17951.4,17892.6,17906.9
2023-01-05T12:45:00+05:30,17940.35,17965.35,17931.6,17949.15
2023-01-05T12:15:00+05:30,17982.9,17985.45,17935,17940.05
2023-01-05T11:45:00+05:30,18015.4,18017.6,17970.05,17981.1
2023-01-05T11:15:00+05:30,18037.3,18045.1,18001.75,18015.15
2023-01-05T10:45:00+05:30,18053.35,18053.35,18023.25,18037.1
2023-01-05T10:15:00+05:30,18065,18084.4,18040.6,18052.8
2023-01-05T09:45:00+05:30,18033.35,18065.15,18013.9,18063.25
2023-01-05T09:15:00+05:30,18101.95,18119.05,18031.95,18034.3
2023-01-04T15:15:00+05:30,18052.35,18054.45,18023.3,18036.85
2023-01-04T14:45:00+05:30,18066.3,18068.7,18022.6,18052.85
2023-01-04T14:15:00+05:30,18126.2,18130.15,18067.35,18069.1
2023-01-04T13:45:00+05:30,18098.25,18131.4,18095.7,18125.6
2023-01-04T13:15:00+05:30,18078.6,18103.25,18066.55,18098.2
2023-01-04T12:45:00+05:30,18058.7,18085.15,18055.5,18078.95
2023-01-04T12:15:00+05:30,18038.4,18064.35,18038.4,18059.05
2023-01-04T11:45:00+05:30,18099.65,18100.5,18038,18040.25
2023-01-04T11:15:00+05:30,18096.7,18112.15,18095.05,18100.2
2023-01-04T10:45:00+05:30,18141.75,18142.6,18088.6,18096.85
2023-01-04T10:15:00+05:30,18129.65,18164.5,18122.4,18141.9
2023-01-04T09:45:00+05:30,18162.95,18166.9,18114,18129.8
2023-01-04T09:15:00+05:30,18230.65,18241.2,18162.05,18163.85
2023-01-03T15:15:00+05:30,18239.95,18241.9,18229.4,18234.3
2023-01-03T14:45:00+05:30,18238.65,18251.85,18211.9,18240.65
2023-01-03T14:15:00+05:30,18205.8,18239.2,18205.8,18238.05
2023-01-03T13:45:00+05:30,18202.8,18225.1,18201.15,18205.45
2023-01-03T13:15:00+05:30,18185.25,18208.5,18183.6,18203.4
2023-01-03T12:45:00+05:30,18181.8,18192.3,18170.8,18184.55
2023-01-03T12:15:00+05:30,18198.35,18198.95,18162.5,18181.3
2023-01-03T11:45:00+05:30,18230.15,18233.1,18195.8,18197.55
2023-01-03T11:15:00+05:30,18231.1,18240.4,18221.85,18230.6
2023-01-03T10:45:00+05:30,18223.7,18238.95,18215.95,18231.25
2023-01-03T10:15:00+05:30,18230.1,18238.6,18217.6,18223.15
2023-01-03T09:45:00+05:30,18193.55,18232.5,18188.6,18230.25
2023-01-03T09:15:00+05:30,18163.2,18197.55,18149.95,18193.7
2023-01-02T15:15:00+05:30,18192.1,18215.1,18192.1,18207.1
2023-01-02T14:45:00+05:30,18156.05,18205.1,18153.8,18193.05
2023-01-02T14:15:00+05:30,18169.95,18169.95,18123.2,18156.7
2023-01-02T13:45:00+05:30,18171.9,18177.6,18157.95,18170.1
2023-01-02T13:15:00+05:30,18182.25,18193.45,18169.6,18171.4
2023-01-02T12:45:00+05:30,18169.9,18185.05,18154.05,18182.35
2023-01-02T12:15:00+05:30,18190.65,18197.3,18160.05,18169.9
2023-01-02T11:45:00+05:30,18186.6,18192.95,18170.5,18192.05
2023-01-02T11:15:00+05:30,18186.1,18192.45,18172.25,18186.4
2023-01-02T10:45:00+05:30,18184.15,18199.3,18170.5,18186.5
2023-01-02T10:15:00+05:30,18159.4,18189.9,18155.4,18183.75
2023-01-02T09:45:00+05:30,18150.2,18172.95,18140.35,18162.9
2023-01-02T09:15:00+05:30,18131.7,18150.3,18087.55,18150.2
2022-12-30T15:15:00+05:30,18097.95,18120.1,18081.05,18117.05
2022-12-30T14:45:00+05:30,18172.2,18206.7,18080.9,18098.3
2022-12-30T14:15:00+05:30,18198.65,18199.85,18162.7,18173.2
2022-12-30T13:45:00+05:30,18197.05,18207.05,18164.95,18199.45
2022-12-30T13:15:00+05:30,18193.4,18218.4,18187.7,18198.3
2022-12-30T12:45:00+05:30,18232.2,18233.9,18184.95,18194.95
2022-12-30T12:15:00+05:30,18205.9,18233.65,18201.5,18232.4
2022-12-30T11:45:00+05:30,18209.85,18220.25,18185.25,18206.4
2022-12-30T11:15:00+05:30,18234.15,18235.65,18204.65,18210
2022-12-30T10:45:00+05:30,18242.3,18243.75,18218.45,18234.5
2022-12-30T10:15:00+05:30,18219.35,18252.45,18217.5,18242.8
2022-12-30T09:45:00+05:30,18240.2,18259.05,18217.25,18219.1
2022-12-30T09:15:00+05:30,18259.1,18264.6,18211.65,18240.3
2022-12-29T15:15:00+05:30,18195.9,18210.85,18188.7,18210.4
2022-12-29T14:45:00+05:30,18127.15,18203.1,18121.15,18195.65
2022-12-29T14:15:00+05:30,18084.55,18129.6,18073.6,18126.5
2022-12-29T13:45:00+05:30,18062,18097.45,18062,18085.05
2022-12-29T13:15:00+05:30,18052.6,18062.8,18033.85,18062.8
2022-12-29T12:45:00+05:30,18017.55,18058.75,18013.5,18052.35
2022-12-29T12:15:00+05:30,18030.9,18031.75,18008.35,18017.55
2022-12-29T11:45:00+05:30,18031.7,18050.15,18022.25,18031.45
2022-12-29T11:15:00+05:30,18019.2,18049.65,18007.95,18033.2
2022-12-29T10:45:00+05:30,18022.3,18023.8,18011.5,18019.35
2022-12-29T10:15:00+05:30,18003.55,18028.65,17992.9,18022.75
2022-12-29T09:45:00+05:30,18010.45,18027.7,17995.3,18003.55
2022-12-29T09:15:00+05:30,18045.7,18060.4,18010.05,18010.8
2022-12-28T15:15:00+05:30,18124.5,18125.6,18106.45,18106.9
2022-12-28T14:45:00+05:30,18157.05,18163.2,18101.85,18125.7
2022-12-28T14:15:00+05:30,18163.3,18165.6,18146.8,18157.45
2022-12-28T13:45:00+05:30,18136.3,18173.05,18135.9,18164.05
2022-12-28T13:15:00+05:30,18129.8,18145,18115.45,18135.75
2022-12-28T12:45:00+05:30,18134.35,18147.95,18125.9,18129.85
2022-12-28T12:15:00+05:30,18143.1,18152.6,18124.8,18134.85
2022-12-28T11:45:00+05:30,18125,18150.6,18123.85,18141.9
2022-12-28T11:15:00+05:30,18140.15,18141.75,18119.05,18125.85
2022-12-28T10:45:00+05:30,18115.1,18141.05,18115.05,18139.85
2022-12-28T10:15:00+05:30,18142.9,18146.5,18089.5,18114.95
2022-12-28T09:45:00+05:30,18117.05,18146.5,18105.15,18142.5
2022-12-28T09:15:00+05:30,18084.75,18130.8,18071.5,18116.55
2022-12-27T15:15:00+05:30,18131.8,18148.6,18128.75,18136
2022-12-27T14:45:00+05:30,18129.6,18141.25,18106.7,18132.95
2022-12-27T14:15:00+05:30,18122.8,18131.55,18073.45,18128.7
2022-12-27T13:45:00+05:30,18067.45,18124.55,18064.55,18122.2
2022-12-27T13:15:00+05:30,18055.7,18075.6,18048.3,18066.2
2022-12-27T12:45:00+05:30,18044.35,18057.6,18014.85,18055.8
2022-12-27T12:15:00+05:30,18054.45,18071.6,18037.65,18044.55
2022-12-27T11:45:00+05:30,18041.75,18065.8,18035.75,18054.85
2022-12-27T11:15:00+05:30,18048,18062.55,18029.2,18041.25
2022-12-27T10:45:00+05:30,18035.15,18060.2,18022.65,18049.6
2022-12-27T10:15:00+05:30,18005.8,18048.15,17993.6,18035.45
2022-12-27T09:45:00+05:30,17995.45,18020.15,17967.5,18005.25
2022-12-27T09:15:00+05:30,18089.8,18133.4,17984.35,17995.95
2022-12-26T15:15:00+05:30,17995.7,18012.85,17990.65,18009.6
2022-12-26T14:45:00+05:30,18062.75,18083.5,17984.55,17994.85
2022-12-26T14:15:00+05:30,18012.65,18075.9,18004.9,18063.4
2022-12-26T13:45:00+05:30,18003.45,18012.4,17978.5,18011.15
2022-12-26T13:15:00+05:30,17991.4,18014.55,17974,18003.4
2022-12-26T12:45:00+05:30,17978.45,18002.15,17964.65,17990.5
2022-12-26T12:15:00+05:30,18001.1,18006.25,17963.45,17979.45
2022-12-26T11:45:00+05:30,17998.3,18004.8,17987.25,18000.25
2022-12-26T11:15:00+05:30,17951.55,17997.2,17948.15,17997.2
2022-12-26T10:45:00+05:30,17937.2,17963.85,17933.05,17951.8
2022-12-26T10:15:00+05:30,17934.25,17949.3,17907.45,17934.7
2022-12-26T09:45:00+05:30,17943,17957.4,17920.5,17933.45
2022-12-26T09:15:00+05:30,17830.4,17950.45,17775.55,17943.7
2022-12-23T15:15:00+05:30,17811.15,17828.5,17796.55,17824.1
2022-12-23T14:45:00+05:30,17852.95,17855.85,17780.45,17810.65
2022-12-23T14:15:00+05:30,17835.25,17883.6,17831.1,17854.1
2022-12-23T13:45:00+05:30,17854.1,17874.9,17833.6,17834.85
2022-12-23T13:15:00+05:30,17898,17911.8,17853.25,17854.1
2022-12-23T12:45:00+05:30,17915.65,17922.9,17886.15,17897.95
2022-12-23T12:15:00+05:30,17906.75,17933.4,17893.35,17914.95
2022-12-23T11:45:00+05:30,17884.7,17911.35,17857.45,17906.5
2022-12-23T11:15:00+05:30,17951.35,17953.85,17882.35,17886.1
2022-12-23T10:45:00+05:30,17939.75,17959.8,17925.9,17951.55
2022-12-23T10:15:00+05:30,17955.45,17957.15,17913.45,17939.85
2022-12-23T09:45:00+05:30,18020.9,18026.55,17936.8,17958.1
2022-12-23T09:15:00+05:30,17977.65,18045.8,17966.45,18021.1
2022-12-22T15:15:00+05:30,18143.55,18144.95,18108.5,18114.7
2022-12-22T14:45:00+05:30,18106.7,18152.65,18093,18142.9
2022-12-22T14:15:00+05:30,18167.8,18182.75,18106.2,18106.2
2022-12-22T13:45:00+05:30,18140.85,18175.55,18133.6,18167.4
2022-12-22T13:15:00+05:30,18113.55,18147.7,18100.45,18139.3
2022-12-22T12:45:00+05:30,18089.05,18136.65,18068.95,18113.65
2022-12-22T12:15:00+05:30,18080.25,18116.95,18078.45,18089.15
2022-12-22T11:45:00+05:30,18112.1,18114.65,18075.95,18080.85
2022-12-22T11:15:00+05:30,18141.3,18157.55,18108.45,18112.15
2022-12-22T10:45:00+05:30,18134.15,18149.05,18106.6,18142.55
2022-12-22T10:15:00+05:30,18161.55,18169.85,18119.6,18134.25
2022-12-22T09:45:00+05:30,18191.75,18258.35,18158.95,18158.95
2022-12-22T09:15:00+05:30,18288.8,18317.05,18172.1,18191.8
2022-12-21T15:15:00+05:30,18207.8,18209.6,18186.55,18207.55
2022-12-21T14:45:00+05:30,18265.95,18278.55,18176.95,18206.95
2022-12-21T14:15:00+05:30,18224.25,18284.4,18186.95,18265.05
2022-12-21T13:45:00+05:30,18277,18282.6,18164,18223.65
2022-12-21T13:15:00+05:30,18299.95,18301.2,18263.35,18276.8
2022-12-21T12:45:00+05:30,18294.7,18308.25,18266.95,18300.25
2022-12-21T12:15:00+05:30,18329.1,18329.1,18289.15,18295
2022-12-21T11:45:00+05:30,18378.15,18387.05,18325.7,18329.05
2022-12-21T11:15:00+05:30,18361.2,18379.8,18351.9,18378.4
2022-12-21T10:45:00+05:30,18358.15,18366.15,18340.8,18361.6
2022-12-21T10:15:00+05:30,18398.2,18405.5,18339.1,18358.4
2022-12-21T09:45:00+05:30,18398.45,18415.1,18364.25,18398.95
2022-12-21T09:15:00+05:30,18435.15,18472.5,18399.5,18399.5
2022-12-20T15:15:00+05:30,18399.5,18401.65,18381.55,18385.85
2022-12-20T14:45:00+05:30,18331.45,18404.65,18313.15,18399.6
2022-12-20T14:15:00+05:30,18299,18344.4,18292.65,18331.7
2022-12-20T13:45:00+05:30,18274.85,18309.55,18262.1,18298.85
2022-12-20T13:15:00+05:30,18258.7,18277.4,18247.35,18275.7
2022-12-20T12:45:00+05:30,18276,18291.9,18252.7,18261
2022-12-20T12:15:00+05:30,18245.35,18281.35,18240.45,18275.95
2022-12-20T11:45:00+05:30,18211.05,18247.05,18204.45,18245.45
2022-12-20T11:15:00+05:30,18228.2,18233.9,18209.95,18210
2022-12-20T10:45:00+05:30,18235.45,18243.9,18203.2,18228.15
2022-12-20T10:15:00+05:30,18231.2,18240.7,18217.6,18234.9
2022-12-20T09:45:00+05:30,18255.65,18264.45,18210.85,18232.6
2022-12-20T09:15:00+05:30,18340.3,18351.35,18214.25,18255.9
2022-12-19T15:15:00+05:30,18418.65,18431.25,18416.6,18426.2
2022-12-19T14:45:00+05:30,18391.75,18425.05,18384.7,18418.7
2022-12-19T14:15:00+05:30,18366.6,18400.45,18352.25,18392.05
2022-12-19T13:45:00+05:30,18366.65,18375.65,18353.75,18366.95
2022-12-19T13:15:00+05:30,18331.6,18366.1,18327.55,18366.1
2022-12-19T12:45:00+05:30,18354.4,18354.45,18322.05,18333
2022-12-19T12:15:00+05:30,18375.4,18383.4,18353.45,18355.65
2022-12-19T11:45:00+05:30,18369.05,18375.15,18353.4,18375.15
2022-12-19T11:15:00+05:30,18340,18371.95,18336.5,18368.3
2022-12-19T10:45:00+05:30,18350.55,18358.15,18323.35,18339.45
2022-12-19T10:15:00+05:30,18332.65,18353.95,18331.2,18350.6
2022-12-19T09:45:00+05:30,18298.9,18346.4,18281.5,18333.55
2022-12-19T09:15:00+05:30,18288.1,18313.05,18244.65,18298.65
2022-12-16T15:15:00+05:30,18261.15,18278.3,18255.7,18270.1
2022-12-16T14:45:00+05:30,18296.7,18313.9,18257.75,18260.35
2022-12-16T14:15:00+05:30,18328.3,18328.3,18281.2,18296.05
2022-12-16T13:45:00+05:30,18344.2,18356.05,18309.8,18328.35
2022-12-16T13:15:00+05:30,18375.8,18384.25,18343.3,18343.85
2022-12-16T12:45:00+05:30,18401.7,18410.1,18373.65,18376.45
2022-12-16T12:15:00+05:30,18328.5,18410.8,18328.4,18401.8
2022-12-16T11:45:00+05:30,18331.35,18332.7,18301.1,18328.5
2022-12-16T11:15:00+05:30,18314.1,18343.8,18310.5,18330.3
2022-12-16T10:45:00+05:30,18302.3,18318.3,18271.2,18314.55
2022-12-16T10:15:00+05:30,18331.55,18343.95,18302.85,18303.2
2022-12-16T09:45:00+05:30,18381.85,18389.55,18330.65,18331.5
2022-12-16T09:15:00+05:30,18319.1,18440.5,18300.25,18382.5
2022-12-15T15:15:00+05:30,18407,18415.65,18388.4,18399.75
2022-12-15T14:45:00+05:30,18429.95,18451.7,18406.6,18406.8
2022-12-15T14:15:00+05:30,18521.25,18527.5,18431.5,18431.5
2022-12-15T13:45:00+05:30,18519,18524.85,18497.55,18521
2022-12-15T13:15:00+05:30,18521.45,18527.55,18510.35,18518.75
2022-12-15T12:45:00+05:30,18526.55,18538.45,18515.65,18521.8
2022-12-15T12:15:00+05:30,18548.6,18553.85,18521.15,18526.95
2022-12-15T11:45:00+05:30,18570,18570.35,18540.3,18548.15
2022-12-15T11:15:00+05:30,18579.45,18580.65,18564.4,18570.25
2022-12-15T10:45:00+05:30,18578.7,18584.7,18566.95,18578.8
2022-12-15T10:15:00+05:30,18565.05,18593.7,18561,18579.1
2022-12-15T09:45:00+05:30,18586.65,18589.15,18559.1,18565.1
2022-12-15T09:15:00+05:30,18614.4,18651.45,18570.2,18587.2
2022-12-14T15:15:00+05:30,18667,18671.35,18640.2,18643
2022-12-14T14:45:00+05:30,18644.6,18676.35,18644.6,18667.1
2022-12-14T14:15:00+05:30,18634.95,18656.6,18634.95,18644.75
2022-12-14T13:45:00+05:30,18661.6,18662.6,18633.2,18634.4
2022-12-14T13:15:00+05:30,18678.1,18681.55,18655.15,18661.75
2022-12-14T12:45:00+05:30,18677.25,18683.7,18669.75,18679.55
2022-12-14T12:15:00+05:30,18687.4,18692.3,18670.55,18677.45
2022-12-14T11:45:00+05:30,18683.6,18689.9,18680.3,18687.45
2022-12-14T11:15:00+05:30,18679.5,18690.2,18676,18683.6
2022-12-14T10:45:00+05:30,18666.35,18680.55,18663.35,18679.75
2022-12-14T10:15:00+05:30,18663.05,18675.65,18657.55,18666.85
2022-12-14T09:45:00+05:30,18691.35,18694.3,18654.95,18663.35
2022-12-14T09:15:00+05:30,18671.25,18695.85,18652.4,18691.35
2022-12-13T15:15:00+05:30,18605.8,18612.05,18591.2,18596.75
2022-12-13T14:45:00+05:30,18572.25,18617.1,18572.25,18605.85
2022-12-13T14:15:00+05:30,18575.8,18580.75,18563.1,18571.6
2022-12-13T13:45:00+05:30,18588.4,18596.15,18570.1,18575.95
2022-12-13T13:15:00+05:30,18599.5,18602.85,18585.55,18588
2022-12-13T12:45:00+05:30,18590.35,18608.5,18577,18599.7
2022-12-13T12:15:00+05:30,18586.15,18594.4,18570.75,18589.65
2022-12-13T11:45:00+05:30,18589.4,18592.1,18576.8,18586.5
2022-12-13T11:15:00+05:30,18553,18592.05,18551.95,18590.75
2022-12-13T10:45:00+05:30,18528.95,18558,18528.8,18552.85
2022-12-13T10:15:00+05:30,18525.7,18536.45,18520.85,18529.85
2022-12-13T09:45:00+05:30,18526.05,18537.85,18505.95,18525.35
2022-12-13T09:15:00+05:30,18524.4,18539.9,18491.7,18526.05
2022-12-12T15:15:00+05:30,18497.05,18510.3,18493.75,18494.7
2022-12-12T14:45:00+05:30,18439.8,18508.05,18439.35,18497.15
2022-12-12T14:15:00+05:30,18458.55,18462.35,18426.45,18439.65
2022-12-12T13:45:00+05:30,18452.65,18467.55,18442.5,18457.8
2022-12-12T13:15:00+05:30,18481.5,18481.85,18442.6,18452.4
2022-12-12T12:45:00+05:30,18495.1,18502.6,18475.9,18481.2
2022-12-12T12:15:00+05:30,18486.95,18511.15,18483.9,18494.9
2022-12-12T11:45:00+05:30,18487.3,18496.8,18475.45,18487.5
2022-12-12T11:15:00+05:30,18514.3,18516.9,18486.1,18487.35
2022-12-12T10:45:00+05:30,18506,18521,18485.35,18512.55
2022-12-12T10:15:00+05:30,18478.65,18516.7,18474.2,18506.2
2022-12-12T09:45:00+05:30,18467.15,18501.9,18453.6,18477.95
2022-12-12T09:15:00+05:30,18402.15,18467.5,18347.05,18467.35
2022-12-09T15:15:00+05:30,18509.45,18512.2,18486.15,18493.25
2022-12-09T14:45:00+05:30,18447.75,18510.95,18446.75,18509.5
2022-12-09T14:15:00+05:30,18449.05,18452.55,18411.15,18447.25
2022-12-09T13:45:00+05:30,18466.25,18486.05,18446.65,18449.3
2022-12-09T13:15:00+05:30,18488.3,18498.6,18465.75,18466.45
2022-12-09T12:45:00+05:30,18488.65,18499.95,18455.65,18490.4
2022-12-09T12:15:00+05:30,18564.7,18568.55,18484.55,18490.7
2022-12-09T11:45:00+05:30,18555.4,18566.3,18551.05,18564.9
2022-12-09T11:15:00+05:30,18554.25,18561.9,18537.9,18555.5
2022-12-09T10:45:00+05:30,18569.3,18569.3,18548.35,18554.25
2022-12-09T10:15:00+05:30,18611.1,18613.5,18559.6,18568.7
2022-12-09T09:45:00+05:30,18625.65,18635.3,18607.6,18611.05
2022-12-09T09:15:00+05:30,18662.4,18662.4,18613.8,18625.85
2022-12-08T15:15:00+05:30,18613.1,18620,18606.45,18614.4
2022-12-08T14:45:00+05:30,18601.5,18617.25,18578.65,18614.2
2022-12-08T14:15:00+05:30,18588.95,18610.65,18588.5,18601.3
2022-12-08T13:45:00+05:30,18578.55,18594.5,18568.6,18588.45
2022-12-08T13:15:00+05:30,18584.5,18596.05,18574.4,18578.05
2022-12-08T12:45:00+05:30,18567.4,18587.9,18551.5,18584.4
2022-12-08T12:15:00+05:30,18579.7,18595.85,18566.95,18567.35
2022-12-08T11:45:00+05:30,18572.7,18586.9,18568.4,18579.7
2022-12-08T11:15:00+05:30,18577.35,18588.85,18570,18572.15
2022-12-08T10:45:00+05:30,18578.95,18585.85,18566.55,18576.7
2022-12-08T10:15:00+05:30,18602.2,18612.4,18574.6,18579.2
2022-12-08T09:45:00+05:30,18569.85,18624.55,18567.4,18601.8
2022-12-08T09:15:00+05:30,18570.85,18581.25,18537.2,18570.4
2022-12-07T15:15:00+05:30,18554.75,18556.65,18529.1,18550.75
2022-12-07T14:45:00+05:30,18598.95,18618.95,18550.4,18553.6
2022-12-07T14:15:00+05:30,18570.9,18602.3,18568.25,18598.1
2022-12-07T13:45:00+05:30,18591.85,18594.8,18566.5,18570.55
2022-12-07T13:15:00+05:30,18597.5,18614.8,18585.65,18592.15
2022-12-07T12:45:00+05:30,18571.5,18606.95,18569.4,18597.1
2022-12-07T12:15:00+05:30,18594,18597.65,18572.4,18572.4
2022-12-07T11:45:00+05:30,18579.25,18595.5,18577.4,18594.4
2022-12-07T11:15:00+05:30,18584.8,18587.2,18568.35,18579.1
2022-12-07T10:45:00+05:30,18627.45,18629.5,18565,18585.15
2022-12-07T10:15:00+05:30,18662.75,18668.05,18625.35,18627.15
2022-12-07T09:45:00+05:30,18641.35,18665.7,18632.85,18661.7
2022-12-07T09:15:00+05:30,18638.85,18654,18609,18640.85
2022-12-06T15:15:00+05:30,18651.45,18652.4,18633.6,18647.8
2022-12-06T14:45:00+05:30,18605.25,18654.2,18601.6,18651.55
2022-12-06T14:15:00+05:30,18616.65,18627.4,18602.7,18605.4
2022-12-06T13:45:00+05:30,18626.95,18641.1,18596.5,18616.75
2022-12-06T13:15:00+05:30,18614.95,18631.9,18604.05,18627.55
2022-12-06T12:45:00+05:30,18593.8,18617.2,18585.65,18615.15
2022-12-06T12:15:00+05:30,18604.4,18617.35,18590.35,18594.15
2022-12-06T11:45:00+05:30,18608.8,18612.65,18599.3,18604.5
2022-12-06T11:15:00+05:30,18607.2,18624.35,18606.85,18608.6
2022-12-06T10:45:00+05:30,18634.55,18648.05,18602.4,18607.1
2022-12-06T10:15:00+05:30,18635.2,18643,18620.3,18634.5
2022-12-06T09:45:00+05:30,18593.5,18640.15,18590.8,18635.75
2022-12-06T09:15:00+05:30,18600.65,18636.2,18579.2,18593.45
2022-12-05T15:15:00+05:30,18715.9,18718.75,18685.9,18694.05
2022-12-05T14:45:00+05:30,18663.9,18723.6,18663.65,18716.1
2022-12-05T14:15:00+05:30,18649.35,18688.4,18641.65,18664
2022-12-05T13:45:00+05:30,18641,18664.15,18629.95,18649.4
2022-12-05T13:15:00+05:30,18677.35,18680.05,18637.55,18641.75
2022-12-05T12:45:00+05:30,18697.55,18706.1,18676.95,18677.85
2022-12-05T12:15:00+05:30,18667.55,18719,18667.55,18696.95
2022-12-05T11:45:00+05:30,18650.7,18668.25,18638,18667.65
2022-12-05T11:15:00+05:30,18638.85,18654.5,18632.9,18650.65
2022-12-05T10:45:00+05:30,18622.25,18639.35,18615.35,18638.4
2022-12-05T10:15:00+05:30,18597.1,18633.75,18596.1,18622.3
2022-12-05T09:45:00+05:30,18654.25,18654.9,18591.95,18596.8
2022-12-05T09:15:00+05:30,18719.55,18723.85,18647.45,18654.25
2022-12-02T15:15:00+05:30,18694.15,18708.15,18691.25,18705.2
2022-12-02T14:45:00+05:30,18685.2,18699.45,18677.1,18694.4
2022-12-02T14:15:00+05:30,18688.3,18705.8,18675.95,18684.8
2022-12-02T13:45:00+05:30,18679.55,18697.45,18678.45,18687.8
2022-12-02T13:15:00+05:30,18681.75,18681.95,18655.9,18678.7
2022-12-02T12:45:00+05:30,18661.45,18683.85,18655.6,18681.4
2022-12-02T12:15:00+05:30,18646.35,18662.5,18639.6,18661.45
2022-12-02T11:45:00+05:30,18666.95,18668.4,18642.25,18646.8
2022-12-02T11:15:00+05:30,18699.3,18706.1,18657.6,18667.8
2022-12-02T10:45:00+05:30,18703.05,18711.5,18693.45,18699.35
2022-12-02T10:15:00+05:30,18704.05,18710.05,18690,18703.5
2022-12-02T09:45:00+05:30,18713.15,18721.15,18701.1,18703.75
2022-12-02T09:15:00+05:30,18752.4,18778.55,18712.5,18713.05
2022-12-01T15:15:00+05:30,18808.4,18820.6,18799.55,18800.95
2022-12-01T14:45:00+05:30,18820.9,18839.25,18795.95,18808.15
2022-12-01T14:15:00+05:30,18823.6,18845.3,18810.8,18820.85
2022-12-01T13:45:00+05:30,18808.4,18829.7,18778.5,18824.45
2022-12-01T13:15:00+05:30,18844.15,18853.1,18791.7,18808.35
2022-12-01T12:45:00+05:30,18841.95,18849,18837.5,18843.75
2022-12-01T12:15:00+05:30,18833.95,18855.7,18832.45,18842.25
2022-12-01T11:45:00+05:30,18826.75,18836.6,18817.65,18834.55
2022-12-01T11:15:00+05:30,18840.3,18842.3,18827.2,18827.2
2022-12-01T10:45:00+05:30,18827.95,18845.95,18825.75,18840.3
2022-12-01T10:15:00+05:30,18843.55,18843.65,18817.45,18828
2022-12-01T09:45:00+05:30,18867.5,18867.5,18829.95,18843
2022-12-01T09:15:00+05:30,18871.95,18886.6,18843.9,18868.1
2022-11-30T15:15:00+05:30,18766.15,18810.95,18765,18776.95
2022-11-30T14:45:00+05:30,18689.9,18765.7,18671.15,18765.2
2022-11-30T14:15:00+05:30,18665.85,18701.15,18660.65,18688.75
2022-11-30T13:45:00+05:30,18660.55,18671.7,18652.95,18666.1
2022-11-30T13:15:00+05:30,18670.2,18675.7,18657.15,18660.15
2022-11-30T12:45:00+05:30,18652.05,18670.8,18639.9,18669.7
2022-11-30T12:15:00+05:30,18644.25,18653.4,18638.9,18652.7
2022-11-30T11:45:00+05:30,18653.8,18663.75,18644.3,18644.35
2022-11-30T11:15:00+05:30,18635.35,18659.8,18625.85,18653.15
2022-11-30T10:45:00+05:30,18622.7,18641.05,18617.55,18635.35
2022-11-30T10:15:00+05:30,18643.75,18643.75,18622.6,18622.75
2022-11-30T09:45:00+05:30,18642.6,18649.75,18617.3,18643.65
2022-11-30T09:15:00+05:30,18625.7,18679.2,18618.8,18642.8
2022-11-29T15:15:00+05:30,18615.3,18620.5,18602.7,18603.6
2022-11-29T14:45:00+05:30,18630.15,18639.65,18614.15,18614.5
2022-11-29T14:15:00+05:30,18657.1,18662.1,18623.7,18630.15
2022-11-29T13:45:00+05:30,18671.15,18676.5,18653.05,18657
2022-11-29T13:15:00+05:30,18660.9,18677.7,18654.7,18671
2022-11-29T12:45:00+05:30,18667.25,18671.8,18645.65,18660.95
2022-11-29T12:15:00+05:30,18667.5,18672,18656.5,18668.05
2022-11-29T11:45:00+05:30,18653.85,18668.7,18635.35,18666.95
2022-11-29T11:15:00+05:30,18657.25,18660.15,18642.55,18653.7
2022-11-29T10:45:00+05:30,18636.85,18662.35,18636.75,18657.6
2022-11-29T10:15:00+05:30,18629.55,18642.85,18627.95,18637
2022-11-29T09:45:00+05:30,18621.85,18633.65,18607.5,18630.5
2022-11-29T09:15:00+05:30,18552.45,18631.25,18552.45,18621.7
2022-11-28T15:15:00+05:30,18565.8,18568.9,18546.9,18553.4
2022-11-28T14:45:00+05:30,18599.2,18608.5,18555.25,18564.7
2022-11-28T14:15:00+05:30,18583,18600.05,18577.75,18598.85
2022-11-28T13:45:00+05:30,18610.75,18614.1,18573.7,18582.15
2022-11-28T13:15:00+05:30,18606.25,18612.4,18593,18611.5
2022-11-28T12:45:00+05:30,18580.8,18610.55,18580.15,18606.85
2022-11-28T12:15:00+05:30,18593.6,18602.55,18579,18579.3
2022-11-28T11:45:00+05:30,18579.25,18594.8,18575.5,18593.5
2022-11-28T11:15:00+05:30,18565,18580.25,18558.25,18579.9
2022-11-28T10:45:00+05:30,18539.45,18567.55,18537.5,18565.2
2022-11-28T10:15:00+05:30,18539.75,18558.5,18535.05,18539.25
2022-11-28T09:45:00+05:30,18538.1,18549.4,18530.15,18539.75
2022-11-28T09:15:00+05:30,18430.55,18540.9,18430.55,18538.3
2022-11-25T15:15:00+05:30,18525.7,18525.7,18494.5,18498.4
2022-11-25T14:45:00+05:30,18502.4,18534.7,18484.2,18524.65
2022-11-25T14:15:00+05:30,18486.85,18511.4,18467.9,18502.5
2022-11-25T13:45:00+05:30,18485.5,18512.5,18476.75,18486.95
2022-11-25T13:15:00+05:30,18483.45,18496.4,18475.75,18485.5
2022-11-25T12:45:00+05:30,18476.5,18495.1,18469.2,18484.75
2022-11-25T12:15:00+05:30,18462.55,18483,18461.05,18476.9
2022-11-25T11:45:00+05:30,18461.95,18467.6,18451.2,18463.05
2022-11-25T11:15:00+05:30,18460.25,18484.65,18458.85,18463
2022-11-25T10:45:00+05:30,18495.6,18499.55,18459.55,18461.5
2022-11-25T10:15:00+05:30,18477.4,18495.2,18460.25,18495.15
2022-11-25T09:45:00+05:30,18455.75,18492.1,18450.1,18477.05
2022-11-25T09:15:00+05:30,18528.45,18528.45,18445.5,18454.95
2022-11-24T15:15:00+05:30,18482.25,18527.45,18482.05,18510.85
2022-11-24T14:45:00+05:30,18393.05,18484.3,18389,18482.75
2022-11-24T14:15:00+05:30,18401.8,18406.25,18387.35,18392.45
2022-11-24T13:45:00+05:30,18376.9,18402.4,18375.05,18401.55
2022-11-24T13:15:00+05:30,18380.85,18383.2,18368.3,18378.15
2022-11-24T12:45:00+05:30,18381.3,18396.7,18378,18380.75
2022-11-24T12:15:00+05:30,18384.7,18391.5,18374.1,18381.4
2022-11-24T11:45:00+05:30,18374.3,18386.4,18366.15,18384.35
2022-11-24T11:15:00+05:30,18365.3,18375.75,18359.2,18373.8
2022-11-24T10:45:00+05:30,18369.3,18375.55,18361.55,18365
2022-11-24T10:15:00+05:30,18352.45,18374.25,18351.2,18369
2022-11-24T09:45:00+05:30,18342.95,18357,18338.35,18351.85
2022-11-24T09:15:00+05:30,18326.1,18344.35,18294.45,18342.85
2022-11-23T15:15:00+05:30,18271.3,18272.05,18248.25,18254.1
2022-11-23T14:45:00+05:30,18302.4,18312.65,18262.4,18271.5
2022-11-23T14:15:00+05:30,18289.55,18303,18279.1,18301.75
2022-11-23T13:45:00+05:30,18275.75,18291.65,18272.8,18289.55
2022-11-23T13:15:00+05:30,18273.95,18283.95,18268.8,18276
2022-11-23T12:45:00+05:30,18269.45,18281.4,18269.1,18273.85
2022-11-23T12:15:00+05:30,18279.85,18279.85,18264.65,18269.7
2022-11-23T11:45:00+05:30,18273.5,18280.7,18271.5,18280.2
2022-11-23T11:15:00+05:30,18269.3,18277.95,18265.75,18272.95
2022-11-23T10:45:00+05:30,18260.55,18275.95,18258.35,18269.5
2022-11-23T10:15:00+05:30,18270.1,18272.5,18251.8,18260.35
2022-11-23T09:45:00+05:30,18277.55,18288.55,18265.65,18270.1
2022-11-23T09:15:00+05:30,18325.2,18325.2,18275.45,18277.4
2022-11-22T15:15:00+05:30,18249.15,18257.4,18244.45,18251.5
2022-11-22T14:45:00+05:30,18201.25,18249.45,18199.7,18249.45
2022-11-22T14:15:00+05:30,18208.5,18217.6,18197.6,18201.6
2022-11-22T13:45:00+05:30,18211.8,18228.4,18202.15,18208.9
2022-11-22T13:15:00+05:30,18206.05,18216.8,18205,18212.6
2022-11-22T12:45:00+05:30,18213.2,18217.1,18202.5,18205.9
2022-11-22T12:15:00+05:30,18217.6,18226.1,18210.05,18214
2022-11-22T11:45:00+05:30,18216.6,18220.15,18210,18217.15
2022-11-22T11:15:00+05:30,18205.9,18220.4,18198.35,18215.85
2022-11-22T10:45:00+05:30,18209.35,18213.8,18195.5,18206.7
2022-11-22T10:15:00+05:30,18206.5,18215.9,18196.9,18210.2
2022-11-22T09:45:00+05:30,18178.4,18210.5,18178.4,18207.2
2022-11-22T09:15:00+05:30,18179.15,18191.45,18138.5,18178.2
2022-11-21T15:15:00+05:30,18172.5,18173.7,18146.05,18157.95
2022-11-21T14:45:00+05:30,18143.5,18172.95,18135.4,18171.3
2022-11-21T14:15:00+05:30,18155.4,18158.9,18133.9,18143.15
2022-11-21T13:45:00+05:30,18158.25,18170.4,18148.2,18155.5
2022-11-21T13:15:00+05:30,18150.9,18166.85,18136.15,18158.05
2022-11-21T12:45:00+05:30,18150.3,18162.9,18145.45,18149.9
2022-11-21T12:15:00+05:30,18162.8,18169.65,18145.75,18150.4
2022-11-21T11:45:00+05:30,18171.25,18174.65,18157.75,18162.45
2022-11-21T11:15:00+05:30,18177.25,18187.9,18169.4,18171.65
2022-11-21T10:45:00+05:30,18154.85,18184.45,18153.75,18177.7
2022-11-21T10:15:00+05:30,18179.35,18189.95,18150.7,18153.4
2022-11-21T09:45:00+05:30,18152.85,18180.8,18152.85,18179.05
2022-11-21T09:15:00+05:30,18246.4,18253.15,18147.2,18152.85
2022-11-18T15:15:00+05:30,18323.75,18326.45,18295.2,18304.35
2022-11-18T14:45:00+05:30,18263.25,18327.35,18245.25,18322.55
2022-11-18T14:15:00+05:30,18218.55,18269.1,18210.6,18263.65
2022-11-18T13:45:00+05:30,18226.5,18235.05,18210.4,18217.45
2022-11-18T13:15:00+05:30,18254.25,18273.5,18224.8,18225.95
2022-11-18T12:45:00+05:30,18247.3,18260.15,18241.5,18254.75
2022-11-18T12:15:00+05:30,18244.75,18256.4,18236.7,18247.95
2022-11-18T11:45:00+05:30,18257.3,18261.55,18227.45,18245.3
2022-11-18T11:15:00+05:30,18225.25,18260.35,18225.25,18257.4
2022-11-18T10:45:00+05:30,18266.5,18278.05,18222.3,18226.65
2022-11-18T10:15:00+05:30,18286.75,18304.35,18263.05,18266.75
2022-11-18T09:45:00+05:30,18317.95,18327.8,18284.65,18286.95
2022-11-18T09:15:00+05:30,18382.95,18393.8,18305.4,18316.7
2022-11-17T15:15:00+05:30,18323.7,18341.7,18313.05,18333.95
2022-11-17T14:45:00+05:30,18395.4,18405.15,18321.65,18323.15
2022-11-17T14:15:00+05:30,18404.65,18406.1,18381.3,18396.05
2022-11-17T13:45:00+05:30,18393.35,18405.1,18385.15,18404.85
2022-11-17T13:15:00+05:30,18390.5,18409.1,18384.5,18393.5
2022-11-17T12:45:00+05:30,18396.8,18397.6,18383.8,18391.35
2022-11-17T12:15:00+05:30,18363.85,18398.65,18359.6,18397.05
2022-11-17T11:45:00+05:30,18370.25,18375.35,18360.5,18363.25
2022-11-17T11:15:00+05:30,18361.2,18380.1,18350.55,18369.8
2022-11-17T10:45:00+05:30,18374.2,18386.5,18360.3,18360.3
2022-11-17T10:15:00+05:30,18381.9,18389.25,18367.5,18374.3
2022-11-17T09:45:00+05:30,18374.8,18417.2,18363.4,18382.1
2022-11-17T09:15:00+05:30,18358.7,18399.35,18352.5,18374.35
2022-11-16T15:15:00+05:30,18412.65,18416.15,18396.7,18401.35
2022-11-16T14:45:00+05:30,18362.55,18423.5,18356.15,18412.05
2022-11-16T14:15:00+05:30,18386.4,18388.15,18344.5,18362.15
2022-11-16T13:45:00+05:30,18432.3,18437.6,18385.85,18385.85
2022-11-16T13:15:00+05:30,18409.6,18435.25,18405.85,18432.4
2022-11-16T12:45:00+05:30,18410.95,18419.25,18405.05,18409.95
2022-11-16T12:15:00+05:30,18404,18424.65,18403.3,18410.65
2022-11-16T11:45:00+05:30,18415.1,18417.35,18386.15,18403.6
2022-11-16T11:15:00+05:30,18421.35,18441.65,18414.8,18415.75
2022-11-16T10:45:00+05:30,18416.25,18438.35,18414.3,18421.2
2022-11-16T10:15:00+05:30,18398.15,18421.25,18393.85,18415.6
2022-11-16T09:45:00+05:30,18364.95,18400.85,18357.6,18397.95
2022-11-16T09:15:00+05:30,18398.25,18414.9,18355.3,18365.55
2022-11-15T15:15:00+05:30,18406.4,18426.55,18402.65,18421.55
2022-11-15T14:45:00+05:30,18340.5,18410.15,18338.7,18406.6
2022-11-15T14:15:00+05:30,18320.45,18346.85,18309,18340.9
2022-11-15T13:45:00+05:30,18342.85,18344.15,18318.55,18320.4
2022-11-15T13:15:00+05:30,18330.75,18345.05,18325.4,18343.4
2022-11-15T12:45:00+05:30,18324.85,18343.9,18321.25,18330.45
2022-11-15T12:15:00+05:30,18294.1,18332.95,18287.55,18324.75
2022-11-15T11:45:00+05:30,18306.65,18306.75,18291.25,18294.05
2022-11-15T11:15:00+05:30,18285,18309.05,18284.4,18306.8
2022-11-15T10:45:00+05:30,18292.15,18308,18282.25,18285
2022-11-15T10:15:00+05:30,18308,18309.45,18284.65,18291.75
2022-11-15T09:45:00+05:30,18331.9,18334.2,18282.85,18307.5
2022-11-15T09:15:00+05:30,18362.75,18376.6,18322.55,18332.75
2022-11-14T15:15:00+05:30,18331.15,18335.45,18314.7,18320.25
2022-11-14T14:45:00+05:30,18345.25,18354.2,18323.1,18330.45
2022-11-14T14:15:00+05:30,18372.8,18374.45,18343.65,18345.3
2022-11-14T13:45:00+05:30,18365.65,18375.05,18339.95,18373.1
2022-11-14T13:15:00+05:30,18332.95,18368.85,18330.8,18365.35
2022-11-14T12:45:00+05:30,18328.05,18339.7,18311.8,18332.7
2022-11-14T12:15:00+05:30,18336.95,18346.7,18318.9,18327.9
2022-11-14T11:45:00+05:30,18342.95,18343.3,18327.25,18336.65
2022-11-14T11:15:00+05:30,18346,18349.8,18333.25,18342.8
2022-11-14T10:45:00+05:30,18346.15,18367.8,18339.25,18345.85
2022-11-14T10:15:00+05:30,18350.9,18351,18328,18347.05
2022-11-14T09:45:00+05:30,18385.1,18386.8,18349.8,18351.2
2022-11-14T09:15:00+05:30,18376.4,18399,18339.25,18384.85
2022-11-11T15:15:00+05:30,18348.5,18360,18340.85,18355.3
2022-11-11T14:45:00+05:30,18340.4,18360.75,18329.55,18349.4
2022-11-11T14:15:00+05:30,18345.7,18357.5,18332.35,18340.9
2022-11-11T13:45:00+05:30,18320.25,18348.4,18310.55,18347.7
2022-11-11T13:15:00+05:30,18325,18344.45,18307.25,18319.5
2022-11-11T12:45:00+05:30,18340.3,18346.85,18308.55,18324.9
2022-11-11T12:15:00+05:30,18319.85,18346.55,18319.45,18340.9
2022-11-11T11:45:00+05:30,18321.05,18327.55,18312.1,18320.45
2022-11-11T11:15:00+05:30,18311.3,18323.8,18295.5,18321.3
2022-11-11T10:45:00+05:30,18288.05,18319.05,18282.85,18310
2022-11-11T10:15:00+05:30,18308.9,18317.6,18281.3,18291.3
2022-11-11T09:45:00+05:30,18294.1,18323.8,18286.3,18310.55
2022-11-11T09:15:00+05:30,18272.35,18330.9,18260.25,18294
2022-11-10T15:15:00+05:30,18028.6,18039.9,18024.6,18036.8
2022-11-10T14:45:00+05:30,17989.65,18033.4,17982.85,18027.4
2022-11-10T14:15:00+05:30,18002.05,18008.25,17969.6,17990.25
2022-11-10T13:45:00+05:30,18000.3,18013.65,17995.15,18001.95
2022-11-10T13:15:00+05:30,17994.75,18006.7,17990.3,18000.75
2022-11-10T12:45:00+05:30,17992.7,18000.85,17973.85,17994.55
2022-11-10T12:15:00+05:30,18013.5,18016.4,17991.5,17992.55
2022-11-10T11:45:00+05:30,18053.05,18054.7,18013.45,18013.45
2022-11-10T11:15:00+05:30,18035.75,18061.3,18032.45,18052.7
2022-11-10T10:45:00+05:30,18045,18049.55,18028.75,18035.25
2022-11-10T10:15:00+05:30,18026,18047.05,18020.55,18044.75
2022-11-10T09:45:00+05:30,18027.1,18045.35,18011.25,18025.15
2022-11-10T09:15:00+05:30,18044.35,18102.95,18019.65,18027.15
2022-11-09T15:15:00+05:30,18172.7,18174.65,18119.05,18121.05
2022-11-09T14:45:00+05:30,18144.55,18187,18118.65,18172.45
2022-11-09T14:15:00+05:30,18206.95,18212,18144.8,18144.8
2022-11-09T13:45:00+05:30,18192.2,18212.95,18184.4,18206.7
2022-11-09T13:15:00+05:30,18184.1,18199.25,18166.5,18191.95
2022-11-09T12:45:00+05:30,18193.05,18198,18175.85,18184
2022-11-09T12:15:00+05:30,18174.5,18193.95,18172.65,18192.75
2022-11-09T11:45:00+05:30,18181.9,18202.85,18168.1,18174.65
2022-11-09T11:15:00+05:30,18189.2,18196.95,18174.55,18181.3
2022-11-09T10:45:00+05:30,18208.9,18214.75,18184.05,18189.4
2022-11-09T10:15:00+05:30,18223.5,18227.05,18202.7,18209.5
2022-11-09T09:45:00+05:30,18233.6,18252.75,18205.2,18222.95
2022-11-09T09:15:00+05:30,18288.25,18288.25,18220.8,18233.35
2022-11-07T15:15:00+05:30,18202.05,18218.6,18197.55,18203.35
2022-11-07T14:45:00+05:30,18168.55,18206.95,18158.2,18202.25
2022-11-07T14:15:00+05:30,18126.3,18178.95,18125.5,18168.85
2022-11-07T13:45:00+05:30,18087.1,18135.4,18086.65,18126.55
2022-11-07T13:15:00+05:30,18109.6,18118.2,18064.9,18087.6
2022-11-07T12:45:00+05:30,18114.9,18129.25,18102.65,18110.05
2022-11-07T12:15:00+05:30,18142.95,18151.05,18113.8,18114.65
2022-11-07T11:45:00+05:30,18137.45,18150.7,18133.8,18143.45
2022-11-07T11:15:00+05:30,18144.1,18159.55,18137.4,18139.6
2022-11-07T10:45:00+05:30,18138.25,18145,18116,18144.25
2022-11-07T10:15:00+05:30,18142.5,18151.5,18128.7,18138.15
2022-11-07T09:45:00+05:30,18171.95,18173,18142.7,18142.7
2022-11-07T09:15:00+05:30,18211.75,18254.35,18165.05,18171.7
2022-11-04T15:15:00+05:30,18123.35,18134.2,18117.1,18127.9
2022-11-04T14:45:00+05:30,18071.3,18129.05,18071.3,18124.1
2022-11-04T14:15:00+05:30,18056.45,18078.35,18047.3,18071.05
2022-11-04T13:45:00+05:30,18056.3,18060.6,18042.05,18056.6
2022-11-04T13:15:00+05:30,18053.25,18061.2,18051.65,18057.15
2022-11-04T12:45:00+05:30,18049,18056.05,18039.55,18053
2022-11-04T12:15:00+05:30,18046.65,18064.2,18038.4,18048.8
2022-11-04T11:45:00+05:30,18034.3,18051.05,18030.9,18046.3
2022-11-04T11:15:00+05:30,18038.35,18053.75,18031.7,18034.25
2022-11-04T10:45:00+05:30,18022.55,18039.95,18017.5,18038.1
2022-11-04T10:15:00+05:30,18033.65,18040.35,18021.85,18023.2
2022-11-04T09:45:00+05:30,18060.65,18067.25,18027.35,18034
2022-11-04T09:15:00+05:30,18053.4,18107.55,18046.25,18061.3
2022-11-03T15:15:00+05:30,18049.9,18057.95,18042.6,18048.05
2022-11-03T14:45:00+05:30,18033.65,18068.25,18026.2,18050.4
2022-11-03T14:15:00+05:30,18027.6,18043.3,18008.65,18033.45
2022-11-03T13:45:00+05:30,18050.75,18052.05,18011.45,18027.2
2022-11-03T13:15:00+05:30,18030.2,18050.85,18022.05,18050.2
2022-11-03T12:45:00+05:30,18024.25,18030.7,18002.85,18030.3
2022-11-03T12:15:00+05:30,18041.2,18044.8,18022.9,18024.15
2022-11-03T11:45:00+05:30,18050.05,18055.9,18033.2,18040.95
2022-11-03T11:15:00+05:30,18085.3,18096.55,18040.35,18051.45
2022-11-03T10:45:00+05:30,18085.25,18089.55,18059.5,18085.35
2022-11-03T10:15:00+05:30,18081.7,18105.7,18081.7,18085
2022-11-03T09:45:00+05:30,18061.6,18081.3,18046,18081.3
2022-11-03T09:15:00+05:30,17968.35,18078.95,17964.6,18060.5
2022-11-02T15:15:00+05:30,18082.6,18090.75,18070.7,18072.1
2022-11-02T14:45:00+05:30,18070.45,18092.45,18056.9,18082.65
2022-11-02T14:15:00+05:30,18051.9,18079.4,18051.9,18069.75
2022-11-02T13:45:00+05:30,18059.75,18080.3,18049.95,18051.25
2022-11-02T13:15:00+05:30,18080.1,18099.25,18059.55,18061
2022-11-02T12:45:00+05:30,18083.1,18083.1,18058.1,18079.2
2022-11-02T12:15:00+05:30,18089.4,18097.35,18079.55,18084.05
2022-11-02T11:45:00+05:30,18101,18106.5,18085.55,18088.7
2022-11-02T11:15:00+05:30,18117.85,18121.6,18100.05,18101.3
2022-11-02T10:45:00+05:30,18118.65,18128.95,18092.65,18116.65
2022-11-02T10:15:00+05:30,18119.2,18130.95,18103.95,18118.25
2022-11-02T09:45:00+05:30,18140.95,18150.6,18107.3,18119.45
2022-11-02T09:15:00+05:30,18177.9,18177.9,18102.05,18141.25
2022-11-01T15:15:00+05:30,18148.95,18155.6,18137.55,18142.75
2022-11-01T14:45:00+05:30,18117.7,18153.45,18103.05,18148.3
2022-11-01T14:15:00+05:30,18107.65,18120.8,18098.55,18118.4
2022-11-01T13:45:00+05:30,18109.25,18124.5,18094.9,18108.1
2022-11-01T13:15:00+05:30,18067.65,18123.05,18064.85,18109.3
2022-11-01T12:45:00+05:30,18123.3,18134.05,18060.9,18068.5
2022-11-01T12:15:00+05:30,18124.5,18131.3,18108.25,18123.25
2022-11-01T11:45:00+05:30,18140,18151.85,18123,18124.5
2022-11-01T11:15:00+05:30,18156.25,18161.55,18133.55,18138.95
2022-11-01T10:45:00+05:30,18167.65,18175.4,18147.6,18155.15
2022-11-01T10:15:00+05:30,18160.65,18168,18144.55,18167.95
2022-11-01T09:45:00+05:30,18121.35,18162.05,18121.35,18160.95
2022-11-01T09:15:00+05:30,18130.7,18130.7,18088.65,18123.1
2022-10-31T15:15:00+05:30,18017.7,18022.7,18010.2,18015.7
2022-10-31T14:45:00+05:30,17975.7,18021.95,17971.8,18017.95
2022-10-31T14:15:00+05:30,17957.15,17978,17951.5,17975
2022-10-31T13:45:00+05:30,17966.65,17970.65,17949.5,17956.8
2022-10-31T13:15:00+05:30,17970.35,17985.35,17964.25,17967.05
2022-10-31T12:45:00+05:30,17976.55,17987.05,17962.5,17971
2022-10-31T12:15:00+05:30,17982.2,17990.15,17969.55,17976.3
2022-10-31T11:45:00+05:30,17972.2,17989.4,17963.9,17981.9
2022-10-31T11:15:00+05:30,17966.25,17981.55,17962.3,17971.85
2022-10-31T10:45:00+05:30,17946.75,17967.75,17937.65,17966.35
2022-10-31T10:15:00+05:30,17958.1,17968.1,17940.45,17947.1
2022-10-31T09:45:00+05:30,17953.25,17961.7,17936.75,17958.2
2022-10-31T09:15:00+05:30,17910.2,17971.7,17901.2,17953.75
2022-10-28T15:15:00+05:30,17790.55,17800.5,17788.15,17795.95
2022-10-28T14:45:00+05:30,17759.4,17791.35,17749.95,17791.25
2022-10-28T14:15:00+05:30,17733.65,17765.15,17732.7,17759.95
2022-10-28T13:45:00+05:30,17760.35,17760.6,17724,17733.5
2022-10-28T13:15:00+05:30,17752.05,17766,17739,17760.15
2022-10-28T12:45:00+05:30,17769.05,17770,17736.6,17752.65
2022-10-28T12:15:00+05:30,17772.9,17778.05,17747.95,17769.5
2022-10-28T11:45:00+05:30,17767.6,17786.25,17756.35,17773.05
2022-10-28T11:15:00+05:30,17785.2,17788.05,17764.3,17767.8
2022-10-28T10:45:00+05:30,17800.4,17803.85,17784.2,17785.45
2022-10-28T10:15:00+05:30,17832.95,17838.6,17799,17799.95
2022-10-28T09:45:00+05:30,17813.75,17835.1,17777.05,17833.2
2022-10-28T09:15:00+05:30,17756.4,17813.65,17748.8,17813.65
2022-10-27T15:15:00+05:30,17734.75,17773.3,17734.75,17758.9
2022-10-27T14:45:00+05:30,17658.2,17740.1,17657.1,17734.95
2022-10-27T14:15:00+05:30,17703.05,17706.55,17654.7,17657.75
2022-10-27T13:45:00+05:30,17696.6,17712.9,17683,17703.05
2022-10-27T13:15:00+05:30,17687.45,17706.7,17686.55,17697.2
2022-10-27T12:45:00+05:30,17685.2,17697.05,17676.85,17687.6
2022-10-27T12:15:00+05:30,17710.55,17713.45,17683.75,17685.35
2022-10-27T11:45:00+05:30,17716.1,17727.7,17704.6,17710.65
2022-10-27T11:15:00+05:30,17735.6,17739.2,17710.5,17715.6
2022-10-27T10:45:00+05:30,17724.05,17738.3,17719.65,17735.75
2022-10-27T10:15:00+05:30,17730,17747.9,17718.4,17723.95
2022-10-27T09:45:00+05:30,17775.5,17780.05,17727.45,17731.4
2022-10-27T09:15:00+05:30,17771.4,17783,17747.5,17775.65
2022-10-25T15:15:00+05:30,17652.95,17656.45,17639.5,17642.65
2022-10-25T14:45:00+05:30,17707.7,17717.7,17650.3,17651.7
2022-10-25T14:15:00+05:30,17707.85,17718.8,17686.7,17708.2
2022-10-25T13:45:00+05:30,17692.5,17715.7,17683.4,17708
2022-10-25T13:15:00+05:30,17661.1,17694.3,17660.7,17692.3
2022-10-25T12:45:00+05:30,17667.7,17677.75,17654.5,17661.1
2022-10-25T12:15:00+05:30,17691.8,17697.3,17663.6,17667.2
2022-10-25T11:45:00+05:30,17666.5,17704.7,17665.95,17692.05
2022-10-25T11:15:00+05:30,17682.8,17690.45,17666.75,17666.75
2022-10-25T10:45:00+05:30,17702,17709.5,17679.15,17683.1
2022-10-25T10:15:00+05:30,17757.45,17758.8,17698.35,17701.55
2022-10-25T09:45:00+05:30,17751.9,17773.25,17740.2,17757.2
2022-10-25T09:15:00+05:30,17808.3,17808.3,17709.1,17752.15
2022-10-24T18:45:00+05:30,17735.35,17740.8,17708.4,17738.95
2022-10-24T18:15:00+05:30,17736.35,17776.5,17725.4,17734.9
2022-10-21T15:15:00+05:30,17571.35,17596.75,17570.75,17583.75
2022-10-21T14:45:00+05:30,17538.1,17580.95,17529.65,17571
2022-10-21T14:15:00+05:30,17572.25,17582.4,17521.25,17538.3
2022-10-21T13:45:00+05:30,17599.1,17615.3,17551.05,17572.15
2022-10-21T13:15:00+05:30,17652.3,17656.8,17600,17600
2022-10-21T12:45:00+05:30,17630.5,17659.1,17630.5,17651.75
2022-10-21T12:15:00+05:30,17654.85,17657.55,17627.4,17630.4
2022-10-21T11:45:00+05:30,17668.3,17668.85,17639.45,17654.7
2022-10-21T11:15:00+05:30,17633.55,17669.75,17632.35,17668.15
2022-10-21T10:45:00+05:30,17642.55,17647.4,17625.5,17634.45
2022-10-21T10:15:00+05:30,17649.8,17650.7,17623.85,17643.4
2022-10-21T09:45:00+05:30,17639.4,17650,17619,17649.8
2022-10-21T09:15:00+05:30,17622.85,17657.2,17604.75,17639.55
2022-10-20T15:15:00+05:30,17566.75,17584.1,17562.65,17565.25
2022-10-20T14:45:00+05:30,17530.35,17567.2,17520.6,17567.2
2022-10-20T14:15:00+05:30,17506.15,17548.55,17495.15,17530.45
2022-10-20T13:45:00+05:30,17481.9,17506.55,17468.75,17506.15
2022-10-20T13:15:00+05:30,17505.85,17515.6,17478.4,17481.65
2022-10-20T12:45:00+05:30,17505.05,17524.4,17495.5,17506.2
2022-10-20T12:15:00+05:30,17475.9,17509.7,17475.6,17505.2
2022-10-20T11:45:00+05:30,17493.3,17494.05,17465.1,17476.1
2022-10-20T11:15:00+05:30,17480.7,17495.15,17470.1,17489.35
2022-10-20T10:45:00+05:30,17498.65,17518.1,17473.85,17480.3
2022-10-20T10:15:00+05:30,17473.05,17505.95,17459.3,17498.45
2022-10-20T09:45:00+05:30,17436.55,17478.9,17421.5,17473.1
2022-10-20T09:15:00+05:30,17423.1,17468.95,17423.1,17438.65
2022-10-19T15:15:00+05:30,17509.35,17530.85,17500.65,17518.85
2022-10-19T14:45:00+05:30,17524.45,17530.75,17472.9,17509.35
2022-10-19T14:15:00+05:30,17546.7,17557.55,17522.2,17524.85
2022-10-19T13:45:00+05:30,17527.25,17547.8,17505.7,17546.45
2022-10-19T13:15:00+05:30,17517.75,17552.15,17511.45,17527.4
2022-10-19T12:45:00+05:30,17530.35,17535.55,17493.75,17517.5
2022-10-19T12:15:00+05:30,17546.95,17557.25,17525.7,17530.3
2022-10-19T11:45:00+05:30,17571,17571,17537.5,17547.45
2022-10-19T11:15:00+05:30,17579.2,17592.6,17548.55,17571.25
2022-10-19T10:45:00+05:30,17601,17602.05,17562.15,17579.35
2022-10-19T10:15:00+05:30,17572.7,17607.15,17568.9,17602.15
2022-10-19T09:45:00+05:30,17571.7,17587.5,17562,17571.25
2022-10-19T09:15:00+05:30,17568.15,17576.2,17538.35,17572.3
2022-10-18T15:15:00+05:30,17483.55,17493.95,17482.3,17490.6
2022-10-18T14:45:00+05:30,17456.15,17495.7,17450.35,17483.65
2022-10-18T14:15:00+05:30,17471.25,17490.85,17443.7,17456.2
2022-10-18T13:45:00+05:30,17472.55,17486.75,17458.85,17471.2
2022-10-18T13:15:00+05:30,17490.1,17494.1,17473.2,17473.75
2022-10-18T12:45:00+05:30,17476.75,17502.55,17476.5,17490.9
2022-10-18T12:15:00+05:30,17507.4,17508.5,17475.05,17476.55
2022-10-18T11:45:00+05:30,17475.85,17508.75,17472.75,17508.2
2022-10-18T11:15:00+05:30,17482.85,17483.35,17457.2,17476.2
2022-10-18T10:45:00+05:30,17496.05,17503.35,17469.15,17483.1
2022-10-18T10:15:00+05:30,17503.3,17527.4,17481.95,17497.1
2022-10-18T09:45:00+05:30,17496.15,17520.65,17496.15,17503.6
2022-10-18T09:15:00+05:30,17438.75,17499.8,17438.75,17496.35
2022-10-17T15:15:00+05:30,17298.1,17327.2,17293.3,17320.55
2022-10-17T14:45:00+05:30,17316.8,17327.6,17296.4,17298.05
2022-10-17T14:15:00+05:30,17291.15,17321.2,17276.55,17317.25
2022-10-17T13:45:00+05:30,17316.9,17327.9,17269.35,17292.2
2022-10-17T13:15:00+05:30,17296.95,17328.2,17295.4,17317.2
2022-10-17T12:45:00+05:30,17285.5,17305.6,17256.2,17298.1
2022-10-17T12:15:00+05:30,17272.05,17306.6,17261.2,17286.05
2022-10-17T11:45:00+05:30,17257.4,17272.95,17227.65,17271.95
2022-10-17T11:15:00+05:30,17264.1,17272.15,17240.75,17258.2
2022-10-17T10:45:00+05:30,17275.95,17284.05,17233.6,17263.7
2022-10-17T10:15:00+05:30,17219.35,17283.8,17216.75,17275.25
2022-10-17T09:45:00+05:30,17139,17219.25,17136.6,17219.25
2022-10-17T09:15:00+05:30,17144.8,17200.3,17098.95,17138.3
2022-10-14T15:15:00+05:30,17180.1,17203.15,17171.95,17200.35
2022-10-14T14:45:00+05:30,17226.15,17239.9,17170.1,17180.5
2022-10-14T14:15:00+05:30,17256.8,17258.15,17196.2,17226.3
2022-10-14T13:45:00+05:30,17309.85,17310.45,17235.85,17256.3
2022-10-14T13:15:00+05:30,17289.45,17311.4,17268.6,17309.45
2022-10-14T12:45:00+05:30,17315.9,17319.25,17272.35,17289.45
2022-10-14T12:15:00+05:30,17343.2,17347.65,17307.4,17315.8
2022-10-14T11:45:00+05:30,17299.3,17347.6,17294.15,17344.4
2022-10-14T11:15:00+05:30,17296.4,17310.05,17291.6,17299.05
2022-10-14T10:45:00+05:30,17269.15,17302.1,17268.3,17295.4
2022-10-14T10:15:00+05:30,17298.75,17308.5,17252,17269.35
2022-10-14T09:45:00+05:30,17280.2,17311.25,17277.9,17298.7
2022-10-14T09:15:00+05:30,17322.3,17328.65,17268.4,17280.7
2022-10-13T15:15:00+05:30,17016.95,17028.65,17011.1,17017.8
2022-10-13T14:45:00+05:30,17074.85,17080.25,16992.15,17017.85
2022-10-13T14:15:00+05:30,17023.25,17074.9,17020.35,17074.9
2022-10-13T13:45:00+05:30,16992.55,17030.9,16983.4,17023.65
2022-10-13T13:15:00+05:30,17020.85,17028.15,16982.6,16992.95
2022-10-13T12:45:00+05:30,17012.25,17037.2,17004.3,17021.35
2022-10-13T12:15:00+05:30,16995.85,17018.15,16968.8,17011.3
2022-10-13T11:45:00+05:30,16988.95,16996.3,16957.65,16995.05
2022-10-13T11:15:00+05:30,17014.1,17016.55,16983.75,16989.4
2022-10-13T10:45:00+05:30,17026.3,17041.65,17013.05,17014.25
2022-10-13T10:15:00+05:30,17029.85,17043.8,16996.85,17026.2
2022-10-13T09:45:00+05:30,17062.7,17076.1,17027,17029.05
2022-10-13T09:15:00+05:30,17087.35,17111,17052.6,17062.45
2022-10-12T15:15:00+05:30,17124.25,17132.75,17115.8,17129.05
2022-10-12T14:45:00+05:30,17119.6,17141.65,17101.85,17124.85
2022-10-12T14:15:00+05:30,17094.45,17125.3,17086.45,17119.2
2022-10-12T13:45:00+05:30,17050.2,17102.05,17049.45,17091.6
2022-10-12T13:15:00+05:30,17048,17068.85,17035.5,17050.05
2022-10-12T12:45:00+05:30,17070.9,17089.85,17043.55,17048.05
2022-10-12T12:15:00+05:30,17099.65,17105.3,17066.2,17071.35
2022-10-12T11:45:00+05:30,17053.2,17101,17031.75,17099.65
2022-10-12T11:15:00+05:30,16995.85,17053.45,16992.45,17052.8
2022-10-12T10:45:00+05:30,17007.4,17007.6,16960.5,16994.85
2022-10-12T10:15:00+05:30,17006.2,17046,16999.8,17008.2
2022-10-12T09:45:00+05:30,17063.65,17071.2,16990.95,17007.6
2022-10-12T09:15:00+05:30,17025.55,17070.3,16978.05,17063.8
2022-10-11T15:15:00+05:30,16982.4,16983.65,16950.65,16964.15
2022-10-11T14:45:00+05:30,17084.15,17092.4,16980.45,16980.45
2022-10-11T14:15:00+05:30,17134.8,17140.75,17070.85,17084.2
2022-10-11T13:45:00+05:30,17131.15,17141.25,17106,17135.35
2022-10-11T13:15:00+05:30,17123.95,17143.35,17102.55,17132.75
2022-10-11T12:45:00+05:30,17113,17165.15,17106.4,17124.65
2022-10-11T12:15:00+05:30,17202.55,17208.6,17103.95,17113.1
2022-10-11T11:45:00+05:30,17181.55,17213.35,17180.5,17201.35
2022-10-11T11:15:00+05:30,17149.95,17184.35,17147.45,17181.65
2022-10-11T10:45:00+05:30,17164.6,17172.1,17144.15,17150.65
2022-10-11T10:15:00+05:30,17174.7,17188.2,17116.8,17165.35
2022-10-11T09:45:00+05:30,17187.3,17196.05,17141.3,17175.25
2022-10-11T09:15:00+05:30,17256.05,17256.05,17167,17187
2022-10-10T15:15:00+05:30,17253.45,17256.95,17238.8,17252.45
2022-10-10T14:45:00+05:30,17197.4,17261.7,17196.55,17253.2
2022-10-10T14:15:00+05:30,17160.1,17224,17156.1,17197.3
2022-10-10T13:45:00+05:30,17224.85,17225.5,17140.1,17159.35
2022-10-10T13:15:00+05:30,17235.25,17241.55,17188.9,17225
2022-10-10T12:45:00+05:30,17266.5,17279.9,17227.55,17235.45
2022-10-10T12:15:00+05:30,17213.15,17270.55,17195.45,17266.2
2022-10-10T11:45:00+05:30,17168.3,17215.95,17161.9,17213.25
2022-10-10T11:15:00+05:30,17125.95,17168,17117.65,17167.6
2022-10-10T10:45:00+05:30,17095.3,17128.9,17093.85,17125.5
2022-10-10T10:15:00+05:30,17085.75,17117.7,17078.35,17095.7
2022-10-10T09:45:00+05:30,17108.1,17108.1,17068.35,17085.9
2022-10-10T09:15:00+05:30,17094.35,17148.1,17065.8,17108.65
2022-10-07T15:15:00+05:30,17307.15,17322.1,17307.15,17316.15
2022-10-07T14:45:00+05:30,17305.2,17336.95,17301.05,17307.1
2022-10-07T14:15:00+05:30,17284.25,17311.6,17279.45,17304.75
2022-10-07T13:45:00+05:30,17276.9,17298.65,17271,17284.55
2022-10-07T13:15:00+05:30,17265.65,17278.2,17248.95,17277.05
2022-10-07T12:45:00+05:30,17279.45,17284.75,17261.8,17265.15
2022-10-07T12:15:00+05:30,17230.75,17283.6,17228.6,17279.15
2022-10-07T11:45:00+05:30,17258.9,17270.7,17217.5,17230.35
2022-10-07T11:15:00+05:30,17268.3,17273.95,17247.7,17259.5
2022-10-07T10:45:00+05:30,17277.1,17277.7,17243.7,17267.3
2022-10-07T10:15:00+05:30,17292.1,17293.85,17260.85,17277.4
2022-10-07T09:45:00+05:30,17258.65,17334.55,17258.65,17292.1
2022-10-07T09:15:00+05:30,17287.2,17321.9,17239.85,17257.6
2022-10-06T15:15:00+05:30,17332.55,17334.45,17317,17317
2022-10-06T14:45:00+05:30,17342.2,17364.1,17321.15,17331.1
2022-10-06T14:15:00+05:30,17356.15,17360.75,17328.35,17342.45
2022-10-06T13:45:00+05:30,17397.65,17404.5,17351.3,17356.35
2022-10-06T13:15:00+05:30,17395.4,17414.95,17379.05,17397.6
2022-10-06T12:45:00+05:30,17391.75,17410.2,17390.8,17397.1
2022-10-06T12:15:00+05:30,17384.35,17394.45,17360.05,17391.75
2022-10-06T11:45:00+05:30,17362.8,17385.2,17351.15,17384.25
2022-10-06T11:15:00+05:30,17399.35,17399.35,17341.35,17362.75
2022-10-06T10:45:00+05:30,17398.55,17415.3,17381.75,17399.65
2022-10-06T10:15:00+05:30,17401.4,17422.75,17389.15,17398.8
2022-10-06T09:45:00+05:30,17359.2,17417.6,17345.4,17401.25
2022-10-06T09:15:00+05:30,17379.25,17428.3,17355.15,17358.8
2022-10-04T15:15:00+05:30,17273.4,17283.5,17269.9,17277.45
2022-10-04T14:45:00+05:30,17237.45,17284.45,17232.2,17273.75
2022-10-04T14:15:00+05:30,17257.85,17272.5,17237.9,17237.9
2022-10-04T13:45:00+05:30,17251.65,17271.15,17233.15,17258.9
2022-10-04T13:15:00+05:30,17245.7,17268.6,17237.45,17251.1
2022-10-04T12:45:00+05:30,17255.35,17259.2,17238.05,17245.9
2022-10-04T12:15:00+05:30,17236.1,17262.05,17221.55,17255.65
2022-10-04T11:45:00+05:30,17218.8,17244.3,17212.9,17237.15
2022-10-04T11:15:00+05:30,17218.85,17225.25,17195.05,17218.55
2022-10-04T10:45:00+05:30,17253.5,17257.5,17191.4,17218.95
2022-10-04T10:15:00+05:30,17223.7,17253.8,17221.35,17253.25
2022-10-04T09:45:00+05:30,17181.1,17248.7,17176.6,17223.25
2022-10-04T09:15:00+05:30,17147.45,17235.7,17126.85,17181.35
2022-10-03T15:15:00+05:30,16892.85,16898.05,16874.75,16876
2022-10-03T14:45:00+05:30,16894.65,16907.05,16855.6,16891.25
2022-10-03T14:15:00+05:30,16937.5,16960.3,16891.7,16893.5
2022-10-03T13:45:00+05:30,16994.8,16996.4,16921.5,16936.2
2022-10-03T13:15:00+05:30,17020.05,17046.25,16981.15,16994.05
2022-10-03T12:45:00+05:30,17000.1,17045.55,16997.85,17020.65
2022-10-03T12:15:00+05:30,17016.05,17026.65,16979.35,16999.75
2022-10-03T11:45:00+05:30,17056.15,17059.75,17012,17015.7
2022-10-03T11:15:00+05:30,16980.5,17058.3,16980.5,17056.25
2022-10-03T10:45:00+05:30,16968.5,16981.3,16946.35,16979.8
2022-10-03T10:15:00+05:30,16979.6,17002.45,16956.55,16968.7
2022-10-03T09:45:00+05:30,16991.45,17027.45,16948,16979.35
2022-10-03T09:15:00+05:30,17102.1,17113.15,16975.95,16991.3
2022-09-30T15:15:00+05:30,17066.1,17123.3,17064.9,17107.2
2022-09-30T14:45:00+05:30,17138.7,17151.1,17060.8,17066.05
2022-09-30T14:15:00+05:30,17163.55,17186.8,17133.5,17138.85
2022-09-30T13:45:00+05:30,17125.6,17164.25,17121.9,17162.65
2022-09-30T13:15:00+05:30,17071.35,17126.4,17071.35,17126.3
2022-09-30T12:45:00+05:30,17087.3,17110.75,17071.65,17071.95
2022-09-30T12:15:00+05:30,16994.15,17097.6,16994.15,17087.35
2022-09-30T11:45:00+05:30,16969.85,17005.15,16945.1,16994.25
2022-09-30T11:15:00+05:30,16940.95,16975.75,16929.1,16969.3
2022-09-30T10:45:00+05:30,16943,16969.9,16907.7,16941.4
2022-09-30T10:15:00+05:30,16848.4,16954.8,16848.4,16945.15
2022-09-30T09:45:00+05:30,16819.45,16851.9,16752.2,16851.9
2022-09-30T09:15:00+05:30,16798.05,16834.4,16748.7,16818.4
2022-09-29T15:15:00+05:30,16830.45,16850.7,16810.45,16842.9
2022-09-29T14:45:00+05:30,16874.85,16880.8,16791.9,16830.05
2022-09-29T14:15:00+05:30,16833.55,16883.5,16812.45,16875.65
2022-09-29T13:45:00+05:30,16825.3,16849.8,16798.25,16834.2
2022-09-29T13:15:00+05:30,16815.05,16849.8,16788.95,16826.3
2022-09-29T12:45:00+05:30,16871.45,16871.8,16804.4,16816.25
2022-09-29T12:15:00+05:30,16894.3,16911.65,16851.05,16870.85
2022-09-29T11:45:00+05:30,16924.3,16924.45,16872.4,16894.55
2022-09-29T11:15:00+05:30,16929.55,16942.65,16922.6,16924.35
2022-09-29T10:45:00+05:30,16942.2,16976.85,16924.8,16929.1
2022-09-29T10:15:00+05:30,16990.1,16990.15,16939.4,16941.35
2022-09-29T09:45:00+05:30,17003,17016.25,16953.5,16989.55
2022-09-29T09:15:00+05:30,16993.6,17025.85,16956.55,17003.8
2022-09-28T15:15:00+05:30,16860.3,16863.2,16820.9,16826.15
2022-09-28T14:45:00+05:30,16894.15,16894.3,16860.05,16861
2022-09-28T14:15:00+05:30,16942.65,16957.55,16892.95,16894.25
2022-09-28T13:45:00+05:30,16957.75,16977.9,16934.55,16942.85
2022-09-28T13:15:00+05:30,16964.9,17004.75,16955.4,16957.85
2022-09-28T12:45:00+05:30,16986.95,16995,16955.25,16965.2
2022-09-28T12:15:00+05:30,17022.25,17023,16975.5,16987.55
2022-09-28T11:45:00+05:30,17000.25,17037.55,16982.55,17022.05
2022-09-28T11:15:00+05:30,16965.3,17004.75,16955.25,17000.4
2022-09-28T10:45:00+05:30,16906.15,16965.65,16894.4,16964.65
2022-09-28T10:15:00+05:30,16959.7,16976.6,16899.7,16906.2
2022-09-28T09:45:00+05:30,16900.4,16966.65,16888.2,16959.55
2022-09-28T09:15:00+05:30,16870.55,16919.1,16825.55,16899.15
2022-09-27T15:15:00+05:30,16999.65,17043.45,16999.65,17043.45
2022-09-27T14:45:00+05:30,16996.05,17020.45,16965,16999.3
2022-09-27T14:15:00+05:30,17043.8,17076.3,16982.55,16996.7
2022-09-27T13:45:00+05:30,17092.6,17103.3,17043.1,17043.4
2022-09-27T13:15:00+05:30,17083.7,17118.6,17074.55,17092.75
2022-09-27T12:45:00+05:30,17020.75,17095.6,17014.95,17083.35
2022-09-27T12:15:00+05:30,17055.1,17065.45,17018.3,17019.95
2022-09-27T11:45:00+05:30,17018,17078,17018,17054.05
2022-09-27T11:15:00+05:30,16946.8,17029.05,16945.85,17018.3
2022-09-27T10:45:00+05:30,17032.65,17034.5,16943.3,16946.3
2022-09-27T10:15:00+05:30,17032.05,17067.2,17003.45,17032.25
2022-09-27T09:45:00+05:30,17082.6,17103.45,17022.5,17033.25
2022-09-27T09:15:00+05:30,17110.9,17175.6,17061.1,17084.25
2022-09-26T15:15:00+05:30,17020.05,17030.95,17012.85,17027.85
2022-09-26T14:45:00+05:30,17085.85,17101,16984.05,17021.55
2022-09-26T14:15:00+05:30,17070.8,17142.4,17052.65,17086.35
2022-09-26T13:45:00+05:30,17108.85,17109,17060.75,17070.35
2022-09-26T13:15:00+05:30,17161.1,17167.35,17076.05,17109.15
2022-09-26T12:45:00+05:30,17135,17166.45,17109.2,17161.25
2022-09-26T12:15:00+05:30,17067.65,17135.3,17038.05,17135.1
2022-09-26T11:45:00+05:30,17015.2,17074.85,17005,17065.1
2022-09-26T11:15:00+05:30,16996.95,17065,16990.5,17015.45
2022-09-26T10:45:00+05:30,17041.9,17054.4,16979.1,16996.1
2022-09-26T10:15:00+05:30,17046.75,17066.4,17003.45,17041.5
2022-09-26T09:45:00+05:30,17060.5,17094.1,17024.6,17046.6
2022-09-26T09:15:00+05:30,17156.3,17195.75,17060.25,17060.95
2022-09-23T15:15:00+05:30,17322.45,17339,17315.95,17332.25
2022-09-23T14:45:00+05:30,17339.25,17366.6,17313.1,17322.5
2022-09-23T14:15:00+05:30,17365.95,17373.45,17293,17339.8
2022-09-23T13:45:00+05:30,17370.45,17387.4,17342.6,17365.2
2022-09-23T13:15:00+05:30,17392.15,17418.95,17369.45,17369.75
2022-09-23T12:45:00+05:30,17395.5,17413.75,17380.8,17391.65
2022-09-23T12:15:00+05:30,17432.3,17444.6,17384.75,17397.45
2022-09-23T11:45:00+05:30,17452.15,17473.45,17431.8,17432.2
2022-09-23T11:15:00+05:30,17439.55,17467.8,17413.8,17452.25
2022-09-23T10:45:00+05:30,17436.55,17471,17423.7,17440.3
2022-09-23T10:15:00+05:30,17461.1,17479.4,17421.15,17436.35
2022-09-23T09:45:00+05:30,17466.5,17497.85,17436.4,17460.3
2022-09-23T09:15:00+05:30,17593.85,17640.45,17456.65,17467.15
2022-09-22T15:15:00+05:30,17623.45,17640.2,17614.95,17635.95
2022-09-22T14:45:00+05:30,17678,17697.15,17612.3,17623.3
2022-09-22T14:15:00+05:30,17690.3,17719.6,17666.9,17678.05
2022-09-22T13:45:00+05:30,17661.5,17722.65,17661.2,17690
2022-09-22T13:15:00+05:30,17608,17681.3,17607.55,17661.5
2022-09-22T12:45:00+05:30,17550.95,17609.8,17532.7,17608.25
2022-09-22T12:15:00+05:30,17558.85,17574.4,17542.4,17550.35
2022-09-22T11:45:00+05:30,17579.2,17586.2,17545.15,17558.3
2022-09-22T11:15:00+05:30,17626.65,17626.9,17567.8,17579.05
2022-09-22T10:45:00+05:30,17611.95,17650.85,17611.3,17625.95
2022-09-22T10:15:00+05:30,17666.55,17666.55,17597.6,17611.3
2022-09-22T09:45:00+05:30,17659.5,17707.55,17640.65,17665.45
2022-09-22T09:15:00+05:30,17609.65,17696.4,17583.3,17658.3
2022-09-21T15:15:00+05:30,17716.8,17725.6,17707.75,17715.9
2022-09-21T14:45:00+05:30,17750.35,17754.7,17712.9,17716.75
2022-09-21T14:15:00+05:30,17786.25,17790.85,17736.95,17750
2022-09-21T13:45:00+05:30,17748.25,17793.9,17748.25,17785.6
2022-09-21T13:15:00+05:30,17713.45,17761.1,17708.45,17748.3
2022-09-21T12:45:00+05:30,17717.5,17747.05,17706.35,17712.1
2022-09-21T12:15:00+05:30,17691.05,17719.45,17663.7,17717.55
2022-09-21T11:45:00+05:30,17748.15,17756.2,17667.3,17690.4
2022-09-21T11:15:00+05:30,17804.85,17813.75,17744.55,17749.15
2022-09-21T10:45:00+05:30,17795.75,17816.95,17794.05,17805
2022-09-21T10:15:00+05:30,17794.15,17820.3,17781.2,17796.3
2022-09-21T09:45:00+05:30,17787.45,17795.1,17739.5,17794.15
2022-09-21T09:15:00+05:30,17766.35,17838.7,17766.35,17786.55
2022-09-20T15:15:00+05:30,17804,17814.8,17780.5,17791.25
2022-09-20T14:45:00+05:30,17870.15,17873.2,17802.85,17804.55
2022-09-20T14:15:00+05:30,17884.95,17887.1,17857.7,17869.3
2022-09-20T13:45:00+05:30,17867.8,17903.1,17853.6,17883.95
2022-09-20T13:15:00+05:30,17912.85,17916.75,17859.25,17868.9
2022-09-20T12:45:00+05:30,17910.1,17918.2,17894.65,17913.25
2022-09-20T12:15:00+05:30,17882.15,17918.45,17874.05,17910.5
2022-09-20T11:45:00+05:30,17868.65,17890.2,17851.1,17882.8
2022-09-20T11:15:00+05:30,17871.3,17877.9,17844.35,17868.4
2022-09-20T10:45:00+05:30,17850.6,17879.3,17846.1,17871.75
2022-09-20T10:15:00+05:30,17854.95,17874.85,17850.3,17851.25
2022-09-20T09:45:00+05:30,17822.6,17861.55,17821.85,17855.3
2022-09-20T09:15:00+05:30,17770.4,17832.85,17761.95,17822.6
2022-09-19T15:15:00+05:30,17620.6,17641.75,17617.5,17631.85
2022-09-19T14:45:00+05:30,17638,17641,17587.45,17620.8
2022-09-19T14:15:00+05:30,17654.1,17663.45,17610.25,17637.75
2022-09-19T13:45:00+05:30,17627.3,17664.25,17625.7,17654.75
2022-09-19T13:15:00+05:30,17618.65,17631.5,17585.55,17627.6
2022-09-19T12:45:00+05:30,17632.4,17645.55,17606.6,17617.4
2022-09-19T12:15:00+05:30,17632.45,17654.8,17611.45,17631.2
2022-09-19T11:45:00+05:30,17591.1,17649.5,17579.35,17633.45
2022-09-19T11:15:00+05:30,17649.9,17662.2,17589.35,17590.15
2022-09-19T10:45:00+05:30,17649.9,17665.45,17627.35,17650.4
2022-09-19T10:15:00+05:30,17625.3,17665.95,17614.4,17649.7
2022-09-19T09:45:00+05:30,17545.9,17652.1,17545.9,17625.4
2022-09-19T09:15:00+05:30,17540.65,17583,17431,17544.7
2022-09-16T15:15:00+05:30,17542.35,17552.05,17512.4,17550.1
2022-09-16T14:45:00+05:30,17598.45,17618.9,17498.7,17542.35
2022-09-16T14:15:00+05:30,17530.55,17609.2,17505.7,17598.45
2022-09-16T13:45:00+05:30,17571.9,17587,17522.45,17531.2
2022-09-16T13:15:00+05:30,17600.65,17611.8,17569.35,17572.65
2022-09-16T12:45:00+05:30,17665.65,17675.8,17600.3,17600.4
2022-09-16T12:15:00+05:30,17658.25,17684.75,17652.75,17665.2
2022-09-16T11:45:00+05:30,17682.3,17697.75,17652.05,17657.8
2022-09-16T11:15:00+05:30,17700.1,17700.4,17666.55,17682.65
2022-09-16T10:45:00+05:30,17698.55,17714.15,17682.5,17699.85
2022-09-16T10:15:00+05:30,17666.8,17727.9,17643.8,17697.75
2022-09-16T09:45:00+05:30,17746,17755.05,17645.45,17666.35
2022-09-16T09:15:00+05:30,17796.8,17815.8,17717.45,17745.85
2022-09-15T15:15:00+05:30,17876.9,17876.9,17861.95,17872.3
2022-09-15T14:45:00+05:30,17944.95,17946,17873.65,17877.6
2022-09-15T14:15:00+05:30,17910.6,17962.4,17897.85,17946.25
2022-09-15T13:45:00+05:30,17879.2,17915.7,17863.2,17910.65
2022-09-15T13:15:00+05:30,17923.65,17933.5,17874.8,17878.45
2022-09-15T12:45:00+05:30,17899.95,17941.15,17899.8,17923.25
2022-09-15T12:15:00+05:30,17895.95,17914.25,17880.15,17900.65
2022-09-15T11:45:00+05:30,17922.25,17927.5,17877.25,17894.9
2022-09-15T11:15:00+05:30,17887.4,17940.75,17865.65,17920.1
2022-09-15T10:45:00+05:30,17914.95,17928.15,17875.7,17887.5
2022-09-15T10:15:00+05:30,17972.3,17997,17915.35,17915.35
2022-09-15T09:45:00+05:30,18031.65,18049.05,17941.85,17971.55
2022-09-15T09:15:00+05:30,18046.35,18095.4,18014.75,18032.4
2022-09-14T15:15:00+05:30,17980.2,18003.3,17971.1,18000.65
2022-09-14T14:45:00+05:30,18077,18082.05,17980.45,17980.45
2022-09-14T14:15:00+05:30,18072.15,18090.65,18058.9,18077
2022-09-14T13:45:00+05:30,18048.65,18073.5,18003.95,18072.85
2022-09-14T13:15:00+05:30,18055.3,18064.75,18042.65,18048.85
2022-09-14T12:45:00+05:30,18041.8,18056.9,18012.25,18055.9
2022-09-14T12:15:00+05:30,18001.4,18045.5,18001.4,18040.5
2022-09-14T11:45:00+05:30,17972.7,18014.9,17966.45,18002.55
2022-09-14T11:15:00+05:30,17948.45,17973.7,17944.85,17973.2
2022-09-14T10:45:00+05:30,17924.7,17957.75,17922.15,17949.05
2022-09-14T10:15:00+05:30,17913.6,17932.2,17903.05,17924.65
2022-09-14T09:45:00+05:30,17925.9,17945.5,17883.55,17913.5
2022-09-14T09:15:00+05:30,17771.15,17931.9,17771.15,17926
2022-09-13T15:15:00+05:30,18069.65,18070.95,18058.45,18066.5
2022-09-13T14:45:00+05:30,18077.85,18084.1,18065.35,18070
2022-09-13T14:15:00+05:30,18081.2,18083.9,18060.55,18077.95
2022-09-13T13:45:00+05:30,18064,18087.95,18063.8,18081.95
2022-09-13T13:15:00+05:30,18068.2,18075.7,18058.9,18064.45
2022-09-13T12:45:00+05:30,18061.95,18080.7,18061.85,18067.35
2022-09-13T12:15:00+05:30,18070.8,18079.75,18057.55,18061.85
2022-09-13T11:45:00+05:30,18052.95,18078.85,18049.15,18070.95
2022-09-13T11:15:00+05:30,18050.7,18056.8,18033.5,18051.9
2022-09-13T10:45:00+05:30,18045.3,18055.8,18037.3,18051.75
2022-09-13T10:15:00+05:30,18058.5,18065.25,18016.05,18045.15
2022-09-13T09:45:00+05:30,18055.75,18062.85,18046.55,18058.8
2022-09-13T09:15:00+05:30,18044.45,18060.1,18021.35,18055.9
2022-09-12T15:15:00+05:30,17932.2,17936.35,17924.15,17931.6
2022-09-12T14:45:00+05:30,17945.55,17963.2,17930.85,17933.25
2022-09-12T14:15:00+05:30,17977.85,17978.4,17943.05,17945.5
2022-09-12T13:45:00+05:30,17950.95,17980.2,17936.15,17977.5
2022-09-12T13:15:00+05:30,17952.15,17958.3,17943.2,17950.9
2022-09-12T12:45:00+05:30,17961.4,17962.45,17945.15,17952.55
2022-09-12T12:15:00+05:30,17968.2,17969.2,17953.1,17959.8
2022-09-12T11:45:00+05:30,17955.05,17970.75,17947.55,17968.35
2022-09-12T11:15:00+05:30,17947,17960.55,17946.65,17955.95
2022-09-12T10:45:00+05:30,17944.5,17953.75,17931.15,17946.9
2022-09-12T10:15:00+05:30,17967.55,17970.2,17935.05,17943.15
2022-09-12T09:45:00+05:30,17937,17967.8,17933.8,17967.1
2022-09-12T09:15:00+05:30,17890.85,17941.7,17890.85,17937.05
2022-09-09T15:15:00+05:30,17839.75,17839.75,17809.7,17829.3
2022-09-09T14:45:00+05:30,17858.8,17868.3,17837.45,17838.85
2022-09-09T14:15:00+05:30,17846.3,17862.9,17833.8,17857.55
2022-09-09T13:45:00+05:30,17818.6,17855.3,17818.6,17846.85
2022-09-09T13:15:00+05:30,17829.9,17837.45,17786.15,17819.3
2022-09-09T12:45:00+05:30,17858.85,17861.25,17827.25,17829.45
2022-09-09T12:15:00+05:30,17824.8,17859.95,17816.75,17859.1
2022-09-09T11:45:00+05:30,17858.85,17867.7,17824.9,17824.9
2022-09-09T11:15:00+05:30,17883.65,17884.55,17853.3,17858.5
2022-09-09T10:45:00+05:30,17894.35,17899.9,17879.8,17883.45
2022-09-09T10:15:00+05:30,17891.6,17919.45,17891.25,17894.85
2022-09-09T09:45:00+05:30,17893.1,17908.75,17881.05,17894.3
2022-09-09T09:15:00+05:30,17923.35,17925.3,17868.75,17894.25
2022-09-08T15:15:00+05:30,17796.1,17804.5,17790.5,17800.1
2022-09-08T14:45:00+05:30,17780.35,17806.95,17777.1,17796.35
2022-09-08T14:15:00+05:30,17746.45,17784.8,17740.4,17779.7
2022-09-08T13:45:00+05:30,17742.35,17754.9,17718.2,17746.75
2022-09-08T13:15:00+05:30,17722.95,17749.7,17722.15,17742.45
2022-09-08T12:45:00+05:30,17751,17751.55,17692.9,17723.2
2022-09-08T12:15:00+05:30,17751.85,17761.55,17731.55,17751.05
2022-09-08T11:45:00+05:30,17743.95,17756.9,17741.4,17751.4
2022-09-08T11:15:00+05:30,17746.55,17749.15,17723.15,17744.2
2022-09-08T10:45:00+05:30,17742.7,17758,17734.55,17746.15
2022-09-08T10:15:00+05:30,17769.95,17787.15,17731.3,17742.75
2022-09-08T09:45:00+05:30,17772.05,17778.8,17755.35,17770
2022-09-08T09:15:00+05:30,17748.15,17791.1,17732.8,17773
2022-09-07T15:15:00+05:30,17617.1,17638.6,17616.5,17629.5
2022-09-07T14:45:00+05:30,17610.3,17628.9,17605,17617.1
2022-09-07T14:15:00+05:30,17628.25,17646.7,17599,17609.75
2022-09-07T13:45:00+05:30,17633.4,17646.3,17621.45,17628.95
2022-09-07T13:15:00+05:30,17617.7,17650.7,17617.7,17632.65
2022-09-07T12:45:00+05:30,17615.6,17621.85,17599.9,17617.85
2022-09-07T12:15:00+05:30,17614.85,17636.55,17611.3,17616.1
2022-09-07T11:45:00+05:30,17569,17617.3,17567,17614.6
2022-09-07T11:15:00+05:30,17538.55,17569.6,17533.3,17569.05
2022-09-07T10:45:00+05:30,17567.2,17573.75,17538.55,17538.55
2022-09-07T10:15:00+05:30,17577.3,17585.75,17563.35,17567.1
2022-09-07T09:45:00+05:30,17577.4,17592.8,17559.45,17579
2022-09-07T09:15:00+05:30,17519.4,17593.3,17519.4,17579.15
2022-09-06T15:15:00+05:30,17653,17657.15,17641.5,17651.6
2022-09-06T14:45:00+05:30,17641.15,17680.6,17637.55,17653.05
2022-09-06T14:15:00+05:30,17697.55,17705.45,17639.45,17641.05
2022-09-06T13:45:00+05:30,17694.45,17699,17672.3,17697
2022-09-06T13:15:00+05:30,17693.85,17714.4,17682.05,17693.7
2022-09-06T12:45:00+05:30,17707.85,17715.7,17680.6,17693.65
2022-09-06T12:15:00+05:30,17682.15,17710.75,17682.15,17708.45
2022-09-06T11:45:00+05:30,17672.35,17696.8,17661.25,17682.6
2022-09-06T11:15:00+05:30,17667.65,17675.15,17643.9,17672.5
2022-09-06T10:45:00+05:30,17605.9,17668.15,17603,17667.45
2022-09-06T10:15:00+05:30,17640.45,17642.25,17587.95,17605.45
2022-09-06T09:45:00+05:30,17676.15,17686.3,17633.15,17641.15
2022-09-06T09:15:00+05:30,17695.7,17764,17669.35,17676.4
2022-09-05T15:15:00+05:30,17671.6,17672.15,17652.3,17653.9
2022-09-05T14:45:00+05:30,17669.95,17680.15,17651.2,17671.95
2022-09-05T14:15:00+05:30,17669.15,17682.95,17655.85,17670.6
2022-09-05T13:45:00+05:30,17633,17678.7,17629.7,17669.4
2022-09-05T13:15:00+05:30,17650.55,17656,17630.2,17632.25
2022-09-05T12:45:00+05:30,17671.3,17681.2,17647.35,17650.45
2022-09-05T12:15:00+05:30,17658.75,17680.3,17656.45,17672.25
2022-09-05T11:45:00+05:30,17633.7,17662,17631.75,17660
2022-09-05T11:15:00+05:30,17631.55,17638.3,17618.75,17633.95
2022-09-05T10:45:00+05:30,17641,17650,17618.7,17633.35
2022-09-05T10:15:00+05:30,17648.85,17657.25,17630.35,17640
2022-09-05T09:45:00+05:30,17638.8,17657.55,17608.85,17648.15
2022-09-05T09:15:00+05:30,17546.45,17646.1,17546.45,17637.8
2022-09-02T15:15:00+05:30,17551.5,17560.6,17520.2,17527.85
2022-09-02T14:45:00+05:30,17565.45,17565.45,17518.85,17550.75
2022-09-02T14:15:00+05:30,17612.75,17623.45,17565.5,17566.05
2022-09-02T13:45:00+05:30,17579.55,17618.55,17572.85,17612.95
2022-09-02T13:15:00+05:30,17586.1,17597.4,17572.15,17579.5
2022-09-02T12:45:00+05:30,17567.55,17587.1,17559.7,17585.55
2022-09-02T12:15:00+05:30,17554.7,17575,17551.55,17567.3
2022-09-02T11:45:00+05:30,17540.2,17562.6,17527.2,17555.25
2022-09-02T11:15:00+05:30,17533,17543.15,17507.6,17540.35
2022-09-02T10:45:00+05:30,17541.1,17549.55,17500.9,17532.85
2022-09-02T10:15:00+05:30,17496.55,17546.6,17479.75,17540.45
2022-09-02T09:45:00+05:30,17543.85,17578.2,17477.1,17496.55
2022-09-02T09:15:00+05:30,17598.4,17643,17513.3,17542.1
2022-09-01T15:15:00+05:30,17554.85,17564.1,17533.55,17563.25
2022-09-01T14:45:00+05:30,17558.65,17572.05,17507.65,17555
2022-09-01T14:15:00+05:30,17518,17570.8,17492.2,17559.35
2022-09-01T13:45:00+05:30,17550.1,17552.1,17469,17518.5
2022-09-01T13:15:00+05:30,17551.75,17581.2,17526.65,17550.25
2022-09-01T12:45:00+05:30,17608.7,17617.8,17534.25,17552.3
2022-09-01T12:15:00+05:30,17617.65,17619.35,17583.9,17609.05
2022-09-01T11:45:00+05:30,17646.25,17646.25,17568.35,17618.15
2022-09-01T11:15:00+05:30,17646.75,17667.95,17638.55,17646.1
2022-09-01T10:45:00+05:30,17656.5,17663.9,17625.45,17647.35
2022-09-01T10:15:00+05:30,17662.4,17695.5,17631,17656.25
2022-09-01T09:45:00+05:30,17629.55,17670.1,17587.2,17660.75
2022-09-01T09:15:00+05:30,17485.7,17630.9,17485.7,17629.7
2022-08-30T15:15:00+05:30,17762.95,17776.85,17740.85,17744.2
2022-08-30T14:45:00+05:30,17694.85,17774.8,17685.35,17762.8
2022-08-30T14:15:00+05:30,17662.6,17699.5,17662.6,17693.85
2022-08-30T13:45:00+05:30,17668.5,17671.2,17644.95,17662.75
2022-08-30T13:15:00+05:30,17634.85,17669.8,17630.55,17668.05
2022-08-30T12:45:00+05:30,17600.35,17637.35,17600.2,17635.45
2022-08-30T12:15:00+05:30,17581.95,17602.95,17576.5,17599.9
2022-08-30T11:45:00+05:30,17554.15,17583,17540.55,17582
2022-08-30T11:15:00+05:30,17543.15,17557.2,17535.55,17553.7
2022-08-30T10:45:00+05:30,17518.9,17543.75,17514.2,17542.7
2022-08-30T10:15:00+05:30,17481.85,17519.7,17468.6,17518
2022-08-30T09:45:00+05:30,17463.85,17487.6,17460.4,17480.85
2022-08-30T09:15:00+05:30,17414.95,17472.7,17409.7,17463.6
2022-08-29T15:15:00+05:30,17294.4,17339.25,17294.15,17339.1
2022-08-29T14:45:00+05:30,17335.6,17337.2,17291.75,17293.8
2022-08-29T14:15:00+05:30,17357.95,17361.5,17310.9,17336.1
2022-08-29T13:45:00+05:30,17345.25,17379.6,17335.55,17358
2022-08-29T13:15:00+05:30,17326.45,17354.6,17326.45,17345.15
2022-08-29T12:45:00+05:30,17342.95,17349.9,17312.8,17326.8
2022-08-29T12:15:00+05:30,17327.75,17369.75,17326.8,17344
2022-08-29T11:45:00+05:30,17332.35,17338.6,17317.7,17327.45
2022-08-29T11:15:00+05:30,17285,17342.85,17281.2,17331.9
2022-08-29T10:45:00+05:30,17310.6,17319.7,17280.95,17285.1
2022-08-29T10:15:00+05:30,17313.8,17326.4,17300.8,17310.95
2022-08-29T09:45:00+05:30,17277.85,17328.65,17267.65,17313.95
2022-08-29T09:15:00+05:30,17188.65,17283.45,17168.25,17278.2
2022-08-26T15:15:00+05:30,17556.65,17595.75,17555.75,17582.9
2022-08-26T14:45:00+05:30,17590.55,17594.25,17520.15,17555.15
2022-08-26T14:15:00+05:30,17596.1,17605.25,17573.85,17590.8
2022-08-26T13:45:00+05:30,17584.8,17611.2,17577.2,17596.05
2022-08-26T13:15:00+05:30,17587.4,17601.35,17564.35,17584.95
2022-08-26T12:45:00+05:30,17620.05,17632.3,17569.6,17586.8
2022-08-26T12:15:00+05:30,17624.3,17627.45,17587.1,17619.3
2022-08-26T11:45:00+05:30,17604.75,17635.65,17602.2,17624.25
2022-08-26T11:15:00+05:30,17586.45,17617,17582.5,17605.1
2022-08-26T10:45:00+05:30,17599.25,17608.05,17581.6,17586.8
2022-08-26T10:15:00+05:30,17633.7,17637.3,17597.6,17599.25
2022-08-26T09:45:00+05:30,17636,17667.9,17629.2,17634.6
2022-08-26T09:15:00+05:30,17619.3,17685.2,17617.2,17635.75
2022-08-25T15:15:00+05:30,17498.6,17518.95,17488.6,17508.2
2022-08-25T14:45:00+05:30,17646.85,17653.45,17488.95,17498.9
2022-08-25T14:15:00+05:30,17692.55,17695.3,17614.35,17645.85
2022-08-25T13:45:00+05:30,17703.75,17705.8,17682.8,17692.6
2022-08-25T13:15:00+05:30,17711.8,17714.6,17693.05,17702.75
2022-08-25T12:45:00+05:30,17696,17726.4,17694.6,17712.95
2022-08-25T12:15:00+05:30,17695.9,17708.1,17691.65,17696.35
2022-08-25T11:45:00+05:30,17674.45,17704.5,17673.75,17696.3
2022-08-25T11:15:00+05:30,17677.25,17678.35,17639.5,17674.05
2022-08-25T10:45:00+05:30,17685.9,17702.35,17676.5,17676.85
2022-08-25T10:15:00+05:30,17694.2,17699.05,17678.5,17686.1
2022-08-25T09:45:00+05:30,17703.95,17716.05,17690.6,17694.35
2022-08-25T09:15:00+05:30,17679,17708.5,17659.9,17703.7
2022-08-24T15:15:00+05:30,17617.75,17617.95,17597.1,17607.55
2022-08-24T14:45:00+05:30,17564.45,17622.15,17564.45,17618.1
2022-08-24T14:15:00+05:30,17559.3,17579.35,17557.65,17564.5
2022-08-24T13:45:00+05:30,17570.35,17584.95,17550.05,17560.25
2022-08-24T13:15:00+05:30,17543.4,17572.1,17524.2,17571
2022-08-24T12:45:00+05:30,17581.4,17581.9,17530.8,17543.65
2022-08-24T12:15:00+05:30,17566.8,17597.65,17560.3,17581.4
2022-08-24T11:45:00+05:30,17609.15,17616.9,17558.75,17566.35
2022-08-24T11:15:00+05:30,17614.8,17621.75,17594.4,17609
2022-08-24T10:45:00+05:30,17574.85,17615.3,17574.85,17614.35
2022-08-24T10:15:00+05:30,17564.4,17596.25,17559.65,17575.2
2022-08-24T09:45:00+05:30,17518.55,17574.5,17509.4,17564.8
2022-08-24T09:15:00+05:30,17525.45,17605.35,17499.9,17519
2022-08-23T15:15:00+05:30,17571.05,17624.5,17568.95,17623.35
2022-08-23T14:45:00+05:30,17565.95,17571.75,17525.15,17571.1
2022-08-23T14:15:00+05:30,17573.7,17593.4,17544.85,17565.85
2022-08-23T13:45:00+05:30,17562,17583.3,17544.65,17573.35
2022-08-23T13:15:00+05:30,17546.7,17577.1,17544.35,17562.8
2022-08-23T12:45:00+05:30,17489.05,17551.5,17484.45,17547.25
2022-08-23T12:15:00+05:30,17463.95,17495.5,17448.6,17487.85
2022-08-23T11:45:00+05:30,17471.65,17497.3,17452.7,17464.2
2022-08-23T11:15:00+05:30,17431.35,17509,17425.8,17469.85
2022-08-23T10:45:00+05:30,17448.4,17462.85,17411.7,17431.5
2022-08-23T10:15:00+05:30,17515.75,17538.25,17417.55,17447.4
2022-08-23T09:45:00+05:30,17525.55,17587.8,17516.1,17517
2022-08-23T09:15:00+05:30,17357.35,17537.3,17346.95,17525.75
2022-08-22T15:15:00+05:30,17497.15,17503.95,17487.75,17494.35
2022-08-22T14:45:00+05:30,17520,17534.75,17468.1,17495.3
2022-08-22T14:15:00+05:30,17540.25,17560.45,17516,17518.6
2022-08-22T13:45:00+05:30,17532.95,17548.35,17523.4,17541.15
2022-08-22T13:15:00+05:30,17546,17564.45,17525.95,17533.15
2022-08-22T12:45:00+05:30,17565.35,17574.05,17533.85,17546.25
2022-08-22T12:15:00+05:30,17574.15,17597,17564.95,17565.9
2022-08-22T11:45:00+05:30,17561.55,17584.75,17559,17573.85
2022-08-22T11:15:00+05:30,17561.7,17568.7,17547.7,17561.4
2022-08-22T10:45:00+05:30,17555.7,17578.95,17544.75,17562.15
2022-08-22T10:15:00+05:30,17580.7,17599.25,17555.15,17556.35
2022-08-22T09:45:00+05:30,17606.8,17630.85,17573.15,17580.25
2022-08-22T09:15:00+05:30,17682.9,17687.55,17594.45,17606.1
2022-08-19T15:15:00+05:30,17764.65,17767.3,17725.7,17726.95
2022-08-19T14:45:00+05:30,17789.75,17804.2,17756.25,17765
2022-08-19T14:15:00+05:30,17763.55,17800.8,17763.15,17789.55
2022-08-19T13:45:00+05:30,17774.65,17779.75,17711.15,17763.4
2022-08-19T13:15:00+05:30,17810.4,17822.2,17760.45,17775
2022-08-19T12:45:00+05:30,17779.75,17816.7,17762.15,17810.55
2022-08-19T12:15:00+05:30,17807.1,17809.3,17728.05,17778.9
2022-08-19T11:45:00+05:30,17788,17834,17783.35,17806.4
2022-08-19T11:15:00+05:30,17879.45,17896.2,17786.65,17789.85
2022-08-19T10:45:00+05:30,17958.7,17964.65,17858.45,17879.4
2022-08-19T10:15:00+05:30,17962.55,17969.3,17950.55,17958.65
2022-08-19T09:45:00+05:30,17955.4,17972.15,17941.4,17962.8
2022-08-19T09:15:00+05:30,17966.55,17989.15,17934.25,17956.4
2022-08-18T15:15:00+05:30,17956.6,17967.55,17946.4,17964.45
2022-08-18T14:45:00+05:30,17938.65,17964.55,17933.75,17957.3
2022-08-18T14:15:00+05:30,17915.4,17942,17911.2,17938.55
2022-08-18T13:45:00+05:30,17894.9,17915.8,17884.15,17915.2
2022-08-18T13:15:00+05:30,17901.1,17912.85,17891.3,17893.65
2022-08-18T12:45:00+05:30,17896.9,17907,17876.95,17900.9
2022-08-18T12:15:00+05:30,17870.2,17898.3,17867,17897.8
2022-08-18T11:45:00+05:30,17884.15,17884.3,17852.5,17870.05
2022-08-18T11:15:00+05:30,17903.95,17903.95,17862.15,17884.25
2022-08-18T10:45:00+05:30,17913.15,17921.3,17901.5,17903.9
2022-08-18T10:15:00+05:30,17938.55,17941.15,17890.2,17913.05
2022-08-18T09:45:00+05:30,17920.7,17954,17916.15,17940.4
2022-08-18T09:15:00+05:30,17898.65,17925.4,17863.85,17921.1
2022-08-17T15:15:00+05:30,17946.65,17946.65,17927.4,17930.95
2022-08-17T14:45:00+05:30,17938,17965.4,17938,17947.15
2022-08-17T14:15:00+05:30,17923.85,17945.35,17916.4,17938.7
2022-08-17T13:45:00+05:30,17941.3,17942.35,17917.1,17924.05
2022-08-17T13:15:00+05:30,17934.2,17943.9,17927.1,17942.1
2022-08-17T12:45:00+05:30,17934.15,17944.75,17931.75,17934.8
2022-08-17T12:15:00+05:30,17930.15,17940.85,17922.25,17933.45
2022-08-17T11:45:00+05:30,17920.4,17933.4,17907.85,17931.05
2022-08-17T11:15:00+05:30,17932.05,17936.85,17914.25,17920.35
2022-08-17T10:45:00+05:30,17911.4,17933.05,17908.35,17931.95
2022-08-17T10:15:00+05:30,17909.55,17920.55,17899,17911.4
2022-08-17T09:45:00+05:30,17890.9,17914.7,17880.65,17909.6
2022-08-17T09:15:00+05:30,17868.15,17893.45,17834.6,17891.4
2022-08-16T15:15:00+05:30,17829.95,17836.65,17822.6,17828.3
2022-08-16T14:45:00+05:30,17800.85,17830.65,17782.25,17830.35
2022-08-16T14:15:00+05:30,17795.15,17817.15,17794.9,17800.45
2022-08-16T13:45:00+05:30,17788.05,17802.75,17780.2,17794.75
2022-08-16T13:15:00+05:30,17776.5,17791.8,17768.2,17788.2
2022-08-16T12:45:00+05:30,17797.8,17807.9,17776.4,17777.1
2022-08-16T12:15:00+05:30,17797.85,17814.15,17794.7,17797.1
2022-08-16T11:45:00+05:30,17804.95,17808.6,17781.35,17797.7
2022-08-16T11:15:00+05:30,17831.45,17832.75,17799.35,17805.2
2022-08-16T10:45:00+05:30,17819.7,17838.75,17813.35,17830.95
2022-08-16T10:15:00+05:30,17816,17830,17815,17820.3
2022-08-16T09:45:00+05:30,17815.55,17832.55,17806.5,17816.5
2022-08-16T09:15:00+05:30,17797.2,17826.2,17764.6,17816.5
2022-08-12T15:15:00+05:30,17695.25,17713.5,17692.4,17698.65
2022-08-12T14:45:00+05:30,17674.7,17695.85,17661.9,17695.65
2022-08-12T14:15:00+05:30,17709.25,17709.6,17673.55,17675.2
2022-08-12T13:45:00+05:30,17715.75,17724.25,17699.7,17709.2
2022-08-12T13:15:00+05:30,17700.2,17719.3,17690.9,17715.5
2022-08-12T12:45:00+05:30,17695.55,17711.65,17691.05,17701.1
2022-08-12T12:15:00+05:30,17685.25,17697.25,17667.5,17695.55
2022-08-12T11:45:00+05:30,17689.4,17691.55,17674.85,17685
2022-08-12T11:15:00+05:30,17682.45,17699.25,17672.65,17689.45
2022-08-12T10:45:00+05:30,17648,17684.55,17647.3,17683
2022-08-12T10:15:00+05:30,17679.15,17687.65,17647.2,17647.6
2022-08-12T09:45:00+05:30,17638.05,17680.4,17635.6,17678.3
2022-08-12T09:15:00+05:30,17659.65,17659.9,17598.15,17637.95
2022-08-11T15:15:00+05:30,17652.25,17659.85,17638.3,17638.65
2022-08-11T14:45:00+05:30,17654,17676.3,17648.6,17652.95
2022-08-11T14:15:00+05:30,17644.05,17678.45,17639.55,17655.55
2022-08-11T13:45:00+05:30,17659.85,17669.7,17638.7,17644.35
2022-08-11T13:15:00+05:30,17671.55,17673,17632.35,17658.85
2022-08-11T12:45:00+05:30,17678.9,17682.3,17658.9,17671.75
2022-08-11T12:15:00+05:30,17660.05,17684.6,17659.35,17678.9
2022-08-11T11:45:00+05:30,17659,17668.35,17652.5,17659.9
2022-08-11T11:15:00+05:30,17680.9,17688.1,17645.85,17658.75
2022-08-11T10:45:00+05:30,17686.95,17691.15,17674.25,17680.95
2022-08-11T10:15:00+05:30,17673.45,17695,17672.35,17687.05
2022-08-11T09:45:00+05:30,17691.95,17698.5,17672.6,17673.2
2022-08-11T09:15:00+05:30,17711.65,17716.65,17668.4,17691.75
2022-08-10T15:15:00+05:30,17538.7,17540.05,17520.4,17523.75
2022-08-10T14:45:00+05:30,17527.3,17546.8,17513.05,17537.65
2022-08-10T14:15:00+05:30,17531.7,17543.55,17518.45,17527.1
2022-08-10T13:45:00+05:30,17500.9,17532,17488.9,17531.25
2022-08-10T13:15:00+05:30,17498.2,17508.7,17479.55,17500.05
2022-08-10T12:45:00+05:30,17520.15,17521.3,17494.8,17498.35
2022-08-10T12:15:00+05:30,17508.9,17521.45,17499.8,17519.5
2022-08-10T11:45:00+05:30,17510.85,17514.9,17482,17509
2022-08-10T11:15:00+05:30,17508.7,17518.65,17487.25,17510.55
2022-08-10T10:45:00+05:30,17522.15,17532.35,17506.8,17509.2
2022-08-10T10:15:00+05:30,17503.9,17542.35,17503.9,17522.65
2022-08-10T09:45:00+05:30,17505.25,17506.35,17443.55,17502.95
2022-08-10T09:15:00+05:30,17566.1,17566.1,17478.35,17507.8
2022-08-08T15:15:00+05:30,17522.85,17533.5,17514.1,17527.85
2022-08-08T14:45:00+05:30,17494.7,17538.75,17485.85,17522.95
2022-08-08T14:15:00+05:30,17525.7,17537.3,17493.25,17495.85
2022-08-08T13:45:00+05:30,17536.55,17547.7,17511.8,17526.4
2022-08-08T13:15:00+05:30,17520.7,17548.7,17506.35,17536.45
2022-08-08T12:45:00+05:30,17517.2,17534.35,17512.6,17520.3
2022-08-08T12:15:00+05:30,17503.65,17528.1,17502.75,17517.7
2022-08-08T11:45:00+05:30,17467.85,17504.2,17460.9,17503.05
2022-08-08T11:15:00+05:30,17457.4,17485.85,17449.75,17468
2022-08-08T10:45:00+05:30,17460.6,17478.25,17453.85,17457.5
2022-08-08T10:15:00+05:30,17439.6,17464.9,17434.8,17460.8
2022-08-08T09:45:00+05:30,17435.85,17443.55,17414.5,17439.3
2022-08-08T09:15:00+05:30,17401.5,17435.65,17361,17435.65
2022-08-05T15:15:00+05:30,17398.75,17405.4,17383.25,17389.05
2022-08-05T14:45:00+05:30,17372.05,17416.8,17372.05,17398.45
2022-08-05T14:15:00+05:30,17379.4,17402.05,17349.6,17371.75
2022-08-05T13:45:00+05:30,17425.55,17436.25,17380.45,17380.45
2022-08-05T13:15:00+05:30,17407.75,17434.3,17391.95,17425.45
2022-08-05T12:45:00+05:30,17432.55,17432.55,17381.85,17408.3
2022-08-05T12:15:00+05:30,17451.35,17456.35,17430,17432.8
2022-08-05T11:45:00+05:30,17440.7,17460.6,17423.55,17451.1
2022-08-05T11:15:00+05:30,17467.75,17468.7,17427.75,17442.5
2022-08-05T10:45:00+05:30,17435.05,17474.1,17426.05,17466.95
2022-08-05T10:15:00+05:30,17432.3,17459.35,17413.1,17434.1
2022-08-05T09:45:00+05:30,17418.35,17461.25,17392.95,17432.05
2022-08-05T09:15:00+05:30,17423.65,17455.1,17389.5,17417.85
2022-08-04T15:15:00+05:30,17377.25,17385,17355.3,17364
2022-08-04T14:45:00+05:30,17326.35,17406.7,17322.9,17377.4
2022-08-04T14:15:00+05:30,17285.75,17330.75,17278.7,17326.35
2022-08-04T13:45:00+05:30,17324.5,17337.45,17265.2,17285.3
2022-08-04T13:15:00+05:30,17312.1,17336.85,17292.35,17324.45
2022-08-04T12:45:00+05:30,17301.05,17348.95,17292.25,17313.4
2022-08-04T12:15:00+05:30,17308.15,17314.8,17259.6,17300.95
2022-08-04T11:45:00+05:30,17232.65,17312.55,17161.8,17307.3
2022-08-04T11:15:00+05:30,17396.2,17396.2,17231.75,17233.1
2022-08-04T10:45:00+05:30,17416.65,17441.9,17397.25,17397.25
2022-08-04T10:15:00+05:30,17434.9,17448.15,17410.25,17416.15
2022-08-04T09:45:00+05:30,17464.35,17488.25,17428.7,17434.3
2022-08-04T09:15:00+05:30,17463.1,17489.25,17447.7,17464.05
2022-08-03T15:15:00+05:30,17401.1,17406.4,17387.6,17392.9
2022-08-03T14:45:00+05:30,17335.3,17402.95,17325.4,17401.15
2022-08-03T14:15:00+05:30,17305.5,17337,17288.55,17333.65
2022-08-03T13:45:00+05:30,17277.75,17317.8,17268.25,17305.4
2022-08-03T13:15:00+05:30,17288.1,17302.15,17260.8,17275.85
2022-08-03T12:45:00+05:30,17263.15,17305.5,17260.45,17287.9
2022-08-03T12:15:00+05:30,17248.65,17276.5,17232.75,17263.85
2022-08-03T11:45:00+05:30,17266.55,17279.7,17242.25,17248.35
2022-08-03T11:15:00+05:30,17236.8,17268.65,17226,17266.1
2022-08-03T10:45:00+05:30,17276.3,17276.7,17235.45,17236.85
2022-08-03T10:15:00+05:30,17300.6,17300.75,17251.1,17276.3
2022-08-03T09:45:00+05:30,17272.65,17326.4,17263.1,17300.6
2022-08-03T09:15:00+05:30,17349.25,17384.6,17271.05,17273.4
2022-08-02T15:15:00+05:30,17364.6,17364.6,17287,17294.85
2022-08-02T14:45:00+05:30,17383.4,17389.7,17340.05,17364.8
2022-08-02T14:15:00+05:30,17322.25,17383.8,17316.9,17383.55
2022-08-02T13:45:00+05:30,17286.2,17346,17286.2,17322.35
2022-08-02T13:15:00+05:30,17263.15,17294.7,17263.15,17286.75
2022-08-02T12:45:00+05:30,17239.7,17280.75,17234.6,17263.95
2022-08-02T12:15:00+05:30,17292.45,17304.45,17237.95,17240.85
2022-08-02T11:45:00+05:30,17300.4,17303.6,17274.5,17292.4
2022-08-02T11:15:00+05:30,17254.8,17304.3,17244.25,17300.5
2022-08-02T10:45:00+05:30,17265.65,17273.9,17239.15,17254.9
2022-08-02T10:15:00+05:30,17225.65,17269.9,17225.3,17265.1
2022-08-02T09:45:00+05:30,17306.15,17307.85,17217.4,17226.3
2022-08-02T09:15:00+05:30,17310.15,17330.1,17269.6,17306.95
2022-08-01T15:15:00+05:30,17334.75,17348.8,17328.6,17332.3
2022-08-01T14:45:00+05:30,17323.75,17355.65,17315.3,17334.9
2022-08-01T14:15:00+05:30,17309.9,17326.1,17295.25,17323.4
2022-08-01T13:45:00+05:30,17297.65,17318.3,17286.85,17309.7
2022-08-01T13:15:00+05:30,17285.95,17304.75,17276.9,17296.95
2022-08-01T12:45:00+05:30,17289,17299.65,17283.45,17286.6
2022-08-01T12:15:00+05:30,17261.45,17293.5,17261.25,17288.95
2022-08-01T11:45:00+05:30,17267.55,17278.25,17249.75,17261.7
2022-08-01T11:15:00+05:30,17266.95,17273.85,17249.15,17266.25
2022-08-01T10:45:00+05:30,17284.4,17286.6,17263.35,17266
2022-08-01T10:15:00+05:30,17273.05,17285.95,17255.9,17284
2022-08-01T09:45:00+05:30,17230.2,17275.3,17225.8,17272.95
2022-08-01T09:15:00+05:30,17243.2,17244.5,17156.3,17230.05
2022-07-29T15:15:00+05:30,17159.55,17172.2,17153.95,17157.95
2022-07-29T14:45:00+05:30,17096.35,17169,17071.6,17159.8
2022-07-29T14:15:00+05:30,17078.55,17098.85,17061.5,17096.9
2022-07-29T13:45:00+05:30,17092.95,17109.2,17073.95,17079.15
2022-07-29T13:15:00+05:30,17106.6,17115.45,17072.1,17092.65
2022-07-29T12:45:00+05:30,17101.65,17121.95,17095.85,17106.2
2022-07-29T12:15:00+05:30,17101.4,17107.4,17084.65,17101.7
2022-07-29T11:45:00+05:30,17094.1,17109.05,17092.15,17101.5
2022-07-29T11:15:00+05:30,17098.45,17107.65,17074.9,17093.45
2022-07-29T10:45:00+05:30,17035.7,17103.85,17031,17098.75
2022-07-29T10:15:00+05:30,17108.7,17122.15,17018.35,17034.95
2022-07-29T09:45:00+05:30,17119.15,17141.25,17104.85,17109.3
2022-07-29T09:15:00+05:30,17079.5,17131.15,17064.95,17120.4
2022-07-28T15:15:00+05:30,16935.5,16942.3,16918.3,16922.05
2022-07-28T14:45:00+05:30,16883.55,16943.6,16869.85,16936.3
2022-07-28T14:15:00+05:30,16920.5,16925.45,16881.2,16883.15
2022-07-28T13:45:00+05:30,16910.9,16930.2,16901.75,16920.6
2022-07-28T13:15:00+05:30,16912.95,16923.6,16899.95,16911.95
2022-07-28T12:45:00+05:30,16905.95,16920.15,16884,16913.5
2022-07-28T12:15:00+05:30,16894.3,16908.55,16882.4,16905.2
2022-07-28T11:45:00+05:30,16885,16896.4,16869.3,16892.9
2022-07-28T11:15:00+05:30,16877.2,16889.25,16859.55,16886.95
2022-07-28T10:45:00+05:30,16841.45,16878.1,16837.45,16877.1
2022-07-28T10:15:00+05:30,16820.5,16856.05,16812.15,16840.35
2022-07-28T09:45:00+05:30,16758,16825.6,16755.7,16819.95
2022-07-28T09:15:00+05:30,16774.85,16791.05,16748.3,16758.95
2022-07-27T15:15:00+05:30,16643.35,16652.55,16637.65,16642.75
2022-07-27T14:45:00+05:30,16601,16644.85,16592.3,16643.95
2022-07-27T14:15:00+05:30,16581.6,16614.15,16578.15,16601.9
2022-07-27T13:45:00+05:30,16599.95,16604.05,16575.8,16582
2022-07-27T13:15:00+05:30,16592.8,16616.85,16582.85,16599.9
2022-07-27T12:45:00+05:30,16556.5,16605.3,16552.25,16593.9
2022-07-27T12:15:00+05:30,16569.05,16572.4,16543.8,16556.35
2022-07-27T11:45:00+05:30,16564.95,16570.5,16554.45,16568.5
2022-07-27T11:15:00+05:30,16543.4,16568.6,16539.7,16565.5
2022-07-27T10:45:00+05:30,16538.2,16556,16535.8,16543.65
2022-07-27T10:15:00+05:30,16522.75,16545.3,16515.2,16538.85
2022-07-27T09:45:00+05:30,16453.55,16525.2,16451.8,16523.2
2022-07-27T09:15:00+05:30,16475.35,16512.1,16439.7,16454.1
2022-07-26T15:15:00+05:30,16483.9,16486.45,16463.55,16466.55
2022-07-26T14:45:00+05:30,16488.25,16510.45,16481.35,16482.7
2022-07-26T14:15:00+05:30,16538.6,16547.35,16487.6,16487.75
2022-07-26T13:45:00+05:30,16541.5,16545.55,16506,16538.95
2022-07-26T13:15:00+05:30,16552.2,16572.95,16539.95,16541
2022-07-26T12:45:00+05:30,16547.15,16556.35,16535.95,16552
2022-07-26T12:15:00+05:30,16536.5,16557.3,16530.05,16547.7
2022-07-26T11:45:00+05:30,16512,16547.05,16508.9,16536.9
2022-07-26T11:15:00+05:30,16504.6,16526.8,16498.95,16513
2022-07-26T10:45:00+05:30,16504.4,16525.3,16498.65,16504.45
2022-07-26T10:15:00+05:30,16512.1,16538.6,16496,16503.35
2022-07-26T09:45:00+05:30,16540.15,16540.15,16506,16512.05
2022-07-26T09:15:00+05:30,16632.9,16634.75,16530.3,16539.3
2022-07-25T15:15:00+05:30,16634.9,16635.15,16603.2,16610.05
2022-07-25T14:45:00+05:30,16673.8,16674.2,16631.3,16632.6
2022-07-25T14:15:00+05:30,16647.25,16684.05,16646.55,16674.15
2022-07-25T13:45:00+05:30,16605.15,16651.8,16602.35,16647.95
2022-07-25T13:15:00+05:30,16620.6,16628.55,16590.6,16604.15
2022-07-25T12:45:00+05:30,16594.35,16622.65,16581.85,16619.7
2022-07-25T12:15:00+05:30,16588.8,16605.45,16581.4,16595.15
2022-07-25T11:45:00+05:30,16585.95,16610,16580.9,16589.1
2022-07-25T11:15:00+05:30,16567.6,16595.15,16564.5,16587.1
2022-07-25T10:45:00+05:30,16602.2,16612.4,16568,16568.15
2022-07-25T10:15:00+05:30,16621.7,16631.4,16600.05,16602.65
2022-07-25T09:45:00+05:30,16641.6,16641.6,16587.75,16622.25
2022-07-25T09:15:00+05:30,16662.55,16704.95,16634.45,16641.4
2022-07-22T15:15:00+05:30,16728.9,16729.3,16705.95,16714.3
2022-07-22T14:45:00+05:30,16717.95,16736.4,16709.75,16729.05
2022-07-22T14:15:00+05:30,16727.85,16752.25,16712.05,16717.9
2022-07-22T13:45:00+05:30,16700.3,16738.25,16694.4,16727.8
2022-07-22T13:15:00+05:30,16679.55,16701.2,16664.35,16700.65
2022-07-22T12:45:00+05:30,16692.35,16707.15,16670.75,16680.4
2022-07-22T12:15:00+05:30,16678.5,16698.75,16670.5,16693.15
2022-07-22T11:45:00+05:30,16653.7,16682.1,16652.7,16680.5
2022-07-22T11:15:00+05:30,16638.05,16653.85,16636.6,16653.85
2022-07-22T10:45:00+05:30,16622.35,16638.5,16617.95,16638.25
2022-07-22T10:15:00+05:30,16628.9,16652.25,16611,16622.45
2022-07-22T09:45:00+05:30,16657.75,16657.75,16623.25,16629
2022-07-22T09:15:00+05:30,16661.25,16704.15,16656.9,16657.9
2022-07-21T15:15:00+05:30,16610.9,16624.15,16604.05,16609.8
2022-07-21T14:45:00+05:30,16585.3,16611.95,16559.35,16611.85
2022-07-21T14:15:00+05:30,16560.35,16601.65,16556.75,16585.05
2022-07-21T13:45:00+05:30,16539,16564.4,16517.3,16560.55
2022-07-21T13:15:00+05:30,16542.15,16557.35,16530.6,16538.4
2022-07-21T12:45:00+05:30,16575.55,16586.35,16540.1,16542.7
2022-07-21T12:15:00+05:30,16573.25,16577.85,16558.15,16575.6
2022-07-21T11:45:00+05:30,16582,16584.65,16564.8,16573.05
2022-07-21T11:15:00+05:30,16569.5,16591.6,16563.75,16581.9
2022-07-21T10:45:00+05:30,16557.75,16574.7,16550.2,16569.15
2022-07-21T10:15:00+05:30,16574.1,16578.35,16552.45,16557.75
2022-07-21T09:45:00+05:30,16533.3,16575.8,16533.3,16573
2022-07-21T09:15:00+05:30,16523.55,16537.65,16485.85,16533.7
2022-07-20T15:15:00+05:30,16515.8,16521.9,16491.15,16495.8
2022-07-20T14:45:00+05:30,16520.5,16542.4,16515.55,16516.2
2022-07-20T14:15:00+05:30,16547.45,16547.8,16516.5,16519.75
2022-07-20T13:45:00+05:30,16555.9,16565,16536.45,16547.05
2022-07-20T13:15:00+05:30,16530.65,16567,16522.05,16555.95
2022-07-20T12:45:00+05:30,16580.8,16588,16530.4,16530.4
2022-07-20T12:15:00+05:30,16556.85,16583.3,16556.35,16580.1
2022-07-20T11:45:00+05:30,16559.8,16560.65,16533.85,16557.45
2022-07-20T11:15:00+05:30,16563.05,16567.55,16551.25,16559.95
2022-07-20T10:45:00+05:30,16549,16568.7,16543.8,16563.25
2022-07-20T10:15:00+05:30,16543.1,16553,16529.2,16549.1
2022-07-20T09:45:00+05:30,16539.15,16546.35,16520.3,16542.45
2022-07-20T09:15:00+05:30,16562.8,16562.8,16502.05,16538.8
2022-07-19T15:15:00+05:30,16349.9,16351.65,16323.75,16329.3
2022-07-19T14:45:00+05:30,16333.85,16359.15,16330.1,16350.55
2022-07-19T14:15:00+05:30,16297.95,16347.6,16279.25,16334.95
2022-07-19T13:45:00+05:30,16297.2,16315,16289.25,16298.3
2022-07-19T13:15:00+05:30,16271.7,16301.2,16265.85,16296.8
2022-07-19T12:45:00+05:30,16315.25,16321.3,16269.05,16272.15
2022-07-19T12:15:00+05:30,16303.85,16322.25,16297.5,16314.9
2022-07-19T11:45:00+05:30,16268.6,16306.9,16255.15,16304.65
2022-07-19T11:15:00+05:30,16323.2,16323.3,16268.5,16268.5
2022-07-19T10:45:00+05:30,16303.7,16328.05,16294.65,16323.2
2022-07-19T10:15:00+05:30,16294.75,16305.85,16275.9,16303.8
2022-07-19T09:45:00+05:30,16264.7,16297.6,16264.15,16294.9
2022-07-19T09:15:00+05:30,16187.05,16268.05,16187.05,16264.55
2022-07-18T15:15:00+05:30,16271.7,16286.8,16266.5,16281.4
2022-07-18T14:45:00+05:30,16246.55,16283.6,16243.45,16271.05
2022-07-18T14:15:00+05:30,16232.65,16246.45,16227,16245.9
2022-07-18T13:45:00+05:30,16217.05,16238.25,16214.65,16232.5
2022-07-18T13:15:00+05:30,16219.1,16221.85,16197.2,16216.55
2022-07-18T12:45:00+05:30,16218.3,16227.5,16210.6,16218.95
2022-07-18T12:15:00+05:30,16216.55,16227.2,16210.5,16219.6
2022-07-18T11:45:00+05:30,16205.35,16218.75,16191.75,16216.2
2022-07-18T11:15:00+05:30,16211.15,16220.05,16202.4,16205.35
2022-07-18T10:45:00+05:30,16184.8,16216.85,16181.55,16210.7
2022-07-18T10:15:00+05:30,16185.9,16191.45,16171.75,16186.4
2022-07-18T09:45:00+05:30,16168.3,16190.65,16160.6,16184.8
2022-07-18T09:15:00+05:30,16151.4,16198.3,16146.65,16169.5
2022-07-15T15:15:00+05:30,16052.9,16066.45,16044.1,16052.85
2022-07-15T14:45:00+05:30,16018.15,16054.2,15998.65,16053.25
2022-07-15T14:15:00+05:30,15993.65,16029.2,15987.9,16017.85
2022-07-15T13:45:00+05:30,15951.9,15992.25,15945.1,15992.25
2022-07-15T13:15:00+05:30,15980.05,15986.5,15948.85,15951.25
2022-07-15T12:45:00+05:30,15946.05,15983.05,15945.65,15979.5
2022-07-15T12:15:00+05:30,15949.45,15959.55,15927.45,15946.05
2022-07-15T11:45:00+05:30,15965.7,15984.8,15935.9,15949.35
2022-07-15T11:15:00+05:30,15946.25,15974.65,15944.85,15965.3
2022-07-15T10:45:00+05:30,15982.1,15982.4,15935.05,15946.4
2022-07-15T10:15:00+05:30,15990.85,16002.4,15973.25,15982.4
2022-07-15T09:45:00+05:30,15980.65,15994.6,15962.15,15989.95
2022-07-15T09:15:00+05:30,16010.8,16038.15,15971.05,15980.45
2022-07-14T15:15:00+05:30,15942.55,15955.1,15934.55,15947.95
2022-07-14T14:45:00+05:30,15904.35,15954.8,15883.2,15942.5
2022-07-14T14:15:00+05:30,15872.4,15915.8,15859.2,15904.7
2022-07-14T13:45:00+05:30,15929.85,15943.85,15871.85,15872.3
2022-07-14T13:15:00+05:30,15972.3,15972.3,15919.15,15928.8
2022-07-14T12:45:00+05:30,15944.85,16002.15,15942.7,15972.45
2022-07-14T12:15:00+05:30,15957.45,15978.55,15943.1,15945.2
2022-07-14T11:45:00+05:30,15974.4,15974.4,15937.8,15956.7
2022-07-14T11:15:00+05:30,16005.95,16005.95,15956.2,15974.35
2022-07-14T10:45:00+05:30,16024.85,16041.85,16003.4,16005.65
2022-07-14T10:15:00+05:30,16049.5,16052.7,16012.85,16025.05
2022-07-14T09:45:00+05:30,16033.05,16070.5,16033.05,16048.5
2022-07-14T09:15:00+05:30,16018.85,16049.3,15995.15,16033.3
2022-07-13T15:15:00+05:30,15959.75,15982.3,15955.95,15975.75
2022-07-13T14:45:00+05:30,15991.1,15994.5,15950.55,15959.8
2022-07-13T14:15:00+05:30,15981.65,16007.55,15981.3,15990.15
2022-07-13T13:45:00+05:30,15970.75,16007.8,15968.6,15981.8
2022-07-13T13:15:00+05:30,16001.9,16008.85,15968.5,15971.05
2022-07-13T12:45:00+05:30,16053.8,16057,15990.15,16001.75
2022-07-13T12:15:00+05:30,16084.95,16094.8,16050.95,16053.85
2022-07-13T11:45:00+05:30,16084.5,16095,16066.1,16084.95
2022-07-13T11:15:00+05:30,16077.45,16102.7,16075.25,16084.45
2022-07-13T10:45:00+05:30,16073.75,16082.75,16056.8,16077.5
2022-07-13T10:15:00+05:30,16129,16131.55,16064.55,16074.1
2022-07-13T09:45:00+05:30,16124.05,16139.85,16109.5,16129.25
2022-07-13T09:15:00+05:30,16128.2,16138.65,16103.05,16123.9
2022-07-12T15:15:00+05:30,16055.85,16057.6,16032.25,16037.75
2022-07-12T14:45:00+05:30,16119.1,16125.05,16056.3,16056.3
2022-07-12T14:15:00+05:30,16134.8,16144.55,16117.7,16118.7
2022-07-12T13:45:00+05:30,16106,16134.95,16092.3,16134.95
2022-07-12T13:15:00+05:30,16080.5,16109.45,16079.85,16106.55
2022-07-12T12:45:00+05:30,16103.7,16103.7,16070.25,16080.65
2022-07-12T12:15:00+05:30,16122.45,16122.45,16082.55,16104.05
2022-07-12T11:45:00+05:30,16114.75,16131.25,16107.4,16122.8
2022-07-12T11:15:00+05:30,16145.9,16146.65,16109.1,16115.5
2022-07-12T10:45:00+05:30,16145.05,16157.65,16140.2,16146.15
2022-07-12T10:15:00+05:30,16142,16158.65,16132.6,16144.75
2022-07-12T09:45:00+05:30,16131.1,16156.7,16128.6,16142.2
2022-07-12T09:15:00+05:30,16126.2,16152.35,16104.4,16131.1
2022-07-11T15:15:00+05:30,16218.7,16222.7,16194.25,16199.05
2022-07-11T14:45:00+05:30,16238,16242.75,16214.6,16218.05
2022-07-11T14:15:00+05:30,16211.55,16248.4,16209.15,16238.15
2022-07-11T13:45:00+05:30,16191.5,16226.55,16185.65,16211.6
2022-07-11T13:15:00+05:30,16169.85,16197,16160.6,16191.35
2022-07-11T12:45:00+05:30,16137.15,16172.25,16134.25,16169.75
2022-07-11T12:15:00+05:30,16146.85,16149.5,16117.2,16136.85
2022-07-11T11:45:00+05:30,16134.7,16156.2,16128.5,16146.75
2022-07-11T11:15:00+05:30,16160.25,16162.2,16128.3,16133.9
2022-07-11T10:45:00+05:30,16152.25,16166.85,16145.5,16160.35
2022-07-11T10:15:00+05:30,16167.1,16172.45,16143.5,16152
2022-07-11T09:45:00+05:30,16153.9,16175,16136.05,16167.5
2022-07-11T09:15:00+05:30,16136.15,16165.3,16115.65,16155
2022-07-08T15:15:00+05:30,16230.1,16232.85,16214.15,16217.5
2022-07-08T14:45:00+05:30,16173.1,16236.55,16172.5,16230.05
2022-07-08T14:15:00+05:30,16189,16191.9,16157.9,16174
2022-07-08T13:45:00+05:30,16216.3,16216.6,16179.75,16189.25
2022-07-08T13:15:00+05:30,16196.85,16226.4,16181.2,16216.7
2022-07-08T12:45:00+05:30,16199.5,16210.95,16188.55,16196
2022-07-08T12:15:00+05:30,16180.1,16210.95,16174,16199.2
2022-07-08T11:45:00+05:30,16200.2,16202.15,16173.55,16180.3
2022-07-08T11:15:00+05:30,16203.7,16207.75,16183.2,16200.85
2022-07-08T10:45:00+05:30,16210.25,16218.8,16200.55,16203.75
2022-07-08T10:15:00+05:30,16195.7,16217.8,16190.4,16210.15
2022-07-08T09:45:00+05:30,16225.75,16236.75,16177.65,16196.45
2022-07-08T09:15:00+05:30,16273.65,16273.65,16186.35,16225.95
2022-07-07T15:15:00+05:30,16127.95,16140.7,16124.15,16136.85
2022-07-07T14:45:00+05:30,16116.9,16150.05,16111.75,16127.4
2022-07-07T14:15:00+05:30,16059.5,16118.65,16047.05,16118
2022-07-07T13:45:00+05:30,16132.05,16132.45,16058.25,16060.1
2022-07-07T13:15:00+05:30,16109.7,16142.95,16108.4,16131.95
2022-07-07T12:45:00+05:30,16093.15,16130.65,16090.7,16109.15
2022-07-07T12:15:00+05:30,16096.75,16111.05,16090.15,16091.5
2022-07-07T11:45:00+05:30,16104.2,16118.55,16094.55,16096.7
2022-07-07T11:15:00+05:30,16093.55,16117.6,16085.35,16104.45
2022-07-07T10:45:00+05:30,16124.8,16126.15,16089.75,16093.65
2022-07-07T10:15:00+05:30,16092.05,16125.55,16089.7,16125.55
2022-07-07T09:45:00+05:30,16083.85,16100.55,16064.15,16091.35
2022-07-07T09:15:00+05:30,16113.75,16138.05,16072.7,16085
2022-07-06T15:15:00+05:30,15992,16010.8,15992,16007.85
2022-07-06T14:45:00+05:30,15918.55,15994.9,15907.95,15994.25
2022-07-06T14:15:00+05:30,15918.65,15968.65,15911.95,15919.1
2022-07-06T13:45:00+05:30,15983.2,15983.3,15910.1,15918.6
2022-07-06T13:15:00+05:30,15998.95,16001.05,15956.1,15983.05
2022-07-06T12:45:00+05:30,15922.95,16000,15922.95,16000
2022-07-06T12:15:00+05:30,15883.15,15941.6,15881.9,15922.75
2022-07-06T11:45:00+05:30,15869.2,15885.8,15861.7,15883.2
2022-07-06T11:15:00+05:30,15892.05,15909.5,15850.85,15869.8
2022-07-06T10:45:00+05:30,15898.5,15926.85,15881.25,15891.15
2022-07-06T10:15:00+05:30,15880.4,15900.85,15865.75,15898.7
2022-07-06T09:45:00+05:30,15817.2,15899.3,15801.5,15880.05
2022-07-06T09:15:00+05:30,15818.2,15904.85,15814.65,15816.85
2022-07-05T15:15:00+05:30,15814.95,15823.3,15796.55,15799.95
2022-07-05T14:45:00+05:30,15863.45,15867.4,15785.7,15814.35
2022-07-05T14:15:00+05:30,15857.55,15882.35,15839.35,15865.55
2022-07-05T13:45:00+05:30,15943.75,15943.75,15849.2,15857.35
2022-07-05T13:15:00+05:30,15975,15988.3,15940.9,15944.65
2022-07-05T12:45:00+05:30,15991.55,16009.9,15965.3,15974.8
2022-07-05T12:15:00+05:30,16015.25,16025.75,15988.65,15992.3
2022-07-05T11:45:00+05:30,16019.15,16019.15,16001.5,16015.4
2022-07-05T11:15:00+05:30,15984.55,16020.65,15982.35,16019.05
2022-07-05T10:45:00+05:30,15996.1,16002.1,15981.25,15984.8
2022-07-05T10:15:00+05:30,15969.9,15999.1,15962.3,15996.1
2022-07-05T09:45:00+05:30,15958.35,15986,15953.2,15970.75
2022-07-05T09:15:00+05:30,15909.15,15959.5,15896.25,15958.45
2022-07-04T15:15:00+05:30,15840.45,15843.8,15824.6,15829.15
2022-07-04T14:45:00+05:30,15789.2,15852.3,15786.45,15841.1
2022-07-04T14:15:00+05:30,15774.5,15795.75,15769.65,15789.05
2022-07-04T13:45:00+05:30,15759.7,15775.25,15735.2,15774.75
2022-07-04T13:15:00+05:30,15778.1,15779.8,15744.2,15759.9
2022-07-04T12:45:00+05:30,15765.7,15794.75,15752.1,15777.05
2022-07-04T12:15:00+05:30,15763.6,15778.2,15753.25,15765.65
2022-07-04T11:45:00+05:30,15763,15771.85,15751.4,15763.1
2022-07-04T11:15:00+05:30,15734.35,15764.15,15722.8,15763.35
2022-07-04T10:45:00+05:30,15703.45,15748.1,15703.05,15734.05
2022-07-04T10:15:00+05:30,15672.35,15703.1,15662.5,15702.95
2022-07-04T09:45:00+05:30,15716.45,15719.45,15662.6,15673.1
2022-07-04T09:15:00+05:30,15710.5,15793.95,15696.4,15716.45
2022-07-01T15:15:00+05:30,15746.7,15791.7,15746.7,15764
2022-07-01T14:45:00+05:30,15706,15760.5,15691.65,15747.35
2022-07-01T14:15:00+05:30,15648.55,15708.85,15634,15707.55
2022-07-01T13:45:00+05:30,15690.4,15695.5,15645.4,15648.5
2022-07-01T13:15:00+05:30,15683.4,15702.05,15647.45,15690.25
2022-07-01T12:45:00+05:30,15641.3,15697.9,15631.15,15683.3
2022-07-01T12:15:00+05:30,15631.8,15662.9,15627.4,15640.4
2022-07-01T11:45:00+05:30,15613.9,15645.25,15590.6,15631.45
2022-07-01T11:15:00+05:30,15626.55,15648.6,15609.05,15614.15
2022-07-01T10:45:00+05:30,15616,15631.05,15595.1,15626.75
2022-07-01T10:15:00+05:30,15554.25,15629.45,15511.85,15615.7
2022-07-01T09:45:00+05:30,15637.55,15650.65,15527.75,15555.05
2022-07-01T09:15:00+05:30,15703.7,15719.45,15629.45,15637.75
2022-06-30T15:15:00+05:30,15779,15779,15732.05,15735.9
2022-06-30T14:45:00+05:30,15801.75,15834.75,15778.25,15778.4
2022-06-30T14:15:00+05:30,15845.15,15852.4,15793.6,15802.25
2022-06-30T13:45:00+05:30,15830.85,15846.65,15796.15,15846
2022-06-30T13:15:00+05:30,15804.45,15838.5,15787.2,15831.55
2022-06-30T12:45:00+05:30,15768.9,15806.05,15750.15,15804.35
2022-06-30T12:15:00+05:30,15755.85,15820.1,15735.55,15768.35
2022-06-30T11:45:00+05:30,15788.6,15802.7,15751.85,15754.2
2022-06-30T11:15:00+05:30,15774.85,15812.75,15766.1,15788.6
2022-06-30T10:45:00+05:30,15830,15845,15769.95,15775.25
2022-06-30T10:15:00+05:30,15836.55,15836.55,15785.85,15830.2
2022-06-30T09:45:00+05:30,15878.55,15889.65,15830.85,15836.1
2022-06-30T09:15:00+05:30,15774.5,15883.5,15774.5,15879.7
2022-06-29T15:15:00+05:30,15790.25,15805.2,15775.85,15783.35
2022-06-29T14:45:00+05:30,15827.55,15845.25,15787.1,15789.75
2022-06-29T14:15:00+05:30,15849.95,15861.3,15801.5,15826.9
2022-06-29T13:45:00+05:30,15836.9,15855.25,15821.65,15850.45
2022-06-29T13:15:00+05:30,15829.55,15853.05,15815.8,15837.35
2022-06-29T12:45:00+05:30,15795.05,15838.8,15795.05,15829.75
2022-06-29T12:15:00+05:30,15809.1,15814.4,15779.7,15794.7
2022-06-29T11:45:00+05:30,15790.75,15822.8,15785,15808.8
2022-06-29T11:15:00+05:30,15769.7,15799.7,15769.2,15791
2022-06-29T10:45:00+05:30,15764.4,15773,15743.35,15769.2
2022-06-29T10:15:00+05:30,15754.9,15787.45,15754.45,15764.65
2022-06-29T09:45:00+05:30,15742.3,15767.8,15734.45,15754.55
2022-06-29T09:15:00+05:30,15701.7,15744.8,15689.1,15741.95
2022-06-28T15:15:00+05:30,15843.35,15887.75,15837.75,15883
2022-06-28T14:45:00+05:30,15836.95,15854.75,15814.85,15842.6
2022-06-28T14:15:00+05:30,15793.55,15841.8,15792.25,15836.7
2022-06-28T13:45:00+05:30,15799.4,15815,15780.55,15793.7
2022-06-28T13:15:00+05:30,15762.05,15806.55,15759,15799.55
2022-06-28T12:45:00+05:30,15828.15,15830.35,15759.3,15762.05
2022-06-28T12:15:00+05:30,15797.1,15837.3,15776.15,15828.05
2022-06-28T11:45:00+05:30,15783.4,15809.55,15781.3,15797.3
2022-06-28T11:15:00+05:30,15747.8,15791.25,15741.5,15783.2
2022-06-28T10:45:00+05:30,15739.7,15758.15,15726,15747.8
2022-06-28T10:15:00+05:30,15718.9,15744.95,15716.75,15739.6
2022-06-28T09:45:00+05:30,15746.05,15749.85,15710.45,15718.35
2022-06-28T09:15:00+05:30,15757.45,15790.95,15719.4,15745.45
2022-06-27T15:15:00+05:30,15835.75,15843.9,15823.3,15836.1
2022-06-27T14:45:00+05:30,15840.95,15866.6,15816.25,15835.6
2022-06-27T14:15:00+05:30,15882.7,15887.4,15840.15,15841.35
2022-06-27T13:45:00+05:30,15896.65,15907.2,15871.25,15882.65
2022-06-27T13:15:00+05:30,15889.15,15911.1,15881.05,15896.4
2022-06-27T12:45:00+05:30,15884.55,15911.55,15874.5,15888.8
2022-06-27T12:15:00+05:30,15848.3,15890.15,15843.3,15883.95
2022-06-27T11:45:00+05:30,15844.55,15860.4,15832.05,15847.75
2022-06-27T11:15:00+05:30,15871.8,15880.2,15843.35,15844.25
2022-06-27T10:45:00+05:30,15879.15,15881.6,15853.5,15871.2
2022-06-27T10:15:00+05:30,15867.95,15892.95,15861.85,15878.9
2022-06-27T09:45:00+05:30,15909.85,15913.25,15868.4,15868.4
2022-06-27T09:15:00+05:30,15926.2,15926.5,15863.5,15910.15
2022-06-24T15:15:00+05:30,15710.3,15712,15695.7,15698.95
2022-06-24T14:45:00+05:30,15704.8,15710.45,15676.1,15709.75
2022-06-24T14:15:00+05:30,15707.7,15717.05,15676.5,15703.7
2022-06-24T13:45:00+05:30,15637.75,15713.5,15637.7,15707.45
2022-06-24T13:15:00+05:30,15680.85,15682.7,15637.15,15637.45
2022-06-24T12:45:00+05:30,15668.75,15692.55,15652.35,15680.25
2022-06-24T12:15:00+05:30,15629.75,15671.35,15619.8,15668.15
2022-06-24T11:45:00+05:30,15667.35,15669.6,15622.85,15629.7
2022-06-24T11:15:00+05:30,15681.75,15695.25,15656.2,15667.05
2022-06-24T10:45:00+05:30,15677.9,15694,15662.4,15681.4
2022-06-24T10:15:00+05:30,15688.4,15697,15646.9,15678.15
2022-06-24T09:45:00+05:30,15683.05,15728.65,15677.2,15688.45
2022-06-24T09:15:00+05:30,15657.4,15747.4,15657.4,15682.7
2022-06-23T15:15:00+05:30,15561.5,15577.55,15551.85,15577.55
2022-06-23T14:45:00+05:30,15585.35,15591.8,15543.9,15561
2022-06-23T14:15:00+05:30,15499.15,15585.7,15494.5,15585.25
2022-06-23T13:45:00+05:30,15544.95,15579.75,15498.6,15499.35
2022-06-23T13:15:00+05:30,15386.3,15551.5,15379.85,15544.65
2022-06-23T12:45:00+05:30,15467.65,15467.65,15368.45,15386.25
2022-06-23T12:15:00+05:30,15533.8,15536.35,15456.85,15468.65
2022-06-23T11:45:00+05:30,15581.65,15581.65,15507.35,15533.8
2022-06-23T11:15:00+05:30,15612.95,15628.25,15581.95,15582.55
2022-06-23T10:45:00+05:30,15577.2,15627.6,15572.45,15613.6
2022-06-23T10:15:00+05:30,15592.4,15602.75,15576.25,15577.35
2022-06-23T09:45:00+05:30,15546.55,15594.4,15546.55,15592.95
2022-06-23T09:15:00+05:30,15451.55,15547.95,15412.75,15546.85
2022-06-22T15:15:00+05:30,15420.3,15425.6,15398,15401.1
2022-06-22T14:45:00+05:30,15434.7,15470.55,15406.35,15419.65
2022-06-22T14:15:00+05:30,15446.55,15462.95,15415,15434.95
2022-06-22T13:45:00+05:30,15416.05,15463.95,15399.3,15447.2
2022-06-22T13:15:00+05:30,15420.8,15427.55,15386.4,15415.65
2022-06-22T12:45:00+05:30,15438.9,15447.45,15408,15420.8
2022-06-22T12:15:00+05:30,15465.6,15482.45,15420.85,15438.2
2022-06-22T11:45:00+05:30,15476.85,15483.9,15452.65,15465.35
2022-06-22T11:15:00+05:30,15487.3,15504.85,15467.45,15477.05
2022-06-22T10:45:00+05:30,15495.15,15533.45,15475.25,15487.55
2022-06-22T10:15:00+05:30,15445,15521.7,15435,15495.5
2022-06-22T09:45:00+05:30,15456.1,15483.05,15426.95,15445.1
2022-06-22T09:15:00+05:30,15545.65,15558.05,15448.6,15455.85
2022-06-21T15:15:00+05:30,15638.4,15653.05,15624.7,15634.15
2022-06-21T14:45:00+05:30,15645.95,15665.25,15619.95,15638
2022-06-21T14:15:00+05:30,15689.25,15705.8,15638,15646.05
2022-06-21T13:45:00+05:30,15671.3,15707.25,15649.75,15688.95
2022-06-21T13:15:00+05:30,15677.05,15693.2,15659.4,15671.5
2022-06-21T12:45:00+05:30,15622.7,15677.1,15622.7,15676.7
2022-06-21T12:15:00+05:30,15584.9,15623.7,15583.5,15622.65
2022-06-21T11:45:00+05:30,15603.9,15617.35,15581.1,15584.5
2022-06-21T11:15:00+05:30,15591.95,15614.7,15563,15603.85
2022-06-21T10:45:00+05:30,15577.45,15593.05,15563.5,15592.25
2022-06-21T10:15:00+05:30,15556.3,15593.2,15543.9,15576.5
2022-06-21T09:45:00+05:30,15472.6,15569.35,15472.6,15556.65
2022-06-21T09:15:00+05:30,15455.95,15488.85,15420.4,15473.15
2022-06-20T15:15:00+05:30,15353.05,15379.95,15352.85,15368.9
2022-06-20T14:45:00+05:30,15273.3,15355.55,15250.2,15352.15
2022-06-20T14:15:00+05:30,15301.8,15317.45,15262.9,15273.5
2022-06-20T13:45:00+05:30,15295.35,15312.15,15263.6,15301.3
2022-06-20T13:15:00+05:30,15319.3,15324.75,15273.15,15296
2022-06-20T12:45:00+05:30,15363.75,15365.6,15301.7,15319
2022-06-20T12:15:00+05:30,15330.55,15382,15330.55,15363.15
2022-06-20T11:45:00+05:30,15319.2,15358.3,15311.8,15330.2
2022-06-20T11:15:00+05:30,15294.55,15318.45,15275.6,15317.8
2022-06-20T10:45:00+05:30,15306,15307.25,15258.15,15295.8
2022-06-20T10:15:00+05:30,15299.25,15332.9,15252.7,15304.65
2022-06-20T09:45:00+05:30,15202.15,15322.9,15192.5,15299
2022-06-20T09:15:00+05:30,15334.5,15362.1,15196.7,15202.4
2022-06-17T15:15:00+05:30,15263.95,15335,15250.45,15330.75
2022-06-17T14:45:00+05:30,15328.55,15387,15254.6,15265.3
2022-06-17T14:15:00+05:30,15313.9,15330.9,15250.05,15328.7
2022-06-17T13:45:00+05:30,15310.1,15357.1,15283.25,15313.25
2022-06-17T13:15:00+05:30,15268.45,15327.4,15261.4,15309.5
2022-06-17T12:45:00+05:30,15286.1,15328.6,15248.25,15268.85
2022-06-17T12:15:00+05:30,15269.1,15318.35,15254.2,15285.35
2022-06-17T11:45:00+05:30,15231.45,15275.65,15229.35,15269.45
2022-06-17T11:15:00+05:30,15307.35,15324.85,15222.3,15230.3
2022-06-17T10:45:00+05:30,15314.75,15331.15,15297.7,15307.05
2022-06-17T10:15:00+05:30,15291.8,15343.25,15281.25,15314.6
2022-06-17T09:45:00+05:30,15352.35,15399.05,15269.45,15292.1
2022-06-17T09:15:00+05:30,15272.65,15383.7,15185.55,15350.05
2022-06-16T15:15:00+05:30,15359,15363.3,15335.8,15348.2
2022-06-16T14:45:00+05:30,15359.95,15401.6,15344.75,15359.55
2022-06-16T14:15:00+05:30,15401.35,15426.65,15345.55,15359.5
2022-06-16T13:45:00+05:30,15435.6,15462.9,15400.65,15401.1
2022-06-16T13:15:00+05:30,15468.25,15487.8,15370.35,15436.05
2022-06-16T12:45:00+05:30,15549.45,15549.45,15459.8,15469.65
2022-06-16T12:15:00+05:30,15573.35,15611.35,15532.85,15550
2022-06-16T11:45:00+05:30,15619.45,15624.3,15540.95,15573.2
2022-06-16T11:15:00+05:30,15695.1,15696.5,15601.1,15620.2
2022-06-16T10:45:00+05:30,15713.5,15743.35,15685.3,15696.3
2022-06-16T10:15:00+05:30,15757.1,15762.4,15710.85,15713.35
2022-06-16T09:45:00+05:30,15793.25,15808.95,15754.4,15756.95
2022-06-16T09:15:00+05:30,15832.25,15862.25,15786.25,15793.4
2022-06-15T15:15:00+05:30,15692.8,15698.1,15679.7,15682.9
2022-06-15T14:45:00+05:30,15735.4,15736.15,15679.85,15693.45
2022-06-15T14:15:00+05:30,15742.8,15748.6,15710.8,15735.6
2022-06-15T13:45:00+05:30,15753.4,15775.2,15739.9,15743
2022-06-15T13:15:00+05:30,15769.7,15773.25,15738.25,15754.3
2022-06-15T12:45:00+05:30,15769.7,15783.45,15735.15,15769.5
2022-06-15T12:15:00+05:30,15738.85,15776.45,15723.95,15769.55
2022-06-15T11:45:00+05:30,15727.55,15750.75,15721.35,15738.8
2022-06-15T11:15:00+05:30,15707.9,15739.75,15701.65,15728.05
2022-06-15T10:45:00+05:30,15720.9,15722.95,15690.1,15708.6
2022-06-15T10:15:00+05:30,15744.45,15756.35,15705.2,15720.7
2022-06-15T09:45:00+05:30,15685.85,15746.3,15683.55,15744.4
2022-06-15T09:15:00+05:30,15729.25,15775.6,15686.65,15686.65
2022-06-14T15:15:00+05:30,15722.2,15752.55,15718.3,15741.95
2022-06-14T14:45:00+05:30,15707,15729.9,15695.85,15722.5
2022-06-14T14:15:00+05:30,15703.95,15730.85,15679.7,15707.4
2022-06-14T13:45:00+05:30,15762.55,15767.55,15703.15,15703.7
2022-06-14T13:15:00+05:30,15777.5,15805.45,15756,15762.25
2022-06-14T12:45:00+05:30,15769.75,15778.35,15723.25,15776.4
2022-06-14T12:15:00+05:30,15822.9,15826.85,15765.2,15769.4
2022-06-14T11:45:00+05:30,15833.05,15834.75,15811.6,15822.9
2022-06-14T11:15:00+05:30,15849.9,15857.85,15831.65,15833.2
2022-06-14T10:45:00+05:30,15811,15852.6,15797.65,15849.1
2022-06-14T10:15:00+05:30,15758.7,15815.15,15756.85,15810.9
2022-06-14T09:45:00+05:30,15740.3,15783.4,15740.3,15758.15
2022-06-14T09:15:00+05:30,15674.25,15765.15,15660.95,15740.85
2022-06-13T15:15:00+05:30,15767.85,15805.1,15767.8,15800.95
2022-06-13T14:45:00+05:30,15752.8,15777.35,15735.05,15767.85
2022-06-13T14:15:00+05:30,15693.15,15767.75,15685.45,15753.75
2022-06-13T13:45:00+05:30,15735.55,15738.85,15684.4,15694
2022-06-13T13:15:00+05:30,15756.35,15778.15,15736.15,15736.9
2022-06-13T12:45:00+05:30,15774.75,15780.65,15746.3,15755.75
2022-06-13T12:15:00+05:30,15794.65,15808.05,15767.15,15775.9
2022-06-13T11:45:00+05:30,15784.55,15797.7,15781.1,15794.25
2022-06-13T11:15:00+05:30,15806.8,15820.3,15781.3,15784.4
2022-06-13T10:45:00+05:30,15785.8,15813.75,15776.15,15806.4
2022-06-13T10:15:00+05:30,15777.55,15802.2,15750.4,15786.95
2022-06-13T09:45:00+05:30,15780.45,15801.35,15761.6,15777.65
2022-06-13T09:15:00+05:30,15877.55,15881.1,15769.1,15779.85
2022-06-10T15:15:00+05:30,16211.35,16215.4,16177.9,16191.45
2022-06-10T14:45:00+05:30,16186.2,16229.25,16186.2,16211.9
2022-06-10T14:15:00+05:30,16190.15,16199.65,16173.25,16186.65
2022-06-10T13:45:00+05:30,16221.2,16235.8,16182.25,16190.55
2022-06-10T13:15:00+05:30,16214.8,16228.65,16191.75,16221.05
2022-06-10T12:45:00+05:30,16221.05,16235.2,16206.25,16215.4
2022-06-10T12:15:00+05:30,16254.25,16254.7,16214.15,16221.9
2022-06-10T11:45:00+05:30,16244.05,16258.7,16227.8,16254.2
2022-06-10T11:15:00+05:30,16274.6,16275.15,16233.2,16244.2
2022-06-10T10:45:00+05:30,16295.95,16301.5,16274.05,16274.8
2022-06-10T10:15:00+05:30,16263.7,16302,16261.2,16295.7
2022-06-10T09:45:00+05:30,16282.7,16294.25,16252.45,16263.5
2022-06-10T09:15:00+05:30,16283.95,16324.4,16258.6,16282.65
2022-06-09T15:15:00+05:30,16477.65,16492.5,16474.7,16481.8
2022-06-09T14:45:00+05:30,16449.25,16479.1,16438.05,16477.55
2022-06-09T14:15:00+05:30,16389.2,16449.1,16374.55,16449.1
2022-06-09T13:45:00+05:30,16364.9,16397.15,16363.05,16389.6
2022-06-09T13:15:00+05:30,16348.1,16375.3,16344.35,16364.8
2022-06-09T12:45:00+05:30,16398.35,16400.15,16332.45,16347.95
2022-06-09T12:15:00+05:30,16369.4,16420,16360,16398.2
2022-06-09T11:45:00+05:30,16356.5,16372.35,16339.3,16368.9
2022-06-09T11:15:00+05:30,16364.45,16366.2,16336.85,16356.5
2022-06-09T10:45:00+05:30,16377,16393.45,16355.5,16365.85
2022-06-09T10:15:00+05:30,16306.35,16378.2,16296.85,16377.25
2022-06-09T09:45:00+05:30,16330.45,16336.7,16306.15,16306.7
2022-06-09T09:15:00+05:30,16263.85,16331.35,16246.1,16330.1
2022-06-08T15:15:00+05:30,16361.5,16365.75,16335.4,16335.4
2022-06-08T14:45:00+05:30,16331.25,16376.65,16311.05,16362.3
2022-06-08T14:15:00+05:30,16345.45,16367.6,16310.2,16331.35
2022-06-08T13:45:00+05:30,16355.95,16373.85,16340.75,16345.85
2022-06-08T13:15:00+05:30,16401.3,16404.2,16327.3,16359.1
2022-06-08T12:45:00+05:30,16465.35,16471.2,16400.9,16401.2
2022-06-08T12:15:00+05:30,16476.35,16484.6,16449.85,16465.8
2022-06-08T11:45:00+05:30,16435.7,16484.65,16434.45,16476.65
2022-06-08T11:15:00+05:30,16430.35,16458.5,16424,16435.7
2022-06-08T10:45:00+05:30,16492.7,16513.45,16424.5,16430.45
2022-06-08T10:15:00+05:30,16376.05,16494.2,16361.65,16492.75
2022-06-08T09:45:00+05:30,16364.35,16390.2,16294.25,16375.15
2022-06-08T09:15:00+05:30,16474.95,16484.45,16350,16364.95
2022-06-07T15:15:00+05:30,16418.25,16427.3,16402.95,16404.45
2022-06-07T14:45:00+05:30,16387.65,16426.5,16375.5,16419.05
2022-06-07T14:15:00+05:30,16380.75,16425.95,16377.65,16388.95
2022-06-07T13:45:00+05:30,16396.2,16405.7,16374.85,16380.85
2022-06-07T13:15:00+05:30,16395.95,16415,16387.7,16396
2022-06-07T12:45:00+05:30,16413.45,16414.1,16381.2,16396.4
2022-06-07T12:15:00+05:30,16382.2,16416.9,16378.75,16413.4
2022-06-07T11:45:00+05:30,16370.9,16399.5,16368.25,16382.4
2022-06-07T11:15:00+05:30,16374,16382.85,16347.8,16371.05
2022-06-07T10:45:00+05:30,16415.3,16424.3,16373.9,16373.95
2022-06-07T10:15:00+05:30,16428.45,16444.1,16407.3,16415.2
2022-06-07T09:45:00+05:30,16427.7,16428.3,16383.25,16427.9
2022-06-07T09:15:00+05:30,16469.6,16473.7,16408.9,16427.55
2022-06-06T15:15:00+05:30,16573.5,16578.55,16557.75,16563.65
2022-06-06T14:45:00+05:30,16586.2,16604,16556.75,16573.25
2022-06-06T14:15:00+05:30,16604.8,16605.95,16554.25,16586.55
2022-06-06T13:45:00+05:30,16592.55,16610.85,16578.25,16605.5
2022-06-06T13:15:00+05:30,16560.7,16591.65,16551.15,16590.7
2022-06-06T12:45:00+05:30,16562.1,16584.95,16554.3,16561.5
2022-06-06T12:15:00+05:30,16559.1,16565.3,16534.45,16560.55
2022-06-06T11:45:00+05:30,16497.2,16559.8,16488.3,16559.25
2022-06-06T11:15:00+05:30,16502.5,16510.5,16482.15,16497.85
2022-06-06T10:45:00+05:30,16502.05,16523.65,16492.15,16502.9
2022-06-06T10:15:00+05:30,16498.65,16534.25,16485.5,16502.25
2022-06-06T09:45:00+05:30,16480.95,16545.15,16479.45,16498.65
2022-06-06T09:15:00+05:30,16530.7,16577.45,16445.65,16481.45
2022-06-03T15:15:00+05:30,16577,16607.65,16570.05,16583.6
2022-06-03T14:45:00+05:30,16655.55,16655.55,16568.5,16577.15
2022-06-03T14:15:00+05:30,16711.6,16719.85,16628.75,16655.25
2022-06-03T13:45:00+05:30,16675.95,16720,16659.4,16712.85
2022-06-03T13:15:00+05:30,16717.65,16723.95,16671.85,16676.05
2022-06-03T12:45:00+05:30,16729.75,16735.9,16696.75,16718.45
2022-06-03T12:15:00+05:30,16757.25,16764.1,16700.2,16730.5
2022-06-03T11:45:00+05:30,16755.05,16764.2,16742.25,16757.15
2022-06-03T11:15:00+05:30,16732.75,16756.75,16723.4,16756.15
2022-06-03T10:45:00+05:30,16720.95,16746.55,16711.1,16732.75
2022-06-03T10:15:00+05:30,16754.3,16757.05,16717.9,16720.8
2022-06-03T09:45:00+05:30,16765.3,16783.6,16744.7,16754.6
2022-06-03T09:15:00+05:30,16761.65,16793.25,16751.3,16764.25
2022-06-02T15:15:00+05:30,16632.7,16641.2,16627.25,16637.4
2022-06-02T14:45:00+05:30,16618.95,16645.75,16596.05,16631.65
2022-06-02T14:15:00+05:30,16627.4,16637.6,16608.05,16618.8
2022-06-02T13:45:00+05:30,16604.65,16630,16591,16625.75
2022-06-02T13:15:00+05:30,16574.7,16607.35,16546.2,16604.5
2022-06-02T12:45:00+05:30,16576.3,16592.7,16560.75,16574.45
2022-06-02T12:15:00+05:30,16549.2,16598.3,16547.15,16576.65
2022-06-02T11:45:00+05:30,16546.55,16565.65,16529.55,16550.05
2022-06-02T11:15:00+05:30,16517.3,16562.2,16509.2,16546.7
2022-06-02T10:45:00+05:30,16552.05,16556.25,16494.25,16517.5
2022-06-02T10:15:00+05:30,16536.2,16585.15,16518.85,16551.2
2022-06-02T09:45:00+05:30,16488.1,16543.9,16486.4,16536
2022-06-02T09:15:00+05:30,16481.65,16528.15,16445.2,16487.95
2022-06-01T15:15:00+05:30,16529.9,16549.8,16525.9,16540.8
2022-06-01T14:45:00+05:30,16446.85,16529.5,16439.05,16528.6
2022-06-01T14:15:00+05:30,16466.55,16488,16441.6,16447.8
2022-06-01T13:45:00+05:30,16481.9,16521.65,16462.8,16466.45
2022-06-01T13:15:00+05:30,16542.6,16551.85,16481.5,16481.65
2022-06-01T12:45:00+05:30,16582.35,16585.9,16543,16543
2022-06-01T12:15:00+05:30,16586.35,16587.3,16560.85,16582.2
2022-06-01T11:45:00+05:30,16605,16618.5,16576.45,16586.3
2022-06-01T11:15:00+05:30,16587.9,16612.45,16568.2,16604.05
2022-06-01T10:45:00+05:30,16613.05,16616.8,16579.9,16588.45
2022-06-01T10:15:00+05:30,16583.7,16632.25,16583.6,16613.15
2022-06-01T09:45:00+05:30,16571.95,16602.6,16538.15,16584.05
2022-06-01T09:15:00+05:30,16594.4,16648.5,16565,16572.45
2022-05-31T15:15:00+05:30,16557.75,16583.6,16532.45,16578.25
2022-05-31T14:45:00+05:30,16652.4,16667.35,16556.8,16556.8
2022-05-31T14:15:00+05:30,16670.9,16681.8,16638.6,16652.55
2022-05-31T13:45:00+05:30,16655.7,16690.65,16653.35,16671.4
2022-05-31T13:15:00+05:30,16619.85,16667.1,16614.95,16655.6
2022-05-31T12:45:00+05:30,16635.45,16641.85,16601.05,16619.45
2022-05-31T12:15:00+05:30,16658,16666.95,16624.45,16635.1
2022-05-31T11:45:00+05:30,16630.05,16670.25,16611.05,16658.5
2022-05-31T11:15:00+05:30,16648.35,16656.2,16627.9,16629.8
2022-05-31T10:45:00+05:30,16640.25,16662.3,16628.75,16649.05
2022-05-31T10:15:00+05:30,16591.9,16642.5,16578.15,16640.3
2022-05-31T09:45:00+05:30,16558.75,16596.9,16553.05,16591.8
2022-05-31T09:15:00+05:30,16578.45,16593.55,16522.2,16558.85
2022-05-30T15:15:00+05:30,16658.9,16672.7,16652.7,16668.2
2022-05-30T14:45:00+05:30,16628.55,16671.25,16627,16660.75
2022-05-30T14:15:00+05:30,16628.5,16652.4,16612.2,16629.4
2022-05-30T13:45:00+05:30,16660.5,16664.8,16625.85,16627.75
2022-05-30T13:15:00+05:30,16670.2,16672.95,16650.65,16660.75
2022-05-30T12:45:00+05:30,16664.7,16675.25,16637.1,16670.1
2022-05-30T12:15:00+05:30,16666.25,16672.95,16638.45,16664.7
2022-05-30T11:45:00+05:30,16693.45,16694.65,16658.9,16666.6
2022-05-30T11:15:00+05:30,16688.6,16695.2,16661.15,16693.65
2022-05-30T10:45:00+05:30,16637.05,16688.15,16630.8,16686.95
2022-05-30T10:15:00+05:30,16628.2,16640.1,16610,16637.2
2022-05-30T09:45:00+05:30,16595.55,16633.35,16593.75,16628.05
2022-05-30T09:15:00+05:30,16527.9,16611.65,16515.5,16596.55
2022-05-27T15:15:00+05:30,16346.2,16366.8,16342.95,16356.1
2022-05-27T14:45:00+05:30,16309.15,16359.3,16304.75,16346.05
2022-05-27T14:15:00+05:30,16339.35,16346.8,16296.4,16309.15
2022-05-27T13:45:00+05:30,16348.9,16370.45,16288.25,16340.05
2022-05-27T13:15:00+05:30,16317.05,16350.15,16309.6,16348.35
2022-05-27T12:45:00+05:30,16292.35,16324.2,16277.1,16316.9
2022-05-27T12:15:00+05:30,16237.4,16303.2,16230.6,16292.2
2022-05-27T11:45:00+05:30,16258.2,16273.45,16223.95,16237.5
2022-05-27T11:15:00+05:30,16253.8,16279.1,16236.65,16257.25
2022-05-27T10:45:00+05:30,16281.3,16282.7,16236.3,16253.3
2022-05-27T10:15:00+05:30,16280,16292.6,16235.1,16281.75
2022-05-27T09:45:00+05:30,16319.5,16323,16253.65,16280.2
2022-05-27T09:15:00+05:30,16296.6,16328.85,16275.95,16319.3
2022-05-26T15:15:00+05:30,16173,16203.4,16172.7,16201.55
2022-05-26T14:45:00+05:30,16143.65,16186.15,16131.7,16172.25
2022-05-26T14:15:00+05:30,16081.1,16147.75,16081.1,16143.85
2022-05-26T13:45:00+05:30,16142,16149,16063.8,16082.6
2022-05-26T13:15:00+05:30,16095.7,16164,16095.7,16142.35
2022-05-26T12:45:00+05:30,15969.6,16094.6,15961.45,16094.15
2022-05-26T12:15:00+05:30,15942.75,15971.8,15923.2,15969.7
2022-05-26T11:45:00+05:30,15915,15948.5,15914.65,15942.85
2022-05-26T11:15:00+05:30,15928.2,15951.45,15904.15,15915.6
2022-05-26T10:45:00+05:30,15944.15,15946.1,15910.75,15929.35
2022-05-26T10:15:00+05:30,16021.1,16035.95,15931.05,15944.1
2022-05-26T09:45:00+05:30,16036.45,16064,16013.55,16021.05
2022-05-26T09:15:00+05:30,16105,16128.3,16035.65,16037.25
2022-05-25T15:15:00+05:30,16027.45,16040.6,16021.25,16037.8
2022-05-25T14:45:00+05:30,16040.4,16043.5,16007.25,16027.7
2022-05-25T14:15:00+05:30,16083.1,16097.55,16041.55,16041.55
2022-05-25T13:45:00+05:30,16027.75,16092.5,16009.35,16083.35
2022-05-25T13:15:00+05:30,16070.3,16076.4,16014.85,16027.1
2022-05-25T12:45:00+05:30,16065.65,16075.7,16036.2,16069.6
2022-05-25T12:15:00+05:30,16076.65,16101.8,16063.7,16065.85
2022-05-25T11:45:00+05:30,16097.75,16097.75,16052.95,16076.15
2022-05-25T11:15:00+05:30,16164.2,16167.5,16090.2,16097.55
2022-05-25T10:45:00+05:30,16141,16164.45,16131.2,16163.75
2022-05-25T10:15:00+05:30,16134.75,16156.85,16115.3,16140.7
2022-05-25T09:45:00+05:30,16164.1,16171.7,16121.25,16134.2
2022-05-25T09:15:00+05:30,16196.35,16222.95,16159.2,16163.7
2022-05-24T15:15:00+05:30,16112.9,16139.5,16112.25,16139.5
2022-05-24T14:45:00+05:30,16106.1,16149.15,16079.1,16112.75
2022-05-24T14:15:00+05:30,16148.25,16167.9,16081.7,16106.55
2022-05-24T13:45:00+05:30,16190.65,16193.35,16141.05,16148.5
2022-05-24T13:15:00+05:30,16162.95,16197.85,16146.2,16192.1
2022-05-24T12:45:00+05:30,16221.4,16260.7,16152.5,16162.25
2022-05-24T12:15:00+05:30,16200.4,16238.05,16193.25,16221.15
2022-05-24T11:45:00+05:30,16222.3,16242.5,16171.1,16199.85
2022-05-24T11:15:00+05:30,16152.9,16219.3,16144.85,16218
2022-05-24T10:45:00+05:30,16157.8,16177.45,16149.95,16153.6
2022-05-24T10:15:00+05:30,16148.8,16186.15,16117.6,16157.95
2022-05-24T09:45:00+05:30,16166.65,16190.65,16134,16148.7
2022-05-24T09:15:00+05:30,16225.55,16261.7,16155.6,16166.45
2022-05-23T15:15:00+05:30,16210.1,16221.45,16187.45,16191.65
2022-05-23T14:45:00+05:30,16251,16277.65,16199.95,16210.4
2022-05-23T14:15:00+05:30,16264.3,16287.95,16233.85,16249.45
2022-05-23T13:45:00+05:30,16372.75,16384.5,16253.85,16268.5
2022-05-23T13:15:00+05:30,16352.45,16414.35,16351.35,16372.3
2022-05-23T12:45:00+05:30,16354.05,16372.95,16342.75,16352.05
2022-05-23T12:15:00+05:30,16377.55,16393.3,16338.8,16354.4
2022-05-23T11:45:00+05:30,16366.3,16379.4,16354,16377.6
2022-05-23T11:15:00+05:30,16337.35,16381.85,16336.4,16365.75
2022-05-23T10:45:00+05:30,16331.2,16357.3,16322.25,16337.7
2022-05-23T10:15:00+05:30,16334,16336.95,16303.6,16331.05
2022-05-23T09:45:00+05:30,16272.9,16340.85,16272.75,16334.2
2022-05-23T09:15:00+05:30,16290.95,16347.6,16207.75,16273.05
2022-05-20T15:15:00+05:30,16279.7,16282.4,16252.75,16278.7
2022-05-20T14:45:00+05:30,16223.5,16279.65,16214.5,16279.45
2022-05-20T14:15:00+05:30,16218.4,16237.5,16183.7,16223.45
2022-05-20T13:45:00+05:30,16195.65,16218,16183.65,16218
2022-05-20T13:15:00+05:30,16207.45,16224.55,16188.2,16195
2022-05-20T12:45:00+05:30,16175.4,16216,16155.35,16206.9
2022-05-20T12:15:00+05:30,16149.4,16175.85,16116.1,16175.5
2022-05-20T11:45:00+05:30,16190.2,16210.05,16136.2,16149.8
2022-05-20T11:15:00+05:30,16179.9,16195.7,16169.4,16190.05
2022-05-20T10:45:00+05:30,16170.3,16194.7,16152.05,16179.75
2022-05-20T10:15:00+05:30,16160.45,16178.75,16146.5,16170.55
2022-05-20T09:45:00+05:30,16116.45,16177.95,16116.45,16160.05
2022-05-20T09:15:00+05:30,16043.8,16139.2,16004.85,16116.05
2022-05-19T15:15:00+05:30,15784.4,15839.6,15782.6,15828.45
2022-05-19T14:45:00+05:30,15787.4,15827.5,15776.35,15783.9
2022-05-19T14:15:00+05:30,15815.4,15835.4,15786.5,15786.5
2022-05-19T13:45:00+05:30,15852.45,15859.95,15815.85,15815.85
2022-05-19T13:15:00+05:30,15823.55,15864.35,15819.95,15849.15
2022-05-19T12:45:00+05:30,15845.7,15853.65,15811.65,15824.6
2022-05-19T12:15:00+05:30,15860.6,15887.8,15844.7,15845.8
2022-05-19T11:45:00+05:30,15887.35,15890.65,15860.5,15861.1
2022-05-19T11:15:00+05:30,15927.45,15927.75,15868.8,15886.85
2022-05-19T10:45:00+05:30,15934.3,15954.8,15914.3,15927.55
2022-05-19T10:15:00+05:30,15951.65,15959.7,15930.55,15934.65
2022-05-19T09:45:00+05:30,15919.7,15966.8,15905.3,15952.25
2022-05-19T09:15:00+05:30,15917.4,15983.45,15906.05,15919.4
2022-05-18T15:15:00+05:30,16235.3,16256.45,16233.55,16256.45
2022-05-18T14:45:00+05:30,16270.75,16295.15,16226.85,16236.25
2022-05-18T14:15:00+05:30,16263.75,16284.25,16237.2,16270.3
2022-05-18T13:45:00+05:30,16346.45,16349.6,16251.8,16262.9
2022-05-18T13:15:00+05:30,16260.4,16354.7,16227.4,16346.8
2022-05-18T12:45:00+05:30,16233.5,16271.85,16211.8,16257.2
2022-05-18T12:15:00+05:30,16331.95,16331.95,16219.9,16234.05
2022-05-18T11:45:00+05:30,16350.75,16362.35,16326.05,16333.05
2022-05-18T11:15:00+05:30,16333.2,16365.35,16324.4,16350.7
2022-05-18T10:45:00+05:30,16369.25,16370.6,16308.5,16332.7
2022-05-18T10:15:00+05:30,16339.8,16373.05,16302.45,16367.9
2022-05-18T09:45:00+05:30,16383.4,16399.55,16307.6,16340.15
2022-05-18T09:15:00+05:30,16318.15,16392.15,16282.25,16385.55
2022-05-17T15:15:00+05:30,16248.1,16282.6,16244.95,16282.6
2022-05-17T14:45:00+05:30,16234.15,16267.15,16226.05,16248.2
2022-05-17T14:15:00+05:30,16217,16243.75,16191.4,16234.5
2022-05-17T13:45:00+05:30,16161.6,16218.3,16145.55,16216.6
2022-05-17T13:15:00+05:30,16172.5,16182.2,16124.3,16161.85
2022-05-17T12:45:00+05:30,16138.8,16172.35,16132.3,16172.35
2022-05-17T12:15:00+05:30,16104.35,16147,16102.9,16138.3
2022-05-17T11:45:00+05:30,16143.4,16146.9,16103.9,16104.8
2022-05-17T11:15:00+05:30,16076.05,16152.35,16071.3,16143.6
2022-05-17T10:45:00+05:30,16071.4,16112,16068.45,16077.8
2022-05-17T10:15:00+05:30,15987.45,16072.7,15986.65,16071.7
2022-05-17T09:45:00+05:30,15964.75,15989.5,15922.55,15986.25
2022-05-17T09:15:00+05:30,15912.6,15977.15,15908.4,15964.7
2022-05-16T15:15:00+05:30,15822.4,15866.95,15818.8,15864.5
2022-05-16T14:45:00+05:30,15892.9,15901.55,15809.15,15822.35
2022-05-16T14:15:00+05:30,15875,15902.9,15837,15893.35
2022-05-16T13:45:00+05:30,15873.15,15904.5,15839.75,15874.55
2022-05-16T13:15:00+05:30,15811.1,15880.2,15802.85,15873.7
2022-05-16T12:45:00+05:30,15789.55,15845.8,15767.6,15811.7
2022-05-16T12:15:00+05:30,15813.55,15863.3,15781.3,15789.95
2022-05-16T11:45:00+05:30,15860.35,15870,15804.15,15814
2022-05-16T11:15:00+05:30,15928.4,15933.2,15843.2,15860.2
2022-05-16T10:45:00+05:30,15932.25,15939.9,15887.55,15928.25
2022-05-16T10:15:00+05:30,15944.3,15953.7,15911.55,15931.4
2022-05-16T09:45:00+05:30,15927.85,15977.25,15915.25,15943.8
2022-05-16T09:15:00+05:30,15845.1,15947.2,15741.35,15926.8
2022-05-13T15:15:00+05:30,15753.35,15791,15750.55,15767.15
2022-05-13T14:45:00+05:30,15847.9,15878.4,15741.05,15753.05
2022-05-13T14:15:00+05:30,15935.55,15949.55,15838.3,15846
2022-05-13T13:45:00+05:30,16040.05,16052.8,15929.05,15935.95
2022-05-13T13:15:00+05:30,16075.7,16083.2,16027.45,16041.45
2022-05-13T12:45:00+05:30,16031.1,16076.35,16012.4,16076.35
2022-05-13T12:15:00+05:30,16026,16052.9,15996.7,16033.45
2022-05-13T11:45:00+05:30,16012.05,16056.2,16003.15,16027
2022-05-13T11:15:00+05:30,16003.05,16026.95,15969.35,16011.55
2022-05-13T10:45:00+05:30,15966,16010.1,15956.7,16002
2022-05-13T10:15:00+05:30,15891.95,15975.3,15887.45,15964.8
2022-05-13T09:45:00+05:30,15964.35,15964.35,15889.35,15892.8
2022-05-13T09:15:00+05:30,15977,16031.2,15924.55,15963.6
2022-05-12T15:15:00+05:30,15817.8,15829.8,15803.4,15826.45
2022-05-12T14:45:00+05:30,15777.5,15839.35,15761.75,15817.35
2022-05-12T14:15:00+05:30,15790.4,15794.15,15737.35,15777.5
2022-05-12T13:45:00+05:30,15862.05,15872.3,15780.5,15788.95
2022-05-12T13:15:00+05:30,15831.3,15890.05,15830.4,15862.15
2022-05-12T12:45:00+05:30,15849.85,15859.55,15801.2,15830.3
2022-05-12T12:15:00+05:30,15881.95,15884.75,15808,15850.25
2022-05-12T11:45:00+05:30,15877.5,15881.75,15841.3,15880.5
2022-05-12T11:15:00+05:30,15834.4,15889.85,15825.95,15877.3
2022-05-12T10:45:00+05:30,15903.75,15909.35,15831.95,15835.9
2022-05-12T10:15:00+05:30,15874.15,15925.95,15858.55,15902.9
2022-05-12T09:45:00+05:30,15875.1,15910.25,15866.9,15874.35
2022-05-12T09:15:00+05:30,16021.1,16035.2,15849.75,15875.3
2022-05-11T15:15:00+05:30,16154.6,16203.5,16154.6,16202.25
2022-05-11T14:45:00+05:30,16214.35,16223.75,16137.6,16153.9
2022-05-11T14:15:00+05:30,16173.9,16216.6,16125.5,16215.35
2022-05-11T13:45:00+05:30,16071.25,16182.1,16061.25,16173.65
2022-05-11T13:15:00+05:30,16025.6,16104.5,15993,16071.6
2022-05-11T12:45:00+05:30,16071.1,16077.6,16013.6,16024.8
2022-05-11T12:15:00+05:30,16134,16143.45,16069.3,16070
2022-05-11T11:45:00+05:30,16143.55,16164,16109.95,16133.4
2022-05-11T11:15:00+05:30,16091.55,16158.15,16089.85,16143.65
2022-05-11T10:45:00+05:30,16089.65,16142.4,16085.6,16092.8
2022-05-11T10:15:00+05:30,16153,16183.3,16072.05,16090.4
2022-05-11T09:45:00+05:30,16217.85,16233.2,16142,16153.1
2022-05-11T09:15:00+05:30,16270.05,16316.7,16217.95,16217.95
2022-05-10T15:15:00+05:30,16239.75,16247.15,16198.55,16207.75
2022-05-10T14:45:00+05:30,16354.05,16358.65,16225.2,16239.5
2022-05-10T14:15:00+05:30,16368.2,16375.25,16323.85,16353.45
2022-05-10T13:45:00+05:30,16323,16385.05,16317.25,16368.45
2022-05-10T13:15:00+05:30,16370.05,16374.4,16308.15,16323.3
2022-05-10T12:45:00+05:30,16380.5,16404.45,16358.75,16370.2
2022-05-10T12:15:00+05:30,16386.65,16399.65,16360.55,16378.9
2022-05-10T11:45:00+05:30,16313.1,16389.1,16305.5,16386.45
2022-05-10T11:15:00+05:30,16319.8,16336.35,16286.65,16312.5
2022-05-10T10:45:00+05:30,16323.7,16331.8,16284.85,16320.05
2022-05-10T10:15:00+05:30,16275.05,16328.75,16267.85,16323.85
2022-05-10T09:45:00+05:30,16297.35,16310.35,16253.15,16271.4
2022-05-10T09:15:00+05:30,16248.9,16351.4,16248.9,16299.45
2022-05-09T15:15:00+05:30,16306.15,16324.15,16301.2,16308.4
2022-05-09T14:45:00+05:30,16343.8,16401.35,16276.55,16306.5
2022-05-09T14:15:00+05:30,16250.9,16360.8,16243.1,16343.8
2022-05-09T13:45:00+05:30,16325.45,16335.7,16231.15,16250.9
2022-05-09T13:15:00+05:30,16338.3,16353.3,16289.6,16324.95
2022-05-09T12:45:00+05:30,16391.8,16403.15,16320.5,16337.95
2022-05-09T12:15:00+05:30,16323.4,16392.4,16301.65,16389.95
2022-05-09T11:45:00+05:30,16307.85,16331.1,16286.05,16323.05
2022-05-09T11:15:00+05:30,16237.65,16318.1,16226.4,16307.65
2022-05-09T10:45:00+05:30,16235.8,16251.95,16216.2,16237.5
2022-05-09T10:15:00+05:30,16237.95,16260.6,16219.4,16235.75
2022-05-09T09:45:00+05:30,16217.45,16270.05,16185.6,16237.25
2022-05-09T09:15:00+05:30,16227.7,16269.35,16142.65,16217.5
2022-05-06T15:15:00+05:30,16411.8,16440.85,16409.75,16438.25
2022-05-06T14:45:00+05:30,16395.6,16423.1,16376.8,16410.5
2022-05-06T14:15:00+05:30,16447.05,16483.95,16391.7,16395.7
2022-05-06T13:45:00+05:30,16390.6,16468.15,16381.05,16447.75
2022-05-06T13:15:00+05:30,16369.55,16447.5,16354.95,16390.35
2022-05-06T12:45:00+05:30,16406.3,16424.55,16360.6,16368.65
2022-05-06T12:15:00+05:30,16416.9,16423.9,16359.7,16406.25
2022-05-06T11:45:00+05:30,16419.55,16423.25,16373.15,16417.1
2022-05-06T11:15:00+05:30,16371.55,16430.65,16342.45,16420.3
2022-05-06T10:45:00+05:30,16395.9,16403.85,16343.8,16371.9
2022-05-06T10:15:00+05:30,16399.2,16418.2,16352.25,16395.05
2022-05-06T09:45:00+05:30,16469.05,16472.9,16398.95,16400.9
2022-05-06T09:15:00+05:30,16415.55,16482.6,16387.7,16467.9
2022-05-05T15:15:00+05:30,16682.95,16699.6,16663.4,16669.2
2022-05-05T14:45:00+05:30,16699.45,16743.75,16662.65,16682.75
2022-05-05T14:15:00+05:30,16710.85,16732.5,16652.8,16701.25
2022-05-05T13:45:00+05:30,16758.7,16798.05,16685.8,16711.65
2022-05-05T13:15:00+05:30,16813.4,16850.3,16756.9,16757.95
2022-05-05T12:45:00+05:30,16871.35,16890.25,16811.15,16812.9
2022-05-05T12:15:00+05:30,16843.25,16896.55,16838.45,16873.25
2022-05-05T11:45:00+05:30,16860.2,16882.85,16826.25,16843.7
2022-05-05T11:15:00+05:30,16920.1,16920.65,16844.65,16860.5
2022-05-05T10:45:00+05:30,16889.25,16927.7,16882.75,16920.4
2022-05-05T10:15:00+05:30,16920.1,16944.4,16888.65,16889.6
2022-05-05T09:45:00+05:30,16836.4,16921.1,16827.15,16919.5
2022-05-05T09:15:00+05:30,16854.75,16858.65,16779.05,16836.2
2022-05-04T15:15:00+05:30,16708.75,16712.4,16660.3,16694.7
2022-05-04T14:45:00+05:30,16661.95,16725.25,16624.7,16708.6
2022-05-04T14:15:00+05:30,16798.9,16847.4,16655.95,16663.1
2022-05-04T13:45:00+05:30,16908.4,16964.15,16752.4,16799.35
2022-05-04T13:15:00+05:30,16879.75,16920,16873.15,16908.45
2022-05-04T12:45:00+05:30,16850.15,16885.55,16824.1,16878.95
2022-05-04T12:15:00+05:30,16907.25,16916.8,16843.15,16852.25
2022-05-04T11:45:00+05:30,16936.6,16955.85,16880.25,16908
2022-05-04T11:15:00+05:30,16939.55,16969.65,16914.4,16937
2022-05-04T10:45:00+05:30,16947.25,16955.2,16920.8,16940.1
2022-05-04T10:15:00+05:30,17018.3,17018.3,16947.2,16947.4
2022-05-04T09:45:00+05:30,17059.2,17065.4,17017.5,17018.95
2022-05-04T09:15:00+05:30,17096.6,17129.25,17040.2,17059.15
2022-05-02T15:15:00+05:30,17068.55,17076.9,17056.25,17064.7
2022-05-02T14:45:00+05:30,17004.25,17091.85,17002.6,17069.35
2022-05-02T14:15:00+05:30,17014.05,17016.55,16971.9,17002.5
2022-05-02T13:45:00+05:30,17009.7,17023.95,16981.15,17014.05
2022-05-02T13:15:00+05:30,17021.65,17031.95,16987.1,17009.5
2022-05-02T12:45:00+05:30,17032.5,17037.55,16983.85,17021
2022-05-02T12:15:00+05:30,17024.35,17045.55,17010.45,17032.15
2022-05-02T11:45:00+05:30,16984.5,17026.85,16980.3,17023.9
2022-05-02T11:15:00+05:30,16976.85,17007.3,16961.35,16985.1
2022-05-02T10:45:00+05:30,17020.9,17023.5,16952.85,16976.5
2022-05-02T10:15:00+05:30,16985.25,17023.25,16977.7,17021.15
2022-05-02T09:45:00+05:30,17012.4,17014.4,16959.5,16984.95
2022-05-02T09:15:00+05:30,16924.45,17012.8,16919.4,17012.4
2022-04-29T15:15:00+05:30,17072.05,17112.2,17054,17111.6
2022-04-29T14:45:00+05:30,17256,17288.5,17071.15,17071.15
2022-04-29T14:15:00+05:30,17293.2,17302.35,17190.55,17256.15
2022-04-29T13:45:00+05:30,17359.95,17372.6,17279.7,17294.3
2022-04-29T13:15:00+05:30,17369.15,17377.3,17341.2,17360
2022-04-29T12:45:00+05:30,17347.85,17374.8,17345.25,17369.75
2022-04-29T12:15:00+05:30,17347.95,17365.75,17332.8,17348.35
2022-04-29T11:45:00+05:30,17342.1,17356.8,17330.9,17347.45
2022-04-29T11:15:00+05:30,17331.9,17357.35,17326.15,17341.2
2022-04-29T10:45:00+05:30,17312.65,17336.9,17296.15,17332.6
2022-04-29T10:15:00+05:30,17273.75,17330.7,17263.95,17312.55
2022-04-29T09:45:00+05:30,17301.35,17301.55,17241.9,17272.9
2022-04-29T09:15:00+05:30,17329.25,17347.95,17300.75,17300.75
2022-04-28T15:15:00+05:30,17225.1,17249.9,17217,17231.35
2022-04-28T14:45:00+05:30,17306.5,17322.5,17224.25,17224.85
2022-04-28T14:15:00+05:30,17299.15,17309.25,17278.45,17306.25
2022-04-28T13:45:00+05:30,17269.25,17300.5,17259.8,17297.65
2022-04-28T13:15:00+05:30,17250.65,17272,17229.15,17268.65
2022-04-28T12:45:00+05:30,17202.45,17252,17197.25,17251.05
2022-04-28T12:15:00+05:30,17171.6,17210.15,17168.45,17203.55
2022-04-28T11:45:00+05:30,17144.5,17185.25,17144.5,17171.3
2022-04-28T11:15:00+05:30,17101.2,17152.15,17099.75,17144.3
2022-04-28T10:45:00+05:30,17081.75,17115.8,17071.2,17101.1
2022-04-28T10:15:00+05:30,17105.45,17115.8,17080.95,17082.3
2022-04-28T09:45:00+05:30,17110.05,17117.75,17088.45,17105.5
2022-04-28T09:15:00+05:30,17189.5,17189.5,17097.8,17109.9
2022-04-27T15:15:00+05:30,17035.15,17052.95,17024.15,17037.65
2022-04-27T14:45:00+05:30,17079.55,17087.9,17021.25,17036.05
2022-04-27T14:15:00+05:30,17061.1,17091.55,17019,17080.15
2022-04-27T13:45:00+05:30,17047.15,17079.4,17035.15,17061.85
2022-04-27T13:15:00+05:30,16979,17054.05,16978.8,17048.25
2022-04-27T12:45:00+05:30,17030.55,17032.65,16958.65,16979.1
2022-04-27T12:15:00+05:30,17029,17045.95,17025.1,17030.1
2022-04-27T11:45:00+05:30,17026.05,17052.55,17020,17029.1
2022-04-27T11:15:00+05:30,17066.9,17067,17016.75,17026.65
2022-04-27T10:45:00+05:30,17056.35,17067.35,17044.2,17066.95
2022-04-27T10:15:00+05:30,17076.1,17078,17031.7,17056.6
2022-04-27T09:45:00+05:30,17069.45,17091.3,17047.5,17075.1
2022-04-27T09:15:00+05:30,17073.35,17109.5,17040.6,17069.4
2022-04-26T15:15:00+05:30,17211.95,17223.4,17195.2,17201.45
2022-04-26T14:45:00+05:30,17137.8,17216.35,17119.55,17211.45
2022-04-26T14:15:00+05:30,17141.3,17163.6,17105.8,17138.35
2022-04-26T13:45:00+05:30,17136.7,17150.5,17123.8,17141.1
2022-04-26T13:15:00+05:30,17084.3,17145.2,17083.9,17137
2022-04-26T12:45:00+05:30,17142.45,17143.05,17065.3,17084.15
2022-04-26T12:15:00+05:30,17144.5,17159.85,17134.65,17142.5
2022-04-26T11:45:00+05:30,17170.35,17177.7,17144.05,17144.1
2022-04-26T11:15:00+05:30,17132.4,17178.05,17132.35,17170.8
2022-04-26T10:45:00+05:30,17138.4,17153.05,17125,17132.75
2022-04-26T10:15:00+05:30,17148.15,17161.1,17134.7,17137.25
2022-04-26T09:45:00+05:30,17174.1,17181,17147.65,17148.55
2022-04-26T09:15:00+05:30,17121.3,17181.4,17114.35,17174.15
2022-04-25T15:15:00+05:30,16946.8,16986.3,16941.05,16983.2
2022-04-25T14:45:00+05:30,16891.3,16966.15,16888.85,16947.15
2022-04-25T14:15:00+05:30,16971.5,16971.5,16890.65,16891.15
2022-04-25T13:45:00+05:30,16953.45,17004.85,16948.85,16972.45
2022-04-25T13:15:00+05:30,16989.75,17008.45,16947.3,16953.4
2022-04-25T12:45:00+05:30,16931.25,16993.55,16923.8,16990.05
2022-04-25T12:15:00+05:30,16967.6,16974.9,16905.2,16931.4
2022-04-25T11:45:00+05:30,16980.75,17011.2,16966.85,16966.9
2022-04-25T11:15:00+05:30,17002.95,17015.9,16973.9,16979.3
2022-04-25T10:45:00+05:30,16997,17024.4,16990.35,17003.55
2022-04-25T10:15:00+05:30,17033.15,17044.55,16970.65,16996.5
2022-04-25T09:45:00+05:30,16994.55,17053.95,16955.9,17033.4
2022-04-25T09:15:00+05:30,17009.05,17020.85,16933,16994.95
2022-04-22T15:15:00+05:30,17174.15,17177,17161.2,17172.1
2022-04-22T14:45:00+05:30,17181.95,17200.25,17149.75,17173.5
2022-04-22T14:15:00+05:30,17218.95,17229.7,17170.6,17182.45
2022-04-22T13:45:00+05:30,17281.1,17282.2,17190.5,17218.2
2022-04-22T13:15:00+05:30,17281.7,17307.55,17257.85,17281.3
2022-04-22T12:45:00+05:30,17306.45,17308.9,17263.65,17281.5
2022-04-22T12:15:00+05:30,17289.75,17309.25,17265.2,17306.65
2022-04-22T11:45:00+05:30,17297.6,17315.05,17281.2,17289.8
2022-04-22T11:15:00+05:30,17296.75,17313.6,17275.3,17298.15
2022-04-22T10:45:00+05:30,17242.8,17301.45,17235.45,17296.85
2022-04-22T10:15:00+05:30,17228.25,17244,17215.8,17243
2022-04-22T09:45:00+05:30,17237.15,17258.95,17212.2,17227.9
2022-04-22T09:15:00+05:30,17242.75,17247.85,17197.6,17236.55
2022-04-21T15:15:00+05:30,17388.75,17401.85,17386.4,17400.1
2022-04-21T14:45:00+05:30,17395.25,17413.55,17371.75,17388.5
2022-04-21T14:15:00+05:30,17382.45,17414.35,17381.9,17395.5
2022-04-21T13:45:00+05:30,17385.45,17388.1,17357,17381.8
2022-04-21T13:15:00+05:30,17357.8,17385.55,17348.95,17385.55
2022-04-21T12:45:00+05:30,17361.6,17370.45,17343.95,17357.7
2022-04-21T12:15:00+05:30,17342.1,17362.05,17328.75,17360.3
2022-04-21T11:45:00+05:30,17328.7,17349.1,17314.55,17342.9
2022-04-21T11:15:00+05:30,17338.85,17350.35,17321.35,17328.5
2022-04-21T10:45:00+05:30,17263.05,17340.95,17262.5,17338.55
2022-04-21T10:15:00+05:30,17262.6,17276.05,17241.05,17263.95
2022-04-21T09:45:00+05:30,17251.45,17269.6,17243.2,17262.45
2022-04-21T09:15:00+05:30,17234.6,17258.05,17216.2,17250.65
2022-04-20T15:15:00+05:30,17126.4,17152.6,17123.35,17149.6
2022-04-20T14:45:00+05:30,17134.3,17164.45,17092.2,17127.25
2022-04-20T14:15:00+05:30,17098.35,17143.25,17064.4,17133.35
2022-04-20T13:45:00+05:30,17134.6,17144.15,17061.8,17098.15
2022-04-20T13:15:00+05:30,17136.85,17165.15,17106.1,17135.05
2022-04-20T12:45:00+05:30,17160.1,17186.5,17137.2,17137.2
2022-04-20T12:15:00+05:30,17101.55,17166.3,17095.75,17160.7
2022-04-20T11:45:00+05:30,17083.3,17103.75,17063,17101.65
2022-04-20T11:15:00+05:30,17119.3,17131,17063.2,17080.85
2022-04-20T10:45:00+05:30,17086.2,17123.95,17074.55,17120.25
2022-04-20T10:15:00+05:30,17113.35,17137.05,17077.3,17087.1
2022-04-20T09:45:00+05:30,17102.5,17127.25,17065.05,17113.7
2022-04-20T09:15:00+05:30,17045.25,17131.55,16979.1,17103.05
2022-04-19T15:15:00+05:30,16962.25,16973.7,16826.05,16869.15
2022-04-19T14:45:00+05:30,17218.65,17225.55,16929.45,16962.55
2022-04-19T14:15:00+05:30,17245.8,17250.45,17206.85,17218.65
2022-04-19T13:45:00+05:30,17229.25,17269.25,17225.7,17245.4
2022-04-19T13:15:00+05:30,17181.8,17250.75,17180.85,17229.3
2022-04-19T12:45:00+05:30,17209.05,17223,17170.3,17181.9
2022-04-19T12:15:00+05:30,17238.5,17255.4,17206.45,17210.3
2022-04-19T11:45:00+05:30,17223.35,17241.95,17216.5,17238.2
2022-04-19T11:15:00+05:30,17194.1,17223.65,17189.9,17222.95
2022-04-19T10:45:00+05:30,17193.55,17195.75,17162.95,17194
2022-04-19T10:15:00+05:30,17193.8,17195.15,17166.85,17192.75
2022-04-19T09:45:00+05:30,17185.9,17207,17168.75,17194.1
2022-04-19T09:15:00+05:30,17258.95,17273.15,17153.1,17184.2
2022-04-18T15:15:00+05:30,17179.3,17199.75,17179.3,17185.8
2022-04-18T14:45:00+05:30,17184.05,17194.15,17138.1,17179.45
2022-04-18T14:15:00+05:30,17142.6,17187.2,17123.75,17183.6
2022-04-18T13:45:00+05:30,17121.25,17161.1,17120.95,17142
2022-04-18T13:15:00+05:30,17099.2,17135.5,17099.2,17121.15
2022-04-18T12:45:00+05:30,17101.9,17111.15,17068.5,17098
2022-04-18T12:15:00+05:30,17142,17151.8,17092.7,17102.45
2022-04-18T11:45:00+05:30,17158.55,17178.4,17136.9,17142.1
2022-04-18T11:15:00+05:30,17154.9,17175.8,17147.1,17157.5
2022-04-18T10:45:00+05:30,17162.45,17164.05,17134.5,17155.15
2022-04-18T10:15:00+05:30,17152.95,17170.95,17129.9,17161.55
2022-04-18T09:45:00+05:30,17229,17230.8,17139.35,17153.25
2022-04-18T09:15:00+05:30,17183.45,17237.25,17171.55,17229.7
2022-04-13T15:15:00+05:30,17469.85,17481.05,17463.1,17467.45
2022-04-13T14:45:00+05:30,17515.55,17519.5,17467.05,17470
2022-04-13T14:15:00+05:30,17511.35,17528.55,17489.1,17515.8
2022-04-13T13:45:00+05:30,17491.65,17511.75,17475.25,17510.65
2022-04-13T13:15:00+05:30,17510.55,17519.5,17485.3,17491.6
2022-04-13T12:45:00+05:30,17492.8,17511.9,17466.45,17508.75
2022-04-13T12:15:00+05:30,17483.25,17503.35,17457.45,17493.15
2022-04-13T11:45:00+05:30,17516.45,17540.05,17484.45,17484.9
2022-04-13T11:15:00+05:30,17544.4,17563.55,17516.95,17516.95
2022-04-13T10:45:00+05:30,17541.7,17557.75,17532.55,17543.7
2022-04-13T10:15:00+05:30,17553,17572.15,17524.05,17541.9
2022-04-13T09:45:00+05:30,17625.85,17633.45,17552.45,17552.6
2022-04-13T09:15:00+05:30,17599.9,17662.95,17595.85,17626.8
2022-04-12T15:15:00+05:30,17528.85,17531,17512.3,17519.95
2022-04-12T14:45:00+05:30,17588.55,17595.15,17527.7,17529
2022-04-12T14:15:00+05:30,17547.85,17589.65,17541.35,17588.8
2022-04-12T13:45:00+05:30,17449.55,17553.15,17443.1,17549
2022-04-12T13:15:00+05:30,17470.85,17490.7,17449.3,17449.75
2022-04-12T12:45:00+05:30,17512.9,17515.45,17468.65,17470.8
2022-04-12T12:15:00+05:30,17526.75,17533.7,17483.1,17512.65
2022-04-12T11:45:00+05:30,17521.35,17533.8,17512,17526.25
2022-04-12T11:15:00+05:30,17504.25,17522.55,17488.15,17521.25
2022-04-12T10:45:00+05:30,17518.65,17522.55,17496.15,17503.95
2022-04-12T10:15:00+05:30,17495.5,17525.95,17462.55,17518.65
2022-04-12T09:45:00+05:30,17557.75,17565.85,17491,17496.05
2022-04-12T09:15:00+05:30,17584.85,17593.7,17512.85,17559.25
2022-04-11T15:15:00+05:30,17682.45,17685.95,17664.75,17679.65
2022-04-11T14:45:00+05:30,17703,17710.65,17651.15,17682.3
2022-04-11T14:15:00+05:30,17739.5,17747.3,17701.95,17702.65
2022-04-11T13:45:00+05:30,17744.45,17751.4,17708.6,17738.85
2022-04-11T13:15:00+05:30,17741.15,17778.95,17734.6,17745
2022-04-11T12:45:00+05:30,17690.9,17749.8,17686.1,17740.8
2022-04-11T12:15:00+05:30,17727.05,17740.25,17677.35,17692.1
2022-04-11T11:45:00+05:30,17710.25,17729.25,17701.2,17727.35
2022-04-11T11:15:00+05:30,17685.95,17713.1,17679.15,17709.7
2022-04-11T10:45:00+05:30,17685.15,17695.9,17664.85,17686.35
2022-04-11T10:15:00+05:30,17708.35,17729.9,17682.9,17685.9
2022-04-11T09:45:00+05:30,17670.4,17718.85,17665.1,17708.5
2022-04-11T09:15:00+05:30,17740.9,17754.7,17655.1,17671.15
2022-04-08T15:15:00+05:30,17767.8,17802.15,17767.7,17800.3
2022-04-08T14:45:00+05:30,17805.75,17827.35,17764.15,17767.35
2022-04-08T14:15:00+05:30,17833,17836.25,17800.05,17804.85
2022-04-08T13:45:00+05:30,17772.6,17842.4,17764.75,17832.7
2022-04-08T13:15:00+05:30,17728.8,17784.7,17720.4,17772.75
2022-04-08T12:45:00+05:30,17737.3,17744.8,17699.8,17729
2022-04-08T12:15:00+05:30,17709.2,17750.5,17709.2,17737.9
2022-04-08T11:45:00+05:30,17645.2,17717.65,17642.3,17709.75
2022-04-08T11:15:00+05:30,17634.6,17648.05,17622.15,17646.2
2022-04-08T10:45:00+05:30,17642.8,17679.05,17632.85,17634.25
2022-04-08T10:15:00+05:30,17678.8,17682.6,17602.2,17642.35
2022-04-08T09:45:00+05:30,17649.6,17695.1,17616.35,17678.35
2022-04-08T09:15:00+05:30,17698.15,17721.95,17633.05,17649.95
2022-04-07T15:15:00+05:30,17631.15,17656,17627.05,17655.15
2022-04-07T14:45:00+05:30,17639,17662.1,17624.1,17631.25
2022-04-07T14:15:00+05:30,17645.45,17671.2,17626.25,17639
2022-04-07T13:45:00+05:30,17698.2,17698.2,17638.5,17646.1
2022-04-07T13:15:00+05:30,17749.15,17758.55,17696.2,17699.35
2022-04-07T12:45:00+05:30,17779.7,17780.8,17743.7,17749.55
2022-04-07T12:15:00+05:30,17761.8,17786.95,17736.85,17779.5
2022-04-07T11:45:00+05:30,17716,17771.7,17716,17761.45
2022-04-07T11:15:00+05:30,17693.4,17730.4,17686.9,17716.4
2022-04-07T10:45:00+05:30,17696.9,17709.2,17675.85,17692.05
2022-04-07T10:15:00+05:30,17725.05,17735.05,17672.6,17696.1
2022-04-07T09:45:00+05:30,17722.75,17732.8,17701.7,17724.9
2022-04-07T09:15:00+05:30,17723.3,17745.35,17701.75,17721.1
2022-04-06T15:15:00+05:30,17811.1,17815.25,17794.8,17799.3
2022-04-06T14:45:00+05:30,17811.8,17830.8,17781.05,17810.95
2022-04-06T14:15:00+05:30,17798.35,17844.6,17797.3,17812.4
2022-04-06T13:45:00+05:30,17832.45,17842.7,17795.35,17798.15
2022-04-06T13:15:00+05:30,17840.2,17840.5,17787.45,17833.05
2022-04-06T12:45:00+05:30,17893.7,17896.85,17816.45,17839.75
2022-04-06T12:15:00+05:30,17857.35,17898.5,17850.35,17894.45
2022-04-06T11:45:00+05:30,17820.4,17872.2,17814.5,17857.95
2022-04-06T11:15:00+05:30,17827.9,17834.5,17812.85,17820.4
2022-04-06T10:45:00+05:30,17804.7,17829.45,17786.1,17827.1
2022-04-06T10:15:00+05:30,17831.05,17846.15,17780.2,17804.65
2022-04-06T09:45:00+05:30,17853.65,17856.25,17806.05,17830.25
2022-04-06T09:15:00+05:30,17842.75,17900.3,17825.5,17853.55
2022-04-05T15:15:00+05:30,17950.55,17957.35,17922.6,17930.75
2022-04-05T14:45:00+05:30,18015.25,18016.95,17948.4,17949.6
2022-04-05T14:15:00+05:30,18012.15,18027.05,17982.15,18015.9
2022-04-05T13:45:00+05:30,18075.35,18085.15,17987.5,18013
2022-04-05T13:15:00+05:30,18067.7,18095.15,18055.5,18075.8
2022-04-05T12:45:00+05:30,18002.7,18067.4,18001.3,18067.1
2022-04-05T12:15:00+05:30,18023.35,18027.95,17992.55,18003.7
2022-04-05T11:45:00+05:30,18015.2,18027.15,18006.7,18023.55
2022-04-05T11:15:00+05:30,18013,18022.3,17999.85,18015.75
2022-04-05T10:45:00+05:30,17974.4,18033.65,17974.4,18012.95
2022-04-05T10:15:00+05:30,17996.85,18015.75,17961.1,17975.25
2022-04-05T09:45:00+05:30,17985.25,18013.2,17972.85,17997.05
2022-04-05T09:15:00+05:30,18080.6,18086.8,17984.9,17985.45
2022-04-04T15:15:00+05:30,18059.6,18065.3,18032.75,18036.05
2022-04-04T14:45:00+05:30,18058.7,18069.4,18035.4,18059.55
2022-04-04T14:15:00+05:30,17994.45,18058.5,17991.15,18058.5
2022-04-04T13:45:00+05:30,17984.75,18016.7,17983.3,17993.85
2022-04-04T13:15:00+05:30,17974.5,18010.8,17964.2,17984.55
2022-04-04T12:45:00+05:30,17917.9,17979.9,17888.55,17975.15
2022-04-04T12:15:00+05:30,17924.45,17944.3,17910.55,17917.05
2022-04-04T11:45:00+05:30,17972.35,17994.55,17923.1,17924.7
2022-04-04T11:15:00+05:30,17975.6,18029.8,17953.75,17972.95
2022-04-04T10:45:00+05:30,18030.8,18045.25,17962.9,17975.05
2022-04-04T10:15:00+05:30,18067.7,18078.8,18027.45,18030.2
2022-04-04T09:45:00+05:30,17977.4,18087.25,17963.85,18064.8
2022-04-04T09:15:00+05:30,17809.1,17977.35,17796.25,17975.75
2022-04-01T15:15:00+05:30,17670.75,17702.5,17670.75,17688.35
2022-04-01T14:45:00+05:30,17590.85,17671.8,17575.7,17670.3
2022-04-01T14:15:00+05:30,17583.55,17595.45,17570.1,17590.15
2022-04-01T13:45:00+05:30,17582.7,17593.3,17571.8,17583.55
2022-04-01T13:15:00+05:30,17537.55,17588.3,17537.35,17582.9
2022-04-01T12:45:00+05:30,17548.1,17552.05,17530.4,17536.6
2022-04-01T12:15:00+05:30,17524.65,17551.15,17516.3,17547.85
2022-04-01T11:45:00+05:30,17532.6,17536.1,17511.5,17524.85
2022-04-01T11:15:00+05:30,17548.55,17549.65,17523,17533.1
2022-04-01T10:45:00+05:30,17533.8,17556.35,17517.3,17548.55
2022-04-01T10:15:00+05:30,17526.85,17546.15,17525.2,17533.7
2022-04-01T09:45:00+05:30,17494.7,17547.1,17492.5,17526.75
2022-04-01T09:15:00+05:30,17436.9,17499.8,17431.7,17495.35
2022-03-31T15:15:00+05:30,17467.35,17470.25,17450.3,17468.75
2022-03-31T14:45:00+05:30,17443.15,17477.6,17437.05,17468.3
2022-03-31T14:15:00+05:30,17456.65,17490.9,17435.6,17443.2
2022-03-31T13:45:00+05:30,17483.95,17494.1,17449.05,17455.9
2022-03-31T13:15:00+05:30,17517.1,17523,17481.25,17484.2
2022-03-31T12:45:00+05:30,17502.9,17530.4,17493.35,17517.65
2022-03-31T12:15:00+05:30,17479.15,17513.45,17475.5,17501.45
2022-03-31T11:45:00+05:30,17488.35,17488.35,17457.2,17478.95
2022-03-31T11:15:00+05:30,17512.55,17515.75,17487.95,17488.15
2022-03-31T10:45:00+05:30,17513.3,17530.6,17503.1,17512.9
2022-03-31T10:15:00+05:30,17542.25,17546.75,17508.55,17512.7
2022-03-31T09:45:00+05:30,17543.2,17557.95,17525.7,17541.55
2022-03-31T09:15:00+05:30,17519.2,17558.9,17486.7,17543.45
2022-03-30T15:15:00+05:30,17497.35,17502.25,17456.85,17471.6
2022-03-30T14:45:00+05:30,17469,17522.15,17466.4,17498.45
2022-03-30T14:15:00+05:30,17456.55,17485.95,17455.45,17469.4
2022-03-30T13:45:00+05:30,17460.65,17476.95,17421.6,17456.05
2022-03-30T13:15:00+05:30,17491.7,17508.55,17448.75,17462.75
2022-03-30T12:45:00+05:30,17491.25,17492.35,17467.8,17492.3
2022-03-30T12:15:00+05:30,17485.7,17498.4,17472.2,17491.3
2022-03-30T11:45:00+05:30,17496.45,17506.65,17484.05,17486.1
2022-03-30T11:15:00+05:30,17502.9,17513.8,17483.9,17496.5
2022-03-30T10:45:00+05:30,17483.95,17510.85,17472.45,17503.05
2022-03-30T10:15:00+05:30,17450.45,17493.55,17448.6,17485.4
2022-03-30T09:45:00+05:30,17437.45,17460.85,17431,17451.35
2022-03-30T09:15:00+05:30,17468.15,17468.15,17387.95,17437.1
2022-03-29T15:15:00+05:30,17317.95,17342.15,17317.4,17335.75
2022-03-29T14:45:00+05:30,17281.5,17327.4,17281.5,17318.55
2022-03-29T14:15:00+05:30,17282.05,17304.3,17270.55,17281.55
2022-03-29T13:45:00+05:30,17259.35,17288.1,17253.45,17282.95
2022-03-29T13:15:00+05:30,17277.25,17277.25,17236.3,17260.05
2022-03-29T12:45:00+05:30,17264.85,17310.45,17263.35,17278.6
2022-03-29T12:15:00+05:30,17265.55,17282,17254.95,17266.75
2022-03-29T11:45:00+05:30,17262.55,17277.8,17247.05,17266
2022-03-29T11:15:00+05:30,17286.4,17299.15,17253,17263.6
2022-03-29T10:45:00+05:30,17266.4,17297.05,17262.65,17286.75
2022-03-29T10:15:00+05:30,17283.5,17301.55,17242.05,17266.65
2022-03-29T09:45:00+05:30,17306.35,17312.85,17270.1,17283.55
2022-03-29T09:15:00+05:30,17297.2,17322.2,17261.55,17306.05
2022-03-28T15:15:00+05:30,17221.25,17234.4,17210.15,17214.7
2022-03-28T14:45:00+05:30,17180.4,17230.7,17155.35,17221.5
2022-03-28T14:15:00+05:30,17171.9,17213.4,17166.9,17179.8
2022-03-28T13:45:00+05:30,17150.7,17198.15,17150.1,17172.75
2022-03-28T13:15:00+05:30,17218.8,17225.4,17136.15,17151
2022-03-28T12:45:00+05:30,17143.25,17221.35,17143.25,17220.7
2022-03-28T12:15:00+05:30,17051.05,17162.45,17050.85,17142.85
2022-03-28T11:45:00+05:30,17033.9,17061,17006.25,17050.4
2022-03-28T11:15:00+05:30,17043.4,17065.95,17019.95,17034.2
2022-03-28T10:45:00+05:30,17022.1,17054.25,17010.85,17043.7
2022-03-28T10:15:00+05:30,17045.7,17045.7,17004.1,17022.85
2022-03-28T09:45:00+05:30,17068.45,17082.95,17037.2,17045.5
2022-03-28T09:15:00+05:30,17181.85,17190.05,17059.05,17069.05
2022-03-25T15:15:00+05:30,17134.8,17197.9,17133.85,17177.95
2022-03-25T14:45:00+05:30,17112.05,17144.15,17095.15,17134.7
2022-03-25T14:15:00+05:30,17105.25,17145.75,17101.95,17111.7
2022-03-25T13:45:00+05:30,17108,17116.65,17077.05,17103.95
2022-03-25T13:15:00+05:30,17144.6,17150.75,17110.65,17110.65
2022-03-25T12:45:00+05:30,17159.05,17163.15,17122.3,17145
2022-03-25T12:15:00+05:30,17125.9,17163.7,17120.25,17158.45
2022-03-25T11:45:00+05:30,17191.75,17193.05,17119.6,17126.05
2022-03-25T11:15:00+05:30,17184.4,17195.4,17173.7,17191.8
2022-03-25T10:45:00+05:30,17194.95,17200.75,17162.85,17184.45
2022-03-25T10:15:00+05:30,17191.9,17200.85,17160.45,17195
2022-03-25T09:45:00+05:30,17201.7,17249.8,17172.95,17191.4
2022-03-25T09:15:00+05:30,17289,17289.85,17169.45,17201.75
2022-03-24T15:15:00+05:30,17224.75,17229.8,17192.25,17197.3
2022-03-24T14:45:00+05:30,17224.35,17254.2,17212.6,17224.9
2022-03-24T14:15:00+05:30,17225.1,17248.4,17193.8,17223.95
2022-03-24T13:45:00+05:30,17187.05,17229.75,17167,17224.95
2022-03-24T13:15:00+05:30,17153.4,17223.4,17148.9,17186.5
2022-03-24T12:45:00+05:30,17180.35,17191.4,17152.35,17152.55
2022-03-24T12:15:00+05:30,17187.75,17190.95,17147.9,17181.1
2022-03-24T11:45:00+05:30,17271.05,17275.05,17180.2,17187.65
2022-03-24T11:15:00+05:30,17272.55,17291.45,17255.7,17271.05
2022-03-24T10:45:00+05:30,17212.9,17278.5,17212.9,17273.5
2022-03-24T10:15:00+05:30,17254.9,17255.2,17205,17212.25
2022-03-24T09:45:00+05:30,17209.3,17262.7,17194.6,17255.4
2022-03-24T09:15:00+05:30,17094.95,17217.4,17094.55,17209.6
2022-03-23T15:15:00+05:30,17254.55,17256.1,17217.45,17223.55
2022-03-23T14:45:00+05:30,17259.1,17282.3,17247.85,17255.05
2022-03-23T14:15:00+05:30,17247.85,17307.2,17237.7,17259.85
2022-03-23T13:45:00+05:30,17250.55,17270.75,17200.8,17248.65
2022-03-23T13:15:00+05:30,17259.6,17291.25,17243.05,17251.1
2022-03-23T12:45:00+05:30,17226.15,17274.9,17222.8,17259.75
2022-03-23T12:15:00+05:30,17284.85,17293.25,17216.15,17226.45
2022-03-23T11:45:00+05:30,17323.1,17345.1,17245.8,17284.05
2022-03-23T11:15:00+05:30,17324.3,17350.4,17318.9,17323.35
2022-03-23T10:45:00+05:30,17335.1,17386,17306.55,17324.75
2022-03-23T10:15:00+05:30,17359.5,17373.35,17303.75,17334.85
2022-03-23T09:45:00+05:30,17370.65,17408.35,17333,17360.25
2022-03-23T09:15:00+05:30,17405.05,17441.7,17359.95,17368.75
2022-03-22T15:15:00+05:30,17316.8,17332.2,17312.15,17329.8
2022-03-22T14:45:00+05:30,17279.65,17317.45,17262.85,17317.45
2022-03-22T14:15:00+05:30,17293.35,17303.55,17231.05,17279.65
2022-03-22T13:45:00+05:30,17271.15,17320.55,17260.75,17294
2022-03-22T13:15:00+05:30,17231,17277.75,17211.3,17272.5
2022-03-22T12:45:00+05:30,17138,17230.85,17137.5,17229.85
2022-03-22T12:15:00+05:30,17030.85,17154.35,17025,17138.55
2022-03-22T11:45:00+05:30,17064.8,17066.25,17014.65,17031.55
2022-03-22T11:15:00+05:30,17061.55,17083.95,17046.9,17065.25
2022-03-22T10:45:00+05:30,17015,17069.6,17006.4,17061.95
2022-03-22T10:15:00+05:30,17035,17062.5,17013.6,17014.4
2022-03-22T09:45:00+05:30,17068,17085.95,17030.15,17036.05
2022-03-22T09:15:00+05:30,17120.4,17141.9,17051.65,17068.95
2022-03-21T15:15:00+05:30,17124.2,17129.75,17107.4,17113.85
2022-03-21T14:45:00+05:30,17121.75,17140.55,17097.35,17124.9
2022-03-21T14:15:00+05:30,17170.9,17175.15,17100.85,17121.95
2022-03-21T13:45:00+05:30,17152.55,17190.1,17134.75,17170.9
2022-03-21T13:15:00+05:30,17134.9,17173.95,17113.15,17152.55
2022-03-21T12:45:00+05:30,17162.45,17176.15,17124.5,17134.35
2022-03-21T12:15:00+05:30,17222.8,17239.25,17153.5,17163
2022-03-21T11:45:00+05:30,17258.4,17258.9,17222.7,17223
2022-03-21T11:15:00+05:30,17252.7,17278.25,17245.7,17258.3
2022-03-21T10:45:00+05:30,17236.35,17276.85,17226.25,17252.2
2022-03-21T10:15:00+05:30,17232.75,17246.85,17210.3,17235.8
2022-03-21T09:45:00+05:30,17281.95,17287.5,17226.35,17232.7
2022-03-21T09:15:00+05:30,17329.5,17352.1,17257.25,17282.1
2022-03-17T15:15:00+05:30,17273.05,17307.3,17267.25,17299.4
2022-03-17T14:45:00+05:30,17312.2,17323.25,17259.05,17272.9
2022-03-17T14:15:00+05:30,17312.55,17332.05,17304.25,17312.15
2022-03-17T13:45:00+05:30,17290.75,17344.6,17278.6,17312.4
2022-03-17T13:15:00+05:30,17302.8,17305.25,17282.8,17291.75
2022-03-17T12:45:00+05:30,17319.2,17326.05,17290.85,17302.2
2022-03-17T12:15:00+05:30,17287.95,17328.75,17274.9,17319.1
2022-03-17T11:45:00+05:30,17286.6,17305.5,17273.45,17287.65
2022-03-17T11:15:00+05:30,17262.75,17291.65,17254.15,17286.95
2022-03-17T10:45:00+05:30,17263.35,17268.3,17251,17262.35
2022-03-17T10:15:00+05:30,17265.95,17278.6,17247,17263.6
2022-03-17T09:45:00+05:30,17199.35,17266.3,17199.35,17266
2022-03-17T09:15:00+05:30,17202.9,17227.85,17176.05,17200.75
2022-03-16T15:15:00+05:30,16978.7,16980.4,16964.5,16966.35
2022-03-16T14:45:00+05:30,16906.95,16987.6,16901.1,16978.45
2022-03-16T14:15:00+05:30,16878.7,16922.55,16871.65,16906.45
2022-03-16T13:45:00+05:30,16897.05,16922.05,16876.3,16878.8
2022-03-16T13:15:00+05:30,16862.65,16912.65,16848.45,16898.55
2022-03-16T12:45:00+05:30,16917.7,16940.2,16864.85,16865.3
2022-03-16T12:15:00+05:30,16913.7,16924.8,16894.2,16917.95
2022-03-16T11:45:00+05:30,16908.4,16926.1,16896.4,16913.65
2022-03-16T11:15:00+05:30,16879.95,16915.15,16876.9,16908.15
2022-03-16T10:45:00+05:30,16886.55,16901.05,16870.45,16880.5
2022-03-16T10:15:00+05:30,16855.1,16888,16840.55,16886.9
2022-03-16T09:45:00+05:30,16912.15,16922.95,16850.1,16854.6
2022-03-16T09:15:00+05:30,16876.65,16942.1,16853.05,16911.95
2022-03-15T15:15:00+05:30,16668.75,16678.65,16638.95,16645
2022-03-15T14:45:00+05:30,16604.9,16708.2,16598.3,16668.1
2022-03-15T14:15:00+05:30,16642.8,16643.45,16555.7,16604.8
2022-03-15T13:45:00+05:30,16722.15,16728.65,16630.6,16643.95
2022-03-15T13:15:00+05:30,16736.55,16740.2,16677.3,16723.1
2022-03-15T12:45:00+05:30,16780.1,16792.3,16725.3,16736.55
2022-03-15T12:15:00+05:30,16878.35,16878.35,16756.3,16778.35
2022-03-15T11:45:00+05:30,16837.55,16887.15,16837.55,16878.4
2022-03-15T11:15:00+05:30,16852.85,16858.1,16828.55,16837.5
2022-03-15T10:45:00+05:30,16875.4,16875.4,16833.2,16852.2
2022-03-15T10:15:00+05:30,16861.2,16892.45,16842.05,16875.6
2022-03-15T09:45:00+05:30,16846.5,16878.95,16808,16861.25
2022-03-15T09:15:00+05:30,16900.65,16926.85,16826.45,16845.55
2022-03-14T15:15:00+05:30,16873.35,16887.9,16851.8,16886.4
2022-03-14T14:45:00+05:30,16861.3,16886.85,16846.6,16873.25
2022-03-14T14:15:00+05:30,16811.15,16868.05,16811.1,16862.05
2022-03-14T13:45:00+05:30,16792.5,16811.8,16781.45,16810.75
2022-03-14T13:15:00+05:30,16781.65,16794.05,16759.1,16791.5
2022-03-14T12:45:00+05:30,16758.35,16786.35,16752.6,16780.55
2022-03-14T12:15:00+05:30,16730.6,16775.9,16719.1,16758.55
2022-03-14T11:45:00+05:30,16746.35,16762.25,16729.35,16731.1
2022-03-14T11:15:00+05:30,16721.8,16762.7,16716.4,16747.55
2022-03-14T10:45:00+05:30,16687.5,16726.75,16674.85,16722.1
2022-03-14T10:15:00+05:30,16678.5,16692.55,16647.55,16687.9
2022-03-14T09:45:00+05:30,16630.4,16699.75,16607.95,16679
2022-03-14T09:15:00+05:30,16633.7,16701.45,16619.65,16631.5
2022-03-11T15:15:00+05:30,16628.3,16637.75,16620.05,16620.5
2022-03-11T14:45:00+05:30,16636.9,16652.8,16609.9,16628.35
2022-03-11T14:15:00+05:30,16614.5,16641,16589.35,16638.85
2022-03-11T13:45:00+05:30,16580.95,16624.3,16564.6,16614.3
2022-03-11T13:15:00+05:30,16586.75,16634.65,16577.9,16581.95
2022-03-11T12:45:00+05:30,16646.8,16658.15,16576.35,16587
2022-03-11T12:15:00+05:30,16640,16663.1,16627.6,16647.05
2022-03-11T11:45:00+05:30,16644.65,16659.8,16613.7,16640.2
2022-03-11T11:15:00+05:30,16606.85,16652.4,16594.55,16644.35
2022-03-11T10:45:00+05:30,16572.85,16629.7,16557.2,16607.85
2022-03-11T10:15:00+05:30,16640.9,16645.9,16542.65,16573.25
2022-03-11T09:45:00+05:30,16642.15,16694,16621.35,16641.45
2022-03-11T09:15:00+05:30,16528.8,16672.75,16472.55,16643.25
2022-03-10T15:15:00+05:30,16615.65,16619.35,16552,16566.3
2022-03-10T14:45:00+05:30,16594.35,16627.05,16545.45,16615.85
2022-03-10T14:15:00+05:30,16524.55,16615.45,16482.7,16594.65
2022-03-10T13:45:00+05:30,16597.5,16597.5,16448.1,16523.95
2022-03-10T13:15:00+05:30,16632.1,16673.6,16585.7,16596
2022-03-10T12:45:00+05:30,16648.65,16666.65,16602.05,16631.95
2022-03-10T12:15:00+05:30,16694.2,16712.9,16644.75,16648.95
2022-03-10T11:45:00+05:30,16720.65,16731.1,16690.35,16694.5
2022-03-10T11:15:00+05:30,16739.55,16742.25,16689.05,16720.55
2022-03-10T10:45:00+05:30,16704.2,16741.35,16697.55,16739.9
2022-03-10T10:15:00+05:30,16716.9,16754.25,16705.5,16706.3
2022-03-10T09:45:00+05:30,16615.05,16727.45,16612.35,16717.5
2022-03-10T09:15:00+05:30,16757.1,16757.1,16604.95,16618.35
2022-03-09T15:15:00+05:30,16350.2,16368.4,16331.9,16366.9
2022-03-09T14:45:00+05:30,16365.95,16417.45,16329.5,16349.65
2022-03-09T14:15:00+05:30,16339.85,16398.55,16339.85,16365.85
2022-03-09T13:45:00+05:30,16310.85,16355.55,16298.6,16339.7
2022-03-09T13:15:00+05:30,16317.85,16320.35,16240.85,16313.1
2022-03-09T12:45:00+05:30,16249.05,16324.4,16248.35,16318.4
2022-03-09T12:15:00+05:30,16181.3,16257.15,16181.3,16248.7
2022-03-09T11:45:00+05:30,16158.05,16195.8,16146.25,16182.3
2022-03-09T11:15:00+05:30,16132.25,16165.35,16102.25,16157.4
2022-03-09T10:45:00+05:30,16142.55,16162.5,16122.3,16132.1
2022-03-09T10:15:00+05:30,16145.35,16172.25,16125.95,16142.85
2022-03-09T09:45:00+05:30,16124.65,16150.95,16062.15,16144.7
2022-03-09T09:15:00+05:30,16078,16139.15,15992.75,16124.85
2022-03-08T15:15:00+05:30,16017.6,16027.9,16005.95,16014.65
2022-03-08T14:45:00+05:30,15954.2,16026.95,15947.15,16017.75
2022-03-08T14:15:00+05:30,15858.9,15961.35,15814.35,15954.4
2022-03-08T13:45:00+05:30,15781.05,15911.15,15766.75,15858.3
2022-03-08T13:15:00+05:30,15737.4,15780.25,15681.15,15780.25
2022-03-08T12:45:00+05:30,15710.15,15741.75,15673.3,15737.65
2022-03-08T12:15:00+05:30,15728.65,15768.85,15671.65,15710.7
2022-03-08T11:45:00+05:30,15758.1,15758.1,15696.6,15727.2
2022-03-08T11:15:00+05:30,15791.35,15792.05,15746.8,15757.35
2022-03-08T10:45:00+05:30,15826.6,15828.45,15761.2,15790.95
2022-03-08T10:15:00+05:30,15887.55,15891.05,15796.4,15826.35
2022-03-08T09:45:00+05:30,15806.4,15894.95,15806.3,15886.9
2022-03-08T09:15:00+05:30,15747.75,15863.45,15747.75,15806.3
2022-03-07T15:15:00+05:30,15868.15,15898.45,15859.6,15881.05
2022-03-07T14:45:00+05:30,15833.65,15876.45,15801.85,15867.35
2022-03-07T14:15:00+05:30,15754.7,15833.95,15713.7,15833.8
2022-03-07T13:45:00+05:30,15852.5,15866.6,15748.85,15754.8
2022-03-07T13:15:00+05:30,15851.2,15879.45,15829.1,15852.2
2022-03-07T12:45:00+05:30,15912.95,15940,15850.15,15851
2022-03-07T12:15:00+05:30,15890.9,15926.35,15888.15,15912.7
2022-03-07T11:45:00+05:30,15914,15943.55,15882.3,15890.85
2022-03-07T11:15:00+05:30,15853.7,15929.45,15852.8,15915.2
2022-03-07T10:45:00+05:30,15758.55,15862.4,15756.5,15854.05
2022-03-07T10:15:00+05:30,15785.4,15886.45,15742.4,15759.5
2022-03-07T09:45:00+05:30,15797.55,16174.45,15775.55,15785.4
2022-03-07T09:15:00+05:30,15867.95,15903.9,15795.8,15796.75
2022-03-04T15:15:00+05:30,16245.8,16256.5,16220.95,16243.55
2022-03-04T14:45:00+05:30,16286.15,16317.1,16231.95,16244.65
2022-03-04T14:15:00+05:30,16342.75,16388.65,16286.2,16286.7
2022-03-04T13:45:00+05:30,16417.2,16443.75,16326,16343
2022-03-04T13:15:00+05:30,16358.15,16455.55,16350.45,16418.2
2022-03-04T12:45:00+05:30,16331.95,16401.75,16306.9,16357.8
2022-03-04T12:15:00+05:30,16253.55,16336.2,16239,16332.2
2022-03-04T11:45:00+05:30,16225.15,16269.15,16217.9,16254.25
2022-03-04T11:15:00+05:30,16159.1,16235.25,16155.3,16225.4
2022-03-04T10:45:00+05:30,16184.5,16219.35,16134.1,16158.8
2022-03-04T10:15:00+05:30,16218.75,16228.2,16156.35,16185.65
2022-03-04T09:45:00+05:30,16274.2,16300.8,16218.1,16219.15
2022-03-04T09:15:00+05:30,16339.45,16339.45,16233.9,16274.6
2022-03-03T15:15:00+05:30,16528.45,16541.55,16499.85,16508.75
2022-03-03T14:45:00+05:30,16547.5,16547.5,16443.6,16526.2
2022-03-03T14:15:00+05:30,16513.25,16563.65,16489.75,16547.85
2022-03-03T13:45:00+05:30,16549.6,16576.1,16498.4,16512.75
2022-03-03T13:15:00+05:30,16521.5,16550.35,16477.65,16549.45
2022-03-03T12:45:00+05:30,16557.4,16582.8,16501.95,16520.75
2022-03-03T12:15:00+05:30,16640.4,16640.45,16535.15,16558.4
2022-03-03T11:45:00+05:30,16643.3,16659.2,16630.55,16640.4
2022-03-03T11:15:00+05:30,16651.85,16662,16636.9,16643.25
2022-03-03T10:45:00+05:30,16637.45,16654.25,16612.3,16650.7
2022-03-03T10:15:00+05:30,16641.85,16652.45,16607,16637.05
2022-03-03T09:45:00+05:30,16657.2,16674.1,16611.05,16641.55
2022-03-03T09:15:00+05:30,16723.2,16767.95,16652.25,16658
2022-03-02T15:15:00+05:30,16607.15,16639.25,16598.35,16625.85
2022-03-02T14:45:00+05:30,16537.5,16612.2,16510.15,16607.75
2022-03-02T14:15:00+05:30,16526.6,16541.95,16484.55,16537.8
2022-03-02T13:45:00+05:30,16546.4,16566.4,16526.5,16526.55
2022-03-02T13:15:00+05:30,16548.85,16562.95,16515.25,16546.3
2022-03-02T12:45:00+05:30,16506.2,16577.75,16479.15,16548.7
2022-03-02T12:15:00+05:30,16512.4,16531.95,16492.15,16507.2
2022-03-02T11:45:00+05:30,16560.3,16573.2,16508.85,16511.95
2022-03-02T11:15:00+05:30,16575.35,16607.35,16558.05,16559.3
2022-03-02T10:45:00+05:30,16556.7,16589.3,16549.95,16575.5
2022-03-02T10:15:00+05:30,16591.65,16627.1,16556.8,16556.8
2022-03-02T09:45:00+05:30,16616.3,16621.2,16545.9,16591.7
2022-03-02T09:15:00+05:30,16593.1,16677.75,16562.4,16617.4
2022-02-28T15:15:00+05:30,16798.4,16804.95,16776.3,16789.45
2022-02-28T14:45:00+05:30,16724.2,16814.75,16710.9,16799.2
2022-02-28T14:15:00+05:30,16698.95,16736.9,16682.95,16724.15
2022-02-28T13:45:00+05:30,16719.85,16727.35,16640.7,16699.5
2022-02-28T13:15:00+05:30,16718.3,16738.05,16681.4,16718.65
2022-02-28T12:45:00+05:30,16686.65,16741.05,16656.2,16718.1
2022-02-28T12:15:00+05:30,16673.6,16733.7,16652.75,16685.6
2022-02-28T11:45:00+05:30,16606.7,16716.7,16600.75,16674
2022-02-28T11:15:00+05:30,16593.7,16642.65,16578.9,16606.45
2022-02-28T10:45:00+05:30,16539.15,16607.4,16536.35,16591.85
2022-02-28T10:15:00+05:30,16450.8,16544.55,16440.15,16538.45
2022-02-28T09:45:00+05:30,16456.8,16462.45,16408.95,16450.45
2022-02-28T09:15:00+05:30,16481.6,16498.05,16356.55,16456.4
2022-02-25T15:15:00+05:30,16655.9,16676.25,16644.75,16668.8
2022-02-25T14:45:00+05:30,16653.85,16705.05,16644.25,16657.5
2022-02-25T14:15:00+05:30,16672.05,16717.8,16627.75,16653.7
2022-02-25T13:45:00+05:30,16652.9,16679.05,16604.8,16672.9
2022-02-25T13:15:00+05:30,16672.55,16681.4,16625.7,16652.5
2022-02-25T12:45:00+05:30,16641.15,16684.75,16629.7,16672.7
2022-02-25T12:15:00+05:30,16654.4,16704.3,16596.1,16642.6
2022-02-25T11:45:00+05:30,16709,16724.15,16653.1,16654.2
2022-02-25T11:15:00+05:30,16700.8,16735,16689.05,16708.35
2022-02-25T10:45:00+05:30,16736.4,16748.2,16690,16700.55
2022-02-25T10:15:00+05:30,16638.05,16739.1,16629.55,16735.75
2022-02-25T09:45:00+05:30,16631.9,16690.7,16606.3,16637.3
2022-02-25T09:15:00+05:30,16515.65,16633.5,16488.95,16632.25
2022-02-24T15:15:00+05:30,16275.65,16278.35,16204.4,16217.75
2022-02-24T14:45:00+05:30,16391.05,16402.35,16222.15,16273.1
2022-02-24T14:15:00+05:30,16444.3,16471.75,16363.7,16390.05
2022-02-24T13:45:00+05:30,16420.65,16520.35,16414.45,16445
2022-02-24T13:15:00+05:30,16534,16537.5,16418.85,16418.85
2022-02-24T12:45:00+05:30,16506.75,16535,16436.2,16535
2022-02-24T12:15:00+05:30,16579.2,16580.65,16495.25,16501.85
2022-02-24T11:45:00+05:30,16630.45,16631.65,16553.2,16578.2
2022-02-24T11:15:00+05:30,16579.1,16656.55,16576.45,16630.05
2022-02-24T10:45:00+05:30,16586.6,16589.75,16565.5,16577.75
2022-02-24T10:15:00+05:30,16534.35,16602.2,16522.1,16586.2
2022-02-24T09:45:00+05:30,16548.6,16564.25,16455.15,16533.05
2022-02-24T09:15:00+05:30,16548.9,16702.3,16548.9,16550.3
2022-02-23T15:15:00+05:30,17046.7,17059.1,17027.9,17054.7
2022-02-23T14:45:00+05:30,17116.2,17165.3,17044.95,17047.75
2022-02-23T14:15:00+05:30,17146.3,17148.85,17101.4,17116.2
2022-02-23T13:45:00+05:30,17151.6,17157.25,17109.75,17146.45
2022-02-23T13:15:00+05:30,17163.6,17173.5,17138.15,17151.3
2022-02-23T12:45:00+05:30,17142.5,17165.45,17132,17163.95
2022-02-23T12:15:00+05:30,17169.65,17178.3,17139,17142.65
2022-02-23T11:45:00+05:30,17190.8,17194.4,17165.95,17170.15
2022-02-23T11:15:00+05:30,17166.25,17200.5,17165.2,17190.6
2022-02-23T10:45:00+05:30,17124.8,17174,17123.95,17165.95
2022-02-23T10:15:00+05:30,17148.3,17165.25,17120.05,17124.35
2022-02-23T09:45:00+05:30,17161.3,17192.5,17136.85,17148.25
2022-02-23T09:15:00+05:30,17194.5,17220.65,17160.6,17162.65
2022-02-22T15:15:00+05:30,17097.9,17109.95,17071.3,17080.6
2022-02-22T14:45:00+05:30,17112.05,17126.2,17051.85,17096.9
2022-02-22T14:15:00+05:30,17077.85,17148.5,17045.9,17112.55
2022-02-22T13:45:00+05:30,16926.35,17078.95,16926.35,17077.55
2022-02-22T13:15:00+05:30,16936.2,16952.7,16909.1,16926.1
2022-02-22T12:45:00+05:30,16963.9,16971.75,16906.1,16935.55
2022-02-22T12:15:00+05:30,16967.45,16979.25,16941.95,16967.15
2022-02-22T11:45:00+05:30,17013.95,17019.55,16938.9,16968.05
2022-02-22T11:15:00+05:30,16984.55,17022.65,16973.35,17013.6
2022-02-22T10:45:00+05:30,16924.45,17001.2,16922.15,16984.35
2022-02-22T10:15:00+05:30,16923.35,16962.15,16915.15,16923.75
2022-02-22T09:45:00+05:30,16872.75,16969.65,16860.85,16923.8
2022-02-22T09:15:00+05:30,16847.95,16973.3,16847.95,16874.5
2022-02-21T15:15:00+05:30,17195.05,17216.2,17188.2,17205.75
2022-02-21T14:45:00+05:30,17194.7,17252.7,17189.1,17195.9
2022-02-21T14:15:00+05:30,17233.5,17265.8,17183.9,17195.5
2022-02-21T13:45:00+05:30,17305.5,17315.3,17231.05,17233.85
2022-02-21T13:15:00+05:30,17345.1,17350.8,17272.05,17306.2
2022-02-21T12:45:00+05:30,17296,17349.15,17282.15,17346.35
2022-02-21T12:15:00+05:30,17301.25,17326.6,17269.8,17295
2022-02-21T11:45:00+05:30,17266.85,17314.85,17255.6,17300.95
2022-02-21T11:15:00+05:30,17225.15,17267.95,17209.8,17267.95
2022-02-21T10:45:00+05:30,17189.7,17225.9,17175.1,17225.5
2022-02-21T10:15:00+05:30,17127.1,17208.25,17104.4,17189.8
2022-02-21T09:45:00+05:30,17109.4,17165.05,17097.9,17127.25
2022-02-21T09:15:00+05:30,17192.25,17229.55,17071,17110.3
2022-02-18T15:15:00+05:30,17279.1,17281.2,17263.1,17268.75
2022-02-18T14:45:00+05:30,17261.2,17305.65,17246.4,17278.7
2022-02-18T14:15:00+05:30,17307.5,17314.45,17258.5,17260.7
2022-02-18T13:45:00+05:30,17345.65,17362,17306,17307.35
2022-02-18T13:15:00+05:30,17361.3,17367.45,17324.15,17346.65
2022-02-18T12:45:00+05:30,17360.6,17379.95,17341.95,17361.15
2022-02-18T12:15:00+05:30,17343.45,17361.5,17326.8,17360.95
2022-02-18T11:45:00+05:30,17322.15,17347.05,17315.85,17343.6
2022-02-18T11:15:00+05:30,17324.45,17331.35,17299.9,17322.1
2022-02-18T10:45:00+05:30,17270.65,17324.8,17255.7,17323.25
2022-02-18T10:15:00+05:30,17298.95,17304.45,17269.55,17270.2
2022-02-18T09:45:00+05:30,17259.7,17311.3,17238.2,17298.05
2022-02-18T09:15:00+05:30,17236.05,17321.2,17220.2,17258.85
2022-02-17T15:15:00+05:30,17284.15,17296.1,17275.45,17280.15
2022-02-17T14:45:00+05:30,17320.1,17345.1,17282.8,17284.05
2022-02-17T14:15:00+05:30,17329.85,17367.2,17311.1,17322.6
2022-02-17T13:45:00+05:30,17412.6,17415.15,17329.45,17329.45
2022-02-17T13:15:00+05:30,17382.6,17413.9,17360.3,17413.55
2022-02-17T12:45:00+05:30,17395.75,17406.2,17371.4,17382.05
2022-02-17T12:15:00+05:30,17383.6,17417.6,17368.05,17395.7
2022-02-17T11:45:00+05:30,17339.7,17395.55,17336.45,17383.4
2022-02-17T11:15:00+05:30,17363.95,17385.25,17324.7,17339.9
2022-02-17T10:45:00+05:30,17322.75,17379.1,17312.4,17364.9
2022-02-17T10:15:00+05:30,17313.55,17323,17236.3,17323
2022-02-17T09:45:00+05:30,17305.9,17343.1,17286.85,17313
2022-02-17T09:15:00+05:30,17396.55,17442.55,17267.65,17311.1
2022-02-16T15:15:00+05:30,17329.15,17329.75,17286,17293.05
2022-02-16T14:45:00+05:30,17371.7,17394.4,17289,17329.2
2022-02-16T14:15:00+05:30,17458.45,17464,17348.35,17371.85
2022-02-16T13:45:00+05:30,17456.25,17489.9,17440.75,17458.7
2022-02-16T13:15:00+05:30,17415.55,17456.65,17393.1,17456.65
2022-02-16T12:45:00+05:30,17407.95,17427.75,17378,17415.35
2022-02-16T12:15:00+05:30,17335.65,17426.5,17335.65,17407.5
2022-02-16T11:45:00+05:30,17306.35,17342.05,17306.35,17335.2
2022-02-16T11:15:00+05:30,17288.1,17337.95,17287.4,17306.4
2022-02-16T10:45:00+05:30,17345.85,17347.15,17258.6,17288
2022-02-16T10:15:00+05:30,17332.35,17375.15,17328.05,17346.3
2022-02-16T09:45:00+05:30,17360.4,17383.55,17315.75,17333.6
2022-02-16T09:15:00+05:30,17408.45,17448.15,17320.95,17360.7
2022-02-15T15:15:00+05:30,17351.6,17374.5,17349.8,17351.85
2022-02-15T14:45:00+05:30,17315.25,17356.8,17309.1,17350.9
2022-02-15T14:15:00+05:30,17284.95,17323.05,17260.15,17315.65
2022-02-15T13:45:00+05:30,17163.55,17299.4,17158.65,17286.5
2022-02-15T13:15:00+05:30,17100.15,17173.35,17063.15,17164.1
2022-02-15T12:45:00+05:30,17076.75,17117.8,17068.75,17100.35
2022-02-15T12:15:00+05:30,17070.85,17089.4,17030.45,17075.4
2022-02-15T11:45:00+05:30,17003.55,17087.05,17002.3,17070.5
2022-02-15T11:15:00+05:30,16942.2,17012.65,16942.2,17002.2
2022-02-15T10:45:00+05:30,16881.85,16960.85,16868.6,16940.95
2022-02-15T10:15:00+05:30,16872,16914.75,16866.7,16881.65
2022-02-15T09:45:00+05:30,16881,16923.8,16840.4,16871.45
2022-02-15T09:15:00+05:30,16933.25,16998.15,16876.4,16883.75
2022-02-14T15:15:00+05:30,16837.55,16856.35,16810,16819.7
2022-02-14T14:45:00+05:30,16869.8,16903.85,16836.25,16837.05
2022-02-14T14:15:00+05:30,16922.1,16958.25,16862.4,16871.45
2022-02-14T13:45:00+05:30,17003.35,17008.9,16917.6,16921.75
2022-02-14T13:15:00+05:30,17021.85,17049.8,16996.85,17003.65
2022-02-14T12:45:00+05:30,16966.8,17022.1,16959.1,17021.95
2022-02-14T12:15:00+05:30,17013.55,17037.5,16965.8,16967.2
2022-02-14T11:45:00+05:30,17007.05,17032.95,17000.2,17014.55
2022-02-14T11:15:00+05:30,17031.8,17039.1,16990.2,17006.6
2022-02-14T10:45:00+05:30,17060.85,17082.75,17025.25,17032
2022-02-14T10:15:00+05:30,17032.7,17074.45,17002.1,17060.95
2022-02-14T09:45:00+05:30,16975.95,17059.65,16948.85,17032.15
2022-02-14T09:15:00+05:30,17076.15,17077.15,16918.9,16975.35
2022-02-11T15:15:00+05:30,17386.35,17387.5,17341.9,17345.55
2022-02-11T14:45:00+05:30,17359.05,17399.05,17338.65,17386.7
2022-02-11T14:15:00+05:30,17379.35,17400.45,17353.05,17359.65
2022-02-11T13:45:00+05:30,17444.1,17447.3,17351.1,17379.3
2022-02-11T13:15:00+05:30,17408.55,17446.05,17392.95,17444.3
2022-02-11T12:45:00+05:30,17402.75,17409.5,17375.75,17407.85
2022-02-11T12:15:00+05:30,17355.3,17400.95,17350.55,17400.95
2022-02-11T11:45:00+05:30,17337.35,17358.25,17331.25,17355.5
2022-02-11T11:15:00+05:30,17323.85,17338.05,17303.85,17337.9
2022-02-11T10:45:00+05:30,17344.55,17361.9,17303.2,17324.45
2022-02-11T10:15:00+05:30,17326.3,17353.2,17305.95,17345.1
2022-02-11T09:45:00+05:30,17405.7,17405.7,17314.65,17330.8
2022-02-11T09:15:00+05:30,17451,17451,17371.45,17405.95
2022-02-10T15:15:00+05:30,17599.55,17615.3,17581.85,17586.95
2022-02-10T14:45:00+05:30,17614.8,17629.8,17595.2,17599.6
2022-02-10T14:15:00+05:30,17625.6,17639.25,17603,17615.9
2022-02-10T13:45:00+05:30,17620.7,17636.3,17601.3,17625.1
2022-02-10T13:15:00+05:30,17602.35,17628.35,17580.05,17620.8
2022-02-10T12:45:00+05:30,17601.45,17618.6,17591.4,17602.75
2022-02-10T12:15:00+05:30,17595.05,17604.35,17570,17601.95
2022-02-10T11:45:00+05:30,17609.2,17622.55,17589.75,17594.55
2022-02-10T11:15:00+05:30,17584.1,17611.9,17558.05,17609.6
2022-02-10T10:45:00+05:30,17584.55,17594.35,17560.2,17584.05
2022-02-10T10:15:00+05:30,17510.85,17588.45,17482.9,17584.55
2022-02-10T09:45:00+05:30,17457.25,17515.95,17427.2,17510.95
2022-02-10T09:15:00+05:30,17554.1,17554.1,17455.3,17458.2
2022-02-09T15:15:00+05:30,17460.4,17476.4,17460.1,17471.6
2022-02-09T14:45:00+05:30,17455.25,17472.8,17444.5,17463.35
2022-02-09T14:15:00+05:30,17438.5,17461.65,17434.55,17459.95
2022-02-09T13:45:00+05:30,17407.8,17447.1,17406.6,17442.4
2022-02-09T13:15:00+05:30,17379.1,17420.4,17374.3,17412.35
2022-02-09T12:45:00+05:30,17420.9,17433.35,17378.8,17382.45
2022-02-09T12:15:00+05:30,17410.95,17432.05,17410.15,17421.05
2022-02-09T11:45:00+05:30,17390.55,17424.1,17389.15,17410.95
2022-02-09T11:15:00+05:30,17393.55,17408.35,17385.3,17389.5
2022-02-09T10:45:00+05:30,17392.45,17413.25,17378.05,17393.55
2022-02-09T10:15:00+05:30,17417.9,17422.4,17365.4,17392.05
2022-02-09T09:45:00+05:30,17392.95,17438.4,17385.2,17417.3
2022-02-09T09:15:00+05:30,17370.1,17421.15,17342.3,17392.2
2022-02-08T15:15:00+05:30,17280.5,17284.15,17228.25,17240.35
2022-02-08T14:45:00+05:30,17194.35,17296.5,17175.15,17280
2022-02-08T14:15:00+05:30,17162.9,17194.75,17134.8,17194.75
2022-02-08T13:45:00+05:30,17191.45,17215.5,17159.05,17162.3
2022-02-08T13:15:00+05:30,17137.35,17220.15,17120.75,17189
2022-02-08T12:45:00+05:30,17261.85,17272.55,17128.95,17137.05
2022-02-08T12:15:00+05:30,17180.65,17268.05,17179.95,17258.1
2022-02-08T11:45:00+05:30,17161.4,17218.05,17148.05,17181.4
2022-02-08T11:15:00+05:30,17085.7,17170.1,17074.55,17161.3
2022-02-08T10:45:00+05:30,17090.05,17120.7,17043.65,17085.3
2022-02-08T10:15:00+05:30,17192.35,17198.2,17086.1,17090.9
2022-02-08T09:45:00+05:30,17236.95,17252.45,17184.8,17194.4
2022-02-08T09:15:00+05:30,17279.85,17304.65,17176.6,17236.95
2022-02-07T15:15:00+05:30,17220.1,17222.15,17187,17210
2022-02-07T14:45:00+05:30,17157.15,17240.35,17156.65,17219.9
2022-02-07T14:15:00+05:30,17179,17215.25,17157.1,17157.8
2022-02-07T13:45:00+05:30,17215.95,17215.95,17120.35,17178.7
2022-02-07T13:15:00+05:30,17260.5,17279.85,17212.8,17215.5
2022-02-07T12:45:00+05:30,17326.1,17333,17255.7,17263.65
2022-02-07T12:15:00+05:30,17272.3,17329.2,17265.7,17326.7
2022-02-07T11:45:00+05:30,17319.15,17334.5,17266.15,17271.6
2022-02-07T11:15:00+05:30,17338.7,17338.7,17306.9,17318.4
2022-02-07T10:45:00+05:30,17408.85,17418.4,17330.5,17338.8
2022-02-07T10:15:00+05:30,17414.8,17431.5,17387.7,17410
2022-02-07T09:45:00+05:30,17448,17468.15,17390.15,17414.95
2022-02-07T09:15:00+05:30,17456.3,17535.95,17418.75,17447.4
2022-02-04T15:15:00+05:30,17529.9,17530.4,17496.4,17503
2022-02-04T14:45:00+05:30,17506.85,17551.75,17484.95,17528.9
2022-02-04T14:15:00+05:30,17545.3,17563.8,17489.1,17505.85
2022-02-04T13:45:00+05:30,17526.2,17570.85,17523.25,17544.25
2022-02-04T13:15:00+05:30,17479.2,17534.35,17463.9,17524.8
2022-02-04T12:45:00+05:30,17522.5,17525.55,17465,17478.6
2022-02-04T12:15:00+05:30,17517.75,17536.85,17470.2,17522.45
2022-02-04T11:45:00+05:30,17545.4,17550.4,17507.1,17518.8
2022-02-04T11:15:00+05:30,17568.05,17582.7,17542.95,17546.55
2022-02-04T10:45:00+05:30,17542.95,17571.8,17524.55,17568.15
2022-02-04T10:15:00+05:30,17545.95,17565.1,17512.4,17543.05
2022-02-04T09:45:00+05:30,17578.65,17617.3,17530.4,17545.8
2022-02-04T09:15:00+05:30,17590.2,17595.25,17480.9,17579
2022-02-03T15:15:00+05:30,17569.65,17569.65,17512.95,17520.25
2022-02-03T14:45:00+05:30,17614.2,17626.3,17564.3,17569.75
2022-02-03T14:15:00+05:30,17629.7,17641.35,17603.9,17613.35
2022-02-03T13:45:00+05:30,17611.4,17635.3,17585.3,17629.95
2022-02-03T13:15:00+05:30,17666.95,17670,17607.3,17611.9
2022-02-03T12:45:00+05:30,17676.7,17694.7,17652.7,17665.95
2022-02-03T12:15:00+05:30,17632.15,17686.5,17625.45,17676.4
2022-02-03T11:45:00+05:30,17669.55,17669.7,17630.6,17632.4
2022-02-03T11:15:00+05:30,17703.55,17705,17658.75,17670.65
2022-02-03T10:45:00+05:30,17713.75,17721.65,17700.65,17703.85
2022-02-03T10:15:00+05:30,17709.35,17715.35,17684.85,17713.45
2022-02-03T09:45:00+05:30,17713.35,17728.3,17681.45,17710.2
2022-02-03T09:15:00+05:30,17767.75,17774.4,17702.55,17713.55
2022-02-02T15:15:00+05:30,17778.35,17793.75,17775.35,17791.6
2022-02-02T14:45:00+05:30,17773.9,17782,17761.45,17778.15
2022-02-02T14:15:00+05:30,17774.45,17786.4,17751.75,17773.45
2022-02-02T13:45:00+05:30,17751.4,17782.95,17725.6,17774.3
2022-02-02T13:15:00+05:30,17746.05,17762.1,17739.05,17751.6
2022-02-02T12:45:00+05:30,17760.15,17765.15,17732.35,17745.75
2022-02-02T12:15:00+05:30,17746.6,17761.7,17729.35,17759.8
2022-02-02T11:45:00+05:30,17740.1,17767.6,17740.1,17746.4
2022-02-02T11:15:00+05:30,17725.2,17742.5,17717.55,17740.85
2022-02-02T10:45:00+05:30,17693.5,17737.3,17687.3,17725.3
2022-02-02T10:15:00+05:30,17723.45,17745.85,17678.15,17692.35
2022-02-02T09:45:00+05:30,17729.35,17748.25,17720.2,17722.9
2022-02-02T09:15:00+05:30,17706.2,17731.5,17675.7,17729.25
2022-02-01T15:15:00+05:30,17562.8,17605.8,17561.55,17604.65
2022-02-01T14:45:00+05:30,17604,17610.2,17524.8,17563.2
2022-02-01T14:15:00+05:30,17540.6,17607.1,17530.4,17606.1
2022-02-01T13:45:00+05:30,17468.35,17555.5,17466.4,17542
2022-02-01T13:15:00+05:30,17277.6,17481.7,17245.45,17468.05
2022-02-01T12:45:00+05:30,17584.8,17591.1,17268.9,17278
2022-02-01T12:15:00+05:30,17585.25,17614.4,17502.75,17585.7
2022-02-01T11:45:00+05:30,17532.8,17622,17520.25,17585.15
2022-02-01T11:15:00+05:30,17567.15,17581.15,17453.55,17532.05
2022-02-01T10:45:00+05:30,17561.75,17587.8,17537.1,17566.85
2022-02-01T10:15:00+05:30,17578.1,17596.1,17540.85,17562.05
2022-02-01T09:45:00+05:30,17519.8,17583.95,17518.8,17578.1
2022-02-01T09:15:00+05:30,17529.45,17541.1,17469.15,17519.9
2022-01-31T15:15:00+05:30,17339.25,17354.2,17313.7,17338.3
2022-01-31T14:45:00+05:30,17387.85,17401.45,17333.95,17339.1
2022-01-31T14:15:00+05:30,17380.45,17407.25,17370.35,17386.95
2022-01-31T13:45:00+05:30,17356.65,17391.45,17326.95,17379.3
2022-01-31T13:15:00+05:30,17390.7,17409.9,17324.8,17357.85
2022-01-31T12:45:00+05:30,17365.15,17400.15,17363.3,17391.1
2022-01-31T12:15:00+05:30,17386.35,17406.45,17349.75,17365.7
2022-01-31T11:45:00+05:30,17341.25,17393.75,17332.05,17386.9
2022-01-31T11:15:00+05:30,17339.45,17343.65,17312.1,17340.6
2022-01-31T10:45:00+05:30,17290.85,17345.8,17264.35,17339.45
2022-01-31T10:15:00+05:30,17337.15,17359,17282.75,17290.3
2022-01-31T09:45:00+05:30,17343.95,17361.4,17294,17336.25
2022-01-31T09:15:00+05:30,17301.05,17351.05,17271.6,17344
2022-01-28T15:15:00+05:30,17089.2,17119.45,17082.1,17106.35
2022-01-28T14:45:00+05:30,17164.45,17185.85,17077.75,17088.3
2022-01-28T14:15:00+05:30,17166.8,17207.45,17107.5,17165.05
2022-01-28T13:45:00+05:30,17278.55,17278.55,17149.65,17166
2022-01-28T13:15:00+05:30,17338.6,17351.1,17271.4,17276.95
2022-01-28T12:45:00+05:30,17343.1,17365.3,17334.95,17338.65
2022-01-28T12:15:00+05:30,17352.6,17373,17329.8,17343.4
2022-01-28T11:45:00+05:30,17339,17357.1,17336.05,17353.1
2022-01-28T11:15:00+05:30,17321.3,17342.35,17299.95,17338.7
2022-01-28T10:45:00+05:30,17299.9,17343.95,17296.25,17321
2022-01-28T10:15:00+05:30,17336.95,17336.95,17274.05,17299.2
2022-01-28T09:45:00+05:30,17338.95,17359.05,17314.95,17333
2022-01-28T09:15:00+05:30,17208.3,17348.45,17208.3,17338.6
2022-01-27T15:15:00+05:30,17124.05,17165,17096.1,17149.3
2022-01-27T14:45:00+05:30,17171.9,17182.1,17044.9,17123.6
2022-01-27T14:15:00+05:30,17061.1,17180.3,17060.75,17171.85
2022-01-27T13:45:00+05:30,17044.4,17090.65,17031.75,17060.15
2022-01-27T13:15:00+05:30,17007.45,17044.9,16987.95,17044.9
2022-01-27T12:45:00+05:30,16924.95,17012.65,16912.7,17008.1
2022-01-27T12:15:00+05:30,16882.75,16946.65,16867.05,16925
2022-01-27T11:45:00+05:30,16940.35,16949.35,16882.4,16882.8
2022-01-27T11:15:00+05:30,16972.1,16973.35,16919.6,16940.9
2022-01-27T10:45:00+05:30,16992.75,16996.25,16943.85,16971.7
2022-01-27T10:15:00+05:30,17019.2,17026.65,16957.25,16993.1
2022-01-27T09:45:00+05:30,16962.65,17046.5,16937.4,17019.6
2022-01-27T09:15:00+05:30,17062,17062.95,16929.15,16960.05
2022-01-25T15:15:00+05:30,17286.85,17308.9,17262.4,17267.3
2022-01-25T14:45:00+05:30,17229.15,17287.2,17229.15,17287.2
2022-01-25T14:15:00+05:30,17205.35,17250.3,17180.15,17230.35
2022-01-25T13:45:00+05:30,17143.7,17233.35,17134.4,17206
2022-01-25T13:15:00+05:30,17129.6,17168.5,17124.3,17144.4
2022-01-25T12:45:00+05:30,17087.95,17133.05,17047,17130.05
2022-01-25T12:15:00+05:30,17080.95,17114.7,17077.15,17087.95
2022-01-25T11:45:00+05:30,17091.85,17117.55,17050.2,17079.6
2022-01-25T11:15:00+05:30,17077.35,17119.45,17066.45,17092.85
2022-01-25T10:45:00+05:30,17061.2,17079.3,17005.45,17077.45
2022-01-25T10:15:00+05:30,17071.95,17096.75,17033.15,17060.8
2022-01-25T09:45:00+05:30,17114.25,17200.55,17031.75,17073.25
2022-01-25T09:15:00+05:30,17001.55,17113,16837.85,17113
2022-01-24T15:15:00+05:30,17179.6,17182.1,17107.5,17112.45
2022-01-24T14:45:00+05:30,17057.55,17184.4,17015.4,17177.55
2022-01-24T14:15:00+05:30,17003.5,17158,17003.5,17054.35
2022-01-24T13:45:00+05:30,17168.6,17189.9,16998.45,17002.45
2022-01-24T13:15:00+05:30,17253.9,17256.6,17151.6,17167.35
2022-01-24T12:45:00+05:30,17218.5,17277.5,17210.55,17252.45
2022-01-24T12:15:00+05:30,17284.95,17292.7,17214.05,17219.1
2022-01-24T11:45:00+05:30,17354.9,17354.9,17280.9,17285.25
2022-01-24T11:15:00+05:30,17388.95,17393.55,17350.35,17355.75
2022-01-24T10:45:00+05:30,17411.5,17420.45,17367.35,17390.6
2022-01-24T10:15:00+05:30,17427.15,17431.65,17382.35,17412.3
2022-01-24T09:45:00+05:30,17470.1,17515.9,17427.9,17427.9
2022-01-24T09:15:00+05:30,17575.15,17598.35,17404.75,17470.35
2022-01-21T15:15:00+05:30,17615.05,17650.45,17615.05,17650.45
2022-01-21T14:45:00+05:30,17517.1,17631.95,17487.2,17614.25
2022-01-21T14:15:00+05:30,17598.85,17603.6,17516.7,17516.7
2022-01-21T13:45:00+05:30,17602.3,17653.65,17595.85,17598.85
2022-01-21T13:15:00+05:30,17699.05,17699.4,17596.6,17602.65
2022-01-21T12:45:00+05:30,17658.2,17707.25,17647.15,17699.95
2022-01-21T12:15:00+05:30,17650.7,17666.15,17635.75,17659.1
2022-01-21T11:45:00+05:30,17593.4,17652.1,17590.15,17651.05
2022-01-21T11:15:00+05:30,17611.1,17626.9,17591.95,17594.1
2022-01-21T10:45:00+05:30,17579.45,17616.6,17560.2,17612.15
2022-01-21T10:15:00+05:30,17630.3,17639.15,17571.65,17579.65
2022-01-21T09:45:00+05:30,17622.1,17679.25,17613.3,17631.2
2022-01-21T09:15:00+05:30,17613.7,17623.95,17526.4,17622.25
2022-01-20T15:15:00+05:30,17764.3,17783.15,17753.5,17782.95
2022-01-20T14:45:00+05:30,17663.45,17764.8,17656.85,17764.8
2022-01-20T14:15:00+05:30,17705.7,17707.8,17648.85,17663.9
2022-01-20T13:45:00+05:30,17698.35,17722.9,17670.95,17705.9
2022-01-20T13:15:00+05:30,17769.8,17773.6,17687.5,17697.55
2022-01-20T12:45:00+05:30,17819.95,17821.45,17770.55,17771.05
2022-01-20T12:15:00+05:30,17787.95,17834.7,17785.7,17820.35
2022-01-20T11:45:00+05:30,17775.7,17809.25,17774.7,17788.1
2022-01-20T11:15:00+05:30,17809.8,17817.75,17768.4,17775.95
2022-01-20T10:45:00+05:30,17824.6,17840.3,17799.9,17809.35
2022-01-20T10:15:00+05:30,17843.5,17859.3,17822,17824.9
2022-01-20T09:45:00+05:30,17910.65,17910.9,17837.45,17843.25
2022-01-20T09:15:00+05:30,17921,17934.3,17859.75,17910.45
2022-01-19T15:15:00+05:30,17945.25,17949.4,17923.9,17941.45
2022-01-19T14:45:00+05:30,17952.85,17959.95,17920.95,17945.25
2022-01-19T14:15:00+05:30,17926.75,17960.95,17895.55,17953.75
2022-01-19T13:45:00+05:30,17908.9,17931.45,17886.6,17927.2
2022-01-19T13:15:00+05:30,17926.8,17937.1,17886.95,17909.1
2022-01-19T12:45:00+05:30,17900.05,17933.8,17885.3,17926.9
2022-01-19T12:15:00+05:30,17959.5,17974.35,17890.8,17899.5
2022-01-19T11:45:00+05:30,17978.85,17996.85,17959.15,17959.9
2022-01-19T11:15:00+05:30,17976.15,17991.85,17942.05,17978.75
2022-01-19T10:45:00+05:30,18021.2,18028.9,17968.05,17977.35
2022-01-19T10:15:00+05:30,18038.7,18065.2,17989.15,18020.95
2022-01-19T09:45:00+05:30,17964.85,18054.9,17961.3,18038.1
2022-01-19T09:15:00+05:30,18129.2,18129.2,17950.75,17964.6
2022-01-18T15:15:00+05:30,18096.55,18133.7,18087.45,18113.8
2022-01-18T14:45:00+05:30,18212.4,18212.4,18088.6,18097.6
2022-01-18T14:15:00+05:30,18280.75,18282.2,18196.15,18214.55
2022-01-18T13:45:00+05:30,18278.45,18285.9,18246.15,18280.65
2022-01-18T13:15:00+05:30,18310.25,18318.05,18276.6,18277.5
2022-01-18T12:45:00+05:30,18264.7,18317.85,18260.15,18310.7
2022-01-18T12:15:00+05:30,18255.8,18271.65,18254.8,18264.3
2022-01-18T11:45:00+05:30,18259.65,18263.35,18247.05,18255.8
2022-01-18T11:15:00+05:30,18235.7,18268.7,18234.7,18260.5
2022-01-18T10:45:00+05:30,18234.05,18244,18222,18235.65
2022-01-18T10:15:00+05:30,18236.1,18242,18186.75,18233.85
2022-01-18T09:45:00+05:30,18256.35,18288.95,18205.8,18237.95
2022-01-18T09:15:00+05:30,18337.2,18350.6,18247.35,18256.95
2022-01-17T15:15:00+05:30,18304.15,18314.8,18301.7,18309.7
2022-01-17T14:45:00+05:30,18301.35,18316.6,18295.45,18305.65
2022-01-17T14:15:00+05:30,18298.35,18321.05,18292.1,18301.5
2022-01-17T13:45:00+05:30,18267.35,18309.25,18260.65,18298
2022-01-17T13:15:00+05:30,18295.75,18302.45,18267.15,18267.15
2022-01-17T12:45:00+05:30,18297.45,18304.7,18279.95,18295.45
2022-01-17T12:15:00+05:30,18295.5,18303.75,18278.05,18297.35
2022-01-17T11:45:00+05:30,18291.4,18313.4,18286.5,18294.7
2022-01-17T11:15:00+05:30,18299.1,18313.45,18280.7,18290.55
2022-01-17T10:45:00+05:30,18287.55,18312.1,18285.7,18299.95
2022-01-17T10:15:00+05:30,18288.5,18294.55,18269.85,18287
2022-01-17T09:45:00+05:30,18262.25,18290.5,18237.05,18288.75
2022-01-17T09:15:00+05:30,18235.65,18304,18234.05,18263.45
2022-01-14T15:15:00+05:30,18255,18258.8,18233.15,18235.5
2022-01-14T14:45:00+05:30,18237.1,18286.6,18236.35,18255.2
2022-01-14T14:15:00+05:30,18227.15,18244.1,18217.5,18237.45
2022-01-14T13:45:00+05:30,18226.6,18251.15,18219.4,18226.4
2022-01-14T13:15:00+05:30,18218.45,18230.8,18210.75,18226.1
2022-01-14T12:45:00+05:30,18210.45,18226.5,18203.6,18218.3
2022-01-14T12:15:00+05:30,18195.9,18215.35,18179.85,18210.95
2022-01-14T11:45:00+05:30,18168.95,18197.9,18168.95,18195.75
2022-01-14T11:15:00+05:30,18185.95,18186.2,18141.65,18169.3
2022-01-14T10:45:00+05:30,18167.15,18192.75,18164.35,18186.4
2022-01-14T10:15:00+05:30,18202.55,18217.2,18153.7,18166.15
2022-01-14T09:45:00+05:30,18224.65,18230.9,18184.05,18202.8
2022-01-14T09:15:00+05:30,18185,18228.1,18120.95,18223.9
2022-01-13T15:15:00+05:30,18269.15,18269.7,18255.65,18258.55
2022-01-13T14:45:00+05:30,18220.4,18269.5,18211,18269.5
2022-01-13T14:15:00+05:30,18216.85,18228.7,18203.9,18220.6
2022-01-13T13:45:00+05:30,18229.2,18245.05,18216.65,18217.4
2022-01-13T13:15:00+05:30,18214.85,18229.85,18183.65,18228.6
2022-01-13T12:45:00+05:30,18227.8,18235.75,18204,18214.55
2022-01-13T12:15:00+05:30,18250.4,18256.15,18216.3,18228.05
2022-01-13T11:45:00+05:30,18232,18252.85,18230.95,18250.1
2022-01-13T11:15:00+05:30,18215.95,18238,18215.1,18232.85
2022-01-13T10:45:00+05:30,18190.65,18228.25,18187.55,18216.2
2022-01-13T10:15:00+05:30,18197.2,18219.15,18164.15,18190.7
2022-01-13T09:45:00+05:30,18265.65,18270.95,18187.45,18197
2022-01-13T09:15:00+05:30,18257,18271.55,18203.4,18264.2
2022-01-12T15:15:00+05:30,18215.1,18217.6,18192.95,18197.6
2022-01-12T14:45:00+05:30,18201.15,18227.35,18185.85,18215.1
2022-01-12T14:15:00+05:30,18170.4,18201.1,18162.05,18200.6
2022-01-12T13:45:00+05:30,18194.15,18195.6,18158.75,18171.05
2022-01-12T13:15:00+05:30,18186.45,18199.1,18162.4,18194.3
2022-01-12T12:45:00+05:30,18185.95,18198.15,18176.2,18186.45
2022-01-12T12:15:00+05:30,18193.8,18198.6,18181.35,18185.3
2022-01-12T11:45:00+05:30,18208.9,18212.4,18184.2,18194.05
2022-01-12T11:15:00+05:30,18196.6,18221,18184.15,18209.25
2022-01-12T10:45:00+05:30,18190,18201.4,18181.85,18197
2022-01-12T10:15:00+05:30,18155.2,18190.35,18143.1,18190.35
2022-01-12T09:45:00+05:30,18170.7,18175.25,18148,18155.1
2022-01-12T09:15:00+05:30,18170.4,18181.7,18129.95,18171.6
2022-01-11T15:15:00+05:30,18058.45,18064.35,18045.95,18059
2022-01-11T14:45:00+05:30,18023.7,18067.55,18007.3,18058.1
2022-01-11T14:15:00+05:30,18065.25,18079,18002.4,18023.45
2022-01-11T13:45:00+05:30,18068.75,18069.8,18036.45,18065.45
2022-01-11T13:15:00+05:30,18064.15,18080.95,18051,18068.85
2022-01-11T12:45:00+05:30,18042.25,18065,18033.85,18064.15
2022-01-11T12:15:00+05:30,18028.55,18044.2,18023.5,18042.55
2022-01-11T11:45:00+05:30,18040.1,18055.45,18022.95,18028.8
2022-01-11T11:15:00+05:30,18035.6,18058.9,18030.8,18040
2022-01-11T10:45:00+05:30,18043.4,18044.9,18019.7,18035.05
2022-01-11T10:15:00+05:30,17991.95,18044.55,17964.9,18042.95
2022-01-11T09:45:00+05:30,17990.45,18023.35,17978.3,17991.7
2022-01-11T09:15:00+05:30,17997.75,18053.35,17971.1,17990.95
2022-01-10T15:15:00+05:30,18004.7,18016.8,17998.2,18005.45
2022-01-10T14:45:00+05:30,17975.5,18009,17975.05,18004.5
2022-01-10T14:15:00+05:30,17964.05,17978.95,17960.25,17975.25
2022-01-10T13:45:00+05:30,17972.7,17981.2,17953.05,17964.5
2022-01-10T13:15:00+05:30,17963.35,17973.5,17949.35,17973.5
2022-01-10T12:45:00+05:30,17962.95,17978,17952.95,17963.3
2022-01-10T12:15:00+05:30,17938.95,17964,17936.5,17962.75
2022-01-10T11:45:00+05:30,17936.2,17942.2,17901.25,17939.2
2022-01-10T11:15:00+05:30,17961.75,17965.75,17929.8,17936.5
2022-01-10T10:45:00+05:30,17941.9,17977.45,17940.7,17961.8
2022-01-10T10:15:00+05:30,17967.1,17977.05,17939.9,17940.75
2022-01-10T09:45:00+05:30,17913.9,17969.6,17912.05,17967.6
2022-01-10T09:15:00+05:30,17913.3,17952.15,17879.8,17914.05
2022-01-07T15:15:00+05:30,17810.2,17829.5,17805.45,17818.2
2022-01-07T14:45:00+05:30,17777.7,17818.2,17761.8,17810.35
2022-01-07T14:15:00+05:30,17749.55,17791.85,17740.1,17778.35
2022-01-07T13:45:00+05:30,17792.5,17799.95,17749.85,17749.85
2022-01-07T13:15:00+05:30,17766.05,17796.1,17746.35,17793.05
2022-01-07T12:45:00+05:30,17728.65,17774.8,17705.05,17765.85
2022-01-07T12:15:00+05:30,17794.6,17802.2,17728.55,17728.85
2022-01-07T11:45:00+05:30,17833.9,17836.5,17778.15,17795.7
2022-01-07T11:15:00+05:30,17825.05,17854.95,17819.75,17833.75
2022-01-07T10:45:00+05:30,17882.05,17884.85,17823.65,17824.95
2022-01-07T10:15:00+05:30,17885.1,17904.65,17872.2,17882.5
2022-01-07T09:45:00+05:30,17886.85,17897.5,17875.2,17885.65
2022-01-07T09:15:00+05:30,17797.6,17890.95,17790.9,17887.45
2022-01-06T15:15:00+05:30,17739.85,17755.3,17728.55,17746
2022-01-06T14:45:00+05:30,17780.45,17782.1,17731.65,17739.25
2022-01-06T14:15:00+05:30,17728.2,17790.75,17725.95,17780.9
2022-01-06T13:45:00+05:30,17737.9,17743.5,17702.8,17728.25
2022-01-06T13:15:00+05:30,17711.85,17757.2,17688.95,17737.2
2022-01-06T12:45:00+05:30,17691.3,17720.15,17689.5,17712.2
2022-01-06T12:15:00+05:30,17677.85,17691.2,17655.9,17691.2
2022-01-06T11:45:00+05:30,17696,17702.9,17663.3,17677.85
2022-01-06T11:15:00+05:30,17679.6,17706.6,17675.75,17695.85
2022-01-06T10:45:00+05:30,17672.5,17694.55,17662.05,17680.65
2022-01-06T10:15:00+05:30,17723.5,17727.15,17668.2,17672.25
2022-01-06T09:45:00+05:30,17726.55,17737.05,17700.3,17723.2
2022-01-06T09:15:00+05:30,17768.5,17795.8,17672.1,17726.75
2022-01-05T15:15:00+05:30,17935.4,17935.85,17906.75,17907.7
2022-01-05T14:45:00+05:30,17925.65,17944.2,17887.7,17935.7
2022-01-05T14:15:00+05:30,17912.05,17940.4,17911,17926.3
2022-01-05T13:45:00+05:30,17925.75,17933.3,17906.5,17911.05
2022-01-05T13:15:00+05:30,17925.5,17934.4,17879.75,17925.85
2022-01-05T12:45:00+05:30,17892.2,17925.55,17884.05,17924.3
2022-01-05T12:15:00+05:30,17863.05,17896.2,17859.4,17892.85
2022-01-05T11:45:00+05:30,17838.25,17864.9,17822.7,17863.15
2022-01-05T11:15:00+05:30,17798.85,17851.6,17792.05,17839.3
2022-01-05T10:45:00+05:30,17822.5,17823.8,17789.25,17798.35
2022-01-05T10:15:00+05:30,17845.7,17853.45,17814.55,17822.7
2022-01-05T09:45:00+05:30,17796.4,17853.45,17795.45,17845.75
2022-01-05T09:15:00+05:30,17820.1,17829.6,17750.1,17796.5
2022-01-04T15:15:00+05:30,17798.2,17827.3,17793.55,17807.35
2022-01-04T14:45:00+05:30,17769.8,17798.65,17765.5,17797.6
2022-01-04T14:15:00+05:30,17725.4,17771.2,17725.4,17770
2022-01-04T13:45:00+05:30,17678.1,17730.8,17669.95,17725.95
2022-01-04T13:15:00+05:30,17712.7,17721.65,17678.55,17678.55
2022-01-04T12:45:00+05:30,17739.55,17743.5,17707.15,17712.4
2022-01-04T12:15:00+05:30,17732.65,17742.5,17717.65,17740.05
2022-01-04T11:45:00+05:30,17709.85,17733.35,17701.1,17732.6
2022-01-04T11:15:00+05:30,17691.45,17711.15,17665.2,17709.8
2022-01-04T10:45:00+05:30,17694.55,17717.1,17682,17692.45
2022-01-04T10:15:00+05:30,17722.45,17733.05,17693.8,17695.8
2022-01-04T09:45:00+05:30,17657.85,17723.05,17655,17722.4
2022-01-04T09:15:00+05:30,17681.4,17714.95,17594.25,17657.4
2022-01-03T15:15:00+05:30,17622.6,17640.55,17617.7,17635.35
2022-01-03T14:45:00+05:30,17634.05,17638.35,17604.8,17622
2022-01-03T14:15:00+05:30,17611.5,17646.1,17607.15,17634.2
2022-01-03T13:45:00+05:30,17576.55,17613.85,17576.15,17611
2022-01-03T13:15:00+05:30,17575.85,17588.35,17567.95,17575.65
2022-01-03T12:45:00+05:30,17566.5,17579.2,17561.85,17575.9
2022-01-03T12:15:00+05:30,17523.7,17578.95,17523.7,17566.4
2022-01-03T11:45:00+05:30,17527.9,17534,17516.45,17525.35
2022-01-03T11:15:00+05:30,17528.35,17532.7,17512,17527.95
2022-01-03T10:45:00+05:30,17510.45,17527.9,17506.6,17527.65
2022-01-03T10:15:00+05:30,17499.45,17526.55,17488,17510.15
2022-01-03T09:45:00+05:30,17463.1,17501.65,17461,17498.1
2022-01-03T09:15:00+05:30,17387.15,17478.1,17387.15,17463.35
