datetime,open,high,low,close,volume,oi
2022-02-07 09:15:00+05:30,42100.0,42282.55,41838.15,42067.65,0,0
2022-02-07 09:45:00+05:30,42067.4,42126.2,41857.85,41919.5,0,0
2022-02-07 10:15:00+05:30,41917.9,42017.95,41891.6,41942.05,0,0
2022-02-07 10:45:00+05:30,41943.5,42003.5,41786.4,41804.7,0,0
2022-02-07 11:15:00+05:30,41806.15,41831.45,41766.15,41810.55,0,0
2022-02-07 11:45:00+05:30,41809.2,41840.65,41686.85,41733.95,0,0
2022-02-07 12:15:00+05:30,41735.9,41928.65,41713.8,41926.45,0,0
2022-02-07 12:45:00+05:30,41918.9,41955.7,41835.1,41882.4,0,0
2022-02-07 13:15:00+05:30,41883.9,41944.6,41707.7,41733.25,0,0
2022-02-07 13:45:00+05:30,41734.75,41775.9,41508.4,41731.6,0,0
2022-02-07 14:15:00+05:30,41729.65,41819.85,41650.85,41651.95,0,0
2022-02-07 14:45:00+05:30,41675.1,41797.9,41627.35,41723.85,0,0
2022-02-07 15:15:00+05:30,41725.45,41730.1,41635.25,41673.15,0,0
2022-02-08 09:15:00+05:30,41844.65,41956.2,41598.6,41777.85,0,0
2022-02-08 09:45:00+05:30,41777.7,41808.8,41556.8,41572.35,0,0
2022-02-08 10:15:00+05:30,41572.6,41627.35,41300.1,41326.2,0,0
2022-02-08 10:45:00+05:30,41327.8,41390.0,41193.55,41310.35,0,0
2022-02-08 11:15:00+05:30,41313.1,41507.85,41289.45,41487.8,0,0
2022-02-08 11:45:00+05:30,41490.15,41648.7,41469.4,41567.55,0,0
2022-02-08 12:15:00+05:30,41567.15,41734.85,41565.0,41705.4,0,0
2022-02-08 12:45:00+05:30,41704.9,41749.2,41443.1,41452.75,0,0
2022-02-08 13:15:00+05:30,41449.15,41652.85,41408.1,41579.75,0,0
2022-02-08 13:45:00+05:30,41582.45,41646.4,41497.15,41519.1,0,0
2022-02-08 14:15:00+05:30,41518.35,41567.5,41438.45,41555.4,0,0
2022-02-08 14:45:00+05:30,41555.6,41635.7,41494.8,41523.5,0,0
2022-02-08 15:15:00+05:30,41526.95,41541.45,41434.15,41468.8,0,0
2022-02-09 09:15:00+05:30,41736.9,41880.55,41673.1,41695.25,0,0
2022-02-09 09:45:00+05:30,41693.6,41803.3,41683.4,41800.1,0,0
2022-02-09 10:15:00+05:30,41799.6,41826.7,41674.25,41765.9,0,0
2022-02-09 10:45:00+05:30,41764.4,41808.85,41749.05,41797.0,0,0
2022-02-09 11:15:00+05:30,41796.25,41839.9,41774.9,41819.75,0,0
2022-02-09 11:45:00+05:30,41820.1,41880.9,41811.6,41833.8,0,0
2022-02-09 12:15:00+05:30,41835.05,41902.65,41833.4,41887.35,0,0
2022-02-09 12:45:00+05:30,41887.65,41904.35,41808.45,41808.6,0,0
2022-02-09 13:15:00+05:30,41808.65,41898.6,41807.65,41881.6,0,0
2022-02-09 13:45:00+05:30,41882.1,41948.85,41879.6,41944.6,0,0
2022-02-09 14:15:00+05:30,41947.25,41993.7,41934.85,41975.7,0,0
2022-02-09 14:45:00+05:30,41976.05,42037.0,41965.85,42009.7,0,0
2022-02-09 15:15:00+05:30,42008.15,42023.75,41957.15,42023.75,0,0
2022-02-10 09:15:00+05:30,42117.9,42120.55,41821.25,41859.05,0,0
2022-02-10 09:45:00+05:30,41857.95,42006.2,41819.65,41987.85,0,0
2022-02-10 10:15:00+05:30,41987.45,42064.45,41911.75,42033.35,0,0
2022-02-10 10:45:00+05:30,42032.2,42064.95,41998.35,42057.5,0,0
2022-02-10 11:15:00+05:30,42057.9,42074.1,42003.7,42058.85,0,0
2022-02-10 11:45:00+05:30,42059.0,42098.75,42045.85,42069.45,0,0
2022-02-10 12:15:00+05:30,42071.75,42103.25,42039.15,42096.6,0,0
2022-02-10 12:45:00+05:30,42094.85,42103.65,42059.85,42098.95,0,0
2022-02-10 13:15:00+05:30,42098.75,42128.55,42040.0,42118.25,0,0
2022-02-10 13:45:00+05:30,42119.0,42151.8,42081.3,42118.25,0,0
2022-02-10 14:15:00+05:30,42118.9,42139.25,42061.25,42084.3,0,0
2022-02-10 14:45:00+05:30,42087.05,42204.7,42029.0,42180.6,0,0
2022-02-10 15:15:00+05:30,42176.8,42202.15,42108.95,42121.15,0,0
2022-02-11 09:15:00+05:30,41920.0,41920.0,41645.45,41778.9,0,0
2022-02-11 09:45:00+05:30,41776.85,41779.35,41549.6,41605.2,0,0
2022-02-11 10:15:00+05:30,41603.7,41637.8,41516.65,41634.0,0,0
2022-02-11 10:45:00+05:30,41633.4,41656.05,41527.95,41535.45,0,0
2022-02-11 11:15:00+05:30,41533.95,41573.4,41494.65,41560.55,0,0
2022-02-11 11:45:00+05:30,41560.9,41648.9,41531.85,41603.8,0,0
2022-02-11 12:15:00+05:30,41604.1,41712.5,41596.1,41709.25,0,0
2022-02-11 12:45:00+05:30,41710.35,41728.5,41640.5,41660.1,0,0
2022-02-11 13:15:00+05:30,41661.5,41735.25,41625.55,41732.75,0,0
2022-02-11 13:45:00+05:30,41734.0,41739.25,41545.15,41594.55,0,0
2022-02-11 14:15:00+05:30,41596.15,41629.25,41521.25,41539.2,0,0
2022-02-11 14:45:00+05:30,41538.15,41644.05,41469.95,41568.15,0,0
2022-02-11 15:15:00+05:30,41567.65,41570.85,41430.35,41493.8,0,0
2022-02-14 09:15:00+05:30,40661.8,40772.3,40363.25,40694.6,0,0
2022-02-14 09:45:00+05:30,40699.0,40842.55,40569.9,40776.45,0,0
2022-02-14 10:15:00+05:30,40783.9,40926.8,40683.75,40924.95,0,0
2022-02-14 10:45:00+05:30,40927.65,40969.4,40885.55,40904.8,0,0
2022-02-14 11:15:00+05:30,40907.45,40919.1,40790.55,40814.1,0,0
2022-02-14 11:45:00+05:30,40817.3,40855.85,40745.65,40772.85,0,0
2022-02-14 12:15:00+05:30,40771.9,40819.75,40616.85,40620.35,0,0
2022-02-14 12:45:00+05:30,40621.95,40738.4,40604.95,40734.45,0,0
2022-02-14 13:15:00+05:30,40734.8,40773.8,40655.95,40680.65,0,0
2022-02-14 13:45:00+05:30,40680.3,40688.75,40412.65,40415.35,0,0
2022-02-14 14:15:00+05:30,40414.65,40462.2,40253.4,40264.7,0,0
2022-02-14 14:45:00+05:30,40264.4,40395.85,40141.55,40142.05,0,0
2022-02-14 15:15:00+05:30,40141.3,40157.65,40058.65,40076.5,0,0
2022-02-15 09:15:00+05:30,40317.15,40507.2,40123.4,40136.95,0,0
2022-02-15 09:45:00+05:30,40134.65,40219.7,39854.15,39962.5,0,0
2022-02-15 10:15:00+05:30,39961.1,40102.9,39947.4,39977.75,0,0
2022-02-15 10:45:00+05:30,39978.3,40204.6,39901.4,40157.05,0,0
2022-02-15 11:15:00+05:30,40157.9,40320.05,40157.9,40280.55,0,0
2022-02-15 11:45:00+05:30,40283.15,40486.4,40280.05,40465.7,0,0
2022-02-15 12:15:00+05:30,40454.0,40534.05,40383.7,40484.25,0,0
2022-02-15 12:45:00+05:30,40484.4,40593.65,40456.0,40532.75,0,0
2022-02-15 13:15:00+05:30,40529.2,40617.75,40400.2,40607.75,0,0
2022-02-15 13:45:00+05:30,40609.65,40932.8,40597.9,40921.75,0,0
2022-02-15 14:15:00+05:30,40922.15,41015.25,40877.75,41015.25,0,0
2022-02-15 14:45:00+05:30,41014.85,41148.45,41014.85,41142.15,0,0
2022-02-15 15:15:00+05:30,41143.55,41175.1,41115.7,41124.7,0,0
2022-02-16 09:15:00+05:30,41412.6,41461.95,41129.4,41292.25,0,0
2022-02-16 09:45:00+05:30,41294.9,41363.9,41144.2,41247.95,0,0
2022-02-16 10:15:00+05:30,41244.7,41405.4,41230.3,41345.25,0,0
2022-02-16 10:45:00+05:30,41343.6,41353.0,41137.9,41194.45,0,0
2022-02-16 11:15:00+05:30,41194.75,41337.15,41186.1,41254.35,0,0
2022-02-16 11:45:00+05:30,41254.65,41313.75,41251.35,41297.25,0,0
2022-02-16 12:15:00+05:30,41297.65,41452.2,41296.15,41422.2,0,0
2022-02-16 12:45:00+05:30,41422.3,41471.3,41392.05,41426.4,0,0
2022-02-16 13:15:00+05:30,41425.9,41473.55,41385.45,41472.9,0,0
2022-02-16 13:45:00+05:30,41471.55,41536.05,41377.75,41428.4,0,0
2022-02-16 14:15:00+05:30,41423.45,41428.8,41189.75,41229.45,0,0
2022-02-16 14:45:00+05:30,41231.7,41281.8,41047.6,41077.2,0,0
2022-02-16 15:15:00+05:30,41078.1,41078.7,40938.95,40967.9,0,0
2022-02-17 09:15:00+05:30,41265.2,41405.75,41059.25,41186.55,0,0
2022-02-17 09:45:00+05:30,41180.6,41248.35,41130.0,41167.6,0,0
2022-02-17 10:15:00+05:30,41165.85,41240.3,41034.45,41240.3,0,0
2022-02-17 10:45:00+05:30,41236.05,41375.65,41234.9,41334.2,0,0
2022-02-17 11:15:00+05:30,41332.75,41392.1,41270.95,41309.4,0,0
2022-02-17 11:45:00+05:30,41310.45,41357.1,41284.2,41311.35,0,0
2022-02-17 12:15:00+05:30,41310.85,41360.7,41274.55,41319.3,0,0
2022-02-17 12:45:00+05:30,41318.9,41346.0,41273.6,41300.35,0,0
2022-02-17 13:15:00+05:30,41301.05,41389.05,41261.55,41388.75,0,0
2022-02-17 13:45:00+05:30,41389.15,41392.95,41184.55,41184.55,0,0
2022-02-17 14:15:00+05:30,41182.55,41237.9,41100.95,41115.5,0,0
2022-02-17 14:45:00+05:30,41121.4,41239.95,41031.1,41136.75,0,0
2022-02-17 15:15:00+05:30,41136.75,41156.1,41089.95,41124.55,0,0
2022-02-18 09:15:00+05:30,41002.65,41155.75,40921.1,41050.3,0,0
2022-02-18 09:45:00+05:30,41050.6,41101.15,40951.25,41067.9,0,0
2022-02-18 10:15:00+05:30,41066.85,41086.0,40952.1,40954.5,0,0
2022-02-18 10:45:00+05:30,40956.0,41031.45,40924.85,41024.6,0,0
2022-02-18 11:15:00+05:30,41024.75,41038.5,40974.7,40997.65,0,0
2022-02-18 11:45:00+05:30,40997.1,41034.45,40937.65,41009.85,0,0
2022-02-18 12:15:00+05:30,41009.6,41057.35,40993.9,41055.25,0,0
2022-02-18 12:45:00+05:30,41055.4,41076.85,40996.65,41022.15,0,0
2022-02-18 13:15:00+05:30,41022.2,41038.0,40937.2,40969.2,0,0
2022-02-18 13:45:00+05:30,40968.1,40994.6,40866.45,40869.7,0,0
2022-02-18 14:15:00+05:30,40869.95,40871.5,40702.0,40717.25,0,0
2022-02-18 14:45:00+05:30,40717.85,40795.35,40667.95,40698.55,0,0
2022-02-18 15:15:00+05:30,40707.25,40723.85,40651.65,40686.85,0,0
2022-02-21 09:15:00+05:30,40537.95,40538.65,40013.15,40109.95,0,0
2022-02-21 09:45:00+05:30,40109.55,40240.5,40068.1,40164.55,0,0
2022-02-21 10:15:00+05:30,40166.2,40328.35,40098.45,40311.95,0,0
2022-02-21 10:45:00+05:30,40314.15,40452.0,40292.25,40448.25,0,0
2022-02-21 11:15:00+05:30,40447.0,40565.05,40434.65,40532.85,0,0
2022-02-21 11:45:00+05:30,40530.55,40625.9,40527.7,40603.25,0,0
2022-02-21 12:15:00+05:30,40604.0,40650.05,40486.3,40571.85,0,0
2022-02-21 12:45:00+05:30,40571.9,40631.6,40542.8,40624.25,0,0
2022-02-21 13:15:00+05:30,40627.15,40636.7,40431.25,40496.2,0,0
2022-02-21 13:45:00+05:30,40497.0,40521.45,40343.2,40351.35,0,0
2022-02-21 14:15:00+05:30,40350.4,40411.6,40224.45,40276.3,0,0
2022-02-21 14:45:00+05:30,40271.65,40384.3,40171.15,40175.65,0,0
2022-02-21 15:15:00+05:30,40176.25,40185.95,40079.0,40133.8,0,0
2022-02-22 09:15:00+05:30,39289.15,39607.75,39226.75,39330.05,0,0
2022-02-22 09:45:00+05:30,39328.95,39726.3,39290.45,39673.5,0,0
2022-02-22 10:15:00+05:30,39672.65,39765.5,39667.15,39697.6,0,0
2022-02-22 10:45:00+05:30,39696.15,39889.7,39693.55,39867.7,0,0
2022-02-22 11:15:00+05:30,39867.55,39921.15,39838.6,39916.6,0,0
2022-02-22 11:45:00+05:30,39916.0,39938.55,39792.15,39837.35,0,0
2022-02-22 12:15:00+05:30,39838.05,39871.6,39800.0,39821.7,0,0
2022-02-22 12:45:00+05:30,39811.9,39821.1,39579.4,39636.75,0,0
2022-02-22 13:15:00+05:30,39635.95,39655.05,39483.05,39515.2,0,0
2022-02-22 13:45:00+05:30,39515.45,39844.65,39515.45,39844.05,0,0
2022-02-22 14:15:00+05:30,39843.2,40037.2,39792.45,39955.45,0,0
2022-02-22 14:45:00+05:30,39956.85,40131.95,39924.65,40110.1,0,0
2022-02-22 15:15:00+05:30,40105.0,40165.4,40069.95,40078.6,0,0
2022-02-23 09:15:00+05:30,40318.3,40532.95,40318.3,40484.3,0,0
2022-02-23 09:45:00+05:30,40483.2,40570.95,40432.6,40448.15,0,0
2022-02-23 10:15:00+05:30,40449.6,40541.15,40449.6,40487.4,0,0
2022-02-23 10:45:00+05:30,40488.0,40604.3,40482.9,40600.1,0,0
2022-02-23 11:15:00+05:30,40602.15,40632.4,40557.85,40576.1,0,0
2022-02-23 11:45:00+05:30,40578.25,40593.5,40527.7,40537.9,0,0
2022-02-23 12:15:00+05:30,40538.1,40559.2,40426.55,40432.85,0,0
2022-02-23 12:45:00+05:30,40436.15,40549.3,40422.1,40535.7,0,0
2022-02-23 13:15:00+05:30,40533.95,40584.9,40500.75,40516.9,0,0
2022-02-23 13:45:00+05:30,40515.75,40523.9,40411.05,40493.8,0,0
2022-02-23 14:15:00+05:30,40497.4,40505.3,40350.95,40388.95,0,0
2022-02-23 14:45:00+05:30,40388.2,40499.5,40388.2,40431.05,0,0
2022-02-23 15:15:00+05:30,40431.75,40479.5,40388.75,40445.65,0,0
2022-02-24 09:15:00+05:30,39060.05,39446.75,39028.7,39029.15,0,0
2022-02-24 09:45:00+05:30,39022.95,39176.4,38786.5,39170.4,0,0
2022-02-24 10:15:00+05:30,39176.25,39266.8,39124.45,39223.8,0,0
2022-02-24 10:45:00+05:30,39220.0,39231.95,39096.1,39120.55,0,0
2022-02-24 11:15:00+05:30,39122.1,39242.15,39114.35,39190.85,0,0
2022-02-24 11:45:00+05:30,39192.8,39192.8,38890.85,38962.3,0,0
2022-02-24 12:15:00+05:30,38958.55,38972.7,38701.2,38706.7,0,0
2022-02-24 12:45:00+05:30,38707.0,38723.45,38463.1,38722.35,0,0
2022-02-24 13:15:00+05:30,38724.55,38730.4,38388.85,38389.0,0,0
2022-02-24 13:45:00+05:30,38389.85,38739.85,38373.5,38574.8,0,0
2022-02-24 14:15:00+05:30,38571.15,38596.6,38359.3,38447.4,0,0
2022-02-24 14:45:00+05:30,38444.95,38460.25,38142.6,38245.15,0,0
2022-02-24 15:15:00+05:30,38246.7,38261.4,38085.1,38130.0,0,0
2022-02-25 09:15:00+05:30,38873.35,39524.4,38852.65,39493.65,0,0
2022-02-25 09:45:00+05:30,39496.2,39566.8,39394.1,39489.7,0,0
2022-02-25 10:15:00+05:30,39490.0,39715.05,39450.3,39701.25,0,0
2022-02-25 10:45:00+05:30,39698.9,39726.25,39616.3,39635.7,0,0
2022-02-25 11:15:00+05:30,39633.95,39717.65,39615.65,39697.95,0,0
2022-02-25 11:45:00+05:30,39699.7,39754.2,39495.8,39502.7,0,0
2022-02-25 12:15:00+05:30,39499.1,39608.65,39383.0,39491.35,0,0
2022-02-25 12:45:00+05:30,39492.2,39580.9,39463.55,39543.9,0,0
2022-02-25 13:15:00+05:30,39546.2,39550.4,39380.85,39455.15,0,0
2022-02-25 13:45:00+05:30,39458.95,39504.45,39375.4,39476.65,0,0
2022-02-25 14:15:00+05:30,39474.05,39579.95,39398.0,39487.4,0,0
2022-02-25 14:45:00+05:30,39485.2,39634.1,39485.2,39624.35,0,0
2022-02-25 15:15:00+05:30,39624.9,39669.9,39589.7,39608.5,0,0
2022-02-28 09:15:00+05:30,39328.3,39364.95,38920.1,39256.35,0,0
2022-02-28 09:45:00+05:30,39258.2,39261.25,39053.4,39176.05,0,0
2022-02-28 10:15:00+05:30,39180.4,39409.9,39157.55,39405.2,0,0
2022-02-28 10:45:00+05:30,39407.65,39599.0,39407.5,39595.35,0,0
2022-02-28 11:15:00+05:30,39599.95,39722.25,39567.3,39595.85,0,0
2022-02-28 11:45:00+05:30,39596.05,39794.45,39587.9,39696.7,0,0
2022-02-28 12:15:00+05:30,39700.5,39803.75,39653.25,39690.3,0,0
2022-02-28 12:45:00+05:30,39690.45,39825.1,39658.4,39775.9,0,0
2022-02-28 13:15:00+05:30,39777.35,39841.5,39696.15,39809.85,0,0
2022-02-28 13:45:00+05:30,39812.15,39834.9,39632.45,39767.35,0,0
2022-02-28 14:15:00+05:30,39767.9,39862.4,39721.55,39852.0,0,0
2022-02-28 14:45:00+05:30,39851.5,40060.35,39820.9,40043.45,0,0
2022-02-28 15:15:00+05:30,40044.35,40102.9,40016.75,40039.95,0,0
2022-03-02 09:15:00+05:30,39798.85,40265.7,39696.35,40190.15,0,0
2022-03-02 09:45:00+05:30,40192.1,40265.15,40060.15,40148.45,0,0
2022-03-02 10:15:00+05:30,40150.05,40218.25,40076.1,40079.15,0,0
2022-03-02 10:45:00+05:30,40075.1,40157.4,40060.65,40121.2,0,0
2022-03-02 11:15:00+05:30,40125.4,40200.1,40106.45,40108.2,0,0
2022-03-02 11:45:00+05:30,40109.25,40153.6,39975.2,39981.8,0,0
2022-03-02 12:15:00+05:30,39983.2,40036.05,39873.05,39913.05,0,0
2022-03-02 12:45:00+05:30,39911.0,40040.45,39840.45,40017.7,0,0
2022-03-02 13:15:00+05:30,40020.45,40044.05,39952.95,39981.85,0,0
2022-03-02 13:45:00+05:30,39983.5,40015.05,39919.55,39919.55,0,0
2022-03-02 14:15:00+05:30,39917.4,39963.6,39813.4,39956.1,0,0
2022-03-02 14:45:00+05:30,39956.3,40081.0,39892.25,40061.65,0,0
2022-03-02 15:15:00+05:30,40059.55,40122.95,40047.45,40066.2,0,0
2022-03-03 09:15:00+05:30,40599.8,40644.9,40307.45,40317.75,0,0
2022-03-03 09:45:00+05:30,40317.15,40388.5,40277.9,40373.4,0,0
2022-03-03 10:15:00+05:30,40374.1,40392.9,40296.75,40313.65,0,0
2022-03-03 10:45:00+05:30,40315.0,40342.05,40257.95,40333.35,0,0
2022-03-03 11:15:00+05:30,40333.1,40366.1,40306.95,40323.05,0,0
2022-03-03 11:45:00+05:30,40324.25,40367.5,40300.6,40355.6,0,0
2022-03-03 12:15:00+05:30,40355.2,40357.8,40118.4,40182.0,0,0
2022-03-03 12:45:00+05:30,40181.8,40225.75,40059.95,40114.4,0,0
2022-03-03 13:15:00+05:30,40112.75,40149.65,39983.8,40147.25,0,0
2022-03-03 13:45:00+05:30,40151.75,40225.55,40023.4,40055.9,0,0
2022-03-03 14:15:00+05:30,40055.1,40133.85,39975.5,40118.9,0,0
2022-03-03 14:45:00+05:30,40115.75,40120.65,39916.65,40049.2,0,0
2022-03-03 15:15:00+05:30,40047.9,40083.45,39955.8,39991.5,0,0
2022-03-04 09:15:00+05:30,39779.8,39830.15,39485.25,39565.6,0,0
2022-03-04 09:45:00+05:30,39564.55,39618.9,39257.5,39258.35,0,0
2022-03-04 10:15:00+05:30,39255.05,39288.2,39055.15,39154.7,0,0
2022-03-04 10:45:00+05:30,39154.85,39283.1,38995.05,39032.7,0,0
2022-03-04 11:15:00+05:30,39035.05,39225.5,39012.05,39146.9,0,0
2022-03-04 11:45:00+05:30,39145.7,39257.45,39125.8,39216.35,0,0
2022-03-04 12:15:00+05:30,39212.9,39363.1,39143.15,39360.9,0,0
2022-03-04 12:45:00+05:30,39361.95,39516.45,39333.45,39469.35,0,0
2022-03-04 13:15:00+05:30,39468.35,39629.15,39451.0,39550.05,0,0
2022-03-04 13:45:00+05:30,39553.85,39589.4,39345.3,39351.35,0,0
2022-03-04 14:15:00+05:30,39350.85,39450.8,39224.7,39227.4,0,0
2022-03-04 14:45:00+05:30,39227.65,39291.6,39024.9,39027.1,0,0
2022-03-04 15:15:00+05:30,39027.2,39047.8,38982.75,39024.75,0,0
2022-03-07 09:15:00+05:30,38404.15,38405.15,37953.8,37986.95,0,0
2022-03-07 09:45:00+05:30,37986.95,38002.85,37889.9,37920.4,0,0
2022-03-07 10:45:00+05:30,38391.55,38391.55,37770.3,38320.7,0,0
2022-03-07 11:15:00+05:30,38319.9,38425.45,38316.7,38383.65,0,0
2022-03-07 11:45:00+05:30,38382.25,38388.3,38170.4,38170.4,0,0
2022-03-07 12:15:00+05:30,38172.0,38231.85,38158.65,38202.3,0,0
2022-03-07 12:45:00+05:30,38202.9,38262.05,38004.05,38010.25,0,0
2022-03-07 13:15:00+05:30,38007.4,38088.8,37960.5,38034.9,0,0
2022-03-07 13:45:00+05:30,38038.15,38063.15,37805.35,37811.8,0,0
2022-03-07 14:15:00+05:30,37809.25,37925.75,37713.4,37920.1,0,0
2022-03-07 14:45:00+05:30,37922.25,38068.35,37902.75,38029.05,0,0
2022-03-07 15:15:00+05:30,38033.1,38063.55,37996.2,38003.1,0,0
2022-03-08 09:15:00+05:30,38087.65,38418.7,38074.45,38110.5,0,0
2022-03-08 09:45:00+05:30,38105.5,38340.45,38105.5,38288.85,0,0
2022-03-08 10:15:00+05:30,38287.5,38348.65,38123.9,38227.1,0,0
2022-03-08 10:45:00+05:30,38227.95,38243.15,38098.6,38188.45,0,0
2022-03-08 11:15:00+05:30,38185.45,38192.35,37950.0,38000.65,0,0
2022-03-08 11:45:00+05:30,37997.35,38007.4,37818.75,37895.25,0,0
2022-03-08 12:15:00+05:30,37892.2,37983.35,37766.3,37872.95,0,0
2022-03-08 12:45:00+05:30,37875.8,37942.55,37694.8,37828.9,0,0
2022-03-08 13:15:00+05:30,37830.55,37942.45,37673.65,37939.4,0,0
2022-03-08 13:45:00+05:30,37941.25,38194.45,37888.8,38111.7,0,0
2022-03-08 14:15:00+05:30,38110.45,38346.85,38043.15,38341.8,0,0
2022-03-08 14:45:00+05:30,38343.65,38586.55,38332.8,38568.15,0,0
2022-03-08 15:15:00+05:30,38565.1,38670.0,38561.85,38590.75,0,0
2022-03-09 09:15:00+05:30,38905.35,38905.35,38692.95,38843.35,0,0
2022-03-09 09:45:00+05:30,38842.3,38900.55,38713.1,38820.0,0,0
2022-03-09 10:15:00+05:30,38821.1,38880.55,38791.85,38859.15,0,0
2022-03-09 10:45:00+05:30,38861.1,38906.75,38813.85,38825.7,0,0
2022-03-09 11:15:00+05:30,38825.7,38838.75,38769.85,38812.75,0,0
2022-03-09 11:45:00+05:30,38811.9,38901.0,38778.7,38875.4,0,0
2022-03-09 12:15:00+05:30,38873.95,39026.0,38873.05,38998.55,0,0
2022-03-09 12:45:00+05:30,38997.5,39130.8,38997.05,39111.4,0,0
2022-03-09 13:15:00+05:30,39109.15,39191.75,39038.25,39166.7,0,0
2022-03-09 13:45:00+05:30,39167.1,39252.45,39138.2,39233.55,0,0
2022-03-09 14:15:00+05:30,39234.25,39311.85,39223.8,39232.0,0,0
2022-03-09 14:45:00+05:30,39232.35,39352.95,39092.0,39117.15,0,0
2022-03-09 15:15:00+05:30,39117.75,39183.15,39073.1,39170.35,0,0
2022-03-10 09:15:00+05:30,39959.5,39959.5,39698.25,39698.25,0,0
2022-03-10 09:45:00+05:30,39692.85,39921.65,39691.3,39914.2,0,0
2022-03-10 10:15:00+05:30,39914.45,39994.0,39914.3,39915.75,0,0
2022-03-10 10:45:00+05:30,39917.45,40051.15,39897.45,40045.55,0,0
2022-03-10 11:15:00+05:30,40045.9,40058.65,39958.9,40051.95,0,0
2022-03-10 11:45:00+05:30,40052.75,40059.2,39974.75,39985.25,0,0
2022-03-10 12:15:00+05:30,39984.55,40032.65,39880.05,39892.8,0,0
2022-03-10 12:45:00+05:30,39891.95,39906.7,39798.3,39883.3,0,0
2022-03-10 13:15:00+05:30,39882.45,39954.2,39787.85,39793.6,0,0
2022-03-10 13:45:00+05:30,39797.0,39853.75,39591.65,39747.4,0,0
2022-03-10 14:15:00+05:30,39748.05,39910.45,39690.0,39878.6,0,0
2022-03-10 14:45:00+05:30,39877.25,39940.65,39832.1,39918.0,0,0
2022-03-10 15:15:00+05:30,39920.9,39928.5,39827.45,39837.0,0,0
2022-03-11 09:15:00+05:30,39813.5,40047.5,39700.4,40004.2,0,0
2022-03-11 09:45:00+05:30,40001.7,40027.3,39882.25,39883.45,0,0
2022-03-11 10:15:00+05:30,39882.6,39913.45,39750.3,39786.15,0,0
2022-03-11 10:45:00+05:30,39786.15,39952.25,39753.25,39914.1,0,0
2022-03-11 11:15:00+05:30,39916.0,39996.15,39881.85,39975.75,0,0
2022-03-11 11:45:00+05:30,39976.05,40026.5,39937.95,39993.15,0,0
2022-03-11 12:15:00+05:30,39992.05,40033.85,39957.25,40014.7,0,0
2022-03-11 12:45:00+05:30,40015.5,40042.15,39894.75,39943.9,0,0
2022-03-11 13:15:00+05:30,39942.35,40029.9,39931.4,39945.15,0,0
2022-03-11 13:45:00+05:30,39943.1,39994.6,39894.05,39979.75,0,0
2022-03-11 14:15:00+05:30,39981.25,40045.35,39958.95,40042.75,0,0
2022-03-11 14:45:00+05:30,40044.0,40127.4,40032.95,40087.9,0,0
2022-03-11 15:15:00+05:30,40087.8,40120.85,40061.45,40079.2,0,0
2022-03-14 09:15:00+05:30,40121.45,40202.1,39734.15,39764.95,0,0
2022-03-14 09:45:00+05:30,39761.8,39877.1,39678.4,39781.15,0,0
2022-03-14 10:15:00+05:30,39785.75,39797.6,39675.0,39763.75,0,0
2022-03-14 10:45:00+05:30,39761.7,39800.8,39688.7,39751.7,0,0
2022-03-14 11:15:00+05:30,39750.6,39789.65,39725.4,39731.8,0,0
2022-03-14 11:45:00+05:30,39731.65,39749.4,39679.6,39697.8,0,0
2022-03-14 12:15:00+05:30,39697.25,39754.05,39649.65,39729.25,0,0
2022-03-14 12:45:00+05:30,39731.2,39797.15,39700.75,39781.3,0,0
2022-03-14 13:15:00+05:30,39779.55,39834.25,39744.45,39811.35,0,0
2022-03-14 13:45:00+05:30,39814.45,39901.2,39802.75,39896.25,0,0
2022-03-14 14:15:00+05:30,39894.05,39958.4,39887.1,39939.35,0,0
2022-03-14 14:45:00+05:30,39940.1,39988.1,39934.5,39953.6,0,0
2022-03-14 15:15:00+05:30,39953.7,39959.6,39890.1,39929.15,0,0
2022-03-15 09:15:00+05:30,40028.3,40157.95,39978.1,40084.95,0,0
2022-03-15 09:45:00+05:30,40084.1,40131.9,39999.2,40097.1,0,0
2022-03-15 10:15:00+05:30,40099.15,40168.6,40079.3,40118.15,0,0
2022-03-15 10:45:00+05:30,40118.85,40161.85,40089.4,40146.55,0,0
2022-03-15 11:15:00+05:30,40147.7,40159.45,40056.05,40061.65,0,0
2022-03-15 11:45:00+05:30,40060.35,40138.1,40059.95,40111.45,0,0
2022-03-15 12:15:00+05:30,40109.5,40112.45,39812.75,39841.3,0,0
2022-03-15 12:45:00+05:30,39844.5,39878.7,39735.45,39737.4,0,0
2022-03-15 13:15:00+05:30,39737.2,39742.35,39602.5,39683.05,0,0
2022-03-15 13:45:00+05:30,39685.75,39691.25,39494.65,39551.35,0,0
2022-03-15 14:15:00+05:30,39549.3,39551.15,39305.5,39437.5,0,0
2022-03-15 14:45:00+05:30,39440.05,39621.95,39425.75,39598.7,0,0
2022-03-15 15:15:00+05:30,39600.75,39602.75,39502.75,39527.85,0,0
2022-03-16 09:15:00+05:30,40015.35,40132.25,40006.25,40111.05,0,0
2022-03-16 09:45:00+05:30,40115.55,40163.95,40022.2,40034.2,0,0
2022-03-16 10:15:00+05:30,40036.0,40145.95,40032.85,40137.1,0,0
2022-03-16 10:45:00+05:30,40137.15,40229.5,40115.45,40220.75,0,0
2022-03-16 11:15:00+05:30,40218.85,40268.2,40213.75,40251.55,0,0
2022-03-16 11:45:00+05:30,40249.8,40283.0,40227.05,40279.0,0,0
2022-03-16 12:15:00+05:30,40278.8,40335.3,40247.6,40334.65,0,0
2022-03-16 12:45:00+05:30,40334.65,40345.0,40231.55,40233.3,0,0
2022-03-16 13:15:00+05:30,40234.25,40356.75,40196.45,40323.4,0,0
2022-03-16 13:45:00+05:30,40322.9,40376.6,40308.5,40316.3,0,0
2022-03-16 14:15:00+05:30,40316.35,40392.1,40306.8,40373.0,0,0
2022-03-16 14:45:00+05:30,40374.75,40483.85,40347.6,40470.75,0,0
2022-03-16 15:15:00+05:30,40470.75,40491.5,40418.75,40434.35,0,0
2022-03-17 09:15:00+05:30,40906.6,40942.95,40824.5,40939.5,0,0
2022-03-17 09:45:00+05:30,40939.45,40976.45,40920.05,40923.4,0,0
2022-03-17 10:15:00+05:30,40925.0,40951.1,40869.65,40916.55,0,0
2022-03-17 10:45:00+05:30,40915.8,40950.05,40883.85,40919.45,0,0
2022-03-17 11:15:00+05:30,40919.15,40957.55,40893.25,40946.75,0,0
2022-03-17 11:45:00+05:30,40947.15,40973.9,40924.5,40949.25,0,0
2022-03-17 12:15:00+05:30,40952.0,40997.6,40933.9,40994.1,0,0
2022-03-17 12:45:00+05:30,40993.45,41017.6,40962.1,41015.9,0,0
2022-03-17 13:15:00+05:30,41015.9,41037.1,40988.75,41003.65,0,0
2022-03-17 13:45:00+05:30,41001.75,41062.0,40969.5,40996.2,0,0
2022-03-17 14:15:00+05:30,40995.4,41050.15,40983.1,41009.15,0,0
2022-03-17 14:45:00+05:30,41008.9,41064.6,40948.9,41042.65,0,0
2022-03-17 15:15:00+05:30,41040.45,41123.4,41026.05,41110.25,0,0
2022-03-21 09:15:00+05:30,41183.6,41221.45,40880.0,41022.0,0,0
2022-03-21 09:45:00+05:30,41021.25,41044.75,40883.5,40900.5,0,0
2022-03-21 10:15:00+05:30,40900.9,40962.9,40831.8,40957.0,0,0
2022-03-21 10:45:00+05:30,40955.4,41024.95,40936.35,40973.3,0,0
2022-03-21 11:15:00+05:30,40974.1,41021.95,40954.3,40972.85,0,0
2022-03-21 11:45:00+05:30,40970.8,40977.05,40905.6,40910.35,0,0
2022-03-21 12:15:00+05:30,40910.8,40993.45,40782.3,40793.1,0,0
2022-03-21 12:45:00+05:30,40789.5,40830.05,40694.1,40714.75,0,0
2022-03-21 13:15:00+05:30,40717.35,40786.1,40677.3,40753.95,0,0
2022-03-21 13:45:00+05:30,40754.55,40794.3,40727.55,40770.85,0,0
2022-03-21 14:15:00+05:30,40772.2,40782.35,40571.6,40608.3,0,0
2022-03-21 14:45:00+05:30,40610.55,40624.6,40518.85,40528.25,0,0
2022-03-21 15:15:00+05:30,40528.55,40542.25,40436.15,40481.4,0,0
2022-03-22 09:15:00+05:30,40554.35,40555.55,40208.65,40239.8,0,0
2022-03-22 09:45:00+05:30,40237.6,40276.9,40107.65,40107.65,0,0
2022-03-22 10:15:00+05:30,40107.35,40107.35,39984.25,39991.5,0,0
2022-03-22 10:45:00+05:30,39990.9,40188.95,39973.7,40179.65,0,0
2022-03-22 11:15:00+05:30,40180.0,40216.5,40081.4,40108.9,0,0
2022-03-22 11:45:00+05:30,40109.15,40113.0,39996.95,40055.2,0,0
2022-03-22 12:15:00+05:30,40058.3,40242.05,40025.65,40240.15,0,0
2022-03-22 12:45:00+05:30,40241.15,40383.0,40241.15,40383.0,0,0
2022-03-22 13:15:00+05:30,40382.55,40478.5,40342.6,40464.0,0,0
2022-03-22 13:45:00+05:30,40462.4,40572.65,40438.05,40523.8,0,0
2022-03-22 14:15:00+05:30,40525.65,40551.1,40412.7,40499.2,0,0
2022-03-22 14:45:00+05:30,40498.65,40586.25,40497.55,40559.65,0,0
2022-03-22 15:15:00+05:30,40560.55,40616.9,40535.0,40604.1,0,0
2022-03-23 09:15:00+05:30,40838.95,40922.6,40729.8,40763.4,0,0
2022-03-23 09:45:00+05:30,40763.95,40790.55,40606.75,40716.55,0,0
2022-03-23 10:15:00+05:30,40719.25,40806.75,40658.55,40799.45,0,0
2022-03-23 10:45:00+05:30,40799.35,40836.55,40688.15,40715.0,0,0
2022-03-23 11:15:00+05:30,40716.45,40779.4,40695.45,40698.95,0,0
2022-03-23 11:45:00+05:30,40700.35,40750.05,40544.15,40635.2,0,0
2022-03-23 12:15:00+05:30,40636.6,40696.65,40568.05,40596.65,0,0
2022-03-23 12:45:00+05:30,40597.25,40687.75,40580.65,40642.3,0,0
2022-03-23 13:15:00+05:30,40642.05,40744.05,40608.65,40687.0,0,0
2022-03-23 13:45:00+05:30,40686.25,40701.0,40546.9,40659.45,0,0
2022-03-23 14:15:00+05:30,40661.0,40749.35,40630.85,40658.7,0,0
2022-03-23 14:45:00+05:30,40657.85,40747.1,40638.8,40675.8,0,0
2022-03-23 15:15:00+05:30,40673.45,40679.1,40584.25,40618.5,0,0
2022-03-24 09:15:00+05:30,40505.1,40790.4,40450.5,40739.7,0,0
2022-03-24 09:45:00+05:30,40738.35,40810.5,40667.95,40796.05,0,0
2022-03-24 10:15:00+05:30,40795.4,40798.6,40655.4,40722.0,0,0
2022-03-24 10:45:00+05:30,40721.55,40803.55,40704.45,40800.25,0,0
2022-03-24 11:15:00+05:30,40796.45,40818.75,40765.7,40787.85,0,0
2022-03-24 11:45:00+05:30,40787.95,40792.15,40672.05,40683.2,0,0
2022-03-24 12:15:00+05:30,40682.05,40687.0,40610.8,40674.1,0,0
2022-03-24 12:45:00+05:30,40675.8,40705.65,40627.5,40628.2,0,0
2022-03-24 13:15:00+05:30,40628.3,40698.55,40624.05,40654.45,0,0
2022-03-24 13:45:00+05:30,40651.6,40734.6,40637.5,40718.1,0,0
2022-03-24 14:15:00+05:30,40718.0,40738.65,40672.1,40724.8,0,0
2022-03-24 14:45:00+05:30,40726.25,40807.2,40716.45,40716.45,0,0
2022-03-24 15:15:00+05:30,40721.4,40748.8,40693.2,40710.9,0,0
2022-03-25 09:15:00+05:30,40959.2,40971.4,40801.3,40886.15,0,0
2022-03-25 09:45:00+05:30,40885.6,40932.2,40805.1,40815.6,0,0
2022-03-25 10:15:00+05:30,40815.0,40849.15,40789.7,40844.0,0,0
2022-03-25 10:45:00+05:30,40843.95,40880.85,40797.4,40860.6,0,0
2022-03-25 11:15:00+05:30,40861.25,40877.25,40833.8,40861.2,0,0
2022-03-25 11:45:00+05:30,40862.25,40865.7,40671.7,40687.5,0,0
2022-03-25 12:15:00+05:30,40686.65,40768.95,40672.0,40760.1,0,0
2022-03-25 12:45:00+05:30,40760.75,40774.0,40699.65,40717.2,0,0
2022-03-25 13:15:00+05:30,40717.55,40753.7,40642.0,40645.65,0,0
2022-03-25 13:45:00+05:30,40643.4,40643.4,40473.0,40543.5,0,0
2022-03-25 14:15:00+05:30,40541.6,40687.0,40534.6,40623.45,0,0
2022-03-25 14:45:00+05:30,40621.45,40759.7,40591.9,40744.35,0,0
2022-03-25 15:15:00+05:30,40745.75,40824.05,40738.75,40778.8,0,0
2022-03-28 09:15:00+05:30,40903.2,40908.25,40537.45,40547.7,0,0
2022-03-28 09:45:00+05:30,40545.65,40545.65,40421.0,40437.4,0,0
2022-03-28 10:15:00+05:30,40436.95,40436.95,40302.75,40356.2,0,0
2022-03-28 10:45:00+05:30,40354.5,40433.55,40353.35,40419.6,0,0
2022-03-28 11:15:00+05:30,40419.45,40440.65,40332.35,40364.3,0,0
2022-03-28 11:45:00+05:30,40362.75,40370.9,40262.3,40350.05,0,0
2022-03-28 12:15:00+05:30,40353.7,40524.8,40353.7,40502.65,0,0
2022-03-28 12:45:00+05:30,40504.0,40661.6,40503.1,40656.0,0,0
2022-03-28 13:15:00+05:30,40655.2,40664.65,40457.4,40505.6,0,0
2022-03-28 13:45:00+05:30,40506.05,40562.05,40492.65,40515.0,0,0
2022-03-28 14:15:00+05:30,40512.3,40573.9,40500.75,40523.2,0,0
2022-03-28 14:45:00+05:30,40522.45,40652.65,40487.45,40620.5,0,0
2022-03-28 15:15:00+05:30,40619.85,40639.55,40598.05,40607.4,0,0
2022-03-29 09:15:00+05:30,40828.15,40895.05,40729.8,40821.95,0,0
2022-03-29 09:45:00+05:30,40821.0,40849.6,40710.55,40759.2,0,0
2022-03-29 10:15:00+05:30,40758.75,40831.5,40754.95,40811.8,0,0
2022-03-29 10:45:00+05:30,40812.6,40869.55,40798.95,40830.25,0,0
2022-03-29 11:15:00+05:30,40828.6,40846.75,40713.1,40740.1,0,0
2022-03-29 11:45:00+05:30,40741.4,40767.4,40689.45,40764.55,0,0
2022-03-29 12:15:00+05:30,40762.1,40785.25,40743.9,40758.7,0,0
2022-03-29 12:45:00+05:30,40758.0,40821.9,40718.0,40749.9,0,0
2022-03-29 13:15:00+05:30,40750.0,40807.35,40684.15,40782.35,0,0
2022-03-29 13:45:00+05:30,40781.05,40842.1,40760.3,40807.2,0,0
2022-03-29 14:15:00+05:30,40807.45,40833.25,40746.5,40793.25,0,0
2022-03-29 14:45:00+05:30,40792.65,40833.6,40776.85,40808.5,0,0
2022-03-29 15:15:00+05:30,40803.05,40839.4,40784.25,40789.0,0,0
2022-03-30 09:15:00+05:30,41106.75,41116.6,40970.35,41045.1,0,0
2022-03-30 09:45:00+05:30,41044.7,41095.55,41030.85,41088.5,0,0
2022-03-30 10:15:00+05:30,41086.85,41098.2,41044.15,41084.7,0,0
2022-03-30 10:45:00+05:30,41085.1,41107.6,41031.6,41095.25,0,0
2022-03-30 11:15:00+05:30,41097.55,41152.5,41095.7,41140.05,0,0
2022-03-30 11:45:00+05:30,41139.45,41182.25,41132.2,41135.4,0,0
2022-03-30 12:15:00+05:30,41136.05,41206.6,41104.0,41196.0,0,0
2022-03-30 12:45:00+05:30,41197.95,41241.3,41159.75,41235.55,0,0
2022-03-30 13:15:00+05:30,41237.7,41272.8,41200.4,41227.0,0,0
2022-03-30 13:45:00+05:30,41227.1,41322.85,41182.8,41318.5,0,0
2022-03-30 14:15:00+05:30,41321.0,41376.0,41250.75,41251.5,0,0
2022-03-30 14:45:00+05:30,41253.1,41332.2,40996.35,41004.25,0,0
2022-03-30 15:15:00+05:30,41003.15,41026.4,40901.0,40920.0,0,0
2022-03-31 09:15:00+05:30,41177.0,41278.8,41114.75,41237.1,0,0
2022-03-31 09:45:00+05:30,41237.85,41283.25,41201.4,41254.05,0,0
2022-03-31 10:15:00+05:30,41253.5,41310.25,41235.75,41282.9,0,0
2022-03-31 10:45:00+05:30,41285.55,41325.8,41265.9,41325.8,0,0
2022-03-31 11:15:00+05:30,41323.95,41344.4,41279.0,41279.2,0,0
2022-03-31 11:45:00+05:30,41278.75,41283.0,41229.8,41277.05,0,0
2022-03-31 12:15:00+05:30,41276.2,41293.9,41252.45,41261.55,0,0
2022-03-31 12:45:00+05:30,41263.4,41288.0,41239.35,41254.9,0,0
2022-03-31 13:15:00+05:30,41254.9,41262.9,41159.75,41173.95,0,0
2022-03-31 13:45:00+05:30,41174.4,41174.4,41061.0,41069.45,0,0
2022-03-31 14:15:00+05:30,41066.55,41147.35,40984.8,41013.8,0,0
2022-03-31 14:45:00+05:30,41013.9,41151.4,41004.65,41096.6,0,0
2022-03-31 15:15:00+05:30,41095.05,41150.05,41081.25,41131.9,0,0
2022-04-01 09:15:00+05:30,41236.35,41425.75,41179.8,41420.85,0,0
2022-04-01 09:45:00+05:30,41418.3,41497.8,41391.55,41468.65,0,0
2022-04-01 10:15:00+05:30,41470.05,41507.95,41458.35,41484.6,0,0
2022-04-01 10:45:00+05:30,41484.05,41508.1,41426.6,41482.75,0,0
2022-04-01 11:15:00+05:30,41480.85,41484.65,41401.25,41418.7,0,0
2022-04-01 11:45:00+05:30,41420.5,41491.5,41415.35,41485.0,0,0
2022-04-01 12:15:00+05:30,41487.0,41492.8,41451.05,41483.75,0,0
2022-04-01 12:45:00+05:30,41484.1,41490.1,41435.35,41437.0,0,0
2022-04-01 13:15:00+05:30,41436.65,41489.35,41428.25,41470.9,0,0
2022-04-01 13:45:00+05:30,41471.45,41529.35,41444.4,41509.2,0,0
2022-04-01 14:15:00+05:30,41509.3,41577.1,41506.35,41574.65,0,0
2022-04-01 14:45:00+05:30,41576.7,41774.05,41558.3,41771.45,0,0
2022-04-01 15:15:00+05:30,41771.4,41822.75,41742.6,41748.1,0,0
2022-04-04 09:15:00+05:30,41912.0,42132.35,41906.55,42063.25,0,0
2022-04-04 09:45:00+05:30,42065.65,42090.7,42022.0,42024.65,0,0
2022-04-04 10:15:00+05:30,42019.95,42056.4,41997.3,42037.3,0,0
2022-04-04 10:45:00+05:30,42036.65,42114.8,42015.25,42058.0,0,0
2022-04-04 11:15:00+05:30,42058.25,42147.2,42055.8,42084.75,0,0
2022-04-04 11:45:00+05:30,42085.45,42110.55,42034.5,42039.15,0,0
2022-04-04 12:15:00+05:30,42039.3,42100.2,42015.15,42083.1,0,0
2022-04-04 12:45:00+05:30,42082.05,42148.75,42056.8,42141.45,0,0
2022-04-04 13:15:00+05:30,42140.35,42253.85,42131.5,42232.75,0,0
2022-04-04 13:45:00+05:30,42232.5,42275.2,42216.2,42263.55,0,0
2022-04-04 14:15:00+05:30,42263.1,42335.45,42263.1,42320.9,0,0
2022-04-04 14:45:00+05:30,42322.5,42421.65,42277.55,42405.55,0,0
2022-04-04 15:15:00+05:30,42405.2,42446.55,42388.25,42424.25,0,0
2022-04-05 09:15:00+05:30,42628.2,42652.75,42457.1,42507.0,0,0
2022-04-05 09:45:00+05:30,42508.25,42780.8,42485.55,42740.65,0,0
2022-04-05 10:15:00+05:30,42741.75,42865.25,42729.1,42752.7,0,0
2022-04-05 10:45:00+05:30,42754.0,42831.8,42750.4,42781.7,0,0
2022-04-05 11:15:00+05:30,42781.15,42799.65,42739.75,42765.1,0,0
2022-04-05 11:45:00+05:30,42763.8,42845.15,42757.2,42843.6,0,0
2022-04-05 12:15:00+05:30,42844.4,42877.25,42802.35,42862.95,0,0
2022-04-05 12:45:00+05:30,42861.6,42959.4,42860.45,42959.4,0,0
2022-04-05 13:15:00+05:30,42959.8,42998.4,42900.2,42964.1,0,0
2022-04-05 13:45:00+05:30,42965.65,42982.6,42753.55,42831.85,0,0
2022-04-05 14:15:00+05:30,42832.7,42937.3,42824.45,42900.65,0,0
2022-04-05 14:45:00+05:30,42902.65,42906.85,42749.25,42757.6,0,0
2022-04-05 15:15:00+05:30,42755.95,42768.1,42665.45,42689.15,0,0
2022-04-06 09:15:00+05:30,42636.05,42823.0,42494.3,42785.15,0,0
2022-04-06 09:45:00+05:30,42787.3,42805.0,42662.5,42803.55,0,0
2022-04-06 10:15:00+05:30,42803.4,42881.95,42759.55,42832.65,0,0
2022-04-06 10:45:00+05:30,42832.05,42874.05,42815.1,42866.3,0,0
2022-04-06 11:15:00+05:30,42864.35,42896.25,42838.0,42868.35,0,0
2022-04-06 11:45:00+05:30,42868.9,42949.8,42861.75,42916.8,0,0
2022-04-06 12:15:00+05:30,42914.55,42930.4,42877.2,42889.9,0,0
2022-04-06 12:45:00+05:30,42889.75,42897.35,42715.7,42795.0,0,0
2022-04-06 13:15:00+05:30,42795.8,42852.05,42661.2,42852.05,0,0
2022-04-06 13:45:00+05:30,42850.8,42862.5,42779.6,42795.7,0,0
2022-04-06 14:15:00+05:30,42796.2,42882.65,42794.7,42846.1,0,0
2022-04-06 14:45:00+05:30,42846.45,42943.7,42805.1,42902.25,0,0
2022-04-06 15:15:00+05:30,42901.05,42935.95,42873.75,42897.35,0,0
2022-04-07 09:15:00+05:30,42977.7,43270.1,42963.9,43217.45,0,0
2022-04-07 09:45:00+05:30,43218.95,43322.35,43211.3,43305.55,0,0
2022-04-07 10:15:00+05:30,43305.65,43348.65,43118.6,43260.0,0,0
2022-04-07 10:45:00+05:30,43259.4,43369.4,43245.65,43347.45,0,0
2022-04-07 11:15:00+05:30,43350.15,43392.15,43339.0,43357.3,0,0
2022-04-07 11:45:00+05:30,43357.0,43368.35,43327.6,43355.15,0,0
2022-04-07 12:15:00+05:30,43358.5,43419.4,43336.05,43414.6,0,0
2022-04-07 12:45:00+05:30,43412.9,43412.9,43254.75,43256.65,0,0
2022-04-07 13:15:00+05:30,43255.0,43283.6,42803.85,42821.6,0,0
2022-04-07 13:45:00+05:30,42821.1,42996.1,42697.8,42836.95,0,0
2022-04-07 14:15:00+05:30,42838.5,42946.65,42743.3,42853.55,0,0
2022-04-07 14:45:00+05:30,42851.85,42897.1,42756.3,42763.15,0,0
2022-04-07 15:15:00+05:30,42760.95,42833.45,42725.3,42816.35,0,0
2022-04-08 09:15:00+05:30,43113.85,43272.4,43059.05,43114.1,0,0
2022-04-08 09:45:00+05:30,43116.85,43223.15,43078.0,43191.3,0,0
2022-04-08 10:15:00+05:30,43191.55,43270.9,43064.2,43254.95,0,0
2022-04-08 10:45:00+05:30,43255.85,43345.95,43253.25,43319.65,0,0
2022-04-08 11:15:00+05:30,43320.1,43383.4,43277.85,43381.6,0,0
2022-04-08 11:45:00+05:30,43384.15,43477.95,43366.3,43446.15,0,0
2022-04-08 12:15:00+05:30,43445.5,43465.1,43411.2,43439.1,0,0
2022-04-08 12:45:00+05:30,43441.35,43466.9,43360.0,43445.7,0,0
2022-04-08 13:15:00+05:30,43447.5,43489.15,43412.65,43477.65,0,0
2022-04-08 13:45:00+05:30,43479.0,43536.05,43454.45,43511.15,0,0
2022-04-08 14:15:00+05:30,43512.1,43518.95,43439.8,43450.9,0,0
2022-04-08 14:45:00+05:30,43453.55,43505.75,43397.6,43407.75,0,0
2022-04-08 15:15:00+05:30,43406.5,43505.05,43404.95,43471.1,0,0
2022-04-11 09:15:00+05:30,43580.55,43797.8,43568.75,43659.1,0,0
2022-04-11 09:45:00+05:30,43661.85,43742.85,43623.25,43721.6,0,0
2022-04-11 10:15:00+05:30,43720.3,43737.25,43692.45,43693.3,0,0
2022-04-11 10:45:00+05:30,43694.15,43705.05,43631.25,43651.7,0,0
2022-04-11 11:15:00+05:30,43653.05,43700.05,43616.5,43684.5,0,0
2022-04-11 11:45:00+05:30,43683.85,43746.7,43674.45,43739.5,0,0
2022-04-11 12:15:00+05:30,43743.6,43774.75,43669.6,43748.45,0,0
2022-04-11 12:45:00+05:30,43748.4,43837.55,43744.3,43831.15,0,0
2022-04-11 13:15:00+05:30,43832.3,43867.1,43781.55,43783.85,0,0
2022-04-11 13:45:00+05:30,43782.45,43812.55,43709.6,43800.5,0,0
2022-04-11 14:15:00+05:30,43800.5,43834.8,43726.35,43738.2,0,0
2022-04-11 14:45:00+05:30,43737.4,43904.0,43642.65,43890.8,0,0
2022-04-11 15:15:00+05:30,43894.3,44009.35,43871.8,43978.85,0,0
2022-04-12 09:15:00+05:30,43982.0,44108.75,43510.85,43600.15,0,0
2022-04-12 09:45:00+05:30,43601.6,43679.15,43489.1,43516.3,0,0
2022-04-12 10:15:00+05:30,43516.3,43516.6,43230.15,43422.65,0,0
2022-04-12 10:45:00+05:30,43422.2,43585.4,43401.5,43561.25,0,0
2022-04-12 11:15:00+05:30,43558.45,43622.85,43504.25,43586.25,0,0
2022-04-12 11:45:00+05:30,43585.15,43607.25,43544.7,43597.4,0,0
2022-04-12 12:15:00+05:30,43597.55,43614.65,43425.25,43526.7,0,0
2022-04-12 12:45:00+05:30,43527.95,43527.95,43341.7,43342.05,0,0
2022-04-12 13:15:00+05:30,43342.4,43358.7,43133.55,43141.85,0,0
2022-04-12 13:45:00+05:30,43142.5,43484.35,43117.25,43468.9,0,0
2022-04-12 14:15:00+05:30,43470.3,43608.1,43436.55,43605.95,0,0
2022-04-12 14:45:00+05:30,43607.9,43624.2,43332.3,43371.5,0,0
2022-04-12 15:15:00+05:30,43373.25,43389.95,43260.2,43378.9,0,0
2022-04-13 09:15:00+05:30,43625.25,43795.3,43625.25,43652.7,0,0
2022-04-13 09:45:00+05:30,43647.85,43667.25,43500.85,43504.0,0,0
2022-04-13 10:15:00+05:30,43504.55,43578.8,43437.65,43512.25,0,0
2022-04-13 10:45:00+05:30,43509.7,43581.75,43486.7,43548.7,0,0
2022-04-13 11:15:00+05:30,43549.7,43637.2,43538.65,43546.45,0,0
2022-04-13 11:45:00+05:30,43544.8,43654.95,43510.2,43525.7,0,0
2022-04-13 12:15:00+05:30,43527.5,43547.0,43399.25,43521.8,0,0
2022-04-13 12:45:00+05:30,43521.0,43552.75,43449.6,43548.0,0,0
2022-04-13 13:15:00+05:30,43548.25,43571.95,43496.25,43500.85,0,0
2022-04-13 13:45:00+05:30,43501.05,43514.9,43440.85,43513.05,0,0
2022-04-13 14:15:00+05:30,43512.65,43561.6,43474.0,43515.65,0,0
2022-04-13 14:45:00+05:30,43517.0,43523.45,43400.4,43401.0,0,0
2022-04-13 15:15:00+05:30,43403.4,43463.65,43387.85,43439.0,0,0
2022-04-18 09:15:00+05:30,43185.5,43252.55,42931.8,43189.0,0,0
2022-04-18 09:45:00+05:30,43193.85,43197.4,42886.45,42939.6,0,0
2022-04-18 10:15:00+05:30,42947.05,43065.95,42854.15,43065.95,0,0
2022-04-18 10:45:00+05:30,43061.8,43069.25,42953.7,42966.15,0,0
2022-04-18 11:15:00+05:30,42967.05,43075.1,42963.65,43039.65,0,0
2022-04-18 11:45:00+05:30,43041.65,43066.2,42973.95,43022.1,0,0
2022-04-18 12:15:00+05:30,43021.35,43034.95,42811.45,42919.05,0,0
2022-04-18 12:45:00+05:30,42915.85,42926.5,42784.95,42853.35,0,0
2022-04-18 13:15:00+05:30,42851.9,42893.3,42819.95,42852.2,0,0
2022-04-18 13:45:00+05:30,42851.65,42958.85,42844.95,42953.8,0,0
2022-04-18 14:15:00+05:30,42952.1,43310.0,42878.5,43271.65,0,0
2022-04-18 14:45:00+05:30,43274.05,43343.25,43174.55,43272.1,0,0
2022-04-18 15:15:00+05:30,43268.45,43364.4,43268.45,43302.65,0,0
2022-04-19 09:15:00+05:30,43631.7,43820.15,43436.4,43502.35,0,0
2022-04-19 09:45:00+05:30,43509.0,43623.9,43468.7,43575.85,0,0
2022-04-19 10:15:00+05:30,43576.2,43581.05,43511.65,43558.05,0,0
2022-04-19 10:45:00+05:30,43559.7,43580.05,43467.65,43529.0,0,0
2022-04-19 11:15:00+05:30,43530.45,43570.55,43512.4,43544.5,0,0
2022-04-19 11:45:00+05:30,43546.0,43564.65,43497.1,43530.05,0,0
2022-04-19 12:15:00+05:30,43529.45,43584.65,43458.55,43458.55,0,0
2022-04-19 12:45:00+05:30,43459.7,43493.25,43307.45,43368.0,0,0
2022-04-19 13:15:00+05:30,43369.5,43503.9,43364.2,43429.3,0,0
2022-04-19 13:45:00+05:30,43431.2,43479.3,43419.4,43428.85,0,0
2022-04-19 14:15:00+05:30,43432.15,43449.55,43317.25,43335.4,0,0
2022-04-19 14:45:00+05:30,43331.45,43353.1,42290.3,42541.1,0,0
2022-04-19 15:15:00+05:30,42538.85,42594.15,42193.55,42210.35,0,0
2022-04-20 09:15:00+05:30,42780.45,42892.35,42530.1,42844.2,0,0
2022-04-20 09:45:00+05:30,42840.8,43019.95,42702.15,42929.9,0,0
2022-04-20 10:15:00+05:30,42929.6,42958.25,42768.05,42785.1,0,0
2022-04-20 10:45:00+05:30,42785.95,42889.55,42690.3,42889.55,0,0
2022-04-20 11:15:00+05:30,42891.6,42915.45,42600.25,42660.35,0,0
2022-04-20 11:45:00+05:30,42660.75,42862.05,42604.85,42836.8,0,0
2022-04-20 12:15:00+05:30,42836.2,42864.0,42762.55,42850.45,0,0
2022-04-20 12:45:00+05:30,42850.3,42937.25,42794.15,42794.15,0,0
2022-04-20 13:15:00+05:30,42794.35,42823.45,42701.15,42763.25,0,0
2022-04-20 13:45:00+05:30,42764.85,42780.1,42549.05,42647.15,0,0
2022-04-20 14:15:00+05:30,42645.1,42683.2,42536.6,42663.4,0,0
2022-04-20 14:45:00+05:30,42665.8,42757.75,42632.35,42670.15,0,0
2022-04-20 15:15:00+05:30,42673.15,42799.2,42667.4,42786.55,0,0
2022-04-21 09:15:00+05:30,43037.95,43105.55,42890.35,42933.15,0,0
2022-04-21 09:45:00+05:30,42935.5,43051.0,42933.8,43044.0,0,0
2022-04-21 10:15:00+05:30,43044.85,43048.85,42896.95,42977.3,0,0
2022-04-21 10:45:00+05:30,42976.5,43088.4,42971.0,43074.3,0,0
2022-04-21 11:15:00+05:30,43074.75,43084.45,43024.4,43038.05,0,0
2022-04-21 11:45:00+05:30,43036.75,43114.6,43012.9,43108.95,0,0
2022-04-21 12:15:00+05:30,43107.9,43120.95,43058.85,43116.25,0,0
2022-04-21 12:45:00+05:30,43116.25,43148.05,43085.55,43121.35,0,0
2022-04-21 13:15:00+05:30,43121.7,43210.6,43105.7,43209.3,0,0
2022-04-21 13:45:00+05:30,43207.0,43223.5,43118.7,43177.85,0,0
2022-04-21 14:15:00+05:30,43177.9,43221.85,43134.2,43152.25,0,0
2022-04-21 14:45:00+05:30,43151.15,43263.75,43134.85,43254.05,0,0
2022-04-21 15:15:00+05:30,43254.65,43323.0,43252.65,43316.2,0,0
2022-04-22 09:15:00+05:30,43075.5,43157.75,42969.8,43112.9,0,0
2022-04-22 09:45:00+05:30,43110.75,43147.9,43001.0,43034.7,0,0
2022-04-22 10:15:00+05:30,43034.6,43119.7,43018.2,43114.15,0,0
2022-04-22 10:45:00+05:30,43113.05,43151.2,43089.0,43140.45,0,0
2022-04-22 11:15:00+05:30,43139.95,43155.0,43093.45,43146.25,0,0
2022-04-22 11:45:00+05:30,43146.3,43191.25,43130.75,43136.15,0,0
2022-04-22 12:15:00+05:30,43134.9,43172.75,43069.45,43168.1,0,0
2022-04-22 12:45:00+05:30,43167.8,43172.45,43063.7,43109.45,0,0
2022-04-22 13:15:00+05:30,43109.15,43129.4,43033.2,43098.15,0,0
2022-04-22 13:45:00+05:30,43098.55,43098.55,42897.65,42960.7,0,0
2022-04-22 14:15:00+05:30,42960.7,43070.2,42884.15,42950.15,0,0
2022-04-22 14:45:00+05:30,42951.65,43022.3,42872.5,42903.05,0,0
2022-04-22 15:15:00+05:30,42901.45,42941.35,42890.1,42935.85,0,0
2022-04-25 09:15:00+05:30,42498.75,42498.75,42254.75,42256.85,0,0
2022-04-25 09:45:00+05:30,42255.5,42356.55,42146.05,42331.5,0,0
2022-04-25 10:15:00+05:30,42332.45,42365.85,42195.0,42225.85,0,0
2022-04-25 10:45:00+05:30,42226.45,42286.7,42176.3,42227.3,0,0
2022-04-25 11:15:00+05:30,42226.6,42243.55,42158.75,42166.65,0,0
2022-04-25 11:45:00+05:30,42168.2,42223.0,42119.8,42119.8,0,0
2022-04-25 12:15:00+05:30,42119.05,42129.8,41961.15,42050.95,0,0
2022-04-25 12:45:00+05:30,42050.05,42189.9,42028.8,42183.6,0,0
2022-04-25 13:15:00+05:30,42183.75,42220.95,42114.6,42157.35,0,0
2022-04-25 13:45:00+05:30,42157.4,42302.75,42155.2,42292.05,0,0
2022-04-25 14:15:00+05:30,42292.8,42294.1,41957.05,41962.4,0,0
2022-04-25 14:45:00+05:30,41959.2,42151.5,41957.5,42080.0,0,0
2022-04-25 15:15:00+05:30,42077.7,42199.0,42028.5,42174.65,0,0
2022-04-26 09:15:00+05:30,42505.35,42760.2,42505.35,42704.2,0,0
2022-04-26 09:45:00+05:30,42704.1,42739.35,42665.65,42675.1,0,0
2022-04-26 10:15:00+05:30,42675.8,42729.05,42646.65,42697.75,0,0
2022-04-26 10:45:00+05:30,42696.25,42792.3,42694.35,42769.9,0,0
2022-04-26 11:15:00+05:30,42770.8,42858.7,42768.15,42834.05,0,0
2022-04-26 11:45:00+05:30,42834.55,42839.35,42770.05,42788.3,0,0
2022-04-26 12:15:00+05:30,42787.45,42808.95,42762.25,42771.35,0,0
2022-04-26 12:45:00+05:30,42769.75,42770.6,42619.3,42633.8,0,0
2022-04-26 13:15:00+05:30,42633.45,42831.7,42633.45,42804.65,0,0
2022-04-26 13:45:00+05:30,42803.5,42931.2,42787.4,42908.05,0,0
2022-04-26 14:15:00+05:30,42906.2,42967.05,42840.55,42900.6,0,0
2022-04-26 14:45:00+05:30,42900.4,43141.05,42838.45,43111.4,0,0
2022-04-26 15:15:00+05:30,43112.9,43123.8,43075.2,43101.2,0,0
2022-04-27 09:15:00+05:30,42830.65,42955.2,42434.45,42555.0,0,0
2022-04-27 09:45:00+05:30,42558.15,42582.2,42502.65,42565.75,0,0
2022-04-27 10:15:00+05:30,42565.8,42584.15,42454.15,42530.15,0,0
2022-04-27 10:45:00+05:30,42529.2,42561.6,42508.5,42555.1,0,0
2022-04-27 11:15:00+05:30,42555.5,42566.05,42431.7,42439.2,0,0
2022-04-27 11:45:00+05:30,42439.2,42493.85,42427.7,42468.1,0,0
2022-04-27 12:15:00+05:30,42466.7,42515.75,42455.35,42486.4,0,0
2022-04-27 12:45:00+05:30,42487.45,42491.85,42322.2,42370.65,0,0
2022-04-27 13:15:00+05:30,42370.4,42600.95,42370.4,42588.25,0,0
2022-04-27 13:45:00+05:30,42587.85,42704.4,42587.85,42680.4,0,0
2022-04-27 14:15:00+05:30,42681.05,42698.45,42558.0,42685.2,0,0
2022-04-27 14:45:00+05:30,42683.25,42693.7,42452.35,42500.35,0,0
2022-04-27 15:15:00+05:30,42501.15,42508.3,42446.55,42476.2,0,0
2022-04-28 09:15:00+05:30,42941.85,42941.85,42657.0,42759.85,0,0
2022-04-28 09:45:00+05:30,42762.85,42763.95,42680.35,42683.4,0,0
2022-04-28 10:15:00+05:30,42681.5,42710.75,42577.7,42579.95,0,0
2022-04-28 10:45:00+05:30,42574.3,42589.7,42518.6,42535.2,0,0
2022-04-28 11:15:00+05:30,42535.7,42695.45,42526.5,42675.9,0,0
2022-04-28 11:45:00+05:30,42676.1,42757.1,42675.65,42740.05,0,0
2022-04-28 12:15:00+05:30,42739.1,42849.8,42731.45,42833.45,0,0
2022-04-28 12:45:00+05:30,42832.55,42899.5,42823.4,42897.1,0,0
2022-04-28 13:15:00+05:30,42895.05,42956.2,42833.3,42954.15,0,0
2022-04-28 13:45:00+05:30,42955.85,43073.65,42909.5,43064.2,0,0
2022-04-28 14:15:00+05:30,43067.8,43144.05,43027.65,43141.65,0,0
2022-04-28 14:45:00+05:30,43142.2,43169.4,43014.6,43031.15,0,0
2022-04-28 15:15:00+05:30,43032.25,43157.0,43026.85,43075.3,0,0
2022-04-29 09:15:00+05:30,43309.7,43398.85,43066.7,43151.5,0,0
2022-04-29 09:45:00+05:30,43153.8,43173.2,42990.65,43126.35,0,0
2022-04-29 10:15:00+05:30,43126.95,43251.95,43051.0,43194.95,0,0
2022-04-29 10:45:00+05:30,43195.45,43255.4,43145.6,43239.05,0,0
2022-04-29 11:15:00+05:30,43239.35,43341.0,43199.75,43258.9,0,0
2022-04-29 11:45:00+05:30,43259.0,43263.35,43175.05,43227.35,0,0
2022-04-29 12:15:00+05:30,43227.25,43251.55,43172.8,43205.05,0,0
2022-04-29 12:45:00+05:30,43202.95,43271.05,43196.0,43236.3,0,0
2022-04-29 13:15:00+05:30,43235.25,43255.95,43173.45,43236.1,0,0
2022-04-29 13:45:00+05:30,43237.15,43259.55,42989.15,43059.75,0,0
2022-04-29 14:15:00+05:30,43061.4,43072.9,42809.8,42959.85,0,0
2022-04-29 14:45:00+05:30,42961.2,43029.05,42469.25,42507.3,0,0
2022-04-29 15:15:00+05:30,42509.2,42555.3,42397.7,42546.05,0,0
2022-05-02 09:15:00+05:30,42268.7,42417.6,42030.25,42284.85,0,0
2022-05-02 09:45:00+05:30,42288.4,42296.9,42080.55,42165.05,0,0
2022-05-02 10:15:00+05:30,42165.1,42315.25,42116.7,42308.4,0,0
2022-05-02 10:45:00+05:30,42309.6,42319.6,42108.7,42145.75,0,0
2022-05-02 11:15:00+05:30,42148.75,42197.05,42064.3,42121.3,0,0
2022-05-02 11:45:00+05:30,42122.95,42252.05,42082.2,42251.9,0,0
2022-05-02 12:15:00+05:30,42251.5,42295.0,42222.35,42254.85,0,0
2022-05-02 12:45:00+05:30,42256.05,42281.0,42153.25,42229.0,0,0
2022-05-02 13:15:00+05:30,42230.55,42264.4,42120.2,42196.45,0,0
2022-05-02 13:45:00+05:30,42198.0,42213.0,42129.7,42213.0,0,0
2022-05-02 14:15:00+05:30,42213.6,42259.1,42130.05,42215.5,0,0
2022-05-02 14:45:00+05:30,42216.85,42394.05,42216.85,42368.15,0,0
2022-05-02 15:15:00+05:30,42364.9,42419.25,42358.95,42367.3,0,0
2022-05-04 09:15:00+05:30,42523.35,42571.05,42131.35,42162.95,0,0
2022-05-04 09:45:00+05:30,42157.05,42185.55,42057.6,42103.1,0,0
2022-05-04 10:15:00+05:30,42102.65,42102.65,41835.8,41875.8,0,0
2022-05-04 10:45:00+05:30,41874.95,41911.7,41752.8,41779.7,0,0
2022-05-04 11:15:00+05:30,41778.55,41938.4,41735.15,41827.5,0,0
2022-05-04 11:45:00+05:30,41828.1,41847.55,41712.05,41746.0,0,0
2022-05-04 12:15:00+05:30,41746.45,41754.2,41559.05,41573.45,0,0
2022-05-04 12:45:00+05:30,41572.75,41692.9,41531.1,41658.3,0,0
2022-05-04 13:15:00+05:30,41656.9,41747.4,41644.85,41696.1,0,0
2022-05-04 13:45:00+05:30,41693.35,41746.75,41275.5,41420.2,0,0
2022-05-04 14:15:00+05:30,41418.4,41488.55,41053.2,41073.9,0,0
2022-05-04 14:45:00+05:30,41069.75,41243.0,40953.2,41229.5,0,0
2022-05-04 15:15:00+05:30,41229.6,41247.0,41128.25,41206.8,0,0
2022-05-05 09:15:00+05:30,41603.7,41647.4,41508.15,41590.0,0,0
2022-05-05 09:45:00+05:30,41591.95,41702.8,41558.65,41686.95,0,0
2022-05-05 10:15:00+05:30,41686.0,41727.55,41544.8,41547.45,0,0
2022-05-05 10:45:00+05:30,41548.0,41705.6,41521.45,41689.15,0,0
2022-05-05 11:15:00+05:30,41687.15,41687.15,41538.65,41557.6,0,0
2022-05-05 11:45:00+05:30,41558.15,41636.6,41482.45,41524.35,0,0
2022-05-05 12:15:00+05:30,41523.95,41629.75,41520.9,41603.9,0,0
2022-05-05 12:45:00+05:30,41602.45,41655.65,41489.95,41490.05,0,0
2022-05-05 13:15:00+05:30,41488.7,41601.05,41370.9,41370.9,0,0
2022-05-05 13:45:00+05:30,41371.1,41468.05,41171.3,41216.1,0,0
2022-05-05 14:15:00+05:30,41216.6,41297.05,41073.65,41182.55,0,0
2022-05-05 14:45:00+05:30,41183.15,41311.7,41122.8,41183.95,0,0
2022-05-05 15:15:00+05:30,41181.4,41283.8,41181.4,41257.6,0,0
2022-05-06 09:15:00+05:30,40511.05,40623.95,40244.6,40620.55,0,0
2022-05-06 09:45:00+05:30,40621.85,40653.25,40373.3,40374.0,0,0
2022-05-06 10:15:00+05:30,40370.8,40394.7,40220.15,40311.1,0,0
2022-05-06 10:45:00+05:30,40309.85,40354.95,40178.9,40280.25,0,0
2022-05-06 11:15:00+05:30,40283.1,40455.05,40161.35,40401.05,0,0
2022-05-06 11:45:00+05:30,40399.7,40404.65,40239.2,40363.1,0,0
2022-05-06 12:15:00+05:30,40362.5,40384.95,40228.05,40351.8,0,0
2022-05-06 12:45:00+05:30,40354.4,40451.15,40217.45,40240.0,0,0
2022-05-06 13:15:00+05:30,40238.7,40453.65,40184.8,40324.6,0,0
2022-05-06 13:45:00+05:30,40324.2,40562.9,40280.5,40516.35,0,0
2022-05-06 14:15:00+05:30,40513.8,40580.8,40397.8,40452.45,0,0
2022-05-06 14:45:00+05:30,40454.15,40470.1,40212.0,40301.7,0,0
2022-05-06 15:15:00+05:30,40302.35,40454.15,40302.35,40432.9,0,0
2022-05-09 09:15:00+05:30,40028.25,40078.95,39488.8,39707.65,0,0
2022-05-09 09:45:00+05:30,39707.4,39835.1,39574.7,39756.05,0,0
2022-05-09 10:15:00+05:30,39753.45,39851.1,39681.8,39806.9,0,0
2022-05-09 10:45:00+05:30,39805.75,39813.65,39664.2,39708.45,0,0
2022-05-09 11:15:00+05:30,39708.0,39847.0,39677.3,39834.8,0,0
2022-05-09 11:45:00+05:30,39835.95,39871.05,39695.75,39792.5,0,0
2022-05-09 12:15:00+05:30,39791.95,39939.7,39731.4,39935.65,0,0
2022-05-09 12:45:00+05:30,39938.15,39956.0,39777.5,39828.7,0,0
2022-05-09 13:15:00+05:30,39825.95,39848.85,39691.65,39813.45,0,0
2022-05-09 13:45:00+05:30,39812.75,39835.45,39543.05,39561.3,0,0
2022-05-09 14:15:00+05:30,39561.6,39773.1,39446.6,39736.0,0,0
2022-05-09 14:45:00+05:30,39737.65,39872.25,39497.35,39540.7,0,0
2022-05-09 15:15:00+05:30,39542.6,39650.5,39533.8,39595.55,0,0
2022-05-10 09:15:00+05:30,39543.75,39996.8,39535.75,39608.55,0,0
2022-05-10 09:45:00+05:30,39610.5,39638.35,39284.75,39356.55,0,0
2022-05-10 10:15:00+05:30,39362.35,39482.85,39348.4,39475.6,0,0
2022-05-10 10:45:00+05:30,39475.4,39482.75,39341.55,39379.0,0,0
2022-05-10 11:15:00+05:30,39378.9,39386.95,39232.35,39285.45,0,0
2022-05-10 11:45:00+05:30,39285.8,39359.25,39226.85,39359.15,0,0
2022-05-10 12:15:00+05:30,39359.05,39382.25,39301.2,39349.3,0,0
2022-05-10 12:45:00+05:30,39347.6,39391.6,39269.9,39287.65,0,0
2022-05-10 13:15:00+05:30,39288.55,39293.6,39042.55,39055.25,0,0
2022-05-10 13:45:00+05:30,39056.7,39106.2,38900.8,39037.5,0,0
2022-05-10 14:15:00+05:30,39034.15,39129.9,38932.05,39107.5,0,0
2022-05-10 14:45:00+05:30,39107.45,39115.5,38666.0,38668.9,0,0
2022-05-10 15:15:00+05:30,38668.35,38711.35,38601.4,38640.7,0,0
2022-05-11 09:15:00+05:30,38857.8,39347.75,38852.35,38933.05,0,0
2022-05-11 09:45:00+05:30,38928.75,38987.05,38710.05,38742.5,0,0
2022-05-11 10:15:00+05:30,38740.05,38899.5,38499.0,38499.0,0,0
2022-05-11 10:45:00+05:30,38498.5,38702.25,38412.85,38437.45,0,0
2022-05-11 11:15:00+05:30,38440.1,38671.1,38437.95,38639.0,0,0
2022-05-11 11:45:00+05:30,38639.35,38687.6,38457.55,38503.1,0,0
2022-05-11 12:15:00+05:30,38502.6,38507.65,38247.1,38250.0,0,0
2022-05-11 12:45:00+05:30,38250.3,38259.8,38009.1,38011.5,0,0
2022-05-11 13:15:00+05:30,38013.5,38311.9,37927.55,38179.35,0,0
2022-05-11 13:45:00+05:30,38177.3,38631.2,38148.1,38565.2,0,0
2022-05-11 14:15:00+05:30,38564.1,38759.6,38431.1,38736.35,0,0
2022-05-11 14:45:00+05:30,38737.2,38756.15,38458.75,38609.1,0,0
2022-05-11 15:15:00+05:30,38612.7,38780.95,38612.7,38778.85,0,0
2022-05-12 09:15:00+05:30,38462.05,38505.65,37770.15,37872.1,0,0
2022-05-12 09:45:00+05:30,37874.5,38011.2,37779.65,37818.6,0,0
2022-05-12 10:15:00+05:30,37817.4,38009.05,37755.65,37946.65,0,0
2022-05-12 10:45:00+05:30,37951.15,37955.8,37755.0,37757.75,0,0
2022-05-12 11:15:00+05:30,37757.05,38067.25,37731.8,37999.85,0,0
2022-05-12 11:45:00+05:30,37998.65,38008.1,37838.95,37887.95,0,0
2022-05-12 12:15:00+05:30,37888.5,37891.8,37609.85,37710.6,0,0
2022-05-12 12:45:00+05:30,37711.65,37729.85,37570.25,37620.5,0,0
2022-05-12 13:15:00+05:30,37621.5,37856.9,37621.5,37747.85,0,0
2022-05-12 13:45:00+05:30,37747.6,37756.75,37479.5,37497.45,0,0
2022-05-12 14:15:00+05:30,37500.2,37573.55,37383.35,37562.7,0,0
2022-05-12 14:45:00+05:30,37563.6,37743.7,37496.35,37633.95,0,0
2022-05-12 15:15:00+05:30,37634.5,37767.2,37616.4,37725.75,0,0
2022-05-13 09:15:00+05:30,38171.25,38490.95,38171.25,38273.0,0,0
2022-05-13 09:45:00+05:30,38271.5,38275.35,38001.95,38010.45,0,0
2022-05-13 10:15:00+05:30,38003.55,38306.05,37988.6,38282.35,0,0
2022-05-13 10:45:00+05:30,38282.65,38444.65,38272.2,38423.4,0,0
2022-05-13 11:15:00+05:30,38425.15,38481.65,38334.95,38407.95,0,0
2022-05-13 11:45:00+05:30,38406.3,38521.6,38361.55,38468.85,0,0
2022-05-13 12:15:00+05:30,38467.75,38536.45,38345.5,38408.9,0,0
2022-05-13 12:45:00+05:30,38409.4,38529.05,38359.95,38525.2,0,0
2022-05-13 13:15:00+05:30,38526.8,38556.9,38402.1,38431.15,0,0
2022-05-13 13:45:00+05:30,38428.9,38471.05,38189.95,38203.25,0,0
2022-05-13 14:15:00+05:30,38200.05,38226.55,37848.75,37852.75,0,0
2022-05-13 14:45:00+05:30,37852.1,37968.05,37321.6,37328.75,0,0
2022-05-13 15:15:00+05:30,37329.7,37470.05,37329.7,37425.8,0,0
2022-05-16 09:15:00+05:30,37858.45,38151.05,37449.95,38088.85,0,0
2022-05-16 09:45:00+05:30,38090.25,38175.2,37945.1,38099.35,0,0
2022-05-16 10:15:00+05:30,38100.95,38247.05,38018.95,38187.2,0,0
2022-05-16 10:45:00+05:30,38191.1,38250.05,38039.05,38200.25,0,0
2022-05-16 11:15:00+05:30,38201.4,38222.5,37899.8,37963.8,0,0
2022-05-16 11:45:00+05:30,37960.85,38029.7,37793.3,37846.7,0,0
2022-05-16 12:15:00+05:30,37848.1,38058.9,37808.3,37843.6,0,0
2022-05-16 12:45:00+05:30,37843.95,38049.6,37751.25,37955.0,0,0
2022-05-16 13:15:00+05:30,37955.3,38115.1,37936.3,38102.7,0,0
2022-05-16 13:45:00+05:30,38103.8,38157.15,37979.2,38074.7,0,0
2022-05-16 14:15:00+05:30,38075.05,38162.65,37964.7,38143.5,0,0
2022-05-16 14:45:00+05:30,38145.9,38147.05,37960.5,38036.25,0,0
2022-05-16 15:15:00+05:30,38036.25,38156.9,38030.6,38141.25,0,0
2022-05-17 09:15:00+05:30,38480.05,38480.05,38252.7,38336.95,0,0
2022-05-17 09:45:00+05:30,38335.4,38337.35,38156.3,38285.5,0,0
2022-05-17 10:15:00+05:30,38283.7,38467.9,38274.05,38467.35,0,0
2022-05-17 10:45:00+05:30,38468.05,38495.6,38408.0,38458.9,0,0
2022-05-17 11:15:00+05:30,38458.3,38574.75,38449.55,38564.45,0,0
2022-05-17 11:45:00+05:30,38565.6,38584.6,38488.7,38501.0,0,0
2022-05-17 12:15:00+05:30,38500.1,38656.95,38498.25,38656.95,0,0
2022-05-17 12:45:00+05:30,38657.25,38703.55,38616.95,38696.35,0,0
2022-05-17 13:15:00+05:30,38697.3,38713.9,38572.95,38695.15,0,0
2022-05-17 13:45:00+05:30,38698.1,38851.3,38660.2,38849.15,0,0
2022-05-17 14:15:00+05:30,38849.1,38928.75,38813.3,38904.75,0,0
2022-05-17 14:45:00+05:30,38905.3,39055.95,38884.55,39045.1,0,0
2022-05-17 15:15:00+05:30,39044.95,39086.25,39042.85,39078.5,0,0
2022-05-18 09:15:00+05:30,39311.0,39512.8,39226.5,39512.8,0,0
2022-05-18 09:45:00+05:30,39512.25,39585.5,39227.4,39348.45,0,0
2022-05-18 10:15:00+05:30,39349.05,39420.85,39234.05,39407.8,0,0
2022-05-18 10:45:00+05:30,39407.65,39411.1,39282.6,39331.75,0,0
2022-05-18 11:15:00+05:30,39331.05,39406.7,39306.2,39386.45,0,0
2022-05-18 11:45:00+05:30,39384.45,39405.25,39269.55,39277.55,0,0
2022-05-18 12:15:00+05:30,39276.75,39276.75,39000.25,39101.05,0,0
2022-05-18 12:45:00+05:30,39102.1,39229.65,39043.25,39124.95,0,0
2022-05-18 13:15:00+05:30,39128.95,39350.85,39078.9,39331.7,0,0
2022-05-18 13:45:00+05:30,39332.35,39338.95,39108.35,39137.55,0,0
2022-05-18 14:15:00+05:30,39142.65,39211.85,39080.25,39191.05,0,0
2022-05-18 14:45:00+05:30,39190.6,39220.35,39037.6,39073.45,0,0
2022-05-18 15:15:00+05:30,39076.05,39085.15,39024.65,39080.65,0,0
2022-05-19 09:15:00+05:30,38119.35,38291.7,37994.85,38116.45,0,0
2022-05-19 09:45:00+05:30,38114.65,38311.05,38087.8,38230.1,0,0
2022-05-19 10:15:00+05:30,38231.9,38292.3,38195.7,38203.5,0,0
2022-05-19 10:45:00+05:30,38204.7,38230.9,38094.8,38149.55,0,0
2022-05-19 11:15:00+05:30,38148.85,38148.85,38022.0,38075.85,0,0
2022-05-19 11:45:00+05:30,38074.15,38108.3,38016.05,38018.75,0,0
2022-05-19 12:15:00+05:30,38016.7,38074.45,37990.6,37995.85,0,0
2022-05-19 12:45:00+05:30,37995.2,38014.15,37829.7,37855.1,0,0
2022-05-19 13:15:00+05:30,37855.0,38035.85,37854.05,37961.85,0,0
2022-05-19 13:45:00+05:30,37965.6,38009.1,37851.3,37851.3,0,0
2022-05-19 14:15:00+05:30,37851.5,37931.4,37835.45,37840.5,0,0
2022-05-19 14:45:00+05:30,37838.5,38025.0,37838.5,37951.85,0,0
2022-05-19 15:15:00+05:30,37952.0,38092.5,37943.25,38088.6,0,0
2022-05-20 09:15:00+05:30,38611.95,38648.55,38525.15,38557.25,0,0
2022-05-20 09:45:00+05:30,38553.15,38653.9,38548.7,38597.25,0,0
2022-05-20 10:15:00+05:30,38596.75,38650.6,38552.4,38638.9,0,0
2022-05-20 10:45:00+05:30,38638.3,38646.4,38578.85,38600.95,0,0
2022-05-20 11:15:00+05:30,38598.45,38633.55,38572.85,38602.65,0,0
2022-05-20 11:45:00+05:30,38601.7,38636.9,38456.2,38493.9,0,0
2022-05-20 12:15:00+05:30,38494.15,38505.85,38405.4,38489.25,0,0
2022-05-20 12:45:00+05:30,38489.7,38535.7,38421.9,38521.95,0,0
2022-05-20 13:15:00+05:30,38523.1,38572.85,38474.35,38480.9,0,0
2022-05-20 13:45:00+05:30,38479.9,38539.85,38451.3,38539.85,0,0
2022-05-20 14:15:00+05:30,38539.75,38569.65,38479.75,38540.2,0,0
2022-05-20 14:45:00+05:30,38539.45,38605.0,38495.8,38570.45,0,0
2022-05-20 15:15:00+05:30,38573.15,38589.15,38539.0,38572.2,0,0
2022-05-23 09:15:00+05:30,38663.35,38712.45,38346.95,38501.05,0,0
2022-05-23 09:45:00+05:30,38502.6,38635.7,38480.7,38634.2,0,0
2022-05-23 10:15:00+05:30,38636.35,38704.35,38582.9,38677.2,0,0
2022-05-23 10:45:00+05:30,38677.45,38748.65,38635.45,38641.45,0,0
2022-05-23 11:15:00+05:30,38639.7,38740.45,38639.1,38694.7,0,0
2022-05-23 11:45:00+05:30,38694.7,38743.65,38653.95,38737.5,0,0
2022-05-23 12:15:00+05:30,38737.85,38784.95,38661.4,38697.7,0,0
2022-05-23 12:45:00+05:30,38696.95,38726.25,38661.35,38686.6,0,0
2022-05-23 13:15:00+05:30,38686.8,38749.05,38633.55,38645.45,0,0
2022-05-23 13:45:00+05:30,38644.8,38655.75,38376.95,38431.85,0,0
2022-05-23 14:15:00+05:30,38431.15,38520.2,38346.3,38386.35,0,0
2022-05-23 14:45:00+05:30,38386.0,38422.2,38202.7,38228.2,0,0
2022-05-23 15:15:00+05:30,38227.8,38254.5,38168.5,38207.25,0,0
2022-05-24 09:15:00+05:30,38381.9,38420.6,38043.65,38085.45,0,0
2022-05-24 09:45:00+05:30,38084.35,38161.65,38032.55,38070.4,0,0
2022-05-24 10:15:00+05:30,38071.7,38104.45,37934.6,38024.7,0,0
2022-05-24 10:45:00+05:30,38024.25,38058.45,38000.2,38009.2,0,0
2022-05-24 11:15:00+05:30,38009.45,38105.05,37959.75,38105.05,0,0
2022-05-24 11:45:00+05:30,38104.0,38145.75,38013.05,38078.25,0,0
2022-05-24 12:15:00+05:30,38082.35,38125.6,38031.9,38097.55,0,0
2022-05-24 12:45:00+05:30,38096.05,38163.05,37981.5,38030.35,0,0
2022-05-24 13:15:00+05:30,38029.15,38105.95,37998.15,38105.3,0,0
2022-05-24 13:45:00+05:30,38104.0,38108.55,37989.6,38005.65,0,0
2022-05-24 14:15:00+05:30,38005.5,38042.45,37806.3,37825.0,0,0
2022-05-24 14:45:00+05:30,37825.4,37952.45,37761.25,37919.15,0,0
2022-05-24 15:15:00+05:30,37922.55,37952.7,37890.55,37949.8,0,0
2022-05-25 09:15:00+05:30,38068.95,38132.65,37766.7,37773.95,0,0
2022-05-25 09:45:00+05:30,37775.6,37809.85,37578.1,37611.45,0,0
2022-05-25 10:15:00+05:30,37611.65,37692.0,37552.5,37641.65,0,0
2022-05-25 10:45:00+05:30,37640.95,37671.6,37600.0,37655.55,0,0
2022-05-25 11:15:00+05:30,37653.05,37662.75,37502.85,37518.55,0,0
2022-05-25 11:45:00+05:30,37518.9,37519.25,37393.95,37469.6,0,0
2022-05-25 12:15:00+05:30,37468.3,37537.75,37371.3,37382.85,0,0
2022-05-25 12:45:00+05:30,37380.8,37429.55,37333.55,37429.55,0,0
2022-05-25 13:15:00+05:30,37431.65,37446.8,37182.5,37241.45,0,0
2022-05-25 13:45:00+05:30,37240.6,37393.25,37195.6,37377.3,0,0
2022-05-25 14:15:00+05:30,37377.95,37421.85,37338.1,37344.15,0,0
2022-05-25 14:45:00+05:30,37341.5,37345.15,37225.05,37289.6,0,0
2022-05-25 15:15:00+05:30,37289.7,37303.15,37249.9,37279.65,0,0
2022-05-26 09:15:00+05:30,37460.65,37597.1,37065.15,37066.45,0,0
2022-05-26 09:45:00+05:30,37066.2,37074.3,36800.1,36817.95,0,0
2022-05-26 10:15:00+05:30,36820.2,36901.25,36535.25,36674.45,0,0
2022-05-26 10:45:00+05:30,36674.5,36802.35,36623.7,36799.8,0,0
2022-05-26 11:15:00+05:30,36796.8,36922.45,36764.25,36792.5,0,0
2022-05-26 11:45:00+05:30,36794.2,36977.3,36790.3,36956.5,0,0
2022-05-26 12:15:00+05:30,36957.0,37189.35,36956.45,37188.25,0,0
2022-05-26 12:45:00+05:30,37187.6,37347.1,37185.3,37339.6,0,0
2022-05-26 13:15:00+05:30,37339.65,37565.25,37339.65,37521.2,0,0
2022-05-26 13:45:00+05:30,37527.6,37540.9,37265.7,37309.2,0,0
2022-05-26 14:15:00+05:30,37307.5,37561.7,37306.4,37561.7,0,0
2022-05-26 14:45:00+05:30,37559.8,37761.6,37559.8,37760.35,0,0
2022-05-26 15:15:00+05:30,37763.9,37960.9,37761.4,37912.7,0,0
2022-05-27 09:15:00+05:30,38105.1,38130.7,37913.15,38041.15,0,0
2022-05-27 09:45:00+05:30,38040.95,38052.1,37818.4,37952.1,0,0
2022-05-27 10:15:00+05:30,37953.1,37995.05,37847.1,37960.15,0,0
2022-05-27 10:45:00+05:30,37956.95,37958.4,37840.5,37914.95,0,0
2022-05-27 11:15:00+05:30,37916.7,37955.75,37874.25,37902.6,0,0
2022-05-27 11:45:00+05:30,37903.6,37940.3,37796.3,37826.25,0,0
2022-05-27 12:15:00+05:30,37826.15,37994.25,37809.2,37948.9,0,0
2022-05-27 12:45:00+05:30,37948.7,37994.65,37917.55,37974.0,0,0
2022-05-27 13:15:00+05:30,37972.1,38027.5,37951.85,37995.8,0,0
2022-05-27 13:45:00+05:30,37996.1,38090.75,37901.4,38013.65,0,0
2022-05-27 14:15:00+05:30,38013.35,38013.35,37871.25,37879.8,0,0
2022-05-27 14:45:00+05:30,37877.2,38074.65,37870.35,38043.05,0,0
2022-05-27 15:15:00+05:30,38042.55,38066.75,37993.5,37997.25,0,0
2022-05-30 09:15:00+05:30,38418.55,38668.7,38359.85,38633.5,0,0
2022-05-30 09:45:00+05:30,38626.9,38738.65,38581.9,38731.75,0,0
2022-05-30 10:15:00+05:30,38732.55,38763.85,38674.85,38679.55,0,0
2022-05-30 10:45:00+05:30,38676.85,38766.15,38672.35,38745.0,0,0
2022-05-30 11:15:00+05:30,38746.05,38805.7,38718.35,38805.2,0,0
2022-05-30 11:45:00+05:30,38805.25,38812.4,38722.95,38729.7,0,0
2022-05-30 12:15:00+05:30,38729.95,38785.4,38663.05,38782.55,0,0
2022-05-30 12:45:00+05:30,38781.05,38818.5,38752.4,38808.2,0,0
2022-05-30 13:15:00+05:30,38808.45,38820.25,38766.75,38796.3,0,0
2022-05-30 13:45:00+05:30,38796.2,38904.1,38720.15,38826.6,0,0
2022-05-30 14:15:00+05:30,38826.55,38917.05,38787.2,38880.15,0,0
2022-05-30 14:45:00+05:30,38880.25,38978.95,38880.25,38943.0,0,0
2022-05-30 15:15:00+05:30,38938.4,38970.2,38916.1,38967.75,0,0
2022-05-31 09:15:00+05:30,38872.55,38898.6,38707.0,38853.95,0,0
2022-05-31 09:45:00+05:30,38856.0,39109.05,38856.0,39093.25,0,0
2022-05-31 10:15:00+05:30,39093.9,39198.45,39078.5,39187.55,0,0
2022-05-31 10:45:00+05:30,39185.95,39208.85,39095.05,39130.2,0,0
2022-05-31 11:15:00+05:30,39131.75,39137.1,39039.85,39040.7,0,0
2022-05-31 11:45:00+05:30,39039.25,39133.95,38976.8,39121.8,0,0
2022-05-31 12:15:00+05:30,39119.65,39224.6,39103.6,39143.1,0,0
2022-05-31 12:45:00+05:30,39144.05,39198.3,39086.2,39156.5,0,0
2022-05-31 13:15:00+05:30,39160.35,39271.2,39154.95,39257.55,0,0
2022-05-31 13:45:00+05:30,39257.75,39331.65,39253.95,39295.45,0,0
2022-05-31 14:15:00+05:30,39293.25,39327.9,39227.1,39252.05,0,0
2022-05-31 14:45:00+05:30,39253.1,39307.75,38905.55,38905.55,0,0
2022-05-31 15:15:00+05:30,38907.1,39037.55,38897.15,38970.6,0,0
2022-06-01 09:15:00+05:30,38955.9,39145.9,38890.7,38920.85,0,0
2022-06-01 09:45:00+05:30,38924.5,39058.4,38885.8,38987.3,0,0
2022-06-01 10:15:00+05:30,38989.6,39018.1,38909.35,38936.8,0,0
2022-06-01 10:45:00+05:30,38936.55,38940.4,38845.45,38863.2,0,0
2022-06-01 11:15:00+05:30,38863.8,38885.65,38805.85,38839.35,0,0
2022-06-01 11:45:00+05:30,38840.55,38841.8,38726.1,38756.8,0,0
2022-06-01 12:15:00+05:30,38758.2,38761.1,38650.55,38703.2,0,0
2022-06-01 12:45:00+05:30,38705.4,38724.25,38580.65,38591.5,0,0
2022-06-01 13:15:00+05:30,38592.2,38612.85,38470.85,38473.9,0,0
2022-06-01 13:45:00+05:30,38474.2,38602.15,38469.45,38477.4,0,0
2022-06-01 14:15:00+05:30,38476.85,38534.6,38386.65,38403.25,0,0
2022-06-01 14:45:00+05:30,38401.1,38637.05,38374.85,38629.5,0,0
2022-06-01 15:15:00+05:30,38633.25,38659.35,38613.0,38638.2,0,0
2022-06-02 09:15:00+05:30,38574.65,38661.05,38476.1,38488.95,0,0
2022-06-02 09:45:00+05:30,38489.15,38733.55,38476.25,38719.2,0,0
2022-06-02 10:15:00+05:30,38718.65,38805.85,38678.75,38702.4,0,0
2022-06-02 10:45:00+05:30,38701.45,38715.8,38560.95,38607.15,0,0
2022-06-02 11:15:00+05:30,38606.45,38668.85,38598.25,38628.75,0,0
2022-06-02 11:45:00+05:30,38628.45,38652.05,38578.35,38636.05,0,0
2022-06-02 12:15:00+05:30,38635.05,38685.95,38614.2,38623.95,0,0
2022-06-02 12:45:00+05:30,38624.15,38661.7,38582.9,38647.6,0,0
2022-06-02 13:15:00+05:30,38644.95,38670.15,38606.45,38668.8,0,0
2022-06-02 13:45:00+05:30,38667.5,38703.4,38624.3,38698.9,0,0
2022-06-02 14:15:00+05:30,38701.15,38809.45,38688.0,38768.0,0,0
2022-06-02 14:45:00+05:30,38765.8,38841.45,38729.7,38813.1,0,0
2022-06-02 15:15:00+05:30,38812.6,38848.5,38810.25,38835.8,0,0
2022-06-03 09:15:00+05:30,39095.15,39173.7,38798.75,38799.7,0,0
2022-06-03 09:45:00+05:30,38796.95,38831.35,38717.85,38737.9,0,0
2022-06-03 10:15:00+05:30,38736.05,38736.65,38581.0,38586.75,0,0
2022-06-03 10:45:00+05:30,38586.1,38664.75,38559.35,38629.95,0,0
2022-06-03 11:15:00+05:30,38630.3,38673.3,38599.9,38665.8,0,0
2022-06-03 11:45:00+05:30,38668.2,38704.6,38641.6,38660.75,0,0
2022-06-03 12:15:00+05:30,38661.7,38675.15,38537.55,38595.8,0,0
2022-06-03 12:45:00+05:30,38595.75,38613.05,38513.4,38527.85,0,0
2022-06-03 13:15:00+05:30,38528.65,38533.25,38430.1,38442.9,0,0
2022-06-03 13:45:00+05:30,38441.8,38569.3,38416.75,38555.05,0,0
2022-06-03 14:15:00+05:30,38555.55,38587.55,38351.2,38438.8,0,0
2022-06-03 14:45:00+05:30,38439.8,38439.8,38216.0,38229.9,0,0
2022-06-03 15:15:00+05:30,38230.2,38297.75,38227.8,38278.9,0,0
2022-06-06 09:15:00+05:30,38179.0,38186.3,37688.3,37801.0,0,0
2022-06-06 09:45:00+05:30,37802.7,37974.65,37796.6,37841.55,0,0
2022-06-06 10:15:00+05:30,37840.9,37993.35,37807.95,37873.3,0,0
2022-06-06 10:45:00+05:30,37873.3,37955.45,37834.7,37884.5,0,0
2022-06-06 11:15:00+05:30,37884.1,37913.05,37839.9,37880.6,0,0
2022-06-06 11:45:00+05:30,37878.35,38029.3,37859.6,38029.3,0,0
2022-06-06 12:15:00+05:30,38029.05,38051.3,37967.25,38038.75,0,0
2022-06-06 12:45:00+05:30,38040.8,38156.75,38039.9,38132.05,0,0
2022-06-06 13:15:00+05:30,38130.65,38208.9,38111.5,38159.45,0,0
2022-06-06 13:45:00+05:30,38158.65,38220.1,38142.4,38180.65,0,0
2022-06-06 14:15:00+05:30,38181.6,38182.1,38047.25,38161.2,0,0
2022-06-06 14:45:00+05:30,38161.3,38171.8,38082.65,38147.5,0,0
2022-06-06 15:15:00+05:30,38146.2,38181.9,38134.35,38152.25,0,0
2022-06-07 09:15:00+05:30,37934.0,37952.85,37740.5,37884.95,0,0
2022-06-07 09:45:00+05:30,37880.1,37918.25,37734.45,37918.25,0,0
2022-06-07 10:15:00+05:30,37918.05,37939.0,37876.55,37921.45,0,0
2022-06-07 10:45:00+05:30,37922.9,37951.3,37817.75,37821.3,0,0
2022-06-07 11:15:00+05:30,37821.2,37864.35,37749.45,37763.5,0,0
2022-06-07 11:45:00+05:30,37763.85,37813.7,37744.8,37779.95,0,0
2022-06-07 12:15:00+05:30,37780.75,37865.8,37771.85,37840.2,0,0
2022-06-07 12:45:00+05:30,37840.05,37843.95,37710.7,37754.5,0,0
2022-06-07 13:15:00+05:30,37753.65,37818.7,37747.2,37777.7,0,0
2022-06-07 13:45:00+05:30,37778.55,37795.35,37708.0,37711.55,0,0
2022-06-07 14:15:00+05:30,37711.15,37797.4,37677.15,37705.3,0,0
2022-06-07 14:45:00+05:30,37706.1,37853.7,37692.05,37840.05,0,0
2022-06-07 15:15:00+05:30,37839.3,37850.65,37777.5,37786.85,0,0
2022-06-08 09:15:00+05:30,37965.9,38025.8,37591.9,37649.85,0,0
2022-06-08 09:45:00+05:30,37645.65,37788.85,37503.55,37786.65,0,0
2022-06-08 10:15:00+05:30,37785.0,38029.75,37736.95,38029.75,0,0
2022-06-08 10:45:00+05:30,38026.05,38048.35,37818.0,37829.05,0,0
2022-06-08 11:15:00+05:30,37830.5,37894.3,37818.8,37844.95,0,0
2022-06-08 11:45:00+05:30,37846.55,37955.25,37841.25,37922.8,0,0
2022-06-08 12:15:00+05:30,37922.25,37957.55,37879.1,37908.55,0,0
2022-06-08 12:45:00+05:30,37910.75,37928.05,37748.45,37748.45,0,0
2022-06-08 13:15:00+05:30,37748.6,37797.1,37657.75,37734.7,0,0
2022-06-08 13:45:00+05:30,37727.7,37762.2,37674.45,37677.2,0,0
2022-06-08 14:15:00+05:30,37675.85,37713.5,37560.6,37604.7,0,0
2022-06-08 14:45:00+05:30,37604.0,37747.0,37558.95,37719.3,0,0
2022-06-08 15:15:00+05:30,37720.5,37734.6,37668.5,37677.4,0,0
2022-06-09 09:15:00+05:30,37540.8,37740.85,37378.9,37732.65,0,0
2022-06-09 09:45:00+05:30,37732.3,37784.3,37652.05,37652.05,0,0
2022-06-09 10:15:00+05:30,37653.55,37823.6,37621.7,37815.6,0,0
2022-06-09 10:45:00+05:30,37817.0,37839.55,37742.05,37756.35,0,0
2022-06-09 11:15:00+05:30,37756.15,37756.15,37671.2,37703.5,0,0
2022-06-09 11:45:00+05:30,37703.45,37718.15,37658.9,37712.2,0,0
2022-06-09 12:15:00+05:30,37712.15,37793.05,37678.75,37773.5,0,0
2022-06-09 12:45:00+05:30,37775.0,37783.7,37678.0,37711.6,0,0
2022-06-09 13:15:00+05:30,37711.45,37800.6,37702.25,37785.85,0,0
2022-06-09 13:45:00+05:30,37785.2,37853.2,37765.45,37842.95,0,0
2022-06-09 14:15:00+05:30,37841.9,37966.6,37808.55,37961.5,0,0
2022-06-09 14:45:00+05:30,37965.65,38029.0,37963.0,37995.65,0,0
2022-06-09 15:15:00+05:30,37995.7,38035.5,37975.75,37995.55,0,0
2022-06-10 09:15:00+05:30,37654.4,37721.35,37516.4,37568.7,0,0
2022-06-10 09:45:00+05:30,37570.15,37631.3,37521.3,37624.85,0,0
2022-06-10 10:15:00+05:30,37624.6,37810.3,37619.4,37782.55,0,0
2022-06-10 10:45:00+05:30,37782.25,37814.15,37728.3,37757.4,0,0
2022-06-10 11:15:00+05:30,37757.8,37758.1,37636.2,37687.2,0,0
2022-06-10 11:45:00+05:30,37688.2,37751.9,37635.25,37745.65,0,0
2022-06-10 12:15:00+05:30,37746.55,37753.4,37679.7,37693.05,0,0
2022-06-10 12:45:00+05:30,37692.0,37720.15,37650.35,37664.6,0,0
2022-06-10 13:15:00+05:30,37665.2,37726.65,37608.55,37726.65,0,0
2022-06-10 13:45:00+05:30,37727.2,37769.2,37589.35,37619.7,0,0
2022-06-10 14:15:00+05:30,37621.15,37638.7,37568.55,37593.8,0,0
2022-06-10 14:45:00+05:30,37593.7,37707.35,37593.7,37674.3,0,0
2022-06-10 15:15:00+05:30,37674.7,37681.95,37608.75,37657.95,0,0
2022-06-13 09:15:00+05:30,37019.6,37089.85,36812.4,36950.4,0,0
2022-06-13 09:45:00+05:30,36951.8,37114.15,36908.85,37069.95,0,0
2022-06-13 10:15:00+05:30,37071.65,37177.2,36959.75,37134.7,0,0
2022-06-13 10:45:00+05:30,37132.6,37145.45,37064.25,37084.45,0,0
2022-06-13 11:15:00+05:30,37084.05,37129.0,37006.55,37014.4,0,0
2022-06-13 11:45:00+05:30,37013.75,37061.65,36995.35,36999.5,0,0
2022-06-13 12:15:00+05:30,36999.15,37077.7,36935.55,36938.2,0,0
2022-06-13 12:45:00+05:30,36937.6,36968.65,36879.45,36916.0,0,0
2022-06-13 13:15:00+05:30,36918.35,37006.5,36869.55,36870.45,0,0
2022-06-13 13:45:00+05:30,36870.35,36881.85,36721.45,36731.9,0,0
2022-06-13 14:15:00+05:30,36733.95,36901.35,36701.5,36842.65,0,0
2022-06-13 14:45:00+05:30,36842.45,36900.8,36768.35,36816.4,0,0
2022-06-13 15:15:00+05:30,36814.8,36894.2,36813.4,36874.4,0,0
2022-06-14 09:15:00+05:30,36859.9,37048.3,36613.85,36801.2,0,0
2022-06-14 09:45:00+05:30,36806.35,36962.3,36803.2,36936.95,0,0
2022-06-14 10:15:00+05:30,36936.9,37126.9,36936.9,37115.0,0,0
2022-06-14 10:45:00+05:30,37115.15,37261.95,37064.3,37261.45,0,0
2022-06-14 11:15:00+05:30,37261.1,37278.35,37173.2,37218.5,0,0
2022-06-14 11:45:00+05:30,37217.9,37225.9,37085.1,37119.15,0,0
2022-06-14 12:15:00+05:30,37118.95,37126.4,36984.55,37009.1,0,0
2022-06-14 12:45:00+05:30,37008.3,37076.3,36937.0,37073.35,0,0
2022-06-14 13:15:00+05:30,37073.6,37127.05,36979.9,37010.9,0,0
2022-06-14 13:45:00+05:30,37012.85,37027.5,36852.05,36854.1,0,0
2022-06-14 14:15:00+05:30,36854.05,36962.85,36808.35,36895.2,0,0
2022-06-14 14:45:00+05:30,36895.3,36975.5,36862.45,36955.8,0,0
2022-06-14 15:15:00+05:30,36955.1,37005.5,36938.1,36948.4,0,0
2022-06-15 09:15:00+05:30,37192.85,37234.45,36969.2,36983.15,0,0
2022-06-15 09:45:00+05:30,36987.15,37133.95,36959.25,37130.55,0,0
2022-06-15 10:15:00+05:30,37129.25,37147.45,37031.65,37100.15,0,0
2022-06-15 10:45:00+05:30,37097.35,37125.4,37041.1,37093.0,0,0
2022-06-15 11:15:00+05:30,37092.8,37182.75,37080.95,37154.85,0,0
2022-06-15 11:45:00+05:30,37156.2,37200.3,37127.65,37165.25,0,0
2022-06-15 12:15:00+05:30,37166.6,37198.2,37124.25,37173.35,0,0
2022-06-15 12:45:00+05:30,37176.75,37211.15,37117.4,37193.0,0,0
2022-06-15 13:15:00+05:30,37191.5,37194.55,37138.25,37159.65,0,0
2022-06-15 13:45:00+05:30,37158.65,37171.1,37104.7,37108.9,0,0
2022-06-15 14:15:00+05:30,37108.1,37121.6,37000.1,37121.1,0,0
2022-06-15 14:45:00+05:30,37121.3,37179.85,37006.75,37037.8,0,0
2022-06-15 15:15:00+05:30,37040.7,37069.45,36960.85,36972.75,0,0
2022-06-16 09:15:00+05:30,37438.0,37450.4,37244.85,37261.9,0,0
2022-06-16 09:45:00+05:30,37263.45,37301.15,37160.95,37162.4,0,0
2022-06-16 10:15:00+05:30,37166.05,37199.4,37082.5,37086.6,0,0
2022-06-16 10:45:00+05:30,37088.15,37158.5,36980.25,37002.45,0,0
2022-06-16 11:15:00+05:30,37003.05,37004.35,36760.9,36815.45,0,0
2022-06-16 11:45:00+05:30,36812.95,36834.05,36575.7,36641.9,0,0
2022-06-16 12:15:00+05:30,36641.1,36712.75,36472.3,36542.95,0,0
2022-06-16 12:45:00+05:30,36540.9,36540.9,36271.6,36278.2,0,0
2022-06-16 13:15:00+05:30,36280.55,36474.7,36135.55,36439.6,0,0
2022-06-16 13:45:00+05:30,36440.7,36498.0,36228.45,36231.05,0,0
2022-06-16 14:15:00+05:30,36231.35,36317.5,36105.0,36153.35,0,0
2022-06-16 14:45:00+05:30,36155.8,36350.85,36127.5,36288.05,0,0
2022-06-16 15:15:00+05:30,36286.6,36297.4,36228.55,36260.5,0,0
2022-06-17 09:15:00+05:30,36037.1,36197.55,35537.0,36144.2,0,0
2022-06-17 09:45:00+05:30,36146.1,36262.0,35731.5,35771.75,0,0
2022-06-17 10:15:00+05:30,35770.15,36087.85,35710.8,35986.0,0,0
2022-06-17 10:45:00+05:30,35982.55,36081.9,35913.15,35913.15,0,0
2022-06-17 11:15:00+05:30,35912.45,35971.2,35816.65,35822.35,0,0
2022-06-17 11:45:00+05:30,35821.95,35927.5,35815.3,35841.25,0,0
2022-06-17 12:15:00+05:30,35842.15,35904.55,35774.0,35820.8,0,0
2022-06-17 12:45:00+05:30,35821.4,35950.6,35739.5,35752.95,0,0
2022-06-17 13:15:00+05:30,35753.7,35923.65,35738.25,35884.85,0,0
2022-06-17 13:45:00+05:30,35883.65,36009.0,35794.4,35855.1,0,0
2022-06-17 14:15:00+05:30,35853.75,35936.0,35687.4,35919.7,0,0
2022-06-17 14:45:00+05:30,35918.55,36075.65,35543.05,35557.8,0,0
2022-06-17 15:15:00+05:30,35556.8,35808.95,35540.8,35775.85,0,0
2022-06-20 09:15:00+05:30,35805.95,35855.5,35316.7,35333.35,0,0
2022-06-20 09:45:00+05:30,35330.05,35644.2,35309.45,35574.55,0,0
2022-06-20 10:15:00+05:30,35571.85,35681.55,35388.7,35508.85,0,0
2022-06-20 10:45:00+05:30,35509.75,35528.0,35335.05,35498.65,0,0
2022-06-20 11:15:00+05:30,35495.95,35527.5,35373.4,35438.2,0,0
2022-06-20 11:45:00+05:30,35440.75,35562.55,35424.2,35454.05,0,0
2022-06-20 12:15:00+05:30,35454.4,35543.7,35415.65,35461.1,0,0
2022-06-20 12:45:00+05:30,35462.3,35466.7,35216.1,35267.35,0,0
2022-06-20 13:15:00+05:30,35267.85,35268.95,35111.7,35113.7,0,0
2022-06-20 13:45:00+05:30,35112.4,35171.2,35019.2,35116.65,0,0
2022-06-20 14:15:00+05:30,35118.7,35211.3,35033.45,35124.3,0,0
2022-06-20 14:45:00+05:30,35122.9,35420.55,35038.15,35413.85,0,0
2022-06-20 15:15:00+05:30,35412.3,35517.1,35412.3,35470.7,0,0
2022-06-21 09:15:00+05:30,35729.65,35885.9,35610.35,35874.15,0,0
2022-06-21 09:45:00+05:30,35876.45,36125.0,35876.45,36110.85,0,0
2022-06-21 10:15:00+05:30,36109.35,36147.05,36058.8,36071.6,0,0
2022-06-21 10:45:00+05:30,36073.55,36099.65,36009.85,36099.25,0,0
2022-06-21 11:15:00+05:30,36101.75,36103.75,35975.75,36052.15,0,0
2022-06-21 11:45:00+05:30,36051.25,36097.5,35980.25,35988.95,0,0
2022-06-21 12:15:00+05:30,35987.6,36137.95,35984.3,36116.8,0,0
2022-06-21 12:45:00+05:30,36116.9,36202.7,36116.9,36200.6,0,0
2022-06-21 13:15:00+05:30,36198.65,36250.5,36156.95,36201.45,0,0
2022-06-21 13:45:00+05:30,36202.85,36262.8,36155.5,36224.85,0,0
2022-06-21 14:15:00+05:30,36226.0,36363.1,36201.55,36220.35,0,0
2022-06-21 14:45:00+05:30,36222.75,36393.25,36185.15,36384.7,0,0
2022-06-21 15:15:00+05:30,36386.55,36475.55,36368.4,36391.15,0,0
2022-06-22 09:15:00+05:30,36232.65,36232.65,35818.25,35838.8,0,0
2022-06-22 09:45:00+05:30,35839.95,35888.7,35616.95,35687.6,0,0
2022-06-22 10:15:00+05:30,35686.2,36015.2,35653.65,35895.4,0,0
2022-06-22 10:45:00+05:30,35896.85,35977.1,35827.9,35850.6,0,0
2022-06-22 11:15:00+05:30,35850.35,35885.4,35754.75,35813.85,0,0
2022-06-22 11:45:00+05:30,35814.75,35852.1,35772.75,35806.05,0,0
2022-06-22 12:15:00+05:30,35806.75,35870.1,35712.45,35764.15,0,0
2022-06-22 12:45:00+05:30,35762.35,35787.65,35671.25,35724.55,0,0
2022-06-22 13:15:00+05:30,35725.5,35749.65,35656.7,35715.75,0,0
2022-06-22 13:45:00+05:30,35714.3,35823.2,35623.7,35762.15,0,0
2022-06-22 14:15:00+05:30,35761.15,35828.8,35686.3,35766.3,0,0
2022-06-22 14:45:00+05:30,35767.05,35863.1,35671.95,35735.6,0,0
2022-06-22 15:15:00+05:30,35733.4,35763.2,35671.65,35671.65,0,0
2022-06-23 09:15:00+05:30,35811.7,36098.1,35715.0,36075.4,0,0
2022-06-23 09:45:00+05:30,36075.05,36212.3,36075.05,36210.7,0,0
2022-06-23 10:15:00+05:30,36210.35,36241.55,36178.2,36186.45,0,0
2022-06-23 10:45:00+05:30,36186.65,36277.95,36174.0,36229.8,0,0
2022-06-23 11:15:00+05:30,36231.75,36276.65,36138.55,36138.65,0,0
2022-06-23 11:45:00+05:30,36138.0,36138.4,35989.25,36056.9,0,0
2022-06-23 12:15:00+05:30,36056.95,36074.05,35880.25,35899.0,0,0
2022-06-23 12:45:00+05:30,35899.95,35899.95,35729.6,35776.45,0,0
2022-06-23 13:15:00+05:30,35776.1,36087.8,35772.5,36081.95,0,0
2022-06-23 13:45:00+05:30,36083.4,36110.3,35947.7,35950.55,0,0
2022-06-23 14:15:00+05:30,35950.85,36184.95,35947.5,36184.8,0,0
2022-06-23 14:45:00+05:30,36184.3,36217.0,36098.35,36144.2,0,0
2022-06-23 15:15:00+05:30,36146.6,36171.2,36113.6,36124.1,0,0
2022-06-24 09:15:00+05:30,36419.9,36519.5,36371.7,36453.95,0,0
2022-06-24 09:45:00+05:30,36452.25,36608.65,36433.8,36500.05,0,0
2022-06-24 10:15:00+05:30,36500.05,36513.8,36393.35,36482.95,0,0
2022-06-24 10:45:00+05:30,36482.9,36510.55,36435.8,36492.9,0,0
2022-06-24 11:15:00+05:30,36492.85,36525.55,36391.3,36462.05,0,0
2022-06-24 11:45:00+05:30,36463.7,36469.5,36353.85,36379.9,0,0
2022-06-24 12:15:00+05:30,36380.1,36511.2,36357.0,36507.55,0,0
2022-06-24 12:45:00+05:30,36507.75,36514.05,36453.15,36497.5,0,0
2022-06-24 13:15:00+05:30,36498.65,36520.55,36444.2,36444.75,0,0
2022-06-24 13:45:00+05:30,36445.25,36555.15,36442.9,36538.05,0,0
2022-06-24 14:15:00+05:30,36539.6,36595.25,36510.35,36584.1,0,0
2022-06-24 14:45:00+05:30,36584.4,36644.35,36552.4,36642.45,0,0
2022-06-24 15:15:00+05:30,36645.8,36655.85,36564.75,36580.35,0,0
2022-06-27 09:15:00+05:30,37066.25,37088.95,36881.65,36981.2,0,0
2022-06-27 09:45:00+05:30,36983.0,37001.55,36884.55,36884.55,0,0
2022-06-27 10:15:00+05:30,36883.6,36946.0,36868.3,36914.9,0,0
2022-06-27 10:45:00+05:30,36916.05,36937.7,36821.4,36904.6,0,0
2022-06-27 11:15:00+05:30,36904.65,36918.65,36831.45,36836.05,0,0
2022-06-27 11:45:00+05:30,36835.05,36886.35,36806.1,36858.15,0,0
2022-06-27 12:15:00+05:30,36857.75,36928.9,36843.05,36920.6,0,0
2022-06-27 12:45:00+05:30,36921.05,36984.7,36920.15,36958.15,0,0
2022-06-27 13:15:00+05:30,36959.45,37010.5,36949.7,36967.95,0,0
2022-06-27 13:45:00+05:30,36966.0,37020.9,36904.6,36938.6,0,0
2022-06-27 14:15:00+05:30,36938.55,36958.95,36874.8,36881.6,0,0
2022-06-27 14:45:00+05:30,36878.5,36944.85,36848.6,36903.6,0,0
2022-06-27 15:15:00+05:30,36902.35,36910.15,36843.3,36862.4,0,0
2022-06-28 09:15:00+05:30,36772.1,36776.6,36466.4,36522.35,0,0
2022-06-28 09:45:00+05:30,36521.3,36552.75,36421.15,36470.5,0,0
2022-06-28 10:15:00+05:30,36470.8,36509.6,36454.95,36507.95,0,0
2022-06-28 10:45:00+05:30,36508.0,36527.6,36470.45,36501.65,0,0
2022-06-28 11:15:00+05:30,36499.85,36684.85,36483.9,36653.15,0,0
2022-06-28 11:45:00+05:30,36653.95,36717.3,36648.5,36696.3,0,0
2022-06-28 12:15:00+05:30,36695.35,36836.55,36672.7,36818.5,0,0
2022-06-28 12:45:00+05:30,36818.75,36823.05,36665.85,36671.25,0,0
2022-06-28 13:15:00+05:30,36670.6,36811.0,36665.45,36791.3,0,0
2022-06-28 13:45:00+05:30,36791.65,36826.9,36747.65,36810.75,0,0
2022-06-28 14:15:00+05:30,36810.65,36902.7,36810.65,36892.3,0,0
2022-06-28 14:45:00+05:30,36892.3,36973.5,36827.6,36926.95,0,0
2022-06-28 15:15:00+05:30,36929.6,36983.85,36919.85,36933.55,0,0
2022-06-29 09:15:00+05:30,36566.0,36683.0,36516.45,36676.25,0,0
2022-06-29 09:45:00+05:30,36676.4,36756.85,36675.05,36738.8,0,0
2022-06-29 10:15:00+05:30,36738.65,36791.85,36699.9,36708.4,0,0
2022-06-29 10:45:00+05:30,36707.15,36715.65,36649.45,36709.25,0,0
2022-06-29 11:15:00+05:30,36710.85,36782.35,36708.85,36760.15,0,0
2022-06-29 11:45:00+05:30,36760.8,36807.35,36746.5,36749.3,0,0
2022-06-29 12:15:00+05:30,36749.45,36783.7,36691.0,36708.05,0,0
2022-06-29 12:45:00+05:30,36706.85,36797.05,36704.75,36765.15,0,0
2022-06-29 13:15:00+05:30,36765.1,36780.05,36697.75,36742.65,0,0
2022-06-29 13:45:00+05:30,36739.9,36783.2,36694.3,36781.55,0,0
2022-06-29 14:15:00+05:30,36782.2,36801.25,36670.4,36727.15,0,0
2022-06-29 14:45:00+05:30,36726.0,36785.15,36648.35,36661.15,0,0
2022-06-29 15:15:00+05:30,36656.2,36681.15,36607.5,36645.4,0,0
2022-06-30 09:15:00+05:30,36712.15,36927.15,36712.15,36888.05,0,0
2022-06-30 09:45:00+05:30,36884.65,36900.05,36757.0,36776.1,0,0
2022-06-30 10:15:00+05:30,36776.75,36776.75,36667.9,36739.35,0,0
2022-06-30 10:45:00+05:30,36739.65,36756.3,36591.8,36594.5,0,0
2022-06-30 11:15:00+05:30,36595.1,36633.5,36561.5,36612.7,0,0
2022-06-30 11:45:00+05:30,36611.55,36655.4,36551.55,36552.55,0,0
2022-06-30 12:15:00+05:30,36551.65,36613.4,36491.65,36549.0,0,0
2022-06-30 12:45:00+05:30,36546.35,36618.55,36524.25,36618.15,0,0
2022-06-30 13:15:00+05:30,36616.9,36684.3,36602.2,36653.15,0,0
2022-06-30 13:45:00+05:30,36655.1,36670.0,36589.5,36629.0,0,0
2022-06-30 14:15:00+05:30,36629.2,36650.85,36590.35,36600.65,0,0
2022-06-30 14:45:00+05:30,36599.85,36662.35,36489.25,36495.9,0,0
2022-06-30 15:15:00+05:30,36498.75,36500.55,36441.8,36461.2,0,0
2022-07-01 09:15:00+05:30,36477.95,36659.8,36344.25,36524.6,0,0
2022-07-01 09:45:00+05:30,36525.6,36542.95,36191.5,36303.35,0,0
2022-07-01 10:15:00+05:30,36305.0,36456.15,36224.3,36413.9,0,0
2022-07-01 10:45:00+05:30,36415.05,36579.8,36364.65,36574.35,0,0
2022-07-01 11:15:00+05:30,36576.05,36649.0,36509.3,36509.6,0,0
2022-07-01 11:45:00+05:30,36510.75,36593.4,36464.65,36559.3,0,0
2022-07-01 12:15:00+05:30,36563.25,36641.6,36536.55,36589.4,0,0
2022-07-01 12:45:00+05:30,36594.0,36719.05,36565.25,36697.1,0,0
2022-07-01 13:15:00+05:30,36697.55,36735.2,36639.25,36718.3,0,0
2022-07-01 13:45:00+05:30,36720.85,36730.6,36654.2,36655.95,0,0
2022-07-01 14:15:00+05:30,36657.8,36800.95,36644.2,36797.6,0,0
2022-07-01 14:45:00+05:30,36797.85,36959.85,36787.25,36934.55,0,0
2022-07-01 15:15:00+05:30,36934.05,36991.2,36831.45,36934.3,0,0
2022-07-04 09:15:00+05:30,36937.15,37176.75,36937.15,36998.15,0,0
2022-07-04 09:45:00+05:30,36997.1,37014.55,36836.05,36869.35,0,0
2022-07-04 10:15:00+05:30,36867.2,36995.75,36835.4,36994.9,0,0
2022-07-04 10:45:00+05:30,36994.8,37096.05,36994.4,37086.95,0,0
2022-07-04 11:15:00+05:30,37086.3,37095.3,36990.9,37063.15,0,0
2022-07-04 11:45:00+05:30,37063.5,37075.0,37019.7,37065.0,0,0
2022-07-04 12:15:00+05:30,37065.4,37115.95,37043.25,37066.8,0,0
2022-07-04 12:45:00+05:30,37065.95,37152.85,37053.3,37108.8,0,0
2022-07-04 13:15:00+05:30,37107.75,37122.45,37056.5,37103.75,0,0
2022-07-04 13:45:00+05:30,37103.65,37134.3,37040.85,37130.05,0,0
2022-07-04 14:15:00+05:30,37129.65,37210.4,37126.25,37186.95,0,0
2022-07-04 14:45:00+05:30,37188.3,37298.75,37184.6,37277.05,0,0
2022-07-04 15:15:00+05:30,37277.2,37314.6,37259.7,37271.4,0,0
2022-07-05 09:15:00+05:30,37439.8,37574.2,37424.55,37560.4,0,0
2022-07-05 09:45:00+05:30,37560.3,37566.8,37501.6,37520.8,0,0
2022-07-05 10:15:00+05:30,37520.7,37580.2,37507.55,37560.95,0,0
2022-07-05 10:45:00+05:30,37561.45,37577.75,37524.0,37561.55,0,0
2022-07-05 11:15:00+05:30,37562.4,37624.15,37544.6,37617.6,0,0
2022-07-05 11:45:00+05:30,37618.15,37669.05,37616.4,37652.25,0,0
2022-07-05 12:15:00+05:30,37651.65,37695.25,37601.85,37611.6,0,0
2022-07-05 12:45:00+05:30,37609.7,37673.0,37583.85,37598.75,0,0
2022-07-05 13:15:00+05:30,37597.95,37628.0,37513.3,37531.15,0,0
2022-07-05 13:45:00+05:30,37529.65,37533.8,37360.2,37365.5,0,0
2022-07-05 14:15:00+05:30,37368.6,37451.1,37340.85,37408.0,0,0
2022-07-05 14:45:00+05:30,37407.2,37420.9,37218.2,37310.9,0,0
2022-07-05 15:15:00+05:30,37311.8,37338.2,37277.0,37299.4,0,0
2022-07-06 09:15:00+05:30,37318.9,37462.2,37240.15,37249.2,0,0
2022-07-06 09:45:00+05:30,37249.4,37510.45,37222.6,37494.8,0,0
2022-07-06 10:15:00+05:30,37495.55,37536.55,37460.5,37533.65,0,0
2022-07-06 10:45:00+05:30,37532.5,37580.65,37509.15,37531.45,0,0
2022-07-06 11:15:00+05:30,37530.05,37575.4,37486.25,37516.55,0,0
2022-07-06 11:45:00+05:30,37514.6,37635.1,37512.8,37635.1,0,0
2022-07-06 12:15:00+05:30,37634.4,37701.25,37630.9,37639.35,0,0
2022-07-06 12:45:00+05:30,37639.75,37759.05,37637.2,37759.05,0,0
2022-07-06 13:15:00+05:30,37759.6,37783.8,37715.3,37753.3,0,0
2022-07-06 13:45:00+05:30,37753.25,37766.1,37669.2,37691.6,0,0
2022-07-06 14:15:00+05:30,37690.85,37803.25,37684.35,37729.2,0,0
2022-07-06 14:45:00+05:30,37731.55,37947.9,37709.75,37939.7,0,0
2022-07-06 15:15:00+05:30,37937.9,37983.7,37936.75,37951.95,0,0
2022-07-07 09:15:00+05:30,38230.4,38303.95,38141.0,38168.25,0,0
2022-07-07 09:45:00+05:30,38171.7,38255.35,38135.8,38255.35,0,0
2022-07-07 10:15:00+05:30,38255.75,38321.85,38251.55,38320.15,0,0
2022-07-07 10:45:00+05:30,38321.1,38332.3,38236.35,38241.2,0,0
2022-07-07 11:15:00+05:30,38241.05,38273.7,38203.4,38234.9,0,0
2022-07-07 11:45:00+05:30,38234.7,38257.45,38222.3,38235.75,0,0
2022-07-07 12:15:00+05:30,38236.15,38271.1,38204.7,38210.5,0,0
2022-07-07 12:45:00+05:30,38212.65,38276.25,38189.35,38226.9,0,0
2022-07-07 13:15:00+05:30,38227.1,38295.85,38225.15,38255.75,0,0
2022-07-07 13:45:00+05:30,38256.45,38257.15,38075.95,38076.75,0,0
2022-07-07 14:15:00+05:30,38075.9,38268.45,38050.6,38268.2,0,0
2022-07-07 14:45:00+05:30,38264.9,38328.1,38255.45,38262.45,0,0
2022-07-07 15:15:00+05:30,38264.9,38282.7,38229.8,38253.45,0,0
2022-07-08 09:15:00+05:30,38499.75,38499.75,38276.05,38327.7,0,0
2022-07-08 09:45:00+05:30,38326.7,38347.8,38199.2,38240.05,0,0
2022-07-08 10:15:00+05:30,38240.95,38294.7,38233.0,38256.3,0,0
2022-07-08 10:45:00+05:30,38255.9,38265.85,38195.95,38205.45,0,0
2022-07-08 11:15:00+05:30,38205.35,38240.2,38132.7,38164.0,0,0
2022-07-08 11:45:00+05:30,38163.2,38166.85,38070.65,38111.1,0,0
2022-07-08 12:15:00+05:30,38110.4,38203.0,38088.75,38180.75,0,0
2022-07-08 12:45:00+05:30,38180.25,38218.8,38169.1,38187.0,0,0
2022-07-08 13:15:00+05:30,38188.2,38266.35,38169.95,38234.9,0,0
2022-07-08 13:45:00+05:30,38236.65,38239.95,38170.5,38211.35,0,0
2022-07-08 14:15:00+05:30,38212.0,38246.3,38120.65,38167.0,0,0
2022-07-08 14:45:00+05:30,38169.8,38397.65,38164.9,38385.9,0,0
2022-07-08 15:15:00+05:30,38384.7,38416.35,38370.65,38383.6,0,0
2022-07-11 09:15:00+05:30,38292.05,38590.0,38268.15,38589.15,0,0
2022-07-11 09:45:00+05:30,38586.75,38661.7,38566.95,38629.35,0,0
2022-07-11 10:15:00+05:30,38629.7,38696.1,38590.0,38646.15,0,0
2022-07-11 10:45:00+05:30,38644.95,38666.55,38600.05,38651.2,0,0
2022-07-11 11:15:00+05:30,38650.1,38651.3,38539.2,38547.35,0,0
2022-07-11 11:45:00+05:30,38548.95,38732.5,38538.5,38727.75,0,0
2022-07-11 12:15:00+05:30,38728.1,38743.0,38611.95,38689.0,0,0
2022-07-11 12:45:00+05:30,38688.8,38751.4,38678.25,38747.2,0,0
2022-07-11 13:15:00+05:30,38745.05,38855.5,38738.3,38842.6,0,0
2022-07-11 13:45:00+05:30,38842.95,38904.55,38819.95,38873.75,0,0
2022-07-11 14:15:00+05:30,38871.7,38966.1,38858.85,38946.5,0,0
2022-07-11 14:45:00+05:30,38942.7,39051.6,38916.1,38953.1,0,0
2022-07-11 15:15:00+05:30,38954.0,39008.15,38900.65,38915.95,0,0
2022-07-12 09:15:00+05:30,38854.35,39015.05,38757.5,38974.7,0,0
2022-07-12 09:45:00+05:30,38971.15,39048.7,38948.8,39032.1,0,0
2022-07-12 10:15:00+05:30,39032.1,39037.35,38978.75,39008.75,0,0
2022-07-12 10:45:00+05:30,39008.65,39077.6,38997.5,39046.7,0,0
2022-07-12 11:15:00+05:30,39047.65,39047.65,38841.8,38858.4,0,0
2022-07-12 11:45:00+05:30,38854.65,38927.7,38836.7,38918.35,0,0
2022-07-12 12:15:00+05:30,38918.05,38919.35,38829.9,38891.4,0,0
2022-07-12 12:45:00+05:30,38893.45,38905.85,38827.35,38847.45,0,0
2022-07-12 13:15:00+05:30,38847.9,38911.25,38847.5,38901.65,0,0
2022-07-12 13:45:00+05:30,38903.75,39026.35,38892.5,39023.75,0,0
2022-07-12 14:15:00+05:30,39026.35,39046.25,38973.8,38982.85,0,0
2022-07-12 14:45:00+05:30,38983.25,38991.5,38847.85,38882.5,0,0
2022-07-12 15:15:00+05:30,38880.55,38886.35,38752.15,38760.4,0,0
2022-07-13 09:15:00+05:30,39047.75,39154.7,39036.05,39041.55,0,0
2022-07-13 09:45:00+05:30,39039.7,39058.6,38933.9,38976.95,0,0
2022-07-13 10:15:00+05:30,38974.7,38981.95,38801.25,38816.0,0,0
2022-07-13 10:45:00+05:30,38814.6,38863.45,38772.4,38853.0,0,0
2022-07-13 11:15:00+05:30,38852.0,38964.35,38852.0,38906.0,0,0
2022-07-13 11:45:00+05:30,38907.3,38935.75,38866.3,38930.55,0,0
2022-07-13 12:15:00+05:30,38929.25,38977.25,38879.75,38882.3,0,0
2022-07-13 12:45:00+05:30,38882.5,38885.85,38762.95,38796.1,0,0
2022-07-13 13:15:00+05:30,38795.25,38867.8,38740.15,38741.6,0,0
2022-07-13 13:45:00+05:30,38741.7,38853.6,38707.4,38812.9,0,0
2022-07-13 14:15:00+05:30,38812.7,38897.15,38810.15,38881.25,0,0
2022-07-13 14:45:00+05:30,38881.3,38903.55,38790.55,38833.65,0,0
2022-07-13 15:15:00+05:30,38836.15,38866.7,38802.1,38853.1,0,0
2022-07-14 09:15:00+05:30,39010.35,39039.0,38797.0,38876.7,0,0
2022-07-14 09:45:00+05:30,38876.7,38918.6,38792.1,38820.1,0,0
2022-07-14 10:15:00+05:30,38819.95,38840.35,38709.85,38748.55,0,0
2022-07-14 10:45:00+05:30,38749.6,38792.2,38725.5,38731.2,0,0
2022-07-14 11:15:00+05:30,38730.1,38730.1,38617.4,38679.5,0,0
2022-07-14 11:45:00+05:30,38678.0,38678.0,38528.95,38581.75,0,0
2022-07-14 12:15:00+05:30,38581.7,38652.1,38565.75,38573.65,0,0
2022-07-14 12:45:00+05:30,38572.0,38678.3,38567.35,38606.25,0,0
2022-07-14 13:15:00+05:30,38606.75,38610.9,38518.75,38532.25,0,0
2022-07-14 13:45:00+05:30,38532.9,38570.2,38409.0,38410.45,0,0
2022-07-14 14:15:00+05:30,38409.75,38560.2,38390.95,38504.8,0,0
2022-07-14 14:45:00+05:30,38503.4,38813.25,38475.1,38785.7,0,0
2022-07-14 15:15:00+05:30,38788.15,38891.95,38780.5,38879.6,0,0
2022-07-15 09:15:00+05:30,38960.75,39083.65,38798.6,38804.6,0,0
2022-07-15 09:45:00+05:30,38808.3,38961.05,38790.4,38929.75,0,0
2022-07-15 10:15:00+05:30,38929.4,38956.9,38840.15,38877.0,0,0
2022-07-15 10:45:00+05:30,38876.95,38878.65,38758.15,38811.4,0,0
2022-07-15 11:15:00+05:30,38812.25,38870.55,38809.7,38833.6,0,0
2022-07-15 11:45:00+05:30,38832.95,38905.05,38786.75,38840.95,0,0
2022-07-15 12:15:00+05:30,38839.6,38873.85,38792.4,38796.0,0,0
2022-07-15 12:45:00+05:30,38797.0,38875.15,38792.6,38855.6,0,0
2022-07-15 13:15:00+05:30,38855.2,38863.65,38800.5,38813.9,0,0
2022-07-15 13:45:00+05:30,38813.9,38916.8,38792.1,38916.8,0,0
2022-07-15 14:15:00+05:30,38916.9,38940.65,38848.85,38893.95,0,0
2022-07-15 14:45:00+05:30,38894.85,38969.75,38835.5,38949.55,0,0
2022-07-15 15:15:00+05:30,38949.8,38979.35,38909.8,38914.9,0,0
2022-07-18 09:15:00+05:30,39228.45,39261.3,39142.05,39213.2,0,0
2022-07-18 09:45:00+05:30,39212.3,39286.25,39163.55,39182.7,0,0
2022-07-18 10:15:00+05:30,39181.6,39206.8,39156.65,39204.4,0,0
2022-07-18 10:45:00+05:30,39203.45,39240.5,39191.35,39208.05,0,0
2022-07-18 11:15:00+05:30,39206.35,39290.2,39204.6,39282.35,0,0
2022-07-18 11:45:00+05:30,39282.0,39340.95,39272.0,39335.0,0,0
2022-07-18 12:15:00+05:30,39336.0,39346.05,39301.35,39335.75,0,0
2022-07-18 12:45:00+05:30,39332.85,39362.55,39308.85,39339.9,0,0
2022-07-18 13:15:00+05:30,39340.4,39374.5,39325.25,39364.35,0,0
2022-07-18 13:45:00+05:30,39363.45,39370.2,39311.05,39339.8,0,0
2022-07-18 14:15:00+05:30,39338.1,39403.6,39336.4,39403.6,0,0
2022-07-18 14:45:00+05:30,39409.7,39486.5,39365.35,39460.7,0,0
2022-07-18 15:15:00+05:30,39463.65,39505.0,39453.05,39470.85,0,0
2022-07-19 09:15:00+05:30,39347.7,39516.5,39312.9,39489.2,0,0
2022-07-19 09:45:00+05:30,39490.45,39553.05,39471.3,39542.95,0,0
2022-07-19 10:15:00+05:30,39542.7,39561.95,39517.9,39549.5,0,0
2022-07-19 10:45:00+05:30,39549.35,39581.2,39535.1,39569.35,0,0
2022-07-19 11:15:00+05:30,39567.85,39569.5,39393.3,39399.7,0,0
2022-07-19 11:45:00+05:30,39399.0,39512.15,39366.2,39504.65,0,0
2022-07-19 12:15:00+05:30,39506.7,39546.95,39471.75,39544.5,0,0
2022-07-19 12:45:00+05:30,39543.8,39571.1,39491.3,39491.9,0,0
2022-07-19 13:15:00+05:30,39491.65,39554.25,39476.3,39546.8,0,0
2022-07-19 13:45:00+05:30,39546.15,39590.2,39532.05,39577.05,0,0
2022-07-19 14:15:00+05:30,39573.05,39634.05,39528.4,39612.65,0,0
2022-07-19 14:45:00+05:30,39611.1,39732.0,39606.85,39682.9,0,0
2022-07-19 15:15:00+05:30,39682.65,39690.2,39600.95,39624.95,0,0
2022-07-20 09:15:00+05:30,40022.7,40022.7,39868.05,39903.75,0,0
2022-07-20 09:45:00+05:30,39904.3,39916.3,39819.05,39861.7,0,0
2022-07-20 10:15:00+05:30,39862.15,39929.6,39859.45,39917.55,0,0
2022-07-20 10:45:00+05:30,39918.2,39971.7,39915.35,39940.75,0,0
2022-07-20 11:15:00+05:30,39942.65,40013.55,39936.9,39998.55,0,0
2022-07-20 11:45:00+05:30,39996.4,40000.0,39937.0,39985.75,0,0
2022-07-20 12:15:00+05:30,39986.9,40004.65,39956.4,39965.25,0,0
2022-07-20 12:45:00+05:30,39965.65,39973.2,39760.9,39762.7,0,0
2022-07-20 13:15:00+05:30,39762.85,39858.55,39750.8,39817.45,0,0
2022-07-20 13:45:00+05:30,39816.7,39840.75,39765.7,39796.1,0,0
2022-07-20 14:15:00+05:30,39796.8,39803.35,39696.5,39737.2,0,0
2022-07-20 14:45:00+05:30,39738.15,39803.15,39729.8,39749.75,0,0
2022-07-20 15:15:00+05:30,39748.55,39751.0,39654.9,39677.8,0,0
2022-07-21 09:15:00+05:30,39761.95,39849.85,39659.85,39847.15,0,0
2022-07-21 09:45:00+05:30,39846.45,40012.3,39843.45,39994.45,0,0
2022-07-21 10:15:00+05:30,39993.35,40001.95,39955.45,39986.2,0,0
2022-07-21 10:45:00+05:30,39984.3,40057.45,39980.3,40055.9,0,0
2022-07-21 11:15:00+05:30,40056.7,40079.15,40029.15,40058.2,0,0
2022-07-21 11:45:00+05:30,40058.25,40102.3,40057.5,40093.95,0,0
2022-07-21 12:15:00+05:30,40093.75,40126.55,40063.65,40110.35,0,0
2022-07-21 12:45:00+05:30,40110.0,40114.25,40033.1,40059.55,0,0
2022-07-21 13:15:00+05:30,40058.95,40102.55,40046.9,40076.55,0,0
2022-07-21 13:45:00+05:30,40076.3,40160.5,40041.1,40139.15,0,0
2022-07-21 14:15:00+05:30,40137.75,40236.7,40137.75,40228.4,0,0
2022-07-21 14:45:00+05:30,40229.9,40332.8,40157.6,40329.5,0,0
2022-07-21 15:15:00+05:30,40330.8,40376.0,40324.8,40337.45,0,0
2022-07-22 09:15:00+05:30,40472.7,40479.5,40224.4,40230.95,0,0
2022-07-22 09:45:00+05:30,40230.7,40253.1,40126.5,40131.8,0,0
2022-07-22 10:15:00+05:30,40131.05,40211.75,40087.7,40111.9,0,0
2022-07-22 10:45:00+05:30,40111.85,40135.0,40074.8,40107.65,0,0
2022-07-22 11:15:00+05:30,40107.35,40150.85,40105.85,40149.8,0,0
2022-07-22 11:45:00+05:30,40149.15,40177.0,40102.1,40123.7,0,0
2022-07-22 12:15:00+05:30,40123.6,40164.8,40098.5,40153.2,0,0
2022-07-22 12:45:00+05:30,40153.5,40197.35,40088.5,40103.85,0,0
2022-07-22 13:15:00+05:30,40103.75,40119.55,40014.65,40118.95,0,0
2022-07-22 13:45:00+05:30,40119.95,40162.85,40086.45,40148.1,0,0
2022-07-22 14:15:00+05:30,40147.6,40224.05,40134.5,40158.9,0,0
2022-07-22 14:45:00+05:30,40159.7,40211.6,40131.9,40187.2,0,0
2022-07-22 15:15:00+05:30,40185.55,40187.35,40109.2,40120.2,0,0
2022-07-25 09:15:00+05:30,40213.25,40217.4,40016.0,40059.4,0,0
2022-07-25 09:45:00+05:30,40059.95,40063.4,39948.2,40049.6,0,0
2022-07-25 10:15:00+05:30,40049.9,40104.45,40037.65,40063.9,0,0
2022-07-25 10:45:00+05:30,40062.85,40078.65,39966.7,39970.05,0,0
2022-07-25 11:15:00+05:30,39968.5,40027.4,39964.0,40001.5,0,0
2022-07-25 11:45:00+05:30,40002.1,40038.45,39984.4,40006.15,0,0
2022-07-25 12:15:00+05:30,40007.0,40018.55,39953.05,39978.2,0,0
2022-07-25 12:45:00+05:30,39979.05,40038.9,39963.4,40032.5,0,0
2022-07-25 13:15:00+05:30,40033.25,40047.95,40009.55,40033.75,0,0
2022-07-25 13:45:00+05:30,40033.65,40123.05,40030.1,40115.0,0,0
2022-07-25 14:15:00+05:30,40114.3,40182.45,40110.7,40168.55,0,0
2022-07-25 14:45:00+05:30,40168.0,40181.5,40115.1,40119.55,0,0
2022-07-25 15:15:00+05:30,40123.55,40139.7,40050.7,40063.15,0,0
2022-07-26 09:15:00+05:30,40164.1,40164.1,39850.3,39888.2,0,0
2022-07-26 09:45:00+05:30,39887.95,39922.05,39828.85,39837.05,0,0
2022-07-26 10:15:00+05:30,39837.9,39873.95,39777.3,39802.15,0,0
2022-07-26 10:45:00+05:30,39802.25,39826.95,39738.25,39764.25,0,0
2022-07-26 11:15:00+05:30,39767.4,39778.85,39692.45,39695.45,0,0
2022-07-26 11:45:00+05:30,39694.05,39759.75,39681.9,39716.65,0,0
2022-07-26 12:15:00+05:30,39716.15,39763.95,39703.4,39734.45,0,0
2022-07-26 12:45:00+05:30,39731.45,39761.95,39711.45,39758.6,0,0
2022-07-26 13:15:00+05:30,39757.9,39800.05,39746.55,39748.9,0,0
2022-07-26 13:45:00+05:30,39747.65,39765.55,39706.6,39752.0,0,0
2022-07-26 14:15:00+05:30,39752.55,39772.85,39633.8,39635.05,0,0
2022-07-26 14:45:00+05:30,39633.65,39689.8,39609.55,39632.8,0,0
2022-07-26 15:15:00+05:30,39633.45,39645.7,39525.95,39539.25,0,0
2022-07-27 09:15:00+05:30,39579.65,39652.85,39473.2,39586.85,0,0
2022-07-27 09:45:00+05:30,39585.35,39734.75,39579.95,39708.25,0,0
2022-07-27 10:15:00+05:30,39705.75,39713.2,39659.4,39701.55,0,0
2022-07-27 10:45:00+05:30,39701.7,39738.15,39687.9,39714.1,0,0
2022-07-27 11:15:00+05:30,39712.4,39733.3,39695.5,39725.9,0,0
2022-07-27 11:45:00+05:30,39725.4,39728.25,39685.15,39721.2,0,0
2022-07-27 12:15:00+05:30,39721.9,39722.75,39631.85,39695.75,0,0
2022-07-27 12:45:00+05:30,39696.75,39752.2,39675.45,39738.45,0,0
2022-07-27 13:15:00+05:30,39738.3,39785.15,39725.4,39746.9,0,0
2022-07-27 13:45:00+05:30,39742.45,39812.65,39714.15,39797.45,0,0
2022-07-27 14:15:00+05:30,39797.2,39848.55,39792.75,39833.75,0,0
2022-07-27 14:45:00+05:30,39835.65,39949.85,39829.9,39947.0,0,0
2022-07-27 15:15:00+05:30,39947.1,39966.35,39904.45,39926.6,0,0
2022-07-28 09:15:00+05:30,40112.15,40155.15,40007.95,40071.85,0,0
2022-07-28 09:45:00+05:30,40075.35,40228.2,40072.05,40211.05,0,0
2022-07-28 10:15:00+05:30,40211.65,40275.4,40193.55,40269.0,0,0
2022-07-28 10:45:00+05:30,40268.15,40325.35,40255.2,40322.4,0,0
2022-07-28 11:15:00+05:30,40321.25,40327.05,40248.25,40309.35,0,0
2022-07-28 11:45:00+05:30,40308.05,40315.15,40262.85,40303.35,0,0
2022-07-28 12:15:00+05:30,40304.25,40342.05,40282.05,40331.2,0,0
2022-07-28 12:45:00+05:30,40332.55,40350.55,40246.15,40302.55,0,0
2022-07-28 13:15:00+05:30,40305.6,40316.35,40241.5,40274.25,0,0
2022-07-28 13:45:00+05:30,40274.25,40336.0,40229.9,40260.7,0,0
2022-07-28 14:15:00+05:30,40259.35,40318.25,40235.05,40244.2,0,0
2022-07-28 14:45:00+05:30,40243.75,40428.0,40221.2,40418.55,0,0
2022-07-28 15:15:00+05:30,40416.25,40424.9,40385.0,40403.85,0,0
2022-07-29 09:15:00+05:30,40675.1,41004.8,40657.6,40976.3,0,0
2022-07-29 09:45:00+05:30,40976.25,41016.55,40957.7,40966.3,0,0
2022-07-29 10:15:00+05:30,40965.9,40990.7,40694.75,40718.6,0,0
2022-07-29 10:45:00+05:30,40718.85,40846.7,40713.25,40838.45,0,0
2022-07-29 11:15:00+05:30,40837.35,40873.95,40795.35,40841.5,0,0
2022-07-29 11:45:00+05:30,40840.95,40886.75,40837.75,40881.05,0,0
2022-07-29 12:15:00+05:30,40881.7,40908.65,40845.2,40848.9,0,0
2022-07-29 12:45:00+05:30,40848.45,40870.0,40820.35,40844.85,0,0
2022-07-29 13:15:00+05:30,40845.35,40847.25,40743.05,40803.1,0,0
2022-07-29 13:45:00+05:30,40797.1,40814.1,40736.9,40775.55,0,0
2022-07-29 14:15:00+05:30,40775.05,40820.5,40714.35,40817.15,0,0
2022-07-29 14:45:00+05:30,40816.85,40956.95,40764.85,40894.05,0,0
2022-07-29 15:15:00+05:30,40895.2,40936.9,40884.25,40905.6,0,0
2022-08-01 09:15:00+05:30,41124.95,41128.3,40855.25,41008.85,0,0
2022-08-01 09:45:00+05:30,41011.85,41151.55,41004.4,41151.55,0,0
2022-08-01 10:15:00+05:30,41150.35,41160.4,41065.1,41136.3,0,0
2022-08-01 10:45:00+05:30,41134.85,41159.05,41096.5,41114.65,0,0
2022-08-01 11:15:00+05:30,41111.9,41191.0,41107.95,41189.25,0,0
2022-08-01 11:45:00+05:30,41190.4,41274.8,41179.95,41274.4,0,0
2022-08-01 12:15:00+05:30,41275.45,41320.9,41268.75,41305.0,0,0
2022-08-01 12:45:00+05:30,41306.05,41371.85,41305.75,41329.7,0,0
2022-08-01 13:15:00+05:30,41328.95,41350.0,41281.15,41293.0,0,0
2022-08-01 13:45:00+05:30,41292.75,41345.75,41275.45,41331.7,0,0
2022-08-01 14:15:00+05:30,41331.6,41437.3,41318.95,41404.65,0,0
2022-08-01 14:45:00+05:30,41404.95,41528.75,41396.75,41483.85,0,0
2022-08-01 15:15:00+05:30,41483.4,41532.7,41475.05,41495.45,0,0
2022-08-02 09:15:00+05:30,41536.9,41655.85,41380.8,41621.15,0,0
2022-08-02 09:45:00+05:30,41621.35,41622.45,41343.15,41452.8,0,0
2022-08-02 10:15:00+05:30,41448.2,41578.55,41448.2,41549.5,0,0
2022-08-02 10:45:00+05:30,41549.75,41592.3,41518.95,41591.85,0,0
2022-08-02 11:15:00+05:30,41591.85,41674.25,41563.95,41669.7,0,0
2022-08-02 11:45:00+05:30,41669.0,41677.2,41610.75,41629.65,0,0
2022-08-02 12:15:00+05:30,41628.8,41647.6,41508.25,41510.75,0,0
2022-08-02 12:45:00+05:30,41509.3,41571.8,41498.5,41501.1,0,0
2022-08-02 13:15:00+05:30,41501.9,41595.1,41499.75,41563.7,0,0
2022-08-02 13:45:00+05:30,41564.4,41655.2,41564.1,41613.85,0,0
2022-08-02 14:15:00+05:30,41615.35,41682.85,41605.95,41679.35,0,0
2022-08-02 14:45:00+05:30,41682.75,41736.55,41635.5,41709.25,0,0
2022-08-02 15:15:00+05:30,41711.1,41719.2,41587.1,41589.35,0,0
2022-08-03 09:15:00+05:30,41666.4,41772.7,41312.7,41320.95,0,0
2022-08-03 09:45:00+05:30,41319.5,41521.5,41302.05,41499.45,0,0
2022-08-03 10:15:00+05:30,41500.2,41500.65,41341.9,41391.65,0,0
2022-08-03 10:45:00+05:30,41387.8,41426.45,41332.75,41339.45,0,0
2022-08-03 11:15:00+05:30,41339.05,41341.4,41243.35,41276.1,0,0
2022-08-03 11:45:00+05:30,41275.9,41313.75,41149.55,41175.8,0,0
2022-08-03 12:15:00+05:30,41174.9,41235.95,41123.05,41201.3,0,0
2022-08-03 12:45:00+05:30,41201.85,41343.55,41183.8,41291.85,0,0
2022-08-03 13:15:00+05:30,41292.25,41293.55,41190.85,41225.4,0,0
2022-08-03 13:45:00+05:30,41227.5,41315.15,41217.45,41296.65,0,0
2022-08-03 14:15:00+05:30,41297.2,41409.8,41269.0,41400.3,0,0
2022-08-03 14:45:00+05:30,41401.6,41540.7,41373.85,41518.8,0,0
2022-08-03 15:15:00+05:30,41519.0,41560.3,41496.15,41520.25,0,0
2022-08-04 09:15:00+05:30,41719.5,41831.0,41656.7,41753.75,0,0
2022-08-04 09:45:00+05:30,41753.85,41809.35,41642.5,41667.8,0,0
2022-08-04 10:15:00+05:30,41667.1,41692.5,41603.1,41630.15,0,0
2022-08-04 10:45:00+05:30,41633.1,41690.4,41601.7,41601.7,0,0
2022-08-04 11:15:00+05:30,41601.3,41601.3,41223.0,41223.2,0,0
2022-08-04 11:45:00+05:30,41221.85,41387.1,41048.8,41377.4,0,0
2022-08-04 12:15:00+05:30,41377.05,41442.85,41311.25,41442.85,0,0
2022-08-04 12:45:00+05:30,41443.05,41550.3,41414.95,41473.3,0,0
2022-08-04 13:15:00+05:30,41475.0,41536.65,41452.95,41532.4,0,0
2022-08-04 13:45:00+05:30,41532.5,41556.1,41411.7,41456.9,0,0
2022-08-04 14:15:00+05:30,41457.35,41532.55,41434.05,41521.6,0,0
2022-08-04 14:45:00+05:30,41520.55,41771.8,41506.0,41741.2,0,0
2022-08-04 15:15:00+05:30,41742.6,41755.55,41693.4,41701.4,0,0
2022-08-05 09:15:00+05:30,41899.05,41947.55,41770.3,41902.2,0,0
2022-08-05 09:45:00+05:30,41900.0,41915.55,41763.75,41892.55,0,0
2022-08-05 10:15:00+05:30,41892.1,41958.9,41886.95,41945.1,0,0
2022-08-05 10:45:00+05:30,41951.05,41996.6,41920.05,41992.7,0,0
2022-08-05 11:15:00+05:30,41989.45,42013.0,41922.6,41962.3,0,0
2022-08-05 11:45:00+05:30,41962.55,41991.25,41935.45,41972.1,0,0
2022-08-05 12:15:00+05:30,41969.65,41981.7,41930.55,41943.35,0,0
2022-08-05 12:45:00+05:30,41942.75,41945.8,41840.7,41884.35,0,0
2022-08-05 13:15:00+05:30,41883.2,41946.75,41839.7,41937.5,0,0
2022-08-05 13:45:00+05:30,41937.85,41962.95,41875.7,41875.7,0,0
2022-08-05 14:15:00+05:30,41875.35,41906.55,41770.85,41815.95,0,0
2022-08-05 14:45:00+05:30,41814.7,41897.15,41642.5,41689.85,0,0
2022-08-05 15:15:00+05:30,41690.5,41694.65,41614.15,41628.95,0,0
2022-08-08 09:15:00+05:30,41766.85,41856.1,41631.9,41829.4,0,0
2022-08-08 09:45:00+05:30,41830.1,41839.25,41658.6,41752.7,0,0
2022-08-08 10:15:00+05:30,41753.35,41774.95,41696.35,41713.75,0,0
2022-08-08 10:45:00+05:30,41712.5,41779.2,41692.1,41756.85,0,0
2022-08-08 11:15:00+05:30,41757.65,41795.35,41727.35,41752.6,0,0
2022-08-08 11:45:00+05:30,41752.0,41805.2,41745.2,41805.2,0,0
2022-08-08 12:15:00+05:30,41805.2,41830.7,41785.05,41794.05,0,0
2022-08-08 12:45:00+05:30,41793.35,41834.05,41778.4,41789.55,0,0
2022-08-08 13:15:00+05:30,41789.7,41840.9,41770.05,41817.2,0,0
2022-08-08 13:45:00+05:30,41816.25,41834.05,41744.95,41801.45,0,0
2022-08-08 14:15:00+05:30,41799.45,41842.25,41775.4,41782.55,0,0
2022-08-08 14:45:00+05:30,41783.3,41930.4,41760.0,41893.0,0,0
2022-08-08 15:15:00+05:30,41893.5,41903.4,41864.9,41903.4,0,0
2022-08-10 09:15:00+05:30,42026.3,42057.25,41778.95,41815.5,0,0
2022-08-10 09:45:00+05:30,41814.95,41814.95,41603.3,41739.0,0,0
2022-08-10 10:15:00+05:30,41742.75,41803.8,41722.45,41741.35,0,0
2022-08-10 10:45:00+05:30,41742.25,41781.85,41725.6,41758.4,0,0
2022-08-10 11:15:00+05:30,41758.5,41781.0,41721.0,41726.3,0,0
2022-08-10 11:45:00+05:30,41726.35,41736.3,41643.45,41694.35,0,0
2022-08-10 12:15:00+05:30,41693.8,41707.8,41633.65,41658.4,0,0
2022-08-10 12:45:00+05:30,41657.95,41665.75,41597.65,41606.5,0,0
2022-08-10 13:15:00+05:30,41607.2,41665.9,41603.95,41645.35,0,0
2022-08-10 13:45:00+05:30,41644.4,41664.65,41597.5,41661.9,0,0
2022-08-10 14:15:00+05:30,41661.95,41726.0,41661.95,41719.3,0,0
2022-08-10 14:45:00+05:30,41719.15,41782.9,41695.65,41742.05,0,0
2022-08-10 15:15:00+05:30,41742.9,41768.95,41719.0,41720.05,0,0
2022-08-11 09:15:00+05:30,42038.0,42102.65,41980.65,42043.65,0,0
2022-08-11 09:45:00+05:30,42045.95,42117.8,42043.5,42078.15,0,0
2022-08-11 10:15:00+05:30,42077.75,42108.95,42077.25,42083.85,0,0
2022-08-11 10:45:00+05:30,42085.1,42111.55,42071.3,42110.0,0,0
2022-08-11 11:15:00+05:30,42108.1,42124.55,42028.15,42049.1,0,0
2022-08-11 11:45:00+05:30,42049.45,42075.35,42033.8,42056.1,0,0
2022-08-11 12:15:00+05:30,42056.35,42091.5,42048.15,42078.3,0,0
2022-08-11 12:45:00+05:30,42078.15,42102.9,42026.85,42056.65,0,0
2022-08-11 13:15:00+05:30,42055.9,42067.65,41973.8,42004.35,0,0
2022-08-11 13:45:00+05:30,42002.85,42039.75,41952.75,41962.2,0,0
2022-08-11 14:15:00+05:30,41963.5,42025.45,41939.2,42006.25,0,0
2022-08-11 14:45:00+05:30,42005.5,42111.05,42000.2,42092.25,0,0
2022-08-11 15:15:00+05:30,42089.5,42121.6,42066.15,42114.4,0,0
2022-08-12 09:15:00+05:30,42132.0,42180.9,42053.75,42129.65,0,0
2022-08-12 09:45:00+05:30,42129.65,42237.25,42120.7,42234.9,0,0
2022-08-12 10:15:00+05:30,42234.3,42266.3,42179.3,42180.55,0,0
2022-08-12 10:45:00+05:30,42180.35,42250.45,42174.0,42238.25,0,0
2022-08-12 11:15:00+05:30,42238.15,42260.55,42213.1,42253.9,0,0
2022-08-12 11:45:00+05:30,42256.15,42279.2,42227.4,42260.6,0,0
2022-08-12 12:15:00+05:30,42260.25,42262.9,42211.1,42251.9,0,0
2022-08-12 12:45:00+05:30,42253.0,42274.65,42222.35,42260.15,0,0
2022-08-12 13:15:00+05:30,42260.25,42267.7,42217.85,42261.15,0,0
2022-08-12 13:45:00+05:30,42261.95,42297.5,42239.35,42280.15,0,0
2022-08-12 14:15:00+05:30,42280.0,42282.5,42170.35,42170.4,0,0
2022-08-12 14:45:00+05:30,42169.25,42215.75,42145.45,42203.3,0,0
2022-08-12 15:15:00+05:30,42201.5,42243.15,42197.95,42222.5,0,0
2022-08-16 09:15:00+05:30,42428.3,42612.25,42391.55,42610.55,0,0
2022-08-16 09:45:00+05:30,42610.5,42690.95,42583.6,42636.95,0,0
2022-08-16 10:15:00+05:30,42635.85,42712.2,42635.15,42669.6,0,0
2022-08-16 10:45:00+05:30,42668.4,42739.55,42655.6,42706.7,0,0
2022-08-16 11:15:00+05:30,42704.7,42714.15,42620.45,42703.85,0,0
2022-08-16 11:45:00+05:30,42702.0,42712.45,42621.7,42669.65,0,0
2022-08-16 12:15:00+05:30,42669.85,42700.15,42659.6,42676.35,0,0
2022-08-16 12:45:00+05:30,42675.45,42697.2,42614.35,42621.0,0,0
2022-08-16 13:15:00+05:30,42619.65,42648.2,42572.25,42641.0,0,0
2022-08-16 13:45:00+05:30,42642.1,42720.25,42625.8,42698.45,0,0
2022-08-16 14:15:00+05:30,42697.95,42768.7,42695.05,42761.4,0,0
2022-08-16 14:45:00+05:30,42761.65,42909.15,42726.6,42883.1,0,0
2022-08-16 15:15:00+05:30,42886.3,42910.6,42861.6,42899.2,0,0
2022-08-17 09:15:00+05:30,43035.85,43237.5,43031.65,43235.4,0,0
2022-08-17 09:45:00+05:30,43239.65,43280.25,43208.25,43238.1,0,0
2022-08-17 10:15:00+05:30,43237.25,43273.5,43207.35,43262.05,0,0
2022-08-17 10:45:00+05:30,43261.35,43295.8,43230.0,43288.0,0,0
2022-08-17 11:15:00+05:30,43292.0,43304.45,43265.7,43274.45,0,0
2022-08-17 11:45:00+05:30,43275.65,43282.1,43222.6,43255.65,0,0
2022-08-17 12:15:00+05:30,43255.6,43283.95,43236.35,43272.55,0,0
2022-08-17 12:45:00+05:30,43273.2,43297.7,43250.05,43264.6,0,0
2022-08-17 13:15:00+05:30,43266.25,43325.6,43257.55,43300.9,0,0
2022-08-17 13:45:00+05:30,43302.0,43306.45,43245.85,43261.8,0,0
2022-08-17 14:15:00+05:30,43263.85,43334.65,43231.2,43322.55,0,0
2022-08-17 14:45:00+05:30,43321.7,43372.05,43317.25,43328.15,0,0
2022-08-17 15:15:00+05:30,43326.15,43342.7,43262.0,43290.65,0,0
2022-08-18 09:15:00+05:30,43299.65,43418.65,43199.45,43404.4,0,0
2022-08-18 09:45:00+05:30,43406.8,43499.85,43399.65,43482.3,0,0
2022-08-18 10:15:00+05:30,43483.55,43483.55,43384.8,43469.45,0,0
2022-08-18 10:45:00+05:30,43469.5,43478.9,43444.95,43452.2,0,0
2022-08-18 11:15:00+05:30,43449.8,43449.8,43291.55,43379.25,0,0
2022-08-18 11:45:00+05:30,43380.95,43393.3,43291.25,43317.5,0,0
2022-08-18 12:15:00+05:30,43317.75,43331.9,43304.45,43331.05,0,0
2022-08-18 12:45:00+05:30,43329.65,43442.5,43305.0,43420.6,0,0
2022-08-18 13:15:00+05:30,43420.85,43556.15,43418.95,43492.0,0,0
2022-08-18 13:45:00+05:30,43493.7,43586.5,43481.95,43586.5,0,0
2022-08-18 14:15:00+05:30,43586.3,43655.1,43582.85,43638.05,0,0
2022-08-18 14:45:00+05:30,43639.1,43676.1,43576.2,43582.7,0,0
2022-08-18 15:15:00+05:30,43582.75,43582.75,43501.55,43571.8,0,0
2022-08-19 09:15:00+05:30,43708.05,43809.2,43645.05,43720.65,0,0
2022-08-19 09:45:00+05:30,43720.2,43769.7,43664.7,43736.05,0,0
2022-08-19 10:15:00+05:30,43739.35,43848.4,43735.85,43836.25,0,0
2022-08-19 10:45:00+05:30,43838.6,43863.45,43512.35,43558.25,0,0
2022-08-19 11:15:00+05:30,43555.0,43583.7,43152.95,43159.55,0,0
2022-08-19 11:45:00+05:30,43162.8,43366.85,43143.0,43349.2,0,0
2022-08-19 12:15:00+05:30,43349.9,43352.15,43001.2,43249.05,0,0
2022-08-19 12:45:00+05:30,43249.6,43388.1,43171.2,43378.0,0,0
2022-08-19 13:15:00+05:30,43378.6,43423.9,43231.0,43273.65,0,0
2022-08-19 13:45:00+05:30,43270.35,43279.1,43077.4,43217.85,0,0
2022-08-19 14:15:00+05:30,43221.15,43333.05,43219.6,43316.95,0,0
2022-08-19 14:45:00+05:30,43317.5,43369.55,43138.95,43139.3,0,0
2022-08-19 15:15:00+05:30,43136.5,43138.55,43023.85,43051.95,0,0
2022-08-22 09:15:00+05:30,43042.0,43062.8,42641.9,42679.15,0,0
2022-08-22 09:45:00+05:30,42680.65,42805.8,42612.45,42715.7,0,0
2022-08-22 10:15:00+05:30,42717.2,42765.3,42634.4,42638.95,0,0
2022-08-22 10:45:00+05:30,42639.5,42721.7,42604.05,42664.35,0,0
2022-08-22 11:15:00+05:30,42664.7,42759.7,42656.35,42744.15,0,0
2022-08-22 11:45:00+05:30,42746.5,42866.25,42744.9,42830.3,0,0
2022-08-22 12:15:00+05:30,42831.3,42916.6,42829.6,42864.3,0,0
2022-08-22 12:45:00+05:30,42863.6,42877.25,42689.75,42706.45,0,0
2022-08-22 13:15:00+05:30,42707.05,42742.35,42655.7,42695.95,0,0
2022-08-22 13:45:00+05:30,42697.35,42707.55,42545.05,42591.7,0,0
2022-08-22 14:15:00+05:30,42590.7,42636.15,42355.25,42362.4,0,0
2022-08-22 14:45:00+05:30,42362.6,42458.4,42259.55,42307.7,0,0
2022-08-22 15:15:00+05:30,42307.75,42369.4,42300.25,42327.0,0,0
2022-08-23 09:15:00+05:30,41959.95,42480.65,41950.6,42435.05,0,0
2022-08-23 09:45:00+05:30,42433.95,42536.75,42344.15,42344.15,0,0
2022-08-23 10:15:00+05:30,42342.15,42432.25,41955.15,42062.2,0,0
2022-08-23 10:45:00+05:30,42060.55,42129.85,41970.0,42021.6,0,0
2022-08-23 11:15:00+05:30,42021.6,42206.3,42001.0,42137.25,0,0
2022-08-23 11:45:00+05:30,42137.3,42201.15,42097.55,42135.3,0,0
2022-08-23 12:15:00+05:30,42135.3,42285.55,42102.3,42268.4,0,0
2022-08-23 12:45:00+05:30,42267.6,42374.1,42255.6,42342.0,0,0
2022-08-23 13:15:00+05:30,42340.15,42466.95,42316.6,42423.65,0,0
2022-08-23 13:45:00+05:30,42426.25,42458.7,42378.5,42412.5,0,0
2022-08-23 14:15:00+05:30,42412.75,42497.65,42387.05,42436.95,0,0
2022-08-23 14:45:00+05:30,42435.5,42551.45,42393.35,42528.6,0,0
2022-08-23 15:15:00+05:30,42525.55,42659.2,42517.05,42638.75,0,0
2022-08-24 09:15:00+05:30,42533.05,42653.95,42275.15,42372.65,0,0
2022-08-24 09:45:00+05:30,42372.25,42559.65,42350.75,42554.1,0,0
2022-08-24 10:15:00+05:30,42553.3,42636.25,42533.55,42612.3,0,0
2022-08-24 10:45:00+05:30,42612.05,42730.7,42611.2,42727.8,0,0
2022-08-24 11:15:00+05:30,42726.8,42735.45,42670.5,42697.6,0,0
2022-08-24 11:45:00+05:30,42697.05,42738.5,42555.75,42580.7,0,0
2022-08-24 12:15:00+05:30,42580.5,42595.45,42525.6,42529.25,0,0
2022-08-24 12:45:00+05:30,42528.9,42528.9,42408.35,42415.6,0,0
2022-08-24 13:15:00+05:30,42415.1,42481.95,42329.3,42481.0,0,0
2022-08-24 13:45:00+05:30,42481.45,42508.55,42435.1,42473.05,0,0
2022-08-24 14:15:00+05:30,42470.25,42639.1,42462.35,42623.85,0,0
2022-08-24 14:45:00+05:30,42624.2,42819.55,42623.1,42795.65,0,0
2022-08-24 15:15:00+05:30,42796.25,42807.9,42737.3,42781.2,0,0
2022-08-25 09:15:00+05:30,42999.65,43116.25,42945.7,43070.25,0,0
2022-08-25 09:45:00+05:30,43071.1,43146.4,43047.05,43134.0,0,0
2022-08-25 10:15:00+05:30,43134.75,43142.05,43042.45,43083.85,0,0
2022-08-25 10:45:00+05:30,43084.85,43123.1,43043.4,43087.2,0,0
2022-08-25 11:15:00+05:30,43084.85,43130.55,43001.2,43124.4,0,0
2022-08-25 11:45:00+05:30,43125.45,43180.2,43120.5,43148.8,0,0
2022-08-25 12:15:00+05:30,43149.05,43180.2,43125.75,43127.0,0,0
2022-08-25 12:45:00+05:30,43126.65,43172.75,43125.35,43166.1,0,0
2022-08-25 13:15:00+05:30,43162.6,43202.95,43131.05,43168.25,0,0
2022-08-25 13:45:00+05:30,43168.9,43191.0,43115.0,43140.15,0,0
2022-08-25 14:15:00+05:30,43140.65,43155.85,42942.35,43017.55,0,0
2022-08-25 14:45:00+05:30,43021.25,43042.15,42755.15,42760.3,0,0
2022-08-25 15:15:00+05:30,42757.05,42807.25,42722.7,42798.95,0,0
2022-08-26 09:15:00+05:30,43082.1,43252.2,43082.1,43178.1,0,0
2022-08-26 09:45:00+05:30,43182.8,43253.5,43159.9,43182.8,0,0
2022-08-26 10:15:00+05:30,43182.55,43182.55,43070.85,43070.85,0,0
2022-08-26 10:45:00+05:30,43071.55,43158.75,43054.3,43110.95,0,0
2022-08-26 11:15:00+05:30,43109.75,43231.5,43098.45,43183.75,0,0
2022-08-26 11:45:00+05:30,43183.4,43245.85,43180.6,43224.15,0,0
2022-08-26 12:15:00+05:30,43223.5,43224.1,43148.2,43158.3,0,0
2022-08-26 12:45:00+05:30,43159.3,43183.35,43016.5,43049.45,0,0
2022-08-26 13:15:00+05:30,43047.35,43081.75,42973.7,43021.75,0,0
2022-08-26 13:45:00+05:30,43020.35,43152.45,43013.65,43146.4,0,0
2022-08-26 14:15:00+05:30,43145.4,43166.0,43057.05,43095.65,0,0
2022-08-26 14:45:00+05:30,43096.5,43111.5,42953.5,43029.45,0,0
2022-08-26 15:15:00+05:30,43028.5,43083.35,43010.1,43075.05,0,0
2022-08-29 09:15:00+05:30,41917.25,42548.9,41880.55,42531.3,0,0
2022-08-29 09:45:00+05:30,42531.4,42621.35,42480.35,42574.8,0,0
2022-08-29 10:15:00+05:30,42576.8,42633.5,42548.75,42579.7,0,0
2022-08-29 10:45:00+05:30,42580.15,42770.55,42580.15,42676.45,0,0
2022-08-29 11:15:00+05:30,42675.55,42772.65,42667.9,42705.95,0,0
2022-08-29 11:45:00+05:30,42707.2,42775.95,42697.1,42759.4,0,0
2022-08-29 12:15:00+05:30,42757.85,42818.7,42743.5,42777.95,0,0
2022-08-29 12:45:00+05:30,42779.9,42824.25,42724.2,42772.7,0,0
2022-08-29 13:15:00+05:30,42773.8,42852.05,42760.4,42825.25,0,0
2022-08-29 13:45:00+05:30,42824.0,42849.75,42747.5,42815.0,0,0
2022-08-29 14:15:00+05:30,42815.05,42821.2,42721.05,42786.95,0,0
2022-08-29 14:45:00+05:30,42792.35,42802.35,42697.9,42739.3,0,0
2022-08-29 15:15:00+05:30,42737.8,42826.85,42735.75,42807.8,0,0
2022-08-30 09:15:00+05:30,43101.25,43348.9,43101.25,43314.1,0,0
2022-08-30 09:45:00+05:30,43313.9,43478.35,43311.15,43455.4,0,0
2022-08-30 10:15:00+05:30,43457.2,43502.2,43418.7,43499.5,0,0
2022-08-30 10:45:00+05:30,43500.25,43523.75,43471.3,43523.75,0,0
2022-08-30 11:15:00+05:30,43521.45,43529.1,43457.6,43490.25,0,0
2022-08-30 11:45:00+05:30,43489.95,43502.4,43435.55,43492.5,0,0
2022-08-30 12:15:00+05:30,43490.85,43518.7,43462.95,43486.8,0,0
2022-08-30 12:45:00+05:30,43486.45,43533.0,43484.35,43533.0,0,0
2022-08-30 13:15:00+05:30,43533.5,43611.2,43530.7,43588.2,0,0
2022-08-30 13:45:00+05:30,43586.95,43618.35,43538.1,43615.9,0,0
2022-08-30 14:15:00+05:30,43615.7,43671.2,43611.55,43655.9,0,0
2022-08-30 14:45:00+05:30,43655.85,43732.3,43631.05,43679.2,0,0
2022-08-30 15:15:00+05:30,43677.9,43752.0,43669.7,43682.8,0,0
2022-09-01 09:15:00+05:30,43403.9,43716.45,43348.45,43695.25,0,0
2022-09-01 09:45:00+05:30,43694.6,43832.25,43644.85,43808.15,0,0
2022-09-01 10:15:00+05:30,43808.7,43848.35,43732.4,43769.15,0,0
2022-09-01 10:45:00+05:30,43768.3,43784.95,43690.35,43721.7,0,0
2022-09-01 11:15:00+05:30,43721.2,43776.0,43682.5,43699.15,0,0
2022-09-01 11:45:00+05:30,43697.4,43701.55,43600.65,43696.4,0,0
2022-09-01 12:15:00+05:30,43696.1,43700.0,43651.3,43681.4,0,0
2022-09-01 12:45:00+05:30,43680.55,43690.95,43564.7,43598.0,0,0
2022-09-01 13:15:00+05:30,43598.1,43650.25,43568.8,43640.4,0,0
2022-09-01 13:45:00+05:30,43637.8,43647.25,43530.25,43636.35,0,0
2022-09-01 14:15:00+05:30,43637.0,43749.6,43605.25,43742.05,0,0
2022-09-01 14:45:00+05:30,43743.15,43764.6,43656.6,43730.7,0,0
2022-09-01 15:15:00+05:30,43731.5,43747.4,43665.45,43725.6,0,0
2022-09-02 09:15:00+05:30,43964.4,44011.5,43751.2,43848.9,0,0
2022-09-02 09:45:00+05:30,43850.75,43911.8,43759.8,43803.6,0,0
2022-09-02 10:15:00+05:30,43805.1,43878.8,43762.35,43844.35,0,0
2022-09-02 10:45:00+05:30,43846.2,43854.4,43754.3,43833.85,0,0
2022-09-02 11:15:00+05:30,43833.0,43834.95,43760.75,43824.5,0,0
2022-09-02 11:45:00+05:30,43825.4,43875.85,43798.8,43848.4,0,0
2022-09-02 12:15:00+05:30,43849.0,43882.25,43826.65,43845.6,0,0
2022-09-02 12:45:00+05:30,43842.5,43891.6,43804.25,43814.95,0,0
2022-09-02 13:15:00+05:30,43815.7,43853.2,43798.45,43819.4,0,0
2022-09-02 13:45:00+05:30,43819.1,43885.2,43810.4,43863.5,0,0
2022-09-02 14:15:00+05:30,43864.15,43887.15,43749.75,43752.05,0,0
2022-09-02 14:45:00+05:30,43751.35,43751.5,43581.4,43674.8,0,0
2022-09-02 15:15:00+05:30,43675.95,43679.6,43560.6,43602.0,0,0
2022-09-05 09:15:00+05:30,43748.15,43846.4,43650.05,43786.9,0,0
2022-09-05 09:45:00+05:30,43786.05,43812.3,43739.3,43793.65,0,0
2022-09-05 10:15:00+05:30,43794.05,43830.15,43737.95,43773.2,0,0
2022-09-05 10:45:00+05:30,43774.1,43776.4,43596.6,43680.45,0,0
2022-09-05 11:15:00+05:30,43678.45,43707.05,43634.6,43647.25,0,0
2022-09-05 11:45:00+05:30,43647.45,43686.05,43643.1,43658.55,0,0
2022-09-05 12:15:00+05:30,43660.0,43689.9,43639.15,43672.8,0,0
2022-09-05 12:45:00+05:30,43672.3,43689.4,43614.65,43617.05,0,0
2022-09-05 13:15:00+05:30,43618.1,43619.9,43521.1,43527.4,0,0
2022-09-05 13:45:00+05:30,43526.45,43630.6,43518.85,43617.7,0,0
2022-09-05 14:15:00+05:30,43616.85,43636.9,43563.6,43604.4,0,0
2022-09-05 14:45:00+05:30,43603.35,43617.7,43536.05,43594.9,0,0
2022-09-05 15:15:00+05:30,43593.75,43598.8,43546.0,43590.85,0,0
2022-09-06 09:15:00+05:30,43806.9,43877.5,43748.6,43771.85,0,0
2022-09-06 09:45:00+05:30,43771.75,43804.35,43674.55,43685.85,0,0
2022-09-06 10:15:00+05:30,43684.75,43684.75,43573.95,43657.05,0,0
2022-09-06 10:45:00+05:30,43661.3,43747.85,43646.5,43745.8,0,0
2022-09-06 11:15:00+05:30,43745.75,43770.6,43716.5,43757.5,0,0
2022-09-06 11:45:00+05:30,43756.05,43814.0,43724.8,43797.5,0,0
2022-09-06 12:15:00+05:30,43798.1,43855.65,43797.55,43826.8,0,0
2022-09-06 12:45:00+05:30,43826.05,43881.75,43807.55,43844.7,0,0
2022-09-06 13:15:00+05:30,43845.55,43855.95,43771.8,43816.4,0,0
2022-09-06 13:45:00+05:30,43814.8,43850.5,43776.95,43844.4,0,0
2022-09-06 14:15:00+05:30,43843.55,43869.35,43761.85,43762.75,0,0
2022-09-06 14:45:00+05:30,43762.75,43894.8,43755.45,43867.1,0,0
2022-09-06 15:15:00+05:30,43864.05,43885.85,43842.95,43873.1,0,0
2022-09-07 09:15:00+05:30,43767.25,43991.0,43703.75,43976.4,0,0
2022-09-07 09:45:00+05:30,43972.6,44063.2,43953.8,44046.5,0,0
2022-09-07 10:15:00+05:30,44044.9,44117.9,44040.5,44080.4,0,0
2022-09-07 10:45:00+05:30,44084.2,44084.2,43915.15,43917.95,0,0
2022-09-07 11:15:00+05:30,43919.55,44005.45,43863.9,43996.9,0,0
2022-09-07 11:45:00+05:30,43997.1,44059.0,43996.8,44052.25,0,0
2022-09-07 12:15:00+05:30,44051.0,44080.15,43992.6,43996.0,0,0
2022-09-07 12:45:00+05:30,43997.65,44053.75,43959.95,44046.4,0,0
2022-09-07 13:15:00+05:30,44044.95,44064.25,43985.35,43988.75,0,0
2022-09-07 13:45:00+05:30,43985.8,44039.75,43973.45,43973.45,0,0
2022-09-07 14:15:00+05:30,43971.6,44028.05,43934.4,44005.8,0,0
2022-09-07 14:45:00+05:30,44005.55,44078.4,44002.6,44022.5,0,0
2022-09-07 15:15:00+05:30,44025.05,44031.4,43986.85,44022.7,0,0
2022-09-08 09:15:00+05:30,44331.85,44331.85,44129.3,44149.2,0,0
2022-09-08 09:45:00+05:30,44149.4,44185.2,44097.45,44155.65,0,0
2022-09-08 10:15:00+05:30,44156.85,44203.85,44088.45,44101.45,0,0
2022-09-08 10:45:00+05:30,44103.3,44147.3,44073.25,44133.35,0,0
2022-09-08 11:15:00+05:30,44133.85,44157.55,44083.05,44147.15,0,0
2022-09-08 11:45:00+05:30,44146.2,44188.3,44134.3,44185.65,0,0
2022-09-08 12:15:00+05:30,44187.7,44194.5,44140.65,44144.9,0,0
2022-09-08 12:45:00+05:30,44144.3,44144.3,44003.05,44094.25,0,0
2022-09-08 13:15:00+05:30,44093.0,44112.5,44063.0,44107.15,0,0
2022-09-08 13:45:00+05:30,44107.7,44127.75,44084.65,44117.95,0,0
2022-09-08 14:15:00+05:30,44118.3,44173.35,44114.1,44149.1,0,0
2022-09-08 14:45:00+05:30,44150.75,44186.75,44104.65,44107.4,0,0
2022-09-08 15:15:00+05:30,44107.65,44156.85,44095.15,44144.65,0,0
2022-09-09 09:15:00+05:30,44477.65,44477.65,44341.05,44399.45,0,0
2022-09-09 09:45:00+05:30,44397.3,44457.25,44393.7,44414.75,0,0
2022-09-09 10:15:00+05:30,44415.25,44439.8,44377.15,44381.7,0,0
2022-09-09 10:45:00+05:30,44379.75,44413.7,44323.3,44335.1,0,0
2022-09-09 11:15:00+05:30,44334.65,44337.45,44196.75,44202.05,0,0
2022-09-09 11:45:00+05:30,44201.05,44208.5,44106.45,44106.45,0,0
2022-09-09 12:15:00+05:30,44106.85,44223.95,44096.45,44215.6,0,0
2022-09-09 12:45:00+05:30,44215.05,44216.2,44095.25,44098.7,0,0
2022-09-09 13:15:00+05:30,44099.1,44116.6,43953.95,44057.4,0,0
2022-09-09 13:45:00+05:30,44056.5,44134.8,44055.55,44124.45,0,0
2022-09-09 14:15:00+05:30,44125.15,44194.75,44104.65,44188.8,0,0
2022-09-09 14:45:00+05:30,44187.9,44219.25,44109.9,44109.9,0,0
2022-09-09 15:15:00+05:30,44108.75,44111.0,44052.4,44099.9,0,0
2022-09-12 09:15:00+05:30,44268.7,44416.45,44254.1,44400.8,0,0
2022-09-12 09:45:00+05:30,44402.55,44488.9,44394.05,44473.55,0,0
2022-09-12 10:15:00+05:30,44470.9,44473.9,44403.45,44440.3,0,0
2022-09-12 10:45:00+05:30,44443.6,44481.7,44423.45,44448.65,0,0
2022-09-12 11:15:00+05:30,44451.1,44476.3,44439.0,44452.3,0,0
2022-09-12 11:45:00+05:30,44452.15,44480.2,44445.0,44476.7,0,0
2022-09-12 12:15:00+05:30,44475.35,44479.6,44439.4,44460.95,0,0
2022-09-12 12:45:00+05:30,44457.4,44483.1,44437.7,44473.9,0,0
2022-09-12 13:15:00+05:30,44472.35,44530.2,44455.05,44525.45,0,0
2022-09-12 13:45:00+05:30,44527.35,44591.45,44516.25,44574.9,0,0
2022-09-12 14:15:00+05:30,44576.95,44620.55,44565.6,44600.35,0,0
2022-09-12 14:45:00+05:30,44600.2,44676.3,44593.8,44617.05,0,0
2022-09-12 15:15:00+05:30,44618.15,44645.5,44585.2,44632.4,0,0
2022-09-13 09:15:00+05:30,44887.4,44891.8,44748.05,44771.35,0,0
2022-09-13 09:45:00+05:30,44771.35,44800.3,44725.15,44790.6,0,0
2022-09-13 10:15:00+05:30,44790.7,44854.05,44724.35,44835.25,0,0
2022-09-13 10:45:00+05:30,44833.25,44838.15,44774.3,44813.8,0,0
2022-09-13 11:15:00+05:30,44814.75,44830.2,44782.15,44786.1,0,0
2022-09-13 11:45:00+05:30,44786.7,44853.05,44783.05,44842.3,0,0
2022-09-13 12:15:00+05:30,44842.35,44909.65,44836.9,44873.45,0,0
2022-09-13 12:45:00+05:30,44874.05,44940.45,44873.3,44907.35,0,0
2022-09-13 13:15:00+05:30,44907.15,44941.45,44891.4,44919.3,0,0
2022-09-13 13:45:00+05:30,44918.1,44971.65,44915.3,44950.6,0,0
2022-09-13 14:15:00+05:30,44948.15,44957.7,44899.1,44933.1,0,0
2022-09-13 14:45:00+05:30,44933.0,44984.3,44889.75,44953.7,0,0
2022-09-13 15:15:00+05:30,44954.6,44958.45,44878.4,44916.6,0,0
2022-09-14 09:15:00+05:30,44239.25,44801.45,44239.25,44783.0,0,0
2022-09-14 09:45:00+05:30,44781.65,44853.35,44556.3,44743.85,0,0
2022-09-14 10:15:00+05:30,44744.5,44844.3,44731.05,44844.3,0,0
2022-09-14 10:45:00+05:30,44843.95,44945.25,44824.65,44934.25,0,0
2022-09-14 11:15:00+05:30,44932.15,44992.0,44915.75,44991.95,0,0
2022-09-14 11:45:00+05:30,44990.6,45044.65,44972.85,45022.85,0,0
2022-09-14 12:15:00+05:30,45022.05,45109.45,45018.95,45076.5,0,0
2022-09-14 12:45:00+05:30,45077.35,45084.45,44988.55,45073.0,0,0
2022-09-14 13:15:00+05:30,45073.95,45135.55,45047.2,45112.2,0,0
2022-09-14 13:45:00+05:30,45112.4,45187.95,45010.25,45184.75,0,0
2022-09-14 14:15:00+05:30,45183.4,45258.7,45132.8,45221.45,0,0
2022-09-14 14:45:00+05:30,45222.55,45278.9,45095.3,45098.85,0,0
2022-09-14 15:15:00+05:30,45095.1,45124.55,45030.2,45084.75,0,0
2022-09-15 09:15:00+05:30,45408.75,45475.2,45180.65,45242.05,0,0
2022-09-15 09:45:00+05:30,45242.55,45265.25,45062.35,45153.5,0,0
2022-09-15 10:15:00+05:30,45152.9,45267.8,45091.2,45091.2,0,0
2022-09-15 10:45:00+05:30,45092.35,45179.1,45008.8,45099.65,0,0
2022-09-15 11:15:00+05:30,45103.0,45206.75,45028.55,45156.9,0,0
2022-09-15 11:45:00+05:30,45158.95,45204.6,45100.95,45183.95,0,0
2022-09-15 12:15:00+05:30,45182.15,45233.15,45155.35,45222.95,0,0
2022-09-15 12:45:00+05:30,45222.7,45325.95,45218.2,45298.05,0,0
2022-09-15 13:15:00+05:30,45300.8,45338.8,45254.65,45300.25,0,0
2022-09-15 13:45:00+05:30,45301.75,45396.45,45256.0,45369.65,0,0
2022-09-15 14:15:00+05:30,45370.15,45501.15,45351.75,45475.9,0,0
2022-09-15 14:45:00+05:30,45474.4,45509.25,45414.2,45415.25,0,0
2022-09-15 15:15:00+05:30,45413.35,45420.75,45324.35,45352.15,0,0
2022-09-16 09:15:00+05:30,45275.75,45399.75,44976.75,45186.75,0,0
2022-09-16 09:45:00+05:30,45189.65,45220.6,44837.75,44910.45,0,0
2022-09-16 10:15:00+05:30,44908.3,45112.55,44842.55,45027.85,0,0
2022-09-16 10:45:00+05:30,45028.4,45093.35,44981.5,45045.25,0,0
2022-09-16 11:15:00+05:30,45045.2,45059.6,44915.5,44934.15,0,0
2022-09-16 11:45:00+05:30,44936.45,45018.4,44856.3,44863.9,0,0
2022-09-16 12:15:00+05:30,44865.05,44894.5,44784.05,44789.75,0,0
2022-09-16 12:45:00+05:30,44791.4,44840.4,44385.45,44385.45,0,0
2022-09-16 13:15:00+05:30,44382.2,44431.15,44213.65,44218.6,0,0
2022-09-16 13:45:00+05:30,44217.5,44288.45,43834.9,43898.6,0,0
2022-09-16 14:15:00+05:30,43899.3,44299.65,43825.15,44276.8,0,0
2022-09-16 14:45:00+05:30,44278.15,44385.25,44047.5,44123.65,0,0
2022-09-16 15:15:00+05:30,44123.2,44169.65,44021.9,44155.35,0,0
2022-09-19 09:15:00+05:30,44255.25,44303.55,43702.0,44029.05,0,0
2022-09-19 09:45:00+05:30,44037.25,44370.05,44034.1,44296.2,0,0
2022-09-19 10:15:00+05:30,44292.85,44514.6,44252.75,44455.95,0,0
2022-09-19 10:45:00+05:30,44456.3,44467.15,44333.35,44408.35,0,0
2022-09-19 11:15:00+05:30,44406.55,44444.2,44121.0,44121.0,0,0
2022-09-19 11:45:00+05:30,44120.0,44343.5,44120.0,44278.8,0,0
2022-09-19 12:15:00+05:30,44280.8,44341.7,44223.9,44297.85,0,0
2022-09-19 12:45:00+05:30,44298.95,44323.15,44205.6,44220.85,0,0
2022-09-19 13:15:00+05:30,44221.2,44262.0,44078.7,44248.85,0,0
2022-09-19 13:45:00+05:30,44245.4,44431.5,44245.4,44408.95,0,0
2022-09-19 14:15:00+05:30,44410.5,44423.6,44262.25,44357.9,0,0
2022-09-19 14:45:00+05:30,44357.7,44403.45,44181.05,44228.8,0,0
2022-09-19 15:15:00+05:30,44228.5,44260.75,44193.7,44234.45,0,0
2022-09-20 09:15:00+05:30,44654.85,44876.35,44649.45,44788.25,0,0
2022-09-20 09:45:00+05:30,44796.55,44946.8,44792.7,44930.3,0,0
2022-09-20 10:15:00+05:30,44930.7,44994.7,44929.65,44946.05,0,0
2022-09-20 10:45:00+05:30,44947.25,45019.6,44935.4,45015.5,0,0
2022-09-20 11:15:00+05:30,45016.8,45033.3,44957.05,45024.85,0,0
2022-09-20 11:45:00+05:30,45024.45,45042.2,44979.8,44991.2,0,0
2022-09-20 12:15:00+05:30,44988.2,45013.35,44951.1,44979.25,0,0
2022-09-20 12:45:00+05:30,44980.05,45021.1,44965.2,44988.7,0,0
2022-09-20 13:15:00+05:30,44989.15,45020.05,44843.25,44861.45,0,0
2022-09-20 13:45:00+05:30,44859.95,44938.5,44808.1,44904.8,0,0
2022-09-20 14:15:00+05:30,44903.45,44941.75,44877.35,44927.65,0,0
2022-09-20 14:45:00+05:30,44929.1,44953.65,44718.65,44723.4,0,0
2022-09-20 15:15:00+05:30,44722.05,44724.05,44612.0,44639.35,0,0
2022-09-21 09:15:00+05:30,44752.4,44957.6,44701.2,44845.1,0,0
2022-09-21 09:45:00+05:30,44846.8,44846.8,44426.4,44589.0,0,0
2022-09-21 10:15:00+05:30,44589.15,44656.55,44538.05,44539.8,0,0
2022-09-21 10:45:00+05:30,44535.2,44593.9,44493.85,44547.9,0,0
2022-09-21 11:15:00+05:30,44546.2,44572.15,44164.35,44166.55,0,0
2022-09-21 11:45:00+05:30,44167.4,44181.1,43940.05,44121.3,0,0
2022-09-21 12:15:00+05:30,44116.1,44150.15,43923.35,44127.15,0,0
2022-09-21 12:45:00+05:30,44124.1,44248.2,44090.2,44120.75,0,0
2022-09-21 13:15:00+05:30,44119.85,44298.55,44119.85,44261.35,0,0
2022-09-21 13:45:00+05:30,44261.45,44321.7,44195.8,44270.05,0,0
2022-09-21 14:15:00+05:30,44270.25,44284.15,44121.05,44161.9,0,0
2022-09-21 14:45:00+05:30,44160.3,44166.55,44005.15,44007.0,0,0
2022-09-21 15:15:00+05:30,44011.65,44018.25,43967.3,43999.7,0,0
2022-09-22 09:15:00+05:30,43857.0,44174.9,43746.1,44091.95,0,0
2022-09-22 09:45:00+05:30,44092.1,44211.3,44026.9,44090.0,0,0
2022-09-22 10:15:00+05:30,44090.15,44090.15,43856.3,43856.3,0,0
2022-09-22 10:45:00+05:30,43856.2,43990.65,43821.9,43868.75,0,0
2022-09-22 11:15:00+05:30,43868.45,43870.85,43690.4,43736.8,0,0
2022-09-22 11:45:00+05:30,43734.85,43765.8,43624.2,43677.75,0,0
2022-09-22 12:15:00+05:30,43676.35,43796.7,43657.3,43755.25,0,0
2022-09-22 12:45:00+05:30,43753.95,43982.4,43716.8,43979.65,0,0
2022-09-22 13:15:00+05:30,43980.25,44145.85,43979.85,44112.4,0,0
2022-09-22 13:45:00+05:30,44112.65,44262.6,44112.65,44152.6,0,0
2022-09-22 14:15:00+05:30,44154.1,44242.75,44148.05,44213.5,0,0
2022-09-22 14:45:00+05:30,44214.0,44294.75,44133.0,44172.3,0,0
2022-09-22 15:15:00+05:30,44172.5,44247.6,44172.5,44241.55,0,0
2022-09-23 09:15:00+05:30,44292.55,44369.45,43697.55,43783.05,0,0
2022-09-23 09:45:00+05:30,43780.6,43894.4,43681.75,43833.4,0,0
2022-09-23 10:15:00+05:30,43833.65,43872.9,43705.65,43772.7,0,0
2022-09-23 10:45:00+05:30,43769.65,43853.0,43718.8,43825.5,0,0
2022-09-23 11:15:00+05:30,43826.65,43930.85,43768.8,43889.1,0,0
2022-09-23 11:45:00+05:30,43889.2,43946.65,43874.65,43877.25,0,0
2022-09-23 12:15:00+05:30,43870.65,43883.9,43725.85,43749.65,0,0
2022-09-23 12:45:00+05:30,43749.95,43787.2,43657.1,43670.95,0,0
2022-09-23 13:15:00+05:30,43669.5,43815.8,43666.15,43686.05,0,0
2022-09-23 13:45:00+05:30,43686.3,43692.95,43475.6,43582.35,0,0
2022-09-23 14:15:00+05:30,43581.8,43608.5,43354.9,43490.5,0,0
2022-09-23 14:45:00+05:30,43489.1,43592.4,43395.4,43395.8,0,0
2022-09-23 15:15:00+05:30,43396.05,43419.15,43358.1,43370.95,0,0
2022-09-26 09:15:00+05:30,43071.8,43080.2,42260.1,42263.1,0,0
2022-09-26 09:45:00+05:30,42264.35,42410.75,42069.1,42230.5,0,0
2022-09-26 10:15:00+05:30,42227.55,42296.95,42039.95,42248.2,0,0
2022-09-26 10:45:00+05:30,42248.9,42289.35,42029.75,42106.85,0,0
2022-09-26 11:15:00+05:30,42107.2,42329.5,42063.6,42186.65,0,0
2022-09-26 11:45:00+05:30,42184.05,42424.4,42158.0,42407.1,0,0
2022-09-26 12:15:00+05:30,42404.8,42620.95,42309.4,42620.0,0,0
2022-09-26 12:45:00+05:30,42620.35,42783.95,42559.55,42759.65,0,0
2022-09-26 13:15:00+05:30,42759.5,42784.05,42563.05,42646.55,0,0
2022-09-26 13:45:00+05:30,42645.6,42647.7,42504.65,42516.35,0,0
2022-09-26 14:15:00+05:30,42515.75,42690.4,42448.0,42601.95,0,0
2022-09-26 14:45:00+05:30,42594.15,42642.85,42222.7,42240.0,0,0
2022-09-26 15:15:00+05:30,42239.35,42248.7,42110.85,42127.9,0,0
2022-09-27 09:15:00+05:30,42459.4,42736.9,42322.6,42360.05,0,0
2022-09-27 09:45:00+05:30,42357.35,42441.35,42108.3,42140.45,0,0
2022-09-27 10:15:00+05:30,42138.25,42246.2,42016.7,42159.4,0,0
2022-09-27 10:45:00+05:30,42159.5,42169.0,41927.2,41928.6,0,0
2022-09-27 11:15:00+05:30,41929.3,42213.45,41917.55,42195.85,0,0
2022-09-27 11:45:00+05:30,42195.2,42397.9,42194.45,42331.7,0,0
2022-09-27 12:15:00+05:30,42331.85,42376.65,42255.0,42288.75,0,0
2022-09-27 12:45:00+05:30,42287.95,42504.65,42268.6,42502.9,0,0
2022-09-27 13:15:00+05:30,42502.1,42642.35,42490.4,42636.8,0,0
2022-09-27 13:45:00+05:30,42637.35,42688.9,42522.0,42526.15,0,0
2022-09-27 14:15:00+05:30,42526.05,42633.85,42335.0,42387.35,0,0
2022-09-27 14:45:00+05:30,42386.8,42449.1,42215.65,42296.5,0,0
2022-09-27 15:15:00+05:30,42297.15,42413.6,42297.15,42392.7,0,0
2022-09-28 09:15:00+05:30,42043.8,42146.55,41862.3,42057.7,0,0
2022-09-28 09:45:00+05:30,42061.35,42310.7,42029.2,42286.9,0,0
2022-09-28 10:15:00+05:30,42287.65,42341.65,42143.55,42151.45,0,0
2022-09-28 10:45:00+05:30,42152.6,42306.0,42119.05,42305.25,0,0
2022-09-28 11:15:00+05:30,42303.3,42419.45,42296.35,42402.95,0,0
2022-09-28 11:45:00+05:30,42403.8,42503.5,42377.9,42451.35,0,0
2022-09-28 12:15:00+05:30,42452.8,42481.4,42358.3,42416.2,0,0
2022-09-28 12:45:00+05:30,42415.9,42430.6,42304.25,42323.0,0,0
2022-09-28 13:15:00+05:30,42324.55,42437.9,42312.95,42336.65,0,0
2022-09-28 13:45:00+05:30,42336.35,42371.55,42256.75,42300.7,0,0
2022-09-28 14:15:00+05:30,42300.15,42342.35,42159.4,42162.5,0,0
2022-09-28 14:45:00+05:30,42162.95,42170.95,42088.85,42091.0,0,0
2022-09-28 15:15:00+05:30,42090.55,42098.65,41975.3,41992.4,0,0
2022-09-29 09:15:00+05:30,42463.85,42678.05,42461.55,42637.95,0,0
2022-09-29 09:45:00+05:30,42639.85,42696.85,42459.0,42555.0,0,0
2022-09-29 10:15:00+05:30,42555.8,42555.8,42342.1,42369.7,0,0
2022-09-29 10:45:00+05:30,42369.05,42459.95,42272.05,42272.05,0,0
2022-09-29 11:15:00+05:30,42276.65,42324.3,42246.1,42254.15,0,0
2022-09-29 11:45:00+05:30,42253.35,42256.1,42115.65,42181.05,0,0
2022-09-29 12:15:00+05:30,42178.85,42243.35,42042.45,42113.55,0,0
2022-09-29 12:45:00+05:30,42113.8,42115.05,41888.1,41947.0,0,0
2022-09-29 13:15:00+05:30,41947.3,42028.85,41858.9,41976.0,0,0
2022-09-29 13:45:00+05:30,41978.6,42032.65,41875.25,41958.7,0,0
2022-09-29 14:15:00+05:30,41956.55,42090.4,41874.55,42081.65,0,0
2022-09-29 14:45:00+05:30,42080.0,42092.8,41870.9,41956.4,0,0
2022-09-29 15:15:00+05:30,41953.3,42028.65,41939.2,41968.0,0,0
2022-09-30 09:15:00+05:30,41913.8,41974.35,41638.1,41782.1,0,0
2022-09-30 09:45:00+05:30,41781.1,41835.7,41537.7,41806.0,0,0
2022-09-30 10:15:00+05:30,41807.0,42059.6,41806.5,42022.25,0,0
2022-09-30 10:45:00+05:30,42023.0,42085.3,41933.35,42035.5,0,0
2022-09-30 11:15:00+05:30,42034.45,42115.6,42006.9,42103.05,0,0
2022-09-30 11:45:00+05:30,42102.1,42134.4,42015.55,42133.6,0,0
2022-09-30 12:15:00+05:30,42133.65,42354.5,42133.65,42326.0,0,0
2022-09-30 12:45:00+05:30,42330.95,42391.25,42257.2,42261.4,0,0
2022-09-30 13:15:00+05:30,42261.6,42368.0,42260.85,42357.25,0,0
2022-09-30 13:45:00+05:30,42355.3,42447.25,42344.6,42405.35,0,0
2022-09-30 14:15:00+05:30,42406.25,42434.7,42332.0,42361.65,0,0
2022-09-30 14:45:00+05:30,42361.25,42408.45,42277.45,42358.1,0,0
2022-09-30 15:15:00+05:30,42362.9,42460.0,42355.85,42392.9,0,0
2022-10-03 09:15:00+05:30,42422.1,42516.4,42196.1,42266.55,0,0
2022-10-03 09:45:00+05:30,42267.55,42371.45,42139.4,42250.6,0,0
2022-10-03 10:15:00+05:30,42248.45,42305.15,42193.85,42245.1,0,0
2022-10-03 10:45:00+05:30,42247.1,42262.65,42116.3,42254.8,0,0
2022-10-03 11:15:00+05:30,42253.3,42402.7,42243.8,42399.85,0,0
2022-10-03 11:45:00+05:30,42400.9,42421.15,42286.2,42288.2,0,0
2022-10-03 12:15:00+05:30,42288.6,42295.65,42170.6,42230.05,0,0
2022-10-03 12:45:00+05:30,42233.3,42291.6,42156.4,42187.85,0,0
2022-10-03 13:15:00+05:30,42187.6,42225.2,42001.95,42049.5,0,0
2022-10-03 13:45:00+05:30,42051.85,42059.9,41658.65,41743.8,0,0
2022-10-03 14:15:00+05:30,41744.15,41815.75,41363.3,41365.8,0,0
2022-10-03 14:45:00+05:30,41363.55,41490.15,41139.15,41411.6,0,0
2022-10-03 15:15:00+05:30,41413.15,41474.95,41386.55,41406.45,0,0
2022-10-04 09:15:00+05:30,42209.5,42303.3,41957.4,41957.4,0,0
2022-10-04 09:45:00+05:30,41958.2,42185.05,41904.25,42130.55,0,0
2022-10-04 10:15:00+05:30,42130.15,42346.85,42129.25,42342.15,0,0
2022-10-04 10:45:00+05:30,42340.45,42381.9,42201.65,42323.5,0,0
2022-10-04 11:15:00+05:30,42325.5,42366.7,42269.35,42349.75,0,0
2022-10-04 11:45:00+05:30,42346.5,42383.7,42306.85,42320.15,0,0
2022-10-04 12:15:00+05:30,42319.2,42342.65,42266.75,42322.7,0,0
2022-10-04 12:45:00+05:30,42322.7,42343.9,42265.2,42304.55,0,0
2022-10-04 13:15:00+05:30,42303.8,42406.65,42278.85,42357.85,0,0
2022-10-04 13:45:00+05:30,42359.0,42389.4,42303.0,42348.4,0,0
2022-10-04 14:15:00+05:30,42346.6,42373.1,42295.55,42295.55,0,0
2022-10-04 14:45:00+05:30,42294.55,42421.25,42280.75,42377.15,0,0
2022-10-04 15:15:00+05:30,42375.85,42418.55,42363.35,42368.25,0,0
2022-10-06 09:15:00+05:30,42675.5,42763.4,42604.7,42678.7,0,0
2022-10-06 09:45:00+05:30,42675.5,42796.1,42637.5,42778.75,0,0
2022-10-06 10:15:00+05:30,42777.35,42842.5,42766.6,42781.2,0,0
2022-10-06 10:45:00+05:30,42779.35,42832.4,42756.35,42785.7,0,0
2022-10-06 11:15:00+05:30,42785.65,42785.65,42520.2,42675.4,0,0
2022-10-06 11:45:00+05:30,42676.05,42779.6,42657.45,42775.75,0,0
2022-10-06 12:15:00+05:30,42777.2,42802.8,42716.95,42783.7,0,0
2022-10-06 12:45:00+05:30,42782.75,42820.8,42758.95,42774.95,0,0
2022-10-06 13:15:00+05:30,42770.9,42823.05,42730.95,42787.25,0,0
2022-10-06 13:45:00+05:30,42786.6,42831.8,42744.15,42750.55,0,0
2022-10-06 14:15:00+05:30,42751.5,42762.25,42627.15,42652.8,0,0
2022-10-06 14:45:00+05:30,42664.85,42747.3,42648.35,42694.3,0,0
2022-10-06 15:15:00+05:30,42698.2,42758.4,42687.45,42703.1,0,0
2022-10-07 09:15:00+05:30,42723.3,42725.65,42343.25,42393.8,0,0
2022-10-07 09:45:00+05:30,42397.95,42619.35,42397.95,42500.5,0,0
2022-10-07 10:15:00+05:30,42501.55,42505.95,42400.65,42444.3,0,0
2022-10-07 10:45:00+05:30,42445.35,42445.35,42245.45,42283.35,0,0
2022-10-07 11:15:00+05:30,42283.7,42354.8,42242.0,42346.7,0,0
2022-10-07 11:45:00+05:30,42346.5,42374.25,42252.45,42299.5,0,0
2022-10-07 12:15:00+05:30,42300.35,42457.65,42293.8,42450.75,0,0
2022-10-07 12:45:00+05:30,42448.95,42480.95,42415.2,42456.55,0,0
2022-10-07 13:15:00+05:30,42456.35,42493.1,42426.8,42492.5,0,0
2022-10-07 13:45:00+05:30,42493.75,42533.2,42464.55,42483.55,0,0
2022-10-07 14:15:00+05:30,42482.85,42605.2,42474.35,42579.6,0,0
2022-10-07 14:45:00+05:30,42580.55,42652.65,42571.4,42626.6,0,0
2022-10-07 15:15:00+05:30,42627.2,42688.6,42627.2,42658.45,0,0
2022-10-10 09:15:00+05:30,42122.8,42224.15,41919.25,42130.2,0,0
2022-10-10 09:45:00+05:30,42126.85,42126.85,42029.9,42096.3,0,0
2022-10-10 10:15:00+05:30,42096.45,42181.2,42084.75,42153.9,0,0
2022-10-10 10:45:00+05:30,42155.05,42255.7,42146.4,42241.2,0,0
2022-10-10 11:15:00+05:30,42241.5,42314.2,42234.3,42311.15,0,0
2022-10-10 11:45:00+05:30,42312.35,42331.05,42281.6,42316.6,0,0
2022-10-10 12:15:00+05:30,42317.25,42413.35,42260.15,42393.95,0,0
2022-10-10 12:45:00+05:30,42393.2,42411.35,42311.85,42324.5,0,0
2022-10-10 13:15:00+05:30,42327.95,42329.55,42185.3,42256.25,0,0
2022-10-10 13:45:00+05:30,42257.6,42259.3,42076.1,42140.85,0,0
2022-10-10 14:15:00+05:30,42139.85,42268.95,42134.25,42222.65,0,0
2022-10-10 14:45:00+05:30,42221.4,42309.05,42217.35,42297.55,0,0
2022-10-10 15:15:00+05:30,42297.5,42335.3,42289.1,42318.95,0,0
2022-10-11 09:15:00+05:30,42506.55,42506.55,42228.7,42318.05,0,0
2022-10-11 09:45:00+05:30,42317.95,42331.95,42143.35,42202.65,0,0
2022-10-11 10:15:00+05:30,42204.45,42242.35,42069.35,42151.4,0,0
2022-10-11 10:45:00+05:30,42152.3,42167.7,42093.8,42134.35,0,0
2022-10-11 11:15:00+05:30,42136.35,42154.45,42068.35,42100.45,0,0
2022-10-11 11:45:00+05:30,42097.95,42172.2,42080.95,42156.05,0,0
2022-10-11 12:15:00+05:30,42157.95,42167.1,41962.4,41976.9,0,0
2022-10-11 12:45:00+05:30,41976.3,42036.5,41909.55,41918.9,0,0
2022-10-11 13:15:00+05:30,41917.9,41921.1,41775.3,41882.6,0,0
2022-10-11 13:45:00+05:30,41882.25,41924.9,41801.8,41889.35,0,0
2022-10-11 14:15:00+05:30,41889.85,41898.2,41739.75,41781.6,0,0
2022-10-11 14:45:00+05:30,41781.25,41795.95,41506.2,41526.7,0,0
2022-10-11 15:15:00+05:30,41525.8,41541.25,41415.2,41430.05,0,0
2022-10-12 09:15:00+05:30,41644.1,41752.9,41480.4,41702.4,0,0
2022-10-12 09:45:00+05:30,41704.35,41757.75,41522.8,41545.65,0,0
2022-10-12 10:15:00+05:30,41544.2,41607.15,41455.25,41461.4,0,0
2022-10-12 10:45:00+05:30,41461.25,41461.25,41236.5,41334.8,0,0
2022-10-12 11:15:00+05:30,41336.2,41540.3,41332.7,41540.3,0,0
2022-10-12 11:45:00+05:30,41541.0,41653.35,41497.45,41647.25,0,0
2022-10-12 12:15:00+05:30,41648.4,41662.65,41576.0,41590.25,0,0
2022-10-12 12:45:00+05:30,41592.0,41628.0,41518.0,41533.1,0,0
2022-10-12 13:15:00+05:30,41533.05,41622.4,41499.05,41570.3,0,0
2022-10-12 13:45:00+05:30,41570.0,41706.9,41567.65,41692.95,0,0
2022-10-12 14:15:00+05:30,41693.35,41805.15,41689.9,41777.85,0,0
2022-10-12 14:45:00+05:30,41776.1,41899.6,41776.1,41862.5,0,0
2022-10-12 15:15:00+05:30,41862.15,41866.05,41825.25,41865.1,0,0
2022-10-13 09:15:00+05:30,41847.45,41939.25,41655.3,41673.2,0,0
2022-10-13 09:45:00+05:30,41671.25,41701.5,41530.2,41544.5,0,0
2022-10-13 10:15:00+05:30,41543.45,41615.05,41476.4,41564.0,0,0
2022-10-13 10:45:00+05:30,41565.55,41588.7,41490.5,41494.4,0,0
2022-10-13 11:15:00+05:30,41493.35,41509.4,41438.2,41440.55,0,0
2022-10-13 11:45:00+05:30,41441.1,41441.1,41312.95,41427.15,0,0
2022-10-13 12:15:00+05:30,41432.55,41479.6,41374.6,41471.5,0,0
2022-10-13 12:45:00+05:30,41472.75,41493.05,41407.9,41440.8,0,0
2022-10-13 13:15:00+05:30,41440.1,41471.9,41380.05,41396.35,0,0
2022-10-13 13:45:00+05:30,41396.25,41518.25,41378.6,41490.75,0,0
2022-10-13 14:15:00+05:30,41491.15,41601.85,41490.55,41598.2,0,0
2022-10-13 14:45:00+05:30,41599.15,41607.3,41410.8,41446.55,0,0
2022-10-13 15:15:00+05:30,41445.75,41469.55,41394.15,41431.2,0,0
2022-10-14 09:15:00+05:30,42108.5,42113.05,41787.3,41788.95,0,0
2022-10-14 09:45:00+05:30,41789.35,41867.25,41783.85,41840.5,0,0
2022-10-14 10:15:00+05:30,41839.0,41854.3,41713.0,41750.1,0,0
2022-10-14 10:45:00+05:30,41748.05,41775.3,41722.75,41755.65,0,0
2022-10-14 11:15:00+05:30,41755.8,41776.8,41728.05,41765.6,0,0
2022-10-14 11:45:00+05:30,41766.05,41831.65,41755.25,41830.35,0,0
2022-10-14 12:15:00+05:30,41830.95,41831.75,41782.65,41799.75,0,0
2022-10-14 12:45:00+05:30,41799.9,41800.4,41730.8,41751.7,0,0
2022-10-14 13:15:00+05:30,41751.1,41806.35,41710.85,41800.75,0,0
2022-10-14 13:45:00+05:30,41800.95,41801.6,41569.55,41630.2,0,0
2022-10-14 14:15:00+05:30,41629.9,41631.0,41485.4,41558.6,0,0
2022-10-14 14:45:00+05:30,41557.35,41589.75,41265.45,41298.4,0,0
2022-10-14 15:15:00+05:30,41295.8,41324.3,41242.7,41324.3,0,0
2022-10-17 09:15:00+05:30,41239.75,41353.55,40954.5,41072.1,0,0
2022-10-17 09:45:00+05:30,41070.8,41273.8,41065.55,41267.95,0,0
2022-10-17 10:15:00+05:30,41268.3,41402.5,41268.3,41374.95,0,0
2022-10-17 10:45:00+05:30,41376.0,41411.05,41331.25,41409.1,0,0
2022-10-17 11:15:00+05:30,41407.55,41451.8,41372.8,41447.35,0,0
2022-10-17 11:45:00+05:30,41449.95,41472.75,41328.55,41414.3,0,0
2022-10-17 12:15:00+05:30,41413.6,41484.5,41388.75,41434.0,0,0
2022-10-17 12:45:00+05:30,41433.9,41449.15,41374.95,41418.0,0,0
2022-10-17 13:15:00+05:30,41419.55,41509.3,41406.6,41492.15,0,0
2022-10-17 13:45:00+05:30,41493.25,41502.15,41367.35,41477.05,0,0
2022-10-17 14:15:00+05:30,41473.5,41595.4,41435.95,41593.0,0,0
2022-10-17 14:45:00+05:30,41593.45,41599.4,41498.1,41533.45,0,0
2022-10-17 15:15:00+05:30,41532.6,41609.75,41532.6,41585.4,0,0
2022-10-18 09:15:00+05:30,41757.3,41827.4,41746.0,41817.85,0,0
2022-10-18 09:45:00+05:30,41815.55,41910.65,41815.55,41858.2,0,0
2022-10-18 10:15:00+05:30,41858.8,41927.9,41852.65,41894.05,0,0
2022-10-18 10:45:00+05:30,41892.9,41909.95,41838.5,41872.55,0,0
2022-10-18 11:15:00+05:30,41873.4,41880.65,41833.3,41877.95,0,0
2022-10-18 11:45:00+05:30,41878.4,41925.85,41864.05,41924.1,0,0
2022-10-18 12:15:00+05:30,41923.35,41949.95,41901.3,41911.7,0,0
2022-10-18 12:45:00+05:30,41912.0,42007.85,41910.45,41988.65,0,0
2022-10-18 13:15:00+05:30,41989.0,41989.25,41918.25,41934.4,0,0
2022-10-18 13:45:00+05:30,41934.95,41995.3,41887.85,41960.95,0,0
2022-10-18 14:15:00+05:30,41960.5,41997.15,41867.7,41916.3,0,0
2022-10-18 14:45:00+05:30,41915.9,42021.95,41891.8,41961.15,0,0
2022-10-18 15:15:00+05:30,41963.45,42033.9,41961.55,42020.8,0,0
2022-10-19 09:15:00+05:30,42156.7,42225.45,42059.3,42170.7,0,0
2022-10-19 09:45:00+05:30,42171.0,42249.4,42167.35,42201.0,0,0
2022-10-19 10:15:00+05:30,42199.05,42245.55,42191.7,42205.6,0,0
2022-10-19 10:45:00+05:30,42204.05,42213.95,42131.85,42198.35,0,0
2022-10-19 11:15:00+05:30,42198.1,42207.85,42122.9,42168.2,0,0
2022-10-19 11:45:00+05:30,42169.35,42172.9,42095.2,42132.15,0,0
2022-10-19 12:15:00+05:30,42131.65,42160.7,42090.95,42100.1,0,0
2022-10-19 12:45:00+05:30,42099.0,42101.45,41991.0,42072.35,0,0
2022-10-19 13:15:00+05:30,42072.5,42152.15,42054.1,42099.3,0,0
2022-10-19 13:45:00+05:30,42099.35,42108.75,41991.75,42089.5,0,0
2022-10-19 14:15:00+05:30,42089.65,42100.2,42047.45,42052.7,0,0
2022-10-19 14:45:00+05:30,42052.8,42069.25,41876.25,41897.7,0,0
2022-10-19 15:15:00+05:30,41899.35,41955.3,41899.35,41946.65,0,0
2022-10-20 09:15:00+05:30,41793.5,41920.65,41695.0,41766.65,0,0
2022-10-20 09:45:00+05:30,41767.95,41950.85,41725.95,41949.1,0,0
2022-10-20 10:15:00+05:30,41949.35,42064.75,41940.7,42050.1,0,0
2022-10-20 10:45:00+05:30,42050.5,42071.15,41982.9,42006.3,0,0
2022-10-20 11:15:00+05:30,42006.45,42051.9,41988.6,42041.0,0,0
2022-10-20 11:45:00+05:30,42041.2,42044.8,41922.8,41934.2,0,0
2022-10-20 12:15:00+05:30,41933.95,42033.6,41932.75,42013.5,0,0
2022-10-20 12:45:00+05:30,42013.2,42042.3,41978.45,41995.7,0,0
2022-10-20 13:15:00+05:30,41993.85,42015.1,41913.05,41917.25,0,0
2022-10-20 13:45:00+05:30,41916.3,42046.5,41915.25,42044.1,0,0
2022-10-20 14:15:00+05:30,42044.65,42156.15,42015.95,42123.65,0,0
2022-10-20 14:45:00+05:30,42122.05,42363.2,42098.85,42363.2,0,0
2022-10-20 15:15:00+05:30,42362.3,42424.55,42356.15,42369.0,0,0
2022-10-21 09:15:00+05:30,42433.7,42480.75,42292.15,42297.65,0,0
2022-10-21 09:45:00+05:30,42296.55,42377.25,42240.45,42376.9,0,0
2022-10-21 10:15:00+05:30,42375.4,42376.75,42143.95,42156.5,0,0
2022-10-21 10:45:00+05:30,42157.8,42180.85,42041.2,42041.2,0,0
2022-10-21 11:15:00+05:30,42042.45,42100.45,42036.2,42085.9,0,0
2022-10-21 11:45:00+05:30,42085.45,42087.45,41982.8,42001.65,0,0
2022-10-21 12:15:00+05:30,41998.8,41999.7,41905.9,41907.5,0,0
2022-10-21 12:45:00+05:30,41907.5,41973.65,41904.8,41943.9,0,0
2022-10-21 13:15:00+05:30,41943.45,41954.55,41717.35,41727.2,0,0
2022-10-21 13:45:00+05:30,41726.85,41765.7,41627.35,41692.35,0,0
2022-10-21 14:15:00+05:30,41697.2,41757.9,41613.0,41677.55,0,0
2022-10-21 14:45:00+05:30,41677.6,41816.3,41632.0,41753.9,0,0
2022-10-21 15:15:00+05:30,41755.35,41807.2,41750.9,41775.95,0,0
2022-10-24 18:15:00+05:30,42215.75,42215.75,41965.4,41972.9,0,0
2022-10-24 18:45:00+05:30,41973.25,41973.25,41847.6,41929.1,0,0
2022-10-25 09:15:00+05:30,41979.4,41993.25,41641.55,41914.95,0,0
2022-10-25 09:45:00+05:30,41913.3,41977.25,41884.0,41953.75,0,0
2022-10-25 10:15:00+05:30,41953.85,41962.55,41843.55,41857.4,0,0
2022-10-25 10:45:00+05:30,41856.3,41923.2,41837.6,41860.85,0,0
2022-10-25 11:15:00+05:30,41862.05,41901.05,41839.05,41880.85,0,0
2022-10-25 11:45:00+05:30,41880.4,41928.55,41865.85,41922.05,0,0
2022-10-25 12:15:00+05:30,41924.1,41939.2,41904.55,41920.3,0,0
2022-10-25 12:45:00+05:30,41919.15,41943.55,41906.2,41921.1,0,0
2022-10-25 13:15:00+05:30,41921.0,41975.9,41917.3,41969.4,0,0
2022-10-25 13:45:00+05:30,41970.25,42019.35,41955.15,41986.25,0,0
2022-10-25 14:15:00+05:30,41985.8,41995.95,41920.6,41976.55,0,0
2022-10-25 14:45:00+05:30,41977.25,41990.6,41896.1,41919.65,0,0
2022-10-25 15:15:00+05:30,41921.95,41933.35,41892.9,41919.45,0,0
2022-10-27 09:15:00+05:30,42169.1,42253.1,42117.35,42161.05,0,0
2022-10-27 09:45:00+05:30,42162.65,42171.2,42070.85,42076.35,0,0
2022-10-27 10:15:00+05:30,42074.6,42140.95,42035.5,42126.7,0,0
2022-10-27 10:45:00+05:30,42125.4,42240.4,42121.1,42228.2,0,0
2022-10-27 11:15:00+05:30,42228.35,42233.6,42185.85,42207.0,0,0
2022-10-27 11:45:00+05:30,42206.15,42237.55,42191.4,42219.85,0,0
2022-10-27 12:15:00+05:30,42220.1,42221.3,42107.45,42168.7,0,0
2022-10-27 12:45:00+05:30,42165.2,42201.75,42140.75,42151.9,0,0
2022-10-27 13:15:00+05:30,42151.95,42221.75,42151.95,42216.0,0,0
2022-10-27 13:45:00+05:30,42215.75,42282.95,42194.9,42264.6,0,0
2022-10-27 14:15:00+05:30,42264.35,42282.55,42129.25,42164.2,0,0
2022-10-27 14:45:00+05:30,42163.85,42409.95,42162.25,42394.8,0,0
2022-10-27 15:15:00+05:30,42398.7,42486.65,42386.3,42449.15,0,0
2022-10-28 09:15:00+05:30,42467.1,42467.1,42138.9,42259.45,0,0
2022-10-28 09:45:00+05:30,42257.55,42281.35,42096.45,42200.9,0,0
2022-10-28 10:15:00+05:30,42202.05,42218.9,42129.9,42135.45,0,0
2022-10-28 10:45:00+05:30,42135.15,42195.5,42104.45,42160.55,0,0
2022-10-28 11:15:00+05:30,42162.15,42176.7,42115.95,42121.95,0,0
2022-10-28 11:45:00+05:30,42123.9,42178.3,42113.75,42165.5,0,0
2022-10-28 12:15:00+05:30,42163.9,42172.4,42073.75,42124.05,0,0
2022-10-28 12:45:00+05:30,42124.2,42125.3,42044.0,42085.2,0,0
2022-10-28 13:15:00+05:30,42084.35,42098.85,42017.2,42086.05,0,0
2022-10-28 13:45:00+05:30,42086.9,42091.3,41974.3,41978.4,0,0
2022-10-28 14:15:00+05:30,41980.25,42089.05,41978.6,42052.9,0,0
2022-10-28 14:45:00+05:30,42052.6,42222.7,42034.7,42203.7,0,0
2022-10-28 15:15:00+05:30,42203.15,42220.2,42181.05,42194.25,0,0
2022-10-31 09:15:00+05:30,42326.4,42471.45,42310.55,42393.8,0,0
2022-10-31 09:45:00+05:30,42396.85,42404.3,42337.0,42367.6,0,0
2022-10-31 10:15:00+05:30,42366.7,42411.7,42316.9,42354.3,0,0
2022-10-31 10:45:00+05:30,42355.2,42408.25,42315.4,42393.95,0,0
2022-10-31 11:15:00+05:30,42394.55,42397.35,42346.35,42356.75,0,0
2022-10-31 11:45:00+05:30,42355.95,42378.65,42336.2,42376.3,0,0
2022-10-31 12:15:00+05:30,42375.8,42409.5,42347.2,42409.2,0,0
2022-10-31 12:45:00+05:30,42406.05,42467.35,42362.8,42453.6,0,0
2022-10-31 13:15:00+05:30,42452.8,42475.6,42420.05,42431.1,0,0
2022-10-31 13:45:00+05:30,42431.8,42451.45,42393.95,42404.35,0,0
2022-10-31 14:15:00+05:30,42404.35,42461.15,42384.9,42425.65,0,0
2022-10-31 14:45:00+05:30,42425.15,42646.35,42418.05,42634.15,0,0
2022-10-31 15:15:00+05:30,42635.35,42678.35,42631.4,42668.25,0,0
2022-11-01 09:15:00+05:30,42765.15,42861.5,42740.6,42841.9,0,0
2022-11-01 09:45:00+05:30,42842.35,42931.4,42832.05,42923.15,0,0
2022-11-01 10:15:00+05:30,42924.85,42927.85,42868.3,42884.7,0,0
2022-11-01 10:45:00+05:30,42883.9,42908.5,42848.75,42908.5,0,0
2022-11-01 11:15:00+05:30,42906.0,42936.1,42874.2,42890.95,0,0
2022-11-01 11:45:00+05:30,42892.6,42955.1,42889.1,42928.8,0,0
2022-11-01 12:15:00+05:30,42927.65,42940.85,42892.55,42928.15,0,0
2022-11-01 12:45:00+05:30,42927.1,42938.1,42768.45,42792.75,0,0
2022-11-01 13:15:00+05:30,42793.65,42893.3,42778.65,42866.5,0,0
2022-11-01 13:45:00+05:30,42865.35,42876.75,42825.55,42873.05,0,0
2022-11-01 14:15:00+05:30,42873.15,43000.65,42868.65,43000.65,0,0
2022-11-01 14:45:00+05:30,43000.0,43104.4,42916.45,43083.9,0,0
2022-11-01 15:15:00+05:30,43080.8,43083.9,43020.35,43051.2,0,0
2022-11-02 09:15:00+05:30,43069.85,43140.55,43009.8,43086.3,0,0
2022-11-02 09:45:00+05:30,43088.95,43092.15,42970.55,43010.55,0,0
2022-11-02 10:15:00+05:30,43009.75,43072.8,43002.25,43071.25,0,0
2022-11-02 10:45:00+05:30,43072.0,43098.2,42950.1,43005.4,0,0
2022-11-02 11:15:00+05:30,43003.15,43025.05,42974.35,42985.8,0,0
2022-11-02 11:45:00+05:30,42984.45,43014.95,42936.55,42948.5,0,0
2022-11-02 12:15:00+05:30,42947.35,42984.1,42918.4,42949.55,0,0
2022-11-02 12:45:00+05:30,42949.05,42949.05,42872.7,42941.0,0,0
2022-11-02 13:15:00+05:30,42939.55,42962.5,42875.45,42878.3,0,0
2022-11-02 13:45:00+05:30,42878.4,42923.9,42863.95,42873.5,0,0
2022-11-02 14:15:00+05:30,42872.75,42978.1,42872.75,42951.15,0,0
2022-11-02 14:45:00+05:30,42951.05,43009.4,42911.65,42998.95,0,0
2022-11-02 15:15:00+05:30,42998.35,43004.3,42910.25,42932.2,0,0
2022-11-03 09:15:00+05:30,42727.3,42982.45,42701.4,42981.85,0,0
2022-11-03 09:45:00+05:30,42979.2,43060.25,42953.45,43027.75,0,0
2022-11-03 10:15:00+05:30,43025.5,43060.65,42984.3,42985.45,0,0
2022-11-03 10:45:00+05:30,42987.65,42988.65,42925.2,42958.1,0,0
2022-11-03 11:15:00+05:30,42958.4,42972.9,42859.05,42885.3,0,0
2022-11-03 11:45:00+05:30,42885.45,42930.15,42866.4,42928.45,0,0
2022-11-03 12:15:00+05:30,42928.25,42942.7,42892.0,42892.45,0,0
2022-11-03 12:45:00+05:30,42894.15,42905.3,42811.5,42904.4,0,0
2022-11-03 13:15:00+05:30,42904.5,42984.35,42893.35,42978.75,0,0
2022-11-03 13:45:00+05:30,42977.5,42988.4,42926.4,42961.4,0,0
2022-11-03 14:15:00+05:30,42962.65,42990.2,42911.1,42964.75,0,0
2022-11-03 14:45:00+05:30,42965.65,43055.4,42955.95,43008.85,0,0
2022-11-03 15:15:00+05:30,43008.35,43024.05,42979.6,43003.25,0,0
2022-11-04 09:15:00+05:30,43082.55,43134.05,42908.0,42937.6,0,0
2022-11-04 09:45:00+05:30,42937.35,42948.75,42877.15,42931.05,0,0
2022-11-04 10:15:00+05:30,42932.05,42961.35,42888.95,42896.85,0,0
2022-11-04 10:45:00+05:30,42897.5,42929.15,42857.65,42928.55,0,0
2022-11-04 11:15:00+05:30,42928.25,42986.8,42916.3,42986.1,0,0
2022-11-04 11:45:00+05:30,42987.15,43038.4,42981.6,43029.2,0,0
2022-11-04 12:15:00+05:30,43029.3,43082.75,43019.45,43021.75,0,0
2022-11-04 12:45:00+05:30,43019.65,43057.55,42999.1,43056.75,0,0
2022-11-04 13:15:00+05:30,43056.95,43093.35,43046.4,43080.5,0,0
2022-11-04 13:45:00+05:30,43081.65,43103.4,42993.25,43022.1,0,0
2022-11-04 14:15:00+05:30,43020.45,43038.15,42974.9,43011.95,0,0
2022-11-04 14:45:00+05:30,43012.85,43146.9,42974.0,43121.05,0,0
2022-11-04 15:15:00+05:30,43121.1,43122.85,43086.9,43098.95,0,0
2022-11-07 09:15:00+05:30,43312.5,43352.1,43187.35,43193.15,0,0
2022-11-07 09:45:00+05:30,43195.15,43237.75,43111.05,43189.1,0,0
2022-11-07 10:15:00+05:30,43189.15,43189.95,43102.45,43112.55,0,0
2022-11-07 10:45:00+05:30,43111.9,43200.8,43080.95,43184.9,0,0
2022-11-07 11:15:00+05:30,43187.2,43189.95,43100.3,43104.95,0,0
2022-11-07 11:45:00+05:30,43106.2,43203.35,43099.1,43187.6,0,0
2022-11-07 12:15:00+05:30,43187.55,43200.6,43105.05,43115.75,0,0
2022-11-07 12:45:00+05:30,43116.05,43152.25,43087.15,43100.45,0,0
2022-11-07 13:15:00+05:30,43099.85,43134.2,42981.4,43046.75,0,0
2022-11-07 13:45:00+05:30,43047.25,43131.05,43037.0,43094.6,0,0
2022-11-07 14:15:00+05:30,43096.4,43195.65,43086.2,43157.45,0,0
2022-11-07 14:45:00+05:30,43158.35,43324.05,43137.55,43308.8,0,0
2022-11-07 15:15:00+05:30,43306.5,43325.9,43272.1,43299.4,0,0
2022-11-09 09:15:00+05:30,43454.9,43499.15,43364.1,43387.75,0,0
2022-11-09 09:45:00+05:30,43390.25,43478.05,43385.15,43451.55,0,0
2022-11-09 10:15:00+05:30,43453.0,43515.1,43424.25,43511.7,0,0
2022-11-09 10:45:00+05:30,43513.5,43513.5,43429.0,43460.6,0,0
2022-11-09 11:15:00+05:30,43460.2,43477.85,43415.25,43435.15,0,0
2022-11-09 11:45:00+05:30,43434.95,43495.7,43422.75,43430.2,0,0
2022-11-09 12:15:00+05:30,43429.55,43473.8,43409.0,43450.65,0,0
2022-11-09 12:45:00+05:30,43448.4,43456.6,43378.25,43395.0,0,0
2022-11-09 13:15:00+05:30,43393.85,43402.15,43312.65,43371.1,0,0
2022-11-09 13:45:00+05:30,43370.3,43406.45,43319.05,43367.1,0,0
2022-11-09 14:15:00+05:30,43368.8,43373.55,43150.65,43152.8,0,0
2022-11-09 14:45:00+05:30,43152.2,43265.3,43088.8,43216.15,0,0
2022-11-09 15:15:00+05:30,43215.85,43222.8,43107.95,43122.2,0,0
2022-11-10 09:15:00+05:30,43074.1,43167.45,42992.15,43069.65,0,0
2022-11-10 09:45:00+05:30,43070.15,43084.55,42945.35,42986.1,0,0
2022-11-10 10:15:00+05:30,42982.5,43009.85,42925.8,42944.05,0,0
2022-11-10 10:45:00+05:30,42946.7,42958.55,42795.7,42824.2,0,0
2022-11-10 11:15:00+05:30,42821.65,42849.25,42770.0,42845.35,0,0
2022-11-10 11:45:00+05:30,42844.75,42849.25,42721.7,42722.35,0,0
2022-11-10 12:15:00+05:30,42722.95,42722.95,42636.85,42667.4,0,0
2022-11-10 12:45:00+05:30,42667.35,42686.65,42569.15,42683.4,0,0
2022-11-10 13:15:00+05:30,42683.65,42698.9,42652.65,42685.85,0,0
2022-11-10 13:45:00+05:30,42686.05,42699.45,42623.7,42636.65,0,0
2022-11-10 14:15:00+05:30,42638.1,42653.6,42542.45,42594.1,0,0
2022-11-10 14:45:00+05:30,42593.85,42805.7,42577.05,42790.85,0,0
2022-11-10 15:15:00+05:30,42791.8,42803.95,42744.55,42799.95,0,0
2022-11-11 09:15:00+05:30,43224.2,43325.2,43205.4,43230.9,0,0
2022-11-11 09:45:00+05:30,43230.4,43325.7,43214.35,43309.45,0,0
2022-11-11 10:15:00+05:30,43310.9,43321.45,43192.65,43245.9,0,0
2022-11-11 10:45:00+05:30,43244.9,43252.55,43214.95,43239.45,0,0
2022-11-11 11:15:00+05:30,43239.95,43283.35,43224.15,43230.75,0,0
2022-11-11 11:45:00+05:30,43231.7,43236.2,43142.35,43143.55,0,0
2022-11-11 12:15:00+05:30,43142.05,43164.25,43116.1,43119.85,0,0
2022-11-11 12:45:00+05:30,43118.2,43118.2,43034.75,43067.85,0,0
2022-11-11 13:15:00+05:30,43068.75,43108.15,43055.15,43080.35,0,0
2022-11-11 13:45:00+05:30,43080.2,43142.65,43079.0,43122.0,0,0
2022-11-11 14:15:00+05:30,43121.95,43238.1,43120.1,43200.35,0,0
2022-11-11 14:45:00+05:30,43198.25,43238.95,43170.2,43200.55,0,0
2022-11-11 15:15:00+05:30,43198.8,43205.65,43149.15,43178.55,0,0
2022-11-14 09:15:00+05:30,43283.85,43413.55,43217.1,43401.55,0,0
2022-11-14 09:45:00+05:30,43398.4,43495.4,43364.45,43423.25,0,0
2022-11-14 10:15:00+05:30,43422.2,43422.2,43348.1,43393.6,0,0
2022-11-14 10:45:00+05:30,43396.55,43449.0,43373.55,43395.85,0,0
2022-11-14 11:15:00+05:30,43394.05,43439.0,43393.15,43414.65,0,0
2022-11-14 11:45:00+05:30,43415.0,43431.35,43381.05,43416.0,0,0
2022-11-14 12:15:00+05:30,43416.75,43448.35,43363.2,43381.95,0,0
2022-11-14 12:45:00+05:30,43381.65,43398.05,43331.85,43383.95,0,0
2022-11-14 13:15:00+05:30,43383.6,43459.35,43364.8,43450.2,0,0
2022-11-14 13:45:00+05:30,43449.4,43450.35,43341.5,43411.8,0,0
2022-11-14 14:15:00+05:30,43411.7,43462.4,43383.9,43412.75,0,0
2022-11-14 14:45:00+05:30,43413.2,43454.9,43375.9,43420.6,0,0
2022-11-14 15:15:00+05:30,43421.75,43441.0,43387.7,43387.7,0,0
2022-11-15 09:15:00+05:30,43530.3,43530.3,43329.0,43415.05,0,0
2022-11-15 09:45:00+05:30,43414.95,43416.05,43333.75,43348.8,0,0
2022-11-15 10:15:00+05:30,43348.0,43365.65,43289.9,43317.2,0,0
2022-11-15 10:45:00+05:30,43314.85,43337.1,43264.55,43268.25,0,0
2022-11-15 11:15:00+05:30,43270.3,43348.1,43260.8,43341.4,0,0
2022-11-15 11:45:00+05:30,43342.75,43367.05,43320.5,43355.5,0,0
2022-11-15 12:15:00+05:30,43353.95,43378.45,43328.05,43345.15,0,0
2022-11-15 12:45:00+05:30,43345.5,43378.65,43324.5,43345.75,0,0
2022-11-15 13:15:00+05:30,43344.5,43366.25,43320.3,43351.1,0,0
2022-11-15 13:45:00+05:30,43353.7,43355.45,43292.45,43304.35,0,0
2022-11-15 14:15:00+05:30,43305.1,43405.85,43290.65,43398.25,0,0
2022-11-15 14:45:00+05:30,43398.05,43522.3,43357.85,43503.7,0,0
2022-11-15 15:15:00+05:30,43504.6,43513.15,43453.85,43513.15,0,0
2022-11-16 09:15:00+05:30,43539.25,43554.5,43390.75,43395.05,0,0
2022-11-16 09:45:00+05:30,43394.5,43447.9,43369.6,43407.7,0,0
2022-11-16 10:15:00+05:30,43407.4,43460.15,43385.9,43387.45,0,0
2022-11-16 10:45:00+05:30,43386.25,43405.1,43284.85,43288.35,0,0
2022-11-16 11:15:00+05:30,43288.45,43366.3,43279.45,43329.9,0,0
2022-11-16 11:45:00+05:30,43330.3,43331.65,43235.3,43263.25,0,0
2022-11-16 12:15:00+05:30,43262.85,43307.45,43246.05,43299.5,0,0
2022-11-16 12:45:00+05:30,43299.55,43341.95,43283.05,43332.65,0,0
2022-11-16 13:15:00+05:30,43333.05,43391.4,43320.15,43380.15,0,0
2022-11-16 13:45:00+05:30,43382.4,43383.35,43227.0,43227.0,0,0
2022-11-16 14:15:00+05:30,43229.25,43229.25,42963.7,43001.65,0,0
2022-11-16 14:45:00+05:30,43002.15,43240.3,42989.8,43204.15,0,0
2022-11-16 15:15:00+05:30,43207.5,43211.3,43112.2,43171.2,0,0
2022-11-17 09:15:00+05:30,43148.75,43171.7,43000.15,43000.15,0,0
2022-11-17 09:45:00+05:30,42999.75,43122.55,42932.65,43035.05,0,0
2022-11-17 10:15:00+05:30,43035.5,43036.4,42946.25,42987.35,0,0
2022-11-17 10:45:00+05:30,42989.25,42991.4,42877.55,42915.15,0,0
2022-11-17 11:15:00+05:30,42916.15,42945.2,42868.25,42937.0,0,0
2022-11-17 11:45:00+05:30,42936.7,42940.25,42883.45,42914.6,0,0
2022-11-17 12:15:00+05:30,42913.45,43014.75,42910.8,43010.1,0,0
2022-11-17 12:45:00+05:30,43011.95,43028.4,42972.7,42996.2,0,0
2022-11-17 13:15:00+05:30,42996.45,42997.75,42949.45,42950.95,0,0
2022-11-17 13:45:00+05:30,42949.45,42973.65,42930.8,42968.55,0,0
2022-11-17 14:15:00+05:30,42968.15,42982.45,42893.5,42946.6,0,0
2022-11-17 14:45:00+05:30,42949.6,42975.9,42834.2,42834.2,0,0
2022-11-17 15:15:00+05:30,42836.0,42847.65,42774.6,42795.55,0,0
2022-11-18 09:15:00+05:30,42995.75,43040.55,42684.7,42757.25,0,0
2022-11-18 09:45:00+05:30,42756.3,42770.05,42581.05,42596.35,0,0
2022-11-18 10:15:00+05:30,42595.0,42626.05,42466.65,42503.5,0,0
2022-11-18 10:45:00+05:30,42503.5,42521.7,42432.4,42465.35,0,0
2022-11-18 11:15:00+05:30,42465.9,42572.7,42463.45,42572.05,0,0
2022-11-18 11:45:00+05:30,42573.4,42602.8,42530.95,42596.3,0,0
2022-11-18 12:15:00+05:30,42597.4,42629.85,42588.0,42617.0,0,0
2022-11-18 12:45:00+05:30,42616.25,42629.35,42568.9,42602.3,0,0
2022-11-18 13:15:00+05:30,42602.55,42620.75,42464.25,42475.8,0,0
2022-11-18 13:45:00+05:30,42470.3,42489.1,42383.3,42408.4,0,0
2022-11-18 14:15:00+05:30,42408.0,42535.6,42378.7,42528.4,0,0
2022-11-18 14:45:00+05:30,42526.15,42664.45,42499.15,42645.1,0,0
2022-11-18 15:15:00+05:30,42643.05,42645.55,42551.6,42627.0,0,0
2022-11-21 09:15:00+05:30,42571.25,42571.25,42320.95,42321.4,0,0
2022-11-21 09:45:00+05:30,42321.25,42447.7,42316.8,42440.7,0,0
2022-11-21 10:15:00+05:30,42437.55,42464.6,42372.35,42386.4,0,0
2022-11-21 10:45:00+05:30,42385.0,42476.85,42382.55,42458.75,0,0
2022-11-21 11:15:00+05:30,42459.65,42507.85,42436.7,42471.65,0,0
2022-11-21 11:45:00+05:30,42470.65,42471.05,42420.35,42429.75,0,0
2022-11-21 12:15:00+05:30,42429.7,42439.45,42384.85,42402.2,0,0
2022-11-21 12:45:00+05:30,42402.55,42427.45,42391.55,42399.8,0,0
2022-11-21 13:15:00+05:30,42399.95,42411.1,42330.15,42374.7,0,0
2022-11-21 13:45:00+05:30,42373.65,42392.75,42337.85,42355.2,0,0
2022-11-21 14:15:00+05:30,42353.85,42365.5,42290.05,42329.1,0,0
2022-11-21 14:45:00+05:30,42328.35,42412.3,42319.5,42390.7,0,0
2022-11-21 15:15:00+05:30,42389.1,42395.7,42342.7,42344.0,0,0
2022-11-22 09:15:00+05:30,42398.8,42461.25,42262.35,42457.0,0,0
2022-11-22 09:45:00+05:30,42460.4,42499.9,42450.3,42468.85,0,0
2022-11-22 10:15:00+05:30,42468.2,42474.6,42406.0,42425.75,0,0
2022-11-22 10:45:00+05:30,42425.75,42430.5,42377.4,42405.0,0,0
2022-11-22 11:15:00+05:30,42405.8,42417.45,42372.15,42400.2,0,0
2022-11-22 11:45:00+05:30,42401.4,42408.6,42372.3,42397.0,0,0
2022-11-22 12:15:00+05:30,42396.05,42417.35,42393.3,42402.05,0,0
2022-11-22 12:45:00+05:30,42403.45,42408.15,42366.65,42381.25,0,0
2022-11-22 13:15:00+05:30,42382.7,42410.25,42355.6,42365.95,0,0
2022-11-22 13:45:00+05:30,42365.65,42399.55,42346.6,42372.3,0,0
2022-11-22 14:15:00+05:30,42371.05,42437.25,42364.05,42409.6,0,0
2022-11-22 14:45:00+05:30,42410.6,42512.95,42410.6,42491.5,0,0
2022-11-22 15:15:00+05:30,42491.65,42502.4,42430.7,42482.2,0,0
2022-11-23 09:15:00+05:30,42631.85,42669.55,42492.65,42515.35,0,0
2022-11-23 09:45:00+05:30,42516.3,42573.9,42492.6,42544.0,0,0
2022-11-23 10:15:00+05:30,42543.2,42552.8,42502.1,42532.55,0,0
2022-11-23 10:45:00+05:30,42533.15,42632.5,42522.7,42576.4,0,0
2022-11-23 11:15:00+05:30,42576.95,42591.75,42553.35,42584.3,0,0
2022-11-23 11:45:00+05:30,42581.95,42595.05,42566.75,42581.45,0,0
2022-11-23 12:15:00+05:30,42579.65,42600.25,42561.15,42584.9,0,0
2022-11-23 12:45:00+05:30,42586.25,42603.35,42551.7,42558.9,0,0
2022-11-23 13:15:00+05:30,42560.6,42581.95,42545.4,42559.45,0,0
2022-11-23 13:45:00+05:30,42559.8,42568.3,42540.75,42552.4,0,0
2022-11-23 14:15:00+05:30,42552.2,42608.05,42532.2,42597.3,0,0
2022-11-23 14:45:00+05:30,42597.65,42622.2,42561.65,42568.9,0,0
2022-11-23 15:15:00+05:30,42567.55,42571.2,42498.1,42533.0,0,0
2022-11-24 09:15:00+05:30,42680.4,42735.25,42629.75,42677.05,0,0
2022-11-24 09:45:00+05:30,42677.65,42709.55,42663.45,42687.15,0,0
2022-11-24 10:15:00+05:30,42687.7,42709.85,42670.0,42671.35,0,0
2022-11-24 10:45:00+05:30,42672.9,42712.65,42672.2,42686.45,0,0
2022-11-24 11:15:00+05:30,42686.05,42686.05,42640.05,42661.45,0,0
2022-11-24 11:45:00+05:30,42660.8,42682.9,42653.35,42676.8,0,0
2022-11-24 12:15:00+05:30,42679.05,42680.25,42643.95,42646.4,0,0
2022-11-24 12:45:00+05:30,42645.5,42674.55,42642.8,42654.0,0,0
2022-11-24 13:15:00+05:30,42652.45,42663.95,42616.6,42622.95,0,0
2022-11-24 13:45:00+05:30,42622.5,42689.6,42620.95,42681.35,0,0
2022-11-24 14:15:00+05:30,42682.6,42691.1,42618.8,42647.1,0,0
2022-11-24 14:45:00+05:30,42647.25,42746.75,42635.75,42735.9,0,0
2022-11-24 15:15:00+05:30,42736.6,42739.75,42687.55,42739.75,0,0
2022-11-25 09:15:00+05:30,42850.7,42850.7,42620.75,42697.0,0,0
2022-11-25 09:45:00+05:30,42698.65,42818.5,42688.85,42781.45,0,0
2022-11-25 10:15:00+05:30,42780.45,42824.5,42741.1,42822.75,0,0
2022-11-25 10:45:00+05:30,42823.1,42832.9,42752.4,42756.45,0,0
2022-11-25 11:15:00+05:30,42759.5,42784.35,42751.2,42752.35,0,0
2022-11-25 11:45:00+05:30,42752.05,42777.6,42740.0,42761.15,0,0
2022-11-25 12:15:00+05:30,42760.65,42826.05,42755.35,42813.85,0,0
2022-11-25 12:45:00+05:30,42814.15,42822.1,42789.25,42806.1,0,0
2022-11-25 13:15:00+05:30,42806.85,42824.35,42782.65,42801.6,0,0
2022-11-25 13:45:00+05:30,42801.5,42835.25,42773.55,42785.8,0,0
2022-11-25 14:15:00+05:30,42784.15,42847.9,42719.6,42820.3,0,0
2022-11-25 14:45:00+05:30,42820.75,42865.2,42778.6,42847.7,0,0
2022-11-25 15:15:00+05:30,42846.55,42852.85,42805.65,42813.2,0,0
2022-11-28 09:15:00+05:30,42874.65,43053.4,42853.0,43053.4,0,0
2022-11-28 09:45:00+05:30,43051.5,43074.4,43027.85,43071.95,0,0
2022-11-28 10:15:00+05:30,43071.3,43104.45,43055.85,43084.2,0,0
2022-11-28 10:45:00+05:30,43081.95,43103.2,43028.25,43038.25,0,0
2022-11-28 11:15:00+05:30,43036.75,43055.8,43010.3,43017.0,0,0
2022-11-28 11:45:00+05:30,43016.0,43030.35,43005.15,43025.75,0,0
2022-11-28 12:15:00+05:30,43025.2,43064.75,43013.65,43015.3,0,0
2022-11-28 12:45:00+05:30,43014.5,43050.9,43009.8,43038.85,0,0
2022-11-28 13:15:00+05:30,43037.3,43039.05,42963.6,42990.75,0,0
2022-11-28 13:45:00+05:30,42990.7,43001.65,42956.8,42970.25,0,0
2022-11-28 14:15:00+05:30,42970.25,43050.15,42963.95,43038.5,0,0
2022-11-28 14:45:00+05:30,43039.8,43044.5,42935.6,42936.85,0,0
2022-11-28 15:15:00+05:30,42935.55,42948.45,42875.65,42905.0,0,0
2022-11-29 09:15:00+05:30,42995.9,43119.45,42969.35,43071.1,0,0
2022-11-29 09:45:00+05:30,43073.0,43133.7,43038.0,43133.7,0,0
2022-11-29 10:15:00+05:30,43130.45,43205.15,43130.45,43179.2,0,0
2022-11-29 10:45:00+05:30,43181.35,43226.9,43169.7,43226.5,0,0
2022-11-29 11:15:00+05:30,43225.0,43239.7,43188.3,43218.85,0,0
2022-11-29 11:45:00+05:30,43219.05,43243.55,43206.55,43224.05,0,0
2022-11-29 12:15:00+05:30,43223.6,43272.9,43208.1,43251.4,0,0
2022-11-29 12:45:00+05:30,43250.9,43258.95,43212.4,43237.4,0,0
2022-11-29 13:15:00+05:30,43238.2,43266.75,43226.15,43250.9,0,0
2022-11-29 13:45:00+05:30,43249.95,43283.25,43228.9,43264.15,0,0
2022-11-29 14:15:00+05:30,43263.4,43284.5,43166.0,43178.4,0,0
2022-11-29 14:45:00+05:30,43179.25,43198.9,43133.35,43139.4,0,0
2022-11-29 15:15:00+05:30,43141.4,43166.3,43100.35,43138.65,0,0
2022-11-30 09:15:00+05:30,43237.45,43347.05,43237.45,43306.35,0,0
2022-11-30 09:45:00+05:30,43304.15,43311.35,43241.55,43282.2,0,0
2022-11-30 10:15:00+05:30,43283.4,43291.4,43203.85,43215.3,0,0
2022-11-30 10:45:00+05:30,43214.6,43260.5,43207.95,43257.1,0,0
2022-11-30 11:15:00+05:30,43254.6,43290.0,43249.85,43275.0,0,0
2022-11-30 11:45:00+05:30,43274.65,43286.75,43242.25,43243.2,0,0
2022-11-30 12:15:00+05:30,43245.0,43280.75,43233.75,43272.8,0,0
2022-11-30 12:45:00+05:30,43273.2,43389.8,43266.2,43381.0,0,0
2022-11-30 13:15:00+05:30,43382.3,43390.6,43322.85,43329.35,0,0
2022-11-30 13:45:00+05:30,43327.6,43386.25,43318.95,43380.1,0,0
2022-11-30 14:15:00+05:30,43378.6,43426.0,43367.1,43405.4,0,0
2022-11-30 14:45:00+05:30,43406.95,43728.6,43379.9,43727.1,0,0
2022-11-30 15:15:00+05:30,43724.65,43829.15,43722.2,43782.1,0,0
2022-12-01 09:15:00+05:30,43927.5,43940.2,43749.9,43797.85,0,0
2022-12-01 09:45:00+05:30,43800.35,43811.6,43751.3,43790.8,0,0
2022-12-01 10:15:00+05:30,43790.9,43846.0,43779.3,43825.35,0,0
2022-12-01 10:45:00+05:30,43826.9,43848.85,43809.05,43827.95,0,0
2022-12-01 11:15:00+05:30,43828.75,43839.3,43766.45,43785.45,0,0
2022-12-01 11:45:00+05:30,43782.55,43836.45,43761.55,43834.4,0,0
2022-12-01 12:15:00+05:30,43836.7,43876.15,43822.6,43839.25,0,0
2022-12-01 12:45:00+05:30,43839.1,43860.05,43826.05,43850.05,0,0
2022-12-01 13:15:00+05:30,43847.85,43867.8,43779.6,43812.15,0,0
2022-12-01 13:45:00+05:30,43810.15,43874.0,43734.1,43862.5,0,0
2022-12-01 14:15:00+05:30,43861.65,43914.6,43858.15,43912.3,0,0
2022-12-01 14:45:00+05:30,43912.25,43972.75,43845.95,43851.8,0,0
2022-12-01 15:15:00+05:30,43856.05,43857.85,43799.2,43815.15,0,0
2022-12-02 09:15:00+05:30,43918.85,43918.85,43759.75,43834.5,0,0
2022-12-02 09:45:00+05:30,43836.5,43857.5,43804.8,43807.35,0,0
2022-12-02 10:15:00+05:30,43807.2,43861.7,43796.45,43849.15,0,0
2022-12-02 10:45:00+05:30,43848.6,43862.25,43817.6,43837.5,0,0
2022-12-02 11:15:00+05:30,43836.4,43857.3,43783.35,43791.55,0,0
2022-12-02 11:45:00+05:30,43791.1,43795.3,43720.8,43768.5,0,0
2022-12-02 12:15:00+05:30,43765.7,43836.2,43762.95,43828.5,0,0
2022-12-02 12:45:00+05:30,43826.45,43878.85,43821.0,43870.1,0,0
2022-12-02 13:15:00+05:30,43869.8,43888.55,43840.25,43874.15,0,0
2022-12-02 13:45:00+05:30,43873.7,43911.6,43856.25,43901.65,0,0
2022-12-02 14:15:00+05:30,43900.8,43955.5,43885.25,43915.25,0,0
2022-12-02 14:45:00+05:30,43914.6,43955.35,43873.15,43919.45,0,0
2022-12-02 15:15:00+05:30,43920.65,43937.9,43884.25,43911.45,0,0
2022-12-05 09:15:00+05:30,44028.45,44059.0,43755.25,43776.8,0,0
2022-12-05 09:45:00+05:30,43778.1,43778.75,43594.95,43641.4,0,0
2022-12-05 10:15:00+05:30,43640.8,43774.65,43639.9,43765.5,0,0
2022-12-05 10:45:00+05:30,43766.35,43782.5,43727.6,43748.0,0,0
2022-12-05 11:15:00+05:30,43747.9,43770.55,43702.7,43752.45,0,0
2022-12-05 11:45:00+05:30,43753.65,43791.1,43744.35,43789.35,0,0
2022-12-05 12:15:00+05:30,43790.3,43835.45,43787.5,43818.75,0,0
2022-12-05 12:45:00+05:30,43817.65,43824.9,43762.25,43796.25,0,0
2022-12-05 13:15:00+05:30,43796.45,43808.3,43729.15,43738.5,0,0
2022-12-05 13:45:00+05:30,43737.2,43808.8,43721.5,43785.4,0,0
2022-12-05 14:15:00+05:30,43784.05,43855.85,43770.05,43820.0,0,0
2022-12-05 14:45:00+05:30,43819.3,43889.7,43818.9,43872.95,0,0
2022-12-05 15:15:00+05:30,43870.8,43878.8,43798.15,43821.0,0,0
2022-12-06 09:15:00+05:30,43781.2,43915.35,43740.15,43877.6,0,0
2022-12-06 09:45:00+05:30,43876.75,43913.65,43848.5,43892.65,0,0
2022-12-06 10:15:00+05:30,43891.85,43904.15,43858.5,43869.95,0,0
2022-12-06 10:45:00+05:30,43869.8,43886.0,43738.6,43738.6,0,0
2022-12-06 11:15:00+05:30,43738.1,43810.9,43735.95,43764.15,0,0
2022-12-06 11:45:00+05:30,43765.45,43812.25,43739.95,43810.85,0,0
2022-12-06 12:15:00+05:30,43811.6,43839.65,43769.1,43778.7,0,0
2022-12-06 12:45:00+05:30,43777.75,43795.65,43721.0,43790.5,0,0
2022-12-06 13:15:00+05:30,43790.5,43822.2,43777.4,43789.75,0,0
2022-12-06 13:45:00+05:30,43790.45,43817.95,43712.6,43742.4,0,0
2022-12-06 14:15:00+05:30,43742.4,43758.45,43718.85,43721.0,0,0
2022-12-06 14:45:00+05:30,43722.95,43831.8,43709.7,43821.9,0,0
2022-12-06 15:15:00+05:30,43821.3,43827.6,43786.65,43806.55,0,0
2022-12-07 09:15:00+05:30,43936.7,44081.65,43925.7,44057.5,0,0
2022-12-07 09:45:00+05:30,44058.1,44076.8,43993.35,44053.35,0,0
2022-12-07 10:15:00+05:30,44052.45,44075.15,43972.85,43973.1,0,0
2022-12-07 10:45:00+05:30,43972.55,43972.55,43768.15,43874.4,0,0
2022-12-07 11:15:00+05:30,43875.95,43903.55,43827.95,43901.25,0,0
2022-12-07 11:45:00+05:30,43902.0,43960.55,43899.6,43955.9,0,0
2022-12-07 12:15:00+05:30,43955.35,43986.05,43928.8,43932.15,0,0
2022-12-07 12:45:00+05:30,43930.9,43980.85,43924.6,43947.4,0,0
2022-12-07 13:15:00+05:30,43946.4,43982.0,43942.9,43959.9,0,0
2022-12-07 13:45:00+05:30,43959.45,43959.95,43882.7,43885.95,0,0
2022-12-07 14:15:00+05:30,43884.2,43952.75,43875.15,43949.85,0,0
2022-12-07 14:45:00+05:30,43948.75,44021.3,43877.25,43880.6,0,0
2022-12-07 15:15:00+05:30,43881.15,43897.9,43821.2,43882.35,0,0
2022-12-08 09:15:00+05:30,44001.45,44071.95,43926.3,44043.25,0,0
2022-12-08 09:45:00+05:30,44045.55,44091.8,44021.2,44023.9,0,0
2022-12-08 10:15:00+05:30,44023.35,44063.05,43940.9,43952.35,0,0
2022-12-08 10:45:00+05:30,43951.05,43984.7,43925.1,43973.3,0,0
2022-12-08 11:15:00+05:30,43974.1,44015.2,43965.85,43995.4,0,0
2022-12-08 11:45:00+05:30,43994.9,44043.1,43990.8,44013.65,0,0
2022-12-08 12:15:00+05:30,44013.05,44047.2,44005.5,44009.0,0,0
2022-12-08 12:45:00+05:30,44007.9,44066.65,43987.85,44056.0,0,0
2022-12-08 13:15:00+05:30,44054.8,44080.85,44034.2,44048.15,0,0
2022-12-08 13:45:00+05:30,44047.15,44060.4,44002.3,44023.25,0,0
2022-12-08 14:15:00+05:30,44024.0,44055.25,43999.65,44045.9,0,0
2022-12-08 14:45:00+05:30,44045.75,44096.55,44006.05,44066.95,0,0
2022-12-08 15:15:00+05:30,44068.5,44086.65,44032.5,44058.15,0,0
2022-12-09 09:15:00+05:30,44260.45,44280.5,44200.7,44236.0,0,0
2022-12-09 09:45:00+05:30,44236.2,44309.35,44217.2,44227.25,0,0
2022-12-09 10:15:00+05:30,44228.3,44231.45,44098.45,44152.75,0,0
2022-12-09 10:45:00+05:30,44153.6,44154.0,44090.25,44118.9,0,0
2022-12-09 11:15:00+05:30,44118.75,44119.5,44042.65,44100.8,0,0
2022-12-09 11:45:00+05:30,44101.6,44120.15,44064.9,44115.4,0,0
2022-12-09 12:15:00+05:30,44115.4,44131.45,43885.05,43896.05,0,0
2022-12-09 12:45:00+05:30,43897.75,43941.8,43781.05,43886.95,0,0
2022-12-09 13:15:00+05:30,43885.0,43908.85,43780.95,43783.9,0,0
2022-12-09 13:45:00+05:30,43781.1,43808.45,43645.4,43649.2,0,0
2022-12-09 14:15:00+05:30,43650.2,43650.25,43501.0,43626.7,0,0
2022-12-09 14:45:00+05:30,43627.45,43839.1,43627.45,43821.45,0,0
2022-12-09 15:15:00+05:30,43822.5,43829.4,43764.15,43776.6,0,0
2022-12-12 09:15:00+05:30,43798.8,43798.8,43412.0,43678.8,0,0
2022-12-12 09:45:00+05:30,43679.3,43732.0,43633.45,43672.4,0,0
2022-12-12 10:15:00+05:30,43673.1,43776.0,43656.9,43756.05,0,0
2022-12-12 10:45:00+05:30,43753.1,43827.3,43740.4,43825.15,0,0
2022-12-12 11:15:00+05:30,43824.7,43836.2,43754.9,43759.9,0,0
2022-12-12 11:45:00+05:30,43761.3,43813.9,43732.4,43790.8,0,0
2022-12-12 12:15:00+05:30,43791.35,43844.0,43780.1,43842.0,0,0
2022-12-12 12:45:00+05:30,43842.35,43851.5,43784.95,43826.25,0,0
2022-12-12 13:15:00+05:30,43826.2,43828.4,43708.0,43736.75,0,0
2022-12-12 13:45:00+05:30,43737.9,43809.05,43719.25,43772.05,0,0
2022-12-12 14:15:00+05:30,43773.1,43780.7,43685.5,43755.8,0,0
2022-12-12 14:45:00+05:30,43756.05,43833.75,43741.45,43793.65,0,0
2022-12-12 15:15:00+05:30,43793.3,43835.5,43765.2,43812.85,0,0
2022-12-13 09:15:00+05:30,43964.95,44003.55,43837.15,43898.95,0,0
2022-12-13 09:45:00+05:30,43897.8,43905.1,43830.8,43861.65,0,0
2022-12-13 10:15:00+05:30,43860.2,43862.45,43789.0,43802.2,0,0
2022-12-13 10:45:00+05:30,43801.25,43827.8,43795.05,43814.05,0,0
2022-12-13 11:15:00+05:30,43813.9,43843.85,43799.85,43817.65,0,0
2022-12-13 11:45:00+05:30,43819.6,43827.25,43782.45,43792.35,0,0
2022-12-13 12:15:00+05:30,43793.5,43798.55,43720.85,43737.5,0,0
2022-12-13 12:45:00+05:30,43738.05,43807.45,43720.45,43784.45,0,0
2022-12-13 13:15:00+05:30,43784.45,43804.95,43756.35,43760.8,0,0
2022-12-13 13:45:00+05:30,43760.4,43771.85,43699.95,43711.65,0,0
2022-12-13 14:15:00+05:30,43710.7,43753.05,43699.65,43727.35,0,0
2022-12-13 14:45:00+05:30,43729.7,43797.55,43728.95,43729.3,0,0
2022-12-13 15:15:00+05:30,43729.75,43742.9,43670.25,43687.35,0,0
2022-12-14 09:15:00+05:30,43851.3,43924.95,43810.55,43910.8,0,0
2022-12-14 09:45:00+05:30,43909.45,43939.7,43893.95,43939.7,0,0
2022-12-14 10:15:00+05:30,43937.15,43974.85,43920.7,43948.5,0,0
2022-12-14 10:45:00+05:30,43948.1,43990.05,43944.4,43981.0,0,0
2022-12-14 11:15:00+05:30,43981.05,43992.1,43964.2,43980.5,0,0
2022-12-14 11:45:00+05:30,43978.8,44005.75,43968.0,43986.65,0,0
2022-12-14 12:15:00+05:30,43987.65,44003.05,43955.25,43991.2,0,0
2022-12-14 12:45:00+05:30,43990.9,44034.35,43983.6,44014.4,0,0
2022-12-14 13:15:00+05:30,44017.0,44021.95,43950.45,43970.65,0,0
2022-12-14 13:45:00+05:30,43970.75,43995.2,43924.2,43951.35,0,0
2022-12-14 14:15:00+05:30,43952.85,44025.8,43949.95,43975.8,0,0
2022-12-14 14:45:00+05:30,43978.4,44037.0,43917.2,43924.95,0,0
2022-12-14 15:15:00+05:30,43924.65,43942.5,43889.4,43910.7,0,0
2022-12-15 09:15:00+05:30,43895.9,44008.2,43760.9,43833.75,0,0
2022-12-15 09:45:00+05:30,43833.05,43879.35,43796.75,43805.4,0,0
2022-12-15 10:15:00+05:30,43806.95,43875.3,43792.65,43859.55,0,0
2022-12-15 10:45:00+05:30,43860.05,43900.45,43859.8,43886.15,0,0
2022-12-15 11:15:00+05:30,43887.65,43896.55,43815.3,43834.35,0,0
2022-12-15 11:45:00+05:30,43835.4,43838.5,43722.7,43775.7,0,0
2022-12-15 12:15:00+05:30,43774.75,43785.95,43719.65,43722.65,0,0
2022-12-15 12:45:00+05:30,43722.55,43791.8,43702.15,43755.85,0,0
2022-12-15 13:15:00+05:30,43754.8,43775.3,43722.85,43751.9,0,0
2022-12-15 13:45:00+05:30,43752.7,43778.35,43699.1,43772.3,0,0
2022-12-15 14:15:00+05:30,43772.95,43778.35,43549.4,43549.4,0,0
2022-12-15 14:45:00+05:30,43548.45,43661.05,43488.7,43523.55,0,0
2022-12-15 15:15:00+05:30,43522.55,43542.95,43451.0,43455.25,0,0
2022-12-16 09:15:00+05:30,43396.95,43521.35,43143.25,43325.5,0,0
2022-12-16 09:45:00+05:30,43326.8,43326.8,43109.3,43112.55,0,0
2022-12-16 10:15:00+05:30,43109.45,43143.2,43064.55,43064.85,0,0
2022-12-16 10:45:00+05:30,43061.7,43098.0,42960.7,43095.2,0,0
2022-12-16 11:15:00+05:30,43090.1,43176.35,43089.4,43158.95,0,0
2022-12-16 11:45:00+05:30,43158.85,43159.25,43057.25,43124.3,0,0
2022-12-16 12:15:00+05:30,43125.35,43300.45,43121.5,43291.65,0,0
2022-12-16 12:45:00+05:30,43289.65,43307.85,43208.6,43212.65,0,0
2022-12-16 13:15:00+05:30,43211.5,43218.7,43120.1,43129.7,0,0
2022-12-16 13:45:00+05:30,43129.8,43135.8,43062.1,43075.9,0,0
2022-12-16 14:15:00+05:30,43077.25,43077.25,42947.35,43017.2,0,0
2022-12-16 14:45:00+05:30,43016.2,43062.7,42941.65,42978.3,0,0
2022-12-16 15:15:00+05:30,42977.45,43037.55,42958.25,43027.0,0,0
2022-12-19 09:15:00+05:30,43031.7,43106.3,42851.3,42944.3,0,0
2022-12-19 09:45:00+05:30,42944.5,43049.15,42914.4,43009.05,0,0
2022-12-19 10:15:00+05:30,43011.0,43055.35,43005.85,43054.05,0,0
2022-12-19 10:45:00+05:30,43054.35,43138.5,43004.4,43116.2,0,0
2022-12-19 11:15:00+05:30,43116.0,43178.25,43109.95,43161.4,0,0
2022-12-19 11:45:00+05:30,43162.75,43163.65,43100.9,43136.2,0,0
2022-12-19 12:15:00+05:30,43136.0,43185.95,43119.2,43122.7,0,0
2022-12-19 12:45:00+05:30,43121.75,43132.9,43077.05,43103.55,0,0
2022-12-19 13:15:00+05:30,43102.25,43205.55,43100.65,43199.25,0,0
2022-12-19 13:45:00+05:30,43201.2,43246.5,43176.6,43218.9,0,0
2022-12-19 14:15:00+05:30,43216.85,43340.1,43214.05,43326.35,0,0
2022-12-19 14:45:00+05:30,43326.55,43415.8,43310.8,43399.5,0,0
2022-12-19 15:15:00+05:30,43402.05,43455.75,43402.05,43433.45,0,0
2022-12-20 09:15:00+05:30,43348.7,43353.75,42987.15,43083.1,0,0
2022-12-20 09:45:00+05:30,43082.75,43113.5,42935.35,43049.55,0,0
2022-12-20 10:15:00+05:30,43051.15,43079.45,42999.95,43056.6,0,0
2022-12-20 10:45:00+05:30,43056.05,43094.95,43007.95,43051.85,0,0
2022-12-20 11:15:00+05:30,43054.25,43069.95,42970.85,42970.85,0,0
2022-12-20 11:45:00+05:30,42970.35,43054.2,42940.0,43049.85,0,0
2022-12-20 12:15:00+05:30,43051.9,43153.35,43032.45,43145.9,0,0
2022-12-20 12:45:00+05:30,43146.65,43161.75,43080.25,43104.4,0,0
2022-12-20 13:15:00+05:30,43105.45,43116.7,43043.85,43105.75,0,0
2022-12-20 13:45:00+05:30,43105.45,43145.95,43083.1,43127.1,0,0
2022-12-20 14:15:00+05:30,43124.25,43217.55,43114.55,43193.5,0,0
2022-12-20 14:45:00+05:30,43192.3,43378.65,43136.2,43356.2,0,0
2022-12-20 15:15:00+05:30,43354.5,43364.85,43310.1,43313.65,0,0
2022-12-21 09:15:00+05:30,43464.1,43620.1,43440.3,43440.3,0,0
2022-12-21 09:45:00+05:30,43439.05,43478.5,43339.95,43448.65,0,0
2022-12-21 10:15:00+05:30,43448.75,43459.2,43303.0,43389.5,0,0
2022-12-21 10:45:00+05:30,43387.8,43429.35,43360.5,43415.05,0,0
2022-12-21 11:15:00+05:30,43414.5,43420.55,43358.55,43413.8,0,0
2022-12-21 11:45:00+05:30,43412.9,43428.9,43289.1,43294.2,0,0
2022-12-21 12:15:00+05:30,43295.4,43295.4,43133.85,43152.85,0,0
2022-12-21 12:45:00+05:30,43152.15,43178.75,43007.15,43101.8,0,0
2022-12-21 13:15:00+05:30,43100.7,43105.25,42874.9,42905.65,0,0
2022-12-21 13:45:00+05:30,42904.4,42910.55,42493.7,42733.35,0,0
2022-12-21 14:15:00+05:30,42737.55,42889.45,42585.35,42855.65,0,0
2022-12-21 14:45:00+05:30,42857.55,42894.3,42637.85,42638.1,0,0
2022-12-21 15:15:00+05:30,42639.95,42648.55,42561.55,42619.15,0,0
2022-12-22 09:15:00+05:30,42775.45,42960.75,42339.6,42367.4,0,0
2022-12-22 09:45:00+05:30,42364.6,42668.6,42349.05,42371.5,0,0
2022-12-22 10:15:00+05:30,42372.1,42397.7,42073.3,42100.5,0,0
2022-12-22 10:45:00+05:30,42099.2,42250.4,42075.55,42240.8,0,0
2022-12-22 11:15:00+05:30,42239.85,42328.6,42206.4,42212.9,0,0
2022-12-22 11:45:00+05:30,42211.6,42212.7,42045.95,42062.55,0,0
2022-12-22 12:15:00+05:30,42062.4,42236.6,42060.8,42161.15,0,0
2022-12-22 12:45:00+05:30,42162.3,42305.2,42094.1,42247.0,0,0
2022-12-22 13:15:00+05:30,42247.7,42323.6,42200.95,42262.35,0,0
2022-12-22 13:45:00+05:30,42265.1,42347.3,42241.25,42331.55,0,0
2022-12-22 14:15:00+05:30,42334.45,42395.75,42244.75,42245.4,0,0
2022-12-22 14:45:00+05:30,42242.5,42393.8,42208.35,42347.0,0,0
2022-12-22 15:15:00+05:30,42351.1,42353.5,42269.6,42275.25,0,0
2022-12-23 09:15:00+05:30,42008.15,42074.3,41666.8,41849.85,0,0
2022-12-23 09:45:00+05:30,41849.75,41865.75,41519.3,41552.5,0,0
2022-12-23 10:15:00+05:30,41554.15,41554.15,41391.0,41524.05,0,0
2022-12-23 10:45:00+05:30,41522.95,41557.2,41442.8,41507.35,0,0
2022-12-23 11:15:00+05:30,41507.85,41512.3,41256.1,41258.4,0,0
2022-12-23 11:45:00+05:30,41257.55,41317.8,41193.0,41292.15,0,0
2022-12-23 12:15:00+05:30,41292.05,41432.9,41270.4,41385.95,0,0
2022-12-23 12:45:00+05:30,41388.75,41398.7,41267.35,41308.05,0,0
2022-12-23 13:15:00+05:30,41303.45,41335.35,41107.6,41107.6,0,0
2022-12-23 13:45:00+05:30,41111.0,41138.7,40976.85,40980.8,0,0
2022-12-23 14:15:00+05:30,40978.0,41099.8,40892.15,40997.8,0,0
2022-12-23 14:45:00+05:30,40996.9,41001.95,40627.55,40754.7,0,0
2022-12-23 15:15:00+05:30,40755.0,40813.65,40698.5,40785.6,0,0
2022-12-26 09:15:00+05:30,40773.0,41329.1,40413.05,41298.95,0,0
2022-12-26 09:45:00+05:30,41298.4,41370.6,41230.0,41325.3,0,0
2022-12-26 10:15:00+05:30,41325.6,41419.75,41199.0,41399.9,0,0
2022-12-26 10:45:00+05:30,41398.5,41480.8,41392.55,41473.35,0,0
2022-12-26 11:15:00+05:30,41474.3,41637.3,41468.95,41634.5,0,0
2022-12-26 11:45:00+05:30,41634.85,41694.75,41600.8,41693.35,0,0
2022-12-26 12:15:00+05:30,41693.35,41709.9,41528.55,41596.95,0,0
2022-12-26 12:45:00+05:30,41597.15,41687.75,41577.05,41647.35,0,0
2022-12-26 13:15:00+05:30,41646.55,41707.25,41576.9,41677.85,0,0
2022-12-26 13:45:00+05:30,41675.05,41729.5,41614.8,41729.0,0,0
2022-12-26 14:15:00+05:30,41730.35,41809.65,41730.35,41793.45,0,0
2022-12-26 14:45:00+05:30,41790.85,41855.75,41632.85,41650.35,0,0
2022-12-26 15:15:00+05:30,41653.5,41748.2,41642.9,41720.35,0,0
2022-12-27 09:15:00+05:30,41946.7,42172.85,41799.85,41890.65,0,0
2022-12-27 09:45:00+05:30,41891.35,41977.45,41765.1,41940.8,0,0
2022-12-27 10:15:00+05:30,41942.7,42065.95,41911.25,42042.35,0,0
2022-12-27 10:45:00+05:30,42042.05,42103.6,42016.25,42076.45,0,0
2022-12-27 11:15:00+05:30,42073.9,42091.15,42004.15,42032.75,0,0
2022-12-27 11:45:00+05:30,42032.05,42059.4,42000.55,42039.2,0,0
2022-12-27 12:15:00+05:30,42037.35,42088.35,41962.65,41982.9,0,0
2022-12-27 12:45:00+05:30,41983.4,42017.0,41934.45,41989.1,0,0
2022-12-27 13:15:00+05:30,41992.0,42055.95,41982.85,42031.1,0,0
2022-12-27 13:45:00+05:30,42032.75,42114.2,42031.5,42110.15,0,0
2022-12-27 14:15:00+05:30,42109.6,42123.35,42017.5,42121.15,0,0
2022-12-27 14:45:00+05:30,42122.85,42149.45,42063.0,42138.9,0,0
2022-12-27 15:15:00+05:30,42139.45,42177.4,42135.85,42162.45,0,0
2022-12-28 09:15:00+05:30,42116.6,42204.1,41988.05,42187.4,0,0
2022-12-28 09:45:00+05:30,42190.15,42356.25,42157.05,42318.8,0,0
2022-12-28 10:15:00+05:30,42319.4,42328.2,42195.4,42304.85,0,0
2022-12-28 10:45:00+05:30,42306.05,42381.05,42295.05,42375.85,0,0
2022-12-28 11:15:00+05:30,42375.5,42378.05,42288.2,42309.25,0,0
2022-12-28 11:45:00+05:30,42310.4,42392.55,42305.95,42376.75,0,0
2022-12-28 12:15:00+05:30,42373.95,42393.7,42317.25,42338.05,0,0
2022-12-28 12:45:00+05:30,42336.85,42364.95,42276.7,42277.2,0,0
2022-12-28 13:15:00+05:30,42276.45,42288.75,42225.55,42278.45,0,0
2022-12-28 13:45:00+05:30,42278.7,42354.25,42277.15,42335.6,0,0
2022-12-28 14:15:00+05:30,42335.7,42361.3,42322.35,42350.15,0,0
2022-12-28 14:45:00+05:30,42349.8,42358.55,42194.05,42265.8,0,0
2022-12-28 15:15:00+05:30,42268.1,42277.1,42214.45,42218.65,0,0
2022-12-29 09:15:00+05:30,42089.45,42110.15,41837.7,41838.25,0,0
2022-12-29 09:45:00+05:30,41842.6,41864.9,41741.0,41769.9,0,0
2022-12-29 10:15:00+05:30,41769.75,41894.7,41757.2,41873.65,0,0
2022-12-29 10:45:00+05:30,41873.45,41882.4,41830.35,41842.95,0,0
2022-12-29 11:15:00+05:30,41843.5,41889.2,41806.05,41859.45,0,0
2022-12-29 11:45:00+05:30,41861.3,41875.95,41810.25,41815.55,0,0
2022-12-29 12:15:00+05:30,41815.0,41837.85,41793.5,41824.15,0,0
2022-12-29 12:45:00+05:30,41823.55,41892.0,41806.95,41878.2,0,0
2022-12-29 13:15:00+05:30,41877.3,41888.85,41844.05,41878.75,0,0
2022-12-29 13:45:00+05:30,41878.2,41935.75,41878.2,41902.05,0,0
2022-12-29 14:15:00+05:30,41899.9,42001.55,41891.05,41994.7,0,0
2022-12-29 14:45:00+05:30,41994.15,42258.05,41989.3,42239.75,0,0
2022-12-29 15:15:00+05:30,42240.55,42417.85,42237.55,42417.85,0,0
2022-12-30 09:15:00+05:30,42542.75,42664.0,42447.65,42596.65,0,0
2022-12-30 09:45:00+05:30,42596.05,42609.15,42526.8,42532.75,0,0
2022-12-30 10:15:00+05:30,42532.4,42572.7,42510.55,42558.0,0,0
2022-12-30 10:45:00+05:30,42556.25,42572.55,42492.9,42509.05,0,0
2022-12-30 11:15:00+05:30,42507.2,42513.15,42407.8,42409.3,0,0
2022-12-30 11:45:00+05:30,42407.55,42464.05,42343.3,42440.05,0,0
2022-12-30 12:15:00+05:30,42439.75,42513.4,42425.8,42509.65,0,0
2022-12-30 12:45:00+05:30,42509.65,42515.3,42415.05,42454.8,0,0
2022-12-30 13:15:00+05:30,42454.8,42566.85,42443.1,42535.9,0,0
2022-12-30 13:45:00+05:30,42536.4,42560.8,42433.7,42521.95,0,0
2022-12-30 14:15:00+05:30,42522.7,42527.75,42444.55,42474.0,0,0
2022-12-30 14:45:00+05:30,42474.4,42554.2,42130.0,42148.15,0,0
2022-12-30 15:15:00+05:30,42141.85,42179.1,42106.7,42173.15,0,0
2023-01-02 09:15:00+05:30,42321.1,42408.9,42126.65,42239.9,0,0
2023-01-02 09:45:00+05:30,42243.9,42305.55,42210.15,42294.2,0,0
2023-01-02 10:15:00+05:30,42292.4,42358.25,42285.3,42348.5,0,0
2023-01-02 10:45:00+05:30,42347.7,42381.7,42308.6,42353.55,0,0
2023-01-02 11:15:00+05:30,42355.05,42378.45,42329.6,42376.9,0,0
2023-01-02 11:45:00+05:30,42374.95,42377.05,42312.3,42332.45,0,0
2023-01-02 12:15:00+05:30,42332.75,42342.15,42238.4,42273.6,0,0
2023-01-02 12:45:00+05:30,42271.4,42301.35,42216.25,42296.4,0,0
2023-01-02 13:15:00+05:30,42295.25,42303.35,42234.15,42239.6,0,0
2023-01-02 13:45:00+05:30,42238.3,42259.8,42178.15,42206.9,0,0
2023-01-02 14:15:00+05:30,42204.95,42238.15,42117.7,42217.95,0,0
2023-01-02 14:45:00+05:30,42216.8,42300.8,42192.05,42237.2,0,0
2023-01-02 15:15:00+05:30,42238.45,42277.45,42234.3,42277.45,0,0
2023-01-03 09:15:00+05:30,42332.65,42453.15,42324.4,42425.55,0,0
2023-01-03 09:45:00+05:30,42426.8,42479.05,42410.2,42455.2,0,0
2023-01-03 10:15:00+05:30,42455.45,42459.65,42380.0,42410.95,0,0
2023-01-03 10:45:00+05:30,42408.2,42435.15,42389.55,42415.9,0,0
2023-01-03 11:15:00+05:30,42415.5,42442.65,42399.5,42442.35,0,0
2023-01-03 11:45:00+05:30,42441.2,42445.55,42355.6,42367.7,0,0
2023-01-03 12:15:00+05:30,42368.95,42413.25,42288.25,42392.3,0,0
2023-01-03 12:45:00+05:30,42390.85,42404.75,42317.4,42341.05,0,0
2023-01-03 13:15:00+05:30,42340.85,42400.95,42340.85,42371.9,0,0
2023-01-03 13:45:00+05:30,42371.75,42413.05,42366.3,42383.25,0,0
2023-01-03 14:15:00+05:30,42382.05,42450.6,42380.8,42448.6,0,0
2023-01-03 14:45:00+05:30,42447.65,42513.45,42409.6,42435.8,0,0
2023-01-03 15:15:00+05:30,42436.4,42456.75,42409.0,42425.2,0,0
2023-01-04 09:15:00+05:30,42454.3,42478.1,42157.9,42168.35,0,0
2023-01-04 09:45:00+05:30,42169.1,42180.65,42005.55,42132.7,0,0
2023-01-04 10:15:00+05:30,42133.15,42254.5,42109.95,42197.5,0,0
2023-01-04 10:45:00+05:30,42196.25,42239.9,42102.4,42125.05,0,0
2023-01-04 11:15:00+05:30,42125.5,42165.7,42094.9,42106.4,0,0
2023-01-04 11:45:00+05:30,42105.9,42107.15,41912.15,41915.05,0,0
2023-01-04 12:15:00+05:30,41913.1,42034.5,41902.3,42030.75,0,0
2023-01-04 12:45:00+05:30,42031.4,42096.1,42031.4,42078.8,0,0
2023-01-04 13:15:00+05:30,42076.2,42104.25,42040.35,42101.75,0,0
2023-01-04 13:45:00+05:30,42102.2,42154.05,42098.4,42139.0,0,0
2023-01-04 14:15:00+05:30,42139.5,42152.1,41976.05,41976.05,0,0
2023-01-04 14:45:00+05:30,41975.0,41975.0,41842.15,41893.3,0,0
2023-01-04 15:15:00+05:30,41891.15,41896.1,41804.7,41837.35,0,0
2023-01-05 09:15:00+05:30,42042.1,42127.4,41899.0,41941.6,0,0
2023-01-05 09:45:00+05:30,41940.05,42058.8,41898.4,42055.55,0,0
2023-01-05 10:15:00+05:30,42055.05,42084.3,41993.95,42013.25,0,0
2023-01-05 10:45:00+05:30,42009.5,42067.15,41972.7,42055.2,0,0
2023-01-05 11:15:00+05:30,42054.1,42101.9,42010.6,42050.7,0,0
2023-01-05 11:45:00+05:30,42052.3,42062.1,41961.25,41982.0,0,0
2023-01-05 12:15:00+05:30,41981.6,41995.15,41877.95,41884.9,0,0
2023-01-05 12:45:00+05:30,41886.0,41925.3,41854.35,41890.7,0,0
2023-01-05 13:15:00+05:30,41888.55,41899.4,41733.0,41786.75,0,0
2023-01-05 13:45:00+05:30,41787.55,41944.25,41787.55,41869.05,0,0
2023-01-05 14:15:00+05:30,41868.95,42002.45,41868.45,41982.0,0,0
2023-01-05 14:45:00+05:30,41982.5,42178.2,41981.3,42158.8,0,0
2023-01-05 15:15:00+05:30,42155.95,42209.6,42155.95,42204.85,0,0
2023-01-06 09:15:00+05:30,42197.35,42246.9,42085.45,42229.3,0,0
2023-01-06 09:45:00+05:30,42232.55,42240.25,42107.5,42107.6,0,0
2023-01-06 10:15:00+05:30,42108.4,42160.65,42055.15,42097.55,0,0
2023-01-06 10:45:00+05:30,42096.7,42151.45,42051.25,42060.4,0,0
2023-01-06 11:15:00+05:30,42059.9,42121.65,42058.6,42117.0,0,0
2023-01-06 11:45:00+05:30,42117.0,42140.85,42087.8,42092.2,0,0
2023-01-06 12:15:00+05:30,42092.5,42092.9,41912.5,41914.55,0,0
2023-01-06 12:45:00+05:30,41914.6,41935.65,41820.15,41839.85,0,0
2023-01-06 13:15:00+05:30,41840.95,41857.05,41740.45,41851.7,0,0
2023-01-06 13:45:00+05:30,41851.9,41909.6,41759.05,41771.65,0,0
2023-01-06 14:15:00+05:30,41771.9,41828.7,41701.45,41790.9,0,0
2023-01-06 14:45:00+05:30,41789.3,41909.6,41783.15,41861.1,0,0
2023-01-06 15:15:00+05:30,41859.4,41865.3,41791.0,41829.3,0,0
2023-01-09 09:15:00+05:30,42093.3,42243.8,42072.1,42179.95,0,0
2023-01-09 09:45:00+05:30,42179.45,42229.4,42160.3,42194.3,0,0
2023-01-09 10:15:00+05:30,42194.95,42215.7,42167.95,42173.1,0,0
2023-01-09 10:45:00+05:30,42169.65,42171.6,42100.35,42106.35,0,0
2023-01-09 11:15:00+05:30,42105.75,42129.15,42087.7,42106.65,0,0
2023-01-09 11:45:00+05:30,42107.55,42116.3,42057.25,42074.1,0,0
2023-01-09 12:15:00+05:30,42073.8,42084.2,42025.75,42055.6,0,0
2023-01-09 12:45:00+05:30,42056.0,42098.95,42037.4,42044.2,0,0
2023-01-09 13:15:00+05:30,42044.35,42046.5,41968.15,41974.0,0,0
2023-01-09 13:45:00+05:30,41972.85,42012.9,41908.1,42006.5,0,0
2023-01-09 14:15:00+05:30,42005.65,42048.8,41998.55,42020.1,0,0
2023-01-09 14:45:00+05:30,42020.8,42202.2,41982.7,42181.25,0,0
2023-01-09 15:15:00+05:30,42182.85,42220.3,42158.6,42163.8,0,0
2023-01-10 09:15:00+05:30,42250.0,42250.0,42080.8,42109.95,0,0
2023-01-10 09:45:00+05:30,42110.45,42163.55,42004.05,42081.45,0,0
2023-01-10 10:15:00+05:30,42082.15,42141.0,42022.25,42023.6,0,0
2023-01-10 10:45:00+05:30,42024.3,42039.15,41982.9,41985.55,0,0
2023-01-10 11:15:00+05:30,41985.85,41991.5,41874.5,41913.05,0,0
2023-01-10 11:45:00+05:30,41914.25,41985.45,41898.7,41972.0,0,0
2023-01-10 12:15:00+05:30,41971.6,41986.35,41812.15,41812.15,0,0
2023-01-10 12:45:00+05:30,41813.8,41819.75,41738.75,41773.7,0,0
2023-01-10 13:15:00+05:30,41774.65,41834.3,41702.25,41733.25,0,0
2023-01-10 13:45:00+05:30,41735.65,41878.3,41722.6,41863.5,0,0
2023-01-10 14:15:00+05:30,41861.85,41865.1,41775.05,41775.05,0,0
2023-01-10 14:45:00+05:30,41771.85,42068.65,41765.55,42050.5,0,0
2023-01-10 15:15:00+05:30,42050.75,42072.65,42016.95,42028.9,0,0
2023-01-11 09:15:00+05:30,42103.8,42148.6,41812.35,41900.15,0,0
2023-01-11 09:45:00+05:30,41899.5,42065.15,41873.5,42061.85,0,0
2023-01-11 10:15:00+05:30,42062.2,42071.9,42003.35,42018.15,0,0
2023-01-11 10:45:00+05:30,42018.1,42038.15,41862.4,41935.85,0,0
2023-01-11 11:15:00+05:30,41935.15,41938.45,41853.85,41871.45,0,0
2023-01-11 11:45:00+05:30,41870.75,41952.75,41869.25,41877.95,0,0
2023-01-11 12:15:00+05:30,41877.7,41919.0,41851.7,41857.35,0,0
2023-01-11 12:45:00+05:30,41857.3,41919.2,41822.65,41896.85,0,0
2023-01-11 13:15:00+05:30,41895.6,41934.05,41880.0,41900.25,0,0
2023-01-11 13:45:00+05:30,41900.6,41901.65,41808.75,41837.8,0,0
2023-01-11 14:15:00+05:30,41838.25,41954.7,41824.4,41953.35,0,0
2023-01-11 14:45:00+05:30,41953.6,42000.25,41871.6,41891.75,0,0
2023-01-11 15:15:00+05:30,41889.65,41905.0,41847.85,41865.0,0,0
2023-01-12 09:15:00+05:30,41974.9,42026.95,41882.3,41986.25,0,0
2023-01-12 09:45:00+05:30,41988.0,42013.25,41905.85,41941.1,0,0
2023-01-12 10:15:00+05:30,41940.3,41959.0,41883.75,41958.8,0,0
2023-01-12 10:45:00+05:30,41957.6,41985.05,41918.0,41941.0,0,0
2023-01-12 11:15:00+05:30,41941.1,41995.95,41923.1,41963.7,0,0
2023-01-12 11:45:00+05:30,41966.3,41968.2,41883.35,41936.95,0,0
2023-01-12 12:15:00+05:30,41938.7,41963.7,41859.8,41878.55,0,0
2023-01-12 12:45:00+05:30,41877.5,41936.35,41876.8,41908.65,0,0
2023-01-12 13:15:00+05:30,41908.3,41939.8,41789.05,41818.15,0,0
2023-01-12 13:45:00+05:30,41818.3,41941.3,41818.3,41931.0,0,0
2023-01-12 14:15:00+05:30,41931.25,41966.8,41902.25,41902.8,0,0
2023-01-12 14:45:00+05:30,41904.4,42011.25,41802.6,41988.45,0,0
2023-01-12 15:15:00+05:30,41990.2,42021.4,41985.35,41997.15,0,0
2023-01-13 09:15:00+05:30,42052.7,42061.95,41869.5,41879.15,0,0
2023-01-13 09:45:00+05:30,41877.4,41943.7,41856.05,41876.8,0,0
2023-01-13 10:15:00+05:30,41874.55,41891.95,41835.4,41864.75,0,0
2023-01-13 10:45:00+05:30,41866.8,41881.65,41828.75,41860.75,0,0
2023-01-13 11:15:00+05:30,41862.25,41873.7,41815.45,41822.65,0,0
2023-01-13 11:45:00+05:30,41823.35,41906.4,41820.35,41904.3,0,0
2023-01-13 12:15:00+05:30,41903.6,41967.25,41898.15,41937.6,0,0
2023-01-13 12:45:00+05:30,41936.7,42040.05,41931.05,42023.05,0,0
2023-01-13 13:15:00+05:30,42021.1,42067.35,42019.3,42053.0,0,0
2023-01-13 13:45:00+05:30,42053.8,42098.5,42045.5,42083.1,0,0
2023-01-13 14:15:00+05:30,42083.85,42093.35,42023.1,42068.8,0,0
2023-01-13 14:45:00+05:30,42066.2,42183.2,42047.5,42172.4,0,0
2023-01-13 15:15:00+05:30,42171.15,42183.5,42105.75,42109.9,0,0
2023-01-16 09:15:00+05:30,42201.45,42263.35,42144.35,42232.85,0,0
2023-01-16 09:45:00+05:30,42234.8,42235.05,42125.7,42185.45,0,0
2023-01-16 10:15:00+05:30,42187.75,42191.5,42136.9,42177.7,0,0
2023-01-16 10:45:00+05:30,42179.15,42198.9,42130.15,42157.05,0,0
2023-01-16 11:15:00+05:30,42157.4,42158.25,42082.25,42122.5,0,0
2023-01-16 11:45:00+05:30,42121.1,42127.8,42047.55,42055.2,0,0
2023-01-16 12:15:00+05:30,42057.35,42057.35,41986.15,42012.95,0,0
2023-01-16 12:45:00+05:30,42013.55,42119.9,41996.75,42115.3,0,0
2023-01-16 13:15:00+05:30,42116.5,42148.75,42063.7,42065.2,0,0
2023-01-16 13:45:00+05:30,42066.55,42088.5,42005.15,42054.15,0,0
2023-01-16 14:15:00+05:30,42056.4,42082.1,42002.2,42026.05,0,0
2023-01-16 14:45:00+05:30,42024.6,42155.8,42008.95,42128.85,0,0
2023-01-16 15:15:00+05:30,42127.65,42155.25,42089.85,42093.1,0,0
2023-01-17 09:15:00+05:30,42186.7,42230.45,42058.75,42148.1,0,0
2023-01-17 09:45:00+05:30,42148.2,42187.9,42107.25,42170.5,0,0
2023-01-17 10:15:00+05:30,42173.55,42257.95,42171.25,42243.5,0,0
2023-01-17 10:45:00+05:30,42243.35,42256.65,42141.6,42178.85,0,0
2023-01-17 11:15:00+05:30,42179.65,42179.65,42118.9,42155.65,0,0
2023-01-17 11:45:00+05:30,42155.4,42159.7,42097.1,42138.95,0,0
2023-01-17 12:15:00+05:30,42138.75,42139.65,41966.5,41966.5,0,0
2023-01-17 12:45:00+05:30,41966.3,42006.1,41919.65,41934.1,0,0
2023-01-17 13:15:00+05:30,41934.5,41993.05,41896.25,41983.0,0,0
2023-01-17 13:45:00+05:30,41982.7,42032.55,41961.1,42031.15,0,0
2023-01-17 14:15:00+05:30,42031.15,42052.85,41998.25,42020.15,0,0
2023-01-17 14:45:00+05:30,42019.8,42194.65,42019.8,42182.85,0,0
2023-01-17 15:15:00+05:30,42181.3,42209.95,42159.8,42181.8,0,0
2023-01-18 09:15:00+05:30,42206.5,42221.05,42052.55,42184.2,0,0
2023-01-18 09:45:00+05:30,42185.95,42191.7,42091.45,42093.85,0,0
2023-01-18 10:15:00+05:30,42094.35,42097.55,41996.25,42037.85,0,0
2023-01-18 10:45:00+05:30,42038.25,42062.95,41978.5,42051.15,0,0
2023-01-18 11:15:00+05:30,42050.05,42077.05,42028.5,42073.5,0,0
2023-01-18 11:45:00+05:30,42072.85,42082.55,42050.65,42074.55,0,0
2023-01-18 12:15:00+05:30,42076.15,42145.45,42072.4,42112.9,0,0
2023-01-18 12:45:00+05:30,42113.7,42140.4,42102.65,42104.6,0,0
2023-01-18 13:15:00+05:30,42104.7,42176.15,42102.75,42160.45,0,0
2023-01-18 13:45:00+05:30,42159.95,42165.0,42086.35,42132.25,0,0
2023-01-18 14:15:00+05:30,42130.15,42159.65,42106.5,42153.1,0,0
2023-01-18 14:45:00+05:30,42154.2,42184.35,42101.45,42164.05,0,0
2023-01-18 15:15:00+05:30,42164.55,42184.3,42137.75,42146.55,0,0
2023-01-19 09:15:00+05:30,42057.3,42087.1,41864.65,41990.45,0,0
2023-01-19 09:45:00+05:30,41990.95,42020.45,41928.8,41969.05,0,0
2023-01-19 10:15:00+05:30,41969.0,42055.85,41963.85,42027.35,0,0
2023-01-19 10:45:00+05:30,42028.35,42092.85,42014.5,42037.75,0,0
2023-01-19 11:15:00+05:30,42036.75,42039.85,41989.75,42020.25,0,0
2023-01-19 11:45:00+05:30,42020.8,42038.65,41982.6,41991.15,0,0
2023-01-19 12:15:00+05:30,41990.0,42002.7,41967.15,41973.8,0,0
2023-01-19 12:45:00+05:30,41973.95,41994.8,41933.6,41969.3,0,0
2023-01-19 13:15:00+05:30,41969.2,42003.05,41938.75,41962.05,0,0
2023-01-19 13:45:00+05:30,41960.55,41964.0,41921.15,41957.6,0,0
2023-01-19 14:15:00+05:30,41957.8,41970.85,41862.95,41925.85,0,0
2023-01-19 14:45:00+05:30,41924.0,42030.25,41889.95,42028.05,0,0
2023-01-19 15:15:00+05:30,42025.3,42061.4,42016.65,42030.25,0,0
2023-01-20 09:15:00+05:30,42042.75,42083.2,41921.35,41936.95,0,0
2023-01-20 09:45:00+05:30,41935.45,42032.35,41900.0,42018.85,0,0
2023-01-20 10:15:00+05:30,42017.95,42044.4,41993.45,42029.95,0,0
2023-01-20 10:45:00+05:30,42033.45,42038.2,41989.9,42000.6,0,0
2023-01-20 11:15:00+05:30,42001.2,42073.3,41997.85,42048.6,0,0
2023-01-20 11:45:00+05:30,42047.3,42055.15,41996.0,41998.05,0,0
2023-01-20 12:15:00+05:30,41997.95,42016.9,41954.8,41954.8,0,0
2023-01-20 12:45:00+05:30,41955.3,41987.6,41931.3,41978.9,0,0
2023-01-20 13:15:00+05:30,41979.65,41997.15,41936.9,41937.1,0,0
2023-01-20 13:45:00+05:30,41935.4,41954.75,41843.15,41899.75,0,0
2023-01-20 14:15:00+05:30,41898.55,41910.25,41792.85,41805.5,0,0
2023-01-20 14:45:00+05:30,41804.8,41935.65,41804.15,41875.45,0,0
2023-01-20 15:15:00+05:30,41872.5,41879.55,41819.1,41854.05,0,0
2023-01-23 09:15:00+05:30,41960.9,42006.45,41855.35,41984.6,0,0
2023-01-23 09:45:00+05:30,41981.6,42048.0,41941.05,41942.15,0,0
2023-01-23 10:15:00+05:30,41941.75,41960.95,41851.05,41855.15,0,0
2023-01-23 10:45:00+05:30,41853.95,41906.9,41842.75,41868.6,0,0
2023-01-23 11:15:00+05:30,41868.95,41921.4,41854.1,41910.7,0,0
2023-01-23 11:45:00+05:30,41909.55,41912.8,41831.2,41847.25,0,0
2023-01-23 12:15:00+05:30,41846.6,41876.05,41828.5,41859.2,0,0
2023-01-23 12:45:00+05:30,41855.85,41870.65,41815.7,41835.75,0,0
2023-01-23 13:15:00+05:30,41835.65,41909.75,41821.6,41902.75,0,0
2023-01-23 13:45:00+05:30,41902.95,41958.95,41893.0,41937.25,0,0
2023-01-23 14:15:00+05:30,41937.3,41964.05,41899.25,41924.5,0,0
2023-01-23 14:45:00+05:30,41924.5,41967.0,41907.75,41935.65,0,0
2023-01-23 15:15:00+05:30,41935.75,41939.1,41877.0,41897.0,0,0
2023-01-24 09:15:00+05:30,42037.85,42064.05,41936.45,41955.8,0,0
2023-01-24 09:45:00+05:30,41956.6,41988.7,41884.95,41887.8,0,0
2023-01-24 10:15:00+05:30,41885.35,41967.0,41876.05,41965.45,0,0
2023-01-24 10:45:00+05:30,41964.15,41979.8,41918.4,41939.35,0,0
2023-01-24 11:15:00+05:30,41938.45,41940.6,41866.05,41875.85,0,0
2023-01-24 11:45:00+05:30,41875.5,41902.0,41822.4,41902.0,0,0
2023-01-24 12:15:00+05:30,41900.45,41919.95,41870.15,41917.0,0,0
2023-01-24 12:45:00+05:30,41916.9,41969.55,41915.1,41949.15,0,0
2023-01-24 13:15:00+05:30,41953.2,41973.4,41892.65,41893.0,0,0
2023-01-24 13:45:00+05:30,41893.15,41900.7,41815.15,41870.6,0,0
2023-01-24 14:15:00+05:30,41870.15,41889.3,41810.65,41811.9,0,0
2023-01-24 14:45:00+05:30,41811.7,41893.2,41791.3,41850.05,0,0
2023-01-24 15:15:00+05:30,41852.45,41852.65,41767.3,41776.0,0,0
2023-01-25 09:15:00+05:30,41673.3,41690.9,41346.5,41347.4,0,0
2023-01-25 09:45:00+05:30,41347.1,41357.25,41101.3,41115.7,0,0
2023-01-25 10:15:00+05:30,41116.4,41131.05,40974.95,40976.9,0,0
2023-01-25 10:45:00+05:30,40979.1,41076.75,40949.45,41074.25,0,0
2023-01-25 11:15:00+05:30,41073.85,41078.95,40888.95,40946.6,0,0
2023-01-25 11:45:00+05:30,40948.65,41030.55,40903.5,40904.2,0,0
2023-01-25 12:15:00+05:30,40902.55,40906.85,40827.75,40854.1,0,0
2023-01-25 12:45:00+05:30,40856.55,40966.05,40853.05,40927.9,0,0
2023-01-25 13:15:00+05:30,40927.1,40985.55,40902.15,40948.55,0,0
2023-01-25 13:45:00+05:30,40950.2,40994.95,40924.2,40968.1,0,0
2023-01-25 14:15:00+05:30,40967.0,40973.05,40798.3,40810.0,0,0
2023-01-25 14:45:00+05:30,40813.1,40852.65,40712.95,40777.4,0,0
2023-01-25 15:15:00+05:30,40779.2,40898.3,40722.0,40890.3,0,0
2023-01-27 09:15:00+05:30,40683.8,40694.2,40005.25,40039.55,0,0
2023-01-27 09:45:00+05:30,40037.3,40072.85,39642.05,39643.9,0,0
2023-01-27 10:15:00+05:30,39646.75,39856.95,39634.05,39733.45,0,0
2023-01-27 10:45:00+05:30,39732.9,39737.95,39485.2,39501.1,0,0
2023-01-27 11:15:00+05:30,39501.0,39589.3,39474.9,39483.25,0,0
2023-01-27 11:45:00+05:30,39482.95,39482.95,39182.7,39215.2,0,0
2023-01-27 12:15:00+05:30,39210.15,39216.9,38786.65,38807.4,0,0
2023-01-27 12:45:00+05:30,38807.95,39096.5,38755.55,39082.55,0,0
2023-01-27 13:15:00+05:30,39083.7,39182.0,39012.55,39176.05,0,0
2023-01-27 13:45:00+05:30,39178.0,39203.9,38980.45,38987.65,0,0
2023-01-27 14:15:00+05:30,38987.05,39109.5,38978.45,39084.9,0,0
2023-01-27 14:45:00+05:30,39085.0,39267.1,39026.35,39252.85,0,0
2023-01-27 15:15:00+05:30,39251.65,39319.05,39247.35,39302.8,0,0
2023-01-30 09:15:00+05:30,38952.2,39459.6,38659.05,38967.2,0,0
2023-01-30 09:45:00+05:30,38969.5,39003.5,38718.4,38742.7,0,0
2023-01-30 10:15:00+05:30,38744.55,38762.0,38619.15,38624.75,0,0
2023-01-30 10:45:00+05:30,38620.5,38684.9,38516.1,38593.65,0,0
2023-01-30 11:15:00+05:30,38596.8,38622.95,38539.55,38587.9,0,0
2023-01-30 11:45:00+05:30,38587.5,38792.4,38583.2,38718.45,0,0
2023-01-30 12:15:00+05:30,38718.75,38752.45,38601.8,38611.6,0,0
2023-01-30 12:45:00+05:30,38610.35,38612.9,38506.7,38508.4,0,0
2023-01-30 13:15:00+05:30,38506.3,38580.45,38352.95,38409.9,0,0
2023-01-30 13:45:00+05:30,38408.2,38550.95,38308.6,38507.4,0,0
2023-01-30 14:15:00+05:30,38504.0,38583.1,38437.25,38504.6,0,0
2023-01-30 14:45:00+05:30,38506.9,38819.75,38483.35,38809.8,0,0
2023-01-30 15:15:00+05:30,38810.85,38880.75,38803.55,38878.1,0,0
2023-01-31 09:15:00+05:30,38849.45,38886.95,38663.0,38691.0,0,0
2023-01-31 09:45:00+05:30,38692.75,38909.6,38660.0,38907.7,0,0
2023-01-31 10:15:00+05:30,38904.65,39122.25,38894.6,39119.6,0,0
2023-01-31 10:45:00+05:30,39119.65,39120.1,39018.25,39107.2,0,0
2023-01-31 11:15:00+05:30,39108.95,39191.1,39083.0,39151.6,0,0
2023-01-31 11:45:00+05:30,39151.75,39235.2,39120.5,39131.25,0,0
2023-01-31 12:15:00+05:30,39131.4,39221.9,39126.0,39203.65,0,0
2023-01-31 12:45:00+05:30,39206.05,39229.55,39147.3,39194.25,0,0
2023-01-31 13:15:00+05:30,39192.7,39293.45,39184.25,39230.25,0,0
2023-01-31 13:45:00+05:30,39231.3,39265.15,39118.1,39130.75,0,0
2023-01-31 14:15:00+05:30,39132.65,39180.7,39094.25,39172.15,0,0
2023-01-31 14:45:00+05:30,39173.35,39247.9,39150.5,39219.7,0,0
2023-01-31 15:15:00+05:30,39221.05,39272.4,39189.2,39271.35,0,0
2023-02-01 09:15:00+05:30,39488.2,39567.4,39377.0,39410.9,0,0
2023-02-01 09:45:00+05:30,39411.3,39434.8,39314.55,39406.8,0,0
2023-02-01 10:15:00+05:30,39404.85,39484.7,39404.1,39477.7,0,0
2023-02-01 10:45:00+05:30,39476.65,39490.25,39397.0,39408.0,0,0
2023-02-01 11:15:00+05:30,39411.4,39427.35,39189.1,39422.8,0,0
2023-02-01 11:45:00+05:30,39422.7,39461.6,39273.4,39274.75,0,0
2023-02-01 12:15:00+05:30,39273.1,39514.65,39235.95,39336.55,0,0
2023-02-01 12:45:00+05:30,39337.8,39371.6,39260.4,39288.2,0,0
2023-02-01 13:15:00+05:30,39289.25,39304.65,38891.05,38911.65,0,0
2023-02-01 13:45:00+05:30,38912.45,38988.65,38575.6,38636.0,0,0
2023-02-01 14:15:00+05:30,38633.75,38633.75,38092.6,38097.4,0,0
2023-02-01 14:45:00+05:30,38095.75,38696.6,37876.85,38621.85,0,0
2023-02-01 15:15:00+05:30,38622.65,38669.6,38525.9,38571.8,0,0
2023-02-02 09:15:00+05:30,38293.1,38604.5,37954.65,38584.1,0,0
2023-02-02 09:45:00+05:30,38584.1,38594.25,38250.65,38250.65,0,0
2023-02-02 10:15:00+05:30,38250.3,38357.7,38166.2,38329.95,0,0
2023-02-02 10:45:00+05:30,38331.1,38471.95,38320.55,38413.55,0,0
2023-02-02 11:15:00+05:30,38413.05,38482.7,38344.9,38412.85,0,0
2023-02-02 11:45:00+05:30,38412.15,38531.0,38408.65,38489.9,0,0
2023-02-02 12:15:00+05:30,38489.35,38493.95,38331.25,38384.1,0,0
2023-02-02 12:45:00+05:30,38384.4,38462.5,38342.55,38390.5,0,0
2023-02-02 13:15:00+05:30,38390.35,38408.9,38187.05,38280.25,0,0
2023-02-02 13:45:00+05:30,38279.8,38349.8,38180.2,38298.5,0,0
2023-02-02 14:15:00+05:30,38302.9,38413.65,38273.4,38386.7,0,0
2023-02-02 14:45:00+05:30,38388.2,38501.7,38339.9,38462.55,0,0
2023-02-02 15:15:00+05:30,38464.35,38530.65,38450.4,38515.65,0,0
2023-02-03 09:15:00+05:30,38455.4,38467.05,38186.35,38189.85,0,0
2023-02-03 09:45:00+05:30,38190.75,38229.75,38117.75,38213.8,0,0
2023-02-03 10:15:00+05:30,38214.55,38241.55,37860.6,37863.2,0,0
2023-02-03 10:45:00+05:30,37858.95,38106.75,37846.65,37991.6,0,0
2023-02-03 11:15:00+05:30,37992.0,38077.45,37920.55,38064.2,0,0
2023-02-03 11:45:00+05:30,38064.75,38152.45,38023.45,38098.7,0,0
2023-02-03 12:15:00+05:30,38096.05,38188.4,38096.05,38177.85,0,0
2023-02-03 12:45:00+05:30,38176.7,38216.9,38091.3,38149.95,0,0
2023-02-03 13:15:00+05:30,38150.8,38237.95,38085.2,38217.75,0,0
2023-02-03 13:45:00+05:30,38217.4,38346.1,38177.65,38304.6,0,0
2023-02-03 14:15:00+05:30,38303.8,38433.3,38303.8,38392.85,0,0
2023-02-03 14:45:00+05:30,38392.6,38473.85,38354.7,38453.2,0,0
2023-02-03 15:15:00+05:30,38454.55,38505.15,38447.1,38471.15,0,0
2023-02-06 09:15:00+05:30,38463.6,38478.65,38296.85,38355.85,0,0
2023-02-06 09:45:00+05:30,38356.9,38467.1,38302.35,38458.55,0,0
2023-02-06 10:15:00+05:30,38460.65,38497.9,38378.4,38477.25,0,0
2023-02-06 10:45:00+05:30,38475.05,38507.45,38416.6,38486.75,0,0
2023-02-06 11:15:00+05:30,38488.0,38560.0,38484.1,38535.1,0,0
2023-02-06 11:45:00+05:30,38534.95,38642.05,38531.55,38632.85,0,0
2023-02-06 12:15:00+05:30,38631.9,38666.45,38568.4,38613.5,0,0
2023-02-06 12:45:00+05:30,38614.35,38628.75,38533.2,38539.85,0,0
2023-02-06 13:15:00+05:30,38540.15,38651.6,38527.65,38626.3,0,0
2023-02-06 13:45:00+05:30,38627.25,38676.3,38581.3,38674.3,0,0
2023-02-06 14:15:00+05:30,38673.05,38681.45,38579.0,38621.55,0,0
2023-02-06 14:45:00+05:30,38621.2,38720.15,38616.3,38682.05,0,0
2023-02-06 15:15:00+05:30,38681.8,38698.95,38654.3,38667.15,0,0
2023-02-07 09:15:00+05:30,38644.65,38757.7,38570.7,38646.45,0,0
2023-02-07 09:45:00+05:30,38649.45,38692.3,38583.3,38665.75,0,0
2023-02-07 10:15:00+05:30,38666.65,38737.45,38610.05,38678.55,0,0
2023-02-07 10:45:00+05:30,38679.35,38726.9,38602.2,38682.2,0,0
2023-02-07 11:15:00+05:30,38682.8,38692.85,38618.95,38663.4,0,0
2023-02-07 11:45:00+05:30,38661.45,38688.35,38629.1,38630.55,0,0
2023-02-07 12:15:00+05:30,38629.5,38632.6,38582.85,38613.0,0,0
2023-02-07 12:45:00+05:30,38614.4,38641.55,38488.8,38488.8,0,0
2023-02-07 13:15:00+05:30,38489.05,38633.65,38470.45,38577.8,0,0
2023-02-07 13:45:00+05:30,38575.5,38579.55,38492.3,38543.6,0,0
2023-02-07 14:15:00+05:30,38540.65,38627.2,38533.4,38601.3,0,0
2023-02-07 14:45:00+05:30,38601.35,38647.5,38554.5,38587.05,0,0
2023-02-07 15:15:00+05:30,38588.65,38652.9,38584.8,38645.2,0,0
2023-02-08 09:15:00+05:30,38704.8,38844.1,38704.8,38769.15,0,0
2023-02-08 09:45:00+05:30,38766.65,38823.75,38668.85,38783.8,0,0
2023-02-08 10:15:00+05:30,38780.75,38794.75,38661.45,38663.85,0,0
2023-02-08 10:45:00+05:30,38664.5,38825.15,38659.65,38819.25,0,0
2023-02-08 11:15:00+05:30,38819.2,38849.5,38792.75,38839.85,0,0
2023-02-08 11:45:00+05:30,38839.2,38880.8,38813.9,38846.15,0,0
2023-02-08 12:15:00+05:30,38845.8,38879.45,38814.75,38870.8,0,0
2023-02-08 12:45:00+05:30,38869.75,38897.25,38848.15,38850.2,0,0
2023-02-08 13:15:00+05:30,38851.5,38889.45,38813.1,38879.85,0,0
2023-02-08 13:45:00+05:30,38879.3,38919.9,38863.7,38884.45,0,0
2023-02-08 14:15:00+05:30,38884.7,38975.55,38850.65,38952.15,0,0
2023-02-08 14:45:00+05:30,38952.55,38974.75,38928.7,38955.5,0,0
2023-02-08 15:15:00+05:30,38953.25,38986.9,38948.35,38972.05,0,0
2023-02-09 09:15:00+05:30,38894.65,38894.65,38680.55,38734.65,0,0
2023-02-09 09:45:00+05:30,38734.8,38824.65,38714.7,38813.2,0,0
2023-02-09 10:15:00+05:30,38813.05,38885.35,38803.9,38853.15,0,0
2023-02-09 10:45:00+05:30,38853.85,38859.55,38819.75,38844.1,0,0
2023-02-09 11:15:00+05:30,38843.6,38869.5,38816.25,38824.9,0,0
2023-02-09 11:45:00+05:30,38827.25,38856.9,38798.1,38799.35,0,0
2023-02-09 12:15:00+05:30,38800.1,38832.3,38751.85,38758.65,0,0
2023-02-09 12:45:00+05:30,38759.1,38793.25,38752.3,38775.55,0,0
2023-02-09 13:15:00+05:30,38775.8,38834.55,38767.2,38806.25,0,0
2023-02-09 13:45:00+05:30,38805.25,38886.4,38805.25,38822.65,0,0
2023-02-09 14:15:00+05:30,38823.35,38831.25,38777.0,38813.4,0,0
2023-02-09 14:45:00+05:30,38811.8,38815.6,38728.0,38753.2,0,0
2023-02-09 15:15:00+05:30,38753.15,38789.1,38751.7,38781.5,0,0
2023-02-10 09:15:00+05:30,38683.45,38779.8,38578.65,38672.35,0,0
2023-02-10 09:45:00+05:30,38671.35,38735.8,38671.35,38697.45,0,0
2023-02-10 10:15:00+05:30,38698.45,38752.4,38694.25,38744.85,0,0
2023-02-10 10:45:00+05:30,38746.0,38746.0,38705.85,38739.05,0,0
2023-02-10 11:15:00+05:30,38739.25,38765.25,38731.95,38745.6,0,0
2023-02-10 11:45:00+05:30,38745.3,38757.0,38710.4,38721.7,0,0
2023-02-10 12:15:00+05:30,38721.5,38740.9,38706.3,38722.6,0,0
2023-02-10 12:45:00+05:30,38723.25,38755.15,38700.95,38710.2,0,0
2023-02-10 13:15:00+05:30,38709.6,38796.8,38708.4,38791.0,0,0
2023-02-10 13:45:00+05:30,38787.95,38797.95,38755.25,38755.85,0,0
2023-02-10 14:15:00+05:30,38755.85,38761.15,38676.9,38679.2,0,0
2023-02-10 14:45:00+05:30,38679.8,38750.4,38653.25,38748.05,0,0
2023-02-10 15:15:00+05:30,38748.3,38762.8,38720.9,38734.8,0,0
2023-02-13 09:15:00+05:30,38674.75,38696.65,38462.85,38491.05,0,0
2023-02-13 09:45:00+05:30,38490.1,38490.1,38269.4,38287.3,0,0
2023-02-13 10:15:00+05:30,38289.55,38358.15,38266.65,38309.0,0,0
2023-02-13 10:45:00+05:30,38307.6,38322.05,38267.1,38300.05,0,0
2023-02-13 11:15:00+05:30,38300.45,38305.15,38176.2,38209.1,0,0
2023-02-13 11:45:00+05:30,38205.6,38264.55,38147.15,38201.95,0,0
2023-02-13 12:15:00+05:30,38204.05,38223.2,38171.75,38209.1,0,0
2023-02-13 12:45:00+05:30,38209.0,38221.35,38138.75,38175.35,0,0
2023-02-13 13:15:00+05:30,38173.95,38202.95,38147.7,38171.4,0,0
2023-02-13 13:45:00+05:30,38170.8,38254.75,38150.55,38219.55,0,0
2023-02-13 14:15:00+05:30,38217.1,38267.1,38191.7,38230.65,0,0
2023-02-13 14:45:00+05:30,38233.6,38249.15,38165.7,38165.8,0,0
2023-02-13 15:15:00+05:30,38167.3,38188.45,38152.4,38178.0,0,0
2023-02-14 09:15:00+05:30,38130.3,38212.9,37977.25,37978.3,0,0
2023-02-14 09:45:00+05:30,37977.15,38084.8,37952.7,38033.9,0,0
2023-02-14 10:15:00+05:30,38035.65,38073.55,38013.55,38049.5,0,0
2023-02-14 10:45:00+05:30,38050.6,38055.4,37994.65,38029.5,0,0
2023-02-14 11:15:00+05:30,38029.65,38089.65,38023.5,38084.0,0,0
2023-02-14 11:45:00+05:30,38084.05,38114.55,38083.8,38106.55,0,0
2023-02-14 12:15:00+05:30,38106.7,38114.4,38056.65,38102.0,0,0
2023-02-14 12:45:00+05:30,38102.75,38108.1,38072.65,38086.45,0,0
2023-02-14 13:15:00+05:30,38086.5,38105.8,38044.85,38055.8,0,0
2023-02-14 13:45:00+05:30,38053.1,38131.35,38053.1,38116.95,0,0
2023-02-14 14:15:00+05:30,38117.0,38163.05,38089.45,38151.8,0,0
2023-02-14 14:45:00+05:30,38149.6,38180.4,38099.65,38106.5,0,0
2023-02-14 15:15:00+05:30,38105.3,38149.6,38099.45,38134.75,0,0
2023-02-15 09:15:00+05:30,38042.45,38110.3,38019.0,38095.5,0,0
2023-02-15 09:45:00+05:30,38095.2,38159.4,38091.0,38144.95,0,0
2023-02-15 10:15:00+05:30,38143.4,38200.5,38143.4,38168.95,0,0
2023-02-15 10:45:00+05:30,38168.1,38216.0,38168.1,38212.1,0,0
2023-02-15 11:15:00+05:30,38212.35,38224.8,38168.3,38198.95,0,0
2023-02-15 11:45:00+05:30,38198.0,38226.9,38190.5,38207.35,0,0
2023-02-15 12:15:00+05:30,38205.95,38250.6,38203.75,38231.35,0,0
2023-02-15 12:45:00+05:30,38229.5,38239.4,38160.6,38180.3,0,0
2023-02-15 13:15:00+05:30,38181.95,38218.65,38175.65,38185.85,0,0
2023-02-15 13:45:00+05:30,38184.05,38224.2,38161.55,38219.6,0,0
2023-02-15 14:15:00+05:30,38220.0,38298.45,38218.4,38274.25,0,0
2023-02-15 14:45:00+05:30,38272.1,38420.25,38258.05,38413.45,0,0
2023-02-15 15:15:00+05:30,38411.05,38448.7,38406.55,38416.5,0,0
2023-02-16 09:15:00+05:30,38488.55,38653.2,38461.05,38653.05,0,0
2023-02-16 09:45:00+05:30,38654.65,38670.8,38588.3,38616.55,0,0
2023-02-16 10:15:00+05:30,38615.9,38670.0,38569.3,38649.1,0,0
2023-02-16 10:45:00+05:30,38649.1,38649.1,38583.45,38638.05,0,0
2023-02-16 11:15:00+05:30,38636.45,38645.8,38591.7,38617.45,0,0
2023-02-16 11:45:00+05:30,38616.6,38629.0,38576.35,38593.1,0,0
2023-02-16 12:15:00+05:30,38593.55,38628.9,38584.5,38621.0,0,0
2023-02-16 12:45:00+05:30,38622.25,38704.2,38595.3,38686.65,0,0
2023-02-16 13:15:00+05:30,38684.25,38729.25,38682.85,38729.25,0,0
2023-02-16 13:45:00+05:30,38728.6,38739.1,38682.0,38733.9,0,0
2023-02-16 14:15:00+05:30,38735.5,38748.9,38647.05,38707.0,0,0
2023-02-16 14:45:00+05:30,38707.5,38732.0,38675.45,38676.55,0,0
2023-02-16 15:15:00+05:30,38675.95,38677.1,38630.95,38648.35,0,0
2023-02-17 09:15:00+05:30,38526.9,38670.95,38438.9,38590.4,0,0
2023-02-17 09:45:00+05:30,38592.35,38631.35,38501.5,38501.5,0,0
2023-02-17 10:15:00+05:30,38502.25,38589.4,38488.65,38583.65,0,0
2023-02-17 10:45:00+05:30,38583.75,38597.0,38509.5,38510.8,0,0
2023-02-17 11:15:00+05:30,38512.25,38537.05,38491.7,38511.8,0,0
2023-02-17 11:45:00+05:30,38512.1,38532.1,38491.1,38500.55,0,0
2023-02-17 12:15:00+05:30,38499.65,38500.95,38408.1,38410.65,0,0
2023-02-17 12:45:00+05:30,38409.35,38426.5,38370.2,38373.75,0,0
2023-02-17 13:15:00+05:30,38373.3,38414.85,38358.7,38386.4,0,0
2023-02-17 13:45:00+05:30,38384.5,38452.65,38376.6,38443.65,0,0
2023-02-17 14:15:00+05:30,38442.95,38481.25,38402.35,38405.2,0,0
2023-02-17 14:45:00+05:30,38405.95,38459.0,38366.4,38449.1,0,0
2023-02-17 15:15:00+05:30,38451.25,38466.9,38416.6,38431.25,0,0
2023-02-20 09:15:00+05:30,38447.6,38510.2,38192.4,38352.55,0,0
2023-02-20 09:45:00+05:30,38352.25,38420.9,38261.15,38371.1,0,0
2023-02-20 10:15:00+05:30,38369.7,38397.1,38328.85,38379.2,0,0
2023-02-20 10:45:00+05:30,38377.4,38434.6,38362.05,38430.0,0,0
2023-02-20 11:15:00+05:30,38430.25,38445.4,38372.7,38384.85,0,0
2023-02-20 11:45:00+05:30,38385.1,38432.85,38383.55,38426.95,0,0
2023-02-20 12:15:00+05:30,38427.15,38448.8,38407.45,38407.7,0,0
2023-02-20 12:45:00+05:30,38410.35,38486.85,38395.9,38481.25,0,0
2023-02-20 13:15:00+05:30,38482.1,38483.55,38371.35,38373.9,0,0
2023-02-20 13:45:00+05:30,38373.1,38407.25,38357.0,38365.1,0,0
2023-02-20 14:15:00+05:30,38364.75,38366.15,38261.0,38314.4,0,0
2023-02-20 14:45:00+05:30,38312.2,38378.95,38309.65,38316.65,0,0
2023-02-20 15:15:00+05:30,38318.0,38323.85,38265.95,38289.0,0,0
2023-02-21 09:15:00+05:30,38417.6,38467.2,38310.75,38407.1,0,0
2023-02-21 09:45:00+05:30,38409.95,38467.8,38377.45,38444.2,0,0
2023-02-21 10:15:00+05:30,38445.2,38468.35,38407.6,38424.75,0,0
2023-02-21 10:45:00+05:30,38424.25,38449.25,38418.95,38440.2,0,0
2023-02-21 11:15:00+05:30,38439.3,38447.6,38373.55,38378.85,0,0
2023-02-21 11:45:00+05:30,38377.05,38413.9,38355.05,38365.4,0,0
2023-02-21 12:15:00+05:30,38365.45,38372.45,38311.3,38340.2,0,0
2023-02-21 12:45:00+05:30,38339.9,38373.8,38331.2,38359.5,0,0
2023-02-21 13:15:00+05:30,38359.35,38372.35,38316.35,38316.35,0,0
2023-02-21 13:45:00+05:30,38315.8,38348.35,38312.25,38319.05,0,0
2023-02-21 14:15:00+05:30,38321.1,38321.7,38225.0,38264.85,0,0
2023-02-21 14:45:00+05:30,38263.05,38289.25,38204.8,38247.9,0,0
2023-02-21 15:15:00+05:30,38248.4,38260.95,38233.15,38249.4,0,0
2023-02-22 09:15:00+05:30,38074.35,38074.35,37809.75,37827.95,0,0
2023-02-22 09:45:00+05:30,37831.3,37843.05,37757.3,37805.95,0,0
2023-02-22 10:15:00+05:30,37807.05,37808.15,37737.0,37739.65,0,0
2023-02-22 10:45:00+05:30,37738.15,37780.7,37711.85,37779.45,0,0
2023-02-22 11:15:00+05:30,37779.05,37784.35,37663.3,37674.0,0,0
2023-02-22 11:45:00+05:30,37674.5,37709.15,37664.0,37709.05,0,0
2023-02-22 12:15:00+05:30,37706.55,37735.8,37665.7,37674.25,0,0
2023-02-22 12:45:00+05:30,37675.05,37727.5,37664.4,37684.5,0,0
2023-02-22 13:15:00+05:30,37684.2,37718.5,37641.15,37644.5,0,0
2023-02-22 13:45:00+05:30,37643.8,37676.65,37590.75,37591.75,0,0
2023-02-22 14:15:00+05:30,37590.5,37699.95,37575.85,37673.9,0,0
2023-02-22 14:45:00+05:30,37671.95,37714.15,37669.05,37705.35,0,0
2023-02-22 15:15:00+05:30,37704.15,37711.7,37683.3,37693.75,0,0
2023-02-23 09:15:00+05:30,37709.2,37719.85,37320.55,37320.55,0,0
2023-02-23 09:45:00+05:30,37322.7,37654.0,37291.95,37604.2,0,0
2023-02-23 10:15:00+05:30,37604.6,37662.05,37590.4,37642.55,0,0
2023-02-23 10:45:00+05:30,37643.15,37655.4,37545.55,37580.7,0,0
2023-02-23 11:15:00+05:30,37581.1,37626.4,37569.55,37625.15,0,0
2023-02-23 11:45:00+05:30,37624.45,37636.75,37563.35,37563.35,0,0
2023-02-23 12:15:00+05:30,37562.3,37566.65,37508.15,37511.35,0,0
2023-02-23 12:45:00+05:30,37512.55,37574.75,37508.9,37558.85,0,0
2023-02-23 13:15:00+05:30,37558.75,37594.15,37537.35,37589.35,0,0
2023-02-23 13:45:00+05:30,37592.2,37637.5,37588.95,37620.9,0,0
2023-02-23 14:15:00+05:30,37622.25,37641.65,37528.5,37545.55,0,0
2023-02-23 14:45:00+05:30,37547.4,37578.45,37496.85,37527.1,0,0
2023-02-23 15:15:00+05:30,37524.95,37602.4,37509.9,37590.9,0,0
2023-02-24 09:15:00+05:30,37622.25,37721.45,37579.55,37582.0,0,0
2023-02-24 09:45:00+05:30,37581.8,37626.4,37487.25,37502.3,0,0
2023-02-24 10:15:00+05:30,37501.3,37602.65,37500.85,37552.3,0,0
2023-02-24 10:45:00+05:30,37553.35,37555.0,37482.8,37530.25,0,0
2023-02-24 11:15:00+05:30,37531.1,37552.6,37475.8,37483.25,0,0
2023-02-24 11:45:00+05:30,37484.5,37531.1,37454.4,37506.05,0,0
2023-02-24 12:15:00+05:30,37508.0,37512.25,37461.25,37489.55,0,0
2023-02-24 12:45:00+05:30,37487.7,37500.1,37420.5,37448.15,0,0
2023-02-24 13:15:00+05:30,37447.5,37482.45,37436.0,37466.4,0,0
2023-02-24 13:45:00+05:30,37466.85,37512.5,37421.35,37424.95,0,0
2023-02-24 14:15:00+05:30,37423.45,37488.65,37383.95,37453.5,0,0
2023-02-24 14:45:00+05:30,37453.8,37519.95,37416.05,37508.4,0,0
2023-02-24 15:15:00+05:30,37509.85,37527.8,37493.0,37518.4,0,0
2023-02-27 09:15:00+05:30,37372.5,37373.1,37059.1,37170.5,0,0
2023-02-27 09:45:00+05:30,37168.0,37190.8,36951.3,36958.55,0,0
2023-02-27 10:15:00+05:30,36960.4,37030.75,36880.9,36919.0,0,0
2023-02-27 10:45:00+05:30,36919.15,37041.55,36851.55,37040.95,0,0
2023-02-27 11:15:00+05:30,37042.95,37055.5,36913.45,36995.9,0,0
2023-02-27 11:45:00+05:30,36996.45,37040.55,36880.6,36897.9,0,0
2023-02-27 12:15:00+05:30,36898.35,36938.5,36879.65,36902.45,0,0
2023-02-27 12:45:00+05:30,36902.4,36958.4,36860.7,36880.05,0,0
2023-02-27 13:15:00+05:30,36879.85,36964.6,36869.85,36941.8,0,0
2023-02-27 13:45:00+05:30,36941.35,37086.55,36940.7,37035.7,0,0
2023-02-27 14:15:00+05:30,37035.85,37080.75,37010.1,37069.25,0,0
2023-02-27 14:45:00+05:30,37068.35,37159.25,37032.9,37152.15,0,0
2023-02-27 15:15:00+05:30,37152.1,37216.15,37136.25,37200.15,0,0
2023-02-28 09:15:00+05:30,37159.6,37202.85,37055.1,37134.7,0,0
2023-02-28 09:45:00+05:30,37135.9,37230.25,37097.3,37173.7,0,0
2023-02-28 10:15:00+05:30,37174.1,37203.05,37127.95,37127.95,0,0
2023-02-28 10:45:00+05:30,37127.9,37225.6,37072.15,37222.75,0,0
2023-02-28 11:15:00+05:30,37223.9,37250.95,37195.75,37219.85,0,0
2023-02-28 11:45:00+05:30,37220.35,37327.25,37210.25,37281.15,0,0
2023-02-28 12:15:00+05:30,37280.8,37386.8,37280.8,37340.55,0,0
2023-02-28 12:45:00+05:30,37342.05,37382.35,37293.9,37331.25,0,0
2023-02-28 13:15:00+05:30,37330.65,37389.15,37327.8,37369.4,0,0
2023-02-28 13:45:00+05:30,37370.0,37372.05,37194.25,37216.6,0,0
2023-02-28 14:15:00+05:30,37215.75,37315.85,37198.4,37203.7,0,0
2023-02-28 14:45:00+05:30,37204.3,37299.55,37176.8,37263.05,0,0
2023-02-28 15:15:00+05:30,37265.05,37272.35,37220.55,37269.35,0,0
2023-03-01 09:15:00+05:30,37294.15,37555.3,37294.15,37521.6,0,0
2023-03-01 09:45:00+05:30,37523.05,37578.75,37508.0,37540.75,0,0
2023-03-01 10:15:00+05:30,37537.7,37554.1,37470.7,37543.35,0,0
2023-03-01 10:45:00+05:30,37544.75,37575.5,37529.95,37569.6,0,0
2023-03-01 11:15:00+05:30,37568.9,37585.4,37548.85,37570.6,0,0
2023-03-01 11:45:00+05:30,37570.75,37593.2,37544.3,37556.75,0,0
2023-03-01 12:15:00+05:30,37555.45,37602.65,37534.9,37600.75,0,0
2023-03-01 12:45:00+05:30,37597.6,37620.75,37590.55,37615.45,0,0
2023-03-01 13:15:00+05:30,37616.3,37623.45,37580.8,37616.8,0,0
2023-03-01 13:45:00+05:30,37617.15,37689.2,37613.2,37689.2,0,0
2023-03-01 14:15:00+05:30,37690.05,37692.8,37638.65,37692.1,0,0
2023-03-01 14:45:00+05:30,37693.95,37698.2,37634.95,37683.2,0,0
2023-03-01 15:15:00+05:30,37682.45,37711.1,37673.2,37681.8,0,0
2023-03-02 09:15:00+05:30,37724.25,37751.3,37553.0,37733.3,0,0
2023-03-02 09:45:00+05:30,37733.4,37754.95,37615.55,37653.1,0,0
2023-03-02 10:15:00+05:30,37655.3,37739.7,37635.9,37719.75,0,0
2023-03-02 10:45:00+05:30,37719.85,37726.55,37604.0,37678.65,0,0
2023-03-02 11:15:00+05:30,37677.8,37732.75,37661.85,37715.9,0,0
2023-03-02 11:45:00+05:30,37715.9,37739.0,37696.6,37696.65,0,0
2023-03-02 12:15:00+05:30,37697.05,37724.9,37673.1,37711.15,0,0
2023-03-02 12:45:00+05:30,37710.7,37716.45,37660.95,37678.55,0,0
2023-03-02 13:15:00+05:30,37679.3,37703.25,37624.8,37625.75,0,0
2023-03-02 13:45:00+05:30,37626.7,37673.9,37612.05,37667.15,0,0
2023-03-02 14:15:00+05:30,37667.5,37706.6,37633.95,37671.2,0,0
2023-03-02 14:45:00+05:30,37670.25,37698.1,37648.35,37671.6,0,0
2023-03-02 15:15:00+05:30,37672.1,37676.15,37643.8,37644.5,0,0
2023-03-03 09:15:00+05:30,37921.45,38072.45,37867.25,37891.8,0,0
2023-03-03 09:45:00+05:30,37892.1,37938.3,37879.75,37899.55,0,0
2023-03-03 10:15:00+05:30,37898.25,37927.3,37885.7,37914.6,0,0
2023-03-03 10:45:00+05:30,37914.8,37925.35,37885.2,37904.35,0,0
2023-03-03 11:15:00+05:30,37901.75,37993.25,37894.4,37980.55,0,0
2023-03-03 11:45:00+05:30,37981.2,37998.9,37959.75,37978.7,0,0
2023-03-03 12:15:00+05:30,37978.85,37991.7,37925.9,37941.95,0,0
2023-03-03 12:45:00+05:30,37942.45,37975.8,37940.1,37966.65,0,0
2023-03-03 13:15:00+05:30,37965.6,38022.5,37964.85,38015.75,0,0
2023-03-03 13:45:00+05:30,38015.45,38057.15,37998.6,38044.85,0,0
2023-03-03 14:15:00+05:30,38046.95,38096.75,38040.95,38074.3,0,0
2023-03-03 14:45:00+05:30,38073.85,38092.5,37985.2,38009.55,0,0
2023-03-03 15:15:00+05:30,38008.6,38016.1,37974.05,37999.55,0,0
2023-03-06 09:15:00+05:30,38234.95,38375.5,38225.4,38366.55,0,0
2023-03-06 09:45:00+05:30,38369.05,38399.75,38327.8,38381.0,0,0
2023-03-06 10:15:00+05:30,38380.65,38391.75,38347.6,38363.7,0,0
2023-03-06 10:45:00+05:30,38365.1,38369.85,38300.1,38344.55,0,0
2023-03-06 11:15:00+05:30,38344.7,38347.9,38297.1,38335.95,0,0
2023-03-06 11:45:00+05:30,38336.1,38341.4,38295.5,38317.3,0,0
2023-03-06 12:15:00+05:30,38318.6,38331.05,38243.25,38308.2,0,0
2023-03-06 12:45:00+05:30,38308.7,38348.25,38273.5,38328.15,0,0
2023-03-06 13:15:00+05:30,38329.05,38340.95,38289.85,38303.8,0,0
2023-03-06 13:45:00+05:30,38303.2,38373.2,38282.4,38347.95,0,0
2023-03-06 14:15:00+05:30,38348.55,38404.55,38344.85,38353.85,0,0
2023-03-06 14:45:00+05:30,38354.0,38365.95,38297.5,38311.95,0,0
2023-03-06 15:15:00+05:30,38312.5,38319.15,38293.7,38303.9,0,0
2023-03-08 09:15:00+05:30,38209.8,38224.1,38024.8,38189.8,0,0
2023-03-08 09:45:00+05:30,38188.75,38259.35,38177.35,38241.9,0,0
2023-03-08 10:15:00+05:30,38241.75,38285.0,38224.0,38250.05,0,0
2023-03-08 10:45:00+05:30,38251.0,38334.35,38241.85,38311.05,0,0
2023-03-08 11:15:00+05:30,38311.05,38340.4,38300.9,38308.35,0,0
2023-03-08 11:45:00+05:30,38308.4,38312.0,38267.35,38300.85,0,0
2023-03-08 12:15:00+05:30,38302.25,38315.45,38277.35,38305.6,0,0
2023-03-08 12:45:00+05:30,38304.3,38341.1,38301.7,38326.9,0,0
2023-03-08 13:15:00+05:30,38327.7,38331.5,38292.05,38309.45,0,0
2023-03-08 13:45:00+05:30,38310.7,38372.2,38305.85,38364.2,0,0
2023-03-08 14:15:00+05:30,38363.4,38392.3,38339.4,38357.5,0,0
2023-03-08 14:45:00+05:30,38356.4,38467.35,38342.75,38450.05,0,0
2023-03-08 15:15:00+05:30,38446.4,38482.3,38439.1,38448.4,0,0
2023-03-09 09:15:00+05:30,38570.3,38643.65,38546.85,38559.85,0,0
2023-03-09 09:45:00+05:30,38562.5,38573.0,38460.15,38494.0,0,0
2023-03-09 10:15:00+05:30,38493.5,38528.6,38468.7,38474.05,0,0
2023-03-09 10:45:00+05:30,38473.9,38510.8,38457.45,38509.95,0,0
2023-03-09 11:15:00+05:30,38508.8,38517.0,38466.15,38474.2,0,0
2023-03-09 11:45:00+05:30,38472.85,38476.4,38400.5,38438.45,0,0
2023-03-09 12:15:00+05:30,38437.95,38438.1,38375.8,38376.6,0,0
2023-03-09 12:45:00+05:30,38377.1,38385.85,38350.25,38357.95,0,0
2023-03-09 13:15:00+05:30,38357.75,38379.65,38298.4,38306.9,0,0
2023-03-09 13:45:00+05:30,38306.8,38331.75,38288.1,38318.25,0,0
2023-03-09 14:15:00+05:30,38318.65,38319.2,38236.5,38264.1,0,0
2023-03-09 14:45:00+05:30,38263.65,38271.5,38170.85,38172.55,0,0
2023-03-09 15:15:00+05:30,38172.45,38173.7,38127.2,38159.95,0,0
2023-03-10 09:15:00+05:30,37935.0,37961.85,37695.1,37715.8,0,0
2023-03-10 09:45:00+05:30,37719.0,37923.45,37714.75,37899.1,0,0
2023-03-10 10:15:00+05:30,37900.35,38042.2,37886.0,38021.3,0,0
2023-03-10 10:45:00+05:30,38025.7,38037.85,37949.1,37983.5,0,0
2023-03-10 11:15:00+05:30,37982.8,38013.6,37954.7,37978.8,0,0
2023-03-10 11:45:00+05:30,37979.7,38035.85,37957.15,38016.5,0,0
2023-03-10 12:15:00+05:30,38015.2,38015.2,37938.55,37986.9,0,0
2023-03-10 12:45:00+05:30,37989.1,38041.1,37975.05,38027.75,0,0
2023-03-10 13:15:00+05:30,38028.9,38030.1,37937.25,37937.6,0,0
2023-03-10 13:45:00+05:30,37937.1,38003.1,37891.25,37976.5,0,0
2023-03-10 14:15:00+05:30,37977.4,37980.25,37939.45,37947.15,0,0
2023-03-10 14:45:00+05:30,37947.4,38089.8,37941.35,38070.1,0,0
2023-03-10 15:15:00+05:30,38067.85,38115.05,38067.85,38071.45,0,0
2023-03-13 09:15:00+05:30,38101.05,38266.25,38020.8,38045.8,0,0
2023-03-13 09:45:00+05:30,38047.3,38071.95,37990.1,38022.75,0,0
2023-03-13 10:15:00+05:30,38024.4,38039.15,37931.1,38005.85,0,0
2023-03-13 10:45:00+05:30,38006.6,38060.1,37936.65,37960.9,0,0
2023-03-13 11:15:00+05:30,37960.65,37979.4,37885.55,37904.8,0,0
2023-03-13 11:45:00+05:30,37905.5,37930.35,37869.75,37879.85,0,0
2023-03-13 12:15:00+05:30,37879.85,37887.7,37829.55,37836.25,0,0
2023-03-13 12:45:00+05:30,37836.85,37911.2,37808.4,37874.9,0,0
2023-03-13 13:15:00+05:30,37875.15,37918.5,37769.95,37798.1,0,0
2023-03-13 13:45:00+05:30,37798.95,37830.95,37731.05,37734.25,0,0
2023-03-13 14:15:00+05:30,37734.35,37735.3,37541.5,37618.5,0,0
2023-03-13 14:45:00+05:30,37616.35,37644.65,37537.45,37580.1,0,0
2023-03-13 15:15:00+05:30,37581.7,37652.55,37581.7,37603.95,0,0
2023-03-14 09:15:00+05:30,37611.95,37668.05,37356.35,37553.55,0,0
2023-03-14 09:45:00+05:30,37555.25,37566.85,37351.95,37353.15,0,0
2023-03-14 10:15:00+05:30,37352.45,37352.85,37151.1,37235.4,0,0
2023-03-14 10:45:00+05:30,37233.65,37284.95,37207.65,37238.15,0,0
2023-03-14 11:15:00+05:30,37237.65,37360.25,37204.55,37335.6,0,0
2023-03-14 11:45:00+05:30,37334.5,37346.25,37268.3,37297.05,0,0
2023-03-14 12:15:00+05:30,37295.75,37470.05,37254.75,37371.15,0,0
2023-03-14 12:45:00+05:30,37371.1,37394.0,37283.6,37304.75,0,0
2023-03-14 13:15:00+05:30,37301.9,37331.15,37256.05,37289.0,0,0
2023-03-14 13:45:00+05:30,37288.65,37295.15,37192.25,37220.1,0,0
2023-03-14 14:15:00+05:30,37220.65,37351.95,37168.75,37328.05,0,0
2023-03-14 14:45:00+05:30,37331.2,37412.6,37297.1,37392.0,0,0
2023-03-14 15:15:00+05:30,37392.3,37423.35,37367.8,37401.35,0,0
2023-03-15 09:15:00+05:30,37586.6,37639.35,37442.5,37473.7,0,0
2023-03-15 09:45:00+05:30,37472.65,37508.9,37407.65,37476.75,0,0
2023-03-15 10:15:00+05:30,37476.5,37563.25,37460.5,37461.45,0,0
2023-03-15 10:45:00+05:30,37461.1,37491.7,37431.7,37460.15,0,0
2023-03-15 11:15:00+05:30,37461.1,37548.3,37461.1,37532.95,0,0
2023-03-15 11:45:00+05:30,37532.3,37544.95,37478.0,37484.65,0,0
2023-03-15 12:15:00+05:30,37484.2,37516.2,37456.3,37513.45,0,0
2023-03-15 12:45:00+05:30,37513.6,37529.5,37398.4,37457.2,0,0
2023-03-15 13:15:00+05:30,37459.8,37585.4,37437.9,37577.4,0,0
2023-03-15 13:45:00+05:30,37577.55,37592.8,37465.4,37523.5,0,0
2023-03-15 14:15:00+05:30,37524.2,37546.4,37479.4,37483.35,0,0
2023-03-15 14:45:00+05:30,37482.45,37513.25,37319.9,37336.4,0,0
2023-03-15 15:15:00+05:30,37334.25,37367.45,37303.15,37341.4,0,0
2023-03-16 09:15:00+05:30,37348.9,37348.9,36958.2,36963.85,0,0
2023-03-16 09:45:00+05:30,36961.95,37133.85,36927.5,37121.45,0,0
2023-03-16 10:15:00+05:30,37118.15,37423.7,37094.6,37379.85,0,0
2023-03-16 10:45:00+05:30,37381.35,37542.25,37333.75,37494.25,0,0
2023-03-16 11:15:00+05:30,37491.95,37571.65,37402.25,37456.2,0,0
2023-03-16 11:45:00+05:30,37457.6,37475.3,37403.3,37408.2,0,0
2023-03-16 12:15:00+05:30,37407.8,37469.05,37378.2,37449.25,0,0
2023-03-16 12:45:00+05:30,37449.6,37584.5,37445.5,37584.45,0,0
2023-03-16 13:15:00+05:30,37584.8,37633.65,37546.45,37574.3,0,0
2023-03-16 13:45:00+05:30,37573.5,37683.15,37532.6,37659.3,0,0
2023-03-16 14:15:00+05:30,37662.75,37683.15,37598.4,37605.35,0,0
2023-03-16 14:45:00+05:30,37604.4,37617.05,37482.8,37547.3,0,0
2023-03-16 15:15:00+05:30,37549.6,37675.35,37545.65,37673.45,0,0
2023-03-17 09:15:00+05:30,37895.7,37981.65,37812.95,37885.5,0,0
2023-03-17 09:45:00+05:30,37886.95,37967.25,37856.0,37894.65,0,0
2023-03-17 10:15:00+05:30,37894.4,37920.45,37868.0,37900.75,0,0
2023-03-17 10:45:00+05:30,37898.05,37908.1,37837.95,37841.7,0,0
2023-03-17 11:15:00+05:30,37841.95,37868.05,37775.15,37831.5,0,0
2023-03-17 11:45:00+05:30,37831.7,37934.1,37804.05,37828.8,0,0
2023-03-17 12:15:00+05:30,37829.35,37834.1,37778.9,37825.1,0,0
2023-03-17 12:45:00+05:30,37824.8,37863.65,37789.15,37845.75,0,0
2023-03-17 13:15:00+05:30,37845.2,37881.95,37831.15,37858.15,0,0
2023-03-17 13:45:00+05:30,37859.25,37940.2,37858.15,37894.6,0,0
2023-03-17 14:15:00+05:30,37896.6,37951.1,37834.95,37928.3,0,0
2023-03-17 14:45:00+05:30,37928.75,37945.0,37798.75,37802.3,0,0
2023-03-17 15:15:00+05:30,37801.75,37810.0,37730.05,37802.7,0,0
2023-03-20 09:15:00+05:30,37572.15,37657.7,37496.65,37521.1,0,0
2023-03-20 09:45:00+05:30,37519.85,37574.55,37397.3,37415.0,0,0
2023-03-20 10:15:00+05:30,37413.95,37452.35,37364.7,37406.45,0,0
2023-03-20 10:45:00+05:30,37407.3,37509.0,37382.05,37498.0,0,0
2023-03-20 11:15:00+05:30,37497.85,37504.3,37400.45,37424.55,0,0
2023-03-20 11:45:00+05:30,37425.35,37444.25,37321.4,37323.2,0,0
2023-03-20 12:15:00+05:30,37324.0,37391.2,37295.35,37387.35,0,0
2023-03-20 12:45:00+05:30,37385.6,37390.45,37255.0,37340.6,0,0
2023-03-20 13:15:00+05:30,37342.85,37383.15,37296.15,37312.85,0,0
2023-03-20 13:45:00+05:30,37313.4,37351.1,37299.0,37321.7,0,0
2023-03-20 14:15:00+05:30,37322.55,37456.2,37296.95,37415.15,0,0
2023-03-20 14:45:00+05:30,37414.4,37544.95,37403.65,37517.55,0,0
2023-03-20 15:15:00+05:30,37514.9,37555.3,37507.6,37515.8,0,0
2023-03-21 09:15:00+05:30,37690.25,37740.2,37497.85,37515.2,0,0
2023-03-21 09:45:00+05:30,37514.8,37649.15,37503.2,37647.75,0,0
2023-03-21 10:15:00+05:30,37647.35,37687.75,37637.05,37679.55,0,0
2023-03-21 10:45:00+05:30,37680.0,37714.3,37661.3,37692.0,0,0
2023-03-21 11:15:00+05:30,37691.65,37703.2,37647.2,37655.8,0,0
2023-03-21 11:45:00+05:30,37653.4,37660.0,37608.1,37644.5,0,0
2023-03-21 12:15:00+05:30,37644.55,37683.1,37638.45,37665.9,0,0
2023-03-21 12:45:00+05:30,37665.45,37759.95,37663.9,37751.05,0,0
2023-03-21 13:15:00+05:30,37752.4,37762.85,37716.8,37726.5,0,0
2023-03-21 13:45:00+05:30,37727.35,37794.35,37727.1,37766.05,0,0
2023-03-21 14:15:00+05:30,37766.85,37796.1,37757.45,37778.65,0,0
2023-03-21 14:45:00+05:30,37778.15,37792.35,37713.25,37713.7,0,0
2023-03-21 15:15:00+05:30,37713.8,37746.3,37693.55,37744.2,0,0
2023-03-22 09:15:00+05:30,37895.3,38029.8,37879.85,38006.95,0,0
2023-03-22 09:45:00+05:30,38007.0,38061.15,37974.2,37977.35,0,0
2023-03-22 10:15:00+05:30,37978.75,38004.65,37959.75,37970.55,0,0
2023-03-22 10:45:00+05:30,37970.85,37994.15,37947.85,37990.2,0,0
2023-03-22 11:15:00+05:30,37989.55,38026.6,37979.85,38017.05,0,0
2023-03-22 11:45:00+05:30,38017.4,38020.3,37977.85,37988.3,0,0
2023-03-22 12:15:00+05:30,37987.2,38048.95,37974.45,37997.2,0,0
2023-03-22 12:45:00+05:30,37998.25,38008.15,37965.45,37970.2,0,0
2023-03-22 13:15:00+05:30,37971.05,38021.65,37930.45,37989.95,0,0
2023-03-22 13:45:00+05:30,37990.4,38013.5,37954.45,38001.5,0,0
2023-03-22 14:15:00+05:30,38001.85,38027.15,37941.45,37949.25,0,0
2023-03-22 14:45:00+05:30,37950.1,37998.75,37922.15,37995.2,0,0
2023-03-22 15:15:00+05:30,37992.85,37998.4,37957.4,37957.9,0,0
2023-03-23 09:15:00+05:30,37894.6,37943.55,37780.45,37903.7,0,0
2023-03-23 09:45:00+05:30,37905.75,37989.1,37901.95,37944.55,0,0
2023-03-23 10:15:00+05:30,37944.2,37962.8,37891.05,37893.5,0,0
2023-03-23 10:45:00+05:30,37894.3,37895.05,37825.45,37853.85,0,0
2023-03-23 11:15:00+05:30,37852.85,37892.95,37836.1,37891.75,0,0
2023-03-23 11:45:00+05:30,37891.35,37904.85,37880.8,37890.4,0,0
2023-03-23 12:15:00+05:30,37890.5,37939.1,37871.2,37923.9,0,0
2023-03-23 12:45:00+05:30,37924.25,37946.9,37895.95,37897.4,0,0
2023-03-23 13:15:00+05:30,37898.7,37960.05,37889.8,37925.45,0,0
2023-03-23 13:45:00+05:30,37925.5,37933.4,37873.5,37891.25,0,0
2023-03-23 14:15:00+05:30,37891.3,37904.55,37828.4,37847.4,0,0
2023-03-23 14:45:00+05:30,37845.45,37875.7,37795.8,37806.95,0,0
2023-03-23 15:15:00+05:30,37808.0,37840.15,37794.25,37829.65,0,0
2023-03-24 09:15:00+05:30,37929.0,37950.6,37745.6,37811.35,0,0
2023-03-24 09:45:00+05:30,37811.55,37899.65,37776.05,37831.0,0,0
2023-03-24 10:15:00+05:30,37833.45,37864.3,37613.0,37633.65,0,0
2023-03-24 10:45:00+05:30,37635.35,37810.0,37632.5,37800.15,0,0
2023-03-24 11:15:00+05:30,37800.95,37816.85,37691.5,37765.9,0,0
2023-03-24 11:45:00+05:30,37766.0,37814.6,37709.3,37760.35,0,0
2023-03-24 12:15:00+05:30,37759.2,37804.75,37669.7,37693.0,0,0
2023-03-24 12:45:00+05:30,37692.8,37799.85,37665.9,37797.55,0,0
2023-03-24 13:15:00+05:30,37798.1,37827.85,37695.25,37721.25,0,0
2023-03-24 13:45:00+05:30,37722.55,37740.75,37664.9,37701.65,0,0
2023-03-24 14:15:00+05:30,37701.25,37701.25,37561.7,37620.15,0,0
2023-03-24 14:45:00+05:30,37621.25,37638.2,37546.75,37572.5,0,0
2023-03-24 15:15:00+05:30,37569.6,37575.6,37477.6,37486.0,0,0
2023-03-27 09:15:00+05:30,37570.9,37695.4,37407.3,37569.6,0,0
2023-03-27 09:45:00+05:30,37570.45,37624.3,37510.95,37551.0,0,0
2023-03-27 10:15:00+05:30,37550.35,37580.1,37417.7,37423.45,0,0
2023-03-27 10:45:00+05:30,37421.0,37463.3,37382.5,37411.55,0,0
2023-03-27 11:15:00+05:30,37411.75,37541.5,37368.55,37535.0,0,0
2023-03-27 11:45:00+05:30,37531.75,37557.05,37495.95,37521.85,0,0
2023-03-27 12:15:00+05:30,37519.55,37537.25,37491.6,37503.15,0,0
2023-03-27 12:45:00+05:30,37503.65,37525.65,37442.95,37445.1,0,0
2023-03-27 13:15:00+05:30,37444.15,37456.05,37394.2,37445.45,0,0
2023-03-27 13:45:00+05:30,37444.85,37498.55,37425.35,37468.5,0,0
2023-03-27 14:15:00+05:30,37465.15,37553.3,37463.8,37496.5,0,0
2023-03-27 14:45:00+05:30,37495.45,37527.4,37325.05,37329.25,0,0
2023-03-27 15:15:00+05:30,37328.0,37334.4,37288.2,37301.35,0,0
2023-03-28 09:15:00+05:30,37319.4,37319.4,37070.95,37077.65,0,0
2023-03-28 09:45:00+05:30,37078.55,37113.35,37031.85,37089.4,0,0
2023-03-28 10:15:00+05:30,37089.75,37100.3,36986.75,37010.25,0,0
2023-03-28 10:45:00+05:30,37009.5,37021.65,36949.6,37010.45,0,0
2023-03-28 11:15:00+05:30,37009.0,37054.2,36990.35,37053.4,0,0
2023-03-28 11:45:00+05:30,37053.45,37057.05,36968.45,36970.25,0,0
2023-03-28 12:15:00+05:30,36969.25,36998.0,36949.75,36970.4,0,0
2023-03-28 12:45:00+05:30,36968.4,37030.8,36968.4,37009.0,0,0
2023-03-28 13:15:00+05:30,37007.85,37024.25,36946.0,36977.4,0,0
2023-03-28 13:45:00+05:30,36975.85,36990.15,36900.5,36915.3,0,0
2023-03-28 14:15:00+05:30,36916.95,36997.25,36895.65,36964.65,0,0
2023-03-28 14:45:00+05:30,36966.25,37011.15,36940.65,36969.3,0,0
2023-03-28 15:15:00+05:30,36968.3,37003.25,36958.75,36996.55,0,0
2023-03-29 09:15:00+05:30,36911.45,37146.5,36911.45,37141.6,0,0
2023-03-29 09:45:00+05:30,37141.9,37213.9,37133.65,37200.9,0,0
2023-03-29 10:15:00+05:30,37202.75,37229.25,37162.45,37193.8,0,0
2023-03-29 10:45:00+05:30,37194.85,37208.75,37082.8,37112.35,0,0
2023-03-29 11:15:00+05:30,37110.65,37166.85,37103.7,37105.65,0,0
2023-03-29 11:45:00+05:30,37106.05,37184.65,37102.3,37111.25,0,0
2023-03-29 12:15:00+05:30,37109.7,37122.75,37086.7,37116.55,0,0
2023-03-29 12:45:00+05:30,37117.05,37207.2,37116.45,37190.95,0,0
2023-03-29 13:15:00+05:30,37190.4,37257.75,37175.75,37207.25,0,0
2023-03-29 13:45:00+05:30,37207.5,37260.95,37196.85,37255.6,0,0
2023-03-29 14:15:00+05:30,37254.05,37284.4,37171.3,37220.1,0,0
2023-03-29 14:45:00+05:30,37219.75,37277.5,37200.1,37258.8,0,0
2023-03-29 15:15:00+05:30,37262.05,37381.2,37257.15,37365.1,0,0
2023-03-31 09:15:00+05:30,37493.0,37778.7,37493.0,37754.9,0,0
2023-03-31 09:45:00+05:30,37754.3,37791.2,37713.25,37717.6,0,0
2023-03-31 10:15:00+05:30,37718.3,37750.5,37695.5,37742.6,0,0
2023-03-31 10:45:00+05:30,37742.05,37792.35,37721.2,37733.35,0,0
2023-03-31 11:15:00+05:30,37734.45,37792.85,37729.2,37765.0,0,0
2023-03-31 11:45:00+05:30,37765.2,37767.2,37724.95,37730.15,0,0
2023-03-31 12:15:00+05:30,37731.4,37816.1,37717.3,37816.1,0,0
2023-03-31 12:45:00+05:30,37817.15,37817.15,37784.95,37788.95,0,0
2023-03-31 13:15:00+05:30,37788.2,37826.65,37756.25,37790.95,0,0
2023-03-31 13:45:00+05:30,37791.15,37814.15,37772.5,37801.1,0,0
2023-03-31 14:15:00+05:30,37800.5,37828.4,37762.2,37781.85,0,0
2023-03-31 14:45:00+05:30,37782.6,37846.9,37772.25,37794.15,0,0
2023-03-31 15:15:00+05:30,37794.3,37812.7,37764.75,37789.55,0,0
2023-04-03 09:15:00+05:30,37987.45,37987.45,37688.15,37759.15,0,0
2023-04-03 09:45:00+05:30,37757.8,37814.6,37755.35,37791.85,0,0
2023-04-03 10:15:00+05:30,37791.65,37865.7,37771.15,37777.9,0,0
2023-04-03 10:45:00+05:30,37777.25,37809.4,37756.6,37762.5,0,0
2023-04-03 11:15:00+05:30,37762.2,37779.4,37728.8,37773.65,0,0
2023-04-03 11:45:00+05:30,37772.0,37796.0,37766.05,37778.55,0,0
2023-04-03 12:15:00+05:30,37779.45,37805.25,37755.25,37786.2,0,0
2023-04-03 12:45:00+05:30,37787.0,37799.95,37705.15,37723.0,0,0
2023-04-03 13:15:00+05:30,37723.4,37750.75,37712.1,37747.35,0,0
2023-04-03 13:45:00+05:30,37746.55,37783.0,37725.4,37782.3,0,0
2023-04-03 14:15:00+05:30,37782.45,37846.7,37765.6,37846.7,0,0
2023-04-03 14:45:00+05:30,37846.4,37903.1,37842.75,37900.8,0,0
2023-04-03 15:15:00+05:30,37902.1,37925.95,37892.45,37915.6,0,0
2023-04-05 09:15:00+05:30,37905.3,37945.2,37845.8,37876.3,0,0
2023-04-05 09:45:00+05:30,37873.3,37909.2,37829.35,37901.75,0,0
2023-04-05 10:15:00+05:30,37899.7,37931.9,37885.65,37917.85,0,0
2023-04-05 10:45:00+05:30,37914.95,37945.15,37905.05,37930.5,0,0
2023-04-05 11:15:00+05:30,37930.9,37966.5,37927.9,37954.85,0,0
2023-04-05 11:45:00+05:30,37954.15,37984.0,37941.9,37975.75,0,0
2023-04-05 12:15:00+05:30,37975.65,38014.3,37967.0,37982.4,0,0
2023-04-05 12:45:00+05:30,37982.0,38007.6,37950.8,37950.8,0,0
2023-04-05 13:15:00+05:30,37949.9,37951.45,37919.65,37941.45,0,0
2023-04-05 13:45:00+05:30,37941.1,37958.9,37923.6,37953.35,0,0
2023-04-05 14:15:00+05:30,37952.6,38003.9,37952.35,37995.2,0,0
2023-04-05 14:45:00+05:30,37993.1,38105.45,37991.9,38088.1,0,0
2023-04-05 15:15:00+05:30,38088.55,38124.1,38078.85,38098.15,0,0
2023-04-06 09:15:00+05:30,38119.4,38152.5,38009.8,38068.7,0,0
2023-04-06 09:45:00+05:30,38070.2,38141.4,38010.2,38112.45,0,0
2023-04-06 10:15:00+05:30,38113.0,38203.75,38110.05,38194.7,0,0
2023-04-06 10:45:00+05:30,38194.1,38206.7,38167.6,38189.45,0,0
2023-04-06 11:15:00+05:30,38188.4,38194.95,38144.65,38162.9,0,0
2023-04-06 11:45:00+05:30,38161.15,38179.9,38141.95,38166.65,0,0
2023-04-06 12:15:00+05:30,38167.65,38219.4,38163.9,38208.4,0,0
2023-04-06 12:45:00+05:30,38208.05,38231.3,38192.7,38200.1,0,0
2023-04-06 13:15:00+05:30,38200.05,38201.7,38111.4,38113.95,0,0
2023-04-06 13:45:00+05:30,38112.9,38175.85,38098.8,38145.8,0,0
2023-04-06 14:15:00+05:30,38145.7,38211.45,38136.3,38181.9,0,0
2023-04-06 14:45:00+05:30,38180.9,38219.25,38177.85,38178.7,0,0
2023-04-06 15:15:00+05:30,38179.4,38192.6,38158.6,38183.6,0,0
2023-04-10 09:15:00+05:30,38293.7,38333.85,38159.55,38246.25,0,0
2023-04-10 09:45:00+05:30,38245.85,38321.15,38231.8,38307.1,0,0
2023-04-10 10:15:00+05:30,38309.15,38310.8,38260.6,38286.3,0,0
2023-04-10 10:45:00+05:30,38286.05,38290.45,38241.55,38274.65,0,0
2023-04-10 11:15:00+05:30,38274.95,38330.2,38258.4,38328.5,0,0
2023-04-10 11:45:00+05:30,38327.0,38336.95,38301.9,38315.5,0,0
2023-04-10 12:15:00+05:30,38315.5,38340.35,38305.7,38336.1,0,0
2023-04-10 12:45:00+05:30,38336.8,38375.2,38334.35,38334.6,0,0
2023-04-10 13:15:00+05:30,38336.75,38372.05,38336.05,38357.55,0,0
2023-04-10 13:45:00+05:30,38357.85,38373.25,38320.35,38324.75,0,0
2023-04-10 14:15:00+05:30,38324.25,38331.6,38275.95,38310.7,0,0
2023-04-10 14:45:00+05:30,38309.95,38346.0,38285.45,38307.55,0,0
2023-04-10 15:15:00+05:30,38308.15,38313.25,38262.45,38273.55,0,0
2023-04-11 09:15:00+05:30,38467.55,38568.9,38457.95,38547.85,0,0
2023-04-11 09:45:00+05:30,38544.65,38580.05,38489.35,38502.15,0,0
2023-04-11 10:15:00+05:30,38503.8,38503.8,38367.1,38383.65,0,0
2023-04-11 10:45:00+05:30,38382.35,38387.1,38315.6,38318.65,0,0
2023-04-11 11:15:00+05:30,38318.6,38335.15,38269.9,38273.05,0,0
2023-04-11 11:45:00+05:30,38271.55,38286.85,38256.85,38268.7,0,0
2023-04-11 12:15:00+05:30,38268.55,38292.3,38246.0,38280.3,0,0
2023-04-11 12:45:00+05:30,38282.95,38320.7,38278.45,38295.95,0,0
2023-04-11 13:15:00+05:30,38297.0,38361.0,38294.85,38356.35,0,0
2023-04-11 13:45:00+05:30,38356.55,38370.0,38344.0,38347.4,0,0
2023-04-11 14:15:00+05:30,38347.25,38366.3,38321.1,38350.9,0,0
2023-04-11 14:45:00+05:30,38349.5,38401.25,38347.4,38390.3,0,0
2023-04-11 15:15:00+05:30,38390.15,38396.9,38360.3,38372.7,0,0
2023-04-12 09:15:00+05:30,38482.35,38501.8,38414.75,38422.85,0,0
2023-04-12 09:45:00+05:30,38424.35,38465.85,38403.8,38425.6,0,0
2023-04-12 10:15:00+05:30,38429.35,38457.5,38412.0,38434.05,0,0
2023-04-12 10:45:00+05:30,38434.4,38500.5,38433.55,38485.05,0,0
2023-04-12 11:15:00+05:30,38484.8,38522.8,38470.45,38513.25,0,0
2023-04-12 11:45:00+05:30,38514.6,38523.4,38487.75,38507.6,0,0
2023-04-12 12:15:00+05:30,38507.5,38513.0,38471.3,38503.95,0,0
2023-04-12 12:45:00+05:30,38504.75,38524.95,38494.95,38513.25,0,0
2023-04-12 13:15:00+05:30,38513.95,38546.85,38505.35,38521.95,0,0
2023-04-12 13:45:00+05:30,38522.3,38524.2,38494.35,38502.8,0,0
2023-04-12 14:15:00+05:30,38503.3,38515.2,38461.8,38502.75,0,0
2023-04-12 14:45:00+05:30,38504.4,38570.3,38442.6,38568.65,0,0
2023-04-12 15:15:00+05:30,38568.65,38587.85,38557.85,38563.35,0,0
2023-04-13 09:15:00+05:30,38592.0,38622.85,38502.05,38548.0,0,0
2023-04-13 09:45:00+05:30,38545.0,38572.05,38517.45,38548.05,0,0
2023-04-13 10:15:00+05:30,38547.9,38585.45,38524.2,38570.1,0,0
2023-04-13 10:45:00+05:30,38569.15,38569.15,38446.95,38461.5,0,0
2023-04-13 11:15:00+05:30,38459.9,38485.3,38441.65,38470.7,0,0
2023-04-13 11:45:00+05:30,38470.8,38479.5,38447.8,38450.6,0,0
2023-04-13 12:15:00+05:30,38450.55,38452.3,38412.15,38439.55,0,0
2023-04-13 12:45:00+05:30,38439.75,38474.4,38424.65,38449.6,0,0
2023-04-13 13:15:00+05:30,38450.65,38482.5,38435.4,38456.6,0,0
2023-04-13 13:45:00+05:30,38455.7,38486.9,38448.35,38474.9,0,0
2023-04-13 14:15:00+05:30,38475.15,38507.65,38472.6,38487.0,0,0
2023-04-13 14:45:00+05:30,38486.55,38520.7,38483.45,38508.4,0,0
2023-04-13 15:15:00+05:30,38510.8,38517.8,38469.35,38480.1,0,0
2023-04-17 09:15:00+05:30,38498.35,38498.35,38301.5,38445.65,0,0
2023-04-17 09:45:00+05:30,38444.2,38512.9,38376.15,38413.05,0,0
2023-04-17 10:15:00+05:30,38414.3,38462.2,38397.75,38422.45,0,0
2023-04-17 10:45:00+05:30,38422.9,38537.35,38418.8,38522.05,0,0
2023-04-17 11:15:00+05:30,38522.8,38547.75,38517.65,38526.75,0,0
2023-04-17 11:45:00+05:30,38526.75,38536.35,38496.15,38522.1,0,0
2023-04-17 12:15:00+05:30,38522.15,38528.3,38501.2,38507.6,0,0
2023-04-17 12:45:00+05:30,38507.6,38516.05,38476.9,38498.25,0,0
2023-04-17 13:15:00+05:30,38499.35,38514.55,38473.75,38512.55,0,0
2023-04-17 13:45:00+05:30,38511.45,38580.6,38504.5,38577.2,0,0
2023-04-17 14:15:00+05:30,38575.85,38608.65,38556.8,38590.3,0,0
2023-04-17 14:45:00+05:30,38590.95,38689.35,38575.25,38667.8,0,0
2023-04-17 15:15:00+05:30,38670.1,38673.85,38646.2,38654.4,0,0
2023-04-18 09:15:00+05:30,38745.9,38851.75,38737.1,38795.8,0,0
2023-04-18 09:45:00+05:30,38795.7,38795.85,38661.35,38718.05,0,0
2023-04-18 10:15:00+05:30,38719.2,38799.45,38680.1,38791.9,0,0
2023-04-18 10:45:00+05:30,38792.55,38797.25,38749.35,38793.55,0,0
2023-04-18 11:15:00+05:30,38794.75,38811.2,38783.9,38800.55,0,0
2023-04-18 11:45:00+05:30,38802.3,38832.4,38757.65,38831.2,0,0
2023-04-18 12:15:00+05:30,38829.6,38877.4,38824.8,38849.8,0,0
2023-04-18 12:45:00+05:30,38849.25,38885.65,38826.75,38830.3,0,0
2023-04-18 13:15:00+05:30,38829.15,38832.35,38653.65,38664.1,0,0
2023-04-18 13:45:00+05:30,38663.3,38729.35,38623.3,38715.5,0,0
2023-04-18 14:15:00+05:30,38714.3,38766.3,38709.6,38758.0,0,0
2023-04-18 14:45:00+05:30,38757.6,38840.85,38743.9,38817.6,0,0
2023-04-18 15:15:00+05:30,38818.05,38822.65,38784.45,38791.25,0,0
2023-04-19 09:15:00+05:30,38834.5,38838.25,38657.5,38688.5,0,0
2023-04-19 09:45:00+05:30,38688.85,38698.1,38624.65,38648.7,0,0
2023-04-19 10:15:00+05:30,38649.15,38669.1,38633.95,38648.1,0,0
2023-04-19 10:45:00+05:30,38649.35,38677.35,38630.35,38672.9,0,0
2023-04-19 11:15:00+05:30,38671.95,38672.9,38622.75,38637.75,0,0
2023-04-19 11:45:00+05:30,38636.6,38664.2,38635.2,38654.4,0,0
2023-04-19 12:15:00+05:30,38654.5,38691.55,38649.9,38652.9,0,0
2023-04-19 12:45:00+05:30,38652.35,38661.95,38575.1,38586.95,0,0
2023-04-19 13:15:00+05:30,38586.75,38601.95,38484.25,38484.25,0,0
2023-04-19 13:45:00+05:30,38485.1,38492.45,38457.35,38460.7,0,0
2023-04-19 14:15:00+05:30,38461.55,38509.95,38437.5,38477.35,0,0
2023-04-19 14:45:00+05:30,38479.15,38511.6,38439.0,38477.15,0,0
2023-04-19 15:15:00+05:30,38476.6,38478.35,38417.2,38437.5,0,0
2023-04-20 09:15:00+05:30,38513.5,38567.35,38432.1,38530.9,0,0
2023-04-20 09:45:00+05:30,38531.5,38562.15,38454.35,38541.0,0,0
2023-04-20 10:15:00+05:30,38542.4,38570.0,38508.8,38540.85,0,0
2023-04-20 10:45:00+05:30,38541.3,38581.3,38539.25,38560.95,0,0
2023-04-20 11:15:00+05:30,38558.95,38577.35,38543.3,38543.35,0,0
2023-04-20 11:45:00+05:30,38541.95,38576.95,38532.2,38538.5,0,0
2023-04-20 12:15:00+05:30,38537.55,38543.05,38492.1,38500.6,0,0
2023-04-20 12:45:00+05:30,38500.15,38509.25,38446.1,38458.6,0,0
2023-04-20 13:15:00+05:30,38458.7,38496.3,38447.75,38468.4,0,0
2023-04-20 13:45:00+05:30,38468.0,38499.6,38414.55,38422.7,0,0
2023-04-20 14:15:00+05:30,38423.65,38487.6,38419.25,38473.2,0,0
2023-04-20 14:45:00+05:30,38472.45,38491.25,38452.7,38491.25,0,0
2023-04-20 15:15:00+05:30,38490.55,38496.05,38443.5,38467.35,0,0
2023-04-21 09:15:00+05:30,38524.0,38543.7,38407.25,38423.05,0,0
2023-04-21 09:45:00+05:30,38424.15,38439.55,38348.7,38409.4,0,0
2023-04-21 10:15:00+05:30,38409.6,38413.35,38318.2,38363.25,0,0
2023-04-21 10:45:00+05:30,38362.5,38388.0,38348.85,38373.65,0,0
2023-04-21 11:15:00+05:30,38373.8,38396.95,38366.0,38392.9,0,0
2023-04-21 11:45:00+05:30,38394.6,38416.15,38374.75,38398.05,0,0
2023-04-21 12:15:00+05:30,38398.9,38407.25,38367.45,38369.8,0,0
2023-04-21 12:45:00+05:30,38370.1,38379.3,38303.35,38327.15,0,0
2023-04-21 13:15:00+05:30,38326.1,38418.75,38325.6,38409.75,0,0
2023-04-21 13:45:00+05:30,38408.2,38442.7,38385.95,38407.6,0,0
2023-04-21 14:15:00+05:30,38406.25,38462.7,38383.1,38414.05,0,0
2023-04-21 14:45:00+05:30,38414.75,38464.85,38388.1,38445.7,0,0
2023-04-21 15:15:00+05:30,38448.1,38453.05,38399.4,38413.1,0,0
2023-04-24 09:15:00+05:30,38521.75,38551.25,38382.05,38392.15,0,0
2023-04-24 09:45:00+05:30,38393.8,38522.45,38393.0,38510.7,0,0
2023-04-24 10:15:00+05:30,38509.15,38509.15,38448.85,38452.55,0,0
2023-04-24 10:45:00+05:30,38452.5,38509.1,38450.95,38503.7,0,0
2023-04-24 11:15:00+05:30,38503.4,38521.55,38459.65,38470.9,0,0
2023-04-24 11:45:00+05:30,38470.95,38493.05,38459.1,38484.65,0,0
2023-04-24 12:15:00+05:30,38485.8,38490.0,38463.15,38463.6,0,0
2023-04-24 12:45:00+05:30,38465.1,38512.85,38464.55,38511.0,0,0
2023-04-24 13:15:00+05:30,38511.35,38530.35,38499.05,38509.7,0,0
2023-04-24 13:45:00+05:30,38510.45,38548.55,38500.95,38542.25,0,0
2023-04-24 14:15:00+05:30,38542.55,38550.45,38511.6,38533.6,0,0
2023-04-24 14:45:00+05:30,38534.55,38586.7,38534.55,38582.6,0,0
2023-04-24 15:15:00+05:30,38582.35,38592.5,38549.6,38587.35,0,0
2023-04-25 09:15:00+05:30,38613.4,38653.15,38574.95,38639.1,0,0
2023-04-25 09:45:00+05:30,38637.35,38739.6,38633.4,38726.8,0,0
2023-04-25 10:15:00+05:30,38726.1,38779.15,38718.15,38778.55,0,0
2023-04-25 10:45:00+05:30,38778.95,38805.95,38753.85,38799.8,0,0
2023-04-25 11:15:00+05:30,38800.7,38808.95,38765.75,38767.4,0,0
2023-04-25 11:45:00+05:30,38768.0,38793.35,38754.45,38765.75,0,0
2023-04-25 12:15:00+05:30,38765.9,38771.95,38713.0,38727.15,0,0
2023-04-25 12:45:00+05:30,38726.05,38756.95,38724.2,38748.4,0,0
2023-04-25 13:15:00+05:30,38748.4,38767.6,38735.75,38766.4,0,0
2023-04-25 13:45:00+05:30,38764.2,38769.65,38721.6,38758.55,0,0
2023-04-25 14:15:00+05:30,38756.4,38774.5,38743.1,38748.3,0,0
2023-04-25 14:45:00+05:30,38747.9,38766.1,38715.0,38749.1,0,0
2023-04-25 15:15:00+05:30,38750.2,38761.9,38736.5,38745.15,0,0
2023-04-26 09:15:00+05:30,38722.9,38787.15,38682.0,38752.4,0,0
2023-04-26 09:45:00+05:30,38751.85,38835.4,38711.65,38828.75,0,0
2023-04-26 10:15:00+05:30,38829.6,38842.85,38810.5,38831.2,0,0
2023-04-26 10:45:00+05:30,38830.8,38870.6,38815.1,38847.7,0,0
2023-04-26 11:15:00+05:30,38848.55,38861.35,38829.15,38847.85,0,0
2023-04-26 11:45:00+05:30,38849.3,38868.4,38820.2,38826.25,0,0
2023-04-26 12:15:00+05:30,38828.15,38859.45,38818.65,38848.75,0,0
2023-04-26 12:45:00+05:30,38848.4,38856.05,38811.45,38813.6,0,0
2023-04-26 13:15:00+05:30,38813.15,38831.15,38799.05,38803.8,0,0
2023-04-26 13:45:00+05:30,38804.05,38835.15,38802.3,38832.45,0,0
2023-04-26 14:15:00+05:30,38832.9,38846.6,38827.3,38844.55,0,0
2023-04-26 14:45:00+05:30,38842.2,38912.9,38831.2,38903.15,0,0
2023-04-26 15:15:00+05:30,38903.7,38904.95,38846.45,38855.35,0,0
2023-04-27 09:15:00+05:30,38917.5,38928.6,38842.5,38878.4,0,0
2023-04-27 09:45:00+05:30,38878.1,38892.95,38854.4,38872.85,0,0
2023-04-27 10:15:00+05:30,38872.25,38902.85,38861.0,38894.15,0,0
2023-04-27 10:45:00+05:30,38892.95,38922.95,38883.2,38906.7,0,0
2023-04-27 11:15:00+05:30,38905.6,38936.2,38904.0,38917.45,0,0
2023-04-27 11:45:00+05:30,38918.85,38948.7,38914.65,38929.45,0,0
2023-04-27 12:15:00+05:30,38928.2,38935.65,38907.45,38933.8,0,0
2023-04-27 12:45:00+05:30,38934.4,38936.7,38889.45,38922.15,0,0
2023-04-27 13:15:00+05:30,38920.55,38944.05,38914.5,38927.15,0,0
2023-04-27 13:45:00+05:30,38926.45,38965.7,38923.4,38957.2,0,0
2023-04-27 14:15:00+05:30,38958.15,38958.15,38882.45,38923.75,0,0
2023-04-27 14:45:00+05:30,38925.8,39021.85,38904.65,39012.15,0,0
2023-04-27 15:15:00+05:30,39015.6,39016.4,38970.15,38986.25,0,0
2023-04-28 09:15:00+05:30,39100.7,39192.25,39034.05,39190.9,0,0
2023-04-28 09:45:00+05:30,39191.75,39260.6,39190.65,39198.95,0,0
2023-04-28 10:15:00+05:30,39200.45,39265.8,39191.5,39247.5,0,0
2023-04-28 10:45:00+05:30,39248.95,39285.35,39245.65,39264.75,0,0
2023-04-28 11:15:00+05:30,39264.25,39323.8,39264.25,39311.8,0,0
2023-04-28 11:45:00+05:30,39311.4,39318.15,39290.5,39310.15,0,0
2023-04-28 12:15:00+05:30,39310.7,39322.1,39244.45,39247.45,0,0
2023-04-28 12:45:00+05:30,39246.05,39291.6,39228.9,39286.55,0,0
2023-04-28 13:15:00+05:30,39286.45,39301.25,39274.45,39293.2,0,0
2023-04-28 13:45:00+05:30,39291.1,39344.3,39287.05,39325.7,0,0
2023-04-28 14:15:00+05:30,39324.45,39374.7,39314.6,39333.35,0,0
2023-04-28 14:45:00+05:30,39333.05,39529.75,39333.05,39528.0,0,0
2023-04-28 15:15:00+05:30,39527.9,39555.7,39488.25,39489.1,0,0
2023-05-02 09:15:00+05:30,39647.55,39820.4,39613.35,39784.4,0,0
2023-05-02 09:45:00+05:30,39783.2,39791.05,39676.85,39688.2,0,0
2023-05-02 10:15:00+05:30,39686.1,39712.65,39666.0,39684.3,0,0
2023-05-02 10:45:00+05:30,39685.35,39733.5,39677.05,39706.8,0,0
2023-05-02 11:15:00+05:30,39705.15,39730.65,39691.2,39723.65,0,0
2023-05-02 11:45:00+05:30,39723.15,39747.15,39719.2,39739.5,0,0
2023-05-02 12:15:00+05:30,39738.45,39782.9,39713.25,39772.95,0,0
2023-05-02 12:45:00+05:30,39773.85,39812.35,39771.05,39804.65,0,0
2023-05-02 13:15:00+05:30,39804.35,39814.35,39773.6,39802.9,0,0
2023-05-02 13:45:00+05:30,39802.0,39828.35,39793.25,39818.25,0,0
2023-05-02 14:15:00+05:30,39815.9,39828.05,39789.75,39796.35,0,0
2023-05-02 14:45:00+05:30,39796.65,39815.4,39755.5,39789.1,0,0
2023-05-02 15:15:00+05:30,39787.15,39790.85,39730.6,39746.4,0,0
2023-05-03 09:15:00+05:30,39731.4,39847.4,39661.25,39840.85,0,0
2023-05-03 09:45:00+05:30,39840.0,39913.8,39834.95,39910.3,0,0
2023-05-03 10:15:00+05:30,39907.55,39931.25,39893.1,39911.45,0,0
2023-05-03 10:45:00+05:30,39911.1,39923.75,39892.0,39916.95,0,0
2023-05-03 11:15:00+05:30,39917.05,39919.4,39869.6,39891.5,0,0
2023-05-03 11:45:00+05:30,39893.5,39894.8,39868.3,39894.15,0,0
2023-05-03 12:15:00+05:30,39893.75,39905.15,39881.55,39894.0,0,0
2023-05-03 12:45:00+05:30,39893.95,39915.4,39883.3,39886.75,0,0
2023-05-03 13:15:00+05:30,39886.4,39899.95,39777.7,39787.2,0,0
2023-05-03 13:45:00+05:30,39786.95,39824.95,39746.45,39792.15,0,0
2023-05-03 14:15:00+05:30,39792.45,39852.9,39788.25,39827.05,0,0
2023-05-03 14:45:00+05:30,39828.0,39862.2,39807.7,39858.5,0,0
2023-05-03 15:15:00+05:30,39859.7,39871.45,39827.15,39831.1,0,0
2023-05-04 09:15:00+05:30,39949.6,40059.55,39884.15,40034.85,0,0
2023-05-04 09:45:00+05:30,40034.25,40049.1,39993.55,40026.55,0,0
2023-05-04 10:15:00+05:30,40025.95,40048.2,40004.85,40043.6,0,0
2023-05-04 10:45:00+05:30,40043.45,40074.85,40034.8,40064.95,0,0
2023-05-04 11:15:00+05:30,40064.0,40074.1,40041.85,40069.3,0,0
2023-05-04 11:45:00+05:30,40069.0,40075.9,40048.1,40051.35,0,0
2023-05-04 12:15:00+05:30,40050.35,40094.5,40045.8,40082.8,0,0
2023-05-04 12:45:00+05:30,40083.6,40093.4,40045.25,40085.1,0,0
2023-05-04 13:15:00+05:30,40086.3,40100.35,40073.25,40073.4,0,0
2023-05-04 13:45:00+05:30,40074.35,40079.1,40041.5,40069.35,0,0
2023-05-04 14:15:00+05:30,40069.6,40096.35,40057.35,40072.0,0,0
2023-05-04 14:45:00+05:30,40070.75,40118.25,40068.85,40097.7,0,0
2023-05-04 15:15:00+05:30,40097.05,40103.0,40072.95,40092.85,0,0
2023-05-05 09:15:00+05:30,40101.55,40235.45,40060.6,40215.9,0,0
2023-05-05 09:45:00+05:30,40217.35,40266.25,40215.25,40265.4,0,0
2023-05-05 10:15:00+05:30,40263.05,40270.4,40221.2,40245.95,0,0
2023-05-05 10:45:00+05:30,40247.8,40303.2,40161.3,40175.85,0,0
2023-05-05 11:15:00+05:30,40176.3,40196.85,40103.1,40185.05,0,0
2023-05-05 11:45:00+05:30,40184.85,40187.7,40034.4,40145.7,0,0
2023-05-05 12:15:00+05:30,40146.7,40181.65,40132.35,40168.35,0,0
2023-05-05 12:45:00+05:30,40169.4,40240.65,40162.35,40230.35,0,0
2023-05-05 13:15:00+05:30,40230.0,40239.95,40182.3,40209.75,0,0
2023-05-05 13:45:00+05:30,40211.75,40213.85,40129.7,40209.2,0,0
2023-05-05 14:15:00+05:30,40211.4,40227.5,40173.15,40202.3,0,0
2023-05-05 14:45:00+05:30,40202.05,40211.85,40098.25,40108.05,0,0
2023-05-05 15:15:00+05:30,40107.35,40108.9,40051.4,40079.95,0,0
2023-05-08 09:15:00+05:30,40174.05,40353.8,40160.75,40338.85,0,0
2023-05-08 09:45:00+05:30,40341.05,40354.35,40284.15,40287.65,0,0
2023-05-08 10:15:00+05:30,40286.0,40333.6,40268.3,40332.3,0,0
2023-05-08 10:45:00+05:30,40332.55,40351.8,40291.0,40291.95,0,0
2023-05-08 11:15:00+05:30,40294.15,40317.75,40282.45,40292.55,0,0
2023-05-08 11:45:00+05:30,40292.3,40309.25,40276.15,40293.0,0,0
2023-05-08 12:15:00+05:30,40294.5,40300.35,40273.6,40292.85,0,0
2023-05-08 12:45:00+05:30,40293.0,40304.9,40278.5,40304.4,0,0
2023-05-08 13:15:00+05:30,40304.35,40320.0,40251.6,40304.6,0,0
2023-05-08 13:45:00+05:30,40305.95,40373.3,40302.85,40345.45,0,0
2023-05-08 14:15:00+05:30,40346.55,40382.1,40331.45,40359.25,0,0
2023-05-08 14:45:00+05:30,40359.2,40381.05,40334.05,40365.45,0,0
2023-05-08 15:15:00+05:30,40365.15,40391.1,40348.75,40371.9,0,0
2023-05-09 09:15:00+05:30,40447.0,40559.95,40426.8,40523.4,0,0
2023-05-09 09:45:00+05:30,40521.8,40599.55,40514.6,40575.7,0,0
2023-05-09 10:15:00+05:30,40576.0,40603.75,40547.6,40601.15,0,0
2023-05-09 10:45:00+05:30,40598.8,40613.45,40567.25,40568.75,0,0
2023-05-09 11:15:00+05:30,40567.15,40567.8,40535.05,40545.2,0,0
2023-05-09 11:45:00+05:30,40545.4,40555.85,40525.2,40545.55,0,0
2023-05-09 12:15:00+05:30,40544.1,40551.65,40478.7,40479.85,0,0
2023-05-09 12:45:00+05:30,40481.2,40482.65,40346.7,40353.95,0,0
2023-05-09 13:15:00+05:30,40354.35,40365.05,40302.25,40328.6,0,0
2023-05-09 13:45:00+05:30,40329.5,40348.45,40218.9,40329.8,0,0
2023-05-09 14:15:00+05:30,40326.35,40361.3,40295.7,40331.85,0,0
2023-05-09 14:45:00+05:30,40332.5,40370.05,40314.45,40333.9,0,0
2023-05-09 15:15:00+05:30,40335.9,40337.15,40274.0,40288.6,0,0
2023-05-10 09:15:00+05:30,40386.75,40464.5,40316.6,40318.3,0,0
2023-05-10 09:45:00+05:30,40316.85,40362.05,40256.4,40305.75,0,0
2023-05-10 10:15:00+05:30,40307.0,40409.1,40302.95,40372.7,0,0
2023-05-10 10:45:00+05:30,40370.8,40426.15,40363.8,40418.7,0,0
2023-05-10 11:15:00+05:30,40420.8,40455.2,40415.8,40447.6,0,0
2023-05-10 11:45:00+05:30,40446.35,40482.45,40413.2,40429.5,0,0
2023-05-10 12:15:00+05:30,40429.9,40480.7,40426.75,40466.9,0,0
2023-05-10 12:45:00+05:30,40464.6,40468.3,40435.05,40457.45,0,0
2023-05-10 13:15:00+05:30,40458.6,40467.1,40400.9,40443.5,0,0
2023-05-10 13:45:00+05:30,40444.15,40465.5,40428.75,40451.65,0,0
2023-05-10 14:15:00+05:30,40452.05,40493.0,40444.15,40465.8,0,0
2023-05-10 14:45:00+05:30,40464.6,40561.05,40448.4,40553.5,0,0
2023-05-10 15:15:00+05:30,40552.65,40576.85,40530.2,40540.35,0,0
2023-05-11 09:15:00+05:30,40741.65,40741.65,40648.65,40730.65,0,0
2023-05-11 09:45:00+05:30,40731.7,40813.0,40713.2,40787.8,0,0
2023-05-11 10:15:00+05:30,40785.85,40826.95,40785.85,40814.8,0,0
2023-05-11 10:45:00+05:30,40815.05,40828.4,40775.45,40781.35,0,0
2023-05-11 11:15:00+05:30,40780.75,40800.5,40761.8,40765.8,0,0
2023-05-11 11:45:00+05:30,40765.35,40766.5,40725.35,40739.7,0,0
2023-05-11 12:15:00+05:30,40740.05,40798.8,40738.6,40774.1,0,0
2023-05-11 12:45:00+05:30,40772.3,40816.2,40770.4,40808.05,0,0
2023-05-11 13:15:00+05:30,40807.7,40813.25,40765.8,40804.95,0,0
2023-05-11 13:45:00+05:30,40804.8,40823.0,40794.3,40808.5,0,0
2023-05-11 14:15:00+05:30,40808.75,40838.95,40807.7,40832.75,0,0
2023-05-11 14:45:00+05:30,40830.95,40880.15,40779.8,40875.6,0,0
2023-05-11 15:15:00+05:30,40875.95,40899.3,40863.15,40878.35,0,0
2023-05-12 09:15:00+05:30,40874.0,40874.0,40651.65,40705.05,0,0
2023-05-12 09:45:00+05:30,40706.65,40849.55,40686.7,40832.3,0,0
2023-05-12 10:15:00+05:30,40832.85,40892.6,40825.9,40879.35,0,0
2023-05-12 10:45:00+05:30,40879.4,40912.55,40868.6,40882.35,0,0
2023-05-12 11:15:00+05:30,40880.7,40895.7,40857.5,40880.55,0,0
2023-05-12 11:45:00+05:30,40879.55,40942.3,40879.55,40924.85,0,0
2023-05-12 12:15:00+05:30,40925.85,40975.3,40920.3,40922.75,0,0
2023-05-12 12:45:00+05:30,40924.15,40939.7,40910.0,40914.3,0,0
2023-05-12 13:15:00+05:30,40912.25,40936.45,40899.05,40918.15,0,0
2023-05-12 13:45:00+05:30,40917.25,40932.15,40892.3,40893.5,0,0
2023-05-12 14:15:00+05:30,40893.1,40898.2,40846.35,40854.8,0,0
2023-05-12 14:45:00+05:30,40855.1,40865.75,40782.7,40789.0,0,0
2023-05-12 15:15:00+05:30,40786.35,40818.2,40773.25,40797.15,0,0
2023-05-15 09:15:00+05:30,40825.25,40929.35,40781.0,40922.15,0,0
2023-05-15 09:45:00+05:30,40921.65,41013.85,40921.65,40996.4,0,0
2023-05-15 10:15:00+05:30,40994.5,41013.75,40978.9,40982.55,0,0
2023-05-15 10:45:00+05:30,40982.6,40996.75,40952.85,40983.5,0,0
2023-05-15 11:15:00+05:30,40983.2,41029.4,40980.15,41023.05,0,0
2023-05-15 11:45:00+05:30,41023.4,41045.7,41016.25,41044.3,0,0
2023-05-15 12:15:00+05:30,41046.0,41054.05,41020.5,41040.95,0,0
2023-05-15 12:45:00+05:30,41041.9,41062.75,41019.25,41045.95,0,0
2023-05-15 13:15:00+05:30,41047.85,41104.9,41045.55,41094.5,0,0
2023-05-15 13:45:00+05:30,41096.9,41102.9,41073.9,41093.3,0,0
2023-05-15 14:15:00+05:30,41093.05,41118.9,41056.95,41096.7,0,0
2023-05-15 14:45:00+05:30,41097.6,41145.05,40967.3,40970.05,0,0
2023-05-15 15:15:00+05:30,40968.9,40998.35,40963.15,40986.0,0,0
2023-05-16 09:15:00+05:30,41097.2,41220.3,41081.5,41211.15,0,0
2023-05-16 09:45:00+05:30,41212.65,41255.55,41201.35,41210.3,0,0
2023-05-16 10:15:00+05:30,41211.75,41234.8,41172.5,41193.1,0,0
2023-05-16 10:45:00+05:30,41192.5,41249.75,41190.1,41213.55,0,0
2023-05-16 11:15:00+05:30,41213.15,41220.95,41147.75,41170.2,0,0
2023-05-16 11:45:00+05:30,41172.4,41181.75,41144.35,41161.25,0,0
2023-05-16 12:15:00+05:30,41160.0,41190.2,41137.85,41160.5,0,0
2023-05-16 12:45:00+05:30,41160.75,41163.35,41101.3,41150.1,0,0
2023-05-16 13:15:00+05:30,41150.35,41184.9,41137.0,41184.6,0,0
2023-05-16 13:45:00+05:30,41185.1,41198.1,41148.9,41153.55,0,0
2023-05-16 14:15:00+05:30,41155.7,41182.75,41131.65,41174.8,0,0
2023-05-16 14:45:00+05:30,41173.9,41187.65,41021.9,41028.4,0,0
2023-05-16 15:15:00+05:30,41031.25,41067.3,41020.6,41066.9,0,0
2023-05-17 09:15:00+05:30,41124.5,41136.4,41035.1,41086.65,0,0
2023-05-17 09:45:00+05:30,41086.3,41129.05,41042.6,41051.0,0,0
2023-05-17 10:15:00+05:30,41051.0,41051.0,40888.5,40891.9,0,0
2023-05-17 10:45:00+05:30,40891.7,40898.25,40831.0,40893.8,0,0
2023-05-17 11:15:00+05:30,40894.2,40895.2,40757.35,40758.85,0,0
2023-05-17 11:45:00+05:30,40760.5,40760.5,40670.6,40716.6,0,0
2023-05-17 12:15:00+05:30,40715.25,40820.0,40702.0,40809.55,0,0
2023-05-17 12:45:00+05:30,40810.15,40817.4,40735.7,40752.85,0,0
2023-05-17 13:15:00+05:30,40751.8,40756.7,40669.65,40724.45,0,0
2023-05-17 13:45:00+05:30,40724.25,40766.2,40679.95,40705.9,0,0
2023-05-17 14:15:00+05:30,40704.95,40779.85,40698.35,40779.0,0,0
2023-05-17 14:45:00+05:30,40778.7,40827.2,40778.7,40822.45,0,0
2023-05-17 15:15:00+05:30,40822.2,40847.3,40809.35,40839.6,0,0
2023-05-18 09:15:00+05:30,40983.2,41043.6,40892.85,40929.85,0,0
2023-05-18 09:45:00+05:30,40930.8,40975.25,40867.0,40870.5,0,0
2023-05-18 10:15:00+05:30,40872.5,40878.3,40842.65,40868.8,0,0
2023-05-18 10:45:00+05:30,40867.6,40895.3,40848.75,40893.65,0,0
2023-05-18 11:15:00+05:30,40893.4,40900.7,40828.65,40828.65,0,0
2023-05-18 11:45:00+05:30,40828.1,40858.05,40811.25,40812.95,0,0
2023-05-18 12:15:00+05:30,40811.65,40815.3,40740.95,40753.15,0,0
2023-05-18 12:45:00+05:30,40753.4,40759.65,40698.7,40700.55,0,0
2023-05-18 13:15:00+05:30,40698.85,40743.5,40689.8,40692.1,0,0
2023-05-18 13:45:00+05:30,40692.15,40704.0,40568.35,40571.95,0,0
2023-05-18 14:15:00+05:30,40569.85,40596.35,40528.6,40567.6,0,0
2023-05-18 14:45:00+05:30,40567.3,40567.3,40393.8,40411.3,0,0
2023-05-18 15:15:00+05:30,40409.35,40423.05,40354.45,40398.55,0,0
2023-05-19 09:15:00+05:30,40453.4,40494.2,40143.8,40195.2,0,0
2023-05-19 09:45:00+05:30,40196.6,40232.05,40092.0,40156.6,0,0
2023-05-19 10:15:00+05:30,40155.15,40283.7,40154.7,40233.95,0,0
2023-05-19 10:45:00+05:30,40235.75,40353.05,40235.75,40350.85,0,0
2023-05-19 11:15:00+05:30,40353.5,40424.3,40350.15,40423.65,0,0
2023-05-19 11:45:00+05:30,40423.75,40465.5,40412.95,40447.6,0,0
2023-05-19 12:15:00+05:30,40446.35,40449.0,40317.25,40364.85,0,0
2023-05-19 12:45:00+05:30,40364.95,40432.4,40361.65,40422.1,0,0
2023-05-19 13:15:00+05:30,40424.2,40504.1,40422.45,40467.95,0,0
2023-05-19 13:45:00+05:30,40466.65,40541.6,40460.55,40541.6,0,0
2023-05-19 14:15:00+05:30,40539.25,40577.65,40516.1,40571.35,0,0
2023-05-19 14:45:00+05:30,40574.05,40629.35,40556.15,40573.85,0,0
2023-05-19 15:15:00+05:30,40573.45,40578.85,40478.85,40507.55,0,0
2023-05-22 09:15:00+05:30,40601.9,40685.55,40466.65,40675.9,0,0
2023-05-22 09:45:00+05:30,40676.45,40726.0,40610.1,40720.9,0,0
2023-05-22 10:15:00+05:30,40720.85,40777.1,40708.65,40766.5,0,0
2023-05-22 10:45:00+05:30,40765.95,40844.0,40762.55,40817.1,0,0
2023-05-22 11:15:00+05:30,40816.35,40854.1,40810.35,40837.2,0,0
2023-05-22 11:45:00+05:30,40837.15,40851.6,40799.35,40825.0,0,0
2023-05-22 12:15:00+05:30,40826.4,40832.45,40753.95,40758.2,0,0
2023-05-22 12:45:00+05:30,40756.35,40822.5,40752.25,40820.8,0,0
2023-05-22 13:15:00+05:30,40823.3,40842.0,40748.5,40766.55,0,0
2023-05-22 13:45:00+05:30,40768.3,40867.35,40766.95,40850.05,0,0
2023-05-22 14:15:00+05:30,40849.45,40889.15,40848.55,40877.2,0,0
2023-05-22 14:45:00+05:30,40878.95,40935.45,40873.65,40931.6,0,0
2023-05-22 15:15:00+05:30,40933.5,40937.6,40899.9,40903.85,0,0
2023-05-23 09:15:00+05:30,41100.0,41192.3,41066.85,41192.3,0,0
2023-05-23 09:45:00+05:30,41188.05,41192.25,41106.9,41154.75,0,0
2023-05-23 10:15:00+05:30,41152.4,41170.45,41127.1,41129.05,0,0
2023-05-23 10:45:00+05:30,41127.25,41140.85,41099.45,41134.35,0,0
2023-05-23 11:15:00+05:30,41133.55,41134.75,41092.9,41127.4,0,0
2023-05-23 11:45:00+05:30,41126.95,41146.5,41103.95,41134.1,0,0
2023-05-23 12:15:00+05:30,41133.3,41143.75,41116.4,41125.0,0,0
2023-05-23 12:45:00+05:30,41124.8,41132.85,41068.75,41072.1,0,0
2023-05-23 13:15:00+05:30,41071.35,41103.6,41061.35,41093.05,0,0
2023-05-23 13:45:00+05:30,41093.15,41111.65,41040.3,41078.05,0,0
2023-05-23 14:15:00+05:30,41077.25,41117.15,41063.3,41064.85,0,0
2023-05-23 14:45:00+05:30,41064.95,41065.25,41001.55,41020.45,0,0
2023-05-23 15:15:00+05:30,41019.95,41024.95,40969.65,40978.6,0,0
2023-05-24 09:15:00+05:30,41014.65,41063.6,40903.95,41035.5,0,0
2023-05-24 09:45:00+05:30,41037.7,41110.05,41033.8,41077.1,0,0
2023-05-24 10:15:00+05:30,41076.25,41095.45,41026.25,41077.25,0,0
2023-05-24 10:45:00+05:30,41079.35,41101.95,41073.3,41083.2,0,0
2023-05-24 11:15:00+05:30,41083.35,41122.2,41061.45,41095.55,0,0
2023-05-24 11:45:00+05:30,41096.7,41098.7,41008.0,41039.5,0,0
2023-05-24 12:15:00+05:30,41037.75,41055.95,41006.6,41025.1,0,0
2023-05-24 12:45:00+05:30,41024.2,41037.75,40983.9,40987.0,0,0
2023-05-24 13:15:00+05:30,40987.55,41034.05,40974.5,41020.45,0,0
2023-05-24 13:45:00+05:30,41020.55,41028.65,41003.5,41028.2,0,0
2023-05-24 14:15:00+05:30,41026.8,41063.95,41010.45,41014.8,0,0
2023-05-24 14:45:00+05:30,41016.25,41016.25,40962.0,40997.05,0,0
2023-05-24 15:15:00+05:30,40996.85,41002.2,40962.1,40980.45,0,0
2023-05-25 09:15:00+05:30,41005.2,41080.4,40948.6,41038.55,0,0
2023-05-25 09:45:00+05:30,41040.3,41091.0,41030.0,41072.95,0,0
2023-05-25 10:15:00+05:30,41072.05,41103.75,41026.65,41029.65,0,0
2023-05-25 10:45:00+05:30,41028.2,41079.0,41025.05,41044.95,0,0
2023-05-25 11:15:00+05:30,41044.8,41046.65,40994.1,41017.0,0,0
2023-05-25 11:45:00+05:30,41016.5,41048.0,41014.75,41034.15,0,0
2023-05-25 12:15:00+05:30,41035.15,41059.15,41027.25,41030.85,0,0
2023-05-25 12:45:00+05:30,41032.05,41068.45,41025.65,41044.4,0,0
2023-05-25 13:15:00+05:30,41046.15,41076.5,41035.9,41067.5,0,0
2023-05-25 13:45:00+05:30,41065.7,41131.95,41061.15,41131.95,0,0
2023-05-25 14:15:00+05:30,41129.6,41173.8,41123.2,41154.85,0,0
2023-05-25 14:45:00+05:30,41154.5,41211.9,41151.35,41205.95,0,0
2023-05-25 15:15:00+05:30,41206.95,41273.95,41202.25,41236.45,0,0
2023-05-26 09:15:00+05:30,41225.5,41322.0,41187.5,41319.1,0,0
2023-05-26 09:45:00+05:30,41318.9,41363.4,41273.7,41343.35,0,0
2023-05-26 10:15:00+05:30,41342.3,41371.8,41330.3,41368.0,0,0
2023-05-26 10:45:00+05:30,41369.95,41406.9,41341.1,41404.75,0,0
2023-05-26 11:15:00+05:30,41405.0,41416.85,41380.9,41404.25,0,0
2023-05-26 11:45:00+05:30,41403.65,41440.15,41381.6,41425.1,0,0
2023-05-26 12:15:00+05:30,41426.55,41432.45,41392.35,41418.75,0,0
2023-05-26 12:45:00+05:30,41419.85,41490.25,41415.7,41481.25,0,0
2023-05-26 13:15:00+05:30,41481.65,41548.6,41475.65,41545.85,0,0
2023-05-26 13:45:00+05:30,41545.0,41548.7,41482.85,41501.6,0,0
2023-05-26 14:15:00+05:30,41503.3,41638.4,41502.4,41622.55,0,0
2023-05-26 14:45:00+05:30,41624.15,41692.65,41619.45,41690.7,0,0
2023-05-26 15:15:00+05:30,41693.8,41709.15,41661.45,41679.2,0,0
2023-05-29 09:15:00+05:30,41980.5,41993.5,41841.55,41933.05,0,0
2023-05-29 09:45:00+05:30,41929.45,41952.3,41867.4,41895.45,0,0
2023-05-29 10:15:00+05:30,41893.35,41937.3,41882.35,41927.6,0,0
2023-05-29 10:45:00+05:30,41929.75,41942.2,41909.25,41936.0,0,0
2023-05-29 11:15:00+05:30,41935.7,41943.25,41883.8,41885.75,0,0
2023-05-29 11:45:00+05:30,41883.95,41917.15,41871.0,41890.95,0,0
2023-05-29 12:15:00+05:30,41890.85,41894.7,41856.1,41887.85,0,0
2023-05-29 12:45:00+05:30,41887.35,41933.15,41880.35,41919.6,0,0
2023-05-29 13:15:00+05:30,41919.35,41937.15,41874.0,41882.9,0,0
2023-05-29 13:45:00+05:30,41879.15,41924.7,41877.7,41914.3,0,0
2023-05-29 14:15:00+05:30,41915.5,41935.8,41857.15,41920.95,0,0
2023-05-29 14:45:00+05:30,41921.0,41955.6,41913.85,41930.75,0,0
2023-05-29 15:15:00+05:30,41928.7,41932.5,41901.2,41910.8,0,0
2023-05-30 09:15:00+05:30,41961.6,42020.5,41894.15,42014.15,0,0
2023-05-30 09:45:00+05:30,42015.1,42031.0,41956.6,41984.55,0,0
2023-05-30 10:15:00+05:30,41983.55,41993.7,41898.2,41918.75,0,0
2023-05-30 10:45:00+05:30,41912.05,41927.9,41835.1,41915.4,0,0
2023-05-30 11:15:00+05:30,41915.05,41961.5,41909.65,41956.65,0,0
2023-05-30 11:45:00+05:30,41955.15,41989.65,41952.1,41981.0,0,0
2023-05-30 12:15:00+05:30,41983.45,41988.75,41954.85,41955.2,0,0
2023-05-30 12:45:00+05:30,41952.35,41983.8,41939.8,41953.45,0,0
2023-05-30 13:15:00+05:30,41952.25,41984.2,41929.5,41964.35,0,0
2023-05-30 13:45:00+05:30,41965.1,41968.75,41935.85,41955.95,0,0
2023-05-30 14:15:00+05:30,41956.85,42006.8,41952.4,41989.45,0,0
2023-05-30 14:45:00+05:30,41990.2,41999.25,41942.1,41944.2,0,0
2023-05-30 15:15:00+05:30,41946.4,41948.3,41917.45,41917.45,0,0
2023-05-31 09:15:00+05:30,41899.4,41962.35,41818.4,41938.95,0,0
2023-05-31 09:45:00+05:30,41938.65,41952.8,41897.65,41914.45,0,0
2023-05-31 10:15:00+05:30,41911.95,41919.6,41866.45,41881.8,0,0
2023-05-31 10:45:00+05:30,41884.55,41918.25,41871.55,41892.75,0,0
2023-05-31 11:15:00+05:30,41892.4,41916.3,41869.5,41880.05,0,0
2023-05-31 11:45:00+05:30,41880.7,41883.65,41804.9,41817.35,0,0
2023-05-31 12:15:00+05:30,41818.4,41868.9,41809.25,41865.95,0,0
2023-05-31 12:45:00+05:30,41866.45,41887.2,41852.5,41858.45,0,0
2023-05-31 13:15:00+05:30,41859.3,41910.3,41844.7,41903.7,0,0
2023-05-31 13:45:00+05:30,41902.9,41930.5,41887.8,41909.15,0,0
2023-05-31 14:15:00+05:30,41910.2,41996.95,41905.45,41974.7,0,0
2023-05-31 14:45:00+05:30,41975.25,42057.2,41973.9,42042.35,0,0
2023-05-31 15:15:00+05:30,42045.2,42120.05,42040.45,42099.1,0,0
2023-06-01 09:15:00+05:30,42132.9,42255.4,42069.9,42254.35,0,0
2023-06-01 09:45:00+05:30,42253.75,42320.45,42239.75,42303.15,0,0
2023-06-01 10:15:00+05:30,42302.7,42307.1,42276.6,42301.25,0,0
2023-06-01 10:45:00+05:30,42302.1,42311.85,42278.6,42294.1,0,0
2023-06-01 11:15:00+05:30,42292.75,42295.0,42250.05,42255.45,0,0
2023-06-01 11:45:00+05:30,42255.95,42269.0,42215.05,42218.5,0,0
2023-06-01 12:15:00+05:30,42217.45,42271.4,42205.8,42270.55,0,0
2023-06-01 12:45:00+05:30,42271.55,42285.6,42256.45,42265.5,0,0
2023-06-01 13:15:00+05:30,42264.9,42277.45,42238.25,42244.0,0,0
2023-06-01 13:45:00+05:30,42244.5,42245.65,42192.1,42214.7,0,0
2023-06-01 14:15:00+05:30,42215.55,42233.3,42193.65,42205.1,0,0
2023-06-01 14:45:00+05:30,42204.55,42222.95,42162.4,42166.55,0,0
2023-06-01 15:15:00+05:30,42166.75,42167.05,42117.7,42144.7,0,0
2023-06-02 09:15:00+05:30,42290.3,42356.1,42282.6,42350.6,0,0
2023-06-02 09:45:00+05:30,42350.8,42351.4,42221.05,42237.65,0,0
2023-06-02 10:15:00+05:30,42238.0,42263.65,42216.35,42257.1,0,0
2023-06-02 10:45:00+05:30,42256.75,42292.2,42254.75,42287.9,0,0
2023-06-02 11:15:00+05:30,42288.3,42294.55,42253.7,42258.35,0,0
2023-06-02 11:45:00+05:30,42259.3,42274.25,42247.25,42265.15,0,0
2023-06-02 12:15:00+05:30,42264.95,42292.3,42263.85,42276.55,0,0
2023-06-02 12:45:00+05:30,42273.65,42304.5,42266.35,42304.3,0,0
2023-06-02 13:15:00+05:30,42303.6,42316.15,42287.45,42305.05,0,0
2023-06-02 13:45:00+05:30,42305.2,42316.25,42285.0,42310.35,0,0
2023-06-02 14:15:00+05:30,42309.05,42309.35,42259.75,42294.2,0,0
2023-06-02 14:45:00+05:30,42294.55,42372.5,42291.65,42336.9,0,0
2023-06-02 15:15:00+05:30,42335.0,42338.0,42302.55,42312.8,0,0
2023-06-05 09:15:00+05:30,42419.0,42536.25,42383.75,42389.9,0,0
2023-06-05 09:45:00+05:30,42390.6,42420.9,42361.45,42411.05,0,0
2023-06-05 10:15:00+05:30,42413.75,42436.45,42367.75,42385.6,0,0
2023-06-05 10:45:00+05:30,42384.4,42433.5,42384.4,42428.95,0,0
2023-06-05 11:15:00+05:30,42428.5,42438.6,42416.8,42421.25,0,0
2023-06-05 11:45:00+05:30,42419.75,42454.5,42419.2,42445.45,0,0
2023-06-05 12:15:00+05:30,42443.1,42457.4,42429.0,42444.5,0,0
2023-06-05 12:45:00+05:30,42443.75,42461.45,42414.6,42427.35,0,0
2023-06-05 13:15:00+05:30,42427.15,42472.6,42426.2,42449.4,0,0
2023-06-05 13:45:00+05:30,42451.25,42458.1,42430.9,42442.75,0,0
2023-06-05 14:15:00+05:30,42443.15,42459.5,42427.85,42448.95,0,0
2023-06-05 14:45:00+05:30,42449.5,42450.1,42390.95,42397.45,0,0
2023-06-05 15:15:00+05:30,42398.7,42416.95,42376.7,42407.7,0,0
2023-06-06 09:15:00+05:30,42475.3,42539.45,42403.5,42524.3,0,0
2023-06-06 09:45:00+05:30,42524.6,42529.4,42442.25,42471.15,0,0
2023-06-06 10:15:00+05:30,42470.25,42472.1,42395.6,42399.1,0,0
2023-06-06 10:45:00+05:30,42398.15,42400.7,42353.7,42375.75,0,0
2023-06-06 11:15:00+05:30,42376.85,42408.85,42354.1,42378.55,0,0
2023-06-06 11:45:00+05:30,42378.4,42416.2,42371.15,42403.45,0,0
2023-06-06 12:15:00+05:30,42402.25,42465.25,42396.35,42446.6,0,0
2023-06-06 12:45:00+05:30,42446.3,42457.95,42426.7,42439.0,0,0
2023-06-06 13:15:00+05:30,42439.6,42494.1,42438.6,42491.45,0,0
2023-06-06 13:45:00+05:30,42493.05,42499.8,42459.7,42491.0,0,0
2023-06-06 14:15:00+05:30,42493.05,42542.6,42491.8,42523.15,0,0
2023-06-06 14:45:00+05:30,42522.05,42600.2,42513.45,42589.15,0,0
2023-06-06 15:15:00+05:30,42589.75,42638.95,42577.9,42631.15,0,0
2023-06-07 09:15:00+05:30,42766.3,42833.85,42711.8,42807.4,0,0
2023-06-07 09:45:00+05:30,42807.85,42843.45,42786.65,42841.95,0,0
2023-06-07 10:15:00+05:30,42840.65,42888.3,42839.8,42863.6,0,0
2023-06-07 10:45:00+05:30,42862.4,42865.25,42826.65,42844.0,0,0
2023-06-07 11:15:00+05:30,42843.8,42861.05,42831.95,42853.3,0,0
2023-06-07 11:45:00+05:30,42854.55,42872.8,42841.8,42851.95,0,0
2023-06-07 12:15:00+05:30,42851.75,42880.25,42843.1,42878.45,0,0
2023-06-07 12:45:00+05:30,42878.25,42906.8,42869.65,42901.55,0,0
2023-06-07 13:15:00+05:30,42902.2,42913.75,42869.1,42869.4,0,0
2023-06-07 13:45:00+05:30,42871.4,42917.25,42864.4,42903.35,0,0
2023-06-07 14:15:00+05:30,42902.5,42945.35,42901.3,42941.45,0,0
2023-06-07 14:45:00+05:30,42942.25,43015.8,42927.55,43005.5,0,0
2023-06-07 15:15:00+05:30,43004.7,43023.65,42967.75,43023.65,0,0
2023-06-08 09:15:00+05:30,43103.55,43117.35,43034.35,43068.3,0,0
2023-06-08 09:45:00+05:30,43068.95,43074.4,42992.1,43002.9,0,0
2023-06-08 10:15:00+05:30,43008.15,43058.9,43006.55,43051.95,0,0
2023-06-08 10:45:00+05:30,43051.6,43057.75,43003.35,43020.65,0,0
2023-06-08 11:15:00+05:30,43020.65,43028.4,42798.75,42800.9,0,0
2023-06-08 11:45:00+05:30,42799.15,42803.85,42653.4,42728.05,0,0
2023-06-08 12:15:00+05:30,42729.65,42770.6,42714.1,42762.05,0,0
2023-06-08 12:45:00+05:30,42762.15,42764.7,42725.35,42739.5,0,0
2023-06-08 13:15:00+05:30,42739.0,42780.15,42732.3,42780.15,0,0
2023-06-08 13:45:00+05:30,42779.7,42840.2,42769.0,42777.8,0,0
2023-06-08 14:15:00+05:30,42780.0,42791.2,42752.8,42783.0,0,0
2023-06-08 14:45:00+05:30,42782.1,42790.75,42701.4,42725.5,0,0
2023-06-08 15:15:00+05:30,42725.6,42735.2,42664.2,42735.2,0,0
2023-06-09 09:15:00+05:30,42804.1,42855.35,42703.9,42747.8,0,0
2023-06-09 09:45:00+05:30,42749.0,42855.2,42748.5,42813.4,0,0
2023-06-09 10:15:00+05:30,42811.5,42834.9,42782.1,42812.15,0,0
2023-06-09 10:45:00+05:30,42811.35,42812.45,42740.05,42751.8,0,0
2023-06-09 11:15:00+05:30,42752.15,42778.9,42722.2,42755.05,0,0
2023-06-09 11:45:00+05:30,42752.95,42797.6,42751.45,42790.45,0,0
2023-06-09 12:15:00+05:30,42793.65,42826.8,42771.25,42773.0,0,0
2023-06-09 12:45:00+05:30,42774.8,42775.05,42669.65,42725.15,0,0
2023-06-09 13:15:00+05:30,42727.0,42744.3,42684.7,42721.1,0,0
2023-06-09 13:45:00+05:30,42719.95,42752.3,42658.05,42703.45,0,0
2023-06-09 14:15:00+05:30,42701.05,42723.4,42631.5,42697.9,0,0
2023-06-09 14:45:00+05:30,42699.3,42728.7,42663.8,42669.8,0,0
2023-06-09 15:15:00+05:30,42668.05,42678.5,42639.3,42646.9,0,0
2023-06-12 09:15:00+05:30,42793.25,42856.75,42647.7,42831.05,0,0
2023-06-12 09:45:00+05:30,42829.15,42839.65,42765.8,42808.7,0,0
2023-06-12 10:15:00+05:30,42807.2,42885.5,42800.25,42807.65,0,0
2023-06-12 10:45:00+05:30,42805.3,42808.35,42774.5,42799.2,0,0
2023-06-12 11:15:00+05:30,42799.8,42838.05,42789.05,42835.3,0,0
2023-06-12 11:45:00+05:30,42835.9,42868.7,42828.5,42839.2,0,0
2023-06-12 12:15:00+05:30,42839.65,42846.85,42771.75,42833.6,0,0
2023-06-12 12:45:00+05:30,42832.8,42858.65,42818.3,42852.05,0,0
2023-06-12 13:15:00+05:30,42851.45,42885.0,42845.85,42868.3,0,0
2023-06-12 13:45:00+05:30,42867.25,42929.55,42865.8,42905.35,0,0
2023-06-12 14:15:00+05:30,42904.8,42919.85,42852.95,42907.9,0,0
2023-06-12 14:45:00+05:30,42907.3,42941.55,42853.45,42858.25,0,0
2023-06-12 15:15:00+05:30,42858.25,42902.65,42848.0,42892.75,0,0
2023-06-13 09:15:00+05:30,43039.3,43168.2,43002.3,43168.2,0,0
2023-06-13 09:45:00+05:30,43167.2,43203.15,43106.5,43195.25,0,0
2023-06-13 10:15:00+05:30,43193.5,43238.5,43179.7,43226.45,0,0
2023-06-13 10:45:00+05:30,43225.35,43241.35,43210.05,43231.65,0,0
2023-06-13 11:15:00+05:30,43230.45,43249.1,43225.1,43235.3,0,0
2023-06-13 11:45:00+05:30,43236.4,43253.65,43208.4,43216.75,0,0
2023-06-13 12:15:00+05:30,43215.9,43228.45,43199.65,43226.65,0,0
2023-06-13 12:45:00+05:30,43226.45,43241.2,43211.9,43229.5,0,0
2023-06-13 13:15:00+05:30,43231.7,43249.55,43216.25,43242.3,0,0
2023-06-13 13:45:00+05:30,43245.25,43254.3,43207.9,43229.35,0,0
2023-06-13 14:15:00+05:30,43229.2,43249.5,43213.9,43242.75,0,0
2023-06-13 14:45:00+05:30,43243.4,43301.45,43241.95,43289.4,0,0
2023-06-13 15:15:00+05:30,43289.55,43304.1,43262.65,43286.4,0,0
2023-06-14 09:15:00+05:30,43407.8,43421.75,43252.0,43324.85,0,0
2023-06-14 09:45:00+05:30,43326.3,43387.8,43303.45,43379.25,0,0
2023-06-14 10:15:00+05:30,43377.65,43417.65,43373.1,43385.05,0,0
2023-06-14 10:45:00+05:30,43383.4,43401.25,43355.2,43371.55,0,0
2023-06-14 11:15:00+05:30,43373.35,43397.15,43367.6,43381.3,0,0
2023-06-14 11:45:00+05:30,43381.05,43387.1,43346.55,43363.05,0,0
2023-06-14 12:15:00+05:30,43362.95,43370.7,43326.85,43331.15,0,0
2023-06-14 12:45:00+05:30,43334.2,43356.55,43329.0,43347.1,0,0
2023-06-14 13:15:00+05:30,43345.65,43379.7,43341.9,43367.8,0,0
2023-06-14 13:45:00+05:30,43368.3,43385.05,43354.85,43373.7,0,0
2023-06-14 14:15:00+05:30,43374.7,43408.8,43371.55,43371.7,0,0
2023-06-14 14:45:00+05:30,43372.05,43419.55,43372.05,43389.65,0,0
2023-06-14 15:15:00+05:30,43390.3,43393.1,43356.15,43369.7,0,0
2023-06-15 09:15:00+05:30,43460.0,43536.0,43420.5,43532.1,0,0
2023-06-15 09:45:00+05:30,43533.15,43610.05,43521.65,43595.5,0,0
2023-06-15 10:15:00+05:30,43595.15,43639.8,43592.1,43607.85,0,0
2023-06-15 10:45:00+05:30,43607.25,43615.1,43565.75,43570.75,0,0
2023-06-15 11:15:00+05:30,43571.95,43571.95,43442.4,43443.35,0,0
2023-06-15 11:45:00+05:30,43443.2,43447.0,43395.9,43439.95,0,0
2023-06-15 12:15:00+05:30,43440.15,43475.45,43431.15,43436.85,0,0
2023-06-15 12:45:00+05:30,43437.0,43482.55,43435.4,43449.25,0,0
2023-06-15 13:15:00+05:30,43448.65,43521.75,43447.85,43511.95,0,0
2023-06-15 13:45:00+05:30,43511.4,43523.25,43442.05,43442.05,0,0
2023-06-15 14:15:00+05:30,43442.3,43447.6,43379.85,43403.15,0,0
2023-06-15 14:45:00+05:30,43403.55,43438.2,43339.95,43400.5,0,0
2023-06-15 15:15:00+05:30,43398.25,43412.1,43376.9,43411.95,0,0
2023-06-16 09:15:00+05:30,43568.65,43728.9,43535.3,43723.0,0,0
2023-06-16 09:45:00+05:30,43723.15,43754.2,43687.15,43726.2,0,0
2023-06-16 10:15:00+05:30,43727.65,43755.7,43713.75,43719.2,0,0
2023-06-16 10:45:00+05:30,43719.2,43735.95,43638.75,43655.15,0,0
2023-06-16 11:15:00+05:30,43655.7,43684.0,43626.35,43683.8,0,0
2023-06-16 11:45:00+05:30,43686.2,43706.8,43674.7,43685.55,0,0
2023-06-16 12:15:00+05:30,43684.05,43717.1,43680.8,43714.95,0,0
2023-06-16 12:45:00+05:30,43713.75,43818.15,43705.6,43812.4,0,0
2023-06-16 13:15:00+05:30,43812.1,43851.9,43807.05,43838.15,0,0
2023-06-16 13:45:00+05:30,43838.3,43904.75,43822.0,43902.25,0,0
2023-06-16 14:15:00+05:30,43901.15,43931.35,43891.6,43920.0,0,0
2023-06-16 14:45:00+05:30,43921.25,43924.05,43831.75,43832.35,0,0
2023-06-16 15:15:00+05:30,43833.55,43883.25,43803.45,43854.9,0,0
2023-06-19 09:15:00+05:30,43978.25,44047.75,43927.85,43970.45,0,0
2023-06-19 09:45:00+05:30,43969.95,44000.1,43936.85,43994.9,0,0
2023-06-19 10:15:00+05:30,43995.1,44000.35,43932.7,43972.0,0,0
2023-06-19 10:45:00+05:30,43972.65,43973.15,43862.85,43894.7,0,0
2023-06-19 11:15:00+05:30,43895.05,43974.25,43890.35,43972.15,0,0
2023-06-19 11:45:00+05:30,43972.05,43978.1,43929.35,43951.85,0,0
2023-06-19 12:15:00+05:30,43952.75,43967.85,43937.4,43945.2,0,0
2023-06-19 12:45:00+05:30,43944.15,43950.55,43859.6,43860.3,0,0
2023-06-19 13:15:00+05:30,43861.0,43861.0,43710.55,43733.65,0,0
2023-06-19 13:45:00+05:30,43732.95,43775.5,43727.85,43755.7,0,0
2023-06-19 14:15:00+05:30,43754.5,43818.8,43746.05,43806.1,0,0
2023-06-19 14:45:00+05:30,43806.65,43830.7,43759.55,43769.75,0,0
2023-06-19 15:15:00+05:30,43768.8,43782.65,43723.5,43773.25,0,0
2023-06-20 09:15:00+05:30,43861.35,43888.85,43674.5,43781.95,0,0
2023-06-20 09:45:00+05:30,43780.4,43902.95,43778.1,43827.3,0,0
2023-06-20 10:15:00+05:30,43825.9,43839.5,43735.45,43778.6,0,0
2023-06-20 10:45:00+05:30,43777.8,43802.45,43767.55,43777.45,0,0
2023-06-20 11:15:00+05:30,43775.8,43811.75,43763.2,43808.45,0,0
2023-06-20 11:45:00+05:30,43807.7,43811.1,43745.85,43768.45,0,0
2023-06-20 12:15:00+05:30,43767.4,43781.2,43751.25,43778.45,0,0
2023-06-20 12:45:00+05:30,43779.95,43813.55,43767.7,43786.3,0,0
2023-06-20 13:15:00+05:30,43788.2,43794.85,43755.95,43782.7,0,0
2023-06-20 13:45:00+05:30,43783.3,43807.45,43759.6,43802.9,0,0
2023-06-20 14:15:00+05:30,43800.75,43839.2,43788.85,43805.9,0,0
2023-06-20 14:45:00+05:30,43806.4,43940.95,43802.75,43933.9,0,0
2023-06-20 15:15:00+05:30,43934.7,43975.9,43927.4,43956.3,0,0
2023-06-21 09:15:00+05:30,44044.15,44160.95,44025.35,44134.2,0,0
2023-06-21 09:45:00+05:30,44137.45,44174.0,44102.2,44149.1,0,0
2023-06-21 10:15:00+05:30,44147.9,44155.4,44014.05,44015.8,0,0
2023-06-21 10:45:00+05:30,44017.0,44018.55,43922.4,43922.4,0,0
2023-06-21 11:15:00+05:30,43923.15,43978.8,43890.2,43970.3,0,0
2023-06-21 11:45:00+05:30,43969.5,44003.15,43950.6,43990.55,0,0
2023-06-21 12:15:00+05:30,43989.8,44012.9,43975.15,44011.85,0,0
2023-06-21 12:45:00+05:30,44011.65,44021.4,43984.05,44011.55,0,0
2023-06-21 13:15:00+05:30,44009.65,44011.8,43975.85,43992.7,0,0
2023-06-21 13:45:00+05:30,43993.6,43996.5,43895.9,43931.55,0,0
2023-06-21 14:15:00+05:30,43930.9,43934.05,43749.8,43792.0,0,0
2023-06-21 14:45:00+05:30,43789.55,43939.65,43789.25,43926.4,0,0
2023-06-21 15:15:00+05:30,43928.55,43936.65,43898.9,43921.95,0,0
2023-06-22 09:15:00+05:30,43984.95,43984.95,43778.25,43791.8,0,0
2023-06-22 09:45:00+05:30,43792.6,43816.55,43735.85,43804.4,0,0
2023-06-22 10:15:00+05:30,43807.4,43872.0,43796.7,43837.0,0,0
2023-06-22 10:45:00+05:30,43836.6,43843.3,43766.45,43768.55,0,0
2023-06-22 11:15:00+05:30,43768.45,43772.1,43688.7,43690.55,0,0
2023-06-22 11:45:00+05:30,43692.6,43692.6,43523.55,43526.0,0,0
2023-06-22 12:15:00+05:30,43524.9,43569.1,43496.95,43500.05,0,0
2023-06-22 12:45:00+05:30,43501.1,43507.7,43364.25,43440.6,0,0
2023-06-22 13:15:00+05:30,43440.9,43551.7,43437.2,43547.3,0,0
2023-06-22 13:45:00+05:30,43547.9,43568.05,43501.25,43506.75,0,0
2023-06-22 14:15:00+05:30,43505.2,43507.65,43405.65,43485.5,0,0
2023-06-22 14:45:00+05:30,43484.65,43518.6,43377.8,43381.3,0,0
2023-06-22 15:15:00+05:30,43382.75,43396.85,43342.6,43395.65,0,0
2023-06-23 09:15:00+05:30,43406.5,43411.15,42839.75,42850.4,0,0
2023-06-23 09:45:00+05:30,42853.05,43079.95,42851.85,42979.4,0,0
2023-06-23 10:15:00+05:30,42980.25,43140.1,42969.2,43085.7,0,0
2023-06-23 10:45:00+05:30,43084.95,43109.3,42917.75,42975.75,0,0
2023-06-23 11:15:00+05:30,42975.15,43004.85,42911.3,42979.3,0,0
2023-06-23 11:45:00+05:30,42979.55,43010.25,42965.0,42988.6,0,0
2023-06-23 12:15:00+05:30,42990.45,43077.6,42978.4,43073.95,0,0
2023-06-23 12:45:00+05:30,43073.9,43080.5,42982.05,42987.05,0,0
2023-06-23 13:15:00+05:30,42986.3,42987.2,42919.9,42933.85,0,0
2023-06-23 13:45:00+05:30,42935.1,43005.85,42902.9,42902.9,0,0
2023-06-23 14:15:00+05:30,42902.95,42965.2,42864.75,42923.95,0,0
2023-06-23 14:45:00+05:30,42923.35,42945.15,42846.7,42849.2,0,0
2023-06-23 15:15:00+05:30,42851.25,42852.35,42785.7,42794.6,0,0
2023-06-26 09:15:00+05:30,42669.3,42969.2,42590.9,42926.55,0,0
2023-06-26 09:45:00+05:30,42926.45,42930.7,42704.2,42764.15,0,0
2023-06-26 10:15:00+05:30,42764.55,42827.8,42760.55,42814.85,0,0
2023-06-26 10:45:00+05:30,42813.05,42854.85,42781.65,42847.85,0,0
2023-06-26 11:15:00+05:30,42849.05,42874.0,42836.6,42850.1,0,0
2023-06-26 11:45:00+05:30,42850.45,42852.2,42821.65,42830.75,0,0
2023-06-26 12:15:00+05:30,42830.5,42842.85,42811.05,42812.05,0,0
2023-06-26 12:45:00+05:30,42811.65,42813.9,42779.65,42791.0,0,0
2023-06-26 13:15:00+05:30,42790.75,42834.1,42783.2,42811.25,0,0
2023-06-26 13:45:00+05:30,42811.0,42864.3,42798.85,42853.85,0,0
2023-06-26 14:15:00+05:30,42851.7,42922.15,42833.4,42891.45,0,0
2023-06-26 14:45:00+05:30,42890.85,43022.7,42890.85,43015.5,0,0
2023-06-26 15:15:00+05:30,43015.9,43066.5,42997.45,43030.9,0,0
2023-06-27 09:15:00+05:30,43149.65,43254.05,43129.6,43224.5,0,0
2023-06-27 09:45:00+05:30,43224.95,43237.25,43168.2,43219.95,0,0
2023-06-27 10:15:00+05:30,43219.6,43222.7,43159.25,43164.9,0,0
2023-06-27 10:45:00+05:30,43167.7,43196.2,43139.5,43154.15,0,0
2023-06-27 11:15:00+05:30,43155.1,43162.35,43124.8,43132.15,0,0
2023-06-27 11:45:00+05:30,43133.4,43149.85,43128.55,43137.05,0,0
2023-06-27 12:15:00+05:30,43136.45,43141.1,43095.7,43121.75,0,0
2023-06-27 12:45:00+05:30,43121.65,43134.05,43079.0,43129.85,0,0
2023-06-27 13:15:00+05:30,43129.05,43137.95,43102.6,43109.0,0,0
2023-06-27 13:45:00+05:30,43108.6,43122.6,43074.85,43117.95,0,0
2023-06-27 14:15:00+05:30,43121.0,43173.95,43119.6,43140.45,0,0
2023-06-27 14:45:00+05:30,43141.9,43202.1,43132.85,43196.75,0,0
2023-06-27 15:15:00+05:30,43197.3,43210.7,43177.55,43193.9,0,0
2023-06-28 09:15:00+05:30,43381.8,43400.75,43298.8,43320.6,0,0
2023-06-28 09:45:00+05:30,43320.65,43354.3,43301.45,43319.8,0,0
2023-06-28 10:15:00+05:30,43319.8,43335.7,43285.05,43305.4,0,0
2023-06-28 10:45:00+05:30,43307.4,43309.25,43263.3,43297.05,0,0
2023-06-28 11:15:00+05:30,43298.95,43354.4,43286.15,43341.25,0,0
2023-06-28 11:45:00+05:30,43340.1,43362.6,43330.35,43341.6,0,0
2023-06-28 12:15:00+05:30,43340.9,43377.6,43331.3,43360.35,0,0
2023-06-28 12:45:00+05:30,43359.8,43384.25,43342.4,43366.35,0,0
2023-06-28 13:15:00+05:30,43367.45,43371.7,43329.55,43346.15,0,0
2023-06-28 13:45:00+05:30,43346.1,43369.0,43316.65,43343.45,0,0
2023-06-28 14:15:00+05:30,43343.55,43362.65,43320.55,43329.5,0,0
2023-06-28 14:45:00+05:30,43330.9,43508.4,43325.4,43496.15,0,0
2023-06-28 15:15:00+05:30,43493.95,43524.05,43479.6,43493.55,0,0
2023-06-30 09:15:00+05:30,43622.65,43770.6,43575.5,43763.15,0,0
2023-06-30 09:45:00+05:30,43765.45,43765.5,43647.1,43660.75,0,0
2023-06-30 10:15:00+05:30,43662.8,43709.45,43621.5,43648.45,0,0
2023-06-30 10:45:00+05:30,43646.2,43671.45,43629.15,43645.65,0,0
2023-06-30 11:15:00+05:30,43646.2,43687.6,43638.6,43687.6,0,0
2023-06-30 11:45:00+05:30,43686.05,43694.0,43668.85,43674.45,0,0
2023-06-30 12:15:00+05:30,43676.25,43684.7,43645.5,43669.25,0,0
2023-06-30 12:45:00+05:30,43670.7,43686.55,43654.15,43667.0,0,0
2023-06-30 13:15:00+05:30,43666.75,43684.7,43635.55,43652.35,0,0
2023-06-30 13:45:00+05:30,43651.45,43684.4,43644.75,43674.85,0,0
2023-06-30 14:15:00+05:30,43674.0,43731.75,43673.45,43728.05,0,0
2023-06-30 14:45:00+05:30,43728.6,43782.9,43719.3,43764.35,0,0
2023-06-30 15:15:00+05:30,43763.6,43763.6,43730.55,43744.4,0,0
2023-07-03 09:15:00+05:30,43921.75,43946.5,43832.4,43881.05,0,0
2023-07-03 09:45:00+05:30,43880.0,43888.0,43780.85,43823.25,0,0
2023-07-03 10:15:00+05:30,43820.75,43931.85,43814.05,43919.8,0,0
2023-07-03 10:45:00+05:30,43920.55,43966.1,43872.15,43876.1,0,0
2023-07-03 11:15:00+05:30,43876.35,43898.85,43850.95,43864.5,0,0
2023-07-03 11:45:00+05:30,43863.65,43903.85,43859.65,43874.75,0,0
2023-07-03 12:15:00+05:30,43875.4,43893.0,43852.1,43885.45,0,0
2023-07-03 12:45:00+05:30,43884.8,43889.95,43845.15,43878.15,0,0
2023-07-03 13:15:00+05:30,43878.4,43901.7,43850.85,43866.3,0,0
2023-07-03 13:45:00+05:30,43864.25,43893.0,43856.25,43863.6,0,0
2023-07-03 14:15:00+05:30,43863.6,43939.0,43861.35,43910.65,0,0
2023-07-03 14:45:00+05:30,43911.45,43941.55,43854.85,43909.55,0,0
2023-07-03 15:15:00+05:30,43909.55,43946.75,43905.4,43942.65,0,0
2023-07-04 09:15:00+05:30,44073.55,44081.0,43878.45,43919.8,0,0
2023-07-04 09:45:00+05:30,43915.8,43952.8,43791.9,43935.55,0,0
2023-07-04 10:15:00+05:30,43935.55,43975.75,43925.15,43954.7,0,0
2023-07-04 10:45:00+05:30,43955.8,43974.6,43935.75,43956.6,0,0
2023-07-04 11:15:00+05:30,43957.25,43999.9,43947.95,43998.65,0,0
2023-07-04 11:45:00+05:30,43999.35,44010.85,43959.7,43965.15,0,0
2023-07-04 12:15:00+05:30,43965.2,43966.25,43907.9,43911.95,0,0
2023-07-04 12:45:00+05:30,43911.0,43914.55,43816.9,43822.6,0,0
2023-07-04 13:15:00+05:30,43823.15,43930.05,43817.65,43871.75,0,0
2023-07-04 13:45:00+05:30,43870.9,43881.05,43761.1,43770.85,0,0
2023-07-04 14:15:00+05:30,43767.0,43796.85,43696.7,43706.2,0,0
2023-07-04 14:45:00+05:30,43705.0,43770.1,43647.9,43759.75,0,0
2023-07-04 15:15:00+05:30,43761.6,43820.55,43751.95,43801.45,0,0
2023-07-05 09:15:00+05:30,43932.3,44096.0,43867.15,44056.55,0,0
2023-07-05 09:45:00+05:30,44058.35,44137.05,44037.0,44105.95,0,0
2023-07-05 10:15:00+05:30,44105.55,44135.1,44073.55,44081.1,0,0
2023-07-05 10:45:00+05:30,44079.75,44101.25,44050.25,44077.7,0,0
2023-07-05 11:15:00+05:30,44075.65,44093.65,44021.8,44057.6,0,0
2023-07-05 11:45:00+05:30,44057.0,44067.3,44023.55,44060.35,0,0
2023-07-05 12:15:00+05:30,44060.85,44073.15,44030.4,44031.05,0,0
2023-07-05 12:45:00+05:30,44032.25,44054.25,44016.3,44027.15,0,0
2023-07-05 13:15:00+05:30,44027.4,44064.3,43965.95,44049.15,0,0
2023-07-05 13:45:00+05:30,44048.75,44056.05,44016.05,44033.1,0,0
2023-07-05 14:15:00+05:30,44031.9,44048.45,43966.65,43971.65,0,0
2023-07-05 14:45:00+05:30,43970.85,44117.9,43964.35,44114.3,0,0
2023-07-05 15:15:00+05:30,44115.6,44156.8,44112.35,44152.85,0,0
2023-07-06 09:15:00+05:30,44209.35,44292.35,44136.7,44226.1,0,0
2023-07-06 09:45:00+05:30,44226.95,44273.4,44219.8,44266.9,0,0
2023-07-06 10:15:00+05:30,44267.85,44277.55,44208.55,44220.45,0,0
2023-07-06 10:45:00+05:30,44221.35,44260.6,44213.65,44240.75,0,0
2023-07-06 11:15:00+05:30,44241.1,44280.65,44241.1,44248.85,0,0
2023-07-06 11:45:00+05:30,44247.9,44252.8,44207.95,44248.85,0,0
2023-07-06 12:15:00+05:30,44248.1,44263.0,44231.8,44250.65,0,0
2023-07-06 12:45:00+05:30,44251.2,44313.6,44247.05,44300.5,0,0
2023-07-06 13:15:00+05:30,44298.95,44302.05,44252.65,44268.1,0,0
2023-07-06 13:45:00+05:30,44268.4,44285.2,44217.15,44279.8,0,0
2023-07-06 14:15:00+05:30,44281.55,44301.55,44239.95,44291.65,0,0
2023-07-06 14:45:00+05:30,44292.4,44389.55,44292.4,44375.6,0,0
2023-07-06 15:15:00+05:30,44376.7,44396.75,44363.15,44373.65,0,0
2023-07-07 09:15:00+05:30,44371.4,44509.05,44265.15,44507.8,0,0
2023-07-07 09:45:00+05:30,44506.6,44510.1,44454.35,44463.1,0,0
2023-07-07 10:15:00+05:30,44463.25,44465.55,44208.4,44212.05,0,0
2023-07-07 10:45:00+05:30,44211.45,44217.15,44085.55,44217.15,0,0
2023-07-07 11:15:00+05:30,44218.85,44265.8,44088.9,44105.5,0,0
2023-07-07 11:45:00+05:30,44102.85,44137.1,44045.4,44053.0,0,0
2023-07-07 12:15:00+05:30,44052.75,44072.35,43928.0,43951.15,0,0
2023-07-07 12:45:00+05:30,43951.8,43984.75,43929.25,43940.5,0,0
2023-07-07 13:15:00+05:30,43940.85,44033.1,43934.3,44009.35,0,0
2023-07-07 13:45:00+05:30,44010.75,44035.65,43980.05,44033.6,0,0
2023-07-07 14:15:00+05:30,44034.6,44166.2,44033.1,44163.4,0,0
2023-07-07 14:45:00+05:30,44161.45,44174.85,43984.6,43990.35,0,0
2023-07-07 15:15:00+05:30,43989.25,43997.85,43932.85,43996.25,0,0
2023-07-10 09:15:00+05:30,44120.0,44132.95,43810.55,43914.65,0,0
2023-07-10 09:45:00+05:30,43913.4,43965.9,43842.3,43875.35,0,0
2023-07-10 10:15:00+05:30,43875.65,43932.7,43815.85,43928.7,0,0
2023-07-10 10:45:00+05:30,43928.7,43967.5,43878.7,43881.85,0,0
2023-07-10 11:15:00+05:30,43884.05,43884.2,43722.15,43764.45,0,0
2023-07-10 11:45:00+05:30,43764.55,43774.7,43659.7,43679.6,0,0
2023-07-10 12:15:00+05:30,43679.05,43733.7,43675.4,43720.9,0,0
2023-07-10 12:45:00+05:30,43720.05,43777.35,43719.45,43777.35,0,0
2023-07-10 13:15:00+05:30,43779.35,43855.5,43779.0,43847.15,0,0
2023-07-10 13:45:00+05:30,43848.8,43858.85,43786.7,43810.25,0,0
2023-07-10 14:15:00+05:30,43809.85,43850.15,43777.8,43800.55,0,0
2023-07-10 14:45:00+05:30,43801.7,43836.25,43730.35,43778.05,0,0
2023-07-10 15:15:00+05:30,43777.6,43785.75,43735.8,43756.85,0,0
2023-07-11 09:15:00+05:30,43866.3,44064.25,43812.55,44061.75,0,0
2023-07-11 09:45:00+05:30,44063.1,44118.85,44048.3,44069.9,0,0
2023-07-11 10:15:00+05:30,44070.1,44132.55,44043.1,44108.5,0,0
2023-07-11 10:45:00+05:30,44109.4,44182.85,44109.4,44176.9,0,0
2023-07-11 11:15:00+05:30,44176.9,44199.45,44143.55,44171.95,0,0
2023-07-11 11:45:00+05:30,44169.6,44210.1,44166.25,44191.8,0,0
2023-07-11 12:15:00+05:30,44192.45,44201.7,44135.4,44142.4,0,0
2023-07-11 12:45:00+05:30,44142.95,44166.65,44111.35,44112.1,0,0
2023-07-11 13:15:00+05:30,44111.65,44124.55,44059.65,44063.1,0,0
2023-07-11 13:45:00+05:30,44063.85,44089.45,44006.7,44058.15,0,0
2023-07-11 14:15:00+05:30,44057.35,44097.1,44023.95,44058.4,0,0
2023-07-11 14:45:00+05:30,44057.75,44125.75,44051.05,44084.3,0,0
2023-07-11 15:15:00+05:30,44083.95,44120.2,44076.05,44108.65,0,0
2023-07-12 09:15:00+05:30,44186.4,44230.15,44069.2,44137.2,0,0
2023-07-12 09:45:00+05:30,44137.0,44145.1,44078.1,44114.2,0,0
2023-07-12 10:15:00+05:30,44114.15,44117.45,44005.85,44098.65,0,0
2023-07-12 10:45:00+05:30,44097.8,44131.2,44076.95,44079.3,0,0
2023-07-12 11:15:00+05:30,44081.35,44103.35,44006.25,44006.25,0,0
2023-07-12 11:45:00+05:30,44005.5,44015.05,43949.2,43990.85,0,0
2023-07-12 12:15:00+05:30,43989.6,44028.9,43960.6,44027.4,0,0
2023-07-12 12:45:00+05:30,44027.15,44072.25,44022.4,44063.05,0,0
2023-07-12 13:15:00+05:30,44062.35,44101.5,44052.1,44086.5,0,0
2023-07-12 13:45:00+05:30,44084.45,44139.05,44083.15,44110.2,0,0
2023-07-12 14:15:00+05:30,44109.5,44162.7,44098.6,44137.7,0,0
2023-07-12 14:45:00+05:30,44139.15,44231.05,44129.4,44198.75,0,0
2023-07-12 15:15:00+05:30,44199.7,44229.0,44142.65,44155.65,0,0
2023-07-13 09:15:00+05:30,44392.05,44427.15,44343.25,44395.75,0,0
2023-07-13 09:45:00+05:30,44395.35,44460.75,44383.45,44456.45,0,0
2023-07-13 10:15:00+05:30,44456.65,44460.85,44366.6,44369.05,0,0
2023-07-13 10:45:00+05:30,44369.55,44461.8,44366.25,44453.35,0,0
2023-07-13 11:15:00+05:30,44453.05,44473.2,44384.65,44397.1,0,0
2023-07-13 11:45:00+05:30,44399.35,44404.4,44338.5,44343.95,0,0
2023-07-13 12:15:00+05:30,44343.7,44360.35,44281.85,44295.2,0,0
2023-07-13 12:45:00+05:30,44293.0,44300.45,44227.1,44256.6,0,0
2023-07-13 13:15:00+05:30,44257.35,44263.4,44112.95,44115.5,0,0
2023-07-13 13:45:00+05:30,44113.5,44115.15,43781.05,43815.15,0,0
2023-07-13 14:15:00+05:30,43816.75,43962.3,43789.75,43846.0,0,0
2023-07-13 14:45:00+05:30,43845.2,43926.3,43821.35,43924.5,0,0
2023-07-13 15:15:00+05:30,43925.6,43984.5,43920.8,43982.15,0,0
2023-07-14 09:15:00+05:30,44113.75,44156.9,43976.75,44136.9,0,0
2023-07-14 09:45:00+05:30,44133.8,44158.45,43949.5,43991.65,0,0
2023-07-14 10:15:00+05:30,43991.3,44022.0,43927.4,43953.35,0,0
2023-07-14 10:45:00+05:30,43953.4,43979.45,43890.4,43966.9,0,0
2023-07-14 11:15:00+05:30,43965.95,44003.7,43958.1,43963.1,0,0
2023-07-14 11:45:00+05:30,43961.3,43998.2,43927.4,43991.05,0,0
2023-07-14 12:15:00+05:30,43991.1,43998.65,43941.45,43970.4,0,0
2023-07-14 12:45:00+05:30,43969.95,44018.4,43944.05,44015.55,0,0
2023-07-14 13:15:00+05:30,44014.3,44029.3,43982.05,44026.6,0,0
2023-07-14 13:45:00+05:30,44026.8,44101.3,44000.45,44097.3,0,0
2023-07-14 14:15:00+05:30,44098.2,44151.75,44093.35,44121.8,0,0
2023-07-14 14:45:00+05:30,44122.35,44264.05,44108.75,44253.1,0,0
2023-07-14 15:15:00+05:30,44251.75,44286.65,44243.75,44259.3,0,0
2023-07-17 09:15:00+05:30,44334.95,44426.6,44307.05,44417.2,0,0
2023-07-17 09:45:00+05:30,44415.55,44437.9,44368.5,44405.4,0,0
2023-07-17 10:15:00+05:30,44404.85,44407.4,44287.3,44300.55,0,0
2023-07-17 10:45:00+05:30,44301.85,44365.2,44295.75,44319.65,0,0
2023-07-17 11:15:00+05:30,44318.15,44348.15,44294.2,44331.25,0,0
2023-07-17 11:45:00+05:30,44330.15,44332.8,44258.4,44310.35,0,0
2023-07-17 12:15:00+05:30,44310.55,44316.4,44260.65,44296.4,0,0
2023-07-17 12:45:00+05:30,44297.25,44347.45,44286.9,44335.25,0,0
2023-07-17 13:15:00+05:30,44335.0,44361.0,44322.75,44358.35,0,0
2023-07-17 13:45:00+05:30,44357.65,44372.35,44322.8,44324.6,0,0
2023-07-17 14:15:00+05:30,44324.45,44381.35,44320.8,44379.05,0,0
2023-07-17 14:45:00+05:30,44377.35,44405.15,44346.55,44373.65,0,0
2023-07-17 15:15:00+05:30,44372.8,44383.8,44345.65,44358.35,0,0
2023-07-18 09:15:00+05:30,44506.9,44507.1,44343.7,44348.15,0,0
2023-07-18 09:45:00+05:30,44350.3,44417.6,44315.1,44401.3,0,0
2023-07-18 10:15:00+05:30,44400.4,44459.95,44385.75,44415.8,0,0
2023-07-18 10:45:00+05:30,44413.2,44450.5,44392.9,44392.9,0,0
2023-07-18 11:15:00+05:30,44393.3,44400.55,44161.8,44165.45,0,0
2023-07-18 11:45:00+05:30,44164.7,44201.75,44053.15,44082.0,0,0
2023-07-18 12:15:00+05:30,44081.55,44213.7,44074.0,44200.65,0,0
2023-07-18 12:45:00+05:30,44199.5,44208.1,44093.25,44157.7,0,0
2023-07-18 13:15:00+05:30,44160.85,44196.25,44109.1,44150.8,0,0
2023-07-18 13:45:00+05:30,44149.65,44216.2,44125.05,44155.45,0,0
2023-07-18 14:15:00+05:30,44157.9,44199.55,44072.35,44185.9,0,0
2023-07-18 14:45:00+05:30,44183.5,44213.45,44144.8,44181.0,0,0
2023-07-18 15:15:00+05:30,44182.3,44213.05,44167.8,44208.8,0,0
2023-07-19 09:15:00+05:30,44289.65,44388.25,44242.2,44372.8,0,0
2023-07-19 09:45:00+05:30,44370.85,44444.9,44370.85,44416.15,0,0
2023-07-19 10:15:00+05:30,44416.6,44431.75,44368.65,44370.1,0,0
2023-07-19 10:45:00+05:30,44371.35,44382.6,44321.65,44353.0,0,0
2023-07-19 11:15:00+05:30,44355.25,44377.05,44304.8,44363.35,0,0
2023-07-19 11:45:00+05:30,44363.0,44394.55,44336.8,44382.5,0,0
2023-07-19 12:15:00+05:30,44384.1,44423.05,44375.45,44397.55,0,0
2023-07-19 12:45:00+05:30,44397.3,44418.55,44373.35,44398.25,0,0
2023-07-19 13:15:00+05:30,44398.2,44421.4,44377.95,44405.25,0,0
2023-07-19 13:45:00+05:30,44403.9,44435.9,44384.55,44401.4,0,0
2023-07-19 14:15:00+05:30,44402.3,44412.65,44369.0,44388.4,0,0
2023-07-19 14:45:00+05:30,44388.45,44428.85,44377.55,44410.0,0,0
2023-07-19 15:15:00+05:30,44410.7,44436.2,44403.85,44427.05,0,0
2023-07-20 09:15:00+05:30,44489.65,44506.15,44361.3,44367.0,0,0
2023-07-20 09:45:00+05:30,44366.5,44391.45,44291.75,44303.15,0,0
2023-07-20 10:15:00+05:30,44303.15,44406.3,44303.15,44324.85,0,0
2023-07-20 10:45:00+05:30,44323.6,44323.6,44207.0,44234.55,0,0
2023-07-20 11:15:00+05:30,44234.45,44260.4,44166.45,44237.1,0,0
2023-07-20 11:45:00+05:30,44237.75,44332.95,44232.1,44326.75,0,0
2023-07-20 12:15:00+05:30,44325.6,44362.8,44294.95,44354.1,0,0
2023-07-20 12:45:00+05:30,44352.7,44366.7,44319.7,44334.85,0,0
2023-07-20 13:15:00+05:30,44334.9,44373.85,44285.8,44297.6,0,0
2023-07-20 13:45:00+05:30,44299.8,44346.0,44285.65,44340.8,0,0
2023-07-20 14:15:00+05:30,44339.7,44348.25,44283.2,44288.05,0,0
2023-07-20 14:45:00+05:30,44289.6,44369.2,44281.85,44353.15,0,0
2023-07-20 15:15:00+05:30,44353.35,44370.05,44333.85,44359.7,0,0
2023-07-21 09:15:00+05:30,44292.7,44329.5,44180.7,44235.6,0,0
2023-07-21 09:45:00+05:30,44236.5,44381.75,44228.35,44355.75,0,0
2023-07-21 10:15:00+05:30,44354.8,44392.35,44340.25,44369.85,0,0
2023-07-21 10:45:00+05:30,44372.05,44401.15,44340.65,44342.25,0,0
2023-07-21 11:15:00+05:30,44343.15,44388.75,44293.1,44387.4,0,0
2023-07-21 11:45:00+05:30,44387.0,44396.1,44320.65,44346.45,0,0
2023-07-21 12:15:00+05:30,44346.15,44356.15,44258.15,44284.05,0,0
2023-07-21 12:45:00+05:30,44284.45,44323.15,44276.75,44311.15,0,0
2023-07-21 13:15:00+05:30,44309.95,44327.75,44262.25,44275.2,0,0
2023-07-21 13:45:00+05:30,44277.4,44311.1,44221.65,44244.25,0,0
2023-07-21 14:15:00+05:30,44246.35,44252.45,44198.4,44205.65,0,0
2023-07-21 14:45:00+05:30,44204.6,44226.0,44139.8,44181.75,0,0
2023-07-21 15:15:00+05:30,44181.8,44214.3,44181.05,44196.3,0,0
2023-07-24 09:15:00+05:30,44256.65,44267.85,44125.3,44202.85,0,0
2023-07-24 09:45:00+05:30,44198.7,44269.75,44198.5,44255.2,0,0
2023-07-24 10:15:00+05:30,44257.45,44314.0,44254.0,44291.0,0,0
2023-07-24 10:45:00+05:30,44289.7,44314.4,44256.7,44277.6,0,0
2023-07-24 11:15:00+05:30,44277.35,44303.05,44185.9,44186.2,0,0
2023-07-24 11:45:00+05:30,44187.85,44190.45,44113.15,44183.8,0,0
2023-07-24 12:15:00+05:30,44187.25,44253.9,44183.5,44247.55,0,0
2023-07-24 12:45:00+05:30,44246.65,44306.85,44242.55,44302.8,0,0
2023-07-24 13:15:00+05:30,44304.05,44304.05,44238.65,44271.25,0,0
2023-07-24 13:45:00+05:30,44271.45,44345.2,44241.65,44289.65,0,0
2023-07-24 14:15:00+05:30,44292.85,44314.15,44244.95,44285.5,0,0
2023-07-24 14:45:00+05:30,44287.75,44290.25,44179.45,44181.1,0,0
2023-07-24 15:15:00+05:30,44179.8,44183.85,44142.75,44178.7,0,0
2023-07-25 09:15:00+05:30,44253.25,44361.35,44212.2,44307.05,0,0
2023-07-25 09:45:00+05:30,44306.65,44314.55,44251.2,44278.5,0,0
2023-07-25 10:15:00+05:30,44279.55,44297.5,44244.65,44267.45,0,0
2023-07-25 10:45:00+05:30,44267.05,44292.55,44235.35,44243.0,0,0
2023-07-25 11:15:00+05:30,44243.8,44293.75,44224.8,44271.5,0,0
2023-07-25 11:45:00+05:30,44271.35,44275.3,44247.05,44271.4,0,0
2023-07-25 12:15:00+05:30,44270.3,44328.55,44253.3,44297.5,0,0
2023-07-25 12:45:00+05:30,44298.6,44322.2,44232.45,44233.65,0,0
2023-07-25 13:15:00+05:30,44233.0,44236.95,44118.0,44197.75,0,0
2023-07-25 13:45:00+05:30,44199.55,44267.65,44152.9,44259.3,0,0
2023-07-25 14:15:00+05:30,44259.05,44348.7,44255.8,44345.85,0,0
2023-07-25 14:45:00+05:30,44346.3,44426.85,44321.95,44420.35,0,0
2023-07-25 15:15:00+05:30,44421.6,44432.25,44400.45,44423.05,0,0
2023-07-26 09:15:00+05:30,44579.65,44579.65,44446.4,44537.1,0,0
2023-07-26 09:45:00+05:30,44536.6,44582.55,44536.35,44564.3,0,0
2023-07-26 10:15:00+05:30,44564.9,44585.2,44539.4,44570.1,0,0
2023-07-26 10:45:00+05:30,44572.25,44611.7,44563.15,44592.65,0,0
2023-07-26 11:15:00+05:30,44592.7,44600.35,44525.95,44542.4,0,0
2023-07-26 11:45:00+05:30,44540.55,44619.65,44533.1,44600.2,0,0
2023-07-26 12:15:00+05:30,44601.25,44609.7,44538.45,44550.15,0,0
2023-07-26 12:45:00+05:30,44546.75,44559.3,44525.5,44534.3,0,0
2023-07-26 13:15:00+05:30,44535.15,44579.0,44533.45,44570.85,0,0
2023-07-26 13:45:00+05:30,44571.4,44580.0,44533.0,44559.4,0,0
2023-07-26 14:15:00+05:30,44559.25,44622.0,44551.75,44576.6,0,0
2023-07-26 14:45:00+05:30,44574.95,44588.3,44515.45,44580.1,0,0
2023-07-26 15:15:00+05:30,44583.25,44587.6,44555.35,44566.45,0,0
2023-07-27 09:15:00+05:30,44682.3,44817.1,44641.3,44800.55,0,0
2023-07-27 09:45:00+05:30,44799.9,44824.0,44694.5,44714.35,0,0
2023-07-27 10:15:00+05:30,44713.6,44761.9,44691.55,44746.9,0,0
2023-07-27 10:45:00+05:30,44747.1,44755.65,44688.95,44717.05,0,0
2023-07-27 11:15:00+05:30,44717.1,44718.85,44644.4,44679.4,0,0
2023-07-27 11:45:00+05:30,44679.3,44692.15,44642.8,44648.85,0,0
2023-07-27 12:15:00+05:30,44649.15,44703.0,44640.65,44695.65,0,0
2023-07-27 12:45:00+05:30,44695.55,44745.05,44679.1,44734.2,0,0
2023-07-27 13:15:00+05:30,44734.55,44757.35,44667.5,44689.85,0,0
2023-07-27 13:45:00+05:30,44691.2,44729.1,44672.0,44695.75,0,0
2023-07-27 14:15:00+05:30,44698.85,44707.75,44543.3,44562.45,0,0
2023-07-27 14:45:00+05:30,44560.5,44714.4,44551.8,44708.4,0,0
2023-07-27 15:15:00+05:30,44703.05,44784.05,44673.85,44757.35,0,0
2023-07-28 09:15:00+05:30,44858.35,44865.0,44732.5,44812.45,0,0
2023-07-28 09:45:00+05:30,44812.2,44896.15,44791.55,44862.1,0,0
2023-07-28 10:15:00+05:30,44864.9,44960.55,44848.95,44934.35,0,0
2023-07-28 10:45:00+05:30,44936.3,44982.0,44881.6,44892.65,0,0
2023-07-28 11:15:00+05:30,44892.0,44918.9,44841.05,44897.8,0,0
2023-07-28 11:45:00+05:30,44897.8,44979.35,44893.3,44949.05,0,0
2023-07-28 12:15:00+05:30,44951.05,45025.75,44944.15,45018.15,0,0
2023-07-28 12:45:00+05:30,45018.65,45067.0,44985.45,45054.65,0,0
2023-07-28 13:15:00+05:30,45054.3,45064.25,44986.9,44990.85,0,0
2023-07-28 13:45:00+05:30,44987.85,45081.2,44984.6,45055.25,0,0
2023-07-28 14:15:00+05:30,45053.65,45073.75,45001.1,45029.35,0,0
2023-07-28 14:45:00+05:30,45031.05,45178.6,45028.6,45167.8,0,0
2023-07-28 15:15:00+05:30,45168.0,45187.95,45127.55,45148.2,0,0
2023-07-31 09:15:00+05:30,45156.0,45300.5,45151.7,45255.1,0,0
2023-07-31 09:45:00+05:30,45255.6,45315.35,45227.9,45312.1,0,0
2023-07-31 10:15:00+05:30,45312.15,45333.65,45283.8,45292.75,0,0
2023-07-31 10:45:00+05:30,45292.35,45360.4,45289.25,45326.45,0,0
2023-07-31 11:15:00+05:30,45325.3,45333.65,45284.95,45319.2,0,0
2023-07-31 11:45:00+05:30,45318.5,45368.45,45311.8,45361.3,0,0
2023-07-31 12:15:00+05:30,45360.8,45362.1,45259.8,45269.8,0,0
2023-07-31 12:45:00+05:30,45269.15,45317.25,45261.5,45292.25,0,0
2023-07-31 13:15:00+05:30,45290.35,45297.65,45241.15,45263.75,0,0
2023-07-31 13:45:00+05:30,45265.25,45273.15,45199.8,45232.55,0,0
2023-07-31 14:15:00+05:30,45230.65,45279.1,45230.65,45278.45,0,0
2023-07-31 14:45:00+05:30,45280.65,45330.45,45201.75,45310.6,0,0
2023-07-31 15:15:00+05:30,45309.3,45326.35,45256.35,45292.7,0,0
2023-08-01 09:15:00+05:30,45393.55,45408.55,45282.7,45353.0,0,0
2023-08-01 09:45:00+05:30,45351.85,45404.45,45333.15,45333.15,0,0
2023-08-01 10:15:00+05:30,45333.95,45354.6,45176.6,45205.45,0,0
2023-08-01 10:45:00+05:30,45204.3,45245.65,45170.6,45231.8,0,0
2023-08-01 11:15:00+05:30,45228.4,45266.5,45222.95,45265.0,0,0
2023-08-01 11:45:00+05:30,45262.85,45289.4,45237.05,45262.75,0,0
2023-08-01 12:15:00+05:30,45263.95,45265.35,45182.75,45193.25,0,0
2023-08-01 12:45:00+05:30,45191.4,45241.8,45182.5,45224.95,0,0
2023-08-01 13:15:00+05:30,45224.45,45268.65,45201.9,45206.8,0,0
2023-08-01 13:45:00+05:30,45203.9,45251.95,45182.3,45234.05,0,0
2023-08-01 14:15:00+05:30,45235.6,45283.65,45226.25,45259.6,0,0
2023-08-01 14:45:00+05:30,45258.25,45276.75,45216.65,45257.95,0,0
2023-08-01 15:15:00+05:30,45258.35,45289.8,45254.65,45274.6,0,0
2023-08-02 09:15:00+05:30,45219.6,45242.35,44981.45,45033.2,0,0
2023-08-02 09:45:00+05:30,45032.7,45096.85,45022.75,45022.75,0,0
2023-08-02 10:15:00+05:30,45023.1,45031.9,44891.6,44912.4,0,0
2023-08-02 10:45:00+05:30,44911.4,44911.4,44743.25,44819.55,0,0
2023-08-02 11:15:00+05:30,44821.7,44892.4,44732.6,44773.0,0,0
2023-08-02 11:45:00+05:30,44769.95,44820.2,44750.85,44784.45,0,0
2023-08-02 12:15:00+05:30,44785.05,44786.0,44720.15,44774.5,0,0
2023-08-02 12:45:00+05:30,44774.8,44794.0,44626.4,44660.45,0,0
2023-08-02 13:15:00+05:30,44660.35,44660.35,44439.3,44439.6,0,0
2023-08-02 13:45:00+05:30,44441.65,44501.5,44337.05,44338.35,0,0
2023-08-02 14:15:00+05:30,44338.85,44441.75,44318.25,44410.15,0,0
2023-08-02 14:45:00+05:30,44408.6,44671.15,44399.1,44666.5,0,0
2023-08-02 15:15:00+05:30,44663.85,44680.9,44628.85,44647.7,0,0
2023-08-03 09:15:00+05:30,44588.35,44621.1,44334.45,44346.0,0,0
2023-08-03 09:45:00+05:30,44346.45,44507.3,44323.5,44449.5,0,0
2023-08-03 10:15:00+05:30,44448.7,44494.8,44405.7,44488.0,0,0
2023-08-03 10:45:00+05:30,44485.35,44620.1,44457.25,44562.0,0,0
2023-08-03 11:15:00+05:30,44562.35,44600.5,44543.9,44598.9,0,0
2023-08-03 11:45:00+05:30,44598.05,44598.05,44450.6,44454.3,0,0
2023-08-03 12:15:00+05:30,44456.55,44458.45,44319.05,44333.7,0,0
2023-08-03 12:45:00+05:30,44331.7,44334.0,44191.6,44226.15,0,0
2023-08-03 13:15:00+05:30,44223.85,44270.4,44205.8,44226.1,0,0
2023-08-03 13:45:00+05:30,44223.9,44233.25,44151.45,44190.15,0,0
2023-08-03 14:15:00+05:30,44189.3,44388.85,44182.8,44310.6,0,0
2023-08-03 14:45:00+05:30,44309.75,44414.0,44277.4,44414.0,0,0
2023-08-03 15:15:00+05:30,44414.5,44438.7,44401.0,44423.85,0,0
2023-08-04 09:15:00+05:30,44637.1,44913.9,44637.1,44705.95,0,0
2023-08-04 09:45:00+05:30,44704.0,44779.1,44697.45,44724.2,0,0
2023-08-04 10:15:00+05:30,44722.8,44736.9,44669.7,44707.15,0,0
2023-08-04 10:45:00+05:30,44705.3,44767.25,44650.6,44733.5,0,0
2023-08-04 11:15:00+05:30,44734.55,44811.3,44725.8,44799.8,0,0
2023-08-04 11:45:00+05:30,44800.6,44829.0,44769.0,44801.5,0,0
2023-08-04 12:15:00+05:30,44801.7,44851.2,44772.5,44788.8,0,0
2023-08-04 12:45:00+05:30,44788.0,44859.0,44781.2,44783.2,0,0
2023-08-04 13:15:00+05:30,44782.35,44800.8,44669.8,44751.15,0,0
2023-08-04 13:45:00+05:30,44751.0,44755.05,44657.05,44722.5,0,0
2023-08-04 14:15:00+05:30,44720.8,44836.15,44720.8,44801.35,0,0
2023-08-04 14:45:00+05:30,44799.4,44836.2,44764.2,44769.6,0,0
2023-08-04 15:15:00+05:30,44773.15,44786.05,44699.45,44699.45,0,0
2023-08-07 09:15:00+05:30,44908.0,44922.55,44701.85,44781.85,0,0
2023-08-07 09:45:00+05:30,44783.4,44841.8,44765.55,44821.8,0,0
2023-08-07 10:15:00+05:30,44820.9,44930.95,44820.9,44901.0,0,0
2023-08-07 10:45:00+05:30,44900.6,44902.45,44754.75,44780.1,0,0
2023-08-07 11:15:00+05:30,44778.3,44798.1,44698.45,44749.95,0,0
2023-08-07 11:45:00+05:30,44753.15,44790.85,44740.2,44781.25,0,0
2023-08-07 12:15:00+05:30,44780.7,44842.6,44767.1,44836.5,0,0
2023-08-07 12:45:00+05:30,44837.05,44904.8,44831.75,44881.75,0,0
2023-08-07 13:15:00+05:30,44880.25,44903.1,44861.05,44881.7,0,0
2023-08-07 13:45:00+05:30,44880.65,44891.0,44841.75,44845.1,0,0
2023-08-07 14:15:00+05:30,44844.65,44858.35,44802.35,44822.75,0,0
2023-08-07 14:45:00+05:30,44820.45,44867.2,44815.35,44821.7,0,0
2023-08-07 15:15:00+05:30,44824.35,44837.3,44793.6,44821.55,0,0
2023-08-08 09:15:00+05:30,44953.9,44989.65,44868.75,44946.7,0,0
2023-08-08 09:45:00+05:30,44947.95,44958.2,44889.7,44908.2,0,0
2023-08-08 10:15:00+05:30,44906.35,44921.85,44877.6,44898.8,0,0
2023-08-08 10:45:00+05:30,44898.2,44899.1,44694.0,44694.0,0,0
2023-08-08 11:15:00+05:30,44695.05,44695.05,44548.1,44621.05,0,0
2023-08-08 11:45:00+05:30,44621.3,44725.75,44609.5,44707.7,0,0
2023-08-08 12:15:00+05:30,44709.3,44717.65,44678.85,44688.15,0,0
2023-08-08 12:45:00+05:30,44685.2,44773.75,44677.85,44770.4,0,0
2023-08-08 13:15:00+05:30,44768.2,44779.8,44701.7,44707.8,0,0
2023-08-08 13:45:00+05:30,44706.25,44787.1,44703.2,44768.25,0,0
2023-08-08 14:15:00+05:30,44767.9,44850.35,44757.95,44763.8,0,0
2023-08-08 14:45:00+05:30,44763.95,44890.8,44751.4,44829.5,0,0
2023-08-08 15:15:00+05:30,44832.25,44848.3,44817.45,44832.85,0,0
2023-08-09 09:15:00+05:30,44950.8,44951.05,44736.05,44764.4,0,0
2023-08-09 09:45:00+05:30,44765.3,44829.1,44729.5,44806.3,0,0
2023-08-09 10:15:00+05:30,44805.1,44811.7,44730.7,44790.2,0,0
2023-08-09 10:45:00+05:30,44791.45,44806.35,44765.1,44776.3,0,0
2023-08-09 11:15:00+05:30,44777.25,44831.3,44757.5,44830.35,0,0
2023-08-09 11:45:00+05:30,44829.65,44855.4,44812.2,44824.0,0,0
2023-08-09 12:15:00+05:30,44821.85,44826.45,44778.85,44781.5,0,0
2023-08-09 12:45:00+05:30,44782.6,44809.9,44774.5,44804.85,0,0
2023-08-09 13:15:00+05:30,44803.85,44813.6,44781.4,44805.75,0,0
2023-08-09 13:45:00+05:30,44805.9,44855.8,44794.25,44845.05,0,0
2023-08-09 14:15:00+05:30,44847.0,44916.05,44829.7,44913.0,0,0
2023-08-09 14:45:00+05:30,44911.3,44983.05,44902.7,44950.65,0,0
2023-08-09 15:15:00+05:30,44951.85,44957.25,44915.45,44915.45,0,0
2023-08-10 09:15:00+05:30,45009.5,45009.5,44891.6,44914.45,0,0
2023-08-10 09:45:00+05:30,44914.05,44969.4,44852.5,44966.4,0,0
2023-08-10 10:15:00+05:30,44966.7,44977.25,44747.25,44768.65,0,0
2023-08-10 10:45:00+05:30,44767.55,44855.8,44755.7,44813.35,0,0
2023-08-10 11:15:00+05:30,44812.65,44847.0,44803.95,44839.75,0,0
2023-08-10 11:45:00+05:30,44840.8,44861.8,44765.3,44767.2,0,0
2023-08-10 12:15:00+05:30,44766.3,44805.85,44758.8,44794.35,0,0
2023-08-10 12:45:00+05:30,44795.1,44821.1,44762.65,44770.8,0,0
2023-08-10 13:15:00+05:30,44772.3,44805.95,44690.15,44699.0,0,0
2023-08-10 13:45:00+05:30,44699.4,44705.5,44578.0,44642.6,0,0
2023-08-10 14:15:00+05:30,44642.0,44714.65,44631.95,44681.7,0,0
2023-08-10 14:45:00+05:30,44682.9,44714.75,44639.85,44696.75,0,0
2023-08-10 15:15:00+05:30,44697.7,44730.2,44639.8,44721.2,0,0
2023-08-11 09:15:00+05:30,44824.25,44824.25,44610.9,44761.65,0,0
2023-08-11 09:45:00+05:30,44763.95,44782.95,44710.4,44722.2,0,0
2023-08-11 10:15:00+05:30,44724.4,44812.5,44710.55,44810.55,0,0
2023-08-11 10:45:00+05:30,44809.75,44819.25,44740.15,44808.5,0,0
2023-08-11 11:15:00+05:30,44807.45,44858.55,44780.0,44790.25,0,0
2023-08-11 11:45:00+05:30,44791.0,44845.9,44788.3,44809.35,0,0
2023-08-11 12:15:00+05:30,44811.95,44811.95,44745.0,44774.55,0,0
2023-08-11 12:45:00+05:30,44774.25,44788.55,44725.45,44763.0,0,0
2023-08-11 13:15:00+05:30,44764.75,44774.25,44725.0,44745.35,0,0
2023-08-11 13:45:00+05:30,44746.6,44749.65,44682.5,44692.3,0,0
2023-08-11 14:15:00+05:30,44692.1,44717.9,44623.85,44633.3,0,0
2023-08-11 14:45:00+05:30,44634.75,44689.3,44553.4,44554.5,0,0
2023-08-11 15:15:00+05:30,44555.05,44575.6,44510.75,44532.75,0,0
2023-08-14 09:15:00+05:30,44460.55,44460.55,43602.35,43864.55,0,0
2023-08-14 09:45:00+05:30,43868.05,43952.95,43823.75,43952.95,0,0
2023-08-14 10:15:00+05:30,43954.85,43991.55,43862.2,43891.7,0,0
2023-08-14 10:45:00+05:30,43892.0,43911.9,43843.75,43908.0,0,0
2023-08-14 11:15:00+05:30,43906.75,43986.95,43898.65,43980.05,0,0
2023-08-14 11:45:00+05:30,43978.05,44006.5,43962.85,44000.5,0,0
2023-08-14 12:15:00+05:30,43999.85,44010.3,43951.15,43959.65,0,0
2023-08-14 12:45:00+05:30,43958.95,43961.55,43892.75,43935.6,0,0
2023-08-14 13:15:00+05:30,43933.8,44000.75,43930.7,43993.15,0,0
2023-08-14 13:45:00+05:30,43992.7,44040.0,43987.6,44036.7,0,0
2023-08-14 14:15:00+05:30,44038.25,44070.55,43991.85,44057.45,0,0
2023-08-14 14:45:00+05:30,44059.55,44108.85,43981.6,43990.8,0,0
2023-08-14 15:15:00+05:30,43987.55,44000.95,43953.75,43972.2,0,0
2023-08-16 09:15:00+05:30,43889.2,43899.1,43667.9,43858.8,0,0
2023-08-16 09:45:00+05:30,43860.6,43911.15,43851.35,43890.05,0,0
2023-08-16 10:15:00+05:30,43888.6,43938.4,43885.55,43910.85,0,0
2023-08-16 10:45:00+05:30,43911.35,43927.05,43823.9,43824.35,0,0
2023-08-16 11:15:00+05:30,43823.65,43864.35,43800.15,43804.55,0,0
2023-08-16 11:45:00+05:30,43803.0,43889.6,43803.0,43881.3,0,0
2023-08-16 12:15:00+05:30,43879.5,43887.85,43844.7,43879.1,0,0
2023-08-16 12:45:00+05:30,43878.4,43922.15,43872.55,43915.5,0,0
2023-08-16 13:15:00+05:30,43917.5,43938.7,43877.0,43881.2,0,0
2023-08-16 13:45:00+05:30,43880.2,43910.55,43871.55,43895.65,0,0
2023-08-16 14:15:00+05:30,43896.1,43948.75,43877.35,43938.9,0,0
2023-08-16 14:45:00+05:30,43940.95,44045.05,43920.8,43982.85,0,0
2023-08-16 15:15:00+05:30,43983.45,44029.4,43977.95,43991.75,0,0
2023-08-17 09:15:00+05:30,44075.6,44127.2,44008.1,44097.0,0,0
2023-08-17 09:45:00+05:30,44097.05,44110.85,44060.1,44073.1,0,0
2023-08-17 10:15:00+05:30,44072.55,44105.75,44059.4,44063.75,0,0
2023-08-17 10:45:00+05:30,44063.25,44063.85,44024.7,44034.3,0,0
2023-08-17 11:15:00+05:30,44033.05,44036.05,43902.1,43969.95,0,0
2023-08-17 11:45:00+05:30,43970.05,43980.8,43930.0,43938.45,0,0
2023-08-17 12:15:00+05:30,43938.65,44009.7,43938.65,43970.75,0,0
2023-08-17 12:45:00+05:30,43969.3,43973.55,43929.35,43939.8,0,0
2023-08-17 13:15:00+05:30,43940.35,43988.05,43931.15,43984.9,0,0
2023-08-17 13:45:00+05:30,43984.35,44004.6,43955.7,43995.65,0,0
2023-08-17 14:15:00+05:30,43995.65,44013.2,43950.7,43998.2,0,0
2023-08-17 14:45:00+05:30,43996.9,44002.9,43890.95,43894.95,0,0
2023-08-17 15:15:00+05:30,43893.8,43897.45,43841.8,43861.15,0,0
2023-08-18 09:15:00+05:30,43855.6,43883.1,43731.3,43740.4,0,0
2023-08-18 09:45:00+05:30,43741.4,43837.55,43629.65,43644.3,0,0
2023-08-18 10:15:00+05:30,43644.0,43708.85,43638.8,43641.45,0,0
2023-08-18 10:45:00+05:30,43641.2,43711.6,43618.1,43698.45,0,0
2023-08-18 11:15:00+05:30,43698.4,43795.15,43684.65,43787.7,0,0
2023-08-18 11:45:00+05:30,43788.25,43835.4,43749.85,43751.0,0,0
2023-08-18 12:15:00+05:30,43748.35,43764.6,43657.25,43723.85,0,0
2023-08-18 12:45:00+05:30,43722.95,43731.85,43622.9,43637.6,0,0
2023-08-18 13:15:00+05:30,43637.0,43705.75,43635.4,43691.8,0,0
2023-08-18 13:45:00+05:30,43694.6,43798.75,43684.05,43798.75,0,0
2023-08-18 14:15:00+05:30,43797.7,43824.6,43773.55,43801.25,0,0
2023-08-18 14:45:00+05:30,43800.7,43811.9,43685.05,43687.6,0,0
2023-08-18 15:15:00+05:30,43691.0,43698.35,43616.1,43641.25,0,0
2023-08-21 09:15:00+05:30,43756.35,43900.9,43698.25,43899.35,0,0
2023-08-21 09:45:00+05:30,43897.65,43941.25,43780.25,43793.25,0,0
2023-08-21 10:15:00+05:30,43794.25,43886.55,43782.35,43860.0,0,0
2023-08-21 10:45:00+05:30,43860.55,43870.3,43828.8,43867.75,0,0
2023-08-21 11:15:00+05:30,43869.5,43897.3,43850.7,43870.2,0,0
2023-08-21 11:45:00+05:30,43870.5,43920.45,43869.4,43897.4,0,0
2023-08-21 12:15:00+05:30,43897.6,43949.7,43894.8,43934.75,0,0
2023-08-21 12:45:00+05:30,43935.7,43959.3,43918.35,43952.95,0,0
2023-08-21 13:15:00+05:30,43953.0,43966.9,43914.55,43932.55,0,0
2023-08-21 13:45:00+05:30,43933.1,43968.25,43924.45,43932.0,0,0
2023-08-21 14:15:00+05:30,43932.1,44006.85,43925.3,44004.9,0,0
2023-08-21 14:45:00+05:30,44004.55,44064.6,43998.8,44032.65,0,0
2023-08-21 15:15:00+05:30,44036.35,44055.95,44010.45,44052.0,0,0
2023-08-22 09:15:00+05:30,44176.3,44301.05,44147.0,44285.15,0,0
2023-08-22 09:45:00+05:30,44284.4,44288.2,44193.3,44249.15,0,0
2023-08-22 10:15:00+05:30,44248.5,44299.0,44247.8,44271.7,0,0
2023-08-22 10:45:00+05:30,44273.1,44307.25,44243.95,44289.85,0,0
2023-08-22 11:15:00+05:30,44289.0,44334.35,44277.4,44326.8,0,0
2023-08-22 11:45:00+05:30,44327.6,44354.1,44304.3,44317.45,0,0
2023-08-22 12:15:00+05:30,44317.7,44321.75,44249.75,44271.25,0,0
2023-08-22 12:45:00+05:30,44272.2,44308.0,44263.35,44298.25,0,0
2023-08-22 13:15:00+05:30,44296.85,44328.9,44292.9,44315.7,0,0
2023-08-22 13:45:00+05:30,44315.3,44334.0,44296.6,44328.4,0,0
2023-08-22 14:15:00+05:30,44326.3,44359.7,44308.55,44328.5,0,0
2023-08-22 14:45:00+05:30,44327.8,44341.45,44264.65,44311.3,0,0
2023-08-22 15:15:00+05:30,44311.5,44339.0,44307.65,44321.2,0,0
2023-08-23 09:15:00+05:30,44466.0,44555.95,44427.3,44492.55,0,0
2023-08-23 09:45:00+05:30,44492.0,44530.7,44383.8,44443.3,0,0
2023-08-23 10:15:00+05:30,44442.7,44462.9,44390.45,44400.95,0,0
2023-08-23 10:45:00+05:30,44400.95,44415.3,44369.55,44386.3,0,0
2023-08-23 11:15:00+05:30,44385.75,44458.85,44382.35,44453.0,0,0
2023-08-23 11:45:00+05:30,44453.1,44493.4,44433.0,44455.7,0,0
2023-08-23 12:15:00+05:30,44456.65,44491.6,44451.9,44482.05,0,0
2023-08-23 12:45:00+05:30,44482.05,44495.5,44458.95,44461.2,0,0
2023-08-23 13:15:00+05:30,44461.05,44501.85,44440.65,44497.05,0,0
2023-08-23 13:45:00+05:30,44496.5,44525.8,44475.15,44513.8,0,0
2023-08-23 14:15:00+05:30,44514.9,44523.0,44471.1,44501.7,0,0
2023-08-23 14:45:00+05:30,44502.25,44514.4,44318.75,44325.05,0,0
2023-08-23 15:15:00+05:30,44325.2,44366.25,44317.45,44362.75,0,0
2023-08-24 09:15:00+05:30,44626.9,44700.0,44603.55,44684.85,0,0
2023-08-24 09:45:00+05:30,44683.95,44692.4,44643.7,44683.1,0,0
2023-08-24 10:15:00+05:30,44682.05,44728.35,44669.95,44701.0,0,0
2023-08-24 10:45:00+05:30,44698.8,44730.45,44647.25,44667.15,0,0
2023-08-24 11:15:00+05:30,44667.3,44667.3,44602.9,44664.3,0,0
2023-08-24 11:45:00+05:30,44663.55,44682.05,44592.05,44633.45,0,0
2023-08-24 12:15:00+05:30,44631.6,44686.75,44618.65,44677.75,0,0
2023-08-24 12:45:00+05:30,44676.95,44683.25,44628.5,44647.95,0,0
2023-08-24 13:15:00+05:30,44646.15,44671.5,44594.75,44624.55,0,0
2023-08-24 13:45:00+05:30,44623.0,44669.05,44621.8,44668.9,0,0
2023-08-24 14:15:00+05:30,44666.35,44667.8,44573.55,44588.25,0,0
2023-08-24 14:45:00+05:30,44588.6,44588.6,44513.1,44516.9,0,0
2023-08-24 15:15:00+05:30,44516.3,44519.65,44464.75,44485.6,0,0
2023-08-25 09:15:00+05:30,44431.0,44531.2,44310.8,44472.35,0,0
2023-08-25 09:45:00+05:30,44470.7,44477.25,44367.0,44378.0,0,0
2023-08-25 10:15:00+05:30,44378.45,44378.45,44086.05,44143.55,0,0
2023-08-25 10:45:00+05:30,44142.75,44177.0,44094.15,44142.25,0,0
2023-08-25 11:15:00+05:30,44140.95,44251.3,44100.55,44249.65,0,0
2023-08-25 11:45:00+05:30,44250.0,44270.35,44127.5,44133.0,0,0
2023-08-25 12:15:00+05:30,44132.15,44146.55,44105.95,44133.45,0,0
2023-08-25 12:45:00+05:30,44133.75,44174.7,44117.45,44127.2,0,0
2023-08-25 13:15:00+05:30,44124.2,44190.25,44120.8,44189.85,0,0
2023-08-25 13:45:00+05:30,44190.2,44228.25,44153.1,44158.6,0,0
2023-08-25 14:15:00+05:30,44158.4,44172.05,44112.75,44133.65,0,0
2023-08-25 14:45:00+05:30,44134.35,44196.35,44098.05,44098.4,0,0
2023-08-25 15:15:00+05:30,44099.35,44099.6,44010.35,44036.6,0,0
2023-08-28 09:15:00+05:30,44276.85,44333.85,44122.9,44258.1,0,0
2023-08-28 09:45:00+05:30,44256.2,44320.15,44211.45,44253.8,0,0
2023-08-28 10:15:00+05:30,44253.5,44287.9,44245.65,44251.0,0,0
2023-08-28 10:45:00+05:30,44249.9,44282.1,44241.9,44267.0,0,0
2023-08-28 11:15:00+05:30,44267.85,44297.55,44256.45,44272.75,0,0
2023-08-28 11:45:00+05:30,44273.0,44277.15,44235.85,44248.7,0,0
2023-08-28 12:15:00+05:30,44251.4,44327.5,44238.55,44319.3,0,0
2023-08-28 12:45:00+05:30,44319.2,44322.0,44285.9,44303.0,0,0
2023-08-28 13:15:00+05:30,44300.6,44376.5,44299.1,44357.8,0,0
2023-08-28 13:45:00+05:30,44357.95,44400.4,44329.7,44362.1,0,0
2023-08-28 14:15:00+05:30,44361.65,44390.5,44297.15,44382.15,0,0
2023-08-28 14:45:00+05:30,44381.15,44400.5,44313.95,44328.8,0,0
2023-08-28 15:15:00+05:30,44328.7,44347.95,44292.1,44302.15,0,0
2023-08-29 09:15:00+05:30,44460.6,44528.1,44411.7,44525.75,0,0
2023-08-29 09:45:00+05:30,44524.85,44550.45,44489.75,44548.95,0,0
2023-08-29 10:15:00+05:30,44547.8,44551.1,44470.7,44519.3,0,0
2023-08-29 10:45:00+05:30,44519.4,44566.25,44508.1,44548.6,0,0
2023-08-29 11:15:00+05:30,44548.8,44569.2,44521.4,44541.5,0,0
2023-08-29 11:45:00+05:30,44543.0,44557.5,44505.0,44557.5,0,0
2023-08-29 12:15:00+05:30,44557.4,44585.6,44540.1,44560.05,0,0
2023-08-29 12:45:00+05:30,44559.75,44577.1,44545.9,44546.3,0,0
2023-08-29 13:15:00+05:30,44547.15,44559.55,44515.2,44553.7,0,0
2023-08-29 13:45:00+05:30,44554.05,44584.9,44537.35,44574.8,0,0
2023-08-29 14:15:00+05:30,44573.65,44617.95,44536.85,44607.05,0,0
2023-08-29 14:45:00+05:30,44606.7,44628.45,44566.3,44592.5,0,0
2023-08-29 15:15:00+05:30,44592.05,44598.7,44564.6,44598.7,0,0
2023-08-30 09:15:00+05:30,44798.4,44812.05,44737.7,44785.9,0,0
2023-08-30 09:45:00+05:30,44789.85,44820.55,44777.55,44817.4,0,0
2023-08-30 10:15:00+05:30,44818.0,44827.3,44777.6,44813.15,0,0
2023-08-30 10:45:00+05:30,44812.9,44824.15,44792.85,44802.3,0,0
2023-08-30 11:15:00+05:30,44801.55,44816.1,44787.75,44805.75,0,0
2023-08-30 11:45:00+05:30,44804.9,44865.75,44798.35,44858.8,0,0
2023-08-30 12:15:00+05:30,44858.75,44877.9,44852.05,44856.4,0,0
2023-08-30 12:45:00+05:30,44856.8,44875.05,44847.95,44875.05,0,0
2023-08-30 13:15:00+05:30,44874.0,44905.85,44872.15,44884.4,0,0
2023-08-30 13:45:00+05:30,44885.05,44891.0,44817.9,44820.85,0,0
2023-08-30 14:15:00+05:30,44821.1,44826.45,44778.05,44798.95,0,0
2023-08-30 14:45:00+05:30,44799.6,44803.65,44747.15,44747.15,0,0
2023-08-30 15:15:00+05:30,44747.3,44754.75,44712.5,44735.1,0,0
2023-08-31 09:15:00+05:30,44785.65,44797.15,44584.3,44658.1,0,0
2023-08-31 09:45:00+05:30,44661.15,44666.45,44529.85,44551.15,0,0
2023-08-31 10:15:00+05:30,44550.45,44584.15,44473.2,44485.15,0,0
2023-08-31 10:45:00+05:30,44485.25,44516.3,44475.9,44514.05,0,0
2023-08-31 11:15:00+05:30,44511.75,44591.5,44508.6,44589.65,0,0
2023-08-31 11:45:00+05:30,44589.6,44615.35,44577.5,44599.6,0,0
2023-08-31 12:15:00+05:30,44599.2,44620.1,44583.95,44603.65,0,0
2023-08-31 12:45:00+05:30,44605.75,44648.4,44572.05,44572.05,0,0
2023-08-31 13:15:00+05:30,44572.9,44642.35,44554.85,44636.15,0,0
2023-08-31 13:45:00+05:30,44634.35,44636.4,44570.35,44572.45,0,0
2023-08-31 14:15:00+05:30,44572.65,44576.1,44462.2,44467.3,0,0
2023-08-31 14:45:00+05:30,44468.25,44478.25,44375.35,44454.75,0,0
2023-08-31 15:15:00+05:30,44454.85,44469.1,44389.2,44441.4,0,0
2023-09-01 09:15:00+05:30,44493.7,44586.3,44411.3,44560.35,0,0
2023-09-01 09:45:00+05:30,44562.75,44595.7,44525.0,44579.65,0,0
2023-09-01 10:15:00+05:30,44574.55,44623.65,44561.15,44574.1,0,0
2023-09-01 10:45:00+05:30,44574.4,44648.15,44565.4,44628.0,0,0
2023-09-01 11:15:00+05:30,44627.8,44653.7,44598.5,44612.1,0,0
2023-09-01 11:45:00+05:30,44608.6,44667.65,44604.1,44650.8,0,0
2023-09-01 12:15:00+05:30,44651.25,44677.95,44628.4,44655.4,0,0
2023-09-01 12:45:00+05:30,44653.15,44706.1,44638.95,44699.85,0,0
2023-09-01 13:15:00+05:30,44699.3,44770.9,44678.75,44753.35,0,0
2023-09-01 13:45:00+05:30,44756.0,44783.0,44740.1,44783.0,0,0
2023-09-01 14:15:00+05:30,44781.9,44823.9,44779.95,44793.45,0,0
2023-09-01 14:45:00+05:30,44794.8,44836.7,44786.0,44794.6,0,0
2023-09-01 15:15:00+05:30,44795.3,44823.95,44787.15,44820.95,0,0
2023-09-04 09:15:00+05:30,45026.45,45093.7,44939.7,44943.7,0,0
2023-09-04 09:45:00+05:30,44947.55,45080.0,44933.95,44961.45,0,0
2023-09-04 10:15:00+05:30,44960.1,45012.4,44935.45,44977.75,0,0
2023-09-04 10:45:00+05:30,44974.45,45006.05,44944.35,44983.45,0,0
2023-09-04 11:15:00+05:30,44983.4,44994.5,44955.95,44974.0,0,0
2023-09-04 11:45:00+05:30,44972.1,44992.3,44948.55,44977.85,0,0
2023-09-04 12:15:00+05:30,44974.9,45056.45,44973.45,45053.85,0,0
2023-09-04 12:45:00+05:30,45053.45,45129.95,45051.2,45120.8,0,0
2023-09-04 13:15:00+05:30,45118.3,45204.7,45118.3,45190.55,0,0
2023-09-04 13:45:00+05:30,45187.85,45217.3,45153.95,45192.8,0,0
2023-09-04 14:15:00+05:30,45193.05,45238.05,45165.05,45235.6,0,0
2023-09-04 14:45:00+05:30,45236.5,45244.25,45173.0,45205.5,0,0
2023-09-04 15:15:00+05:30,45206.2,45228.0,45182.85,45197.65,0,0
2023-09-05 09:15:00+05:30,45348.15,45408.5,45301.65,45385.55,0,0
2023-09-05 09:45:00+05:30,45386.6,45433.7,45366.95,45388.95,0,0
2023-09-05 10:15:00+05:30,45388.8,45388.8,45276.0,45296.5,0,0
2023-09-05 10:45:00+05:30,45297.05,45339.75,45282.1,45285.05,0,0
2023-09-05 11:15:00+05:30,45284.45,45327.45,45278.55,45311.6,0,0
2023-09-05 11:45:00+05:30,45313.7,45340.75,45279.6,45294.55,0,0
2023-09-05 12:15:00+05:30,45295.45,45303.55,45156.65,45158.9,0,0
2023-09-05 12:45:00+05:30,45159.7,45214.4,45126.3,45214.4,0,0
2023-09-05 13:15:00+05:30,45213.95,45235.4,45170.75,45214.05,0,0
2023-09-05 13:45:00+05:30,45213.85,45303.3,45208.5,45271.55,0,0
2023-09-05 14:15:00+05:30,45267.15,45305.95,45252.15,45263.1,0,0
2023-09-05 14:45:00+05:30,45261.65,45317.3,45254.5,45289.0,0,0
2023-09-05 15:15:00+05:30,45287.3,45313.45,45269.6,45313.45,0,0
2023-09-06 09:15:00+05:30,45382.6,45395.5,45287.5,45352.95,0,0
2023-09-06 09:45:00+05:30,45353.9,45428.2,45348.5,45423.45,0,0
2023-09-06 10:15:00+05:30,45423.75,45482.1,45412.7,45463.2,0,0
2023-09-06 10:45:00+05:30,45463.85,45499.0,45448.0,45482.8,0,0
2023-09-06 11:15:00+05:30,45482.05,45482.35,45307.5,45314.55,0,0
2023-09-06 11:45:00+05:30,45312.8,45399.2,45306.45,45397.75,0,0
2023-09-06 12:15:00+05:30,45398.95,45405.95,45314.5,45319.4,0,0
2023-09-06 12:45:00+05:30,45320.7,45382.8,45294.05,45369.05,0,0
2023-09-06 13:15:00+05:30,45367.8,45388.25,45325.7,45378.9,0,0
2023-09-06 13:45:00+05:30,45379.5,45383.8,45332.35,45370.0,0,0
2023-09-06 14:15:00+05:30,45370.9,45488.0,45370.9,45483.5,0,0
2023-09-06 14:45:00+05:30,45485.65,45531.2,45462.65,45499.25,0,0
2023-09-06 15:15:00+05:30,45500.35,45514.0,45472.85,45498.55,0,0
2023-09-07 09:15:00+05:30,45569.35,45654.65,45509.5,45637.0,0,0
2023-09-07 09:45:00+05:30,45639.15,45688.65,45570.9,45626.0,0,0
2023-09-07 10:15:00+05:30,45626.35,45673.6,45622.0,45649.55,0,0
2023-09-07 10:45:00+05:30,45651.4,45685.55,45641.8,45645.45,0,0
2023-09-07 11:15:00+05:30,45646.4,45676.8,45592.5,45620.1,0,0
2023-09-07 11:45:00+05:30,45618.35,45672.5,45617.55,45669.8,0,0
2023-09-07 12:15:00+05:30,45670.1,45675.6,45627.6,45656.4,0,0
2023-09-07 12:45:00+05:30,45656.75,45729.3,45656.5,45716.65,0,0
2023-09-07 13:15:00+05:30,45716.9,45740.35,45708.2,45733.6,0,0
2023-09-07 13:45:00+05:30,45735.0,45751.6,45710.15,45731.75,0,0
2023-09-07 14:15:00+05:30,45735.4,45793.75,45732.25,45767.7,0,0
2023-09-07 14:45:00+05:30,45768.4,45794.9,45719.0,45722.05,0,0
2023-09-07 15:15:00+05:30,45722.35,45748.95,45719.55,45740.65,0,0
2023-09-08 09:15:00+05:30,45893.35,46039.95,45868.95,45991.95,0,0
2023-09-08 09:45:00+05:30,45994.4,46072.65,45966.1,46061.05,0,0
2023-09-08 10:15:00+05:30,46060.85,46069.65,45974.35,46023.9,0,0
2023-09-08 10:45:00+05:30,46023.9,46084.25,46022.05,46053.25,0,0
2023-09-08 11:15:00+05:30,46052.85,46128.5,46031.0,46105.45,0,0
2023-09-08 11:45:00+05:30,46106.75,46114.6,46068.45,46108.7,0,0
2023-09-08 12:15:00+05:30,46108.3,46120.05,46089.65,46116.95,0,0
2023-09-08 12:45:00+05:30,46118.5,46135.05,46049.05,46057.05,0,0
2023-09-08 13:15:00+05:30,46055.8,46124.3,46028.8,46104.45,0,0
2023-09-08 13:45:00+05:30,46105.1,46207.1,46098.15,46189.55,0,0
2023-09-08 14:15:00+05:30,46188.2,46201.55,46073.8,46098.9,0,0
2023-09-08 14:45:00+05:30,46098.95,46146.05,46081.1,46103.35,0,0
2023-09-08 15:15:00+05:30,46104.75,46121.45,46091.8,46109.2,0,0
2023-09-11 09:15:00+05:30,46359.6,46401.8,46277.8,46349.05,0,0
2023-09-11 09:45:00+05:30,46351.75,46417.45,46315.8,46374.15,0,0
2023-09-11 10:15:00+05:30,46373.4,46462.15,46367.95,46450.05,0,0
2023-09-11 10:45:00+05:30,46450.45,46456.9,46387.55,46413.75,0,0
2023-09-11 11:15:00+05:30,46412.55,46462.7,46408.3,46432.4,0,0
2023-09-11 11:45:00+05:30,46431.45,46484.25,46431.3,46461.05,0,0
2023-09-11 12:15:00+05:30,46462.25,46486.1,46454.9,46464.9,0,0
2023-09-11 12:45:00+05:30,46463.1,46465.0,46427.75,46452.0,0,0
2023-09-11 13:15:00+05:30,46452.05,46507.5,46450.35,46459.85,0,0
2023-09-11 13:45:00+05:30,46457.9,46504.05,46449.45,46467.75,0,0
2023-09-11 14:15:00+05:30,46469.85,46533.25,46464.9,46508.15,0,0
2023-09-11 14:45:00+05:30,46508.8,46637.15,46494.1,46572.35,0,0
2023-09-11 15:15:00+05:30,46574.35,46596.7,46553.95,46570.6,0,0
2023-09-12 09:15:00+05:30,46796.6,46799.0,45951.15,46001.95,0,0
2023-09-12 09:45:00+05:30,46001.15,46012.4,45503.65,45787.05,0,0
2023-09-12 10:15:00+05:30,45785.05,45831.95,45635.55,45828.75,0,0
2023-09-12 10:45:00+05:30,45828.05,46000.45,45818.45,45951.25,0,0
2023-09-12 11:15:00+05:30,45951.95,45954.25,45813.75,45842.85,0,0
2023-09-12 11:45:00+05:30,45844.0,45856.3,45611.85,45635.0,0,0
2023-09-12 12:15:00+05:30,45635.8,45638.5,45509.45,45512.9,0,0
2023-09-12 12:45:00+05:30,45511.95,45638.3,45501.4,45612.1,0,0
2023-09-12 13:15:00+05:30,45611.05,45671.85,45566.35,45616.0,0,0
2023-09-12 13:45:00+05:30,45618.8,45645.25,45559.4,45601.65,0,0
2023-09-12 14:15:00+05:30,45602.6,45615.65,45513.45,45515.6,0,0
2023-09-12 14:45:00+05:30,45516.8,45557.3,45431.7,45483.05,0,0
2023-09-12 15:15:00+05:30,45481.35,45508.9,45458.2,45487.85,0,0
2023-09-13 09:15:00+05:30,45496.45,45735.75,45191.25,45251.75,0,0
2023-09-13 09:45:00+05:30,45249.55,45389.1,45177.25,45177.65,0,0
2023-09-13 10:15:00+05:30,45176.65,45234.0,45069.05,45107.6,0,0
2023-09-13 10:45:00+05:30,45108.6,45308.5,45098.8,45299.5,0,0
2023-09-13 11:15:00+05:30,45300.85,45399.1,45267.85,45371.75,0,0
2023-09-13 11:45:00+05:30,45372.15,45471.8,45358.85,45466.35,0,0
2023-09-13 12:15:00+05:30,45466.05,45516.4,45426.1,45470.35,0,0
2023-09-13 12:45:00+05:30,45470.2,45512.05,45465.7,45490.4,0,0
2023-09-13 13:15:00+05:30,45489.75,45539.75,45373.55,45536.4,0,0
2023-09-13 13:45:00+05:30,45537.95,45591.1,45507.7,45569.15,0,0
2023-09-13 14:15:00+05:30,45573.0,45612.2,45557.45,45571.3,0,0
2023-09-13 14:45:00+05:30,45572.2,45673.95,45552.55,45651.4,0,0
2023-09-13 15:15:00+05:30,45650.85,45671.55,45628.15,45639.2,0,0
2023-09-14 09:15:00+05:30,45861.65,46030.45,45830.05,46016.45,0,0
2023-09-14 09:45:00+05:30,46016.75,46023.3,45814.7,45862.0,0,0
2023-09-14 10:15:00+05:30,45860.4,45936.6,45800.5,45868.45,0,0
2023-09-14 10:45:00+05:30,45866.65,45912.65,45851.5,45903.55,0,0
2023-09-14 11:15:00+05:30,45904.55,45915.45,45833.85,45853.5,0,0
2023-09-14 11:45:00+05:30,45853.75,45911.35,45827.1,45887.35,0,0
2023-09-14 12:15:00+05:30,45888.75,45898.65,45762.05,45823.45,0,0
2023-09-14 12:45:00+05:30,45823.9,45875.8,45819.55,45861.6,0,0
2023-09-14 13:15:00+05:30,45862.2,45901.0,45815.35,45837.35,0,0
2023-09-14 13:45:00+05:30,45832.2,45848.35,45745.0,45820.65,0,0
2023-09-14 14:15:00+05:30,45821.25,45887.8,45820.2,45880.95,0,0
2023-09-14 14:45:00+05:30,45880.55,45994.35,45867.65,45970.85,0,0
2023-09-14 15:15:00+05:30,45968.9,45985.7,45962.75,45977.35,0,0
2023-09-15 09:15:00+05:30,46116.15,46144.05,45891.2,46025.15,0,0
2023-09-15 09:45:00+05:30,46025.5,46063.15,45961.55,46009.8,0,0
2023-09-15 10:15:00+05:30,46011.35,46027.75,45965.8,46012.6,0,0
2023-09-15 10:45:00+05:30,46012.85,46059.65,46009.7,46033.85,0,0
2023-09-15 11:15:00+05:30,46033.45,46049.25,45982.5,46013.85,0,0
2023-09-15 11:45:00+05:30,46013.7,46066.85,45996.6,46051.35,0,0
2023-09-15 12:15:00+05:30,46050.3,46052.4,45942.8,45997.15,0,0
2023-09-15 12:45:00+05:30,45998.7,46045.1,45995.5,46044.55,0,0
2023-09-15 13:15:00+05:30,46043.7,46068.2,45984.55,46003.0,0,0
2023-09-15 13:45:00+05:30,46002.6,46052.85,46001.4,46016.85,0,0
2023-09-15 14:15:00+05:30,46018.3,46119.5,46003.2,46099.45,0,0
2023-09-15 14:45:00+05:30,46100.8,46146.5,46030.25,46032.15,0,0
2023-09-15 15:15:00+05:30,46034.65,46062.65,46017.85,46038.0,0,0
2023-09-18 09:15:00+05:30,46296.05,46296.4,46062.05,46179.15,0,0
2023-09-18 09:45:00+05:30,46179.0,46184.9,46084.75,46117.5,0,0
2023-09-18 10:15:00+05:30,46117.65,46142.45,46080.35,46094.85,0,0
2023-09-18 10:45:00+05:30,46092.7,46140.25,46076.45,46106.65,0,0
2023-09-18 11:15:00+05:30,46105.9,46131.3,46084.0,46095.75,0,0
2023-09-18 11:45:00+05:30,46097.8,46136.8,46072.7,46074.85,0,0
2023-09-18 12:15:00+05:30,46072.6,46104.4,46049.15,46075.4,0,0
2023-09-18 12:45:00+05:30,46074.4,46074.4,46028.3,46036.6,0,0
2023-09-18 13:15:00+05:30,46036.8,46071.1,46025.1,46035.7,0,0
2023-09-18 13:45:00+05:30,46036.95,46041.8,45991.0,46014.45,0,0
2023-09-18 14:15:00+05:30,46017.6,46082.15,46004.7,46058.0,0,0
2023-09-18 14:45:00+05:30,46059.3,46065.4,45980.3,45995.75,0,0
2023-09-18 15:15:00+05:30,45996.4,46045.45,45982.25,46011.4,0,0
2023-09-20 09:15:00+05:30,45915.7,46058.0,45655.2,45956.25,0,0
2023-09-20 09:45:00+05:30,45953.1,45953.1,45793.6,45848.7,0,0
2023-09-20 10:15:00+05:30,45846.75,45862.15,45745.35,45795.55,0,0
2023-09-20 10:45:00+05:30,45794.6,45801.1,45711.7,45731.5,0,0
2023-09-20 11:15:00+05:30,45733.1,45783.8,45727.4,45734.5,0,0
2023-09-20 11:45:00+05:30,45735.55,45773.55,45715.95,45768.35,0,0
2023-09-20 12:15:00+05:30,45768.6,45783.65,45737.7,45739.0,0,0
2023-09-20 12:45:00+05:30,45738.25,45738.25,45668.15,45706.7,0,0
2023-09-20 13:15:00+05:30,45707.7,45717.5,45673.3,45676.25,0,0
2023-09-20 13:45:00+05:30,45673.55,45678.95,45551.2,45601.7,0,0
2023-09-20 14:15:00+05:30,45600.75,45651.55,45571.4,45631.45,0,0
2023-09-20 14:45:00+05:30,45631.15,45659.0,45569.8,45630.75,0,0
2023-09-20 15:15:00+05:30,45628.6,45661.25,45604.65,45660.6,0,0
2023-09-21 09:15:00+05:30,45586.85,45718.9,45525.7,45709.15,0,0
2023-09-21 09:45:00+05:30,45709.95,45711.6,45470.5,45520.6,0,0
2023-09-21 10:15:00+05:30,45519.0,45561.1,45500.2,45544.45,0,0
2023-09-21 10:45:00+05:30,45546.25,45595.95,45467.5,45595.2,0,0
2023-09-21 11:15:00+05:30,45592.85,45601.0,45528.5,45545.35,0,0
2023-09-21 11:45:00+05:30,45547.8,45554.6,45390.15,45402.05,0,0
2023-09-21 12:15:00+05:30,45401.7,45408.35,45242.7,45279.65,0,0
2023-09-21 12:45:00+05:30,45279.75,45300.8,45157.55,45184.05,0,0
2023-09-21 13:15:00+05:30,45184.6,45267.55,45182.6,45202.05,0,0
2023-09-21 13:45:00+05:30,45202.45,45240.35,45176.25,45189.65,0,0
2023-09-21 14:15:00+05:30,45190.5,45220.2,45144.65,45173.7,0,0
2023-09-21 14:45:00+05:30,45174.7,45239.15,45127.2,45236.75,0,0
2023-09-21 15:15:00+05:30,45237.55,45262.85,45216.15,45217.1,0,0
2023-09-22 09:15:00+05:30,45265.05,45506.85,45229.4,45363.65,0,0
2023-09-22 09:45:00+05:30,45362.35,45372.15,45037.3,45119.0,0,0
2023-09-22 10:15:00+05:30,45119.45,45213.3,45008.25,45211.25,0,0
2023-09-22 10:45:00+05:30,45213.1,45291.4,45184.8,45283.0,0,0
2023-09-22 11:15:00+05:30,45284.35,45301.9,45203.3,45226.15,0,0
2023-09-22 11:45:00+05:30,45226.05,45294.7,45214.5,45282.4,0,0
2023-09-22 12:15:00+05:30,45282.15,45336.85,45278.8,45336.8,0,0
2023-09-22 12:45:00+05:30,45336.7,45339.85,45273.7,45315.1,0,0
2023-09-22 13:15:00+05:30,45313.65,45322.9,45185.4,45242.7,0,0
2023-09-22 13:45:00+05:30,45244.0,45275.5,45197.65,45249.15,0,0
2023-09-22 14:15:00+05:30,45248.75,45249.4,45163.2,45195.0,0,0
2023-09-22 14:45:00+05:30,45193.15,45210.75,45140.95,45179.9,0,0
2023-09-22 15:15:00+05:30,45179.85,45195.45,45160.4,45172.9,0,0
2023-09-25 09:15:00+05:30,45248.55,45281.45,44976.7,45090.45,0,0
2023-09-25 09:45:00+05:30,45090.8,45102.4,44890.1,44892.2,0,0
2023-09-25 10:15:00+05:30,44890.75,44994.2,44878.05,44973.8,0,0
2023-09-25 10:45:00+05:30,44970.35,44985.25,44938.85,44956.75,0,0
2023-09-25 11:15:00+05:30,44956.7,44993.05,44955.7,44973.75,0,0
2023-09-25 11:45:00+05:30,44971.85,45006.25,44946.1,45002.8,0,0
2023-09-25 12:15:00+05:30,45003.65,45113.65,45002.65,45109.35,0,0
2023-09-25 12:45:00+05:30,45106.4,45167.3,45102.55,45132.15,0,0
2023-09-25 13:15:00+05:30,45131.15,45182.25,45125.2,45164.25,0,0
2023-09-25 13:45:00+05:30,45162.7,45172.75,45043.55,45045.35,0,0
2023-09-25 14:15:00+05:30,45043.55,45140.15,45031.6,45106.35,0,0
2023-09-25 14:45:00+05:30,45104.2,45133.15,45074.9,45076.5,0,0
2023-09-25 15:15:00+05:30,45076.65,45083.35,45034.0,45066.05,0,0
2023-09-26 09:15:00+05:30,45092.85,45253.75,45087.9,45244.5,0,0
2023-09-26 09:45:00+05:30,45246.3,45280.75,45196.2,45252.0,0,0
2023-09-26 10:15:00+05:30,45252.3,45279.15,45222.3,45233.7,0,0
2023-09-26 10:45:00+05:30,45235.3,45265.5,45209.85,45258.95,0,0
2023-09-26 11:15:00+05:30,45261.05,45285.05,45245.05,45258.4,0,0
2023-09-26 11:45:00+05:30,45257.5,45263.6,45231.95,45253.35,0,0
2023-09-26 12:15:00+05:30,45254.75,45266.7,45174.8,45175.45,0,0
2023-09-26 12:45:00+05:30,45175.05,45180.0,45085.1,45162.55,0,0
2023-09-26 13:15:00+05:30,45162.55,45210.8,45143.0,45209.65,0,0
2023-09-26 13:45:00+05:30,45211.45,45220.55,45189.1,45219.15,0,0
2023-09-26 14:15:00+05:30,45220.05,45246.0,45180.55,45188.3,0,0
2023-09-26 14:45:00+05:30,45187.65,45189.35,45119.35,45174.8,0,0
2023-09-26 15:15:00+05:30,45177.75,45206.3,45143.75,45204.3,0,0
2023-09-27 09:15:00+05:30,45173.5,45186.5,44963.15,45036.35,0,0
2023-09-27 09:45:00+05:30,45037.2,45073.0,44896.75,44936.9,0,0
2023-09-27 10:15:00+05:30,44936.7,44990.9,44912.8,44986.1,0,0
2023-09-27 10:45:00+05:30,44987.95,45071.85,44971.75,45069.55,0,0
2023-09-27 11:15:00+05:30,45072.1,45079.7,45030.3,45069.05,0,0
2023-09-27 11:45:00+05:30,45067.15,45087.05,45048.1,45066.1,0,0
2023-09-27 12:15:00+05:30,45067.8,45117.85,45061.7,45092.2,0,0
2023-09-27 12:45:00+05:30,45092.0,45123.75,45078.0,45119.25,0,0
2023-09-27 13:15:00+05:30,45118.65,45144.3,45090.35,45113.45,0,0
2023-09-27 13:45:00+05:30,45113.65,45170.9,45112.5,45161.8,0,0
2023-09-27 14:15:00+05:30,45161.95,45178.3,45134.65,45177.45,0,0
2023-09-27 14:45:00+05:30,45176.9,45245.0,45174.8,45231.75,0,0
2023-09-27 15:15:00+05:30,45233.85,45238.15,45204.5,45227.75,0,0
2023-09-28 09:15:00+05:30,45286.2,45311.85,45144.15,45144.4,0,0
2023-09-28 09:45:00+05:30,45144.95,45239.7,45136.8,45236.6,0,0
2023-09-28 10:15:00+05:30,45236.4,45250.75,45179.4,45181.0,0,0
2023-09-28 10:45:00+05:30,45179.25,45222.0,45132.05,45138.3,0,0
2023-09-28 11:15:00+05:30,45139.05,45156.45,45087.45,45094.55,0,0
2023-09-28 11:45:00+05:30,45095.3,45131.25,45072.85,45088.65,0,0
2023-09-28 12:15:00+05:30,45087.1,45091.3,44998.65,45022.9,0,0
2023-09-28 12:45:00+05:30,45024.75,45041.8,44963.2,44966.25,0,0
2023-09-28 13:15:00+05:30,44966.95,44970.1,44859.85,44935.55,0,0
2023-09-28 13:45:00+05:30,44935.75,44935.75,44814.15,44841.0,0,0
2023-09-28 14:15:00+05:30,44840.6,44882.8,44723.95,44739.95,0,0
2023-09-28 14:45:00+05:30,44739.25,44744.85,44469.9,44478.5,0,0
2023-09-28 15:15:00+05:30,44480.45,44709.3,44471.95,44683.45,0,0
2023-09-29 09:15:00+05:30,44739.55,44799.5,44672.65,44753.05,0,0
2023-09-29 09:45:00+05:30,44753.85,44845.9,44735.4,44809.15,0,0
2023-09-29 10:15:00+05:30,44812.3,44880.75,44808.45,44863.05,0,0
2023-09-29 10:45:00+05:30,44861.15,44941.35,44779.85,44929.2,0,0
2023-09-29 11:15:00+05:30,44928.15,45004.2,44925.95,45000.75,0,0
2023-09-29 11:45:00+05:30,44999.75,45030.45,44962.0,44967.65,0,0
2023-09-29 12:15:00+05:30,44967.15,45093.2,44965.2,45091.65,0,0
2023-09-29 12:45:00+05:30,45090.7,45126.95,45058.15,45118.15,0,0
2023-09-29 13:15:00+05:30,45118.6,45154.7,45072.4,45113.0,0,0
2023-09-29 13:45:00+05:30,45112.15,45163.7,45095.9,45104.35,0,0
2023-09-29 14:15:00+05:30,45105.8,45129.8,45085.7,45109.95,0,0
2023-09-29 14:45:00+05:30,45112.65,45115.9,44997.95,45021.35,0,0
2023-09-29 15:15:00+05:30,45021.6,45076.25,45021.1,45051.1,0,0
2023-10-03 09:15:00+05:30,45133.15,45133.15,44901.85,45060.3,0,0
2023-10-03 09:45:00+05:30,45059.1,45059.75,44929.55,44947.95,0,0
2023-10-03 10:15:00+05:30,44946.85,45107.95,44946.15,45082.45,0,0
2023-10-03 10:45:00+05:30,45083.15,45118.3,45057.0,45097.1,0,0
2023-10-03 11:15:00+05:30,45097.45,45127.2,45047.5,45070.9,0,0
2023-10-03 11:45:00+05:30,45071.8,45118.5,45033.8,45110.15,0,0
2023-10-03 12:15:00+05:30,45112.35,45141.95,45094.7,45117.1,0,0
2023-10-03 12:45:00+05:30,45116.9,45159.5,45096.0,45151.2,0,0
2023-10-03 13:15:00+05:30,45151.5,45189.8,45144.95,45187.0,0,0
2023-10-03 13:45:00+05:30,45187.95,45201.9,45138.65,45146.55,0,0
2023-10-03 14:15:00+05:30,45147.55,45170.0,45123.6,45147.5,0,0
2023-10-03 14:45:00+05:30,45149.4,45213.5,45147.75,45186.75,0,0
2023-10-03 15:15:00+05:30,45188.25,45199.65,45152.65,45194.35,0,0
2023-10-04 09:15:00+05:30,45068.7,45084.7,44726.0,44799.35,0,0
2023-10-04 09:45:00+05:30,44799.55,44902.2,44717.45,44721.1,0,0
2023-10-04 10:15:00+05:30,44721.65,44842.3,44689.45,44787.4,0,0
2023-10-04 10:45:00+05:30,44788.15,44846.6,44783.8,44798.6,0,0
2023-10-04 11:15:00+05:30,44798.55,44827.35,44685.45,44699.05,0,0
2023-10-04 11:45:00+05:30,44695.05,44715.05,44495.0,44581.85,0,0
2023-10-04 12:15:00+05:30,44580.9,44601.65,44496.5,44557.25,0,0
2023-10-04 12:45:00+05:30,44556.55,44576.1,44337.75,44414.95,0,0
2023-10-04 13:15:00+05:30,44414.4,44477.8,44394.85,44450.75,0,0
2023-10-04 13:45:00+05:30,44450.4,44525.9,44393.2,44508.5,0,0
2023-10-04 14:15:00+05:30,44508.25,44561.9,44488.7,44549.3,0,0
2023-10-04 14:45:00+05:30,44547.85,44601.55,44480.7,44584.95,0,0
2023-10-04 15:15:00+05:30,44583.6,44586.55,44536.9,44565.5,0,0
2023-10-05 09:15:00+05:30,44759.85,44862.95,44751.4,44821.8,0,0
2023-10-05 09:45:00+05:30,44820.8,44821.05,44674.55,44676.05,0,0
2023-10-05 10:15:00+05:30,44676.4,44694.2,44521.75,44598.45,0,0
2023-10-05 10:45:00+05:30,44597.45,44714.1,44596.55,44685.4,0,0
2023-10-05 11:15:00+05:30,44687.0,44691.05,44605.9,44616.35,0,0
2023-10-05 11:45:00+05:30,44616.25,44687.7,44606.3,44661.9,0,0
2023-10-05 12:15:00+05:30,44660.0,44665.25,44613.2,44622.55,0,0
2023-10-05 12:45:00+05:30,44621.95,44671.85,44613.15,44654.55,0,0
2023-10-05 13:15:00+05:30,44655.7,44741.0,44655.2,44741.0,0,0
2023-10-05 13:45:00+05:30,44740.45,44743.3,44697.0,44706.2,0,0
2023-10-05 14:15:00+05:30,44706.55,44749.0,44685.75,44729.75,0,0
2023-10-05 14:45:00+05:30,44727.9,44735.55,44655.1,44663.5,0,0
2023-10-05 15:15:00+05:30,44665.0,44676.3,44651.15,44669.25,0,0
2023-10-06 09:15:00+05:30,44886.4,44922.7,44780.2,44854.25,0,0
2023-10-06 09:45:00+05:30,44855.3,44932.7,44845.75,44881.8,0,0
2023-10-06 10:15:00+05:30,44881.5,44981.8,44878.55,44976.75,0,0
2023-10-06 10:45:00+05:30,44977.1,44979.7,44885.2,44890.65,0,0
2023-10-06 11:15:00+05:30,44891.45,44896.8,44795.15,44824.55,0,0
2023-10-06 11:45:00+05:30,44825.15,44845.2,44811.1,44816.4,0,0
2023-10-06 12:15:00+05:30,44815.35,44867.55,44798.15,44832.1,0,0
2023-10-06 12:45:00+05:30,44833.15,44864.4,44816.05,44859.15,0,0
2023-10-06 13:15:00+05:30,44858.25,44899.15,44852.9,44879.3,0,0
2023-10-06 13:45:00+05:30,44881.35,44953.2,44879.45,44946.35,0,0
2023-10-06 14:15:00+05:30,44946.55,44968.7,44908.1,44956.1,0,0
2023-10-06 14:45:00+05:30,44955.45,44987.05,44946.25,44952.7,0,0
2023-10-06 15:15:00+05:30,44954.05,44962.95,44919.65,44929.65,0,0
2023-10-09 09:15:00+05:30,44550.9,44567.75,44251.25,44485.4,0,0
2023-10-09 09:45:00+05:30,44481.65,44605.0,44476.7,44539.9,0,0
2023-10-09 10:15:00+05:30,44539.75,44583.8,44452.1,44483.35,0,0
2023-10-09 10:45:00+05:30,44484.45,44559.6,44468.55,44507.75,0,0
2023-10-09 11:15:00+05:30,44508.05,44534.1,44482.0,44526.05,0,0
2023-10-09 11:45:00+05:30,44525.2,44543.7,44476.8,44493.0,0,0
2023-10-09 12:15:00+05:30,44492.75,44495.7,44349.9,44351.1,0,0
2023-10-09 12:45:00+05:30,44349.4,44368.8,44281.6,44293.05,0,0
2023-10-09 13:15:00+05:30,44294.35,44386.55,44286.05,44378.85,0,0
2023-10-09 13:45:00+05:30,44376.7,44403.8,44337.9,44350.8,0,0
2023-10-09 14:15:00+05:30,44348.85,44404.5,44306.5,44397.4,0,0
2023-10-09 14:45:00+05:30,44397.2,44501.3,44395.8,44410.45,0,0
2023-10-09 15:15:00+05:30,44410.3,44418.85,44339.65,44368.15,0,0
2023-10-10 09:15:00+05:30,44596.7,44695.25,44581.0,44659.95,0,0
2023-10-10 09:45:00+05:30,44660.7,44750.85,44660.45,44715.5,0,0
2023-10-10 10:15:00+05:30,44715.1,44739.75,44701.0,44732.15,0,0
2023-10-10 10:45:00+05:30,44732.45,44755.05,44709.65,44747.2,0,0
2023-10-10 11:15:00+05:30,44747.8,44822.45,44743.9,44821.35,0,0
2023-10-10 11:45:00+05:30,44821.3,44877.1,44805.85,44873.2,0,0
2023-10-10 12:15:00+05:30,44871.75,44872.1,44833.6,44861.2,0,0
2023-10-10 12:45:00+05:30,44861.6,44936.6,44852.7,44924.15,0,0
2023-10-10 13:15:00+05:30,44923.6,44993.15,44918.85,44989.15,0,0
2023-10-10 13:45:00+05:30,44989.35,45000.55,44949.1,44978.3,0,0
2023-10-10 14:15:00+05:30,44978.25,45016.1,44975.4,44994.9,0,0
2023-10-10 14:45:00+05:30,44995.3,45035.05,44971.0,44994.7,0,0
2023-10-10 15:15:00+05:30,44993.75,45020.35,44987.35,45005.1,0,0
2023-10-11 09:15:00+05:30,45199.35,45344.3,45160.05,45339.15,0,0
2023-10-11 09:45:00+05:30,45339.7,45366.7,45287.05,45301.45,0,0
2023-10-11 10:15:00+05:30,45300.25,45342.1,45261.35,45328.05,0,0
2023-10-11 10:45:00+05:30,45327.35,45355.85,45298.0,45315.05,0,0
2023-10-11 11:15:00+05:30,45314.4,45353.1,45300.75,45336.6,0,0
2023-10-11 11:45:00+05:30,45335.6,45382.35,45319.1,45353.15,0,0
2023-10-11 12:15:00+05:30,45353.25,45354.5,45307.2,45314.0,0,0
2023-10-11 12:45:00+05:30,45312.8,45314.1,45239.25,45257.25,0,0
2023-10-11 13:15:00+05:30,45257.6,45263.2,45212.75,45238.95,0,0
2023-10-11 13:45:00+05:30,45237.75,45244.9,45178.55,45205.35,0,0
2023-10-11 14:15:00+05:30,45207.0,45312.0,45198.5,45301.35,0,0
2023-10-11 14:45:00+05:30,45302.75,45310.45,45236.55,45241.9,0,0
2023-10-11 15:15:00+05:30,45243.55,45248.55,45201.1,45234.55,0,0
2023-10-12 09:15:00+05:30,45368.75,45433.25,45298.9,45366.45,0,0
2023-10-12 09:45:00+05:30,45368.5,45378.05,45285.15,45364.5,0,0
2023-10-12 10:15:00+05:30,45364.3,45398.6,45323.75,45391.75,0,0
2023-10-12 10:45:00+05:30,45391.2,45426.2,45368.2,45421.6,0,0
2023-10-12 11:15:00+05:30,45420.1,45423.75,45382.95,45411.7,0,0
2023-10-12 11:45:00+05:30,45412.2,45435.0,45389.3,45408.35,0,0
2023-10-12 12:15:00+05:30,45407.5,45420.7,45384.25,45406.15,0,0
2023-10-12 12:45:00+05:30,45405.8,45435.1,45366.5,45370.5,0,0
2023-10-12 13:15:00+05:30,45369.05,45388.15,45364.6,45371.55,0,0
2023-10-12 13:45:00+05:30,45372.85,45379.75,45329.45,45337.6,0,0
2023-10-12 14:15:00+05:30,45338.85,45383.05,45337.55,45359.05,0,0
2023-10-12 14:45:00+05:30,45359.4,45375.7,45320.75,45349.4,0,0
2023-10-12 15:15:00+05:30,45350.3,45352.25,45310.3,45329.4,0,0
2023-10-13 09:15:00+05:30,45158.2,45388.35,45114.95,45290.9,0,0
2023-10-13 09:45:00+05:30,45289.75,45311.1,45234.6,45279.05,0,0
2023-10-13 10:15:00+05:30,45277.95,45299.6,45245.85,45250.6,0,0
2023-10-13 10:45:00+05:30,45248.0,45281.6,45216.15,45278.95,0,0
2023-10-13 11:15:00+05:30,45279.15,45330.0,45273.1,45310.6,0,0
2023-10-13 11:45:00+05:30,45310.65,45321.6,45287.35,45292.1,0,0
2023-10-13 12:15:00+05:30,45293.05,45349.65,45290.8,45348.65,0,0
2023-10-13 12:45:00+05:30,45350.25,45350.4,45309.55,45313.35,0,0
2023-10-13 13:15:00+05:30,45310.75,45333.65,45302.35,45314.3,0,0
2023-10-13 13:45:00+05:30,45312.95,45377.55,45311.45,45352.9,0,0
2023-10-13 14:15:00+05:30,45351.35,45403.0,45333.45,45337.55,0,0
2023-10-13 14:45:00+05:30,45337.45,45339.15,45276.85,45287.05,0,0
2023-10-13 15:15:00+05:30,45287.65,45296.85,45250.05,45257.4,0,0
2023-10-16 09:15:00+05:30,45271.6,45334.1,45202.4,45262.65,0,0
2023-10-16 09:45:00+05:30,45264.4,45378.1,45255.7,45363.1,0,0
2023-10-16 10:15:00+05:30,45363.6,45398.5,45334.6,45392.9,0,0
2023-10-16 10:45:00+05:30,45392.2,45405.75,45345.1,45361.85,0,0
2023-10-16 11:15:00+05:30,45360.5,45394.9,45327.35,45391.65,0,0
2023-10-16 11:45:00+05:30,45390.7,45418.7,45378.65,45407.65,0,0
2023-10-16 12:15:00+05:30,45406.35,45457.25,45403.4,45440.2,0,0
2023-10-16 12:45:00+05:30,45440.6,45481.45,45414.75,45418.75,0,0
2023-10-16 13:15:00+05:30,45418.5,45449.4,45395.35,45433.2,0,0
2023-10-16 13:45:00+05:30,45430.6,45463.85,45421.05,45429.35,0,0
2023-10-16 14:15:00+05:30,45428.1,45487.9,45420.1,45483.95,0,0
2023-10-16 14:45:00+05:30,45484.55,45502.95,45402.75,45403.6,0,0
2023-10-16 15:15:00+05:30,45402.9,45419.5,45381.8,45401.0,0,0
2023-10-17 09:15:00+05:30,45595.15,45616.1,45518.7,45595.7,0,0
2023-10-17 09:45:00+05:30,45596.85,45621.65,45566.7,45580.15,0,0
2023-10-17 10:15:00+05:30,45579.05,45638.7,45575.9,45599.75,0,0
2023-10-17 10:45:00+05:30,45598.6,45631.65,45591.45,45625.85,0,0
2023-10-17 11:15:00+05:30,45625.95,45652.65,45589.1,45593.9,0,0
2023-10-17 11:45:00+05:30,45593.75,45617.5,45583.6,45608.4,0,0
2023-10-17 12:15:00+05:30,45608.3,45628.4,45579.4,45610.25,0,0
2023-10-17 12:45:00+05:30,45610.7,45619.55,45588.35,45601.4,0,0
2023-10-17 13:15:00+05:30,45601.8,45631.4,45554.3,45575.75,0,0
2023-10-17 13:45:00+05:30,45577.2,45625.85,45542.6,45547.8,0,0
2023-10-17 14:15:00+05:30,45549.4,45595.15,45546.4,45592.25,0,0
2023-10-17 14:45:00+05:30,45591.9,45624.7,45581.3,45593.55,0,0
2023-10-17 15:15:00+05:30,45594.7,45596.25,45559.55,45567.0,0,0
2023-10-18 09:15:00+05:30,45625.95,45636.45,45522.05,45552.1,0,0
2023-10-18 09:45:00+05:30,45552.55,45553.45,45462.0,45520.3,0,0
2023-10-18 10:15:00+05:30,45519.35,45527.2,45363.45,45363.45,0,0
2023-10-18 10:45:00+05:30,45361.35,45361.35,45137.6,45154.75,0,0
2023-10-18 11:15:00+05:30,45156.05,45274.7,45151.85,45214.6,0,0
2023-10-18 11:45:00+05:30,45216.05,45216.05,45072.95,45125.9,0,0
2023-10-18 12:15:00+05:30,45127.1,45127.1,45011.1,45076.55,0,0
2023-10-18 12:45:00+05:30,45078.35,45133.45,45065.8,45133.15,0,0
2023-10-18 13:15:00+05:30,45133.85,45137.8,45070.7,45100.9,0,0
2023-10-18 13:45:00+05:30,45099.45,45182.05,45094.75,45180.25,0,0
2023-10-18 14:15:00+05:30,45180.1,45180.9,45071.25,45109.85,0,0
2023-10-18 14:45:00+05:30,45110.05,45178.3,45103.8,45118.3,0,0
2023-10-18 15:15:00+05:30,45118.35,45140.35,45083.95,45102.7,0,0
2023-10-19 09:15:00+05:30,44911.55,44950.15,44682.25,44744.0,0,0
2023-10-19 09:45:00+05:30,44743.45,44873.7,44717.65,44819.2,0,0
2023-10-19 10:15:00+05:30,44815.45,44858.05,44791.4,44827.05,0,0
2023-10-19 10:45:00+05:30,44827.05,44880.4,44818.35,44877.6,0,0
2023-10-19 11:15:00+05:30,44875.75,44978.55,44874.95,44953.15,0,0
2023-10-19 11:45:00+05:30,44952.65,44988.2,44933.85,44975.75,0,0
2023-10-19 12:15:00+05:30,44976.3,44992.3,44927.1,44971.0,0,0
2023-10-19 12:45:00+05:30,44971.3,45026.7,44961.65,44972.15,0,0
2023-10-19 13:15:00+05:30,44970.25,44994.55,44920.45,44988.6,0,0
2023-10-19 13:45:00+05:30,44988.15,45027.3,44965.05,45004.75,0,0
2023-10-19 14:15:00+05:30,45003.7,45053.3,44979.9,45046.45,0,0
2023-10-19 14:45:00+05:30,45045.05,45065.8,44956.2,44959.05,0,0
2023-10-19 15:15:00+05:30,44957.4,44969.9,44913.5,44938.7,0,0
2023-10-20 09:15:00+05:30,44883.85,44911.1,44814.3,44814.75,0,0
2023-10-20 09:45:00+05:30,44812.85,44902.65,44811.8,44882.25,0,0
2023-10-20 10:15:00+05:30,44882.45,44887.55,44782.85,44823.0,0,0
2023-10-20 10:45:00+05:30,44820.1,44837.5,44725.9,44771.7,0,0
2023-10-20 11:15:00+05:30,44771.1,44772.35,44626.5,44629.6,0,0
2023-10-20 11:45:00+05:30,44628.7,44628.7,44522.75,44582.25,0,0
2023-10-20 12:15:00+05:30,44582.0,44609.9,44500.65,44504.4,0,0
2023-10-20 12:45:00+05:30,44503.15,44542.95,44464.85,44475.0,0,0
2023-10-20 13:15:00+05:30,44475.8,44574.95,44473.2,44528.1,0,0
2023-10-20 13:45:00+05:30,44528.5,44568.65,44474.25,44559.7,0,0
2023-10-20 14:15:00+05:30,44559.9,44606.6,44538.1,44582.75,0,0
2023-10-20 14:45:00+05:30,44581.7,44612.0,44523.95,44571.35,0,0
2023-10-20 15:15:00+05:30,44569.65,44571.75,44499.8,44538.6,0,0
2023-10-23 09:15:00+05:30,44552.8,44604.15,44397.65,44473.2,0,0
2023-10-23 09:45:00+05:30,44472.65,44504.15,44232.35,44238.7,0,0
2023-10-23 10:15:00+05:30,44237.95,44279.1,44139.6,44232.25,0,0
2023-10-23 10:45:00+05:30,44231.1,44284.35,44195.65,44236.3,0,0
2023-10-23 11:15:00+05:30,44236.95,44268.05,44191.25,44197.2,0,0
2023-10-23 11:45:00+05:30,44204.1,44223.75,44143.8,44154.4,0,0
2023-10-23 12:15:00+05:30,44155.3,44210.9,44136.25,44181.15,0,0
2023-10-23 12:45:00+05:30,44178.8,44186.5,44047.6,44048.6,0,0
2023-10-23 13:15:00+05:30,44046.55,44085.45,43978.25,44046.6,0,0
2023-10-23 13:45:00+05:30,44048.2,44117.6,44044.3,44112.6,0,0
2023-10-23 14:15:00+05:30,44112.25,44122.45,43970.1,43977.8,0,0
2023-10-23 14:45:00+05:30,43976.4,44001.85,43689.2,43699.65,0,0
2023-10-23 15:15:00+05:30,43699.05,43702.4,43574.55,43600.7,0,0
2023-10-25 09:15:00+05:30,43762.45,43980.1,43610.5,43896.45,0,0
2023-10-25 09:45:00+05:30,43895.4,44022.85,43826.95,43847.85,0,0
2023-10-25 10:15:00+05:30,43845.65,43916.55,43800.5,43803.05,0,0
2023-10-25 10:45:00+05:30,43803.2,43825.25,43743.7,43743.7,0,0
2023-10-25 11:15:00+05:30,43743.55,43770.3,43612.95,43612.95,0,0
2023-10-25 11:45:00+05:30,43616.0,43763.95,43613.7,43649.0,0,0
2023-10-25 12:15:00+05:30,43647.6,43651.45,43419.7,43422.4,0,0
2023-10-25 12:45:00+05:30,43420.6,43472.95,43163.8,43165.3,0,0
2023-10-25 13:15:00+05:30,43164.05,43456.95,43144.15,43363.85,0,0
2023-10-25 13:45:00+05:30,43364.4,43550.4,43323.75,43549.25,0,0
2023-10-25 14:15:00+05:30,43547.15,43552.7,43465.9,43516.55,0,0
2023-10-25 14:45:00+05:30,43517.25,43522.75,43418.8,43437.15,0,0
2023-10-25 15:15:00+05:30,43436.3,43445.6,43358.0,43390.6,0,0
2023-10-26 09:15:00+05:30,43226.3,43228.4,42560.7,42571.45,0,0
2023-10-26 09:45:00+05:30,42570.1,42740.95,42539.15,42648.15,0,0
2023-10-26 10:15:00+05:30,42647.5,42729.95,42571.1,42706.45,0,0
2023-10-26 10:45:00+05:30,42705.9,42718.2,42636.1,42664.8,0,0
2023-10-26 11:15:00+05:30,42664.5,42669.05,42575.8,42649.15,0,0
2023-10-26 11:45:00+05:30,42650.5,42755.0,42637.8,42681.25,0,0
2023-10-26 12:15:00+05:30,42680.7,42822.8,42675.35,42821.1,0,0
2023-10-26 12:45:00+05:30,42821.8,42885.6,42787.2,42858.55,0,0
2023-10-26 13:15:00+05:30,42857.8,42940.85,42790.45,42879.25,0,0
2023-10-26 13:45:00+05:30,42879.8,42890.95,42783.65,42890.95,0,0
2023-10-26 14:15:00+05:30,42889.3,42965.85,42823.9,42956.6,0,0
2023-10-26 14:45:00+05:30,42955.85,43055.55,42948.85,42969.25,0,0
2023-10-26 15:15:00+05:30,42973.3,43068.3,42970.25,43068.3,0,0
2023-10-27 09:15:00+05:30,43257.75,43824.45,43252.5,43784.45,0,0
2023-10-27 09:45:00+05:30,43787.2,43833.65,43747.9,43747.9,0,0
2023-10-27 10:15:00+05:30,43746.65,43857.55,43701.5,43822.9,0,0
2023-10-27 10:45:00+05:30,43821.1,43863.6,43796.95,43847.3,0,0
2023-10-27 11:15:00+05:30,43847.35,43939.4,43833.7,43834.15,0,0
2023-10-27 11:45:00+05:30,43836.35,43891.8,43833.9,43864.75,0,0
2023-10-27 12:15:00+05:30,43864.25,43871.1,43773.15,43785.7,0,0
2023-10-27 12:45:00+05:30,43784.7,43805.55,43728.3,43742.5,0,0
2023-10-27 13:15:00+05:30,43742.8,43800.7,43738.1,43778.95,0,0
2023-10-27 13:45:00+05:30,43780.2,43821.75,43773.05,43812.7,0,0
2023-10-27 14:15:00+05:30,43811.9,43894.8,43794.95,43846.95,0,0
2023-10-27 14:45:00+05:30,43848.45,43898.8,43810.55,43811.65,0,0
2023-10-27 15:15:00+05:30,43813.9,43872.65,43803.55,43869.0,0,0
2023-10-30 09:15:00+05:30,43923.85,43982.85,43477.65,43484.85,0,0
2023-10-30 09:45:00+05:30,43487.25,43577.25,43462.85,43565.15,0,0
2023-10-30 10:15:00+05:30,43565.75,43749.35,43523.55,43739.05,0,0
2023-10-30 10:45:00+05:30,43738.35,43794.65,43695.95,43696.85,0,0
2023-10-30 11:15:00+05:30,43695.6,43776.25,43654.25,43773.85,0,0
2023-10-30 11:45:00+05:30,43772.45,43812.8,43746.95,43757.75,0,0
2023-10-30 12:15:00+05:30,43758.1,43801.6,43723.7,43779.75,0,0
2023-10-30 12:45:00+05:30,43780.25,43825.25,43758.15,43823.25,0,0
2023-10-30 13:15:00+05:30,43826.3,43887.5,43817.75,43862.25,0,0
2023-10-30 13:45:00+05:30,43866.8,43901.05,43835.8,43884.9,0,0
2023-10-30 14:15:00+05:30,43884.2,43934.6,43863.95,43927.7,0,0
2023-10-30 14:45:00+05:30,43927.35,43943.0,43867.0,43889.85,0,0
2023-10-30 15:15:00+05:30,43890.85,43937.75,43880.8,43934.6,0,0
2023-10-31 09:15:00+05:30,44133.9,44183.05,43982.6,44097.9,0,0
2023-10-31 09:45:00+05:30,44099.05,44100.3,43919.55,43969.25,0,0
2023-10-31 10:15:00+05:30,43969.85,44007.35,43896.35,43910.9,0,0
2023-10-31 10:45:00+05:30,43910.15,43979.8,43896.3,43974.3,0,0
2023-10-31 11:15:00+05:30,43974.75,43998.45,43890.95,43920.45,0,0
2023-10-31 11:45:00+05:30,43920.7,43952.2,43898.6,43912.8,0,0
2023-10-31 12:15:00+05:30,43913.55,43971.05,43897.45,43962.35,0,0
2023-10-31 12:45:00+05:30,43962.65,44033.25,43956.1,43989.2,0,0
2023-10-31 13:15:00+05:30,43988.65,44035.35,43935.5,43986.35,0,0
2023-10-31 13:45:00+05:30,43986.05,44059.0,43975.05,44054.9,0,0
2023-10-31 14:15:00+05:30,44055.25,44125.05,44051.35,44081.6,0,0
2023-10-31 14:45:00+05:30,44078.95,44105.05,43949.35,44046.65,0,0
2023-10-31 15:15:00+05:30,44047.1,44070.8,44017.4,44060.8,0,0
2023-11-01 09:15:00+05:30,44122.15,44216.25,44023.0,44143.1,0,0
2023-11-01 09:45:00+05:30,44144.2,44144.2,44032.7,44100.05,0,0
2023-11-01 10:15:00+05:30,44100.55,44129.3,44077.5,44116.8,0,0
2023-11-01 10:45:00+05:30,44115.7,44119.15,44018.55,44050.65,0,0
2023-11-01 11:15:00+05:30,44049.4,44064.3,43999.0,44034.95,0,0
2023-11-01 11:45:00+05:30,44035.55,44070.85,44019.55,44066.7,0,0
2023-11-01 12:15:00+05:30,44067.6,44086.15,43986.75,44015.35,0,0
2023-11-01 12:45:00+05:30,44014.95,44036.7,43899.8,43924.95,0,0
2023-11-01 13:15:00+05:30,43924.75,43974.25,43876.4,43974.25,0,0
2023-11-01 13:45:00+05:30,43975.3,43984.95,43921.95,43934.75,0,0
2023-11-01 14:15:00+05:30,43935.7,43959.85,43851.9,43854.6,0,0
2023-11-01 14:45:00+05:30,43854.6,43885.55,43784.0,43784.45,0,0
2023-11-01 15:15:00+05:30,43783.2,43785.1,43718.65,43767.15,0,0
2023-11-02 09:15:00+05:30,44114.75,44253.5,44086.3,44236.85,0,0
2023-11-02 09:45:00+05:30,44237.25,44290.2,44193.65,44206.15,0,0
2023-11-02 10:15:00+05:30,44205.7,44247.45,44176.4,44240.85,0,0
2023-11-02 10:45:00+05:30,44241.6,44255.2,44175.9,44224.9,0,0
2023-11-02 11:15:00+05:30,44223.15,44250.55,44186.5,44206.95,0,0
2023-11-02 11:45:00+05:30,44207.35,44207.35,44120.55,44163.55,0,0
2023-11-02 12:15:00+05:30,44164.9,44247.5,44148.75,44242.5,0,0
2023-11-02 12:45:00+05:30,44242.05,44307.4,44207.1,44307.4,0,0
2023-11-02 13:15:00+05:30,44307.6,44322.6,44253.65,44306.6,0,0
2023-11-02 13:45:00+05:30,44307.0,44389.55,44304.55,44348.35,0,0
2023-11-02 14:15:00+05:30,44346.9,44399.35,44338.8,44376.15,0,0
2023-11-02 14:45:00+05:30,44377.45,44476.45,44371.95,44416.85,0,0
2023-11-02 15:15:00+05:30,44418.05,44478.35,44414.55,44459.75,0,0
2023-11-03 09:15:00+05:30,44691.35,44734.2,44613.35,44721.35,0,0
2023-11-03 09:45:00+05:30,44721.4,44800.7,44661.4,44789.9,0,0
2023-11-03 10:15:00+05:30,44791.9,44809.65,44751.65,44804.8,0,0
2023-11-03 10:45:00+05:30,44804.8,44843.15,44797.35,44820.55,0,0
2023-11-03 11:15:00+05:30,44820.2,44837.7,44777.7,44818.75,0,0
2023-11-03 11:45:00+05:30,44818.1,44825.1,44782.45,44815.55,0,0
2023-11-03 12:15:00+05:30,44814.0,44845.6,44807.45,44839.65,0,0
2023-11-03 12:45:00+05:30,44838.7,44854.85,44803.85,44820.45,0,0
2023-11-03 13:15:00+05:30,44819.9,44862.75,44819.35,44846.1,0,0
2023-11-03 13:45:00+05:30,44846.2,44874.95,44827.0,44840.45,0,0
2023-11-03 14:15:00+05:30,44841.35,44883.7,44813.45,44841.3,0,0
2023-11-03 14:45:00+05:30,44840.05,44907.9,44810.35,44871.75,0,0
2023-11-03 15:15:00+05:30,44871.75,44905.7,44848.75,44865.85,0,0
2023-11-06 09:15:00+05:30,45061.8,45114.5,44985.35,45074.65,0,0
2023-11-06 09:45:00+05:30,45076.5,45108.95,45028.8,45096.55,0,0
2023-11-06 10:15:00+05:30,45096.25,45136.85,45089.45,45101.95,0,0
2023-11-06 10:45:00+05:30,45102.7,45103.3,45022.05,45070.45,0,0
2023-11-06 11:15:00+05:30,45071.05,45115.85,45061.55,45107.25,0,0
2023-11-06 11:45:00+05:30,45105.6,45154.7,45095.65,45132.4,0,0
2023-11-06 12:15:00+05:30,45131.2,45179.65,45128.9,45175.75,0,0
2023-11-06 12:45:00+05:30,45176.35,45191.65,45146.1,45165.3,0,0
2023-11-06 13:15:00+05:30,45166.45,45176.7,45137.35,45171.55,0,0
2023-11-06 13:45:00+05:30,45169.75,45183.85,45132.8,45183.85,0,0
2023-11-06 14:15:00+05:30,45184.1,45198.1,45142.65,45191.25,0,0
2023-11-06 14:45:00+05:30,45192.35,45259.1,45143.7,45253.2,0,0
2023-11-06 15:15:00+05:30,45251.15,45269.35,45210.45,45239.6,0,0
2023-11-07 09:15:00+05:30,45302.5,45312.9,45137.85,45294.1,0,0
2023-11-07 09:45:00+05:30,45293.6,45334.6,45255.8,45323.35,0,0
2023-11-07 10:15:00+05:30,45324.25,45346.15,45283.7,45305.45,0,0
2023-11-07 10:45:00+05:30,45304.65,45320.5,45274.05,45318.95,0,0
2023-11-07 11:15:00+05:30,45319.85,45381.65,45252.0,45253.6,0,0
2023-11-07 11:45:00+05:30,45255.9,45270.1,45223.05,45260.75,0,0
2023-11-07 12:15:00+05:30,45259.7,45280.45,45237.55,45250.15,0,0
2023-11-07 12:45:00+05:30,45250.4,45279.55,45232.35,45247.1,0,0
2023-11-07 13:15:00+05:30,45247.7,45283.0,45228.3,45268.85,0,0
2023-11-07 13:45:00+05:30,45268.95,45484.2,45250.55,45478.75,0,0
2023-11-07 14:15:00+05:30,45479.85,45514.15,45428.25,45503.8,0,0
2023-11-07 14:45:00+05:30,45503.25,45602.5,45484.0,45576.5,0,0
2023-11-07 15:15:00+05:30,45574.4,45641.15,45573.6,45641.15,0,0
2023-11-08 09:15:00+05:30,45798.85,45838.65,45695.65,45829.6,0,0
2023-11-08 09:45:00+05:30,45830.3,45890.6,45800.05,45816.5,0,0
2023-11-08 10:15:00+05:30,45818.45,45909.0,45818.45,45879.2,0,0
2023-11-08 10:45:00+05:30,45879.5,45891.4,45777.25,45795.45,0,0
2023-11-08 11:15:00+05:30,45796.3,45842.45,45790.55,45828.4,0,0
2023-11-08 11:45:00+05:30,45829.0,45858.25,45804.0,45830.05,0,0
2023-11-08 12:15:00+05:30,45830.0,45835.9,45805.75,45824.05,0,0
2023-11-08 12:45:00+05:30,45822.85,45853.95,45802.7,45851.7,0,0
2023-11-08 13:15:00+05:30,45851.25,45879.1,45826.25,45838.35,0,0
2023-11-08 13:45:00+05:30,45837.1,45854.95,45802.95,45804.8,0,0
2023-11-08 14:15:00+05:30,45804.75,45853.25,45798.2,45846.75,0,0
2023-11-08 14:45:00+05:30,45845.8,45911.1,45827.65,45905.35,0,0
2023-11-08 15:15:00+05:30,45905.25,45912.2,45872.7,45892.15,0,0
2023-11-09 09:15:00+05:30,45996.2,46011.25,45764.75,45805.25,0,0
2023-11-09 09:45:00+05:30,45803.05,45852.2,45715.5,45850.1,0,0
2023-11-09 10:15:00+05:30,45850.55,45858.3,45727.0,45736.4,0,0
2023-11-09 10:45:00+05:30,45736.1,45794.05,45731.75,45792.6,0,0
2023-11-09 11:15:00+05:30,45792.7,45834.0,45774.05,45830.2,0,0
2023-11-09 11:45:00+05:30,45832.85,45855.9,45827.5,45838.4,0,0
2023-11-09 12:15:00+05:30,45838.1,45838.1,45758.25,45759.65,0,0
2023-11-09 12:45:00+05:30,45758.85,45766.2,45708.7,45720.0,0,0
2023-11-09 13:15:00+05:30,45719.4,45749.5,45696.7,45708.55,0,0
2023-11-09 13:45:00+05:30,45710.35,45722.15,45692.2,45719.75,0,0
2023-11-09 14:15:00+05:30,45719.1,45722.25,45638.95,45662.9,0,0
2023-11-09 14:45:00+05:30,45662.3,45694.85,45628.15,45667.6,0,0
2023-11-09 15:15:00+05:30,45669.6,45687.65,45645.6,45658.25,0,0
2023-11-10 09:15:00+05:30,45568.65,45596.2,45425.85,45466.25,0,0
2023-11-10 09:45:00+05:30,45467.6,45515.1,45378.5,45515.1,0,0
2023-11-10 10:15:00+05:30,45515.5,45571.25,45465.85,45557.9,0,0
2023-11-10 10:45:00+05:30,45557.45,45609.45,45556.45,45604.7,0,0
2023-11-10 11:15:00+05:30,45603.65,45683.75,45602.95,45679.2,0,0
2023-11-10 11:45:00+05:30,45679.25,45718.55,45665.4,45713.5,0,0
2023-11-10 12:15:00+05:30,45713.6,45746.6,45699.7,45732.9,0,0
2023-11-10 12:45:00+05:30,45731.8,45739.95,45692.85,45693.6,0,0
2023-11-10 13:15:00+05:30,45694.8,45737.4,45694.6,45727.0,0,0
2023-11-10 13:45:00+05:30,45725.1,45739.55,45634.5,45652.55,0,0
2023-11-10 14:15:00+05:30,45650.65,45661.4,45592.1,45647.75,0,0
2023-11-10 14:45:00+05:30,45647.65,45721.4,45638.55,45713.7,0,0
2023-11-10 15:15:00+05:30,45712.8,45767.5,45708.85,45735.35,0,0
2023-11-12 18:15:00+05:30,46070.3,46090.1,45966.85,45973.15,0,0
2023-11-12 18:45:00+05:30,45975.9,45980.4,45898.25,45938.75,0,0
2023-11-13 09:15:00+05:30,45898.2,45900.95,45739.65,45798.5,0,0
2023-11-13 09:45:00+05:30,45799.2,45878.6,45794.45,45862.9,0,0
2023-11-13 10:15:00+05:30,45865.5,45876.5,45742.95,45817.25,0,0
2023-11-13 10:45:00+05:30,45816.7,45821.4,45750.15,45803.55,0,0
2023-11-13 11:15:00+05:30,45804.1,45856.85,45802.35,45840.7,0,0
2023-11-13 11:45:00+05:30,45841.8,45863.75,45821.25,45845.5,0,0
2023-11-13 12:15:00+05:30,45846.4,45891.45,45814.3,45890.65,0,0
2023-11-13 12:45:00+05:30,45890.2,45913.6,45878.1,45897.85,0,0
2023-11-13 13:15:00+05:30,45896.9,45943.65,45890.25,45935.15,0,0
2023-11-13 13:45:00+05:30,45934.3,45977.3,45910.55,45964.15,0,0
2023-11-13 14:15:00+05:30,45964.35,45993.15,45927.25,45950.15,0,0
2023-11-13 14:45:00+05:30,45949.35,46009.85,45939.25,45980.15,0,0
2023-11-13 15:15:00+05:30,45977.3,46005.75,45957.9,45969.4,0,0
2023-11-15 09:15:00+05:30,46348.05,46348.05,46155.05,46266.1,0,0
2023-11-15 09:45:00+05:30,46264.2,46291.4,46234.9,46277.0,0,0
2023-11-15 10:15:00+05:30,46278.0,46343.35,46272.4,46336.25,0,0
2023-11-15 10:45:00+05:30,46337.1,46372.4,46296.25,46345.7,0,0
2023-11-15 11:15:00+05:30,46345.55,46401.3,46344.25,46384.55,0,0
2023-11-15 11:45:00+05:30,46385.05,46453.3,46383.75,46436.75,0,0
2023-11-15 12:15:00+05:30,46437.25,46441.1,46385.5,46424.65,0,0
2023-11-15 12:45:00+05:30,46422.55,46468.25,46417.15,46439.65,0,0
2023-11-15 13:15:00+05:30,46440.4,46456.2,46426.7,46438.65,0,0
2023-11-15 13:45:00+05:30,46440.45,46478.55,46431.35,46437.5,0,0
2023-11-15 14:15:00+05:30,46437.75,46468.25,46403.1,46419.65,0,0
2023-11-15 14:45:00+05:30,46421.5,46448.3,46362.0,46440.55,0,0
2023-11-15 15:15:00+05:30,46439.4,46449.3,46396.5,46408.05,0,0
2023-11-16 09:15:00+05:30,46486.45,46492.3,46330.25,46484.5,0,0
2023-11-16 09:45:00+05:30,46483.95,46488.35,46404.75,46483.95,0,0
2023-11-16 10:15:00+05:30,46483.4,46542.2,46461.05,46530.4,0,0
2023-11-16 10:45:00+05:30,46530.55,46564.75,46498.65,46560.35,0,0
2023-11-16 11:15:00+05:30,46560.35,46567.5,46519.75,46545.05,0,0
2023-11-16 11:45:00+05:30,46544.25,46546.5,46489.1,46532.15,0,0
2023-11-16 12:15:00+05:30,46531.2,46584.25,46527.85,46576.95,0,0
2023-11-16 12:45:00+05:30,46577.15,46580.45,46553.5,46569.05,0,0
2023-11-16 13:15:00+05:30,46570.65,46590.55,46547.5,46584.7,0,0
2023-11-16 13:45:00+05:30,46584.75,46596.0,46559.8,46591.8,0,0
2023-11-16 14:15:00+05:30,46592.9,46683.05,46584.55,46677.85,0,0
2023-11-16 14:45:00+05:30,46675.85,46691.25,46568.0,46575.0,0,0
2023-11-16 15:15:00+05:30,46573.6,46593.35,46559.65,46565.05,0,0
2023-11-17 09:15:00+05:30,46510.9,46813.15,46422.9,46813.15,0,0
2023-11-17 09:45:00+05:30,46812.85,46840.45,46777.95,46779.9,0,0
2023-11-17 10:15:00+05:30,46775.0,46870.75,46691.7,46862.0,0,0
2023-11-17 10:45:00+05:30,46861.7,46866.95,46782.05,46782.05,0,0
2023-11-17 11:15:00+05:30,46781.65,46801.1,46757.65,46788.45,0,0
2023-11-17 11:45:00+05:30,46788.05,46815.4,46763.35,46785.85,0,0
2023-11-17 12:15:00+05:30,46787.55,46825.1,46761.55,46818.2,0,0
2023-11-17 12:45:00+05:30,46818.45,46824.65,46778.0,46789.0,0,0
2023-11-17 13:15:00+05:30,46786.0,46794.7,46718.5,46748.55,0,0
2023-11-17 13:45:00+05:30,46749.65,46801.3,46706.25,46772.9,0,0
2023-11-17 14:15:00+05:30,46776.05,46844.65,46773.0,46836.7,0,0
2023-11-17 14:45:00+05:30,46838.55,46859.5,46778.9,46842.4,0,0
2023-11-17 15:15:00+05:30,46844.15,46853.65,46818.0,46818.0,0,0
2023-11-20 09:15:00+05:30,46943.55,46948.55,46797.45,46865.1,0,0
2023-11-20 09:45:00+05:30,46864.25,46864.25,46771.4,46830.9,0,0
2023-11-20 10:15:00+05:30,46831.3,46899.8,46827.3,46869.3,0,0
2023-11-20 10:45:00+05:30,46868.2,46911.2,46769.55,46769.55,0,0
2023-11-20 11:15:00+05:30,46772.45,46814.15,46755.15,46797.0,0,0
2023-11-20 11:45:00+05:30,46798.6,46820.65,46754.35,46804.55,0,0
2023-11-20 12:15:00+05:30,46803.15,46825.85,46734.75,46766.5,0,0
2023-11-20 12:45:00+05:30,46763.4,46783.75,46727.45,46780.0,0,0
2023-11-20 13:15:00+05:30,46779.2,46782.1,46743.1,46761.5,0,0
2023-11-20 13:45:00+05:30,46762.55,46765.45,46640.45,46671.0,0,0
2023-11-20 14:15:00+05:30,46671.1,46709.2,46654.5,46703.25,0,0
2023-11-20 14:45:00+05:30,46702.45,46741.8,46674.35,46708.45,0,0
2023-11-20 15:15:00+05:30,46706.6,46756.65,46704.3,46743.1,0,0
2023-11-21 09:15:00+05:30,46887.6,46935.15,46807.7,46847.8,0,0
2023-11-21 09:45:00+05:30,46848.1,46849.45,46734.4,46745.55,0,0
2023-11-21 10:15:00+05:30,46745.7,46814.7,46744.5,46803.45,0,0
2023-11-21 10:45:00+05:30,46805.35,46805.45,46703.9,46743.15,0,0
2023-11-21 11:15:00+05:30,46742.45,46783.9,46721.95,46772.9,0,0
2023-11-21 11:45:00+05:30,46773.15,46842.9,46752.65,46831.4,0,0
2023-11-21 12:15:00+05:30,46829.35,46844.55,46781.65,46805.65,0,0
2023-11-21 12:45:00+05:30,46804.5,46847.9,46761.5,46772.95,0,0
2023-11-21 13:15:00+05:30,46772.45,46796.4,46763.5,46781.35,0,0
2023-11-21 13:45:00+05:30,46781.45,46791.3,46730.25,46743.15,0,0
2023-11-21 14:15:00+05:30,46742.35,46760.15,46720.65,46730.55,0,0
2023-11-21 14:45:00+05:30,46732.45,46756.25,46695.75,46726.0,0,0
2023-11-21 15:15:00+05:30,46726.45,46730.25,46683.95,46693.8,0,0
2023-11-22 09:15:00+05:30,46768.75,46791.95,46697.95,46762.05,0,0
2023-11-22 09:45:00+05:30,46760.65,46851.15,46755.95,46823.95,0,0
2023-11-22 10:15:00+05:30,46820.8,46840.6,46733.8,46788.55,0,0
2023-11-22 10:45:00+05:30,46789.6,46790.35,46725.45,46742.55,0,0
2023-11-22 11:15:00+05:30,46742.75,46763.6,46707.15,46715.05,0,0
2023-11-22 11:45:00+05:30,46715.3,46716.75,46560.55,46561.1,0,0
2023-11-22 12:15:00+05:30,46561.7,46566.95,46373.9,46450.0,0,0
2023-11-22 12:45:00+05:30,46449.45,46464.7,46367.85,46459.3,0,0
2023-11-22 13:15:00+05:30,46460.6,46483.85,46422.8,46446.1,0,0
2023-11-22 13:45:00+05:30,46446.6,46470.15,46407.9,46416.45,0,0
2023-11-22 14:15:00+05:30,46416.4,46537.35,46415.5,46524.6,0,0
2023-11-22 14:45:00+05:30,46527.95,46579.25,46517.25,46543.85,0,0
2023-11-22 15:15:00+05:30,46545.2,46561.8,46512.2,46555.75,0,0
2023-11-23 09:15:00+05:30,46651.4,46781.4,46627.65,46699.15,0,0
2023-11-23 09:45:00+05:30,46699.1,46706.9,46607.85,46644.3,0,0
2023-11-23 10:15:00+05:30,46643.45,46664.25,46578.05,46585.6,0,0
2023-11-23 10:45:00+05:30,46585.2,46611.5,46549.45,46561.05,0,0
2023-11-23 11:15:00+05:30,46559.5,46602.2,46552.35,46578.0,0,0
2023-11-23 11:45:00+05:30,46578.35,46600.8,46566.05,46584.9,0,0
2023-11-23 12:15:00+05:30,46584.75,46646.1,46581.65,46610.15,0,0
2023-11-23 12:45:00+05:30,46610.5,46667.45,46606.55,46637.5,0,0
2023-11-23 13:15:00+05:30,46638.45,46659.05,46629.55,46654.7,0,0
2023-11-23 13:45:00+05:30,46655.0,46671.55,46638.3,46644.6,0,0
2023-11-23 14:15:00+05:30,46644.05,46694.55,46640.55,46650.95,0,0
2023-11-23 14:45:00+05:30,46653.7,46685.95,46634.1,46682.6,0,0
2023-11-23 15:15:00+05:30,46683.45,46696.25,46668.25,46669.9,0,0
2023-11-24 09:15:00+05:30,46762.8,46819.0,46751.0,46783.35,0,0
2023-11-24 09:45:00+05:30,46783.9,46783.9,46674.45,46706.65,0,0
2023-11-24 10:15:00+05:30,46707.6,46739.05,46660.85,46731.8,0,0
2023-11-24 10:45:00+05:30,46735.95,46738.7,46683.3,46701.25,0,0
2023-11-24 11:15:00+05:30,46699.7,46716.5,46691.1,46714.95,0,0
2023-11-24 11:45:00+05:30,46716.05,46772.9,46711.25,46771.6,0,0
2023-11-24 12:15:00+05:30,46770.85,46784.5,46697.05,46718.4,0,0
2023-11-24 12:45:00+05:30,46719.6,46729.2,46653.6,46656.4,0,0
2023-11-24 13:15:00+05:30,46656.0,46693.35,46642.3,46659.1,0,0
2023-11-24 13:45:00+05:30,46657.95,46682.15,46653.85,46661.05,0,0
2023-11-24 14:15:00+05:30,46661.4,46671.95,46625.1,46641.5,0,0
2023-11-24 14:45:00+05:30,46641.6,46649.0,46583.8,46620.05,0,0
2023-11-24 15:15:00+05:30,46618.45,46628.7,46578.1,46582.0,0,0
2023-11-28 09:15:00+05:30,46793.3,46878.7,46718.6,46833.15,0,0
2023-11-28 09:45:00+05:30,46834.3,46865.1,46817.15,46824.9,0,0
2023-11-28 10:15:00+05:30,46824.65,46893.4,46793.95,46866.75,0,0
2023-11-28 10:45:00+05:30,46867.95,46912.75,46855.55,46907.15,0,0
2023-11-28 11:15:00+05:30,46906.5,46985.3,46897.1,46975.1,0,0
2023-11-28 11:45:00+05:30,46976.75,47031.55,46938.8,47015.55,0,0
2023-11-28 12:15:00+05:30,47015.4,47055.2,46998.7,47036.65,0,0
2023-11-28 12:45:00+05:30,47037.95,47081.85,47004.7,47069.85,0,0
2023-11-28 13:15:00+05:30,47069.7,47102.05,47048.4,47096.5,0,0
2023-11-28 13:45:00+05:30,47096.05,47123.4,47081.45,47094.9,0,0
2023-11-28 14:15:00+05:30,47097.3,47139.2,47083.65,47115.95,0,0
2023-11-28 14:45:00+05:30,47114.1,47166.65,47078.6,47156.8,0,0
2023-11-28 15:15:00+05:30,47156.25,47216.25,47152.95,47184.8,0,0
2023-11-29 09:15:00+05:30,47471.95,47517.4,47414.2,47511.4,0,0
2023-11-29 09:45:00+05:30,47511.2,47556.4,47480.3,47528.0,0,0
2023-11-29 10:15:00+05:30,47527.6,47545.5,47433.25,47451.75,0,0
2023-11-29 10:45:00+05:30,47453.55,47496.6,47426.8,47493.75,0,0
2023-11-29 11:15:00+05:30,47494.6,47524.05,47470.1,47482.1,0,0
2023-11-29 11:45:00+05:30,47486.1,47509.85,47474.35,47492.95,0,0
2023-11-29 12:15:00+05:30,47493.7,47515.45,47472.85,47478.85,0,0
2023-11-29 12:45:00+05:30,47478.3,47488.2,47445.9,47486.3,0,0
2023-11-29 13:15:00+05:30,47485.45,47493.45,47454.3,47469.35,0,0
2023-11-29 13:45:00+05:30,47470.1,47483.35,47444.75,47463.2,0,0
2023-11-29 14:15:00+05:30,47464.2,47517.4,47451.25,47506.0,0,0
2023-11-29 14:45:00+05:30,47510.2,47527.35,47488.1,47515.85,0,0
2023-11-29 15:15:00+05:30,47515.8,47516.25,47451.5,47475.0,0,0
2023-11-30 09:15:00+05:30,47550.5,47611.15,47451.05,47604.25,0,0
2023-11-30 09:45:00+05:30,47600.85,47616.65,47382.7,47508.45,0,0
2023-11-30 10:15:00+05:30,47508.65,47635.65,47508.65,47633.35,0,0
2023-11-30 10:45:00+05:30,47632.55,47670.4,47602.95,47643.35,0,0
2023-11-30 11:15:00+05:30,47644.45,47740.55,47638.45,47735.85,0,0
2023-11-30 11:45:00+05:30,47736.6,47770.65,47721.8,47729.1,0,0
2023-11-30 12:15:00+05:30,47729.95,47729.95,47668.85,47696.9,0,0
2023-11-30 12:45:00+05:30,47697.15,47714.85,47691.5,47707.75,0,0
2023-11-30 13:15:00+05:30,47711.5,47771.15,47694.45,47767.4,0,0
2023-11-30 13:45:00+05:30,47767.2,47819.3,47747.95,47790.7,0,0
2023-11-30 14:15:00+05:30,47790.65,47913.45,47781.75,47889.45,0,0
2023-11-30 14:45:00+05:30,47895.35,48054.05,47885.9,48038.9,0,0
2023-11-30 15:15:00+05:30,48038.55,48082.95,48029.3,48058.1,0,0
2023-12-01 09:15:00+05:30,48373.1,48373.1,48197.45,48321.0,0,0
2023-12-01 09:45:00+05:30,48323.35,48374.65,48305.15,48335.3,0,0
2023-12-01 10:15:00+05:30,48338.6,48395.7,48314.05,48360.0,0,0
2023-12-01 10:45:00+05:30,48361.95,48398.65,48337.0,48348.85,0,0
2023-12-01 11:15:00+05:30,48352.15,48394.95,48334.8,48392.25,0,0
2023-12-01 11:45:00+05:30,48390.55,48430.45,48375.4,48393.35,0,0
2023-12-01 12:15:00+05:30,48394.0,48427.65,48376.55,48420.65,0,0
2023-12-01 12:45:00+05:30,48422.05,48480.5,48414.4,48465.75,0,0
2023-12-01 13:15:00+05:30,48465.8,48488.05,48458.4,48482.3,0,0
2023-12-01 13:45:00+05:30,48483.65,48565.55,48480.35,48496.2,0,0
2023-12-01 14:15:00+05:30,48496.6,48521.45,48469.5,48484.05,0,0
2023-12-01 14:45:00+05:30,48485.65,48544.2,48471.75,48480.85,0,0
2023-12-01 15:15:00+05:30,48482.3,48489.65,48427.3,48445.85,0,0
2023-12-04 09:15:00+05:30,49347.55,49414.25,49082.3,49100.15,0,0
2023-12-04 09:45:00+05:30,49098.85,49257.2,49071.4,49217.15,0,0
2023-12-04 10:15:00+05:30,49216.65,49237.05,49173.5,49213.45,0,0
2023-12-04 10:45:00+05:30,49215.45,49299.75,49213.65,49283.85,0,0
2023-12-04 11:15:00+05:30,49285.6,49354.9,49285.6,49347.25,0,0
2023-12-04 11:45:00+05:30,49346.45,49348.35,49289.6,49322.4,0,0
2023-12-04 12:15:00+05:30,49321.95,49336.05,49281.2,49299.15,0,0
2023-12-04 12:45:00+05:30,49299.45,49306.25,49271.45,49287.5,0,0
2023-12-04 13:15:00+05:30,49287.4,49318.9,49262.15,49288.9,0,0
2023-12-04 13:45:00+05:30,49288.9,49385.15,49236.25,49381.8,0,0
2023-12-04 14:15:00+05:30,49382.55,49456.3,49364.2,49448.8,0,0
2023-12-04 14:45:00+05:30,49451.75,49473.1,49389.05,49397.9,0,0
2023-12-04 15:15:00+05:30,49402.1,49452.65,49393.65,49443.6,0,0
2023-12-05 09:15:00+05:30,49568.0,49842.45,49405.7,49842.0,0,0
2023-12-05 09:45:00+05:30,49839.4,49853.5,49676.25,49796.1,0,0
2023-12-05 10:15:00+05:30,49796.6,49831.0,49704.75,49783.95,0,0
2023-12-05 10:45:00+05:30,49785.25,49867.1,49739.25,49797.25,0,0
2023-12-05 11:15:00+05:30,49798.9,49811.45,49550.0,49551.25,0,0
2023-12-05 11:45:00+05:30,49551.75,49582.05,49409.65,49564.75,0,0
2023-12-05 12:15:00+05:30,49564.4,49643.85,49539.05,49589.25,0,0
2023-12-05 12:45:00+05:30,49589.1,49760.75,49588.05,49740.55,0,0
2023-12-05 13:15:00+05:30,49740.25,49806.45,49698.05,49757.45,0,0
2023-12-05 13:45:00+05:30,49758.7,49796.55,49722.25,49785.7,0,0
2023-12-05 14:15:00+05:30,49784.8,49880.9,49733.45,49819.05,0,0
2023-12-05 14:45:00+05:30,49818.55,49938.6,49816.0,49925.8,0,0
2023-12-05 15:15:00+05:30,49926.55,49956.6,49916.9,49935.0,0,0
2023-12-06 09:15:00+05:30,50223.45,50503.85,50184.35,50333.65,0,0
2023-12-06 09:45:00+05:30,50332.75,50448.75,50293.65,50389.05,0,0
2023-12-06 10:15:00+05:30,50392.3,50600.0,50392.05,50574.9,0,0
2023-12-06 10:45:00+05:30,50575.6,50621.65,50542.9,50582.25,0,0
2023-12-06 11:15:00+05:30,50585.6,50597.1,50517.25,50584.15,0,0
2023-12-06 11:45:00+05:30,50585.0,50621.8,50560.5,50592.9,0,0
2023-12-06 12:15:00+05:30,50590.0,50595.95,50398.45,50468.25,0,0
2023-12-06 12:45:00+05:30,50467.9,50496.7,50291.0,50293.15,0,0
2023-12-06 13:15:00+05:30,50290.65,50437.3,50210.6,50433.45,0,0
2023-12-06 13:45:00+05:30,50432.2,50528.4,50428.75,50520.9,0,0
2023-12-06 14:15:00+05:30,50518.1,50578.95,50518.1,50575.7,0,0
2023-12-06 14:45:00+05:30,50575.4,50578.5,50472.1,50516.05,0,0
2023-12-06 15:15:00+05:30,50514.6,50588.2,50501.65,50574.5,0,0
2023-12-07 09:15:00+05:30,50753.2,50830.15,50544.35,50774.9,0,0
2023-12-07 09:45:00+05:30,50777.0,50810.5,50675.05,50710.5,0,0
2023-12-07 10:15:00+05:30,50710.25,50859.7,50671.95,50828.9,0,0
2023-12-07 10:45:00+05:30,50829.25,50899.35,50810.05,50883.15,0,0
2023-12-07 11:15:00+05:30,50882.2,50904.1,50853.95,50871.1,0,0
2023-12-07 11:45:00+05:30,50871.9,50931.3,50861.35,50889.5,0,0
2023-12-07 12:15:00+05:30,50888.85,50926.2,50869.65,50894.55,0,0
2023-12-07 12:45:00+05:30,50896.75,50929.65,50876.65,50895.75,0,0
2023-12-07 13:15:00+05:30,50895.35,50927.2,50867.15,50889.45,0,0
2023-12-07 13:45:00+05:30,50889.8,50985.1,50881.2,50935.9,0,0
2023-12-07 14:15:00+05:30,50935.6,50987.25,50924.1,50925.7,0,0
2023-12-07 14:45:00+05:30,50928.6,50943.25,50863.85,50904.9,0,0
2023-12-07 15:15:00+05:30,50906.8,50957.4,50889.8,50944.8,0,0
2023-12-08 09:15:00+05:30,51197.7,51289.55,50986.9,51084.6,0,0
2023-12-08 09:45:00+05:30,51082.25,51106.05,50971.55,51024.2,0,0
2023-12-08 10:15:00+05:30,51022.35,51033.85,50961.05,50973.5,0,0
2023-12-08 10:45:00+05:30,50975.3,50993.6,50581.35,50718.45,0,0
2023-12-08 11:15:00+05:30,50718.9,50760.25,50663.35,50665.4,0,0
2023-12-08 11:45:00+05:30,50666.05,50689.15,50619.6,50654.35,0,0
2023-12-08 12:15:00+05:30,50656.05,50685.15,50522.45,50525.5,0,0
2023-12-08 12:45:00+05:30,50523.05,50545.1,50247.6,50369.8,0,0
2023-12-08 13:15:00+05:30,50369.25,50379.9,50085.75,50085.75,0,0
2023-12-08 13:45:00+05:30,50083.85,50392.9,50079.0,50366.0,0,0
2023-12-08 14:15:00+05:30,50365.8,50526.65,50307.25,50510.85,0,0
2023-12-08 14:45:00+05:30,50510.15,50631.35,50498.6,50618.2,0,0
2023-12-08 15:15:00+05:30,50619.35,50661.6,50593.95,50629.5,0,0
2023-12-11 09:15:00+05:30,50770.1,50963.8,50696.85,50900.9,0,0
2023-12-11 09:45:00+05:30,50901.35,51069.55,50894.5,51060.7,0,0
2023-12-11 10:15:00+05:30,51059.9,51078.55,50901.0,50923.7,0,0
2023-12-11 10:45:00+05:30,50919.4,51065.2,50905.6,51060.0,0,0
2023-12-11 11:15:00+05:30,51063.3,51080.25,51007.1,51048.15,0,0
2023-12-11 11:45:00+05:30,51049.15,51078.5,51022.45,51074.6,0,0
2023-12-11 12:15:00+05:30,51074.25,51074.25,50995.7,51024.7,0,0
2023-12-11 12:45:00+05:30,51029.0,51073.75,51017.5,51066.9,0,0
2023-12-11 13:15:00+05:30,51069.3,51095.7,51044.65,51074.8,0,0
2023-12-11 13:45:00+05:30,51077.0,51149.2,51051.75,51115.4,0,0
2023-12-11 14:15:00+05:30,51115.5,51136.45,51060.4,51106.5,0,0
2023-12-11 14:45:00+05:30,51107.85,51172.95,51097.4,51141.25,0,0
2023-12-11 15:15:00+05:30,51141.05,51169.25,51098.4,51152.2,0,0
2023-12-12 09:15:00+05:30,51324.15,51352.45,51238.05,51273.15,0,0
2023-12-12 09:45:00+05:30,51273.2,51292.45,51055.25,51077.5,0,0
2023-12-12 10:15:00+05:30,51076.95,51151.4,50973.85,51123.65,0,0
2023-12-12 10:45:00+05:30,51122.75,51149.35,51090.55,51130.35,0,0
2023-12-12 11:15:00+05:30,51130.85,51169.5,51108.45,51154.65,0,0
2023-12-12 11:45:00+05:30,51155.1,51168.4,51115.45,51136.8,0,0
2023-12-12 12:15:00+05:30,51137.9,51150.4,51072.9,51073.5,0,0
2023-12-12 12:45:00+05:30,51070.2,51076.95,50959.55,51022.05,0,0
2023-12-12 13:15:00+05:30,51021.95,51035.65,50992.1,51030.45,0,0
2023-12-12 13:45:00+05:30,51029.4,51031.55,50905.25,50906.75,0,0
2023-12-12 14:15:00+05:30,50908.9,50918.35,50661.1,50670.5,0,0
2023-12-12 14:45:00+05:30,50673.25,50841.0,50583.9,50800.65,0,0
2023-12-12 15:15:00+05:30,50801.05,50860.1,50782.4,50794.05,0,0
2023-12-13 09:15:00+05:30,50984.65,50997.35,50807.1,50883.4,0,0
2023-12-13 09:45:00+05:30,50886.95,50928.55,50687.45,50822.2,0,0
2023-12-13 10:15:00+05:30,50820.65,50826.75,50704.0,50754.15,0,0
2023-12-13 10:45:00+05:30,50755.55,50868.25,50721.85,50848.65,0,0
2023-12-13 11:15:00+05:30,50849.55,50881.65,50743.5,50790.3,0,0
2023-12-13 11:45:00+05:30,50791.8,50794.5,50724.9,50731.55,0,0
2023-12-13 12:15:00+05:30,50732.6,50872.9,50727.6,50849.75,0,0
2023-12-13 12:45:00+05:30,50849.8,50935.15,50843.45,50913.0,0,0
2023-12-13 13:15:00+05:30,50912.8,51101.95,50909.95,51089.65,0,0
2023-12-13 13:45:00+05:30,51089.35,51188.35,51086.9,51141.85,0,0
2023-12-13 14:15:00+05:30,51141.3,51157.3,51105.35,51136.95,0,0
2023-12-13 14:45:00+05:30,51135.05,51283.75,51127.2,51262.0,0,0
2023-12-13 15:15:00+05:30,51267.4,51321.6,51247.5,51259.35,0,0
2023-12-14 09:15:00+05:30,51651.25,51756.25,51540.75,51740.5,0,0
2023-12-14 09:45:00+05:30,51741.85,51791.6,51680.55,51721.6,0,0
2023-12-14 10:15:00+05:30,51720.1,51734.95,51660.9,51711.1,0,0
2023-12-14 10:45:00+05:30,51709.8,51785.35,51696.9,51780.15,0,0
2023-12-14 11:15:00+05:30,51781.8,51888.55,51761.0,51874.85,0,0
2023-12-14 11:45:00+05:30,51873.4,51892.5,51844.0,51857.8,0,0
2023-12-14 12:15:00+05:30,51857.5,51875.95,51812.85,51834.4,0,0
2023-12-14 12:45:00+05:30,51834.55,51848.25,51806.95,51815.95,0,0
2023-12-14 13:15:00+05:30,51816.25,51839.9,51784.3,51819.65,0,0
2023-12-14 13:45:00+05:30,51819.4,51844.6,51798.25,51830.75,0,0
2023-12-14 14:15:00+05:30,51830.3,51887.5,51817.05,51879.25,0,0
2023-12-14 14:45:00+05:30,51877.9,51907.15,51810.5,51897.55,0,0
2023-12-14 15:15:00+05:30,51895.85,52004.7,51891.75,51948.95,0,0
2023-12-15 09:15:00+05:30,52191.6,52210.55,51980.6,52093.95,0,0
2023-12-15 09:45:00+05:30,52093.35,52195.25,52082.65,52179.5,0,0
2023-12-15 10:15:00+05:30,52177.8,52184.9,52020.05,52020.9,0,0
2023-12-15 10:45:00+05:30,52020.1,52022.4,51836.25,51912.7,0,0
2023-12-15 11:15:00+05:30,51912.1,51973.65,51910.2,51959.3,0,0
2023-12-15 11:45:00+05:30,51957.0,51985.85,51943.75,51956.15,0,0
2023-12-15 12:15:00+05:30,51955.55,51994.55,51940.05,51957.15,0,0
2023-12-15 12:45:00+05:30,51955.05,52027.6,51948.75,51991.3,0,0
2023-12-15 13:15:00+05:30,51991.15,52000.1,51927.7,51987.2,0,0
2023-12-15 13:45:00+05:30,51986.85,52034.1,51962.9,52005.1,0,0
2023-12-15 14:15:00+05:30,52006.2,52065.7,51982.5,52034.7,0,0
2023-12-15 14:45:00+05:30,52035.55,52053.25,51958.1,51969.9,0,0
2023-12-15 15:15:00+05:30,51971.2,51971.4,51900.2,51936.7,0,0
2023-12-18 09:15:00+05:30,52090.0,52127.55,51796.75,52108.2,0,0
2023-12-18 09:45:00+05:30,52109.75,52195.75,52078.05,52180.7,0,0
2023-12-18 10:15:00+05:30,52180.85,52257.5,52151.5,52248.45,0,0
2023-12-18 10:45:00+05:30,52250.05,52315.0,52247.8,52306.25,0,0
2023-12-18 11:15:00+05:30,52306.0,52369.0,52291.4,52342.6,0,0
2023-12-18 11:45:00+05:30,52342.0,52343.65,52292.7,52336.85,0,0
2023-12-18 12:15:00+05:30,52337.85,52349.8,52255.25,52290.0,0,0
2023-12-18 12:45:00+05:30,52289.7,52347.4,52271.85,52292.55,0,0
2023-12-18 13:15:00+05:30,52292.65,52340.5,52257.6,52328.65,0,0
2023-12-18 13:45:00+05:30,52330.2,52359.4,52308.55,52331.1,0,0
2023-12-18 14:15:00+05:30,52335.1,52344.2,52298.3,52310.6,0,0
2023-12-18 14:45:00+05:30,52310.55,52362.25,52287.3,52288.6,0,0
2023-12-18 15:15:00+05:30,52290.6,52304.05,52267.75,52280.4,0,0
2023-12-19 09:15:00+05:30,52481.85,52515.8,52165.65,52170.3,0,0
2023-12-19 09:45:00+05:30,52172.1,52259.15,51918.15,51932.15,0,0
2023-12-19 10:15:00+05:30,51929.1,52165.65,51917.7,52158.5,0,0
2023-12-19 10:45:00+05:30,52157.2,52227.5,52135.45,52214.8,0,0
2023-12-19 11:15:00+05:30,52216.3,52305.55,52204.25,52301.2,0,0
2023-12-19 11:45:00+05:30,52300.7,52326.25,52275.45,52295.8,0,0
2023-12-19 12:15:00+05:30,52295.6,52429.35,52286.0,52398.05,0,0
2023-12-19 12:45:00+05:30,52397.95,52421.0,52372.65,52377.3,0,0
2023-12-19 13:15:00+05:30,52376.55,52480.8,52349.55,52474.05,0,0
2023-12-19 13:45:00+05:30,52473.75,52493.55,52452.2,52477.35,0,0
2023-12-19 14:15:00+05:30,52478.1,52495.55,52447.5,52471.45,0,0
2023-12-19 14:45:00+05:30,52470.65,52496.65,52319.45,52382.45,0,0
2023-12-19 15:15:00+05:30,52380.7,52430.25,52375.45,52404.95,0,0
2023-12-20 09:15:00+05:30,52734.65,52823.4,52673.1,52775.0,0,0
2023-12-20 09:45:00+05:30,52779.4,52798.05,52653.45,52700.4,0,0
2023-12-20 10:15:00+05:30,52702.5,52753.5,52698.9,52752.05,0,0
2023-12-20 10:45:00+05:30,52750.15,52812.5,52747.1,52764.45,0,0
2023-12-20 11:15:00+05:30,52761.1,52766.75,52640.3,52644.0,0,0
2023-12-20 11:45:00+05:30,52641.7,52647.9,52545.6,52619.6,0,0
2023-12-20 12:15:00+05:30,52620.75,52620.75,52502.3,52558.8,0,0
2023-12-20 12:45:00+05:30,52560.0,52570.95,52260.6,52274.65,0,0
2023-12-20 13:15:00+05:30,52275.0,52276.6,51102.85,51692.2,0,0
2023-12-20 13:45:00+05:30,51696.25,51754.15,51048.5,51279.1,0,0
2023-12-20 14:15:00+05:30,51274.25,51500.7,51122.1,51131.05,0,0
2023-12-20 14:45:00+05:30,51129.0,51281.7,50829.65,50829.65,0,0
2023-12-20 15:15:00+05:30,50834.55,50835.25,50688.0,50733.35,0,0
2023-12-21 09:15:00+05:30,50385.35,50823.75,50102.95,50815.85,0,0
2023-12-21 09:45:00+05:30,50815.25,51230.9,50809.45,51177.1,0,0
2023-12-21 10:15:00+05:30,51178.3,51221.95,50867.25,51185.0,0,0
2023-12-21 10:45:00+05:30,51185.9,51296.1,51117.4,51188.9,0,0
2023-12-21 11:15:00+05:30,51190.5,51198.0,51057.4,51129.55,0,0
2023-12-21 11:45:00+05:30,51129.6,51249.15,51128.75,51191.95,0,0
2023-12-21 12:15:00+05:30,51192.05,51329.0,51143.95,51326.15,0,0
2023-12-21 12:45:00+05:30,51324.05,51336.7,51193.65,51294.15,0,0
2023-12-21 13:15:00+05:30,51290.9,51348.1,51089.3,51126.2,0,0
2023-12-21 13:45:00+05:30,51125.1,51223.4,51069.0,51136.9,0,0
2023-12-21 14:15:00+05:30,51132.3,51390.0,51129.75,51384.7,0,0
2023-12-21 14:45:00+05:30,51383.9,51549.85,51356.1,51529.9,0,0
2023-12-21 15:15:00+05:30,51524.35,51594.25,51514.25,51572.45,0,0
2023-12-22 09:15:00+05:30,51845.95,51863.2,51648.4,51731.5,0,0
2023-12-22 09:45:00+05:30,51732.15,51882.3,51732.15,51867.2,0,0
2023-12-22 10:15:00+05:30,51867.45,51888.7,51792.8,51831.9,0,0
2023-12-22 10:45:00+05:30,51830.4,51957.6,51830.4,51928.0,0,0
2023-12-22 11:15:00+05:30,51927.95,51933.45,51855.4,51910.0,0,0
2023-12-22 11:45:00+05:30,51911.4,51958.0,51887.05,51924.5,0,0
2023-12-22 12:15:00+05:30,51922.6,51939.8,51564.2,51733.05,0,0
2023-12-22 12:45:00+05:30,51732.75,51850.4,51731.25,51749.65,0,0
2023-12-22 13:15:00+05:30,51747.85,51811.5,51625.95,51635.75,0,0
2023-12-22 13:45:00+05:30,51635.45,51732.45,51514.95,51722.5,0,0
2023-12-22 14:15:00+05:30,51723.25,51898.3,51721.7,51894.1,0,0
2023-12-22 14:45:00+05:30,51892.0,51999.5,51825.8,51974.4,0,0
2023-12-22 15:15:00+05:30,51972.05,51975.7,51883.8,51907.75,0,0
2023-12-26 09:15:00+05:30,52201.05,52418.9,52113.2,52363.15,0,0
2023-12-26 09:45:00+05:30,52363.1,52453.1,52353.4,52401.9,0,0
2023-12-26 10:15:00+05:30,52401.45,52415.8,52310.75,52353.5,0,0
2023-12-26 10:45:00+05:30,52357.55,52382.8,52332.35,52358.6,0,0
2023-12-26 11:15:00+05:30,52360.4,52429.05,52356.2,52403.55,0,0
2023-12-26 11:45:00+05:30,52400.95,52419.85,52385.45,52387.4,0,0
2023-12-26 12:15:00+05:30,52387.95,52445.9,52383.7,52398.95,0,0
2023-12-26 12:45:00+05:30,52399.5,52405.75,52303.15,52373.7,0,0
2023-12-26 13:15:00+05:30,52372.05,52443.35,52365.15,52407.2,0,0
2023-12-26 13:45:00+05:30,52405.8,52418.95,52335.25,52365.65,0,0
2023-12-26 14:15:00+05:30,52365.6,52440.65,52361.2,52377.85,0,0
2023-12-26 14:45:00+05:30,52376.85,52449.95,52371.5,52419.5,0,0
2023-12-26 15:15:00+05:30,52416.7,52483.3,52408.45,52462.95,0,0
2023-12-27 09:15:00+05:30,52699.35,52822.95,52689.1,52758.3,0,0
2023-12-27 09:45:00+05:30,52757.85,52852.65,52738.8,52837.15,0,0
2023-12-27 10:15:00+05:30,52841.1,52875.0,52784.8,52790.15,0,0
2023-12-27 10:45:00+05:30,52794.6,52811.35,52729.35,52749.65,0,0
2023-12-27 11:15:00+05:30,52750.15,52810.05,52745.55,52746.85,0,0
2023-12-27 11:45:00+05:30,52745.65,52796.75,52723.35,52726.3,0,0
2023-12-27 12:15:00+05:30,52727.65,52727.7,52428.95,52569.85,0,0
2023-12-27 12:45:00+05:30,52566.8,52673.2,52528.2,52567.3,0,0
2023-12-27 13:15:00+05:30,52567.7,52616.8,52520.45,52584.3,0,0
2023-12-27 13:45:00+05:30,52585.5,52683.9,52583.6,52674.55,0,0
2023-12-27 14:15:00+05:30,52675.2,52747.15,52661.05,52742.45,0,0
2023-12-27 14:45:00+05:30,52741.6,52767.6,52638.7,52710.9,0,0
2023-12-27 15:15:00+05:30,52711.6,52714.4,52654.5,52672.05,0,0
2023-12-28 09:15:00+05:30,52906.75,52927.85,52760.3,52863.4,0,0
2023-12-28 09:45:00+05:30,52864.6,52877.6,52734.8,52743.9,0,0
2023-12-28 10:15:00+05:30,52744.85,52836.25,52739.65,52798.65,0,0
2023-12-28 10:45:00+05:30,52797.85,52868.0,52796.35,52856.55,0,0
2023-12-28 11:15:00+05:30,52856.95,52912.35,52842.55,52892.7,0,0
2023-12-28 11:45:00+05:30,52891.95,52917.0,52873.15,52913.35,0,0
2023-12-28 12:15:00+05:30,52913.5,53007.35,52913.5,52941.45,0,0
2023-12-28 12:45:00+05:30,52941.95,52953.95,52897.5,52930.7,0,0
2023-12-28 13:15:00+05:30,52932.15,52937.75,52858.15,52895.7,0,0
2023-12-28 13:45:00+05:30,52897.05,52988.9,52882.65,52940.35,0,0
2023-12-28 14:15:00+05:30,52936.8,53038.65,52927.5,52965.05,0,0
2023-12-28 14:45:00+05:30,52965.35,53000.85,52904.25,52954.5,0,0
2023-12-28 15:15:00+05:30,52954.7,52987.9,52931.55,52979.25,0,0
2023-12-29 09:15:00+05:30,53033.55,53149.15,52845.05,53037.05,0,0
2023-12-29 09:45:00+05:30,53036.1,53133.45,52915.8,52931.95,0,0
2023-12-29 10:15:00+05:30,52933.25,53146.3,52925.1,53095.9,0,0
2023-12-29 10:45:00+05:30,53096.0,53183.1,53077.8,53180.15,0,0
2023-12-29 11:15:00+05:30,53178.05,53252.6,53178.05,53232.25,0,0
2023-12-29 11:45:00+05:30,53232.0,53300.3,53230.0,53253.35,0,0
2023-12-29 12:15:00+05:30,53255.5,53279.3,53159.1,53161.0,0,0
2023-12-29 12:45:00+05:30,53160.6,53208.25,53130.3,53192.95,0,0
2023-12-29 13:15:00+05:30,53192.8,53202.75,53114.7,53158.95,0,0
2023-12-29 13:45:00+05:30,53159.35,53189.9,53080.0,53080.85,0,0
2023-12-29 14:15:00+05:30,53080.5,53198.55,53046.95,53180.8,0,0
2023-12-29 14:45:00+05:30,53179.35,53388.9,53175.5,53334.95,0,0
2023-12-29 15:15:00+05:30,53336.3,53353.6,53290.15,53292.3,0,0
2024-01-01 09:15:00+05:30,53551.6,53607.0,53467.55,53507.65,0,0
2024-01-01 09:45:00+05:30,53508.25,53584.8,53503.3,53556.7,0,0
2024-01-01 10:15:00+05:30,53557.9,53600.35,53535.8,53576.65,0,0
2024-01-01 10:45:00+05:30,53574.85,53616.3,53555.75,53580.1,0,0
2024-01-01 11:15:00+05:30,53580.5,53599.4,53522.35,53576.75,0,0
2024-01-01 11:45:00+05:30,53573.8,53619.9,53558.4,53614.65,0,0
2024-01-01 12:15:00+05:30,53613.6,53619.3,53550.5,53616.4,0,0
2024-01-01 12:45:00+05:30,53616.35,53632.3,53584.4,53596.2,0,0
2024-01-01 13:15:00+05:30,53598.3,53605.25,53555.0,53562.75,0,0
2024-01-01 13:45:00+05:30,53561.55,53608.7,53554.0,53601.3,0,0
2024-01-01 14:15:00+05:30,53599.55,53648.95,53597.5,53638.1,0,0
2024-01-01 14:45:00+05:30,53639.0,53641.0,53359.2,53369.5,0,0
2024-01-01 15:15:00+05:30,53364.0,53395.45,53297.9,53334.5,0,0
2024-01-02 09:15:00+05:30,53586.35,53604.4,53287.4,53397.15,0,0
2024-01-02 09:45:00+05:30,53398.1,53423.05,53018.85,53124.35,0,0
2024-01-02 10:15:00+05:30,53125.85,53146.4,52605.2,52716.3,0,0
2024-01-02 10:45:00+05:30,52713.6,52907.7,52691.25,52827.1,0,0
2024-01-02 11:15:00+05:30,52826.2,52947.25,52786.85,52926.1,0,0
2024-01-02 11:45:00+05:30,52927.05,53001.85,52878.75,52969.8,0,0
2024-01-02 12:15:00+05:30,52968.9,53139.0,52968.9,53118.65,0,0
2024-01-02 12:45:00+05:30,53119.35,53146.95,53012.05,53079.4,0,0
2024-01-02 13:15:00+05:30,53080.1,53186.6,53080.1,53169.2,0,0
2024-01-02 13:45:00+05:30,53170.25,53223.3,53120.7,53217.7,0,0
2024-01-02 14:15:00+05:30,53219.2,53305.9,53184.2,53274.3,0,0
2024-01-02 14:45:00+05:30,53271.85,53349.25,53225.4,53245.0,0,0
2024-01-02 15:15:00+05:30,53246.5,53301.25,53246.2,53272.5,0,0
2024-01-03 09:15:00+05:30,53408.35,53563.9,53225.2,53253.5,0,0
2024-01-03 09:45:00+05:30,53255.55,53478.8,53241.8,53473.6,0,0
2024-01-03 10:15:00+05:30,53472.85,53584.0,53323.4,53387.95,0,0
2024-01-03 10:45:00+05:30,53381.95,53568.8,53293.65,53559.6,0,0
2024-01-03 11:15:00+05:30,53555.75,53674.0,53555.0,53659.45,0,0
2024-01-03 11:45:00+05:30,53661.35,53700.75,53631.0,53683.25,0,0
2024-01-03 12:15:00+05:30,53683.9,53724.45,53519.75,53634.9,0,0
2024-01-03 12:45:00+05:30,53636.7,53707.9,53625.25,53691.05,0,0
2024-01-03 13:15:00+05:30,53693.0,53779.5,53688.45,53742.6,0,0
2024-01-03 13:45:00+05:30,53742.25,53842.1,53712.55,53824.8,0,0
2024-01-03 14:15:00+05:30,53824.7,53824.7,53694.1,53728.9,0,0
2024-01-03 14:45:00+05:30,53730.05,53807.55,53665.7,53675.95,0,0
2024-01-03 15:15:00+05:30,53677.25,53702.65,53627.9,53693.8,0,0
2024-01-04 09:15:00+05:30,53908.95,54064.4,53897.8,54005.85,0,0
2024-01-04 09:45:00+05:30,54006.4,54129.6,53931.95,54108.95,0,0
2024-01-04 10:15:00+05:30,54114.15,54189.2,54111.15,54175.7,0,0
2024-01-04 10:45:00+05:30,54172.7,54208.0,54147.0,54175.75,0,0
2024-01-04 11:15:00+05:30,54175.1,54208.15,54135.75,54198.4,0,0
2024-01-04 11:45:00+05:30,54196.2,54243.7,54190.75,54239.85,0,0
2024-01-04 12:15:00+05:30,54241.0,54278.6,54212.8,54262.55,0,0
2024-01-04 12:45:00+05:30,54262.45,54302.7,54258.9,54275.55,0,0
2024-01-04 13:15:00+05:30,54277.65,54303.1,54235.65,54295.15,0,0
2024-01-04 13:45:00+05:30,54297.5,54353.35,54286.55,54323.4,0,0
2024-01-04 14:15:00+05:30,54322.25,54342.7,54254.9,54299.75,0,0
2024-01-04 14:45:00+05:30,54301.55,54353.65,54277.4,54347.8,0,0
2024-01-04 15:15:00+05:30,54348.2,54434.2,54343.05,54390.3,0,0
2024-01-05 09:15:00+05:30,54582.05,54686.15,54523.4,54608.1,0,0
2024-01-05 09:45:00+05:30,54611.05,54677.6,54556.25,54636.8,0,0
2024-01-05 10:15:00+05:30,54639.25,54687.6,54512.35,54520.05,0,0
2024-01-05 10:45:00+05:30,54517.8,54558.55,54353.5,54510.7,0,0
2024-01-05 11:15:00+05:30,54511.15,54516.4,54410.4,54462.45,0,0
2024-01-05 11:45:00+05:30,54461.6,54515.0,54382.7,54503.95,0,0
2024-01-05 12:15:00+05:30,54507.2,54525.25,54433.4,54449.45,0,0
2024-01-05 12:45:00+05:30,54450.45,54485.6,54422.9,54448.9,0,0
2024-01-05 13:15:00+05:30,54449.45,54498.1,54320.45,54372.1,0,0
2024-01-05 13:45:00+05:30,54371.85,54401.55,54101.95,54104.4,0,0
2024-01-05 14:15:00+05:30,54100.1,54191.55,53949.0,54189.95,0,0
2024-01-05 14:45:00+05:30,54190.05,54332.65,54178.05,54308.9,0,0
2024-01-05 15:15:00+05:30,54308.85,54313.05,54233.5,54290.75,0,0
2024-01-08 09:15:00+05:30,54450.0,54450.0,53933.7,53956.95,0,0
2024-01-08 09:45:00+05:30,53955.4,54093.05,53865.95,54069.25,0,0
2024-01-08 10:15:00+05:30,54069.5,54166.75,54002.95,54045.3,0,0
2024-01-08 10:45:00+05:30,54045.85,54054.4,53869.8,53940.85,0,0
2024-01-08 11:15:00+05:30,53942.7,54022.0,53907.1,53998.4,0,0
2024-01-08 11:45:00+05:30,53999.7,53999.7,53797.3,53911.85,0,0
2024-01-08 12:15:00+05:30,53909.3,53993.7,53891.4,53956.25,0,0
2024-01-08 12:45:00+05:30,53956.0,53971.15,53880.55,53959.85,0,0
2024-01-08 13:15:00+05:30,53961.2,54030.95,53930.8,53937.4,0,0
2024-01-08 13:45:00+05:30,53938.65,54025.35,53897.9,54002.35,0,0
2024-01-08 14:15:00+05:30,54004.85,54036.95,53773.4,53811.2,0,0
2024-01-08 14:45:00+05:30,53813.5,53859.2,53685.5,53691.0,0,0
2024-01-08 15:15:00+05:30,53691.25,53772.15,53670.0,53769.1,0,0
2024-01-09 09:15:00+05:30,54115.2,54243.55,53955.55,53963.45,0,0
2024-01-09 09:45:00+05:30,53961.2,54150.95,53927.1,54143.85,0,0
2024-01-09 10:15:00+05:30,54146.3,54189.3,54131.65,54172.1,0,0
2024-01-09 10:45:00+05:30,54174.35,54189.6,54085.65,54160.25,0,0
2024-01-09 11:15:00+05:30,54158.5,54227.25,54135.05,54216.15,0,0
2024-01-09 11:45:00+05:30,54216.45,54251.2,54122.45,54160.55,0,0
2024-01-09 12:15:00+05:30,54161.45,54272.45,54155.45,54217.15,0,0
2024-01-09 12:45:00+05:30,54217.0,54268.45,54201.35,54261.45,0,0
2024-01-09 13:15:00+05:30,54262.8,54297.6,54241.9,54282.65,0,0
2024-01-09 13:45:00+05:30,54280.45,54292.9,54143.6,54162.45,0,0
2024-01-09 14:15:00+05:30,54163.25,54174.95,53915.0,53964.1,0,0
2024-01-09 14:45:00+05:30,53964.3,54049.3,53937.05,53947.3,0,0
2024-01-09 15:15:00+05:30,53946.2,53991.75,53891.65,53986.05,0,0
2024-01-10 09:15:00+05:30,53997.65,54014.1,53490.05,53862.85,0,0
2024-01-10 09:45:00+05:30,53865.55,53870.85,53708.9,53852.2,0,0
2024-01-10 10:15:00+05:30,53852.35,53926.1,53792.05,53828.7,0,0
2024-01-10 10:45:00+05:30,53828.15,53873.8,53763.45,53865.75,0,0
2024-01-10 11:15:00+05:30,53865.75,53909.35,53827.85,53901.45,0,0
2024-01-10 11:45:00+05:30,53901.05,53901.3,53736.65,53810.1,0,0
2024-01-10 12:15:00+05:30,53810.55,53848.35,53750.0,53769.8,0,0
2024-01-10 12:45:00+05:30,53767.4,53836.25,53709.1,53782.05,0,0
2024-01-10 13:15:00+05:30,53779.7,53821.55,53716.55,53774.65,0,0
2024-01-10 13:45:00+05:30,53773.2,53906.95,53746.95,53899.25,0,0
2024-01-10 14:15:00+05:30,53901.85,54072.45,53871.35,54040.45,0,0
2024-01-10 14:45:00+05:30,54036.15,54131.95,54036.15,54070.25,0,0
2024-01-10 15:15:00+05:30,54067.95,54109.95,54058.25,54109.95,0,0
2024-01-11 09:15:00+05:30,54355.25,54525.35,54318.9,54470.8,0,0
2024-01-11 09:45:00+05:30,54472.15,54549.85,54456.5,54539.5,0,0
2024-01-11 10:15:00+05:30,54538.6,54558.5,54462.9,54541.15,0,0
2024-01-11 10:45:00+05:30,54541.55,54562.25,54442.05,54555.8,0,0
2024-01-11 11:15:00+05:30,54558.35,54617.05,54529.3,54593.8,0,0
2024-01-11 11:45:00+05:30,54593.75,54636.05,54564.85,54604.95,0,0
2024-01-11 12:15:00+05:30,54603.85,54629.1,54588.55,54618.05,0,0
2024-01-11 12:45:00+05:30,54617.1,54647.7,54599.85,54619.6,0,0
2024-01-11 13:15:00+05:30,54621.1,54634.75,54564.95,54600.6,0,0
2024-01-11 13:45:00+05:30,54600.95,54639.65,54415.3,54435.85,0,0
2024-01-11 14:15:00+05:30,54433.95,54658.65,54419.75,54657.15,0,0
2024-01-11 14:45:00+05:30,54655.25,54675.55,54583.45,54604.4,0,0
2024-01-11 15:15:00+05:30,54603.4,54618.25,54541.5,54579.75,0,0
2024-01-12 09:15:00+05:30,54847.6,54852.9,54587.1,54700.8,0,0
2024-01-12 09:45:00+05:30,54700.85,54725.85,54638.4,54650.55,0,0
2024-01-12 10:15:00+05:30,54648.95,54755.4,54624.9,54721.35,0,0
2024-01-12 10:45:00+05:30,54724.85,54753.6,54690.15,54718.55,0,0
2024-01-12 11:15:00+05:30,54719.65,54769.7,54707.2,54735.05,0,0
2024-01-12 11:45:00+05:30,54734.3,54766.1,54653.2,54686.65,0,0
2024-01-12 12:15:00+05:30,54687.65,54711.35,54671.75,54684.5,0,0
2024-01-12 12:45:00+05:30,54683.7,54762.0,54683.7,54725.75,0,0
2024-01-12 13:15:00+05:30,54725.9,54779.05,54717.3,54760.05,0,0
2024-01-12 13:45:00+05:30,54760.85,54805.55,54730.5,54753.45,0,0
2024-01-12 14:15:00+05:30,54755.0,54830.8,54740.6,54808.5,0,0
2024-01-12 14:45:00+05:30,54811.0,54811.95,54690.85,54729.8,0,0
2024-01-12 15:15:00+05:30,54730.15,54774.2,54718.25,54774.2,0,0
2024-01-15 09:15:00+05:30,55013.2,55025.6,54784.4,54784.4,0,0
2024-01-15 09:45:00+05:30,54788.0,54788.0,54530.6,54679.25,0,0
2024-01-15 10:15:00+05:30,54685.0,54816.6,54683.65,54811.8,0,0
2024-01-15 10:45:00+05:30,54810.6,54835.45,54779.15,54794.6,0,0
2024-01-15 11:15:00+05:30,54796.25,54874.95,54777.7,54871.5,0,0
2024-01-15 11:45:00+05:30,54874.25,54950.45,54869.2,54926.95,0,0
2024-01-15 12:15:00+05:30,54924.75,54996.5,54916.95,54931.3,0,0
2024-01-15 12:45:00+05:30,54931.55,54988.65,54928.05,54980.95,0,0
2024-01-15 13:15:00+05:30,54979.95,55008.45,54890.0,54896.8,0,0
2024-01-15 13:45:00+05:30,54897.0,54958.95,54832.15,54944.1,0,0
2024-01-15 14:15:00+05:30,54945.8,54979.5,54913.25,54951.95,0,0
2024-01-15 14:45:00+05:30,54950.85,54974.65,54904.25,54928.85,0,0
2024-01-15 15:15:00+05:30,54926.75,54963.7,54903.8,54952.1,0,0
2024-01-16 09:15:00+05:30,55013.0,55013.0,54824.9,54933.85,0,0
2024-01-16 09:45:00+05:30,54932.1,55014.65,54918.05,54968.7,0,0
2024-01-16 10:15:00+05:30,54969.15,55018.1,54904.05,54998.75,0,0
2024-01-16 10:45:00+05:30,54993.1,55056.75,54988.15,55023.8,0,0
2024-01-16 11:15:00+05:30,55022.45,55037.3,54950.85,54962.55,0,0
2024-01-16 11:45:00+05:30,54961.2,55017.45,54873.7,54910.9,0,0
2024-01-16 12:15:00+05:30,54914.15,54957.65,54857.2,54898.85,0,0
2024-01-16 12:45:00+05:30,54900.15,54916.35,54562.95,54616.2,0,0
2024-01-16 13:15:00+05:30,54612.75,54730.5,54515.0,54709.3,0,0
2024-01-16 13:45:00+05:30,54705.8,54883.2,54683.7,54847.85,0,0
2024-01-16 14:15:00+05:30,54848.75,54899.2,54765.2,54862.65,0,0
2024-01-16 14:45:00+05:30,54861.65,54897.0,54821.05,54821.2,0,0
2024-01-16 15:15:00+05:30,54821.5,54827.05,54768.05,54796.65,0,0
2024-01-17 09:15:00+05:30,54478.65,54813.1,54128.45,54762.4,0,0
2024-01-17 09:45:00+05:30,54761.5,54788.1,54540.9,54600.1,0,0
2024-01-17 10:15:00+05:30,54599.5,54650.95,54428.35,54493.6,0,0
2024-01-17 10:45:00+05:30,54492.7,54597.15,54466.15,54571.1,0,0
2024-01-17 11:15:00+05:30,54570.55,54655.25,54422.95,54471.0,0,0
2024-01-17 11:45:00+05:30,54473.7,54496.35,54317.35,54398.0,0,0
2024-01-17 12:15:00+05:30,54401.1,54452.3,54313.95,54328.5,0,0
2024-01-17 12:45:00+05:30,54324.3,54480.9,54314.55,54418.65,0,0
2024-01-17 13:15:00+05:30,54420.05,54455.25,54307.65,54436.7,0,0
2024-01-17 13:45:00+05:30,54434.45,54511.85,54418.05,54464.9,0,0
2024-01-17 14:15:00+05:30,54466.45,54470.75,54132.85,54144.0,0,0
2024-01-17 14:45:00+05:30,54143.8,54251.75,54116.55,54244.55,0,0
2024-01-17 15:15:00+05:30,54244.8,54291.85,54168.5,54277.35,0,0
2024-01-18 09:15:00+05:30,54052.55,54150.95,53140.0,53247.3,0,0
2024-01-18 09:45:00+05:30,53246.45,53468.0,52766.3,53414.45,0,0
2024-01-18 10:15:00+05:30,53414.85,53666.95,53264.55,53661.45,0,0
2024-01-18 10:45:00+05:30,53665.75,53868.05,53638.45,53852.15,0,0
2024-01-18 11:15:00+05:30,53847.2,53941.0,53769.85,53847.7,0,0
2024-01-18 11:45:00+05:30,53849.1,54058.5,53842.05,54055.45,0,0
2024-01-18 12:15:00+05:30,54058.15,54077.3,53810.65,53810.65,0,0
2024-01-18 12:45:00+05:30,53810.3,53933.0,53787.7,53856.95,0,0
2024-01-18 13:15:00+05:30,53856.5,53943.1,53798.95,53847.2,0,0
2024-01-18 13:45:00+05:30,53847.15,53935.2,53835.35,53919.5,0,0
2024-01-18 14:15:00+05:30,53919.25,54012.15,53784.25,53987.95,0,0
2024-01-18 14:45:00+05:30,53987.55,54034.9,53878.85,53925.4,0,0
2024-01-18 15:15:00+05:30,53927.25,54007.65,53914.1,54001.15,0,0
2024-01-19 09:15:00+05:30,54297.25,54434.45,54260.9,54341.25,0,0
2024-01-19 09:45:00+05:30,54338.6,54414.05,54250.95,54385.05,0,0
2024-01-19 10:15:00+05:30,54386.8,54543.4,54383.8,54493.2,0,0
2024-01-19 10:45:00+05:30,54492.1,54518.1,54343.05,54379.0,0,0
2024-01-19 11:15:00+05:30,54378.75,54483.25,54354.15,54420.5,0,0
2024-01-19 11:45:00+05:30,54421.45,54451.65,54357.7,54366.55,0,0
2024-01-19 12:15:00+05:30,54366.4,54431.9,54302.7,54424.1,0,0
2024-01-19 12:45:00+05:30,54424.15,54541.6,54422.3,54539.65,0,0
2024-01-19 13:15:00+05:30,54539.55,54561.15,54452.25,54541.6,0,0
2024-01-19 13:45:00+05:30,54541.85,54566.3,54427.8,54453.9,0,0
2024-01-19 14:15:00+05:30,54454.3,54636.0,54439.5,54627.4,0,0
2024-01-19 14:45:00+05:30,54626.4,54741.8,54593.15,54734.25,0,0
2024-01-19 15:15:00+05:30,54736.35,54739.85,54698.85,54715.4,0,0
2024-01-20 09:15:00+05:30,54970.9,55038.55,54705.65,54725.6,0,0
2024-01-20 09:45:00+05:30,54725.4,54749.05,54459.35,54561.7,0,0
2024-01-20 10:15:00+05:30,54561.0,54649.85,54554.9,54644.2,0,0
2024-01-20 10:45:00+05:30,54642.45,54684.4,54640.6,54658.2,0,0
2024-01-20 11:15:00+05:30,54658.4,54713.85,54655.65,54701.1,0,0
2024-01-20 11:45:00+05:30,54701.85,54737.8,54673.45,54728.6,0,0
2024-01-20 12:15:00+05:30,54729.6,54760.45,54560.95,54590.5,0,0
2024-01-20 12:45:00+05:30,54589.5,54701.9,54580.6,54701.05,0,0
2024-01-20 13:15:00+05:30,54699.05,54760.45,54664.85,54751.95,0,0
2024-01-20 13:45:00+05:30,54751.8,54791.55,54705.25,54789.4,0,0
2024-01-20 14:15:00+05:30,54789.7,54900.7,54755.8,54816.0,0,0
2024-01-20 14:45:00+05:30,54816.6,54888.75,54707.3,54735.15,0,0
2024-01-20 15:15:00+05:30,54733.75,54743.95,54670.5,54724.2,0,0
2024-01-23 09:15:00+05:30,55218.25,55227.7,54694.45,54793.15,0,0
2024-01-23 09:45:00+05:30,54796.4,54805.6,54276.25,54409.75,0,0
2024-01-23 10:15:00+05:30,54411.25,54443.9,54092.5,54140.95,0,0
2024-01-23 10:45:00+05:30,54141.75,54414.35,54133.4,54369.7,0,0
2024-01-23 11:15:00+05:30,54370.35,54373.1,54084.6,54095.5,0,0
2024-01-23 11:45:00+05:30,54091.15,54170.95,53783.45,53816.5,0,0
2024-01-23 12:15:00+05:30,53817.65,53941.3,53785.75,53860.9,0,0
2024-01-23 12:45:00+05:30,53860.5,53878.4,53627.95,53638.65,0,0
2024-01-23 13:15:00+05:30,53639.55,53711.0,53483.25,53651.5,0,0
2024-01-23 13:45:00+05:30,53649.5,53682.35,53429.2,53513.4,0,0
2024-01-23 14:15:00+05:30,53510.95,53514.4,53009.75,53076.25,0,0
2024-01-23 14:45:00+05:30,53079.2,53402.65,53075.6,53329.9,0,0
2024-01-23 15:15:00+05:30,53329.6,53386.05,53245.6,53332.15,0,0
2024-01-24 09:15:00+05:30,53419.05,53723.8,52872.95,53594.45,0,0
2024-01-24 09:45:00+05:30,53596.85,53813.85,53582.2,53656.4,0,0
2024-01-24 10:15:00+05:30,53657.5,53890.55,53657.5,53795.45,0,0
2024-01-24 10:45:00+05:30,53794.3,53902.25,53723.1,53846.15,0,0
2024-01-24 11:15:00+05:30,53848.15,53927.75,53497.4,53661.35,0,0
2024-01-24 11:45:00+05:30,53662.1,53663.55,53481.7,53522.6,0,0
2024-01-24 12:15:00+05:30,53522.05,53616.85,53448.9,53518.4,0,0
2024-01-24 12:45:00+05:30,53518.3,53849.5,53518.3,53829.8,0,0
2024-01-24 13:15:00+05:30,53831.7,53901.3,53775.15,53899.2,0,0
2024-01-24 13:45:00+05:30,53899.65,53988.7,53847.0,53983.85,0,0
2024-01-24 14:15:00+05:30,53984.5,54097.85,53956.55,54092.85,0,0
2024-01-24 14:45:00+05:30,54094.45,54217.8,54064.25,54217.05,0,0
2024-01-24 15:15:00+05:30,54218.9,54272.05,54208.0,54222.55,0,0
2024-01-25 09:15:00+05:30,54493.2,54493.2,54175.2,54375.95,0,0
2024-01-25 09:45:00+05:30,54375.35,54439.15,54280.85,54308.1,0,0
2024-01-25 10:15:00+05:30,54309.0,54324.05,54003.45,54033.4,0,0
2024-01-25 10:45:00+05:30,54034.7,54056.2,53779.5,53856.8,0,0
2024-01-25 11:15:00+05:30,53852.85,54094.95,53852.85,54079.55,0,0
2024-01-25 11:45:00+05:30,54080.0,54086.9,53900.8,53919.45,0,0
2024-01-25 12:15:00+05:30,53920.0,53974.3,53890.15,53942.75,0,0
2024-01-25 12:45:00+05:30,53944.6,53961.25,53856.8,53939.2,0,0
2024-01-25 13:15:00+05:30,53939.2,53979.4,53842.4,53887.45,0,0
2024-01-25 13:45:00+05:30,53885.85,53977.0,53884.7,53933.6,0,0
2024-01-25 14:15:00+05:30,53932.7,54067.75,53910.45,53985.3,0,0
2024-01-25 14:45:00+05:30,53985.95,54282.55,53985.05,54258.25,0,0
2024-01-25 15:15:00+05:30,54260.15,54361.5,54233.55,54360.95,0,0
2024-01-29 09:15:00+05:30,54564.2,54762.05,54369.4,54677.7,0,0
2024-01-29 09:45:00+05:30,54675.85,54755.85,54647.1,54724.5,0,0
2024-01-29 10:15:00+05:30,54723.75,54840.15,54719.8,54815.7,0,0
2024-01-29 10:45:00+05:30,54815.8,54987.05,54803.95,54919.3,0,0
2024-01-29 11:15:00+05:30,54918.25,54920.4,54752.5,54828.75,0,0
2024-01-29 11:45:00+05:30,54829.05,54863.2,54821.25,54840.7,0,0
2024-01-29 12:15:00+05:30,54842.8,54916.45,54815.8,54910.2,0,0
2024-01-29 12:45:00+05:30,54907.6,54938.2,54804.55,54884.2,0,0
2024-01-29 13:15:00+05:30,54883.85,54904.75,54818.95,54873.0,0,0
2024-01-29 13:45:00+05:30,54872.2,54976.25,54872.2,54938.3,0,0
2024-01-29 14:15:00+05:30,54939.1,54972.25,54887.2,54940.85,0,0
2024-01-29 14:45:00+05:30,54937.95,55054.6,54801.5,55017.65,0,0
2024-01-29 15:15:00+05:30,55017.95,55081.2,55003.6,55025.9,0,0
2024-01-30 09:15:00+05:30,55249.25,55392.2,55114.35,55392.2,0,0
2024-01-30 09:45:00+05:30,55386.95,55507.15,55312.95,55459.45,0,0
2024-01-30 10:15:00+05:30,55461.25,55482.5,55313.45,55326.35,0,0
2024-01-30 10:45:00+05:30,55323.05,55326.95,55171.2,55270.2,0,0
2024-01-30 11:15:00+05:30,55270.8,55369.4,55185.6,55352.55,0,0
2024-01-30 11:45:00+05:30,55355.3,55392.9,55322.4,55378.35,0,0
2024-01-30 12:15:00+05:30,55380.1,55430.9,55357.45,55383.65,0,0
2024-01-30 12:45:00+05:30,55385.6,55460.8,55354.05,55377.95,0,0
2024-01-30 13:15:00+05:30,55380.35,55431.4,55278.3,55394.3,0,0
2024-01-30 13:45:00+05:30,55393.35,55394.95,55239.45,55310.15,0,0
2024-01-30 14:15:00+05:30,55309.55,55313.5,54946.85,54965.15,0,0
2024-01-30 14:45:00+05:30,54962.75,55055.75,54763.75,54800.6,0,0
2024-01-30 15:15:00+05:30,54801.2,54848.0,54785.75,54820.55,0,0
2024-01-31 09:15:00+05:30,54916.1,55037.9,54800.1,55020.95,0,0
2024-01-31 09:45:00+05:30,55023.05,55039.75,54862.1,54990.2,0,0
2024-01-31 10:15:00+05:30,54989.25,55026.6,54911.0,54951.85,0,0
2024-01-31 10:45:00+05:30,54953.9,55020.9,54949.4,54983.2,0,0
2024-01-31 11:15:00+05:30,54985.95,55059.2,54898.0,55037.2,0,0
2024-01-31 11:45:00+05:30,55040.5,55152.25,55037.9,55123.2,0,0
2024-01-31 12:15:00+05:30,55124.65,55152.9,55003.5,55023.2,0,0
2024-01-31 12:45:00+05:30,55024.3,55078.55,54897.1,55058.7,0,0
2024-01-31 13:15:00+05:30,55062.5,55169.0,55040.75,55045.55,0,0
2024-01-31 13:45:00+05:30,55048.4,55203.6,55041.1,55143.3,0,0
2024-01-31 14:15:00+05:30,55145.1,55219.45,55086.0,55201.1,0,0
2024-01-31 14:45:00+05:30,55203.85,55328.55,55120.45,55309.1,0,0
2024-01-31 15:15:00+05:30,55310.55,55346.55,55274.55,55311.35,0,0
2024-02-01 09:15:00+05:30,55673.85,55812.6,55546.6,55770.3,0,0
2024-02-01 09:45:00+05:30,55764.45,55858.3,55726.9,55744.7,0,0
2024-02-01 10:15:00+05:30,55743.0,55743.0,55643.1,55685.6,0,0
2024-02-01 10:45:00+05:30,55685.15,55769.35,55568.9,55615.4,0,0
2024-02-01 11:15:00+05:30,55615.2,55622.85,55365.95,55467.85,0,0
2024-02-01 11:45:00+05:30,55469.0,55585.6,55168.6,55496.25,0,0
2024-02-01 12:15:00+05:30,55492.95,55543.35,55292.15,55411.75,0,0
2024-02-01 12:45:00+05:30,55411.6,55606.0,55411.6,55563.75,0,0
2024-02-01 13:15:00+05:30,55563.6,55596.3,55289.75,55361.05,0,0
2024-02-01 13:45:00+05:30,55359.6,55491.45,55337.35,55443.6,0,0
2024-02-01 14:15:00+05:30,55445.1,55483.25,55367.3,55428.0,0,0
2024-02-01 14:45:00+05:30,55427.5,55603.6,55427.5,55498.55,0,0
2024-02-01 15:15:00+05:30,55495.4,55513.75,55464.7,55485.5,0,0
2024-02-02 09:15:00+05:30,55852.8,56034.7,55818.6,56005.35,0,0
2024-02-02 09:45:00+05:30,56005.95,56069.5,55948.0,56040.65,0,0
2024-02-02 10:15:00+05:30,56039.15,56106.5,55992.8,56098.4,0,0
2024-02-02 10:45:00+05:30,56100.4,56127.2,56065.95,56081.25,0,0
2024-02-02 11:15:00+05:30,56082.2,56185.75,56077.3,56093.6,0,0
2024-02-02 11:45:00+05:30,56095.55,56218.25,56088.25,56152.75,0,0
2024-02-02 12:15:00+05:30,56149.35,56196.5,55836.9,56045.95,0,0
2024-02-02 12:45:00+05:30,56042.8,56090.05,55921.85,55967.95,0,0
2024-02-02 13:15:00+05:30,55966.05,56070.0,55838.25,55980.5,0,0
2024-02-02 13:45:00+05:30,55986.25,56107.6,55948.35,56099.45,0,0
2024-02-02 14:15:00+05:30,56099.25,56191.3,56077.7,56180.35,0,0
2024-02-02 14:45:00+05:30,56183.0,56200.45,55915.1,55945.2,0,0
2024-02-02 15:15:00+05:30,55947.65,55949.65,55889.85,55921.0,0,0
2024-02-05 09:15:00+05:30,56330.55,56535.3,56111.15,56484.85,0,0
2024-02-05 09:45:00+05:30,56486.75,56535.35,56386.4,56407.85,0,0
2024-02-05 10:15:00+05:30,56411.85,56434.9,56236.3,56350.9,0,0
2024-02-05 10:45:00+05:30,56350.15,56353.4,56247.25,56314.4,0,0
2024-02-05 11:15:00+05:30,56314.9,56326.05,56233.05,56272.8,0,0
2024-02-05 11:45:00+05:30,56272.05,56317.5,56194.05,56259.0,0,0
2024-02-05 12:15:00+05:30,56256.9,56266.7,56110.05,56122.3,0,0
2024-02-05 12:45:00+05:30,56120.75,56207.0,56114.75,56150.55,0,0
2024-02-05 13:15:00+05:30,56152.0,56186.85,56056.45,56158.7,0,0
2024-02-05 13:45:00+05:30,56160.5,56206.6,55989.65,56137.1,0,0
2024-02-05 14:15:00+05:30,56134.5,56152.4,55584.4,55638.05,0,0
2024-02-05 14:45:00+05:30,55636.55,55836.05,55463.5,55723.95,0,0
2024-02-05 15:15:00+05:30,55723.85,55725.15,55580.2,55673.0,0,0
2024-02-06 09:15:00+05:30,55935.45,55947.65,55504.05,55942.75,0,0
2024-02-06 09:45:00+05:30,55942.4,56043.65,55853.15,55934.4,0,0
2024-02-06 10:15:00+05:30,55933.55,56016.75,55757.65,56012.45,0,0
2024-02-06 10:45:00+05:30,56013.95,56131.9,55967.75,56100.85,0,0
2024-02-06 11:15:00+05:30,56102.4,56154.0,56040.3,56068.15,0,0
2024-02-06 11:45:00+05:30,56065.95,56182.95,56063.3,56155.15,0,0
2024-02-06 12:15:00+05:30,56152.3,56188.15,56075.65,56152.55,0,0
2024-02-06 12:45:00+05:30,56152.45,56201.45,56037.45,56177.1,0,0
2024-02-06 13:15:00+05:30,56176.6,56241.65,56076.15,56218.8,0,0
2024-02-06 13:45:00+05:30,56221.25,56393.9,56190.25,56348.0,0,0
2024-02-06 14:15:00+05:30,56352.5,56440.1,56323.25,56433.95,0,0
2024-02-06 14:45:00+05:30,56429.3,56500.75,56392.5,56460.15,0,0
2024-02-06 15:15:00+05:30,56460.6,56530.4,56436.0,56515.6,0,0
2024-02-07 09:15:00+05:30,56931.25,56978.6,56768.6,56771.65,0,0
2024-02-07 09:45:00+05:30,56775.75,57081.7,56748.7,57079.85,0,0
2024-02-07 10:15:00+05:30,57084.95,57129.6,56849.9,56887.75,0,0
2024-02-07 10:45:00+05:30,56892.1,57006.2,56814.85,56904.85,0,0
2024-02-07 11:15:00+05:30,56905.55,56909.9,56600.4,56730.15,0,0
2024-02-07 11:45:00+05:30,56728.2,56817.9,56682.85,56739.35,0,0
2024-02-07 12:15:00+05:30,56739.65,56905.05,56736.5,56867.4,0,0
2024-02-07 12:45:00+05:30,56868.1,57141.25,56836.2,57087.25,0,0
2024-02-07 13:15:00+05:30,57087.95,57309.45,57087.95,57282.15,0,0
2024-02-07 13:45:00+05:30,57284.25,57375.1,57231.65,57337.65,0,0
2024-02-07 14:15:00+05:30,57339.2,57489.55,57313.5,57391.5,0,0
2024-02-07 14:45:00+05:30,57390.85,57418.9,57303.1,57395.35,0,0
2024-02-07 15:15:00+05:30,57393.95,57441.75,57332.15,57441.75,0,0
2024-02-08 09:15:00+05:30,57754.2,57874.9,57597.1,57771.15,0,0
2024-02-08 09:45:00+05:30,57771.35,57890.9,57665.95,57890.9,0,0
2024-02-08 10:15:00+05:30,57889.45,57927.6,57711.85,57754.2,0,0
2024-02-08 10:45:00+05:30,57752.85,57843.35,57388.45,57575.45,0,0
2024-02-08 11:15:00+05:30,57573.95,57749.45,57529.15,57725.75,0,0
2024-02-08 11:45:00+05:30,57719.0,57877.1,57676.5,57855.05,0,0
2024-02-08 12:15:00+05:30,57854.35,57875.3,57760.15,57844.75,0,0
2024-02-08 12:45:00+05:30,57843.5,57903.95,57760.1,57897.15,0,0
2024-02-08 13:15:00+05:30,57898.2,57927.7,57824.6,57859.3,0,0
2024-02-08 13:45:00+05:30,57860.85,57919.4,57737.6,57787.05,0,0
2024-02-08 14:15:00+05:30,57788.85,57844.9,57632.95,57681.15,0,0
2024-02-08 14:45:00+05:30,57680.35,57768.7,57537.8,57669.3,0,0
2024-02-08 15:15:00+05:30,57666.4,57734.7,57567.45,57713.6,0,0
2024-02-09 09:15:00+05:30,57811.55,57834.6,57158.0,57292.9,0,0
2024-02-09 09:45:00+05:30,57287.5,57306.95,56631.35,57223.25,0,0
2024-02-09 10:15:00+05:30,57218.4,57220.9,56779.75,56781.7,0,0
2024-02-09 10:45:00+05:30,56777.7,56819.2,56263.4,56481.8,0,0
2024-02-09 11:15:00+05:30,56481.55,56813.35,56266.95,56809.75,0,0
2024-02-09 11:45:00+05:30,56810.9,56956.85,56754.55,56933.45,0,0
2024-02-09 12:15:00+05:30,56932.35,57253.55,56905.05,57245.35,0,0
2024-02-09 12:45:00+05:30,57245.8,57305.0,57086.55,57148.1,0,0
2024-02-09 13:15:00+05:30,57150.0,57150.0,56929.85,57065.4,0,0
2024-02-09 13:45:00+05:30,57067.25,57235.0,57014.9,57226.0,0,0
2024-02-09 14:15:00+05:30,57225.2,57316.45,57196.25,57233.85,0,0
2024-02-09 14:45:00+05:30,57235.4,57486.2,57234.5,57430.95,0,0
2024-02-09 15:15:00+05:30,57430.6,57464.8,57394.05,57447.35,0,0
2024-02-12 09:15:00+05:30,57559.7,57698.7,57187.85,57357.6,0,0
2024-02-12 09:45:00+05:30,57357.9,57424.45,56813.1,56907.7,0,0
2024-02-12 10:15:00+05:30,56906.95,56991.0,56646.65,56883.8,0,0
2024-02-12 10:45:00+05:30,56879.8,56879.8,56684.7,56852.9,0,0
2024-02-12 11:15:00+05:30,56852.8,56886.6,56694.5,56750.0,0,0
2024-02-12 11:45:00+05:30,56749.2,56749.2,56445.3,56524.35,0,0
2024-02-12 12:15:00+05:30,56523.3,56764.15,56520.2,56746.45,0,0
2024-02-12 12:45:00+05:30,56750.9,56768.15,56481.9,56585.75,0,0
2024-02-12 13:15:00+05:30,56590.55,56759.25,56514.7,56697.1,0,0
2024-02-12 13:45:00+05:30,56699.7,56833.95,56600.55,56829.4,0,0
2024-02-12 14:15:00+05:30,56829.3,56854.55,56586.3,56722.05,0,0
2024-02-12 14:45:00+05:30,56717.05,56759.55,56292.9,56300.65,0,0
2024-02-12 15:15:00+05:30,56302.75,56337.4,56104.0,56307.7,0,0
2024-02-13 09:15:00+05:30,56425.1,56497.05,55701.9,56084.55,0,0
2024-02-13 09:45:00+05:30,56077.6,56474.95,55917.3,56465.05,0,0
2024-02-13 10:15:00+05:30,56465.1,56701.85,56347.8,56701.85,0,0
2024-02-13 10:45:00+05:30,56698.5,56819.45,56676.6,56806.5,0,0
2024-02-13 11:15:00+05:30,56808.25,56813.1,56454.15,56529.65,0,0
2024-02-13 11:45:00+05:30,56528.3,56633.85,56298.3,56322.5,0,0
2024-02-13 12:15:00+05:30,56322.45,56414.9,56227.3,56308.2,0,0
2024-02-13 12:45:00+05:30,56304.75,56569.85,56296.95,56501.95,0,0
2024-02-13 13:15:00+05:30,56502.1,56730.95,56476.5,56688.5,0,0
2024-02-13 13:45:00+05:30,56688.15,56822.1,56635.65,56712.95,0,0
2024-02-13 14:15:00+05:30,56716.3,56777.45,56640.3,56645.25,0,0
2024-02-13 14:45:00+05:30,56646.1,56918.05,56625.05,56872.15,0,0
2024-02-13 15:15:00+05:30,56873.95,56939.95,56841.65,56874.85,0,0
2024-02-14 09:15:00+05:30,56477.15,56698.3,56274.7,56682.2,0,0
2024-02-14 09:45:00+05:30,56684.55,56893.0,56594.2,56889.7,0,0
2024-02-14 10:15:00+05:30,56893.65,56951.1,56829.15,56874.25,0,0
2024-02-14 10:45:00+05:30,56875.65,56999.5,56849.0,56900.9,0,0
2024-02-14 11:15:00+05:30,56898.3,56995.35,56808.15,56920.4,0,0
2024-02-14 11:45:00+05:30,56920.5,57023.35,56878.1,56974.85,0,0
2024-02-14 12:15:00+05:30,56971.75,57088.75,56957.2,57047.7,0,0
2024-02-14 12:45:00+05:30,57049.4,57129.0,57017.1,57076.4,0,0
2024-02-14 13:15:00+05:30,57081.35,57121.85,56942.4,57076.4,0,0
2024-02-14 13:45:00+05:30,57077.55,57298.95,57072.3,57294.3,0,0
2024-02-14 14:15:00+05:30,57295.75,57495.2,57283.8,57484.0,0,0
2024-02-14 14:45:00+05:30,57481.65,57645.6,57445.7,57618.9,0,0
2024-02-14 15:15:00+05:30,57621.75,57806.7,57610.2,57775.35,0,0
2024-02-15 09:15:00+05:30,58073.5,58187.15,57983.75,58019.4,0,0
2024-02-15 09:45:00+05:30,58018.95,58121.6,57943.9,58107.95,0,0
2024-02-15 10:15:00+05:30,58104.9,58178.55,58079.35,58128.2,0,0
2024-02-15 10:45:00+05:30,58130.05,58168.0,58045.05,58098.05,0,0
2024-02-15 11:15:00+05:30,58096.85,58110.35,58032.55,58095.9,0,0
2024-02-15 11:45:00+05:30,58097.6,58118.05,58054.6,58114.35,0,0
2024-02-15 12:15:00+05:30,58112.5,58113.2,57931.6,58034.35,0,0
2024-02-15 12:45:00+05:30,58034.6,58124.75,58013.05,58107.15,0,0
2024-02-15 13:15:00+05:30,58105.9,58241.2,58103.8,58212.05,0,0
2024-02-15 13:45:00+05:30,58215.45,58233.1,58097.3,58107.95,0,0
2024-02-15 14:15:00+05:30,58099.8,58192.6,58026.5,58192.6,0,0
2024-02-15 14:45:00+05:30,58190.8,58233.35,58157.5,58190.55,0,0
2024-02-15 15:15:00+05:30,58191.9,58204.55,58146.1,58163.7,0,0
2024-02-16 09:15:00+05:30,58460.85,58616.55,58393.6,58568.0,0,0
2024-02-16 09:45:00+05:30,58569.55,58630.3,58399.15,58600.15,0,0
2024-02-16 10:15:00+05:30,58601.35,58616.85,58520.35,58578.05,0,0
2024-02-16 10:45:00+05:30,58576.55,58594.45,58511.85,58547.85,0,0
2024-02-16 11:15:00+05:30,58547.8,58622.45,58492.45,58569.1,0,0
2024-02-16 11:45:00+05:30,58567.2,58686.55,58523.4,58671.5,0,0
2024-02-16 12:15:00+05:30,58669.65,58677.7,58566.75,58643.8,0,0
2024-02-16 12:45:00+05:30,58641.9,58694.9,58599.7,58678.25,0,0
2024-02-16 13:15:00+05:30,58677.35,58685.85,58596.7,58661.25,0,0
2024-02-16 13:45:00+05:30,58660.65,58677.45,58497.8,58575.15,0,0
2024-02-16 14:15:00+05:30,58575.25,58623.9,58513.7,58572.85,0,0
2024-02-16 14:45:00+05:30,58570.85,58671.9,58570.85,58595.9,0,0
2024-02-16 15:15:00+05:30,58595.4,58600.1,58507.4,58515.15,0,0
2024-02-19 09:15:00+05:30,58838.3,58877.3,58580.1,58670.95,0,0
2024-02-19 09:45:00+05:30,58671.45,58715.6,58548.4,58674.85,0,0
2024-02-19 10:15:00+05:30,58671.75,58794.15,58671.55,58730.7,0,0
2024-02-19 10:45:00+05:30,58731.85,58758.0,58692.8,58757.4,0,0
2024-02-19 11:15:00+05:30,58757.2,58808.05,58748.6,58803.65,0,0
2024-02-19 11:45:00+05:30,58806.0,58839.3,58782.25,58828.05,0,0
2024-02-19 12:15:00+05:30,58827.75,58855.95,58793.6,58834.2,0,0
2024-02-19 12:45:00+05:30,58836.4,58856.45,58770.9,58809.05,0,0
2024-02-19 13:15:00+05:30,58811.2,58835.1,58712.15,58804.75,0,0
2024-02-19 13:45:00+05:30,58805.7,58889.0,58804.15,58849.45,0,0
2024-02-19 14:15:00+05:30,58851.8,58897.75,58809.85,58810.5,0,0
2024-02-19 14:45:00+05:30,58813.6,58817.15,58609.15,58617.4,0,0
2024-02-19 15:15:00+05:30,58619.3,58679.8,58601.35,58662.35,0,0
2024-02-20 09:15:00+05:30,58702.4,58727.75,58428.25,58581.45,0,0
2024-02-20 09:45:00+05:30,58582.2,58647.6,58487.3,58646.25,0,0
2024-02-20 10:15:00+05:30,58643.8,58683.25,58478.7,58480.15,0,0
2024-02-20 10:45:00+05:30,58481.45,58603.6,58481.45,58514.8,0,0
2024-02-20 11:15:00+05:30,58517.4,58550.1,58477.15,58536.15,0,0
2024-02-20 11:45:00+05:30,58537.4,58616.55,58532.2,58583.0,0,0
2024-02-20 12:15:00+05:30,58581.1,58634.45,58574.65,58629.85,0,0
2024-02-20 12:45:00+05:30,58631.85,58652.3,58588.75,58620.9,0,0
2024-02-20 13:15:00+05:30,58621.6,58703.65,58602.5,58686.45,0,0
2024-02-20 13:45:00+05:30,58687.85,58700.45,58508.8,58618.15,0,0
2024-02-20 14:15:00+05:30,58616.5,58656.15,58592.45,58600.8,0,0
2024-02-20 14:45:00+05:30,58598.55,58726.4,58565.7,58705.9,0,0
2024-02-20 15:15:00+05:30,58707.95,58767.2,58694.1,58730.4,0,0
2024-02-21 09:15:00+05:30,58913.6,59060.75,58852.1,59032.7,0,0
2024-02-21 09:45:00+05:30,59032.45,59104.8,58974.4,58974.4,0,0
2024-02-21 10:15:00+05:30,58972.9,59021.4,58784.05,58790.5,0,0
2024-02-21 10:45:00+05:30,58786.2,58926.5,58715.7,58906.05,0,0
2024-02-21 11:15:00+05:30,58901.9,58943.2,58816.75,58913.55,0,0
2024-02-21 11:45:00+05:30,58911.05,58927.75,58868.8,58924.95,0,0
2024-02-21 12:15:00+05:30,58924.2,58983.9,58915.45,58957.05,0,0
2024-02-21 12:45:00+05:30,58959.55,59012.35,58929.4,58975.95,0,0
2024-02-21 13:15:00+05:30,58975.1,59005.25,58900.4,58954.65,0,0
2024-02-21 13:45:00+05:30,58952.5,58956.05,58605.0,58613.75,0,0
2024-02-21 14:15:00+05:30,58613.25,58712.95,58259.85,58356.15,0,0
2024-02-21 14:45:00+05:30,58354.1,58494.75,58204.25,58491.5,0,0
2024-02-21 15:15:00+05:30,58492.3,58497.55,58332.6,58359.3,0,0
2024-02-22 09:15:00+05:30,58638.45,58654.65,58006.9,58371.4,0,0
2024-02-22 09:45:00+05:30,58367.5,58452.6,58084.55,58307.7,0,0
2024-02-22 10:15:00+05:30,58309.95,58442.35,58215.6,58436.0,0,0
2024-02-22 10:45:00+05:30,58437.25,58441.85,58268.2,58408.95,0,0
2024-02-22 11:15:00+05:30,58408.1,58418.9,58325.55,58403.0,0,0
2024-02-22 11:45:00+05:30,58403.15,58580.7,58403.15,58537.05,0,0
2024-02-22 12:15:00+05:30,58536.5,58556.2,58488.4,58504.85,0,0
2024-02-22 12:45:00+05:30,58504.95,58518.1,58396.4,58461.15,0,0
2024-02-22 13:15:00+05:30,58460.85,58583.05,58451.05,58569.65,0,0
2024-02-22 13:45:00+05:30,58569.2,58696.85,58566.0,58575.65,0,0
2024-02-22 14:15:00+05:30,58571.35,58817.5,58565.05,58794.8,0,0
2024-02-22 14:45:00+05:30,58792.6,58997.55,58790.55,58985.5,0,0
2024-02-22 15:15:00+05:30,58985.75,59080.4,58980.85,59027.45,0,0
2024-02-23 09:15:00+05:30,59172.95,59223.65,59027.55,59160.6,0,0
2024-02-23 09:45:00+05:30,59160.6,59196.9,59074.45,59118.45,0,0
2024-02-23 10:15:00+05:30,59118.45,59140.75,58811.95,58922.15,0,0
2024-02-23 10:45:00+05:30,58924.1,59064.4,58906.65,59020.35,0,0
2024-02-23 11:15:00+05:30,59019.7,59132.9,59019.7,59126.3,0,0
2024-02-23 11:45:00+05:30,59125.1,59157.7,59088.3,59144.7,0,0
2024-02-23 12:15:00+05:30,59145.1,59322.2,59134.4,59287.35,0,0
2024-02-23 12:45:00+05:30,59286.6,59331.45,59258.7,59306.8,0,0
2024-02-23 13:15:00+05:30,59305.25,59319.8,59130.95,59280.15,0,0
2024-02-23 13:45:00+05:30,59280.4,59306.3,59158.95,59161.1,0,0
2024-02-23 14:15:00+05:30,59161.85,59284.65,59138.25,59281.35,0,0
2024-02-23 14:45:00+05:30,59282.45,59283.8,59169.1,59172.85,0,0
2024-02-23 15:15:00+05:30,59175.9,59175.9,59068.25,59100.25,0,0
2024-02-26 09:15:00+05:30,59146.85,59335.7,59010.95,59284.7,0,0
2024-02-26 09:45:00+05:30,59284.75,59330.35,58998.25,59167.55,0,0
2024-02-26 10:15:00+05:30,59167.65,59195.45,59096.8,59132.25,0,0
2024-02-26 10:45:00+05:30,59133.35,59190.95,59065.3,59131.35,0,0
2024-02-26 11:15:00+05:30,59131.55,59190.3,59082.6,59116.05,0,0
2024-02-26 11:45:00+05:30,59117.3,59154.85,59051.2,59094.5,0,0
2024-02-26 12:15:00+05:30,59091.75,59184.9,59044.4,59139.0,0,0
2024-02-26 12:45:00+05:30,59139.55,59284.8,59119.6,59249.15,0,0
2024-02-26 13:15:00+05:30,59250.95,59282.95,59217.7,59224.75,0,0
2024-02-26 13:45:00+05:30,59227.25,59332.15,59222.8,59291.5,0,0
2024-02-26 14:15:00+05:30,59291.3,59375.05,59291.1,59310.25,0,0
2024-02-26 14:45:00+05:30,59311.2,59331.35,59214.15,59223.95,0,0
2024-02-26 15:15:00+05:30,59221.9,59224.1,59134.35,59181.65,0,0
2024-02-27 09:15:00+05:30,59246.05,59544.95,59207.95,59512.8,0,0
2024-02-27 09:45:00+05:30,59513.85,59633.6,59452.2,59490.65,0,0
2024-02-27 10:15:00+05:30,59493.1,59532.5,59460.65,59492.65,0,0
2024-02-27 10:45:00+05:30,59492.5,59513.25,59447.8,59479.5,0,0
2024-02-27 11:15:00+05:30,59479.35,59494.5,59401.5,59435.75,0,0
2024-02-27 11:45:00+05:30,59435.7,59441.55,59261.7,59300.6,0,0
2024-02-27 12:15:00+05:30,59299.8,59458.95,59299.8,59447.2,0,0
2024-02-27 12:45:00+05:30,59447.35,59456.65,59323.75,59364.55,0,0
2024-02-27 13:15:00+05:30,59360.55,59372.4,59036.05,59047.25,0,0
2024-02-27 13:45:00+05:30,59051.0,59082.5,58885.05,58909.95,0,0
2024-02-27 14:15:00+05:30,58910.0,59092.4,58903.65,59085.4,0,0
2024-02-27 14:45:00+05:30,59084.25,59222.9,59056.45,59187.05,0,0
2024-02-27 15:15:00+05:30,59188.85,59188.85,59071.5,59137.75,0,0
2024-02-28 09:15:00+05:30,59296.0,59352.3,59206.65,59304.35,0,0
2024-02-28 09:45:00+05:30,59305.05,59346.0,59188.5,59300.0,0,0
2024-02-28 10:15:00+05:30,59299.7,59370.0,59140.35,59143.0,0,0
2024-02-28 10:45:00+05:30,59143.7,59143.7,58672.35,58835.55,0,0
2024-02-28 11:15:00+05:30,58836.45,58911.55,58576.4,58585.1,0,0
2024-02-28 11:45:00+05:30,58581.95,58681.25,58504.65,58588.9,0,0
2024-02-28 12:15:00+05:30,58585.35,58676.65,58571.6,58656.45,0,0
2024-02-28 12:45:00+05:30,58659.1,58668.2,58238.35,58250.45,0,0
2024-02-28 13:15:00+05:30,58246.9,58661.05,58246.9,58576.8,0,0
2024-02-28 13:45:00+05:30,58575.75,58754.0,58501.25,58732.25,0,0
2024-02-28 14:15:00+05:30,58730.5,58732.45,58499.35,58514.6,0,0
2024-02-28 14:45:00+05:30,58517.35,58582.85,58373.3,58442.95,0,0
2024-02-28 15:15:00+05:30,58442.1,58447.95,58218.1,58305.45,0,0
2024-02-29 09:15:00+05:30,58390.8,58498.0,57803.7,58161.2,0,0
2024-02-29 09:45:00+05:30,58160.75,58404.4,58055.7,58080.6,0,0
2024-02-29 10:15:00+05:30,58083.4,58161.1,58047.9,58118.35,0,0
2024-02-29 10:45:00+05:30,58114.35,58215.15,57980.1,58210.7,0,0
2024-02-29 11:15:00+05:30,58210.1,58341.3,58209.3,58320.5,0,0
2024-02-29 11:45:00+05:30,58315.5,58499.0,58284.25,58493.1,0,0
2024-02-29 12:15:00+05:30,58490.0,58582.95,58467.9,58582.95,0,0
2024-02-29 12:45:00+05:30,58577.9,58580.55,58437.15,58551.75,0,0
2024-02-29 13:15:00+05:30,58546.7,58608.1,58458.8,58501.75,0,0
2024-02-29 13:45:00+05:30,58501.35,58568.0,58425.85,58500.6,0,0
2024-02-29 14:15:00+05:30,58502.1,58653.65,58413.6,58650.85,0,0
2024-02-29 14:45:00+05:30,58652.7,59022.9,58603.3,59013.8,0,0
2024-02-29 15:15:00+05:30,59017.45,59256.3,59011.1,59131.9,0,0
2024-03-01 09:15:00+05:30,59315.4,59490.65,59299.45,59393.2,0,0
2024-03-01 09:45:00+05:30,59394.2,59398.05,59269.35,59347.65,0,0
2024-03-01 10:15:00+05:30,59343.95,59363.95,59283.35,59286.05,0,0
2024-03-01 10:45:00+05:30,59289.85,59320.0,59213.7,59282.7,0,0
2024-03-01 11:15:00+05:30,59283.85,59346.75,59280.3,59293.35,0,0
2024-03-01 11:45:00+05:30,59293.45,59324.1,59227.65,59263.15,0,0
2024-03-01 12:15:00+05:30,59265.65,59320.05,59226.35,59319.65,0,0
2024-03-01 12:45:00+05:30,59317.4,59419.45,59294.7,59365.05,0,0
2024-03-01 13:15:00+05:30,59364.75,59398.65,59333.6,59396.0,0,0
2024-03-01 13:45:00+05:30,59397.65,59448.15,59379.95,59428.35,0,0
2024-03-01 14:15:00+05:30,59427.65,59446.75,59394.75,59425.75,0,0
2024-03-01 14:45:00+05:30,59423.55,59539.35,59422.2,59464.0,0,0
2024-03-01 15:15:00+05:30,59465.8,59578.2,59450.45,59544.65,0,0
2024-03-02 09:15:00+05:30,59720.95,59847.85,59671.5,59839.3,0,0
2024-03-02 09:45:00+05:30,59840.35,59842.25,59775.65,59791.3,0,0
2024-03-02 11:15:00+05:30,59825.35,59867.45,59778.45,59813.6,0,0
2024-03-02 11:45:00+05:30,59814.85,59824.8,59772.5,59788.8,0,0
2024-03-02 12:15:00+05:30,59790.2,59802.55,59767.45,59780.0,0,0
2024-03-04 09:15:00+05:30,59936.0,59987.3,59650.3,59748.8,0,0
2024-03-04 09:45:00+05:30,59747.7,59910.95,59648.85,59895.25,0,0
2024-03-04 10:15:00+05:30,59893.1,60013.8,59893.1,59988.95,0,0
2024-03-04 10:45:00+05:30,59991.3,59992.25,59876.3,59951.6,0,0
2024-03-04 11:15:00+05:30,59952.2,59967.9,59903.45,59957.05,0,0
2024-03-04 11:45:00+05:30,59955.5,59997.55,59930.85,59995.6,0,0
2024-03-04 12:15:00+05:30,59990.95,60035.3,59983.8,60009.2,0,0
2024-03-04 12:45:00+05:30,60012.45,60045.6,59942.5,59996.25,0,0
2024-03-04 13:15:00+05:30,59995.85,60029.95,59951.3,59990.55,0,0
2024-03-04 13:45:00+05:30,59990.95,60013.0,59935.45,60009.85,0,0
2024-03-04 14:15:00+05:30,60015.6,60024.65,59893.6,59933.25,0,0
2024-03-04 14:45:00+05:30,59933.0,59998.9,59890.05,59924.8,0,0
2024-03-04 15:15:00+05:30,59921.3,59953.45,59875.8,59939.2,0,0
2024-03-05 09:15:00+05:30,60079.95,60225.55,59858.3,60145.95,0,0
2024-03-05 09:45:00+05:30,60146.65,60176.3,60068.3,60169.9,0,0
2024-03-05 10:15:00+05:30,60169.8,60170.75,59916.0,60036.5,0,0
2024-03-05 10:45:00+05:30,60034.65,60064.05,59966.0,59966.0,0,0
2024-03-05 11:15:00+05:30,59963.9,60045.8,59860.55,60033.9,0,0
2024-03-05 11:45:00+05:30,60035.4,60046.3,59976.45,59976.45,0,0
2024-03-05 12:15:00+05:30,59974.45,59990.75,59884.6,59915.25,0,0
2024-03-05 12:45:00+05:30,59913.65,60016.3,59879.2,59999.05,0,0
2024-03-05 13:15:00+05:30,59999.65,60102.25,59984.1,60057.1,0,0
2024-03-05 13:45:00+05:30,60054.7,60062.35,59943.05,60032.75,0,0
2024-03-05 14:15:00+05:30,60032.95,60049.5,59919.05,59969.55,0,0
2024-03-05 14:45:00+05:30,59967.55,60001.8,59882.4,59950.3,0,0
2024-03-05 15:15:00+05:30,59948.35,60073.25,59946.05,60040.65,0,0
2024-03-06 09:15:00+05:30,60033.75,60048.85,59614.95,59744.25,0,0
2024-03-06 09:45:00+05:30,59743.65,59756.15,58900.15,59166.7,0,0
2024-03-06 10:15:00+05:30,59163.55,59540.25,59131.45,59530.4,0,0
2024-03-06 10:45:00+05:30,59529.5,59603.25,59217.95,59313.95,0,0
2024-03-06 11:15:00+05:30,59317.15,59350.95,59091.8,59138.7,0,0
2024-03-06 11:45:00+05:30,59137.05,59214.15,58937.5,59064.95,0,0
2024-03-06 12:15:00+05:30,59062.15,59211.3,58919.4,59172.85,0,0
2024-03-06 12:45:00+05:30,59171.65,59311.8,59148.3,59309.0,0,0
2024-03-06 13:15:00+05:30,59309.65,59357.7,59205.45,59320.0,0,0
2024-03-06 13:45:00+05:30,59321.9,59566.15,59319.8,59541.75,0,0
2024-03-06 14:15:00+05:30,59542.55,59754.4,59532.45,59746.25,0,0
2024-03-06 14:45:00+05:30,59744.6,59852.35,59672.2,59787.55,0,0
2024-03-06 15:15:00+05:30,59790.5,59865.5,59778.4,59823.85,0,0
2024-03-07 09:15:00+05:30,59934.65,60166.45,59929.1,60086.4,0,0
2024-03-07 09:45:00+05:30,60090.7,60288.0,60074.25,60247.95,0,0
2024-03-07 10:15:00+05:30,60251.65,60291.8,60154.85,60159.85,0,0
2024-03-07 10:45:00+05:30,60157.05,60342.15,60136.75,60328.85,0,0
2024-03-07 11:15:00+05:30,60328.5,60397.7,60316.4,60341.9,0,0
2024-03-07 11:45:00+05:30,60339.25,60419.4,60329.8,60367.25,0,0
2024-03-07 12:15:00+05:30,60366.4,60451.2,60306.45,60450.75,0,0
2024-03-07 12:45:00+05:30,60452.1,60573.1,60425.9,60507.95,0,0
2024-03-07 13:15:00+05:30,60507.5,60526.65,60403.6,60421.6,0,0
2024-03-07 13:45:00+05:30,60422.5,60452.9,60291.2,60387.85,0,0
2024-03-07 14:15:00+05:30,60388.45,60502.15,60366.55,60369.7,0,0
2024-03-07 14:45:00+05:30,60374.4,60426.6,60312.75,60326.65,0,0
2024-03-07 15:15:00+05:30,60327.0,60348.45,60231.45,60306.65,0,0
2024-03-11 09:15:00+05:30,60467.45,60826.65,60253.2,60778.55,0,0
2024-03-11 09:45:00+05:30,60783.15,60911.3,60752.7,60799.0,0,0
2024-03-11 10:15:00+05:30,60789.6,60920.25,60782.05,60875.0,0,0
2024-03-11 10:45:00+05:30,60877.75,60878.35,60694.3,60697.5,0,0
2024-03-11 11:15:00+05:30,60700.75,60773.4,60580.7,60590.85,0,0
2024-03-11 11:45:00+05:30,60586.2,60593.5,60221.15,60269.55,0,0
2024-03-11 12:15:00+05:30,60270.3,60546.85,60269.7,60539.2,0,0
2024-03-11 12:45:00+05:30,60536.4,60563.1,60425.1,60437.7,0,0
2024-03-11 13:15:00+05:30,60436.6,60556.0,60386.35,60484.4,0,0
2024-03-11 13:45:00+05:30,60481.95,60551.7,60421.05,60421.05,0,0
2024-03-11 14:15:00+05:30,60420.25,60493.5,60288.6,60489.0,0,0
2024-03-11 14:45:00+05:30,60484.75,60590.9,60236.4,60289.2,0,0
2024-03-11 15:15:00+05:30,60284.65,60328.2,60203.75,60284.55,0,0
2024-03-12 09:15:00+05:30,60361.2,60418.8,59673.15,60144.45,0,0
2024-03-12 09:45:00+05:30,60145.15,60195.8,59998.1,60166.35,0,0
2024-03-12 10:15:00+05:30,60166.2,60207.15,59802.05,59802.9,0,0
2024-03-12 10:45:00+05:30,59809.2,59820.85,59558.7,59720.7,0,0
2024-03-12 11:15:00+05:30,59718.9,59732.45,59361.3,59379.7,0,0
2024-03-12 11:45:00+05:30,59380.1,59592.85,59312.3,59512.5,0,0
2024-03-12 12:15:00+05:30,59508.95,59601.05,59404.65,59587.3,0,0
2024-03-12 12:45:00+05:30,59583.7,59585.75,59294.6,59462.55,0,0
2024-03-12 13:15:00+05:30,59463.05,59603.9,59427.75,59562.3,0,0
2024-03-12 13:45:00+05:30,59560.6,59669.55,59549.25,59554.15,0,0
2024-03-12 14:15:00+05:30,59552.15,59592.8,59326.35,59371.35,0,0
2024-03-12 14:45:00+05:30,59374.35,59524.3,59311.7,59342.5,0,0
2024-03-12 15:15:00+05:30,59344.9,59384.45,59305.7,59364.95,0,0
2024-03-13 09:15:00+05:30,59466.8,59661.8,58794.55,58999.25,0,0
2024-03-13 09:45:00+05:30,59001.7,59018.0,58137.3,58630.25,0,0
2024-03-13 10:15:00+05:30,58638.0,58656.5,58341.0,58649.7,0,0
2024-03-13 10:45:00+05:30,58649.8,58654.45,58111.9,58161.35,0,0
2024-03-13 11:15:00+05:30,58159.8,58191.75,57839.35,57907.15,0,0
2024-03-13 11:45:00+05:30,57907.35,57919.3,57432.75,57440.1,0,0
2024-03-13 12:15:00+05:30,57444.45,57805.0,57235.8,57738.65,0,0
2024-03-13 12:45:00+05:30,57730.25,57985.95,57677.15,57806.1,0,0
2024-03-13 13:15:00+05:30,57811.35,57868.05,57512.35,57589.7,0,0
2024-03-13 13:45:00+05:30,57593.65,57593.65,57280.15,57283.4,0,0
2024-03-13 14:15:00+05:30,57284.9,57301.6,56716.85,56883.85,0,0
2024-03-13 14:45:00+05:30,56886.25,57434.95,56811.85,57052.55,0,0
2024-03-13 15:15:00+05:30,57050.55,57154.85,56924.5,57081.7,0,0
2024-03-14 09:15:00+05:30,56938.45,57836.0,56430.85,57688.7,0,0
2024-03-14 09:45:00+05:30,57692.55,57755.5,57359.35,57590.6,0,0
2024-03-14 10:15:00+05:30,57590.95,58062.0,57585.9,58038.9,0,0
2024-03-14 10:45:00+05:30,58042.0,58271.2,58029.85,58199.15,0,0
2024-03-14 11:15:00+05:30,58202.25,58346.5,58095.65,58341.6,0,0
2024-03-14 11:45:00+05:30,58341.2,58392.9,58232.4,58310.4,0,0
2024-03-14 12:15:00+05:30,58309.45,58438.55,58125.0,58126.45,0,0
2024-03-14 12:45:00+05:30,58121.9,58256.45,57956.85,58188.45,0,0
2024-03-14 13:15:00+05:30,58190.55,58365.1,58127.75,58128.35,0,0
2024-03-14 13:45:00+05:30,58129.45,58171.85,57940.15,58071.85,0,0
2024-03-14 14:15:00+05:30,58072.7,58187.2,58036.35,58070.4,0,0
2024-03-14 14:45:00+05:30,58072.75,58545.6,58054.45,58543.35,0,0
2024-03-14 15:15:00+05:30,58544.95,58639.85,58535.5,58541.0,0,0
2024-03-15 09:15:00+05:30,58414.35,58661.1,57937.9,58031.7,0,0
2024-03-15 09:45:00+05:30,58034.85,58190.85,57678.85,57920.9,0,0
2024-03-15 10:15:00+05:30,57922.95,57966.65,57476.6,57619.6,0,0
2024-03-15 10:45:00+05:30,57622.2,57748.3,57365.3,57460.1,0,0
2024-03-15 11:15:00+05:30,57460.4,57519.6,57335.9,57459.95,0,0
2024-03-15 11:45:00+05:30,57459.3,57567.7,57294.6,57344.9,0,0
2024-03-15 12:15:00+05:30,57344.8,57411.5,57184.2,57359.65,0,0
2024-03-15 12:45:00+05:30,57356.1,57651.75,57356.1,57590.6,0,0
2024-03-15 13:15:00+05:30,57591.85,57877.65,57468.45,57844.45,0,0
2024-03-15 13:45:00+05:30,57843.5,58002.05,57778.65,57881.35,0,0
2024-03-15 14:15:00+05:30,57882.15,57952.75,57749.15,57950.3,0,0
2024-03-15 14:45:00+05:30,57951.35,58213.0,57897.35,58008.75,0,0
2024-03-15 15:15:00+05:30,58007.65,58109.3,57949.45,57990.75,0,0
2024-03-18 09:15:00+05:30,58072.85,58394.75,57808.7,58012.4,0,0
2024-03-18 09:45:00+05:30,58013.45,58235.4,57909.15,58000.9,0,0
2024-03-18 10:15:00+05:30,58003.15,58322.65,57995.6,58264.65,0,0
2024-03-18 10:45:00+05:30,58268.65,58324.15,58026.5,58035.25,0,0
2024-03-18 11:15:00+05:30,58037.2,58153.9,57940.15,58144.4,0,0
2024-03-18 11:45:00+05:30,58145.45,58267.8,58108.3,58243.35,0,0
2024-03-18 12:15:00+05:30,58240.15,58363.5,58240.15,58263.6,0,0
2024-03-18 12:45:00+05:30,58262.4,58357.2,58209.4,58345.05,0,0
2024-03-18 13:15:00+05:30,58347.6,58401.65,58325.5,58358.1,0,0
2024-03-18 13:45:00+05:30,58358.25,58423.6,58302.9,58365.65,0,0
2024-03-18 14:15:00+05:30,58366.5,58563.15,58362.4,58493.1,0,0
2024-03-18 14:45:00+05:30,58493.95,58520.55,58368.6,58414.3,0,0
2024-03-18 15:15:00+05:30,58413.45,58470.0,58397.35,58434.3,0,0
2024-03-19 09:15:00+05:30,58403.55,58403.95,58134.5,58350.7,0,0
2024-03-19 09:45:00+05:30,58350.2,58350.2,57809.05,57968.15,0,0
2024-03-19 10:15:00+05:30,57968.35,57968.35,57659.3,57769.7,0,0
2024-03-19 10:45:00+05:30,57767.9,57779.5,57547.75,57681.4,0,0
2024-03-19 11:15:00+05:30,57680.95,57768.45,57433.0,57434.4,0,0
2024-03-19 11:45:00+05:30,57439.55,57615.3,57436.05,57563.55,0,0
2024-03-19 12:15:00+05:30,57562.05,57759.35,57555.25,57694.25,0,0
2024-03-19 12:45:00+05:30,57692.95,57820.5,57689.95,57774.15,0,0
2024-03-19 13:15:00+05:30,57775.35,57826.6,57693.75,57826.6,0,0
2024-03-19 13:45:00+05:30,57825.65,57838.25,57557.5,57580.7,0,0
2024-03-19 14:15:00+05:30,57581.1,57666.1,57475.45,57580.45,0,0
2024-03-19 14:45:00+05:30,57582.95,57647.25,57319.25,57347.35,0,0
2024-03-19 15:15:00+05:30,57346.5,57411.4,57323.05,57388.35,0,0
2024-03-20 09:15:00+05:30,57583.35,57798.0,57350.3,57361.0,0,0
2024-03-20 09:45:00+05:30,57359.95,57390.65,56916.15,56919.8,0,0
2024-03-20 10:15:00+05:30,56918.7,57025.45,56785.7,56811.85,0,0
2024-03-20 10:45:00+05:30,56810.45,57197.85,56678.9,57145.85,0,0
2024-03-20 11:15:00+05:30,57144.6,57287.35,57032.55,57276.05,0,0
2024-03-20 11:45:00+05:30,57277.05,57303.55,57158.1,57190.1,0,0
2024-03-20 12:15:00+05:30,57191.0,57401.45,57184.8,57396.15,0,0
2024-03-20 12:45:00+05:30,57400.45,57518.9,57337.5,57516.1,0,0
2024-03-20 13:15:00+05:30,57516.2,57625.1,57484.75,57595.8,0,0
2024-03-20 13:45:00+05:30,57593.4,57610.85,57424.0,57526.25,0,0
2024-03-20 14:15:00+05:30,57521.8,57587.1,57455.75,57575.15,0,0
2024-03-20 14:45:00+05:30,57575.2,57635.8,57548.3,57579.85,0,0
2024-03-20 15:15:00+05:30,57580.8,57607.15,57548.05,57579.75,0,0
2024-03-21 09:15:00+05:30,58110.1,58438.75,58075.5,58425.85,0,0
2024-03-21 09:45:00+05:30,58423.6,58578.9,58408.75,58568.1,0,0
2024-03-21 10:15:00+05:30,58569.4,58615.2,58527.25,58586.55,0,0
2024-03-21 10:45:00+05:30,58584.7,58679.9,58577.95,58674.15,0,0
2024-03-21 11:15:00+05:30,58676.8,58676.8,58543.15,58586.15,0,0
2024-03-21 11:45:00+05:30,58582.75,58640.65,58380.3,58381.5,0,0
2024-03-21 12:15:00+05:30,58376.75,58564.45,58365.85,58540.85,0,0
2024-03-21 12:45:00+05:30,58541.2,58544.25,58483.8,58528.75,0,0
2024-03-21 13:15:00+05:30,58527.15,58613.75,58495.75,58603.45,0,0
2024-03-21 13:45:00+05:30,58602.0,58667.05,58562.25,58664.6,0,0
2024-03-21 14:15:00+05:30,58668.0,58886.6,58659.45,58875.1,0,0
2024-03-21 14:45:00+05:30,58874.8,58986.5,58810.85,58982.4,0,0
2024-03-21 15:15:00+05:30,58976.15,58979.3,58867.6,58878.25,0,0
2024-03-22 09:15:00+05:30,58987.1,59015.2,58644.3,58884.1,0,0
2024-03-22 09:45:00+05:30,58877.2,58956.05,58785.95,58940.45,0,0
2024-03-22 10:15:00+05:30,58941.45,58994.7,58892.55,58893.7,0,0
2024-03-22 10:45:00+05:30,58894.55,59062.2,58871.85,59056.35,0,0
2024-03-22 11:15:00+05:30,59056.85,59101.5,59045.8,59067.3,0,0
2024-03-22 11:45:00+05:30,59066.8,59116.75,59029.65,59067.15,0,0
2024-03-22 12:15:00+05:30,59065.9,59121.8,59021.5,59109.8,0,0
2024-03-22 12:45:00+05:30,59111.6,59214.5,59107.65,59214.5,0,0
2024-03-22 13:15:00+05:30,59216.55,59244.9,59175.45,59236.3,0,0
2024-03-22 13:45:00+05:30,59234.95,59281.9,59206.65,59245.2,0,0
2024-03-22 14:15:00+05:30,59243.2,59326.25,59218.9,59274.95,0,0
2024-03-22 14:45:00+05:30,59275.5,59284.1,59158.1,59167.75,0,0
2024-03-22 15:15:00+05:30,59166.7,59200.15,59142.95,59170.2,0,0
2024-03-26 09:15:00+05:30,59000.05,59449.45,58991.8,59203.8,0,0
2024-03-26 09:45:00+05:30,59208.0,59358.4,59173.05,59301.95,0,0
2024-03-26 10:15:00+05:30,59300.5,59399.05,59243.45,59358.65,0,0
2024-03-26 10:45:00+05:30,59361.65,59485.35,59329.35,59481.55,0,0
2024-03-26 11:15:00+05:30,59481.25,59592.0,59462.25,59576.35,0,0
2024-03-26 11:45:00+05:30,59576.7,59631.3,59549.35,59593.85,0,0
2024-03-26 12:15:00+05:30,59595.05,59681.7,59591.3,59621.1,0,0
2024-03-26 12:45:00+05:30,59622.15,59686.75,59618.25,59680.2,0,0
2024-03-26 13:15:00+05:30,59681.45,59724.9,59674.75,59712.7,0,0
2024-03-26 13:45:00+05:30,59712.4,59834.4,59683.2,59810.15,0,0
2024-03-26 14:15:00+05:30,59811.2,59858.55,59716.5,59761.55,0,0
2024-03-26 14:45:00+05:30,59762.35,59822.8,59695.2,59799.1,0,0
2024-03-26 15:15:00+05:30,59799.1,59839.4,59780.7,59787.1,0,0
2024-03-27 09:15:00+05:30,60098.1,60287.75,60069.4,60216.05,0,0
2024-03-27 09:45:00+05:30,60214.1,60241.95,60058.85,60123.35,0,0
2024-03-27 10:15:00+05:30,60123.0,60216.25,60105.3,60213.15,0,0
2024-03-27 10:45:00+05:30,60213.45,60253.0,60144.95,60253.0,0,0
2024-03-27 11:15:00+05:30,60254.9,60335.15,60244.1,60322.05,0,0
2024-03-27 11:45:00+05:30,60321.05,60352.25,60304.3,60316.5,0,0
2024-03-27 12:15:00+05:30,60315.5,60337.45,60253.05,60279.55,0,0
2024-03-27 12:45:00+05:30,60283.25,60328.25,60263.1,60294.4,0,0
2024-03-27 13:15:00+05:30,60291.95,60307.4,60260.95,60293.65,0,0
2024-03-27 13:45:00+05:30,60297.15,60310.25,60257.7,60300.55,0,0
2024-03-27 14:15:00+05:30,60304.5,60305.55,60149.55,60155.65,0,0
2024-03-27 14:45:00+05:30,60157.4,60167.2,59894.45,59909.7,0,0
2024-03-27 15:15:00+05:30,59911.8,59967.7,59833.25,59887.5,0,0
2024-03-28 09:15:00+05:30,60079.7,60246.6,60026.0,60242.9,0,0
2024-03-28 09:45:00+05:30,60245.55,60276.6,60144.25,60144.9,0,0
2024-03-28 10:15:00+05:30,60148.95,60160.6,60055.9,60109.0,0,0
2024-03-28 10:45:00+05:30,60109.7,60317.5,60108.65,60310.6,0,0
2024-03-28 11:15:00+05:30,60313.55,60416.5,60276.7,60405.55,0,0
2024-03-28 11:45:00+05:30,60401.65,60471.1,60397.85,60463.8,0,0
2024-03-28 12:15:00+05:30,60465.6,60613.4,60438.95,60609.9,0,0
2024-03-28 12:45:00+05:30,60607.95,60697.85,60572.95,60696.25,0,0
2024-03-28 13:15:00+05:30,60696.55,60806.5,60693.35,60789.2,0,0
2024-03-28 13:45:00+05:30,60785.9,60833.85,60759.2,60821.8,0,0
2024-03-28 14:15:00+05:30,60821.9,60842.35,60787.75,60829.7,0,0
2024-03-28 14:45:00+05:30,60828.1,60833.5,60554.55,60571.35,0,0
2024-03-28 15:15:00+05:30,60574.55,60733.25,60544.9,60733.25,0,0
2024-04-01 09:15:00+05:30,61107.05,61552.3,61068.35,61445.15,0,0
2024-04-01 09:45:00+05:30,61448.2,61698.45,61442.15,61688.55,0,0
2024-04-01 10:15:00+05:30,61691.8,61755.35,61631.05,61691.25,0,0
2024-04-01 10:45:00+05:30,61693.95,61700.15,61570.75,61679.0,0,0
2024-04-01 11:15:00+05:30,61678.9,61706.2,61636.25,61649.95,0,0
2024-04-01 11:45:00+05:30,61651.85,61701.8,61636.0,61636.0,0,0
2024-04-01 12:15:00+05:30,61632.75,61661.05,61577.2,61580.3,0,0
2024-04-01 12:45:00+05:30,61578.75,61587.2,61505.85,61562.95,0,0
2024-04-01 13:15:00+05:30,61563.75,61597.85,61529.2,61533.55,0,0
2024-04-01 13:45:00+05:30,61533.8,61627.0,61493.0,61593.15,0,0
2024-04-01 14:15:00+05:30,61594.6,61650.95,61576.55,61606.55,0,0
2024-04-01 14:45:00+05:30,61606.9,61666.7,61601.55,61645.85,0,0
2024-04-01 15:15:00+05:30,61645.8,61672.1,61595.15,61653.65,0,0
2024-04-02 09:15:00+05:30,61882.65,62013.35,61722.8,62000.55,0,0
2024-04-02 09:45:00+05:30,61997.7,62004.8,61775.05,61824.65,0,0
2024-04-02 10:15:00+05:30,61822.9,61900.85,61778.2,61900.85,0,0
2024-04-02 10:45:00+05:30,61903.3,61936.6,61793.6,61899.15,0,0
2024-04-02 11:15:00+05:30,61901.9,62039.35,61901.9,61977.75,0,0
2024-04-02 11:45:00+05:30,61976.5,62074.85,61974.95,62073.85,0,0
2024-04-02 12:15:00+05:30,62071.0,62127.05,62036.2,62120.3,0,0
2024-04-02 12:45:00+05:30,62120.6,62195.9,62112.35,62147.2,0,0
2024-04-02 13:15:00+05:30,62145.5,62180.4,62080.75,62153.25,0,0
2024-04-02 13:45:00+05:30,62152.55,62159.6,62056.65,62146.25,0,0
2024-04-02 14:15:00+05:30,62142.25,62188.8,62116.25,62187.65,0,0
2024-04-02 14:45:00+05:30,62185.6,62296.85,62176.9,62259.05,0,0
2024-04-02 15:15:00+05:30,62258.8,62261.6,62224.6,62249.05,0,0
2024-04-03 09:15:00+05:30,62180.85,62340.0,61983.55,62248.3,0,0
2024-04-03 09:45:00+05:30,62249.75,62447.7,62249.75,62400.0,0,0
2024-04-03 10:15:00+05:30,62400.25,62411.7,62281.8,62338.85,0,0
2024-04-03 10:45:00+05:30,62337.85,62377.7,62242.6,62324.4,0,0
2024-04-03 11:15:00+05:30,62323.55,62352.45,62233.55,62240.6,0,0
2024-04-03 11:45:00+05:30,62242.05,62418.65,62201.1,62418.65,0,0
2024-04-03 12:15:00+05:30,62418.45,62449.75,62386.85,62441.9,0,0
2024-04-03 12:45:00+05:30,62440.35,62480.9,62398.25,62398.25,0,0
2024-04-03 13:15:00+05:30,62397.8,62440.9,62396.85,62414.1,0,0
2024-04-03 13:45:00+05:30,62410.5,62459.35,62313.35,62388.55,0,0
2024-04-03 14:15:00+05:30,62385.55,62462.6,62359.55,62391.85,0,0
2024-04-03 14:45:00+05:30,62392.6,62447.2,62325.1,62419.05,0,0
2024-04-03 15:15:00+05:30,62420.7,62471.45,62418.25,62443.95,0,0
2024-04-04 09:15:00+05:30,62882.15,62951.0,62616.75,62651.2,0,0
2024-04-04 09:45:00+05:30,62650.65,62736.9,62441.4,62491.55,0,0
2024-04-04 10:15:00+05:30,62493.0,62682.65,62490.2,62534.5,0,0
2024-04-04 10:45:00+05:30,62534.5,62582.4,62280.45,62416.0,0,0
2024-04-04 11:15:00+05:30,62420.3,62427.05,62305.85,62307.3,0,0
2024-04-04 11:45:00+05:30,62308.3,62338.2,62071.5,62076.95,0,0
2024-04-04 12:15:00+05:30,62076.95,62397.6,62025.85,62397.6,0,0
2024-04-04 12:45:00+05:30,62401.4,62425.85,62292.2,62319.35,0,0
2024-04-04 13:15:00+05:30,62313.75,62417.6,62282.3,62356.0,0,0
2024-04-04 13:45:00+05:30,62356.35,62366.0,62016.95,62022.3,0,0
2024-04-04 14:15:00+05:30,62025.7,62215.35,62005.55,62157.3,0,0
2024-04-04 14:45:00+05:30,62161.25,62240.8,62057.6,62116.65,0,0
2024-04-04 15:15:00+05:30,62115.8,62268.25,62107.6,62253.15,0,0
2024-04-05 09:15:00+05:30,62209.65,62320.3,62019.3,62164.7,0,0
2024-04-05 09:45:00+05:30,62162.7,62330.35,62143.65,62304.2,0,0
2024-04-05 10:15:00+05:30,62304.75,62438.55,62270.45,62412.7,0,0
2024-04-05 10:45:00+05:30,62418.2,62467.4,62374.45,62434.3,0,0
2024-04-05 11:15:00+05:30,62434.0,62458.05,62343.25,62394.85,0,0
2024-04-05 11:45:00+05:30,62395.45,62462.15,62374.5,62446.35,0,0
2024-04-05 12:15:00+05:30,62445.1,62523.85,62435.5,62497.0,0,0
2024-04-05 12:45:00+05:30,62496.35,62555.25,62413.75,62435.7,0,0
2024-04-05 13:15:00+05:30,62433.25,62534.85,62428.45,62485.65,0,0
2024-04-05 13:45:00+05:30,62485.75,62659.6,62472.6,62585.65,0,0
2024-04-05 14:15:00+05:30,62585.0,62648.5,62572.9,62585.35,0,0
2024-04-05 14:45:00+05:30,62586.2,62726.05,62561.35,62718.9,0,0
2024-04-05 15:15:00+05:30,62720.45,62734.75,62672.9,62714.05,0,0
2024-04-08 09:15:00+05:30,63097.5,63157.65,62893.5,62951.15,0,0
2024-04-08 09:45:00+05:30,62950.65,63076.45,62870.1,63074.85,0,0
2024-04-08 10:15:00+05:30,63076.25,63129.5,63048.3,63087.3,0,0
2024-04-08 10:45:00+05:30,63085.45,63197.7,63040.7,63180.85,0,0
2024-04-08 11:15:00+05:30,63179.25,63242.85,63146.9,63190.95,0,0
2024-04-08 11:45:00+05:30,63191.85,63195.0,63068.25,63129.05,0,0
2024-04-08 12:15:00+05:30,63129.35,63179.6,63124.45,63126.45,0,0
2024-04-08 12:45:00+05:30,63124.9,63186.65,63106.4,63175.6,0,0
2024-04-08 13:15:00+05:30,63176.65,63178.0,62861.35,63047.9,0,0
2024-04-08 13:45:00+05:30,63047.8,63071.7,62891.0,62973.0,0,0
2024-04-08 14:15:00+05:30,62973.4,63084.9,62972.9,63034.75,0,0
2024-04-08 14:45:00+05:30,63035.55,63083.3,62975.15,62977.75,0,0
2024-04-08 15:15:00+05:30,62978.6,63013.8,62953.45,63003.55,0,0
2024-04-09 09:15:00+05:30,63240.0,63256.5,62785.55,63089.3,0,0
2024-04-09 09:45:00+05:30,63088.55,63174.65,63085.8,63147.05,0,0
2024-04-09 10:15:00+05:30,63151.65,63170.4,63060.1,63158.6,0,0
2024-04-09 10:45:00+05:30,63157.15,63173.05,63047.2,63088.05,0,0
2024-04-09 11:15:00+05:30,63087.8,63165.8,63084.7,63113.35,0,0
2024-04-09 11:45:00+05:30,63115.05,63147.0,63040.15,63076.2,0,0
2024-04-09 12:15:00+05:30,63076.2,63094.2,62803.35,62888.0,0,0
2024-04-09 12:45:00+05:30,62889.8,63066.95,62883.65,62883.95,0,0
2024-04-09 13:15:00+05:30,62883.9,62883.9,62655.4,62655.4,0,0
2024-04-09 13:45:00+05:30,62655.8,62715.95,62500.15,62509.4,0,0
2024-04-09 14:15:00+05:30,62510.8,62884.9,62502.3,62810.1,0,0
2024-04-09 14:45:00+05:30,62809.5,62861.1,62783.8,62794.7,0,0
2024-04-09 15:15:00+05:30,62795.9,62812.1,62756.15,62799.15,0,0
2024-04-10 09:15:00+05:30,63030.9,63371.0,63020.1,63344.6,0,0
2024-04-10 09:45:00+05:30,63338.3,63390.8,63201.5,63276.85,0,0
2024-04-10 10:15:00+05:30,63271.95,63340.85,63231.55,63312.7,0,0
2024-04-10 10:45:00+05:30,63313.25,63336.4,63233.85,63238.2,0,0
2024-04-10 11:15:00+05:30,63236.2,63240.45,63095.45,63205.4,0,0
2024-04-10 11:45:00+05:30,63204.5,63267.15,63142.05,63265.75,0,0
2024-04-10 12:15:00+05:30,63263.3,63314.45,63234.7,63295.3,0,0
2024-04-10 12:45:00+05:30,63294.7,63430.5,63294.7,63425.85,0,0
2024-04-10 13:15:00+05:30,63426.2,63457.15,63394.3,63454.25,0,0
2024-04-10 13:45:00+05:30,63454.05,63460.85,63332.55,63341.15,0,0
2024-04-10 14:15:00+05:30,63345.9,63394.95,63313.8,63384.6,0,0
2024-04-10 14:45:00+05:30,63382.3,63388.65,63301.8,63301.8,0,0
2024-04-10 15:15:00+05:30,63306.8,63339.95,63269.4,63318.95,0,0
2024-04-12 09:15:00+05:30,63377.3,63620.1,63192.8,63312.4,0,0
2024-04-12 09:45:00+05:30,63314.45,63657.85,63306.75,63623.05,0,0
2024-04-12 10:15:00+05:30,63621.9,63684.4,63513.9,63669.2,0,0
2024-04-12 10:45:00+05:30,63670.3,63735.35,63635.15,63644.35,0,0
2024-04-12 11:15:00+05:30,63644.05,63661.9,63550.9,63568.15,0,0
2024-04-12 11:45:00+05:30,63568.55,63583.7,63522.05,63561.9,0,0
2024-04-12 12:15:00+05:30,63562.35,63589.15,63244.8,63304.25,0,0
2024-04-12 12:45:00+05:30,63303.4,63343.45,63206.75,63304.6,0,0
2024-04-12 13:15:00+05:30,63303.7,63447.65,63301.45,63340.0,0,0
2024-04-12 13:45:00+05:30,63337.95,63369.7,63254.3,63262.7,0,0
2024-04-12 14:15:00+05:30,63260.5,63313.95,63186.6,63200.65,0,0
2024-04-12 14:45:00+05:30,63201.45,63216.45,62987.6,63100.1,0,0
2024-04-12 15:15:00+05:30,63100.55,63116.15,63046.1,63106.7,0,0
2024-04-15 09:15:00+05:30,62076.25,62378.05,61330.0,61772.1,0,0
2024-04-15 09:45:00+05:30,61771.25,62395.9,61769.8,62395.9,0,0
2024-04-15 10:15:00+05:30,62393.3,62516.0,62233.2,62505.85,0,0
2024-04-15 10:45:00+05:30,62505.2,62662.6,62350.95,62365.85,0,0
2024-04-15 11:15:00+05:30,62363.9,62448.25,62335.5,62360.4,0,0
2024-04-15 11:45:00+05:30,62361.6,62482.25,62280.15,62482.25,0,0
2024-04-15 12:15:00+05:30,62481.95,62603.25,62472.15,62588.3,0,0
2024-04-15 12:45:00+05:30,62588.55,62716.65,62375.35,62530.55,0,0
2024-04-15 13:15:00+05:30,62533.15,62637.55,62376.4,62473.4,0,0
2024-04-15 13:45:00+05:30,62472.9,62567.0,62363.35,62380.85,0,0
2024-04-15 14:15:00+05:30,62382.35,62383.4,62105.95,62189.25,0,0
2024-04-15 14:45:00+05:30,62191.15,62202.6,61917.45,61987.35,0,0
2024-04-15 15:15:00+05:30,61985.7,62104.5,61985.7,62093.15,0,0
2024-04-16 09:15:00+05:30,61789.8,62331.55,61475.35,62249.4,0,0
2024-04-16 09:45:00+05:30,62249.8,62316.8,62143.45,62252.55,0,0
2024-04-16 10:15:00+05:30,62241.2,62241.2,62035.3,62141.8,0,0
2024-04-16 10:45:00+05:30,62143.75,62262.55,62140.95,62255.8,0,0
2024-04-16 11:15:00+05:30,62258.4,62279.4,62177.6,62242.15,0,0
2024-04-16 11:45:00+05:30,62244.35,62273.7,62022.5,62114.55,0,0
2024-04-16 12:15:00+05:30,62116.6,62117.45,61827.6,61837.45,0,0
2024-04-16 12:45:00+05:30,61839.95,62058.85,61824.45,61894.5,0,0
2024-04-16 13:15:00+05:30,61894.95,62049.6,61843.4,62043.3,0,0
2024-04-16 13:45:00+05:30,62044.6,62198.3,62031.45,62160.0,0,0
2024-04-16 14:15:00+05:30,62157.25,62191.8,61987.9,62094.2,0,0
2024-04-16 14:45:00+05:30,62093.5,62095.95,61849.65,62093.85,0,0
2024-04-16 15:15:00+05:30,62093.8,62152.45,62057.85,62146.5,0,0
2024-04-18 09:15:00+05:30,62594.55,62829.25,62541.95,62673.35,0,0
2024-04-18 09:45:00+05:30,62667.3,62757.0,62546.6,62680.8,0,0
2024-04-18 10:15:00+05:30,62681.75,62761.9,62559.15,62717.3,0,0
2024-04-18 10:45:00+05:30,62719.6,62813.35,62688.1,62813.35,0,0
2024-04-18 11:15:00+05:30,62817.15,62900.45,62804.7,62891.25,0,0
2024-04-18 11:45:00+05:30,62891.3,62974.85,62884.35,62915.6,0,0
2024-04-18 12:15:00+05:30,62914.35,63027.7,62913.45,63005.3,0,0
2024-04-18 12:45:00+05:30,63005.8,63033.6,62963.75,63002.4,0,0
2024-04-18 13:15:00+05:30,63003.9,63005.5,62538.3,62554.55,0,0
2024-04-18 13:45:00+05:30,62553.05,62679.45,62505.35,62640.95,0,0
2024-04-18 14:15:00+05:30,62638.8,62726.15,62199.75,62199.75,0,0
2024-04-18 14:45:00+05:30,62199.0,62353.8,61751.9,61818.55,0,0
2024-04-18 15:15:00+05:30,61819.55,62298.1,61819.55,62269.3,0,0
2024-04-19 09:15:00+05:30,61469.45,61553.2,60647.25,61408.5,0,0
2024-04-19 09:45:00+05:30,61407.0,61486.45,61106.8,61475.8,0,0
2024-04-19 10:15:00+05:30,61478.9,61528.1,61304.05,61323.05,0,0
2024-04-19 10:45:00+05:30,61319.9,61332.6,61102.2,61149.85,0,0
2024-04-19 11:15:00+05:30,61141.85,61454.45,61113.4,61425.9,0,0
2024-04-19 11:45:00+05:30,61423.25,61548.85,61400.4,61515.6,0,0
2024-04-19 12:15:00+05:30,61516.05,61771.1,61501.65,61758.15,0,0
2024-04-19 12:45:00+05:30,61753.1,61821.4,61666.9,61789.7,0,0
2024-04-19 13:15:00+05:30,61789.8,61795.35,61594.55,61688.4,0,0
2024-04-19 13:45:00+05:30,61685.7,62051.7,61680.1,61904.55,0,0
2024-04-19 14:15:00+05:30,61903.65,61932.5,61708.5,61722.25,0,0
2024-04-19 14:45:00+05:30,61723.3,61925.5,61706.3,61913.45,0,0
2024-04-19 15:15:00+05:30,61917.0,61936.15,61841.55,61865.05,0,0
2024-04-22 09:15:00+05:30,62514.15,62654.2,62295.05,62323.3,0,0
2024-04-22 09:45:00+05:30,62320.15,62406.2,62204.95,62350.7,0,0
2024-04-22 10:15:00+05:30,62348.95,62472.7,62325.25,62433.95,0,0
2024-04-22 10:45:00+05:30,62434.05,62515.9,62392.1,62505.3,0,0
2024-04-22 11:15:00+05:30,62503.9,62624.4,62489.6,62589.9,0,0
2024-04-22 11:45:00+05:30,62590.45,62708.75,62590.0,62638.2,0,0
2024-04-22 12:15:00+05:30,62635.5,62672.05,62608.3,62624.3,0,0
2024-04-22 12:45:00+05:30,62625.05,62637.95,62539.55,62586.4,0,0
2024-04-22 13:15:00+05:30,62585.15,62641.3,62562.45,62637.85,0,0
2024-04-22 13:45:00+05:30,62634.65,62687.3,62590.8,62637.75,0,0
2024-04-22 14:15:00+05:30,62639.7,62684.7,62581.4,62661.8,0,0
2024-04-22 14:45:00+05:30,62661.5,62713.3,62606.35,62703.6,0,0
2024-04-22 15:15:00+05:30,62698.45,62759.35,62657.0,62742.95,0,0
2024-04-23 09:15:00+05:30,63068.9,63068.9,62758.25,62825.9,0,0
2024-04-23 09:45:00+05:30,62826.7,62912.5,62703.4,62912.5,0,0
2024-04-23 10:15:00+05:30,62911.6,62920.45,62750.35,62754.1,0,0
2024-04-23 10:45:00+05:30,62756.75,62875.15,62742.2,62865.95,0,0
2024-04-23 11:15:00+05:30,62865.0,62907.45,62842.5,62885.85,0,0
2024-04-23 11:45:00+05:30,62885.75,62967.1,62874.95,62958.95,0,0
2024-04-23 12:15:00+05:30,62958.9,62964.9,62894.4,62897.05,0,0
2024-04-23 12:45:00+05:30,62895.15,62930.85,62828.9,62852.4,0,0
2024-04-23 13:15:00+05:30,62852.6,62965.9,62779.25,62941.85,0,0
2024-04-23 13:45:00+05:30,62939.6,62989.7,62914.5,62978.25,0,0
2024-04-23 14:15:00+05:30,62977.7,63006.45,62905.7,62924.8,0,0
2024-04-23 14:45:00+05:30,62925.1,62968.9,62749.2,62807.8,0,0
2024-04-23 15:15:00+05:30,62806.35,62841.5,62759.95,62835.25,0,0
2024-04-24 09:15:00+05:30,63003.25,63159.1,62945.5,63146.8,0,0
2024-04-24 09:45:00+05:30,63149.7,63187.3,63053.55,63127.35,0,0
2024-04-24 10:15:00+05:30,63130.85,63248.9,63129.2,63248.9,0,0
2024-04-24 10:45:00+05:30,63249.15,63317.05,63217.5,63310.45,0,0
2024-04-24 11:15:00+05:30,63309.8,63338.05,63264.1,63294.7,0,0
2024-04-24 11:45:00+05:30,63296.05,63395.2,63277.6,63388.6,0,0
2024-04-24 12:15:00+05:30,63387.05,63438.7,63353.7,63415.8,0,0
2024-04-24 12:45:00+05:30,63414.4,63435.5,63259.75,63312.2,0,0
2024-04-24 13:15:00+05:30,63314.65,63392.95,63309.0,63359.4,0,0
2024-04-24 13:45:00+05:30,63359.75,63430.2,63341.75,63425.05,0,0
2024-04-24 14:15:00+05:30,63426.75,63460.1,63228.25,63278.7,0,0
2024-04-24 14:45:00+05:30,63279.25,63349.15,63226.45,63315.35,0,0
2024-04-24 15:15:00+05:30,63313.55,63316.6,63258.95,63295.65,0,0
2024-04-25 09:15:00+05:30,63317.1,63452.75,63205.15,63446.95,0,0
2024-04-25 09:45:00+05:30,63447.65,63496.55,63354.7,63454.75,0,0
2024-04-25 10:15:00+05:30,63459.4,63459.8,63339.0,63352.55,0,0
2024-04-25 10:45:00+05:30,63352.85,63400.05,63153.5,63394.8,0,0
2024-04-25 11:15:00+05:30,63397.75,63407.65,63311.75,63352.25,0,0
2024-04-25 11:45:00+05:30,63352.35,63422.15,63349.2,63374.1,0,0
2024-04-25 12:15:00+05:30,63374.55,63425.25,63346.05,63365.25,0,0
2024-04-25 12:45:00+05:30,63365.25,63486.95,63335.55,63455.05,0,0
2024-04-25 13:15:00+05:30,63457.15,63565.1,63449.05,63541.7,0,0
2024-04-25 13:45:00+05:30,63541.5,63619.3,63522.4,63597.25,0,0
2024-04-25 14:15:00+05:30,63596.35,63666.0,63574.3,63634.55,0,0
2024-04-25 14:45:00+05:30,63636.55,63757.95,63594.3,63754.4,0,0
2024-04-25 15:15:00+05:30,63754.0,63766.35,63670.95,63683.4,0,0
2024-04-26 09:15:00+05:30,63911.45,64197.4,63905.35,64077.65,0,0
2024-04-26 09:45:00+05:30,64078.65,64182.55,63949.7,64179.95,0,0
2024-04-26 10:15:00+05:30,64179.45,64217.15,64076.1,64175.1,0,0
2024-04-26 10:45:00+05:30,64173.85,64234.2,64141.6,64204.15,0,0
2024-04-26 11:15:00+05:30,64203.45,64346.0,64200.4,64322.9,0,0
2024-04-26 11:45:00+05:30,64321.35,64375.25,64266.4,64360.55,0,0
2024-04-26 12:15:00+05:30,64360.65,64370.1,64170.4,64275.65,0,0
2024-04-26 12:45:00+05:30,64275.7,64287.6,64202.8,64265.2,0,0
2024-04-26 13:15:00+05:30,64264.5,64291.4,64096.1,64242.9,0,0
2024-04-26 13:45:00+05:30,64242.0,64255.0,64114.75,64219.7,0,0
2024-04-26 14:15:00+05:30,64221.55,64263.95,64167.85,64230.8,0,0
2024-04-26 14:45:00+05:30,64231.9,64273.05,64070.85,64103.4,0,0
2024-04-26 15:15:00+05:30,64105.7,64180.5,64099.45,64149.45,0,0
2024-04-29 09:15:00+05:30,64508.35,64541.15,64178.2,64195.5,0,0
2024-04-29 09:45:00+05:30,64195.4,64232.95,64094.15,64163.85,0,0
2024-04-29 10:15:00+05:30,64161.9,64253.85,64138.6,64225.65,0,0
2024-04-29 10:45:00+05:30,64226.35,64231.0,64114.9,64215.05,0,0
2024-04-29 11:15:00+05:30,64213.9,64285.3,64203.95,64252.95,0,0
2024-04-29 11:45:00+05:30,64247.85,64336.35,64239.7,64305.4,0,0
2024-04-29 12:15:00+05:30,64303.35,64330.4,64247.05,64314.35,0,0
2024-04-29 12:45:00+05:30,64315.5,64343.05,64248.0,64298.45,0,0
2024-04-29 13:15:00+05:30,64299.7,64345.2,64255.65,64270.6,0,0
2024-04-29 13:45:00+05:30,64270.15,64341.4,64216.9,64270.0,0,0
2024-04-29 14:15:00+05:30,64269.55,64463.7,64259.15,64396.6,0,0
2024-04-29 14:45:00+05:30,64395.1,64652.35,64277.45,64500.5,0,0
2024-04-29 15:15:00+05:30,64504.3,64536.55,64449.4,64514.55,0,0
2024-04-30 09:15:00+05:30,64887.25,65137.05,64837.45,65133.6,0,0
2024-04-30 09:45:00+05:30,65135.65,65209.05,64979.75,65046.8,0,0
2024-04-30 10:15:00+05:30,65051.75,65051.75,64830.55,64943.4,0,0
2024-04-30 10:45:00+05:30,64943.25,65031.15,64911.95,65000.65,0,0
2024-04-30 11:15:00+05:30,65000.25,65084.2,64974.45,65010.85,0,0
2024-04-30 11:45:00+05:30,65008.85,65188.15,64972.0,65181.35,0,0
2024-04-30 12:15:00+05:30,65178.8,65341.4,65169.65,65331.7,0,0
2024-04-30 12:45:00+05:30,65330.25,65341.65,65202.4,65229.15,0,0
2024-04-30 13:15:00+05:30,65225.5,65360.45,65206.55,65353.85,0,0
2024-04-30 13:45:00+05:30,65353.85,65391.85,65216.2,65260.85,0,0
2024-04-30 14:15:00+05:30,65260.75,65421.4,65153.45,65188.85,0,0
2024-04-30 14:45:00+05:30,65187.0,65226.45,64866.55,64890.05,0,0
2024-04-30 15:15:00+05:30,64887.35,64936.5,64802.6,64931.6,0,0
2024-05-02 09:15:00+05:30,65149.45,65590.5,65090.8,65583.95,0,0
2024-05-02 09:45:00+05:30,65583.55,65673.3,65462.1,65637.5,0,0
2024-05-02 10:15:00+05:30,65635.3,65689.15,65553.7,65652.1,0,0
2024-05-02 10:45:00+05:30,65651.35,65792.75,65611.85,65744.65,0,0
2024-05-02 11:15:00+05:30,65745.1,65802.85,65689.6,65734.9,0,0
2024-05-02 11:45:00+05:30,65731.6,65817.0,65712.55,65806.8,0,0
2024-05-02 12:15:00+05:30,65805.75,65926.2,65792.9,65905.15,0,0
2024-05-02 12:45:00+05:30,65903.55,65966.15,65828.5,65928.55,0,0
2024-05-02 13:15:00+05:30,65927.85,66013.3,65921.85,65994.2,0,0
2024-05-02 13:45:00+05:30,65993.35,66058.05,65958.75,66005.35,0,0
2024-05-02 14:15:00+05:30,66005.4,66038.85,65918.55,66023.1,0,0
2024-05-02 14:45:00+05:30,66024.45,66055.95,65967.3,65986.35,0,0
2024-05-02 15:15:00+05:30,65986.05,66038.05,65971.25,66004.85,0,0
2024-05-03 09:15:00+05:30,66450.35,66453.95,66262.85,66355.0,0,0
2024-05-03 09:45:00+05:30,66358.4,66456.25,66253.95,66292.35,0,0
2024-05-03 10:15:00+05:30,66289.1,66336.35,66046.25,66078.75,0,0
2024-05-03 10:45:00+05:30,66074.35,66100.25,65969.55,66031.75,0,0
2024-05-03 11:15:00+05:30,66028.45,66038.75,65619.55,65762.9,0,0
2024-05-03 11:45:00+05:30,65764.0,65764.0,65438.45,65469.75,0,0
2024-05-03 12:15:00+05:30,65469.25,65842.75,65444.25,65835.35,0,0
2024-05-03 12:45:00+05:30,65836.2,65846.25,65510.4,65606.35,0,0
2024-05-03 13:15:00+05:30,65600.95,65655.35,65368.2,65371.2,0,0
2024-05-03 13:45:00+05:30,65369.8,65534.55,65190.75,65510.3,0,0
2024-05-03 14:15:00+05:30,65506.55,65636.85,65413.35,65632.75,0,0
2024-05-03 14:45:00+05:30,65631.3,65832.05,65569.15,65821.3,0,0
2024-05-03 15:15:00+05:30,65819.85,65843.45,65734.7,65776.5,0,0
2024-05-06 09:15:00+05:30,65829.5,65865.4,64592.8,64975.65,0,0
2024-05-06 09:45:00+05:30,64971.7,65000.9,64398.65,64561.15,0,0
2024-05-06 10:15:00+05:30,64566.5,64993.6,64398.1,64988.9,0,0
2024-05-06 10:45:00+05:30,64992.6,65340.55,64955.6,65171.95,0,0
2024-05-06 11:15:00+05:30,65169.65,65341.15,65086.1,65212.15,0,0
2024-05-06 11:45:00+05:30,65211.2,65249.0,65138.35,65209.8,0,0
2024-05-06 12:15:00+05:30,65209.2,65234.25,65007.55,65061.35,0,0
2024-05-06 12:45:00+05:30,65059.85,65098.0,64900.5,64901.35,0,0
2024-05-06 13:15:00+05:30,64901.8,65014.05,64716.65,65012.1,0,0
2024-05-06 13:45:00+05:30,65009.65,65025.2,64832.4,64879.05,0,0
2024-05-06 14:15:00+05:30,64874.5,65000.9,64746.45,64907.0,0,0
2024-05-06 14:45:00+05:30,64906.6,65062.75,64867.15,64949.7,0,0
2024-05-06 15:15:00+05:30,64949.2,64967.85,64862.85,64907.15,0,0
2024-05-07 09:15:00+05:30,65179.65,65332.1,64841.65,65174.75,0,0
2024-05-07 09:45:00+05:30,65171.75,65289.55,64979.65,65030.55,0,0
2024-05-07 10:15:00+05:30,65029.95,65098.55,64530.55,64583.95,0,0
2024-05-07 10:45:00+05:30,64578.9,64652.85,64324.65,64325.4,0,0
2024-05-07 11:15:00+05:30,64326.5,64326.5,63796.2,63997.45,0,0
2024-05-07 11:45:00+05:30,64000.7,64201.9,63909.5,63979.95,0,0
2024-05-07 12:15:00+05:30,63980.15,64162.25,63681.85,63696.4,0,0
2024-05-07 12:45:00+05:30,63695.35,63796.15,63562.95,63565.7,0,0
2024-05-07 13:15:00+05:30,63566.2,64166.55,63550.25,64160.45,0,0
2024-05-07 13:45:00+05:30,64159.95,64159.95,63958.4,64107.2,0,0
2024-05-07 14:15:00+05:30,64106.65,64108.45,63779.8,63949.85,0,0
2024-05-07 14:45:00+05:30,63950.4,64060.65,63867.55,63976.7,0,0
2024-05-07 15:15:00+05:30,63977.1,63977.5,63848.7,63902.1,0,0
2024-05-08 09:15:00+05:30,63908.05,64487.55,63562.9,64392.75,0,0
2024-05-08 09:45:00+05:30,64393.9,64624.8,64356.7,64599.2,0,0
2024-05-08 10:15:00+05:30,64599.7,64620.55,64149.85,64201.45,0,0
2024-05-08 10:45:00+05:30,64198.9,64486.8,64180.8,64463.5,0,0
2024-05-08 11:15:00+05:30,64463.1,64724.5,64458.15,64700.75,0,0
2024-05-08 11:45:00+05:30,64699.8,64772.75,64630.25,64721.45,0,0
2024-05-08 12:15:00+05:30,64719.75,64880.5,64714.2,64857.0,0,0
2024-05-08 12:45:00+05:30,64855.55,64987.7,64848.7,64942.55,0,0
2024-05-08 13:15:00+05:30,64941.15,65076.0,64794.1,64822.8,0,0
2024-05-08 13:45:00+05:30,64824.45,64863.6,64573.05,64574.9,0,0
2024-05-08 14:15:00+05:30,64574.75,64609.75,64452.0,64577.05,0,0
2024-05-08 14:45:00+05:30,64575.6,64796.75,64481.05,64783.95,0,0
2024-05-08 15:15:00+05:30,64780.35,64876.4,64766.6,64817.9,0,0
2024-05-09 09:15:00+05:30,64983.0,65063.8,64663.95,64904.95,0,0
2024-05-09 09:45:00+05:30,64904.6,64991.8,64651.4,64662.75,0,0
2024-05-09 10:15:00+05:30,64665.35,64735.5,64318.3,64321.9,0,0
2024-05-09 10:45:00+05:30,64321.45,64408.3,64196.75,64263.15,0,0
2024-05-09 11:15:00+05:30,64261.35,64476.6,64250.85,64473.95,0,0
2024-05-09 11:45:00+05:30,64477.6,64545.9,64327.35,64389.05,0,0
2024-05-09 12:15:00+05:30,64391.1,64439.7,64189.35,64191.6,0,0
2024-05-09 12:45:00+05:30,64190.55,64234.1,63872.7,63917.4,0,0
2024-05-09 13:15:00+05:30,63915.5,63974.8,63770.7,63909.85,0,0
2024-05-09 13:45:00+05:30,63909.65,64074.7,63682.6,63920.55,0,0
2024-05-09 14:15:00+05:30,63920.45,63934.75,63400.5,63411.9,0,0
2024-05-09 14:45:00+05:30,63413.0,63699.9,63371.45,63376.5,0,0
2024-05-09 15:15:00+05:30,63373.25,63515.6,63284.25,63486.85,0,0
2024-05-10 09:15:00+05:30,63788.25,63977.3,63019.0,63712.35,0,0
2024-05-10 09:45:00+05:30,63720.3,63804.75,63374.55,63789.95,0,0
2024-05-10 10:15:00+05:30,63790.4,63946.3,63716.6,63913.9,0,0
2024-05-10 10:45:00+05:30,63913.9,63929.55,63638.15,63855.95,0,0
2024-05-10 11:15:00+05:30,63855.7,64056.8,63849.35,63954.8,0,0
2024-05-10 11:45:00+05:30,63954.2,63955.7,63703.0,63789.35,0,0
2024-05-10 12:15:00+05:30,63788.6,63858.35,63595.6,63797.85,0,0
2024-05-10 12:45:00+05:30,63800.45,63805.95,63537.35,63569.15,0,0
2024-05-10 13:15:00+05:30,63569.6,63842.2,63529.5,63782.0,0,0
2024-05-10 13:45:00+05:30,63782.1,63955.8,63729.7,63815.1,0,0
2024-05-10 14:15:00+05:30,63813.55,63859.15,63736.95,63776.45,0,0
2024-05-10 14:45:00+05:30,63779.8,63989.35,63774.7,63852.25,0,0
2024-05-10 15:15:00+05:30,63847.2,64044.3,63833.9,63992.55,0,0
2024-05-13 09:15:00+05:30,64190.1,64224.9,63168.25,63190.95,0,0
2024-05-13 09:45:00+05:30,63188.75,63448.0,62991.0,63338.95,0,0
2024-05-13 10:15:00+05:30,63331.65,63388.25,62986.2,63012.9,0,0
2024-05-13 10:45:00+05:30,63014.6,63557.15,62941.2,63552.95,0,0
2024-05-13 11:15:00+05:30,63554.15,63912.5,63553.75,63873.45,0,0
2024-05-13 11:45:00+05:30,63872.45,64004.3,63791.9,64000.65,0,0
2024-05-13 12:15:00+05:30,64001.95,64086.3,63868.15,64014.35,0,0
2024-05-13 12:45:00+05:30,64015.0,64137.9,63898.15,64096.45,0,0
2024-05-13 13:15:00+05:30,64095.45,64125.4,63753.4,63992.6,0,0
2024-05-13 13:45:00+05:30,63993.8,64315.8,63962.35,64315.25,0,0
2024-05-13 14:15:00+05:30,64317.55,64414.1,64225.25,64400.25,0,0
2024-05-13 14:45:00+05:30,64400.2,64447.7,64264.05,64306.85,0,0
2024-05-13 15:15:00+05:30,64310.4,64453.85,64295.9,64407.55,0,0
2024-05-14 09:15:00+05:30,64584.5,64919.4,64508.15,64804.35,0,0
2024-05-14 09:45:00+05:30,64805.6,64814.65,64520.5,64572.85,0,0
2024-05-14 10:15:00+05:30,64571.15,64835.0,64571.15,64833.45,0,0
2024-05-14 10:45:00+05:30,64829.6,64924.35,64732.9,64896.5,0,0
2024-05-14 11:15:00+05:30,64900.2,64984.25,64883.95,64960.4,0,0
2024-05-14 11:45:00+05:30,64959.25,65070.65,64940.0,65051.2,0,0
2024-05-14 12:15:00+05:30,65051.35,65174.65,65019.6,65156.45,0,0
2024-05-14 12:45:00+05:30,65157.55,65281.2,65131.35,65242.85,0,0
2024-05-14 13:15:00+05:30,65242.2,65273.4,65175.9,65228.5,0,0
2024-05-14 13:45:00+05:30,65228.45,65294.8,65196.05,65226.7,0,0
2024-05-14 14:15:00+05:30,65226.7,65240.9,65116.25,65221.5,0,0
2024-05-14 14:45:00+05:30,65223.8,65309.75,65175.15,65301.8,0,0
2024-05-14 15:15:00+05:30,65298.65,65388.65,65289.65,65345.1,0,0
2024-05-15 09:15:00+05:30,65723.8,65915.55,65565.0,65879.35,0,0
2024-05-15 09:45:00+05:30,65875.55,65902.25,65422.85,65573.55,0,0
2024-05-15 10:15:00+05:30,65572.45,65614.95,65429.9,65541.55,0,0
2024-05-15 10:45:00+05:30,65542.0,65762.7,65514.1,65705.3,0,0
2024-05-15 11:15:00+05:30,65704.25,65755.55,65537.3,65646.85,0,0
2024-05-15 11:45:00+05:30,65647.2,65652.35,65565.05,65575.85,0,0
2024-05-15 12:15:00+05:30,65577.0,65706.65,65503.05,65688.1,0,0
2024-05-15 12:45:00+05:30,65682.25,65692.45,65560.2,65613.0,0,0
2024-05-15 13:15:00+05:30,65614.65,65665.25,65573.1,65641.35,0,0
2024-05-15 13:45:00+05:30,65641.7,65798.0,65559.35,65781.5,0,0
2024-05-15 14:15:00+05:30,65784.7,65788.05,65628.7,65689.6,0,0
2024-05-15 14:45:00+05:30,65688.15,65793.25,65634.8,65669.55,0,0
2024-05-15 15:15:00+05:30,65668.2,65671.15,65602.6,65633.75,0,0
2024-05-16 09:15:00+05:30,66020.9,66095.25,65863.2,66025.4,0,0
2024-05-16 09:45:00+05:30,66025.25,66149.6,65969.9,66085.85,0,0
2024-05-16 10:15:00+05:30,66087.0,66159.7,65970.6,66115.3,0,0
2024-05-16 10:45:00+05:30,66118.5,66127.65,65907.3,65948.75,0,0
2024-05-16 11:15:00+05:30,65950.65,65987.0,65751.9,65981.65,0,0
2024-05-16 11:45:00+05:30,65981.65,66075.85,65837.75,66073.15,0,0
2024-05-16 12:15:00+05:30,66073.0,66097.15,65820.2,65902.9,0,0
2024-05-16 12:45:00+05:30,65904.8,65945.9,65775.85,65803.95,0,0
2024-05-16 13:15:00+05:30,65804.7,65805.7,65532.85,65561.95,0,0
2024-05-16 13:45:00+05:30,65561.85,65670.8,65444.6,65505.7,0,0
2024-05-16 14:15:00+05:30,65506.2,65957.2,65489.9,65944.8,0,0
2024-05-16 14:45:00+05:30,65946.35,66329.95,65915.7,66315.5,0,0
2024-05-16 15:15:00+05:30,66313.5,66483.9,66304.0,66410.3,0,0
2024-05-17 09:15:00+05:30,66564.05,66745.55,66475.7,66595.85,0,0
2024-05-17 09:45:00+05:30,66593.2,66712.0,66526.05,66563.95,0,0
2024-05-17 10:15:00+05:30,66560.55,66668.45,66489.75,66629.85,0,0
2024-05-17 10:45:00+05:30,66629.9,66758.25,66576.7,66747.45,0,0
2024-05-17 11:15:00+05:30,66745.8,66801.25,66696.8,66780.25,0,0
2024-05-17 11:45:00+05:30,66783.8,66832.95,66753.15,66753.85,0,0
2024-05-17 12:15:00+05:30,66755.4,66862.15,66749.75,66840.2,0,0
2024-05-17 12:45:00+05:30,66839.05,66857.75,66720.0,66829.9,0,0
2024-05-17 13:15:00+05:30,66829.45,66977.35,66827.55,66957.35,0,0
2024-05-17 13:45:00+05:30,66957.05,67017.5,66944.35,66978.0,0,0
2024-05-17 14:15:00+05:30,66977.6,67028.25,66926.85,67001.9,0,0
2024-05-17 14:45:00+05:30,67003.2,67151.25,66994.55,67145.65,0,0
2024-05-17 15:15:00+05:30,67143.0,67181.25,67071.25,67102.3,0,0
2024-05-18 09:15:00+05:30,67450.6,67620.2,67365.75,67615.5,0,0
2024-05-18 09:45:00+05:30,67618.15,67670.2,67510.85,67550.55,0,0
2024-05-18 11:15:00+05:30,67604.65,67717.15,67546.15,67706.8,0,0
2024-05-18 11:45:00+05:30,67703.6,67724.4,67638.7,67666.1,0,0
2024-05-18 12:15:00+05:30,67666.55,67687.55,67634.3,67657.1,0,0
2024-05-21 09:15:00+05:30,68054.05,68091.45,67706.9,68014.8,0,0
2024-05-21 09:45:00+05:30,68018.8,68278.45,67852.8,68260.9,0,0
2024-05-21 10:15:00+05:30,68264.15,68324.25,68126.25,68128.65,0,0
2024-05-21 10:45:00+05:30,68128.45,68268.35,68038.0,68249.2,0,0
2024-05-21 11:15:00+05:30,68249.3,68291.6,68145.3,68166.4,0,0
2024-05-21 11:45:00+05:30,68168.6,68205.0,68120.55,68200.0,0,0
2024-05-21 12:15:00+05:30,68199.95,68239.75,68100.75,68210.8,0,0
2024-05-21 12:45:00+05:30,68212.5,68257.75,68145.75,68185.6,0,0
2024-05-21 13:15:00+05:30,68188.05,68237.35,68117.4,68186.1,0,0
2024-05-21 13:45:00+05:30,68186.1,68237.5,68116.8,68123.55,0,0
2024-05-21 14:15:00+05:30,68123.0,68256.25,68017.6,68228.15,0,0
2024-05-21 14:45:00+05:30,68226.55,68299.75,68095.75,68261.9,0,0
2024-05-21 15:15:00+05:30,68259.5,68265.45,68211.25,68224.05,0,0
2024-05-22 09:15:00+05:30,68573.7,68611.35,67771.4,67872.6,0,0
2024-05-22 09:45:00+05:30,67871.9,68211.35,67662.05,68178.7,0,0
2024-05-22 10:15:00+05:30,68179.85,68390.05,68119.25,68268.15,0,0
2024-05-22 10:45:00+05:30,68268.75,68352.9,68183.0,68233.95,0,0
2024-05-22 11:15:00+05:30,68230.95,68231.45,68131.8,68148.9,0,0
2024-05-22 11:45:00+05:30,68152.2,68244.8,68140.2,68183.1,0,0
2024-05-22 12:15:00+05:30,68185.4,68205.15,68090.6,68135.0,0,0
2024-05-22 12:45:00+05:30,68134.35,68178.1,68033.8,68075.4,0,0
2024-05-22 13:15:00+05:30,68079.4,68191.8,68049.6,68118.35,0,0
2024-05-22 13:45:00+05:30,68117.45,68206.15,68082.45,68205.2,0,0
2024-05-22 14:15:00+05:30,68201.45,68318.0,68201.45,68310.35,0,0
2024-05-22 14:45:00+05:30,68307.65,68383.5,68181.3,68314.85,0,0
2024-05-22 15:15:00+05:30,68312.25,68383.65,68294.65,68329.8,0,0
2024-05-23 09:15:00+05:30,68546.0,68749.35,68360.65,68740.6,0,0
2024-05-23 09:45:00+05:30,68742.75,68743.9,68561.15,68663.6,0,0
2024-05-23 10:15:00+05:30,68663.3,68684.0,68226.55,68322.9,0,0
2024-05-23 10:45:00+05:30,68327.1,68512.85,68315.25,68481.25,0,0
2024-05-23 11:15:00+05:30,68481.7,68562.75,68471.25,68526.45,0,0
2024-05-23 11:45:00+05:30,68526.6,68600.5,68495.6,68577.75,0,0
2024-05-23 12:15:00+05:30,68576.45,68644.05,68567.95,68601.5,0,0
2024-05-23 12:45:00+05:30,68602.3,68668.55,68565.0,68577.65,0,0
2024-05-23 13:15:00+05:30,68576.95,68672.9,68519.3,68667.55,0,0
2024-05-23 13:45:00+05:30,68666.75,68821.15,68647.7,68768.9,0,0
2024-05-23 14:15:00+05:30,68768.3,68776.6,68618.7,68718.8,0,0
2024-05-23 14:45:00+05:30,68721.25,68858.0,68705.4,68816.55,0,0
2024-05-23 15:15:00+05:30,68818.95,68846.65,68780.35,68814.05,0,0
2024-05-24 09:15:00+05:30,68949.1,68982.85,68689.65,68866.25,0,0
2024-05-24 09:45:00+05:30,68865.05,68926.0,68671.5,68770.6,0,0
2024-05-24 10:15:00+05:30,68767.45,69019.45,68755.4,69015.2,0,0
2024-05-24 10:45:00+05:30,69012.35,69220.35,68988.2,69185.3,0,0
2024-05-24 11:15:00+05:30,69180.15,69369.65,69163.85,69211.55,0,0
2024-05-24 11:45:00+05:30,69211.65,69299.4,69163.7,69210.4,0,0
2024-05-24 12:15:00+05:30,69213.4,69322.85,69213.4,69314.25,0,0
2024-05-24 12:45:00+05:30,69314.95,69405.65,69251.95,69275.5,0,0
2024-05-24 13:15:00+05:30,69273.25,69439.9,69263.9,69399.95,0,0
2024-05-24 13:45:00+05:30,69402.25,69458.95,69343.55,69367.7,0,0
2024-05-24 14:15:00+05:30,69366.05,69375.4,68977.9,69198.45,0,0
2024-05-24 14:45:00+05:30,69195.6,69199.35,68907.7,69062.85,0,0
2024-05-24 15:15:00+05:30,69067.15,69073.05,68964.95,69001.85,0,0
2024-05-27 09:15:00+05:30,69427.45,69599.65,69193.2,69217.3,0,0
2024-05-27 09:45:00+05:30,69217.3,69219.8,68564.65,68872.1,0,0
2024-05-27 10:15:00+05:30,68875.25,69104.35,68773.55,69071.45,0,0
2024-05-27 10:45:00+05:30,69068.85,69075.05,68879.05,68949.05,0,0
2024-05-27 11:15:00+05:30,68947.1,69060.65,68928.85,69034.5,0,0
2024-05-27 11:45:00+05:30,69033.05,69090.75,68933.45,68995.4,0,0
2024-05-27 12:15:00+05:30,68997.65,69060.4,68971.65,69039.95,0,0
2024-05-27 12:45:00+05:30,69040.5,69117.25,69007.1,69108.95,0,0
2024-05-27 13:15:00+05:30,69110.5,69297.15,69107.0,69270.5,0,0
2024-05-27 13:45:00+05:30,69270.65,69403.15,69264.45,69357.75,0,0
2024-05-27 14:15:00+05:30,69360.15,69481.95,69325.9,69331.65,0,0
2024-05-27 14:45:00+05:30,69334.85,69394.55,69021.35,69186.3,0,0
2024-05-27 15:15:00+05:30,69189.1,69223.15,69117.45,69139.4,0,0
2024-05-28 09:15:00+05:30,69343.65,69453.8,68844.3,69055.8,0,0
2024-05-28 09:45:00+05:30,69057.95,69112.7,68718.05,68911.5,0,0
2024-05-28 10:15:00+05:30,68912.0,69030.95,68909.6,68970.55,0,0
2024-05-28 10:45:00+05:30,68969.55,68975.45,68850.4,68869.7,0,0
2024-05-28 11:15:00+05:30,68871.25,68895.7,68578.5,68587.6,0,0
2024-05-28 11:45:00+05:30,68589.15,68623.55,68386.15,68391.4,0,0
2024-05-28 12:15:00+05:30,68388.95,68419.9,68032.2,68215.75,0,0
2024-05-28 12:45:00+05:30,68214.65,68472.05,68082.35,68448.8,0,0
2024-05-28 13:15:00+05:30,68450.8,68571.8,68362.9,68493.1,0,0
2024-05-28 13:45:00+05:30,68492.2,68497.85,68333.2,68410.4,0,0
2024-05-28 14:15:00+05:30,68409.7,68602.0,68399.2,68579.05,0,0
2024-05-28 14:45:00+05:30,68579.4,68676.85,68542.15,68562.75,0,0
2024-05-28 15:15:00+05:30,68567.3,68568.45,68408.65,68438.9,0,0
2024-05-29 09:15:00+05:30,68191.0,68503.5,67899.85,68444.15,0,0
2024-05-29 09:45:00+05:30,68445.7,68535.45,68260.55,68383.55,0,0
2024-05-29 10:15:00+05:30,68380.35,68454.0,68191.7,68327.05,0,0
2024-05-29 10:45:00+05:30,68325.3,68331.5,68088.1,68094.9,0,0
2024-05-29 11:15:00+05:30,68094.65,68222.5,68051.2,68151.95,0,0
2024-05-29 11:45:00+05:30,68149.55,68204.45,68102.45,68202.75,0,0
2024-05-29 12:15:00+05:30,68203.3,68241.05,68133.8,68190.75,0,0
2024-05-29 12:45:00+05:30,68190.75,68330.0,68149.65,68285.95,0,0
2024-05-29 13:15:00+05:30,68287.0,68349.4,68264.05,68320.85,0,0
2024-05-29 13:45:00+05:30,68320.45,68339.45,68122.0,68229.4,0,0
2024-05-29 14:15:00+05:30,68229.3,68264.55,68103.9,68109.45,0,0
2024-05-29 14:45:00+05:30,68110.2,68181.75,68050.75,68097.8,0,0
2024-05-29 15:15:00+05:30,68098.7,68101.65,68021.3,68076.7,0,0
2024-05-30 09:15:00+05:30,68000.7,68161.35,67877.35,67989.05,0,0
2024-05-30 09:45:00+05:30,67988.55,67988.55,67677.85,67681.0,0,0
2024-05-30 10:15:00+05:30,67682.55,67915.3,67667.2,67908.3,0,0
2024-05-30 10:45:00+05:30,67912.0,67929.75,67812.4,67821.25,0,0
2024-05-30 11:15:00+05:30,67818.0,67831.2,67608.8,67616.1,0,0
2024-05-30 11:45:00+05:30,67618.4,67752.65,67605.25,67683.6,0,0
2024-05-30 12:15:00+05:30,67684.2,67788.5,67601.65,67772.65,0,0
2024-05-30 12:45:00+05:30,67770.5,67896.55,67770.5,67824.45,0,0
2024-05-30 13:15:00+05:30,67822.4,67834.1,67697.15,67782.55,0,0
2024-05-30 13:45:00+05:30,67780.45,67845.1,67576.35,67592.65,0,0
2024-05-30 14:15:00+05:30,67589.05,67641.35,67235.3,67247.75,0,0
2024-05-30 14:45:00+05:30,67247.0,67462.25,67162.3,67310.65,0,0
2024-05-30 15:15:00+05:30,67312.5,67534.2,67256.2,67526.2,0,0
2024-05-31 09:15:00+05:30,67799.1,67926.1,67406.35,67411.9,0,0
2024-05-31 09:45:00+05:30,67409.2,67411.6,66877.9,66888.05,0,0
2024-05-31 10:15:00+05:30,66884.75,67107.4,66816.3,67069.95,0,0
2024-05-31 10:45:00+05:30,67070.6,67162.45,66929.5,67088.35,0,0
2024-05-31 11:15:00+05:30,67086.35,67191.35,66946.4,67178.5,0,0
2024-05-31 11:45:00+05:30,67176.95,67200.5,67051.75,67057.9,0,0
2024-05-31 12:15:00+05:30,67056.8,67122.45,66972.95,67094.15,0,0
2024-05-31 12:45:00+05:30,67093.3,67232.1,67046.2,67215.95,0,0
2024-05-31 13:15:00+05:30,67216.15,67497.35,67212.65,67497.35,0,0
2024-05-31 13:45:00+05:30,67495.95,67741.9,67495.95,67737.25,0,0
2024-05-31 14:15:00+05:30,67738.15,67756.15,67303.35,67472.95,0,0
2024-05-31 14:45:00+05:30,67472.25,67614.3,67364.35,67446.05,0,0
2024-05-31 15:15:00+05:30,67440.4,67618.85,67439.05,67577.45,0,0
2024-06-03 09:15:00+05:30,70871.9,70871.9,69492.65,69963.25,0,0
2024-06-03 09:45:00+05:30,69960.5,70235.85,69847.95,70203.15,0,0
2024-06-03 10:15:00+05:30,70198.8,70263.5,69964.25,70019.55,0,0
2024-06-03 10:45:00+05:30,70025.4,70093.9,69919.1,70058.65,0,0
2024-06-03 11:15:00+05:30,70057.05,70184.9,70016.5,70166.3,0,0
2024-06-03 11:45:00+05:30,70169.05,70357.35,70130.75,70332.05,0,0
2024-06-03 12:15:00+05:30,70335.95,70491.75,70287.25,70480.35,0,0
2024-06-03 12:45:00+05:30,70481.05,70572.2,70446.5,70538.8,0,0
2024-06-03 13:15:00+05:30,70533.85,70631.95,70360.8,70515.95,0,0
2024-06-03 13:45:00+05:30,70512.75,70687.15,70496.3,70614.9,0,0
2024-06-03 14:15:00+05:30,70617.25,70708.5,70576.3,70702.35,0,0
2024-06-03 14:45:00+05:30,70699.95,70699.95,70469.55,70627.85,0,0
2024-06-03 15:15:00+05:30,70628.85,70725.25,70617.6,70703.6,0,0
2024-06-04 09:15:00+05:30,70511.3,70511.3,66633.55,67829.55,0,0
2024-06-04 09:45:00+05:30,67826.35,68747.05,67622.75,68722.7,0,0
2024-06-04 10:15:00+05:30,68721.95,68721.95,67435.2,67485.85,0,0
2024-06-04 10:45:00+05:30,67483.6,67512.5,64957.15,64981.15,0,0
2024-06-04 11:15:00+05:30,64967.2,65534.2,64377.75,64793.05,0,0
2024-06-04 11:45:00+05:30,64792.05,65004.05,62152.1,62192.0,0,0
2024-06-04 12:15:00+05:30,62185.9,62842.6,60663.4,62725.35,0,0
2024-06-04 12:45:00+05:30,62728.1,64552.05,62622.45,64548.8,0,0
2024-06-04 13:15:00+05:30,64550.15,65433.65,64311.45,65387.1,0,0
2024-06-04 13:45:00+05:30,65390.75,66039.6,64914.05,64940.35,0,0
2024-06-04 14:15:00+05:30,64937.05,64966.35,64038.85,64768.75,0,0
2024-06-04 14:45:00+05:30,64771.25,64889.5,63499.6,64267.55,0,0
2024-06-04 15:15:00+05:30,64267.0,64391.5,63997.25,64369.85,0,0
2024-06-05 09:15:00+05:30,65266.6,65273.2,62764.25,63601.2,0,0
2024-06-05 09:45:00+05:30,63611.35,64156.25,63393.7,64043.2,0,0
2024-06-05 10:15:00+05:30,64045.0,64526.3,63798.8,64526.2,0,0
2024-06-05 10:45:00+05:30,64523.5,65981.45,64484.2,65871.45,0,0
2024-06-05 11:15:00+05:30,65870.9,66206.55,65634.05,65798.5,0,0
2024-06-05 11:45:00+05:30,65790.35,65826.85,65197.2,65761.5,0,0
2024-06-05 12:15:00+05:30,65761.85,65972.75,65599.15,65637.15,0,0
2024-06-05 12:45:00+05:30,65639.45,66224.15,65482.75,66105.15,0,0
2024-06-05 13:15:00+05:30,66099.85,66451.8,66083.1,66419.6,0,0
2024-06-05 13:45:00+05:30,66423.95,67079.5,66341.15,66596.95,0,0
2024-06-05 14:15:00+05:30,66594.4,66822.55,66327.55,66745.9,0,0
2024-06-05 14:45:00+05:30,66747.9,66995.85,66694.4,66804.35,0,0
2024-06-05 15:15:00+05:30,66803.65,66850.8,66660.8,66700.2,0,0
2024-06-06 09:15:00+05:30,67567.55,68376.7,67553.7,68198.85,0,0
2024-06-06 09:45:00+05:30,68197.45,68446.5,67897.2,68357.0,0,0
2024-06-06 10:15:00+05:30,68359.65,68661.15,68359.65,68657.8,0,0
2024-06-06 10:45:00+05:30,68658.05,68761.7,68536.3,68759.8,0,0
2024-06-06 11:15:00+05:30,68757.25,68790.3,68184.75,68237.8,0,0
2024-06-06 11:45:00+05:30,68235.55,68528.75,67883.65,68143.75,0,0
2024-06-06 12:15:00+05:30,68141.5,68332.0,68050.2,68050.2,0,0
2024-06-06 12:45:00+05:30,68050.0,68269.5,67698.55,67933.45,0,0
2024-06-06 13:15:00+05:30,67933.0,68437.95,67924.55,68434.1,0,0
2024-06-06 13:45:00+05:30,68435.95,68435.95,68130.6,68236.0,0,0
2024-06-06 14:15:00+05:30,68235.4,68260.65,67933.3,68082.2,0,0
2024-06-06 14:45:00+05:30,68082.0,68267.45,68018.1,68210.25,0,0
2024-06-06 15:15:00+05:30,68211.25,68264.0,68185.35,68253.75,0,0
2024-06-07 09:15:00+05:30,68331.05,68638.5,67897.7,68482.9,0,0
2024-06-07 09:45:00+05:30,68480.1,68602.0,68261.75,68538.9,0,0
2024-06-07 10:15:00+05:30,68540.95,68662.65,68330.3,68566.2,0,0
2024-06-07 10:45:00+05:30,68562.5,68700.8,68534.95,68675.8,0,0
2024-06-07 11:15:00+05:30,68674.55,68698.6,68561.4,68645.75,0,0
2024-06-07 11:45:00+05:30,68644.4,68730.85,68632.75,68679.2,0,0
2024-06-07 12:15:00+05:30,68676.7,68853.7,68582.25,68834.6,0,0
2024-06-07 12:45:00+05:30,68835.0,68947.75,68688.4,68770.75,0,0
2024-06-07 13:15:00+05:30,68766.85,68879.55,68710.2,68872.55,0,0
2024-06-07 13:45:00+05:30,68870.2,69090.05,68847.9,69044.95,0,0
2024-06-07 14:15:00+05:30,69047.15,69213.95,69015.45,69156.85,0,0
2024-06-07 14:45:00+05:30,69157.0,69226.65,69139.5,69223.1,0,0
2024-06-07 15:15:00+05:30,69224.75,69300.0,69176.25,69197.6,0,0
2024-06-10 09:15:00+05:30,69722.25,69924.85,69233.4,69608.25,0,0
2024-06-10 09:45:00+05:30,69613.45,69800.7,69387.7,69779.05,0,0
2024-06-10 10:15:00+05:30,69782.85,69912.45,69704.55,69838.0,0,0
2024-06-10 10:45:00+05:30,69836.85,69935.55,69731.95,69863.75,0,0
2024-06-10 11:15:00+05:30,69863.15,69965.8,69823.45,69899.3,0,0
2024-06-10 11:45:00+05:30,69901.2,69924.35,69760.6,69783.6,0,0
2024-06-10 12:15:00+05:30,69785.95,69976.9,69781.15,69949.8,0,0
2024-06-10 12:45:00+05:30,69951.0,69988.4,69840.15,69867.65,0,0
2024-06-10 13:15:00+05:30,69870.8,70020.25,69869.8,69983.65,0,0
2024-06-10 13:45:00+05:30,69985.9,70049.5,69914.55,69970.65,0,0
2024-06-10 14:15:00+05:30,69972.0,69974.7,69485.85,69831.8,0,0
2024-06-10 14:45:00+05:30,69830.65,69909.8,69687.05,69804.3,0,0
2024-06-10 15:15:00+05:30,69808.35,69819.95,69595.65,69603.65,0,0
2024-06-11 09:15:00+05:30,69922.15,70183.9,69681.65,69872.45,0,0
2024-06-11 09:45:00+05:30,69873.55,70049.45,69873.55,69994.55,0,0
2024-06-11 10:15:00+05:30,69992.65,70117.3,69965.8,70038.75,0,0
2024-06-11 10:45:00+05:30,70037.1,70072.9,69882.5,69982.25,0,0
2024-06-11 11:15:00+05:30,69981.05,70054.65,69979.35,70052.7,0,0
2024-06-11 11:45:00+05:30,70052.2,70076.1,70015.4,70068.1,0,0
2024-06-11 12:15:00+05:30,70069.25,70131.1,69997.15,70053.2,0,0
2024-06-11 12:45:00+05:30,70054.45,70094.15,69986.5,69993.4,0,0
2024-06-11 13:15:00+05:30,69993.4,70081.35,69968.35,70059.05,0,0
2024-06-11 13:45:00+05:30,70056.9,70096.65,69910.7,69956.9,0,0
2024-06-11 14:15:00+05:30,69958.4,70030.6,69807.2,69961.9,0,0
2024-06-11 14:45:00+05:30,69957.8,69967.8,69638.7,69678.7,0,0
2024-06-11 15:15:00+05:30,69681.3,69743.85,69598.1,69728.25,0,0
2024-06-12 09:15:00+05:30,69991.35,70169.95,69858.4,70136.6,0,0
2024-06-12 09:45:00+05:30,70135.25,70186.95,70089.0,70147.3,0,0
2024-06-12 10:15:00+05:30,70145.95,70162.85,70017.45,70138.7,0,0
2024-06-12 10:45:00+05:30,70137.85,70144.95,70014.25,70091.95,0,0
2024-06-12 11:15:00+05:30,70094.3,70151.6,69985.3,70086.25,0,0
2024-06-12 11:45:00+05:30,70088.4,70179.95,70069.75,70105.0,0,0
2024-06-12 12:15:00+05:30,70106.2,70193.9,70092.35,70179.5,0,0
2024-06-12 12:45:00+05:30,70180.2,70245.5,70154.95,70219.25,0,0
2024-06-12 13:15:00+05:30,70219.85,70300.3,70194.15,70270.2,0,0
2024-06-12 13:45:00+05:30,70268.2,70312.4,70116.45,70149.8,0,0
2024-06-12 14:15:00+05:30,70147.95,70327.5,70123.55,70324.95,0,0
2024-06-12 14:45:00+05:30,70326.45,70361.95,70168.95,70181.45,0,0
2024-06-12 15:15:00+05:30,70184.15,70214.95,70163.55,70194.55,0,0
2024-06-13 09:15:00+05:30,70831.4,70833.35,70252.1,70443.35,0,0
2024-06-13 09:45:00+05:30,70444.25,70570.65,70324.25,70547.45,0,0
2024-06-13 10:15:00+05:30,70540.85,70604.2,70492.0,70586.75,0,0
2024-06-13 10:45:00+05:30,70586.0,70587.95,70402.9,70406.65,0,0
2024-06-13 11:15:00+05:30,70402.8,70433.45,70231.8,70411.15,0,0
2024-06-13 11:45:00+05:30,70409.85,70479.25,70386.1,70417.0,0,0
2024-06-13 12:15:00+05:30,70420.25,70517.65,70398.6,70510.7,0,0
2024-06-13 12:45:00+05:30,70509.75,70580.8,70469.45,70558.25,0,0
2024-06-13 13:15:00+05:30,70557.15,70678.2,70544.8,70654.75,0,0
2024-06-13 13:45:00+05:30,70651.95,70686.45,70552.2,70585.75,0,0
2024-06-13 14:15:00+05:30,70585.65,70697.85,70460.65,70685.7,0,0
2024-06-13 14:45:00+05:30,70683.35,70866.15,70680.6,70837.8,0,0
2024-06-13 15:15:00+05:30,70836.7,70933.55,70827.95,70910.2,0,0
2024-06-14 09:15:00+05:30,71215.55,71538.45,71078.05,71506.9,0,0
2024-06-14 09:45:00+05:30,71506.45,71652.35,71467.05,71541.75,0,0
2024-06-14 10:15:00+05:30,71540.9,71695.4,71505.9,71672.75,0,0
2024-06-14 10:45:00+05:30,71670.75,71800.45,71660.2,71792.2,0,0
2024-06-14 11:15:00+05:30,71792.7,71832.55,71783.85,71811.65,0,0
2024-06-14 11:45:00+05:30,71812.0,71863.6,71773.35,71830.8,0,0
2024-06-14 12:15:00+05:30,71828.2,71911.85,71783.7,71885.4,0,0
2024-06-14 12:45:00+05:30,71887.15,71956.8,71850.85,71918.95,0,0
2024-06-14 13:15:00+05:30,71918.4,71970.25,71814.15,71846.7,0,0
2024-06-14 13:45:00+05:30,71846.55,71921.8,71759.8,71888.4,0,0
2024-06-14 14:15:00+05:30,71884.55,71940.1,71843.1,71877.2,0,0
2024-06-14 14:45:00+05:30,71876.65,71945.2,71831.8,71944.7,0,0
2024-06-14 15:15:00+05:30,71945.35,71946.8,71817.85,71828.45,0,0
2024-06-18 09:15:00+05:30,72333.85,72406.65,72051.2,72283.8,0,0
2024-06-18 09:45:00+05:30,72288.2,72353.75,72156.5,72156.5,0,0
2024-06-18 10:15:00+05:30,72156.05,72272.3,72084.25,72137.0,0,0
2024-06-18 10:45:00+05:30,72134.9,72262.85,72108.0,72215.85,0,0
2024-06-18 11:15:00+05:30,72215.7,72253.1,72170.05,72189.1,0,0
2024-06-18 11:45:00+05:30,72186.35,72270.25,72149.85,72208.9,0,0
2024-06-18 12:15:00+05:30,72211.75,72222.55,72157.1,72165.1,0,0
2024-06-18 12:45:00+05:30,72164.1,72328.9,72142.9,72326.4,0,0
2024-06-18 13:15:00+05:30,72326.45,72359.2,72249.95,72300.25,0,0
2024-06-18 13:45:00+05:30,72301.85,72317.9,72199.25,72225.55,0,0
2024-06-18 14:15:00+05:30,72225.4,72287.75,72166.7,72281.75,0,0
2024-06-18 14:45:00+05:30,72300.05,72414.35,72264.9,72323.05,0,0
2024-06-18 15:15:00+05:30,72318.65,72384.15,72306.8,72350.0,0,0
2024-06-19 09:15:00+05:30,72596.4,72614.6,71303.95,71845.8,0,0
2024-06-19 09:45:00+05:30,71849.55,72085.65,71704.1,71727.45,0,0
2024-06-19 10:15:00+05:30,71723.65,71789.35,71326.9,71555.15,0,0
2024-06-19 10:45:00+05:30,71555.7,71817.4,71411.9,71807.45,0,0
2024-06-19 11:15:00+05:30,71804.8,71925.85,71738.2,71925.25,0,0
2024-06-19 11:45:00+05:30,71924.05,71946.35,71810.95,71911.1,0,0
2024-06-19 12:15:00+05:30,71916.6,71975.1,71812.95,71812.95,0,0
2024-06-19 12:45:00+05:30,71811.45,71823.5,71681.95,71741.1,0,0
2024-06-19 13:15:00+05:30,71737.7,71787.35,71639.65,71754.5,0,0
2024-06-19 13:45:00+05:30,71754.75,71793.0,71640.55,71661.55,0,0
2024-06-19 14:15:00+05:30,71662.3,71766.4,71591.2,71606.45,0,0
2024-06-19 14:45:00+05:30,71608.2,71730.0,71459.75,71503.85,0,0
2024-06-19 15:15:00+05:30,71507.15,71627.55,71484.1,71539.9,0,0
2024-06-20 09:15:00+05:30,71649.85,71702.25,71025.75,71662.45,0,0
2024-06-20 09:45:00+05:30,71661.8,71692.55,71375.2,71466.4,0,0
2024-06-20 10:15:00+05:30,71467.9,71658.7,71455.65,71635.7,0,0
2024-06-20 10:45:00+05:30,71632.8,71764.6,71549.45,71729.45,0,0
2024-06-20 11:15:00+05:30,71727.15,71843.6,71657.4,71708.7,0,0
2024-06-20 11:45:00+05:30,71708.0,71726.15,71615.5,71668.25,0,0
2024-06-20 12:15:00+05:30,71666.1,71699.7,71597.4,71604.05,0,0
2024-06-20 12:45:00+05:30,71605.6,71658.2,71567.8,71612.65,0,0
2024-06-20 13:15:00+05:30,71611.15,71650.1,71556.8,71574.9,0,0
2024-06-20 13:45:00+05:30,71584.4,71616.5,71435.65,71555.15,0,0
2024-06-20 14:15:00+05:30,71554.5,71586.7,71436.45,71551.85,0,0
2024-06-20 14:45:00+05:30,71550.6,71631.1,71490.7,71615.35,0,0
2024-06-20 15:15:00+05:30,71617.0,71704.05,71614.75,71660.05,0,0
2024-06-21 09:15:00+05:30,71847.4,71878.25,71620.45,71685.8,0,0
2024-06-21 09:45:00+05:30,71679.55,71858.9,71628.5,71707.0,0,0
2024-06-21 10:15:00+05:30,71709.8,71799.45,71550.15,71558.55,0,0
2024-06-21 10:45:00+05:30,71556.1,71716.8,71380.0,71694.7,0,0
2024-06-21 11:15:00+05:30,71694.1,71735.7,71620.6,71688.65,0,0
2024-06-21 11:45:00+05:30,71686.9,71696.2,71595.05,71685.9,0,0
2024-06-21 12:15:00+05:30,71685.6,71687.6,71362.5,71371.95,0,0
2024-06-21 12:45:00+05:30,71373.25,71388.8,71095.7,71249.9,0,0
2024-06-21 13:15:00+05:30,71251.75,71484.75,71218.05,71407.05,0,0
2024-06-21 13:45:00+05:30,71412.05,71590.4,71397.3,71554.2,0,0
2024-06-21 14:15:00+05:30,71553.7,71567.35,71195.5,71324.25,0,0
2024-06-21 14:45:00+05:30,71321.6,71382.85,71078.1,71083.6,0,0
2024-06-21 15:15:00+05:30,71084.2,71086.85,70970.8,71080.15,0,0
2024-06-24 09:15:00+05:30,70944.85,71030.65,70383.1,70714.2,0,0
2024-06-24 09:45:00+05:30,70709.05,71249.2,70707.35,71185.0,0,0
2024-06-24 10:15:00+05:30,71187.3,71324.35,71113.0,71318.0,0,0
2024-06-24 10:45:00+05:30,71318.55,71425.2,71255.05,71412.35,0,0
2024-06-24 11:15:00+05:30,71411.4,71449.4,71351.15,71359.1,0,0
2024-06-24 11:45:00+05:30,71359.25,71568.75,71312.8,71535.9,0,0
2024-06-24 12:15:00+05:30,71538.65,71580.35,71472.8,71494.3,0,0
2024-06-24 12:45:00+05:30,71492.6,71573.45,71438.4,71549.65,0,0
2024-06-24 13:15:00+05:30,71550.4,71584.1,71488.55,71554.1,0,0
2024-06-24 13:45:00+05:30,71554.75,71598.9,71520.1,71566.7,0,0
2024-06-24 14:15:00+05:30,71562.6,71607.65,71499.65,71574.65,0,0
2024-06-24 14:45:00+05:30,71575.0,71693.1,71516.45,71673.3,0,0
2024-06-24 15:15:00+05:30,71673.6,71678.8,71621.35,71678.35,0,0
2024-06-25 09:15:00+05:30,71915.7,72049.35,71886.25,71951.9,0,0
2024-06-25 09:45:00+05:30,71951.5,71956.6,71627.05,71693.05,0,0
2024-06-25 10:15:00+05:30,71694.15,71701.35,71602.4,71628.75,0,0
2024-06-25 10:45:00+05:30,71624.75,71689.2,71489.4,71492.75,0,0
2024-06-25 11:15:00+05:30,71495.55,71495.7,71295.0,71367.85,0,0
2024-06-25 11:45:00+05:30,71368.8,71467.5,71340.5,71376.45,0,0
2024-06-25 12:15:00+05:30,71376.15,71506.45,71311.05,71430.25,0,0
2024-06-25 12:45:00+05:30,71432.05,71468.3,71338.3,71404.9,0,0
2024-06-25 13:15:00+05:30,71405.6,71447.2,71262.1,71363.95,0,0
2024-06-25 13:45:00+05:30,71365.5,71508.7,71362.25,71435.75,0,0
2024-06-25 14:15:00+05:30,71435.75,71446.25,71307.0,71320.8,0,0
2024-06-25 14:45:00+05:30,71320.75,71413.0,71257.3,71404.55,0,0
2024-06-25 15:15:00+05:30,71407.6,71408.75,71280.5,71320.45,0,0
2024-06-26 09:15:00+05:30,71271.1,71390.4,71032.55,71163.45,0,0
2024-06-26 09:45:00+05:30,71162.65,71235.8,71098.95,71121.5,0,0
2024-06-26 10:15:00+05:30,71122.6,71403.15,71121.4,71389.55,0,0
2024-06-26 10:45:00+05:30,71388.05,71467.5,71366.35,71378.1,0,0
2024-06-26 11:15:00+05:30,71378.55,71464.65,71359.75,71459.05,0,0
2024-06-26 11:45:00+05:30,71456.5,71470.8,71384.25,71413.7,0,0
2024-06-26 12:15:00+05:30,71412.15,71520.1,71391.95,71446.85,0,0
2024-06-26 12:45:00+05:30,71449.05,71453.4,71260.7,71287.7,0,0
2024-06-26 13:15:00+05:30,71287.9,71375.95,71277.1,71350.35,0,0
2024-06-26 13:45:00+05:30,71351.2,71404.7,71349.3,71384.6,0,0
2024-06-26 14:15:00+05:30,71384.45,71385.3,71261.95,71279.5,0,0
2024-06-26 14:45:00+05:30,71278.6,71319.6,71182.15,71285.45,0,0
2024-06-26 15:15:00+05:30,71285.45,71292.95,71228.75,71244.75,0,0
2024-06-27 09:15:00+05:30,71204.8,71505.4,71146.25,71487.8,0,0
2024-06-27 09:45:00+05:30,71485.8,71578.2,71374.35,71397.7,0,0
2024-06-27 10:15:00+05:30,71394.85,71470.7,71111.35,71119.2,0,0
2024-06-27 10:45:00+05:30,71121.15,71266.5,71039.7,71266.5,0,0
2024-06-27 11:15:00+05:30,71265.9,71287.5,71205.15,71212.9,0,0
2024-06-27 11:45:00+05:30,71211.5,71246.95,71152.95,71188.75,0,0
2024-06-27 12:15:00+05:30,71190.35,71193.7,71075.7,71094.1,0,0
2024-06-27 12:45:00+05:30,71093.05,71112.55,70949.95,70973.65,0,0
2024-06-27 13:15:00+05:30,70974.1,71060.45,70939.3,70955.85,0,0
2024-06-27 13:45:00+05:30,70955.9,70981.25,70710.4,70781.5,0,0
2024-06-27 14:15:00+05:30,70781.35,70891.4,70654.35,70887.9,0,0
2024-06-27 14:45:00+05:30,70893.0,71368.7,70891.35,71366.25,0,0
2024-06-27 15:15:00+05:30,71364.15,71465.0,71343.75,71420.5,0,0
2024-06-28 09:15:00+05:30,71536.05,71813.55,71472.9,71806.55,0,0
2024-06-28 09:45:00+05:30,71815.95,71829.0,71645.55,71783.35,0,0
2024-06-28 10:15:00+05:30,71783.5,71810.4,71579.15,71698.4,0,0
2024-06-28 10:45:00+05:30,71697.6,71795.65,71694.3,71760.0,0,0
2024-06-28 11:15:00+05:30,71759.25,71768.5,71624.9,71674.1,0,0
2024-06-28 11:45:00+05:30,71676.1,71681.15,71545.2,71590.75,0,0
2024-06-28 12:15:00+05:30,71592.95,71597.65,71410.25,71466.85,0,0
2024-06-28 12:45:00+05:30,71466.55,71528.2,71365.15,71526.5,0,0
2024-06-28 13:15:00+05:30,71525.3,71593.75,71511.8,71569.25,0,0
2024-06-28 13:45:00+05:30,71570.1,71689.0,71546.85,71668.0,0,0
2024-06-28 14:15:00+05:30,71667.05,71694.35,71478.25,71528.0,0,0
2024-06-28 14:45:00+05:30,71531.45,71661.05,71432.25,71454.9,0,0
2024-06-28 15:15:00+05:30,71455.75,71579.25,71444.65,71558.05,0,0
2024-07-01 09:15:00+05:30,71727.5,71834.75,71536.05,71782.9,0,0
2024-07-01 09:45:00+05:30,71781.6,71857.4,71747.6,71770.95,0,0
2024-07-01 10:15:00+05:30,71772.25,71926.0,71772.25,71914.4,0,0
2024-07-01 10:45:00+05:30,71914.0,71971.8,71875.75,71931.05,0,0
2024-07-01 11:15:00+05:30,71932.6,71983.75,71903.95,71953.1,0,0
2024-07-01 11:45:00+05:30,71952.8,72008.65,71935.5,71967.4,0,0
2024-07-01 12:15:00+05:30,71966.0,71974.55,71856.45,71928.3,0,0
2024-07-01 12:45:00+05:30,71925.85,71977.1,71911.6,71934.85,0,0
2024-07-01 13:15:00+05:30,71931.8,71966.95,71901.9,71910.85,0,0
2024-07-01 13:45:00+05:30,71910.2,71999.7,71889.35,71967.25,0,0
2024-07-01 14:15:00+05:30,71966.5,72021.6,71886.2,72009.05,0,0
2024-07-01 14:45:00+05:30,72009.7,72209.6,71978.95,72177.55,0,0
2024-07-01 15:15:00+05:30,72177.75,72247.65,72163.3,72206.4,0,0
2024-07-02 09:15:00+05:30,72428.0,72431.7,71949.5,71984.3,0,0
2024-07-02 09:45:00+05:30,71982.95,72210.7,71858.3,72185.05,0,0
2024-07-02 10:15:00+05:30,72182.65,72346.0,72039.1,72283.6,0,0
2024-07-02 10:45:00+05:30,72284.5,72321.7,72231.2,72263.6,0,0
2024-07-02 11:15:00+05:30,72263.1,72272.7,72053.45,72063.2,0,0
2024-07-02 11:45:00+05:30,72062.45,72132.75,71803.35,71805.1,0,0
2024-07-02 12:15:00+05:30,71804.9,71933.35,71579.1,71659.95,0,0
2024-07-02 12:45:00+05:30,71659.9,71692.55,71335.2,71567.8,0,0
2024-07-02 13:15:00+05:30,71568.55,71755.2,71505.7,71744.1,0,0
2024-07-02 13:45:00+05:30,71742.15,71776.65,71625.45,71732.45,0,0
2024-07-02 14:15:00+05:30,71730.4,71886.55,71728.2,71880.15,0,0
2024-07-02 14:45:00+05:30,71881.15,71888.2,71794.0,71794.3,0,0
2024-07-02 15:15:00+05:30,71799.75,71822.8,71756.7,71783.05,0,0
2024-07-03 09:15:00+05:30,72220.4,72432.0,72112.7,72404.9,0,0
2024-07-03 09:45:00+05:30,72398.8,72448.15,72267.7,72402.95,0,0
2024-07-03 10:15:00+05:30,72403.55,72478.25,72354.6,72421.65,0,0
2024-07-03 10:45:00+05:30,72420.25,72449.45,72236.3,72258.1,0,0
2024-07-03 11:15:00+05:30,72254.1,72305.6,72114.55,72180.9,0,0
2024-07-03 11:45:00+05:30,72182.35,72304.7,72134.2,72237.6,0,0
2024-07-03 12:15:00+05:30,72239.0,72339.75,72234.75,72281.3,0,0
2024-07-03 12:45:00+05:30,72280.3,72335.4,72271.35,72319.5,0,0
2024-07-03 13:15:00+05:30,72320.25,72346.5,72304.9,72340.75,0,0
2024-07-03 13:45:00+05:30,72341.35,72400.5,72305.45,72346.5,0,0
2024-07-03 14:15:00+05:30,72344.85,72380.3,72299.35,72365.0,0,0
2024-07-03 14:45:00+05:30,72367.95,72617.35,72336.1,72597.1,0,0
2024-07-03 15:15:00+05:30,72595.45,72635.85,72561.8,72578.3,0,0
2024-07-04 09:15:00+05:30,72877.2,73054.4,72819.25,73039.8,0,0
2024-07-04 09:45:00+05:30,73041.5,73056.9,72855.5,72910.65,0,0
2024-07-04 10:15:00+05:30,72909.65,72953.6,72534.95,72653.7,0,0
2024-07-04 10:45:00+05:30,72655.2,72791.6,72546.15,72775.4,0,0
2024-07-04 11:15:00+05:30,72771.05,72833.65,72736.3,72783.05,0,0
2024-07-04 11:45:00+05:30,72783.15,72865.15,72775.95,72850.6,0,0
2024-07-04 12:15:00+05:30,72847.0,72950.75,72837.8,72943.2,0,0
2024-07-04 12:45:00+05:30,72946.85,72987.2,72900.1,72916.05,0,0
2024-07-04 13:15:00+05:30,72914.15,73045.05,72908.0,73021.65,0,0
2024-07-04 13:45:00+05:30,73023.05,73066.7,72924.75,73034.55,0,0
2024-07-04 14:15:00+05:30,73037.25,73131.8,73018.1,73085.15,0,0
2024-07-04 14:45:00+05:30,73084.35,73093.2,72854.25,72906.55,0,0
2024-07-04 15:15:00+05:30,72909.1,72977.75,72907.75,72945.0,0,0
2024-07-05 09:15:00+05:30,72984.85,73118.45,72785.65,73070.95,0,0
2024-07-05 09:45:00+05:30,73069.6,73259.45,72918.9,73251.25,0,0
2024-07-05 10:15:00+05:30,73254.9,73346.85,73233.2,73310.7,0,0
2024-07-05 10:45:00+05:30,73312.65,73366.65,73200.65,73212.6,0,0
2024-07-05 11:15:00+05:30,73213.05,73308.55,73208.25,73291.8,0,0
2024-07-05 11:45:00+05:30,73295.2,73426.1,73288.45,73401.3,0,0
2024-07-05 12:15:00+05:30,73400.6,73421.95,73350.3,73362.45,0,0
2024-07-05 12:45:00+05:30,73361.15,73397.55,73290.3,73356.3,0,0
2024-07-05 13:15:00+05:30,73355.7,73396.35,73297.3,73365.15,0,0
2024-07-05 13:45:00+05:30,73367.05,73399.95,73304.55,73389.25,0,0
2024-07-05 14:15:00+05:30,73389.45,73405.25,73278.35,73304.35,0,0
2024-07-05 14:45:00+05:30,73304.9,73483.8,73242.2,73448.4,0,0
2024-07-05 15:15:00+05:30,73449.4,73457.25,73383.7,73393.45,0,0
2024-07-08 09:15:00+05:30,73693.75,73812.2,73544.8,73554.35,0,0
2024-07-08 09:45:00+05:30,73552.85,73792.8,73532.5,73769.05,0,0
2024-07-08 10:15:00+05:30,73764.3,73808.2,73595.75,73705.85,0,0
2024-07-08 10:45:00+05:30,73706.8,73747.0,73388.0,73497.75,0,0
2024-07-08 11:15:00+05:30,73495.9,73636.4,73453.55,73491.8,0,0
2024-07-08 11:45:00+05:30,73494.15,73571.5,73238.15,73269.6,0,0
2024-07-08 12:15:00+05:30,73271.25,73435.8,73232.35,73381.2,0,0
2024-07-08 12:45:00+05:30,73381.25,73492.05,73319.15,73480.5,0,0
2024-07-08 13:15:00+05:30,73480.45,73510.45,73352.4,73480.25,0,0
2024-07-08 13:45:00+05:30,73482.35,73514.75,73432.8,73455.7,0,0
2024-07-08 14:15:00+05:30,73454.0,73549.55,73420.9,73481.9,0,0
2024-07-08 14:45:00+05:30,73479.75,73583.7,73435.05,73491.15,0,0
2024-07-08 15:15:00+05:30,73489.0,73582.7,73411.85,73571.7,0,0
2024-07-09 09:15:00+05:30,73823.9,74096.0,73689.1,73989.55,0,0
2024-07-09 09:45:00+05:30,73986.15,74023.6,73629.4,73829.35,0,0
2024-07-09 10:15:00+05:30,73828.95,73869.5,73446.5,73811.55,0,0
2024-07-09 10:45:00+05:30,73806.6,73856.15,73650.9,73674.25,0,0
2024-07-09 11:15:00+05:30,73673.15,73766.35,73627.35,73712.3,0,0
2024-07-09 11:45:00+05:30,73712.4,73820.7,73649.15,73810.3,0,0
2024-07-09 12:15:00+05:30,73809.15,73809.15,73660.5,73684.75,0,0
2024-07-09 12:45:00+05:30,73685.8,73853.0,73659.2,73773.7,0,0
2024-07-09 13:15:00+05:30,73772.05,73836.9,73720.25,73831.75,0,0
2024-07-09 13:45:00+05:30,73835.6,73893.25,73762.35,73821.05,0,0
2024-07-09 14:15:00+05:30,73820.4,73844.0,73689.2,73816.65,0,0
2024-07-09 14:45:00+05:30,73819.85,73903.1,73792.05,73872.35,0,0
2024-07-09 15:15:00+05:30,73868.8,73883.0,73820.6,73834.75,0,0
2024-07-10 09:15:00+05:30,74148.7,74158.9,73848.25,74028.6,0,0
2024-07-10 09:45:00+05:30,74024.45,74024.45,73188.2,73333.4,0,0
2024-07-10 10:15:00+05:30,73335.75,73486.75,72254.0,72744.45,0,0
2024-07-10 10:45:00+05:30,72739.6,73344.05,72651.6,73191.55,0,0
2024-07-10 11:15:00+05:30,73194.05,73535.3,73054.5,73503.3,0,0
2024-07-10 11:45:00+05:30,73502.7,73716.8,73456.7,73563.8,0,0
2024-07-10 12:15:00+05:30,73563.75,73677.1,73395.4,73648.0,0,0
2024-07-10 12:45:00+05:30,73650.05,73706.1,73559.9,73592.05,0,0
2024-07-10 13:15:00+05:30,73593.0,73702.35,73447.15,73611.0,0,0
2024-07-10 13:45:00+05:30,73612.8,73644.1,73321.0,73490.0,0,0
2024-07-10 14:15:00+05:30,73490.15,73837.05,73449.1,73819.35,0,0
2024-07-10 14:45:00+05:30,73826.3,73942.9,73724.75,73924.8,0,0
2024-07-10 15:15:00+05:30,73930.9,73936.85,73843.9,73867.35,0,0
2024-07-11 09:15:00+05:30,74155.45,74237.55,73974.55,74235.05,0,0
2024-07-11 09:45:00+05:30,74238.75,74308.55,74014.25,74017.35,0,0
2024-07-11 10:15:00+05:30,74017.4,74050.45,73899.05,73972.3,0,0
2024-07-11 10:45:00+05:30,73972.6,74041.75,73894.3,73996.6,0,0
2024-07-11 11:15:00+05:30,73996.7,74006.25,73936.7,73975.05,0,0
2024-07-11 11:45:00+05:30,73974.85,74014.1,73787.05,73917.45,0,0
2024-07-11 12:15:00+05:30,73917.1,74049.45,73904.1,73970.6,0,0
2024-07-11 12:45:00+05:30,73972.45,74050.45,73953.0,74032.65,0,0
2024-07-11 13:15:00+05:30,74032.2,74072.85,73935.4,73965.9,0,0
2024-07-11 13:45:00+05:30,73966.95,74055.0,73922.95,74017.05,0,0
2024-07-11 14:15:00+05:30,74014.95,74091.35,74014.75,74083.4,0,0
2024-07-11 14:45:00+05:30,74082.25,74100.55,73981.2,74065.7,0,0
2024-07-11 15:15:00+05:30,74066.2,74120.2,74030.7,74070.75,0,0
2024-07-12 09:15:00+05:30,74322.4,74453.3,74164.45,74411.55,0,0
2024-07-12 09:45:00+05:30,74408.35,74442.65,74151.85,74245.75,0,0
2024-07-12 10:15:00+05:30,74247.5,74293.1,74148.1,74163.75,0,0
2024-07-12 10:45:00+05:30,74164.7,74230.2,74107.45,74190.05,0,0
2024-07-12 11:15:00+05:30,74191.75,74191.75,73682.6,73821.3,0,0
2024-07-12 11:45:00+05:30,73824.25,73877.4,73769.75,73864.0,0,0
2024-07-12 12:15:00+05:30,73864.35,73878.8,73424.4,73633.0,0,0
2024-07-12 12:45:00+05:30,73632.95,73779.2,73608.15,73731.6,0,0
2024-07-12 13:15:00+05:30,73731.4,73851.05,73727.75,73832.0,0,0
2024-07-12 13:45:00+05:30,73833.1,73868.1,73769.85,73865.9,0,0
2024-07-12 14:15:00+05:30,73863.65,73889.85,73764.45,73885.95,0,0
2024-07-12 14:45:00+05:30,73884.1,73886.35,73719.4,73724.55,0,0
2024-07-12 15:15:00+05:30,73725.45,73741.95,73680.15,73709.35,0,0
2024-07-15 09:15:00+05:30,74053.0,74088.15,73744.65,73822.95,0,0
2024-07-15 09:45:00+05:30,73824.9,74068.15,73812.35,74058.4,0,0
2024-07-15 10:15:00+05:30,74056.4,74207.9,74039.65,74117.4,0,0
2024-07-15 10:45:00+05:30,74115.35,74225.5,74056.9,74193.95,0,0
2024-07-15 11:15:00+05:30,74195.05,74263.35,74156.5,74235.75,0,0
2024-07-15 11:45:00+05:30,74235.7,74274.05,74148.15,74237.3,0,0
2024-07-15 12:15:00+05:30,74239.4,74252.8,74114.05,74165.5,0,0
2024-07-15 12:45:00+05:30,74162.85,74238.35,74123.65,74152.8,0,0
2024-07-15 13:15:00+05:30,74153.0,74247.85,74147.7,74226.0,0,0
2024-07-15 13:45:00+05:30,74225.15,74274.8,74177.65,74202.95,0,0
2024-07-15 14:15:00+05:30,74205.05,74309.9,74182.25,74273.95,0,0
2024-07-15 14:45:00+05:30,74282.05,74397.6,74270.1,74357.4,0,0
2024-07-15 15:15:00+05:30,74359.05,74430.95,74331.0,74409.3,0,0
2024-07-16 09:15:00+05:30,74612.45,74715.6,74458.05,74488.85,0,0
2024-07-16 09:45:00+05:30,74490.45,74551.2,74347.7,74429.65,0,0
2024-07-16 10:15:00+05:30,74430.4,74434.9,74326.2,74423.8,0,0
2024-07-16 10:45:00+05:30,74423.45,74486.95,74359.15,74444.35,0,0
2024-07-16 11:15:00+05:30,74445.55,74455.95,74378.25,74383.9,0,0
2024-07-16 11:45:00+05:30,74384.45,74396.75,74273.1,74298.2,0,0
2024-07-16 12:15:00+05:30,74299.0,74304.8,74168.1,74215.35,0,0
2024-07-16 12:45:00+05:30,74214.45,74316.75,74210.5,74308.25,0,0
2024-07-16 13:15:00+05:30,74308.95,74324.65,74197.35,74207.35,0,0
2024-07-16 13:45:00+05:30,74210.65,74235.75,73935.25,74081.45,0,0
2024-07-16 14:15:00+05:30,74083.85,74169.75,73968.9,74033.05,0,0
2024-07-16 14:45:00+05:30,74034.0,74095.9,73863.35,73866.05,0,0
2024-07-16 15:15:00+05:30,73866.1,73941.9,73807.5,73931.5,0,0
2024-07-18 09:15:00+05:30,73906.25,73943.35,72658.95,73052.95,0,0
2024-07-18 09:45:00+05:30,73058.8,73463.65,73054.85,73421.45,0,0
2024-07-18 10:15:00+05:30,73418.25,73433.0,72865.25,72985.7,0,0
2024-07-18 10:45:00+05:30,72986.3,73010.15,72696.55,72734.65,0,0
2024-07-18 11:15:00+05:30,72735.65,72835.5,72648.05,72753.45,0,0
2024-07-18 11:45:00+05:30,72750.4,73139.3,72735.55,73131.0,0,0
2024-07-18 12:15:00+05:30,73132.7,73151.6,72995.15,73060.1,0,0
2024-07-18 12:45:00+05:30,73061.55,73064.2,72886.65,73013.0,0,0
2024-07-18 13:15:00+05:30,73013.9,73077.25,72990.7,73011.6,0,0
2024-07-18 13:45:00+05:30,73011.05,73141.85,72994.2,73050.7,0,0
2024-07-18 14:15:00+05:30,73052.35,73078.5,72939.35,73067.05,0,0
2024-07-18 14:45:00+05:30,73068.2,73171.6,72961.9,73145.35,0,0
2024-07-18 15:15:00+05:30,73146.95,73160.65,73094.5,73127.45,0,0
2024-07-19 09:15:00+05:30,73047.85,73059.6,72463.25,72767.45,0,0
2024-07-19 09:45:00+05:30,72761.25,72766.1,71867.9,71896.1,0,0
2024-07-19 10:15:00+05:30,71896.1,72233.75,71819.85,72077.2,0,0
2024-07-19 10:45:00+05:30,72076.9,72083.3,71524.35,71623.55,0,0
2024-07-19 11:15:00+05:30,71621.5,71742.35,71454.1,71466.85,0,0
2024-07-19 11:45:00+05:30,71465.95,71857.75,71352.7,71842.6,0,0
2024-07-19 12:15:00+05:30,71844.25,71852.25,71559.15,71696.85,0,0
2024-07-19 12:45:00+05:30,71699.75,71727.35,71560.55,71621.55,0,0
2024-07-19 13:15:00+05:30,71621.8,71926.7,71513.5,71804.8,0,0
2024-07-19 13:45:00+05:30,71806.65,71967.55,71586.85,71655.7,0,0
2024-07-19 14:15:00+05:30,71655.1,71716.45,71373.75,71511.05,0,0
2024-07-19 14:45:00+05:30,71511.0,71553.1,71296.25,71357.4,0,0
2024-07-19 15:15:00+05:30,71358.75,71379.65,71246.9,71307.5,0,0
2024-07-22 09:15:00+05:30,71092.1,71918.45,70696.3,71801.85,0,0
2024-07-22 09:45:00+05:30,71800.85,72149.3,71706.8,72135.1,0,0
2024-07-22 10:15:00+05:30,72136.9,72300.35,72077.7,72291.5,0,0
2024-07-22 10:45:00+05:30,72294.8,72350.25,72042.25,72044.9,0,0
2024-07-22 11:15:00+05:30,72042.9,72206.6,71937.15,72206.6,0,0
2024-07-22 11:45:00+05:30,72208.6,72230.4,72063.85,72092.65,0,0
2024-07-22 12:15:00+05:30,72093.55,72161.6,71871.0,71980.65,0,0
2024-07-22 12:45:00+05:30,71977.95,72148.4,71963.1,72106.0,0,0
2024-07-22 13:15:00+05:30,72105.05,72288.4,72098.25,72277.85,0,0
2024-07-22 13:45:00+05:30,72275.85,72352.0,72128.5,72168.95,0,0
2024-07-22 14:15:00+05:30,72165.5,72237.4,72096.15,72188.25,0,0
2024-07-22 14:45:00+05:30,72191.65,72259.85,72117.75,72257.75,0,0
2024-07-22 15:15:00+05:30,72254.95,72333.15,72233.4,72273.25,0,0
2024-07-23 09:15:00+05:30,72627.0,72635.2,71919.9,71937.7,0,0
2024-07-23 09:45:00+05:30,71934.45,72053.65,71789.9,71838.2,0,0
2024-07-23 10:15:00+05:30,71838.15,72080.9,71744.05,72022.05,0,0
2024-07-23 10:45:00+05:30,72020.3,72298.25,71936.85,72278.0,0,0
2024-07-23 11:15:00+05:30,72276.25,72279.4,71629.55,72010.5,0,0
2024-07-23 11:45:00+05:30,72008.9,72246.4,71810.75,71998.05,0,0
2024-07-23 12:15:00+05:30,71997.1,72015.7,68938.5,71288.2,0,0
2024-07-23 12:45:00+05:30,71288.15,71804.3,71150.25,71276.95,0,0
2024-07-23 13:15:00+05:30,71274.4,71563.35,70777.6,70883.25,0,0
2024-07-23 13:45:00+05:30,70882.35,71661.55,70640.9,71546.55,0,0
2024-07-23 14:15:00+05:30,71547.5,71805.95,71353.15,71751.6,0,0
2024-07-23 14:45:00+05:30,71753.45,71842.75,71567.65,71577.4,0,0
2024-07-23 15:15:00+05:30,71581.3,71673.4,71547.65,71648.1,0,0
2024-07-24 09:15:00+05:30,71704.3,72113.0,71449.9,71873.25,0,0
2024-07-24 09:45:00+05:30,71875.4,72066.75,71718.05,72025.1,0,0
2024-07-24 10:15:00+05:30,72026.85,72163.75,71880.55,71955.1,0,0
2024-07-24 10:45:00+05:30,71958.2,72076.8,71813.35,71816.35,0,0
2024-07-24 11:15:00+05:30,71817.5,71845.85,71664.75,71713.05,0,0
2024-07-24 11:45:00+05:30,71709.25,71904.0,71700.5,71862.9,0,0
2024-07-24 12:15:00+05:30,71862.5,71867.0,71625.4,71683.85,0,0
2024-07-24 12:45:00+05:30,71683.15,71820.15,71648.15,71818.7,0,0
2024-07-24 13:15:00+05:30,71820.25,71991.4,71738.3,71988.5,0,0
2024-07-24 13:45:00+05:30,71988.7,72024.35,71675.1,71704.9,0,0
2024-07-24 14:15:00+05:30,71705.7,71933.65,71685.65,71928.65,0,0
2024-07-24 14:45:00+05:30,71928.45,72018.4,71768.2,71829.55,0,0
2024-07-24 15:15:00+05:30,71830.35,71930.55,71815.3,71904.65,0,0
2024-07-25 09:15:00+05:30,71340.2,71558.25,71055.3,71501.85,0,0
2024-07-25 09:45:00+05:30,71501.8,71512.85,71238.45,71447.75,0,0
2024-07-25 10:15:00+05:30,71442.6,71703.7,71382.35,71695.2,0,0
2024-07-25 10:45:00+05:30,71694.6,71877.35,71619.6,71861.45,0,0
2024-07-25 11:15:00+05:30,71860.55,71923.0,71700.75,71889.45,0,0
2024-07-25 11:45:00+05:30,71893.25,72027.35,71764.25,71784.4,0,0
2024-07-25 12:15:00+05:30,71783.2,71928.35,71751.4,71781.25,0,0
2024-07-25 12:45:00+05:30,71782.2,71952.8,71779.1,71890.6,0,0
2024-07-25 13:15:00+05:30,71889.9,71956.65,71782.05,71826.35,0,0
2024-07-25 13:45:00+05:30,71824.0,71997.75,71804.45,71990.1,0,0
2024-07-25 14:15:00+05:30,71987.4,72001.65,71821.9,71826.3,0,0
2024-07-25 14:45:00+05:30,71825.8,72226.85,71815.8,72224.45,0,0
2024-07-25 15:15:00+05:30,72227.45,72355.4,72207.45,72323.5,0,0
2024-07-26 09:15:00+05:30,72611.2,72810.65,72559.6,72738.7,0,0
2024-07-26 09:45:00+05:30,72735.0,72992.45,72724.8,72990.5,0,0
2024-07-26 10:15:00+05:30,72990.9,73120.15,72971.45,73071.7,0,0
2024-07-26 10:45:00+05:30,73072.65,73158.35,73041.45,73117.75,0,0
2024-07-26 11:15:00+05:30,73119.25,73132.95,73027.0,73113.15,0,0
2024-07-26 11:45:00+05:30,73113.05,73152.15,73088.45,73115.5,0,0
2024-07-26 12:15:00+05:30,73117.15,73234.45,73112.7,73211.8,0,0
2024-07-26 12:45:00+05:30,73212.15,73314.2,73161.95,73266.1,0,0
2024-07-26 13:15:00+05:30,73269.05,73385.3,73247.75,73339.85,0,0
2024-07-26 13:45:00+05:30,73339.15,73366.3,73210.25,73327.15,0,0
2024-07-26 14:15:00+05:30,73325.6,73364.65,73240.6,73352.4,0,0
2024-07-26 14:45:00+05:30,73349.5,73453.65,73341.85,73450.45,0,0
2024-07-26 15:15:00+05:30,73451.7,73457.85,73361.5,73371.55,0,0
2024-07-29 09:15:00+05:30,73836.2,73950.65,73571.6,73848.9,0,0
2024-07-29 09:45:00+05:30,73848.45,73966.9,73761.1,73898.15,0,0
2024-07-29 10:15:00+05:30,73899.95,73993.25,73830.2,73905.75,0,0
2024-07-29 10:45:00+05:30,73908.55,74091.5,73890.4,74067.1,0,0
2024-07-29 11:15:00+05:30,74069.5,74286.5,74067.0,74272.8,0,0
2024-07-29 11:45:00+05:30,74272.25,74315.5,74068.7,74124.0,0,0
2024-07-29 12:15:00+05:30,74125.4,74131.55,73783.7,74067.9,0,0
2024-07-29 12:45:00+05:30,74069.2,74227.9,74028.45,74111.65,0,0
2024-07-29 13:15:00+05:30,74110.95,74365.5,74049.65,74329.1,0,0
2024-07-29 13:45:00+05:30,74329.45,74360.25,74020.75,74047.9,0,0
2024-07-29 14:15:00+05:30,74046.15,74237.1,73979.6,74197.0,0,0
2024-07-29 14:45:00+05:30,74196.4,74316.3,74116.35,74301.25,0,0
2024-07-29 15:15:00+05:30,74299.1,74341.95,74254.3,74299.55,0,0
2024-07-30 09:15:00+05:30,74495.85,74593.0,74214.5,74468.65,0,0
2024-07-30 09:45:00+05:30,74468.55,74528.85,74228.55,74428.9,0,0
2024-07-30 10:15:00+05:30,74428.95,74589.6,74424.85,74549.35,0,0
2024-07-30 10:45:00+05:30,74549.15,74599.25,74527.0,74578.6,0,0
2024-07-30 11:15:00+05:30,74575.45,74656.65,74548.7,74641.6,0,0
2024-07-30 11:45:00+05:30,74639.15,74643.0,74350.0,74398.75,0,0
2024-07-30 12:15:00+05:30,74396.7,74499.2,74347.15,74353.2,0,0
2024-07-30 12:45:00+05:30,74353.75,74430.95,74293.0,74414.15,0,0
2024-07-30 13:15:00+05:30,74411.05,74441.35,74291.65,74410.6,0,0
2024-07-30 13:45:00+05:30,74410.5,74473.2,74389.55,74438.7,0,0
2024-07-30 14:15:00+05:30,74435.5,74549.75,74430.55,74545.85,0,0
2024-07-30 14:45:00+05:30,74547.1,74569.15,74131.0,74133.0,0,0
2024-07-30 15:15:00+05:30,74132.05,74241.05,74118.95,74193.0,0,0
2024-07-31 09:15:00+05:30,74514.8,74698.2,74381.25,74625.55,0,0
2024-07-31 09:45:00+05:30,74623.85,74750.9,74581.25,74653.35,0,0
2024-07-31 10:15:00+05:30,74649.5,74666.75,74532.1,74625.15,0,0
2024-07-31 10:45:00+05:30,74622.25,74809.85,74616.6,74794.25,0,0
2024-07-31 11:15:00+05:30,74795.3,74852.85,74700.35,74758.85,0,0
2024-07-31 11:45:00+05:30,74756.05,74846.5,74740.85,74809.05,0,0
2024-07-31 12:15:00+05:30,74810.45,74813.9,74705.95,74751.05,0,0
2024-07-31 12:45:00+05:30,74746.85,74797.1,74707.6,74780.6,0,0
2024-07-31 13:15:00+05:30,74778.0,74854.9,74718.85,74819.0,0,0
2024-07-31 13:45:00+05:30,74817.25,74853.4,74651.8,74664.0,0,0
2024-07-31 14:15:00+05:30,74664.6,74857.45,74659.95,74825.45,0,0
2024-07-31 14:45:00+05:30,74826.75,74879.05,74752.85,74764.0,0,0
2024-07-31 15:15:00+05:30,74762.35,74838.45,74735.25,74830.8,0,0
2024-08-01 09:15:00+05:30,74936.7,75057.3,74723.35,74830.2,0,0
2024-08-01 09:45:00+05:30,74830.8,74935.3,74794.75,74870.3,0,0
2024-08-01 10:15:00+05:30,74869.0,74952.7,74582.4,74583.85,0,0
2024-08-01 10:45:00+05:30,74582.25,74584.7,74324.6,74537.1,0,0
2024-08-01 11:15:00+05:30,74538.4,74556.25,74393.3,74406.1,0,0
2024-08-01 11:45:00+05:30,74407.05,74433.4,74253.65,74276.05,0,0
2024-08-01 12:15:00+05:30,74277.7,74338.65,74092.8,74201.45,0,0
2024-08-01 12:45:00+05:30,74205.35,74355.6,74142.85,74256.55,0,0
2024-08-01 13:15:00+05:30,74257.65,74341.9,74201.0,74202.1,0,0
2024-08-01 13:45:00+05:30,74203.65,74308.1,74196.75,74207.3,0,0
2024-08-01 14:15:00+05:30,74207.0,74216.65,73921.3,74141.0,0,0
2024-08-01 14:45:00+05:30,74142.45,74325.1,74015.55,74295.9,0,0
2024-08-01 15:15:00+05:30,74294.1,74350.7,74263.15,74349.1,0,0
2024-08-02 09:15:00+05:30,73621.4,74113.7,73173.45,73439.85,0,0
2024-08-02 09:45:00+05:30,73436.45,73919.1,73297.9,73892.25,0,0
2024-08-02 10:15:00+05:30,73893.05,74155.85,73762.55,74075.2,0,0
2024-08-02 10:45:00+05:30,74073.9,74241.25,73952.5,74043.75,0,0
2024-08-02 11:15:00+05:30,74045.0,74109.2,73914.1,74014.35,0,0
2024-08-02 11:45:00+05:30,74014.6,74072.6,73772.05,73788.9,0,0
2024-08-02 12:15:00+05:30,73789.55,73855.3,73678.55,73695.85,0,0
2024-08-02 12:45:00+05:30,73693.75,73802.45,73645.7,73762.45,0,0
2024-08-02 13:15:00+05:30,73760.45,73947.2,73681.8,73833.15,0,0
2024-08-02 13:45:00+05:30,73833.0,73879.75,73723.25,73739.95,0,0
2024-08-02 14:15:00+05:30,73738.75,73769.0,73495.6,73503.25,0,0
2024-08-02 14:45:00+05:30,73502.15,73526.9,73272.7,73320.85,0,0
2024-08-02 15:15:00+05:30,73320.9,73355.0,73293.45,73313.0,0,0
2024-08-05 09:15:00+05:30,71459.55,71988.9,70895.35,71866.3,0,0
2024-08-05 09:45:00+05:30,71871.7,72084.95,71749.05,72017.8,0,0
2024-08-05 10:15:00+05:30,72023.7,72023.7,71412.0,71469.2,0,0
2024-08-05 10:45:00+05:30,71471.8,71473.0,70729.85,70752.3,0,0
2024-08-05 11:15:00+05:30,70747.8,70893.5,70269.45,70771.7,0,0
2024-08-05 11:45:00+05:30,70770.25,71041.45,70715.85,71031.9,0,0
2024-08-05 12:15:00+05:30,71033.6,71084.35,70540.85,70553.1,0,0
2024-08-05 12:45:00+05:30,70556.4,70846.15,70372.6,70846.0,0,0
2024-08-05 13:15:00+05:30,70847.65,71157.05,70694.95,71019.75,0,0
2024-08-05 13:45:00+05:30,71017.5,71363.1,70988.4,71081.9,0,0
2024-08-05 14:15:00+05:30,71079.5,71196.85,70846.75,71196.1,0,0
2024-08-05 14:45:00+05:30,71196.45,71304.25,70914.55,70919.95,0,0
2024-08-05 15:15:00+05:30,70921.5,70951.45,70818.75,70872.2,0,0
2024-08-06 09:15:00+05:30,71496.4,72456.65,71472.7,71769.1,0,0
2024-08-06 09:45:00+05:30,71770.75,72204.0,71766.6,71989.75,0,0
2024-08-06 10:15:00+05:30,71989.0,72089.75,71410.55,71477.45,0,0
2024-08-06 10:45:00+05:30,71473.4,71791.8,71455.5,71676.35,0,0
2024-08-06 11:15:00+05:30,71676.3,71856.1,71666.85,71767.05,0,0
2024-08-06 11:45:00+05:30,71769.2,71886.75,71682.6,71833.55,0,0
2024-08-06 12:15:00+05:30,71832.7,71864.0,71629.75,71650.85,0,0
2024-08-06 12:45:00+05:30,71651.1,71716.35,71539.5,71562.6,0,0
2024-08-06 13:15:00+05:30,71562.05,71613.2,71173.2,71222.05,0,0
2024-08-06 13:45:00+05:30,71220.4,71306.15,70742.05,70763.3,0,0
2024-08-06 14:15:00+05:30,70764.9,71143.8,70533.05,70535.45,0,0
2024-08-06 14:45:00+05:30,70537.5,70842.75,70181.85,70186.7,0,0
2024-08-06 15:15:00+05:30,70189.2,70378.55,70081.0,70378.55,0,0
2024-08-07 09:15:00+05:30,71577.65,71582.95,71077.35,71520.95,0,0
2024-08-07 09:45:00+05:30,71521.2,71704.2,71255.85,71347.8,0,0
2024-08-07 10:15:00+05:30,71349.65,71806.5,71303.8,71762.0,0,0
2024-08-07 10:45:00+05:30,71761.8,71875.0,71624.1,71661.15,0,0
2024-08-07 11:15:00+05:30,71662.75,71766.75,71505.45,71765.15,0,0
2024-08-07 11:45:00+05:30,71765.15,71809.75,71670.7,71726.2,0,0
2024-08-07 12:15:00+05:30,71725.9,71879.55,71719.3,71750.9,0,0
2024-08-07 12:45:00+05:30,71746.2,71930.7,71741.6,71920.25,0,0
2024-08-07 13:15:00+05:30,71920.8,71964.25,71784.85,71928.4,0,0
2024-08-07 13:45:00+05:30,71930.5,72121.55,71929.65,72121.55,0,0
2024-08-07 14:15:00+05:30,72122.45,72283.3,72118.15,72246.1,0,0
2024-08-07 14:45:00+05:30,72245.95,72395.05,72115.2,72378.35,0,0
2024-08-07 15:15:00+05:30,72376.45,72491.05,72367.35,72432.45,0,0
2024-08-08 09:15:00+05:30,72465.1,72465.1,71931.45,72153.55,0,0
2024-08-08 09:45:00+05:30,72161.5,72233.6,71941.45,72149.4,0,0
2024-08-08 10:15:00+05:30,72149.75,72292.25,72124.25,72217.25,0,0
2024-08-08 10:45:00+05:30,72225.65,72230.8,72015.1,72084.9,0,0
2024-08-08 11:15:00+05:30,72083.85,72231.1,72081.1,72156.95,0,0
2024-08-08 11:45:00+05:30,72158.0,72297.7,72103.15,72297.7,0,0
2024-08-08 12:15:00+05:30,72298.8,72495.55,72296.45,72434.8,0,0
2024-08-08 12:45:00+05:30,72434.45,72458.7,72087.2,72142.8,0,0
2024-08-08 13:15:00+05:30,72143.6,72260.75,72011.35,72249.0,0,0
2024-08-08 13:45:00+05:30,72249.3,72259.5,72055.65,72078.75,0,0
2024-08-08 14:15:00+05:30,72077.95,72133.75,71938.65,72010.05,0,0
2024-08-08 14:45:00+05:30,72010.45,72079.7,71790.4,71792.05,0,0
2024-08-08 15:15:00+05:30,71799.05,71824.7,71716.4,71824.7,0,0
2024-08-09 09:15:00+05:30,72658.9,72781.9,72474.35,72735.2,0,0
2024-08-09 09:45:00+05:30,72735.8,72769.1,72533.2,72571.0,0,0
2024-08-09 10:15:00+05:30,72569.2,72569.2,72293.45,72407.85,0,0
2024-08-09 10:45:00+05:30,72408.35,72524.15,72394.0,72439.45,0,0
2024-08-09 11:15:00+05:30,72440.05,72471.55,72344.3,72347.1,0,0
2024-08-09 11:45:00+05:30,72348.05,72422.85,72267.95,72303.45,0,0
2024-08-09 12:15:00+05:30,72303.05,72446.5,72241.2,72428.8,0,0
2024-08-09 12:45:00+05:30,72430.25,72585.55,72375.65,72541.3,0,0
2024-08-09 13:15:00+05:30,72538.75,72867.35,72520.05,72855.75,0,0
2024-08-09 13:45:00+05:30,72859.6,72900.0,72718.45,72854.85,0,0
2024-08-09 14:15:00+05:30,72856.6,72856.95,72572.0,72598.45,0,0
2024-08-09 14:45:00+05:30,72595.8,72806.65,72567.55,72795.1,0,0
2024-08-09 15:15:00+05:30,72795.9,72795.9,72685.8,72743.35,0,0
2024-08-12 09:15:00+05:30,72401.5,72614.1,72062.15,72402.1,0,0
2024-08-12 09:45:00+05:30,72401.25,72416.2,71965.85,72182.2,0,0
2024-08-12 10:15:00+05:30,72181.5,72531.95,72176.6,72511.85,0,0
2024-08-12 10:45:00+05:30,72512.95,72591.95,72451.7,72538.15,0,0
2024-08-12 11:15:00+05:30,72541.45,72635.0,72410.25,72442.5,0,0
2024-08-12 11:45:00+05:30,72442.35,72549.2,72354.0,72357.15,0,0
2024-08-12 12:15:00+05:30,72357.5,72584.9,72306.3,72543.4,0,0
2024-08-12 12:45:00+05:30,72544.05,72595.7,72476.4,72487.35,0,0
2024-08-12 13:15:00+05:30,72488.75,72654.7,72486.65,72643.0,0,0
2024-08-12 13:45:00+05:30,72644.25,72736.65,72593.45,72687.05,0,0
2024-08-12 14:15:00+05:30,72687.0,72698.85,72531.05,72633.2,0,0
2024-08-12 14:45:00+05:30,72632.9,72660.25,72258.4,72441.7,0,0
2024-08-12 15:15:00+05:30,72440.6,72502.8,72371.6,72402.6,0,0
2024-08-13 09:15:00+05:30,72596.85,72669.0,72321.1,72499.75,0,0
2024-08-13 09:45:00+05:30,72498.05,72518.4,72264.0,72321.65,0,0
2024-08-13 10:15:00+05:30,72320.5,72322.4,72159.75,72208.2,0,0
2024-08-13 10:45:00+05:30,72207.35,72398.7,72207.35,72376.55,0,0
2024-08-13 11:15:00+05:30,72371.85,72478.1,72330.35,72434.4,0,0
2024-08-13 11:45:00+05:30,72435.9,72515.1,72297.35,72395.95,0,0
2024-08-13 12:15:00+05:30,72396.05,72399.9,72205.4,72231.05,0,0
2024-08-13 12:45:00+05:30,72229.2,72232.1,72051.9,72173.6,0,0
2024-08-13 13:15:00+05:30,72174.35,72281.3,72065.9,72070.9,0,0
2024-08-13 13:45:00+05:30,72067.95,72108.65,71677.95,71876.65,0,0
2024-08-13 14:15:00+05:30,71876.95,71965.6,71732.8,71769.65,0,0
2024-08-13 14:45:00+05:30,71768.95,71790.4,71570.55,71572.5,0,0
2024-08-13 15:15:00+05:30,71575.15,71640.85,71534.25,71593.5,0,0
2024-08-14 09:15:00+05:30,71840.1,71921.65,71114.9,71291.15,0,0
2024-08-14 09:45:00+05:30,71294.4,71728.2,71294.4,71585.45,0,0
2024-08-14 10:15:00+05:30,71582.65,71741.1,71469.65,71725.65,0,0
2024-08-14 10:45:00+05:30,71727.85,71727.85,71164.8,71321.0,0,0
2024-08-14 11:15:00+05:30,71321.15,71436.7,71197.15,71257.3,0,0
2024-08-14 11:45:00+05:30,71257.3,71570.9,71100.1,71564.55,0,0
2024-08-14 12:15:00+05:30,71562.7,71616.65,71477.35,71576.85,0,0
2024-08-14 12:45:00+05:30,71575.05,71723.0,71570.3,71692.35,0,0
2024-08-14 13:15:00+05:30,71691.8,71732.5,71493.4,71607.05,0,0
2024-08-14 13:45:00+05:30,71607.65,71688.9,71536.2,71648.1,0,0
2024-08-14 14:15:00+05:30,71652.55,71808.95,71541.25,71615.75,0,0
2024-08-14 14:45:00+05:30,71616.0,71713.05,71569.1,71644.9,0,0
2024-08-14 15:15:00+05:30,71647.55,71672.6,71607.0,71632.1,0,0
2024-08-16 09:15:00+05:30,72208.55,72342.6,72122.0,72227.45,0,0
2024-08-16 09:45:00+05:30,72227.9,72248.8,72038.95,72069.35,0,0
2024-08-16 10:15:00+05:30,72069.7,72164.35,71885.2,72113.75,0,0
2024-08-16 10:45:00+05:30,72112.65,72161.5,72068.8,72104.7,0,0
2024-08-16 11:15:00+05:30,72103.25,72205.45,72052.7,72170.45,0,0
2024-08-16 11:45:00+05:30,72168.2,72309.0,72165.8,72297.6,0,0
2024-08-16 12:15:00+05:30,72296.5,72410.0,72270.3,72382.25,0,0
2024-08-16 12:45:00+05:30,72381.3,72491.5,72358.6,72478.0,0,0
2024-08-16 13:15:00+05:30,72479.05,72546.05,72474.6,72509.65,0,0
2024-08-16 13:45:00+05:30,72510.65,72644.9,72508.85,72622.65,0,0
2024-08-16 14:15:00+05:30,72621.7,72703.9,72584.15,72701.95,0,0
2024-08-16 14:45:00+05:30,72701.25,72981.2,72699.1,72977.7,0,0
2024-08-16 15:15:00+05:30,72974.55,73001.85,72907.0,72923.85,0,0
2024-08-19 09:15:00+05:30,73446.45,73600.95,73263.85,73587.65,0,0
2024-08-19 09:45:00+05:30,73588.7,73664.35,73411.2,73539.8,0,0
2024-08-19 10:15:00+05:30,73540.8,73598.7,73424.75,73512.2,0,0
2024-08-19 10:45:00+05:30,73512.55,73520.45,73402.75,73463.25,0,0
2024-08-19 11:15:00+05:30,73464.6,73586.4,73456.5,73519.9,0,0
2024-08-19 11:45:00+05:30,73520.45,73568.85,73403.9,73430.4,0,0
2024-08-19 12:15:00+05:30,73430.25,73444.95,73303.05,73339.4,0,0
2024-08-19 12:45:00+05:30,73340.85,73371.0,73301.7,73360.5,0,0
2024-08-19 13:15:00+05:30,73361.7,73400.2,73278.9,73309.0,0,0
2024-08-19 13:45:00+05:30,73307.35,73322.55,73249.85,73270.3,0,0
2024-08-19 14:15:00+05:30,73269.95,73338.55,73260.55,73327.95,0,0
2024-08-19 14:45:00+05:30,73327.6,73392.05,73271.85,73384.8,0,0
2024-08-19 15:15:00+05:30,73384.35,73432.6,73378.95,73398.8,0,0
2024-08-20 09:15:00+05:30,73628.8,73633.1,73403.35,73462.1,0,0
2024-08-20 09:45:00+05:30,73461.4,73527.55,73401.6,73521.65,0,0
2024-08-20 10:15:00+05:30,73520.35,73524.7,73394.1,73428.95,0,0
2024-08-20 10:45:00+05:30,73431.15,73486.4,73351.05,73452.7,0,0
2024-08-20 11:15:00+05:30,73451.5,73484.8,73314.95,73422.25,0,0
2024-08-20 11:45:00+05:30,73424.3,73539.0,73393.45,73526.4,0,0
2024-08-20 12:15:00+05:30,73524.0,73577.0,73503.1,73548.95,0,0
2024-08-20 12:45:00+05:30,73549.7,73668.1,73546.7,73633.3,0,0
2024-08-20 13:15:00+05:30,73634.5,73760.8,73617.7,73720.1,0,0
2024-08-20 13:45:00+05:30,73719.75,73852.35,73705.05,73831.05,0,0
2024-08-20 14:15:00+05:30,73835.9,73911.8,73831.65,73897.65,0,0
2024-08-20 14:45:00+05:30,73899.85,74002.75,73889.45,73984.25,0,0
2024-08-20 15:15:00+05:30,73983.45,73988.25,73900.05,73912.0,0,0
2024-08-21 09:15:00+05:30,74088.95,74199.0,73940.85,74054.8,0,0
2024-08-21 09:45:00+05:30,74056.1,74154.5,73993.25,74084.65,0,0
2024-08-21 10:15:00+05:30,74085.9,74112.6,74030.45,74100.0,0,0
2024-08-21 10:45:00+05:30,74101.35,74123.3,73967.4,73991.25,0,0
2024-08-21 11:15:00+05:30,73993.25,74075.95,73957.8,73971.95,0,0
2024-08-21 11:45:00+05:30,73973.4,74027.8,73964.55,74001.75,0,0
2024-08-21 12:15:00+05:30,74000.95,74075.4,73993.85,74020.75,0,0
2024-08-21 12:45:00+05:30,74020.45,74030.35,73955.5,73985.05,0,0
2024-08-21 13:15:00+05:30,73985.5,74063.95,73922.05,74029.9,0,0
2024-08-21 13:45:00+05:30,74029.85,74069.25,74011.25,74047.75,0,0
2024-08-21 14:15:00+05:30,74049.9,74063.5,73978.0,74025.05,0,0
2024-08-21 14:45:00+05:30,74023.9,74191.85,74022.55,74175.5,0,0
2024-08-21 15:15:00+05:30,74176.65,74256.05,74164.85,74211.3,0,0
2024-08-22 09:15:00+05:30,74546.15,74597.0,74403.6,74547.3,0,0
2024-08-22 09:45:00+05:30,74548.8,74552.15,74382.0,74514.2,0,0
2024-08-22 10:15:00+05:30,74513.6,74662.8,74484.6,74662.6,0,0
2024-08-22 10:45:00+05:30,74663.55,74673.45,74585.45,74638.4,0,0
2024-08-22 11:15:00+05:30,74636.2,74647.7,74573.55,74626.05,0,0
2024-08-22 11:45:00+05:30,74626.1,74672.1,74588.05,74642.65,0,0
2024-08-22 12:15:00+05:30,74643.6,74684.7,74593.3,74612.1,0,0
2024-08-22 12:45:00+05:30,74614.55,74624.9,74445.55,74475.1,0,0
2024-08-22 13:15:00+05:30,74474.7,74511.85,74444.9,74507.3,0,0
2024-08-22 13:45:00+05:30,74507.15,74551.1,74489.8,74544.05,0,0
2024-08-22 14:15:00+05:30,74544.1,74560.35,74455.65,74525.4,0,0
2024-08-22 14:45:00+05:30,74525.55,74700.0,74478.9,74693.0,0,0
2024-08-22 15:15:00+05:30,74693.75,74713.65,74610.85,74633.2,0,0
2024-08-23 09:15:00+05:30,74904.35,74958.6,74606.95,74676.5,0,0
2024-08-23 09:45:00+05:30,74676.45,74853.0,74611.0,74771.45,0,0
2024-08-23 10:15:00+05:30,74773.0,74806.7,74707.8,74794.3,0,0
2024-08-23 10:45:00+05:30,74792.35,74836.25,74764.25,74780.6,0,0
2024-08-23 11:15:00+05:30,74780.65,74866.55,74777.4,74812.0,0,0
2024-08-23 11:45:00+05:30,74814.8,74815.9,74724.9,74743.5,0,0
2024-08-23 12:15:00+05:30,74743.85,74757.8,74651.95,74706.35,0,0
2024-08-23 12:45:00+05:30,74706.4,74708.7,74596.25,74671.3,0,0
2024-08-23 13:15:00+05:30,74669.25,74676.6,74523.1,74591.0,0,0
2024-08-23 13:45:00+05:30,74594.65,74625.25,74579.85,74588.1,0,0
2024-08-23 14:15:00+05:30,74588.05,74614.6,74525.05,74556.85,0,0
2024-08-23 14:45:00+05:30,74557.75,74600.9,74325.25,74362.05,0,0
2024-08-23 15:15:00+05:30,74363.0,74461.3,74341.25,74435.4,0,0
2024-08-26 09:15:00+05:30,74752.5,74752.5,74457.7,74628.35,0,0
2024-08-26 09:45:00+05:30,74627.9,74656.3,74529.95,74637.3,0,0
2024-08-26 10:15:00+05:30,74638.8,74674.35,74524.25,74536.1,0,0
2024-08-26 10:45:00+05:30,74532.8,74534.3,74433.5,74502.65,0,0
2024-08-26 11:15:00+05:30,74508.8,74593.0,74505.1,74584.85,0,0
2024-08-26 11:45:00+05:30,74582.15,74633.3,74528.7,74575.75,0,0
2024-08-26 12:15:00+05:30,74579.35,74622.1,74564.4,74587.15,0,0
2024-08-26 12:45:00+05:30,74587.05,74612.85,74550.35,74556.7,0,0
2024-08-26 13:15:00+05:30,74555.95,74571.6,74524.4,74558.3,0,0
2024-08-26 13:45:00+05:30,74555.7,74632.35,74544.75,74573.0,0,0
2024-08-26 14:15:00+05:30,74574.55,74720.05,74574.1,74675.5,0,0
2024-08-26 14:45:00+05:30,74675.7,74807.25,74670.3,74786.1,0,0
2024-08-26 15:15:00+05:30,74793.8,74817.25,74732.75,74753.7,0,0
2024-08-27 09:15:00+05:30,74884.55,74933.35,74633.3,74685.05,0,0
2024-08-27 09:45:00+05:30,74684.4,74829.15,74656.55,74777.1,0,0
2024-08-27 10:15:00+05:30,74774.35,74827.1,74622.6,74741.15,0,0
2024-08-27 10:45:00+05:30,74741.5,74844.3,74726.15,74832.1,0,0
2024-08-27 11:15:00+05:30,74833.35,74903.1,74821.35,74844.75,0,0
2024-08-27 11:45:00+05:30,74844.15,74851.6,74777.85,74836.35,0,0
2024-08-27 12:15:00+05:30,74838.0,74858.3,74794.6,74806.85,0,0
2024-08-27 12:45:00+05:30,74807.5,74810.2,74682.05,74766.2,0,0
2024-08-27 13:15:00+05:30,74767.35,74864.65,74751.05,74859.95,0,0
2024-08-27 13:45:00+05:30,74859.9,74901.4,74847.0,74863.55,0,0
2024-08-27 14:15:00+05:30,74865.55,74919.35,74791.55,74792.55,0,0
2024-08-27 14:45:00+05:30,74793.55,74870.95,74704.55,74851.85,0,0
2024-08-27 15:15:00+05:30,74854.65,74896.2,74834.55,74837.5,0,0
2024-08-28 09:15:00+05:30,75173.75,75245.7,74786.2,75000.95,0,0
2024-08-28 09:45:00+05:30,74996.0,75111.6,74972.55,75075.65,0,0
2024-08-28 10:15:00+05:30,75076.95,75157.45,75014.45,75048.85,0,0
2024-08-28 10:45:00+05:30,75048.75,75173.55,75037.1,75147.4,0,0
2024-08-28 11:15:00+05:30,75146.9,75182.2,75111.5,75151.4,0,0
2024-08-28 11:45:00+05:30,75148.2,75188.85,75132.15,75144.95,0,0
2024-08-28 12:15:00+05:30,75144.9,75241.9,75132.7,75235.05,0,0
2024-08-28 12:45:00+05:30,75234.5,75265.15,75172.05,75231.3,0,0
2024-08-28 13:15:00+05:30,75231.25,75296.9,75199.65,75285.65,0,0
2024-08-28 13:45:00+05:30,75286.9,75308.05,75245.0,75262.1,0,0
2024-08-28 14:15:00+05:30,75260.25,75276.0,75123.1,75132.7,0,0
2024-08-28 14:45:00+05:30,75135.65,75183.1,75072.9,75107.8,0,0
2024-08-28 15:15:00+05:30,75110.5,75118.25,74955.65,75006.5,0,0
2024-08-29 09:15:00+05:30,75119.6,75259.9,75001.6,75139.8,0,0
2024-08-29 09:45:00+05:30,75133.9,75170.95,74900.25,74904.8,0,0
2024-08-29 10:15:00+05:30,74904.6,74925.15,74630.8,74692.8,0,0
2024-08-29 10:45:00+05:30,74693.75,74700.55,74539.0,74631.2,0,0
2024-08-29 11:15:00+05:30,74632.8,74680.95,74527.15,74546.35,0,0
2024-08-29 11:45:00+05:30,74547.9,74566.25,74461.6,74480.1,0,0
2024-08-29 12:15:00+05:30,74483.3,74709.3,74481.3,74703.2,0,0
2024-08-29 12:45:00+05:30,74705.55,74762.75,74640.5,74672.4,0,0
2024-08-29 13:15:00+05:30,74670.55,74707.85,74573.1,74608.2,0,0
2024-08-29 13:45:00+05:30,74606.85,74640.2,74358.05,74448.85,0,0
2024-08-29 14:15:00+05:30,74447.95,74458.2,74290.85,74396.85,0,0
2024-08-29 14:45:00+05:30,74398.0,74881.9,74384.15,74857.0,0,0
2024-08-29 15:15:00+05:30,74859.35,74995.5,74851.2,74987.0,0,0
2024-08-30 09:15:00+05:30,75166.15,75273.4,75056.4,75143.45,0,0
2024-08-30 09:45:00+05:30,75144.8,75247.55,75135.9,75153.35,0,0
2024-08-30 10:15:00+05:30,75151.1,75287.05,75151.1,75269.25,0,0
2024-08-30 10:45:00+05:30,75273.3,75394.2,75268.7,75340.85,0,0
2024-08-30 11:15:00+05:30,75346.55,75414.45,75322.3,75368.4,0,0
2024-08-30 11:45:00+05:30,75368.5,75381.5,75314.05,75345.95,0,0
2024-08-30 12:15:00+05:30,75347.15,75393.95,75296.5,75317.45,0,0
2024-08-30 12:45:00+05:30,75316.65,75393.3,75299.5,75349.1,0,0
2024-08-30 13:15:00+05:30,75349.9,75385.15,75326.55,75342.25,0,0
2024-08-30 13:45:00+05:30,75344.4,75391.75,75317.65,75385.2,0,0
2024-08-30 14:15:00+05:30,75382.3,75448.9,75367.35,75379.2,0,0
2024-08-30 14:45:00+05:30,75379.1,75450.55,75207.5,75295.95,0,0
2024-08-30 15:15:00+05:30,75298.25,75332.8,75234.8,75301.15,0,0
2024-09-02 09:15:00+05:30,75674.85,75712.35,75239.75,75281.55,0,0
2024-09-02 09:45:00+05:30,75283.5,75402.85,75248.6,75300.3,0,0
2024-09-02 10:15:00+05:30,75298.6,75306.85,75118.05,75301.4,0,0
2024-09-02 10:45:00+05:30,75305.3,75386.5,75290.35,75294.35,0,0
2024-09-02 11:15:00+05:30,75294.35,75299.9,75189.0,75194.35,0,0
2024-09-02 11:45:00+05:30,75193.65,75259.25,75066.35,75137.25,0,0
2024-09-02 12:15:00+05:30,75137.4,75192.4,75101.1,75108.0,0,0
2024-09-02 12:45:00+05:30,75107.55,75155.65,74989.15,75097.8,0,0
2024-09-02 13:15:00+05:30,75097.7,75171.55,75078.2,75101.25,0,0
2024-09-02 13:45:00+05:30,75102.15,75273.15,75088.35,75226.25,0,0
2024-09-02 14:15:00+05:30,75229.1,75305.65,75210.4,75232.3,0,0
2024-09-02 14:45:00+05:30,75234.65,75353.8,75202.75,75346.45,0,0
2024-09-02 15:15:00+05:30,75346.95,75377.4,75324.6,75353.7,0,0
2024-09-03 09:15:00+05:30,75741.75,75746.3,75495.4,75529.6,0,0
2024-09-03 09:45:00+05:30,75530.55,75652.9,75528.65,75604.45,0,0
2024-09-03 10:15:00+05:30,75604.3,75650.45,75512.5,75514.75,0,0
2024-09-03 10:45:00+05:30,75515.7,75599.6,75486.0,75514.45,0,0
2024-09-03 11:15:00+05:30,75514.6,75571.25,75445.3,75459.45,0,0
2024-09-03 11:45:00+05:30,75457.15,75485.0,75379.05,75435.95,0,0
2024-09-03 12:15:00+05:30,75437.1,75448.7,75372.95,75390.9,0,0
2024-09-03 12:45:00+05:30,75391.5,75398.1,75310.1,75343.3,0,0
2024-09-03 13:15:00+05:30,75343.9,75369.8,75293.8,75313.45,0,0
2024-09-03 13:45:00+05:30,75316.5,75365.35,75242.15,75336.95,0,0
2024-09-03 14:15:00+05:30,75337.45,75426.2,75294.5,75384.4,0,0
2024-09-03 14:45:00+05:30,75383.5,75483.85,75344.2,75364.05,0,0
2024-09-03 15:15:00+05:30,75363.7,75433.15,75356.9,75390.8,0,0
2024-09-04 09:15:00+05:30,74894.55,75182.85,74744.25,75122.5,0,0
2024-09-04 09:45:00+05:30,75122.15,75289.35,75070.5,75277.65,0,0
2024-09-04 10:15:00+05:30,75277.6,75294.9,74969.0,75055.55,0,0
2024-09-04 10:45:00+05:30,75048.2,75149.85,75017.4,75129.95,0,0
2024-09-04 11:15:00+05:30,75129.3,75151.95,74975.25,75071.85,0,0
2024-09-04 11:45:00+05:30,75071.8,75115.2,75028.75,75085.75,0,0
2024-09-04 12:15:00+05:30,75085.0,75132.05,75078.45,75101.05,0,0
2024-09-04 12:45:00+05:30,75101.75,75161.85,75092.55,75158.65,0,0
2024-09-04 13:15:00+05:30,75160.65,75259.85,75118.7,75149.2,0,0
2024-09-04 13:45:00+05:30,75147.9,75201.9,75100.05,75183.4,0,0
2024-09-04 14:15:00+05:30,75182.35,75282.35,75146.9,75275.2,0,0
2024-09-04 14:45:00+05:30,75277.85,75527.9,75259.0,75524.05,0,0
2024-09-04 15:15:00+05:30,75525.7,75530.6,75419.0,75459.1,0,0
2024-09-05 09:15:00+05:30,75736.85,75777.2,75563.65,75634.8,0,0
2024-09-05 09:45:00+05:30,75632.4,75730.65,75592.1,75685.35,0,0
2024-09-05 10:15:00+05:30,75686.6,75694.6,75450.5,75546.85,0,0
2024-09-05 10:45:00+05:30,75549.4,75714.25,75549.4,75675.8,0,0
2024-09-05 11:15:00+05:30,75674.65,75697.4,75577.7,75623.0,0,0
2024-09-05 11:45:00+05:30,75623.15,75763.8,75619.15,75723.6,0,0
2024-09-05 12:15:00+05:30,75724.05,75754.1,75660.6,75712.85,0,0
2024-09-05 12:45:00+05:30,75711.15,75807.7,75697.2,75708.85,0,0
2024-09-05 13:15:00+05:30,75708.65,75743.2,75656.6,75698.6,0,0
2024-09-05 13:45:00+05:30,75696.65,75743.1,75680.95,75689.45,0,0
2024-09-05 14:15:00+05:30,75690.9,75718.0,75581.55,75588.05,0,0
2024-09-05 14:45:00+05:30,75588.7,75634.6,75436.15,75497.55,0,0
2024-09-05 15:15:00+05:30,75496.85,75506.8,75382.8,75428.5,0,0
2024-09-06 09:15:00+05:30,75473.4,75509.7,75239.5,75291.55,0,0
2024-09-06 09:45:00+05:30,75293.8,75293.8,74495.75,74735.35,0,0
2024-09-06 10:15:00+05:30,74737.8,74832.85,74500.0,74782.1,0,0
2024-09-06 10:45:00+05:30,74792.3,74925.55,74631.9,74642.45,0,0
2024-09-06 11:15:00+05:30,74641.0,74945.2,74626.4,74924.7,0,0
2024-09-06 11:45:00+05:30,74926.7,74968.5,74870.7,74930.0,0,0
2024-09-06 12:15:00+05:30,74929.65,75005.1,74884.65,74889.15,0,0
2024-09-06 12:45:00+05:30,74886.8,74886.8,74574.0,74653.25,0,0
2024-09-06 13:15:00+05:30,74653.3,74796.65,74587.45,74743.2,0,0
2024-09-06 13:45:00+05:30,74743.25,74743.4,74595.35,74616.75,0,0
2024-09-06 14:15:00+05:30,74611.35,74625.75,74386.4,74462.95,0,0
2024-09-06 14:45:00+05:30,74466.75,74502.2,74315.9,74399.15,0,0
2024-09-06 15:15:00+05:30,74401.5,74531.4,74401.5,74472.0,0,0
2024-09-09 09:15:00+05:30,74350.4,74424.2,73570.8,73987.5,0,0
2024-09-09 09:45:00+05:30,73984.3,74247.65,73869.65,73919.4,0,0
2024-09-09 10:15:00+05:30,73920.15,74318.3,73864.55,74289.75,0,0
2024-09-09 10:45:00+05:30,74293.0,74330.4,74128.7,74220.3,0,0
2024-09-09 11:15:00+05:30,74219.65,74246.2,74093.95,74105.3,0,0
2024-09-09 11:45:00+05:30,74108.35,74205.05,73910.95,73918.9,0,0
2024-09-09 12:15:00+05:30,73921.75,73957.75,73767.65,73780.1,0,0
2024-09-09 12:45:00+05:30,73780.1,73945.25,73774.2,73925.65,0,0
2024-09-09 13:15:00+05:30,73925.05,74173.3,73919.8,74040.5,0,0
2024-09-09 13:45:00+05:30,74043.55,74085.1,73945.35,73956.55,0,0
2024-09-09 14:15:00+05:30,73957.15,74274.35,73957.15,74217.15,0,0
2024-09-09 14:45:00+05:30,74216.5,74566.65,74216.5,74544.05,0,0
2024-09-09 15:15:00+05:30,74545.2,74701.05,74539.35,74665.2,0,0
2024-09-10 09:15:00+05:30,74877.4,74968.15,74772.75,74848.45,0,0
2024-09-10 09:45:00+05:30,74849.7,74850.65,74535.55,74610.5,0,0
2024-09-10 10:15:00+05:30,74614.05,74783.7,74609.8,74774.8,0,0
2024-09-10 10:45:00+05:30,74773.35,74779.3,74668.75,74777.25,0,0
2024-09-10 11:15:00+05:30,74776.05,74787.4,74702.15,74729.35,0,0
2024-09-10 11:45:00+05:30,74729.45,74835.6,74708.7,74731.7,0,0
2024-09-10 12:15:00+05:30,74734.75,74959.65,74699.6,74936.0,0,0
2024-09-10 12:45:00+05:30,74934.05,75057.55,74903.0,74986.15,0,0
2024-09-10 13:15:00+05:30,74988.5,75092.2,74947.2,75058.4,0,0
2024-09-10 13:45:00+05:30,75058.1,75061.85,74952.5,75020.6,0,0
2024-09-10 14:15:00+05:30,75019.2,75038.9,74823.45,74875.55,0,0
2024-09-10 14:45:00+05:30,74873.85,74892.4,74621.8,74724.9,0,0
2024-09-10 15:15:00+05:30,74722.2,74794.8,74714.8,74769.0,0,0
2024-09-11 09:15:00+05:30,74882.65,75078.55,74684.75,75072.7,0,0
2024-09-11 09:45:00+05:30,75075.65,75119.3,74836.6,74904.45,0,0
2024-09-11 10:15:00+05:30,74903.25,75083.55,74877.25,75062.75,0,0
2024-09-11 10:45:00+05:30,75062.8,75132.2,74960.85,75082.05,0,0
2024-09-11 11:15:00+05:30,75080.25,75083.4,74976.35,75062.2,0,0
2024-09-11 11:45:00+05:30,75065.95,75068.25,74926.55,74995.65,0,0
2024-09-11 12:15:00+05:30,74996.8,75037.6,74939.7,74942.35,0,0
2024-09-11 12:45:00+05:30,74943.35,74943.55,74838.75,74899.5,0,0
2024-09-11 13:15:00+05:30,74899.1,74923.3,74725.1,74741.8,0,0
2024-09-11 13:45:00+05:30,74743.2,74771.8,74478.9,74482.35,0,0
2024-09-11 14:15:00+05:30,74481.9,74619.0,74437.75,74502.5,0,0
2024-09-11 14:45:00+05:30,74497.55,74497.55,74176.7,74313.65,0,0
2024-09-11 15:15:00+05:30,74313.6,74475.35,74313.6,74438.3,0,0
2024-09-12 09:15:00+05:30,74904.5,75173.2,74863.5,74941.95,0,0
2024-09-12 09:45:00+05:30,74941.35,74953.1,74800.1,74865.55,0,0
2024-09-12 10:15:00+05:30,74867.25,74977.3,74858.65,74863.3,0,0
2024-09-12 10:45:00+05:30,74867.85,74920.0,74767.4,74877.6,0,0
2024-09-12 11:15:00+05:30,74879.0,74903.25,74741.7,74867.15,0,0
2024-09-12 11:45:00+05:30,74868.25,74944.8,74825.65,74944.3,0,0
2024-09-12 12:15:00+05:30,74946.55,75157.65,74940.6,75152.25,0,0
2024-09-12 12:45:00+05:30,75153.05,75225.1,75107.75,75166.1,0,0
2024-09-12 13:15:00+05:30,75164.5,75186.75,75051.05,75063.4,0,0
2024-09-12 13:45:00+05:30,75062.6,75356.75,75052.85,75259.7,0,0
2024-09-12 14:15:00+05:30,75258.5,75369.1,75249.15,75328.15,0,0
2024-09-12 14:45:00+05:30,75327.7,75469.15,75324.95,75437.75,0,0
2024-09-12 15:15:00+05:30,75437.9,75469.95,75370.6,75381.1,0,0
2024-09-13 09:15:00+05:30,75698.6,75726.7,75527.25,75616.0,0,0
2024-09-13 09:45:00+05:30,75619.75,75754.7,75610.9,75661.2,0,0
2024-09-13 10:15:00+05:30,75660.2,75700.8,75560.2,75595.45,0,0
2024-09-13 10:45:00+05:30,75592.9,75617.9,75530.65,75600.45,0,0
2024-09-13 11:15:00+05:30,75600.6,75636.6,75456.1,75460.15,0,0
2024-09-13 11:45:00+05:30,75457.3,75588.3,75442.55,75562.35,0,0
2024-09-13 12:15:00+05:30,75561.25,75642.85,75515.95,75570.65,0,0
2024-09-13 12:45:00+05:30,75569.65,75592.55,75514.95,75584.1,0,0
2024-09-13 13:15:00+05:30,75584.25,75607.0,75461.0,75590.7,0,0
2024-09-13 13:45:00+05:30,75590.75,75611.0,75420.6,75443.25,0,0
2024-09-13 14:15:00+05:30,75445.1,75541.95,75429.3,75507.25,0,0
2024-09-13 14:45:00+05:30,75506.3,75608.45,75372.85,75400.6,0,0
2024-09-13 15:15:00+05:30,75398.7,75472.75,75391.45,75426.7,0,0
2024-09-16 09:15:00+05:30,75707.4,75742.7,75557.45,75706.9,0,0
2024-09-16 09:45:00+05:30,75702.4,75712.9,75531.1,75657.65,0,0
2024-09-16 10:15:00+05:30,75657.5,75685.6,75565.05,75598.6,0,0
2024-09-16 10:45:00+05:30,75597.2,75598.2,75423.4,75501.5,0,0
2024-09-16 11:15:00+05:30,75501.9,75527.35,75398.2,75417.8,0,0
2024-09-16 11:45:00+05:30,75417.2,75503.4,75360.0,75407.8,0,0
2024-09-16 12:15:00+05:30,75408.15,75613.85,75394.85,75602.75,0,0
2024-09-16 12:45:00+05:30,75602.1,75646.3,75554.4,75572.95,0,0
2024-09-16 13:15:00+05:30,75571.8,75587.85,75525.35,75556.2,0,0
2024-09-16 13:45:00+05:30,75554.45,75580.3,75416.05,75489.15,0,0
2024-09-16 14:15:00+05:30,75489.1,75499.75,75362.25,75388.3,0,0
2024-09-16 14:45:00+05:30,75389.25,75448.6,75342.15,75441.4,0,0
2024-09-16 15:15:00+05:30,75443.95,75560.55,75433.6,75547.15,0,0
2024-09-17 09:15:00+05:30,75635.1,75635.1,75292.75,75407.45,0,0
2024-09-17 09:45:00+05:30,75408.5,75417.35,75125.7,75141.3,0,0
2024-09-17 10:15:00+05:30,75139.85,75234.6,75040.25,75214.0,0,0
2024-09-17 10:45:00+05:30,75212.65,75276.3,75144.1,75206.5,0,0
2024-09-17 11:15:00+05:30,75204.6,75314.0,75204.6,75222.2,0,0
2024-09-17 11:45:00+05:30,75225.3,75238.8,75139.8,75147.35,0,0
2024-09-17 12:15:00+05:30,75148.55,75157.75,75086.7,75151.4,0,0
2024-09-17 12:45:00+05:30,75150.55,75226.4,75140.2,75214.7,0,0
2024-09-17 13:15:00+05:30,75216.4,75365.15,75165.6,75348.9,0,0
2024-09-17 13:45:00+05:30,75351.9,75401.45,75323.1,75338.75,0,0
2024-09-17 14:15:00+05:30,75337.2,75375.15,75238.4,75261.55,0,0
2024-09-17 14:45:00+05:30,75262.1,75308.25,75150.75,75266.65,0,0
2024-09-17 15:15:00+05:30,75271.35,75284.5,75214.45,75244.8,0,0
2024-09-18 09:15:00+05:30,75359.3,75426.6,75243.35,75425.4,0,0
2024-09-18 09:45:00+05:30,75427.35,75502.95,75272.1,75285.45,0,0
2024-09-18 10:15:00+05:30,75285.4,75306.25,75061.65,75238.55,0,0
2024-09-18 10:45:00+05:30,75239.35,75242.75,75144.35,75161.3,0,0
2024-09-18 11:15:00+05:30,75163.2,75231.85,75067.75,75222.55,0,0
2024-09-18 11:45:00+05:30,75222.0,75271.4,75185.7,75224.8,0,0
2024-09-18 12:15:00+05:30,75223.55,75250.15,75174.0,75229.05,0,0
2024-09-18 12:45:00+05:30,75229.85,75242.05,74843.4,74868.6,0,0
2024-09-18 13:15:00+05:30,74865.05,74868.8,74508.1,74726.2,0,0
2024-09-18 13:45:00+05:30,74722.45,74929.15,74693.7,74709.95,0,0
2024-09-18 14:15:00+05:30,74709.95,74839.55,74644.0,74694.65,0,0
2024-09-18 14:45:00+05:30,74692.2,75033.9,74687.7,74949.2,0,0
2024-09-18 15:15:00+05:30,74950.5,74994.8,74813.95,74842.15,0,0
2024-09-19 09:15:00+05:30,75397.1,75578.0,75201.1,75261.4,0,0
2024-09-19 09:45:00+05:30,75261.55,75300.1,74414.45,74430.3,0,0
2024-09-19 10:15:00+05:30,74430.75,74560.45,74277.65,74298.6,0,0
2024-09-19 10:45:00+05:30,74297.15,74450.35,74111.95,74181.25,0,0
2024-09-19 11:15:00+05:30,74179.55,74180.2,73372.45,73456.55,0,0
2024-09-19 11:45:00+05:30,73455.95,73799.75,73338.55,73710.5,0,0
2024-09-19 12:15:00+05:30,73710.8,74106.8,73617.25,74090.8,0,0
2024-09-19 12:45:00+05:30,74091.3,74127.1,73682.8,73684.8,0,0
2024-09-19 13:15:00+05:30,73683.75,73949.6,73675.45,73815.05,0,0
2024-09-19 13:45:00+05:30,73814.95,73825.6,73677.0,73741.2,0,0
2024-09-19 14:15:00+05:30,73742.5,74021.7,73713.15,73990.95,0,0
2024-09-19 14:45:00+05:30,73991.4,74478.35,73990.15,74475.25,0,0
2024-09-19 15:15:00+05:30,74476.95,74565.25,74411.35,74539.55,0,0
2024-09-20 09:15:00+05:30,74678.45,74870.6,74545.3,74741.85,0,0
2024-09-20 09:45:00+05:30,74743.25,74932.7,74705.35,74828.3,0,0
2024-09-20 10:15:00+05:30,74827.95,75035.25,74796.15,74992.1,0,0
2024-09-20 10:45:00+05:30,74987.4,75173.05,74946.9,75132.65,0,0
2024-09-20 11:15:00+05:30,75136.1,75214.05,75080.7,75178.75,0,0
2024-09-20 11:45:00+05:30,75177.35,75283.8,75173.85,75249.85,0,0
2024-09-20 12:15:00+05:30,75249.75,75319.9,75190.4,75307.75,0,0
2024-09-20 12:45:00+05:30,75308.05,75355.2,75223.6,75265.15,0,0
2024-09-20 13:15:00+05:30,75267.55,75311.2,74849.4,74932.5,0,0
2024-09-20 13:45:00+05:30,74926.2,75234.75,74898.7,75208.1,0,0
2024-09-20 14:15:00+05:30,75207.9,75302.95,75118.3,75127.45,0,0
2024-09-20 14:45:00+05:30,75132.15,75504.0,75055.25,75496.0,0,0
2024-09-20 15:15:00+05:30,75498.95,75691.05,75498.95,75584.15,0,0
2024-09-23 09:15:00+05:30,75893.55,76198.9,75775.25,76173.25,0,0
2024-09-23 09:45:00+05:30,76175.5,76254.3,76097.25,76203.15,0,0
2024-09-23 10:15:00+05:30,76201.15,76387.55,76189.75,76374.55,0,0
2024-09-23 10:45:00+05:30,76373.6,76481.6,76369.4,76434.45,0,0
2024-09-23 11:15:00+05:30,76437.1,76479.2,76347.7,76373.7,0,0
2024-09-23 11:45:00+05:30,76369.0,76421.0,76340.05,76412.0,0,0
2024-09-23 12:15:00+05:30,76409.35,76539.3,76404.95,76535.6,0,0
2024-09-23 12:45:00+05:30,76535.0,76580.8,76492.2,76561.55,0,0
2024-09-23 13:15:00+05:30,76561.95,76590.2,76527.85,76554.7,0,0
2024-09-23 13:45:00+05:30,76555.0,76610.8,76542.35,76601.1,0,0
2024-09-23 14:15:00+05:30,76602.45,76653.9,76586.6,76601.95,0,0
2024-09-23 14:45:00+05:30,76604.2,76743.35,76566.6,76734.2,0,0
2024-09-23 15:15:00+05:30,76732.05,76738.7,76679.75,76683.65,0,0
2024-09-24 09:15:00+05:30,76747.35,76799.4,76642.75,76748.1,0,0
2024-09-24 09:45:00+05:30,76750.1,76821.25,76707.0,76726.65,0,0
2024-09-24 10:15:00+05:30,76726.8,76866.8,76712.45,76773.25,0,0
2024-09-24 10:45:00+05:30,76774.65,76794.1,76678.3,76722.0,0,0
2024-09-24 11:15:00+05:30,76718.25,76752.6,76679.6,76714.45,0,0
2024-09-24 11:45:00+05:30,76715.25,76739.45,76636.45,76691.1,0,0
2024-09-24 12:15:00+05:30,76693.2,76772.25,76688.85,76712.7,0,0
2024-09-24 12:45:00+05:30,76714.45,76849.45,76703.45,76844.2,0,0
2024-09-24 13:15:00+05:30,76842.8,76912.9,76832.7,76885.4,0,0
2024-09-24 13:45:00+05:30,76884.9,76959.35,76876.1,76935.55,0,0
2024-09-24 14:15:00+05:30,76932.05,76943.85,76755.15,76780.9,0,0
2024-09-24 14:45:00+05:30,76781.55,76853.3,76712.35,76821.15,0,0
2024-09-24 15:15:00+05:30,76820.3,76880.25,76748.45,76776.5,0,0
2024-09-25 09:15:00+05:30,76889.7,76915.2,76521.75,76741.1,0,0
2024-09-25 09:45:00+05:30,76739.8,76810.9,76305.4,76330.6,0,0
2024-09-25 10:15:00+05:30,76335.05,76511.2,76298.95,76378.75,0,0
2024-09-25 10:45:00+05:30,76380.3,76399.8,76307.0,76382.4,0,0
2024-09-25 11:15:00+05:30,76383.9,76452.5,76337.9,76390.25,0,0
2024-09-25 11:45:00+05:30,76387.95,76390.85,76132.9,76136.25,0,0
2024-09-25 12:15:00+05:30,76133.75,76189.8,76049.45,76176.6,0,0
2024-09-25 12:45:00+05:30,76175.65,76227.3,76153.7,76199.3,0,0
2024-09-25 13:15:00+05:30,76199.8,76377.65,76199.8,76330.7,0,0
2024-09-25 13:45:00+05:30,76331.2,76390.4,76327.0,76363.6,0,0
2024-09-25 14:15:00+05:30,76365.2,76375.75,76284.15,76342.65,0,0
2024-09-25 14:45:00+05:30,76343.55,76580.05,76275.3,76560.8,0,0
2024-09-25 15:15:00+05:30,76560.65,76561.45,76473.55,76507.8,0,0
2024-09-26 09:15:00+05:30,76751.7,76757.05,76445.15,76453.35,0,0
2024-09-26 09:45:00+05:30,76454.65,76629.45,76431.15,76441.15,0,0
2024-09-26 10:15:00+05:30,76441.35,76602.4,76434.4,76575.1,0,0
2024-09-26 10:45:00+05:30,76574.9,76602.35,76510.3,76569.55,0,0
2024-09-26 11:15:00+05:30,76570.75,76644.25,76509.95,76601.65,0,0
2024-09-26 11:45:00+05:30,76600.4,76662.95,76558.6,76637.2,0,0
2024-09-26 12:15:00+05:30,76639.85,76683.9,76603.15,76660.65,0,0
2024-09-26 12:45:00+05:30,76660.25,76676.05,76616.9,76654.25,0,0
2024-09-26 13:15:00+05:30,76652.15,76692.15,76610.05,76642.95,0,0
2024-09-26 13:45:00+05:30,76642.25,76681.9,76587.25,76619.35,0,0
2024-09-26 14:15:00+05:30,76620.4,76940.15,76616.2,76932.55,0,0
2024-09-26 14:45:00+05:30,76933.6,77114.4,76916.05,77070.65,0,0
2024-09-26 15:15:00+05:30,77070.7,77143.7,77056.85,77069.05,0,0
2024-09-27 09:15:00+05:30,77201.8,77318.9,77053.95,77302.35,0,0
2024-09-27 09:45:00+05:30,77306.9,77497.0,77302.85,77493.4,0,0
2024-09-27 10:15:00+05:30,77495.4,77600.5,77483.35,77584.1,0,0
2024-09-27 10:45:00+05:30,77587.85,77681.45,77444.85,77528.45,0,0
2024-09-27 11:15:00+05:30,77529.25,77584.2,77465.45,77484.95,0,0
2024-09-27 11:45:00+05:30,77485.55,77552.4,77430.65,77500.95,0,0
2024-09-27 12:15:00+05:30,77500.15,77548.9,77450.7,77510.65,0,0
2024-09-27 12:45:00+05:30,77509.45,77530.65,77404.0,77443.7,0,0
2024-09-27 13:15:00+05:30,77438.75,77512.3,77338.75,77495.2,0,0
2024-09-27 13:45:00+05:30,77492.7,77613.15,77485.15,77515.35,0,0
2024-09-27 14:15:00+05:30,77515.55,77694.35,77514.25,77631.1,0,0
2024-09-27 14:45:00+05:30,77629.1,77897.25,77553.65,77882.35,0,0
2024-09-27 15:15:00+05:30,77884.9,77918.0,77577.15,77633.8,0,0
2024-09-30 09:15:00+05:30,77668.7,77714.35,77179.35,77240.9,0,0
2024-09-30 09:45:00+05:30,77241.75,77519.45,77072.1,77419.2,0,0
2024-09-30 10:15:00+05:30,77421.3,77424.05,77231.15,77371.55,0,0
2024-09-30 10:45:00+05:30,77373.8,77412.0,77262.7,77336.8,0,0
2024-09-30 11:15:00+05:30,77335.85,77439.2,77271.1,77352.45,0,0
2024-09-30 11:45:00+05:30,77354.55,77579.0,77348.6,77500.8,0,0
2024-09-30 12:15:00+05:30,77503.25,77772.2,77475.05,77769.55,0,0
2024-09-30 12:45:00+05:30,77767.15,77866.35,77533.5,77706.15,0,0
2024-09-30 13:15:00+05:30,77705.0,77708.7,77273.15,77463.95,0,0
2024-09-30 13:45:00+05:30,77464.05,77519.45,77285.45,77287.55,0,0
2024-09-30 14:15:00+05:30,77285.25,77343.25,77058.9,77058.9,0,0
2024-09-30 14:45:00+05:30,77061.3,77346.85,77041.9,77087.55,0,0
2024-09-30 15:15:00+05:30,77085.55,77123.75,77006.85,77106.55,0,0
2024-10-01 09:15:00+05:30,77233.0,77528.55,77208.75,77451.7,0,0
2024-10-01 09:45:00+05:30,77457.4,77532.0,77308.8,77345.35,0,0
2024-10-01 10:15:00+05:30,77344.75,77368.75,77004.65,77112.35,0,0
2024-10-01 10:45:00+05:30,77113.2,77219.05,77017.45,77100.05,0,0
2024-10-01 11:15:00+05:30,77098.3,77185.3,77068.05,77178.9,0,0
2024-10-01 11:45:00+05:30,77182.05,77283.7,77141.15,77158.85,0,0
2024-10-01 12:15:00+05:30,77159.15,77202.45,77064.95,77093.5,0,0
2024-10-01 12:45:00+05:30,77092.2,77247.6,77047.85,77239.45,0,0
2024-10-01 13:15:00+05:30,77241.15,77367.5,77241.15,77342.2,0,0
2024-10-01 13:45:00+05:30,77341.4,77398.75,77281.85,77286.35,0,0
2024-10-01 14:15:00+05:30,77287.6,77289.0,77077.95,77144.2,0,0
2024-10-01 14:45:00+05:30,77145.3,77377.55,77142.85,77284.45,0,0
2024-10-01 15:15:00+05:30,77279.15,77307.95,77218.15,77265.25,0,0
2024-10-03 09:15:00+05:30,75950.75,76772.4,75950.75,76738.25,0,0
2024-10-03 09:45:00+05:30,76739.05,76783.5,76487.6,76500.25,0,0
2024-10-03 10:15:00+05:30,76499.75,76544.4,76308.3,76349.0,0,0
2024-10-03 10:45:00+05:30,76346.7,76399.15,76293.3,76328.25,0,0
2024-10-03 11:15:00+05:30,76327.2,76328.6,75938.95,75940.95,0,0
2024-10-03 11:45:00+05:30,75940.55,76036.45,75786.15,75796.65,0,0
2024-10-03 12:15:00+05:30,75796.35,76034.35,75701.1,75974.2,0,0
2024-10-03 12:45:00+05:30,75973.85,75974.4,75506.85,75537.1,0,0
2024-10-03 13:15:00+05:30,75538.95,75540.55,75224.6,75233.25,0,0
2024-10-03 13:45:00+05:30,75239.25,75409.65,75059.75,75362.0,0,0
2024-10-03 14:15:00+05:30,75358.2,75440.0,75200.8,75280.75,0,0
2024-10-03 14:45:00+05:30,75284.2,75524.8,75254.0,75478.85,0,0
2024-10-03 15:15:00+05:30,75477.05,75499.1,75398.3,75459.2,0,0
2024-10-04 09:15:00+05:30,75363.3,75624.25,74184.75,74918.75,0,0
2024-10-04 09:45:00+05:30,74909.9,75527.1,74893.4,75163.2,0,0
2024-10-04 10:15:00+05:30,75162.9,75381.3,74960.6,75380.55,0,0
2024-10-04 10:45:00+05:30,75380.05,75510.85,75317.75,75443.75,0,0
2024-10-04 11:15:00+05:30,75444.75,75477.7,75274.85,75451.85,0,0
2024-10-04 11:45:00+05:30,75452.25,75715.9,75411.0,75681.0,0,0
2024-10-04 12:15:00+05:30,75680.15,75724.05,75184.5,75211.7,0,0
2024-10-04 12:45:00+05:30,75213.95,75386.0,74902.4,74994.3,0,0
2024-10-04 13:15:00+05:30,74995.5,75005.15,74581.9,74752.2,0,0
2024-10-04 13:45:00+05:30,74752.25,74944.8,74652.45,74796.05,0,0
2024-10-04 14:15:00+05:30,74795.15,74807.7,74461.25,74538.45,0,0
2024-10-04 14:45:00+05:30,74539.8,74690.7,74441.25,74621.95,0,0
2024-10-04 15:15:00+05:30,74622.35,74717.7,74614.3,74655.65,0,0
2024-10-07 09:15:00+05:30,74989.25,75156.0,74450.4,74500.25,0,0
2024-10-07 09:45:00+05:30,74495.0,74512.95,73895.55,74065.35,0,0
2024-10-07 10:15:00+05:30,74067.55,74164.2,73311.6,73354.9,0,0
2024-10-07 10:45:00+05:30,73353.2,73409.7,72610.75,73319.9,0,0
2024-10-07 11:15:00+05:30,73321.05,73798.05,73307.9,73376.25,0,0
2024-10-07 11:45:00+05:30,73379.8,73549.2,73145.1,73440.65,0,0
2024-10-07 12:15:00+05:30,73438.9,73475.85,73172.5,73209.75,0,0
2024-10-07 12:45:00+05:30,73209.8,73212.5,72872.1,72936.7,0,0
2024-10-07 13:15:00+05:30,72935.25,73054.6,72622.95,72729.3,0,0
2024-10-07 13:45:00+05:30,72728.05,73003.05,72619.55,72754.75,0,0
2024-10-07 14:15:00+05:30,72750.25,72802.85,72531.3,72802.85,0,0
2024-10-07 14:45:00+05:30,72804.75,73088.8,72738.2,72783.4,0,0
2024-10-07 15:15:00+05:30,72787.25,72921.15,72760.9,72852.95,0,0
2024-10-08 09:15:00+05:30,72771.4,73126.2,72459.85,72826.55,0,0
2024-10-08 09:45:00+05:30,72842.3,73585.3,72842.3,73327.75,0,0
2024-10-08 10:15:00+05:30,73331.5,73892.2,73307.8,73803.3,0,0
2024-10-08 10:45:00+05:30,73802.4,74076.15,73747.95,74021.5,0,0
2024-10-08 11:15:00+05:30,74020.9,74210.4,73967.1,74095.2,0,0
2024-10-08 11:45:00+05:30,74092.85,74167.8,73755.8,73867.35,0,0
2024-10-08 12:15:00+05:30,73869.6,73943.4,73729.95,73789.5,0,0
2024-10-08 12:45:00+05:30,73792.05,74109.0,73748.45,74045.7,0,0
2024-10-08 13:15:00+05:30,74044.5,74263.45,73927.15,74213.3,0,0
2024-10-08 13:45:00+05:30,74213.3,74366.1,74212.9,74277.65,0,0
2024-10-08 14:15:00+05:30,74275.85,74340.7,74175.65,74182.0,0,0
2024-10-08 14:45:00+05:30,74182.2,74602.6,74046.1,74581.3,0,0
2024-10-08 15:15:00+05:30,74580.95,74740.8,74578.0,74718.05,0,0
2024-10-09 09:15:00+05:30,75013.75,75389.2,74926.5,75373.5,0,0
2024-10-09 09:45:00+05:30,75377.6,75627.6,75210.55,75580.2,0,0
2024-10-09 10:15:00+05:30,75579.45,75771.6,75469.3,75744.25,0,0
2024-10-09 10:45:00+05:30,75746.9,75930.7,75737.15,75916.5,0,0
2024-10-09 11:15:00+05:30,75914.95,76009.9,75740.35,75740.8,0,0
2024-10-09 11:45:00+05:30,75738.8,75802.05,75551.95,75728.8,0,0
2024-10-09 12:15:00+05:30,75728.85,75857.9,75675.65,75748.05,0,0
2024-10-09 12:45:00+05:30,75748.1,75817.55,75678.7,75684.6,0,0
2024-10-09 13:15:00+05:30,75683.55,75740.6,75537.15,75710.05,0,0
2024-10-09 13:45:00+05:30,75710.25,75814.8,75687.35,75735.05,0,0
2024-10-09 14:15:00+05:30,75726.75,75739.15,75547.8,75550.6,0,0
2024-10-09 14:45:00+05:30,75551.8,75637.35,75306.15,75360.85,0,0
2024-10-09 15:15:00+05:30,75359.4,75535.95,75333.1,75483.15,0,0
2024-10-10 09:15:00+05:30,75668.5,75869.8,75657.3,75830.1,0,0
2024-10-10 09:45:00+05:30,75831.1,76085.9,75809.15,76040.85,0,0
2024-10-10 10:15:00+05:30,76041.75,76083.9,75767.9,75855.6,0,0
2024-10-10 10:45:00+05:30,75851.55,75904.7,75642.9,75647.6,0,0
2024-10-10 11:15:00+05:30,75648.25,75765.2,75599.85,75671.5,0,0
2024-10-10 11:45:00+05:30,75675.25,75746.6,75648.0,75648.0,0,0
2024-10-10 12:15:00+05:30,75648.4,75694.5,75574.1,75579.35,0,0
2024-10-10 12:45:00+05:30,75579.85,75610.8,75379.95,75460.75,0,0
2024-10-10 13:15:00+05:30,75460.85,75504.5,75352.15,75385.1,0,0
2024-10-10 13:45:00+05:30,75383.45,75386.0,75178.2,75236.0,0,0
2024-10-10 14:15:00+05:30,75237.1,75317.0,75181.0,75200.25,0,0
2024-10-10 14:45:00+05:30,75199.8,75322.7,75163.8,75319.8,0,0
2024-10-10 15:15:00+05:30,75318.5,75331.7,75227.7,75329.6,0,0
2024-10-11 09:15:00+05:30,75397.8,75418.5,74975.9,75358.65,0,0
2024-10-11 09:45:00+05:30,75358.85,75514.35,75340.75,75489.9,0,0
2024-10-11 10:15:00+05:30,75486.45,75503.05,75297.1,75348.95,0,0
2024-10-11 10:45:00+05:30,75348.4,75439.5,75232.75,75252.5,0,0
2024-10-11 11:15:00+05:30,75256.35,75275.5,75111.35,75130.45,0,0
2024-10-11 11:45:00+05:30,75134.5,75306.2,75108.35,75249.15,0,0
2024-10-11 12:15:00+05:30,75252.95,75374.6,75234.25,75293.95,0,0
2024-10-11 12:45:00+05:30,75294.1,75307.2,75232.25,75283.55,0,0
2024-10-11 13:15:00+05:30,75282.75,75349.25,75202.45,75206.25,0,0
2024-10-11 13:45:00+05:30,75202.95,75288.45,75192.7,75223.7,0,0
2024-10-11 14:15:00+05:30,75220.6,75314.75,75175.45,75291.85,0,0
2024-10-11 14:45:00+05:30,75291.7,75409.15,75288.7,75372.2,0,0
2024-10-11 15:15:00+05:30,75373.75,75427.45,75321.75,75342.25,0,0
2024-10-14 09:15:00+05:30,75659.35,75727.3,75539.8,75671.35,0,0
2024-10-14 09:45:00+05:30,75673.35,75745.9,75514.9,75551.5,0,0
2024-10-14 10:15:00+05:30,75551.1,75597.95,75457.6,75556.3,0,0
2024-10-14 10:45:00+05:30,75558.4,75559.95,75422.7,75446.4,0,0
2024-10-14 11:15:00+05:30,75446.7,75566.75,75438.3,75547.15,0,0
2024-10-14 11:45:00+05:30,75547.15,75597.3,75498.45,75523.0,0,0
2024-10-14 12:15:00+05:30,75520.9,75530.9,75427.4,75508.9,0,0
2024-10-14 12:45:00+05:30,75509.95,75526.9,75359.3,75367.55,0,0
2024-10-14 13:15:00+05:30,75369.95,75495.45,75309.5,75453.2,0,0
2024-10-14 13:45:00+05:30,75453.1,75602.55,75424.05,75588.5,0,0
2024-10-14 14:15:00+05:30,75589.6,75640.8,75552.0,75622.05,0,0
2024-10-14 14:45:00+05:30,75622.85,75700.4,75568.95,75644.2,0,0
2024-10-14 15:15:00+05:30,75644.8,75671.8,75611.35,75661.55,0,0
2024-10-15 09:15:00+05:30,76018.55,76054.45,75836.0,76001.4,0,0
2024-10-15 09:45:00+05:30,75999.6,76033.8,75659.9,75664.05,0,0
2024-10-15 10:15:00+05:30,75665.35,75895.25,75652.35,75895.25,0,0
2024-10-15 10:45:00+05:30,75894.55,75923.2,75813.05,75918.95,0,0
2024-10-15 11:15:00+05:30,75919.2,75919.4,75801.35,75829.0,0,0
2024-10-15 11:45:00+05:30,75828.25,75883.65,75801.9,75814.25,0,0
2024-10-15 12:15:00+05:30,75813.0,75865.4,75772.85,75781.65,0,0
2024-10-15 12:45:00+05:30,75780.25,75804.2,75634.45,75675.5,0,0
2024-10-15 13:15:00+05:30,75673.95,75805.85,75642.6,75795.3,0,0
2024-10-15 13:45:00+05:30,75793.75,75837.85,75722.9,75788.1,0,0
2024-10-15 14:15:00+05:30,75790.35,75847.2,75691.8,75727.05,0,0
2024-10-15 14:45:00+05:30,75725.9,75899.95,75724.65,75867.25,0,0
2024-10-15 15:15:00+05:30,75867.95,75904.5,75837.15,75840.25,0,0
2024-10-16 09:15:00+05:30,75830.4,76038.75,75799.4,75980.65,0,0
2024-10-16 09:45:00+05:30,75976.6,76093.3,75900.85,75920.35,0,0
2024-10-16 10:15:00+05:30,75917.7,75996.25,75744.55,75747.35,0,0
2024-10-16 10:45:00+05:30,75751.0,75850.55,75688.65,75703.75,0,0
2024-10-16 11:15:00+05:30,75701.6,75701.6,75415.5,75484.35,0,0
2024-10-16 11:45:00+05:30,75485.75,75556.3,75340.05,75464.1,0,0
2024-10-16 12:15:00+05:30,75465.8,75591.3,75429.95,75587.65,0,0
2024-10-16 12:45:00+05:30,75587.9,75679.3,75527.75,75677.95,0,0
2024-10-16 13:15:00+05:30,75675.7,75692.4,75542.0,75546.8,0,0
2024-10-16 13:45:00+05:30,75550.4,75721.9,75498.65,75713.4,0,0
2024-10-16 14:15:00+05:30,75717.45,75890.5,75716.3,75820.0,0,0
2024-10-16 14:45:00+05:30,75820.1,75821.25,75681.7,75722.35,0,0
2024-10-16 15:15:00+05:30,75724.0,75729.5,75623.55,75639.7,0,0
2024-10-17 09:15:00+05:30,75717.4,75746.75,74714.05,74775.7,0,0
2024-10-17 09:45:00+05:30,74773.65,74773.65,74266.5,74530.25,0,0
2024-10-17 10:15:00+05:30,74531.4,74741.8,74297.45,74709.75,0,0
2024-10-17 10:45:00+05:30,74707.05,74772.8,74454.35,74459.7,0,0
2024-10-17 11:15:00+05:30,74462.3,74505.25,74274.55,74392.75,0,0
2024-10-17 11:45:00+05:30,74393.3,74407.9,74290.15,74368.55,0,0
2024-10-17 12:15:00+05:30,74370.2,74534.85,74351.0,74392.7,0,0
2024-10-17 12:45:00+05:30,74389.35,74528.4,74299.25,74470.15,0,0
2024-10-17 13:15:00+05:30,74470.3,74490.0,74328.1,74362.8,0,0
2024-10-17 13:45:00+05:30,74366.5,74366.5,74078.75,74086.75,0,0
2024-10-17 14:15:00+05:30,74088.15,74350.8,74078.7,74153.75,0,0
2024-10-17 14:45:00+05:30,74154.6,74187.45,73981.55,74040.4,0,0
2024-10-17 15:15:00+05:30,74038.5,74087.65,73933.05,74010.5,0,0
2024-10-18 09:15:00+05:30,73813.6,73839.1,73085.0,73672.15,0,0
2024-10-18 09:45:00+05:30,73675.45,73948.15,73414.9,73762.85,0,0
2024-10-18 10:15:00+05:30,73760.55,74117.15,73744.85,74032.5,0,0
2024-10-18 10:45:00+05:30,74032.1,74107.85,73867.05,73976.45,0,0
2024-10-18 11:15:00+05:30,73976.2,74186.9,73828.8,74149.45,0,0
2024-10-18 11:45:00+05:30,74152.1,74381.2,74091.8,74255.45,0,0
2024-10-18 12:15:00+05:30,74253.35,74386.0,74252.4,74295.0,0,0
2024-10-18 12:45:00+05:30,74294.6,74301.8,74110.6,74131.7,0,0
2024-10-18 13:15:00+05:30,74131.6,74309.05,74121.25,74298.4,0,0
2024-10-18 13:45:00+05:30,74300.8,74349.05,74208.85,74267.45,0,0
2024-10-18 14:15:00+05:30,74266.2,74415.9,74242.65,74306.05,0,0
2024-10-18 14:45:00+05:30,74306.0,74411.75,74250.1,74283.0,0,0
2024-10-18 15:15:00+05:30,74279.15,74306.1,74232.4,74252.85,0,0
2024-10-21 09:15:00+05:30,74495.2,74782.35,73925.5,73942.0,0,0
2024-10-21 09:45:00+05:30,73940.6,74211.9,73667.15,74013.9,0,0
2024-10-21 10:15:00+05:30,74013.65,74091.55,73832.7,74028.35,0,0
2024-10-21 10:45:00+05:30,74032.4,74100.65,73902.6,73926.55,0,0
2024-10-21 11:15:00+05:30,73927.2,73955.65,73687.6,73754.35,0,0
2024-10-21 11:45:00+05:30,73752.9,73781.65,73459.3,73459.3,0,0
2024-10-21 12:15:00+05:30,73457.45,73621.6,73376.8,73468.45,0,0
2024-10-21 12:45:00+05:30,73467.65,73469.05,73258.25,73400.6,0,0
2024-10-21 13:15:00+05:30,73400.7,73604.3,73287.9,73329.25,0,0
2024-10-21 13:45:00+05:30,73331.15,73712.9,73283.3,73317.45,0,0
2024-10-21 14:15:00+05:30,73315.35,73546.35,73308.5,73392.05,0,0
2024-10-21 14:45:00+05:30,73391.0,73392.25,73225.0,73296.7,0,0
2024-10-21 15:15:00+05:30,73294.15,73332.45,73153.15,73184.95,0,0
2024-10-22 09:15:00+05:30,73296.5,73351.9,72810.4,73195.2,0,0
2024-10-22 09:45:00+05:30,73192.55,73300.75,72743.3,72745.1,0,0
2024-10-22 10:15:00+05:30,72742.9,72804.8,72201.2,72291.05,0,0
2024-10-22 10:45:00+05:30,72294.45,72614.8,72252.45,72583.9,0,0
2024-10-22 11:15:00+05:30,72584.95,72647.55,72215.55,72219.75,0,0
2024-10-22 11:45:00+05:30,72220.8,72326.6,72044.0,72069.65,0,0
2024-10-22 12:15:00+05:30,72067.0,72251.3,71890.0,71943.0,0,0
2024-10-22 12:45:00+05:30,71943.9,71972.75,71693.15,71825.1,0,0
2024-10-22 13:15:00+05:30,71827.9,71873.9,71623.15,71721.85,0,0
2024-10-22 13:45:00+05:30,71723.2,71930.5,71660.05,71930.5,0,0
2024-10-22 14:15:00+05:30,71934.95,71943.75,71470.2,71490.95,0,0
2024-10-22 14:45:00+05:30,71488.95,71540.2,71049.85,71051.9,0,0
2024-10-22 15:15:00+05:30,71055.95,71314.7,71054.55,71292.85,0,0
2024-10-23 09:15:00+05:30,71087.2,71399.5,70380.5,70384.5,0,0
2024-10-23 09:45:00+05:30,70383.45,71400.6,70262.1,71400.1,0,0
2024-10-23 10:15:00+05:30,71395.6,71581.5,71070.25,71219.85,0,0
2024-10-23 10:45:00+05:30,71218.1,71686.95,71192.7,71467.55,0,0
2024-10-23 11:15:00+05:30,71465.5,71621.15,71359.75,71547.15,0,0
2024-10-23 11:45:00+05:30,71548.3,71597.85,71234.7,71293.9,0,0
2024-10-23 12:15:00+05:30,71296.6,71449.35,71177.85,71333.25,0,0
2024-10-23 12:45:00+05:30,71334.5,71496.65,71312.1,71344.9,0,0
2024-10-23 13:15:00+05:30,71344.7,71696.5,71283.9,71655.9,0,0
2024-10-23 13:45:00+05:30,71656.5,71706.55,71432.45,71437.5,0,0
2024-10-23 14:15:00+05:30,71437.9,71525.0,71020.25,71021.2,0,0
2024-10-23 14:45:00+05:30,71022.85,71249.0,70808.0,70826.0,0,0
2024-10-23 15:15:00+05:30,70826.35,70915.7,70786.85,70908.8,0,0
2024-10-24 09:15:00+05:30,71112.95,71302.95,70587.4,70694.2,0,0
2024-10-24 09:45:00+05:30,70692.45,71202.65,70657.35,71174.25,0,0
2024-10-24 10:15:00+05:30,71175.3,71360.8,71152.5,71304.45,0,0
2024-10-24 10:45:00+05:30,71307.3,71324.65,70979.25,70991.5,0,0
2024-10-24 11:15:00+05:30,70990.7,71150.2,70970.85,70998.4,0,0
2024-10-24 11:45:00+05:30,70997.75,71002.55,70779.45,70788.8,0,0
2024-10-24 12:15:00+05:30,70787.25,70953.9,70681.5,70934.65,0,0
2024-10-24 12:45:00+05:30,70934.2,70975.0,70750.2,70762.15,0,0
2024-10-24 13:15:00+05:30,70764.65,70832.2,70721.9,70821.35,0,0
2024-10-24 13:45:00+05:30,70819.05,70905.15,70735.1,70799.75,0,0
2024-10-24 14:15:00+05:30,70799.0,70864.75,70618.25,70814.2,0,0
2024-10-24 14:45:00+05:30,70811.8,70854.55,70749.4,70808.7,0,0
2024-10-24 15:15:00+05:30,70809.25,70897.7,70806.35,70885.75,0,0
2024-10-25 09:15:00+05:30,71049.55,71244.8,70154.85,70175.75,0,0
2024-10-25 09:45:00+05:30,70175.05,70203.0,69549.55,69549.55,0,0
2024-10-25 10:15:00+05:30,69550.95,69993.5,69174.75,69188.05,0,0
2024-10-25 10:45:00+05:30,69184.85,69465.65,68826.55,69424.35,0,0
2024-10-25 11:15:00+05:30,69427.25,69704.95,69284.9,69444.2,0,0
2024-10-25 11:45:00+05:30,69439.1,69662.95,69307.75,69498.5,0,0
2024-10-25 12:15:00+05:30,69497.6,69675.85,69357.55,69504.35,0,0
2024-10-25 12:45:00+05:30,69504.8,69591.65,69348.8,69550.2,0,0
2024-10-25 13:15:00+05:30,69548.05,69637.2,69388.05,69623.75,0,0
2024-10-25 13:45:00+05:30,69624.45,69630.15,69298.05,69311.8,0,0
2024-10-25 14:15:00+05:30,69313.0,69381.75,69151.9,69343.2,0,0
2024-10-25 14:45:00+05:30,69342.5,69740.2,69340.45,69711.95,0,0
2024-10-25 15:15:00+05:30,69712.45,69857.4,69700.85,69820.95,0,0
2024-10-28 09:15:00+05:30,69789.05,70007.35,69029.35,69031.6,0,0
2024-10-28 09:45:00+05:30,69040.2,69780.8,69018.5,69593.75,0,0
2024-10-28 10:15:00+05:30,69591.75,70205.9,69579.15,70181.95,0,0
2024-10-28 10:45:00+05:30,70177.9,70245.7,70006.65,70178.65,0,0
2024-10-28 11:15:00+05:30,70176.1,70318.65,70079.75,70089.6,0,0
2024-10-28 11:45:00+05:30,70090.9,70202.8,69976.75,70192.35,0,0
2024-10-28 12:15:00+05:30,70193.85,70248.25,70113.4,70127.8,0,0
2024-10-28 12:45:00+05:30,70130.2,70289.5,70015.9,70275.6,0,0
2024-10-28 13:15:00+05:30,70277.8,70351.55,70209.25,70230.65,0,0
2024-10-28 13:45:00+05:30,70229.75,70379.5,70194.2,70228.5,0,0
2024-10-28 14:15:00+05:30,70229.1,70468.85,70170.05,70432.8,0,0
2024-10-28 14:45:00+05:30,70433.35,70469.8,69947.7,70092.35,0,0
2024-10-28 15:15:00+05:30,70091.9,70103.85,69968.75,70039.85,0,0
2024-10-29 09:15:00+05:30,70121.95,70228.1,69631.1,69633.55,0,0
2024-10-29 09:45:00+05:30,69634.05,69691.7,69302.8,69548.85,0,0
2024-10-29 10:15:00+05:30,69549.3,69566.75,69201.05,69209.4,0,0
2024-10-29 10:45:00+05:30,69207.9,69347.0,69095.9,69307.25,0,0
2024-10-29 11:15:00+05:30,69305.4,69507.35,69197.55,69481.6,0,0
2024-10-29 11:45:00+05:30,69479.7,69680.2,69405.9,69676.8,0,0
2024-10-29 12:15:00+05:30,69677.15,69711.9,69557.9,69652.3,0,0
2024-10-29 12:45:00+05:30,69651.2,69869.0,69630.35,69806.2,0,0
2024-10-29 13:15:00+05:30,69806.35,69884.55,69656.1,69756.65,0,0
2024-10-29 13:45:00+05:30,69756.6,70109.55,69635.8,70098.5,0,0
2024-10-29 14:15:00+05:30,70099.6,70405.9,70063.2,70323.6,0,0
2024-10-29 14:45:00+05:30,70326.9,70624.1,70303.45,70535.45,0,0
2024-10-29 15:15:00+05:30,70532.8,70595.45,70490.4,70574.55,0,0
2024-10-30 09:15:00+05:30,70405.7,70617.65,70050.0,70551.5,0,0
2024-10-30 09:45:00+05:30,70554.5,70675.5,70439.7,70593.95,0,0
2024-10-30 10:15:00+05:30,70593.0,70642.3,70493.9,70581.25,0,0
2024-10-30 10:45:00+05:30,70579.25,70743.2,70520.55,70686.4,0,0
2024-10-30 11:15:00+05:30,70687.75,70780.35,70630.9,70776.8,0,0
2024-10-30 11:45:00+05:30,70776.1,70783.8,70625.1,70736.05,0,0
2024-10-30 12:15:00+05:30,70736.8,70831.55,70708.25,70785.1,0,0
2024-10-30 12:45:00+05:30,70783.8,70890.45,70725.8,70727.4,0,0
2024-10-30 13:15:00+05:30,70727.7,70728.35,70401.25,70450.4,0,0
2024-10-30 13:45:00+05:30,70452.85,70500.95,70272.0,70278.15,0,0
2024-10-30 14:15:00+05:30,70277.75,70497.2,70244.35,70473.95,0,0
2024-10-30 14:45:00+05:30,70474.45,70479.2,70231.35,70273.3,0,0
2024-10-30 15:15:00+05:30,70272.45,70283.1,70193.15,70260.2,0,0
2024-10-31 09:15:00+05:30,70327.65,70461.25,69801.45,70022.05,0,0
2024-10-31 09:45:00+05:30,70025.65,70190.0,70018.05,70056.65,0,0
2024-10-31 10:15:00+05:30,70058.45,70081.0,69948.2,70037.5,0,0
2024-10-31 10:45:00+05:30,70038.95,70130.1,69985.15,70046.1,0,0
2024-10-31 11:15:00+05:30,70045.5,70114.95,69927.8,69983.65,0,0
2024-10-31 11:45:00+05:30,69985.8,70037.05,69924.3,69958.7,0,0
2024-10-31 12:15:00+05:30,69959.55,69996.8,69799.15,69807.65,0,0
2024-10-31 12:45:00+05:30,69809.65,69879.75,69724.85,69853.95,0,0
2024-10-31 13:15:00+05:30,69853.9,69884.45,69720.1,69882.7,0,0
2024-10-31 13:45:00+05:30,69883.3,69931.3,69745.25,69755.35,0,0
2024-10-31 14:15:00+05:30,69755.65,69891.65,69651.8,69886.5,0,0
2024-10-31 14:45:00+05:30,69885.7,69988.9,69856.05,69972.2,0,0
2024-10-31 15:15:00+05:30,69974.25,69997.55,69830.2,69925.5,0,0
2024-11-01 18:00:00+05:30,70320.7,70611.7,70288.85,70568.85,0,0
2024-11-01 18:30:00+05:30,70567.8,70574.85,70311.2,70378.15,0,0
2024-11-04 09:15:00+05:30,70462.35,70469.75,69482.2,69728.5,0,0
2024-11-04 09:45:00+05:30,69725.25,69725.25,69203.55,69341.0,0,0
2024-11-04 10:15:00+05:30,69345.3,69438.1,69034.05,69048.95,0,0
2024-11-04 10:45:00+05:30,69049.05,69124.8,68740.25,68874.95,0,0
2024-11-04 11:15:00+05:30,68877.55,69158.15,68726.45,69084.9,0,0
2024-11-04 11:45:00+05:30,69085.0,69338.5,68988.1,69164.85,0,0
2024-11-04 12:15:00+05:30,69160.4,69231.3,69049.15,69163.85,0,0
2024-11-04 12:45:00+05:30,69162.05,69308.9,69046.6,69290.0,0,0
2024-11-04 13:15:00+05:30,69289.55,69311.15,69120.95,69131.4,0,0
2024-11-04 13:45:00+05:30,69131.5,69385.95,69129.5,69347.65,0,0
2024-11-04 14:15:00+05:30,69348.85,69451.0,69319.75,69389.55,0,0
2024-11-04 14:45:00+05:30,69390.85,69525.15,69353.15,69399.85,0,0
2024-11-04 15:15:00+05:30,69398.3,69458.95,69331.9,69350.7,0,0
2024-11-05 09:15:00+05:30,69317.6,69627.3,68995.85,69006.15,0,0
2024-11-05 09:45:00+05:30,69004.6,69253.55,68867.2,68956.6,0,0
2024-11-05 10:15:00+05:30,68956.85,69191.05,68836.2,68970.7,0,0
2024-11-05 10:45:00+05:30,68970.7,69069.95,68940.35,69015.45,0,0
2024-11-05 11:15:00+05:30,69018.3,69063.65,68604.45,68607.75,0,0
2024-11-05 11:45:00+05:30,68608.0,68702.05,68495.7,68636.6,0,0
2024-11-05 12:15:00+05:30,68638.4,68723.35,68522.85,68689.7,0,0
2024-11-05 12:45:00+05:30,68691.5,68859.9,68661.25,68744.9,0,0
2024-11-05 13:15:00+05:30,68746.15,69423.6,68699.1,69423.6,0,0
2024-11-05 13:45:00+05:30,69424.5,69716.95,69424.5,69670.65,0,0
2024-11-05 14:15:00+05:30,69671.55,69816.25,69651.75,69755.1,0,0
2024-11-05 14:45:00+05:30,69754.65,69895.5,69728.05,69805.7,0,0
2024-11-05 15:15:00+05:30,69810.9,69820.7,69690.4,69716.45,0,0
2024-11-06 09:15:00+05:30,70191.85,70652.45,70135.45,70568.5,0,0
2024-11-06 09:45:00+05:30,70567.75,70859.7,70561.8,70777.05,0,0
2024-11-06 10:15:00+05:30,70776.95,70828.2,70441.15,70526.7,0,0
2024-11-06 10:45:00+05:30,70525.65,70792.3,70516.55,70792.3,0,0
2024-11-06 11:15:00+05:30,70792.15,70855.9,70733.35,70805.3,0,0
2024-11-06 11:45:00+05:30,70806.35,71053.3,70801.0,71003.4,0,0
2024-11-06 12:15:00+05:30,71004.1,71065.3,70865.55,70981.05,0,0
2024-11-06 12:45:00+05:30,70980.3,71222.3,70965.6,71205.25,0,0
2024-11-06 13:15:00+05:30,71207.55,71217.3,71105.2,71191.75,0,0
2024-11-06 13:45:00+05:30,71190.4,71299.75,71172.45,71286.25,0,0
2024-11-06 14:15:00+05:30,71284.35,71448.15,71278.5,71361.85,0,0
2024-11-06 14:45:00+05:30,71362.15,71407.3,71239.3,71359.45,0,0
2024-11-06 15:15:00+05:30,71355.6,71482.7,71355.0,71451.45,0,0
2024-11-07 09:15:00+05:30,71580.75,71722.15,71084.7,71270.85,0,0
2024-11-07 09:45:00+05:30,71270.45,71359.8,70806.35,70891.3,0,0
2024-11-07 10:15:00+05:30,70895.35,70950.7,70522.0,70605.7,0,0
2024-11-07 10:45:00+05:30,70608.45,70870.3,70546.0,70684.35,0,0
2024-11-07 11:15:00+05:30,70685.5,70782.0,70602.5,70736.75,0,0
2024-11-07 11:45:00+05:30,70734.8,70753.0,70582.05,70635.5,0,0
2024-11-07 12:15:00+05:30,70634.45,70836.3,70604.9,70825.6,0,0
2024-11-07 12:45:00+05:30,70828.3,70856.2,70748.35,70795.45,0,0
2024-11-07 13:15:00+05:30,70800.65,70803.6,70649.2,70674.9,0,0
2024-11-07 13:45:00+05:30,70676.0,70804.45,70664.1,70794.45,0,0
2024-11-07 14:15:00+05:30,70796.2,70809.4,70653.45,70684.6,0,0
2024-11-07 14:45:00+05:30,70683.1,70713.9,70618.9,70637.45,0,0
2024-11-07 15:15:00+05:30,70636.9,70655.55,70584.8,70594.0,0,0
2024-11-08 09:15:00+05:30,70668.6,70688.85,70102.6,70654.65,0,0
2024-11-08 09:45:00+05:30,70654.1,70889.95,70488.4,70624.3,0,0
2024-11-08 10:15:00+05:30,70624.65,70627.4,70360.1,70366.4,0,0
2024-11-08 10:45:00+05:30,70367.6,70387.9,70211.9,70301.2,0,0
2024-11-08 11:15:00+05:30,70299.4,70320.6,70066.3,70085.1,0,0
2024-11-08 11:45:00+05:30,70083.7,70131.1,69834.7,69994.95,0,0
2024-11-08 12:15:00+05:30,69993.4,70099.3,69981.85,70071.6,0,0
2024-11-08 12:45:00+05:30,70072.15,70277.7,69994.25,70207.15,0,0
2024-11-08 13:15:00+05:30,70211.8,70287.3,69902.75,69992.4,0,0
2024-11-08 13:45:00+05:30,69991.7,70069.1,69899.95,69919.5,0,0
2024-11-08 14:15:00+05:30,69920.8,70136.55,69789.55,70134.7,0,0
2024-11-08 14:45:00+05:30,70136.5,70138.4,69804.4,69805.35,0,0
2024-11-08 15:15:00+05:30,69805.3,69828.1,69561.55,69607.1,0,0
2024-11-11 09:15:00+05:30,69713.6,69892.45,69228.4,69739.75,0,0
2024-11-11 09:45:00+05:30,69739.25,69970.1,69686.1,69772.2,0,0
2024-11-11 10:15:00+05:30,69769.25,70201.65,69678.7,70079.15,0,0
2024-11-11 10:45:00+05:30,70077.25,70506.05,70075.25,70478.6,0,0
2024-11-11 11:15:00+05:30,70477.75,70602.35,70461.8,70574.65,0,0
2024-11-11 11:45:00+05:30,70573.05,70603.0,70226.8,70280.55,0,0
2024-11-11 12:15:00+05:30,70277.65,70327.35,70147.65,70325.15,0,0
2024-11-11 12:45:00+05:30,70323.25,70359.25,70208.5,70272.5,0,0
2024-11-11 13:15:00+05:30,70272.05,70274.5,70010.05,70024.1,0,0
2024-11-11 13:45:00+05:30,70022.25,70132.7,69918.9,69922.6,0,0
2024-11-11 14:15:00+05:30,69920.25,70226.1,69860.85,70166.4,0,0
2024-11-11 14:45:00+05:30,70167.25,70188.95,69944.3,70011.6,0,0
2024-11-11 15:15:00+05:30,70012.15,70020.35,69909.1,69925.2,0,0
2024-11-12 09:15:00+05:30,70097.95,70424.3,69739.75,69759.8,0,0
2024-11-12 09:45:00+05:30,69760.05,69905.25,69545.35,69673.2,0,0
2024-11-12 10:15:00+05:30,69675.1,69822.2,69510.75,69583.4,0,0
2024-11-12 10:45:00+05:30,69582.55,69623.2,69476.75,69540.05,0,0
2024-11-12 11:15:00+05:30,69540.65,69702.05,69486.3,69645.05,0,0
2024-11-12 11:45:00+05:30,69643.05,69728.7,69464.3,69519.15,0,0
2024-11-12 12:15:00+05:30,69517.7,69554.4,69258.25,69286.85,0,0
2024-11-12 12:45:00+05:30,69285.7,69295.95,69018.75,69041.5,0,0
2024-11-12 13:15:00+05:30,69040.5,69042.45,68699.8,68744.55,0,0
2024-11-12 13:45:00+05:30,68746.45,69015.0,68725.8,68850.65,0,0
2024-11-12 14:15:00+05:30,68849.6,69058.2,68727.7,68807.8,0,0
2024-11-12 14:45:00+05:30,68811.85,68890.75,68386.15,68389.45,0,0
2024-11-12 15:15:00+05:30,68392.7,68476.5,68280.15,68319.25,0,0
2024-11-13 09:15:00+05:30,68270.4,68528.45,67368.05,67369.55,0,0
2024-11-13 09:45:00+05:30,67379.15,67810.6,67262.5,67390.1,0,0
2024-11-13 10:15:00+05:30,67381.15,67912.15,67307.2,67658.45,0,0
2024-11-13 10:45:00+05:30,67659.15,67927.7,67551.35,67611.55,0,0
2024-11-13 11:15:00+05:30,67613.95,67712.75,67430.1,67435.4,0,0
2024-11-13 11:45:00+05:30,67438.3,67709.05,67388.5,67395.65,0,0
2024-11-13 12:15:00+05:30,67395.0,67619.0,67378.85,67420.75,0,0
2024-11-13 12:45:00+05:30,67422.75,67480.2,67250.05,67423.95,0,0
2024-11-13 13:15:00+05:30,67422.1,67518.7,67293.1,67507.05,0,0
2024-11-13 13:45:00+05:30,67506.9,67735.45,67444.55,67473.1,0,0
2024-11-13 14:15:00+05:30,67474.45,67475.75,66953.4,67052.3,0,0
2024-11-13 14:45:00+05:30,67055.45,67195.25,66896.45,67040.6,0,0
2024-11-13 15:15:00+05:30,67040.6,67304.9,67040.6,67264.0,0,0
2024-11-14 09:15:00+05:30,67221.85,67649.3,66925.35,67123.1,0,0
2024-11-14 09:45:00+05:30,67124.6,67793.65,66946.95,67741.1,0,0
2024-11-14 10:15:00+05:30,67743.9,67926.3,67651.95,67849.75,0,0
2024-11-14 10:45:00+05:30,67850.55,67851.25,67318.05,67332.8,0,0
2024-11-14 11:15:00+05:30,67331.2,67523.85,67316.9,67404.45,0,0
2024-11-14 11:45:00+05:30,67403.9,67650.65,67314.85,67641.05,0,0
2024-11-14 12:15:00+05:30,67642.35,67645.15,67352.6,67435.8,0,0
2024-11-14 12:45:00+05:30,67435.65,67741.55,67405.5,67724.7,0,0
2024-11-14 13:15:00+05:30,67723.65,67887.05,67578.7,67591.95,0,0
2024-11-14 13:45:00+05:30,67593.35,67616.6,67421.0,67555.45,0,0
2024-11-14 14:15:00+05:30,67554.85,67560.7,67424.6,67465.6,0,0
2024-11-14 14:45:00+05:30,67463.0,67533.65,67264.85,67422.7,0,0
2024-11-14 15:15:00+05:30,67423.8,67504.5,67391.55,67491.2,0,0
2024-11-18 09:15:00+05:30,67913.65,68052.95,67020.5,67021.15,0,0
2024-11-18 09:45:00+05:30,67019.9,67664.0,67013.2,67547.75,0,0
2024-11-18 10:15:00+05:30,67547.15,67618.6,67280.2,67286.85,0,0
2024-11-18 10:45:00+05:30,67286.4,67520.35,67220.25,67416.5,0,0
2024-11-18 11:15:00+05:30,67415.45,67610.2,67398.2,67570.3,0,0
2024-11-18 11:45:00+05:30,67568.65,67779.3,67513.25,67753.0,0,0
2024-11-18 12:15:00+05:30,67754.55,68080.1,67728.5,67987.3,0,0
2024-11-18 12:45:00+05:30,67989.45,68043.0,67783.85,67881.45,0,0
2024-11-18 13:15:00+05:30,67877.55,67888.9,67721.85,67787.65,0,0
2024-11-18 13:45:00+05:30,67786.85,67984.45,67751.8,67753.5,0,0
2024-11-18 14:15:00+05:30,67752.9,67762.0,67353.4,67421.8,0,0
2024-11-18 14:45:00+05:30,67434.95,67624.25,67384.95,67454.75,0,0
2024-11-18 15:15:00+05:30,67454.85,67511.75,67438.8,67461.35,0,0
2024-11-19 09:15:00+05:30,67789.8,68314.2,67787.6,68301.4,0,0
2024-11-19 09:45:00+05:30,68301.35,68450.75,68146.05,68382.1,0,0
2024-11-19 10:15:00+05:30,68381.1,68536.3,68369.35,68445.85,0,0
2024-11-19 10:45:00+05:30,68445.25,68474.1,68337.15,68444.05,0,0
2024-11-19 11:15:00+05:30,68446.1,68518.4,68439.35,68500.85,0,0
2024-11-19 11:45:00+05:30,68500.0,68507.5,68325.65,68395.0,0,0
2024-11-19 12:15:00+05:30,68394.8,68480.1,68346.9,68357.55,0,0
2024-11-19 12:45:00+05:30,68353.25,68428.05,68344.6,68422.9,0,0
2024-11-19 13:15:00+05:30,68424.6,68449.55,68369.7,68433.1,0,0
2024-11-19 13:45:00+05:30,68433.75,68491.8,68212.4,68217.1,0,0
2024-11-19 14:15:00+05:30,68216.2,68277.5,68115.95,68219.45,0,0
2024-11-19 14:45:00+05:30,68219.5,68319.75,67687.95,67690.15,0,0
2024-11-19 15:15:00+05:30,67689.7,67751.5,67611.4,67616.45,0,0
2024-11-21 09:15:00+05:30,67395.75,67404.35,65996.0,66297.95,0,0
2024-11-21 09:45:00+05:30,66301.2,66546.0,66012.6,66250.95,0,0
2024-11-21 10:15:00+05:30,66254.2,66565.3,66195.1,66388.9,0,0
2024-11-21 10:45:00+05:30,66389.0,66845.1,66331.3,66789.3,0,0
2024-11-21 11:15:00+05:30,66790.1,66988.85,66786.6,66977.35,0,0
2024-11-21 11:45:00+05:30,66976.55,67077.85,66865.85,66934.35,0,0
2024-11-21 12:15:00+05:30,66936.7,67062.0,66883.85,67037.0,0,0
2024-11-21 12:45:00+05:30,67037.4,67079.45,66837.0,66988.7,0,0
2024-11-21 13:15:00+05:30,66988.35,67102.95,66935.65,66947.35,0,0
2024-11-21 13:45:00+05:30,66947.85,67046.9,66859.7,66863.45,0,0
2024-11-21 14:15:00+05:30,66862.35,66977.75,66705.55,66837.85,0,0
2024-11-21 14:45:00+05:30,66835.65,66849.25,66660.95,66781.65,0,0
2024-11-21 15:15:00+05:30,66781.5,66845.7,66721.3,66757.65,0,0
2024-11-22 09:15:00+05:30,66931.7,67653.65,66858.75,67354.5,0,0
2024-11-22 09:45:00+05:30,67342.8,67574.0,67183.3,67527.55,0,0
2024-11-22 10:15:00+05:30,67527.7,67584.95,67377.5,67506.15,0,0
2024-11-22 10:45:00+05:30,67506.8,67781.15,67365.45,67752.35,0,0
2024-11-22 11:15:00+05:30,67752.0,67870.35,67649.6,67776.1,0,0
2024-11-22 11:45:00+05:30,67775.7,67982.35,67771.55,67929.5,0,0
2024-11-22 12:15:00+05:30,67929.5,68010.2,67859.6,67988.95,0,0
2024-11-22 12:45:00+05:30,67988.45,68125.05,67951.55,68039.85,0,0
2024-11-22 13:15:00+05:30,68040.6,68101.7,67958.5,68098.1,0,0
2024-11-22 13:45:00+05:30,68098.35,68252.35,68091.7,68196.0,0,0
2024-11-22 14:15:00+05:30,68193.7,68269.5,67980.45,68000.45,0,0
2024-11-22 14:45:00+05:30,67999.75,68168.05,67975.0,68018.6,0,0
2024-11-22 15:15:00+05:30,68022.8,68045.65,67943.4,68036.6,0,0
2024-11-25 09:15:00+05:30,69337.75,69754.25,69249.35,69753.35,0,0
2024-11-25 09:45:00+05:30,69752.55,69769.3,69533.95,69632.0,0,0
2024-11-25 10:15:00+05:30,69632.4,69859.25,69626.8,69827.65,0,0
2024-11-25 10:45:00+05:30,69830.0,69907.45,69815.3,69877.25,0,0
2024-11-25 11:15:00+05:30,69877.25,69890.85,69794.3,69797.55,0,0
2024-11-25 11:45:00+05:30,69800.25,69800.25,69687.4,69753.75,0,0
2024-11-25 12:15:00+05:30,69753.7,69786.2,69642.05,69779.65,0,0
2024-11-25 12:45:00+05:30,69777.35,69805.7,69430.45,69587.1,0,0
2024-11-25 13:15:00+05:30,69590.3,69709.75,69586.75,69595.35,0,0
2024-11-25 13:45:00+05:30,69597.3,69639.9,69554.55,69610.0,0,0
2024-11-25 14:15:00+05:30,69612.6,69695.15,69529.8,69672.8,0,0
2024-11-25 14:45:00+05:30,69673.85,69694.4,69265.6,69361.5,0,0
2024-11-25 15:15:00+05:30,69360.6,69422.25,69304.9,69422.25,0,0
2024-11-26 09:15:00+05:30,69588.5,69828.1,69385.4,69642.55,0,0
2024-11-26 09:45:00+05:30,69643.0,69668.4,69317.4,69524.35,0,0
2024-11-26 10:15:00+05:30,69525.45,69595.35,69309.85,69547.1,0,0
2024-11-26 10:45:00+05:30,69548.55,69697.35,69545.75,69629.0,0,0
2024-11-26 11:15:00+05:30,69626.95,69715.6,69590.35,69659.6,0,0
2024-11-26 11:45:00+05:30,69660.7,69704.85,69612.7,69666.0,0,0
2024-11-26 12:15:00+05:30,69666.85,69675.55,69564.2,69631.0,0,0
2024-11-26 12:45:00+05:30,69630.25,69718.5,69629.25,69664.45,0,0
2024-11-26 13:15:00+05:30,69664.75,69730.25,69569.0,69623.05,0,0
2024-11-26 13:45:00+05:30,69622.9,69726.2,69617.6,69637.85,0,0
2024-11-26 14:15:00+05:30,69637.35,69717.3,69622.9,69703.1,0,0
2024-11-26 14:45:00+05:30,69701.65,69709.35,69469.35,69502.4,0,0
2024-11-26 15:15:00+05:30,69501.25,69530.35,69463.3,69530.0,0,0
2024-11-27 09:15:00+05:30,69724.15,69760.3,69398.3,69630.3,0,0
2024-11-27 09:45:00+05:30,69630.6,69799.0,69627.35,69792.95,0,0
2024-11-27 10:15:00+05:30,69791.45,69848.55,69722.85,69796.05,0,0
2024-11-27 10:45:00+05:30,69794.45,69822.8,69695.9,69769.25,0,0
2024-11-27 11:15:00+05:30,69768.2,69956.05,69754.65,69941.7,0,0
2024-11-27 11:45:00+05:30,69943.0,69950.95,69743.35,69867.25,0,0
2024-11-27 12:15:00+05:30,69866.7,70066.75,69863.95,70045.7,0,0
2024-11-27 12:45:00+05:30,70047.7,70177.25,70038.45,70175.3,0,0
2024-11-27 13:15:00+05:30,70173.7,70233.35,70099.85,70195.35,0,0
2024-11-27 13:45:00+05:30,70194.65,70239.9,70087.45,70102.45,0,0
2024-11-27 14:15:00+05:30,70101.9,70234.85,70075.8,70227.35,0,0
2024-11-27 14:45:00+05:30,70225.85,70243.95,70107.15,70178.3,0,0
2024-11-27 15:15:00+05:30,70180.15,70234.9,70172.95,70217.9,0,0
2024-11-28 09:15:00+05:30,70442.9,70685.85,70115.3,70629.15,0,0
2024-11-28 09:45:00+05:30,70631.25,70748.65,70576.45,70664.9,0,0
2024-11-28 10:15:00+05:30,70663.1,70872.4,70353.15,70537.6,0,0
2024-11-28 10:45:00+05:30,70537.15,70538.15,70296.9,70368.4,0,0
2024-11-28 11:15:00+05:30,70369.25,70399.95,70205.15,70384.15,0,0
2024-11-28 11:45:00+05:30,70383.85,70535.75,70337.5,70390.9,0,0
2024-11-28 12:15:00+05:30,70390.65,70396.85,70124.75,70186.6,0,0
2024-11-28 12:45:00+05:30,70187.15,70247.55,70084.45,70091.5,0,0
2024-11-28 13:15:00+05:30,70090.9,70259.85,70052.9,70114.45,0,0
2024-11-28 13:45:00+05:30,70113.65,70453.4,70050.75,70220.65,0,0
2024-11-28 14:15:00+05:30,70220.75,70360.75,70126.65,70220.75,0,0
2024-11-28 14:45:00+05:30,70220.2,70309.75,70112.3,70259.55,0,0
2024-11-28 15:15:00+05:30,70262.85,70355.25,70227.95,70346.8,0,0
2024-11-29 09:15:00+05:30,70366.3,70561.9,70277.15,70501.4,0,0
2024-11-29 09:45:00+05:30,70501.8,70725.2,70374.35,70375.75,0,0
2024-11-29 10:15:00+05:30,70374.85,70643.4,70313.9,70522.75,0,0
2024-11-29 10:45:00+05:30,70520.8,70589.2,70445.1,70458.25,0,0
2024-11-29 11:15:00+05:30,70458.85,70572.65,70396.85,70398.8,0,0
2024-11-29 11:45:00+05:30,70399.65,70428.3,70207.35,70402.2,0,0
2024-11-29 12:15:00+05:30,70404.3,70460.25,70355.4,70432.7,0,0
2024-11-29 12:45:00+05:30,70432.2,70526.05,70380.95,70518.8,0,0
2024-11-29 13:15:00+05:30,70517.4,70708.4,70494.5,70681.8,0,0
2024-11-29 13:45:00+05:30,70681.75,70921.8,70641.45,70808.4,0,0
2024-11-29 14:15:00+05:30,70806.15,70977.2,70764.15,70924.95,0,0
2024-11-29 14:45:00+05:30,70922.65,70938.55,70654.95,70667.35,0,0
2024-11-29 15:15:00+05:30,70667.2,70740.8,70646.05,70717.85,0,0
2024-12-02 09:15:00+05:30,70690.2,71129.1,70572.7,71063.3,0,0
2024-12-02 09:45:00+05:30,71061.3,71114.0,70885.85,70994.3,0,0
2024-12-02 10:15:00+05:30,70993.75,71101.95,70869.65,70927.05,0,0
2024-12-02 10:45:00+05:30,70928.15,70993.4,70880.25,70916.75,0,0
2024-12-02 11:15:00+05:30,70916.3,70966.15,70820.4,70905.75,0,0
2024-12-02 11:45:00+05:30,70903.1,71035.7,70804.55,70989.95,0,0
2024-12-02 12:15:00+05:30,70991.15,71108.65,70975.25,71019.05,0,0
2024-12-02 12:45:00+05:30,71020.1,71080.85,70963.35,70980.65,0,0
2024-12-02 13:15:00+05:30,70979.85,71001.9,70914.0,70995.45,0,0
2024-12-02 13:45:00+05:30,70996.45,71092.8,70934.6,71024.3,0,0
2024-12-02 14:15:00+05:30,71025.95,71157.1,71022.8,71139.95,0,0
2024-12-02 14:45:00+05:30,71144.15,71182.8,71032.95,71178.9,0,0
2024-12-02 15:15:00+05:30,71175.75,71197.95,71133.9,71163.8,0,0
2024-12-03 09:15:00+05:30,71426.6,71775.5,71369.3,71687.05,0,0
2024-12-03 09:45:00+05:30,71687.85,71729.3,71593.1,71700.9,0,0
2024-12-03 10:15:00+05:30,71702.8,71797.2,71699.2,71736.8,0,0
2024-12-03 10:45:00+05:30,71736.0,71766.55,71667.95,71725.4,0,0
2024-12-03 11:15:00+05:30,71724.8,71822.7,71721.75,71776.4,0,0
2024-12-03 11:45:00+05:30,71776.9,71814.05,71666.5,71711.8,0,0
2024-12-03 12:15:00+05:30,71712.7,71751.95,71594.75,71742.5,0,0
2024-12-03 12:45:00+05:30,71743.7,71783.85,71722.35,71726.3,0,0
2024-12-03 13:15:00+05:30,71726.0,71904.25,71720.95,71800.8,0,0
2024-12-03 13:45:00+05:30,71801.45,71867.8,71787.45,71822.8,0,0
2024-12-03 14:15:00+05:30,71823.55,71860.4,71731.0,71755.1,0,0
2024-12-03 14:45:00+05:30,71754.45,71924.65,71743.9,71914.6,0,0
2024-12-03 15:15:00+05:30,71913.15,71941.55,71841.35,71873.65,0,0
2024-12-04 09:15:00+05:30,72196.15,72415.8,72096.45,72368.65,0,0
2024-12-04 09:45:00+05:30,72367.2,72371.8,72198.15,72201.75,0,0
2024-12-04 10:15:00+05:30,72201.35,72249.0,71978.45,72054.75,0,0
2024-12-04 10:45:00+05:30,72055.9,72116.3,71973.8,72058.05,0,0
2024-12-04 11:15:00+05:30,72057.9,72146.3,72035.3,72105.0,0,0
2024-12-04 11:45:00+05:30,72105.5,72124.5,71716.85,72021.0,0,0
2024-12-04 12:15:00+05:30,72020.35,72096.3,71978.3,72000.95,0,0
2024-12-04 12:45:00+05:30,72000.0,72115.95,71996.45,72106.05,0,0
2024-12-04 13:15:00+05:30,72106.75,72206.35,72079.8,72161.25,0,0
2024-12-04 13:45:00+05:30,72161.7,72295.85,72150.7,72259.75,0,0
2024-12-04 14:15:00+05:30,72262.45,72281.25,72076.55,72170.55,0,0
2024-12-04 14:45:00+05:30,72171.2,72268.5,72079.6,72252.75,0,0
2024-12-04 15:15:00+05:30,72256.95,72305.25,72217.25,72224.8,0,0
2024-12-05 09:15:00+05:30,72520.3,72520.3,72154.7,72176.0,0,0
2024-12-05 09:45:00+05:30,72176.2,72239.35,71992.05,72042.15,0,0
2024-12-05 10:15:00+05:30,72043.35,72226.2,71954.0,72151.65,0,0
2024-12-05 10:45:00+05:30,72150.95,72261.55,71957.65,72028.35,0,0
2024-12-05 11:15:00+05:30,72032.25,72061.95,71950.35,72041.95,0,0
2024-12-05 11:45:00+05:30,72042.4,72333.9,72006.35,72307.15,0,0
2024-12-05 12:15:00+05:30,72308.8,72412.95,72252.5,72288.85,0,0
2024-12-05 12:45:00+05:30,72288.95,72351.0,72236.65,72351.0,0,0
2024-12-05 13:15:00+05:30,72352.85,72430.3,72264.55,72353.75,0,0
2024-12-05 13:45:00+05:30,72350.25,72475.05,72341.9,72430.65,0,0
2024-12-05 14:15:00+05:30,72432.6,72549.3,72398.95,72491.15,0,0
2024-12-05 14:45:00+05:30,72491.8,72507.65,72085.45,72507.35,0,0
2024-12-05 15:15:00+05:30,72512.4,72571.7,72487.45,72548.85,0,0
2024-12-06 09:15:00+05:30,72789.1,72903.25,72619.35,72889.75,0,0
2024-12-06 09:45:00+05:30,72887.9,73019.8,72651.55,72803.2,0,0
2024-12-06 10:15:00+05:30,72800.8,73204.4,72692.15,73200.6,0,0
2024-12-06 10:45:00+05:30,73202.35,73218.6,73055.25,73099.45,0,0
2024-12-06 11:15:00+05:30,73099.35,73103.9,72908.55,72960.45,0,0
2024-12-06 11:45:00+05:30,72961.6,73004.55,72868.25,72909.9,0,0
2024-12-06 12:15:00+05:30,72908.55,72976.45,72854.55,72960.9,0,0
2024-12-06 12:45:00+05:30,72958.6,73046.8,72926.85,73033.8,0,0
2024-12-06 13:15:00+05:30,73037.45,73113.25,73018.8,73075.8,0,0
2024-12-06 13:45:00+05:30,73072.05,73093.5,72996.8,73060.15,0,0
2024-12-06 14:15:00+05:30,73058.85,73090.65,72955.95,73049.05,0,0
2024-12-06 14:45:00+05:30,73048.3,73076.45,72973.5,73054.55,0,0
2024-12-06 15:15:00+05:30,73054.7,73075.1,72987.55,73003.7,0,0
2024-12-09 09:15:00+05:30,72894.5,73001.4,72696.9,72825.5,0,0
2024-12-09 09:45:00+05:30,72828.05,72940.4,72538.6,72572.4,0,0
2024-12-09 10:15:00+05:30,72568.5,72812.3,72555.5,72763.9,0,0
2024-12-09 10:45:00+05:30,72763.3,72829.6,72740.3,72779.5,0,0
2024-12-09 11:15:00+05:30,72777.9,72848.05,72743.75,72847.65,0,0
2024-12-09 11:45:00+05:30,72848.4,72869.05,72793.6,72810.25,0,0
2024-12-09 12:15:00+05:30,72808.55,72817.75,72679.1,72700.15,0,0
2024-12-09 12:45:00+05:30,72700.3,72850.95,72696.55,72847.65,0,0
2024-12-09 13:15:00+05:30,72848.85,72873.9,72729.15,72758.2,0,0
2024-12-09 13:45:00+05:30,72758.55,72799.1,72686.4,72688.5,0,0
2024-12-09 14:15:00+05:30,72685.55,72704.9,72587.65,72645.25,0,0
2024-12-09 14:45:00+05:30,72646.75,72769.4,72640.1,72681.8,0,0
2024-12-09 15:15:00+05:30,72684.35,72745.35,72682.7,72717.5,0,0
2024-12-10 09:15:00+05:30,72888.45,72986.85,72728.4,72975.2,0,0
2024-12-10 09:45:00+05:30,72977.45,73095.2,72969.5,73030.15,0,0
2024-12-10 10:15:00+05:30,73029.0,73107.1,72938.45,73015.85,0,0
2024-12-10 10:45:00+05:30,73013.6,73093.25,73011.8,73078.3,0,0
2024-12-10 11:15:00+05:30,73075.9,73152.45,73050.25,73117.7,0,0
2024-12-10 11:45:00+05:30,73118.3,73123.75,73015.6,73019.15,0,0
2024-12-10 12:15:00+05:30,73021.25,73021.25,72762.0,72796.1,0,0
2024-12-10 12:45:00+05:30,72796.25,72871.6,72763.2,72801.5,0,0
2024-12-10 13:15:00+05:30,72801.25,72845.7,72733.15,72735.95,0,0
2024-12-10 13:45:00+05:30,72736.5,72854.6,72700.15,72842.1,0,0
2024-12-10 14:15:00+05:30,72843.85,72921.2,72820.6,72906.25,0,0
2024-12-10 14:45:00+05:30,72910.65,73111.65,72903.2,73106.7,0,0
2024-12-10 15:15:00+05:30,73107.45,73137.7,73065.35,73085.15,0,0
2024-12-11 09:15:00+05:30,73126.65,73324.25,73012.6,73249.5,0,0
2024-12-11 09:45:00+05:30,73250.15,73358.8,73161.65,73284.2,0,0
2024-12-11 10:15:00+05:30,73283.65,73378.3,73261.05,73364.75,0,0
2024-12-11 10:45:00+05:30,73364.7,73385.2,73281.05,73371.2,0,0
2024-12-11 11:15:00+05:30,73370.6,73438.2,73324.95,73415.65,0,0
2024-12-11 11:45:00+05:30,73416.6,73420.15,73323.7,73333.55,0,0
2024-12-11 12:15:00+05:30,73333.85,73376.15,73250.05,73294.5,0,0
2024-12-11 12:45:00+05:30,73293.7,73354.25,73276.75,73328.7,0,0
2024-12-11 13:15:00+05:30,73329.5,73388.65,73320.05,73339.3,0,0
2024-12-11 13:45:00+05:30,73338.85,73401.45,73336.1,73336.45,0,0
2024-12-11 14:15:00+05:30,73333.7,73379.0,73285.9,73333.2,0,0
2024-12-11 14:45:00+05:30,73332.25,73342.4,73278.8,73305.2,0,0
2024-12-11 15:15:00+05:30,73305.45,73329.55,73244.15,73271.8,0,0
2024-12-12 09:15:00+05:30,73344.05,73443.9,73169.35,73179.1,0,0
2024-12-12 09:45:00+05:30,73177.4,73304.95,73083.4,73174.45,0,0
2024-12-12 10:15:00+05:30,73178.1,73268.75,73149.15,73207.15,0,0
2024-12-12 10:45:00+05:30,73207.6,73274.75,73130.65,73254.2,0,0
2024-12-12 11:15:00+05:30,73255.05,73287.3,73193.2,73239.2,0,0
2024-12-12 11:45:00+05:30,73241.15,73257.8,73067.05,73081.9,0,0
2024-12-12 12:15:00+05:30,73081.9,73243.75,73037.45,73239.7,0,0
2024-12-12 12:45:00+05:30,73240.75,73290.35,73215.4,73220.0,0,0
2024-12-12 13:15:00+05:30,73219.6,73250.75,73141.55,73233.55,0,0
2024-12-12 13:45:00+05:30,73232.9,73241.4,73123.05,73213.35,0,0
2024-12-12 14:15:00+05:30,73214.05,73288.8,73133.95,73154.4,0,0
2024-12-12 14:45:00+05:30,73152.85,73159.8,73039.0,73076.55,0,0
2024-12-12 15:15:00+05:30,73081.15,73109.95,73054.85,73072.95,0,0
2024-12-13 09:15:00+05:30,73026.7,73068.2,72365.55,72531.05,0,0
2024-12-13 09:45:00+05:30,72528.45,72528.45,72138.85,72152.2,0,0
2024-12-13 10:15:00+05:30,72150.55,72150.55,71712.95,71880.1,0,0
2024-12-13 10:45:00+05:30,71877.5,72256.55,71711.5,72150.2,0,0
2024-12-13 11:15:00+05:30,72150.45,72218.25,72062.95,72164.95,0,0
2024-12-13 11:45:00+05:30,72165.35,72561.05,72118.5,72505.55,0,0
2024-12-13 12:15:00+05:30,72505.65,72592.1,72381.9,72424.8,0,0
2024-12-13 12:45:00+05:30,72424.45,72764.45,72363.5,72673.35,0,0
2024-12-13 13:15:00+05:30,72671.65,72787.05,72567.3,72774.4,0,0
2024-12-13 13:45:00+05:30,72775.9,72934.85,72775.9,72868.8,0,0
2024-12-13 14:15:00+05:30,72868.55,72975.55,72832.05,72894.7,0,0
2024-12-13 14:45:00+05:30,72893.75,73019.25,72831.0,72979.5,0,0
2024-12-13 15:15:00+05:30,72980.1,72985.65,72931.35,72950.75,0,0
2024-12-16 09:15:00+05:30,73060.9,73236.5,73056.75,73231.3,0,0
2024-12-16 09:45:00+05:30,73234.55,73284.5,73062.75,73082.9,0,0
2024-12-16 10:15:00+05:30,73081.45,73109.45,72936.75,72998.05,0,0
2024-12-16 10:45:00+05:30,72998.95,73049.0,72873.25,72879.05,0,0
2024-12-16 11:15:00+05:30,72880.45,73002.15,72856.8,72962.7,0,0
2024-12-16 11:45:00+05:30,72961.8,72984.2,72910.6,72917.1,0,0
2024-12-16 12:15:00+05:30,72917.0,73045.5,72878.35,73020.45,0,0
2024-12-16 12:45:00+05:30,73020.35,73052.45,72997.7,73052.35,0,0
2024-12-16 13:15:00+05:30,73053.4,73105.65,73023.3,73058.7,0,0
2024-12-16 13:45:00+05:30,73057.85,73143.9,73006.5,73079.85,0,0
2024-12-16 14:15:00+05:30,73081.85,73097.4,73014.15,73077.9,0,0
2024-12-16 14:45:00+05:30,73078.75,73194.2,73077.35,73148.05,0,0
2024-12-16 15:15:00+05:30,73150.0,73177.0,73104.35,73105.3,0,0
2024-12-17 09:15:00+05:30,73082.35,73298.7,72997.65,73130.5,0,0
2024-12-17 09:45:00+05:30,73127.15,73127.15,72947.8,73061.9,0,0
2024-12-17 10:15:00+05:30,73058.15,73058.15,72714.0,72923.15,0,0
2024-12-17 10:45:00+05:30,72919.75,72993.0,72861.25,72878.3,0,0
2024-12-17 11:15:00+05:30,72880.1,72935.1,72628.95,72661.2,0,0
2024-12-17 11:45:00+05:30,72662.3,72662.3,72565.0,72597.3,0,0
2024-12-17 12:15:00+05:30,72597.6,72737.45,72507.8,72575.35,0,0
2024-12-17 12:45:00+05:30,72576.45,72623.0,72529.85,72535.6,0,0
2024-12-17 13:15:00+05:30,72534.5,72552.1,72325.7,72405.85,0,0
2024-12-17 13:45:00+05:30,72405.6,72443.7,72210.2,72220.7,0,0
2024-12-17 14:15:00+05:30,72220.8,72275.2,72121.25,72138.65,0,0
2024-12-17 14:45:00+05:30,72137.6,72301.4,72071.2,72215.85,0,0
2024-12-17 15:15:00+05:30,72217.15,72239.2,72061.05,72087.2,0,0
2024-12-18 09:15:00+05:30,72183.8,72262.9,71720.45,72071.1,0,0
2024-12-18 09:45:00+05:30,72074.1,72076.75,71579.7,71580.85,0,0
2024-12-18 10:15:00+05:30,71580.95,71904.5,71555.1,71880.7,0,0
2024-12-18 10:45:00+05:30,71887.0,71951.5,71588.45,71632.95,0,0
2024-12-18 11:15:00+05:30,71633.35,71782.15,71570.35,71573.15,0,0
2024-12-18 11:45:00+05:30,71574.6,71584.5,71438.1,71458.95,0,0
2024-12-18 12:15:00+05:30,71460.75,71524.5,71249.95,71269.05,0,0
2024-12-18 12:45:00+05:30,71268.65,71491.45,71152.4,71426.9,0,0
2024-12-18 13:15:00+05:30,71425.8,71489.25,71291.95,71300.35,0,0
2024-12-18 13:45:00+05:30,71299.7,71425.45,71232.75,71337.05,0,0
2024-12-18 14:15:00+05:30,71337.7,71379.65,71186.0,71239.5,0,0
2024-12-18 14:45:00+05:30,71241.35,71327.85,71104.15,71217.05,0,0
2024-12-18 15:15:00+05:30,71218.35,71303.3,71207.15,71269.85,0,0
2024-12-19 09:15:00+05:30,70026.95,70505.15,69849.15,70470.1,0,0
2024-12-19 09:45:00+05:30,70471.0,70525.65,70213.05,70255.8,0,0
2024-12-19 10:15:00+05:30,70258.35,70522.45,70166.0,70501.25,0,0
2024-12-19 10:45:00+05:30,70500.7,70540.75,70397.3,70521.95,0,0
2024-12-19 11:15:00+05:30,70524.8,70782.4,70524.8,70760.8,0,0
2024-12-19 11:45:00+05:30,70760.5,70821.35,70663.85,70768.3,0,0
2024-12-19 12:15:00+05:30,70769.1,70798.35,70661.7,70667.2,0,0
2024-12-19 12:45:00+05:30,70667.0,70708.05,70622.05,70684.6,0,0
2024-12-19 13:15:00+05:30,70684.05,70684.25,70539.85,70539.85,0,0
2024-12-19 13:45:00+05:30,70540.25,70596.1,70509.0,70572.35,0,0
2024-12-19 14:15:00+05:30,70570.75,70600.9,70468.25,70497.4,0,0
2024-12-19 14:45:00+05:30,70497.95,70699.1,70497.95,70617.3,0,0
2024-12-19 15:15:00+05:30,70618.7,70657.25,70571.25,70640.7,0,0
2024-12-20 09:15:00+05:30,70762.95,70956.25,70588.9,70902.95,0,0
2024-12-20 09:45:00+05:30,70902.75,70917.8,70286.2,70353.2,0,0
2024-12-20 10:15:00+05:30,70351.6,70655.2,70289.25,70589.95,0,0
2024-12-20 10:45:00+05:30,70589.65,70740.4,70555.8,70707.4,0,0
2024-12-20 11:15:00+05:30,70709.35,70719.6,70521.3,70594.15,0,0
2024-12-20 11:45:00+05:30,70593.0,70727.9,70462.9,70463.6,0,0
2024-12-20 12:15:00+05:30,70468.0,70468.0,70019.1,70030.95,0,0
2024-12-20 12:45:00+05:30,70029.6,70037.85,69684.1,69703.5,0,0
2024-12-20 13:15:00+05:30,69703.15,69824.95,69508.5,69602.65,0,0
2024-12-20 13:45:00+05:30,69600.75,69637.5,69331.8,69365.45,0,0
2024-12-20 14:15:00+05:30,69362.8,69553.05,69265.2,69377.75,0,0
2024-12-20 14:45:00+05:30,69377.1,69400.1,68590.7,68596.55,0,0
2024-12-20 15:15:00+05:30,68596.2,68710.3,68519.75,68684.35,0,0
2024-12-23 09:15:00+05:30,69096.4,69281.2,68635.45,68896.8,0,0
2024-12-23 09:45:00+05:30,68898.25,69147.7,68633.95,69013.85,0,0
2024-12-23 10:15:00+05:30,69023.05,69155.45,68900.5,69075.8,0,0
2024-12-23 10:45:00+05:30,69077.05,69356.55,69076.15,69308.6,0,0
2024-12-23 11:15:00+05:30,69312.95,69456.35,69310.4,69393.45,0,0
2024-12-23 11:45:00+05:30,69395.75,69431.7,69120.2,69156.05,0,0
2024-12-23 12:15:00+05:30,69153.65,69267.15,69057.7,69181.25,0,0
2024-12-23 12:45:00+05:30,69182.4,69182.75,68923.9,68926.75,0,0
2024-12-23 13:15:00+05:30,68925.5,69012.65,68814.05,69008.2,0,0
2024-12-23 13:45:00+05:30,69010.8,69023.2,68764.8,68924.4,0,0
2024-12-23 14:15:00+05:30,68925.5,69039.9,68890.0,68981.8,0,0
2024-12-23 14:45:00+05:30,68977.95,68983.7,68853.45,68911.8,0,0
2024-12-23 15:15:00+05:30,68919.95,68923.2,68866.6,68902.2,0,0
2024-12-24 09:15:00+05:30,68957.6,69061.35,68571.85,68772.7,0,0
2024-12-24 09:45:00+05:30,68772.05,69120.15,68762.85,69059.25,0,0
2024-12-24 10:15:00+05:30,69061.85,69231.9,69052.45,69127.65,0,0
2024-12-24 10:45:00+05:30,69127.6,69177.4,69009.25,69009.7,0,0
2024-12-24 11:15:00+05:30,69009.6,69101.9,68985.65,69026.35,0,0
2024-12-24 11:45:00+05:30,69024.65,69051.15,68913.15,68914.65,0,0
2024-12-24 12:15:00+05:30,68914.4,69003.6,68770.8,69001.9,0,0
2024-12-24 12:45:00+05:30,69000.85,69048.85,68917.8,68921.65,0,0
2024-12-24 13:15:00+05:30,68922.1,69005.4,68856.85,68867.05,0,0
2024-12-24 13:45:00+05:30,68867.85,68934.75,68820.8,68923.35,0,0
2024-12-24 14:15:00+05:30,68922.15,68923.8,68742.6,68804.0,0,0
2024-12-24 14:45:00+05:30,68804.25,68920.9,68767.75,68882.0,0,0
2024-12-24 15:15:00+05:30,68880.85,68890.0,68806.5,68806.5,0,0
2024-12-26 09:15:00+05:30,69020.1,69151.05,68876.1,68905.3,0,0
2024-12-26 09:45:00+05:30,68903.9,68928.0,68798.35,68833.25,0,0
2024-12-26 10:15:00+05:30,68830.25,68890.45,68719.6,68877.0,0,0
2024-12-26 10:45:00+05:30,68875.15,68938.85,68688.1,68937.05,0,0
2024-12-26 11:15:00+05:30,68937.7,68975.4,68869.3,68906.7,0,0
2024-12-26 11:45:00+05:30,68907.15,68948.45,68791.65,68799.7,0,0
2024-12-26 12:15:00+05:30,68800.2,68893.3,68768.75,68889.75,0,0
2024-12-26 12:45:00+05:30,68892.2,68967.55,68878.05,68967.1,0,0
2024-12-26 13:15:00+05:30,68967.3,68994.65,68806.7,68977.6,0,0
2024-12-26 13:45:00+05:30,68978.05,69025.9,68896.7,69000.25,0,0
2024-12-26 14:15:00+05:30,68999.35,69036.15,68899.05,68962.6,0,0
2024-12-26 14:45:00+05:30,68961.8,69227.85,68948.45,69222.35,0,0
2024-12-26 15:15:00+05:30,69219.65,69233.25,69166.65,69199.9,0,0
2024-12-27 09:15:00+05:30,69218.2,69392.8,69215.75,69278.3,0,0
2024-12-27 09:45:00+05:30,69275.55,69432.65,69262.75,69363.85,0,0
2024-12-27 10:15:00+05:30,69365.4,69389.7,69207.5,69208.1,0,0
2024-12-27 10:45:00+05:30,69206.6,69208.4,69048.05,69120.45,0,0
2024-12-27 11:15:00+05:30,69120.25,69145.55,68978.45,69040.1,0,0
2024-12-27 11:45:00+05:30,69039.05,69042.6,68845.35,68869.65,0,0
2024-12-27 12:15:00+05:30,68871.5,68926.25,68829.45,68884.7,0,0
2024-12-27 12:45:00+05:30,68885.3,68918.5,68775.65,68865.8,0,0
2024-12-27 13:15:00+05:30,68865.2,68929.3,68823.6,68915.15,0,0
2024-12-27 13:45:00+05:30,68914.55,69012.75,68891.75,68956.15,0,0
2024-12-27 14:15:00+05:30,68953.75,68986.7,68895.3,68918.05,0,0
2024-12-27 14:45:00+05:30,68914.1,68937.25,68458.45,68561.1,0,0
2024-12-27 15:15:00+05:30,68559.45,68614.65,68530.3,68599.7,0,0
2024-12-30 09:15:00+05:30,68624.2,68704.0,68335.15,68485.2,0,0
2024-12-30 09:45:00+05:30,68481.7,68657.3,68380.65,68489.75,0,0
2024-12-30 10:15:00+05:30,68489.0,68576.4,68436.15,68558.7,0,0
2024-12-30 10:45:00+05:30,68558.35,68641.65,68339.25,68408.5,0,0
2024-12-30 11:15:00+05:30,68408.9,68599.4,68392.8,68551.8,0,0
2024-12-30 11:45:00+05:30,68551.25,68620.35,68465.1,68473.0,0,0
2024-12-30 12:15:00+05:30,68472.1,68480.95,68151.05,68288.1,0,0
2024-12-30 12:45:00+05:30,68288.6,68343.8,68174.05,68222.05,0,0
2024-12-30 13:15:00+05:30,68219.4,68239.25,67955.6,68016.2,0,0
2024-12-30 13:45:00+05:30,68014.25,68021.85,67884.05,67932.9,0,0
2024-12-30 14:15:00+05:30,67932.95,68105.8,67840.5,68086.35,0,0
2024-12-30 14:45:00+05:30,68085.25,68337.55,67914.35,68071.6,0,0
2024-12-30 15:15:00+05:30,68064.8,68342.8,67903.0,68301.9,0,0
2024-12-31 09:15:00+05:30,67737.6,67910.55,67594.5,67637.85,0,0
2024-12-31 09:45:00+05:30,67634.25,67735.85,67380.2,67435.95,0,0
2024-12-31 10:15:00+05:30,67436.1,67660.85,67436.1,67649.05,0,0
2024-12-31 10:45:00+05:30,67647.15,67727.95,67576.8,67713.2,0,0
2024-12-31 11:15:00+05:30,67711.3,67718.6,67518.95,67656.0,0,0
2024-12-31 11:45:00+05:30,67655.55,67658.4,67458.7,67608.05,0,0
2024-12-31 12:15:00+05:30,67611.0,67758.9,67598.3,67710.15,0,0
2024-12-31 12:45:00+05:30,67723.6,67776.6,67677.7,67754.5,0,0
2024-12-31 13:15:00+05:30,67752.0,67965.35,67734.55,67897.75,0,0
2024-12-31 13:45:00+05:30,67897.5,68144.6,67897.5,68121.55,0,0
2024-12-31 14:15:00+05:30,68130.0,68141.75,67977.7,68081.6,0,0
2024-12-31 14:45:00+05:30,68083.75,68154.2,67956.4,68012.55,0,0
2024-12-31 15:15:00+05:30,68010.5,68014.15,67935.45,67977.25,0,0
2025-01-01 09:15:00+05:30,68044.65,68199.9,67781.2,67954.9,0,0
2025-01-01 09:45:00+05:30,67953.55,68005.75,67744.9,67912.0,0,0
2025-01-01 10:15:00+05:30,67911.85,68069.45,67886.8,68056.1,0,0
2025-01-01 10:45:00+05:30,68057.4,68170.6,68056.7,68135.7,0,0
2025-01-01 11:15:00+05:30,68138.15,68185.6,68008.3,68059.8,0,0
2025-01-01 11:45:00+05:30,68060.1,68120.15,68018.05,68099.9,0,0
2025-01-01 12:15:00+05:30,68099.5,68158.05,68078.75,68101.3,0,0
2025-01-01 12:45:00+05:30,68101.85,68132.65,68038.3,68060.6,0,0
2025-01-01 13:15:00+05:30,68062.8,68137.25,68054.2,68116.55,0,0
2025-01-01 13:45:00+05:30,68117.25,68260.85,68111.95,68217.4,0,0
2025-01-01 14:15:00+05:30,68217.3,68325.05,68206.3,68278.2,0,0
2025-01-01 14:45:00+05:30,68276.95,68309.15,68211.4,68253.05,0,0
2025-01-01 15:15:00+05:30,68255.85,68271.05,68210.6,68232.2,0,0
2025-01-02 09:15:00+05:30,68362.2,68496.4,68189.2,68357.0,0,0
2025-01-02 09:45:00+05:30,68355.75,68364.3,68201.25,68214.85,0,0
2025-01-02 10:15:00+05:30,68216.85,68391.55,68200.7,68387.3,0,0
2025-01-02 10:45:00+05:30,68387.7,68454.1,68359.15,68399.85,0,0
2025-01-02 11:15:00+05:30,68398.9,68405.8,68275.9,68323.45,0,0
2025-01-02 11:45:00+05:30,68325.4,68493.8,68281.3,68414.4,0,0
2025-01-02 12:15:00+05:30,68414.75,68615.45,68398.05,68562.9,0,0
2025-01-02 12:45:00+05:30,68563.7,68703.7,68551.05,68686.25,0,0
2025-01-02 13:15:00+05:30,68686.8,68874.4,68680.15,68865.05,0,0
2025-01-02 13:45:00+05:30,68864.15,68925.05,68817.9,68917.3,0,0
2025-01-02 14:15:00+05:30,68917.95,68961.9,68890.9,68905.45,0,0
2025-01-02 14:45:00+05:30,68905.55,69085.7,68905.55,69078.8,0,0
2025-01-02 15:15:00+05:30,69079.15,69198.45,69066.7,69140.0,0,0
2025-01-03 09:15:00+05:30,69444.25,69785.9,69394.1,69629.0,0,0
2025-01-03 09:45:00+05:30,69632.65,69688.35,69371.8,69385.65,0,0
2025-01-03 10:15:00+05:30,69383.45,69433.65,69276.3,69338.9,0,0
2025-01-03 10:45:00+05:30,69338.9,69434.9,69288.35,69412.15,0,0
2025-01-03 11:15:00+05:30,69412.6,69550.95,69396.3,69444.05,0,0
2025-01-03 11:45:00+05:30,69443.0,69533.55,69384.95,69457.45,0,0
2025-01-03 12:15:00+05:30,69458.15,69475.3,69339.1,69443.25,0,0
2025-01-03 12:45:00+05:30,69444.25,69486.0,69328.35,69437.45,0,0
2025-01-03 13:15:00+05:30,69436.3,69569.9,69378.0,69509.4,0,0
2025-01-03 13:45:00+05:30,69509.05,69512.85,69275.8,69328.85,0,0
2025-01-03 14:15:00+05:30,69329.1,69352.75,69249.15,69348.9,0,0
2025-01-03 14:45:00+05:30,69350.85,69375.15,69143.15,69214.3,0,0
2025-01-03 15:15:00+05:30,69221.1,69230.05,69096.0,69149.8,0,0
2025-01-06 09:15:00+05:30,69280.6,69280.6,68245.35,68323.0,0,0
2025-01-06 09:45:00+05:30,68320.55,68487.9,68229.3,68418.3,0,0
2025-01-06 10:15:00+05:30,68411.75,68513.05,68036.15,68037.0,0,0
2025-01-06 10:45:00+05:30,68036.1,68041.2,67437.95,67478.1,0,0
2025-01-06 11:15:00+05:30,67479.5,67729.85,67372.9,67503.95,0,0
2025-01-06 11:45:00+05:30,67503.35,67573.9,67153.7,67510.95,0,0
2025-01-06 12:15:00+05:30,67508.35,67675.8,67345.6,67587.3,0,0
2025-01-06 12:45:00+05:30,67586.1,67725.65,67467.0,67481.1,0,0
2025-01-06 13:15:00+05:30,67483.3,67483.5,67060.35,67099.8,0,0
2025-01-06 13:45:00+05:30,67097.2,67268.75,66957.0,67102.3,0,0
2025-01-06 14:15:00+05:30,67102.5,67253.7,66765.25,66776.7,0,0
2025-01-06 14:45:00+05:30,66777.75,67220.6,66759.6,66950.1,0,0
2025-01-06 15:15:00+05:30,66956.0,67021.8,66851.8,66974.05,0,0
2025-01-07 09:15:00+05:30,67034.6,67629.4,66945.9,67607.55,0,0
2025-01-07 09:45:00+05:30,67603.35,67620.9,66819.85,67273.55,0,0
2025-01-07 10:15:00+05:30,67275.35,67324.0,67075.15,67238.7,0,0
2025-01-07 10:45:00+05:30,67238.65,67287.85,67089.55,67163.65,0,0
2025-01-07 11:15:00+05:30,67165.65,67312.1,67139.35,67254.85,0,0
2025-01-07 11:45:00+05:30,67254.95,67273.65,66972.1,67000.15,0,0
2025-01-07 12:15:00+05:30,67000.6,67147.25,66898.95,67140.75,0,0
2025-01-07 12:45:00+05:30,67141.55,67192.1,67040.05,67150.55,0,0
2025-01-07 13:15:00+05:30,67149.0,67283.1,67149.0,67197.6,0,0
2025-01-07 13:45:00+05:30,67195.6,67226.75,66972.0,67158.6,0,0
2025-01-07 14:15:00+05:30,67159.05,67198.3,67028.75,67044.3,0,0
2025-01-07 14:45:00+05:30,67042.3,67157.7,66931.2,66943.2,0,0
2025-01-07 15:15:00+05:30,66942.0,66951.95,66848.9,66878.8,0,0
2025-01-08 09:15:00+05:30,67011.2,67084.55,66233.9,66452.95,0,0
2025-01-08 09:45:00+05:30,66453.2,66654.5,66345.5,66618.45,0,0
2025-01-08 10:15:00+05:30,66617.15,66665.65,66185.25,66191.4,0,0
2025-01-08 10:45:00+05:30,66191.85,66350.85,66178.9,66254.8,0,0
2025-01-08 11:15:00+05:30,66252.75,66331.4,66139.8,66143.55,0,0
2025-01-08 11:45:00+05:30,66142.65,66145.6,65982.6,65984.0,0,0
2025-01-08 12:15:00+05:30,65984.1,66103.0,65943.35,66024.7,0,0
2025-01-08 12:45:00+05:30,66022.8,66085.95,65917.5,65963.4,0,0
2025-01-08 13:15:00+05:30,65961.95,66150.55,65880.4,66135.2,0,0
2025-01-08 13:45:00+05:30,66133.65,66428.15,66118.7,66421.85,0,0
2025-01-08 14:15:00+05:30,66423.5,66626.3,66333.3,66441.45,0,0
2025-01-08 14:45:00+05:30,66441.5,66549.5,66329.1,66464.9,0,0
2025-01-08 15:15:00+05:30,66466.8,66466.8,66309.85,66318.0,0,0
2025-01-09 09:15:00+05:30,66481.85,66490.7,65944.0,66055.9,0,0
2025-01-09 09:45:00+05:30,66060.35,66300.8,65988.0,66294.0,0,0
2025-01-09 10:15:00+05:30,66293.85,66385.75,66204.9,66341.2,0,0
2025-01-09 10:45:00+05:30,66342.7,66343.85,66024.85,66057.2,0,0
2025-01-09 11:15:00+05:30,66060.7,66120.95,65964.9,66023.6,0,0
2025-01-09 11:45:00+05:30,66025.25,66030.55,65893.55,65982.85,0,0
2025-01-09 12:15:00+05:30,65984.05,66065.0,65839.8,65864.2,0,0
2025-01-09 12:45:00+05:30,65863.45,65887.05,65790.3,65815.85,0,0
2025-01-09 13:15:00+05:30,65816.95,65817.4,65676.55,65729.3,0,0
2025-01-09 13:45:00+05:30,65729.4,65814.8,65710.1,65766.15,0,0
2025-01-09 14:15:00+05:30,65764.8,65789.8,65617.25,65626.55,0,0
2025-01-09 14:45:00+05:30,65625.25,65665.85,65540.35,65583.4,0,0
2025-01-09 15:15:00+05:30,65587.5,65597.3,65482.4,65571.05,0,0
2025-01-10 09:15:00+05:30,65544.35,65662.45,64558.0,64765.8,0,0
2025-01-10 09:45:00+05:30,64766.15,64774.7,64126.25,64512.45,0,0
2025-01-10 10:15:00+05:30,64512.7,64726.6,64393.3,64702.8,0,0
2025-01-10 10:45:00+05:30,64701.65,65165.6,64647.25,65165.6,0,0
2025-01-10 11:15:00+05:30,65164.4,65249.1,64884.4,64886.55,0,0
2025-01-10 11:45:00+05:30,64886.1,64993.0,64670.0,64786.5,0,0
2025-01-10 12:15:00+05:30,64785.6,64907.75,64658.25,64797.85,0,0
2025-01-10 12:45:00+05:30,64799.15,64894.85,64781.05,64852.35,0,0
2025-01-10 13:15:00+05:30,64845.9,64892.4,64702.1,64747.95,0,0
2025-01-10 13:45:00+05:30,64747.65,64782.65,64357.2,64361.4,0,0
2025-01-10 14:15:00+05:30,64357.95,64390.4,64215.55,64333.85,0,0
2025-01-10 14:45:00+05:30,64333.8,64422.55,64159.55,64251.85,0,0
2025-01-10 15:15:00+05:30,64250.55,64328.75,64215.15,64239.6,0,0
2025-01-13 09:15:00+05:30,63399.2,63478.55,62917.05,63278.05,0,0
2025-01-13 09:45:00+05:30,63285.9,63360.45,63067.15,63254.25,0,0
2025-01-13 10:15:00+05:30,63261.85,63436.8,63084.1,63349.3,0,0
2025-01-13 10:45:00+05:30,63347.2,63444.8,62870.05,62963.85,0,0
2025-01-13 11:15:00+05:30,62964.1,63031.7,62657.4,62757.7,0,0
2025-01-13 11:45:00+05:30,62756.85,62869.85,62612.45,62615.65,0,0
2025-01-13 12:15:00+05:30,62615.45,62658.9,62491.2,62551.9,0,0
2025-01-13 12:45:00+05:30,62547.55,62547.55,62278.2,62324.65,0,0
2025-01-13 13:15:00+05:30,62322.85,62337.85,62053.75,62062.0,0,0
2025-01-13 13:45:00+05:30,62060.4,62098.85,61814.9,61849.8,0,0
2025-01-13 14:15:00+05:30,61845.6,61947.45,61388.9,61588.2,0,0
2025-01-13 14:45:00+05:30,61594.9,61808.85,61439.15,61508.15,0,0
2025-01-13 15:15:00+05:30,61507.5,61521.25,61414.45,61475.2,0,0
2025-01-14 09:15:00+05:30,61860.75,62616.45,61839.55,62435.85,0,0
2025-01-14 09:45:00+05:30,62434.5,62589.35,62196.9,62374.75,0,0
2025-01-14 10:15:00+05:30,62373.55,62671.5,62202.45,62668.0,0,0
2025-01-14 10:45:00+05:30,62668.9,63169.15,62668.6,63144.0,0,0
2025-01-14 11:15:00+05:30,63148.8,63182.9,62983.8,63042.75,0,0
2025-01-14 11:45:00+05:30,63044.0,63086.25,62947.45,62973.65,0,0
2025-01-14 12:15:00+05:30,62972.0,62976.5,62709.85,62830.25,0,0
2025-01-14 12:45:00+05:30,62831.2,62939.55,62673.65,62863.65,0,0
2025-01-14 13:15:00+05:30,62863.95,62921.95,62783.95,62877.6,0,0
2025-01-14 13:45:00+05:30,62879.5,63042.45,62814.95,63032.45,0,0
2025-01-14 14:15:00+05:30,63031.7,63206.0,62989.05,62995.0,0,0
2025-01-14 14:45:00+05:30,62994.35,63061.1,62914.35,63050.0,0,0
2025-01-14 15:15:00+05:30,63049.05,63296.65,63011.95,63283.55,0,0
2025-01-15 09:15:00+05:30,63580.05,63661.5,62990.8,63321.95,0,0
2025-01-15 09:45:00+05:30,63322.65,63439.3,63257.0,63397.0,0,0
2025-01-15 10:15:00+05:30,63398.35,63698.3,63395.4,63693.0,0,0
2025-01-15 10:45:00+05:30,63692.75,63893.5,63691.95,63798.45,0,0
2025-01-15 11:15:00+05:30,63800.05,63868.25,63701.95,63785.4,0,0
2025-01-15 11:45:00+05:30,63788.2,63910.05,63783.05,63843.25,0,0
2025-01-15 12:15:00+05:30,63842.15,63913.7,63759.45,63905.8,0,0
2025-01-15 12:45:00+05:30,63906.8,63953.65,63728.35,63728.35,0,0
2025-01-15 13:15:00+05:30,63731.1,63731.1,63382.55,63419.65,0,0
2025-01-15 13:45:00+05:30,63416.3,63461.4,63304.95,63392.9,0,0
2025-01-15 14:15:00+05:30,63393.05,63595.75,63334.25,63589.75,0,0
2025-01-15 14:45:00+05:30,63590.1,63726.1,63518.15,63646.35,0,0
2025-01-15 15:15:00+05:30,63649.1,63718.0,63549.05,63695.95,0,0
2025-01-16 09:15:00+05:30,64520.55,64914.95,64490.3,64849.6,0,0
2025-01-16 09:45:00+05:30,64847.8,64865.7,64622.0,64668.0,0,0
2025-01-16 10:15:00+05:30,64667.4,64868.3,64663.2,64817.55,0,0
2025-01-16 10:45:00+05:30,64816.0,64827.95,64585.0,64654.65,0,0
2025-01-16 11:15:00+05:30,64651.6,64732.9,64609.55,64695.2,0,0
2025-01-16 11:45:00+05:30,64692.9,64698.55,64504.65,64533.95,0,0
2025-01-16 12:15:00+05:30,64535.6,64537.6,64448.85,64505.55,0,0
2025-01-16 12:45:00+05:30,64503.9,64674.55,64503.9,64651.9,0,0
2025-01-16 13:15:00+05:30,64652.45,64773.7,64623.75,64676.05,0,0
2025-01-16 13:45:00+05:30,64675.6,64754.7,64660.85,64745.15,0,0
2025-01-16 14:15:00+05:30,64743.9,64746.6,64565.0,64629.1,0,0
2025-01-16 14:45:00+05:30,64626.15,64629.0,64521.05,64555.35,0,0
2025-01-16 15:15:00+05:30,64556.0,64643.2,64532.9,64637.55,0,0
2025-01-17 09:15:00+05:30,64616.2,64702.5,64251.95,64629.95,0,0
2025-01-17 09:45:00+05:30,64631.45,65013.1,64583.85,64918.1,0,0
2025-01-17 10:15:00+05:30,64920.25,65052.8,64855.35,64858.6,0,0
2025-01-17 10:45:00+05:30,64856.5,64860.8,64422.6,64572.75,0,0
2025-01-17 11:15:00+05:30,64575.95,64738.6,64532.1,64708.4,0,0
2025-01-17 11:45:00+05:30,64708.65,64859.15,64619.0,64844.25,0,0
2025-01-17 12:15:00+05:30,64843.15,65002.9,64843.15,64931.35,0,0
2025-01-17 12:45:00+05:30,64931.35,65021.6,64854.45,64968.45,0,0
2025-01-17 13:15:00+05:30,64969.2,64978.6,64827.7,64860.8,0,0
2025-01-17 13:45:00+05:30,64859.3,64971.45,64836.5,64964.1,0,0
2025-01-17 14:15:00+05:30,64967.05,65137.25,64943.15,65127.35,0,0
2025-01-17 14:45:00+05:30,65127.55,65250.8,65024.0,65030.0,0,0
2025-01-17 15:15:00+05:30,65035.1,65061.1,64992.8,65052.7,0,0
2025-01-20 09:15:00+05:30,65322.65,65382.45,64689.75,64825.65,0,0
2025-01-20 09:45:00+05:30,64826.95,64901.25,64750.4,64867.0,0,0
2025-01-20 10:15:00+05:30,64868.55,65146.7,64856.1,65033.6,0,0
2025-01-20 10:45:00+05:30,65036.1,65199.0,65017.05,65150.65,0,0
2025-01-20 11:15:00+05:30,65149.25,65334.35,65142.45,65333.3,0,0
2025-01-20 11:45:00+05:30,65336.05,65366.3,65285.55,65318.25,0,0
2025-01-20 12:15:00+05:30,65318.5,65378.6,65297.65,65359.05,0,0
2025-01-20 12:45:00+05:30,65356.9,65532.35,65356.5,65511.85,0,0
2025-01-20 13:15:00+05:30,65512.05,65574.55,65488.4,65488.4,0,0
2025-01-20 13:45:00+05:30,65488.3,65521.6,65444.9,65467.3,0,0
2025-01-20 14:15:00+05:30,65465.8,65518.6,65426.25,65513.7,0,0
2025-01-20 14:45:00+05:30,65513.3,65532.5,65168.85,65177.4,0,0
2025-01-20 15:15:00+05:30,65179.95,65219.45,64822.55,64892.8,0,0
2025-01-21 09:15:00+05:30,64933.55,65029.45,64687.2,64794.6,0,0
2025-01-21 09:45:00+05:30,64790.75,64809.9,64188.8,64249.6,0,0
2025-01-21 10:15:00+05:30,64251.1,64254.5,63755.65,63855.55,0,0
2025-01-21 10:45:00+05:30,63852.65,63970.4,63700.5,63784.55,0,0
2025-01-21 11:15:00+05:30,63785.7,64120.1,63740.2,64117.9,0,0
2025-01-21 11:45:00+05:30,64116.9,64440.8,64116.9,64149.45,0,0
2025-01-21 12:15:00+05:30,64148.85,64148.85,63839.1,63906.45,0,0
2025-01-21 12:45:00+05:30,63904.85,64167.9,63876.85,64017.05,0,0
2025-01-21 13:15:00+05:30,64016.45,64034.65,63725.05,64007.7,0,0
2025-01-21 13:45:00+05:30,64007.1,64017.8,63881.5,63918.8,0,0
2025-01-21 14:15:00+05:30,63918.3,63940.8,63493.45,63497.6,0,0
2025-01-21 14:45:00+05:30,63495.15,63551.75,63356.75,63430.8,0,0
2025-01-21 15:15:00+05:30,63434.45,63472.4,63348.15,63461.6,0,0
2025-01-22 09:15:00+05:30,63467.8,63579.15,62685.25,62687.15,0,0
2025-01-22 09:45:00+05:30,62683.65,62881.55,62486.4,62705.4,0,0
2025-01-22 10:15:00+05:30,62705.7,62842.55,62595.5,62764.15,0,0
2025-01-22 10:45:00+05:30,62763.05,62839.25,62565.65,62565.65,0,0
2025-01-22 11:15:00+05:30,62565.9,62575.25,62380.65,62460.4,0,0
2025-01-22 11:45:00+05:30,62458.5,62517.4,62194.75,62255.2,0,0
2025-01-22 12:15:00+05:30,62253.7,62279.4,62069.15,62191.9,0,0
2025-01-22 12:45:00+05:30,62192.15,62224.5,62032.8,62223.25,0,0
2025-01-22 13:15:00+05:30,62222.7,62229.3,61895.8,61914.5,0,0
2025-01-22 13:45:00+05:30,61913.45,62260.4,61910.55,62220.25,0,0
2025-01-22 14:15:00+05:30,62221.55,62592.3,62216.05,62570.05,0,0
2025-01-22 14:45:00+05:30,62572.25,62936.3,62554.55,62920.0,0,0
2025-01-22 15:15:00+05:30,62919.05,62936.35,62820.55,62915.55,0,0
2025-01-23 09:15:00+05:30,62773.35,63395.75,62567.85,63371.95,0,0
2025-01-23 09:45:00+05:30,63372.05,63690.7,63333.45,63609.65,0,0
2025-01-23 10:15:00+05:30,63608.5,63808.6,63605.0,63647.7,0,0
2025-01-23 10:45:00+05:30,63645.95,63670.8,63430.2,63475.9,0,0
2025-01-23 11:15:00+05:30,63474.3,63497.65,63293.1,63295.65,0,0
2025-01-23 11:45:00+05:30,63294.95,63469.35,63230.95,63460.9,0,0
2025-01-23 12:15:00+05:30,63461.8,63574.95,63403.55,63553.05,0,0
2025-01-23 12:45:00+05:30,63553.5,63595.7,63432.2,63582.8,0,0
2025-01-23 13:15:00+05:30,63582.75,63614.55,63491.0,63610.9,0,0
2025-01-23 13:45:00+05:30,63612.05,63662.1,63536.9,63542.25,0,0
2025-01-23 14:15:00+05:30,63541.6,63556.6,63431.75,63447.95,0,0
2025-01-23 14:45:00+05:30,63445.5,63612.8,63380.15,63507.15,0,0
2025-01-23 15:15:00+05:30,63507.85,63522.35,63407.45,63428.4,0,0
2025-01-24 09:15:00+05:30,63574.7,63755.1,63216.55,63293.0,0,0
2025-01-24 09:45:00+05:30,63291.35,63339.35,62792.25,62859.0,0,0
2025-01-24 10:15:00+05:30,62857.25,63122.1,62675.0,63039.8,0,0
2025-01-24 10:45:00+05:30,63040.65,63177.35,62951.3,63123.85,0,0
2025-01-24 11:15:00+05:30,63123.6,63318.6,63090.9,63310.0,0,0
2025-01-24 11:45:00+05:30,63316.55,63376.75,63151.9,63159.15,0,0
2025-01-24 12:15:00+05:30,63160.75,63237.6,62938.0,62939.35,0,0
2025-01-24 12:45:00+05:30,62936.6,63030.6,62811.05,62965.25,0,0
2025-01-24 13:15:00+05:30,62962.35,62963.55,62740.7,62778.2,0,0
2025-01-24 13:45:00+05:30,62775.85,62868.6,62660.9,62668.25,0,0
2025-01-24 14:15:00+05:30,62666.1,62716.55,62389.65,62415.85,0,0
2025-01-24 14:45:00+05:30,62416.65,62595.25,62388.6,62459.2,0,0
2025-01-24 15:15:00+05:30,62462.7,62538.45,62443.7,62474.4,0,0
2025-01-27 09:15:00+05:30,62041.8,62050.85,61324.85,61649.85,0,0
2025-01-27 09:45:00+05:30,61656.65,61800.7,61394.65,61394.65,0,0
2025-01-27 10:15:00+05:30,61395.9,61395.9,61051.5,61250.55,0,0
2025-01-27 10:45:00+05:30,61250.85,61360.6,61114.1,61279.75,0,0
2025-01-27 11:15:00+05:30,61277.15,61463.2,61154.65,61211.8,0,0
2025-01-27 11:45:00+05:30,61212.25,61543.2,61194.55,61304.5,0,0
2025-01-27 12:15:00+05:30,61303.2,61506.35,61222.05,61242.2,0,0
2025-01-27 12:45:00+05:30,61241.15,61365.4,61190.45,61364.35,0,0
2025-01-27 13:15:00+05:30,61363.05,61392.1,61076.45,61243.95,0,0
2025-01-27 13:45:00+05:30,61244.35,61263.55,60923.8,60964.75,0,0
2025-01-27 14:15:00+05:30,60965.1,61069.25,60730.0,60735.6,0,0
2025-01-27 14:45:00+05:30,60733.7,60820.5,60600.15,60771.8,0,0
2025-01-27 15:15:00+05:30,60770.7,60774.45,60662.95,60721.6,0,0
2025-01-28 09:15:00+05:30,61173.75,61347.25,60335.15,60339.05,0,0
2025-01-28 09:45:00+05:30,60333.8,60657.8,60131.4,60382.25,0,0
2025-01-28 10:15:00+05:30,60384.2,60408.8,60151.2,60313.6,0,0
2025-01-28 10:45:00+05:30,60300.4,60465.7,60263.65,60401.15,0,0
2025-01-28 11:15:00+05:30,60401.6,60616.95,60270.9,60535.05,0,0
2025-01-28 11:45:00+05:30,60535.5,61006.85,60484.75,60983.9,0,0
2025-01-28 12:15:00+05:30,60981.8,61064.85,60830.05,60938.3,0,0
2025-01-28 12:45:00+05:30,60942.25,61356.2,60931.45,61332.35,0,0
2025-01-28 13:15:00+05:30,61333.4,61423.35,61175.9,61267.05,0,0
2025-01-28 13:45:00+05:30,61267.7,61358.25,61230.45,61280.85,0,0
2025-01-28 14:15:00+05:30,61280.7,61520.75,61246.85,61519.95,0,0
2025-01-28 14:45:00+05:30,61522.4,61542.55,60812.3,60947.55,0,0
2025-01-28 15:15:00+05:30,60949.05,61037.9,60884.15,61029.9,0,0
2025-01-29 09:15:00+05:30,60992.5,61631.3,60965.1,61610.1,0,0
2025-01-29 09:45:00+05:30,61609.25,61781.7,61538.8,61695.95,0,0
2025-01-29 10:15:00+05:30,61693.4,61846.85,61673.95,61746.85,0,0
2025-01-29 10:45:00+05:30,61747.5,61914.3,61731.15,61793.1,0,0
2025-01-29 11:15:00+05:30,61791.6,61817.2,61526.65,61799.4,0,0
2025-01-29 11:45:00+05:30,61797.8,61848.85,61748.35,61748.35,0,0
2025-01-29 12:15:00+05:30,61750.25,61837.75,61730.85,61774.3,0,0
2025-01-29 12:45:00+05:30,61773.9,61809.15,61681.7,61701.9,0,0
2025-01-29 13:15:00+05:30,61701.3,61951.7,61696.5,61901.4,0,0
2025-01-29 13:45:00+05:30,61900.1,61976.15,61893.55,61965.5,0,0
2025-01-29 14:15:00+05:30,61964.25,62000.0,61874.5,61976.15,0,0
2025-01-29 14:45:00+05:30,61975.3,62177.55,61973.35,62168.55,0,0
2025-01-29 15:15:00+05:30,62169.9,62213.45,62117.65,62191.75,0,0
2025-01-30 09:15:00+05:30,62330.5,62601.45,62176.25,62599.45,0,0
2025-01-30 09:45:00+05:30,62599.35,62771.75,62595.6,62662.2,0,0
2025-01-30 10:15:00+05:30,62661.15,62697.75,62483.8,62530.5,0,0
2025-01-30 10:45:00+05:30,62529.1,62534.4,62247.95,62497.5,0,0
2025-01-30 11:15:00+05:30,62494.1,62512.4,62354.9,62431.2,0,0
2025-01-30 11:45:00+05:30,62429.7,62540.8,62364.15,62366.0,0,0
2025-01-30 12:15:00+05:30,62367.4,62486.3,62342.45,62457.95,0,0
2025-01-30 12:45:00+05:30,62456.5,62472.75,62400.75,62409.05,0,0
2025-01-30 13:15:00+05:30,62410.55,62419.45,62141.15,62214.25,0,0
2025-01-30 13:45:00+05:30,62215.0,62229.55,61977.3,61999.7,0,0
2025-01-30 14:15:00+05:30,61999.25,62093.65,61890.85,62085.85,0,0
2025-01-30 14:45:00+05:30,62093.25,62269.15,62060.2,62212.2,0,0
2025-01-30 15:15:00+05:30,62213.25,62300.65,62162.1,62280.2,0,0
2025-01-31 09:15:00+05:30,62303.95,62531.6,62026.05,62515.05,0,0
2025-01-31 09:45:00+05:30,62515.05,62606.0,62388.55,62475.85,0,0
2025-01-31 10:15:00+05:30,62471.5,62794.0,62388.7,62753.7,0,0
2025-01-31 10:45:00+05:30,62751.75,62905.6,62706.0,62894.3,0,0
2025-01-31 11:15:00+05:30,62894.65,62974.15,62793.45,62912.6,0,0
2025-01-31 11:45:00+05:30,62912.85,63049.3,62873.05,63044.8,0,0
2025-01-31 12:15:00+05:30,63046.4,63113.35,62999.85,63073.7,0,0
2025-01-31 12:45:00+05:30,63073.7,63179.65,63054.85,63106.15,0,0
2025-01-31 13:15:00+05:30,63107.05,63254.9,63104.45,63155.45,0,0
2025-01-31 13:45:00+05:30,63156.15,63163.7,62845.65,62865.0,0,0
2025-01-31 14:15:00+05:30,62865.25,63089.75,62765.1,63076.6,0,0
2025-01-31 14:45:00+05:30,63077.45,63118.5,63007.95,63076.75,0,0
2025-01-31 15:15:00+05:30,63074.5,63311.3,63065.5,63269.4,0,0
2025-02-01 09:15:00+05:30,63454.6,63656.35,63277.85,63614.1,0,0
2025-02-01 09:45:00+05:30,63609.0,63645.55,63493.7,63558.9,0,0
2025-02-01 10:15:00+05:30,63556.0,63666.65,63513.45,63618.1,0,0
2025-02-01 10:45:00+05:30,63617.1,63696.85,63231.65,63462.7,0,0
2025-02-01 11:15:00+05:30,63464.3,63679.4,63400.9,63529.3,0,0
2025-02-01 11:45:00+05:30,63529.75,63565.05,62506.55,63185.75,0,0
2025-02-01 12:15:00+05:30,63189.35,63759.65,62811.4,63325.8,0,0
2025-02-01 12:45:00+05:30,63323.5,63390.2,62750.95,62945.65,0,0
2025-02-01 13:15:00+05:30,62946.7,63605.65,62746.55,63605.65,0,0
2025-02-01 13:45:00+05:30,63613.7,63722.7,63444.35,63710.2,0,0
2025-02-01 14:15:00+05:30,63711.45,63804.15,63581.3,63586.7,0,0
2025-02-01 14:45:00+05:30,63591.5,63658.3,63492.4,63551.9,0,0
2025-02-01 15:15:00+05:30,63551.35,63553.3,63360.65,63458.25,0,0
2025-02-03 09:15:00+05:30,63039.85,63039.85,62305.1,62416.0,0,0
2025-02-03 09:45:00+05:30,62413.65,62681.5,62272.1,62516.9,0,0
2025-02-03 10:15:00+05:30,62516.75,62616.95,62384.25,62603.75,0,0
2025-02-03 10:45:00+05:30,62606.35,62790.7,62555.45,62730.4,0,0
2025-02-03 11:15:00+05:30,62731.5,62796.8,62404.6,62503.55,0,0
2025-02-03 11:45:00+05:30,62502.4,62590.95,62453.25,62465.8,0,0
2025-02-03 12:15:00+05:30,62464.85,62466.6,62208.0,62236.3,0,0
2025-02-03 12:45:00+05:30,62236.9,62440.2,62106.75,62437.8,0,0
2025-02-03 13:15:00+05:30,62435.7,62500.2,62271.15,62497.95,0,0
2025-02-03 13:45:00+05:30,62497.3,62532.9,62279.75,62342.3,0,0
2025-02-03 14:15:00+05:30,62343.4,62415.0,62294.3,62370.6,0,0
2025-02-03 14:45:00+05:30,62369.9,62702.2,62258.2,62663.05,0,0
2025-02-03 15:15:00+05:30,62665.75,62697.15,62616.6,62681.6,0,0
2025-02-04 09:15:00+05:30,63302.95,63587.75,63271.45,63530.05,0,0
2025-02-04 09:45:00+05:30,63534.5,63650.1,63396.35,63407.1,0,0
2025-02-04 10:15:00+05:30,63410.0,63462.15,62962.95,63015.4,0,0
2025-02-04 10:45:00+05:30,63015.05,63263.75,62923.05,63243.45,0,0
2025-02-04 11:15:00+05:30,63240.65,63283.75,63184.65,63237.95,0,0
2025-02-04 11:45:00+05:30,63241.8,63346.7,63128.0,63228.05,0,0
2025-02-04 12:15:00+05:30,63228.45,63299.05,63156.3,63279.6,0,0
2025-02-04 12:45:00+05:30,63282.4,63422.6,63245.85,63366.5,0,0
2025-02-04 13:15:00+05:30,63365.95,63453.0,63318.15,63419.95,0,0
2025-02-04 13:45:00+05:30,63421.1,63568.9,63416.8,63476.2,0,0
2025-02-04 14:15:00+05:30,63472.7,63537.0,63379.65,63483.05,0,0
2025-02-04 14:45:00+05:30,63483.0,63674.35,63454.35,63633.05,0,0
2025-02-04 15:15:00+05:30,63639.7,63641.45,63518.1,63554.55,0,0
2025-02-05 09:15:00+05:30,63838.3,64375.3,63833.85,64347.7,0,0
2025-02-05 09:45:00+05:30,64343.9,64347.2,64133.35,64219.1,0,0
2025-02-05 10:15:00+05:30,64221.45,64348.8,64172.95,64331.85,0,0
2025-02-05 10:45:00+05:30,64330.75,64377.5,64196.45,64259.75,0,0
2025-02-05 11:15:00+05:30,64263.65,64312.85,64135.6,64179.65,0,0
2025-02-05 11:45:00+05:30,64177.85,64213.15,64112.95,64138.85,0,0
2025-02-05 12:15:00+05:30,64140.2,64255.8,64125.2,64179.95,0,0
2025-02-05 12:45:00+05:30,64179.2,64335.55,64113.5,64333.4,0,0
2025-02-05 13:15:00+05:30,64334.7,64337.6,64189.7,64191.85,0,0
2025-02-05 13:45:00+05:30,64191.6,64332.2,64171.35,64216.45,0,0
2025-02-05 14:15:00+05:30,64215.5,64297.45,64162.25,64234.75,0,0
2025-02-05 14:45:00+05:30,64232.55,64248.1,63907.05,64045.4,0,0
2025-02-05 15:15:00+05:30,64045.2,64053.25,63951.35,63988.6,0,0
2025-02-06 09:15:00+05:30,64451.3,64458.05,63979.2,64200.95,0,0
2025-02-06 09:45:00+05:30,64198.35,64281.7,64084.4,64085.3,0,0
2025-02-06 10:15:00+05:30,64086.65,64242.0,64076.5,64130.45,0,0
2025-02-06 10:45:00+05:30,64130.25,64151.6,63972.9,64023.1,0,0
2025-02-06 11:15:00+05:30,64024.55,64057.6,63926.25,64055.9,0,0
2025-02-06 11:45:00+05:30,64053.75,64062.75,63883.75,63911.45,0,0
2025-02-06 12:15:00+05:30,63912.15,63938.1,63753.85,63754.95,0,0
2025-02-06 12:45:00+05:30,63758.8,63777.75,63585.5,63712.0,0,0
2025-02-06 13:15:00+05:30,63713.25,63743.45,63599.75,63624.65,0,0
2025-02-06 13:45:00+05:30,63626.85,63632.45,63397.95,63405.95,0,0
2025-02-06 14:15:00+05:30,63406.65,63579.5,63342.7,63548.05,0,0
2025-02-06 14:45:00+05:30,63548.25,63657.95,63444.15,63468.9,0,0
2025-02-06 15:15:00+05:30,63472.6,63541.55,63435.5,63528.4,0,0
2025-02-07 09:15:00+05:30,63653.7,63747.35,63373.75,63508.45,0,0
2025-02-07 09:45:00+05:30,63509.4,63616.6,63247.15,63503.3,0,0
2025-02-07 10:15:00+05:30,63502.8,63517.95,62910.6,63392.0,0,0
2025-02-07 10:45:00+05:30,63390.7,63724.15,63298.05,63689.5,0,0
2025-02-07 11:15:00+05:30,63690.75,63907.35,63672.35,63826.0,0,0
2025-02-07 11:45:00+05:30,63823.25,63826.6,63374.05,63376.1,0,0
2025-02-07 12:15:00+05:30,63373.45,63602.55,63290.8,63582.0,0,0
2025-02-07 12:45:00+05:30,63584.05,63761.3,63500.9,63613.0,0,0
2025-02-07 13:15:00+05:30,63614.15,63734.35,63602.25,63642.0,0,0
2025-02-07 13:45:00+05:30,63639.8,63663.0,63225.85,63250.9,0,0
2025-02-07 14:15:00+05:30,63250.05,63464.7,63185.5,63325.05,0,0
2025-02-07 14:45:00+05:30,63324.0,63624.2,63282.6,63600.15,0,0
2025-02-07 15:15:00+05:30,63604.35,63626.55,63502.0,63526.65,0,0
2025-02-10 09:15:00+05:30,63572.8,64029.1,62738.15,62739.6,0,0
2025-02-10 09:45:00+05:30,62739.45,63036.9,62619.3,62637.65,0,0
2025-02-10 10:15:00+05:30,62640.8,62734.2,62555.2,62629.65,0,0
2025-02-10 10:45:00+05:30,62631.0,62658.75,62514.35,62609.7,0,0
2025-02-10 11:15:00+05:30,62608.0,62614.35,62450.9,62511.85,0,0
2025-02-10 11:45:00+05:30,62513.95,62596.15,62241.95,62337.75,0,0
2025-02-10 12:15:00+05:30,62342.55,62404.2,62240.0,62370.75,0,0
2025-02-10 12:45:00+05:30,62374.75,62443.55,62252.1,62336.8,0,0
2025-02-10 13:15:00+05:30,62342.0,62349.6,62226.1,62320.15,0,0
2025-02-10 13:45:00+05:30,62319.55,62430.35,62171.95,62174.95,0,0
2025-02-10 14:15:00+05:30,62181.5,62452.75,62156.1,62404.3,0,0
2025-02-10 14:45:00+05:30,62404.55,62548.6,62348.3,62373.35,0,0
2025-02-10 15:15:00+05:30,62373.05,62394.05,62310.35,62318.55,0,0
2025-02-11 09:15:00+05:30,62374.25,62521.75,61569.95,61834.2,0,0
2025-02-11 09:45:00+05:30,61830.55,61840.4,61337.4,61353.55,0,0
2025-02-11 10:15:00+05:30,61354.5,61456.4,61205.55,61230.6,0,0
2025-02-11 10:45:00+05:30,61229.5,61319.85,61132.85,61168.2,0,0
2025-02-11 11:15:00+05:30,61168.65,61294.45,61043.5,61176.15,0,0
2025-02-11 11:45:00+05:30,61174.8,61246.05,61105.9,61147.5,0,0
2025-02-11 12:15:00+05:30,61147.7,61147.7,61004.2,61067.15,0,0
2025-02-11 12:45:00+05:30,61072.65,61086.0,60585.85,60590.0,0,0
2025-02-11 13:15:00+05:30,60587.85,60910.45,60574.75,60902.85,0,0
2025-02-11 13:45:00+05:30,60902.35,60919.35,60577.7,60760.85,0,0
2025-02-11 14:15:00+05:30,60761.75,60766.1,60589.8,60674.4,0,0
2025-02-11 14:45:00+05:30,60674.45,60967.35,60674.45,60832.85,0,0
2025-02-11 15:15:00+05:30,60833.6,60860.85,60730.6,60768.15,0,0
2025-02-12 09:15:00+05:30,60793.7,60830.05,59545.4,59578.15,0,0
2025-02-12 09:45:00+05:30,59574.7,59599.2,59233.85,59294.1,0,0
2025-02-12 10:15:00+05:30,59294.4,60181.25,59151.9,59991.9,0,0
2025-02-12 10:45:00+05:30,59997.55,60443.2,59997.55,60363.6,0,0
2025-02-12 11:15:00+05:30,60362.4,60744.75,60267.2,60744.75,0,0
2025-02-12 11:45:00+05:30,60746.7,60973.7,60617.65,60771.9,0,0
2025-02-12 12:15:00+05:30,60773.9,60959.7,60623.75,60831.85,0,0
2025-02-12 12:45:00+05:30,60837.9,61157.5,60837.9,61115.3,0,0
2025-02-12 13:15:00+05:30,61115.65,61136.45,60770.15,60934.35,0,0
2025-02-12 13:45:00+05:30,60933.45,60934.1,60433.9,60546.25,0,0
2025-02-12 14:15:00+05:30,60540.55,60655.6,60432.9,60564.1,0,0
2025-02-12 14:45:00+05:30,60566.55,60879.0,60452.55,60857.0,0,0
2025-02-12 15:15:00+05:30,60861.0,60904.75,60815.3,60894.35,0,0
2025-02-13 09:15:00+05:30,60975.7,61482.85,60895.85,61428.3,0,0
2025-02-13 09:45:00+05:30,61428.6,61637.8,61428.6,61530.25,0,0
2025-02-13 10:15:00+05:30,61532.05,61606.05,61353.65,61512.4,0,0
2025-02-13 10:45:00+05:30,61512.7,61600.0,61419.6,61553.5,0,0
2025-02-13 11:15:00+05:30,61554.0,61561.65,61428.9,61543.1,0,0
2025-02-13 11:45:00+05:30,61542.3,61738.9,61467.95,61489.9,0,0
2025-02-13 12:15:00+05:30,61489.0,61614.95,61450.8,61517.05,0,0
2025-02-13 12:45:00+05:30,61513.4,61544.35,61365.55,61365.55,0,0
2025-02-13 13:15:00+05:30,61368.8,61466.7,61039.6,61190.55,0,0
2025-02-13 13:45:00+05:30,61186.75,61188.7,60981.95,61048.6,0,0
2025-02-13 14:15:00+05:30,61045.6,61067.5,60827.05,60917.75,0,0
2025-02-13 14:45:00+05:30,60917.85,61092.0,60894.15,60941.5,0,0
2025-02-13 15:15:00+05:30,60940.55,60989.5,60853.75,60878.0,0,0
2025-02-14 09:15:00+05:30,61145.5,61239.8,60427.0,60668.25,0,0
2025-02-14 09:45:00+05:30,60667.05,60797.1,60433.5,60454.15,0,0
2025-02-14 10:15:00+05:30,60455.6,60579.05,60023.5,60030.35,0,0
2025-02-14 10:45:00+05:30,60026.45,60055.05,59683.95,59940.9,0,0
2025-02-14 11:15:00+05:30,59936.85,59939.4,59644.45,59875.85,0,0
2025-02-14 11:45:00+05:30,59874.8,60074.2,59686.3,59698.5,0,0
2025-02-14 12:15:00+05:30,59698.5,59811.05,59580.3,59637.3,0,0
2025-02-14 12:45:00+05:30,59639.35,59694.45,59348.4,59415.15,0,0
2025-02-14 13:15:00+05:30,59412.95,59648.25,59330.5,59370.05,0,0
2025-02-14 13:45:00+05:30,59370.35,59397.2,59066.85,59122.0,0,0
2025-02-14 14:15:00+05:30,59121.65,59919.5,59116.6,59894.25,0,0
2025-02-14 14:45:00+05:30,59891.0,59905.85,59537.5,59591.8,0,0
2025-02-14 15:15:00+05:30,59592.9,59593.55,59403.9,59449.7,0,0
2025-02-17 09:15:00+05:30,59221.95,59390.7,58230.9,59048.8,0,0
2025-02-17 09:45:00+05:30,59043.2,59136.05,58708.9,58770.55,0,0
2025-02-17 10:15:00+05:30,58768.85,59461.4,58736.15,59454.6,0,0
2025-02-17 10:45:00+05:30,59460.75,59527.55,58907.9,58945.7,0,0
2025-02-17 11:15:00+05:30,58946.95,59102.3,58875.95,59060.9,0,0
2025-02-17 11:45:00+05:30,59061.05,59191.85,58914.15,58954.25,0,0
2025-02-17 12:15:00+05:30,58951.95,59091.05,58833.45,59045.8,0,0
2025-02-17 12:45:00+05:30,59045.25,59210.15,59012.1,59021.15,0,0
2025-02-17 13:15:00+05:30,59021.65,59435.25,58948.75,59415.15,0,0
2025-02-17 13:45:00+05:30,59413.4,59431.6,58995.8,59106.9,0,0
2025-02-17 14:15:00+05:30,59108.7,59268.0,59102.3,59213.6,0,0
2025-02-17 14:45:00+05:30,59213.85,59502.55,59193.3,59499.2,0,0
2025-02-17 15:15:00+05:30,59496.4,59551.5,59402.3,59525.0,0,0
2025-02-18 09:15:00+05:30,59567.5,59673.55,58784.25,59041.9,0,0
2025-02-18 09:45:00+05:30,59038.75,59297.85,58988.25,59037.1,0,0
2025-02-18 10:15:00+05:30,59036.05,59136.05,58895.6,59099.35,0,0
2025-02-18 10:45:00+05:30,59097.7,59295.5,58923.85,59010.9,0,0
2025-02-18 11:15:00+05:30,59008.05,59135.4,58954.05,59119.1,0,0
2025-02-18 11:45:00+05:30,59120.6,59253.15,58975.8,59037.2,0,0
2025-02-18 12:15:00+05:30,59039.05,59156.3,58970.35,58978.3,0,0
2025-02-18 12:45:00+05:30,58977.35,59000.4,58809.8,58918.6,0,0
2025-02-18 13:15:00+05:30,58919.1,59153.85,58915.9,59094.3,0,0
2025-02-18 13:45:00+05:30,59094.45,59172.6,58997.95,59088.35,0,0
2025-02-18 14:15:00+05:30,59086.85,59356.9,59032.75,59332.75,0,0
2025-02-18 14:45:00+05:30,59333.95,59561.15,59305.75,59462.4,0,0
2025-02-18 15:15:00+05:30,59468.9,59472.0,59302.25,59311.65,0,0
2025-02-19 09:15:00+05:30,59074.5,59764.7,58798.75,59713.25,0,0
2025-02-19 09:45:00+05:30,59715.7,60137.1,59715.7,59997.55,0,0
2025-02-19 10:15:00+05:30,60001.15,60222.65,60001.15,60130.0,0,0
2025-02-19 10:45:00+05:30,60132.1,60156.85,59643.25,59959.95,0,0
2025-02-19 11:15:00+05:30,59959.85,60087.75,59905.6,60018.05,0,0
2025-02-19 11:45:00+05:30,60027.0,60229.35,60018.9,60201.6,0,0
2025-02-19 12:15:00+05:30,60199.9,60273.25,60037.8,60071.45,0,0
2025-02-19 12:45:00+05:30,60072.0,60132.65,59939.35,60035.5,0,0
2025-02-19 13:15:00+05:30,60035.3,60090.85,59942.0,59974.2,0,0
2025-02-19 13:45:00+05:30,59973.85,60158.55,59956.65,60140.6,0,0
2025-02-19 14:15:00+05:30,60140.95,60144.3,59796.15,59980.25,0,0
2025-02-19 14:45:00+05:30,59979.35,60215.6,59973.75,60201.05,0,0
2025-02-19 15:15:00+05:30,60199.9,60200.95,60120.6,60142.55,0,0
2025-02-20 09:15:00+05:30,59946.45,60406.45,59769.45,60383.75,0,0
2025-02-20 09:45:00+05:30,60383.0,60440.45,60176.95,60356.7,0,0
2025-02-20 10:15:00+05:30,60359.4,60542.15,60355.6,60512.15,0,0
2025-02-20 10:45:00+05:30,60514.8,60805.4,60480.55,60802.75,0,0
2025-02-20 11:15:00+05:30,60801.0,60835.55,60732.75,60816.6,0,0
2025-02-20 11:45:00+05:30,60816.25,60819.95,60689.75,60748.9,0,0
2025-02-20 12:15:00+05:30,60745.95,60841.9,60734.0,60773.3,0,0
2025-02-20 12:45:00+05:30,60773.5,60829.85,60685.85,60709.45,0,0
2025-02-20 13:15:00+05:30,60709.35,60860.15,60665.15,60859.25,0,0
2025-02-20 13:45:00+05:30,60860.65,61035.85,60860.0,60989.4,0,0
2025-02-20 14:15:00+05:30,60991.75,61054.7,60982.9,61013.35,0,0
2025-02-20 14:45:00+05:30,61013.05,61066.05,60979.85,61055.9,0,0
2025-02-20 15:15:00+05:30,61054.25,61073.25,61014.7,61044.6,0,0
2025-02-21 09:15:00+05:30,60973.45,61417.55,60918.95,61021.1,0,0
2025-02-21 09:45:00+05:30,61019.95,61154.4,60448.25,60449.1,0,0
2025-02-21 10:15:00+05:30,60447.65,60683.75,60351.05,60624.95,0,0
2025-02-21 10:45:00+05:30,60630.35,60644.85,60341.35,60439.55,0,0
2025-02-21 11:15:00+05:30,60442.85,60754.95,60365.95,60664.15,0,0
2025-02-21 11:45:00+05:30,60665.65,60688.05,60443.85,60514.1,0,0
2025-02-21 12:15:00+05:30,60511.95,60716.55,60500.1,60668.4,0,0
2025-02-21 12:45:00+05:30,60664.25,60736.5,60483.1,60590.55,0,0
2025-02-21 13:15:00+05:30,60591.3,60644.2,60292.4,60335.15,0,0
2025-02-21 13:45:00+05:30,60337.2,60466.7,60246.35,60447.7,0,0
2025-02-21 14:15:00+05:30,60450.35,60509.4,60351.8,60417.4,0,0
2025-02-21 14:45:00+05:30,60418.85,60569.8,60407.75,60551.9,0,0
2025-02-21 15:15:00+05:30,60554.95,60557.7,60318.95,60346.35,0,0
2025-02-24 09:15:00+05:30,59850.3,59946.2,59535.3,59632.65,0,0
2025-02-24 09:45:00+05:30,59632.05,59959.6,59609.9,59854.95,0,0
2025-02-24 10:15:00+05:30,59854.6,59920.8,59728.15,59766.3,0,0
2025-02-24 10:45:00+05:30,59766.65,59853.55,59731.25,59799.0,0,0
2025-02-24 11:15:00+05:30,59795.45,59989.9,59745.65,59980.0,0,0
2025-02-24 11:45:00+05:30,59980.65,60062.9,59752.9,59809.35,0,0
2025-02-24 12:15:00+05:30,59807.55,59914.5,59778.75,59830.15,0,0
2025-02-24 12:45:00+05:30,59829.95,59947.15,59827.85,59890.6,0,0
2025-02-24 13:15:00+05:30,59888.55,59914.5,59687.4,59692.45,0,0
2025-02-24 13:45:00+05:30,59691.05,59831.95,59644.8,59746.4,0,0
2025-02-24 14:15:00+05:30,59745.95,59894.6,59721.1,59880.75,0,0
2025-02-24 14:45:00+05:30,59878.25,59932.75,59770.9,59781.35,0,0
2025-02-24 15:15:00+05:30,59780.2,59782.35,59691.85,59755.75,0,0
2025-02-25 09:15:00+05:30,59790.4,60010.55,59393.95,59952.55,0,0
2025-02-25 09:45:00+05:30,59951.85,60057.9,59758.0,59821.85,0,0
2025-02-25 10:15:00+05:30,59823.6,59854.35,59620.8,59722.35,0,0
2025-02-25 10:45:00+05:30,59721.4,59722.1,59587.55,59678.05,0,0
2025-02-25 11:15:00+05:30,59676.25,59691.4,59492.1,59617.95,0,0
2025-02-25 11:45:00+05:30,59619.45,59637.25,59405.9,59523.45,0,0
2025-02-25 12:15:00+05:30,59518.8,59561.35,59471.9,59475.8,0,0
2025-02-25 12:45:00+05:30,59477.0,59571.1,59465.05,59529.35,0,0
2025-02-25 13:15:00+05:30,59529.2,59541.9,59442.15,59515.35,0,0
2025-02-25 13:45:00+05:30,59515.9,59549.55,59454.65,59471.8,0,0
2025-02-25 14:15:00+05:30,59472.15,59476.2,59378.5,59394.65,0,0
2025-02-25 14:45:00+05:30,59395.6,59429.1,59317.35,59335.5,0,0
2025-02-25 15:15:00+05:30,59343.15,59344.25,59251.35,59260.55,0,0
2025-02-27 09:15:00+05:30,59368.4,59572.75,59045.25,59057.3,0,0
2025-02-27 09:45:00+05:30,59056.65,59148.0,58926.5,59064.4,0,0
2025-02-27 10:15:00+05:30,59068.35,59147.3,59005.05,59126.15,0,0
2025-02-27 10:45:00+05:30,59124.15,59175.0,59016.55,59045.5,0,0
2025-02-27 11:15:00+05:30,59046.65,59059.8,58898.55,58900.05,0,0
2025-02-27 11:45:00+05:30,58899.2,58903.3,58736.05,58755.1,0,0
2025-02-27 12:15:00+05:30,58753.45,58867.05,58726.85,58846.25,0,0
2025-02-27 12:45:00+05:30,58846.65,58866.95,58764.45,58764.5,0,0
2025-02-27 13:15:00+05:30,58762.75,58820.55,58709.15,58720.75,0,0
2025-02-27 13:45:00+05:30,58720.45,58747.0,58656.7,58664.0,0,0
2025-02-27 14:15:00+05:30,58665.75,58775.45,58617.35,58618.15,0,0
2025-02-27 14:45:00+05:30,58618.6,58857.45,58615.0,58805.9,0,0
2025-02-27 15:15:00+05:30,58803.95,58808.55,58658.7,58679.45,0,0
2025-02-28 09:15:00+05:30,58275.5,58370.6,57562.5,57697.0,0,0
2025-02-28 09:45:00+05:30,57693.2,57857.0,57510.65,57762.35,0,0
2025-02-28 10:15:00+05:30,57765.3,57977.2,57759.15,57882.9,0,0
2025-02-28 10:45:00+05:30,57882.3,57924.45,57608.35,57608.35,0,0
2025-02-28 11:15:00+05:30,57607.55,57766.85,57519.05,57521.15,0,0
2025-02-28 11:45:00+05:30,57520.55,57523.3,57231.55,57299.0,0,0
2025-02-28 12:15:00+05:30,57298.4,57432.2,57055.7,57068.45,0,0
2025-02-28 12:45:00+05:30,57068.85,57101.75,56898.35,57036.1,0,0
2025-02-28 13:15:00+05:30,57035.95,57115.6,56956.1,57015.05,0,0
2025-02-28 13:45:00+05:30,57012.75,57129.05,56878.05,56982.7,0,0
2025-02-28 14:15:00+05:30,56983.6,57102.6,56868.45,57102.6,0,0
2025-02-28 14:45:00+05:30,57108.8,57247.85,57014.25,57054.25,0,0
2025-02-28 15:15:00+05:30,57053.9,57141.2,56958.95,57094.45,0,0
2025-03-03 09:15:00+05:30,57261.7,57669.3,56767.45,56777.9,0,0
2025-03-03 09:45:00+05:30,56777.1,56879.35,56192.45,56244.05,0,0
2025-03-03 10:15:00+05:30,56239.9,56815.2,56217.15,56473.3,0,0
2025-03-03 10:45:00+05:30,56468.95,56648.6,56346.8,56466.85,0,0
2025-03-03 11:15:00+05:30,56464.1,56547.95,56337.45,56393.45,0,0
2025-03-03 11:45:00+05:30,56393.7,56678.25,56361.5,56678.15,0,0
2025-03-03 12:15:00+05:30,56676.65,57081.35,56562.85,57071.35,0,0
2025-03-03 12:45:00+05:30,57070.4,57581.65,57070.4,57581.65,0,0
2025-03-03 13:15:00+05:30,57580.95,57721.15,57340.55,57587.2,0,0
2025-03-03 13:45:00+05:30,57588.25,57755.25,57401.1,57587.45,0,0
2025-03-03 14:15:00+05:30,57587.95,57778.45,57502.2,57768.0,0,0
2025-03-03 14:45:00+05:30,57771.05,57798.6,57587.35,57654.1,0,0
2025-03-03 15:15:00+05:30,57654.7,57700.45,57604.9,57682.15,0,0
2025-03-04 09:15:00+05:30,57135.3,57718.95,56741.4,57674.6,0,0
2025-03-04 09:45:00+05:30,57674.5,57999.2,57594.8,57743.8,0,0
2025-03-04 10:15:00+05:30,57741.25,57986.25,57741.25,57845.4,0,0
2025-03-04 10:45:00+05:30,57844.5,58059.25,57842.15,57967.05,0,0
2025-03-04 11:15:00+05:30,57967.3,57982.35,57815.35,57815.35,0,0
2025-03-04 11:45:00+05:30,57819.35,57849.7,57668.0,57758.9,0,0
2025-03-04 12:15:00+05:30,57758.1,57944.4,57719.5,57817.45,0,0
2025-03-04 12:45:00+05:30,57817.25,57848.85,57635.5,57781.5,0,0
2025-03-04 13:15:00+05:30,57781.2,57832.5,57675.4,57702.1,0,0
2025-03-04 13:45:00+05:30,57700.05,58106.4,57684.05,58019.8,0,0
2025-03-04 14:15:00+05:30,58021.7,58085.1,57964.25,58028.6,0,0
2025-03-04 14:45:00+05:30,58027.95,58168.95,57939.35,57958.05,0,0
2025-03-04 15:15:00+05:30,57959.15,57988.6,57879.6,57943.05,0,0
2025-03-05 09:15:00+05:30,57943.25,58901.2,57943.25,58873.4,0,0
2025-03-05 09:45:00+05:30,58872.65,58950.6,58692.5,58718.95,0,0
2025-03-05 10:15:00+05:30,58719.55,59043.2,58550.45,59038.25,0,0
2025-03-05 10:45:00+05:30,59040.85,59116.6,58954.05,59060.15,0,0
2025-03-05 11:15:00+05:30,59059.4,59315.15,58999.95,59281.95,0,0
2025-03-05 11:45:00+05:30,59280.1,59330.7,59194.3,59278.65,0,0
2025-03-05 12:15:00+05:30,59279.8,59377.45,59271.7,59289.45,0,0
2025-03-05 12:45:00+05:30,59287.6,59304.15,59181.55,59270.3,0,0
2025-03-05 13:15:00+05:30,59269.7,59370.0,59220.1,59250.15,0,0
2025-03-05 13:45:00+05:30,59248.7,59334.15,59233.0,59325.7,0,0
2025-03-05 14:15:00+05:30,59325.0,59376.05,59209.15,59373.75,0,0
2025-03-05 14:45:00+05:30,59372.85,59483.2,59361.65,59427.15,0,0
2025-03-05 15:15:00+05:30,59428.85,59451.75,59395.0,59437.45,0,0
2025-03-06 09:15:00+05:30,60134.8,60350.05,59889.5,60228.15,0,0
2025-03-06 09:45:00+05:30,60226.25,60257.05,59934.2,60126.95,0,0
2025-03-06 10:15:00+05:30,60125.2,60245.5,60066.35,60180.85,0,0
2025-03-06 10:45:00+05:30,60179.4,60216.25,59968.35,60173.7,0,0
2025-03-06 11:15:00+05:30,60174.5,60185.2,59844.1,60051.55,0,0
2025-03-06 11:45:00+05:30,60050.2,60141.1,60041.95,60092.55,0,0
2025-03-06 12:15:00+05:30,60090.65,60272.75,60079.75,60215.4,0,0
2025-03-06 12:45:00+05:30,60215.7,60271.15,60161.5,60201.55,0,0
2025-03-06 13:15:00+05:30,60201.4,60335.25,60175.7,60295.95,0,0
2025-03-06 13:45:00+05:30,60296.75,60323.95,60231.45,60231.45,0,0
2025-03-06 14:15:00+05:30,60231.65,60263.65,60151.8,60182.0,0,0
2025-03-06 14:45:00+05:30,60181.15,60202.7,60121.8,60153.3,0,0
2025-03-06 15:15:00+05:30,60152.75,60161.7,60000.3,60034.25,0,0
2025-03-07 09:15:00+05:30,60113.7,60339.05,59818.3,60214.4,0,0
2025-03-07 09:45:00+05:30,60215.85,60358.5,60045.25,60334.4,0,0
2025-03-07 10:15:00+05:30,60335.25,60391.9,60267.35,60344.1,0,0
2025-03-07 10:45:00+05:30,60345.3,60355.25,60171.85,60263.05,0,0
2025-03-07 11:15:00+05:30,60261.7,60318.05,60205.6,60251.95,0,0
2025-03-07 11:45:00+05:30,60248.35,60249.2,59769.95,59794.95,0,0
2025-03-07 12:15:00+05:30,59794.25,59926.7,59673.65,59913.7,0,0
2025-03-07 12:45:00+05:30,59913.65,59915.6,59729.45,59764.75,0,0
2025-03-07 13:15:00+05:30,59766.15,59944.5,59766.15,59906.15,0,0
2025-03-07 13:45:00+05:30,59905.95,59905.95,59753.2,59832.6,0,0
2025-03-07 14:15:00+05:30,59832.8,60025.0,59830.2,60014.25,0,0
2025-03-07 14:45:00+05:30,60013.6,60056.1,59864.65,59872.15,0,0
2025-03-07 15:15:00+05:30,59870.0,59870.3,59761.3,59801.8,0,0
2025-03-10 09:15:00+05:30,59900.75,60318.15,59649.95,60114.65,0,0
2025-03-10 09:45:00+05:30,60114.8,60240.35,59886.2,60005.8,0,0
2025-03-10 10:15:00+05:30,60004.3,60040.95,59894.35,60040.8,0,0
2025-03-10 10:45:00+05:30,60040.75,60123.05,59868.6,59879.65,0,0
2025-03-10 11:15:00+05:30,59879.2,59985.5,59866.55,59978.2,0,0
2025-03-10 11:45:00+05:30,59981.1,59984.35,59631.95,59642.85,0,0
2025-03-10 12:15:00+05:30,59641.55,59685.9,59532.55,59628.1,0,0
2025-03-10 12:45:00+05:30,59629.35,59722.2,59611.25,59702.5,0,0
2025-03-10 13:15:00+05:30,59703.2,59705.35,59537.55,59538.55,0,0
2025-03-10 13:45:00+05:30,59540.6,59540.6,59404.55,59408.85,0,0
2025-03-10 14:15:00+05:30,59407.15,59407.15,59015.95,59032.2,0,0
2025-03-10 14:45:00+05:30,59031.05,59115.45,59005.05,59017.6,0,0
2025-03-10 15:15:00+05:30,59018.55,59024.85,58854.4,58875.3,0,0
2025-03-11 09:15:00+05:30,58351.45,58792.3,58162.4,58639.25,0,0
2025-03-11 09:45:00+05:30,58635.8,58893.15,58518.75,58823.95,0,0
2025-03-11 10:15:00+05:30,58824.3,58943.75,58623.25,58908.5,0,0
2025-03-11 10:45:00+05:30,58906.5,59269.7,58858.0,59068.1,0,0
2025-03-11 11:15:00+05:30,59069.25,59081.1,58787.4,58854.35,0,0
2025-03-11 11:45:00+05:30,58854.55,58989.6,58845.3,58957.9,0,0
2025-03-11 12:15:00+05:30,58959.05,58977.65,58829.05,58921.0,0,0
2025-03-11 12:45:00+05:30,58922.9,58938.3,58737.05,58737.85,0,0
2025-03-11 13:15:00+05:30,58736.95,58990.1,58673.8,58978.1,0,0
2025-03-11 13:45:00+05:30,58978.65,59135.95,58949.35,59114.45,0,0
2025-03-11 14:15:00+05:30,59115.2,59337.7,59114.75,59231.25,0,0
2025-03-11 14:45:00+05:30,59230.55,59331.2,59147.75,59209.4,0,0
2025-03-11 15:15:00+05:30,59212.25,59469.4,59198.25,59417.75,0,0
2025-03-12 09:15:00+05:30,59502.0,59751.9,59267.35,59469.95,0,0
2025-03-12 09:45:00+05:30,59469.05,59524.05,59028.25,59043.75,0,0
2025-03-12 10:15:00+05:30,59042.1,59137.9,58988.15,59122.45,0,0
2025-03-12 10:45:00+05:30,59123.35,59123.35,58827.85,58922.15,0,0
2025-03-12 11:15:00+05:30,58920.45,58934.9,58554.55,58603.2,0,0
2025-03-12 11:45:00+05:30,58604.95,58729.7,58566.0,58710.0,0,0
2025-03-12 12:15:00+05:30,58708.05,58751.5,58570.5,58620.55,0,0
2025-03-12 12:45:00+05:30,58620.0,58856.9,58557.0,58849.65,0,0
2025-03-12 13:15:00+05:30,58850.4,59054.15,58849.7,58908.05,0,0
2025-03-12 13:45:00+05:30,58907.5,59023.65,58844.95,59016.65,0,0
2025-03-12 14:15:00+05:30,59019.85,59234.85,59019.0,59098.95,0,0
2025-03-12 14:45:00+05:30,59098.25,59388.65,59092.45,59307.1,0,0
2025-03-12 15:15:00+05:30,59307.2,59307.8,59227.25,59268.65,0,0
2025-03-13 09:15:00+05:30,59618.9,59679.45,59230.8,59423.45,0,0
2025-03-13 09:45:00+05:30,59423.6,59685.65,59423.6,59683.7,0,0
2025-03-13 10:15:00+05:30,59682.75,59883.55,59682.75,59731.45,0,0
2025-03-13 10:45:00+05:30,59732.95,59735.35,59473.15,59614.0,0,0
2025-03-13 11:15:00+05:30,59614.95,59615.05,59292.9,59345.1,0,0
2025-03-13 11:45:00+05:30,59347.65,59407.7,59259.55,59404.65,0,0
2025-03-13 12:15:00+05:30,59406.15,59453.15,59346.35,59426.7,0,0
2025-03-13 12:45:00+05:30,59427.6,59486.7,59308.25,59313.85,0,0
2025-03-13 13:15:00+05:30,59312.85,59380.55,59247.35,59342.05,0,0
2025-03-13 13:45:00+05:30,59342.4,59349.5,59223.5,59228.15,0,0
2025-03-13 14:15:00+05:30,59227.6,59232.05,59040.25,59128.15,0,0
2025-03-13 14:45:00+05:30,59125.65,59151.1,58914.15,58970.85,0,0
2025-03-13 15:15:00+05:30,58974.5,59009.2,58948.4,58950.75,0,0
2025-03-17 09:15:00+05:30,59056.6,59583.1,59006.15,59401.75,0,0
2025-03-17 09:45:00+05:30,59403.1,59513.05,59313.8,59349.15,0,0
2025-03-17 10:15:00+05:30,59350.0,59368.9,59139.9,59212.7,0,0
2025-03-17 10:45:00+05:30,59215.35,59424.35,59213.15,59321.45,0,0
2025-03-17 11:15:00+05:30,59325.9,59544.0,59316.55,59494.7,0,0
2025-03-17 11:45:00+05:30,59495.4,59518.25,59316.0,59425.05,0,0
2025-03-17 12:15:00+05:30,59425.5,59426.9,59166.45,59244.1,0,0
2025-03-17 12:45:00+05:30,59244.55,59277.3,59164.3,59240.15,0,0
2025-03-17 13:15:00+05:30,59238.6,59451.05,59233.3,59429.55,0,0
2025-03-17 13:45:00+05:30,59431.15,59501.85,59347.05,59480.65,0,0
2025-03-17 14:15:00+05:30,59479.95,59480.75,59306.35,59334.3,0,0
2025-03-17 14:45:00+05:30,59334.7,59447.75,59332.75,59403.6,0,0
2025-03-17 15:15:00+05:30,59403.05,59456.3,59395.5,59443.4,0,0
2025-03-18 09:15:00+05:30,59793.5,60176.55,59677.3,60150.95,0,0
2025-03-18 09:45:00+05:30,60151.95,60344.8,60090.8,60280.75,0,0
2025-03-18 10:15:00+05:30,60282.55,60332.7,60235.5,60326.4,0,0
2025-03-18 10:45:00+05:30,60330.3,60367.9,60239.75,60359.7,0,0
2025-03-18 11:15:00+05:30,60360.05,60537.9,60341.2,60490.75,0,0
2025-03-18 11:45:00+05:30,60491.85,60524.05,60452.0,60490.6,0,0
2025-03-18 12:15:00+05:30,60490.3,60532.75,60317.1,60322.7,0,0
2025-03-18 12:45:00+05:30,60320.8,60557.75,60309.85,60554.7,0,0
2025-03-18 13:15:00+05:30,60554.0,60647.75,60544.65,60632.9,0,0
2025-03-18 13:45:00+05:30,60632.7,60706.85,60613.8,60695.45,0,0
2025-03-18 14:15:00+05:30,60694.2,60805.7,60686.55,60802.95,0,0
2025-03-18 14:45:00+05:30,60802.6,60994.05,60799.1,60987.6,0,0
2025-03-18 15:15:00+05:30,60992.9,61049.2,60950.7,61016.25,0,0
2025-03-19 09:15:00+05:30,61205.05,61424.95,60989.75,61372.25,0,0
2025-03-19 09:45:00+05:30,61374.8,61578.65,61319.45,61500.15,0,0
2025-03-19 10:15:00+05:30,61502.2,61674.15,61501.5,61673.45,0,0
2025-03-19 10:45:00+05:30,61673.55,61732.6,61584.6,61710.0,0,0
2025-03-19 11:15:00+05:30,61710.65,61777.15,61624.05,61745.7,0,0
2025-03-19 11:45:00+05:30,61747.95,61848.5,61696.75,61786.0,0,0
2025-03-19 12:15:00+05:30,61784.4,61959.55,61782.6,61914.5,0,0
2025-03-19 12:45:00+05:30,61915.0,62062.45,61811.9,61881.0,0,0
2025-03-19 13:15:00+05:30,61880.6,61985.15,61867.05,61908.9,0,0
2025-03-19 13:45:00+05:30,61907.75,61909.35,61810.2,61846.6,0,0
2025-03-19 14:15:00+05:30,61844.95,62049.85,61841.05,62045.15,0,0
2025-03-19 14:45:00+05:30,62046.8,62095.2,61944.65,61973.5,0,0
2025-03-19 15:15:00+05:30,61976.85,61977.55,61890.65,61923.95,0,0
2025-03-20 09:15:00+05:30,62373.65,62553.1,62229.45,62316.0,0,0
2025-03-20 09:45:00+05:30,62317.35,62318.8,61717.45,61777.15,0,0
2025-03-20 10:15:00+05:30,61775.75,62130.75,61749.65,62038.05,0,0
2025-03-20 10:45:00+05:30,62039.25,62227.35,61970.95,62227.35,0,0
2025-03-20 11:15:00+05:30,62227.75,62245.9,62088.95,62171.55,0,0
2025-03-20 11:45:00+05:30,62173.5,62266.25,62152.3,62263.35,0,0
2025-03-20 12:15:00+05:30,62265.55,62378.2,62265.35,62369.2,0,0
2025-03-20 12:45:00+05:30,62368.8,62399.1,62230.2,62317.8,0,0
2025-03-20 13:15:00+05:30,62318.0,62344.65,62248.95,62338.7,0,0
2025-03-20 13:45:00+05:30,62339.95,62379.55,62303.85,62330.45,0,0
2025-03-20 14:15:00+05:30,62331.0,62404.2,62280.35,62349.9,0,0
2025-03-20 14:45:00+05:30,62347.25,62368.3,62308.4,62334.15,0,0
2025-03-20 15:15:00+05:30,62334.9,62340.85,62266.2,62276.55,0,0
2025-03-21 09:15:00+05:30,62319.4,62966.9,62214.15,62955.35,0,0
2025-03-21 09:45:00+05:30,62955.4,62956.1,62684.1,62794.7,0,0
2025-03-21 10:15:00+05:30,62793.15,63013.95,62781.05,62971.85,0,0
2025-03-21 10:45:00+05:30,62975.25,63042.05,62846.5,62851.5,0,0
2025-03-21 11:15:00+05:30,62850.2,62967.65,62793.6,62803.9,0,0
2025-03-21 11:45:00+05:30,62800.0,63011.65,62784.25,62988.3,0,0
2025-03-21 12:15:00+05:30,62987.55,63063.1,62969.3,63009.75,0,0
2025-03-21 12:45:00+05:30,63011.1,63059.95,62899.75,62912.55,0,0
2025-03-21 13:15:00+05:30,62908.0,62917.75,62711.65,62783.8,0,0
2025-03-21 13:45:00+05:30,62782.9,62855.75,62563.95,62839.8,0,0
2025-03-21 14:15:00+05:30,62841.8,63029.3,62831.65,62936.45,0,0
2025-03-21 14:45:00+05:30,62935.95,62951.2,62819.05,62869.25,0,0
2025-03-21 15:15:00+05:30,62870.85,62951.5,62809.95,62933.3,0,0
2025-03-24 09:15:00+05:30,63373.05,63708.0,63114.85,63340.1,0,0
2025-03-24 09:45:00+05:30,63342.4,63597.35,63260.15,63500.1,0,0
2025-03-24 10:15:00+05:30,63502.4,63556.05,63458.5,63526.05,0,0
2025-03-24 10:45:00+05:30,63526.45,63604.2,63487.85,63569.8,0,0
2025-03-24 11:15:00+05:30,63569.2,63635.35,63459.7,63485.95,0,0
2025-03-24 11:45:00+05:30,63486.15,63621.3,63482.25,63617.6,0,0
2025-03-24 12:15:00+05:30,63616.9,63688.05,63610.9,63669.65,0,0
2025-03-24 12:45:00+05:30,63669.5,63707.55,63625.3,63706.8,0,0
2025-03-24 13:15:00+05:30,63703.0,63760.75,63667.35,63726.1,0,0
2025-03-24 13:45:00+05:30,63726.1,63768.6,63670.75,63761.45,0,0
2025-03-24 14:15:00+05:30,63760.95,63794.6,63688.6,63721.2,0,0
2025-03-24 14:45:00+05:30,63721.55,63777.6,63560.35,63617.35,0,0
2025-03-24 15:15:00+05:30,63620.35,63732.25,63604.85,63727.85,0,0
2025-03-25 09:15:00+05:30,64133.3,64141.3,63425.2,63804.75,0,0
2025-03-25 09:45:00+05:30,63807.25,63943.9,63293.65,63294.7,0,0
2025-03-25 10:15:00+05:30,63294.25,63411.4,63075.75,63227.2,0,0
2025-03-25 10:45:00+05:30,63229.95,63245.2,63014.85,63091.75,0,0
2025-03-25 11:15:00+05:30,63091.05,63124.85,62679.05,62694.65,0,0
2025-03-25 11:45:00+05:30,62695.55,63060.05,62695.55,62927.35,0,0
2025-03-25 12:15:00+05:30,62926.5,62941.35,62793.15,62927.85,0,0
2025-03-25 12:45:00+05:30,62929.3,62988.8,62816.55,62833.7,0,0
2025-03-25 13:15:00+05:30,62833.55,62922.1,62701.2,62905.55,0,0
2025-03-25 13:45:00+05:30,62906.55,63031.25,62858.6,63018.45,0,0
2025-03-25 14:15:00+05:30,63020.3,63075.25,62889.85,62889.85,0,0
2025-03-25 14:45:00+05:30,62891.4,62908.4,62712.65,62714.55,0,0
2025-03-25 15:15:00+05:30,62716.45,62728.5,62589.8,62623.1,0,0
2025-03-26 09:15:00+05:30,62721.45,63186.85,62589.15,62591.65,0,0
2025-03-26 09:45:00+05:30,62586.5,62932.95,62466.9,62932.55,0,0
2025-03-26 10:15:00+05:30,62932.4,62972.2,62827.95,62908.85,0,0
2025-03-26 10:45:00+05:30,62906.1,62977.0,62752.35,62844.8,0,0
2025-03-26 11:15:00+05:30,62846.25,62945.85,62806.15,62863.3,0,0
2025-03-26 11:45:00+05:30,62861.0,62861.0,62631.05,62815.85,0,0
2025-03-26 12:15:00+05:30,62815.2,62885.85,62748.75,62883.85,0,0
2025-03-26 12:45:00+05:30,62884.75,62958.7,62729.4,62766.6,0,0
2025-03-26 13:15:00+05:30,62765.4,62810.05,62642.3,62700.75,0,0
2025-03-26 13:45:00+05:30,62702.1,62821.25,62646.3,62753.2,0,0
2025-03-26 14:15:00+05:30,62754.95,62777.9,62542.7,62561.65,0,0
2025-03-26 14:45:00+05:30,62562.9,62618.15,62430.2,62498.35,0,0
2025-03-26 15:15:00+05:30,62498.5,62511.65,62388.6,62407.8,0,0
2025-03-27 09:15:00+05:30,62298.55,62793.25,62165.5,62677.85,0,0
2025-03-27 09:45:00+05:30,62674.45,62852.6,62646.55,62759.0,0,0
2025-03-27 10:15:00+05:30,62759.15,62827.85,62713.9,62772.4,0,0
2025-03-27 10:45:00+05:30,62773.85,62810.7,62671.35,62807.0,0,0
2025-03-27 11:15:00+05:30,62807.4,62824.05,62703.4,62784.85,0,0
2025-03-27 11:45:00+05:30,62784.3,62821.15,62698.5,62729.7,0,0
2025-03-27 12:15:00+05:30,62728.3,62768.5,62651.3,62687.35,0,0
2025-03-27 12:45:00+05:30,62684.9,62792.75,62684.35,62729.3,0,0
2025-03-27 13:15:00+05:30,62726.15,62801.85,62700.05,62781.7,0,0
2025-03-27 13:45:00+05:30,62782.75,62825.2,62764.95,62798.35,0,0
2025-03-27 14:15:00+05:30,62802.55,62827.7,62752.6,62826.65,0,0
2025-03-27 14:45:00+05:30,62824.65,63478.2,62810.85,63477.8,0,0
2025-03-27 15:15:00+05:30,63476.65,63606.7,63328.7,63381.15,0,0
2025-03-28 09:15:00+05:30,63471.8,63914.65,63471.8,63741.95,0,0
2025-03-28 09:45:00+05:30,63740.15,63877.1,63636.95,63646.0,0,0
2025-03-28 10:15:00+05:30,63648.25,63916.9,63596.8,63849.75,0,0
2025-03-28 10:45:00+05:30,63849.6,63886.35,63666.0,63668.65,0,0
2025-03-28 11:15:00+05:30,63668.2,63754.85,63613.1,63647.1,0,0
2025-03-28 11:45:00+05:30,63646.25,63776.55,63628.85,63737.2,0,0
2025-03-28 12:15:00+05:30,63734.65,63739.45,63367.25,63458.15,0,0
2025-03-28 12:45:00+05:30,63458.15,63488.9,63273.7,63316.5,0,0
2025-03-28 13:15:00+05:30,63317.5,63341.8,63177.1,63191.1,0,0
2025-03-28 13:45:00+05:30,63190.4,63192.7,62917.75,63075.4,0,0
2025-03-28 14:15:00+05:30,63075.1,63427.05,63039.15,63427.05,0,0
2025-03-28 14:45:00+05:30,63428.25,63466.95,63019.9,63048.45,0,0
2025-03-28 15:15:00+05:30,63050.1,63055.35,62948.8,62977.65,0,0
2025-04-01 09:15:00+05:30,62981.1,63304.05,62756.85,63267.85,0,0
2025-04-01 09:45:00+05:30,63273.0,63339.15,62970.7,62977.9,0,0
2025-04-01 10:15:00+05:30,62977.95,63120.4,62608.3,62740.3,0,0
2025-04-01 10:45:00+05:30,62739.15,62761.55,62387.8,62404.45,0,0
2025-04-01 11:15:00+05:30,62404.1,62507.3,62181.2,62224.85,0,0
2025-04-01 11:45:00+05:30,62220.4,62429.35,62187.55,62426.15,0,0
2025-04-01 12:15:00+05:30,62424.05,62574.95,62422.85,62516.5,0,0
2025-04-01 12:45:00+05:30,62516.5,62543.5,62362.8,62418.95,0,0
2025-04-01 13:15:00+05:30,62417.8,62446.65,62282.2,62427.55,0,0
2025-04-01 13:45:00+05:30,62430.1,62539.2,62397.15,62439.65,0,0
2025-04-01 14:15:00+05:30,62439.7,62463.3,62334.25,62412.9,0,0
2025-04-01 14:45:00+05:30,62412.45,62475.7,62365.1,62373.1,0,0
2025-04-01 15:15:00+05:30,62374.45,62423.5,62318.05,62412.75,0,0
2025-04-02 09:15:00+05:30,62466.55,62572.4,61933.7,62335.85,0,0
2025-04-02 09:45:00+05:30,62337.75,62345.5,62053.95,62213.95,0,0
2025-04-02 10:15:00+05:30,62214.9,62498.55,62165.2,62483.55,0,0
2025-04-02 10:45:00+05:30,62481.05,62764.7,62481.05,62655.65,0,0
2025-04-02 11:15:00+05:30,62655.35,62700.9,62538.15,62573.6,0,0
2025-04-02 11:45:00+05:30,62574.85,62735.25,62554.75,62681.7,0,0
2025-04-02 12:15:00+05:30,62681.75,62749.6,62671.5,62743.85,0,0
2025-04-02 12:45:00+05:30,62742.15,62810.4,62604.6,62732.7,0,0
2025-04-02 13:15:00+05:30,62735.55,62823.5,62709.3,62713.45,0,0
2025-04-02 13:45:00+05:30,62712.75,62825.95,62672.45,62773.6,0,0
2025-04-02 14:15:00+05:30,62783.2,63003.45,62770.4,62967.8,0,0
2025-04-02 14:45:00+05:30,62968.6,63143.25,62930.4,63096.2,0,0
2025-04-02 15:15:00+05:30,63094.8,63112.45,63043.95,63048.75,0,0
2025-04-03 09:15:00+05:30,62604.15,63259.7,62551.4,62998.15,0,0
2025-04-03 09:45:00+05:30,62994.5,62997.3,62623.15,62925.0,0,0
2025-04-03 10:15:00+05:30,62926.75,63045.65,62823.65,63009.9,0,0
2025-04-03 10:45:00+05:30,63008.2,63033.45,62910.45,62992.8,0,0
2025-04-03 11:15:00+05:30,62993.85,63049.9,62853.9,63042.7,0,0
2025-04-03 11:45:00+05:30,63044.15,63098.2,62988.95,63034.9,0,0
2025-04-03 12:15:00+05:30,63035.7,63055.7,62930.75,62932.35,0,0
2025-04-03 12:45:00+05:30,62934.05,62982.6,62878.95,62953.05,0,0
2025-04-03 13:15:00+05:30,62953.15,63170.2,62947.5,63155.1,0,0
2025-04-03 13:45:00+05:30,63155.95,63253.65,63139.1,63143.8,0,0
2025-04-03 14:15:00+05:30,63144.15,63214.35,63020.85,63031.0,0,0
2025-04-03 14:45:00+05:30,63029.15,63126.3,62977.8,63098.35,0,0
2025-04-03 15:15:00+05:30,63098.6,63145.5,63075.4,63104.35,0,0
2025-04-04 09:15:00+05:30,63090.05,63330.95,62281.4,62291.95,0,0
2025-04-04 09:45:00+05:30,62296.1,62331.55,61700.85,61703.25,0,0
2025-04-04 10:15:00+05:30,61707.4,62029.4,61523.4,61989.45,0,0
2025-04-04 10:45:00+05:30,61984.05,62228.6,61977.05,62068.6,0,0
2025-04-04 11:15:00+05:30,62068.4,62120.15,61903.6,61949.1,0,0
2025-04-04 11:45:00+05:30,61946.75,61966.35,61677.35,61738.0,0,0
2025-04-04 12:15:00+05:30,61737.75,61820.85,61667.85,61713.1,0,0
2025-04-04 12:45:00+05:30,61710.15,61757.75,61616.3,61616.8,0,0
2025-04-04 13:15:00+05:30,61617.65,61691.0,61335.1,61364.35,0,0
2025-04-04 13:45:00+05:30,61358.45,61437.1,61278.85,61406.05,0,0
2025-04-04 14:15:00+05:30,61403.7,61451.15,61162.0,61194.6,0,0
2025-04-04 14:45:00+05:30,61195.55,61536.95,61182.7,61476.1,0,0
2025-04-04 15:15:00+05:30,61473.95,61553.35,61430.8,61553.35,0,0
2025-04-07 09:15:00+05:30,57256.55,59406.3,57250.25,58756.05,0,0
2025-04-07 09:45:00+05:30,58756.4,59084.35,58556.7,58610.4,0,0
2025-04-07 10:15:00+05:30,58606.5,59128.1,58436.35,59102.35,0,0
2025-04-07 10:45:00+05:30,59101.95,59376.8,58974.7,59317.15,0,0
2025-04-07 11:15:00+05:30,59316.45,59470.2,59169.85,59227.5,0,0
2025-04-07 11:45:00+05:30,59230.05,59242.05,58884.05,58913.3,0,0
2025-04-07 12:15:00+05:30,58913.1,58985.1,58678.95,58976.05,0,0
2025-04-07 12:45:00+05:30,58975.0,59079.2,58731.8,58841.35,0,0
2025-04-07 13:15:00+05:30,58842.0,59353.0,58753.0,59281.15,0,0
2025-04-07 13:45:00+05:30,59281.85,59437.4,59101.15,59214.35,0,0
2025-04-07 14:15:00+05:30,59216.3,59422.85,59133.75,59267.65,0,0
2025-04-07 14:45:00+05:30,59267.95,59625.75,59237.15,59566.4,0,0
2025-04-07 15:15:00+05:30,59570.55,59815.6,59440.1,59795.0,0,0
2025-04-08 09:15:00+05:30,60665.25,61094.65,60350.55,60368.95,0,0
2025-04-08 09:45:00+05:30,60368.4,60492.2,60110.85,60203.1,0,0
2025-04-08 10:15:00+05:30,60203.2,60394.45,59950.55,59969.15,0,0
2025-04-08 10:45:00+05:30,59966.35,60546.95,59904.45,60378.35,0,0
2025-04-08 11:15:00+05:30,60376.0,60496.65,60291.45,60345.6,0,0
2025-04-08 11:45:00+05:30,60346.0,60701.85,60316.6,60700.7,0,0
2025-04-08 12:15:00+05:30,60701.1,60809.65,60593.95,60772.0,0,0
2025-04-08 12:45:00+05:30,60775.85,60911.85,60719.45,60908.9,0,0
2025-04-08 13:15:00+05:30,60909.75,61033.1,60799.55,60822.25,0,0
2025-04-08 13:45:00+05:30,60820.4,60892.05,60576.05,60885.7,0,0
2025-04-08 14:15:00+05:30,60885.95,61051.8,60876.05,60896.6,0,0
2025-04-08 14:45:00+05:30,60896.85,60931.85,60723.45,60781.0,0,0
2025-04-08 15:15:00+05:30,60781.2,60887.75,60765.9,60861.2,0,0
2025-04-09 09:15:00+05:30,60779.8,60787.55,60202.95,60504.05,0,0
2025-04-09 09:45:00+05:30,60505.9,60512.4,60121.55,60160.35,0,0
2025-04-09 10:15:00+05:30,60165.25,60375.55,60101.65,60254.4,0,0
2025-04-09 10:45:00+05:30,60253.35,60347.95,60123.85,60251.0,0,0
2025-04-09 11:15:00+05:30,60250.4,60747.25,60237.95,60747.25,0,0
2025-04-09 11:45:00+05:30,60746.55,60803.55,60604.05,60688.9,0,0
2025-04-09 12:15:00+05:30,60689.45,60879.85,60648.9,60829.95,0,0
2025-04-09 12:45:00+05:30,60831.15,60950.5,60831.15,60914.75,0,0
2025-04-09 13:15:00+05:30,60920.0,60944.8,60662.75,60697.65,0,0
2025-04-09 13:45:00+05:30,60698.0,60720.3,60621.4,60621.4,0,0
2025-04-09 14:15:00+05:30,60619.55,60713.35,60603.7,60700.9,0,0
2025-04-09 14:45:00+05:30,60701.4,60723.55,60642.6,60691.0,0,0
2025-04-09 15:15:00+05:30,60693.25,60700.2,60616.15,60647.8,0,0
2025-04-11 09:15:00+05:30,61839.15,61839.15,61238.1,61537.7,0,0
2025-04-11 09:45:00+05:30,61537.6,61565.7,61217.35,61279.85,0,0
2025-04-11 10:15:00+05:30,61279.8,61371.4,61137.7,61248.05,0,0
2025-04-11 10:45:00+05:30,61247.25,61529.2,61190.85,61477.75,0,0
2025-04-11 11:15:00+05:30,61477.7,61712.1,61465.0,61656.75,0,0
2025-04-11 11:45:00+05:30,61656.05,61751.9,61609.1,61744.6,0,0
2025-04-11 12:15:00+05:30,61743.4,61772.35,61621.15,61657.0,0,0
2025-04-11 12:45:00+05:30,61658.5,61689.35,61612.15,61660.75,0,0
2025-04-11 13:15:00+05:30,61661.85,61662.6,61491.3,61540.15,0,0
2025-04-11 13:45:00+05:30,61543.8,61552.25,61304.2,61327.55,0,0
2025-04-11 14:15:00+05:30,61329.2,61431.85,61291.25,61425.7,0,0
2025-04-11 14:45:00+05:30,61429.15,61552.1,61429.15,61489.0,0,0
2025-04-11 15:15:00+05:30,61490.6,61495.85,61418.35,61439.65,0,0
2025-04-15 09:15:00+05:30,62862.15,62862.15,62301.9,62797.55,0,0
2025-04-15 09:45:00+05:30,62799.2,62881.4,62749.15,62785.55,0,0
2025-04-15 10:15:00+05:30,62783.5,62884.35,62783.5,62829.0,0,0
2025-04-15 10:45:00+05:30,62827.45,62945.35,62802.7,62832.0,0,0
2025-04-15 11:15:00+05:30,62832.65,62929.0,62813.3,62878.85,0,0
2025-04-15 11:45:00+05:30,62875.95,62969.45,62845.05,62969.45,0,0
2025-04-15 12:15:00+05:30,62966.15,63045.1,62952.5,63001.7,0,0
2025-04-15 12:45:00+05:30,63001.2,63026.45,62969.85,62991.25,0,0
2025-04-15 13:15:00+05:30,62992.5,63053.75,62981.45,63049.0,0,0
2025-04-15 13:45:00+05:30,63051.15,63152.8,63048.2,63123.55,0,0
2025-04-15 14:15:00+05:30,63123.75,63174.65,63108.05,63162.9,0,0
2025-04-15 14:45:00+05:30,63163.75,63376.05,63160.55,63371.15,0,0
2025-04-15 15:15:00+05:30,63370.35,63452.9,63370.35,63416.05,0,0
2025-04-16 09:15:00+05:30,63454.8,63649.2,63231.75,63647.65,0,0
2025-04-16 09:45:00+05:30,63647.3,63685.65,63528.15,63679.15,0,0
2025-04-16 10:15:00+05:30,63680.95,63681.5,63390.6,63590.3,0,0
2025-04-16 10:45:00+05:30,63587.9,63647.9,63452.35,63640.05,0,0
2025-04-16 11:15:00+05:30,63640.6,63687.55,63517.2,63583.95,0,0
2025-04-16 11:45:00+05:30,63583.35,63670.5,63553.0,63648.8,0,0
2025-04-16 12:15:00+05:30,63650.6,63705.75,63640.65,63662.35,0,0
2025-04-16 12:45:00+05:30,63661.8,63666.75,63547.45,63612.35,0,0
2025-04-16 13:15:00+05:30,63614.2,63622.0,63340.25,63449.7,0,0
2025-04-16 13:45:00+05:30,63449.65,63719.45,63407.3,63708.7,0,0
2025-04-16 14:15:00+05:30,63706.6,63715.15,63602.5,63658.7,0,0
2025-04-16 14:45:00+05:30,63660.2,63835.9,63640.25,63799.85,0,0
2025-04-16 15:15:00+05:30,63800.15,63843.4,63777.35,63778.1,0,0
2025-04-17 09:15:00+05:30,63770.8,63919.0,63508.95,63745.0,0,0
2025-04-17 09:45:00+05:30,63743.35,63823.65,63532.55,63613.55,0,0
2025-04-17 10:15:00+05:30,63615.35,64054.45,63602.0,64012.3,0,0
2025-04-17 10:45:00+05:30,64014.25,64044.6,63881.6,63958.05,0,0
2025-04-17 11:15:00+05:30,63960.9,64138.7,63949.5,64114.95,0,0
2025-04-17 11:45:00+05:30,64115.25,64134.45,64012.4,64120.15,0,0
2025-04-17 12:15:00+05:30,64119.4,64239.7,64105.7,64232.35,0,0
2025-04-17 12:45:00+05:30,64232.9,64336.95,64223.7,64304.35,0,0
2025-04-17 13:15:00+05:30,64301.35,64334.0,64199.3,64330.85,0,0
2025-04-17 13:45:00+05:30,64324.25,64364.85,64290.95,64291.85,0,0
2025-04-17 14:15:00+05:30,64293.2,64419.3,64234.85,64392.3,0,0
2025-04-17 14:45:00+05:30,64392.05,64405.95,64239.0,64255.95,0,0
2025-04-17 15:15:00+05:30,64256.05,64263.65,64216.6,64226.3,0,0
2025-04-21 09:15:00+05:30,64750.35,64945.15,64441.8,64942.3,0,0
2025-04-21 09:45:00+05:30,64940.75,65052.0,64905.7,64972.45,0,0
2025-04-21 10:15:00+05:30,64974.85,65182.4,64962.3,65128.0,0,0
2025-04-21 10:45:00+05:30,65126.3,65249.7,65111.3,65243.9,0,0
2025-04-21 11:15:00+05:30,65245.15,65295.75,65216.0,65253.7,0,0
2025-04-21 11:45:00+05:30,65253.85,65340.4,65205.5,65325.85,0,0
2025-04-21 12:15:00+05:30,65324.05,65396.4,65313.05,65361.5,0,0
2025-04-21 12:45:00+05:30,65363.1,65388.95,65318.85,65371.75,0,0
2025-04-21 13:15:00+05:30,65372.8,65402.95,65249.2,65258.65,0,0
2025-04-21 13:45:00+05:30,65259.2,65414.35,65230.1,65387.9,0,0
2025-04-21 14:15:00+05:30,65387.45,65448.55,65365.8,65433.75,0,0
2025-04-21 14:45:00+05:30,65435.45,65496.65,65355.2,65397.25,0,0
2025-04-21 15:15:00+05:30,65396.3,65442.7,65394.05,65412.2,0,0
2025-04-22 09:15:00+05:30,65649.25,65770.4,65141.6,65766.9,0,0
2025-04-22 09:45:00+05:30,65766.1,65789.2,65591.8,65721.0,0,0
2025-04-22 10:15:00+05:30,65718.3,65822.7,65660.85,65820.85,0,0
2025-04-22 10:45:00+05:30,65818.65,65886.4,65758.0,65817.8,0,0
2025-04-22 11:15:00+05:30,65816.55,65842.7,65577.95,65691.25,0,0
2025-04-22 11:45:00+05:30,65694.9,65746.45,65671.55,65709.6,0,0
2025-04-22 12:15:00+05:30,65709.3,65727.35,65647.1,65681.45,0,0
2025-04-22 12:45:00+05:30,65677.6,65735.05,65656.15,65718.75,0,0
2025-04-22 13:15:00+05:30,65715.7,65794.0,65703.75,65723.95,0,0
2025-04-22 13:45:00+05:30,65724.45,65748.55,65657.25,65705.5,0,0
2025-04-22 14:15:00+05:30,65704.85,65754.3,65657.9,65657.9,0,0
2025-04-22 14:45:00+05:30,65655.4,65661.45,65502.35,65560.05,0,0
2025-04-22 15:15:00+05:30,65558.45,65579.15,65494.2,65565.35,0,0
2025-04-23 09:15:00+05:30,65829.25,66028.55,65644.95,65910.5,0,0
2025-04-23 09:45:00+05:30,65908.2,65988.9,65335.95,65347.0,0,0
2025-04-23 10:15:00+05:30,65344.25,65560.25,65223.9,65227.2,0,0
2025-04-23 10:45:00+05:30,65225.9,65449.6,65064.6,65426.45,0,0
2025-04-23 11:15:00+05:30,65426.45,65564.0,65426.45,65558.4,0,0
2025-04-23 11:45:00+05:30,65556.9,65559.9,65429.85,65534.5,0,0
2025-04-23 12:15:00+05:30,65534.5,65548.45,65468.95,65534.25,0,0
2025-04-23 12:45:00+05:30,65534.85,65673.95,65531.35,65605.4,0,0
2025-04-23 13:15:00+05:30,65606.8,65656.65,65566.7,65651.45,0,0
2025-04-23 13:45:00+05:30,65650.5,65764.7,65643.15,65753.4,0,0
2025-04-23 14:15:00+05:30,65753.65,65797.4,65700.4,65724.45,0,0
2025-04-23 14:45:00+05:30,65725.85,66034.95,65725.85,66031.45,0,0
2025-04-23 15:15:00+05:30,66029.3,66040.55,65960.0,65989.9,0,0
2025-04-24 09:15:00+05:30,66092.65,66239.05,65928.6,66134.5,0,0
2025-04-24 09:45:00+05:30,66137.65,66223.25,66014.75,66219.3,0,0
2025-04-24 10:15:00+05:30,66217.7,66291.6,66077.9,66091.55,0,0
2025-04-24 10:45:00+05:30,66091.85,66127.65,65992.6,66002.6,0,0
2025-04-24 11:15:00+05:30,66003.05,66026.6,65873.4,65950.8,0,0
2025-04-24 11:45:00+05:30,65950.05,65960.4,65881.45,65893.4,0,0
2025-04-24 12:15:00+05:30,65892.25,65972.45,65891.3,65971.05,0,0
2025-04-24 12:45:00+05:30,65969.75,66011.3,65919.35,65942.5,0,0
2025-04-24 13:15:00+05:30,65940.55,65974.3,65887.15,65902.05,0,0
2025-04-24 13:45:00+05:30,65902.45,65910.25,65776.8,65792.35,0,0
2025-04-24 14:15:00+05:30,65793.2,65915.85,65773.35,65855.6,0,0
2025-04-24 14:45:00+05:30,65855.6,65938.75,65698.15,65938.75,0,0
2025-04-24 15:15:00+05:30,65933.95,65962.45,65907.45,65918.2,0,0
2025-04-25 09:15:00+05:30,66044.1,66313.0,65209.5,65210.05,0,0
2025-04-25 09:45:00+05:30,65208.8,65296.6,64370.5,64732.05,0,0
2025-04-25 10:15:00+05:30,64733.9,64777.45,64071.9,64336.35,0,0
2025-04-25 10:45:00+05:30,64326.5,64422.15,63918.4,64117.85,0,0
2025-04-25 11:15:00+05:30,64117.65,64122.75,63780.8,63990.7,0,0
2025-04-25 11:45:00+05:30,63990.35,64314.75,63762.5,64281.45,0,0
2025-04-25 12:15:00+05:30,64282.35,64422.1,64211.45,64282.1,0,0
2025-04-25 12:45:00+05:30,64281.9,64583.7,64281.45,64546.25,0,0
2025-04-25 13:15:00+05:30,64546.45,64735.65,64474.75,64677.6,0,0
2025-04-25 13:45:00+05:30,64675.45,64894.05,64379.85,64470.1,0,0
2025-04-25 14:15:00+05:30,64472.15,64629.3,64395.3,64450.0,0,0
2025-04-25 14:45:00+05:30,64450.8,64559.75,64322.0,64336.2,0,0
2025-04-25 15:15:00+05:30,64337.45,64346.75,64137.2,64171.75,0,0
2025-04-28 09:15:00+05:30,64139.95,64803.15,64124.25,64574.05,0,0
2025-04-28 09:45:00+05:30,64571.45,64962.9,64571.45,64952.85,0,0
2025-04-28 10:15:00+05:30,64952.8,64965.85,64714.15,64814.75,0,0
2025-04-28 10:45:00+05:30,64813.7,64963.4,64788.4,64813.65,0,0
2025-04-28 11:15:00+05:30,64817.05,65010.65,64766.85,64985.45,0,0
2025-04-28 11:45:00+05:30,64985.8,65021.15,64930.5,64975.3,0,0
2025-04-28 12:15:00+05:30,64976.2,65149.0,64967.65,65148.85,0,0
2025-04-28 12:45:00+05:30,65148.15,65188.1,64933.0,65025.05,0,0
2025-04-28 13:15:00+05:30,65025.75,65061.45,64944.9,65042.4,0,0
2025-04-28 13:45:00+05:30,65041.85,65062.2,64942.85,64960.95,0,0
2025-04-28 14:15:00+05:30,64959.8,64966.35,64719.05,64769.6,0,0
2025-04-28 14:45:00+05:30,64770.6,65004.25,64744.2,64989.95,0,0
2025-04-28 15:15:00+05:30,64991.5,65097.7,64988.05,65036.55,0,0
2025-04-29 09:15:00+05:30,65349.6,65587.3,65047.75,65095.65,0,0
2025-04-29 09:45:00+05:30,65093.0,65319.2,64914.35,65145.05,0,0
2025-04-29 10:15:00+05:30,65147.55,65164.1,64886.3,64978.85,0,0
2025-04-29 10:45:00+05:30,64981.4,65238.2,64972.7,65161.45,0,0
2025-04-29 11:15:00+05:30,65159.75,65213.4,65074.55,65151.6,0,0
2025-04-29 11:45:00+05:30,65151.25,65151.25,64905.8,64984.6,0,0
2025-04-29 12:15:00+05:30,64984.95,65075.45,64880.85,65055.6,0,0
2025-04-29 12:45:00+05:30,65054.95,65101.3,64997.35,65008.7,0,0
2025-04-29 13:15:00+05:30,65011.0,65083.2,64967.65,65002.8,0,0
2025-04-29 13:45:00+05:30,65001.45,65071.1,64949.6,64977.3,0,0
2025-04-29 14:15:00+05:30,64976.6,64993.7,64822.45,64945.7,0,0
2025-04-29 14:45:00+05:30,64944.7,64979.6,64839.95,64912.5,0,0
2025-04-29 15:15:00+05:30,64913.45,64949.85,64841.55,64874.5,0,0
2025-04-30 09:15:00+05:30,64965.75,65071.9,64590.8,64902.0,0,0
2025-04-30 09:45:00+05:30,64901.8,65204.55,64893.25,64945.05,0,0
2025-04-30 10:15:00+05:30,64944.3,65015.1,64695.9,64827.2,0,0
2025-04-30 10:45:00+05:30,64826.6,65004.95,64804.95,64895.75,0,0
2025-04-30 11:15:00+05:30,64895.4,64998.05,64815.25,64856.1,0,0
2025-04-30 11:45:00+05:30,64856.1,64856.1,64731.25,64805.9,0,0
2025-04-30 12:15:00+05:30,64804.7,64879.2,64785.85,64870.6,0,0
2025-04-30 12:45:00+05:30,64869.35,64894.35,64753.05,64754.05,0,0
2025-04-30 13:15:00+05:30,64753.6,64839.55,64687.5,64796.95,0,0
2025-04-30 13:45:00+05:30,64796.7,64801.7,64527.5,64563.5,0,0
2025-04-30 14:15:00+05:30,64562.9,64659.5,64502.85,64594.9,0,0
2025-04-30 14:45:00+05:30,64593.85,64780.65,64590.45,64590.45,0,0
2025-04-30 15:15:00+05:30,64586.6,64605.05,64202.1,64508.85,0,0
2025-05-02 09:15:00+05:30,64471.65,64958.75,64451.7,64896.75,0,0
2025-05-02 09:45:00+05:30,64896.55,65103.4,64891.9,65055.25,0,0
2025-05-02 10:15:00+05:30,65060.45,65123.45,64932.65,65058.95,0,0
2025-05-02 10:45:00+05:30,65060.5,65101.5,64776.35,64835.75,0,0
2025-05-02 11:15:00+05:30,64835.75,64843.15,64498.35,64532.0,0,0
2025-05-02 11:45:00+05:30,64531.9,64620.3,64361.65,64423.45,0,0
2025-05-02 12:15:00+05:30,64423.65,64423.65,64156.05,64296.6,0,0
2025-05-02 12:45:00+05:30,64295.1,64433.15,64290.95,64344.25,0,0
2025-05-02 13:15:00+05:30,64343.25,64625.7,64343.25,64590.15,0,0
2025-05-02 13:45:00+05:30,64590.45,64683.35,64511.95,64540.9,0,0
2025-05-02 14:15:00+05:30,64541.4,64588.85,64219.9,64315.9,0,0
2025-05-02 14:45:00+05:30,64315.8,64542.95,64303.25,64471.2,0,0
2025-05-02 15:15:00+05:30,64472.35,64476.65,64329.75,64352.35,0,0
2025-05-05 09:15:00+05:30,64749.2,64994.85,64706.65,64981.45,0,0
2025-05-05 09:45:00+05:30,64981.95,65181.65,64964.9,65111.65,0,0
2025-05-05 10:15:00+05:30,65109.7,65270.15,65072.5,65258.15,0,0
2025-05-05 10:45:00+05:30,65257.05,65295.25,65142.8,65277.95,0,0
2025-05-05 11:15:00+05:30,65278.2,65371.5,65230.75,65311.5,0,0
2025-05-05 11:45:00+05:30,65309.75,65461.3,65192.65,65454.05,0,0
2025-05-05 12:15:00+05:30,65454.55,65484.0,65350.55,65400.8,0,0
2025-05-05 12:45:00+05:30,65400.45,65452.3,65324.4,65342.65,0,0
2025-05-05 13:15:00+05:30,65344.2,65435.9,65331.95,65412.65,0,0
2025-05-05 13:45:00+05:30,65412.7,65446.0,65375.3,65378.7,0,0
2025-05-05 14:15:00+05:30,65378.75,65407.1,65332.9,65366.5,0,0
2025-05-05 14:45:00+05:30,65367.9,65399.1,65309.2,65353.15,0,0
2025-05-05 15:15:00+05:30,65353.65,65480.05,65353.15,65446.65,0,0
2025-05-05 15:45:00+05:30,65406.85,65406.85,65406.85,65406.85,0,0
2025-05-06 09:15:00+05:30,65511.25,65605.55,65142.65,65292.6,0,0
2025-05-06 09:45:00+05:30,65293.55,65302.7,64805.95,64872.55,0,0
2025-05-06 10:15:00+05:30,64871.45,64932.8,64713.8,64931.35,0,0
2025-05-06 10:45:00+05:30,64931.95,64956.25,64726.75,64728.9,0,0
2025-05-06 11:15:00+05:30,64726.65,64743.9,64392.55,64405.55,0,0
2025-05-06 11:45:00+05:30,64406.35,64560.35,64383.55,64560.05,0,0
2025-05-06 12:15:00+05:30,64559.75,64576.4,64427.25,64428.6,0,0
2025-05-06 12:45:00+05:30,64428.55,64459.85,64350.25,64437.85,0,0
2025-05-06 13:15:00+05:30,64437.6,64467.0,64375.2,64418.35,0,0
2025-05-06 13:45:00+05:30,64417.6,64506.05,64234.95,64240.8,0,0
2025-05-06 14:15:00+05:30,64240.0,64241.0,63820.25,63855.35,0,0
2025-05-06 14:45:00+05:30,63853.65,63935.3,63605.35,63915.55,0,0
2025-05-06 15:15:00+05:30,63913.55,63918.0,63724.55,63734.0,0,0
2025-05-07 09:15:00+05:30,62864.55,64187.0,62864.55,63677.25,0,0
2025-05-07 09:45:00+05:30,63672.8,63763.85,63330.0,63417.45,0,0
2025-05-07 10:15:00+05:30,63417.6,63856.6,63320.35,63789.3,0,0
2025-05-07 10:45:00+05:30,63791.4,63974.4,63600.7,63974.4,0,0
2025-05-07 11:15:00+05:30,63975.1,64227.15,63975.1,64206.15,0,0
2025-05-07 11:45:00+05:30,64205.35,64222.35,63929.1,64098.1,0,0
2025-05-07 12:15:00+05:30,64098.8,64159.0,64071.6,64099.9,0,0
2025-05-07 12:45:00+05:30,64100.0,64171.35,63936.85,64019.65,0,0
2025-05-07 13:15:00+05:30,64018.5,64099.55,63862.3,63909.3,0,0
2025-05-07 13:45:00+05:30,63909.25,64102.5,63833.85,64035.1,0,0
2025-05-07 14:15:00+05:30,64034.95,64084.6,63864.05,64081.35,0,0
2025-05-07 14:45:00+05:30,64086.15,64161.7,63997.05,64117.55,0,0
2025-05-07 15:15:00+05:30,64122.45,64184.25,64119.15,64163.8,0,0
2025-05-08 09:15:00+05:30,64267.4,64453.35,64051.75,64154.6,0,0
2025-05-08 09:45:00+05:30,64156.65,64262.95,64024.8,64206.4,0,0
2025-05-08 10:15:00+05:30,64206.15,64275.1,64124.7,64127.45,0,0
2025-05-08 10:45:00+05:30,64126.05,64184.6,64041.35,64167.2,0,0
2025-05-08 11:15:00+05:30,64165.5,64252.5,64117.85,64150.7,0,0
2025-05-08 11:45:00+05:30,64150.45,64222.8,64127.5,64132.55,0,0
2025-05-08 12:15:00+05:30,64132.2,64173.85,64063.45,64109.7,0,0
2025-05-08 12:45:00+05:30,64108.5,64111.45,63835.6,63879.25,0,0
2025-05-08 13:15:00+05:30,63878.45,63891.1,63474.3,63478.25,0,0
2025-05-08 13:45:00+05:30,63476.95,63589.0,63250.4,63251.7,0,0
2025-05-08 14:15:00+05:30,63251.75,63455.25,63233.45,63366.45,0,0
2025-05-08 14:45:00+05:30,63366.75,63372.1,62826.3,62905.8,0,0
2025-05-08 15:15:00+05:30,62907.75,62907.75,62346.5,62408.7,0,0
2025-05-09 09:15:00+05:30,61416.45,62428.95,61401.7,62299.85,0,0
2025-05-09 09:45:00+05:30,62301.6,62378.7,61666.35,62133.7,0,0
2025-05-09 10:15:00+05:30,62134.5,62205.9,61941.3,61958.35,0,0
2025-05-09 10:45:00+05:30,61956.5,62095.4,61894.15,62033.25,0,0
2025-05-09 11:15:00+05:30,62035.25,62409.05,61965.85,62258.7,0,0
2025-05-09 11:45:00+05:30,62255.1,62419.8,62129.1,62406.0,0,0
2025-05-09 12:15:00+05:30,62405.05,62427.55,62216.2,62221.7,0,0
2025-05-09 12:45:00+05:30,62220.0,62410.15,62160.05,62285.0,0,0
2025-05-09 13:15:00+05:30,62283.8,62346.15,62123.1,62246.95,0,0
2025-05-09 13:45:00+05:30,62246.65,62383.1,62218.2,62329.75,0,0
2025-05-09 14:15:00+05:30,62330.0,62437.65,62217.95,62331.45,0,0
2025-05-09 14:45:00+05:30,62331.3,62492.5,62324.15,62462.1,0,0
2025-05-09 15:15:00+05:30,62458.35,62665.85,62458.35,62661.55,0,0
2025-05-12 09:15:00+05:30,64366.15,64509.4,64169.0,64208.3,0,0
2025-05-12 09:45:00+05:30,64210.3,64591.65,64206.7,64429.7,0,0
2025-05-12 10:15:00+05:30,64429.25,64662.35,64429.25,64563.2,0,0
2025-05-12 10:45:00+05:30,64563.5,64638.35,64455.05,64590.9,0,0
2025-05-12 11:15:00+05:30,64590.8,64699.4,64565.5,64628.3,0,0
2025-05-12 11:45:00+05:30,64627.3,64645.35,64562.45,64617.55,0,0
2025-05-12 12:15:00+05:30,64617.25,64787.85,64517.1,64702.05,0,0
2025-05-12 12:45:00+05:30,64701.95,64786.6,64655.5,64737.55,0,0
2025-05-12 13:15:00+05:30,64735.6,64937.25,64732.5,64929.75,0,0
2025-05-12 13:45:00+05:30,64930.5,65011.15,64879.15,65008.0,0,0
2025-05-12 14:15:00+05:30,65007.5,65048.25,64917.6,64917.6,0,0
2025-05-12 14:45:00+05:30,64916.45,65079.4,64907.85,65068.75,0,0
2025-05-12 15:15:00+05:30,65066.5,65136.35,65055.55,65070.7,0,0
2025-05-13 09:15:00+05:30,65128.3,65469.05,64990.3,65299.65,0,0
2025-05-13 09:45:00+05:30,65300.55,65448.2,65215.3,65422.65,0,0
2025-05-13 10:15:00+05:30,65421.2,65472.15,65224.0,65349.7,0,0
2025-05-13 10:45:00+05:30,65350.55,65376.65,65217.5,65251.15,0,0
2025-05-13 11:15:00+05:30,65252.9,65375.3,65246.1,65278.1,0,0
2025-05-13 11:45:00+05:30,65278.1,65378.75,65256.8,65359.9,0,0
2025-05-13 12:15:00+05:30,65357.05,65370.55,65163.25,65202.85,0,0
2025-05-13 12:45:00+05:30,65204.7,65213.65,65033.6,65109.7,0,0
2025-05-13 13:15:00+05:30,65109.9,65130.35,64956.1,65034.8,0,0
2025-05-13 13:45:00+05:30,65034.45,65064.45,64903.2,64983.55,0,0
2025-05-13 14:15:00+05:30,64982.2,65101.9,64908.4,65072.7,0,0
2025-05-13 14:45:00+05:30,65073.25,65167.0,65009.45,65015.0,0,0
2025-05-13 15:15:00+05:30,65018.2,65104.3,65007.35,65076.65,0,0
2025-05-13 15:45:00+05:30,65065.8,65065.8,65065.8,65065.8,0,0
2025-05-14 09:15:00+05:30,65202.25,65574.6,65045.5,65544.3,0,0
2025-05-14 09:45:00+05:30,65546.3,65638.15,65443.4,65637.15,0,0
2025-05-14 10:15:00+05:30,65637.25,65716.8,65622.25,65712.3,0,0
2025-05-14 10:45:00+05:30,65714.6,65716.95,65537.4,65597.0,0,0
2025-05-14 11:15:00+05:30,65597.55,65629.1,65460.25,65468.8,0,0
2025-05-14 11:45:00+05:30,65466.5,65478.4,65304.2,65469.15,0,0
2025-05-14 12:15:00+05:30,65469.75,65480.35,65301.3,65372.7,0,0
2025-05-14 12:45:00+05:30,65372.1,65474.95,65189.65,65427.4,0,0
2025-05-14 13:15:00+05:30,65427.3,65522.15,65298.5,65457.2,0,0
2025-05-14 13:45:00+05:30,65457.8,65505.4,65368.85,65389.0,0,0
2025-05-14 14:15:00+05:30,65388.15,65418.15,65287.35,65353.25,0,0
2025-05-14 14:45:00+05:30,65353.45,65550.15,65339.45,65545.05,0,0
2025-05-14 15:15:00+05:30,65546.95,65629.15,65524.1,65596.65,0,0
2025-05-15 09:15:00+05:30,65721.75,65909.6,65492.4,65684.8,0,0
2025-05-15 09:45:00+05:30,65682.7,65823.15,65571.0,65756.7,0,0
2025-05-15 10:15:00+05:30,65758.85,65973.4,65737.9,65892.95,0,0
2025-05-15 10:45:00+05:30,65892.75,65937.4,65748.15,65782.4,0,0
2025-05-15 11:15:00+05:30,65782.1,65910.55,65776.75,65866.55,0,0
2025-05-15 11:45:00+05:30,65866.9,65971.35,65847.1,65926.95,0,0
2025-05-15 12:15:00+05:30,65928.35,65984.65,65843.35,65917.25,0,0
2025-05-15 12:45:00+05:30,65916.95,66051.7,65912.65,66048.95,0,0
2025-05-15 13:15:00+05:30,66049.2,66080.75,65950.95,66072.2,0,0
2025-05-15 13:45:00+05:30,66071.55,66142.0,66036.25,66111.35,0,0
2025-05-15 14:15:00+05:30,66113.9,66259.0,66096.55,66245.3,0,0
2025-05-15 14:45:00+05:30,66245.75,66284.8,66196.85,66218.0,0,0
2025-05-15 15:15:00+05:30,66220.2,66243.9,66197.6,66217.25,0,0
2025-05-16 09:15:00+05:30,66364.8,66849.7,66138.3,66804.95,0,0
2025-05-16 09:45:00+05:30,66807.9,66899.55,66714.5,66795.65,0,0
2025-05-16 10:15:00+05:30,66794.35,66925.15,66788.1,66876.9,0,0
2025-05-16 10:45:00+05:30,66879.45,66970.45,66795.75,66871.95,0,0
2025-05-16 11:15:00+05:30,66872.5,66932.55,66823.75,66902.25,0,0
2025-05-16 11:45:00+05:30,66904.0,66960.8,66848.2,66938.05,0,0
2025-05-16 12:15:00+05:30,66936.0,67042.0,66919.15,67040.1,0,0
2025-05-16 12:45:00+05:30,67042.9,67072.55,66976.2,67036.45,0,0
2025-05-16 13:15:00+05:30,67036.3,67089.1,66989.15,67018.95,0,0
2025-05-16 13:45:00+05:30,67021.75,67144.25,67012.5,67098.2,0,0
2025-05-16 14:15:00+05:30,67099.7,67112.3,66875.0,66942.5,0,0
2025-05-16 14:45:00+05:30,66942.9,67159.75,66915.4,67114.65,0,0
2025-05-16 15:15:00+05:30,67114.95,67122.15,67010.25,67078.95,0,0
2025-05-19 09:15:00+05:30,67281.55,67547.65,67069.25,67287.3,0,0
2025-05-19 09:45:00+05:30,67283.4,67597.25,67218.05,67560.75,0,0
2025-05-19 10:15:00+05:30,67558.15,67615.4,67503.65,67513.25,0,0
2025-05-19 10:45:00+05:30,67511.75,67658.9,67496.15,67570.6,0,0
2025-05-19 11:15:00+05:30,67570.3,67636.9,67467.45,67524.45,0,0
2025-05-19 11:45:00+05:30,67525.35,67603.95,67472.7,67502.3,0,0
2025-05-19 12:15:00+05:30,67502.1,67640.25,67458.8,67625.8,0,0
2025-05-19 12:45:00+05:30,67626.8,67677.25,67590.95,67610.6,0,0
2025-05-19 13:15:00+05:30,67609.7,67618.0,67558.0,67605.55,0,0
2025-05-19 13:45:00+05:30,67605.0,67616.0,67352.15,67413.25,0,0
2025-05-19 14:15:00+05:30,67414.8,67506.5,67391.45,67459.55,0,0
2025-05-19 14:45:00+05:30,67457.55,67464.4,67338.4,67431.0,0,0
2025-05-19 15:15:00+05:30,67428.75,67441.55,67365.15,67381.15,0,0
2025-05-20 09:15:00+05:30,67686.3,67747.35,66927.25,67162.6,0,0
2025-05-20 09:45:00+05:30,67161.0,67221.75,66964.1,67133.3,0,0
2025-05-20 10:15:00+05:30,67131.7,67225.25,67034.15,67178.25,0,0
2025-05-20 10:45:00+05:30,67178.15,67236.05,67075.1,67127.4,0,0
2025-05-20 11:15:00+05:30,67127.35,67127.35,66974.65,66992.0,0,0
2025-05-20 11:45:00+05:30,66993.2,67011.55,66826.35,66946.6,0,0
2025-05-20 12:15:00+05:30,66946.05,67000.3,66906.4,66918.85,0,0
2025-05-20 12:45:00+05:30,66919.5,66929.6,66634.8,66758.85,0,0
2025-05-20 13:15:00+05:30,66759.4,66841.9,66584.75,66610.0,0,0
2025-05-20 13:45:00+05:30,66609.4,66716.25,66354.1,66378.3,0,0
2025-05-20 14:15:00+05:30,66379.05,66388.25,66129.15,66134.15,0,0
2025-05-20 14:45:00+05:30,66135.4,66396.35,66081.2,66208.9,0,0
2025-05-20 15:15:00+05:30,66208.55,66275.4,66127.15,66269.75,0,0
2025-05-21 09:15:00+05:30,66289.3,66518.6,65973.45,66414.95,0,0
2025-05-21 09:45:00+05:30,66416.65,66740.4,66409.55,66734.4,0,0
2025-05-21 10:15:00+05:30,66736.9,66846.75,66724.15,66768.15,0,0
2025-05-21 10:45:00+05:30,66769.8,66877.95,66664.4,66834.4,0,0
2025-05-21 11:15:00+05:30,66832.75,66906.1,66617.7,66732.0,0,0
2025-05-21 11:45:00+05:30,66731.25,66732.2,66388.15,66405.6,0,0
2025-05-21 12:15:00+05:30,66408.35,66681.85,66269.4,66651.85,0,0
2025-05-21 12:45:00+05:30,66655.35,66774.55,66531.75,66734.5,0,0
2025-05-21 13:15:00+05:30,66735.9,66877.1,66712.55,66728.95,0,0
2025-05-21 13:45:00+05:30,66727.0,66810.65,66702.85,66784.05,0,0
2025-05-21 14:15:00+05:30,66785.65,66871.35,66750.5,66799.9,0,0
2025-05-21 14:45:00+05:30,66802.6,66982.1,66759.2,66948.6,0,0
2025-05-21 15:15:00+05:30,66951.8,66977.55,66884.7,66886.5,0,0
2025-05-22 09:15:00+05:30,66833.4,66860.75,66473.5,66821.85,0,0
2025-05-22 09:45:00+05:30,66823.7,66854.95,66685.25,66814.1,0,0
2025-05-22 10:15:00+05:30,66816.25,66887.95,66725.1,66783.95,0,0
2025-05-22 10:45:00+05:30,66786.25,66848.9,66690.4,66691.0,0,0
2025-05-22 11:15:00+05:30,66690.55,66756.75,66590.3,66674.35,0,0
2025-05-22 11:45:00+05:30,66674.15,66780.3,66657.2,66712.8,0,0
2025-05-22 12:15:00+05:30,66713.75,66746.65,66676.75,66734.75,0,0
2025-05-22 12:45:00+05:30,66735.15,66736.4,66550.05,66665.0,0,0
2025-05-22 13:15:00+05:30,66663.8,66755.5,66522.75,66541.6,0,0
2025-05-22 13:45:00+05:30,66540.4,66598.8,66504.75,66558.1,0,0
2025-05-22 14:15:00+05:30,66567.65,66582.2,66353.75,66576.4,0,0
2025-05-22 14:45:00+05:30,66577.2,66747.3,66488.75,66720.35,0,0
2025-05-22 15:15:00+05:30,66719.45,66813.65,66688.55,66772.1,0,0
2025-05-22 15:45:00+05:30,66716.9,66716.9,66716.9,66716.9,0,0
2025-05-23 09:15:00+05:30,66837.75,67107.5,66644.25,67057.75,0,0
2025-05-23 09:45:00+05:30,67057.35,67059.85,66849.0,66918.55,0,0
2025-05-23 10:15:00+05:30,66919.35,66962.0,66712.9,66932.2,0,0
2025-05-23 10:45:00+05:30,66932.5,67032.05,66925.6,66989.9,0,0
2025-05-23 11:15:00+05:30,66990.4,67014.9,66913.65,66973.05,0,0
2025-05-23 11:45:00+05:30,66973.7,67085.8,66908.5,67070.75,0,0
2025-05-23 12:15:00+05:30,67069.2,67126.45,67055.7,67090.3,0,0
2025-05-23 12:45:00+05:30,67089.6,67145.65,67083.35,67122.8,0,0
2025-05-23 13:15:00+05:30,67122.7,67162.2,67060.95,67080.0,0,0
2025-05-23 13:45:00+05:30,67079.55,67178.1,67028.75,67094.25,0,0
2025-05-23 14:15:00+05:30,67095.55,67169.1,67055.8,67060.7,0,0
2025-05-23 14:45:00+05:30,67061.15,67134.4,67011.6,67097.1,0,0
2025-05-23 15:15:00+05:30,67095.25,67104.05,67033.95,67050.25,0,0
2025-05-26 09:15:00+05:30,67376.85,67692.85,67360.7,67581.9,0,0
2025-05-26 09:45:00+05:30,67581.75,67626.4,67497.35,67546.3,0,0
2025-05-26 10:15:00+05:30,67546.1,67567.75,67291.2,67396.0,0,0
2025-05-26 10:45:00+05:30,67396.75,67508.55,67355.75,67447.2,0,0
2025-05-26 11:15:00+05:30,67447.85,67518.0,67382.05,67415.5,0,0
2025-05-26 11:45:00+05:30,67414.5,67480.25,67396.0,67402.8,0,0
2025-05-26 12:15:00+05:30,67403.55,67455.15,67364.8,67389.7,0,0
2025-05-26 12:45:00+05:30,67389.3,67424.7,67322.25,67409.15,0,0
2025-05-26 13:15:00+05:30,67408.4,67450.55,67368.55,67440.95,0,0
2025-05-26 13:45:00+05:30,67440.85,67449.4,67403.75,67436.95,0,0
2025-05-26 14:15:00+05:30,67436.1,67443.85,67350.75,67365.3,0,0
2025-05-26 14:45:00+05:30,67355.0,67433.8,67307.75,67410.4,0,0
2025-05-26 15:15:00+05:30,67410.9,67416.65,67332.8,67355.75,0,0
2025-05-27 09:15:00+05:30,67416.9,67418.0,66996.95,67101.2,0,0
2025-05-27 09:45:00+05:30,67100.85,67100.85,66891.2,67079.25,0,0
2025-05-27 10:15:00+05:30,67079.6,67097.4,66986.5,67073.4,0,0
2025-05-27 10:45:00+05:30,67072.2,67169.0,67058.75,67160.9,0,0
2025-05-27 11:15:00+05:30,67162.15,67328.7,67151.8,67249.15,0,0
2025-05-27 11:45:00+05:30,67248.85,67291.45,67218.5,67252.2,0,0
2025-05-27 12:15:00+05:30,67253.85,67263.5,67144.55,67246.65,0,0
2025-05-27 12:45:00+05:30,67246.65,67272.1,67181.8,67200.6,0,0
2025-05-27 13:15:00+05:30,67201.2,67203.5,67115.85,67143.15,0,0
2025-05-27 13:45:00+05:30,67144.25,67157.5,67036.5,67060.9,0,0
2025-05-27 14:15:00+05:30,67060.75,67204.8,66967.7,67177.65,0,0
2025-05-27 14:45:00+05:30,67178.7,67235.1,67141.6,67225.05,0,0
2025-05-27 15:15:00+05:30,67226.6,67228.15,67161.5,67202.7,0,0
2025-05-28 09:15:00+05:30,67331.7,67440.05,67151.45,67252.0,0,0
2025-05-28 09:45:00+05:30,67251.85,67270.3,67069.45,67158.1,0,0
2025-05-28 10:15:00+05:30,67156.85,67182.4,67087.45,67166.15,0,0
2025-05-28 10:45:00+05:30,67166.85,67268.05,67162.4,67231.55,0,0
2025-05-28 11:15:00+05:30,67230.9,67277.25,67127.3,67149.95,0,0
2025-05-28 11:45:00+05:30,67149.4,67177.7,67111.3,67128.1,0,0
2025-05-28 12:15:00+05:30,67127.45,67145.4,67086.5,67138.0,0,0
2025-05-28 12:45:00+05:30,67140.6,67187.35,67124.85,67126.3,0,0
2025-05-28 13:15:00+05:30,67126.95,67135.9,67062.25,67093.2,0,0
2025-05-28 13:45:00+05:30,67092.55,67129.15,67030.15,67101.35,0,0
2025-05-28 14:15:00+05:30,67101.65,67142.3,67088.75,67120.2,0,0
2025-05-28 14:45:00+05:30,67120.45,67153.05,67017.1,67018.9,0,0
2025-05-28 15:15:00+05:30,67021.35,67021.35,66887.9,66996.2,0,0
2025-05-29 09:15:00+05:30,67256.4,67327.9,66855.55,66928.35,0,0
2025-05-29 09:45:00+05:30,66927.75,67045.2,66904.55,66984.25,0,0
2025-05-29 10:15:00+05:30,66985.7,67032.6,66869.1,66876.8,0,0
2025-05-29 10:45:00+05:30,66875.95,66980.15,66860.75,66941.05,0,0
2025-05-29 11:15:00+05:30,66941.4,67040.95,66934.9,67014.0,0,0
2025-05-29 11:45:00+05:30,67013.8,67083.15,66996.85,67060.95,0,0
2025-05-29 12:15:00+05:30,67059.6,67092.6,66983.15,67043.2,0,0
2025-05-29 12:45:00+05:30,67045.0,67153.7,66990.95,67061.0,0,0
2025-05-29 13:15:00+05:30,67059.85,67060.9,66949.4,66986.6,0,0
2025-05-29 13:45:00+05:30,66985.95,66994.2,66887.3,66897.5,0,0
2025-05-29 14:15:00+05:30,66895.85,67004.85,66893.3,66994.85,0,0
2025-05-29 14:45:00+05:30,66994.85,67120.75,66970.0,67089.8,0,0
2025-05-29 15:15:00+05:30,67088.95,67159.15,67058.75,67136.2,0,0
2025-05-30 09:15:00+05:30,67136.5,67299.95,66975.9,67029.75,0,0
2025-05-30 09:45:00+05:30,67030.0,67038.05,66792.95,66825.85,0,0
2025-05-30 10:15:00+05:30,66825.9,66825.9,66596.15,66716.25,0,0
2025-05-30 10:45:00+05:30,66718.45,66866.4,66626.85,66820.8,0,0
2025-05-30 11:15:00+05:30,66821.1,66943.85,66792.4,66854.25,0,0
2025-05-30 11:45:00+05:30,66856.25,66947.6,66838.55,66883.4,0,0
2025-05-30 12:15:00+05:30,66883.35,66912.55,66786.2,66795.15,0,0
2025-05-30 12:45:00+05:30,66795.95,66902.5,66795.65,66871.1,0,0
2025-05-30 13:15:00+05:30,66872.15,66993.7,66871.7,66971.75,0,0
2025-05-30 13:45:00+05:30,66972.4,67028.55,66922.55,66922.55,0,0
2025-05-30 14:15:00+05:30,66923.3,67002.25,66907.9,66971.8,0,0
2025-05-30 14:45:00+05:30,66975.5,67058.6,66722.45,66740.0,0,0
2025-05-30 15:15:00+05:30,66739.75,66766.95,66664.8,66745.05,0,0
2025-06-02 09:15:00+05:30,66782.65,66980.35,66637.95,66927.85,0,0
2025-06-02 09:45:00+05:30,66926.6,66939.3,66799.35,66830.0,0,0
2025-06-02 10:15:00+05:30,66829.1,66844.05,66644.75,66826.6,0,0
2025-06-02 10:45:00+05:30,66826.9,66873.6,66761.7,66839.8,0,0
2025-06-02 11:15:00+05:30,66839.2,66851.6,66731.45,66774.95,0,0
2025-06-02 11:45:00+05:30,66772.35,66848.5,66765.6,66842.1,0,0
2025-06-02 12:15:00+05:30,66842.4,66973.9,66798.75,66958.3,0,0
2025-06-02 12:45:00+05:30,66958.7,67023.1,66888.1,67018.3,0,0
2025-06-02 13:15:00+05:30,67017.2,67093.3,67006.35,67091.65,0,0
2025-06-02 13:45:00+05:30,67091.9,67097.4,66954.35,66997.5,0,0
2025-06-02 14:15:00+05:30,66997.5,67009.45,66872.75,66889.9,0,0
2025-06-02 14:45:00+05:30,66889.75,67089.05,66881.1,67039.2,0,0
2025-06-02 15:15:00+05:30,67038.85,67067.6,67017.2,67038.0,0,0
2025-06-03 09:15:00+05:30,67230.0,67351.65,67085.45,67201.0,0,0
2025-06-03 09:45:00+05:30,67201.4,67247.35,67088.8,67195.4,0,0
2025-06-03 10:15:00+05:30,67195.85,67250.3,67069.95,67122.7,0,0
2025-06-03 10:45:00+05:30,67121.15,67192.55,67002.7,67004.65,0,0
2025-06-03 11:15:00+05:30,67002.4,67022.15,66837.05,66878.1,0,0
2025-06-03 11:45:00+05:30,66877.75,66940.0,66849.1,66912.7,0,0
2025-06-03 12:15:00+05:30,66912.05,66979.2,66818.25,66961.1,0,0
2025-06-03 12:45:00+05:30,66962.05,66976.05,66706.15,66762.4,0,0
2025-06-03 13:15:00+05:30,66765.25,66840.9,66723.4,66757.25,0,0
2025-06-03 13:45:00+05:30,66756.0,66804.9,66728.4,66798.75,0,0
2025-06-03 14:15:00+05:30,66800.2,66846.25,66736.95,66827.45,0,0
2025-06-03 14:45:00+05:30,66826.95,66860.0,66674.5,66675.35,0,0
2025-06-03 15:15:00+05:30,66673.2,66686.45,66607.75,66641.7,0,0
2025-06-04 09:15:00+05:30,66763.9,66905.8,66445.35,66485.5,0,0
2025-06-04 09:45:00+05:30,66483.2,66587.35,66305.9,66538.4,0,0
2025-06-04 10:15:00+05:30,66538.2,66633.8,66442.4,66621.95,0,0
2025-06-04 10:45:00+05:30,66623.1,66715.8,66615.15,66654.65,0,0
2025-06-04 11:15:00+05:30,66654.95,66716.15,66607.5,66691.0,0,0
2025-06-04 11:45:00+05:30,66689.25,66715.2,66620.1,66710.95,0,0
2025-06-04 12:15:00+05:30,66710.8,66760.95,66695.65,66756.95,0,0
2025-06-04 12:45:00+05:30,66756.8,66772.1,66692.1,66738.55,0,0
2025-06-04 13:15:00+05:30,66736.55,66758.65,66688.15,66717.8,0,0
2025-06-04 13:45:00+05:30,66717.6,66859.5,66704.0,66809.35,0,0
2025-06-04 14:15:00+05:30,66808.6,66831.95,66768.4,66795.6,0,0
2025-06-04 14:45:00+05:30,66794.45,66909.85,66787.85,66841.65,0,0
2025-06-04 15:15:00+05:30,66843.75,66898.2,66840.35,66871.35,0,0
2025-06-05 09:15:00+05:30,67077.4,67170.65,66975.85,67087.0,0,0
2025-06-05 09:45:00+05:30,67086.1,67190.35,67077.55,67161.55,0,0
2025-06-05 10:15:00+05:30,67163.0,67196.2,67102.95,67191.55,0,0
2025-06-05 10:45:00+05:30,67192.9,67212.85,67098.95,67190.2,0,0
2025-06-05 11:15:00+05:30,67189.45,67268.6,67174.9,67226.8,0,0
2025-06-05 11:45:00+05:30,67226.7,67334.2,67218.25,67303.45,0,0
2025-06-05 12:15:00+05:30,67304.85,67389.95,67276.3,67353.9,0,0
2025-06-05 12:45:00+05:30,67355.3,67375.3,67285.3,67311.95,0,0
2025-06-05 13:15:00+05:30,67312.2,67323.4,67116.4,67121.2,0,0
2025-06-05 13:45:00+05:30,67121.5,67143.85,67048.15,67114.5,0,0
2025-06-05 14:15:00+05:30,67113.65,67122.6,67058.65,67081.7,0,0
2025-06-05 14:45:00+05:30,67081.75,67168.9,67076.7,67163.85,0,0
2025-06-05 15:15:00+05:30,67164.75,67204.25,67152.65,67174.3,0,0
2025-06-06 09:15:00+05:30,67275.35,67390.0,67177.25,67241.9,0,0
2025-06-06 09:45:00+05:30,67241.25,67559.3,67153.15,67387.6,0,0
2025-06-06 10:15:00+05:30,67387.65,67618.05,67290.9,67592.1,0,0
2025-06-06 10:45:00+05:30,67593.65,67637.25,67510.25,67592.3,0,0
2025-06-06 11:15:00+05:30,67592.45,67758.9,67592.45,67753.85,0,0
2025-06-06 11:45:00+05:30,67751.05,67884.3,67751.05,67832.85,0,0
2025-06-06 12:15:00+05:30,67832.05,67862.4,67733.4,67853.75,0,0
2025-06-06 12:45:00+05:30,67852.75,67904.0,67833.1,67852.6,0,0
2025-06-06 13:15:00+05:30,67855.35,67926.0,67840.85,67881.15,0,0
2025-06-06 13:45:00+05:30,67880.5,67959.5,67842.75,67954.0,0,0
2025-06-06 14:15:00+05:30,67953.7,68011.8,67928.5,67936.55,0,0
2025-06-06 14:45:00+05:30,67935.65,68022.4,67914.55,67988.95,0,0
2025-06-06 15:15:00+05:30,67991.05,68030.1,67961.65,67966.95,0,0
2025-06-09 09:15:00+05:30,68351.1,68429.55,68246.85,68346.5,0,0
2025-06-09 09:45:00+05:30,68348.25,68463.1,68344.6,68412.75,0,0
2025-06-09 10:15:00+05:30,68409.35,68551.65,68398.2,68548.1,0,0
2025-06-09 10:45:00+05:30,68548.2,68661.6,68542.2,68622.25,0,0
2025-06-09 11:15:00+05:30,68622.5,68691.9,68611.2,68640.2,0,0
2025-06-09 11:45:00+05:30,68639.85,68704.2,68610.1,68696.35,0,0
2025-06-09 12:15:00+05:30,68695.35,68709.15,68612.95,68651.9,0,0
2025-06-09 12:45:00+05:30,68653.0,68678.6,68606.2,68659.6,0,0
2025-06-09 13:15:00+05:30,68660.7,68762.2,68638.55,68760.65,0,0
2025-06-09 13:45:00+05:30,68760.85,68824.95,68757.1,68789.3,0,0
2025-06-09 14:15:00+05:30,68788.7,68846.55,68754.45,68843.3,0,0
2025-06-09 14:45:00+05:30,68843.45,68860.9,68821.15,68843.8,0,0
2025-06-09 15:15:00+05:30,68845.2,68861.7,68829.25,68841.15,0,0
2025-06-10 09:15:00+05:30,69125.35,69125.35,68659.65,68890.1,0,0
2025-06-10 09:45:00+05:30,68888.4,68964.25,68868.0,68962.3,0,0
2025-06-10 10:15:00+05:30,68961.2,69008.4,68899.1,68960.4,0,0
2025-06-10 10:45:00+05:30,68959.7,68981.35,68848.4,68928.15,0,0
2025-06-10 11:15:00+05:30,68925.75,68948.25,68877.65,68943.55,0,0
2025-06-10 11:45:00+05:30,68943.9,69078.95,68940.1,69007.85,0,0
2025-06-10 12:15:00+05:30,69005.55,69019.25,68870.55,68988.7,0,0
2025-06-10 12:45:00+05:30,68989.15,69040.0,68955.2,69000.95,0,0
2025-06-10 13:15:00+05:30,69000.35,69066.9,68959.6,69019.2,0,0
2025-06-10 13:45:00+05:30,69017.85,69031.75,68961.25,68996.55,0,0
2025-06-10 14:15:00+05:30,68995.8,69016.85,68926.4,68935.4,0,0
2025-06-10 14:45:00+05:30,68933.05,68959.5,68872.9,68953.85,0,0
2025-06-10 15:15:00+05:30,68953.1,68962.1,68899.95,68915.6,0,0
2025-06-11 09:15:00+05:30,68993.05,69103.75,68899.55,68988.55,0,0
2025-06-11 09:45:00+05:30,68985.75,69121.45,68952.75,69048.75,0,0
2025-06-11 10:15:00+05:30,69048.7,69082.3,68936.05,69003.75,0,0
2025-06-11 10:45:00+05:30,69003.75,69058.75,68985.85,68999.7,0,0
2025-06-11 11:15:00+05:30,69001.05,69025.8,68964.35,68981.25,0,0
2025-06-11 11:45:00+05:30,68982.05,69065.1,68975.55,69045.9,0,0
2025-06-11 12:15:00+05:30,69045.05,69057.0,68985.65,69015.9,0,0
2025-06-11 12:45:00+05:30,69015.5,69058.7,69007.5,69039.15,0,0
2025-06-11 13:15:00+05:30,69039.35,69039.35,68718.35,68720.9,0,0
2025-06-11 13:45:00+05:30,68719.2,68719.2,68497.6,68643.6,0,0
2025-06-11 14:15:00+05:30,68643.45,68763.8,68633.95,68748.65,0,0
2025-06-11 14:45:00+05:30,68749.3,68830.95,68722.9,68790.4,0,0
2025-06-11 15:15:00+05:30,68790.9,68804.85,68736.05,68782.3,0,0
2025-06-12 09:15:00+05:30,68884.8,68887.3,68489.4,68500.95,0,0
2025-06-12 09:45:00+05:30,68499.9,68566.1,68407.8,68497.45,0,0
2025-06-12 10:15:00+05:30,68496.0,68563.65,68381.0,68385.4,0,0
2025-06-12 10:45:00+05:30,68384.05,68414.2,68275.2,68306.2,0,0
2025-06-12 11:15:00+05:30,68305.6,68416.5,68249.2,68299.9,0,0
2025-06-12 11:45:00+05:30,68298.5,68298.5,68101.4,68158.75,0,0
2025-06-12 12:15:00+05:30,68156.45,68301.35,68135.4,68299.8,0,0
2025-06-12 12:45:00+05:30,68298.95,68337.25,68182.2,68234.55,0,0
2025-06-12 13:15:00+05:30,68233.6,68246.45,67774.5,67775.55,0,0
2025-06-12 13:45:00+05:30,67775.6,67874.5,67528.75,67545.55,0,0
2025-06-12 14:15:00+05:30,67544.0,67785.3,67535.4,67721.55,0,0
2025-06-12 14:45:00+05:30,67720.3,67765.4,67535.95,67593.0,0,0
2025-06-12 15:15:00+05:30,67592.1,67595.3,67389.9,67436.85,0,0
2025-06-13 09:15:00+05:30,66175.3,66725.75,66051.7,66602.05,0,0
2025-06-13 09:45:00+05:30,66604.3,66860.85,66451.4,66845.7,0,0
2025-06-13 10:15:00+05:30,66844.2,66998.15,66769.85,66961.25,0,0
2025-06-13 10:45:00+05:30,66959.95,67040.95,66764.05,66774.7,0,0
2025-06-13 11:15:00+05:30,66771.95,66927.5,66744.9,66843.1,0,0
2025-06-13 11:45:00+05:30,66842.7,66928.9,66784.75,66836.35,0,0
2025-06-13 12:15:00+05:30,66834.45,66912.15,66786.7,66838.35,0,0
2025-06-13 12:45:00+05:30,66837.0,66871.2,66686.1,66747.05,0,0
2025-06-13 13:15:00+05:30,66745.55,66894.0,66722.25,66876.75,0,0
2025-06-13 13:45:00+05:30,66877.2,66944.65,66823.1,66848.8,0,0
2025-06-13 14:15:00+05:30,66849.45,66885.7,66800.1,66805.8,0,0
2025-06-13 14:45:00+05:30,66804.1,67002.05,66716.1,66992.65,0,0
2025-06-13 15:15:00+05:30,66992.4,67084.95,66956.45,67048.4,0,0
2025-06-16 09:15:00+05:30,66988.9,67191.2,66525.85,66576.85,0,0
2025-06-16 09:45:00+05:30,66585.1,66694.05,66361.1,66647.05,0,0
2025-06-16 10:15:00+05:30,66646.15,66963.9,66646.15,66878.1,0,0
2025-06-16 10:45:00+05:30,66879.55,67098.7,66879.55,67028.9,0,0
2025-06-16 11:15:00+05:30,67029.45,67166.3,66979.0,67149.9,0,0
2025-06-16 11:45:00+05:30,67148.9,67185.55,67050.8,67150.75,0,0
2025-06-16 12:15:00+05:30,67150.85,67216.3,67090.45,67192.65,0,0
2025-06-16 12:45:00+05:30,67191.2,67260.0,67125.8,67248.75,0,0
2025-06-16 13:15:00+05:30,67249.1,67456.05,67209.95,67399.65,0,0
2025-06-16 13:45:00+05:30,67396.9,67509.5,67366.9,67496.05,0,0
2025-06-16 14:15:00+05:30,67496.3,67508.15,67405.75,67449.15,0,0
2025-06-16 14:45:00+05:30,67449.05,67486.1,67409.15,67484.65,0,0
2025-06-16 15:15:00+05:30,67482.5,67521.5,67463.75,67471.75,0,0
2025-06-17 09:15:00+05:30,67555.05,67733.75,67410.7,67659.8,0,0
2025-06-17 09:45:00+05:30,67658.95,67698.0,67495.9,67529.7,0,0
2025-06-17 10:15:00+05:30,67527.85,67630.15,67525.8,67606.65,0,0
2025-06-17 10:45:00+05:30,67605.25,67605.25,67447.3,67504.1,0,0
2025-06-17 11:15:00+05:30,67504.55,67507.35,67419.3,67461.45,0,0
2025-06-17 11:45:00+05:30,67460.7,67468.1,67240.85,67281.85,0,0
2025-06-17 12:15:00+05:30,67284.2,67344.8,67194.9,67195.95,0,0
2025-06-17 12:45:00+05:30,67195.1,67199.0,66970.7,67091.95,0,0
2025-06-17 13:15:00+05:30,67091.65,67126.95,66986.75,67111.2,0,0
2025-06-17 13:45:00+05:30,67112.15,67159.35,67014.0,67114.25,0,0
2025-06-17 14:15:00+05:30,67115.65,67129.2,66923.7,67008.25,0,0
2025-06-17 14:45:00+05:30,67009.75,67074.15,66930.6,67042.15,0,0
2025-06-17 15:15:00+05:30,67040.6,67043.35,66943.0,66954.15,0,0
2025-06-18 09:15:00+05:30,67007.0,67271.75,66826.2,67242.5,0,0
2025-06-18 09:45:00+05:30,67241.6,67309.75,67120.2,67196.4,0,0
2025-06-18 10:15:00+05:30,67195.3,67208.55,66954.1,67033.7,0,0
2025-06-18 10:45:00+05:30,67032.55,67032.75,66824.7,66980.1,0,0
2025-06-18 11:15:00+05:30,66978.65,66990.65,66738.9,66910.5,0,0
2025-06-18 11:45:00+05:30,66909.4,66940.85,66754.45,66917.4,0,0
2025-06-18 12:15:00+05:30,66919.25,66920.05,66686.75,66687.8,0,0
2025-06-18 12:45:00+05:30,66689.1,66798.2,66641.65,66788.4,0,0
2025-06-18 13:15:00+05:30,66787.2,66885.55,66733.8,66853.65,0,0
2025-06-18 13:45:00+05:30,66854.05,66856.5,66742.5,66743.15,0,0
2025-06-18 14:15:00+05:30,66742.75,66820.5,66623.1,66786.8,0,0
2025-06-18 14:45:00+05:30,66785.2,66847.7,66766.25,66799.15,0,0
2025-06-18 15:15:00+05:30,66799.7,66802.8,66743.85,66751.15,0,0
2025-06-19 09:15:00+05:30,66752.35,66866.5,66634.35,66812.8,0,0
2025-06-19 09:45:00+05:30,66815.3,66969.4,66574.35,66631.95,0,0
2025-06-19 10:15:00+05:30,66630.25,66631.2,66317.6,66330.8,0,0
2025-06-19 10:45:00+05:30,66331.65,66533.05,66319.3,66411.35,0,0
2025-06-19 11:15:00+05:30,66411.9,66423.3,66246.75,66279.15,0,0
2025-06-19 11:45:00+05:30,66280.8,66307.95,66173.2,66272.8,0,0
2025-06-19 12:15:00+05:30,66269.05,66276.45,65941.55,65946.8,0,0
2025-06-19 12:45:00+05:30,65946.75,66010.95,65808.7,65881.45,0,0
2025-06-19 13:15:00+05:30,65881.65,65903.15,65774.15,65821.1,0,0
2025-06-19 13:45:00+05:30,65820.1,66050.25,65792.6,66036.45,0,0
2025-06-19 14:15:00+05:30,66039.15,66158.1,65924.45,65950.4,0,0
2025-06-19 14:45:00+05:30,65953.1,65977.3,65860.0,65888.75,0,0
2025-06-19 15:15:00+05:30,65891.5,65897.95,65690.05,65738.1,0,0
2025-06-20 09:15:00+05:30,65894.05,66283.8,65830.25,66215.5,0,0
2025-06-20 09:45:00+05:30,66216.5,66346.35,65988.05,66161.95,0,0
2025-06-20 10:15:00+05:30,66158.85,66440.9,66158.4,66421.85,0,0
2025-06-20 10:45:00+05:30,66422.6,66589.35,66420.8,66586.3,0,0
2025-06-20 11:15:00+05:30,66586.55,66708.7,66584.25,66663.0,0,0
2025-06-20 11:45:00+05:30,66661.8,66692.25,66604.8,66644.55,0,0
2025-06-20 12:15:00+05:30,66644.75,66650.55,66319.05,66470.2,0,0
2025-06-20 12:45:00+05:30,66469.1,66542.35,66469.1,66506.35,0,0
2025-06-20 13:15:00+05:30,66507.5,66589.85,66500.8,66568.9,0,0
2025-06-20 13:45:00+05:30,66568.75,66623.7,66494.05,66520.45,0,0
2025-06-20 14:15:00+05:30,66520.1,66634.0,66515.2,66634.0,0,0
2025-06-20 14:45:00+05:30,66633.05,66753.85,66621.85,66713.65,0,0
2025-06-20 15:15:00+05:30,66719.5,66852.25,66601.1,66635.25,0,0
2025-06-23 09:15:00+05:30,66209.45,66546.85,66204.1,66324.8,0,0
2025-06-23 09:45:00+05:30,66326.6,66431.15,66218.4,66397.5,0,0
2025-06-23 10:15:00+05:30,66398.2,66531.2,66367.95,66528.55,0,0
2025-06-23 10:45:00+05:30,66528.15,66601.85,66439.8,66595.45,0,0
2025-06-23 11:15:00+05:30,66594.6,66711.1,66525.4,66702.9,0,0
2025-06-23 11:45:00+05:30,66700.7,66725.75,66632.2,66705.6,0,0
2025-06-23 12:15:00+05:30,66704.45,66795.9,66669.4,66787.25,0,0
2025-06-23 12:45:00+05:30,66789.55,66812.85,66751.1,66797.9,0,0
2025-06-23 13:15:00+05:30,66796.05,66929.45,66791.1,66903.95,0,0
2025-06-23 13:45:00+05:30,66903.45,66944.4,66870.2,66902.85,0,0
2025-06-23 14:15:00+05:30,66901.05,66940.3,66784.55,66800.6,0,0
2025-06-23 14:45:00+05:30,66799.85,66854.85,66752.6,66790.35,0,0
2025-06-23 15:15:00+05:30,66789.3,66802.2,66722.9,66727.9,0,0
2025-06-24 09:15:00+05:30,67517.0,67587.4,67388.6,67444.4,0,0
2025-06-24 09:45:00+05:30,67445.65,67629.0,67407.95,67588.9,0,0
2025-06-24 10:15:00+05:30,67586.65,67648.05,67578.65,67617.15,0,0
2025-06-24 10:45:00+05:30,67617.35,67697.9,67615.0,67650.55,0,0
2025-06-24 11:15:00+05:30,67652.0,67749.2,67647.45,67734.55,0,0
2025-06-24 11:45:00+05:30,67733.5,67792.3,67723.85,67757.85,0,0
2025-06-24 12:15:00+05:30,67758.5,67759.15,67556.45,67589.55,0,0
2025-06-24 12:45:00+05:30,67588.25,67705.3,67563.95,67617.45,0,0
2025-06-24 13:15:00+05:30,67616.9,67665.7,67289.2,67328.9,0,0
2025-06-24 13:45:00+05:30,67329.7,67420.7,67224.4,67312.1,0,0
2025-06-24 14:15:00+05:30,67311.4,67435.55,67284.0,67397.0,0,0
2025-06-24 14:45:00+05:30,67400.05,67401.55,67305.0,67333.25,0,0
2025-06-24 15:15:00+05:30,67337.65,67388.3,67301.7,67350.35,0,0
2025-06-25 09:15:00+05:30,67692.25,67782.45,67566.7,67677.0,0,0
2025-06-25 09:45:00+05:30,67676.15,67724.95,67599.7,67633.35,0,0
2025-06-25 10:15:00+05:30,67633.65,67728.1,67632.15,67686.05,0,0
2025-06-25 10:45:00+05:30,67686.25,67709.85,67639.9,67681.9,0,0
2025-06-25 11:15:00+05:30,67681.9,67708.0,67666.4,67667.95,0,0
2025-06-25 11:45:00+05:30,67667.0,67700.05,67543.75,67550.0,0,0
2025-06-25 12:15:00+05:30,67549.75,67650.5,67525.8,67618.2,0,0
2025-06-25 12:45:00+05:30,67617.8,67683.3,67551.95,67675.65,0,0
2025-06-25 13:15:00+05:30,67674.4,67682.85,67611.5,67674.1,0,0
2025-06-25 13:45:00+05:30,67673.85,67681.6,67587.75,67641.95,0,0
2025-06-25 14:15:00+05:30,67642.25,67654.85,67574.3,67616.7,0,0
2025-06-25 14:45:00+05:30,67616.1,67696.9,67595.55,67689.75,0,0
2025-06-25 15:15:00+05:30,67688.2,67693.75,67631.65,67648.55,0,0
2025-06-26 09:15:00+05:30,67879.45,67900.1,67700.05,67750.35,0,0
2025-06-26 09:45:00+05:30,67749.85,67788.8,67641.75,67714.2,0,0
2025-06-26 10:15:00+05:30,67714.3,67802.4,67707.75,67725.85,0,0
2025-06-26 10:45:00+05:30,67725.5,67768.55,67693.05,67734.6,0,0
2025-06-26 11:15:00+05:30,67734.95,67737.7,67621.35,67675.35,0,0
2025-06-26 11:45:00+05:30,67677.4,67767.5,67672.85,67767.5,0,0
2025-06-26 12:15:00+05:30,67767.65,67860.1,67730.35,67854.4,0,0
2025-06-26 12:45:00+05:30,67856.05,67902.25,67743.4,67899.05,0,0
2025-06-26 13:15:00+05:30,67899.05,67931.35,67837.0,67904.15,0,0
2025-06-26 13:45:00+05:30,67907.3,68001.7,67907.3,67993.85,0,0
2025-06-26 14:15:00+05:30,67993.15,68140.85,67993.15,68135.4,0,0
2025-06-26 14:45:00+05:30,68136.05,68321.9,68110.6,68297.7,0,0
2025-06-26 15:15:00+05:30,68298.2,68346.7,68255.55,68262.55,0,0
2025-06-27 09:15:00+05:30,68479.0,68759.2,68439.7,68618.65,0,0
2025-06-27 09:45:00+05:30,68618.15,68766.3,68604.6,68749.75,0,0
2025-06-27 10:15:00+05:30,68749.15,68843.05,68728.6,68829.3,0,0
2025-06-27 10:45:00+05:30,68831.4,68904.15,68790.85,68885.05,0,0
2025-06-27 11:15:00+05:30,68883.05,68886.55,68781.75,68864.3,0,0
2025-06-27 11:45:00+05:30,68863.4,68866.6,68776.4,68789.0,0,0
2025-06-27 12:15:00+05:30,68787.15,68821.1,68746.25,68777.45,0,0
2025-06-27 12:45:00+05:30,68777.15,68823.15,68689.6,68707.2,0,0
2025-06-27 13:15:00+05:30,68706.95,68736.55,68624.35,68713.9,0,0
2025-06-27 13:45:00+05:30,68712.1,68813.05,68708.35,68803.65,0,0
2025-06-27 14:15:00+05:30,68799.75,68809.15,68705.5,68747.9,0,0
2025-06-27 14:45:00+05:30,68750.15,68752.4,68626.85,68708.3,0,0
2025-06-27 15:15:00+05:30,68707.7,68834.65,68694.6,68752.4,0,0
2025-06-30 09:15:00+05:30,68913.7,69024.15,68773.25,68832.3,0,0
2025-06-30 09:45:00+05:30,68831.0,68895.65,68731.9,68851.8,0,0
2025-06-30 10:15:00+05:30,68851.95,68936.65,68778.85,68807.15,0,0
2025-06-30 10:45:00+05:30,68805.95,68905.05,68790.95,68866.7,0,0
2025-06-30 11:15:00+05:30,68865.5,68962.95,68830.95,68926.85,0,0
2025-06-30 11:45:00+05:30,68925.55,68948.8,68880.45,68926.6,0,0
2025-06-30 12:15:00+05:30,68927.1,68946.5,68812.0,68829.05,0,0
2025-06-30 12:45:00+05:30,68828.35,68897.0,68769.6,68810.55,0,0
2025-06-30 13:15:00+05:30,68810.6,68874.7,68780.95,68844.9,0,0
2025-06-30 13:45:00+05:30,68843.3,68883.45,68766.45,68870.15,0,0
2025-06-30 14:15:00+05:30,68867.05,68988.75,68811.35,68982.9,0,0
2025-06-30 14:45:00+05:30,68983.05,69042.35,68966.55,68992.4,0,0
2025-06-30 15:15:00+05:30,68991.25,69017.4,68944.7,68953.1,0,0
2025-07-01 09:15:00+05:30,69163.3,69179.25,69045.65,69064.35,0,0
2025-07-01 09:45:00+05:30,69062.8,69079.45,68884.35,68884.35,0,0
2025-07-01 10:15:00+05:30,68884.3,68961.6,68851.15,68873.45,0,0
2025-07-01 10:45:00+05:30,68873.1,68875.8,68669.45,68803.2,0,0
2025-07-01 11:15:00+05:30,68803.85,68844.7,68769.0,68813.85,0,0
2025-07-01 11:45:00+05:30,68813.45,68828.75,68688.3,68784.65,0,0
2025-07-01 12:15:00+05:30,68784.95,68933.75,68784.8,68893.15,0,0
2025-07-01 12:45:00+05:30,68894.7,68898.6,68798.75,68849.8,0,0
2025-07-01 13:15:00+05:30,68851.1,68913.2,68815.4,68868.25,0,0
2025-07-01 13:45:00+05:30,68870.4,68927.1,68812.9,68925.55,0,0
2025-07-01 14:15:00+05:30,68923.95,68930.7,68835.5,68861.4,0,0
2025-07-01 14:45:00+05:30,68862.05,68920.1,68854.1,68913.55,0,0
2025-07-01 15:15:00+05:30,68911.2,68987.95,68908.6,68963.85,0,0
2025-07-02 09:15:00+05:30,68980.9,69144.85,68820.85,68841.0,0,0
2025-07-02 09:45:00+05:30,68838.95,68851.05,68619.4,68667.1,0,0
2025-07-02 10:15:00+05:30,68668.2,68730.75,68520.2,68584.6,0,0
2025-07-02 10:45:00+05:30,68584.75,68644.65,68560.05,68643.3,0,0
2025-07-02 11:15:00+05:30,68644.25,68750.4,68604.3,68705.35,0,0
2025-07-02 11:45:00+05:30,68704.1,68816.75,68692.6,68773.1,0,0
2025-07-02 12:15:00+05:30,68773.25,68785.35,68703.3,68709.75,0,0
2025-07-02 12:45:00+05:30,68709.8,68726.4,68600.55,68609.1,0,0
2025-07-02 13:15:00+05:30,68607.75,68607.75,68335.15,68415.15,0,0
2025-07-02 13:45:00+05:30,68414.0,68642.0,68379.05,68640.0,0,0
2025-07-02 14:15:00+05:30,68641.0,68643.2,68547.8,68572.6,0,0
2025-07-02 14:45:00+05:30,68572.0,68794.75,68569.2,68753.0,0,0
2025-07-02 15:15:00+05:30,68753.1,68761.6,68695.55,68710.75,0,0
2025-07-03 09:15:00+05:30,68800.85,68889.8,68553.1,68626.4,0,0
2025-07-03 09:45:00+05:30,68627.85,68759.25,68567.3,68742.75,0,0
2025-07-03 10:15:00+05:30,68742.3,68855.7,68689.5,68719.1,0,0
2025-07-03 10:45:00+05:30,68718.7,68723.65,68655.5,68711.3,0,0
2025-07-03 11:15:00+05:30,68711.5,68721.3,68578.05,68580.5,0,0
2025-07-03 11:45:00+05:30,68581.5,68661.1,68532.35,68645.8,0,0
2025-07-03 12:15:00+05:30,68645.7,68645.7,68515.4,68581.4,0,0
2025-07-03 12:45:00+05:30,68581.2,68592.8,68529.45,68582.35,0,0
2025-07-03 13:15:00+05:30,68582.8,68600.6,68496.3,68585.55,0,0
2025-07-03 13:45:00+05:30,68594.35,68595.55,68461.0,68478.1,0,0
2025-07-03 14:15:00+05:30,68478.05,68490.8,68332.95,68394.55,0,0
2025-07-03 14:45:00+05:30,68395.25,68413.15,68314.35,68383.9,0,0
2025-07-03 15:15:00+05:30,68380.75,68389.2,68305.35,68338.15,0,0
2025-07-04 09:15:00+05:30,68546.9,68723.5,68445.45,68624.5,0,0
2025-07-04 09:45:00+05:30,68622.4,68699.9,68607.15,68651.8,0,0
2025-07-04 10:15:00+05:30,68652.05,68724.35,68629.35,68714.4,0,0
2025-07-04 10:45:00+05:30,68714.7,68731.65,68626.85,68646.1,0,0
2025-07-04 11:15:00+05:30,68646.25,68658.15,68398.8,68447.95,0,0
2025-07-04 11:45:00+05:30,68448.65,68448.65,68280.15,68422.3,0,0
2025-07-04 12:15:00+05:30,68421.55,68428.0,68347.95,68367.95,0,0
2025-07-04 12:45:00+05:30,68368.25,68442.35,68292.9,68437.65,0,0
2025-07-04 13:15:00+05:30,68437.0,68440.45,68366.4,68422.9,0,0
2025-07-04 13:45:00+05:30,68423.5,68479.1,68407.7,68408.9,0,0
2025-07-04 14:15:00+05:30,68409.4,68561.85,68374.45,68554.7,0,0
2025-07-04 14:45:00+05:30,68555.1,68647.15,68527.2,68625.65,0,0
2025-07-04 15:15:00+05:30,68629.55,68635.45,68578.6,68601.9,0,0
2025-07-07 09:15:00+05:30,68692.85,68852.65,68544.6,68685.5,0,0
2025-07-07 09:45:00+05:30,68686.65,68820.55,68636.75,68733.75,0,0
2025-07-07 10:15:00+05:30,68733.9,68869.95,68718.05,68767.75,0,0
2025-07-07 10:45:00+05:30,68767.9,68787.9,68699.15,68718.4,0,0
2025-07-07 11:15:00+05:30,68720.0,68749.85,68667.35,68716.0,0,0
2025-07-07 11:45:00+05:30,68716.6,68717.4,68620.0,68658.75,0,0
2025-07-07 12:15:00+05:30,68659.1,68701.9,68609.6,68669.25,0,0
2025-07-07 12:45:00+05:30,68671.6,68673.1,68585.75,68647.05,0,0
2025-07-07 13:15:00+05:30,68647.95,68672.4,68588.95,68611.0,0,0
2025-07-07 13:45:00+05:30,68609.85,68673.25,68609.85,68649.05,0,0
2025-07-07 14:15:00+05:30,68648.05,68694.55,68628.95,68653.1,0,0
2025-07-07 14:45:00+05:30,68651.45,68746.2,68610.95,68737.2,0,0
2025-07-07 15:15:00+05:30,68727.6,68760.25,68702.5,68712.85,0,0
2025-07-08 09:15:00+05:30,68820.95,68987.25,68718.9,68807.95,0,0
2025-07-08 09:45:00+05:30,68808.95,68879.15,68618.2,68652.35,0,0
2025-07-08 10:15:00+05:30,68652.05,68697.15,68593.2,68595.05,0,0
2025-07-08 10:45:00+05:30,68597.75,68627.45,68405.9,68459.05,0,0
2025-07-08 11:15:00+05:30,68457.5,68513.05,68414.05,68423.6,0,0
2025-07-08 11:45:00+05:30,68422.9,68489.25,68395.5,68462.2,0,0
2025-07-08 12:15:00+05:30,68462.3,68572.25,68368.35,68543.1,0,0
2025-07-08 12:45:00+05:30,68543.4,68615.95,68538.25,68601.55,0,0
2025-07-08 13:15:00+05:30,68601.55,68653.7,68586.25,68614.95,0,0
2025-07-08 13:45:00+05:30,68614.8,68634.35,68573.55,68586.85,0,0
2025-07-08 14:15:00+05:30,68586.35,68621.5,68562.65,68586.85,0,0
2025-07-08 14:45:00+05:30,68589.95,68749.5,68584.25,68723.75,0,0
2025-07-08 15:15:00+05:30,68722.65,68751.8,68696.8,68708.85,0,0
2025-07-09 09:15:00+05:30,68755.95,68838.0,68678.95,68749.5,0,0
2025-07-09 09:45:00+05:30,68748.4,68808.1,68697.5,68797.3,0,0
2025-07-09 10:15:00+05:30,68796.15,68855.35,68772.3,68799.35,0,0
2025-07-09 10:45:00+05:30,68799.2,68891.25,68794.45,68869.5,0,0
2025-07-09 11:15:00+05:30,68868.6,68905.95,68819.4,68831.7,0,0
2025-07-09 11:45:00+05:30,68833.1,68854.55,68563.55,68707.1,0,0
2025-07-09 12:15:00+05:30,68706.8,68738.0,68622.55,68633.95,0,0
2025-07-09 12:45:00+05:30,68634.15,68674.1,68610.85,68669.95,0,0
2025-07-09 13:15:00+05:30,68669.3,68706.75,68648.2,68653.9,0,0
2025-07-09 13:45:00+05:30,68655.05,68696.5,68642.45,68690.15,0,0
2025-07-09 14:15:00+05:30,68687.85,68706.7,68527.85,68610.5,0,0
2025-07-09 14:45:00+05:30,68613.1,68710.65,68533.3,68701.2,0,0
2025-07-09 15:15:00+05:30,68703.85,68707.0,68637.05,68655.6,0,0
2025-07-10 09:15:00+05:30,68821.9,68840.05,68591.45,68660.8,0,0
2025-07-10 09:45:00+05:30,68660.05,68743.5,68550.6,68569.7,0,0
2025-07-10 10:15:00+05:30,68571.8,68613.2,68553.3,68586.65,0,0
2025-07-10 10:45:00+05:30,68586.8,68598.25,68431.15,68492.35,0,0
2025-07-10 11:15:00+05:30,68492.85,68515.45,68426.05,68451.25,0,0
2025-07-10 11:45:00+05:30,68451.3,68472.85,68355.9,68407.05,0,0
2025-07-10 12:15:00+05:30,68405.2,68528.85,68393.45,68487.0,0,0
2025-07-10 12:45:00+05:30,68487.25,68494.7,68421.65,68435.5,0,0
2025-07-10 13:15:00+05:30,68434.7,68463.55,68393.0,68394.2,0,0
2025-07-10 13:45:00+05:30,68394.5,68511.3,68354.35,68457.1,0,0
2025-07-10 14:15:00+05:30,68459.2,68568.75,68449.2,68568.0,0,0
2025-07-10 14:45:00+05:30,68566.65,68590.25,68495.0,68535.45,0,0
2025-07-10 15:15:00+05:30,68536.55,68539.3,68462.65,68488.75,0,0
2025-07-11 09:15:00+05:30,68507.05,68627.05,68399.55,68581.2,0,0
2025-07-11 09:45:00+05:30,68581.45,68596.1,68406.35,68417.25,0,0
2025-07-11 10:15:00+05:30,68419.9,68425.9,68252.9,68259.9,0,0
2025-07-11 10:45:00+05:30,68261.2,68261.2,68063.75,68222.7,0,0
2025-07-11 11:15:00+05:30,68222.05,68231.35,68119.7,68197.05,0,0
2025-07-11 11:45:00+05:30,68193.6,68287.1,68122.05,68192.6,0,0
2025-07-11 12:15:00+05:30,68192.85,68324.75,68151.85,68272.65,0,0
2025-07-11 12:45:00+05:30,68272.75,68289.15,68111.35,68146.5,0,0
2025-07-11 13:15:00+05:30,68147.45,68196.2,68049.8,68068.5,0,0
2025-07-11 13:45:00+05:30,68067.25,68140.95,68036.35,68061.1,0,0
2025-07-11 14:15:00+05:30,68060.95,68117.65,68024.65,68105.95,0,0
2025-07-11 14:45:00+05:30,68107.85,68122.15,68000.95,68007.75,0,0
2025-07-11 15:15:00+05:30,68005.95,68009.5,67869.75,67898.1,0,0
2025-07-14 09:15:00+05:30,67956.0,68059.45,67793.15,68028.5,0,0
2025-07-14 09:45:00+05:30,68032.25,68200.25,67964.6,68196.95,0,0
2025-07-14 10:15:00+05:30,68199.65,68336.8,68176.95,68276.25,0,0
2025-07-14 10:45:00+05:30,68275.85,68368.6,68172.0,68173.85,0,0
2025-07-14 11:15:00+05:30,68172.95,68177.9,68007.5,68025.15,0,0
2025-07-14 11:45:00+05:30,68024.85,68157.3,68014.6,68141.9,0,0
2025-07-14 12:15:00+05:30,68144.0,68221.05,68114.75,68213.6,0,0
2025-07-14 12:45:00+05:30,68213.35,68242.05,68102.5,68152.2,0,0
2025-07-14 13:15:00+05:30,68151.75,68217.15,68149.65,68169.45,0,0
2025-07-14 13:45:00+05:30,68168.15,68188.05,68085.45,68167.7,0,0
2025-07-14 14:15:00+05:30,68166.4,68259.05,68149.0,68250.95,0,0
2025-07-14 14:45:00+05:30,68248.65,68339.9,68241.75,68266.6,0,0
2025-07-14 15:15:00+05:30,68268.3,68303.9,68243.5,68264.0,0,0
2025-07-15 09:15:00+05:30,68440.85,68653.6,68399.0,68404.1,0,0
2025-07-15 09:45:00+05:30,68404.4,68588.45,68336.4,68564.0,0,0
2025-07-15 10:15:00+05:30,68563.9,68669.95,68428.15,68652.45,0,0
2025-07-15 10:45:00+05:30,68652.15,68757.75,68631.2,68702.55,0,0
2025-07-15 11:15:00+05:30,68702.15,68755.45,68628.65,68751.55,0,0
2025-07-15 11:45:00+05:30,68751.7,68756.2,68692.35,68693.75,0,0
2025-07-15 12:15:00+05:30,68693.25,68730.55,68657.3,68698.75,0,0
2025-07-15 12:45:00+05:30,68699.9,68722.8,68657.35,68710.5,0,0
2025-07-15 13:15:00+05:30,68711.45,68722.0,68590.35,68623.65,0,0
2025-07-15 13:45:00+05:30,68624.85,68674.65,68599.9,68606.2,0,0
2025-07-15 14:15:00+05:30,68606.3,68660.0,68599.85,68646.2,0,0
2025-07-15 14:45:00+05:30,68646.3,68760.8,68578.15,68757.35,0,0
2025-07-15 15:15:00+05:30,68757.05,68778.8,68726.2,68731.4,0,0
2025-07-16 09:15:00+05:30,68740.95,68742.35,68517.7,68598.55,0,0
2025-07-16 09:45:00+05:30,68601.35,68671.1,68541.75,68669.65,0,0
2025-07-16 10:15:00+05:30,68668.7,68728.25,68596.8,68603.85,0,0
2025-07-16 10:45:00+05:30,68605.05,68697.6,68592.45,68681.65,0,0
2025-07-16 11:15:00+05:30,68682.85,68696.2,68612.95,68641.75,0,0
2025-07-16 11:45:00+05:30,68642.4,68755.7,68636.1,68731.75,0,0
2025-07-16 12:15:00+05:30,68731.95,68765.25,68717.35,68735.0,0,0
2025-07-16 12:45:00+05:30,68735.55,68750.95,68719.6,68748.85,0,0
2025-07-16 13:15:00+05:30,68748.85,68808.6,68740.4,68799.5,0,0
2025-07-16 13:45:00+05:30,68800.0,68826.85,68761.9,68808.05,0,0
2025-07-16 14:15:00+05:30,68807.75,68925.9,68807.05,68915.95,0,0
2025-07-16 14:45:00+05:30,68914.8,68958.8,68851.95,68876.15,0,0
2025-07-16 15:15:00+05:30,68880.75,68882.5,68814.45,68830.75,0,0
2025-07-17 09:15:00+05:30,68992.15,69046.45,68753.5,68786.8,0,0
2025-07-17 09:45:00+05:30,68788.7,68828.05,68748.35,68754.95,0,0
2025-07-17 10:15:00+05:30,68753.65,68840.3,68739.0,68765.2,0,0
2025-07-17 10:45:00+05:30,68764.85,68844.8,68764.15,68796.75,0,0
2025-07-17 11:15:00+05:30,68796.35,68853.95,68772.0,68829.95,0,0
2025-07-17 11:45:00+05:30,68828.7,68833.15,68741.3,68741.95,0,0
2025-07-17 12:15:00+05:30,68740.85,68820.25,68704.7,68811.85,0,0
2025-07-17 12:45:00+05:30,68811.2,68837.2,68710.7,68725.45,0,0
2025-07-17 13:15:00+05:30,68725.45,68793.6,68714.85,68772.35,0,0
2025-07-17 13:45:00+05:30,68771.7,68797.05,68738.4,68760.15,0,0
2025-07-17 14:15:00+05:30,68759.4,68772.2,68699.05,68734.55,0,0
2025-07-17 14:45:00+05:30,68734.05,68763.15,68671.8,68745.8,0,0
2025-07-17 15:15:00+05:30,68746.9,68747.6,68638.85,68659.0,0,0
2025-07-18 09:15:00+05:30,68799.9,68877.85,68659.95,68716.5,0,0
2025-07-18 09:45:00+05:30,68715.6,68716.3,68469.7,68494.05,0,0
2025-07-18 10:15:00+05:30,68490.25,68490.7,68139.55,68276.65,0,0
2025-07-18 10:45:00+05:30,68277.1,68389.4,68210.6,68389.4,0,0
2025-07-18 11:15:00+05:30,68389.45,68486.05,68388.8,68445.1,0,0
2025-07-18 11:45:00+05:30,68443.2,68474.8,68377.3,68387.05,0,0
2025-07-18 12:15:00+05:30,68386.85,68394.1,68318.4,68319.05,0,0
2025-07-18 12:45:00+05:30,68317.95,68384.85,68279.15,68338.2,0,0
2025-07-18 13:15:00+05:30,68338.05,68379.65,68291.7,68377.1,0,0
2025-07-18 13:45:00+05:30,68378.3,68387.0,68294.3,68320.4,0,0
2025-07-18 14:15:00+05:30,68320.1,68412.8,68273.65,68368.6,0,0
2025-07-18 14:45:00+05:30,68368.75,68377.9,68216.15,68239.95,0,0
2025-07-18 15:15:00+05:30,68240.0,68243.45,68170.95,68182.5,0,0
2025-07-21 09:15:00+05:30,68278.6,68283.8,67988.2,68106.4,0,0
2025-07-21 09:45:00+05:30,68105.45,68290.65,68071.15,68243.15,0,0
2025-07-21 10:15:00+05:30,68244.2,68458.1,68220.55,68397.45,0,0
2025-07-21 10:45:00+05:30,68394.75,68445.25,68297.5,68412.75,0,0
2025-07-21 11:15:00+05:30,68411.2,68422.45,68302.65,68326.8,0,0
2025-07-21 11:45:00+05:30,68324.5,68464.75,68313.9,68461.95,0,0
2025-07-21 12:15:00+05:30,68462.15,68532.5,68428.75,68520.45,0,0
2025-07-21 12:45:00+05:30,68520.3,68546.7,68464.35,68468.85,0,0
2025-07-21 13:15:00+05:30,68470.2,68485.15,68438.8,68443.3,0,0
2025-07-21 13:45:00+05:30,68442.4,68442.4,68326.3,68397.25,0,0
2025-07-21 14:15:00+05:30,68398.65,68420.3,68370.8,68413.65,0,0
2025-07-21 14:45:00+05:30,68413.5,68493.85,68397.75,68487.85,0,0
2025-07-21 15:15:00+05:30,68484.0,68576.05,68480.1,68534.25,0,0
2025-07-22 09:15:00+05:30,68704.35,68747.3,68387.75,68449.25,0,0
2025-07-22 09:45:00+05:30,68450.6,68491.65,68333.1,68410.3,0,0
2025-07-22 10:15:00+05:30,68409.1,68409.1,68306.7,68371.15,0,0
2025-07-22 10:45:00+05:30,68369.85,68415.8,68308.1,68343.1,0,0
2025-07-22 11:15:00+05:30,68341.6,68363.25,68309.5,68339.1,0,0
2025-07-22 11:45:00+05:30,68341.3,68367.9,68309.8,68319.5,0,0
2025-07-22 12:15:00+05:30,68319.2,68397.7,68294.7,68397.7,0,0
2025-07-22 12:45:00+05:30,68397.1,68432.9,68330.3,68345.55,0,0
2025-07-22 13:15:00+05:30,68345.95,68377.55,68330.05,68364.05,0,0
2025-07-22 13:45:00+05:30,68364.55,68425.65,68351.6,68373.45,0,0
2025-07-22 14:15:00+05:30,68371.8,68376.15,68248.05,68309.25,0,0
2025-07-22 14:45:00+05:30,68308.65,68333.55,68173.5,68283.55,0,0
2025-07-22 15:15:00+05:30,68283.2,68303.2,68243.8,68294.5,0,0
2025-07-23 09:15:00+05:30,68371.75,68408.65,68014.85,68027.5,0,0
2025-07-23 09:45:00+05:30,68025.45,68101.0,67946.0,68060.3,0,0
2025-07-23 10:15:00+05:30,68061.35,68083.45,67983.3,68030.65,0,0
2025-07-23 10:45:00+05:30,68033.5,68115.45,68004.05,68067.4,0,0
2025-07-23 11:15:00+05:30,68067.25,68078.4,67983.7,68007.75,0,0
2025-07-23 11:45:00+05:30,68007.45,68108.3,68002.85,68102.45,0,0
2025-07-23 12:15:00+05:30,68102.65,68190.65,68093.9,68159.8,0,0
2025-07-23 12:45:00+05:30,68159.15,68224.4,68132.9,68133.0,0,0
2025-07-23 13:15:00+05:30,68133.35,68158.75,68117.5,68127.3,0,0
2025-07-23 13:45:00+05:30,68127.0,68186.8,68106.25,68186.25,0,0
2025-07-23 14:15:00+05:30,68185.9,68271.9,68181.1,68267.45,0,0
2025-07-23 14:45:00+05:30,68268.8,68386.15,68264.9,68353.05,0,0
2025-07-23 15:15:00+05:30,68351.75,68385.6,68338.9,68368.25,0,0
2025-07-24 09:15:00+05:30,68392.7,68486.2,68306.75,68361.95,0,0
2025-07-24 09:45:00+05:30,68362.1,68375.9,68143.95,68152.45,0,0
2025-07-24 10:15:00+05:30,68147.9,68248.55,68116.1,68160.45,0,0
2025-07-24 10:45:00+05:30,68161.35,68228.05,68118.65,68136.15,0,0
2025-07-24 11:15:00+05:30,68135.6,68136.05,68005.95,68104.35,0,0
2025-07-24 11:45:00+05:30,68103.65,68170.0,67945.15,68071.7,0,0
2025-07-24 12:15:00+05:30,68072.05,68110.05,68050.35,68096.35,0,0
2025-07-24 12:45:00+05:30,68095.35,68108.5,67992.5,68025.6,0,0
2025-07-24 13:15:00+05:30,68026.1,68155.25,68007.6,68151.8,0,0
2025-07-24 13:45:00+05:30,68151.45,68251.75,68130.4,68242.9,0,0
2025-07-24 14:15:00+05:30,68242.4,68263.2,68144.2,68233.25,0,0
2025-07-24 14:45:00+05:30,68232.9,68249.35,68123.6,68220.15,0,0
2025-07-24 15:15:00+05:30,68219.65,68230.95,68174.5,68186.6,0,0
2025-07-25 09:15:00+05:30,68098.6,68130.3,67781.15,67784.9,0,0
2025-07-25 09:45:00+05:30,67786.7,67835.6,67581.8,67583.25,0,0
2025-07-25 10:15:00+05:30,67584.45,67585.25,67337.4,67442.2,0,0
2025-07-25 10:45:00+05:30,67442.1,67448.25,67328.85,67353.1,0,0
2025-07-25 11:15:00+05:30,67354.1,67459.4,67323.7,67406.4,0,0
2025-07-25 11:45:00+05:30,67405.0,67406.75,67290.3,67309.95,0,0
2025-07-25 12:15:00+05:30,67310.15,67374.3,67175.95,67325.05,0,0
2025-07-25 12:45:00+05:30,67325.0,67370.15,67231.25,67283.8,0,0
2025-07-25 13:15:00+05:30,67283.6,67344.4,67199.4,67298.5,0,0
2025-07-25 13:45:00+05:30,67297.85,67349.9,67223.75,67239.35,0,0
2025-07-25 14:15:00+05:30,67238.65,67299.1,67194.05,67240.35,0,0
2025-07-25 14:45:00+05:30,67242.35,67254.25,67059.65,67212.45,0,0
2025-07-25 15:15:00+05:30,67213.55,67215.2,67078.25,67097.25,0,0
2025-07-28 09:15:00+05:30,67023.0,67423.95,66910.5,67261.1,0,0
2025-07-28 09:45:00+05:30,67255.9,67416.25,67217.5,67398.75,0,0
2025-07-28 10:15:00+05:30,67401.45,67566.65,67379.8,67411.5,0,0
2025-07-28 10:45:00+05:30,67410.4,67492.25,67283.1,67378.95,0,0
2025-07-28 11:15:00+05:30,67379.15,67436.0,67287.2,67293.0,0,0
2025-07-28 11:45:00+05:30,67292.55,67313.95,67194.7,67200.1,0,0
2025-07-28 12:15:00+05:30,67200.55,67260.25,67138.75,67161.65,0,0
2025-07-28 12:45:00+05:30,67162.5,67164.0,66845.8,66895.1,0,0
2025-07-28 13:15:00+05:30,66895.1,66927.05,66751.8,66751.85,0,0
2025-07-28 13:45:00+05:30,66751.75,66837.85,66696.8,66720.95,0,0
2025-07-28 14:15:00+05:30,66721.25,66930.85,66686.55,66923.9,0,0
2025-07-28 14:45:00+05:30,66921.85,66943.35,66775.1,66849.2,0,0
2025-07-28 15:15:00+05:30,66848.5,66850.9,66678.3,66715.15,0,0
2025-07-29 09:15:00+05:30,66652.3,66933.55,66652.3,66830.15,0,0
2025-07-29 09:45:00+05:30,66827.1,67000.9,66754.85,66755.55,0,0
2025-07-29 10:15:00+05:30,66756.25,66794.1,66583.45,66614.0,0,0
2025-07-29 10:45:00+05:30,66613.8,66613.8,66470.5,66529.8,0,0
2025-07-29 11:15:00+05:30,66531.75,66732.75,66528.9,66669.45,0,0
2025-07-29 11:45:00+05:30,66667.75,66811.75,66604.6,66792.25,0,0
2025-07-29 12:15:00+05:30,66796.1,66968.1,66796.0,66951.9,0,0
2025-07-29 12:45:00+05:30,66951.1,67146.7,66950.0,67136.3,0,0
2025-07-29 13:15:00+05:30,67135.85,67239.4,67110.05,67234.25,0,0
2025-07-29 13:45:00+05:30,67235.7,67295.5,67228.65,67238.0,0,0
2025-07-29 14:15:00+05:30,67238.2,67387.95,67238.2,67309.5,0,0
2025-07-29 14:45:00+05:30,67306.5,67403.25,67221.85,67370.3,0,0
2025-07-29 15:15:00+05:30,67370.45,67466.85,67363.8,67446.7,0,0
2025-07-30 09:15:00+05:30,67505.6,67560.3,67359.6,67465.7,0,0
2025-07-30 09:45:00+05:30,67465.95,67465.95,67223.95,67283.2,0,0
2025-07-30 10:15:00+05:30,67283.2,67334.25,67173.8,67225.9,0,0
2025-07-30 10:45:00+05:30,67227.15,67356.4,67187.9,67354.1,0,0
2025-07-30 11:15:00+05:30,67353.3,67507.45,67353.3,67453.75,0,0
2025-07-30 11:45:00+05:30,67454.25,67539.5,67432.95,67479.45,0,0
2025-07-30 12:15:00+05:30,67477.5,67548.55,67454.55,67474.2,0,0
2025-07-30 12:45:00+05:30,67475.25,67530.95,67461.1,67483.8,0,0
2025-07-30 13:15:00+05:30,67482.1,67501.55,67408.95,67458.65,0,0
2025-07-30 13:45:00+05:30,67459.5,67499.75,67393.9,67484.4,0,0
2025-07-30 14:15:00+05:30,67484.65,67494.75,67438.95,67469.6,0,0
2025-07-30 14:45:00+05:30,67470.25,67479.05,67422.5,67463.75,0,0
2025-07-30 15:15:00+05:30,67469.65,67469.65,67353.05,67371.85,0,0
2025-07-31 09:15:00+05:30,66606.65,67079.8,66606.2,67019.5,0,0
2025-07-31 09:45:00+05:30,67018.65,67030.65,66729.8,66795.7,0,0
2025-07-31 10:15:00+05:30,66795.15,66933.1,66771.1,66907.95,0,0
2025-07-31 10:45:00+05:30,66910.5,67194.3,66909.85,67115.0,0,0
2025-07-31 11:15:00+05:30,67116.6,67272.9,67090.55,67266.05,0,0
2025-07-31 11:45:00+05:30,67265.55,67309.65,67062.9,67198.25,0,0
2025-07-31 12:15:00+05:30,67198.15,67356.5,67187.3,67283.75,0,0
2025-07-31 12:45:00+05:30,67282.75,67374.2,67254.1,67320.0,0,0
2025-07-31 13:15:00+05:30,67322.7,67443.5,67321.65,67345.3,0,0
2025-07-31 13:45:00+05:30,67346.4,67390.9,67275.55,67354.3,0,0
2025-07-31 14:15:00+05:30,67353.6,67355.7,67195.95,67239.9,0,0
2025-07-31 14:45:00+05:30,67242.25,67245.75,67074.15,67087.25,0,0
2025-07-31 15:15:00+05:30,67085.35,67102.05,67036.5,67052.0,0,0
2025-08-01 09:15:00+05:30,67119.25,67195.5,66797.2,66865.8,0,0
2025-08-01 09:45:00+05:30,66866.9,66925.8,66646.4,66882.5,0,0
2025-08-01 10:15:00+05:30,66884.7,66965.5,66813.95,66872.0,0,0
2025-08-01 10:45:00+05:30,66871.95,66971.7,66800.65,66828.1,0,0
2025-08-01 11:15:00+05:30,66827.6,66846.05,66597.1,66614.25,0,0
2025-08-01 11:45:00+05:30,66613.45,66753.35,66613.1,66634.5,0,0
2025-08-01 12:15:00+05:30,66632.9,66699.6,66542.75,66563.7,0,0
2025-08-01 12:45:00+05:30,66563.4,66713.05,66554.8,66697.8,0,0
2025-08-01 13:15:00+05:30,66698.55,66755.55,66619.4,66662.55,0,0
2025-08-01 13:45:00+05:30,66662.45,66677.45,66530.2,66561.0,0,0
2025-08-01 14:15:00+05:30,66560.3,66561.35,66374.45,66396.1,0,0
2025-08-01 14:45:00+05:30,66394.75,66492.65,66138.7,66146.5,0,0
2025-08-01 15:15:00+05:30,66144.4,66223.1,66068.45,66201.65,0,0
2025-08-04 09:15:00+05:30,66238.5,66562.2,66025.05,66251.0,0,0
2025-08-04 09:45:00+05:30,66246.7,66374.15,66076.1,66327.6,0,0
2025-08-04 10:15:00+05:30,66329.7,66401.4,66276.9,66317.4,0,0
2025-08-04 10:45:00+05:30,66315.45,66394.05,66207.1,66357.1,0,0
2025-08-04 11:15:00+05:30,66358.7,66476.85,66349.45,66458.85,0,0
2025-08-04 11:45:00+05:30,66456.6,66575.6,66446.75,66568.65,0,0
2025-08-04 12:15:00+05:30,66566.0,66767.6,66565.05,66694.35,0,0
2025-08-04 12:45:00+05:30,66696.2,66796.45,66690.2,66741.3,0,0
2025-08-04 13:15:00+05:30,66742.0,66765.3,66620.55,66729.4,0,0
2025-08-04 13:45:00+05:30,66726.05,66853.35,66726.05,66850.95,0,0
2025-08-04 14:15:00+05:30,66852.5,66910.7,66806.75,66877.1,0,0
2025-08-04 14:45:00+05:30,66876.4,66946.45,66804.6,66906.1,0,0
2025-08-04 15:15:00+05:30,66905.05,66963.45,66900.6,66948.75,0,0
2025-08-05 09:15:00+05:30,66995.75,66996.25,66627.6,66652.95,0,0
2025-08-05 09:45:00+05:30,66653.6,66653.6,66423.1,66518.0,0,0
2025-08-05 10:15:00+05:30,66515.25,66687.3,66473.25,66649.8,0,0
2025-08-05 10:45:00+05:30,66649.25,66727.75,66603.6,66723.1,0,0
2025-08-05 11:15:00+05:30,66727.45,66831.05,66711.75,66752.6,0,0
2025-08-05 11:45:00+05:30,66754.0,66797.0,66696.85,66781.9,0,0
2025-08-05 12:15:00+05:30,66780.75,66835.05,66724.45,66771.75,0,0
2025-08-05 12:45:00+05:30,66772.0,66781.35,66647.65,66714.65,0,0
2025-08-05 13:15:00+05:30,66717.3,66722.1,66618.8,66658.6,0,0
2025-08-05 13:45:00+05:30,66659.0,66666.3,66504.55,66566.75,0,0
2025-08-05 14:15:00+05:30,66567.25,66662.15,66541.7,66631.8,0,0
2025-08-05 14:45:00+05:30,66632.3,66813.4,66518.8,66804.05,0,0
2025-08-05 15:15:00+05:30,66802.7,66817.4,66741.55,66762.6,0,0
2025-08-06 09:15:00+05:30,66850.2,66853.3,66333.35,66366.65,0,0
2025-08-06 09:45:00+05:30,66367.7,66445.25,66158.45,66249.6,0,0
2025-08-06 10:15:00+05:30,66249.9,66454.85,66141.3,66143.9,0,0
2025-08-06 10:45:00+05:30,66144.1,66193.55,66015.25,66090.15,0,0
2025-08-06 11:15:00+05:30,66089.1,66163.35,66017.85,66084.6,0,0
2025-08-06 11:45:00+05:30,66083.35,66191.2,66057.2,66184.95,0,0
2025-08-06 12:15:00+05:30,66184.35,66301.65,66173.05,66198.0,0,0
2025-08-06 12:45:00+05:30,66198.0,66328.45,66135.5,66303.3,0,0
2025-08-06 13:15:00+05:30,66304.45,66394.3,66278.4,66317.2,0,0
2025-08-06 13:45:00+05:30,66316.7,66321.85,66214.3,66222.3,0,0
2025-08-06 14:15:00+05:30,66220.6,66236.95,66102.55,66154.45,0,0
2025-08-06 14:45:00+05:30,66154.8,66269.25,66134.95,66199.7,0,0
2025-08-06 15:15:00+05:30,66199.35,66204.6,66133.4,66153.75,0,0
2025-08-07 09:15:00+05:30,65924.3,66305.25,65874.8,66131.9,0,0
2025-08-07 09:45:00+05:30,66133.05,66214.45,65957.35,66021.85,0,0
2025-08-07 10:15:00+05:30,66020.05,66127.7,65866.5,65955.9,0,0
2025-08-07 10:45:00+05:30,65954.75,65959.75,65827.0,65843.55,0,0
2025-08-07 11:15:00+05:30,65845.35,65881.9,65782.95,65822.95,0,0
2025-08-07 11:45:00+05:30,65824.45,65921.15,65788.9,65901.35,0,0
2025-08-07 12:15:00+05:30,65900.6,65946.05,65721.1,65843.35,0,0
2025-08-07 12:45:00+05:30,65842.35,65846.15,65631.0,65645.45,0,0
2025-08-07 13:15:00+05:30,65646.55,65658.65,65471.25,65609.1,0,0
2025-08-07 13:45:00+05:30,65609.4,65857.6,65564.1,65812.15,0,0
2025-08-07 14:15:00+05:30,65811.85,66105.9,65811.8,66095.3,0,0
2025-08-07 14:45:00+05:30,66096.4,66329.25,66079.4,66308.2,0,0
2025-08-07 15:15:00+05:30,66309.8,66468.2,66303.5,66431.15,0,0
2025-08-08 09:15:00+05:30,66400.4,66487.15,66237.8,66290.15,0,0
2025-08-08 09:45:00+05:30,66289.85,66292.1,66038.35,66100.15,0,0
2025-08-08 10:15:00+05:30,66100.75,66204.15,66013.25,66019.5,0,0
2025-08-08 10:45:00+05:30,66019.1,66082.0,65962.3,66071.4,0,0
2025-08-08 11:15:00+05:30,66072.3,66134.0,66006.6,66051.3,0,0
2025-08-08 11:45:00+05:30,66051.65,66095.6,65941.0,66002.0,0,0
2025-08-08 12:15:00+05:30,66003.0,66006.0,65910.1,65945.65,0,0
2025-08-08 12:45:00+05:30,65945.6,66114.6,65939.35,65982.4,0,0
2025-08-08 13:15:00+05:30,65984.1,66044.0,65953.35,66041.75,0,0
2025-08-08 13:45:00+05:30,66042.2,66043.9,65808.9,65846.45,0,0
2025-08-08 14:15:00+05:30,65848.55,65906.95,65746.45,65827.15,0,0
2025-08-08 14:45:00+05:30,65827.4,65832.4,65504.95,65508.45,0,0
2025-08-08 15:15:00+05:30,65511.2,65511.2,65429.5,65478.4,0,0
2025-08-11 09:15:00+05:30,65571.95,65787.95,65441.9,65566.05,0,0
2025-08-11 09:45:00+05:30,65564.9,65698.4,65378.6,65697.4,0,0
2025-08-11 10:15:00+05:30,65700.45,65952.25,65696.0,65941.05,0,0
2025-08-11 10:45:00+05:30,65943.85,66051.25,65903.9,65932.7,0,0
2025-08-11 11:15:00+05:30,65933.1,65993.05,65771.5,65774.75,0,0
2025-08-11 11:45:00+05:30,65776.4,65908.1,65718.7,65902.15,0,0
2025-08-11 12:15:00+05:30,65903.2,65956.55,65858.05,65954.0,0,0
2025-08-11 12:45:00+05:30,65952.35,66079.85,65936.25,66034.55,0,0
2025-08-11 13:15:00+05:30,66033.8,66112.55,65994.85,66093.9,0,0
2025-08-11 13:45:00+05:30,66098.25,66179.9,66074.95,66148.5,0,0
2025-08-11 14:15:00+05:30,66146.85,66224.15,66114.55,66185.9,0,0
2025-08-11 14:45:00+05:30,66188.35,66336.35,66188.35,66288.45,0,0
2025-08-11 15:15:00+05:30,66290.15,66297.55,66217.0,66224.8,0,0
2025-08-12 09:15:00+05:30,66332.75,66490.75,66266.25,66381.15,0,0
2025-08-12 09:45:00+05:30,66381.5,66602.25,66378.55,66468.25,0,0
2025-08-12 10:15:00+05:30,66468.75,66540.25,66282.35,66344.7,0,0
2025-08-12 10:45:00+05:30,66347.65,66377.1,66250.2,66278.35,0,0
2025-08-12 11:15:00+05:30,66276.2,66385.9,66261.65,66343.95,0,0
2025-08-12 11:45:00+05:30,66340.85,66387.6,66284.15,66368.8,0,0
2025-08-12 12:15:00+05:30,66370.5,66412.5,66343.4,66385.25,0,0
2025-08-12 12:45:00+05:30,66386.2,66414.85,66357.25,66375.9,0,0
2025-08-12 13:15:00+05:30,66376.25,66377.35,66297.15,66316.35,0,0
2025-08-12 13:45:00+05:30,66317.6,66418.0,66255.45,66272.5,0,0
2025-08-12 14:15:00+05:30,66271.85,66405.15,66214.65,66345.35,0,0
2025-08-12 14:45:00+05:30,66346.15,66346.15,66185.25,66206.9,0,0
2025-08-12 15:15:00+05:30,66206.15,66268.75,66188.0,66221.05,0,0
2025-08-13 09:15:00+05:30,66396.0,66628.15,66396.0,66561.65,0,0
2025-08-13 09:45:00+05:30,66565.35,66675.7,66565.1,66630.1,0,0
2025-08-13 10:15:00+05:30,66631.4,66697.2,66582.75,66597.75,0,0
2025-08-13 10:45:00+05:30,66598.4,66670.45,66535.4,66640.95,0,0
2025-08-13 11:15:00+05:30,66644.45,66665.6,66506.6,66513.35,0,0
2025-08-13 11:45:00+05:30,66512.65,66524.75,66393.0,66515.05,0,0
2025-08-13 12:15:00+05:30,66515.15,66586.1,66501.6,66540.1,0,0
2025-08-13 12:45:00+05:30,66541.15,66639.85,66541.15,66577.3,0,0
2025-08-13 13:15:00+05:30,66576.9,66641.95,66531.3,66635.85,0,0
2025-08-13 13:45:00+05:30,66636.7,66712.6,66635.75,66689.35,0,0
2025-08-13 14:15:00+05:30,66688.8,66708.4,66609.3,66698.0,0,0
2025-08-13 14:45:00+05:30,66697.2,66735.45,66626.85,66627.6,0,0
2025-08-13 15:15:00+05:30,66630.65,66631.9,66581.5,66616.65,0,0
2025-08-14 09:15:00+05:30,66776.3,66833.1,66542.1,66627.65,0,0
2025-08-14 09:45:00+05:30,66628.85,66663.65,66428.65,66492.15,0,0
2025-08-14 10:15:00+05:30,66492.5,66626.1,66475.8,66517.05,0,0
2025-08-14 10:45:00+05:30,66516.8,66577.6,66482.3,66489.85,0,0
2025-08-14 11:15:00+05:30,66490.7,66514.65,66414.55,66453.6,0,0
2025-08-14 11:45:00+05:30,66452.6,66532.75,66424.45,66501.45,0,0
2025-08-14 12:15:00+05:30,66502.15,66518.4,66466.65,66470.65,0,0
2025-08-14 12:45:00+05:30,66470.1,66544.3,66459.75,66493.7,0,0
2025-08-14 13:15:00+05:30,66492.25,66584.7,66431.05,66569.4,0,0
2025-08-14 13:45:00+05:30,66568.75,66570.95,66517.6,66560.2,0,0
2025-08-14 14:15:00+05:30,66559.5,66564.7,66435.55,66533.8,0,0
2025-08-14 14:45:00+05:30,66534.6,66593.4,66521.6,66522.4,0,0
2025-08-14 15:15:00+05:30,66522.05,66528.05,66432.75,66436.7,0,0
2025-08-18 09:15:00+05:30,67396.5,67593.95,67295.95,67565.7,0,0
2025-08-18 09:45:00+05:30,67563.8,67835.9,67556.85,67760.3,0,0
2025-08-18 10:15:00+05:30,67759.1,67852.2,67737.9,67806.05,0,0
2025-08-18 10:45:00+05:30,67801.75,67808.9,67682.55,67798.7,0,0
2025-08-18 11:15:00+05:30,67798.1,67814.5,67670.7,67734.05,0,0
2025-08-18 11:45:00+05:30,67733.65,67739.65,67514.8,67518.7,0,0
2025-08-18 12:15:00+05:30,67519.2,67559.7,67489.75,67548.1,0,0
2025-08-18 12:45:00+05:30,67549.4,67658.85,67542.9,67623.3,0,0
2025-08-18 13:15:00+05:30,67623.5,67640.1,67560.6,67601.3,0,0
2025-08-18 13:45:00+05:30,67600.1,67612.05,67573.7,67592.75,0,0
2025-08-18 14:15:00+05:30,67591.65,67622.95,67562.05,67566.1,0,0
2025-08-18 14:45:00+05:30,67566.05,67599.1,67359.9,67363.75,0,0
2025-08-18 15:15:00+05:30,67365.65,67468.95,67351.95,67448.7,0,0
2025-08-19 09:15:00+05:30,67505.15,67545.05,67249.15,67255.65,0,0
2025-08-19 09:45:00+05:30,67253.65,67556.2,67226.65,67535.2,0,0
2025-08-19 10:15:00+05:30,67537.35,67609.35,67507.55,67590.3,0,0
2025-08-19 10:45:00+05:30,67592.5,67695.65,67590.95,67683.45,0,0
2025-08-19 11:15:00+05:30,67684.4,67698.75,67644.6,67689.2,0,0
2025-08-19 11:45:00+05:30,67691.2,67710.3,67664.15,67678.35,0,0
2025-08-19 12:15:00+05:30,67678.1,67723.45,67636.3,67641.65,0,0
2025-08-19 12:45:00+05:30,67641.95,67710.75,67635.25,67702.65,0,0
2025-08-19 13:15:00+05:30,67702.95,67725.3,67661.85,67722.75,0,0
2025-08-19 13:45:00+05:30,67723.25,67726.0,67646.4,67662.35,0,0
2025-08-19 14:15:00+05:30,67665.15,67884.3,67660.5,67849.5,0,0
2025-08-19 14:45:00+05:30,67848.1,67900.5,67827.0,67893.55,0,0
2025-08-19 15:15:00+05:30,67897.5,67944.75,67884.65,67918.05,0,0
2025-08-20 09:15:00+05:30,67960.85,68030.15,67885.7,68012.25,0,0
2025-08-20 09:45:00+05:30,68014.45,68106.2,67978.85,68106.2,0,0
2025-08-20 10:15:00+05:30,68106.65,68163.0,68103.35,68139.3,0,0
2025-08-20 10:45:00+05:30,68140.4,68197.1,68110.9,68176.25,0,0
2025-08-20 11:15:00+05:30,68176.85,68225.75,68111.9,68135.6,0,0
2025-08-20 11:45:00+05:30,68136.15,68198.3,68108.1,68192.15,0,0
2025-08-20 12:15:00+05:30,68191.5,68258.8,68188.9,68208.3,0,0
2025-08-20 12:45:00+05:30,68207.75,68254.85,68190.3,68205.35,0,0
2025-08-20 13:15:00+05:30,68205.25,68242.9,68136.4,68206.3,0,0
2025-08-20 13:45:00+05:30,68207.95,68237.1,68185.0,68219.6,0,0
2025-08-20 14:15:00+05:30,68218.45,68254.0,68194.55,68244.0,0,0
2025-08-20 14:45:00+05:30,68244.35,68245.0,68146.95,68171.05,0,0
2025-08-20 15:15:00+05:30,68170.6,68181.7,68143.05,68179.9,0,0
2025-08-21 09:15:00+05:30,68337.7,68350.1,68069.55,68097.4,0,0
2025-08-21 09:45:00+05:30,68097.8,68301.85,68086.05,68228.5,0,0
2025-08-21 10:15:00+05:30,68229.45,68340.25,68226.4,68289.4,0,0
2025-08-21 10:45:00+05:30,68288.15,68347.15,68280.3,68314.0,0,0
2025-08-21 11:15:00+05:30,68313.0,68353.7,68261.45,68285.45,0,0
2025-08-21 11:45:00+05:30,68285.5,68288.7,68172.15,68198.1,0,0
2025-08-21 12:15:00+05:30,68199.75,68202.45,68092.95,68154.8,0,0
2025-08-21 12:45:00+05:30,68155.7,68162.0,68125.45,68137.25,0,0
2025-08-21 13:15:00+05:30,68137.4,68143.95,67998.9,68049.4,0,0
2025-08-21 13:45:00+05:30,68049.7,68164.4,68023.4,68162.2,0,0
2025-08-21 14:15:00+05:30,68162.7,68177.85,68046.35,68051.1,0,0
2025-08-21 14:45:00+05:30,68050.85,68069.4,67963.45,68003.15,0,0
2025-08-21 15:15:00+05:30,68002.9,68002.9,67928.15,67960.45,0,0
2025-08-22 09:15:00+05:30,68049.2,68252.3,67809.15,67925.65,0,0
2025-08-22 09:45:00+05:30,67927.8,67965.85,67841.65,67906.75,0,0
2025-08-22 10:15:00+05:30,67905.7,67908.15,67761.1,67788.95,0,0
2025-08-22 10:45:00+05:30,67788.6,67788.6,67661.7,67690.3,0,0
2025-08-22 11:15:00+05:30,67689.75,67749.7,67646.1,67744.7,0,0
2025-08-22 11:45:00+05:30,67743.95,67811.25,67737.1,67747.05,0,0
2025-08-22 12:15:00+05:30,67747.5,67749.3,67692.55,67718.65,0,0
2025-08-22 12:45:00+05:30,67718.2,67719.65,67646.8,67668.4,0,0
2025-08-22 13:15:00+05:30,67667.75,67711.9,67652.2,67691.95,0,0
2025-08-22 13:45:00+05:30,67692.05,67713.35,67660.95,67663.6,0,0
2025-08-22 14:15:00+05:30,67664.45,67664.45,67562.05,67613.45,0,0
2025-08-22 14:45:00+05:30,67612.75,67642.05,67528.7,67540.15,0,0
2025-08-22 15:15:00+05:30,67541.75,67562.2,67510.45,67557.15,0,0
2025-08-25 09:15:00+05:30,67834.1,67893.2,67604.85,67730.95,0,0
2025-08-25 09:45:00+05:30,67730.2,67799.65,67620.95,67657.65,0,0
2025-08-25 10:15:00+05:30,67658.35,67753.65,67630.95,67708.75,0,0
2025-08-25 10:45:00+05:30,67709.45,67817.9,67702.25,67776.2,0,0
2025-08-25 11:15:00+05:30,67776.4,67783.25,67706.85,67728.95,0,0
2025-08-25 11:45:00+05:30,67729.6,67794.3,67728.8,67781.45,0,0
2025-08-25 12:15:00+05:30,67782.75,67808.25,67763.75,67798.6,0,0
2025-08-25 12:45:00+05:30,67798.2,67854.55,67788.85,67851.55,0,0
2025-08-25 13:15:00+05:30,67851.15,67863.2,67804.25,67813.1,0,0
2025-08-25 13:45:00+05:30,67813.65,67834.6,67804.85,67812.3,0,0
2025-08-25 14:15:00+05:30,67812.3,67832.8,67744.7,67765.6,0,0
2025-08-25 14:45:00+05:30,67765.95,67795.65,67686.15,67695.85,0,0
2025-08-25 15:15:00+05:30,67696.05,67723.95,67672.2,67712.75,0,0
2025-08-26 09:15:00+05:30,67632.2,67709.15,66892.55,66926.35,0,0
2025-08-26 09:45:00+05:30,66925.75,67232.4,66878.4,67219.35,0,0
2025-08-26 10:15:00+05:30,67217.6,67231.2,67090.6,67095.8,0,0
2025-08-26 10:45:00+05:30,67094.45,67141.6,67024.85,67114.8,0,0
2025-08-26 11:15:00+05:30,67114.15,67185.2,67108.1,67163.95,0,0
2025-08-26 11:45:00+05:30,67163.3,67219.0,67160.5,67184.05,0,0
2025-08-26 12:15:00+05:30,67182.55,67225.35,67117.45,67158.0,0,0
2025-08-26 12:45:00+05:30,67158.15,67214.8,67114.95,67186.3,0,0
2025-08-26 13:15:00+05:30,67186.9,67219.7,67143.4,67211.3,0,0
2025-08-26 13:45:00+05:30,67210.85,67214.85,67103.15,67103.15,0,0
2025-08-26 14:15:00+05:30,67100.4,67107.95,67006.55,67013.3,0,0
2025-08-26 14:45:00+05:30,67013.2,67028.7,66761.75,66766.55,0,0
2025-08-26 15:15:00+05:30,66763.3,66816.1,66699.65,66799.95,0,0
2025-08-28 09:15:00+05:30,66931.65,66931.65,66064.3,66255.65,0,0
2025-08-28 09:45:00+05:30,66255.75,66513.8,66220.8,66410.9,0,0
2025-08-28 10:15:00+05:30,66411.45,66513.95,66364.55,66463.65,0,0
2025-08-28 10:45:00+05:30,66462.55,66591.65,66462.2,66541.65,0,0
2025-08-28 11:15:00+05:30,66541.15,66582.1,66500.55,66555.95,0,0
2025-08-28 11:45:00+05:30,66556.25,66558.2,66464.65,66483.2,0,0
2025-08-28 12:15:00+05:30,66483.8,66489.95,66340.25,66342.9,0,0
2025-08-28 12:45:00+05:30,66343.2,66358.45,66176.55,66210.1,0,0
2025-08-28 13:15:00+05:30,66210.2,66231.15,66084.0,66116.55,0,0
2025-08-28 13:45:00+05:30,66116.55,66208.6,66090.45,66200.35,0,0
2025-08-28 14:15:00+05:30,66199.3,66253.5,66068.2,66075.25,0,0
2025-08-28 14:45:00+05:30,66075.05,66081.1,65924.0,65944.5,0,0
2025-08-28 15:15:00+05:30,65943.2,66036.9,65880.75,66034.4,0,0
2025-08-29 09:15:00+05:30,65960.75,66201.45,65704.85,65785.7,0,0
2025-08-29 09:45:00+05:30,65783.55,65783.55,65544.85,65590.65,0,0
2025-08-29 10:15:00+05:30,65589.85,66081.35,65568.7,66069.7,0,0
2025-08-29 10:45:00+05:30,66067.85,66165.45,66016.65,66148.55,0,0
2025-08-29 11:15:00+05:30,66149.9,66303.15,66122.8,66289.85,0,0
2025-08-29 11:45:00+05:30,66289.8,66305.95,66207.85,66265.55,0,0
2025-08-29 12:15:00+05:30,66265.2,66266.9,66068.7,66104.0,0,0
2025-08-29 12:45:00+05:30,66105.2,66108.9,65953.25,65955.4,0,0
2025-08-29 13:15:00+05:30,65956.05,66063.45,65953.1,65982.55,0,0
2025-08-29 13:45:00+05:30,65981.8,66028.1,65855.7,65972.4,0,0
2025-08-29 14:15:00+05:30,65974.95,66009.85,65853.6,65857.9,0,0
2025-08-29 14:45:00+05:30,65858.05,65940.2,65715.0,65715.0,0,0
2025-08-29 15:15:00+05:30,65717.65,65765.7,65673.3,65743.35,0,0
2025-09-01 09:15:00+05:30,65917.35,66186.35,65910.0,66179.75,0,0
2025-09-01 09:45:00+05:30,66178.9,66292.7,66141.9,66165.85,0,0
2025-09-01 10:15:00+05:30,66166.3,66233.15,66063.15,66232.3,0,0
2025-09-01 10:45:00+05:30,66233.9,66312.15,66222.2,66289.2,0,0
2025-09-01 11:15:00+05:30,66289.9,66366.2,66285.05,66355.6,0,0
2025-09-01 11:45:00+05:30,66353.5,66381.0,66231.35,66369.25,0,0
2025-09-01 12:15:00+05:30,66368.85,66478.8,66352.9,66462.9,0,0
2025-09-01 12:45:00+05:30,66464.5,66519.5,66419.3,66499.95,0,0
2025-09-01 13:15:00+05:30,66500.55,66564.7,66500.35,66528.0,0,0
2025-09-01 13:45:00+05:30,66528.0,66588.55,66527.75,66573.15,0,0
2025-09-01 14:15:00+05:30,66572.15,66636.05,66550.2,66602.0,0,0
2025-09-01 14:45:00+05:30,66600.95,66688.8,66593.65,66661.95,0,0
2025-09-01 15:15:00+05:30,66661.35,66703.45,66656.45,66662.5,0,0
2025-09-02 09:15:00+05:30,66799.15,66892.3,66459.75,66873.85,0,0
2025-09-02 09:45:00+05:30,66875.0,67089.95,66875.0,67011.85,0,0
2025-09-02 10:15:00+05:30,67011.7,67097.35,67008.1,67055.55,0,0
2025-09-02 10:45:00+05:30,67056.65,67101.95,67048.4,67077.45,0,0
2025-09-02 11:15:00+05:30,67077.35,67147.45,67054.35,67123.3,0,0
2025-09-02 11:45:00+05:30,67124.15,67208.75,67119.4,67184.0,0,0
2025-09-02 12:15:00+05:30,67184.95,67219.25,67110.15,67201.75,0,0
2025-09-02 12:45:00+05:30,67201.2,67222.1,67149.6,67150.35,0,0
2025-09-02 13:15:00+05:30,67153.3,67160.2,67003.85,67018.8,0,0
2025-09-02 13:45:00+05:30,67018.75,67030.7,66854.85,66977.15,0,0
2025-09-02 14:15:00+05:30,66975.4,67062.2,66906.2,67015.3,0,0
2025-09-02 14:45:00+05:30,67016.45,67063.2,66974.7,67040.0,0,0
2025-09-02 15:15:00+05:30,67042.3,67042.3,66984.8,67004.6,0,0
2025-09-03 09:15:00+05:30,67153.85,67395.5,67127.1,67330.55,0,0
2025-09-03 09:45:00+05:30,67332.1,67393.5,67325.35,67369.85,0,0
2025-09-03 10:15:00+05:30,67369.55,67383.5,67258.9,67260.6,0,0
2025-09-03 10:45:00+05:30,67261.25,67296.8,67222.6,67263.7,0,0
2025-09-03 11:15:00+05:30,67264.35,67362.2,67226.15,67353.3,0,0
2025-09-03 11:45:00+05:30,67353.7,67396.1,67324.4,67394.65,0,0
2025-09-03 12:15:00+05:30,67394.35,67460.65,67389.25,67407.55,0,0
2025-09-03 12:45:00+05:30,67407.2,67419.95,67272.8,67316.8,0,0
2025-09-03 13:15:00+05:30,67317.1,67379.95,67266.0,67334.1,0,0
2025-09-03 13:45:00+05:30,67334.75,67422.3,67331.85,67385.15,0,0
2025-09-03 14:15:00+05:30,67384.85,67426.95,67337.5,67344.15,0,0
2025-09-03 14:45:00+05:30,67343.15,67484.0,67342.55,67459.6,0,0
2025-09-03 15:15:00+05:30,67458.75,67506.15,67433.45,67487.85,0,0
2025-09-04 09:15:00+05:30,68362.95,68362.95,67724.9,67863.3,0,0
2025-09-04 09:45:00+05:30,67864.35,68104.55,67774.75,67775.45,0,0
2025-09-04 10:15:00+05:30,67774.2,67881.9,67590.65,67602.95,0,0
2025-09-04 10:45:00+05:30,67602.05,67697.65,67549.55,67561.9,0,0
2025-09-04 11:15:00+05:30,67563.0,67571.15,67452.0,67507.05,0,0
2025-09-04 11:45:00+05:30,67506.55,67544.95,67457.55,67472.85,0,0
2025-09-04 12:15:00+05:30,67474.2,67483.8,67329.2,67438.55,0,0
2025-09-04 12:45:00+05:30,67437.9,67482.05,67405.0,67411.6,0,0
2025-09-04 13:15:00+05:30,67412.55,67431.55,67315.4,67316.0,0,0
2025-09-04 13:45:00+05:30,67317.1,67320.2,67269.1,67276.8,0,0
2025-09-04 14:15:00+05:30,67276.25,67292.2,67159.05,67265.4,0,0
2025-09-04 14:45:00+05:30,67266.15,67291.9,67086.55,67111.1,0,0
2025-09-04 15:15:00+05:30,67112.3,67225.4,67071.05,67198.3,0,0
2025-09-05 09:15:00+05:30,67333.1,67452.55,67256.25,67281.2,0,0
2025-09-05 09:45:00+05:30,67280.3,67498.7,67155.7,67155.7,0,0
2025-09-05 10:15:00+05:30,67154.55,67266.7,66980.4,67129.1,0,0
2025-09-05 10:45:00+05:30,67128.65,67136.6,67016.1,67052.2,0,0
2025-09-05 11:15:00+05:30,67049.5,67094.85,66957.65,66972.0,0,0
2025-09-05 11:45:00+05:30,66970.65,66970.7,66793.25,66797.15,0,0
2025-09-05 12:15:00+05:30,66795.4,66839.45,66703.35,66733.2,0,0
2025-09-05 12:45:00+05:30,66731.6,66855.0,66669.6,66853.7,0,0
2025-09-05 13:15:00+05:30,66854.75,67045.8,66852.35,67014.15,0,0
2025-09-05 13:45:00+05:30,67015.7,67217.95,66995.45,67128.0,0,0
2025-09-05 14:15:00+05:30,67126.6,67179.2,67037.6,67044.05,0,0
2025-09-05 14:45:00+05:30,67043.85,67129.0,67008.35,67082.3,0,0
2025-09-05 15:15:00+05:30,67081.75,67147.15,67072.75,67136.05,0,0
2025-09-08 09:15:00+05:30,67305.5,67505.45,67123.05,67465.45,0,0
2025-09-08 09:45:00+05:30,67466.35,67586.5,67426.55,67541.0,0,0
2025-09-08 10:15:00+05:30,67541.85,67617.45,67433.5,67523.35,0,0
2025-09-08 10:45:00+05:30,67525.1,67555.0,67421.0,67540.25,0,0
2025-09-08 11:15:00+05:30,67540.4,67608.0,67476.9,67601.5,0,0
2025-09-08 11:45:00+05:30,67601.55,67623.25,67527.65,67615.3,0,0
2025-09-08 12:15:00+05:30,67612.5,67701.4,67571.1,67671.05,0,0
2025-09-08 12:45:00+05:30,67670.6,67695.5,67647.7,67670.75,0,0
2025-09-08 13:15:00+05:30,67672.9,67681.7,67588.75,67598.5,0,0
2025-09-08 13:45:00+05:30,67599.45,67607.45,67480.65,67559.85,0,0
2025-09-08 14:15:00+05:30,67558.9,67653.95,67558.9,67625.45,0,0
2025-09-08 14:45:00+05:30,67625.65,67629.05,67338.15,67354.05,0,0
2025-09-08 15:15:00+05:30,67353.7,67411.3,67327.65,67385.2,0,0
2025-09-09 09:15:00+05:30,67512.4,67578.8,67256.6,67453.65,0,0
2025-09-09 09:45:00+05:30,67452.75,67531.9,67423.6,67427.1,0,0
2025-09-09 10:15:00+05:30,67427.8,67433.65,67352.4,67407.65,0,0
2025-09-09 10:45:00+05:30,67406.45,67491.85,67387.45,67449.5,0,0
2025-09-09 11:15:00+05:30,67449.7,67503.8,67386.5,67403.6,0,0
2025-09-09 11:45:00+05:30,67403.25,67431.0,67297.6,67347.05,0,0
2025-09-09 12:15:00+05:30,67347.55,67387.0,67340.85,67383.65,0,0
2025-09-09 12:45:00+05:30,67384.05,67429.2,67380.7,67391.75,0,0
2025-09-09 13:15:00+05:30,67392.9,67434.65,67385.85,67392.15,0,0
2025-09-09 13:45:00+05:30,67392.15,67447.2,67370.8,67436.95,0,0
2025-09-09 14:15:00+05:30,67436.95,67473.55,67404.15,67409.4,0,0
2025-09-09 14:45:00+05:30,67408.6,67456.2,67391.05,67440.0,0,0
2025-09-09 15:15:00+05:30,67443.0,67540.3,67435.35,67495.55,0,0
2025-09-10 09:15:00+05:30,67696.05,67930.6,67690.8,67876.7,0,0
2025-09-10 09:45:00+05:30,67875.9,67897.3,67783.0,67875.85,0,0
2025-09-10 10:15:00+05:30,67876.1,67951.85,67822.4,67825.7,0,0
2025-09-10 10:45:00+05:30,67825.45,67962.7,67803.65,67906.4,0,0
2025-09-10 11:15:00+05:30,67905.85,67914.85,67804.45,67825.0,0,0
2025-09-10 11:45:00+05:30,67824.5,67896.35,67777.45,67884.6,0,0
2025-09-10 12:15:00+05:30,67884.95,67929.2,67819.95,67821.95,0,0
2025-09-10 12:45:00+05:30,67822.45,67846.75,67759.45,67760.55,0,0
2025-09-10 13:15:00+05:30,67760.05,67787.15,67694.75,67779.2,0,0
2025-09-10 13:45:00+05:30,67779.7,67789.0,67697.6,67710.6,0,0
2025-09-10 14:15:00+05:30,67711.25,67714.25,67629.4,67637.6,0,0
2025-09-10 14:45:00+05:30,67635.7,67750.35,67634.3,67742.85,0,0
2025-09-10 15:15:00+05:30,67743.8,67826.9,67732.8,67777.0,0,0
2025-09-11 09:15:00+05:30,67816.35,68006.45,67648.55,67964.8,0,0
2025-09-11 09:45:00+05:30,67964.8,68019.4,67835.7,67913.0,0,0
2025-09-11 10:15:00+05:30,67916.75,68064.1,67912.75,68014.45,0,0
2025-09-11 10:45:00+05:30,68015.25,68042.1,67987.45,68041.25,0,0
2025-09-11 11:15:00+05:30,68042.4,68052.3,67823.7,67833.05,0,0
2025-09-11 11:45:00+05:30,67834.05,67990.95,67829.65,67987.9,0,0
2025-09-11 12:15:00+05:30,67995.75,68039.65,67914.35,67914.95,0,0
2025-09-11 12:45:00+05:30,67919.4,67940.05,67863.35,67908.95,0,0
2025-09-11 13:15:00+05:30,67911.0,67923.65,67867.8,67886.3,0,0
2025-09-11 13:45:00+05:30,67898.25,67939.55,67876.2,67932.5,0,0
2025-09-11 14:15:00+05:30,67942.9,68048.6,67937.2,67995.7,0,0
2025-09-11 14:45:00+05:30,67996.75,68034.7,67927.35,67980.35,0,0
2025-09-11 15:15:00+05:30,67976.6,68011.85,67954.45,67964.5,0,0
2025-09-12 09:15:00+05:30,68196.1,68220.15,68064.1,68180.45,0,0
2025-09-12 09:45:00+05:30,68179.8,68265.4,68106.6,68260.7,0,0
2025-09-12 10:15:00+05:30,68260.4,68283.5,68182.9,68260.15,0,0
2025-09-12 10:45:00+05:30,68259.5,68303.7,68170.7,68177.45,0,0
2025-09-12 11:15:00+05:30,68176.8,68228.1,68171.65,68178.65,0,0
2025-09-12 11:45:00+05:30,68177.7,68181.65,68125.3,68156.4,0,0
2025-09-12 12:15:00+05:30,68156.35,68199.95,68148.95,68184.5,0,0
2025-09-12 12:45:00+05:30,68182.6,68182.6,68123.35,68165.7,0,0
2025-09-12 13:15:00+05:30,68166.0,68238.85,68161.1,68176.6,0,0
2025-09-12 13:45:00+05:30,68176.5,68217.2,68092.1,68195.95,0,0
2025-09-12 14:15:00+05:30,68198.05,68210.7,68118.15,68147.8,0,0
2025-09-12 14:45:00+05:30,68146.35,68201.2,68119.9,68190.85,0,0
2025-09-12 15:15:00+05:30,68191.2,68223.5,68183.15,68205.2,0,0
2025-09-15 09:15:00+05:30,68377.05,68600.4,68358.3,68508.95,0,0
2025-09-15 09:45:00+05:30,68509.4,68547.4,68339.8,68392.5,0,0
2025-09-15 10:15:00+05:30,68394.7,68568.7,68379.65,68500.4,0,0
2025-09-15 10:45:00+05:30,68501.25,68501.3,68431.6,68440.9,0,0
2025-09-15 11:15:00+05:30,68441.85,68509.35,68426.0,68506.05,0,0
2025-09-15 11:45:00+05:30,68505.6,68609.2,68504.25,68539.7,0,0
2025-09-15 12:15:00+05:30,68540.8,68616.65,68533.45,68565.4,0,0
2025-09-15 12:45:00+05:30,68566.25,68674.7,68556.8,68654.35,0,0
2025-09-15 13:15:00+05:30,68654.3,68691.4,68545.05,68589.3,0,0
2025-09-15 13:45:00+05:30,68590.85,68600.95,68540.45,68547.25,0,0
2025-09-15 14:15:00+05:30,68548.5,68648.3,68518.7,68632.2,0,0
2025-09-15 14:45:00+05:30,68634.75,68642.55,68586.9,68596.7,0,0
2025-09-15 15:15:00+05:30,68595.8,68670.2,68576.15,68644.25,0,0
2025-09-16 09:15:00+05:30,68779.0,68955.15,68604.55,68909.85,0,0
2025-09-16 09:45:00+05:30,68907.85,68992.2,68906.9,68951.6,0,0
2025-09-16 10:15:00+05:30,68950.25,68972.7,68912.8,68914.2,0,0
2025-09-16 10:45:00+05:30,68915.65,68959.9,68860.7,68957.05,0,0
2025-09-16 11:15:00+05:30,68955.95,68971.95,68926.0,68964.1,0,0
2025-09-16 11:45:00+05:30,68962.8,68975.9,68878.15,68891.55,0,0
2025-09-16 12:15:00+05:30,68888.65,68934.85,68881.0,68895.55,0,0
2025-09-16 12:45:00+05:30,68895.55,68899.35,68828.55,68865.8,0,0
2025-09-16 13:15:00+05:30,68866.9,68877.8,68803.9,68856.3,0,0
2025-09-16 13:45:00+05:30,68853.9,68887.3,68814.75,68866.65,0,0
2025-09-16 14:15:00+05:30,68867.1,68947.2,68866.45,68936.2,0,0
2025-09-16 14:45:00+05:30,68936.05,69015.6,68903.9,69011.7,0,0
2025-09-16 15:15:00+05:30,69011.4,69048.65,68997.55,69009.65,0,0
2025-09-17 09:15:00+05:30,69188.8,69273.75,69118.75,69241.95,0,0
2025-09-17 09:45:00+05:30,69241.75,69244.05,69081.25,69181.1,0,0
2025-09-17 10:15:00+05:30,69180.1,69291.3,69133.2,69202.3,0,0
2025-09-17 10:45:00+05:30,69201.35,69261.25,69159.6,69211.0,0,0
2025-09-17 11:15:00+05:30,69212.9,69243.35,69188.5,69215.5,0,0
2025-09-17 11:45:00+05:30,69214.8,69231.8,69186.95,69208.45,0,0
2025-09-17 12:15:00+05:30,69209.15,69253.95,69187.55,69245.1,0,0
2025-09-17 12:45:00+05:30,69246.85,69282.95,69238.25,69272.0,0,0
2025-09-17 13:15:00+05:30,69272.3,69306.5,69204.15,69210.75,0,0
2025-09-17 13:45:00+05:30,69209.95,69211.9,68971.5,69000.45,0,0
2025-09-17 14:15:00+05:30,68998.45,69088.3,68991.35,69065.8,0,0
2025-09-17 14:45:00+05:30,69064.5,69165.35,69063.75,69150.95,0,0
2025-09-17 15:15:00+05:30,69149.7,69188.7,69132.35,69155.55,0,0
2025-09-18 09:15:00+05:30,69314.05,69362.7,69129.45,69316.95,0,0
2025-09-18 09:45:00+05:30,69316.3,69361.35,69260.2,69292.05,0,0
2025-09-18 10:15:00+05:30,69293.1,69434.0,69286.5,69433.25,0,0
2025-09-18 10:45:00+05:30,69432.35,69438.85,69330.4,69330.4,0,0
2025-09-18 11:15:00+05:30,69332.35,69361.45,69296.7,69296.7,0,0
2025-09-18 11:45:00+05:30,69296.1,69302.35,69224.85,69227.5,0,0
2025-09-18 12:15:00+05:30,69229.3,69229.8,69045.0,69053.25,0,0
2025-09-18 12:45:00+05:30,69054.95,69119.3,69017.85,69052.95,0,0
2025-09-18 13:15:00+05:30,69051.4,69209.55,69024.5,69194.55,0,0
2025-09-18 13:45:00+05:30,69196.4,69224.75,69134.9,69171.8,0,0
2025-09-18 14:15:00+05:30,69171.9,69241.0,69158.3,69229.65,0,0
2025-09-18 14:45:00+05:30,69228.4,69353.05,69222.8,69332.3,0,0
2025-09-18 15:15:00+05:30,69335.25,69359.9,69305.45,69314.9,0,0
2025-09-19 09:15:00+05:30,69621.3,69748.8,69547.35,69733.05,0,0
2025-09-19 09:45:00+05:30,69732.9,69769.15,69585.5,69645.8,0,0
2025-09-19 10:15:00+05:30,69645.25,69687.55,69563.3,69593.05,0,0
2025-09-19 10:45:00+05:30,69593.5,69593.6,69509.4,69526.3,0,0
2025-09-19 11:15:00+05:30,69527.05,69575.8,69499.6,69564.55,0,0
2025-09-19 11:45:00+05:30,69563.25,69592.45,69500.95,69518.85,0,0
2025-09-19 12:15:00+05:30,69518.8,69660.8,69494.9,69656.2,0,0
2025-09-19 12:45:00+05:30,69655.45,69719.05,69550.05,69695.9,0,0
2025-09-19 13:15:00+05:30,69696.05,69765.05,69664.35,69750.35,0,0
2025-09-19 13:45:00+05:30,69753.2,69789.95,69659.3,69741.75,0,0
2025-09-19 14:15:00+05:30,69742.25,69755.8,69651.15,69683.75,0,0
2025-09-19 14:45:00+05:30,69684.1,69764.3,69679.4,69706.65,0,0
2025-09-19 15:15:00+05:30,69708.35,69863.3,69702.3,69842.75,0,0
2025-09-22 09:15:00+05:30,69822.0,70335.05,69756.75,70302.45,0,0
2025-09-22 09:45:00+05:30,70296.8,70340.5,70136.7,70175.55,0,0
2025-09-22 10:15:00+05:30,70174.7,70307.65,70167.7,70291.85,0,0
2025-09-22 10:45:00+05:30,70291.5,70341.8,70259.6,70271.2,0,0
2025-09-22 11:15:00+05:30,70269.15,70353.35,70157.55,70339.05,0,0
2025-09-22 11:45:00+05:30,70342.5,70364.85,70297.4,70352.05,0,0
2025-09-22 12:15:00+05:30,70352.1,70460.7,70336.25,70448.1,0,0
2025-09-22 12:45:00+05:30,70448.2,70462.2,70357.8,70376.8,0,0
2025-09-22 13:15:00+05:30,70376.85,70383.3,70270.3,70288.3,0,0
2025-09-22 13:45:00+05:30,70289.25,70318.3,70142.1,70200.4,0,0
2025-09-22 14:15:00+05:30,70201.15,70261.2,69908.75,69908.75,0,0
2025-09-22 14:45:00+05:30,69910.5,70005.45,69818.5,69974.9,0,0
2025-09-22 15:15:00+05:30,69981.6,69990.7,69912.75,69973.7,0,0
2025-09-23 09:15:00+05:30,70251.15,70317.4,69669.1,69690.0,0,0
2025-09-23 09:45:00+05:30,69692.95,69886.0,69471.95,69863.3,0,0
2025-09-23 10:15:00+05:30,69865.1,69885.2,69709.4,69825.65,0,0
2025-09-23 10:45:00+05:30,69824.55,69850.0,69587.45,69591.55,0,0
2025-09-23 11:15:00+05:30,69593.0,69664.0,69499.1,69556.1,0,0
2025-09-23 11:45:00+05:30,69555.65,69707.6,69555.65,69706.95,0,0
2025-09-23 12:15:00+05:30,69706.3,69824.45,69691.8,69725.7,0,0
2025-09-23 12:45:00+05:30,69723.6,69773.05,69661.6,69717.85,0,0
2025-09-23 13:15:00+05:30,69718.7,69778.35,69674.95,69752.9,0,0
2025-09-23 13:45:00+05:30,69753.0,69858.7,69720.2,69750.6,0,0
2025-09-23 14:15:00+05:30,69750.25,69794.7,69712.4,69763.05,0,0
2025-09-23 14:45:00+05:30,69764.05,69776.25,69614.1,69631.4,0,0
2025-09-23 15:15:00+05:30,69632.45,69661.95,69609.05,69622.95,0,0
2025-09-24 09:15:00+05:30,69626.1,69698.6,69237.65,69267.75,0,0
2025-09-24 09:45:00+05:30,69266.25,69488.6,69186.8,69388.2,0,0
2025-09-24 10:15:00+05:30,69391.3,69502.0,69320.85,69327.35,0,0
2025-09-24 10:45:00+05:30,69329.35,69330.75,69051.5,69161.05,0,0
2025-09-24 11:15:00+05:30,69160.55,69197.75,69091.25,69117.1,0,0
2025-09-24 11:45:00+05:30,69119.15,69220.65,69086.8,69216.95,0,0
2025-09-24 12:15:00+05:30,69220.1,69271.15,69186.6,69224.4,0,0
2025-09-24 12:45:00+05:30,69224.15,69332.8,69206.55,69296.6,0,0
2025-09-24 13:15:00+05:30,69295.75,69328.25,69248.95,69248.95,0,0
2025-09-24 13:45:00+05:30,69245.9,69250.0,69153.6,69161.3,0,0
2025-09-24 14:15:00+05:30,69161.55,69187.25,68940.85,68960.1,0,0
2025-09-24 14:45:00+05:30,68957.85,68966.7,68768.9,68810.2,0,0
2025-09-24 15:15:00+05:30,68811.85,68839.5,68757.55,68792.6,0,0
2025-09-25 09:15:00+05:30,68804.85,69123.75,68728.8,68916.25,0,0
2025-09-25 09:45:00+05:30,68916.95,68985.8,68747.15,68889.7,0,0
2025-09-25 10:15:00+05:30,68887.85,68981.55,68800.2,68800.35,0,0
2025-09-25 10:45:00+05:30,68799.45,68884.75,68775.95,68837.25,0,0
2025-09-25 11:15:00+05:30,68840.45,68897.4,68695.05,68707.75,0,0
2025-09-25 11:45:00+05:30,68710.9,68733.2,68553.4,68596.95,0,0
2025-09-25 12:15:00+05:30,68595.95,68706.8,68590.55,68629.9,0,0
2025-09-25 12:45:00+05:30,68630.35,68703.05,68611.75,68653.95,0,0
2025-09-25 13:15:00+05:30,68650.65,68700.15,68597.5,68696.65,0,0
2025-09-25 13:45:00+05:30,68696.6,68738.7,68575.9,68607.7,0,0
2025-09-25 14:15:00+05:30,68605.1,68630.9,68490.15,68504.4,0,0
2025-09-25 14:45:00+05:30,68504.2,68536.2,68210.4,68223.05,0,0
2025-09-25 15:15:00+05:30,68224.45,68337.25,68211.95,68317.95,0,0
2025-09-26 09:15:00+05:30,68248.35,68298.0,67592.65,67778.6,0,0
2025-09-26 09:45:00+05:30,67781.1,68016.8,67704.0,67743.3,0,0
2025-09-26 10:15:00+05:30,67744.7,67872.55,67717.3,67806.35,0,0
2025-09-26 10:45:00+05:30,67805.9,67845.35,67644.7,67648.05,0,0
2025-09-26 11:15:00+05:30,67647.75,67647.75,67414.75,67427.65,0,0
2025-09-26 11:45:00+05:30,67432.4,67635.15,67432.4,67505.65,0,0
2025-09-26 12:15:00+05:30,67504.8,67584.25,67449.5,67535.25,0,0
2025-09-26 12:45:00+05:30,67535.9,67609.6,67486.8,67487.0,0,0
2025-09-26 13:15:00+05:30,67484.75,67487.1,67215.75,67269.75,0,0
2025-09-26 13:45:00+05:30,67269.75,67328.4,67129.35,67215.9,0,0
2025-09-26 14:15:00+05:30,67215.45,67310.65,67073.45,67277.8,0,0
2025-09-26 14:45:00+05:30,67274.2,67279.4,67129.45,67173.85,0,0
2025-09-26 15:15:00+05:30,67173.45,67173.45,67088.25,67161.3,0,0
2025-09-29 09:15:00+05:30,67353.75,67634.4,67266.5,67625.3,0,0
2025-09-29 09:45:00+05:30,67624.55,67811.8,67617.9,67685.65,0,0
2025-09-29 10:15:00+05:30,67687.8,67795.65,67675.0,67689.65,0,0
2025-09-29 10:45:00+05:30,67689.55,67739.4,67599.95,67662.8,0,0
2025-09-29 11:15:00+05:30,67661.8,67666.7,67388.35,67401.8,0,0
2025-09-29 11:45:00+05:30,67399.95,67422.6,67249.55,67273.95,0,0
2025-09-29 12:15:00+05:30,67272.6,67386.85,67235.8,67242.95,0,0
2025-09-29 12:45:00+05:30,67242.0,67522.05,67222.7,67512.15,0,0
2025-09-29 13:15:00+05:30,67510.9,67653.25,67448.55,67570.8,0,0
2025-09-29 13:45:00+05:30,67574.05,67756.8,67571.8,67729.9,0,0
2025-09-29 14:15:00+05:30,67729.35,67825.2,67635.65,67645.65,0,0
2025-09-29 14:45:00+05:30,67646.8,67889.8,67634.1,67874.9,0,0
2025-09-29 15:15:00+05:30,67877.75,67911.55,67793.55,67822.25,0,0
2025-09-30 09:15:00+05:30,67938.05,68161.25,67796.85,67864.95,0,0
2025-09-30 09:45:00+05:30,67863.5,67972.95,67804.8,67813.55,0,0
2025-09-30 10:15:00+05:30,67813.8,67886.75,67733.25,67797.35,0,0
2025-09-30 10:45:00+05:30,67798.55,67865.15,67757.9,67844.5,0,0
2025-09-30 11:15:00+05:30,67843.65,67868.05,67777.25,67813.3,0,0
2025-09-30 11:45:00+05:30,67812.3,67888.6,67795.1,67831.75,0,0
2025-09-30 12:15:00+05:30,67831.9,67893.35,67824.75,67833.9,0,0
2025-09-30 12:45:00+05:30,67834.1,67838.1,67716.55,67739.95,0,0
2025-09-30 13:15:00+05:30,67739.9,67760.2,67622.3,67634.5,0,0
2025-09-30 13:45:00+05:30,67634.25,67720.6,67627.55,67681.65,0,0
2025-09-30 14:15:00+05:30,67681.7,67919.0,67571.7,67917.45,0,0
2025-09-30 14:45:00+05:30,67920.6,67985.25,67810.55,67824.35,0,0
2025-09-30 15:15:00+05:30,67823.55,67935.3,67808.6,67864.4,0,0
2025-10-01 09:15:00+05:30,67842.7,68199.05,67828.15,68141.8,0,0
2025-10-01 09:45:00+05:30,68137.45,68158.85,67740.85,67946.7,0,0
2025-10-01 10:15:00+05:30,67946.85,68021.2,67748.25,67749.65,0,0
2025-10-01 10:45:00+05:30,67749.7,67839.3,67662.05,67839.25,0,0
2025-10-01 11:15:00+05:30,67839.5,67896.0,67713.65,67751.25,0,0
2025-10-01 11:45:00+05:30,67753.0,67813.85,67701.6,67808.45,0,0
2025-10-01 12:15:00+05:30,67807.0,67842.3,67734.0,67751.65,0,0
2025-10-01 12:45:00+05:30,67750.95,67822.6,67710.5,67810.6,0,0
2025-10-01 13:15:00+05:30,67813.15,67823.95,67740.15,67795.7,0,0
2025-10-01 13:45:00+05:30,67796.55,68012.0,67792.75,67966.95,0,0
2025-10-01 14:15:00+05:30,67966.95,68021.4,67900.05,68018.1,0,0
2025-10-01 14:45:00+05:30,68015.45,68087.45,67999.55,68056.1,0,0
2025-10-01 15:15:00+05:30,68068.3,68157.15,68054.55,68138.0,0,0
2025-10-03 09:15:00+05:30,68213.75,68296.65,67848.55,68094.15,0,0
2025-10-03 09:45:00+05:30,68089.7,68182.2,67992.8,68061.2,0,0
2025-10-03 10:15:00+05:30,68060.1,68145.9,67971.5,68012.05,0,0
2025-10-03 10:45:00+05:30,68012.05,68102.5,67977.3,68093.7,0,0
2025-10-03 11:15:00+05:30,68092.05,68133.95,68057.5,68125.55,0,0
2025-10-03 11:45:00+05:30,68126.6,68260.1,68061.3,68160.7,0,0
2025-10-03 12:15:00+05:30,68160.65,68204.15,68084.55,68196.8,0,0
2025-10-03 12:45:00+05:30,68196.85,68282.65,68188.95,68241.9,0,0
2025-10-03 13:15:00+05:30,68240.85,68241.55,68142.7,68208.95,0,0
2025-10-03 13:45:00+05:30,68209.0,68260.2,68167.45,68170.45,0,0
2025-10-03 14:15:00+05:30,68169.8,68379.45,68162.65,68367.9,0,0
2025-10-03 14:45:00+05:30,68368.4,68396.35,68318.1,68349.9,0,0
2025-10-03 15:15:00+05:30,68350.5,68382.6,68340.9,68352.0,0,0
2025-10-06 09:15:00+05:30,68436.2,68568.55,68177.45,68357.3,0,0
2025-10-06 09:45:00+05:30,68359.0,68365.45,68241.6,68334.85,0,0
2025-10-06 10:15:00+05:30,68334.55,68411.5,68258.4,68258.4,0,0
2025-10-06 10:45:00+05:30,68258.0,68279.3,68157.95,68216.15,0,0
2025-10-06 11:15:00+05:30,68217.75,68300.9,68197.45,68275.45,0,0
2025-10-06 11:45:00+05:30,68275.35,68285.75,68197.5,68283.9,0,0
2025-10-06 12:15:00+05:30,68286.0,68315.05,68254.8,68269.3,0,0
2025-10-06 12:45:00+05:30,68269.45,68355.45,68259.9,68332.75,0,0
2025-10-06 13:15:00+05:30,68331.55,68457.15,68319.35,68413.8,0,0
2025-10-06 13:45:00+05:30,68412.35,68452.85,68348.05,68424.45,0,0
2025-10-06 14:15:00+05:30,68424.5,68526.55,68397.7,68478.2,0,0
2025-10-06 14:45:00+05:30,68476.9,68573.6,68459.9,68556.0,0,0
2025-10-06 15:15:00+05:30,68556.45,68633.75,68550.75,68593.75,0,0
2025-10-07 09:15:00+05:30,68696.85,68872.75,68590.3,68761.65,0,0
2025-10-07 09:45:00+05:30,68759.9,68813.35,68706.75,68711.85,0,0
2025-10-07 10:15:00+05:30,68712.75,68722.35,68625.2,68670.6,0,0
2025-10-07 10:45:00+05:30,68670.35,68716.3,68602.45,68662.05,0,0
2025-10-07 11:15:00+05:30,68661.35,68668.9,68476.05,68552.2,0,0
2025-10-07 11:45:00+05:30,68550.15,68647.9,68548.4,68590.4,0,0
2025-10-07 12:15:00+05:30,68587.85,68608.75,68513.05,68601.45,0,0
2025-10-07 12:45:00+05:30,68602.5,68697.1,68571.7,68655.35,0,0
2025-10-07 13:15:00+05:30,68656.7,68695.55,68594.85,68694.6,0,0
2025-10-07 13:45:00+05:30,68694.5,68756.4,68683.6,68727.55,0,0
2025-10-07 14:15:00+05:30,68726.55,68731.4,68609.0,68621.25,0,0
2025-10-07 14:45:00+05:30,68619.85,68668.6,68581.15,68631.75,0,0
2025-10-07 15:15:00+05:30,68636.35,68734.65,68614.5,68708.6,0,0
2025-10-08 09:15:00+05:30,68685.05,68737.95,68479.0,68578.5,0,0
2025-10-08 09:45:00+05:30,68579.0,68579.0,68354.3,68380.3,0,0
2025-10-08 10:15:00+05:30,68376.95,68431.0,68297.95,68397.65,0,0
2025-10-08 10:45:00+05:30,68394.9,68440.95,68114.95,68146.85,0,0
2025-10-08 11:15:00+05:30,68146.35,68203.15,68089.15,68154.85,0,0
2025-10-08 11:45:00+05:30,68154.15,68271.0,68139.6,68271.0,0,0
2025-10-08 12:15:00+05:30,68269.5,68329.45,68205.8,68302.3,0,0
2025-10-08 12:45:00+05:30,68302.1,68414.85,68287.45,68382.7,0,0
2025-10-08 13:15:00+05:30,68381.65,68498.35,68355.85,68438.6,0,0
2025-10-08 13:45:00+05:30,68436.75,68509.5,68314.7,68326.25,0,0
2025-10-08 14:15:00+05:30,68326.2,68342.75,68277.2,68298.95,0,0
2025-10-08 14:45:00+05:30,68298.75,68320.95,68086.3,68097.8,0,0
2025-10-08 15:15:00+05:30,68097.65,68161.0,68050.7,68076.2,0,0
2025-10-09 09:15:00+05:30,68288.1,68315.65,68045.55,68050.65,0,0
2025-10-09 09:45:00+05:30,68050.55,68216.55,68004.8,68140.2,0,0
2025-10-09 10:15:00+05:30,68139.0,68268.25,68125.85,68264.05,0,0
2025-10-09 10:45:00+05:30,68263.95,68349.05,68185.4,68314.45,0,0
2025-10-09 11:15:00+05:30,68315.15,68349.2,68284.3,68300.9,0,0
2025-10-09 11:45:00+05:30,68300.2,68347.85,68251.75,68323.6,0,0
2025-10-09 12:15:00+05:30,68324.35,68381.5,68271.45,68302.75,0,0
2025-10-09 12:45:00+05:30,68301.55,68373.05,68291.1,68303.9,0,0
2025-10-09 13:15:00+05:30,68303.95,68368.5,68280.6,68341.95,0,0
2025-10-09 13:45:00+05:30,68344.15,68418.1,68323.4,68371.7,0,0
2025-10-09 14:15:00+05:30,68384.0,68422.3,68341.95,68401.2,0,0
2025-10-09 14:45:00+05:30,68404.35,68509.35,68352.55,68498.75,0,0
2025-10-09 15:15:00+05:30,68500.35,68562.55,68494.45,68540.25,0,0
2025-10-10 09:15:00+05:30,68619.35,68754.8,68425.05,68730.45,0,0
2025-10-10 09:45:00+05:30,68729.8,68882.05,68718.8,68829.0,0,0
2025-10-10 10:15:00+05:30,68829.55,68852.6,68706.85,68707.3,0,0
2025-10-10 10:45:00+05:30,68706.95,68802.6,68682.1,68767.25,0,0
2025-10-10 11:15:00+05:30,68769.2,68775.7,68659.95,68737.4,0,0
2025-10-10 11:45:00+05:30,68738.3,68887.95,68735.75,68875.6,0,0
2025-10-10 12:15:00+05:30,68876.05,68908.6,68810.5,68847.2,0,0
2025-10-10 12:45:00+05:30,68847.2,68907.2,68837.5,68862.5,0,0
2025-10-10 13:15:00+05:30,68863.5,68877.95,68803.95,68823.85,0,0
2025-10-10 13:45:00+05:30,68823.4,68868.25,68753.25,68772.3,0,0
2025-10-10 14:15:00+05:30,68773.05,68853.6,68764.35,68801.15,0,0
2025-10-10 14:45:00+05:30,68800.4,68800.45,68667.05,68681.45,0,0
2025-10-10 15:15:00+05:30,68679.1,68727.9,68654.9,68671.15,0,0
2025-10-13 09:15:00+05:30,68423.75,68555.8,68165.15,68394.9,0,0
2025-10-13 09:45:00+05:30,68394.0,68491.85,68365.05,68435.65,0,0
2025-10-13 10:15:00+05:30,68434.65,68436.1,68279.75,68332.5,0,0
2025-10-13 10:45:00+05:30,68333.7,68387.05,68244.35,68290.55,0,0
2025-10-13 11:15:00+05:30,68290.8,68320.0,68201.25,68297.45,0,0
2025-10-13 11:45:00+05:30,68298.7,68365.05,68282.5,68349.55,0,0
2025-10-13 12:15:00+05:30,68349.5,68353.7,68279.55,68327.05,0,0
2025-10-13 12:45:00+05:30,68327.75,68428.55,68320.35,68428.3,0,0
2025-10-13 13:15:00+05:30,68428.15,68443.85,68385.8,68428.2,0,0
2025-10-13 13:45:00+05:30,68427.45,68473.65,68401.55,68431.15,0,0
2025-10-13 14:15:00+05:30,68431.15,68558.7,68431.15,68510.65,0,0
2025-10-13 14:45:00+05:30,68512.15,68601.85,68510.5,68574.9,0,0
2025-10-13 15:15:00+05:30,68575.25,68593.7,68559.05,68572.8,0,0
2025-10-14 09:15:00+05:30,68749.95,68868.45,68619.85,68622.1,0,0
2025-10-14 09:45:00+05:30,68620.85,68736.4,68528.15,68558.65,0,0
2025-10-14 10:15:00+05:30,68557.5,68557.5,68414.85,68487.45,0,0
2025-10-14 10:45:00+05:30,68486.5,68546.25,68281.3,68328.85,0,0
2025-10-14 11:15:00+05:30,68329.8,68331.4,68168.95,68227.15,0,0
2025-10-14 11:45:00+05:30,68227.15,68236.65,68038.7,68110.1,0,0
2025-10-14 12:15:00+05:30,68109.1,68184.2,68071.15,68081.15,0,0
2025-10-14 12:45:00+05:30,68081.2,68183.3,68074.0,68092.1,0,0
2025-10-14 13:15:00+05:30,68092.9,68217.2,68076.6,68180.15,0,0
2025-10-14 13:45:00+05:30,68178.3,68209.7,68089.65,68110.9,0,0
2025-10-14 14:15:00+05:30,68113.25,68324.05,68091.2,68295.0,0,0
2025-10-14 14:45:00+05:30,68297.75,68334.05,68189.55,68215.0,0,0
2025-10-14 15:15:00+05:30,68214.65,68251.6,68083.1,68119.65,0,0
2025-10-15 09:15:00+05:30,68389.85,68623.5,68361.55,68527.95,0,0
2025-10-15 09:45:00+05:30,68529.6,68683.4,68501.65,68680.05,0,0
2025-10-15 10:15:00+05:30,68681.3,68759.35,68657.65,68747.25,0,0
2025-10-15 10:45:00+05:30,68748.0,68866.9,68746.4,68860.45,0,0
2025-10-15 11:15:00+05:30,68860.5,68954.75,68850.75,68934.05,0,0
2025-10-15 11:45:00+05:30,68933.85,69007.05,68932.1,68959.5,0,0
2025-10-15 12:15:00+05:30,68959.85,69074.8,68955.6,69055.75,0,0
2025-10-15 12:45:00+05:30,69053.85,69076.35,69010.85,69012.9,0,0
2025-10-15 13:15:00+05:30,69012.4,69095.75,69011.05,69037.85,0,0
2025-10-15 13:45:00+05:30,69033.0,69066.85,68968.6,69012.9,0,0
2025-10-15 14:15:00+05:30,69012.45,69125.9,69009.85,69101.65,0,0
2025-10-15 14:45:00+05:30,69102.4,69133.5,69044.5,69101.3,0,0
2025-10-15 15:15:00+05:30,69099.2,69166.85,69094.0,69147.7,0,0
2025-10-16 09:15:00+05:30,69274.65,69409.45,69138.75,69398.65,0,0
2025-10-16 09:45:00+05:30,69398.3,69410.8,69265.85,69270.75,0,0
2025-10-16 10:15:00+05:30,69270.5,69359.65,69251.0,69345.25,0,0
2025-10-16 10:45:00+05:30,69345.5,69366.65,69304.05,69344.75,0,0
2025-10-16 11:15:00+05:30,69344.0,69416.4,69341.05,69374.45,0,0
2025-10-16 11:45:00+05:30,69374.2,69445.1,69347.95,69438.9,0,0
2025-10-16 12:15:00+05:30,69439.7,69504.95,69423.1,69431.4,0,0
2025-10-16 12:45:00+05:30,69430.3,69497.25,69426.65,69485.65,0,0
2025-10-16 13:15:00+05:30,69486.0,69540.25,69473.05,69529.9,0,0
2025-10-16 13:45:00+05:30,69528.1,69546.95,69488.0,69502.55,0,0
2025-10-16 14:15:00+05:30,69503.65,69526.75,69471.6,69514.55,0,0
2025-10-16 14:45:00+05:30,69514.0,69519.75,69445.45,69449.4,0,0
2025-10-16 15:15:00+05:30,69446.25,69471.85,69393.55,69402.5,0,0
2025-10-17 09:15:00+05:30,69458.0,69507.55,69284.65,69413.25,0,0
2025-10-17 09:45:00+05:30,69414.75,69427.45,69208.75,69389.3,0,0
2025-10-17 10:15:00+05:30,69388.35,69418.7,69287.75,69328.6,0,0
2025-10-17 10:45:00+05:30,69329.4,69606.35,69325.45,69581.95,0,0
2025-10-17 11:15:00+05:30,69584.35,69624.1,69525.5,69544.75,0,0
2025-10-17 11:45:00+05:30,69543.3,69562.95,69508.15,69549.75,0,0
2025-10-17 12:15:00+05:30,69550.95,69558.8,69511.5,69530.65,0,0
2025-10-17 12:45:00+05:30,69530.1,69533.45,69201.7,69221.55,0,0
2025-10-17 13:15:00+05:30,69221.15,69324.45,69083.6,69170.6,0,0
2025-10-17 13:45:00+05:30,69171.75,69323.4,69091.05,69294.05,0,0
2025-10-17 14:15:00+05:30,69293.2,69444.2,69267.15,69407.35,0,0
2025-10-17 14:45:00+05:30,69406.6,69417.05,69322.75,69363.15,0,0
2025-10-17 15:15:00+05:30,69359.9,69388.3,69305.15,69343.7,0,0
2025-10-20 09:15:00+05:30,69641.95,69715.8,69462.05,69475.05,0,0
2025-10-20 09:45:00+05:30,69476.65,69531.55,69388.3,69474.35,0,0
2025-10-20 10:15:00+05:30,69476.05,69537.4,69427.4,69505.9,0,0
2025-10-20 10:45:00+05:30,69506.6,69588.85,69485.8,69520.8,0,0
2025-10-20 11:15:00+05:30,69522.05,69547.15,69437.5,69481.25,0,0
2025-10-20 11:45:00+05:30,69483.85,69529.95,69453.75,69489.65,0,0
2025-10-20 12:15:00+05:30,69489.75,69588.2,69479.35,69575.0,0,0
2025-10-20 12:45:00+05:30,69575.85,69589.75,69557.75,69568.95,0,0
2025-10-20 13:15:00+05:30,69568.1,69578.4,69519.75,69521.4,0,0
2025-10-20 13:45:00+05:30,69522.3,69558.75,69486.25,69537.1,0,0
2025-10-20 14:15:00+05:30,69536.2,69559.95,69449.2,69495.25,0,0
2025-10-20 14:45:00+05:30,69490.8,69494.5,69385.75,69437.6,0,0
2025-10-20 15:15:00+05:30,69433.7,69503.75,69431.25,69496.15,0,0
2025-10-21 13:45:00+05:30,69805.3,69829.3,69621.25,69644.7,0,0
2025-10-21 14:15:00+05:30,69643.8,69652.45,69385.05,69405.6,0,0
2025-10-23 09:15:00+05:30,69790.7,69944.3,69467.25,69882.85,0,0
2025-10-23 09:45:00+05:30,69882.25,69924.25,69783.35,69817.5,0,0
2025-10-23 10:15:00+05:30,69817.8,69879.7,69793.25,69864.95,0,0
2025-10-23 10:45:00+05:30,69865.75,69866.7,69782.3,69838.2,0,0
2025-10-23 11:15:00+05:30,69836.05,69859.15,69779.25,69831.3,0,0
2025-10-23 11:45:00+05:30,69830.65,69888.1,69811.75,69866.0,0,0
2025-10-23 12:15:00+05:30,69865.45,69936.0,69848.95,69878.85,0,0
2025-10-23 12:45:00+05:30,69879.4,69894.15,69809.6,69821.1,0,0
2025-10-23 13:15:00+05:30,69820.7,69833.3,69725.85,69758.05,0,0
2025-10-23 13:45:00+05:30,69758.9,69769.1,69644.45,69681.75,0,0
2025-10-23 14:15:00+05:30,69681.55,69721.25,69641.3,69697.8,0,0
2025-10-23 14:45:00+05:30,69699.75,69750.15,69344.1,69347.85,0,0
2025-10-23 15:15:00+05:30,69348.9,69444.25,69334.45,69434.5,0,0
2025-10-24 09:15:00+05:30,69530.55,69656.45,69320.4,69615.45,0,0
2025-10-24 09:45:00+05:30,69615.2,69637.45,69549.55,69581.4,0,0
2025-10-24 10:15:00+05:30,69576.35,69584.6,69423.8,69486.85,0,0
2025-10-24 10:45:00+05:30,69485.35,69523.2,69410.2,69447.15,0,0
2025-10-24 11:15:00+05:30,69444.6,69463.45,69368.85,69452.6,0,0
2025-10-24 11:45:00+05:30,69452.7,69516.85,69435.5,69491.4,0,0
2025-10-24 12:15:00+05:30,69491.6,69528.6,69423.4,69476.2,0,0
2025-10-24 12:45:00+05:30,69477.3,69493.5,69412.7,69434.4,0,0
2025-10-24 13:15:00+05:30,69433.95,69436.7,69184.9,69188.5,0,0
2025-10-24 13:45:00+05:30,69188.05,69291.35,69187.1,69259.1,0,0
2025-10-24 14:15:00+05:30,69261.0,69303.65,69202.45,69204.45,0,0
2025-10-24 14:45:00+05:30,69203.6,69355.35,69146.6,69346.25,0,0
2025-10-24 15:15:00+05:30,69347.85,69416.7,69343.1,69388.45,0,0
2025-10-27 09:15:00+05:30,69579.15,69605.15,69416.95,69558.5,0,0
2025-10-27 09:45:00+05:30,69558.35,69647.6,69547.2,69572.15,0,0
2025-10-27 10:15:00+05:30,69571.75,69585.65,69488.0,69528.25,0,0
2025-10-27 10:45:00+05:30,69528.1,69555.5,69484.0,69531.6,0,0
2025-10-27 11:15:00+05:30,69530.65,69570.0,69506.75,69561.75,0,0
2025-10-27 11:45:00+05:30,69561.75,69596.1,69531.45,69561.1,0,0
2025-10-27 12:15:00+05:30,69563.9,69587.9,69543.9,69574.2,0,0
2025-10-27 12:45:00+05:30,69572.55,69625.4,69564.0,69579.85,0,0
2025-10-27 13:15:00+05:30,69580.25,69581.45,69496.6,69518.3,0,0
2025-10-27 13:45:00+05:30,69518.95,69586.4,69514.1,69560.3,0,0
2025-10-27 14:15:00+05:30,69560.85,69610.25,69543.65,69568.6,0,0
2025-10-27 14:45:00+05:30,69570.5,69593.75,69530.15,69579.65,0,0
2025-10-27 15:15:00+05:30,69578.2,69654.65,69566.85,69617.9,0,0
2025-10-28 09:15:00+05:30,69751.75,69775.6,69551.2,69671.65,0,0
2025-10-28 09:45:00+05:30,69669.4,69705.15,69502.2,69529.55,0,0
2025-10-28 10:15:00+05:30,69529.3,69542.35,69422.95,69461.65,0,0
2025-10-28 10:45:00+05:30,69462.95,69507.0,69339.85,69386.9,0,0
2025-10-28 11:15:00+05:30,69388.25,69436.3,69346.0,69371.9,0,0
2025-10-28 11:45:00+05:30,69371.55,69405.25,69290.75,69328.85,0,0
2025-10-28 12:15:00+05:30,69330.2,69372.3,69262.7,69366.4,0,0
2025-10-28 12:45:00+05:30,69363.15,69397.35,69314.95,69318.7,0,0
2025-10-28 13:15:00+05:30,69317.75,69335.45,69209.7,69218.0,0,0
2025-10-28 13:45:00+05:30,69216.6,69222.95,69144.9,69165.8,0,0
2025-10-28 14:15:00+05:30,69166.65,69170.25,69057.0,69071.15,0,0
2025-10-28 14:45:00+05:30,69070.75,69278.0,69029.8,69273.4,0,0
2025-10-28 15:15:00+05:30,69272.0,69320.8,69248.95,69293.3,0,0
2025-10-29 09:15:00+05:30,69413.85,69649.4,69355.25,69553.35,0,0
2025-10-29 09:45:00+05:30,69550.65,69762.6,69537.55,69757.3,0,0
2025-10-29 10:15:00+05:30,69762.5,70001.75,69760.25,69982.05,0,0
2025-10-29 10:45:00+05:30,69981.0,70162.15,69962.65,70046.3,0,0
2025-10-29 11:15:00+05:30,70047.55,70170.6,70027.4,70048.35,0,0
2025-10-29 11:45:00+05:30,70047.15,70098.2,69992.9,70052.7,0,0
2025-10-29 12:15:00+05:30,70055.15,70183.65,70051.45,70168.6,0,0
2025-10-29 12:45:00+05:30,70166.75,70179.25,70129.0,70156.5,0,0
2025-10-29 13:15:00+05:30,70156.85,70234.05,70147.1,70152.1,0,0
2025-10-29 13:45:00+05:30,70150.25,70176.25,70073.9,70129.5,0,0
2025-10-29 14:15:00+05:30,70129.6,70231.9,70128.9,70194.8,0,0
2025-10-29 14:45:00+05:30,70193.2,70196.25,70124.7,70145.35,0,0
2025-10-29 15:15:00+05:30,70145.1,70318.65,70135.9,70303.05,0,0
2025-10-30 09:15:00+05:30,70405.15,70405.15,69956.7,69963.95,0,0
2025-10-30 09:45:00+05:30,69965.15,69988.15,69788.75,69984.15,0,0
2025-10-30 10:15:00+05:30,69982.9,70021.1,69902.25,69913.25,0,0
2025-10-30 10:45:00+05:30,69915.8,70053.15,69887.8,70047.55,0,0
2025-10-30 11:15:00+05:30,70047.5,70090.2,70005.7,70013.3,0,0
2025-10-30 11:45:00+05:30,70015.0,70087.35,69956.15,69961.0,0,0
2025-10-30 12:15:00+05:30,69962.3,70023.7,69930.95,70000.4,0,0
2025-10-30 12:45:00+05:30,70001.4,70014.6,69908.55,69975.95,0,0
2025-10-30 13:15:00+05:30,69976.3,69985.8,69822.55,69854.2,0,0
2025-10-30 13:45:00+05:30,69855.7,69883.6,69799.85,69878.4,0,0
2025-10-30 14:15:00+05:30,69877.45,70005.65,69850.7,70004.3,0,0
2025-10-30 14:45:00+05:30,70006.1,70107.25,69928.65,70104.7,0,0
2025-10-30 15:15:00+05:30,70108.15,70141.0,70078.6,70099.35,0,0
2025-10-31 09:15:00+05:30,70172.65,70289.35,69954.25,70215.95,0,0
2025-10-31 09:45:00+05:30,70215.55,70261.55,70115.9,70154.35,0,0
2025-10-31 10:15:00+05:30,70151.55,70151.55,69919.9,69997.6,0,0
2025-10-31 10:45:00+05:30,69996.85,70084.4,69949.75,69981.4,0,0
2025-10-31 11:15:00+05:30,69980.9,70132.05,69965.7,70099.4,0,0
2025-10-31 11:45:00+05:30,70098.35,70167.5,70071.8,70103.0,0,0
2025-10-31 12:15:00+05:30,70101.25,70141.9,70085.9,70119.7,0,0
2025-10-31 12:45:00+05:30,70119.85,70204.3,70089.25,70149.65,0,0
2025-10-31 13:15:00+05:30,70148.1,70167.2,70027.25,70033.35,0,0
2025-10-31 13:45:00+05:30,70031.75,70144.3,70008.35,70136.95,0,0
2025-10-31 14:15:00+05:30,70138.8,70181.4,70062.0,70154.25,0,0
2025-10-31 14:45:00+05:30,70152.65,70152.65,69784.8,69784.8,0,0
2025-10-31 15:15:00+05:30,69786.6,69865.9,69769.3,69852.1,0,0
2025-11-03 09:15:00+05:30,69995.7,70321.9,69965.8,70297.15,0,0
2025-11-03 09:45:00+05:30,70295.05,70374.1,70261.85,70354.25,0,0
2025-11-03 10:15:00+05:30,70354.85,70385.15,70260.25,70320.25,0,0
2025-11-03 10:45:00+05:30,70319.85,70356.55,70267.5,70305.4,0,0
2025-11-03 11:15:00+05:30,70305.2,70314.3,70229.55,70233.7,0,0
2025-11-03 11:45:00+05:30,70234.85,70252.25,70184.6,70224.8,0,0
2025-11-03 12:15:00+05:30,70223.7,70325.6,70203.35,70315.05,0,0
2025-11-03 12:45:00+05:30,70313.8,70469.25,70310.95,70446.4,0,0
2025-11-03 13:15:00+05:30,70443.25,70488.75,70403.4,70441.75,0,0
2025-11-03 13:45:00+05:30,70443.0,70499.3,70410.65,70477.45,0,0
2025-11-03 14:15:00+05:30,70474.35,70544.7,70469.95,70530.2,0,0
2025-11-03 14:45:00+05:30,70528.35,70539.7,70429.25,70492.25,0,0
2025-11-03 15:15:00+05:30,70491.25,70544.75,70470.7,70499.65,0,0
2025-11-04 09:15:00+05:30,70493.8,70551.15,70346.2,70441.95,0,0
2025-11-04 09:45:00+05:30,70436.25,70496.55,70380.35,70412.95,0,0
2025-11-04 10:15:00+05:30,70407.05,70440.7,70336.5,70359.15,0,0
2025-11-04 10:45:00+05:30,70358.95,70372.25,70284.8,70310.95,0,0
2025-11-04 11:15:00+05:30,70309.9,70310.5,70161.25,70188.05,0,0
2025-11-04 11:45:00+05:30,70186.6,70223.9,70108.45,70207.8,0,0
2025-11-04 12:15:00+05:30,70209.25,70230.75,70142.5,70182.3,0,0
2025-11-04 12:45:00+05:30,70182.95,70285.8,70164.35,70281.05,0,0
2025-11-04 13:15:00+05:30,70280.9,70327.1,70165.85,70291.3,0,0
2025-11-04 13:45:00+05:30,70292.15,70318.0,70129.5,70159.5,0,0
2025-11-04 14:15:00+05:30,70160.1,70245.45,70132.15,70238.65,0,0
2025-11-04 14:45:00+05:30,70239.05,70239.05,70124.15,70162.1,0,0
2025-11-04 15:15:00+05:30,70163.4,70242.2,70134.05,70164.95,0,0
2025-11-06 09:15:00+05:30,70285.15,70334.55,69973.9,70080.0,0,0
2025-11-06 09:45:00+05:30,70080.55,70083.5,69686.6,69687.75,0,0
2025-11-06 10:15:00+05:30,69687.8,69689.15,69547.7,69591.2,0,0
2025-11-06 10:45:00+05:30,69591.25,69765.2,69585.75,69712.0,0,0
2025-11-06 11:15:00+05:30,69712.85,69719.25,69501.8,69523.1,0,0
2025-11-06 11:45:00+05:30,69521.45,69646.2,69420.6,69451.9,0,0
2025-11-06 12:15:00+05:30,69452.0,69562.4,69441.65,69547.0,0,0
2025-11-06 12:45:00+05:30,69543.5,69736.3,69533.8,69638.3,0,0
2025-11-06 13:15:00+05:30,69637.45,69694.8,69511.9,69511.9,0,0
2025-11-06 13:45:00+05:30,69510.8,69528.5,69327.0,69393.95,0,0
2025-11-06 14:15:00+05:30,69393.75,69473.95,69352.8,69451.75,0,0
2025-11-06 14:45:00+05:30,69451.75,69493.9,69241.8,69267.45,0,0
2025-11-06 15:15:00+05:30,69267.85,69336.0,69259.1,69281.5,0,0
2025-11-07 09:15:00+05:30,69074.65,69080.5,68396.9,68655.85,0,0
2025-11-07 09:45:00+05:30,68654.85,68862.35,68593.35,68737.7,0,0
2025-11-07 10:15:00+05:30,68736.3,68989.45,68683.15,68973.95,0,0
2025-11-07 10:45:00+05:30,68974.4,69038.1,68907.35,69029.4,0,0
2025-11-07 11:15:00+05:30,69028.15,69227.25,69022.7,69178.6,0,0
2025-11-07 11:45:00+05:30,69180.65,69254.9,69112.3,69160.2,0,0
2025-11-07 12:15:00+05:30,69158.15,69306.0,69131.85,69282.95,0,0
2025-11-07 12:45:00+05:30,69285.6,69377.75,69268.35,69359.5,0,0
2025-11-07 13:15:00+05:30,69361.5,69524.85,69341.95,69485.15,0,0
2025-11-07 13:45:00+05:30,69485.7,69525.25,69261.85,69297.35,0,0
2025-11-07 14:15:00+05:30,69297.6,69522.8,69278.2,69499.65,0,0
2025-11-07 14:45:00+05:30,69500.0,69504.45,69295.45,69341.95,0,0
2025-11-07 15:15:00+05:30,69343.8,69419.85,69336.8,69358.95,0,0
2025-11-10 09:15:00+05:30,69513.15,69912.3,69509.45,69762.95,0,0
2025-11-10 09:45:00+05:30,69768.0,69854.45,69669.1,69690.5,0,0
2025-11-10 10:15:00+05:30,69691.45,69823.8,69689.85,69760.05,0,0
2025-11-10 10:45:00+05:30,69760.0,69830.0,69687.95,69802.6,0,0
2025-11-10 11:15:00+05:30,69802.05,69863.65,69789.4,69796.0,0,0
2025-11-10 11:45:00+05:30,69796.05,69835.4,69734.1,69764.05,0,0
2025-11-10 12:15:00+05:30,69763.05,69803.25,69755.0,69782.25,0,0
2025-11-10 12:45:00+05:30,69784.25,69794.05,69718.65,69735.15,0,0
2025-11-10 13:15:00+05:30,69734.95,69816.9,69704.35,69704.35,0,0
2025-11-10 13:45:00+05:30,69703.9,69830.6,69679.15,69821.1,0,0
2025-11-10 14:15:00+05:30,69821.65,69894.9,69794.85,69800.6,0,0
2025-11-10 14:45:00+05:30,69798.75,69801.85,69620.85,69640.9,0,0
2025-11-10 15:15:00+05:30,69641.0,69663.4,69592.4,69626.4,0,0
2025-11-11 09:15:00+05:30,69666.45,69676.95,69205.55,69300.85,0,0
2025-11-11 09:45:00+05:30,69302.15,69306.75,69152.3,69174.9,0,0
2025-11-11 10:15:00+05:30,69175.15,69211.1,69036.6,69063.05,0,0
2025-11-11 10:45:00+05:30,69062.4,69172.45,69047.95,69106.85,0,0
2025-11-11 11:15:00+05:30,69105.8,69161.3,69048.7,69151.75,0,0
2025-11-11 11:45:00+05:30,69152.0,69409.8,69150.9,69306.65,0,0
2025-11-11 12:15:00+05:30,69307.2,69429.5,69277.75,69380.85,0,0
2025-11-11 12:45:00+05:30,69378.9,69425.25,69350.85,69406.3,0,0
2025-11-11 13:15:00+05:30,69405.75,69582.25,69403.6,69541.45,0,0
2025-11-11 13:45:00+05:30,69541.15,69645.75,69537.4,69607.5,0,0
2025-11-11 14:15:00+05:30,69607.6,69742.05,69601.85,69699.15,0,0
2025-11-11 14:45:00+05:30,69698.5,69758.7,69686.5,69721.0,0,0
2025-11-11 15:15:00+05:30,69720.2,69748.05,69710.75,69734.05,0,0
2025-11-12 09:15:00+05:30,69977.45,70042.9,69875.55,70041.95,0,0
2025-11-12 09:45:00+05:30,70041.9,70133.35,69971.75,69985.5,0,0
2025-11-12 10:15:00+05:30,69986.95,69997.1,69906.15,69946.4,0,0
2025-11-12 10:45:00+05:30,69946.35,69946.85,69832.4,69899.95,0,0
2025-11-12 11:15:00+05:30,69904.25,69954.55,69900.4,69935.0,0,0
2025-11-12 11:45:00+05:30,69934.9,69953.5,69862.75,69895.05,0,0
2025-11-12 12:15:00+05:30,69893.2,69936.05,69883.05,69925.4,0,0
2025-11-12 12:45:00+05:30,69923.8,69932.45,69854.0,69902.1,0,0
2025-11-12 13:15:00+05:30,69903.3,69943.35,69896.3,69925.3,0,0
2025-11-12 13:45:00+05:30,69924.4,69935.85,69833.45,69853.95,0,0
2025-11-12 14:15:00+05:30,69854.7,69869.7,69744.95,69800.25,0,0
2025-11-12 14:45:00+05:30,69798.4,69867.95,69768.75,69823.65,0,0
2025-11-12 15:15:00+05:30,69826.75,69826.75,69724.15,69772.0,0,0
2025-11-13 09:15:00+05:30,69916.65,69984.25,69713.8,69960.25,0,0
2025-11-13 09:45:00+05:30,69963.1,70050.0,69935.8,69985.35,0,0
2025-11-13 10:15:00+05:30,69986.55,70099.65,69970.05,70062.7,0,0
2025-11-13 10:45:00+05:30,70061.8,70115.9,70033.15,70040.85,0,0
2025-11-13 11:15:00+05:30,70039.6,70091.45,70033.15,70055.9,0,0
2025-11-13 11:45:00+05:30,70055.15,70159.55,70030.1,70140.45,0,0
2025-11-13 12:15:00+05:30,70140.3,70143.35,69962.05,69979.1,0,0
2025-11-13 12:45:00+05:30,69979.9,70088.4,69959.6,70074.6,0,0
2025-11-13 13:15:00+05:30,70075.85,70139.15,70056.85,70122.6,0,0
2025-11-13 13:45:00+05:30,70121.05,70131.4,69840.8,69872.45,0,0
2025-11-13 14:15:00+05:30,69874.7,69986.4,69870.3,69939.35,0,0
2025-11-13 14:45:00+05:30,69940.55,69963.55,69780.9,69834.1,0,0
2025-11-13 15:15:00+05:30,69835.85,69910.75,69830.0,69894.5,0,0
2025-11-14 09:15:00+05:30,69822.95,70161.4,69741.95,70147.2,0,0
2025-11-14 09:45:00+05:30,70147.3,70261.2,69882.3,69884.85,0,0
2025-11-14 10:15:00+05:30,69885.85,69925.85,69662.95,69694.8,0,0
2025-11-14 10:45:00+05:30,69695.0,69966.85,69688.15,69932.5,0,0
2025-11-14 11:15:00+05:30,69934.3,69972.65,69815.35,69834.95,0,0
2025-11-14 11:45:00+05:30,69834.4,69875.9,69792.6,69854.95,0,0
2025-11-14 12:15:00+05:30,69855.25,69915.35,69777.6,69784.7,0,0
2025-11-14 12:45:00+05:30,69785.55,69786.75,69618.85,69667.7,0,0
2025-11-14 13:15:00+05:30,69670.05,69742.1,69607.55,69609.9,0,0
2025-11-14 13:45:00+05:30,69609.25,69691.65,69563.75,69673.95,0,0
2025-11-14 14:15:00+05:30,69674.35,69704.6,69575.35,69660.25,0,0
2025-11-14 14:45:00+05:30,69660.2,69846.55,69517.15,69823.5,0,0
2025-11-14 15:15:00+05:30,69824.15,69856.65,69794.75,69814.45,0,0
2025-11-17 09:15:00+05:30,70014.75,70262.3,69966.5,70165.65,0,0
2025-11-17 09:45:00+05:30,70165.75,70205.5,70111.35,70134.45,0,0
2025-11-17 10:15:00+05:30,70136.35,70208.85,70037.05,70067.8,0,0
2025-11-17 10:45:00+05:30,70071.4,70104.35,70039.25,70069.85,0,0
2025-11-17 11:15:00+05:30,70069.35,70084.9,69947.35,70034.6,0,0
2025-11-17 11:45:00+05:30,70036.7,70112.7,69988.25,70094.05,0,0
2025-11-17 12:15:00+05:30,70094.65,70129.9,70085.3,70122.8,0,0
2025-11-17 12:45:00+05:30,70123.25,70161.3,70086.35,70089.75,0,0
2025-11-17 13:15:00+05:30,70092.35,70145.2,70078.9,70131.65,0,0
2025-11-17 13:45:00+05:30,70130.55,70144.3,70100.1,70107.9,0,0
2025-11-17 14:15:00+05:30,70107.6,70143.85,70097.55,70098.75,0,0
2025-11-17 14:45:00+05:30,70096.7,70149.8,70063.9,70143.45,0,0
2025-11-17 15:15:00+05:30,70143.15,70225.35,70138.3,70182.0,0,0
2025-11-18 09:15:00+05:30,70275.7,70275.7,69896.75,69948.1,0,0
2025-11-18 09:45:00+05:30,69947.7,69947.95,69632.75,69634.95,0,0
2025-11-18 10:15:00+05:30,69636.3,69684.55,69560.6,69619.75,0,0
2025-11-18 10:45:00+05:30,69620.7,69754.2,69608.1,69728.15,0,0
2025-11-18 11:15:00+05:30,69729.2,69796.5,69707.25,69794.15,0,0
2025-11-18 11:45:00+05:30,69794.95,69872.0,69783.75,69808.5,0,0
2025-11-18 12:15:00+05:30,69808.6,69818.75,69755.4,69791.6,0,0
2025-11-18 12:45:00+05:30,69791.4,69861.35,69742.4,69846.45,0,0
2025-11-18 13:15:00+05:30,69848.35,69869.15,69836.9,69858.65,0,0
2025-11-18 13:45:00+05:30,69858.75,69899.3,69828.45,69896.7,0,0
2025-11-18 14:15:00+05:30,69895.9,69901.5,69739.45,69739.45,0,0
2025-11-18 14:45:00+05:30,69739.6,69747.65,69590.55,69661.1,0,0
2025-11-18 15:15:00+05:30,69663.45,69685.6,69621.25,69647.05,0,0
2025-11-19 09:15:00+05:30,69681.45,69782.0,69406.2,69666.45,0,0
2025-11-19 09:45:00+05:30,69667.25,69674.25,69572.3,69666.45,0,0
2025-11-19 10:15:00+05:30,69665.85,69684.65,69567.45,69570.1,0,0
2025-11-19 10:45:00+05:30,69569.7,69608.85,69418.9,69418.9,0,0
2025-11-19 11:15:00+05:30,69421.55,69519.45,69404.15,69497.15,0,0
2025-11-19 11:45:00+05:30,69498.0,69633.05,69493.2,69623.9,0,0
2025-11-19 12:15:00+05:30,69623.8,69727.65,69615.35,69703.85,0,0
2025-11-19 12:45:00+05:30,69703.2,69741.45,69676.15,69707.15,0,0
2025-11-19 13:15:00+05:30,69707.15,69714.1,69558.6,69573.95,0,0
2025-11-19 13:45:00+05:30,69574.05,69649.3,69544.35,69648.95,0,0
2025-11-19 14:15:00+05:30,69651.5,69703.15,69620.6,69657.5,0,0
2025-11-19 14:45:00+05:30,69656.6,69671.55,69583.3,69654.65,0,0
2025-11-19 15:15:00+05:30,69655.2,69671.55,69565.9,69605.0,0,0
2025-11-20 09:15:00+05:30,69897.05,69898.85,69681.9,69710.65,0,0
2025-11-20 09:45:00+05:30,69710.55,69799.75,69695.25,69763.15,0,0
2025-11-20 10:15:00+05:30,69762.65,69862.75,69745.75,69852.45,0,0
2025-11-20 10:45:00+05:30,69851.45,69890.0,69825.65,69848.75,0,0
2025-11-20 11:15:00+05:30,69849.3,69861.15,69808.35,69827.9,0,0
2025-11-20 11:45:00+05:30,69827.7,69852.4,69783.0,69812.35,0,0
2025-11-20 12:15:00+05:30,69812.5,69866.4,69792.9,69809.1,0,0
2025-11-20 12:45:00+05:30,69809.0,69838.85,69743.0,69745.6,0,0
2025-11-20 13:15:00+05:30,69744.95,69824.65,69744.95,69823.75,0,0
2025-11-20 13:45:00+05:30,69823.85,69836.05,69767.35,69778.25,0,0
2025-11-20 14:15:00+05:30,69778.5,69797.15,69610.1,69615.15,0,0
2025-11-20 14:45:00+05:30,69611.8,69615.15,69489.6,69597.95,0,0
2025-11-20 15:15:00+05:30,69595.2,69618.55,69569.15,69604.8,0,0
2025-11-21 09:15:00+05:30,69448.5,69463.2,69203.1,69203.8,0,0
2025-11-21 09:45:00+05:30,69202.4,69207.8,68986.45,69012.55,0,0
2025-11-21 10:15:00+05:30,69012.6,69012.6,68804.2,68822.25,0,0
2025-11-21 10:45:00+05:30,68821.6,68872.75,68740.7,68850.6,0,0
2025-11-21 11:15:00+05:30,68851.8,68878.7,68785.25,68814.45,0,0
2025-11-21 11:45:00+05:30,68815.1,68953.15,68803.85,68947.6,0,0
2025-11-21 12:15:00+05:30,68947.9,68986.8,68909.1,68963.9,0,0
2025-11-21 12:45:00+05:30,68964.75,69018.25,68931.55,68936.35,0,0
2025-11-21 13:15:00+05:30,68937.0,68952.85,68864.5,68875.7,0,0
2025-11-21 13:45:00+05:30,68875.75,68954.4,68853.95,68933.35,0,0
2025-11-21 14:15:00+05:30,68931.7,68972.5,68840.65,68840.65,0,0
2025-11-21 14:45:00+05:30,68839.1,68861.35,68639.95,68667.05,0,0
2025-11-21 15:15:00+05:30,68666.15,68721.9,68623.15,68639.9,0,0
2025-11-24 09:15:00+05:30,68679.45,68726.3,68350.4,68546.45,0,0
2025-11-24 09:45:00+05:30,68544.85,68689.25,68474.0,68689.25,0,0
2025-11-24 10:15:00+05:30,68687.7,68690.9,68515.35,68517.05,0,0
2025-11-24 10:45:00+05:30,68517.25,68548.9,68457.55,68486.6,0,0
2025-11-24 11:15:00+05:30,68485.8,68506.0,68429.0,68439.0,0,0
2025-11-24 11:45:00+05:30,68439.7,68444.85,68330.65,68334.7,0,0
2025-11-24 12:15:00+05:30,68333.75,68373.6,68260.25,68350.65,0,0
2025-11-24 12:45:00+05:30,68348.95,68366.7,68319.8,68347.65,0,0
2025-11-24 13:15:00+05:30,68349.2,68381.7,68318.2,68334.45,0,0
2025-11-24 13:45:00+05:30,68336.65,68368.4,68264.3,68286.45,0,0
2025-11-24 14:15:00+05:30,68287.4,68296.35,68156.4,68159.65,0,0
2025-11-24 14:45:00+05:30,68159.7,68203.75,67943.8,67994.55,0,0
2025-11-24 15:15:00+05:30,67997.4,68027.3,67927.65,67966.75,0,0
2025-11-25 09:15:00+05:30,68030.8,68172.3,67982.3,68096.75,0,0
2025-11-25 09:45:00+05:30,68098.9,68184.85,68053.9,68162.5,0,0
2025-11-25 10:15:00+05:30,68162.75,68242.0,68145.05,68197.65,0,0
2025-11-25 10:45:00+05:30,68197.85,68199.4,68055.7,68097.7,0,0
2025-11-25 11:15:00+05:30,68097.45,68109.95,68060.5,68083.55,0,0
2025-11-25 11:45:00+05:30,68083.9,68117.4,68074.05,68085.05,0,0
2025-11-25 12:15:00+05:30,68084.9,68093.85,68042.6,68088.8,0,0
2025-11-25 12:45:00+05:30,68088.65,68117.85,67999.85,68072.4,0,0
2025-11-25 13:15:00+05:30,68072.0,68087.8,68032.65,68046.4,0,0
2025-11-25 13:45:00+05:30,68046.8,68186.55,68040.05,68177.4,0,0
2025-11-25 14:15:00+05:30,68178.15,68232.85,68082.6,68113.5,0,0
2025-11-25 14:45:00+05:30,68116.05,68203.0,68063.15,68188.4,0,0
2025-11-25 15:15:00+05:30,68190.6,68204.0,68123.2,68141.8,0,0
2025-11-26 09:15:00+05:30,68302.8,68789.7,68219.4,68751.35,0,0
2025-11-26 09:45:00+05:30,68752.2,68967.25,68750.4,68872.85,0,0
2025-11-26 10:15:00+05:30,68871.8,68980.25,68869.75,68941.0,0,0
2025-11-26 10:45:00+05:30,68940.9,68983.0,68916.8,68952.0,0,0
2025-11-26 11:15:00+05:30,68952.0,69006.5,68948.95,68983.65,0,0
2025-11-26 11:45:00+05:30,68984.1,69087.5,68968.2,69069.65,0,0
2025-11-26 12:15:00+05:30,69069.95,69072.2,69002.95,69035.55,0,0
2025-11-26 12:45:00+05:30,69035.1,69080.7,69023.0,69033.2,0,0
2025-11-26 13:15:00+05:30,69033.65,69043.7,68963.95,69010.65,0,0
2025-11-26 13:45:00+05:30,69011.05,69074.05,69010.5,69073.0,0,0
2025-11-26 14:15:00+05:30,69072.7,69107.0,69031.15,69047.1,0,0
2025-11-26 14:45:00+05:30,69048.2,69230.05,69017.85,69219.25,0,0
2025-11-26 15:15:00+05:30,69214.2,69215.35,69150.9,69161.55,0,0
2025-11-27 09:15:00+05:30,69349.7,69408.1,69123.25,69129.8,0,0
2025-11-27 09:45:00+05:30,69129.2,69230.25,69071.7,69098.4,0,0
2025-11-27 10:15:00+05:30,69098.8,69205.95,69039.1,69170.5,0,0
2025-11-27 10:45:00+05:30,69169.0,69226.25,69109.5,69150.8,0,0
2025-11-27 11:15:00+05:30,69150.7,69167.8,69034.45,69044.55,0,0
2025-11-27 11:45:00+05:30,69042.85,69062.75,68966.2,69008.2,0,0
2025-11-27 12:15:00+05:30,69006.4,69029.55,68944.9,69029.55,0,0
2025-11-27 12:45:00+05:30,69029.55,69096.2,68920.4,68920.7,0,0
2025-11-27 13:15:00+05:30,68920.9,68969.35,68858.45,68895.8,0,0
2025-11-27 13:45:00+05:30,68896.15,69016.75,68871.05,68982.05,0,0
2025-11-27 14:15:00+05:30,68983.45,69040.45,68974.35,69011.7,0,0
2025-11-27 14:45:00+05:30,69011.3,69095.45,68941.05,69075.75,0,0
2025-11-27 15:15:00+05:30,69079.4,69114.7,69052.75,69089.4,0,0
2025-11-28 09:15:00+05:30,69072.2,69174.95,68900.7,69040.3,0,0
2025-11-28 09:45:00+05:30,69036.7,69154.15,68996.8,69077.35,0,0
2025-11-28 10:15:00+05:30,69074.55,69121.15,69014.85,69102.85,0,0
2025-11-28 10:45:00+05:30,69105.65,69179.05,69075.85,69178.15,0,0
2025-11-28 11:15:00+05:30,69177.95,69200.35,69129.25,69192.8,0,0
2025-11-28 11:45:00+05:30,69194.85,69222.8,69136.45,69154.5,0,0
2025-11-28 12:15:00+05:30,69155.3,69163.0,69084.5,69090.65,0,0
2025-11-28 12:45:00+05:30,69090.5,69171.6,69036.1,69154.85,0,0
2025-11-28 13:15:00+05:30,69155.5,69187.4,69099.95,69149.2,0,0
2025-11-28 13:45:00+05:30,69148.35,69178.2,69125.65,69147.4,0,0
2025-11-28 14:15:00+05:30,69147.35,69191.95,69138.85,69146.05,0,0
2025-11-28 14:45:00+05:30,69145.75,69164.15,69094.45,69128.45,0,0
2025-11-28 15:15:00+05:30,69125.6,69167.05,69122.55,69149.7,0,0
2025-12-01 09:15:00+05:30,69401.7,69464.5,69307.25,69349.3,0,0
2025-12-01 09:45:00+05:30,69348.9,69367.25,69270.15,69324.7,0,0
2025-12-01 10:15:00+05:30,69325.6,69398.35,69259.95,69315.2,0,0
2025-12-01 10:45:00+05:30,69314.0,69314.0,69200.3,69243.3,0,0
2025-12-01 11:15:00+05:30,69246.1,69366.25,69221.8,69224.3,0,0
2025-12-01 11:45:00+05:30,69226.25,69233.65,69135.25,69159.45,0,0
2025-12-01 12:15:00+05:30,69158.45,69210.65,69101.65,69145.1,0,0
2025-12-01 12:45:00+05:30,69142.7,69245.55,69137.15,69228.05,0,0
2025-12-01 13:15:00+05:30,69228.75,69239.25,69125.7,69193.95,0,0
2025-12-01 13:45:00+05:30,69194.9,69284.2,69160.75,69264.25,0,0
2025-12-01 14:15:00+05:30,69264.7,69277.7,69160.65,69164.15,0,0
2025-12-01 14:45:00+05:30,69165.35,69291.15,69022.2,69288.0,0,0
2025-12-01 15:15:00+05:30,69290.7,69302.5,69160.45,69175.95,0,0
2025-12-02 09:15:00+05:30,69116.6,69374.2,69071.45,69204.8,0,0
2025-12-02 09:45:00+05:30,69205.15,69241.6,69080.35,69093.55,0,0
2025-12-02 10:15:00+05:30,69096.6,69212.15,69058.0,69182.65,0,0
2025-12-02 10:45:00+05:30,69182.7,69297.9,69160.35,69249.7,0,0
2025-12-02 11:15:00+05:30,69249.2,69250.55,69155.8,69162.8,0,0
2025-12-02 11:45:00+05:30,69163.4,69204.75,69108.75,69142.7,0,0
2025-12-02 12:15:00+05:30,69142.6,69194.85,69109.75,69138.7,0,0
2025-12-02 12:45:00+05:30,69137.35,69152.3,69086.45,69129.95,0,0
2025-12-02 13:15:00+05:30,69131.15,69134.8,69064.1,69089.95,0,0
2025-12-02 13:45:00+05:30,69090.5,69186.3,69084.6,69147.5,0,0
2025-12-02 14:15:00+05:30,69146.6,69151.1,69060.7,69100.65,0,0
2025-12-02 14:45:00+05:30,69100.45,69189.55,69003.6,69182.55,0,0
2025-12-02 15:15:00+05:30,69183.1,69188.3,69118.9,69183.75,0,0
2025-12-03 09:15:00+05:30,69208.95,69276.85,68772.2,68802.2,0,0
2025-12-03 09:45:00+05:30,68800.7,68808.85,68527.2,68553.45,0,0
2025-12-03 10:15:00+05:30,68554.0,68594.7,68425.7,68426.7,0,0
2025-12-03 10:45:00+05:30,68426.85,68480.65,68394.35,68426.8,0,0
2025-12-03 11:15:00+05:30,68426.1,68498.55,68289.8,68479.55,0,0
2025-12-03 11:45:00+05:30,68479.65,68548.9,68427.8,68527.85,0,0
2025-12-03 12:15:00+05:30,68529.2,68536.9,68466.85,68495.8,0,0
2025-12-03 12:45:00+05:30,68494.8,68511.45,68454.5,68480.45,0,0
2025-12-03 13:15:00+05:30,68479.85,68488.6,68373.8,68416.1,0,0
2025-12-03 13:45:00+05:30,68413.65,68463.05,68354.1,68451.95,0,0
2025-12-03 14:15:00+05:30,68454.55,68458.5,68292.3,68327.05,0,0
2025-12-03 14:45:00+05:30,68328.3,68439.65,68226.4,68419.15,0,0
2025-12-03 15:15:00+05:30,68418.15,68466.95,68383.3,68463.25,0,0
2025-12-04 09:15:00+05:30,68445.6,68707.3,68345.4,68700.05,0,0
2025-12-04 09:45:00+05:30,68703.95,68716.65,68596.5,68623.3,0,0
2025-12-04 10:15:00+05:30,68623.25,68803.4,68609.65,68789.7,0,0
2025-12-04 10:45:00+05:30,68789.45,68807.0,68687.85,68731.6,0,0
2025-12-04 11:15:00+05:30,68732.95,68743.95,68584.5,68586.3,0,0
2025-12-04 11:45:00+05:30,68585.85,68678.4,68543.65,68677.0,0,0
2025-12-04 12:15:00+05:30,68676.5,68689.2,68595.85,68604.9,0,0
2025-12-04 12:45:00+05:30,68606.25,68668.75,68560.55,68634.7,0,0
2025-12-04 13:15:00+05:30,68634.5,68658.4,68470.8,68513.05,0,0
2025-12-04 13:45:00+05:30,68511.55,68587.2,68457.2,68562.0,0,0
2025-12-04 14:15:00+05:30,68563.05,68579.4,68475.9,68477.75,0,0
2025-12-04 14:45:00+05:30,68475.6,68634.35,68427.75,68573.4,0,0
2025-12-04 15:15:00+05:30,68576.0,68576.4,68497.75,68500.0,0,0
2025-12-05 09:15:00+05:30,68557.3,68566.4,68283.4,68311.7,0,0
2025-12-05 09:45:00+05:30,68311.45,68483.1,68131.3,68373.95,0,0
2025-12-05 10:15:00+05:30,68375.3,68496.2,68202.1,68384.4,0,0
2025-12-05 10:45:00+05:30,68382.6,68675.1,68352.25,68671.85,0,0
2025-12-05 11:15:00+05:30,68669.65,68698.7,68557.95,68588.6,0,0
2025-12-05 11:45:00+05:30,68588.1,68593.5,68498.5,68498.5,0,0
2025-12-05 12:15:00+05:30,68499.8,68626.9,68480.9,68595.95,0,0
2025-12-05 12:45:00+05:30,68596.8,68686.5,68592.2,68617.0,0,0
2025-12-05 13:15:00+05:30,68616.85,68727.1,68613.4,68721.5,0,0
2025-12-05 13:45:00+05:30,68722.4,68733.15,68602.35,68669.1,0,0
2025-12-05 14:15:00+05:30,68668.65,68717.05,68559.15,68559.15,0,0
2025-12-05 14:45:00+05:30,68558.35,68753.75,68457.15,68726.3,0,0
2025-12-05 15:15:00+05:30,68727.35,68764.15,68694.85,68716.1,0,0
2025-12-08 09:15:00+05:30,68702.0,68735.9,68466.85,68493.8,0,0
2025-12-08 09:45:00+05:30,68490.0,68490.2,68088.4,68120.8,0,0
2025-12-08 10:15:00+05:30,68122.35,68200.45,68055.6,68110.6,0,0
2025-12-08 10:45:00+05:30,68110.4,68136.0,67932.55,67959.15,0,0
2025-12-08 11:15:00+05:30,67959.15,67963.6,67841.05,67882.7,0,0
2025-12-08 11:45:00+05:30,67881.35,67904.6,67723.65,67724.7,0,0
2025-12-08 12:15:00+05:30,67722.6,67732.55,67545.85,67552.1,0,0
2025-12-08 12:45:00+05:30,67551.85,67552.95,67437.85,67488.65,0,0
2025-12-08 13:15:00+05:30,67485.75,67485.75,67164.0,67235.7,0,0
2025-12-08 13:45:00+05:30,67238.75,67319.6,67166.8,67183.0,0,0
2025-12-08 14:15:00+05:30,67182.6,67204.75,67031.9,67065.6,0,0
2025-12-08 14:45:00+05:30,67063.65,67380.9,67027.35,67334.4,0,0
2025-12-08 15:15:00+05:30,67335.65,67342.6,67226.55,67262.6,0,0
2025-12-09 09:15:00+05:30,67066.95,67178.5,66538.45,66538.45,0,0
2025-12-09 09:45:00+05:30,66538.95,66972.15,66403.35,66947.45,0,0
2025-12-09 10:15:00+05:30,66947.45,67202.55,66942.3,67059.85,0,0
2025-12-09 10:45:00+05:30,67061.9,67329.55,66983.05,67299.8,0,0
2025-12-09 11:15:00+05:30,67300.7,67357.75,67251.7,67258.3,0,0
2025-12-09 11:45:00+05:30,67255.8,67632.8,67235.3,67625.6,0,0
2025-12-09 12:15:00+05:30,67624.2,67699.35,67504.4,67529.55,0,0
2025-12-09 12:45:00+05:30,67529.6,67618.85,67403.05,67582.7,0,0
2025-12-09 13:15:00+05:30,67583.4,67744.2,67555.2,67672.3,0,0
2025-12-09 13:45:00+05:30,67671.7,67713.85,67615.25,67671.95,0,0
2025-12-09 14:15:00+05:30,67671.35,67671.35,67455.55,67478.6,0,0
2025-12-09 14:45:00+05:30,67479.25,67775.35,67432.8,67751.2,0,0
2025-12-09 15:15:00+05:30,67750.25,67751.45,67677.65,67692.55,0,0
2025-12-10 09:15:00+05:30,67779.85,68182.85,67767.6,68137.55,0,0
2025-12-10 09:45:00+05:30,68138.85,68144.2,68003.55,68095.15,0,0
2025-12-10 10:15:00+05:30,68097.15,68239.0,68077.65,68084.25,0,0
2025-12-10 10:45:00+05:30,68084.85,68088.95,67750.1,67914.0,0,0
2025-12-10 11:15:00+05:30,67913.65,67937.3,67833.65,67896.55,0,0
2025-12-10 11:45:00+05:30,67896.75,67925.5,67817.55,67880.15,0,0
2025-12-10 12:15:00+05:30,67880.35,67882.95,67681.0,67691.25,0,0
2025-12-10 12:45:00+05:30,67692.5,67836.85,67681.65,67789.85,0,0
2025-12-10 13:15:00+05:30,67790.95,67938.75,67787.15,67872.0,0,0
2025-12-10 13:45:00+05:30,67872.3,67882.15,67720.75,67720.9,0,0
2025-12-10 14:15:00+05:30,67722.6,67734.75,67552.6,67554.75,0,0
2025-12-10 14:45:00+05:30,67557.15,67706.7,67490.25,67608.55,0,0
2025-12-10 15:15:00+05:30,67605.7,67627.35,67455.8,67498.55,0,0
2025-12-11 09:15:00+05:30,67645.0,67722.8,67324.05,67425.0,0,0
2025-12-11 09:45:00+05:30,67426.15,67694.95,67396.7,67694.95,0,0
2025-12-11 10:15:00+05:30,67696.35,67836.45,67696.35,67834.95,0,0
2025-12-11 10:45:00+05:30,67835.55,67864.35,67670.55,67756.5,0,0
2025-12-11 11:15:00+05:30,67757.1,67874.75,67746.3,67840.1,0,0
2025-12-11 11:45:00+05:30,67841.2,68053.2,67802.5,68013.4,0,0
2025-12-11 12:15:00+05:30,68012.6,68056.85,67950.95,68054.7,0,0
2025-12-11 12:45:00+05:30,68056.1,68068.25,67807.5,67862.35,0,0
2025-12-11 13:15:00+05:30,67862.1,68006.6,67857.45,67946.6,0,0
2025-12-11 13:45:00+05:30,67946.65,67992.1,67847.9,67851.05,0,0
2025-12-11 14:15:00+05:30,67847.9,67926.6,67747.95,67753.15,0,0
2025-12-11 14:45:00+05:30,67756.1,67943.5,67693.75,67935.75,0,0
2025-12-11 15:15:00+05:30,67936.95,67989.1,67929.25,67937.35,0,0
2025-12-12 09:15:00+05:30,68141.75,68391.0,68141.75,68376.2,0,0
2025-12-12 09:45:00+05:30,68376.75,68402.15,68194.3,68237.25,0,0
2025-12-12 10:15:00+05:30,68242.8,68308.35,68111.6,68154.75,0,0
2025-12-12 10:45:00+05:30,68155.8,68167.8,68031.85,68110.55,0,0
2025-12-12 11:15:00+05:30,68111.85,68237.45,68106.45,68191.1,0,0
2025-12-12 11:45:00+05:30,68193.75,68237.05,68157.75,68194.4,0,0
2025-12-12 12:15:00+05:30,68194.45,68243.7,68163.8,68191.95,0,0
2025-12-12 12:45:00+05:30,68193.75,68280.9,68175.6,68280.9,0,0
2025-12-12 13:15:00+05:30,68282.25,68295.6,68171.65,68289.15,0,0
2025-12-12 13:45:00+05:30,68289.85,68455.15,68286.35,68420.3,0,0
2025-12-12 14:15:00+05:30,68419.45,68430.0,68313.8,68350.2,0,0
2025-12-12 14:45:00+05:30,68351.4,68559.7,68340.65,68553.45,0,0
2025-12-12 15:15:00+05:30,68551.65,68564.0,68450.0,68460.5,0,0
2025-12-15 09:15:00+05:30,68431.3,68433.9,68077.75,68127.65,0,0
2025-12-15 09:45:00+05:30,68125.85,68316.25,68060.85,68258.6,0,0
2025-12-15 10:15:00+05:30,68258.15,68349.15,68233.3,68287.45,0,0
2025-12-15 10:45:00+05:30,68286.4,68430.95,68257.95,68383.7,0,0
2025-12-15 11:15:00+05:30,68387.5,68469.65,68372.75,68391.75,0,0
2025-12-15 11:45:00+05:30,68391.8,68532.05,68391.8,68482.95,0,0
2025-12-15 12:15:00+05:30,68487.4,68524.15,68464.2,68464.9,0,0
2025-12-15 12:45:00+05:30,68465.25,68566.95,68446.7,68564.8,0,0
2025-12-15 13:15:00+05:30,68568.8,68603.65,68533.15,68568.8,0,0
2025-12-15 13:45:00+05:30,68568.6,68614.5,68489.85,68526.35,0,0
2025-12-15 14:15:00+05:30,68527.8,68602.1,68522.25,68597.2,0,0
2025-12-15 14:45:00+05:30,68596.05,68650.75,68559.85,68623.45,0,0
2025-12-15 15:15:00+05:30,68622.8,68640.35,68594.7,68609.95,0,0
2025-12-16 09:15:00+05:30,68602.1,68613.0,68376.65,68494.4,0,0
2025-12-16 09:45:00+05:30,68492.7,68590.35,68322.4,68373.45,0,0
2025-12-16 10:15:00+05:30,68371.95,68434.75,68339.65,68400.15,0,0
2025-12-16 10:45:00+05:30,68401.3,68420.6,68350.75,68360.7,0,0
2025-12-16 11:15:00+05:30,68361.85,68367.95,68261.0,68290.85,0,0
2025-12-16 11:45:00+05:30,68289.6,68305.45,68247.65,68278.35,0,0
2025-12-16 12:15:00+05:30,68277.6,68309.6,68190.45,68208.25,0,0
2025-12-16 12:45:00+05:30,68207.9,68208.95,68139.1,68156.55,0,0
2025-12-16 13:15:00+05:30,68153.1,68229.75,68105.4,68222.8,0,0
2025-12-16 13:45:00+05:30,68222.9,68276.9,68158.1,68168.6,0,0
2025-12-16 14:15:00+05:30,68166.65,68243.55,68069.0,68219.3,0,0
2025-12-16 14:45:00+05:30,68219.8,68415.4,68199.45,68392.25,0,0
2025-12-16 15:15:00+05:30,68393.75,68410.05,68218.75,68255.7,0,0
2025-12-17 09:15:00+05:30,68419.7,68646.15,68349.75,68531.3,0,0
2025-12-17 09:45:00+05:30,68531.75,68579.1,68343.4,68382.65,0,0
2025-12-17 10:15:00+05:30,68383.05,68448.0,68254.7,68277.5,0,0
2025-12-17 10:45:00+05:30,68277.8,68380.75,68194.35,68372.5,0,0
2025-12-17 11:15:00+05:30,68371.5,68416.5,68290.7,68367.8,0,0
2025-12-17 11:45:00+05:30,68368.15,68415.05,68239.95,68250.45,0,0
2025-12-17 12:15:00+05:30,68250.65,68284.7,68154.9,68160.0,0,0
2025-12-17 12:45:00+05:30,68158.5,68175.85,68073.8,68089.05,0,0
2025-12-17 13:15:00+05:30,68088.0,68147.9,68022.65,68025.55,0,0
2025-12-17 13:45:00+05:30,68024.25,68079.25,67994.5,68027.0,0,0
2025-12-17 14:15:00+05:30,68026.45,68089.05,67915.85,67959.15,0,0
2025-12-17 14:45:00+05:30,67960.05,68189.95,67945.6,68108.45,0,0
2025-12-17 15:15:00+05:30,68111.75,68112.65,67949.7,67976.6,0,0
2025-12-18 09:15:00+05:30,68059.2,68069.8,67476.15,67476.6,0,0
2025-12-18 09:45:00+05:30,67475.75,67579.9,67332.9,67561.15,0,0
2025-12-18 10:15:00+05:30,67556.75,67819.8,67519.1,67798.25,0,0
2025-12-18 10:45:00+05:30,67800.1,67839.9,67706.85,67735.05,0,0
2025-12-18 11:15:00+05:30,67736.2,67877.55,67709.85,67875.35,0,0
2025-12-18 11:45:00+05:30,67875.95,68014.9,67857.35,67969.55,0,0
2025-12-18 12:15:00+05:30,67971.05,68005.25,67916.55,68002.6,0,0
2025-12-18 12:45:00+05:30,68001.6,68030.25,67943.25,67956.05,0,0
2025-12-18 13:15:00+05:30,67958.5,67976.6,67821.4,67832.25,0,0
2025-12-18 13:45:00+05:30,67832.45,67862.25,67687.0,67699.7,0,0
2025-12-18 14:15:00+05:30,67702.1,67788.55,67602.8,67630.15,0,0
2025-12-18 14:45:00+05:30,67629.95,67885.3,67602.8,67845.8,0,0
2025-12-18 15:15:00+05:30,67844.7,67856.85,67789.2,67809.45,0,0
2025-12-19 09:15:00+05:30,67950.35,68189.85,67927.85,68062.2,0,0
2025-12-19 09:45:00+05:30,68063.35,68143.6,67961.75,67980.3,0,0
2025-12-19 10:15:00+05:30,67980.35,68051.95,67967.0,68003.6,0,0
2025-12-19 10:45:00+05:30,68004.05,68029.65,67879.35,67931.0,0,0
2025-12-19 11:15:00+05:30,67931.15,67988.95,67860.0,67865.05,0,0
2025-12-19 11:45:00+05:30,67866.3,68021.8,67840.75,67982.4,0,0
2025-12-19 12:15:00+05:30,67981.45,68039.0,67940.95,67990.05,0,0
2025-12-19 12:45:00+05:30,67991.45,68003.65,67900.3,67912.9,0,0
2025-12-19 13:15:00+05:30,67914.2,68069.25,67912.05,68044.45,0,0
2025-12-19 13:45:00+05:30,68043.65,68109.95,68006.5,68096.55,0,0
2025-12-19 14:15:00+05:30,68096.6,68273.25,68095.3,68254.1,0,0
2025-12-19 14:45:00+05:30,68254.2,68425.65,68236.55,68394.15,0,0
2025-12-19 15:15:00+05:30,68394.35,68432.6,68328.8,68329.65,0,0
2025-12-22 09:15:00+05:30,68616.9,68764.9,68452.6,68751.7,0,0
2025-12-22 09:45:00+05:30,68752.0,68794.15,68659.75,68780.75,0,0
2025-12-22 10:15:00+05:30,68782.25,68838.15,68768.1,68769.45,0,0
2025-12-22 10:45:00+05:30,68769.45,68855.4,68766.85,68817.55,0,0
2025-12-22 11:15:00+05:30,68816.75,68876.2,68785.2,68867.6,0,0
2025-12-22 11:45:00+05:30,68869.75,68919.35,68861.7,68874.35,0,0
2025-12-22 12:15:00+05:30,68875.95,68936.4,68872.9,68883.95,0,0
2025-12-22 12:45:00+05:30,68884.0,68913.0,68833.55,68902.55,0,0
2025-12-22 13:15:00+05:30,68901.45,68928.85,68885.1,68910.6,0,0
2025-12-22 13:45:00+05:30,68910.7,68934.85,68821.85,68851.15,0,0
2025-12-22 14:15:00+05:30,68853.7,68863.15,68745.0,68749.0,0,0
2025-12-22 14:45:00+05:30,68748.6,68882.0,68720.5,68850.4,0,0
2025-12-22 15:15:00+05:30,68849.75,68853.7,68799.0,68821.8,0,0
2025-12-23 09:15:00+05:30,69046.85,69074.75,68868.05,68890.35,0,0
2025-12-23 09:45:00+05:30,68888.4,69176.15,68872.0,69152.05,0,0
2025-12-23 10:15:00+05:30,69150.35,69171.35,69067.6,69104.85,0,0
2025-12-23 10:45:00+05:30,69106.15,69161.95,69079.3,69146.65,0,0
2025-12-23 11:15:00+05:30,69151.0,69185.1,69082.75,69111.15,0,0
2025-12-23 11:45:00+05:30,69109.65,69173.7,69068.75,69166.3,0,0
2025-12-23 12:15:00+05:30,69165.15,69189.7,69133.8,69142.85,0,0
2025-12-23 12:45:00+05:30,69146.65,69169.15,69121.25,69123.0,0,0
2025-12-23 13:15:00+05:30,69122.25,69140.05,69096.15,69122.2,0,0
2025-12-23 13:45:00+05:30,69124.3,69158.3,69100.15,69153.75,0,0
2025-12-23 14:15:00+05:30,69156.65,69184.25,68902.8,68902.8,0,0
2025-12-23 14:45:00+05:30,68902.2,69165.35,68878.85,69102.3,0,0
2025-12-23 15:15:00+05:30,69101.45,69111.25,69054.7,69077.15,0,0
2025-12-24 09:15:00+05:30,69194.1,69314.3,68993.7,69263.05,0,0
2025-12-24 09:45:00+05:30,69262.8,69272.6,69128.1,69202.8,0,0
2025-12-24 10:15:00+05:30,69203.85,69269.3,69161.25,69210.2,0,0
2025-12-24 10:45:00+05:30,69214.6,69221.15,69139.0,69176.15,0,0
2025-12-24 11:15:00+05:30,69175.9,69201.7,69084.55,69089.55,0,0
2025-12-24 11:45:00+05:30,69090.3,69174.5,69069.1,69167.5,0,0
2025-12-24 12:15:00+05:30,69168.25,69227.0,69157.5,69194.15,0,0
2025-12-24 12:45:00+05:30,69194.25,69209.5,69126.1,69138.3,0,0
2025-12-24 13:15:00+05:30,69137.0,69138.25,69046.15,69067.2,0,0
2025-12-24 13:45:00+05:30,69066.95,69079.1,68979.2,69033.5,0,0
2025-12-24 14:15:00+05:30,69035.4,69045.5,68851.6,68876.15,0,0
2025-12-24 14:45:00+05:30,68877.85,69074.5,68867.2,68962.05,0,0
2025-12-24 15:15:00+05:30,68960.6,68971.65,68895.25,68912.7,0,0
2025-12-26 09:15:00+05:30,68987.55,69301.55,68900.95,69157.85,0,0
2025-12-26 09:45:00+05:30,69159.45,69195.0,69055.05,69094.9,0,0
2025-12-26 10:15:00+05:30,69095.4,69215.75,69072.55,69201.1,0,0
2025-12-26 10:45:00+05:30,69202.8,69211.15,69102.25,69116.5,0,0
2025-12-26 11:15:00+05:30,69116.75,69144.4,69039.65,69123.75,0,0
2025-12-26 11:45:00+05:30,69124.85,69168.45,69093.1,69161.15,0,0
2025-12-26 12:15:00+05:30,69162.15,69182.35,69060.35,69074.35,0,0
2025-12-26 12:45:00+05:30,69075.45,69116.3,69073.15,69095.6,0,0
2025-12-26 13:15:00+05:30,69096.35,69138.9,69091.1,69108.55,0,0
2025-12-26 13:45:00+05:30,69106.6,69117.0,69013.15,69036.45,0,0
2025-12-26 14:15:00+05:30,69034.4,69046.45,68867.25,68878.2,0,0
2025-12-26 14:45:00+05:30,68879.05,69039.75,68810.8,68968.45,0,0
2025-12-26 15:15:00+05:30,68967.2,68977.3,68915.45,68963.55,0,0
2025-12-29 09:15:00+05:30,69040.55,69204.65,68921.65,69153.55,0,0
2025-12-29 09:45:00+05:30,69153.9,69209.85,69015.15,69028.3,0,0
2025-12-29 10:15:00+05:30,69030.35,69036.0,68892.3,68896.75,0,0
2025-12-29 10:45:00+05:30,68895.6,68925.0,68837.65,68854.25,0,0
2025-12-29 11:15:00+05:30,68854.45,68866.9,68811.7,68857.15,0,0
2025-12-29 11:45:00+05:30,68857.3,68917.85,68828.45,68830.4,0,0
2025-12-29 12:15:00+05:30,68829.2,68842.6,68693.0,68726.7,0,0
2025-12-29 12:45:00+05:30,68728.7,68744.5,68646.1,68650.85,0,0
2025-12-29 13:15:00+05:30,68650.8,68658.1,68593.7,68642.85,0,0
2025-12-29 13:45:00+05:30,68643.35,68755.4,68637.2,68686.2,0,0
2025-12-29 14:15:00+05:30,68686.4,68696.9,68590.85,68612.85,0,0
2025-12-29 14:45:00+05:30,68614.05,68732.15,68543.35,68651.95,0,0
2025-12-29 15:15:00+05:30,68650.75,68652.85,68591.6,68620.35,0,0
2025-12-30 09:15:00+05:30,68597.4,68648.15,68324.3,68474.7,0,0
2025-12-30 09:45:00+05:30,68475.3,68557.5,68334.15,68552.15,0,0
2025-12-30 10:15:00+05:30,68551.8,68706.85,68549.2,68577.4,0,0
2025-12-30 10:45:00+05:30,68577.6,68581.3,68427.8,68437.0,0,0
2025-12-30 11:15:00+05:30,68435.2,68508.85,68432.2,68486.85,0,0
2025-12-30 11:45:00+05:30,68486.3,68487.6,68352.4,68358.3,0,0
2025-12-30 12:15:00+05:30,68358.0,68411.4,68348.9,68399.8,0,0
2025-12-30 12:45:00+05:30,68400.3,68413.1,68349.05,68388.35,0,0
2025-12-30 13:15:00+05:30,68387.05,68493.1,68369.05,68486.05,0,0
2025-12-30 13:45:00+05:30,68488.0,68600.7,68485.05,68593.65,0,0
2025-12-30 14:15:00+05:30,68593.55,68650.9,68564.75,68647.4,0,0
2025-12-30 14:45:00+05:30,68647.8,68687.5,68585.7,68672.1,0,0
2025-12-30 15:15:00+05:30,68670.7,68814.9,68637.4,68793.55,0,0
2025-12-31 09:15:00+05:30,68839.35,69090.95,68817.1,68876.4,0,0
2025-12-31 09:45:00+05:30,68873.9,69049.0,68873.9,69036.95,0,0
2025-12-31 10:15:00+05:30,69038.0,69269.75,69038.0,69260.1,0,0
2025-12-31 10:45:00+05:30,69261.05,69320.05,69209.4,69299.8,0,0
2025-12-31 11:15:00+05:30,69299.0,69314.7,69210.0,69289.25,0,0
2025-12-31 11:45:00+05:30,69288.25,69393.3,69274.65,69379.3,0,0
2025-12-31 12:15:00+05:30,69380.9,69457.55,69360.7,69439.1,0,0
2025-12-31 12:45:00+05:30,69440.7,69473.4,69421.25,69430.8,0,0
2025-12-31 13:15:00+05:30,69431.0,69457.8,69379.4,69405.1,0,0
2025-12-31 13:45:00+05:30,69406.6,69459.85,69382.6,69393.05,0,0
2025-12-31 14:15:00+05:30,69393.85,69406.05,69301.0,69382.05,0,0
2025-12-31 14:45:00+05:30,69382.4,69531.35,69347.0,69360.65,0,0
2025-12-31 15:15:00+05:30,69360.45,69384.2,69307.55,69348.35,0,0
2026-01-01 09:15:00+05:30,69523.15,69555.85,69375.45,69501.15,0,0
2026-01-01 09:45:00+05:30,69501.75,69651.1,69449.7,69491.05,0,0
2026-01-01 10:15:00+05:30,69490.25,69538.3,69276.8,69500.15,0,0
2026-01-01 10:45:00+05:30,69499.7,69586.9,69491.15,69567.1,0,0
2026-01-01 11:15:00+05:30,69568.45,69589.4,69516.2,69516.2,0,0
2026-01-01 11:45:00+05:30,69515.5,69586.2,69474.8,69482.9,0,0
2026-01-01 12:15:00+05:30,69481.9,69485.55,69408.7,69418.7,0,0
2026-01-01 12:45:00+05:30,69417.7,69476.8,69407.45,69430.55,0,0
2026-01-01 13:15:00+05:30,69431.1,69472.95,69408.4,69468.15,0,0
2026-01-01 13:45:00+05:30,69467.65,69545.55,69448.3,69520.1,0,0
2026-01-01 14:15:00+05:30,69520.8,69585.05,69518.55,69569.1,0,0
2026-01-01 14:45:00+05:30,69568.1,69722.15,69568.1,69680.65,0,0
2026-01-01 15:15:00+05:30,69679.35,69686.55,69645.6,69666.85,0,0
2026-01-02 09:15:00+05:30,69823.65,70000.4,69792.15,69932.75,0,0
2026-01-02 09:45:00+05:30,69933.3,70096.05,69905.0,70088.9,0,0
2026-01-02 10:15:00+05:30,70088.9,70140.75,70049.95,70125.1,0,0
2026-01-02 10:45:00+05:30,70125.65,70200.85,70119.6,70196.65,0,0
2026-01-02 11:15:00+05:30,70194.75,70250.95,70186.55,70191.75,0,0
2026-01-02 11:45:00+05:30,70192.45,70279.5,70180.4,70276.65,0,0
2026-01-02 12:15:00+05:30,70277.35,70294.5,70221.35,70239.85,0,0
2026-01-02 12:45:00+05:30,70239.1,70309.0,70235.2,70302.1,0,0
2026-01-02 13:15:00+05:30,70300.95,70319.45,70237.8,70242.6,0,0
2026-01-02 13:45:00+05:30,70242.25,70312.05,70226.1,70305.0,0,0
2026-01-02 14:15:00+05:30,70304.95,70348.6,70244.05,70286.2,0,0
2026-01-02 14:45:00+05:30,70286.45,70461.3,70249.7,70412.7,0,0
2026-01-02 15:15:00+05:30,70410.0,70441.35,70387.65,70441.15,0,0
2026-01-05 09:15:00+05:30,70528.05,70594.9,70240.0,70351.3,0,0
2026-01-05 09:45:00+05:30,70354.55,70468.7,70325.45,70454.0,0,0
2026-01-05 10:15:00+05:30,70451.75,70611.85,70426.75,70469.55,0,0
2026-01-05 10:45:00+05:30,70470.05,70575.95,70460.9,70568.25,0,0
2026-01-05 11:15:00+05:30,70569.6,70574.35,70381.85,70490.25,0,0
2026-01-05 11:45:00+05:30,70490.15,70559.35,70444.75,70550.75,0,0
2026-01-05 12:15:00+05:30,70550.9,70576.6,70472.7,70476.45,0,0
2026-01-05 12:45:00+05:30,70477.1,70568.9,70474.45,70482.4,0,0
2026-01-05 13:15:00+05:30,70482.1,70522.8,70363.4,70424.95,0,0
2026-01-05 13:45:00+05:30,70425.45,70429.95,70129.35,70195.2,0,0
2026-01-05 14:15:00+05:30,70193.35,70319.3,70151.5,70318.15,0,0
2026-01-05 14:45:00+05:30,70319.85,70537.9,70296.65,70442.0,0,0
2026-01-05 15:15:00+05:30,70438.6,70443.45,70363.65,70396.35,0,0
2026-01-06 09:15:00+05:30,70529.25,70587.7,70365.5,70445.0,0,0
2026-01-06 09:45:00+05:30,70442.8,70645.85,70433.0,70551.2,0,0
2026-01-06 10:15:00+05:30,70548.8,70568.75,70399.15,70483.0,0,0
2026-01-06 10:45:00+05:30,70482.15,70504.65,70413.75,70414.85,0,0
2026-01-06 11:15:00+05:30,70414.65,70540.4,70228.8,70540.4,0,0
2026-01-06 11:45:00+05:30,70540.7,70543.3,70475.7,70497.05,0,0
2026-01-06 12:15:00+05:30,70496.35,70503.45,70408.15,70475.15,0,0
2026-01-06 12:45:00+05:30,70475.0,70670.15,70470.15,70622.8,0,0
2026-01-06 13:15:00+05:30,70622.8,70623.3,70511.0,70585.15,0,0
2026-01-06 13:45:00+05:30,70585.3,70623.35,70361.9,70385.2,0,0
2026-01-06 14:15:00+05:30,70386.2,70431.75,70267.85,70414.4,0,0
2026-01-06 14:45:00+05:30,70414.3,70650.75,70393.2,70612.3,0,0
2026-01-06 15:15:00+05:30,70607.9,70621.85,70565.05,70567.05,0,0
2026-01-07 09:15:00+05:30,70681.9,70833.65,70491.05,70495.1,0,0
2026-01-07 09:45:00+05:30,70495.95,70751.8,70450.9,70740.7,0,0
2026-01-07 10:15:00+05:30,70742.05,70821.9,70626.7,70684.45,0,0
2026-01-07 10:45:00+05:30,70685.95,70797.35,70650.45,70673.15,0,0
2026-01-07 11:15:00+05:30,70673.9,70697.2,70587.9,70610.65,0,0
2026-01-07 11:45:00+05:30,70611.55,70612.95,70527.4,70589.55,0,0
2026-01-07 12:15:00+05:30,70590.2,70591.6,70446.6,70466.2,0,0
2026-01-07 12:45:00+05:30,70467.3,70574.5,70454.65,70548.15,0,0
2026-01-07 13:15:00+05:30,70546.9,70551.6,70404.35,70479.65,0,0
2026-01-07 13:45:00+05:30,70478.85,70571.95,70468.45,70543.85,0,0
2026-01-07 14:15:00+05:30,70544.95,70628.85,70498.1,70618.6,0,0
2026-01-07 14:45:00+05:30,70617.3,70817.65,70575.05,70738.5,0,0
2026-01-07 15:15:00+05:30,70737.85,70745.75,70625.65,70654.85,0,0
2026-01-08 09:15:00+05:30,70633.9,70648.35,70079.5,70368.3,0,0
2026-01-08 09:45:00+05:30,70368.8,70399.95,70159.0,70250.8,0,0
2026-01-08 10:15:00+05:30,70250.5,70253.8,70004.25,70050.7,0,0
2026-01-08 10:45:00+05:30,70052.3,70052.3,69697.3,69698.95,0,0
2026-01-08 11:15:00+05:30,69699.85,69726.6,69505.8,69688.6,0,0
2026-01-08 11:45:00+05:30,69688.2,69705.2,69285.6,69554.25,0,0
2026-01-08 12:15:00+05:30,69555.15,69642.35,69487.35,69522.8,0,0
2026-01-08 12:45:00+05:30,69524.05,69596.95,69413.5,69565.85,0,0
2026-01-08 13:15:00+05:30,69561.85,69561.85,69342.4,69408.1,0,0
2026-01-08 13:45:00+05:30,69410.15,69567.35,69405.4,69437.85,0,0
2026-01-08 14:15:00+05:30,69439.5,69466.5,69266.65,69458.6,0,0
2026-01-08 14:45:00+05:30,69460.0,69585.0,69154.55,69228.75,0,0
2026-01-08 15:15:00+05:30,69229.3,69235.5,69077.5,69103.2,0,0
2026-01-09 09:15:00+05:30,69059.2,69520.85,68598.7,68894.0,0,0
2026-01-09 09:45:00+05:30,68893.2,69480.65,68878.55,69253.3,0,0
2026-01-09 10:15:00+05:30,69254.65,69530.7,69223.2,69370.75,0,0
2026-01-09 10:45:00+05:30,69371.3,69459.8,69119.5,69124.5,0,0
2026-01-09 11:15:00+05:30,69122.75,69213.55,68932.0,68946.75,0,0
2026-01-09 11:45:00+05:30,68948.6,68970.95,68848.75,68892.95,0,0
2026-01-09 12:15:00+05:30,68894.1,68991.55,68711.0,68749.9,0,0
2026-01-09 12:45:00+05:30,68749.3,68882.15,68690.6,68691.55,0,0
2026-01-09 13:15:00+05:30,68693.35,68863.85,68643.95,68658.6,0,0
2026-01-09 13:45:00+05:30,68660.45,68671.85,68467.15,68468.65,0,0
2026-01-09 14:15:00+05:30,68470.3,68556.2,68258.75,68543.2,0,0
2026-01-09 14:45:00+05:30,68542.25,68760.15,68472.5,68531.1,0,0
2026-01-09 15:15:00+05:30,68524.2,68550.3,68439.85,68502.8,0,0
2026-01-12 09:15:00+05:30,68553.65,68619.4,67776.6,67980.4,0,0
2026-01-12 09:45:00+05:30,67977.85,68388.65,67884.8,68099.3,0,0
2026-01-12 10:15:00+05:30,68099.15,68406.4,68073.15,68101.9,0,0
2026-01-12 10:45:00+05:30,68099.95,68212.55,67856.8,67865.8,0,0
2026-01-12 11:15:00+05:30,67865.95,67880.35,67642.7,67667.85,0,0
2026-01-12 11:45:00+05:30,67669.55,68106.45,67656.7,68106.45,0,0
2026-01-12 12:15:00+05:30,68106.55,68359.8,68049.95,68343.8,0,0
2026-01-12 12:45:00+05:30,68345.65,68401.9,68165.75,68349.5,0,0
2026-01-12 13:15:00+05:30,68350.35,68434.75,68213.95,68348.35,0,0
2026-01-12 13:45:00+05:30,68347.05,68413.6,68272.8,68340.0,0,0
2026-01-12 14:15:00+05:30,68340.2,68520.45,68179.35,68510.95,0,0
2026-01-12 14:45:00+05:30,68510.55,68757.55,68476.5,68676.15,0,0
2026-01-12 15:15:00+05:30,68678.15,68770.85,68670.6,68736.5,0,0
2026-01-13 09:15:00+05:30,68907.75,69126.65,68308.8,68405.9,0,0
2026-01-13 09:45:00+05:30,68413.25,68710.5,68356.35,68528.3,0,0
2026-01-13 10:15:00+05:30,68528.7,68745.55,68454.95,68503.2,0,0
2026-01-13 10:45:00+05:30,68499.8,68570.95,68414.7,68547.4,0,0
2026-01-13 11:15:00+05:30,68547.1,68679.7,68526.9,68550.35,0,0
2026-01-13 11:45:00+05:30,68549.35,68595.55,68314.25,68314.25,0,0
2026-01-13 12:15:00+05:30,68313.45,68486.05,68292.25,68390.35,0,0
2026-01-13 12:45:00+05:30,68389.2,68389.2,68164.55,68252.95,0,0
2026-01-13 13:15:00+05:30,68254.2,68386.8,68206.1,68307.95,0,0
2026-01-13 13:45:00+05:30,68307.9,68359.75,68062.15,68095.4,0,0
2026-01-13 14:15:00+05:30,68094.65,68333.85,67946.65,68300.75,0,0
2026-01-13 14:45:00+05:30,68299.65,68558.45,68299.55,68517.7,0,0
2026-01-13 15:15:00+05:30,68515.1,68558.85,68455.7,68468.75,0,0
2026-01-14 09:15:00+05:30,68446.8,68681.2,68272.6,68532.7,0,0
2026-01-14 09:45:00+05:30,68533.45,68713.25,68461.2,68579.5,0,0
2026-01-14 10:15:00+05:30,68579.6,68860.5,68491.5,68732.85,0,0
2026-01-14 10:45:00+05:30,68731.15,68905.45,68703.45,68859.6,0,0
2026-01-14 11:15:00+05:30,68858.3,68940.7,68840.95,68849.7,0,0
2026-01-14 11:45:00+05:30,68849.65,68943.05,68784.3,68788.55,0,0
2026-01-14 12:15:00+05:30,68787.85,68909.85,68752.8,68872.1,0,0
2026-01-14 12:45:00+05:30,68872.2,68975.95,68844.0,68960.95,0,0
2026-01-14 13:15:00+05:30,68961.05,68984.6,68780.0,68791.25,0,0
2026-01-14 13:45:00+05:30,68793.5,68848.15,68728.1,68820.0,0,0
2026-01-14 14:15:00+05:30,68821.9,68849.65,68625.05,68827.85,0,0
2026-01-14 14:45:00+05:30,68827.5,68962.5,68772.9,68798.3,0,0
2026-01-14 15:15:00+05:30,68798.55,68811.4,68743.95,68798.7,0,0
2026-01-16 09:15:00+05:30,68867.35,69042.45,68734.15,68911.85,0,0
2026-01-16 09:45:00+05:30,68914.2,69224.3,68914.2,69201.25,0,0
2026-01-16 10:15:00+05:30,69202.65,69358.6,69197.9,69209.3,0,0
2026-01-16 10:45:00+05:30,69209.45,69279.9,69090.15,69123.55,0,0
2026-01-16 11:15:00+05:30,69123.0,69236.95,69121.45,69195.6,0,0
2026-01-16 11:45:00+05:30,69196.6,69212.65,69088.45,69145.2,0,0
2026-01-16 12:15:00+05:30,69144.7,69149.75,68984.0,69036.05,0,0
2026-01-16 12:45:00+05:30,69036.65,69045.5,68866.2,68875.15,0,0
2026-01-16 13:15:00+05:30,68876.9,68896.55,68704.75,68754.4,0,0
2026-01-16 13:45:00+05:30,68753.75,68798.3,68642.95,68659.5,0,0
2026-01-16 14:15:00+05:30,68659.65,68820.8,68593.15,68794.05,0,0
2026-01-16 14:45:00+05:30,68795.0,68947.75,68771.6,68846.5,0,0
2026-01-16 15:15:00+05:30,68847.1,68859.55,68790.85,68821.85,0,0
2026-01-19 09:15:00+05:30,68792.25,69233.7,68662.9,68769.1,0,0
2026-01-19 09:45:00+05:30,68768.85,68960.45,68672.45,68890.7,0,0
2026-01-19 10:15:00+05:30,68890.6,68944.5,68708.55,68754.7,0,0
2026-01-19 10:45:00+05:30,68754.45,68885.05,68726.75,68748.9,0,0
2026-01-19 11:15:00+05:30,68752.3,68785.85,68699.0,68778.55,0,0
2026-01-19 11:45:00+05:30,68780.9,68783.85,68648.4,68769.9,0,0
2026-01-19 12:15:00+05:30,68770.5,68817.2,68639.1,68684.8,0,0
2026-01-19 12:45:00+05:30,68682.6,68757.15,68645.4,68710.0,0,0
2026-01-19 13:15:00+05:30,68709.9,68828.35,68684.7,68822.65,0,0
2026-01-19 13:45:00+05:30,68823.8,68895.5,68612.15,68636.0,0,0
2026-01-19 14:15:00+05:30,68634.95,68744.3,68516.9,68744.0,0,0
2026-01-19 14:45:00+05:30,68743.35,68912.2,68707.85,68713.15,0,0
2026-01-19 15:15:00+05:30,68714.45,68715.45,68544.45,68590.6,0,0
2026-01-20 09:15:00+05:30,68642.85,68748.75,67961.85,68038.75,0,0
2026-01-20 09:45:00+05:30,68038.7,68177.4,67871.6,68116.65,0,0
2026-01-20 10:15:00+05:30,68119.25,68215.35,67967.65,68108.8,0,0
2026-01-20 10:45:00+05:30,68110.25,68134.6,67927.5,67942.4,0,0
2026-01-20 11:15:00+05:30,67944.2,68112.85,67928.75,68049.9,0,0
2026-01-20 11:45:00+05:30,68048.0,68089.95,67768.3,67834.5,0,0
2026-01-20 12:15:00+05:30,67833.9,67872.85,67665.05,67675.1,0,0
2026-01-20 12:45:00+05:30,67672.65,67782.5,67616.8,67619.35,0,0
2026-01-20 13:15:00+05:30,67619.35,67683.15,67410.0,67440.3,0,0
2026-01-20 13:45:00+05:30,67440.8,67444.15,67195.35,67214.55,0,0
2026-01-20 14:15:00+05:30,67213.15,67493.05,67178.95,67493.05,0,0
2026-01-20 14:45:00+05:30,67492.6,67568.5,67103.6,67108.2,0,0
2026-01-20 15:15:00+05:30,67107.5,67126.1,66923.15,67036.35,0,0
2026-01-21 09:15:00+05:30,66864.35,67310.15,66693.65,66725.1,0,0
2026-01-21 09:45:00+05:30,66724.35,66904.85,66649.15,66782.8,0,0
2026-01-21 10:15:00+05:30,66782.15,66865.25,66348.45,66356.35,0,0
2026-01-21 10:45:00+05:30,66356.7,66547.85,65997.6,66437.65,0,0
2026-01-21 11:15:00+05:30,66435.0,66509.3,66288.2,66299.25,0,0
2026-01-21 11:45:00+05:30,66295.75,66838.0,66276.1,66838.0,0,0
2026-01-21 12:15:00+05:30,66837.7,67096.95,66726.05,67056.55,0,0
2026-01-21 12:45:00+05:30,67057.4,67258.45,67056.65,67111.5,0,0
2026-01-21 13:15:00+05:30,67112.95,67142.25,66785.85,66796.15,0,0
2026-01-21 13:45:00+05:30,66796.5,66811.55,66418.1,66418.8,0,0
2026-01-21 14:15:00+05:30,66418.45,66763.15,66410.8,66735.9,0,0
2026-01-21 14:45:00+05:30,66737.45,66891.05,66703.3,66835.45,0,0
2026-01-21 15:15:00+05:30,66834.65,66958.6,66809.55,66875.7,0,0
2026-01-22 09:15:00+05:30,67332.35,67950.5,67327.65,67835.85,0,0
2026-01-22 09:45:00+05:30,67832.2,67976.4,67565.9,67647.1,0,0
2026-01-22 10:15:00+05:30,67643.3,67671.95,67344.65,67528.1,0,0
2026-01-22 10:45:00+05:30,67527.6,67534.8,67306.9,67350.45,0,0
2026-01-22 11:15:00+05:30,67349.4,67406.25,67210.95,67227.8,0,0
2026-01-22 11:45:00+05:30,67226.35,67353.8,67194.95,67353.8,0,0
2026-01-22 12:15:00+05:30,67353.8,67507.8,67319.7,67426.75,0,0
2026-01-22 12:45:00+05:30,67427.35,67499.05,67358.95,67367.45,0,0
2026-01-22 13:15:00+05:30,67367.3,67466.0,67345.85,67416.7,0,0
2026-01-22 13:45:00+05:30,67412.5,67531.85,67367.8,67454.95,0,0
2026-01-22 14:15:00+05:30,67455.7,67597.55,67420.6,67523.7,0,0
2026-01-22 14:45:00+05:30,67523.75,67620.25,67479.85,67559.25,0,0
2026-01-22 15:15:00+05:30,67555.5,67656.05,67547.1,67627.4,0,0
2026-01-23 09:15:00+05:30,67829.2,67834.25,67285.55,67562.35,0,0
2026-01-23 09:45:00+05:30,67562.75,67665.35,67498.05,67531.4,0,0
2026-01-23 10:15:00+05:30,67531.75,67696.1,67497.6,67625.55,0,0
2026-01-23 10:45:00+05:30,67625.75,67636.2,67422.65,67475.3,0,0
2026-01-23 11:15:00+05:30,67474.05,67498.3,67259.75,67264.25,0,0
2026-01-23 11:45:00+05:30,67264.75,67298.15,67174.1,67175.1,0,0
2026-01-23 12:15:00+05:30,67175.75,67264.15,67122.35,67220.5,0,0
2026-01-23 12:45:00+05:30,67218.95,67279.9,66981.1,66997.0,0,0
2026-01-23 13:15:00+05:30,66999.15,66999.15,66506.7,66509.85,0,0
2026-01-23 13:45:00+05:30,66508.55,66673.35,66415.35,66464.75,0,0
2026-01-23 14:15:00+05:30,66465.25,66581.55,66372.65,66468.85,0,0
2026-01-23 14:45:00+05:30,66471.5,66566.6,66226.75,66242.2,0,0
2026-01-23 15:15:00+05:30,66242.35,66335.85,66109.75,66328.65,0,0
2026-01-27 09:15:00+05:30,66696.6,66696.6,65868.6,66423.45,0,0
2026-01-27 09:45:00+05:30,66430.6,66641.25,66430.6,66637.65,0,0
2026-01-27 10:15:00+05:30,66638.2,66691.4,66316.8,66326.75,0,0
2026-01-27 10:45:00+05:30,66326.8,66374.05,66214.45,66342.8,0,0
2026-01-27 11:15:00+05:30,66343.85,66498.65,66318.1,66494.7,0,0
2026-01-27 11:45:00+05:30,66494.7,66505.45,66375.7,66399.0,0,0
2026-01-27 12:15:00+05:30,66397.25,66412.2,66272.05,66319.9,0,0
2026-01-27 12:45:00+05:30,66320.1,66325.8,66204.05,66261.9,0,0
2026-01-27 13:15:00+05:30,66260.95,66356.15,66146.65,66153.95,0,0
2026-01-27 13:45:00+05:30,66153.9,66256.85,66105.95,66115.05,0,0
2026-01-27 14:15:00+05:30,66115.85,66532.05,66072.1,66514.35,0,0
2026-01-27 14:45:00+05:30,66516.55,66699.65,66468.5,66679.3,0,0
2026-01-27 15:15:00+05:30,66676.1,66896.95,66662.35,66881.25,0,0
2026-01-28 09:15:00+05:30,66906.8,67286.95,66872.55,67109.5,0,0
2026-01-28 09:45:00+05:30,67109.15,67194.5,66925.9,66964.6,0,0
2026-01-28 10:15:00+05:30,66961.8,67204.0,66932.1,67115.95,0,0
2026-01-28 10:45:00+05:30,67115.2,67407.5,67109.3,67404.75,0,0
2026-01-28 11:15:00+05:30,67404.8,67482.6,67314.6,67314.6,0,0
2026-01-28 11:45:00+05:30,67312.4,67609.0,67308.85,67597.95,0,0
2026-01-28 12:15:00+05:30,67598.7,67633.1,67531.0,67577.5,0,0
2026-01-28 12:45:00+05:30,67578.8,67733.0,67516.1,67717.3,0,0
2026-01-28 13:15:00+05:30,67717.9,67773.45,67560.65,67561.25,0,0
2026-01-28 13:45:00+05:30,67561.4,67778.95,67536.75,67679.35,0,0
2026-01-28 14:15:00+05:30,67679.85,67897.65,67668.65,67878.8,0,0
2026-01-28 14:45:00+05:30,67879.6,68221.55,67879.6,68183.05,0,0
2026-01-28 15:15:00+05:30,68180.1,68298.0,68180.1,68267.75,0,0
2026-01-29 09:15:00+05:30,68300.2,68319.95,68035.6,68120.8,0,0
2026-01-29 09:45:00+05:30,68114.95,68247.4,67951.6,67993.05,0,0
2026-01-29 10:15:00+05:30,67989.55,67989.55,67756.35,67829.3,0,0
2026-01-29 10:45:00+05:30,67830.0,68007.6,67757.15,67994.9,0,0
2026-01-29 11:15:00+05:30,67997.1,68171.8,67997.1,68084.5,0,0
2026-01-29 11:45:00+05:30,68080.95,68085.2,67977.45,68033.0,0,0
2026-01-29 12:15:00+05:30,68033.65,68037.35,67966.15,67967.15,0,0
2026-01-29 12:45:00+05:30,67966.6,68154.85,67954.6,68110.25,0,0
2026-01-29 13:15:00+05:30,68108.5,68249.75,68042.1,68247.4,0,0
2026-01-29 13:45:00+05:30,68246.15,68387.95,68231.4,68299.05,0,0
2026-01-29 14:15:00+05:30,68300.5,68408.75,68241.35,68385.15,0,0
2026-01-29 14:45:00+05:30,68385.25,68414.05,68299.25,68377.2,0,0
2026-01-29 15:15:00+05:30,68375.65,68458.2,68369.85,68423.1,0,0
2026-01-30 09:15:00+05:30,68146.85,68153.0,67528.6,68028.85,0,0
2026-01-30 09:45:00+05:30,68032.0,68108.9,67907.35,68075.1,0,0
2026-01-30 10:15:00+05:30,68078.2,68105.8,67852.3,68012.35,0,0
2026-01-30 10:45:00+05:30,68009.75,68093.5,67858.0,67901.8,0,0
2026-01-30 11:15:00+05:30,67900.05,68063.05,67853.65,67893.4,0,0
2026-01-30 11:45:00+05:30,67893.35,67927.6,67792.0,67880.15,0,0
2026-01-30 12:15:00+05:30,67879.65,67887.65,67734.1,67759.65,0,0
2026-01-30 12:45:00+05:30,67759.15,67811.5,67507.3,67527.3,0,0
2026-01-30 13:15:00+05:30,67529.0,67799.25,67439.8,67778.95,0,0
2026-01-30 13:45:00+05:30,67778.9,67882.25,67724.2,67808.45,0,0
2026-01-30 14:15:00+05:30,67810.55,67881.65,67689.95,67710.85,0,0
2026-01-30 14:45:00+05:30,67711.6,67964.5,67667.65,67814.25,0,0
2026-01-30 15:15:00+05:30,67808.0,67860.05,67720.9,67744.3,0,0
2026-02-01 09:15:00+05:30,67537.15,67554.45,67075.85,67499.0,0,0
2026-02-01 09:45:00+05:30,67499.75,67703.35,67480.25,67676.6,0,0
2026-02-01 10:15:00+05:30,67675.9,67789.15,67618.6,67782.95,0,0
2026-02-01 10:45:00+05:30,67780.95,67991.9,67726.85,67851.3,0,0
2026-02-01 11:15:00+05:30,67848.85,67951.75,67474.6,67540.55,0,0
2026-02-01 11:45:00+05:30,67540.95,67566.7,67022.55,67039.1,0,0
2026-02-01 12:15:00+05:30,67036.95,67037.95,65300.05,66810.15,0,0
2026-02-01 12:45:00+05:30,66797.65,67097.15,66706.35,67097.15,0,0
2026-02-01 13:15:00+05:30,67099.15,67141.6,66793.9,67059.3,0,0
2026-02-01 13:45:00+05:30,67060.75,67130.75,66830.75,66922.0,0,0
2026-02-01 14:15:00+05:30,66919.7,67155.7,66868.4,67019.6,0,0
2026-02-01 14:45:00+05:30,67016.65,67027.2,66380.6,66385.35,0,0
2026-02-01 15:15:00+05:30,66389.2,66389.75,66133.9,66211.95,0,0
2026-02-02 09:15:00+05:30,66452.3,66612.45,66105.95,66213.1,0,0
2026-02-02 09:45:00+05:30,66214.15,66569.25,66184.7,66383.65,0,0
2026-02-02 10:15:00+05:30,66382.5,66394.7,66077.75,66134.15,0,0
2026-02-02 10:45:00+05:30,66136.15,66136.15,65621.45,65730.8,0,0
2026-02-02 11:15:00+05:30,65730.3,66068.65,65573.75,66039.75,0,0
2026-02-02 11:45:00+05:30,66039.85,66074.6,65916.4,66053.4,0,0
2026-02-02 12:15:00+05:30,66054.4,66158.45,65917.0,66016.35,0,0
2026-02-02 12:45:00+05:30,66014.0,66303.0,66003.55,66213.55,0,0
2026-02-02 13:15:00+05:30,66214.85,66404.75,66032.0,66387.1,0,0
2026-02-02 13:45:00+05:30,66388.3,66452.7,66303.6,66405.75,0,0
2026-02-02 14:15:00+05:30,66404.85,66548.6,66362.5,66504.5,0,0
2026-02-02 14:45:00+05:30,66503.75,67101.2,66490.25,67087.35,0,0
2026-02-02 15:15:00+05:30,67086.55,67244.05,67077.95,67154.9,0,0
2026-02-03 09:15:00+05:30,69488.65,69884.15,68632.5,68637.95,0,0
2026-02-03 09:45:00+05:30,68636.45,68770.0,68446.95,68467.6,0,0
2026-02-03 10:15:00+05:30,68473.65,68744.95,68473.65,68589.6,0,0
2026-02-03 10:45:00+05:30,68589.2,68810.4,68518.9,68789.75,0,0
2026-02-03 11:15:00+05:30,68789.85,69088.55,68767.05,69057.2,0,0
2026-02-03 11:45:00+05:30,69058.15,69127.1,68989.55,69039.8,0,0
2026-02-03 12:15:00+05:30,69037.8,69074.15,68898.35,68993.35,0,0
2026-02-03 12:45:00+05:30,68993.85,68994.0,68815.45,68831.3,0,0
2026-02-03 13:15:00+05:30,68831.1,68849.55,68611.45,68745.15,0,0
2026-02-03 13:45:00+05:30,68744.65,68943.1,68739.25,68920.85,0,0
2026-02-03 14:15:00+05:30,68920.5,68998.3,68801.0,68809.95,0,0
2026-02-03 14:45:00+05:30,68812.0,68892.4,68781.8,68890.55,0,0
2026-02-03 15:15:00+05:30,68888.8,68916.15,68815.8,68849.65,0,0
2026-02-04 09:15:00+05:30,68889.15,69072.15,68098.35,69063.85,0,0
2026-02-04 09:45:00+05:30,69065.45,69277.05,69019.0,69263.0,0,0
2026-02-04 10:15:00+05:30,69264.55,69319.2,68899.85,68965.55,0,0
2026-02-04 10:45:00+05:30,68965.95,69058.5,68861.6,68892.5,0,0
2026-02-04 11:15:00+05:30,68892.9,68921.45,68754.4,68858.95,0,0
2026-02-04 11:45:00+05:30,68860.5,69128.65,68818.55,69127.35,0,0
2026-02-04 12:15:00+05:30,69127.1,69147.1,68975.5,69021.65,0,0
2026-02-04 12:45:00+05:30,69021.65,69090.6,68984.9,69062.85,0,0
2026-02-04 13:15:00+05:30,69065.8,69175.8,69022.15,69165.25,0,0
2026-02-04 13:45:00+05:30,69165.6,69283.3,69152.05,69282.35,0,0
2026-02-04 14:15:00+05:30,69281.7,69334.6,69238.7,69278.2,0,0
2026-02-04 14:45:00+05:30,69279.25,69354.65,69199.8,69328.4,0,0
2026-02-04 15:15:00+05:30,69330.55,69348.7,69211.9,69211.9,0,0
