datetime,open,high,low,close,volume,oi
2022-02-07 09:15:00+05:30,58549.67,58707.4,58320.15,58429.86,0,0
2022-02-07 09:45:00+05:30,58430.71,58498.44,58256.77,58333.29,0,0
2022-02-07 10:15:00+05:30,58334.64,58386.79,58236.53,58320.04,0,0
2022-02-07 10:45:00+05:30,58318.96,58339.81,58034.9,58058.83,0,0
2022-02-07 11:15:00+05:30,58057.53,58058.89,57953.89,57989.62,0,0
2022-02-07 11:45:00+05:30,57989.16,58029.75,57819.88,57830.5,0,0
2022-02-07 12:15:00+05:30,57830.43,58002.62,57806.57,57994.31,0,0
2022-02-07 12:45:00+05:30,57994.31,58015.69,57754.26,57778.58,0,0
2022-02-07 13:15:00+05:30,57776.92,57834.62,57616.17,57628.63,0,0
2022-02-07 13:45:00+05:30,57624.79,57625.8,57299.05,57486.21,0,0
2022-02-07 14:15:00+05:30,57486.19,57610.94,57418.12,57420.21,0,0
2022-02-07 14:45:00+05:30,57421.38,57702.93,57419.93,57641.76,0,0
2022-02-07 15:15:00+05:30,57642.0,57647.45,57530.72,57614.38,0,0
2022-02-08 09:15:00+05:30,57799.67,57922.88,57482.53,57709.32,0,0
2022-02-08 09:45:00+05:30,57708.85,57750.26,57548.3,57560.51,0,0
2022-02-08 10:15:00+05:30,57562.15,57570.13,57209.83,57223.21,0,0
2022-02-08 10:45:00+05:30,57220.85,57333.13,57059.46,57199.25,0,0
2022-02-08 11:15:00+05:30,57202.02,57470.4,57162.67,57443.22,0,0
2022-02-08 11:45:00+05:30,57444.61,57641.42,57405.91,57528.22,0,0
2022-02-08 12:15:00+05:30,57524.03,57819.26,57520.57,57787.63,0,0
2022-02-08 12:45:00+05:30,57791.12,57825.49,57342.16,57370.61,0,0
2022-02-08 13:15:00+05:30,57369.17,57634.11,57323.52,57512.65,0,0
2022-02-08 13:45:00+05:30,57517.25,57618.16,57441.02,57442.49,0,0
2022-02-08 14:15:00+05:30,57443.1,57556.86,57361.39,57556.86,0,0
2022-02-08 14:45:00+05:30,57558.09,57919.36,57502.63,57866.87,0,0
2022-02-08 15:15:00+05:30,57865.31,57879.28,57687.52,57731.47,0,0
2022-02-09 09:15:00+05:30,58163.01,58333.27,58105.25,58229.43,0,0
2022-02-09 09:45:00+05:30,58229.54,58378.72,58203.87,58305.44,0,0
2022-02-09 10:15:00+05:30,58306.69,58320.85,58137.67,58224.9,0,0
2022-02-09 10:45:00+05:30,58224.71,58300.51,58181.47,58212.82,0,0
2022-02-09 11:15:00+05:30,58212.82,58264.19,58189.9,58203.01,0,0
2022-02-09 11:45:00+05:30,58203.12,58322.67,58201.94,58281.23,0,0
2022-02-09 12:15:00+05:30,58279.86,58347.25,58274.02,58309.24,0,0
2022-02-09 12:45:00+05:30,58309.24,58352.03,58183.24,58193.44,0,0
2022-02-09 13:15:00+05:30,58194.91,58315.2,58178.59,58292.64,0,0
2022-02-09 13:45:00+05:30,58292.64,58404.81,58282.41,58387.4,0,0
2022-02-09 14:15:00+05:30,58387.9,58458.14,58380.2,58453.36,0,0
2022-02-09 14:45:00+05:30,58451.13,58505.58,58398.61,58464.34,0,0
2022-02-09 15:15:00+05:30,58464.07,58501.48,58453.44,58495.1,0,0
2022-02-10 09:15:00+05:30,58810.53,58810.53,58429.13,58438.0,0,0
2022-02-10 09:45:00+05:30,58434.26,58637.17,58332.28,58615.33,0,0
2022-02-10 10:15:00+05:30,58614.74,58892.55,58524.88,58882.13,0,0
2022-02-10 10:45:00+05:30,58884.67,58914.43,58795.33,58875.34,0,0
2022-02-10 11:15:00+05:30,58876.24,58967.05,58785.06,58958.46,0,0
2022-02-10 11:45:00+05:30,58955.83,59008.64,58893.78,58907.76,0,0
2022-02-10 12:15:00+05:30,58910.76,58938.56,58823.6,58923.38,0,0
2022-02-10 12:45:00+05:30,58923.38,58989.57,58891.16,58934.45,0,0
2022-02-10 13:15:00+05:30,58934.41,59026.93,58869.02,59001.1,0,0
2022-02-10 13:45:00+05:30,59000.37,59053.27,58947.17,59017.05,0,0
2022-02-10 14:15:00+05:30,59017.04,59060.0,58939.27,58970.64,0,0
2022-02-10 14:45:00+05:30,58972.69,59028.05,58918.94,58929.0,0,0
2022-02-10 15:15:00+05:30,58923.48,58977.91,58852.84,58875.71,0,0
2022-02-11 09:15:00+05:30,58447.15,58447.15,58126.43,58249.7,0,0
2022-02-11 09:45:00+05:30,58244.65,58244.65,57943.35,57995.58,0,0
2022-02-11 10:15:00+05:30,57993.65,58074.99,57914.59,58041.58,0,0
2022-02-11 10:45:00+05:30,58040.47,58097.01,57915.89,57980.82,0,0
2022-02-11 11:15:00+05:30,57980.95,58039.74,57922.65,58039.74,0,0
2022-02-11 11:45:00+05:30,58037.3,58096.44,58020.82,58087.06,0,0
2022-02-11 12:15:00+05:30,58087.06,58241.12,58069.13,58241.12,0,0
2022-02-11 12:45:00+05:30,58240.89,58274.84,58167.55,58274.84,0,0
2022-02-11 13:15:00+05:30,58274.84,58388.7,58222.42,58383.14,0,0
2022-02-11 13:45:00+05:30,58383.14,58393.95,58082.35,58179.62,0,0
2022-02-11 14:15:00+05:30,58180.29,58237.97,58081.5,58110.79,0,0
2022-02-11 14:45:00+05:30,58110.59,58246.67,58048.07,58204.64,0,0
2022-02-11 15:15:00+05:30,58204.64,58209.78,58039.6,58074.55,0,0
2022-02-14 09:15:00+05:30,56720.32,57106.11,56612.92,56825.46,0,0
2022-02-14 09:45:00+05:30,56820.64,57115.31,56750.72,57018.0,0,0
2022-02-14 10:15:00+05:30,57020.67,57171.35,56920.96,57110.97,0,0
2022-02-14 10:45:00+05:30,57111.52,57190.55,57003.75,57013.81,0,0
2022-02-14 11:15:00+05:30,57015.12,57043.2,56878.03,56929.58,0,0
2022-02-14 11:45:00+05:30,56929.91,57019.83,56917.23,56964.13,0,0
2022-02-14 12:15:00+05:30,56961.72,57039.06,56815.87,56819.85,0,0
2022-02-14 12:45:00+05:30,56816.0,56994.18,56796.13,56994.18,0,0
2022-02-14 13:15:00+05:30,56992.96,57092.0,56918.62,56935.96,0,0
2022-02-14 13:45:00+05:30,56936.77,56953.19,56652.28,56672.65,0,0
2022-02-14 14:15:00+05:30,56670.69,56782.49,56477.52,56502.99,0,0
2022-02-14 14:45:00+05:30,56500.52,56598.14,56386.82,56401.47,0,0
2022-02-14 15:15:00+05:30,56401.28,56458.27,56295.75,56329.26,0,0
2022-02-15 09:15:00+05:30,56731.56,56952.9,56560.27,56583.93,0,0
2022-02-15 09:45:00+05:30,56578.28,56714.49,56439.34,56549.59,0,0
2022-02-15 10:15:00+05:30,56554.33,56685.3,56521.76,56565.49,0,0
2022-02-15 10:45:00+05:30,56564.86,56835.39,56534.6,56775.38,0,0
2022-02-15 11:15:00+05:30,56776.12,56994.38,56776.12,56971.51,0,0
2022-02-15 11:45:00+05:30,56970.5,57254.55,56970.5,57197.74,0,0
2022-02-15 12:15:00+05:30,57195.7,57255.8,57061.19,57198.66,0,0
2022-02-15 12:45:00+05:30,57201.43,57337.22,57174.35,57277.24,0,0
2022-02-15 13:15:00+05:30,57278.97,57545.79,57177.61,57524.71,0,0
2022-02-15 13:45:00+05:30,57527.45,57971.04,57513.04,57930.83,0,0
2022-02-15 14:15:00+05:30,57929.39,58053.16,57849.26,58025.83,0,0
2022-02-15 14:45:00+05:30,58027.69,58159.11,58017.76,58141.25,0,0
2022-02-15 15:15:00+05:30,58139.9,58209.88,58131.69,58156.52,0,0
2022-02-16 09:15:00+05:30,58310.68,58462.36,58008.42,58132.37,0,0
2022-02-16 09:45:00+05:30,58124.83,58200.71,57982.64,58040.55,0,0
2022-02-16 10:15:00+05:30,58037.13,58155.53,58022.49,58060.65,0,0
2022-02-16 10:45:00+05:30,58062.01,58068.17,57781.4,57866.61,0,0
2022-02-16 11:15:00+05:30,57866.61,58032.67,57866.61,57933.46,0,0
2022-02-16 11:45:00+05:30,57933.46,58045.53,57932.76,58032.98,0,0
2022-02-16 12:15:00+05:30,58037.88,58347.32,58037.06,58290.27,0,0
2022-02-16 12:45:00+05:30,58286.73,58356.85,58190.95,58310.28,0,0
2022-02-16 13:15:00+05:30,58311.85,58461.14,58244.97,58461.14,0,0
2022-02-16 13:45:00+05:30,58460.93,58569.22,58407.72,58464.12,0,0
2022-02-16 14:15:00+05:30,58464.36,58481.91,58086.58,58171.74,0,0
2022-02-16 14:45:00+05:30,58168.63,58224.74,57881.82,58002.77,0,0
2022-02-16 15:15:00+05:30,58002.8,58004.26,57854.65,57884.91,0,0
2022-02-17 09:15:00+05:30,58217.69,58344.89,57751.11,57887.42,0,0
2022-02-17 09:45:00+05:30,57884.56,57997.31,57817.83,57895.23,0,0
2022-02-17 10:15:00+05:30,57895.23,57932.59,57638.95,57932.59,0,0
2022-02-17 10:45:00+05:30,57937.63,58129.23,57894.27,58085.28,0,0
2022-02-17 11:15:00+05:30,58086.36,58149.97,57958.41,57993.33,0,0
2022-02-17 11:45:00+05:30,57993.76,58186.62,57991.03,58148.5,0,0
2022-02-17 12:15:00+05:30,58146.61,58265.36,58104.4,58196.19,0,0
2022-02-17 12:45:00+05:30,58195.93,58223.42,58106.43,58148.88,0,0
2022-02-17 13:15:00+05:30,58148.88,58256.73,58078.92,58254.11,0,0
2022-02-17 13:45:00+05:30,58254.28,58257.54,57987.03,57987.03,0,0
2022-02-17 14:15:00+05:30,57987.22,58107.95,57923.7,57970.81,0,0
2022-02-17 14:45:00+05:30,57968.47,58038.06,57831.05,57832.09,0,0
2022-02-17 15:15:00+05:30,57830.27,57865.24,57792.73,57825.59,0,0
2022-02-18 09:15:00+05:30,57488.39,57939.65,57488.39,57735.87,0,0
2022-02-18 09:45:00+05:30,57736.61,57927.85,57663.42,57888.04,0,0
2022-02-18 10:15:00+05:30,57887.87,57908.35,57785.44,57789.44,0,0
2022-02-18 10:45:00+05:30,57789.12,57980.51,57743.88,57975.12,0,0
2022-02-18 11:15:00+05:30,57978.52,58003.49,57903.66,57974.17,0,0
2022-02-18 11:45:00+05:30,57974.17,58054.29,57948.47,58041.26,0,0
2022-02-18 12:15:00+05:30,58040.72,58099.93,57986.0,58099.93,0,0
2022-02-18 12:45:00+05:30,58099.7,58175.35,58050.31,58111.83,0,0
2022-02-18 13:15:00+05:30,58117.07,58132.07,57985.84,58057.23,0,0
2022-02-18 13:45:00+05:30,58056.24,58106.47,57928.42,57936.48,0,0
2022-02-18 14:15:00+05:30,57936.0,57954.86,57767.36,57774.96,0,0
2022-02-18 14:45:00+05:30,57775.7,57925.42,57724.35,57849.29,0,0
2022-02-18 15:15:00+05:30,57846.53,57848.98,57770.23,57801.4,0,0
2022-02-21 09:15:00+05:30,57551.65,57705.41,57167.45,57298.85,0,0
2022-02-21 09:45:00+05:30,57298.0,57493.92,57268.6,57365.85,0,0
2022-02-21 10:15:00+05:30,57364.31,57653.66,57290.64,57595.03,0,0
2022-02-21 10:45:00+05:30,57595.21,57712.53,57540.41,57707.34,0,0
2022-02-21 11:15:00+05:30,57707.75,57855.0,57655.28,57851.95,0,0
2022-02-21 11:45:00+05:30,57848.3,58014.8,57809.12,57967.12,0,0
2022-02-21 12:15:00+05:30,57965.89,58039.58,57881.8,57951.28,0,0
2022-02-21 12:45:00+05:30,57950.91,58136.07,57908.43,58131.1,0,0
2022-02-21 13:15:00+05:30,58132.12,58141.6,57895.52,58000.73,0,0
2022-02-21 13:45:00+05:30,58002.89,58036.82,57756.34,57759.68,0,0
2022-02-21 14:15:00+05:30,57759.26,57870.84,57606.32,57646.54,0,0
2022-02-21 14:45:00+05:30,57647.27,57828.42,57621.94,57657.66,0,0
2022-02-21 15:15:00+05:30,57653.13,57724.0,57609.74,57660.27,0,0
2022-02-22 09:15:00+05:30,56438.64,56879.2,56396.25,56572.75,0,0
2022-02-22 09:45:00+05:30,56565.71,56869.31,56534.03,56702.73,0,0
2022-02-22 10:15:00+05:30,56701.22,56838.91,56680.95,56721.35,0,0
2022-02-22 10:45:00+05:30,56721.0,56978.76,56711.51,56932.1,0,0
2022-02-22 11:15:00+05:30,56933.18,57059.18,56893.09,57032.95,0,0
2022-02-22 11:45:00+05:30,57032.44,57042.39,56778.46,56897.07,0,0
2022-02-22 12:15:00+05:30,56897.15,56926.43,56807.43,56892.2,0,0
2022-02-22 12:45:00+05:30,56882.97,56892.49,56694.63,56785.52,0,0
2022-02-22 13:15:00+05:30,56786.54,56843.18,56720.68,56780.27,0,0
2022-02-22 13:45:00+05:30,56780.95,57293.15,56780.95,57293.15,0,0
2022-02-22 14:15:00+05:30,57298.08,57505.83,57180.02,57388.79,0,0
2022-02-22 14:45:00+05:30,57388.68,57427.49,57175.12,57318.18,0,0
2022-02-22 15:15:00+05:30,57317.11,57360.71,57225.7,57254.4,0,0
2022-02-23 09:15:00+05:30,57632.94,57732.4,57522.1,57544.58,0,0
2022-02-23 09:45:00+05:30,57542.34,57639.37,57449.43,57487.92,0,0
2022-02-23 10:15:00+05:30,57487.74,57546.55,57399.58,57412.31,0,0
2022-02-23 10:45:00+05:30,57412.31,57592.05,57411.34,57559.95,0,0
2022-02-23 11:15:00+05:30,57561.72,57679.9,57557.11,57648.81,0,0
2022-02-23 11:45:00+05:30,57648.94,57656.85,57576.71,57580.4,0,0
2022-02-23 12:15:00+05:30,57579.48,57601.97,57475.7,57488.27,0,0
2022-02-23 12:45:00+05:30,57488.27,57560.18,57454.4,57553.45,0,0
2022-02-23 13:15:00+05:30,57551.91,57588.44,57467.88,57496.8,0,0
2022-02-23 13:45:00+05:30,57496.8,57529.11,57375.55,57487.15,0,0
2022-02-23 14:15:00+05:30,57486.47,57498.13,57348.97,57390.33,0,0
2022-02-23 14:45:00+05:30,57390.33,57567.91,57161.71,57164.77,0,0
2022-02-23 15:15:00+05:30,57165.01,57213.4,57111.18,57204.64,0,0
2022-02-24 09:15:00+05:30,55418.45,55987.66,55418.45,55492.82,0,0
2022-02-24 09:45:00+05:30,55471.88,55533.57,55152.54,55419.48,0,0
2022-02-24 10:15:00+05:30,55418.3,55658.23,55374.35,55614.88,0,0
2022-02-24 10:45:00+05:30,55618.47,55629.09,55548.94,55592.51,0,0
2022-02-24 11:15:00+05:30,55590.28,55849.85,55584.56,55758.24,0,0
2022-02-24 11:45:00+05:30,55760.21,55772.43,55521.62,55608.44,0,0
2022-02-24 12:15:00+05:30,55608.31,55613.08,55356.6,55384.68,0,0
2022-02-24 12:45:00+05:30,55385.82,55503.12,55175.92,55501.69,0,0
2022-02-24 13:15:00+05:30,55505.88,55513.83,55133.72,55139.65,0,0
2022-02-24 13:45:00+05:30,55139.04,55458.65,55116.6,55212.68,0,0
2022-02-24 14:15:00+05:30,55210.36,55305.33,54950.6,55037.36,0,0
2022-02-24 14:45:00+05:30,55028.03,55069.63,54450.24,54628.29,0,0
2022-02-24 15:15:00+05:30,54623.59,54639.96,54396.93,54439.62,0,0
2022-02-25 09:15:00+05:30,55321.72,55771.88,55313.94,55767.92,0,0
2022-02-25 09:45:00+05:30,55768.52,55984.59,55710.38,55805.23,0,0
2022-02-25 10:15:00+05:30,55803.44,56156.07,55782.0,56147.63,0,0
2022-02-25 10:45:00+05:30,56149.22,56183.7,55982.07,56014.34,0,0
2022-02-25 11:15:00+05:30,56014.16,56127.98,55969.65,56025.4,0,0
2022-02-25 11:45:00+05:30,56024.8,56078.85,55857.51,55871.18,0,0
2022-02-25 12:15:00+05:30,55870.23,56025.28,55668.55,55819.2,0,0
2022-02-25 12:45:00+05:30,55820.38,55946.6,55777.24,55894.26,0,0
2022-02-25 13:15:00+05:30,55893.66,55933.38,55748.98,55829.79,0,0
2022-02-25 13:45:00+05:30,55830.31,55933.71,55696.94,55914.75,0,0
2022-02-25 14:15:00+05:30,55915.16,56068.05,55764.97,55857.69,0,0
2022-02-25 14:45:00+05:30,55859.9,56030.85,55819.53,55848.31,0,0
2022-02-25 15:15:00+05:30,55852.92,55920.19,55808.62,55868.67,0,0
2022-02-28 09:15:00+05:30,55329.46,55329.46,54834.26,55139.63,0,0
2022-02-28 09:45:00+05:30,55141.78,55171.26,55004.25,55110.88,0,0
2022-02-28 10:15:00+05:30,55111.58,55426.38,55074.69,55407.6,0,0
2022-02-28 10:45:00+05:30,55405.78,55631.61,55390.54,55587.3,0,0
2022-02-28 11:15:00+05:30,55590.76,55753.8,55543.99,55632.23,0,0
2022-02-28 11:45:00+05:30,55632.07,55998.16,55618.65,55857.57,0,0
2022-02-28 12:15:00+05:30,55856.35,56049.5,55782.86,55892.31,0,0
2022-02-28 12:45:00+05:30,55890.84,56077.85,55793.68,56011.93,0,0
2022-02-28 13:15:00+05:30,56011.82,56078.05,55881.71,56020.32,0,0
2022-02-28 13:45:00+05:30,56021.62,56041.02,55745.12,55934.81,0,0
2022-02-28 14:15:00+05:30,55940.19,56051.02,55892.92,56008.73,0,0
2022-02-28 14:45:00+05:30,56010.73,56323.43,55961.89,56268.6,0,0
2022-02-28 15:15:00+05:30,56266.57,56280.29,56184.79,56208.88,0,0
2022-03-02 09:15:00+05:30,55629.3,55752.7,55410.56,55523.11,0,0
2022-03-02 09:45:00+05:30,55524.45,55533.15,55277.67,55426.03,0,0
2022-03-02 10:15:00+05:30,55426.33,55538.04,55296.9,55298.86,0,0
2022-03-02 10:45:00+05:30,55297.1,55406.37,55276.74,55360.23,0,0
2022-03-02 11:15:00+05:30,55359.92,55457.02,55289.64,55290.08,0,0
2022-03-02 11:45:00+05:30,55295.51,55333.07,55131.46,55144.06,0,0
2022-03-02 12:15:00+05:30,55140.76,55205.71,55075.0,55115.15,0,0
2022-03-02 12:45:00+05:30,55114.67,55358.89,55020.45,55258.92,0,0
2022-03-02 13:15:00+05:30,55258.38,55303.9,55147.58,55258.34,0,0
2022-03-02 13:45:00+05:30,55258.28,55319.21,55202.57,55209.7,0,0
2022-03-02 14:15:00+05:30,55207.11,55248.13,55065.35,55232.91,0,0
2022-03-02 14:45:00+05:30,55233.75,55496.46,55145.75,55488.34,0,0
2022-03-02 15:15:00+05:30,55492.34,55606.81,55454.76,55553.96,0,0
2022-03-03 09:15:00+05:30,55921.44,55995.41,55624.86,55642.47,0,0
2022-03-03 09:45:00+05:30,55643.17,55698.71,55484.36,55579.61,0,0
2022-03-03 10:15:00+05:30,55579.96,55627.69,55466.3,55586.4,0,0
2022-03-03 10:45:00+05:30,55586.4,55630.1,55505.06,55628.81,0,0
2022-03-03 11:15:00+05:30,55629.71,55670.91,55587.43,55604.77,0,0
2022-03-03 11:45:00+05:30,55603.93,55665.53,55573.39,55605.42,0,0
2022-03-03 12:15:00+05:30,55606.41,55606.41,55247.45,55320.49,0,0
2022-03-03 12:45:00+05:30,55318.72,55409.83,55136.19,55189.78,0,0
2022-03-03 13:15:00+05:30,55188.05,55290.09,55052.36,55289.89,0,0
2022-03-03 13:45:00+05:30,55290.89,55389.89,55130.55,55177.03,0,0
2022-03-03 14:15:00+05:30,55174.25,55339.87,55103.79,55293.62,0,0
2022-03-03 14:45:00+05:30,55293.95,55293.95,54932.82,55215.55,0,0
2022-03-03 15:15:00+05:30,55223.39,55250.45,55109.25,55156.1,0,0
2022-03-04 09:15:00+05:30,54653.59,54653.59,54194.88,54337.4,0,0
2022-03-04 09:45:00+05:30,54338.14,54425.89,54172.51,54172.93,0,0
2022-03-04 10:15:00+05:30,54165.2,54200.1,53957.6,54050.63,0,0
2022-03-04 10:45:00+05:30,54045.16,54162.2,53888.3,53984.66,0,0
2022-03-04 11:15:00+05:30,53982.26,54238.32,53967.54,54214.67,0,0
2022-03-04 11:45:00+05:30,54211.86,54367.77,54189.23,54322.17,0,0
2022-03-04 12:15:00+05:30,54321.38,54609.74,54289.21,54600.32,0,0
2022-03-04 12:45:00+05:30,54598.14,54827.35,54516.26,54683.04,0,0
2022-03-04 13:15:00+05:30,54685.61,55013.01,54655.01,54893.26,0,0
2022-03-04 13:45:00+05:30,54894.04,54982.86,54594.82,54658.29,0,0
2022-03-04 14:15:00+05:30,54656.34,54810.16,54463.06,54466.33,0,0
2022-03-04 14:45:00+05:30,54462.03,54550.98,54292.37,54332.91,0,0
2022-03-04 15:15:00+05:30,54334.39,54345.95,54255.79,54328.28,0,0
2022-03-07 09:15:00+05:30,53172.51,53172.51,52604.92,52624.98,0,0
2022-03-07 09:45:00+05:30,52631.36,52959.13,52609.15,52746.52,0,0
2022-03-07 10:15:00+05:30,52747.4,52784.26,52542.64,52576.33,0,0
2022-03-07 10:45:00+05:30,52576.13,52933.58,52564.56,52879.68,0,0
2022-03-07 11:15:00+05:30,52880.79,53142.26,52877.58,53106.48,0,0
2022-03-07 11:45:00+05:30,53101.54,53203.25,52995.92,53039.75,0,0
2022-03-07 12:15:00+05:30,53038.38,53149.34,53030.66,53097.68,0,0
2022-03-07 12:45:00+05:30,53097.41,53181.86,52874.07,52882.94,0,0
2022-03-07 13:15:00+05:30,52882.46,52968.37,52805.15,52865.67,0,0
2022-03-07 13:45:00+05:30,52864.93,52903.43,52487.4,52510.19,0,0
2022-03-07 14:15:00+05:30,52510.62,52768.06,52369.03,52768.06,0,0
2022-03-07 14:45:00+05:30,52765.59,52904.06,52660.91,52878.6,0,0
2022-03-07 15:15:00+05:30,52876.98,52971.09,52853.32,52943.7,0,0
2022-03-08 09:15:00+05:30,52430.06,52875.69,52430.06,52712.84,0,0
2022-03-08 09:45:00+05:30,52712.25,53024.17,52712.25,52992.56,0,0
2022-03-08 10:15:00+05:30,52994.87,53007.83,52679.38,52780.46,0,0
2022-03-08 10:45:00+05:30,52779.83,52782.49,52556.08,52656.62,0,0
2022-03-08 11:15:00+05:30,52657.1,52659.81,52503.23,52540.31,0,0
2022-03-08 11:45:00+05:30,52540.96,52544.75,52336.31,52459.52,0,0
2022-03-08 12:15:00+05:30,52459.56,52596.36,52261.45,52384.03,0,0
2022-03-08 12:45:00+05:30,52385.05,52517.4,52287.37,52501.35,0,0
2022-03-08 13:15:00+05:30,52503.47,52644.32,52315.28,52644.32,0,0
2022-03-08 13:45:00+05:30,52644.43,53084.68,52596.59,52913.17,0,0
2022-03-08 14:15:00+05:30,52912.76,53255.39,52745.99,53229.0,0,0
2022-03-08 14:45:00+05:30,53227.03,53476.67,53209.33,53436.91,0,0
2022-03-08 15:15:00+05:30,53435.61,53483.11,53397.93,53430.81,0,0
2022-03-09 09:15:00+05:30,53793.99,53883.15,53370.38,53838.45,0,0
2022-03-09 09:45:00+05:30,53837.52,53918.72,53612.63,53907.21,0,0
2022-03-09 10:15:00+05:30,53908.42,54018.55,53867.17,53917.51,0,0
2022-03-09 10:45:00+05:30,53922.11,53996.12,53862.05,53882.41,0,0
2022-03-09 11:15:00+05:30,53882.21,54006.53,53785.53,53985.22,0,0
2022-03-09 11:45:00+05:30,53982.21,54121.18,53941.21,54067.1,0,0
2022-03-09 12:15:00+05:30,54067.26,54332.61,54064.73,54303.91,0,0
2022-03-09 12:45:00+05:30,54306.32,54558.07,54301.24,54536.37,0,0
2022-03-09 13:15:00+05:30,54536.93,54546.84,54267.72,54505.3,0,0
2022-03-09 13:45:00+05:30,54505.5,54671.27,54462.6,54622.68,0,0
2022-03-09 14:15:00+05:30,54621.46,54825.76,54617.97,54715.68,0,0
2022-03-09 14:45:00+05:30,54712.75,54892.85,54596.4,54668.91,0,0
2022-03-09 15:15:00+05:30,54670.08,54741.24,54606.78,54733.31,0,0
2022-03-10 09:15:00+05:30,56242.47,56242.47,55566.5,55589.23,0,0
2022-03-10 09:45:00+05:30,55588.04,55988.84,55583.45,55939.43,0,0
2022-03-10 10:15:00+05:30,55936.84,56096.3,55910.9,55912.81,0,0
2022-03-10 10:45:00+05:30,55911.87,56036.22,55881.34,56026.05,0,0
2022-03-10 11:15:00+05:30,56027.33,56032.24,55835.44,55934.44,0,0
2022-03-10 11:45:00+05:30,55935.36,55976.8,55840.68,55854.61,0,0
2022-03-10 12:15:00+05:30,55854.74,55923.39,55691.85,55714.52,0,0
2022-03-10 12:45:00+05:30,55713.01,55762.23,55542.2,55633.92,0,0
2022-03-10 13:15:00+05:30,55633.42,55773.68,55475.69,55495.74,0,0
2022-03-10 13:45:00+05:30,55498.8,55500.67,54983.89,55244.06,0,0
2022-03-10 14:15:00+05:30,55238.11,55548.52,55097.01,55475.58,0,0
2022-03-10 14:45:00+05:30,55473.3,55583.51,55296.69,55548.74,0,0
2022-03-10 15:15:00+05:30,55550.66,55555.59,55323.85,55369.55,0,0
2022-03-11 09:15:00+05:30,55218.78,55732.65,55052.38,55637.76,0,0
2022-03-11 09:45:00+05:30,55635.58,55833.95,55568.3,55665.62,0,0
2022-03-11 10:15:00+05:30,55666.65,55668.76,55330.6,55422.08,0,0
2022-03-11 10:45:00+05:30,55420.74,55599.52,55381.2,55530.82,0,0
2022-03-11 11:15:00+05:30,55530.82,55671.22,55485.6,55643.41,0,0
2022-03-11 11:45:00+05:30,55643.03,55703.73,55540.45,55630.53,0,0
2022-03-11 12:15:00+05:30,55631.06,55697.54,55580.98,55636.1,0,0
2022-03-11 12:45:00+05:30,55635.8,55676.57,55400.4,55437.69,0,0
2022-03-11 13:15:00+05:30,55437.69,55579.61,55393.65,55408.71,0,0
2022-03-11 13:45:00+05:30,55409.3,55552.28,55365.57,55525.41,0,0
2022-03-11 14:15:00+05:30,55524.12,55589.04,55426.84,55582.7,0,0
2022-03-11 14:45:00+05:30,55583.22,55639.33,55472.91,55541.48,0,0
2022-03-11 15:15:00+05:30,55538.77,55565.26,55494.8,55534.6,0,0
2022-03-14 09:15:00+05:30,55614.4,55859.16,55602.69,55644.26,0,0
2022-03-14 09:45:00+05:30,55639.39,55868.36,55558.43,55809.04,0,0
2022-03-14 10:15:00+05:30,55806.5,55852.35,55706.75,55830.88,0,0
2022-03-14 10:45:00+05:30,55830.53,55985.32,55799.39,55967.97,0,0
2022-03-14 11:15:00+05:30,55965.16,56102.18,55945.77,56069.62,0,0
2022-03-14 11:45:00+05:30,56069.01,56128.72,56016.58,56024.14,0,0
2022-03-14 12:15:00+05:30,56021.4,56167.04,55980.66,56110.51,0,0
2022-03-14 12:45:00+05:30,56108.88,56202.94,56088.46,56181.99,0,0
2022-03-14 13:15:00+05:30,56185.03,56222.48,56112.47,56215.13,0,0
2022-03-14 13:45:00+05:30,56216.56,56267.1,56179.74,56260.89,0,0
2022-03-14 14:15:00+05:30,56262.14,56458.0,56261.36,56423.97,0,0
2022-03-14 14:45:00+05:30,56426.67,56537.26,56393.99,56479.84,0,0
2022-03-14 15:15:00+05:30,56479.85,56543.77,56397.49,56535.57,0,0
2022-03-15 09:15:00+05:30,56663.87,56720.28,56348.72,56403.46,0,0
2022-03-15 09:45:00+05:30,56403.77,56516.46,56267.5,56443.62,0,0
2022-03-15 10:15:00+05:30,56445.01,56559.72,56377.61,56499.88,0,0
2022-03-15 10:45:00+05:30,56501.85,56501.85,56357.41,56406.75,0,0
2022-03-15 11:15:00+05:30,56404.12,56435.47,56332.63,56377.84,0,0
2022-03-15 11:45:00+05:30,56378.0,56550.38,56377.45,56518.76,0,0
2022-03-15 12:15:00+05:30,56518.41,56521.69,56106.85,56183.47,0,0
2022-03-15 12:45:00+05:30,56183.37,56240.35,56010.3,56054.44,0,0
2022-03-15 13:15:00+05:30,56055.29,56055.29,55848.91,55990.31,0,0
2022-03-15 13:45:00+05:30,55989.41,56006.82,55673.31,55709.1,0,0
2022-03-15 14:15:00+05:30,55708.51,55708.51,55419.76,55585.56,0,0
2022-03-15 14:45:00+05:30,55587.25,55944.51,55564.52,55798.23,0,0
2022-03-15 15:15:00+05:30,55796.88,55833.52,55698.88,55723.02,0,0
2022-03-16 09:15:00+05:30,56555.33,56760.33,56417.8,56644.21,0,0
2022-03-16 09:45:00+05:30,56643.16,56682.06,56429.01,56440.79,0,0
2022-03-16 10:15:00+05:30,56441.86,56553.92,56390.5,56551.99,0,0
2022-03-16 10:45:00+05:30,56550.56,56612.82,56491.89,56519.63,0,0
2022-03-16 11:15:00+05:30,56518.85,56640.79,56511.08,56628.57,0,0
2022-03-16 11:45:00+05:30,56628.57,56686.37,56581.1,56634.27,0,0
2022-03-16 12:15:00+05:30,56633.96,56666.56,56571.73,56638.76,0,0
2022-03-16 12:45:00+05:30,56638.84,56711.56,56464.57,56464.57,0,0
2022-03-16 13:15:00+05:30,56456.98,56609.61,56411.46,56560.08,0,0
2022-03-16 13:45:00+05:30,56561.43,56650.51,56502.75,56507.94,0,0
2022-03-16 14:15:00+05:30,56507.94,56645.07,56476.2,56593.97,0,0
2022-03-16 14:45:00+05:30,56593.97,56859.4,56578.37,56833.18,0,0
2022-03-16 15:15:00+05:30,56834.61,56841.92,56792.17,56800.61,0,0
2022-03-17 09:15:00+05:30,57620.28,57708.23,57525.78,57600.1,0,0
2022-03-17 09:45:00+05:30,57593.31,57833.07,57591.42,57833.07,0,0
2022-03-17 10:15:00+05:30,57833.07,57876.44,57781.31,57829.3,0,0
2022-03-17 10:45:00+05:30,57826.57,57846.48,57783.5,57827.84,0,0
2022-03-17 11:15:00+05:30,57829.17,57920.06,57798.89,57904.87,0,0
2022-03-17 11:45:00+05:30,57904.49,57958.33,57844.83,57891.91,0,0
2022-03-17 12:15:00+05:30,57892.21,58031.66,57842.18,57997.12,0,0
2022-03-17 12:45:00+05:30,57996.12,58014.63,57901.01,57939.93,0,0
2022-03-17 13:15:00+05:30,57940.11,57956.82,57880.54,57925.61,0,0
2022-03-17 13:45:00+05:30,57923.77,58094.31,57884.63,57980.5,0,0
2022-03-17 14:15:00+05:30,57982.72,58037.08,57951.71,57962.84,0,0
2022-03-17 14:45:00+05:30,57964.11,58006.31,57757.76,57821.6,0,0
2022-03-17 15:15:00+05:30,57821.59,57944.89,57797.97,57919.3,0,0
2022-03-21 09:15:00+05:30,58030.41,58118.85,57755.59,57822.32,0,0
2022-03-21 09:45:00+05:30,57815.43,57835.58,57626.31,57643.7,0,0
2022-03-21 10:15:00+05:30,57643.35,57695.39,57569.85,57646.9,0,0
2022-03-21 10:45:00+05:30,57645.54,57813.39,57621.12,57730.48,0,0
2022-03-21 11:15:00+05:30,57729.97,57821.16,57706.98,57755.94,0,0
2022-03-21 11:45:00+05:30,57755.51,57755.51,57628.43,57630.16,0,0
2022-03-21 12:15:00+05:30,57630.66,57658.77,57381.08,57418.15,0,0
2022-03-21 12:45:00+05:30,57420.0,57452.1,57287.89,57322.37,0,0
2022-03-21 13:15:00+05:30,57323.22,57459.32,57251.0,57395.35,0,0
2022-03-21 13:45:00+05:30,57394.96,57524.29,57325.06,57461.08,0,0
2022-03-21 14:15:00+05:30,57461.97,57471.94,57234.47,57306.41,0,0
2022-03-21 14:45:00+05:30,57305.05,57363.78,57229.19,57323.25,0,0
2022-03-21 15:15:00+05:30,57322.36,57340.3,57274.94,57287.62,0,0
2022-03-22 09:15:00+05:30,57297.57,57340.42,57042.41,57115.41,0,0
2022-03-22 09:45:00+05:30,57114.44,57165.78,56980.69,57003.05,0,0
2022-03-22 10:15:00+05:30,57002.33,57092.73,56936.25,56954.82,0,0
2022-03-22 10:45:00+05:30,56955.16,57132.57,56931.78,57113.78,0,0
2022-03-22 11:15:00+05:30,57113.74,57189.7,57085.63,57143.49,0,0
2022-03-22 11:45:00+05:30,57143.82,57150.61,56969.47,57030.6,0,0
2022-03-22 12:15:00+05:30,57029.6,57443.95,57006.66,57381.85,0,0
2022-03-22 12:45:00+05:30,57383.43,57699.82,57383.43,57694.94,0,0
2022-03-22 13:15:00+05:30,57695.46,57853.81,57642.79,57839.32,0,0
2022-03-22 13:45:00+05:30,57839.93,57998.43,57797.67,57903.39,0,0
2022-03-22 14:15:00+05:30,57902.86,57934.06,57697.78,57851.45,0,0
2022-03-22 14:45:00+05:30,57853.07,57991.6,57804.93,57984.86,0,0
2022-03-22 15:15:00+05:30,57985.0,58052.55,57967.01,58052.55,0,0
2022-03-23 09:15:00+05:30,58198.64,58415.98,58117.42,58148.64,0,0
2022-03-23 09:45:00+05:30,58144.17,58289.99,58046.97,58134.68,0,0
2022-03-23 10:15:00+05:30,58133.6,58177.09,57938.65,58041.7,0,0
2022-03-23 10:45:00+05:30,58042.95,58210.04,57960.29,58019.24,0,0
2022-03-23 11:15:00+05:30,58016.75,58089.41,58001.69,58007.47,0,0
2022-03-23 11:45:00+05:30,58008.88,58076.54,57742.14,57871.07,0,0
2022-03-23 12:15:00+05:30,57869.73,57887.09,57621.42,57662.88,0,0
2022-03-23 12:45:00+05:30,57660.62,57813.91,57650.48,57774.99,0,0
2022-03-23 13:15:00+05:30,57773.6,57878.17,57718.99,57733.05,0,0
2022-03-23 13:45:00+05:30,57733.09,57799.0,57569.32,57728.12,0,0
2022-03-23 14:15:00+05:30,57729.15,57919.03,57696.98,57753.29,0,0
2022-03-23 14:45:00+05:30,57753.34,57831.58,57711.86,57742.08,0,0
2022-03-23 15:15:00+05:30,57742.15,57746.78,57615.59,57641.47,0,0
2022-03-24 09:15:00+05:30,57190.05,57575.39,57164.27,57555.13,0,0
2022-03-24 09:45:00+05:30,57554.68,57741.15,57512.59,57711.21,0,0
2022-03-24 10:15:00+05:30,57713.94,57717.74,57547.63,57563.49,0,0
2022-03-24 10:45:00+05:30,57563.49,57779.38,57563.35,57769.92,0,0
2022-03-24 11:15:00+05:30,57769.92,57827.99,57725.15,57765.13,0,0
2022-03-24 11:45:00+05:30,57764.36,57773.27,57440.85,57460.39,0,0
2022-03-24 12:15:00+05:30,57459.27,57475.27,57321.18,57441.94,0,0
2022-03-24 12:45:00+05:30,57445.97,57480.31,57350.16,57350.38,0,0
2022-03-24 13:15:00+05:30,57350.99,57593.88,57337.52,57475.77,0,0
2022-03-24 13:45:00+05:30,57474.43,57612.22,57406.45,57603.38,0,0
2022-03-24 14:15:00+05:30,57604.91,57682.05,57492.11,57598.54,0,0
2022-03-24 14:45:00+05:30,57598.08,57701.55,57566.24,57607.49,0,0
2022-03-24 15:15:00+05:30,57607.49,57628.36,57495.37,57511.82,0,0
2022-03-25 09:15:00+05:30,57801.72,57837.46,57392.27,57491.83,0,0
2022-03-25 09:45:00+05:30,57492.42,57676.45,57399.6,57480.32,0,0
2022-03-25 10:15:00+05:30,57480.52,57517.99,57392.17,57493.8,0,0
2022-03-25 10:45:00+05:30,57496.87,57520.24,57389.56,57462.71,0,0
2022-03-25 11:15:00+05:30,57464.52,57504.24,57427.0,57498.65,0,0
2022-03-25 11:45:00+05:30,57500.14,57501.21,57250.79,57280.64,0,0
2022-03-25 12:15:00+05:30,57276.73,57380.01,57259.55,57363.96,0,0
2022-03-25 12:45:00+05:30,57366.99,57380.09,57239.24,57311.86,0,0
2022-03-25 13:15:00+05:30,57312.14,57327.96,57199.58,57208.74,0,0
2022-03-25 13:45:00+05:30,57192.44,57221.63,57102.7,57184.88,0,0
2022-03-25 14:15:00+05:30,57183.28,57324.26,57177.08,57226.08,0,0
2022-03-25 14:45:00+05:30,57226.34,57327.26,57165.51,57290.28,0,0
2022-03-25 15:15:00+05:30,57289.0,57506.17,57285.71,57448.87,0,0
2022-03-28 09:15:00+05:30,57472.72,57486.57,56999.31,57035.57,0,0
2022-03-28 09:45:00+05:30,57034.86,57091.58,56937.1,56967.23,0,0
2022-03-28 10:15:00+05:30,56965.68,56968.82,56826.24,56896.81,0,0
2022-03-28 10:45:00+05:30,56893.93,57005.88,56861.11,56976.21,0,0
2022-03-28 11:15:00+05:30,56976.19,57058.7,56910.96,56945.56,0,0
2022-03-28 11:45:00+05:30,56945.59,57042.59,56868.24,57011.0,0,0
2022-03-28 12:15:00+05:30,57016.87,57370.93,57016.87,57293.26,0,0
2022-03-28 12:45:00+05:30,57296.78,57569.07,57296.78,57566.73,0,0
2022-03-28 13:15:00+05:30,57565.2,57581.03,57296.1,57334.26,0,0
2022-03-28 13:45:00+05:30,57334.26,57496.63,57334.26,57428.76,0,0
2022-03-28 14:15:00+05:30,57428.76,57567.33,57403.2,57445.6,0,0
2022-03-28 14:45:00+05:30,57445.34,57621.1,57365.96,57588.82,0,0
2022-03-28 15:15:00+05:30,57591.61,57634.57,57572.91,57591.58,0,0
2022-03-29 09:15:00+05:30,57814.76,57933.29,57728.25,57878.41,0,0
2022-03-29 09:45:00+05:30,57881.29,57890.53,57741.44,57788.7,0,0
2022-03-29 10:15:00+05:30,57788.7,57847.98,57645.87,57727.92,0,0
2022-03-29 10:45:00+05:30,57730.05,57837.16,57723.93,57808.81,0,0
2022-03-29 11:15:00+05:30,57811.65,57853.27,57710.19,57734.94,0,0
2022-03-29 11:45:00+05:30,57735.03,57787.6,57690.74,57744.58,0,0
2022-03-29 12:15:00+05:30,57744.67,57805.51,57709.13,57743.63,0,0
2022-03-29 12:45:00+05:30,57740.92,57896.2,57738.65,57789.17,0,0
2022-03-29 13:15:00+05:30,57788.31,57788.31,57643.37,57725.8,0,0
2022-03-29 13:45:00+05:30,57720.46,57785.87,57694.85,57765.24,0,0
2022-03-29 14:15:00+05:30,57764.47,57844.83,57753.19,57773.76,0,0
2022-03-29 14:45:00+05:30,57772.95,57945.8,57772.95,57915.87,0,0
2022-03-29 15:15:00+05:30,57914.72,58000.08,57912.76,57988.0,0,0
2022-03-30 09:15:00+05:30,58362.85,58414.17,58177.04,58354.35,0,0
2022-03-30 09:45:00+05:30,58355.51,58447.86,58336.42,58418.15,0,0
2022-03-30 10:15:00+05:30,58421.59,58570.31,58415.92,58550.71,0,0
2022-03-30 10:45:00+05:30,58550.5,58647.37,58508.17,58621.07,0,0
2022-03-30 11:15:00+05:30,58622.71,58656.27,58547.46,58605.1,0,0
2022-03-30 11:45:00+05:30,58605.67,58633.8,58557.21,58560.6,0,0
2022-03-30 12:15:00+05:30,58560.81,58617.76,58513.19,58597.86,0,0
2022-03-30 12:45:00+05:30,58598.01,58598.01,58520.1,58595.45,0,0
2022-03-30 13:15:00+05:30,58595.77,58665.0,58472.47,58508.11,0,0
2022-03-30 13:45:00+05:30,58508.11,58555.43,58372.66,58470.37,0,0
2022-03-30 14:15:00+05:30,58469.73,58582.74,58469.25,58528.05,0,0
2022-03-30 14:45:00+05:30,58529.99,58725.62,58521.01,58647.24,0,0
2022-03-30 15:15:00+05:30,58647.12,58665.02,58528.66,58541.75,0,0
2022-03-31 09:15:00+05:30,58779.71,58883.81,58620.88,58827.91,0,0
2022-03-31 09:45:00+05:30,58825.29,58889.81,58771.63,58824.33,0,0
2022-03-31 10:15:00+05:30,58824.71,58841.23,58706.72,58713.18,0,0
2022-03-31 10:45:00+05:30,58713.05,58784.88,58678.67,58722.69,0,0
2022-03-31 11:15:00+05:30,58721.55,58744.18,58642.14,58654.95,0,0
2022-03-31 11:45:00+05:30,58652.61,58652.7,58536.93,58604.93,0,0
2022-03-31 12:15:00+05:30,58604.93,58729.02,58602.75,58689.1,0,0
2022-03-31 12:45:00+05:30,58689.1,58799.93,58658.36,58755.17,0,0
2022-03-31 13:15:00+05:30,58752.79,58768.48,58631.8,58649.68,0,0
2022-03-31 13:45:00+05:30,58649.68,58669.34,58528.65,58552.3,0,0
2022-03-31 14:15:00+05:30,58552.3,58673.89,58485.79,58509.73,0,0
2022-03-31 14:45:00+05:30,58508.3,58624.6,58487.96,58570.43,0,0
2022-03-31 15:15:00+05:30,58570.98,58592.9,58517.63,58592.47,0,0
2022-04-01 09:15:00+05:30,58530.73,58685.36,58455.54,58635.74,0,0
2022-04-01 09:45:00+05:30,58633.6,58841.16,58631.71,58767.13,0,0
2022-04-01 10:15:00+05:30,58767.85,58838.71,58765.7,58790.34,0,0
2022-04-01 10:45:00+05:30,58791.56,58879.2,58749.52,58860.51,0,0
2022-04-01 11:15:00+05:30,58861.05,58863.53,58778.04,58813.74,0,0
2022-04-01 11:45:00+05:30,58813.74,58825.04,58734.23,58785.56,0,0
2022-04-01 12:15:00+05:30,58784.75,58892.94,58749.75,58879.96,0,0
2022-04-01 12:45:00+05:30,58879.62,58881.51,58804.59,58837.83,0,0
2022-04-01 13:15:00+05:30,58837.49,59004.68,58835.18,58990.62,0,0
2022-04-01 13:45:00+05:30,58991.23,59023.34,58965.99,58993.21,0,0
2022-04-01 14:15:00+05:30,58991.2,59031.57,58939.48,58996.07,0,0
2022-04-01 14:45:00+05:30,58997.35,59289.82,58949.05,59282.51,0,0
2022-04-01 15:15:00+05:30,59285.94,59396.35,59282.07,59333.99,0,0
2022-04-04 09:15:00+05:30,59764.13,60431.09,59764.13,60422.82,0,0
2022-04-04 09:45:00+05:30,60419.99,60839.84,60361.12,60755.64,0,0
2022-04-04 10:15:00+05:30,60758.98,60807.31,60611.78,60625.81,0,0
2022-04-04 10:45:00+05:30,60629.9,60668.25,60351.35,60405.37,0,0
2022-04-04 11:15:00+05:30,60402.31,60594.05,60336.88,60385.22,0,0
2022-04-04 11:45:00+05:30,60386.02,60471.17,60201.58,60203.08,0,0
2022-04-04 12:15:00+05:30,60208.48,60278.4,60154.48,60165.38,0,0
2022-04-04 12:45:00+05:30,60163.2,60392.97,60064.06,60378.39,0,0
2022-04-04 13:15:00+05:30,60375.99,60484.69,60332.82,60386.54,0,0
2022-04-04 13:45:00+05:30,60387.58,60498.42,60385.21,60419.15,0,0
2022-04-04 14:15:00+05:30,60419.15,60645.53,60396.41,60645.53,0,0
2022-04-04 14:45:00+05:30,60646.7,60678.51,60559.6,60641.3,0,0
2022-04-04 15:15:00+05:30,60639.17,60665.78,60555.39,60562.47,0,0
2022-04-05 09:15:00+05:30,60786.07,60786.07,60342.07,60344.22,0,0
2022-04-05 09:45:00+05:30,60338.6,60426.57,60282.43,60360.11,0,0
2022-04-05 10:15:00+05:30,60359.84,60410.22,60228.89,60269.86,0,0
2022-04-05 10:45:00+05:30,60269.57,60482.71,60264.96,60420.4,0,0
2022-04-05 11:15:00+05:30,60419.43,60434.44,60362.4,60402.48,0,0
2022-04-05 11:45:00+05:30,60402.16,60441.11,60382.01,60434.84,0,0
2022-04-05 12:15:00+05:30,60434.84,60440.06,60323.67,60362.69,0,0
2022-04-05 12:45:00+05:30,60363.17,60584.56,60354.99,60584.56,0,0
2022-04-05 13:15:00+05:30,60585.72,60682.8,60552.78,60625.49,0,0
2022-04-05 13:45:00+05:30,60625.32,60641.41,60323.38,60396.96,0,0
2022-04-05 14:15:00+05:30,60391.45,60433.89,60279.5,60385.66,0,0
2022-04-05 14:45:00+05:30,60385.49,60390.26,60152.62,60159.33,0,0
2022-04-05 15:15:00+05:30,60160.83,60186.13,60068.98,60100.17,0,0
2022-04-06 09:15:00+05:30,59815.71,59938.25,59698.56,59773.46,0,0
2022-04-06 09:45:00+05:30,59772.11,59780.84,59612.84,59688.78,0,0
2022-04-06 10:15:00+05:30,59687.4,59748.94,59512.45,59592.97,0,0
2022-04-06 10:45:00+05:30,59592.28,59685.16,59523.8,59676.35,0,0
2022-04-06 11:15:00+05:30,59676.31,59706.13,59622.12,59661.32,0,0
2022-04-06 11:45:00+05:30,59660.58,59836.42,59635.99,59786.68,0,0
2022-04-06 12:15:00+05:30,59783.42,59931.4,59758.81,59916.37,0,0
2022-04-06 12:45:00+05:30,59916.37,59923.98,59661.43,59737.42,0,0
2022-04-06 13:15:00+05:30,59737.35,59738.05,59565.77,59697.35,0,0
2022-04-06 13:45:00+05:30,59698.97,59741.77,59573.66,59575.9,0,0
2022-04-06 14:15:00+05:30,59573.5,59746.44,59572.26,59635.02,0,0
2022-04-06 14:45:00+05:30,59634.04,59694.65,59530.26,59628.29,0,0
2022-04-06 15:15:00+05:30,59626.4,59640.5,59566.67,59579.48,0,0
2022-04-07 09:15:00+05:30,59402.61,59402.61,59206.59,59279.66,0,0
2022-04-07 09:45:00+05:30,59280.17,59320.03,59203.72,59283.28,0,0
2022-04-07 10:15:00+05:30,59279.47,59318.23,59120.21,59195.78,0,0
2022-04-07 10:45:00+05:30,59197.77,59234.73,59125.53,59170.6,0,0
2022-04-07 11:15:00+05:30,59169.98,59312.81,59157.13,59267.36,0,0
2022-04-07 11:45:00+05:30,59266.32,59464.67,59265.87,59438.42,0,0
2022-04-07 12:15:00+05:30,59437.7,59504.92,59339.66,59488.59,0,0
2022-04-07 12:45:00+05:30,59489.91,59497.0,59372.92,59404.19,0,0
2022-04-07 13:15:00+05:30,59404.5,59427.88,59246.87,59253.58,0,0
2022-04-07 13:45:00+05:30,59252.65,59252.65,59040.08,59061.55,0,0
2022-04-07 14:15:00+05:30,59061.94,59141.36,58992.9,59041.25,0,0
2022-04-07 14:45:00+05:30,59040.12,59111.4,58989.24,59012.51,0,0
2022-04-07 15:15:00+05:30,59011.44,59095.53,58981.13,59075.43,0,0
2022-04-08 09:15:00+05:30,59256.97,59295.02,58977.83,59048.46,0,0
2022-04-08 09:45:00+05:30,59050.61,59217.64,58927.79,59152.68,0,0
2022-04-08 10:15:00+05:30,59154.68,59163.9,58877.47,58980.89,0,0
2022-04-08 10:45:00+05:30,58980.89,59099.29,58945.1,58956.48,0,0
2022-04-08 11:15:00+05:30,58954.56,58981.97,58899.99,58977.9,0,0
2022-04-08 11:45:00+05:30,58978.41,59233.2,58966.31,59195.15,0,0
2022-04-08 12:15:00+05:30,59195.15,59344.17,59195.15,59304.83,0,0
2022-04-08 12:45:00+05:30,59304.92,59331.1,59167.31,59267.86,0,0
2022-04-08 13:15:00+05:30,59269.84,59461.34,59241.81,59417.61,0,0
2022-04-08 13:45:00+05:30,59413.32,59653.26,59393.03,59627.01,0,0
2022-04-08 14:15:00+05:30,59626.54,59630.49,59495.69,59510.32,0,0
2022-04-08 14:45:00+05:30,59509.27,59588.26,59373.12,59380.07,0,0
2022-04-08 15:15:00+05:30,59382.56,59488.66,59378.55,59488.66,0,0
2022-04-11 09:15:00+05:30,59333.18,59333.18,58947.0,59009.85,0,0
2022-04-11 09:45:00+05:30,59006.07,59168.09,58987.47,59135.57,0,0
2022-04-11 10:15:00+05:30,59141.12,59210.29,59029.23,59030.23,0,0
2022-04-11 10:45:00+05:30,59034.39,59072.83,58964.93,59041.92,0,0
2022-04-11 11:15:00+05:30,59045.38,59126.13,59020.24,59118.22,0,0
2022-04-11 11:45:00+05:30,59119.23,59183.99,59085.29,59175.53,0,0
2022-04-11 12:15:00+05:30,59171.88,59213.89,59001.26,59043.93,0,0
2022-04-11 12:45:00+05:30,59046.05,59242.42,59030.36,59209.45,0,0
2022-04-11 13:15:00+05:30,59209.28,59354.61,59198.67,59240.93,0,0
2022-04-11 13:45:00+05:30,59238.16,59258.86,59116.37,59210.29,0,0
2022-04-11 14:15:00+05:30,59211.81,59235.33,59084.27,59086.48,0,0
2022-04-11 14:45:00+05:30,59086.36,59101.63,58895.83,58998.39,0,0
2022-04-11 15:15:00+05:30,58998.13,59009.99,58939.48,58995.48,0,0
2022-04-12 09:15:00+05:30,58743.5,58743.5,58482.12,58662.58,0,0
2022-04-12 09:45:00+05:30,58664.08,58690.22,58427.87,58446.11,0,0
2022-04-12 10:15:00+05:30,58446.71,58569.74,58339.17,58536.56,0,0
2022-04-12 10:45:00+05:30,58536.65,58538.72,58439.5,58474.65,0,0
2022-04-12 11:15:00+05:30,58477.56,58546.17,58418.88,58541.13,0,0
2022-04-12 11:45:00+05:30,58543.79,58583.7,58514.0,58567.74,0,0
2022-04-12 12:15:00+05:30,58568.28,58581.03,58421.15,58522.9,0,0
2022-04-12 12:45:00+05:30,58522.9,58528.48,58377.62,58381.74,0,0
2022-04-12 13:15:00+05:30,58380.29,58454.07,58322.92,58322.92,0,0
2022-04-12 13:45:00+05:30,58318.63,58665.65,58300.34,58650.08,0,0
2022-04-12 14:15:00+05:30,58650.99,58786.39,58634.39,58782.13,0,0
2022-04-12 14:45:00+05:30,58781.11,58794.47,58579.99,58587.75,0,0
2022-04-12 15:15:00+05:30,58581.12,58586.45,58521.26,58549.71,0,0
2022-04-13 09:15:00+05:30,58910.74,59002.77,58795.88,58876.23,0,0
2022-04-13 09:45:00+05:30,58878.65,58888.03,58597.44,58605.31,0,0
2022-04-13 10:15:00+05:30,58607.06,58670.57,58515.2,58571.64,0,0
2022-04-13 10:45:00+05:30,58571.99,58633.5,58540.63,58589.33,0,0
2022-04-13 11:15:00+05:30,58587.18,58648.3,58502.79,58503.89,0,0
2022-04-13 11:45:00+05:30,58491.62,58569.54,58383.05,58383.83,0,0
2022-04-13 12:15:00+05:30,58382.96,58441.18,58302.53,58421.63,0,0
2022-04-13 12:45:00+05:30,58421.96,58474.44,58327.78,58464.83,0,0
2022-04-13 13:15:00+05:30,58464.83,58500.07,58381.66,58395.81,0,0
2022-04-13 13:45:00+05:30,58396.39,58463.94,58344.21,58461.27,0,0
2022-04-13 14:15:00+05:30,58460.87,58511.26,58393.07,58479.84,0,0
2022-04-13 14:45:00+05:30,58477.66,58486.81,58308.95,58310.24,0,0
2022-04-13 15:15:00+05:30,58314.0,58355.54,58291.37,58323.2,0,0
2022-04-18 09:15:00+05:30,57338.58,57418.19,57200.84,57386.65,0,0
2022-04-18 09:45:00+05:30,57392.16,57392.16,57071.76,57117.86,0,0
2022-04-18 10:15:00+05:30,57118.3,57176.37,57048.25,57148.84,0,0
2022-04-18 10:45:00+05:30,57146.95,57149.71,57048.86,57138.0,0,0
2022-04-18 11:15:00+05:30,57134.22,57197.37,57101.1,57131.29,0,0
2022-04-18 11:45:00+05:30,57128.2,57199.03,57046.72,57063.87,0,0
2022-04-18 12:15:00+05:30,57063.07,57084.65,56909.27,56942.07,0,0
2022-04-18 12:45:00+05:30,56939.96,56965.31,56843.68,56943.79,0,0
2022-04-18 13:15:00+05:30,56941.51,57061.1,56936.84,57024.46,0,0
2022-04-18 13:45:00+05:30,57023.15,57136.92,57015.95,57073.61,0,0
2022-04-18 14:15:00+05:30,57073.99,57212.05,57019.06,57203.03,0,0
2022-04-18 14:45:00+05:30,57202.96,57240.86,57040.13,57184.23,0,0
2022-04-18 15:15:00+05:30,57183.4,57250.36,57179.33,57216.6,0,0
2022-04-19 09:15:00+05:30,57381.77,57452.97,57027.86,57124.55,0,0
2022-04-19 09:45:00+05:30,57128.65,57210.89,57066.62,57163.22,0,0
2022-04-19 10:15:00+05:30,57156.61,57173.83,57066.33,57169.92,0,0
2022-04-19 10:45:00+05:30,57169.57,57179.14,57059.82,57179.14,0,0
2022-04-19 11:15:00+05:30,57179.18,57277.25,57164.12,57272.85,0,0
2022-04-19 11:45:00+05:30,57272.85,57341.98,57254.09,57333.25,0,0
2022-04-19 12:15:00+05:30,57340.56,57387.26,57226.16,57237.57,0,0
2022-04-19 12:45:00+05:30,57236.42,57278.68,57110.82,57140.97,0,0
2022-04-19 13:15:00+05:30,57140.97,57386.89,57132.97,57310.61,0,0
2022-04-19 13:45:00+05:30,57313.05,57463.75,57300.13,57383.57,0,0
2022-04-19 14:15:00+05:30,57390.78,57403.38,57267.9,57302.06,0,0
2022-04-19 14:45:00+05:30,57301.21,57326.85,56348.19,56478.53,0,0
2022-04-19 15:15:00+05:30,56474.55,56504.47,56014.98,56173.45,0,0
2022-04-20 09:15:00+05:30,56741.43,57035.5,56522.99,56941.09,0,0
2022-04-20 09:45:00+05:30,56934.83,57023.31,56811.44,56958.12,0,0
2022-04-20 10:15:00+05:30,56954.4,57030.09,56842.56,56872.52,0,0
2022-04-20 10:45:00+05:30,56872.41,57019.19,56838.64,56989.2,0,0
2022-04-20 11:15:00+05:30,56990.31,57030.91,56807.25,56864.31,0,0
2022-04-20 11:45:00+05:30,56863.38,56917.95,56794.33,56910.79,0,0
2022-04-20 12:15:00+05:30,56910.27,57136.87,56910.27,57120.97,0,0
2022-04-20 12:45:00+05:30,57123.33,57213.83,57055.35,57057.32,0,0
2022-04-20 13:15:00+05:30,57058.29,57139.99,56954.23,57061.97,0,0
2022-04-20 13:45:00+05:30,57061.93,57079.5,56807.06,56929.02,0,0
2022-04-20 14:15:00+05:30,56926.65,57077.88,56823.47,57040.7,0,0
2022-04-20 14:45:00+05:30,57047.75,57145.47,56897.01,56997.41,0,0
2022-04-20 15:15:00+05:30,56994.84,57083.2,56985.62,57081.93,0,0
2022-04-21 09:15:00+05:30,57458.6,57483.34,57314.41,57456.27,0,0
2022-04-21 09:45:00+05:30,57456.43,57523.9,57421.5,57484.13,0,0
2022-04-21 10:15:00+05:30,57482.73,57535.12,57418.07,57489.6,0,0
2022-04-21 10:45:00+05:30,57490.0,57760.75,57484.15,57756.13,0,0
2022-04-21 11:15:00+05:30,57758.07,57801.77,57696.28,57729.59,0,0
2022-04-21 11:45:00+05:30,57728.76,57798.73,57687.72,57770.87,0,0
2022-04-21 12:15:00+05:30,57770.98,57833.61,57717.89,57833.61,0,0
2022-04-21 12:45:00+05:30,57833.85,57856.41,57769.84,57815.7,0,0
2022-04-21 13:15:00+05:30,57817.27,57900.52,57773.87,57896.57,0,0
2022-04-21 13:45:00+05:30,57896.06,57910.54,57799.65,57876.2,0,0
2022-04-21 14:15:00+05:30,57876.27,57991.53,57876.27,57931.47,0,0
2022-04-21 14:45:00+05:30,57931.91,57986.59,57840.89,57907.52,0,0
2022-04-21 15:15:00+05:30,57907.72,57949.19,57885.87,57942.75,0,0
2022-04-22 09:15:00+05:30,57531.95,57531.95,57246.6,57420.08,0,0
2022-04-22 09:45:00+05:30,57420.24,57489.16,57339.31,57391.0,0,0
2022-04-22 10:15:00+05:30,57391.49,57438.58,57347.86,57428.54,0,0
2022-04-22 10:45:00+05:30,57433.07,57649.98,57409.58,57633.34,0,0
2022-04-22 11:15:00+05:30,57629.82,57688.86,57556.01,57632.61,0,0
2022-04-22 11:45:00+05:30,57632.06,57689.78,57574.92,57596.68,0,0
2022-04-22 12:15:00+05:30,57598.13,57664.92,57521.7,57654.37,0,0
2022-04-22 12:45:00+05:30,57654.27,57658.02,57521.73,57574.65,0,0
2022-04-22 13:15:00+05:30,57572.83,57663.17,57479.57,57575.14,0,0
2022-04-22 13:45:00+05:30,57577.78,57586.51,57271.71,57364.8,0,0
2022-04-22 14:15:00+05:30,57365.03,57399.82,57206.12,57241.71,0,0
2022-04-22 14:45:00+05:30,57238.44,57299.42,57135.32,57215.79,0,0
2022-04-22 15:15:00+05:30,57218.23,57227.58,57160.35,57197.89,0,0
2022-04-25 09:15:00+05:30,56757.64,56757.64,56420.69,56658.15,0,0
2022-04-25 09:45:00+05:30,56654.54,56875.65,56526.02,56795.1,0,0
2022-04-25 10:15:00+05:30,56795.45,56835.99,56597.83,56693.98,0,0
2022-04-25 10:45:00+05:30,56690.71,56790.07,56676.41,56734.49,0,0
2022-04-25 11:15:00+05:30,56732.05,56778.12,56640.43,56653.97,0,0
2022-04-25 11:45:00+05:30,56658.28,56766.66,56630.29,56630.29,0,0
2022-04-25 12:15:00+05:30,56628.96,56645.13,56414.82,56487.65,0,0
2022-04-25 12:45:00+05:30,56488.3,56706.94,56470.79,56697.18,0,0
2022-04-25 13:15:00+05:30,56697.46,56759.85,56537.6,56550.69,0,0
2022-04-25 13:45:00+05:30,56552.14,56729.4,56538.3,56622.0,0,0
2022-04-25 14:15:00+05:30,56618.06,56618.06,56358.48,56366.84,0,0
2022-04-25 14:45:00+05:30,56364.48,56617.24,56360.18,56552.54,0,0
2022-04-25 15:15:00+05:30,56549.74,56684.7,56530.81,56666.7,0,0
2022-04-26 09:15:00+05:30,57066.24,57331.96,57066.24,57308.94,0,0
2022-04-26 09:45:00+05:30,57309.54,57331.73,57208.15,57221.68,0,0
2022-04-26 10:15:00+05:30,57218.78,57241.0,57153.56,57164.02,0,0
2022-04-26 10:45:00+05:30,57164.83,57212.17,57108.16,57133.06,0,0
2022-04-26 11:15:00+05:30,57132.14,57288.92,57131.75,57267.43,0,0
2022-04-26 11:45:00+05:30,57269.18,57295.22,57172.83,57175.91,0,0
2022-04-26 12:15:00+05:30,57175.96,57232.65,57139.87,57166.11,0,0
2022-04-26 12:45:00+05:30,57164.36,57166.47,56910.35,56985.33,0,0
2022-04-26 13:15:00+05:30,56985.33,57169.76,56976.54,57163.37,0,0
2022-04-26 13:45:00+05:30,57164.33,57204.99,57120.2,57168.91,0,0
2022-04-26 14:15:00+05:30,57169.12,57247.46,57047.62,57148.79,0,0
2022-04-26 14:45:00+05:30,57146.21,57412.84,57079.5,57391.26,0,0
2022-04-26 15:15:00+05:30,57394.7,57440.62,57346.78,57367.8,0,0
2022-04-27 09:15:00+05:30,56983.68,57075.89,56857.04,56964.75,0,0
2022-04-27 09:45:00+05:30,56967.12,57038.8,56884.77,56997.25,0,0
2022-04-27 10:15:00+05:30,56995.02,57010.16,56858.73,56936.75,0,0
2022-04-27 10:45:00+05:30,56938.65,56972.68,56895.93,56967.23,0,0
2022-04-27 11:15:00+05:30,56967.37,56969.85,56795.97,56827.11,0,0
2022-04-27 11:45:00+05:30,56826.14,56919.32,56803.38,56844.13,0,0
2022-04-27 12:15:00+05:30,56843.85,56893.45,56822.23,56826.43,0,0
2022-04-27 12:45:00+05:30,56826.43,56835.06,56585.44,56650.13,0,0
2022-04-27 13:15:00+05:30,56648.44,56897.41,56648.44,56874.03,0,0
2022-04-27 13:45:00+05:30,56873.84,56970.29,56819.97,56906.27,0,0
2022-04-27 14:15:00+05:30,56905.79,57009.33,56763.32,56966.39,0,0
2022-04-27 14:45:00+05:30,56966.35,56994.56,56758.33,56802.27,0,0
2022-04-27 15:15:00+05:30,56802.9,56867.57,56774.2,56819.85,0,0
2022-04-28 09:15:00+05:30,57296.31,57296.31,57004.36,57036.12,0,0
2022-04-28 09:45:00+05:30,57035.22,57077.22,56962.03,57043.76,0,0
2022-04-28 10:15:00+05:30,57043.71,57086.87,56966.5,56975.3,0,0
2022-04-28 10:45:00+05:30,56973.78,57096.5,56937.55,57043.71,0,0
2022-04-28 11:15:00+05:30,57046.67,57228.95,57039.95,57201.63,0,0
2022-04-28 11:45:00+05:30,57201.71,57342.83,57200.68,57294.99,0,0
2022-04-28 12:15:00+05:30,57293.34,57433.45,57282.68,57402.63,0,0
2022-04-28 12:45:00+05:30,57402.88,57573.07,57380.36,57570.34,0,0
2022-04-28 13:15:00+05:30,57570.53,57634.52,57490.82,57627.13,0,0
2022-04-28 13:45:00+05:30,57627.17,57725.64,57591.11,57716.7,0,0
2022-04-28 14:15:00+05:30,57717.69,57754.32,57653.82,57739.86,0,0
2022-04-28 14:45:00+05:30,57741.15,57790.75,57455.7,57455.7,0,0
2022-04-28 15:15:00+05:30,57459.08,57540.29,57427.54,57466.67,0,0
2022-04-29 09:15:00+05:30,57817.51,57900.51,57720.66,57728.24,0,0
2022-04-29 09:45:00+05:30,57729.31,57731.76,57544.62,57642.47,0,0
2022-04-29 10:15:00+05:30,57642.77,57836.26,57615.59,57776.44,0,0
2022-04-29 10:45:00+05:30,57776.44,57836.29,57719.68,57824.03,0,0
2022-04-29 11:15:00+05:30,57824.2,57913.47,57798.26,57869.34,0,0
2022-04-29 11:45:00+05:30,57869.66,57916.79,57824.33,57869.35,0,0
2022-04-29 12:15:00+05:30,57870.37,57929.11,57830.25,57869.38,0,0
2022-04-29 12:45:00+05:30,57869.5,57975.48,57865.4,57941.48,0,0
2022-04-29 13:15:00+05:30,57943.2,57974.33,57858.44,57919.35,0,0
2022-04-29 13:45:00+05:30,57919.35,57959.59,57659.71,57692.74,0,0
2022-04-29 14:15:00+05:30,57692.49,57713.94,57355.62,57572.47,0,0
2022-04-29 14:45:00+05:30,57575.03,57683.72,56961.7,56964.05,0,0
2022-04-29 15:15:00+05:30,56963.84,57129.1,56902.61,57125.05,0,0
2022-05-02 09:15:00+05:30,56429.45,56785.58,56429.45,56785.58,0,0
2022-05-02 09:45:00+05:30,56787.94,56793.72,56622.56,56704.21,0,0
2022-05-02 10:15:00+05:30,56701.23,56818.26,56665.01,56814.91,0,0
2022-05-02 10:45:00+05:30,56814.17,56821.34,56593.63,56665.82,0,0
2022-05-02 11:15:00+05:30,56665.23,56782.03,56626.45,56714.32,0,0
2022-05-02 11:45:00+05:30,56714.5,56847.98,56699.2,56835.25,0,0
2022-05-02 12:15:00+05:30,56835.05,56918.5,56793.64,56873.92,0,0
2022-05-02 12:45:00+05:30,56876.71,56883.68,56700.12,56833.98,0,0
2022-05-02 13:15:00+05:30,56832.87,56866.19,56720.61,56795.64,0,0
2022-05-02 13:45:00+05:30,56795.81,56839.36,56707.39,56808.86,0,0
2022-05-02 14:15:00+05:30,56809.25,56823.45,56665.23,56750.95,0,0
2022-05-02 14:45:00+05:30,56749.84,57052.75,56749.84,56976.72,0,0
2022-05-02 15:15:00+05:30,56978.44,57000.84,56941.39,56973.76,0,0
2022-05-04 09:15:00+05:30,57124.91,57172.84,56900.21,56966.88,0,0
2022-05-04 09:45:00+05:30,56962.89,56977.21,56816.43,56821.14,0,0
2022-05-04 10:15:00+05:30,56821.68,56821.68,56585.05,56585.05,0,0
2022-05-04 10:45:00+05:30,56581.85,56609.69,56488.05,56560.46,0,0
2022-05-04 11:15:00+05:30,56563.68,56651.29,56492.68,56533.94,0,0
2022-05-04 11:45:00+05:30,56534.07,56597.61,56341.84,56414.43,0,0
2022-05-04 12:15:00+05:30,56415.0,56469.08,56223.83,56246.88,0,0
2022-05-04 12:45:00+05:30,56249.36,56355.71,56151.05,56341.87,0,0
2022-05-04 13:15:00+05:30,56341.97,56469.34,56321.48,56439.5,0,0
2022-05-04 13:45:00+05:30,56436.37,56616.25,55916.74,56076.84,0,0
2022-05-04 14:15:00+05:30,56077.13,56228.43,55596.87,55619.3,0,0
2022-05-04 14:45:00+05:30,55611.81,55829.18,55501.6,55782.83,0,0
2022-05-04 15:15:00+05:30,55777.68,55789.32,55603.84,55751.39,0,0
2022-05-05 09:15:00+05:30,56255.07,56306.63,55977.06,56175.38,0,0
2022-05-05 09:45:00+05:30,56179.2,56485.96,56142.38,56474.29,0,0
2022-05-05 10:15:00+05:30,56474.46,56566.8,56380.75,56385.33,0,0
2022-05-05 10:45:00+05:30,56386.0,56510.41,56362.52,56491.27,0,0
2022-05-05 11:15:00+05:30,56491.21,56491.21,56229.8,56282.69,0,0
2022-05-05 11:45:00+05:30,56281.62,56355.53,56181.8,56235.8,0,0
2022-05-05 12:15:00+05:30,56240.79,56412.15,56215.71,56331.97,0,0
2022-05-05 12:45:00+05:30,56330.27,56381.07,56133.49,56143.83,0,0
2022-05-05 13:15:00+05:30,56139.33,56250.59,55950.34,55950.93,0,0
2022-05-05 13:45:00+05:30,55950.15,56091.76,55718.67,55809.2,0,0
2022-05-05 14:15:00+05:30,55809.95,55872.49,55614.69,55783.21,0,0
2022-05-05 14:45:00+05:30,55771.72,55914.78,55645.88,55717.7,0,0
2022-05-05 15:15:00+05:30,55715.53,55773.33,55650.82,55682.84,0,0
2022-05-06 09:15:00+05:30,54928.29,55070.12,54727.53,55008.69,0,0
2022-05-06 09:45:00+05:30,55012.82,55020.48,54772.43,54772.43,0,0
2022-05-06 10:15:00+05:30,54770.93,54818.46,54616.3,54749.8,0,0
2022-05-06 10:45:00+05:30,54744.41,54770.9,54598.2,54684.4,0,0
2022-05-06 11:15:00+05:30,54683.53,54873.49,54586.76,54852.4,0,0
2022-05-06 11:45:00+05:30,54852.77,54861.86,54709.02,54840.55,0,0
2022-05-06 12:15:00+05:30,54840.17,54864.16,54661.53,54792.26,0,0
2022-05-06 12:45:00+05:30,54796.12,54858.62,54671.88,54708.11,0,0
2022-05-06 13:15:00+05:30,54708.83,54977.3,54651.71,54769.47,0,0
2022-05-06 13:45:00+05:30,54771.47,55014.97,54729.08,54956.93,0,0
2022-05-06 14:15:00+05:30,54957.09,55069.09,54753.34,54761.7,0,0
2022-05-06 14:45:00+05:30,54759.41,54870.29,54719.03,54818.76,0,0
2022-05-06 15:15:00+05:30,54821.43,54953.39,54819.31,54937.29,0,0
2022-05-09 09:15:00+05:30,54188.21,54323.27,53918.02,54177.33,0,0
2022-05-09 09:45:00+05:30,54177.8,54363.98,54081.72,54261.13,0,0
2022-05-09 10:15:00+05:30,54252.91,54315.53,54189.76,54226.76,0,0
2022-05-09 10:45:00+05:30,54229.81,54285.91,54168.13,54238.97,0,0
2022-05-09 11:15:00+05:30,54240.22,54509.69,54217.51,54474.86,0,0
2022-05-09 11:45:00+05:30,54476.78,54562.05,54406.67,54541.17,0,0
2022-05-09 12:15:00+05:30,54547.15,54765.77,54470.36,54758.3,0,0
2022-05-09 12:45:00+05:30,54764.63,54789.89,54521.32,54587.13,0,0
2022-05-09 13:15:00+05:30,54587.45,54640.23,54428.51,54532.44,0,0
2022-05-09 13:45:00+05:30,54529.71,54568.43,54233.0,54302.29,0,0
2022-05-09 14:15:00+05:30,54304.45,54671.41,54275.2,54624.78,0,0
2022-05-09 14:45:00+05:30,54622.53,54794.79,54387.96,54490.3,0,0
2022-05-09 15:15:00+05:30,54488.36,54547.44,54472.21,54506.98,0,0
2022-05-10 09:15:00+05:30,54309.31,54640.82,54309.31,54484.48,0,0
2022-05-10 09:45:00+05:30,54484.85,54520.91,54347.3,54400.7,0,0
2022-05-10 10:15:00+05:30,54401.98,54589.8,54389.11,54572.11,0,0
2022-05-10 10:45:00+05:30,54572.79,54601.81,54452.27,54543.61,0,0
2022-05-10 11:15:00+05:30,54546.92,54614.96,54451.25,54539.25,0,0
2022-05-10 11:45:00+05:30,54536.51,54799.15,54514.58,54797.55,0,0
2022-05-10 12:15:00+05:30,54793.95,54825.83,54707.89,54764.63,0,0
2022-05-10 12:45:00+05:30,54765.08,54856.56,54706.39,54749.84,0,0
2022-05-10 13:15:00+05:30,54752.01,54769.27,54555.09,54624.35,0,0
2022-05-10 13:45:00+05:30,54624.35,54845.98,54621.05,54782.54,0,0
2022-05-10 14:15:00+05:30,54782.14,54815.64,54648.23,54742.65,0,0
2022-05-10 14:45:00+05:30,54741.1,54751.09,54304.87,54362.11,0,0
2022-05-10 15:15:00+05:30,54361.76,54386.73,54230.41,54275.57,0,0
2022-05-11 09:15:00+05:30,54544.91,54597.06,54273.13,54273.13,0,0
2022-05-11 09:45:00+05:30,54272.67,54312.3,54023.47,54053.19,0,0
2022-05-11 10:15:00+05:30,54053.24,54143.99,53765.57,53846.0,0,0
2022-05-11 10:45:00+05:30,53840.66,54010.96,53830.74,53871.35,0,0
2022-05-11 11:15:00+05:30,53867.78,54059.28,53859.67,54021.95,0,0
2022-05-11 11:45:00+05:30,54021.34,54071.24,53899.88,53987.52,0,0
2022-05-11 12:15:00+05:30,53988.58,54023.77,53789.01,53791.58,0,0
2022-05-11 12:45:00+05:30,53789.19,53813.95,53591.97,53639.59,0,0
2022-05-11 13:15:00+05:30,53642.34,53854.06,53519.3,53774.31,0,0
2022-05-11 13:45:00+05:30,53770.37,54116.43,53734.62,54093.46,0,0
2022-05-11 14:15:00+05:30,54095.27,54231.49,53935.61,54229.06,0,0
2022-05-11 14:45:00+05:30,54226.47,54263.42,53993.0,54047.09,0,0
2022-05-11 15:15:00+05:30,54046.68,54213.0,54041.78,54207.52,0,0
2022-05-12 09:15:00+05:30,53608.35,53624.91,53050.96,53127.51,0,0
2022-05-12 09:45:00+05:30,53128.86,53259.81,53106.72,53170.17,0,0
2022-05-12 10:15:00+05:30,53169.84,53354.64,53117.28,53273.44,0,0
2022-05-12 10:45:00+05:30,53276.98,53292.16,53021.47,53021.47,0,0
2022-05-12 11:15:00+05:30,53021.02,53193.43,52994.75,53158.37,0,0
2022-05-12 11:45:00+05:30,53159.25,53189.68,53039.81,53188.98,0,0
2022-05-12 12:15:00+05:30,53189.52,53202.58,52957.37,53095.3,0,0
2022-05-12 12:45:00+05:30,53095.51,53126.31,52931.02,53018.79,0,0
2022-05-12 13:15:00+05:30,53022.84,53211.94,53022.83,53132.23,0,0
2022-05-12 13:45:00+05:30,53131.98,53151.62,52869.53,52899.65,0,0
2022-05-12 14:15:00+05:30,52902.53,52915.97,52702.3,52852.1,0,0
2022-05-12 14:45:00+05:30,52852.06,53044.88,52781.96,52959.2,0,0
2022-05-12 15:15:00+05:30,52966.59,52997.15,52910.06,52983.3,0,0
2022-05-13 09:15:00+05:30,53565.74,53625.13,53260.44,53377.11,0,0
2022-05-13 09:45:00+05:30,53378.23,53384.71,53140.46,53151.77,0,0
2022-05-13 10:15:00+05:30,53150.29,53435.59,53132.43,53405.25,0,0
2022-05-13 10:45:00+05:30,53407.22,53540.03,53373.95,53511.29,0,0
2022-05-13 11:15:00+05:30,53513.06,53593.72,53387.62,53547.22,0,0
2022-05-13 11:45:00+05:30,53549.94,53695.15,53520.45,53592.17,0,0
2022-05-13 12:15:00+05:30,53592.48,53671.42,53502.66,53617.1,0,0
2022-05-13 12:45:00+05:30,53616.95,53759.19,53554.26,53757.8,0,0
2022-05-13 13:15:00+05:30,53759.56,53785.71,53608.58,53660.89,0,0
2022-05-13 13:45:00+05:30,53661.26,53692.98,53295.87,53324.93,0,0
2022-05-13 14:15:00+05:30,53326.69,53366.64,52994.96,53029.6,0,0
2022-05-13 14:45:00+05:30,53029.44,53119.94,52657.41,52695.25,0,0
2022-05-13 15:15:00+05:30,52697.74,52826.77,52694.2,52753.82,0,0
2022-05-16 09:15:00+05:30,52946.32,53323.68,52636.6,53257.0,0,0
2022-05-16 09:45:00+05:30,53257.62,53427.37,53228.08,53322.32,0,0
2022-05-16 10:15:00+05:30,53319.27,53350.07,53206.19,53279.43,0,0
2022-05-16 10:45:00+05:30,53278.7,53308.87,53130.15,53280.87,0,0
2022-05-16 11:15:00+05:30,53280.47,53298.11,53007.47,53060.74,0,0
2022-05-16 11:45:00+05:30,53060.04,53079.65,52870.86,52895.08,0,0
2022-05-16 12:15:00+05:30,52895.58,53058.18,52777.81,52807.69,0,0
2022-05-16 12:45:00+05:30,52806.44,52969.3,52730.16,52874.17,0,0
2022-05-16 13:15:00+05:30,52874.01,53101.05,52840.74,53081.19,0,0
2022-05-16 13:45:00+05:30,53081.21,53188.24,52979.19,53090.45,0,0
2022-05-16 14:15:00+05:30,53089.43,53173.25,52973.0,53141.41,0,0
2022-05-16 14:45:00+05:30,53141.89,53184.5,52868.33,52902.35,0,0
2022-05-16 15:15:00+05:30,52902.76,53051.9,52889.14,53049.94,0,0
2022-05-17 09:15:00+05:30,53285.19,53397.93,53176.02,53351.63,0,0
2022-05-17 09:45:00+05:30,53354.09,53434.18,53212.1,53425.48,0,0
2022-05-17 10:15:00+05:30,53428.44,53725.81,53428.44,53722.25,0,0
2022-05-17 10:45:00+05:30,53722.46,53853.68,53705.89,53735.68,0,0
2022-05-17 11:15:00+05:30,53731.3,53991.26,53711.42,53953.91,0,0
2022-05-17 11:45:00+05:30,53956.37,53968.69,53821.9,53830.43,0,0
2022-05-17 12:15:00+05:30,53829.58,53954.6,53823.28,53915.38,0,0
2022-05-17 12:45:00+05:30,53915.38,54014.31,53906.24,54011.47,0,0
2022-05-17 13:15:00+05:30,54011.99,54057.48,53874.0,53979.82,0,0
2022-05-17 13:45:00+05:30,53980.04,54158.45,53917.89,54158.45,0,0
2022-05-17 14:15:00+05:30,54161.65,54251.02,54083.78,54237.06,0,0
2022-05-17 14:45:00+05:30,54235.64,54331.73,54193.72,54269.31,0,0
2022-05-17 15:15:00+05:30,54264.29,54399.04,54259.88,54385.09,0,0
2022-05-18 09:15:00+05:30,54554.89,54773.29,54413.66,54753.96,0,0
2022-05-18 09:45:00+05:30,54754.8,54784.28,54471.87,54576.77,0,0
2022-05-18 10:15:00+05:30,54579.31,54691.44,54460.7,54682.05,0,0
2022-05-18 10:45:00+05:30,54682.78,54685.87,54455.39,54539.08,0,0
2022-05-18 11:15:00+05:30,54539.6,54645.49,54506.59,54599.89,0,0
2022-05-18 11:45:00+05:30,54601.42,54637.83,54514.99,54531.8,0,0
2022-05-18 12:15:00+05:30,54530.55,54532.31,54166.79,54202.69,0,0
2022-05-18 12:45:00+05:30,54202.35,54317.81,54131.04,54275.82,0,0
2022-05-18 13:15:00+05:30,54276.39,54610.17,54178.13,54585.49,0,0
2022-05-18 13:45:00+05:30,54584.31,54591.79,54269.21,54292.82,0,0
2022-05-18 14:15:00+05:30,54293.98,54361.31,54226.92,54325.84,0,0
2022-05-18 14:45:00+05:30,54325.52,54389.69,54161.16,54194.31,0,0
2022-05-18 15:15:00+05:30,54192.3,54276.52,54184.7,54263.64,0,0
2022-05-19 09:15:00+05:30,53070.3,53348.74,53070.3,53140.96,0,0
2022-05-19 09:45:00+05:30,53139.36,53286.88,53087.14,53243.43,0,0
2022-05-19 10:15:00+05:30,53241.79,53264.45,53176.63,53195.06,0,0
2022-05-19 10:45:00+05:30,53195.16,53267.83,53140.98,53184.67,0,0
2022-05-19 11:15:00+05:30,53187.48,53187.48,52987.02,53047.25,0,0
2022-05-19 11:45:00+05:30,53046.49,53056.97,52953.1,52953.17,0,0
2022-05-19 12:15:00+05:30,52953.97,53023.21,52898.47,52898.54,0,0
2022-05-19 12:45:00+05:30,52898.61,52923.91,52803.25,52843.72,0,0
2022-05-19 13:15:00+05:30,52843.46,52967.93,52828.58,52925.4,0,0
2022-05-19 13:45:00+05:30,52926.17,52966.41,52819.65,52819.65,0,0
2022-05-19 14:15:00+05:30,52818.24,52875.93,52710.0,52710.0,0,0
2022-05-19 14:45:00+05:30,52711.26,52842.55,52669.51,52703.06,0,0
2022-05-19 15:15:00+05:30,52697.78,52893.83,52696.76,52849.51,0,0
2022-05-20 09:15:00+05:30,53513.97,53846.87,53405.18,53773.24,0,0
2022-05-20 09:45:00+05:30,53773.66,53992.65,53772.43,53915.68,0,0
2022-05-20 10:15:00+05:30,53915.68,53978.24,53868.56,53954.67,0,0
2022-05-20 10:45:00+05:30,53952.11,54051.24,53897.49,54002.94,0,0
2022-05-20 11:15:00+05:30,54003.47,54058.44,53964.7,54040.42,0,0
2022-05-20 11:45:00+05:30,54041.64,54109.43,53859.31,53898.51,0,0
2022-05-20 12:15:00+05:30,53897.59,54001.11,53801.16,54001.11,0,0
2022-05-20 12:45:00+05:30,54000.62,54144.58,53929.19,54111.21,0,0
2022-05-20 13:15:00+05:30,54111.85,54169.03,54059.63,54083.12,0,0
2022-05-20 13:45:00+05:30,54084.31,54152.58,54042.14,54152.58,0,0
2022-05-20 14:15:00+05:30,54154.88,54222.9,54034.83,54160.37,0,0
2022-05-20 14:45:00+05:30,54158.09,54381.38,54141.44,54377.33,0,0
2022-05-20 15:15:00+05:30,54374.41,54389.02,54280.51,54387.36,0,0
2022-05-23 09:15:00+05:30,54459.95,54632.4,54191.84,54408.79,0,0
2022-05-23 09:45:00+05:30,54408.98,54664.44,54408.98,54642.06,0,0
2022-05-23 10:15:00+05:30,54642.68,54652.63,54538.39,54620.51,0,0
2022-05-23 10:45:00+05:30,54620.12,54719.25,54591.05,54666.7,0,0
2022-05-23 11:15:00+05:30,54666.39,54826.77,54661.92,54773.89,0,0
2022-05-23 11:45:00+05:30,54773.77,54808.59,54734.98,54798.38,0,0
2022-05-23 12:15:00+05:30,54798.38,54849.01,54664.51,54713.28,0,0
2022-05-23 12:45:00+05:30,54713.93,54780.76,54679.71,54709.04,0,0
2022-05-23 13:15:00+05:30,54707.91,54930.66,54704.63,54803.39,0,0
2022-05-23 13:45:00+05:30,54802.74,54821.73,54383.2,54422.38,0,0
2022-05-23 14:15:00+05:30,54418.97,54495.4,54349.01,54414.78,0,0
2022-05-23 14:45:00+05:30,54414.27,54498.75,54250.98,54291.82,0,0
2022-05-23 15:15:00+05:30,54292.7,54324.5,54202.16,54235.95,0,0
2022-05-24 09:15:00+05:30,54307.56,54461.8,54116.95,54175.29,0,0
2022-05-24 09:45:00+05:30,54176.98,54250.18,54060.25,54112.65,0,0
2022-05-24 10:15:00+05:30,54112.46,54245.09,54021.27,54147.95,0,0
2022-05-24 10:45:00+05:30,54147.49,54224.38,54131.82,54137.9,0,0
2022-05-24 11:15:00+05:30,54137.42,54377.69,54116.44,54377.69,0,0
2022-05-24 11:45:00+05:30,54379.98,54461.11,54233.77,54320.33,0,0
2022-05-24 12:15:00+05:30,54321.57,54455.25,54302.53,54408.91,0,0
2022-05-24 12:45:00+05:30,54408.91,54524.21,54163.95,54177.78,0,0
2022-05-24 13:15:00+05:30,54177.11,54303.93,54133.65,54266.14,0,0
2022-05-24 13:45:00+05:30,54265.2,54276.08,54115.8,54138.85,0,0
2022-05-24 14:15:00+05:30,54138.85,54188.22,53900.78,53977.52,0,0
2022-05-24 14:45:00+05:30,53976.88,54136.29,53886.29,53999.78,0,0
2022-05-24 15:15:00+05:30,53999.75,54095.49,53999.75,54085.61,0,0
2022-05-25 09:15:00+05:30,54254.07,54377.44,54159.01,54173.96,0,0
2022-05-25 09:45:00+05:30,54173.81,54199.96,54038.5,54077.99,0,0
2022-05-25 10:15:00+05:30,54076.89,54154.79,54016.46,54101.69,0,0
2022-05-25 10:45:00+05:30,54102.97,54198.08,54091.27,54197.37,0,0
2022-05-25 11:15:00+05:30,54198.92,54205.35,53966.7,53982.51,0,0
2022-05-25 11:45:00+05:30,53978.49,53981.61,53835.01,53910.77,0,0
2022-05-25 12:15:00+05:30,53910.37,53995.58,53878.62,53878.62,0,0
2022-05-25 12:45:00+05:30,53877.39,53906.54,53783.71,53870.23,0,0
2022-05-25 13:15:00+05:30,53872.08,53893.25,53710.85,53737.68,0,0
2022-05-25 13:45:00+05:30,53737.68,53965.84,53687.8,53942.46,0,0
2022-05-25 14:15:00+05:30,53941.0,53985.85,53792.89,53795.27,0,0
2022-05-25 14:45:00+05:30,53793.53,53800.6,53683.31,53747.25,0,0
2022-05-25 15:15:00+05:30,53750.43,53808.93,53734.2,53789.87,0,0
2022-05-26 09:15:00+05:30,53950.84,54098.19,53853.27,53856.8,0,0
2022-05-26 09:45:00+05:30,53856.01,53965.3,53795.38,53812.21,0,0
2022-05-26 10:15:00+05:30,53812.79,53866.8,53523.98,53561.52,0,0
2022-05-26 10:45:00+05:30,53562.64,53564.53,53459.37,53519.17,0,0
2022-05-26 11:15:00+05:30,53519.67,53570.29,53425.25,53446.13,0,0
2022-05-26 11:45:00+05:30,53447.92,53556.13,53445.05,53545.23,0,0
2022-05-26 12:15:00+05:30,53546.01,53612.01,53459.94,53591.39,0,0
2022-05-26 12:45:00+05:30,53591.74,54007.02,53565.29,54006.34,0,0
2022-05-26 13:15:00+05:30,54010.49,54247.95,54010.49,54175.11,0,0
2022-05-26 13:45:00+05:30,54173.17,54183.15,53905.18,53992.33,0,0
2022-05-26 14:15:00+05:30,53991.69,54199.01,53989.62,54158.56,0,0
2022-05-26 14:45:00+05:30,54160.25,54301.81,54114.16,54230.67,0,0
2022-05-26 15:15:00+05:30,54237.59,54345.88,54237.59,54333.25,0,0
2022-05-27 09:15:00+05:30,54671.5,54791.59,54594.59,54744.83,0,0
2022-05-27 09:45:00+05:30,54743.33,54759.21,54518.45,54611.83,0,0
2022-05-27 10:15:00+05:30,54611.3,54656.89,54473.94,54610.84,0,0
2022-05-27 10:45:00+05:30,54610.84,54626.18,54464.77,54529.84,0,0
2022-05-27 11:15:00+05:30,54528.91,54619.52,54475.91,54545.24,0,0
2022-05-27 11:45:00+05:30,54544.46,54591.6,54452.71,54488.14,0,0
2022-05-27 12:15:00+05:30,54488.08,54710.22,54468.16,54682.74,0,0
2022-05-27 12:45:00+05:30,54682.35,54779.86,54624.16,54760.59,0,0
2022-05-27 13:15:00+05:30,54761.95,54880.92,54746.19,54874.25,0,0
2022-05-27 13:45:00+05:30,54873.69,54933.77,54671.8,54837.42,0,0
2022-05-27 14:15:00+05:30,54837.42,54853.27,54689.09,54719.69,0,0
2022-05-27 14:45:00+05:30,54719.16,54900.66,54705.93,54851.73,0,0
2022-05-27 15:15:00+05:30,54856.82,54936.63,54847.62,54906.95,0,0
2022-05-30 09:15:00+05:30,55507.75,55771.9,55477.25,55704.25,0,0
2022-05-30 09:45:00+05:30,55703.34,55849.01,55699.46,55817.5,0,0
2022-05-30 10:15:00+05:30,55821.85,55887.16,55767.41,55879.02,0,0
2022-05-30 10:45:00+05:30,55879.22,56051.23,55842.23,56045.96,0,0
2022-05-30 11:15:00+05:30,56047.43,56081.68,55958.07,56072.78,0,0
2022-05-30 11:45:00+05:30,56073.03,56078.89,55964.23,55977.08,0,0
2022-05-30 12:15:00+05:30,55975.62,55996.57,55885.03,55961.43,0,0
2022-05-30 12:45:00+05:30,55961.23,55996.33,55871.43,55976.34,0,0
2022-05-30 13:15:00+05:30,55975.68,55981.9,55910.85,55934.71,0,0
2022-05-30 13:45:00+05:30,55934.9,55950.16,55824.21,55828.5,0,0
2022-05-30 14:15:00+05:30,55827.67,55905.34,55776.95,55823.67,0,0
2022-05-30 14:45:00+05:30,55817.09,55952.98,55806.9,55919.74,0,0
2022-05-30 15:15:00+05:30,55921.96,55971.42,55894.82,55946.49,0,0
2022-05-31 09:15:00+05:30,55622.01,55642.11,55387.31,55528.13,0,0
2022-05-31 09:45:00+05:30,55530.58,55628.77,55503.02,55613.2,0,0
2022-05-31 10:15:00+05:30,55614.35,55808.6,55564.78,55799.07,0,0
2022-05-31 10:45:00+05:30,55798.37,55889.97,55760.69,55833.67,0,0
2022-05-31 11:15:00+05:30,55837.87,55855.57,55765.45,55766.76,0,0
2022-05-31 11:45:00+05:30,55765.31,55896.6,55703.68,55848.6,0,0
2022-05-31 12:15:00+05:30,55850.97,55877.18,55734.6,55760.19,0,0
2022-05-31 12:45:00+05:30,55758.24,55781.23,55647.37,55699.02,0,0
2022-05-31 13:15:00+05:30,55699.14,55866.4,55698.67,55830.75,0,0
2022-05-31 13:45:00+05:30,55830.94,55925.09,55818.68,55864.48,0,0
2022-05-31 14:15:00+05:30,55861.09,55891.52,55753.79,55794.43,0,0
2022-05-31 14:45:00+05:30,55794.62,55849.3,55471.46,55474.13,0,0
2022-05-31 15:15:00+05:30,55475.47,55537.24,55369.14,55517.03,0,0
2022-06-01 09:15:00+05:30,55588.27,55788.59,55511.5,55514.17,0,0
2022-06-01 09:45:00+05:30,55513.67,55612.46,55408.26,55549.63,0,0
2022-06-01 10:15:00+05:30,55549.87,55742.05,55549.87,55690.9,0,0
2022-06-01 10:45:00+05:30,55690.13,55706.37,55580.61,55612.69,0,0
2022-06-01 11:15:00+05:30,55613.07,55693.56,55545.24,55672.32,0,0
2022-06-01 11:45:00+05:30,55672.32,55719.21,55582.39,55616.35,0,0
2022-06-01 12:15:00+05:30,55616.23,55617.18,55522.29,55587.7,0,0
2022-06-01 12:45:00+05:30,55588.52,55611.87,55471.26,55472.77,0,0
2022-06-01 13:15:00+05:30,55473.19,55489.94,55258.49,55259.84,0,0
2022-06-01 13:45:00+05:30,55259.89,55382.15,55188.56,55198.31,0,0
2022-06-01 14:15:00+05:30,55201.39,55268.09,55109.4,55125.59,0,0
2022-06-01 14:45:00+05:30,55125.16,55390.46,55092.76,55390.46,0,0
2022-06-01 15:15:00+05:30,55388.58,55461.01,55384.39,55452.97,0,0
2022-06-02 09:15:00+05:30,55382.44,55451.0,55135.11,55314.73,0,0
2022-06-02 09:45:00+05:30,55318.01,55515.48,55312.36,55489.02,0,0
2022-06-02 10:15:00+05:30,55489.92,55644.96,55438.83,55547.33,0,0
2022-06-02 10:45:00+05:30,55547.03,55556.45,55355.0,55438.88,0,0
2022-06-02 11:15:00+05:30,55437.29,55579.35,55419.13,55530.47,0,0
2022-06-02 11:45:00+05:30,55533.49,55596.17,55489.18,55559.05,0,0
2022-06-02 12:15:00+05:30,55551.56,55716.06,55545.06,55646.95,0,0
2022-06-02 12:45:00+05:30,55646.95,55690.49,55594.84,55628.26,0,0
2022-06-02 13:15:00+05:30,55628.31,55745.15,55536.21,55743.85,0,0
2022-06-02 13:45:00+05:30,55743.85,55828.83,55702.2,55811.62,0,0
2022-06-02 14:15:00+05:30,55813.83,55865.13,55755.63,55792.61,0,0
2022-06-02 14:45:00+05:30,55792.35,55891.92,55712.4,55833.45,0,0
2022-06-02 15:15:00+05:30,55832.95,55857.27,55806.41,55853.76,0,0
2022-06-03 09:15:00+05:30,56245.6,56432.45,56245.6,56358.53,0,0
2022-06-03 09:45:00+05:30,56353.42,56428.46,56296.49,56334.85,0,0
2022-06-03 10:15:00+05:30,56332.81,56362.32,56219.79,56237.94,0,0
2022-06-03 10:45:00+05:30,56234.57,56319.09,56200.68,56275.92,0,0
2022-06-03 11:15:00+05:30,56273.71,56371.85,56255.42,56370.97,0,0
2022-06-03 11:45:00+05:30,56367.69,56387.91,56329.52,56370.29,0,0
2022-06-03 12:15:00+05:30,56370.74,56388.5,56172.76,56283.34,0,0
2022-06-03 12:45:00+05:30,56283.34,56295.44,56164.59,56244.2,0,0
2022-06-03 13:15:00+05:30,56243.83,56260.95,56104.69,56113.86,0,0
2022-06-03 13:45:00+05:30,56118.09,56244.1,56054.64,56216.61,0,0
2022-06-03 14:15:00+05:30,56216.61,56240.47,55926.28,56021.8,0,0
2022-06-03 14:45:00+05:30,56025.77,56025.77,55719.83,55740.36,0,0
2022-06-03 15:15:00+05:30,55746.0,55861.17,55722.06,55765.02,0,0
2022-06-06 09:15:00+05:30,55610.64,55760.14,55297.71,55395.98,0,0
2022-06-06 09:45:00+05:30,55395.96,55627.26,55392.77,55477.47,0,0
2022-06-06 10:15:00+05:30,55481.41,55588.77,55424.23,55480.31,0,0
2022-06-06 10:45:00+05:30,55479.8,55556.03,55448.02,55488.84,0,0
2022-06-06 11:15:00+05:30,55488.98,55505.19,55408.76,55472.58,0,0
2022-06-06 11:45:00+05:30,55472.07,55670.83,55430.92,55670.83,0,0
2022-06-06 12:15:00+05:30,55670.83,55690.36,55583.11,55677.81,0,0
2022-06-06 12:45:00+05:30,55678.33,55753.99,55648.92,55657.43,0,0
2022-06-06 13:15:00+05:30,55656.66,55765.56,55629.39,55763.91,0,0
2022-06-06 13:45:00+05:30,55763.45,55832.28,55736.67,55824.27,0,0
2022-06-06 14:15:00+05:30,55824.27,55824.27,55652.8,55745.38,0,0
2022-06-06 14:45:00+05:30,55745.42,55809.16,55641.29,55704.28,0,0
2022-06-06 15:15:00+05:30,55704.8,55704.8,55623.68,55657.9,0,0
2022-06-07 09:15:00+05:30,55373.18,55373.18,55119.9,55169.06,0,0
2022-06-07 09:45:00+05:30,55168.57,55171.08,55031.83,55154.82,0,0
2022-06-07 10:15:00+05:30,55160.52,55225.94,55092.96,55120.37,0,0
2022-06-07 10:45:00+05:30,55120.85,55146.69,54980.95,54983.71,0,0
2022-06-07 11:15:00+05:30,54981.95,55002.62,54883.96,54979.66,0,0
2022-06-07 11:45:00+05:30,54979.62,55071.63,54971.73,55012.48,0,0
2022-06-07 12:15:00+05:30,55012.48,55128.14,54997.73,55111.03,0,0
2022-06-07 12:45:00+05:30,55110.97,55118.53,54998.99,55051.35,0,0
2022-06-07 13:15:00+05:30,55051.35,55122.09,55025.34,55061.06,0,0
2022-06-07 13:45:00+05:30,55061.23,55087.83,54993.78,55006.58,0,0
2022-06-07 14:15:00+05:30,55007.77,55161.99,55001.85,55037.47,0,0
2022-06-07 14:45:00+05:30,55037.67,55144.95,54987.57,55118.65,0,0
2022-06-07 15:15:00+05:30,55118.33,55136.41,55058.13,55082.42,0,0
2022-06-08 09:15:00+05:30,55345.51,55345.51,54885.17,54935.54,0,0
2022-06-08 09:45:00+05:30,54935.84,54996.39,54685.51,54946.45,0,0
2022-06-08 10:15:00+05:30,54945.54,55355.33,54890.46,55348.2,0,0
2022-06-08 10:45:00+05:30,55348.63,55423.97,55138.15,55151.8,0,0
2022-06-08 11:15:00+05:30,55151.8,55245.69,55136.42,55166.04,0,0
2022-06-08 11:45:00+05:30,55166.04,55336.07,55165.7,55310.13,0,0
2022-06-08 12:15:00+05:30,55308.38,55334.4,55209.74,55258.91,0,0
2022-06-08 12:45:00+05:30,55259.71,55273.06,55041.59,55045.64,0,0
2022-06-08 13:15:00+05:30,55046.12,55046.12,54786.29,54903.92,0,0
2022-06-08 13:45:00+05:30,54902.15,54950.76,54847.18,54860.17,0,0
2022-06-08 14:15:00+05:30,54860.45,54917.56,54741.88,54811.55,0,0
2022-06-08 14:45:00+05:30,54812.01,54964.61,54744.93,54900.24,0,0
2022-06-08 15:15:00+05:30,54903.59,54915.52,54824.55,54827.42,0,0
2022-06-09 09:15:00+05:30,54514.17,54790.07,54510.05,54780.11,0,0
2022-06-09 09:45:00+05:30,54778.82,54812.91,54714.25,54721.71,0,0
2022-06-09 10:15:00+05:30,54721.67,54968.95,54692.75,54962.5,0,0
2022-06-09 10:45:00+05:30,54962.16,55008.6,54887.86,54941.3,0,0
2022-06-09 11:15:00+05:30,54939.99,54940.16,54842.79,54913.33,0,0
2022-06-09 11:45:00+05:30,54913.3,54961.52,54847.29,54951.06,0,0
2022-06-09 12:15:00+05:30,54950.76,55106.53,54929.64,55054.87,0,0
2022-06-09 12:45:00+05:30,55053.34,55054.98,54823.14,54880.53,0,0
2022-06-09 13:15:00+05:30,54879.81,54957.85,54865.92,54930.48,0,0
2022-06-09 13:45:00+05:30,54929.87,55032.45,54926.73,55011.75,0,0
2022-06-09 14:15:00+05:30,55011.75,55206.97,54961.93,55205.44,0,0
2022-06-09 14:45:00+05:30,55205.05,55320.77,55174.73,55314.69,0,0
2022-06-09 15:15:00+05:30,55313.09,55366.58,55305.46,55337.87,0,0
2022-06-10 09:15:00+05:30,54760.25,54778.18,54553.5,54635.57,0,0
2022-06-10 09:45:00+05:30,54633.3,54672.5,54533.25,54563.87,0,0
2022-06-10 10:15:00+05:30,54564.48,54691.04,54548.88,54676.41,0,0
2022-06-10 10:45:00+05:30,54677.94,54700.58,54602.25,54602.67,0,0
2022-06-10 11:15:00+05:30,54601.78,54606.11,54455.96,54496.02,0,0
2022-06-10 11:45:00+05:30,54495.81,54523.47,54425.21,54507.57,0,0
2022-06-10 12:15:00+05:30,54508.1,54510.59,54372.11,54399.17,0,0
2022-06-10 12:45:00+05:30,54398.68,54444.26,54342.25,54362.88,0,0
2022-06-10 13:15:00+05:30,54362.88,54408.06,54296.52,54374.92,0,0
2022-06-10 13:45:00+05:30,54375.25,54428.67,54242.44,54270.07,0,0
2022-06-10 14:15:00+05:30,54270.65,54300.01,54205.99,54257.29,0,0
2022-06-10 14:45:00+05:30,54258.41,54393.57,54258.27,54336.16,0,0
2022-06-10 15:15:00+05:30,54336.2,54346.93,54224.57,54265.36,0,0
2022-06-13 09:15:00+05:30,53184.61,53189.57,52793.2,52832.76,0,0
2022-06-13 09:45:00+05:30,52826.31,52903.66,52766.18,52812.91,0,0
2022-06-13 10:15:00+05:30,52814.26,52910.53,52736.19,52859.03,0,0
2022-06-13 10:45:00+05:30,52855.7,52960.43,52829.52,52931.5,0,0
2022-06-13 11:15:00+05:30,52931.39,52985.84,52861.74,52874.18,0,0
2022-06-13 11:45:00+05:30,52874.29,52902.91,52852.02,52890.87,0,0
2022-06-13 12:15:00+05:30,52897.3,52933.77,52798.3,52832.39,0,0
2022-06-13 12:45:00+05:30,52833.08,52848.7,52731.11,52765.15,0,0
2022-06-13 13:15:00+05:30,52762.58,52835.65,52706.66,52706.66,0,0
2022-06-13 13:45:00+05:30,52706.71,52721.67,52528.76,52573.11,0,0
2022-06-13 14:15:00+05:30,52572.67,52825.15,52539.1,52780.5,0,0
2022-06-13 14:45:00+05:30,52777.62,52852.29,52714.69,52823.4,0,0
2022-06-13 15:15:00+05:30,52823.36,52951.9,52823.36,52917.48,0,0
2022-06-14 09:15:00+05:30,52495.94,52797.34,52460.82,52733.54,0,0
2022-06-14 09:45:00+05:30,52737.15,52863.49,52732.49,52779.85,0,0
2022-06-14 10:15:00+05:30,52781.7,52975.12,52777.02,52964.1,0,0
2022-06-14 10:45:00+05:30,52965.08,53078.48,52910.25,53071.95,0,0
2022-06-14 11:15:00+05:30,53071.59,53094.81,53000.07,53000.48,0,0
2022-06-14 11:45:00+05:30,53000.58,53010.21,52944.85,52973.34,0,0
2022-06-14 12:15:00+05:30,52973.41,52991.81,52791.19,52799.17,0,0
2022-06-14 12:45:00+05:30,52803.84,52818.35,52643.98,52814.18,0,0
2022-06-14 13:15:00+05:30,52814.74,52922.6,52752.94,52776.49,0,0
2022-06-14 13:45:00+05:30,52778.74,52787.77,52593.42,52593.42,0,0
2022-06-14 14:15:00+05:30,52592.26,52677.3,52502.89,52610.64,0,0
2022-06-14 14:45:00+05:30,52610.15,52702.98,52596.07,52671.99,0,0
2022-06-14 15:15:00+05:30,52674.17,52782.33,52653.97,52723.96,0,0
2022-06-15 09:15:00+05:30,52650.41,52815.7,52544.25,52552.06,0,0
2022-06-15 09:45:00+05:30,52551.51,52744.88,52538.51,52739.64,0,0
2022-06-15 10:15:00+05:30,52742.54,52792.47,52617.8,52658.1,0,0
2022-06-15 10:45:00+05:30,52660.84,52666.77,52556.72,52607.96,0,0
2022-06-15 11:15:00+05:30,52606.86,52720.36,52588.03,52685.16,0,0
2022-06-15 11:45:00+05:30,52684.03,52749.36,52661.91,52705.5,0,0
2022-06-15 12:15:00+05:30,52704.92,52847.6,52658.11,52820.41,0,0
2022-06-15 12:45:00+05:30,52822.35,52867.49,52701.47,52812.27,0,0
2022-06-15 13:15:00+05:30,52811.39,52822.23,52703.26,52760.93,0,0
2022-06-15 13:45:00+05:30,52761.36,52831.94,52719.87,52720.55,0,0
2022-06-15 14:15:00+05:30,52719.27,52733.89,52615.26,52685.07,0,0
2022-06-15 14:45:00+05:30,52686.3,52686.3,52494.97,52536.31,0,0
2022-06-15 15:15:00+05:30,52535.77,52556.88,52501.06,52529.6,0,0
2022-06-16 09:15:00+05:30,53018.91,53141.0,52880.93,52901.3,0,0
2022-06-16 09:45:00+05:30,52900.8,52959.79,52806.88,52814.67,0,0
2022-06-16 10:15:00+05:30,52817.38,52828.14,52655.64,52668.58,0,0
2022-06-16 10:45:00+05:30,52668.03,52770.89,52575.51,52612.89,0,0
2022-06-16 11:15:00+05:30,52612.93,52613.55,52290.74,52352.05,0,0
2022-06-16 11:45:00+05:30,52348.5,52363.4,52107.56,52199.72,0,0
2022-06-16 12:15:00+05:30,52196.31,52333.83,52073.22,52140.44,0,0
2022-06-16 12:45:00+05:30,52138.38,52138.38,51848.46,51873.83,0,0
2022-06-16 13:15:00+05:30,51875.87,51929.34,51524.76,51730.18,0,0
2022-06-16 13:45:00+05:30,51726.1,51823.47,51622.86,51630.79,0,0
2022-06-16 14:15:00+05:30,51628.76,51709.76,51438.91,51490.78,0,0
2022-06-16 14:45:00+05:30,51492.55,51634.92,51434.47,51491.15,0,0
2022-06-16 15:15:00+05:30,51492.63,51506.92,51428.77,51478.71,0,0
2022-06-17 09:15:00+05:30,51181.99,51562.14,50921.98,51458.24,0,0
2022-06-17 09:45:00+05:30,51463.32,51631.67,51238.41,51322.71,0,0
2022-06-17 10:15:00+05:30,51320.81,51467.39,51288.43,51377.23,0,0
2022-06-17 10:45:00+05:30,51374.76,51413.75,51311.71,51352.75,0,0
2022-06-17 11:15:00+05:30,51351.41,51393.51,51044.03,51089.49,0,0
2022-06-17 11:45:00+05:30,51090.48,51228.36,51079.51,51219.14,0,0
2022-06-17 12:15:00+05:30,51219.14,51394.08,51175.54,51293.51,0,0
2022-06-17 12:45:00+05:30,51294.25,51418.99,51161.35,51244.62,0,0
2022-06-17 13:15:00+05:30,51242.3,51434.87,51216.41,51379.24,0,0
2022-06-17 13:45:00+05:30,51380.36,51535.69,51301.26,51411.11,0,0
2022-06-17 14:15:00+05:30,51407.62,51473.25,51201.66,51463.38,0,0
2022-06-17 14:45:00+05:30,51467.19,51652.62,51226.92,51262.24,0,0
2022-06-17 15:15:00+05:30,51259.98,51493.59,51205.9,51491.0,0,0
2022-06-20 09:15:00+05:30,51470.03,51605.04,51081.53,51099.16,0,0
2022-06-20 09:45:00+05:30,51098.12,51509.08,51063.22,51422.23,0,0
2022-06-20 10:15:00+05:30,51418.35,51527.02,51258.88,51435.6,0,0
2022-06-20 10:45:00+05:30,51440.99,51446.97,51289.39,51418.34,0,0
2022-06-20 11:15:00+05:30,51418.57,51496.6,51357.84,51496.6,0,0
2022-06-20 11:45:00+05:30,51500.54,51632.72,51481.81,51546.45,0,0
2022-06-20 12:15:00+05:30,51546.45,51714.3,51546.04,51659.13,0,0
2022-06-20 12:45:00+05:30,51659.13,51663.49,51477.17,51520.71,0,0
2022-06-20 13:15:00+05:30,51521.24,51545.37,51365.44,51463.21,0,0
2022-06-20 13:45:00+05:30,51462.77,51497.43,51339.09,51458.93,0,0
2022-06-20 14:15:00+05:30,51458.93,51513.82,51330.33,51356.78,0,0
2022-06-20 14:45:00+05:30,51356.68,51634.73,51286.75,51614.59,0,0
2022-06-20 15:15:00+05:30,51612.65,51703.07,51602.53,51667.57,0,0
2022-06-21 09:15:00+05:30,51897.6,52034.31,51809.37,51993.65,0,0
2022-06-21 09:45:00+05:30,51994.58,52296.91,51993.5,52258.67,0,0
2022-06-21 10:15:00+05:30,52258.78,52381.85,52212.65,52342.2,0,0
2022-06-21 10:45:00+05:30,52341.85,52398.94,52301.39,52398.94,0,0
2022-06-21 11:15:00+05:30,52398.45,52485.95,52297.55,52454.84,0,0
2022-06-21 11:45:00+05:30,52454.31,52476.55,52367.26,52370.78,0,0
2022-06-21 12:15:00+05:30,52371.7,52501.07,52370.54,52499.92,0,0
2022-06-21 12:45:00+05:30,52501.55,52704.92,52501.55,52701.65,0,0
2022-06-21 13:15:00+05:30,52702.66,52749.73,52638.79,52679.47,0,0
2022-06-21 13:45:00+05:30,52677.96,52799.4,52605.97,52731.34,0,0
2022-06-21 14:15:00+05:30,52732.29,52777.88,52559.27,52574.82,0,0
2022-06-21 14:45:00+05:30,52575.9,52636.68,52477.95,52526.42,0,0
2022-06-21 15:15:00+05:30,52526.75,52581.35,52473.49,52495.17,0,0
2022-06-22 09:15:00+05:30,52186.36,52271.64,51921.93,51945.89,0,0
2022-06-22 09:45:00+05:30,51949.31,52050.79,51881.4,51933.63,0,0
2022-06-22 10:15:00+05:30,51934.93,52190.65,51908.77,52100.75,0,0
2022-06-22 10:45:00+05:30,52103.65,52222.22,52042.66,52084.47,0,0
2022-06-22 11:15:00+05:30,52083.71,52151.64,52020.93,52060.49,0,0
2022-06-22 11:45:00+05:30,52063.89,52073.26,51977.31,52015.94,0,0
2022-06-22 12:15:00+05:30,52015.45,52076.82,51863.49,51920.16,0,0
2022-06-22 12:45:00+05:30,51919.81,51955.81,51825.5,51875.34,0,0
2022-06-22 13:15:00+05:30,51873.07,51876.33,51740.96,51845.35,0,0
2022-06-22 13:45:00+05:30,51845.66,52001.43,51805.06,51958.96,0,0
2022-06-22 14:15:00+05:30,51958.96,51996.92,51854.44,51909.45,0,0
2022-06-22 14:45:00+05:30,51909.91,52017.8,51806.7,51840.63,0,0
2022-06-22 15:15:00+05:30,51842.59,51858.64,51765.23,51788.73,0,0
2022-06-23 09:15:00+05:30,51972.75,52270.86,51810.68,52262.31,0,0
2022-06-23 09:45:00+05:30,52259.81,52406.13,52259.81,52405.37,0,0
2022-06-23 10:15:00+05:30,52402.54,52440.25,52345.64,52351.59,0,0
2022-06-23 10:45:00+05:30,52350.57,52516.79,52333.56,52454.64,0,0
2022-06-23 11:15:00+05:30,52454.43,52504.77,52362.95,52364.9,0,0
2022-06-23 11:45:00+05:30,52364.51,52364.51,52118.33,52198.47,0,0
2022-06-23 12:15:00+05:30,52199.14,52206.25,51936.79,51974.48,0,0
2022-06-23 12:45:00+05:30,51976.58,51976.58,51633.3,51690.93,0,0
2022-06-23 13:15:00+05:30,51692.96,52236.34,51673.84,52223.25,0,0
2022-06-23 13:45:00+05:30,52225.61,52335.6,52074.48,52081.0,0,0
2022-06-23 14:15:00+05:30,52078.45,52362.05,52057.67,52362.05,0,0
2022-06-23 14:45:00+05:30,52364.97,52372.2,52209.62,52249.8,0,0
2022-06-23 15:15:00+05:30,52252.2,52317.71,52230.08,52311.55,0,0
2022-06-24 09:15:00+05:30,52654.24,52908.22,52588.04,52661.96,0,0
2022-06-24 09:45:00+05:30,52659.13,52794.86,52639.07,52685.66,0,0
2022-06-24 10:15:00+05:30,52681.99,52710.0,52550.78,52655.39,0,0
2022-06-24 10:45:00+05:30,52654.38,52702.55,52604.69,52656.21,0,0
2022-06-24 11:15:00+05:30,52656.19,52699.97,52572.02,52606.82,0,0
2022-06-24 11:45:00+05:30,52606.7,52618.18,52452.64,52487.81,0,0
2022-06-24 12:15:00+05:30,52487.41,52615.77,52448.05,52607.82,0,0
2022-06-24 12:45:00+05:30,52608.12,52704.12,52550.41,52654.11,0,0
2022-06-24 13:15:00+05:30,52658.58,52660.79,52498.81,52504.96,0,0
2022-06-24 13:45:00+05:30,52503.92,52762.55,52502.14,52743.82,0,0
2022-06-24 14:15:00+05:30,52744.23,52778.69,52639.08,52725.8,0,0
2022-06-24 14:45:00+05:30,52726.19,52753.39,52645.9,52751.41,0,0
2022-06-24 15:15:00+05:30,52752.52,52760.53,52709.04,52723.01,0,0
2022-06-27 09:15:00+05:30,53468.89,53498.27,53283.41,53429.93,0,0
2022-06-27 09:45:00+05:30,53429.88,53443.74,53279.73,53279.73,0,0
2022-06-27 10:15:00+05:30,53276.9,53356.43,53260.5,53316.24,0,0
2022-06-27 10:45:00+05:30,53314.04,53320.29,53225.88,53290.33,0,0
2022-06-27 11:15:00+05:30,53290.21,53312.59,53190.48,53197.68,0,0
2022-06-27 11:45:00+05:30,53194.51,53256.13,53155.92,53211.95,0,0
2022-06-27 12:15:00+05:30,53211.95,53357.04,53198.83,53337.69,0,0
2022-06-27 12:45:00+05:30,53337.35,53424.67,53300.29,53354.51,0,0
2022-06-27 13:15:00+05:30,53353.65,53424.33,53318.0,53369.98,0,0
2022-06-27 13:45:00+05:30,53372.57,53405.64,53302.77,53328.93,0,0
2022-06-27 14:15:00+05:30,53328.62,53342.85,53202.11,53202.32,0,0
2022-06-27 14:45:00+05:30,53202.9,53282.65,53121.16,53184.67,0,0
2022-06-27 15:15:00+05:30,53181.82,53209.01,53132.71,53182.5,0,0
2022-06-28 09:15:00+05:30,52846.26,53022.64,52809.55,52888.27,0,0
2022-06-28 09:45:00+05:30,52888.88,52895.64,52771.69,52792.29,0,0
2022-06-28 10:15:00+05:30,52792.75,52860.0,52786.01,52830.83,0,0
2022-06-28 10:45:00+05:30,52830.83,52887.29,52785.28,52844.69,0,0
2022-06-28 11:15:00+05:30,52843.09,52995.91,52838.75,52973.4,0,0
2022-06-28 11:45:00+05:30,52973.86,53059.02,52971.1,53027.35,0,0
2022-06-28 12:15:00+05:30,53027.35,53133.81,52941.37,53112.51,0,0
2022-06-28 12:45:00+05:30,53112.51,53117.84,52874.11,52893.69,0,0
2022-06-28 13:15:00+05:30,52893.61,53030.47,52879.83,53014.7,0,0
2022-06-28 13:45:00+05:30,53015.55,53048.22,52942.62,52988.71,0,0
2022-06-28 14:15:00+05:30,52988.71,53142.94,52979.64,53132.84,0,0
2022-06-28 14:45:00+05:30,53132.84,53182.7,53059.54,53146.0,0,0
2022-06-28 15:15:00+05:30,53147.16,53301.33,53128.69,53292.13,0,0
2022-06-29 09:15:00+05:30,52623.15,52820.01,52621.25,52810.54,0,0
2022-06-29 09:45:00+05:30,52810.96,52903.4,52786.36,52863.81,0,0
2022-06-29 10:15:00+05:30,52863.82,52972.91,52857.27,52913.74,0,0
2022-06-29 10:45:00+05:30,52913.14,52925.21,52825.29,52910.87,0,0
2022-06-29 11:15:00+05:30,52912.2,53024.95,52907.84,52991.67,0,0
2022-06-29 11:45:00+05:30,52991.67,53107.68,52977.65,53058.66,0,0
2022-06-29 12:15:00+05:30,53058.5,53075.86,52968.45,53021.96,0,0
2022-06-29 12:45:00+05:30,53022.15,53165.19,53021.31,53147.27,0,0
2022-06-29 13:15:00+05:30,53147.76,53225.44,53106.6,53176.82,0,0
2022-06-29 13:45:00+05:30,53174.12,53234.44,53132.46,53220.93,0,0
2022-06-29 14:15:00+05:30,53218.8,53244.59,53048.99,53124.17,0,0
2022-06-29 14:45:00+05:30,53121.12,53191.39,52990.94,53000.67,0,0
2022-06-29 15:15:00+05:30,52999.12,53029.66,52940.4,52962.21,0,0
2022-06-30 09:15:00+05:30,52897.16,53349.52,52897.16,53329.38,0,0
2022-06-30 09:45:00+05:30,53329.8,53377.01,53172.53,53193.46,0,0
2022-06-30 10:15:00+05:30,53195.06,53197.17,53033.99,53175.12,0,0
2022-06-30 10:45:00+05:30,53175.55,53229.47,52997.29,53008.31,0,0
2022-06-30 11:15:00+05:30,53009.27,53133.51,52987.47,53064.2,0,0
2022-06-30 11:45:00+05:30,53063.59,53104.03,52934.16,52950.08,0,0
2022-06-30 12:15:00+05:30,52950.48,53166.57,52890.9,53020.33,0,0
2022-06-30 12:45:00+05:30,53020.33,53126.06,52957.16,53124.16,0,0
2022-06-30 13:15:00+05:30,53123.43,53232.51,53072.55,53216.74,0,0
2022-06-30 13:45:00+05:30,53215.82,53254.09,53093.6,53253.84,0,0
2022-06-30 14:15:00+05:30,53252.87,53269.5,53078.56,53101.44,0,0
2022-06-30 14:45:00+05:30,53106.48,53212.69,53027.0,53028.13,0,0
2022-06-30 15:15:00+05:30,53029.2,53032.9,52885.55,52901.03,0,0
2022-07-01 09:15:00+05:30,52863.34,52863.34,52494.43,52525.12,0,0
2022-07-01 09:45:00+05:30,52522.98,52563.33,52171.79,52247.88,0,0
2022-07-01 10:15:00+05:30,52246.17,52537.6,52096.35,52494.4,0,0
2022-07-01 10:45:00+05:30,52495.03,52552.34,52423.87,52521.14,0,0
2022-07-01 11:15:00+05:30,52521.75,52590.79,52451.76,52488.66,0,0
2022-07-01 11:45:00+05:30,52488.66,52586.33,52401.32,52547.64,0,0
2022-07-01 12:15:00+05:30,52547.64,52654.7,52533.28,52579.39,0,0
2022-07-01 12:45:00+05:30,52579.87,52762.74,52548.64,52718.18,0,0
2022-07-01 13:15:00+05:30,52718.64,52774.59,52595.57,52728.59,0,0
2022-07-01 13:45:00+05:30,52725.23,52744.85,52561.98,52566.63,0,0
2022-07-01 14:15:00+05:30,52566.15,52762.8,52520.29,52755.37,0,0
2022-07-01 14:45:00+05:30,52755.44,52927.73,52717.69,52886.28,0,0
2022-07-01 15:15:00+05:30,52884.42,53053.04,52879.69,52959.44,0,0
2022-07-04 09:15:00+05:30,52851.67,53062.19,52750.34,52822.95,0,0
2022-07-04 09:45:00+05:30,52821.08,52830.64,52677.66,52714.09,0,0
2022-07-04 10:15:00+05:30,52712.32,52815.28,52682.87,52797.27,0,0
2022-07-04 10:45:00+05:30,52797.61,52964.76,52797.61,52919.7,0,0
2022-07-04 11:15:00+05:30,52923.65,53023.38,52890.79,53014.33,0,0
2022-07-04 11:45:00+05:30,53017.21,53043.67,52979.07,53011.3,0,0
2022-07-04 12:15:00+05:30,53011.44,53061.97,52976.36,53009.4,0,0
2022-07-04 12:45:00+05:30,53011.86,53108.25,52963.96,53044.68,0,0
2022-07-04 13:15:00+05:30,53045.77,53064.24,52940.35,52984.38,0,0
2022-07-04 13:45:00+05:30,52984.21,53034.61,52897.93,53033.14,0,0
2022-07-04 14:15:00+05:30,53035.14,53113.81,53012.46,53072.89,0,0
2022-07-04 14:45:00+05:30,53075.14,53301.99,53067.94,53256.04,0,0
2022-07-04 15:15:00+05:30,53256.15,53262.47,53189.08,53226.37,0,0
2022-07-05 09:15:00+05:30,53501.21,53649.49,53445.33,53648.28,0,0
2022-07-05 09:45:00+05:30,53646.73,53738.31,53634.04,53692.39,0,0
2022-07-05 10:15:00+05:30,53689.85,53790.16,53665.36,53785.58,0,0
2022-07-05 10:45:00+05:30,53784.76,53802.29,53728.52,53740.08,0,0
2022-07-05 11:15:00+05:30,53740.01,53856.58,53731.78,53852.02,0,0
2022-07-05 11:45:00+05:30,53852.02,53856.65,53799.57,53838.31,0,0
2022-07-05 12:15:00+05:30,53838.49,53865.88,53747.4,53757.55,0,0
2022-07-05 12:45:00+05:30,53757.9,53815.65,53663.28,53694.25,0,0
2022-07-05 13:15:00+05:30,53696.39,53743.9,53589.41,53598.36,0,0
2022-07-05 13:45:00+05:30,53597.02,53597.02,53290.57,53304.52,0,0
2022-07-05 14:15:00+05:30,53304.52,53380.05,53245.44,53329.42,0,0
2022-07-05 14:45:00+05:30,53327.72,53333.09,53054.66,53158.06,0,0
2022-07-05 15:15:00+05:30,53157.0,53183.55,53092.09,53092.09,0,0
2022-07-06 09:15:00+05:30,53170.7,53505.25,53170.7,53201.22,0,0
2022-07-06 09:45:00+05:30,53203.53,53472.44,53143.32,53397.18,0,0
2022-07-06 10:15:00+05:30,53397.51,53485.59,53363.51,53479.9,0,0
2022-07-06 10:45:00+05:30,53481.35,53584.24,53412.04,53448.97,0,0
2022-07-06 11:15:00+05:30,53448.97,53504.65,53313.0,53372.21,0,0
2022-07-06 11:45:00+05:30,53373.44,53412.5,53336.59,53399.48,0,0
2022-07-06 12:15:00+05:30,53399.29,53593.31,53393.61,53538.65,0,0
2022-07-06 12:45:00+05:30,53539.26,53793.96,53536.75,53793.96,0,0
2022-07-06 13:15:00+05:30,53793.06,53796.81,53640.11,53733.26,0,0
2022-07-06 13:45:00+05:30,53733.8,53733.8,53503.46,53522.59,0,0
2022-07-06 14:15:00+05:30,53517.36,53697.94,53500.78,53525.57,0,0
2022-07-06 14:45:00+05:30,53524.83,53764.98,53495.26,53762.54,0,0
2022-07-06 15:15:00+05:30,53759.73,53818.1,53756.25,53804.18,0,0
2022-07-07 09:15:00+05:30,54146.68,54246.17,54013.93,54061.75,0,0
2022-07-07 09:45:00+05:30,54060.82,54108.19,53983.58,54074.3,0,0
2022-07-07 10:15:00+05:30,54073.7,54186.35,54061.61,54186.35,0,0
2022-07-07 10:45:00+05:30,54187.71,54191.1,54076.38,54086.4,0,0
2022-07-07 11:15:00+05:30,54086.8,54160.36,54059.1,54119.14,0,0
2022-07-07 11:45:00+05:30,54119.14,54168.1,54083.69,54095.12,0,0
2022-07-07 12:15:00+05:30,54092.98,54144.67,54068.28,54085.28,0,0
2022-07-07 12:45:00+05:30,54083.82,54211.84,54076.4,54138.79,0,0
2022-07-07 13:15:00+05:30,54139.39,54254.79,54136.37,54216.33,0,0
2022-07-07 13:45:00+05:30,54215.37,54218.35,53964.14,53964.14,0,0
2022-07-07 14:15:00+05:30,53968.99,54149.12,53928.71,54148.54,0,0
2022-07-07 14:45:00+05:30,54145.24,54240.04,54107.9,54151.99,0,0
2022-07-07 15:15:00+05:30,54152.14,54205.01,54142.02,54194.46,0,0
2022-07-08 09:15:00+05:30,54574.43,54615.09,54351.19,54488.68,0,0
2022-07-08 09:45:00+05:30,54488.87,54532.94,54357.49,54413.78,0,0
2022-07-08 10:15:00+05:30,54411.51,54489.9,54387.82,54454.7,0,0
2022-07-08 10:45:00+05:30,54456.32,54491.59,54430.82,54433.66,0,0
2022-07-08 11:15:00+05:30,54436.22,54447.45,54371.69,54429.15,0,0
2022-07-08 11:45:00+05:30,54429.08,54433.97,54334.28,54357.62,0,0
2022-07-08 12:15:00+05:30,54357.62,54456.72,54339.39,54417.03,0,0
2022-07-08 12:45:00+05:30,54419.78,54470.19,54389.37,54414.1,0,0
2022-07-08 13:15:00+05:30,54413.45,54509.02,54361.62,54467.45,0,0
2022-07-08 13:45:00+05:30,54467.96,54467.96,54348.24,54378.58,0,0
2022-07-08 14:15:00+05:30,54378.58,54387.15,54278.77,54324.44,0,0
2022-07-08 14:45:00+05:30,54322.02,54539.5,54319.34,54518.79,0,0
2022-07-08 15:15:00+05:30,54517.47,54527.26,54466.42,54491.72,0,0
2022-07-11 09:15:00+05:30,54248.6,54276.77,54092.76,54223.59,0,0
2022-07-11 09:45:00+05:30,54222.22,54290.13,54149.44,54266.24,0,0
2022-07-11 10:15:00+05:30,54269.2,54287.08,54175.4,54200.6,0,0
2022-07-11 10:45:00+05:30,54201.11,54259.63,54180.22,54233.12,0,0
2022-07-11 11:15:00+05:30,54233.0,54240.8,54133.39,54155.36,0,0
2022-07-11 11:45:00+05:30,54158.52,54237.65,54142.24,54204.56,0,0
2022-07-11 12:15:00+05:30,54204.45,54205.02,54099.2,54167.63,0,0
2022-07-11 12:45:00+05:30,54169.33,54284.7,54161.18,54274.57,0,0
2022-07-11 13:15:00+05:30,54274.72,54344.55,54235.58,54336.41,0,0
2022-07-11 13:45:00+05:30,54337.51,54452.81,54315.46,54404.56,0,0
2022-07-11 14:15:00+05:30,54407.89,54527.82,54399.42,54488.97,0,0
2022-07-11 14:45:00+05:30,54488.84,54507.08,54415.69,54427.88,0,0
2022-07-11 15:15:00+05:30,54424.3,54435.31,54333.95,54363.34,0,0
2022-07-12 09:15:00+05:30,54219.78,54229.01,54058.54,54144.83,0,0
2022-07-12 09:45:00+05:30,54144.48,54222.93,54128.19,54179.17,0,0
2022-07-12 10:15:00+05:30,54179.17,54236.49,54136.36,54183.55,0,0
2022-07-12 10:45:00+05:30,54183.04,54230.31,54169.68,54189.5,0,0
2022-07-12 11:15:00+05:30,54192.66,54194.67,54071.15,54087.74,0,0
2022-07-12 11:45:00+05:30,54087.71,54142.57,54076.29,54120.68,0,0
2022-07-12 12:15:00+05:30,54120.8,54122.6,53988.48,54057.14,0,0
2022-07-12 12:45:00+05:30,54057.45,54057.45,53956.07,53989.11,0,0
2022-07-12 13:15:00+05:30,53988.87,54080.56,53985.62,54074.36,0,0
2022-07-12 13:45:00+05:30,54075.76,54162.42,54027.7,54162.42,0,0
2022-07-12 14:15:00+05:30,54163.27,54194.92,54096.54,54107.54,0,0
2022-07-12 14:45:00+05:30,54107.33,54123.19,53893.83,53894.68,0,0
2022-07-12 15:15:00+05:30,53894.5,53896.83,53826.62,53840.58,0,0
2022-07-13 09:15:00+05:30,54210.1,54210.1,54038.95,54111.47,0,0
2022-07-13 09:45:00+05:30,54110.65,54161.55,54063.52,54133.44,0,0
2022-07-13 10:15:00+05:30,54133.44,54141.47,53909.0,53941.34,0,0
2022-07-13 10:45:00+05:30,53938.75,53963.41,53880.56,53946.84,0,0
2022-07-13 11:15:00+05:30,53946.94,54027.62,53933.37,53972.8,0,0
2022-07-13 11:45:00+05:30,53969.89,53994.79,53890.8,53953.35,0,0
2022-07-13 12:15:00+05:30,53953.35,53978.75,53828.05,53837.04,0,0
2022-07-13 12:45:00+05:30,53835.87,53849.81,53618.12,53657.34,0,0
2022-07-13 13:15:00+05:30,53657.59,53681.45,53549.32,53553.14,0,0
2022-07-13 13:45:00+05:30,53553.14,53666.99,53546.76,53584.13,0,0
2022-07-13 14:15:00+05:30,53584.1,53647.24,53571.0,53592.91,0,0
2022-07-13 14:45:00+05:30,53592.65,53604.35,53455.26,53489.25,0,0
2022-07-13 15:15:00+05:30,53492.46,53570.23,53472.26,53549.3,0,0
2022-07-14 09:15:00+05:30,53688.62,53788.58,53600.91,53736.39,0,0
2022-07-14 09:45:00+05:30,53736.44,53860.51,53735.85,53778.54,0,0
2022-07-14 10:15:00+05:30,53778.54,53791.65,53660.58,53700.81,0,0
2022-07-14 10:45:00+05:30,53702.18,53771.61,53646.51,53654.57,0,0
2022-07-14 11:15:00+05:30,53654.49,53654.49,53499.18,53554.96,0,0
2022-07-14 11:45:00+05:30,53554.96,53554.96,53433.76,53504.44,0,0
2022-07-14 12:15:00+05:30,53502.1,53568.03,53452.11,53454.87,0,0
2022-07-14 12:45:00+05:30,53455.61,53632.23,53446.61,53543.13,0,0
2022-07-14 13:15:00+05:30,53543.07,53543.95,53364.32,53397.99,0,0
2022-07-14 13:45:00+05:30,53401.36,53443.71,53208.46,53210.6,0,0
2022-07-14 14:15:00+05:30,53215.8,53353.72,53163.96,53322.08,0,0
2022-07-14 14:45:00+05:30,53322.77,53463.21,53239.7,53426.07,0,0
2022-07-14 15:15:00+05:30,53426.89,53470.62,53398.88,53449.02,0,0
2022-07-15 09:15:00+05:30,53637.88,53749.95,53509.36,53540.84,0,0
2022-07-15 09:45:00+05:30,53538.1,53589.72,53475.69,53570.03,0,0
2022-07-15 10:15:00+05:30,53567.82,53612.04,53503.83,53545.11,0,0
2022-07-15 10:45:00+05:30,53545.12,53545.12,53383.99,53419.69,0,0
2022-07-15 11:15:00+05:30,53419.21,53518.73,53414.65,53484.3,0,0
2022-07-15 11:45:00+05:30,53484.0,53550.91,53392.6,53424.31,0,0
2022-07-15 12:15:00+05:30,53423.4,53465.14,53362.73,53420.27,0,0
2022-07-15 12:45:00+05:30,53420.61,53549.21,53419.38,53537.8,0,0
2022-07-15 13:15:00+05:30,53537.8,53567.58,53428.1,53445.27,0,0
2022-07-15 13:45:00+05:30,53445.08,53576.42,53422.37,53576.42,0,0
2022-07-15 14:15:00+05:30,53577.75,53690.45,53562.9,53648.73,0,0
2022-07-15 14:45:00+05:30,53650.78,53772.93,53594.12,53759.48,0,0
2022-07-15 15:15:00+05:30,53761.44,53811.37,53742.22,53786.17,0,0
2022-07-18 09:15:00+05:30,54069.3,54246.52,54042.44,54146.6,0,0
2022-07-18 09:45:00+05:30,54145.22,54230.5,54118.22,54208.44,0,0
2022-07-18 10:15:00+05:30,54208.72,54229.29,54157.93,54208.43,0,0
2022-07-18 10:45:00+05:30,54208.31,54310.9,54191.82,54291.96,0,0
2022-07-18 11:15:00+05:30,54292.22,54322.9,54258.24,54273.52,0,0
2022-07-18 11:45:00+05:30,54273.57,54309.69,54221.94,54302.31,0,0
2022-07-18 12:15:00+05:30,54302.75,54351.46,54293.67,54320.61,0,0
2022-07-18 12:45:00+05:30,54320.46,54352.68,54286.07,54316.06,0,0
2022-07-18 13:15:00+05:30,54316.15,54323.34,54243.72,54307.03,0,0
2022-07-18 13:45:00+05:30,54307.14,54383.33,54298.31,54363.79,0,0
2022-07-18 14:15:00+05:30,54361.89,54401.74,54335.68,54394.56,0,0
2022-07-18 14:45:00+05:30,54396.0,54532.91,54392.04,54497.1,0,0
2022-07-18 15:15:00+05:30,54496.7,54554.42,54478.79,54533.3,0,0
2022-07-19 09:15:00+05:30,54251.88,54474.73,54250.82,54462.19,0,0
2022-07-19 09:45:00+05:30,54464.13,54587.3,54462.15,54575.24,0,0
2022-07-19 10:15:00+05:30,54575.24,54619.28,54510.94,54612.99,0,0
2022-07-19 10:45:00+05:30,54613.82,54697.63,54586.86,54681.27,0,0
2022-07-19 11:15:00+05:30,54681.43,54682.12,54509.54,54519.84,0,0
2022-07-19 11:45:00+05:30,54519.84,54646.52,54468.79,54634.45,0,0
2022-07-19 12:15:00+05:30,54636.27,54693.22,54614.95,54661.79,0,0
2022-07-19 12:45:00+05:30,54661.31,54685.5,54512.32,54515.83,0,0
2022-07-19 13:15:00+05:30,54515.69,54615.5,54498.29,54596.19,0,0
2022-07-19 13:45:00+05:30,54597.54,54666.85,54578.4,54607.64,0,0
2022-07-19 14:15:00+05:30,54606.5,54782.25,54546.76,54734.49,0,0
2022-07-19 14:45:00+05:30,54734.01,54817.28,54720.39,54786.45,0,0
2022-07-19 15:15:00+05:30,54787.1,54790.55,54708.05,54723.28,0,0
2022-07-20 09:15:00+05:30,55486.12,55486.12,55314.6,55451.26,0,0
2022-07-20 09:45:00+05:30,55452.11,55483.58,55386.18,55468.32,0,0
2022-07-20 10:15:00+05:30,55467.68,55499.1,55420.5,55478.92,0,0
2022-07-20 10:45:00+05:30,55482.63,55551.82,55471.64,55544.87,0,0
2022-07-20 11:15:00+05:30,55542.84,55551.17,55496.52,55525.35,0,0
2022-07-20 11:45:00+05:30,55525.35,55531.7,55439.42,55515.46,0,0
2022-07-20 12:15:00+05:30,55513.0,55613.01,55512.76,55602.47,0,0
2022-07-20 12:45:00+05:30,55605.29,55630.26,55443.82,55444.04,0,0
2022-07-20 13:15:00+05:30,55444.55,55562.38,55417.65,55529.9,0,0
2022-07-20 13:45:00+05:30,55529.17,55550.98,55456.31,55494.7,0,0
2022-07-20 14:15:00+05:30,55494.7,55505.24,55396.32,55408.06,0,0
2022-07-20 14:45:00+05:30,55408.34,55488.34,55394.65,55397.42,0,0
2022-07-20 15:15:00+05:30,55393.49,55410.32,55298.7,55302.71,0,0
2022-07-21 09:15:00+05:30,55391.93,55445.14,55273.07,55415.76,0,0
2022-07-21 09:45:00+05:30,55416.28,55578.62,55416.28,55573.53,0,0
2022-07-21 10:15:00+05:30,55572.77,55589.19,55485.17,55503.52,0,0
2022-07-21 10:45:00+05:30,55505.21,55561.6,55479.33,55540.19,0,0
2022-07-21 11:15:00+05:30,55540.25,55625.09,55527.76,55592.93,0,0
2022-07-21 11:45:00+05:30,55594.36,55604.43,55536.5,55567.06,0,0
2022-07-21 12:15:00+05:30,55566.87,55580.55,55513.01,55567.49,0,0
2022-07-21 12:45:00+05:30,55567.65,55610.04,55451.33,55456.41,0,0
2022-07-21 13:15:00+05:30,55457.06,55505.22,55418.54,55448.01,0,0
2022-07-21 13:45:00+05:30,55448.3,55547.62,55393.82,55527.19,0,0
2022-07-21 14:15:00+05:30,55528.74,55664.06,55519.47,55611.13,0,0
2022-07-21 14:45:00+05:30,55610.75,55691.53,55529.42,55683.01,0,0
2022-07-21 15:15:00+05:30,55683.89,55738.07,55659.69,55703.51,0,0
2022-07-22 09:15:00+05:30,55800.84,56003.76,55800.84,55840.78,0,0
2022-07-22 09:45:00+05:30,55836.61,55843.93,55725.22,55753.29,0,0
2022-07-22 10:15:00+05:30,55754.9,55832.25,55685.78,55718.43,0,0
2022-07-22 10:45:00+05:30,55716.23,55772.83,55703.33,55771.24,0,0
2022-07-22 11:15:00+05:30,55772.03,55815.86,55761.7,55813.36,0,0
2022-07-22 11:45:00+05:30,55816.08,55935.16,55815.43,55930.3,0,0
2022-07-22 12:15:00+05:30,55927.79,55999.44,55906.34,55980.31,0,0
2022-07-22 12:45:00+05:30,55982.2,56032.33,55914.13,55944.2,0,0
2022-07-22 13:15:00+05:30,55945.0,56022.24,55895.95,56022.11,0,0
2022-07-22 13:45:00+05:30,56023.69,56140.15,55999.53,56104.12,0,0
2022-07-22 14:15:00+05:30,56104.12,56186.05,56047.3,56059.41,0,0
2022-07-22 14:45:00+05:30,56060.42,56123.95,56035.11,56108.58,0,0
2022-07-22 15:15:00+05:30,56101.59,56108.9,56016.02,56052.87,0,0
2022-07-25 09:15:00+05:30,55877.5,56016.8,55759.86,55785.98,0,0
2022-07-25 09:45:00+05:30,55792.01,55792.01,55613.18,55728.6,0,0
2022-07-25 10:15:00+05:30,55725.16,55759.86,55644.04,55655.84,0,0
2022-07-25 10:45:00+05:30,55655.68,55697.98,55557.96,55561.62,0,0
2022-07-25 11:15:00+05:30,55562.17,55640.55,55537.08,55623.86,0,0
2022-07-25 11:45:00+05:30,55623.88,55711.73,55606.04,55635.39,0,0
2022-07-25 12:15:00+05:30,55636.64,55694.63,55613.36,55657.51,0,0
2022-07-25 12:45:00+05:30,55652.89,55763.02,55621.76,55744.52,0,0
2022-07-25 13:15:00+05:30,55744.71,55774.88,55649.79,55700.01,0,0
2022-07-25 13:45:00+05:30,55699.81,55858.96,55693.27,55841.47,0,0
2022-07-25 14:15:00+05:30,55843.63,55965.49,55843.27,55917.36,0,0
2022-07-25 14:45:00+05:30,55916.98,55921.59,55770.91,55771.17,0,0
2022-07-25 15:15:00+05:30,55777.47,55785.24,55678.41,55716.46,0,0
2022-07-26 09:15:00+05:30,55834.38,55834.38,55431.82,55467.18,0,0
2022-07-26 09:45:00+05:30,55466.55,55466.8,55344.18,55363.78,0,0
2022-07-26 10:15:00+05:30,55365.14,55447.19,55296.2,55329.29,0,0
2022-07-26 10:45:00+05:30,55332.06,55419.63,55321.76,55335.27,0,0
2022-07-26 11:15:00+05:30,55338.68,55415.82,55325.55,55375.74,0,0
2022-07-26 11:45:00+05:30,55374.31,55499.64,55367.67,55462.84,0,0
2022-07-26 12:15:00+05:30,55464.05,55548.62,55457.68,55530.19,0,0
2022-07-26 12:45:00+05:30,55530.41,55547.7,55481.06,55530.97,0,0
2022-07-26 13:15:00+05:30,55530.97,55596.28,55492.83,55493.34,0,0
2022-07-26 13:45:00+05:30,55495.79,55498.8,55360.26,55460.52,0,0
2022-07-26 14:15:00+05:30,55462.1,55495.75,55306.79,55306.79,0,0
2022-07-26 14:45:00+05:30,55306.79,55377.98,55278.19,55282.8,0,0
2022-07-26 15:15:00+05:30,55282.28,55294.98,55206.33,55221.9,0,0
2022-07-27 09:15:00+05:30,55258.29,55386.43,55157.99,55197.92,0,0
2022-07-27 09:45:00+05:30,55199.89,55431.39,55187.03,55421.57,0,0
2022-07-27 10:15:00+05:30,55420.5,55495.37,55396.11,55482.92,0,0
2022-07-27 10:45:00+05:30,55483.14,55543.33,55466.66,55487.35,0,0
2022-07-27 11:15:00+05:30,55487.75,55568.39,55479.88,55564.96,0,0
2022-07-27 11:45:00+05:30,55564.9,55578.25,55526.4,55575.62,0,0
2022-07-27 12:15:00+05:30,55575.62,55580.56,55491.78,55530.25,0,0
2022-07-27 12:45:00+05:30,55530.25,55692.52,55506.8,55652.45,0,0
2022-07-27 13:15:00+05:30,55652.45,55733.74,55627.1,55681.95,0,0
2022-07-27 13:45:00+05:30,55681.95,55684.39,55595.93,55610.19,0,0
2022-07-27 14:15:00+05:30,55610.19,55719.8,55598.68,55683.69,0,0
2022-07-27 14:45:00+05:30,55684.72,55828.55,55651.78,55820.72,0,0
2022-07-27 15:15:00+05:30,55821.4,55853.09,55787.62,55810.98,0,0
2022-07-28 09:15:00+05:30,56267.55,56388.79,56240.07,56272.81,0,0
2022-07-28 09:45:00+05:30,56273.77,56513.08,56265.98,56492.82,0,0
2022-07-28 10:15:00+05:30,56489.87,56610.47,56465.53,56549.26,0,0
2022-07-28 10:45:00+05:30,56548.58,56668.23,56537.91,56661.95,0,0
2022-07-28 11:15:00+05:30,56662.92,56699.34,56594.43,56680.4,0,0
2022-07-28 11:45:00+05:30,56681.35,56732.81,56636.01,56721.55,0,0
2022-07-28 12:15:00+05:30,56721.58,56785.11,56685.86,56780.27,0,0
2022-07-28 12:45:00+05:30,56779.33,56829.72,56714.2,56801.76,0,0
2022-07-28 13:15:00+05:30,56805.18,56856.08,56777.3,56815.88,0,0
2022-07-28 13:45:00+05:30,56814.56,56879.04,56784.32,56854.6,0,0
2022-07-28 14:15:00+05:30,56852.99,56870.33,56709.97,56717.91,0,0
2022-07-28 14:45:00+05:30,56718.06,56914.11,56668.91,56885.21,0,0
2022-07-28 15:15:00+05:30,56884.08,56911.03,56822.06,56827.5,0,0
2022-07-29 09:15:00+05:30,57258.13,57492.14,57258.13,57451.01,0,0
2022-07-29 09:45:00+05:30,57448.85,57530.99,57394.84,57421.88,0,0
2022-07-29 10:15:00+05:30,57419.74,57458.72,57108.47,57160.35,0,0
2022-07-29 10:45:00+05:30,57164.04,57407.73,57149.43,57390.41,0,0
2022-07-29 11:15:00+05:30,57395.25,57424.21,57306.3,57356.28,0,0
2022-07-29 11:45:00+05:30,57355.32,57410.89,57349.75,57370.5,0,0
2022-07-29 12:15:00+05:30,57372.08,57393.97,57316.92,57370.48,0,0
2022-07-29 12:45:00+05:30,57370.48,57450.18,57356.61,57387.01,0,0
2022-07-29 13:15:00+05:30,57384.38,57421.86,57279.39,57355.44,0,0
2022-07-29 13:45:00+05:30,57351.75,57403.25,57292.36,57317.89,0,0
2022-07-29 14:15:00+05:30,57315.46,57369.53,57243.81,57350.22,0,0
2022-07-29 14:45:00+05:30,57350.83,57601.41,57276.99,57566.34,0,0
2022-07-29 15:15:00+05:30,57566.58,57619.27,57557.76,57576.34,0,0
2022-08-01 09:15:00+05:30,57823.1,57841.06,57543.01,57751.8,0,0
2022-08-01 09:45:00+05:30,57750.6,57931.05,57739.13,57921.88,0,0
2022-08-01 10:15:00+05:30,57924.13,57973.35,57874.18,57965.56,0,0
2022-08-01 10:45:00+05:30,57966.35,57975.91,57908.75,57928.37,0,0
2022-08-01 11:15:00+05:30,57924.1,57946.03,57861.16,57927.75,0,0
2022-08-01 11:45:00+05:30,57925.68,57956.14,57844.32,57886.64,0,0
2022-08-01 12:15:00+05:30,57887.49,57997.37,57880.53,57977.63,0,0
2022-08-01 12:45:00+05:30,57977.63,58009.3,57955.26,57960.43,0,0
2022-08-01 13:15:00+05:30,57960.66,58015.61,57926.61,58004.16,0,0
2022-08-01 13:45:00+05:30,58001.76,58063.61,57959.57,58027.05,0,0
2022-08-01 14:15:00+05:30,58028.92,58078.45,57982.6,58068.63,0,0
2022-08-01 14:45:00+05:30,58067.07,58169.99,58041.48,58099.94,0,0
2022-08-01 15:15:00+05:30,58097.11,58144.08,58053.06,58089.97,0,0
2022-08-02 09:15:00+05:30,58049.02,58147.04,57913.74,58059.94,0,0
2022-08-02 09:45:00+05:30,58059.62,58063.54,57744.7,57789.61,0,0
2022-08-02 10:15:00+05:30,57788.2,57919.74,57784.83,57893.87,0,0
2022-08-02 10:45:00+05:30,57893.87,57931.86,57810.15,57864.76,0,0
2022-08-02 11:15:00+05:30,57865.1,58039.82,57827.05,58030.27,0,0
2022-08-02 11:45:00+05:30,58028.39,58037.37,57944.86,57994.15,0,0
2022-08-02 12:15:00+05:30,57994.19,58032.18,57815.5,57820.79,0,0
2022-08-02 12:45:00+05:30,57820.79,57945.04,57802.26,57894.07,0,0
2022-08-02 13:15:00+05:30,57893.77,57997.65,57889.61,57969.15,0,0
2022-08-02 13:45:00+05:30,57969.32,58172.62,57966.0,58101.96,0,0
2022-08-02 14:15:00+05:30,58098.85,58308.62,58076.26,58308.62,0,0
2022-08-02 14:45:00+05:30,58307.87,58328.41,58154.16,58227.49,0,0
2022-08-02 15:15:00+05:30,58229.12,58229.39,57947.71,57996.39,0,0
2022-08-03 09:15:00+05:30,58174.11,58305.03,57938.57,57946.78,0,0
2022-08-03 09:45:00+05:30,57946.23,58129.67,57924.72,58047.04,0,0
2022-08-03 10:15:00+05:30,58046.7,58048.44,57883.02,57956.06,0,0
2022-08-03 10:45:00+05:30,57956.75,57957.49,57821.52,57827.9,0,0
2022-08-03 11:15:00+05:30,57827.07,57934.81,57788.93,57934.77,0,0
2022-08-03 11:45:00+05:30,57933.36,57981.43,57869.49,57896.81,0,0
2022-08-03 12:15:00+05:30,57896.81,58006.08,57845.23,57968.55,0,0
2022-08-03 12:45:00+05:30,57968.65,58096.35,57960.45,58044.28,0,0
2022-08-03 13:15:00+05:30,58043.5,58082.9,57948.03,57979.62,0,0
2022-08-03 13:45:00+05:30,57979.9,58122.17,57969.99,58094.91,0,0
2022-08-03 14:15:00+05:30,58096.14,58188.58,58036.8,58186.28,0,0
2022-08-03 14:45:00+05:30,58189.82,58411.58,58151.4,58406.11,0,0
2022-08-03 15:15:00+05:30,58404.85,58414.9,58354.54,58384.56,0,0
2022-08-04 09:15:00+05:30,58571.28,58711.19,58569.72,58606.3,0,0
2022-08-04 09:45:00+05:30,58607.24,58685.35,58485.29,58506.98,0,0
2022-08-04 10:15:00+05:30,58508.73,58553.45,58412.41,58425.65,0,0
2022-08-04 10:45:00+05:30,58426.19,58499.37,58372.04,58372.28,0,0
2022-08-04 11:15:00+05:30,58366.7,58366.7,57804.77,57806.32,0,0
2022-08-04 11:45:00+05:30,57808.55,58080.2,57578.16,58064.2,0,0
2022-08-04 12:15:00+05:30,58063.56,58087.66,57904.47,58047.45,0,0
2022-08-04 12:45:00+05:30,58047.39,58205.43,58014.7,58079.15,0,0
2022-08-04 13:15:00+05:30,58079.24,58170.73,58017.71,58123.35,0,0
2022-08-04 13:45:00+05:30,58123.02,58163.46,57917.93,57980.78,0,0
2022-08-04 14:15:00+05:30,57981.08,58141.69,57966.71,58125.24,0,0
2022-08-04 14:45:00+05:30,58123.65,58392.34,58121.14,58293.89,0,0
2022-08-04 15:15:00+05:30,58289.57,58314.15,58220.96,58232.9,0,0
2022-08-05 09:15:00+05:30,58421.04,58561.47,58330.97,58448.47,0,0
2022-08-05 09:45:00+05:30,58446.14,58581.46,58363.18,58499.39,0,0
2022-08-05 10:15:00+05:30,58498.59,58581.01,58419.69,58494.64,0,0
2022-08-05 10:45:00+05:30,58495.28,58648.99,58471.53,58624.22,0,0
2022-08-05 11:15:00+05:30,58620.54,58626.59,58486.27,58535.68,0,0
2022-08-05 11:45:00+05:30,58536.45,58597.01,58478.11,58567.17,0,0
2022-08-05 12:15:00+05:30,58567.14,58583.55,58488.38,58494.35,0,0
2022-08-05 12:45:00+05:30,58493.81,58493.81,58327.87,58427.67,0,0
2022-08-05 13:15:00+05:30,58429.22,58506.51,58363.45,58469.43,0,0
2022-08-05 13:45:00+05:30,58470.13,58516.56,58340.24,58340.24,0,0
2022-08-05 14:15:00+05:30,58338.98,58404.05,58245.21,58316.83,0,0
2022-08-05 14:45:00+05:30,58316.15,58460.44,58316.15,58377.71,0,0
2022-08-05 15:15:00+05:30,58378.15,58420.15,58339.74,58349.32,0,0
2022-08-08 09:15:00+05:30,58417.71,58542.5,58267.26,58539.31,0,0
2022-08-08 09:45:00+05:30,58539.31,58555.94,58463.53,58551.86,0,0
2022-08-08 10:15:00+05:30,58555.82,58658.75,58551.4,58652.12,0,0
2022-08-08 10:45:00+05:30,58650.4,58707.12,58612.05,58631.93,0,0
2022-08-08 11:15:00+05:30,58631.17,58720.53,58605.2,58659.3,0,0
2022-08-08 11:45:00+05:30,58660.65,58780.38,58629.19,58775.38,0,0
2022-08-08 12:15:00+05:30,58776.88,58868.21,58776.88,58839.86,0,0
2022-08-08 12:45:00+05:30,58840.4,58883.46,58816.87,58843.35,0,0
2022-08-08 13:15:00+05:30,58842.61,58931.4,58797.02,58891.59,0,0
2022-08-08 13:45:00+05:30,58890.63,58933.33,58811.35,58846.77,0,0
2022-08-08 14:15:00+05:30,58846.79,58890.27,58753.18,58764.97,0,0
2022-08-08 14:45:00+05:30,58759.84,58909.61,58728.73,58861.91,0,0
2022-08-08 15:15:00+05:30,58855.18,58885.33,58822.0,58864.8,0,0
2022-08-09 14:15:00+05:30,58853.07,58853.07,58853.07,58853.07,0,0
2022-08-10 09:15:00+05:30,58977.34,58977.34,58683.69,58794.59,0,0
2022-08-10 09:45:00+05:30,58795.07,58796.35,58584.95,58790.35,0,0
2022-08-10 10:15:00+05:30,58794.9,58908.9,58791.13,58833.63,0,0
2022-08-10 10:45:00+05:30,58833.82,58869.02,58777.35,58781.25,0,0
2022-08-10 11:15:00+05:30,58778.8,58797.83,58701.95,58779.5,0,0
2022-08-10 11:45:00+05:30,58779.85,58793.9,58690.37,58770.22,0,0
2022-08-10 12:15:00+05:30,58770.66,58815.12,58746.64,58802.14,0,0
2022-08-10 12:45:00+05:30,58802.14,58810.11,58726.58,58735.97,0,0
2022-08-10 13:15:00+05:30,58735.53,58774.28,58659.48,58744.92,0,0
2022-08-10 13:45:00+05:30,58744.1,58829.7,58704.77,58828.74,0,0
2022-08-10 14:15:00+05:30,58826.15,58866.56,58777.32,58800.98,0,0
2022-08-10 14:45:00+05:30,58800.06,58867.13,58762.6,58836.37,0,0
2022-08-10 15:15:00+05:30,58838.28,58842.31,58773.92,58790.16,0,0
2022-08-11 09:15:00+05:30,59320.45,59468.09,59320.45,59411.55,0,0
2022-08-11 09:45:00+05:30,59410.79,59431.9,59337.82,59342.2,0,0
2022-08-11 10:15:00+05:30,59342.5,59421.7,59338.0,59405.22,0,0
2022-08-11 10:45:00+05:30,59404.92,59422.45,59371.4,59395.43,0,0
2022-08-11 11:15:00+05:30,59395.98,59412.2,59283.52,59324.09,0,0
2022-08-11 11:45:00+05:30,59323.84,59354.07,59301.07,59323.53,0,0
2022-08-11 12:15:00+05:30,59322.78,59408.11,59320.85,59391.7,0,0
2022-08-11 12:45:00+05:30,59393.6,59405.86,59335.29,59368.85,0,0
2022-08-11 13:15:00+05:30,59368.85,59376.6,59251.14,59333.79,0,0
2022-08-11 13:45:00+05:30,59334.49,59366.61,59260.67,59279.75,0,0
2022-08-11 14:15:00+05:30,59280.27,59388.77,59263.64,59313.02,0,0
2022-08-11 14:45:00+05:30,59313.1,59392.89,59302.54,59311.93,0,0
2022-08-11 15:15:00+05:30,59311.54,59333.46,59259.18,59262.86,0,0
2022-08-12 09:15:00+05:30,59235.98,59343.46,59113.51,59252.89,0,0
2022-08-12 09:45:00+05:30,59253.73,59392.65,59238.06,59379.58,0,0
2022-08-12 10:15:00+05:30,59379.56,59413.15,59274.15,59274.15,0,0
2022-08-12 10:45:00+05:30,59274.15,59407.73,59273.58,59407.73,0,0
2022-08-12 11:15:00+05:30,59407.38,59457.61,59361.28,59410.7,0,0
2022-08-12 11:45:00+05:30,59410.7,59426.58,59370.09,59404.94,0,0
2022-08-12 12:15:00+05:30,59404.17,59437.9,59343.95,59433.92,0,0
2022-08-12 12:45:00+05:30,59433.83,59499.87,59425.92,59457.92,0,0
2022-08-12 13:15:00+05:30,59457.57,59524.31,59433.32,59513.68,0,0
2022-08-12 13:45:00+05:30,59516.59,59538.08,59453.75,59488.22,0,0
2022-08-12 14:15:00+05:30,59488.57,59491.95,59363.74,59363.74,0,0
2022-08-12 14:45:00+05:30,59364.11,59453.71,59334.2,59451.65,0,0
2022-08-12 15:15:00+05:30,59453.3,59513.93,59439.27,59467.07,0,0
2022-08-16 09:15:00+05:30,59675.12,59922.89,59675.12,59877.25,0,0
2022-08-16 09:45:00+05:30,59876.43,59920.12,59839.9,59864.44,0,0
2022-08-16 10:15:00+05:30,59865.28,59907.84,59851.26,59869.96,0,0
2022-08-16 10:45:00+05:30,59870.61,59921.98,59844.27,59902.7,0,0
2022-08-16 11:15:00+05:30,59902.7,59906.44,59779.0,59793.26,0,0
2022-08-16 11:45:00+05:30,59792.56,59802.19,59716.88,59775.57,0,0
2022-08-16 12:15:00+05:30,59773.31,59823.4,59760.3,59772.77,0,0
2022-08-16 12:45:00+05:30,59774.66,59805.29,59700.77,59700.77,0,0
2022-08-16 13:15:00+05:30,59699.87,59752.23,59674.03,59736.07,0,0
2022-08-16 13:45:00+05:30,59736.07,59789.09,59708.25,59766.76,0,0
2022-08-16 14:15:00+05:30,59764.55,59830.22,59757.55,59767.89,0,0
2022-08-16 14:45:00+05:30,59767.38,59861.84,59704.62,59853.39,0,0
2022-08-16 15:15:00+05:30,59853.98,59881.2,59823.91,59842.57,0,0
2022-08-17 09:15:00+05:30,59938.05,60043.44,59858.62,60043.44,0,0
2022-08-17 09:45:00+05:30,60042.46,60149.05,60014.64,60134.62,0,0
2022-08-17 10:15:00+05:30,60136.18,60162.62,60089.42,60136.68,0,0
2022-08-17 10:45:00+05:30,60136.05,60207.46,60124.49,60200.61,0,0
2022-08-17 11:15:00+05:30,60199.11,60219.79,60133.16,60158.94,0,0
2022-08-17 11:45:00+05:30,60158.57,60209.29,60114.73,60207.05,0,0
2022-08-17 12:15:00+05:30,60203.35,60238.49,60178.27,60204.55,0,0
2022-08-17 12:45:00+05:30,60204.54,60245.9,60203.2,60229.81,0,0
2022-08-17 13:15:00+05:30,60229.64,60257.32,60193.5,60245.38,0,0
2022-08-17 13:45:00+05:30,60247.73,60248.73,60158.21,60184.67,0,0
2022-08-17 14:15:00+05:30,60184.67,60253.67,60159.01,60238.96,0,0
2022-08-17 14:45:00+05:30,60238.05,60323.04,60232.49,60264.93,0,0
2022-08-17 15:15:00+05:30,60260.99,60270.5,60198.05,60218.33,0,0
2022-08-18 09:15:00+05:30,60080.19,60191.29,59969.38,60171.81,0,0
2022-08-18 09:45:00+05:30,60171.97,60286.78,60150.58,60239.13,0,0
2022-08-18 10:15:00+05:30,60237.26,60244.82,60070.65,60146.4,0,0
2022-08-18 10:45:00+05:30,60148.54,60180.41,60119.9,60121.06,0,0
2022-08-18 11:15:00+05:30,60118.43,60119.6,59981.89,60048.83,0,0
2022-08-18 11:45:00+05:30,60048.53,60054.18,59946.49,60012.39,0,0
2022-08-18 12:15:00+05:30,60012.39,60095.11,60004.07,60095.11,0,0
2022-08-18 12:45:00+05:30,60092.81,60122.61,60031.14,60105.0,0,0
2022-08-18 13:15:00+05:30,60104.87,60146.04,60074.65,60079.98,0,0
2022-08-18 13:45:00+05:30,60079.98,60157.12,60053.68,60156.76,0,0
2022-08-18 14:15:00+05:30,60156.76,60248.11,60142.63,60238.17,0,0
2022-08-18 14:45:00+05:30,60237.85,60327.96,60218.29,60300.25,0,0
2022-08-18 15:15:00+05:30,60302.01,60341.27,60281.21,60326.03,0,0
2022-08-19 09:15:00+05:30,60351.23,60403.92,60245.94,60310.86,0,0
2022-08-19 09:45:00+05:30,60313.17,60366.53,60267.05,60340.98,0,0
2022-08-19 10:15:00+05:30,60336.32,60352.37,60280.43,60307.98,0,0
2022-08-19 10:45:00+05:30,60309.13,60325.01,59991.73,60051.79,0,0
2022-08-19 11:15:00+05:30,60047.34,60109.13,59743.0,59755.64,0,0
2022-08-19 11:45:00+05:30,59753.24,59880.25,59729.09,59789.94,0,0
2022-08-19 12:15:00+05:30,59789.1,59796.65,59524.29,59697.26,0,0
2022-08-19 12:45:00+05:30,59697.96,59816.62,59636.59,59790.72,0,0
2022-08-19 13:15:00+05:30,59795.53,59830.24,59627.21,59680.18,0,0
2022-08-19 13:45:00+05:30,59680.12,59687.33,59475.05,59659.58,0,0
2022-08-19 14:15:00+05:30,59659.58,59774.08,59658.47,59748.22,0,0
2022-08-19 14:45:00+05:30,59747.25,59789.1,59644.23,59672.69,0,0
2022-08-19 15:15:00+05:30,59671.72,59671.72,59526.35,59548.49,0,0
2022-08-22 09:15:00+05:30,59361.08,59399.07,59138.94,59173.62,0,0
2022-08-22 09:45:00+05:30,59173.75,59245.0,59055.79,59071.52,0,0
2022-08-22 10:15:00+05:30,59074.7,59139.03,58981.75,58989.37,0,0
2022-08-22 10:45:00+05:30,58986.56,59052.51,58949.87,59003.05,0,0
2022-08-22 11:15:00+05:30,59001.83,59018.5,58953.31,58991.58,0,0
2022-08-22 11:45:00+05:30,58991.93,59067.09,58984.43,59039.41,0,0
2022-08-22 12:15:00+05:30,59039.41,59112.38,59012.31,59013.08,0,0
2022-08-22 12:45:00+05:30,59013.5,59036.93,58907.63,58947.14,0,0
2022-08-22 13:15:00+05:30,58947.22,59010.81,58882.32,58912.56,0,0
2022-08-22 13:45:00+05:30,58912.5,58967.1,58880.54,58946.42,0,0
2022-08-22 14:15:00+05:30,58946.63,59019.32,58879.78,58884.0,0,0
2022-08-22 14:45:00+05:30,58883.73,58936.84,58706.28,58802.55,0,0
2022-08-22 15:15:00+05:30,58802.66,58826.74,58777.54,58793.06,0,0
2022-08-23 09:15:00+05:30,58205.97,58884.97,58205.97,58834.75,0,0
2022-08-23 09:45:00+05:30,58837.8,59068.25,58833.26,58842.65,0,0
2022-08-23 10:15:00+05:30,58836.22,58899.7,58504.89,58597.61,0,0
2022-08-23 10:45:00+05:30,58599.3,58634.05,58472.13,58535.9,0,0
2022-08-23 11:15:00+05:30,58534.87,58783.46,58521.25,58667.26,0,0
2022-08-23 11:45:00+05:30,58667.89,58754.76,58609.13,58647.28,0,0
2022-08-23 12:15:00+05:30,58647.45,58740.38,58593.72,58715.42,0,0
2022-08-23 12:45:00+05:30,58720.84,58940.42,58708.22,58932.98,0,0
2022-08-23 13:15:00+05:30,58932.98,59042.2,58925.29,59003.11,0,0
2022-08-23 13:45:00+05:30,59002.92,59057.1,58942.11,59029.68,0,0
2022-08-23 14:15:00+05:30,59029.95,59092.35,58929.7,58993.76,0,0
2022-08-23 14:45:00+05:30,58995.22,59007.28,58849.26,58997.72,0,0
2022-08-23 15:15:00+05:30,58997.75,59197.56,58984.72,59197.56,0,0
2022-08-24 09:15:00+05:30,58853.32,59110.15,58762.86,58832.36,0,0
2022-08-24 09:45:00+05:30,58833.44,59008.18,58799.89,58976.74,0,0
2022-08-24 10:15:00+05:30,58976.41,59080.51,58954.38,59013.64,0,0
2022-08-24 10:45:00+05:30,59013.64,59145.02,59011.81,59142.33,0,0
2022-08-24 11:15:00+05:30,59139.52,59169.25,59070.55,59121.77,0,0
2022-08-24 11:45:00+05:30,59123.82,59141.78,58952.89,58979.42,0,0
2022-08-24 12:15:00+05:30,58979.42,59086.42,58957.92,59033.93,0,0
2022-08-24 12:45:00+05:30,59033.82,59033.82,58868.66,58911.89,0,0
2022-08-24 13:15:00+05:30,58911.77,59015.49,58853.1,59015.49,0,0
2022-08-24 13:45:00+05:30,59015.49,59049.78,58946.52,58973.75,0,0
2022-08-24 14:15:00+05:30,58974.11,59034.24,58965.51,58982.47,0,0
2022-08-24 14:45:00+05:30,58982.21,59159.65,58977.7,59142.18,0,0
2022-08-24 15:15:00+05:30,59145.48,59147.92,59080.06,59118.65,0,0
2022-08-25 09:15:00+05:30,59315.98,59449.85,59290.94,59434.27,0,0
2022-08-25 09:45:00+05:30,59430.87,59469.01,59387.89,59398.18,0,0
2022-08-25 10:15:00+05:30,59398.12,59411.21,59342.8,59370.4,0,0
2022-08-25 10:45:00+05:30,59370.3,59420.75,59328.09,59332.46,0,0
2022-08-25 11:15:00+05:30,59331.01,59331.01,59200.09,59315.16,0,0
2022-08-25 11:45:00+05:30,59314.73,59409.73,59314.73,59377.49,0,0
2022-08-25 12:15:00+05:30,59378.26,59423.04,59362.72,59377.91,0,0
2022-08-25 12:45:00+05:30,59377.91,59484.35,59372.76,59441.82,0,0
2022-08-25 13:15:00+05:30,59438.98,59455.42,59381.12,59419.07,0,0
2022-08-25 13:45:00+05:30,59418.28,59424.54,59346.49,59372.32,0,0
2022-08-25 14:15:00+05:30,59371.03,59381.54,59104.8,59220.25,0,0
2022-08-25 14:45:00+05:30,59220.62,59232.53,58678.91,58716.7,0,0
2022-08-25 15:15:00+05:30,58719.4,58772.01,58670.2,58747.98,0,0
2022-08-26 09:15:00+05:30,59050.67,59321.65,59050.67,59140.64,0,0
2022-08-26 09:45:00+05:30,59141.8,59255.32,59122.73,59138.71,0,0
2022-08-26 10:15:00+05:30,59141.12,59149.09,59006.61,59016.07,0,0
2022-08-26 10:45:00+05:30,59014.98,59037.37,58940.38,58964.0,0,0
2022-08-26 11:15:00+05:30,58962.93,59057.19,58944.22,59016.13,0,0
2022-08-26 11:45:00+05:30,59016.13,59122.04,59005.16,59080.52,0,0
2022-08-26 12:15:00+05:30,59080.86,59087.71,58955.6,59072.51,0,0
2022-08-26 12:45:00+05:30,59072.51,59106.47,58891.05,58952.45,0,0
2022-08-26 13:15:00+05:30,58952.59,59010.8,58880.33,58954.75,0,0
2022-08-26 13:45:00+05:30,58954.75,59039.96,58930.12,58981.2,0,0
2022-08-26 14:15:00+05:30,58982.34,59012.71,58901.43,58941.64,0,0
2022-08-26 14:45:00+05:30,58941.64,58966.76,58723.44,58828.49,0,0
2022-08-26 15:15:00+05:30,58826.94,58966.63,58825.8,58930.71,0,0
2022-08-29 09:15:00+05:30,57367.47,57897.36,57367.47,57881.46,0,0
2022-08-29 09:45:00+05:30,57880.89,58066.54,57845.92,58015.53,0,0
2022-08-29 10:15:00+05:30,58016.07,58051.32,57964.7,58001.54,0,0
2022-08-29 10:45:00+05:30,58000.58,58022.25,57886.53,57891.9,0,0
2022-08-29 11:15:00+05:30,57895.02,58092.31,57889.74,58061.89,0,0
2022-08-29 11:45:00+05:30,58063.25,58087.12,58006.18,58028.06,0,0
2022-08-29 12:15:00+05:30,58027.71,58175.27,58026.7,58082.7,0,0
2022-08-29 12:45:00+05:30,58080.91,58102.49,57981.16,58029.8,0,0
2022-08-29 13:15:00+05:30,58029.49,58111.22,58021.45,58084.36,0,0
2022-08-29 13:45:00+05:30,58084.36,58208.26,58061.1,58143.79,0,0
2022-08-29 14:15:00+05:30,58143.47,58157.65,57980.13,58053.95,0,0
2022-08-29 14:45:00+05:30,58057.66,58064.5,57905.37,57910.74,0,0
2022-08-29 15:15:00+05:30,57908.19,58069.1,57907.63,58053.97,0,0
2022-08-30 09:15:00+05:30,58259.85,58487.95,58255.34,58452.91,0,0
2022-08-30 09:45:00+05:30,58453.08,58516.86,58424.33,58503.1,0,0
2022-08-30 10:15:00+05:30,58499.56,58640.6,58447.76,58638.33,0,0
2022-08-30 10:45:00+05:30,58638.33,58732.24,58621.42,58722.86,0,0
2022-08-30 11:15:00+05:30,58724.1,58790.87,58711.16,58778.93,0,0
2022-08-30 11:45:00+05:30,58778.23,58890.09,58736.11,58883.46,0,0
2022-08-30 12:15:00+05:30,58882.78,58966.35,58863.51,58956.31,0,0
2022-08-30 12:45:00+05:30,58954.8,59089.94,58954.8,59089.66,0,0
2022-08-30 13:15:00+05:30,59084.87,59194.84,59071.53,59192.33,0,0
2022-08-30 13:45:00+05:30,59188.15,59207.43,59116.76,59166.14,0,0
2022-08-30 14:15:00+05:30,59166.71,59302.1,59166.71,59286.66,0,0
2022-08-30 14:45:00+05:30,59284.35,59587.26,59256.04,59543.85,0,0
2022-08-30 15:15:00+05:30,59544.12,59597.57,59470.77,59503.63,0,0
2022-09-01 09:15:00+05:30,58710.53,59096.54,58659.24,59084.03,0,0
2022-09-01 09:45:00+05:30,59082.99,59227.15,58933.47,59194.07,0,0
2022-09-01 10:15:00+05:30,59193.12,59309.61,59074.39,59164.28,0,0
2022-09-01 10:45:00+05:30,59164.14,59183.25,59059.27,59133.09,0,0
2022-09-01 11:15:00+05:30,59131.72,59196.66,59102.83,59128.2,0,0
2022-09-01 11:45:00+05:30,59127.94,59127.94,58852.65,59030.05,0,0
2022-09-01 12:15:00+05:30,59028.94,59035.75,58913.76,59003.29,0,0
2022-09-01 12:45:00+05:30,59004.08,59029.17,58752.42,58804.85,0,0
2022-09-01 13:15:00+05:30,58802.55,58907.19,58732.54,58802.06,0,0
2022-09-01 13:45:00+05:30,58802.81,58806.85,58525.06,58697.18,0,0
2022-09-01 14:15:00+05:30,58697.94,58873.27,58618.93,58834.18,0,0
2022-09-01 14:45:00+05:30,58833.58,58865.19,58648.66,58811.76,0,0
2022-09-01 15:15:00+05:30,58811.42,58845.36,58737.63,58845.36,0,0
2022-09-02 09:15:00+05:30,58969.02,59104.53,58676.87,58777.8,0,0
2022-09-02 09:45:00+05:30,58783.87,58899.38,58558.75,58610.33,0,0
2022-09-02 10:15:00+05:30,58611.24,58785.99,58567.38,58763.12,0,0
2022-09-02 10:45:00+05:30,58763.54,58802.81,58629.94,58740.72,0,0
2022-09-02 11:15:00+05:30,58740.07,58772.39,58655.03,58763.64,0,0
2022-09-02 11:45:00+05:30,58762.97,58846.73,58728.1,58811.8,0,0
2022-09-02 12:15:00+05:30,58813.91,58887.57,58808.85,58872.03,0,0
2022-09-02 12:45:00+05:30,58867.95,58946.0,58841.2,58942.07,0,0
2022-09-02 13:15:00+05:30,58944.47,58983.36,58902.97,58924.43,0,0
2022-09-02 13:45:00+05:30,58923.93,59054.71,58899.99,59033.8,0,0
2022-09-02 14:15:00+05:30,59034.15,59072.19,58883.78,58890.02,0,0
2022-09-02 14:45:00+05:30,58888.33,58888.33,58735.7,58838.6,0,0
2022-09-02 15:15:00+05:30,58844.17,58878.65,58740.5,58767.92,0,0
2022-09-05 09:15:00+05:30,58814.08,59199.29,58812.56,59169.29,0,0
2022-09-05 09:45:00+05:30,59168.99,59233.11,59069.11,59194.69,0,0
2022-09-05 10:15:00+05:30,59197.1,59232.57,59132.89,59167.27,0,0
2022-09-05 10:45:00+05:30,59166.92,59203.09,59100.66,59149.28,0,0
2022-09-05 11:15:00+05:30,59149.29,59165.52,59101.64,59150.26,0,0
2022-09-05 11:45:00+05:30,59149.83,59248.72,59148.81,59245.89,0,0
2022-09-05 12:15:00+05:30,59241.42,59303.15,59231.95,59278.49,0,0
2022-09-05 12:45:00+05:30,59277.35,59307.87,59191.69,59193.42,0,0
2022-09-05 13:15:00+05:30,59194.81,59217.16,59130.9,59141.07,0,0
2022-09-05 13:45:00+05:30,59136.84,59285.63,59131.65,59245.74,0,0
2022-09-05 14:15:00+05:30,59245.74,59308.02,59215.33,59265.35,0,0
2022-09-05 14:45:00+05:30,59265.52,59297.24,59204.07,59268.54,0,0
2022-09-05 15:15:00+05:30,59268.8,59270.01,59191.74,59218.73,0,0
2022-09-06 09:15:00+05:30,59285.36,59565.63,59249.33,59272.31,0,0
2022-09-06 09:45:00+05:30,59269.36,59305.94,59134.32,59160.44,0,0
2022-09-06 10:15:00+05:30,59160.73,59160.73,58975.48,59024.11,0,0
2022-09-06 10:45:00+05:30,59023.98,59247.41,59019.62,59245.72,0,0
2022-09-06 11:15:00+05:30,59247.48,59271.35,59175.06,59260.2,0,0
2022-09-06 11:45:00+05:30,59260.2,59358.19,59235.38,59305.5,0,0
2022-09-06 12:15:00+05:30,59305.41,59394.75,59299.1,59383.51,0,0
2022-09-06 12:45:00+05:30,59382.92,59409.77,59292.32,59341.13,0,0
2022-09-06 13:15:00+05:30,59342.65,59410.02,59310.38,59341.2,0,0
2022-09-06 13:45:00+05:30,59338.42,59357.1,59265.4,59354.79,0,0
2022-09-06 14:15:00+05:30,59355.17,59382.16,59162.07,59163.74,0,0
2022-09-06 14:45:00+05:30,59162.67,59291.88,59151.09,59188.96,0,0
2022-09-06 15:15:00+05:30,59191.02,59210.25,59142.49,59179.66,0,0
2022-09-07 09:15:00+05:30,58789.26,58953.25,58728.87,58910.28,0,0
2022-09-07 09:45:00+05:30,58911.75,58970.68,58856.31,58921.1,0,0
2022-09-07 10:15:00+05:30,58921.63,58944.67,58862.6,58878.58,0,0
2022-09-07 10:45:00+05:30,58877.9,58895.8,58787.67,58794.77,0,0
2022-09-07 11:15:00+05:30,58793.54,58897.07,58780.4,58885.05,0,0
2022-09-07 11:45:00+05:30,58885.03,59063.55,58882.32,59061.01,0,0
2022-09-07 12:15:00+05:30,59061.46,59128.07,59038.81,59070.04,0,0
2022-09-07 12:45:00+05:30,59071.03,59076.91,59009.9,59054.25,0,0
2022-09-07 13:15:00+05:30,59054.19,59165.65,59052.84,59106.81,0,0
2022-09-07 13:45:00+05:30,59106.81,59128.55,59056.51,59072.7,0,0
2022-09-07 14:15:00+05:30,59071.48,59125.29,58970.54,58994.54,0,0
2022-09-07 14:45:00+05:30,58994.34,59042.64,58967.34,59004.55,0,0
2022-09-07 15:15:00+05:30,59002.49,59073.92,58995.03,59050.68,0,0
2022-09-08 09:15:00+05:30,59374.99,59638.19,59374.99,59577.32,0,0
2022-09-08 09:45:00+05:30,59576.48,59602.4,59515.41,59572.48,0,0
2022-09-08 10:15:00+05:30,59570.21,59620.07,59431.23,59466.1,0,0
2022-09-08 10:45:00+05:30,59468.08,59529.96,59438.3,59485.14,0,0
2022-09-08 11:15:00+05:30,59484.75,59487.24,59404.66,59478.8,0,0
2022-09-08 11:45:00+05:30,59479.48,59519.47,59464.22,59507.83,0,0
2022-09-08 12:15:00+05:30,59507.45,59542.81,59439.72,59511.53,0,0
2022-09-08 12:45:00+05:30,59512.14,59512.96,59316.95,59419.45,0,0
2022-09-08 13:15:00+05:30,59419.36,59507.18,59412.12,59489.51,0,0
2022-09-08 13:45:00+05:30,59489.51,59531.09,59411.79,59498.57,0,0
2022-09-08 14:15:00+05:30,59498.93,59633.22,59487.26,59616.7,0,0
2022-09-08 14:45:00+05:30,59616.34,59709.14,59602.92,59671.23,0,0
2022-09-08 15:15:00+05:30,59675.97,59710.63,59653.13,59670.83,0,0
2022-09-09 09:15:00+05:30,60045.75,60117.65,59899.86,59976.55,0,0
2022-09-09 09:45:00+05:30,59972.32,60020.07,59928.02,59971.27,0,0
2022-09-09 10:15:00+05:30,59969.72,60062.08,59958.7,59975.62,0,0
2022-09-09 10:45:00+05:30,59973.59,59998.33,59920.29,59948.2,0,0
2022-09-09 11:15:00+05:30,59947.74,59948.59,59850.3,59868.97,0,0
2022-09-09 11:45:00+05:30,59868.97,59903.07,59758.5,59758.67,0,0
2022-09-09 12:15:00+05:30,59758.81,59869.75,59735.9,59868.46,0,0
2022-09-09 12:45:00+05:30,59866.84,59875.82,59754.91,59769.44,0,0
2022-09-09 13:15:00+05:30,59769.27,59791.26,59635.32,59732.89,0,0
2022-09-09 13:45:00+05:30,59730.09,59864.94,59730.09,59838.14,0,0
2022-09-09 14:15:00+05:30,59837.57,59894.63,59790.19,59869.92,0,0
2022-09-09 14:45:00+05:30,59870.78,59906.09,59813.73,59820.81,0,0
2022-09-09 15:15:00+05:30,59819.02,59822.55,59709.65,59788.57,0,0
2022-09-12 09:15:00+05:30,59912.29,60147.09,59912.29,60136.37,0,0
2022-09-12 09:45:00+05:30,60131.39,60248.88,60126.58,60242.47,0,0
2022-09-12 10:15:00+05:30,60243.44,60258.43,60131.12,60158.95,0,0
2022-09-12 10:45:00+05:30,60160.5,60202.46,60120.26,60179.23,0,0
2022-09-12 11:15:00+05:30,60178.62,60229.25,60173.92,60208.63,0,0
2022-09-12 11:45:00+05:30,60204.65,60257.15,60176.4,60245.8,0,0
2022-09-12 12:15:00+05:30,60244.85,60255.38,60198.73,60223.09,0,0
2022-09-12 12:45:00+05:30,60223.27,60224.07,60162.13,60187.83,0,0
2022-09-12 13:15:00+05:30,60187.1,60207.81,60151.85,60177.21,0,0
2022-09-12 13:45:00+05:30,60177.86,60283.54,60139.95,60276.33,0,0
2022-09-12 14:15:00+05:30,60275.81,60280.9,60146.08,60152.91,0,0
2022-09-12 14:45:00+05:30,60152.03,60225.29,60099.54,60109.77,0,0
2022-09-12 15:15:00+05:30,60108.42,60124.26,60067.35,60104.79,0,0
2022-09-13 09:15:00+05:30,60408.29,60535.7,60384.91,60521.76,0,0
2022-09-13 09:45:00+05:30,60519.28,60545.67,60480.99,60525.12,0,0
2022-09-13 10:15:00+05:30,60521.9,60549.92,60381.46,60475.48,0,0
2022-09-13 10:45:00+05:30,60475.48,60522.23,60455.73,60508.37,0,0
2022-09-13 11:15:00+05:30,60508.37,60524.96,60449.02,60516.37,0,0
2022-09-13 11:45:00+05:30,60516.4,60598.74,60499.6,60581.83,0,0
2022-09-13 12:15:00+05:30,60581.77,60610.47,60527.91,60541.46,0,0
2022-09-13 12:45:00+05:30,60541.38,60603.46,60541.38,60569.0,0,0
2022-09-13 13:15:00+05:30,60569.72,60591.1,60536.75,60547.33,0,0
2022-09-13 13:45:00+05:30,60546.79,60635.2,60545.39,60613.95,0,0
2022-09-13 14:15:00+05:30,60615.11,60618.49,60547.13,60608.12,0,0
2022-09-13 14:45:00+05:30,60608.27,60627.63,60562.62,60571.15,0,0
2022-09-13 15:15:00+05:30,60569.28,60596.75,60530.9,60564.99,0,0
2022-09-14 09:15:00+05:30,59417.12,60070.36,59417.12,60054.11,0,0
2022-09-14 09:45:00+05:30,60054.46,60120.8,59927.71,60031.96,0,0
2022-09-14 10:15:00+05:30,60025.72,60089.2,59991.73,60047.59,0,0
2022-09-14 10:45:00+05:30,60048.18,60176.65,60040.04,60150.83,0,0
2022-09-14 11:15:00+05:30,60150.46,60224.46,60140.51,60224.45,0,0
2022-09-14 11:45:00+05:30,60224.94,60372.67,60206.8,60341.34,0,0
2022-09-14 12:15:00+05:30,60337.71,60484.2,60323.72,60477.21,0,0
2022-09-14 12:45:00+05:30,60473.79,60530.43,60378.79,60525.31,0,0
2022-09-14 13:15:00+05:30,60524.63,60547.97,60482.5,60488.21,0,0
2022-09-14 13:45:00+05:30,60489.26,60571.76,60341.65,60570.58,0,0
2022-09-14 14:15:00+05:30,60569.78,60649.04,60536.07,60609.78,0,0
2022-09-14 14:45:00+05:30,60607.35,60621.69,60284.88,60289.28,0,0
2022-09-14 15:15:00+05:30,60285.4,60359.42,60250.36,60343.85,0,0
2022-09-15 09:15:00+05:30,60454.37,60673.77,60402.24,60465.98,0,0
2022-09-15 09:45:00+05:30,60468.72,60520.79,60156.06,60256.71,0,0
2022-09-15 10:15:00+05:30,60250.57,60349.25,60076.33,60076.33,0,0
2022-09-15 10:45:00+05:30,60075.42,60110.0,59931.55,59963.98,0,0
2022-09-15 11:15:00+05:30,59964.22,60156.91,59889.64,60085.18,0,0
2022-09-15 11:45:00+05:30,60083.77,60102.71,59937.33,59998.39,0,0
2022-09-15 12:15:00+05:30,59998.03,60067.71,59948.27,60018.77,0,0
2022-09-15 12:45:00+05:30,60018.56,60157.48,60017.42,60094.98,0,0
2022-09-15 13:15:00+05:30,60094.98,60132.79,59938.51,59950.29,0,0
2022-09-15 13:45:00+05:30,59950.51,60076.95,59898.75,60056.04,0,0
2022-09-15 14:15:00+05:30,60059.88,60226.88,60017.35,60171.82,0,0
2022-09-15 14:45:00+05:30,60171.82,60175.4,59919.93,59931.7,0,0
2022-09-15 15:15:00+05:30,59932.41,59937.95,59869.93,59919.15,0,0
2022-09-16 09:15:00+05:30,59585.72,59713.0,59401.04,59478.72,0,0
2022-09-16 09:45:00+05:30,59479.97,59515.06,59155.48,59232.64,0,0
2022-09-16 10:15:00+05:30,59235.1,59442.4,59160.37,59350.38,0,0
2022-09-16 10:45:00+05:30,59353.61,59400.86,59292.51,59348.35,0,0
2022-09-16 11:15:00+05:30,59348.45,59354.94,59240.35,59285.66,0,0
2022-09-16 11:45:00+05:30,59281.85,59335.27,59181.44,59201.42,0,0
2022-09-16 12:15:00+05:30,59202.64,59299.72,59183.5,59233.12,0,0
2022-09-16 12:45:00+05:30,59234.57,59265.2,59033.29,59037.84,0,0
2022-09-16 13:15:00+05:30,59035.09,59069.41,58942.64,58957.87,0,0
2022-09-16 13:45:00+05:30,58958.17,59001.18,58797.06,58824.46,0,0
2022-09-16 14:15:00+05:30,58822.74,59070.61,58743.45,59038.29,0,0
2022-09-16 14:45:00+05:30,59038.03,59091.26,58687.71,58846.21,0,0
2022-09-16 15:15:00+05:30,58850.27,58879.19,58742.1,58879.19,0,0
2022-09-19 09:15:00+05:30,58747.31,58993.82,58489.7,58870.57,0,0
2022-09-19 09:45:00+05:30,58873.96,59239.9,58873.07,59142.05,0,0
2022-09-19 10:15:00+05:30,59143.88,59276.21,59110.89,59218.34,0,0
2022-09-19 10:45:00+05:30,59221.89,59275.56,59155.64,59224.96,0,0
2022-09-19 11:15:00+05:30,59222.66,59260.52,59028.57,59032.36,0,0
2022-09-19 11:45:00+05:30,59034.3,59215.55,59001.32,59160.68,0,0
2022-09-19 12:15:00+05:30,59160.87,59242.42,59104.78,59156.56,0,0
2022-09-19 12:45:00+05:30,59157.57,59206.66,59100.63,59149.18,0,0
2022-09-19 13:15:00+05:30,59147.46,59171.55,59037.72,59152.99,0,0
2022-09-19 13:45:00+05:30,59153.67,59271.31,59153.67,59227.58,0,0
2022-09-19 14:15:00+05:30,59227.96,59264.92,59102.07,59180.05,0,0
2022-09-19 14:45:00+05:30,59179.89,59189.31,59022.89,59146.76,0,0
2022-09-19 15:15:00+05:30,59148.66,59217.72,59132.28,59190.06,0,0
2022-09-20 09:15:00+05:30,59556.91,59831.82,59556.91,59786.28,0,0
2022-09-20 09:45:00+05:30,59786.07,59931.25,59786.07,59907.04,0,0
2022-09-20 10:15:00+05:30,59905.65,59950.28,59872.09,59873.43,0,0
2022-09-20 10:45:00+05:30,59867.89,59966.86,59852.88,59937.23,0,0
2022-09-20 11:15:00+05:30,59937.41,59962.79,59852.44,59929.97,0,0
2022-09-20 11:45:00+05:30,59929.59,60008.7,59868.65,59978.97,0,0
2022-09-20 12:15:00+05:30,59980.41,60105.79,59956.26,60068.68,0,0
2022-09-20 12:45:00+05:30,60069.85,60094.54,60018.83,60077.75,0,0
2022-09-20 13:15:00+05:30,60076.56,60084.32,59904.1,59922.24,0,0
2022-09-20 13:45:00+05:30,59923.83,60040.28,59885.58,59977.88,0,0
2022-09-20 14:15:00+05:30,59977.94,59992.15,59885.73,59910.56,0,0
2022-09-20 14:45:00+05:30,59911.93,59923.11,59695.33,59699.94,0,0
2022-09-20 15:15:00+05:30,59698.93,59732.36,59617.93,59649.8,0,0
2022-09-21 09:15:00+05:30,59504.14,59799.01,59504.14,59630.03,0,0
2022-09-21 09:45:00+05:30,59630.51,59690.48,59502.53,59683.49,0,0
2022-09-21 10:15:00+05:30,59683.93,59767.22,59635.57,59694.64,0,0
2022-09-21 10:45:00+05:30,59693.11,59754.58,59682.63,59716.18,0,0
2022-09-21 11:15:00+05:30,59716.18,59742.5,59528.99,59539.02,0,0
2022-09-21 11:45:00+05:30,59538.96,59561.0,59275.6,59342.3,0,0
2022-09-21 12:15:00+05:30,59346.56,59436.76,59278.22,59436.33,0,0
2022-09-21 12:45:00+05:30,59435.74,59535.54,59408.58,59421.91,0,0
2022-09-21 13:15:00+05:30,59421.91,59587.58,59413.98,59548.7,0,0
2022-09-21 13:45:00+05:30,59547.5,59694.45,59547.5,59672.58,0,0
2022-09-21 14:15:00+05:30,59670.36,59683.52,59521.81,59569.88,0,0
2022-09-21 14:45:00+05:30,59565.47,59578.12,59436.23,59459.5,0,0
2022-09-21 15:15:00+05:30,59458.49,59486.03,59418.58,59458.37,0,0
2022-09-22 09:15:00+05:30,59073.84,59379.89,58981.33,59246.46,0,0
2022-09-22 09:45:00+05:30,59244.72,59402.91,59182.09,59281.93,0,0
2022-09-22 10:15:00+05:30,59278.75,59279.44,59047.82,59111.07,0,0
2022-09-22 10:45:00+05:30,59109.72,59236.77,59107.47,59162.52,0,0
2022-09-22 11:15:00+05:30,59159.23,59163.45,58968.32,59001.93,0,0
2022-09-22 11:45:00+05:30,59001.56,59029.05,58881.99,58930.18,0,0
2022-09-22 12:15:00+05:30,58930.54,58979.04,58869.6,58902.65,0,0
2022-09-22 12:45:00+05:30,58901.23,59076.32,58832.78,59070.35,0,0
2022-09-22 13:15:00+05:30,59070.35,59314.96,59066.72,59255.78,0,0
2022-09-22 13:45:00+05:30,59253.31,59456.26,59253.31,59346.77,0,0
2022-09-22 14:15:00+05:30,59346.68,59433.88,59264.03,59302.29,0,0
2022-09-22 14:45:00+05:30,59301.6,59354.1,59066.75,59101.85,0,0
2022-09-22 15:15:00+05:30,59100.24,59175.04,59074.17,59170.85,0,0
2022-09-23 09:15:00+05:30,59005.18,59143.07,58527.23,58540.16,0,0
2022-09-23 09:45:00+05:30,58539.77,58660.78,58438.7,58530.8,0,0
2022-09-23 10:15:00+05:30,58528.17,58597.54,58406.63,58445.24,0,0
2022-09-23 10:45:00+05:30,58451.73,58577.44,58427.79,58469.54,0,0
2022-09-23 11:15:00+05:30,58469.4,58546.79,58380.04,58500.3,0,0
2022-09-23 11:45:00+05:30,58501.37,58575.26,58431.8,58450.11,0,0
2022-09-23 12:15:00+05:30,58447.98,58483.25,58293.75,58318.47,0,0
2022-09-23 12:45:00+05:30,58316.29,58369.39,58267.67,58304.48,0,0
2022-09-23 13:15:00+05:30,58303.5,58391.53,58233.5,58238.85,0,0
2022-09-23 13:45:00+05:30,58238.06,58290.74,58159.35,58223.27,0,0
2022-09-23 14:15:00+05:30,58225.61,58251.35,57982.37,58135.42,0,0
2022-09-23 14:45:00+05:30,58134.18,58220.18,58051.15,58094.23,0,0
2022-09-23 15:15:00+05:30,58091.49,58150.11,58053.88,58137.06,0,0
2022-09-26 09:15:00+05:30,57525.03,57707.32,57267.39,57269.94,0,0
2022-09-26 09:45:00+05:30,57271.55,57400.6,57184.17,57258.2,0,0
2022-09-26 10:15:00+05:30,57252.2,57305.06,57124.01,57237.73,0,0
2022-09-26 10:45:00+05:30,57237.72,57278.85,57038.66,57097.96,0,0
2022-09-26 11:15:00+05:30,57097.27,57335.26,57084.5,57169.5,0,0
2022-09-26 11:45:00+05:30,57168.97,57350.8,57128.6,57312.97,0,0
2022-09-26 12:15:00+05:30,57314.52,57548.6,57221.57,57548.6,0,0
2022-09-26 12:45:00+05:30,57548.8,57653.52,57462.32,57638.73,0,0
2022-09-26 13:15:00+05:30,57639.76,57650.92,57343.52,57449.48,0,0
2022-09-26 13:45:00+05:30,57449.97,57452.92,57294.59,57328.62,0,0
2022-09-26 14:15:00+05:30,57327.53,57549.0,57260.34,57385.92,0,0
2022-09-26 14:45:00+05:30,57377.96,57414.1,57043.36,57169.82,0,0
2022-09-26 15:15:00+05:30,57169.96,57215.8,57143.31,57215.8,0,0
2022-09-27 09:15:00+05:30,57376.52,57704.43,57319.19,57409.46,0,0
2022-09-27 09:45:00+05:30,57406.93,57473.59,57216.21,57247.96,0,0
2022-09-27 10:15:00+05:30,57249.06,57362.38,57158.2,57257.74,0,0
2022-09-27 10:45:00+05:30,57257.56,57263.25,56951.23,56958.73,0,0
2022-09-27 11:15:00+05:30,56957.16,57227.22,56951.56,57197.14,0,0
2022-09-27 11:45:00+05:30,57199.78,57382.35,57193.15,57301.04,0,0
2022-09-27 12:15:00+05:30,57302.17,57338.67,57183.01,57183.11,0,0
2022-09-27 12:45:00+05:30,57186.85,57424.49,57177.96,57372.83,0,0
2022-09-27 13:15:00+05:30,57372.83,57509.34,57351.49,57401.01,0,0
2022-09-27 13:45:00+05:30,57401.01,57436.25,57246.7,57247.45,0,0
2022-09-27 14:15:00+05:30,57249.64,57346.72,57031.6,57071.48,0,0
2022-09-27 14:45:00+05:30,57071.97,57154.77,56980.8,57088.66,0,0
2022-09-27 15:15:00+05:30,57089.37,57221.73,57089.37,57221.5,0,0
2022-09-28 09:15:00+05:30,56710.13,56819.26,56499.62,56751.57,0,0
2022-09-28 09:45:00+05:30,56755.16,56977.07,56732.83,56958.52,0,0
2022-09-28 10:15:00+05:30,56957.8,57017.26,56756.21,56772.36,0,0
2022-09-28 10:45:00+05:30,56767.73,56981.59,56735.89,56976.73,0,0
2022-09-28 11:15:00+05:30,56979.26,57097.03,56945.48,57084.86,0,0
2022-09-28 11:45:00+05:30,57084.31,57212.23,57027.37,57170.49,0,0
2022-09-28 12:15:00+05:30,57173.88,57174.39,56999.22,57044.44,0,0
2022-09-28 12:45:00+05:30,57045.03,57068.9,56946.55,56991.1,0,0
2022-09-28 13:15:00+05:30,56987.99,57106.69,56935.91,56952.32,0,0
2022-09-28 13:45:00+05:30,56949.75,57024.99,56869.0,56894.27,0,0
2022-09-28 14:15:00+05:30,56896.24,56941.63,56726.47,56730.64,0,0
2022-09-28 14:45:00+05:30,56730.99,56731.85,56615.67,56615.67,0,0
2022-09-28 15:15:00+05:30,56613.5,56620.78,56485.67,56522.71,0,0
2022-09-29 09:15:00+05:30,56997.9,57163.63,56932.53,57068.01,0,0
2022-09-29 09:45:00+05:30,57069.97,57114.32,56903.36,57016.91,0,0
2022-09-29 10:15:00+05:30,57017.18,57017.97,56840.76,56856.74,0,0
2022-09-29 10:45:00+05:30,56856.07,56967.54,56794.31,56803.42,0,0
2022-09-29 11:15:00+05:30,56801.31,56848.56,56779.13,56782.41,0,0
2022-09-29 11:45:00+05:30,56782.41,56782.41,56604.94,56680.57,0,0
2022-09-29 12:15:00+05:30,56681.74,56736.94,56534.9,56611.46,0,0
2022-09-29 12:45:00+05:30,56611.01,56611.01,56355.01,56411.95,0,0
2022-09-29 13:15:00+05:30,56410.82,56515.94,56314.05,56435.78,0,0
2022-09-29 13:45:00+05:30,56436.13,56517.66,56348.56,56469.89,0,0
2022-09-29 14:15:00+05:30,56469.96,56640.39,56406.63,56621.86,0,0
2022-09-29 14:45:00+05:30,56621.39,56629.8,56330.92,56465.06,0,0
2022-09-29 15:15:00+05:30,56460.66,56521.89,56379.66,56512.22,0,0
2022-09-30 09:15:00+05:30,56240.15,56437.81,56148.49,56411.89,0,0
2022-09-30 09:45:00+05:30,56407.69,56542.55,56219.93,56542.55,0,0
2022-09-30 10:15:00+05:30,56538.0,56907.16,56538.0,56871.37,0,0
2022-09-30 10:45:00+05:30,56871.68,56957.04,56750.88,56872.63,0,0
2022-09-30 11:15:00+05:30,56872.63,56968.09,56815.24,56946.91,0,0
2022-09-30 11:45:00+05:30,56947.27,57059.76,56876.1,57023.62,0,0
2022-09-30 12:15:00+05:30,57022.38,57385.05,57018.78,57352.22,0,0
2022-09-30 12:45:00+05:30,57350.84,57423.9,57296.54,57296.82,0,0
2022-09-30 13:15:00+05:30,57296.82,57474.3,57296.82,57472.24,0,0
2022-09-30 13:45:00+05:30,57478.3,57635.85,57464.76,57627.41,0,0
2022-09-30 14:15:00+05:30,57628.7,57721.71,57545.43,57561.04,0,0
2022-09-30 14:45:00+05:30,57562.39,57594.13,57307.23,57315.51,0,0
2022-09-30 15:15:00+05:30,57320.33,57512.31,57313.95,57470.81,0,0
2022-10-03 09:15:00+05:30,57403.92,57452.46,56989.24,57034.26,0,0
2022-10-03 09:45:00+05:30,57032.63,57152.22,56875.54,56980.41,0,0
2022-10-03 10:15:00+05:30,56978.96,57056.79,56912.86,56947.99,0,0
2022-10-03 10:45:00+05:30,56951.38,56988.59,56877.73,56986.18,0,0
2022-10-03 11:15:00+05:30,56988.77,57254.05,56988.11,57250.4,0,0
2022-10-03 11:45:00+05:30,57249.33,57259.83,57103.5,57112.96,0,0
2022-10-03 12:15:00+05:30,57112.96,57164.73,57018.04,57070.85,0,0
2022-10-03 12:45:00+05:30,57070.85,57230.2,57064.68,57155.49,0,0
2022-10-03 13:15:00+05:30,57156.88,57260.07,57054.27,57098.98,0,0
2022-10-03 13:45:00+05:30,57099.05,57099.79,56872.63,56913.08,0,0
2022-10-03 14:15:00+05:30,56910.86,56976.07,56803.24,56805.49,0,0
2022-10-03 14:45:00+05:30,56808.33,56843.21,56684.14,56788.86,0,0
2022-10-03 15:15:00+05:30,56789.2,56814.21,56730.73,56751.79,0,0
2022-10-04 09:15:00+05:30,57506.65,57972.66,57506.65,57809.09,0,0
2022-10-04 09:45:00+05:30,57810.38,58035.28,57804.13,57939.86,0,0
2022-10-04 10:15:00+05:30,57939.86,57999.26,57907.09,57998.89,0,0
2022-10-04 10:45:00+05:30,58000.24,58021.34,57792.2,57866.67,0,0
2022-10-04 11:15:00+05:30,57867.41,57890.3,57796.63,57874.12,0,0
2022-10-04 11:45:00+05:30,57875.15,57954.34,57852.66,57934.71,0,0
2022-10-04 12:15:00+05:30,57934.71,58031.68,57891.4,58001.85,0,0
2022-10-04 12:45:00+05:30,58002.01,58016.83,57942.11,57966.99,0,0
2022-10-04 13:15:00+05:30,57967.74,58030.37,57941.19,57990.17,0,0
2022-10-04 13:45:00+05:30,57986.34,58038.38,57926.23,58003.82,0,0
2022-10-04 14:15:00+05:30,58003.82,58049.88,57943.75,57943.75,0,0
2022-10-04 14:45:00+05:30,57943.59,58093.77,57927.51,58059.96,0,0
2022-10-04 15:15:00+05:30,58059.71,58099.43,58047.5,58079.92,0,0
2022-10-06 09:15:00+05:30,58314.05,58575.51,58314.05,58341.28,0,0
2022-10-06 09:45:00+05:30,58341.08,58543.59,58294.29,58491.32,0,0
2022-10-06 10:15:00+05:30,58490.78,58556.65,58443.62,58475.92,0,0
2022-10-06 10:45:00+05:30,58478.18,58540.75,58427.06,58485.86,0,0
2022-10-06 11:15:00+05:30,58485.14,58485.14,58290.76,58360.81,0,0
2022-10-06 11:45:00+05:30,58360.81,58431.3,58316.79,58424.21,0,0
2022-10-06 12:15:00+05:30,58426.86,58462.98,58356.86,58443.24,0,0
2022-10-06 12:45:00+05:30,58444.54,58519.21,58441.54,58477.25,0,0
2022-10-06 13:15:00+05:30,58477.78,58530.61,58420.17,58472.43,0,0
2022-10-06 13:45:00+05:30,58474.06,58482.25,58308.57,58329.68,0,0
2022-10-06 14:15:00+05:30,58328.45,58332.89,58235.73,58272.81,0,0
2022-10-06 14:45:00+05:30,58270.38,58340.63,58189.49,58210.1,0,0
2022-10-06 15:15:00+05:30,58214.86,58226.84,58174.76,58182.54,0,0
2022-10-07 09:15:00+05:30,58092.56,58178.18,57912.48,57978.61,0,0
2022-10-07 09:45:00+05:30,57978.92,58230.54,57978.92,58087.68,0,0
2022-10-07 10:15:00+05:30,58088.75,58102.07,57985.54,58041.09,0,0
2022-10-07 10:45:00+05:30,58042.06,58042.06,57939.58,58017.98,0,0
2022-10-07 11:15:00+05:30,58017.28,58043.39,57954.79,57986.59,0,0
2022-10-07 11:45:00+05:30,57986.84,58023.15,57851.15,57894.58,0,0
2022-10-07 12:15:00+05:30,57895.08,58070.85,57890.55,58061.27,0,0
2022-10-07 12:45:00+05:30,58061.27,58080.89,58008.73,58015.5,0,0
2022-10-07 13:15:00+05:30,58015.03,58060.41,57973.98,58053.07,0,0
2022-10-07 13:45:00+05:30,58053.07,58126.37,58040.11,58077.29,0,0
2022-10-07 14:15:00+05:30,58077.6,58179.22,58065.13,58154.66,0,0
2022-10-07 14:45:00+05:30,58156.13,58269.1,58142.54,58168.25,0,0
2022-10-07 15:15:00+05:30,58166.88,58218.19,58162.38,58191.2,0,0
2022-10-10 09:15:00+05:30,57424.07,57621.71,57370.42,57528.17,0,0
2022-10-10 09:45:00+05:30,57521.71,57521.71,57383.45,57432.15,0,0
2022-10-10 10:15:00+05:30,57433.86,57549.66,57409.99,57466.89,0,0
2022-10-10 10:45:00+05:30,57467.7,57589.71,57464.81,57576.04,0,0
2022-10-10 11:15:00+05:30,57576.04,57737.4,57552.53,57737.4,0,0
2022-10-10 11:45:00+05:30,57739.79,57907.86,57715.29,57893.52,0,0
2022-10-10 12:15:00+05:30,57892.55,58094.97,57832.58,58085.13,0,0
2022-10-10 12:45:00+05:30,58085.11,58124.38,57960.06,57976.51,0,0
2022-10-10 13:15:00+05:30,57977.72,57994.91,57822.29,57935.26,0,0
2022-10-10 13:45:00+05:30,57936.99,57940.3,57661.29,57718.29,0,0
2022-10-10 14:15:00+05:30,57718.53,57937.19,57711.19,57839.95,0,0
2022-10-10 14:45:00+05:30,57838.98,58055.05,57838.98,58026.31,0,0
2022-10-10 15:15:00+05:30,58023.84,58042.93,57974.06,58035.67,0,0
2022-10-11 09:15:00+05:30,58004.25,58023.98,57746.28,57822.77,0,0
2022-10-11 09:45:00+05:30,57822.57,57846.5,57670.02,57783.98,0,0
2022-10-11 10:15:00+05:30,57785.49,57836.97,57583.25,57755.39,0,0
2022-10-11 10:45:00+05:30,57758.34,57780.83,57685.19,57698.26,0,0
2022-10-11 11:15:00+05:30,57698.26,57825.48,57689.69,57814.78,0,0
2022-10-11 11:45:00+05:30,57817.24,57923.27,57814.55,57890.39,0,0
2022-10-11 12:15:00+05:30,57890.39,57902.95,57567.94,57593.58,0,0
2022-10-11 12:45:00+05:30,57593.41,57764.23,57571.56,57643.93,0,0
2022-10-11 13:15:00+05:30,57643.56,57701.76,57571.91,57673.16,0,0
2022-10-11 13:45:00+05:30,57674.74,57684.7,57578.47,57675.23,0,0
2022-10-11 14:15:00+05:30,57673.3,57686.69,57466.53,57510.8,0,0
2022-10-11 14:45:00+05:30,57510.74,57539.59,57159.54,57163.42,0,0
2022-10-11 15:15:00+05:30,57157.44,57158.77,57051.87,57104.73,0,0
2022-10-12 09:15:00+05:30,57312.49,57457.96,57145.46,57427.32,0,0
2022-10-12 09:45:00+05:30,57427.32,57445.38,57181.86,57245.47,0,0
2022-10-12 10:15:00+05:30,57243.87,57377.59,57222.82,57244.1,0,0
2022-10-12 10:45:00+05:30,57244.1,57244.37,57086.0,57203.46,0,0
2022-10-12 11:15:00+05:30,57204.2,57394.16,57204.2,57392.76,0,0
2022-10-12 11:45:00+05:30,57393.32,57552.5,57332.53,57552.5,0,0
2022-10-12 12:15:00+05:30,57552.62,57572.8,57451.99,57459.76,0,0
2022-10-12 12:45:00+05:30,57458.86,57521.06,57384.78,57396.43,0,0
2022-10-12 13:15:00+05:30,57396.09,57448.85,57353.6,57401.96,0,0
2022-10-12 13:45:00+05:30,57397.42,57571.95,57392.38,57528.48,0,0
2022-10-12 14:15:00+05:30,57525.26,57634.22,57516.51,57614.43,0,0
2022-10-12 14:45:00+05:30,57614.6,57687.58,57561.58,57630.51,0,0
2022-10-12 15:15:00+05:30,57629.52,57660.51,57599.14,57647.58,0,0
2022-10-13 09:15:00+05:30,57512.74,57558.95,57361.27,57398.31,0,0
2022-10-13 09:45:00+05:30,57399.65,57453.49,57293.61,57304.58,0,0
2022-10-13 10:15:00+05:30,57302.84,57345.74,57200.81,57282.67,0,0
2022-10-13 10:45:00+05:30,57283.02,57331.43,57235.36,57244.51,0,0
2022-10-13 11:15:00+05:30,57244.84,57249.1,57145.87,57152.56,0,0
2022-10-13 11:45:00+05:30,57152.56,57184.43,57055.95,57184.43,0,0
2022-10-13 12:15:00+05:30,57186.65,57258.23,57095.9,57236.44,0,0
2022-10-13 12:45:00+05:30,57239.41,57323.43,57225.12,57278.08,0,0
2022-10-13 13:15:00+05:30,57278.02,57292.98,57144.5,57179.92,0,0
2022-10-13 13:45:00+05:30,57179.92,57284.74,57139.79,57263.71,0,0
2022-10-13 14:15:00+05:30,57263.51,57428.06,57249.17,57426.69,0,0
2022-10-13 14:45:00+05:30,57429.9,57446.67,57160.81,57248.0,0,0
2022-10-13 15:15:00+05:30,57247.0,57288.5,57229.85,57254.07,0,0
2022-10-14 09:15:00+05:30,58162.74,58318.98,58153.86,58198.58,0,0
2022-10-14 09:45:00+05:30,58191.09,58295.11,58174.95,58258.75,0,0
2022-10-14 10:15:00+05:30,58257.98,58286.86,58097.1,58146.02,0,0
2022-10-14 10:45:00+05:30,58146.02,58280.19,58146.02,58262.85,0,0
2022-10-14 11:15:00+05:30,58261.47,58308.0,58249.62,58265.89,0,0
2022-10-14 11:45:00+05:30,58272.9,58434.97,58249.68,58422.42,0,0
2022-10-14 12:15:00+05:30,58423.74,58432.68,58299.2,58317.69,0,0
2022-10-14 12:45:00+05:30,58319.26,58323.69,58176.55,58227.24,0,0
2022-10-14 13:15:00+05:30,58227.24,58305.73,58161.45,58303.82,0,0
2022-10-14 13:45:00+05:30,58303.59,58304.03,58054.77,58135.6,0,0
2022-10-14 14:15:00+05:30,58136.52,58138.98,57928.34,58025.44,0,0
2022-10-14 14:45:00+05:30,58028.81,58077.44,57848.67,57888.16,0,0
2022-10-14 15:15:00+05:30,57888.72,57985.24,57866.59,57954.95,0,0
2022-10-17 09:15:00+05:30,57752.5,57981.54,57639.8,57773.54,0,0
2022-10-17 09:45:00+05:30,57771.49,58059.64,57761.94,58054.23,0,0
2022-10-17 10:15:00+05:30,58054.46,58276.89,58047.24,58249.06,0,0
2022-10-17 10:45:00+05:30,58249.77,58272.93,58103.29,58204.95,0,0
2022-10-17 11:15:00+05:30,58206.22,58233.32,58129.45,58176.14,0,0
2022-10-17 11:45:00+05:30,58176.14,58227.24,58091.03,58226.66,0,0
2022-10-17 12:15:00+05:30,58229.05,58350.32,58205.01,58284.92,0,0
2022-10-17 12:45:00+05:30,58282.85,58360.36,58188.43,58330.88,0,0
2022-10-17 13:15:00+05:30,58330.62,58433.92,58330.02,58393.43,0,0
2022-10-17 13:45:00+05:30,58392.72,58443.79,58263.21,58325.55,0,0
2022-10-17 14:15:00+05:30,58327.26,58414.6,58290.37,58408.01,0,0
2022-10-17 14:45:00+05:30,58408.77,58449.0,58348.19,58352.35,0,0
2022-10-17 15:15:00+05:30,58354.58,58446.93,58331.23,58412.38,0,0
2022-10-18 09:15:00+05:30,58744.13,59068.46,58744.13,59055.23,0,0
2022-10-18 09:45:00+05:30,59055.61,59132.63,59047.18,59072.33,0,0
2022-10-18 10:15:00+05:30,59072.76,59141.99,58983.52,59034.12,0,0
2022-10-18 10:45:00+05:30,59029.67,59058.24,58935.02,58982.57,0,0
2022-10-18 11:15:00+05:30,58987.15,58987.15,58887.65,58955.4,0,0
2022-10-18 11:45:00+05:30,58954.58,59069.01,58942.24,59058.23,0,0
2022-10-18 12:15:00+05:30,59058.23,59059.58,58953.86,58956.15,0,0
2022-10-18 12:45:00+05:30,58955.68,59043.24,58949.59,58994.65,0,0
2022-10-18 13:15:00+05:30,58995.0,59007.44,58926.08,58926.7,0,0
2022-10-18 13:45:00+05:30,58926.7,58971.3,58883.05,58915.66,0,0
2022-10-18 14:15:00+05:30,58916.18,58985.52,58831.35,58874.96,0,0
2022-10-18 14:45:00+05:30,58878.0,58995.61,58847.05,58948.95,0,0
2022-10-18 15:15:00+05:30,58948.71,58982.9,58942.4,58962.69,0,0
2022-10-19 09:15:00+05:30,59196.96,59303.36,59150.29,59273.77,0,0
2022-10-19 09:45:00+05:30,59278.27,59329.1,59232.81,59272.6,0,0
2022-10-19 10:15:00+05:30,59272.6,59399.69,59253.27,59375.8,0,0
2022-10-19 10:45:00+05:30,59374.82,59377.2,59252.12,59307.64,0,0
2022-10-19 11:15:00+05:30,59307.65,59363.8,59210.48,59287.75,0,0
2022-10-19 11:45:00+05:30,59287.3,59287.3,59159.17,59191.31,0,0
2022-10-19 12:15:00+05:30,59190.68,59232.16,59121.74,59142.31,0,0
2022-10-19 12:45:00+05:30,59141.96,59155.44,59018.42,59092.27,0,0
2022-10-19 13:15:00+05:30,59090.19,59222.11,59075.6,59138.92,0,0
2022-10-19 13:45:00+05:30,59138.18,59207.09,59068.61,59207.09,0,0
2022-10-19 14:15:00+05:30,59208.4,59241.88,59135.86,59137.61,0,0
2022-10-19 14:45:00+05:30,59137.28,59159.83,58961.9,59096.63,0,0
2022-10-19 15:15:00+05:30,59096.63,59177.61,59068.56,59131.47,0,0
2022-10-20 09:15:00+05:30,58824.48,58988.61,58824.48,58880.08,0,0
2022-10-20 09:45:00+05:30,58880.43,59011.66,58816.1,58977.63,0,0
2022-10-20 10:15:00+05:30,58977.9,59051.68,58911.35,59043.0,0,0
2022-10-20 10:45:00+05:30,59040.52,59090.4,58946.87,58960.92,0,0
2022-10-20 11:15:00+05:30,58960.92,59007.52,58929.31,59002.86,0,0
2022-10-20 11:45:00+05:30,59002.26,59012.13,58926.25,58964.03,0,0
2022-10-20 12:15:00+05:30,58964.39,59077.87,58958.1,59068.0,0,0
2022-10-20 12:45:00+05:30,59070.07,59123.58,59035.37,59060.47,0,0
2022-10-20 13:15:00+05:30,59064.03,59085.22,58955.55,58968.85,0,0
2022-10-20 13:45:00+05:30,58965.57,59020.64,58924.16,59017.65,0,0
2022-10-20 14:15:00+05:30,59020.3,59158.65,58996.38,59107.27,0,0
2022-10-20 14:45:00+05:30,59105.0,59213.59,59070.44,59213.59,0,0
2022-10-20 15:15:00+05:30,59214.85,59273.75,59196.9,59204.06,0,0
2022-10-21 09:15:00+05:30,59381.36,59549.09,59350.76,59483.36,0,0
2022-10-21 09:45:00+05:30,59479.92,59511.24,59416.25,59510.3,0,0
2022-10-21 10:15:00+05:30,59510.05,59517.49,59424.74,59491.05,0,0
2022-10-21 10:45:00+05:30,59488.01,59517.81,59452.86,59488.58,0,0
2022-10-21 11:15:00+05:30,59488.88,59590.57,59478.97,59583.4,0,0
2022-10-21 11:45:00+05:30,59584.17,59586.79,59501.52,59555.55,0,0
2022-10-21 12:15:00+05:30,59558.3,59563.5,59466.04,59485.96,0,0
2022-10-21 12:45:00+05:30,59485.96,59582.8,59483.17,59562.49,0,0
2022-10-21 13:15:00+05:30,59562.65,59572.63,59399.68,59400.27,0,0
2022-10-21 13:45:00+05:30,59400.71,59454.92,59241.0,59301.42,0,0
2022-10-21 14:15:00+05:30,59306.43,59341.59,59132.95,59176.97,0,0
2022-10-21 14:45:00+05:30,59177.89,59311.3,59149.62,59284.6,0,0
2022-10-21 15:15:00+05:30,59283.7,59366.94,59277.66,59336.74,0,0
2022-10-24 18:15:00+05:30,59797.32,59991.4,59794.31,59851.41,0,0
2022-10-24 18:45:00+05:30,59846.47,59875.64,59776.9,59867.8,0,0
2022-10-25 09:15:00+05:30,60055.94,60061.41,59752.69,59862.28,0,0
2022-10-25 09:45:00+05:30,59864.69,59968.3,59830.41,59910.35,0,0
2022-10-25 10:15:00+05:30,59910.19,59912.73,59710.1,59718.21,0,0
2022-10-25 10:45:00+05:30,59719.26,59746.07,59641.96,59646.8,0,0
2022-10-25 11:15:00+05:30,59646.82,59679.18,59598.96,59603.77,0,0
2022-10-25 11:45:00+05:30,59603.77,59727.05,59597.45,59677.52,0,0
2022-10-25 12:15:00+05:30,59677.67,59699.85,59587.15,59604.46,0,0
2022-10-25 12:45:00+05:30,59604.28,59636.7,59569.32,59583.98,0,0
2022-10-25 13:15:00+05:30,59583.15,59682.97,59580.07,59675.8,0,0
2022-10-25 13:45:00+05:30,59676.11,59760.38,59655.59,59736.33,0,0
2022-10-25 14:15:00+05:30,59735.8,59770.54,59665.64,59739.79,0,0
2022-10-25 14:45:00+05:30,59740.65,59764.05,59534.55,59536.07,0,0
2022-10-25 15:15:00+05:30,59538.46,59552.46,59492.39,59501.61,0,0
2022-10-27 09:15:00+05:30,59792.32,59956.86,59792.32,59930.81,0,0
2022-10-27 09:45:00+05:30,59930.84,59950.24,59773.48,59785.99,0,0
2022-10-27 10:15:00+05:30,59785.84,59829.42,59728.32,59752.49,0,0
2022-10-27 10:45:00+05:30,59753.75,59794.71,59729.7,59779.02,0,0
2022-10-27 11:15:00+05:30,59779.02,59797.38,59697.87,59717.84,0,0
2022-10-27 11:45:00+05:30,59717.52,59755.04,59678.29,59691.98,0,0
2022-10-27 12:15:00+05:30,59691.22,59703.42,59605.42,59605.42,0,0
2022-10-27 12:45:00+05:30,59605.39,59643.49,59575.24,59602.56,0,0
2022-10-27 13:15:00+05:30,59602.5,59671.2,59600.84,59644.15,0,0
2022-10-27 13:45:00+05:30,59644.18,59697.96,59601.68,59662.42,0,0
2022-10-27 14:15:00+05:30,59662.4,59673.48,59496.8,59506.92,0,0
2022-10-27 14:45:00+05:30,59507.0,59771.76,59503.24,59762.63,0,0
2022-10-27 15:15:00+05:30,59758.64,59887.01,59754.15,59840.75,0,0
2022-10-28 09:15:00+05:30,59746.8,60036.2,59746.8,60029.2,0,0
2022-10-28 09:45:00+05:30,60033.52,60120.97,59920.28,60115.19,0,0
2022-10-28 10:15:00+05:30,60114.37,60133.16,59997.06,59997.06,0,0
2022-10-28 10:45:00+05:30,59995.55,60006.66,59935.56,59944.11,0,0
2022-10-28 11:15:00+05:30,59946.64,59951.84,59875.18,59888.41,0,0
2022-10-28 11:45:00+05:30,59887.56,59948.71,59845.39,59908.74,0,0
2022-10-28 12:15:00+05:30,59907.88,59921.71,59836.27,59897.04,0,0
2022-10-28 12:45:00+05:30,59897.14,59903.02,59787.58,59845.53,0,0
2022-10-28 13:15:00+05:30,59845.53,59884.08,59800.02,59863.43,0,0
2022-10-28 13:45:00+05:30,59863.43,59863.43,59739.05,59772.7,0,0
2022-10-28 14:15:00+05:30,59773.56,59887.32,59771.56,59863.64,0,0
2022-10-28 14:45:00+05:30,59863.98,59985.14,59847.44,59979.82,0,0
2022-10-28 15:15:00+05:30,59980.0,60005.04,59960.97,59990.61,0,0
2022-10-31 09:15:00+05:30,60246.96,60606.6,60246.96,60556.95,0,0
2022-10-31 09:45:00+05:30,60553.27,60579.3,60493.27,60565.37,0,0
2022-10-31 10:15:00+05:30,60565.94,60598.78,60505.6,60520.0,0,0
2022-10-31 10:45:00+05:30,60524.35,60600.53,60493.55,60592.52,0,0
2022-10-31 11:15:00+05:30,60589.8,60660.73,60584.42,60629.04,0,0
2022-10-31 11:45:00+05:30,60629.04,60695.51,60600.3,60661.36,0,0
2022-10-31 12:15:00+05:30,60661.04,60692.36,60615.74,60645.31,0,0
2022-10-31 12:45:00+05:30,60643.22,60674.4,60588.3,60619.13,0,0
2022-10-31 13:15:00+05:30,60619.28,60668.68,60603.87,60613.63,0,0
2022-10-31 13:45:00+05:30,60612.28,60618.93,60544.3,60564.28,0,0
2022-10-31 14:15:00+05:30,60564.28,60636.02,60550.1,60630.43,0,0
2022-10-31 14:45:00+05:30,60630.14,60786.67,60616.44,60772.51,0,0
2022-10-31 15:15:00+05:30,60772.02,60784.95,60735.6,60752.32,0,0
2022-11-01 09:15:00+05:30,61065.58,61119.19,61001.06,61094.77,0,0
2022-11-01 09:45:00+05:30,61092.9,61240.37,61086.87,61235.16,0,0
2022-11-01 10:15:00+05:30,61227.77,61253.83,61153.63,61253.83,0,0
2022-11-01 10:45:00+05:30,61255.52,61289.71,61186.15,61208.23,0,0
2022-11-01 11:15:00+05:30,61215.06,61231.1,61132.17,61152.78,0,0
2022-11-01 11:45:00+05:30,61153.88,61198.57,61088.02,61092.19,0,0
2022-11-01 12:15:00+05:30,61092.23,61118.9,61027.08,61062.5,0,0
2022-11-01 12:45:00+05:30,61064.16,61112.38,60868.7,60881.16,0,0
2022-11-01 13:15:00+05:30,60882.38,61057.58,60879.45,61033.05,0,0
2022-11-01 13:45:00+05:30,61035.05,61079.85,60986.82,61016.43,0,0
2022-11-01 14:15:00+05:30,61016.18,61058.05,60986.3,61022.3,0,0
2022-11-01 14:45:00+05:30,61023.0,61152.61,60986.74,61126.05,0,0
2022-11-01 15:15:00+05:30,61127.06,61155.93,61097.67,61104.37,0,0
2022-11-02 09:15:00+05:30,61156.89,61201.11,60965.91,61096.84,0,0
2022-11-02 09:45:00+05:30,61097.01,61127.51,60989.81,61022.4,0,0
2022-11-02 10:15:00+05:30,61023.57,61057.15,60980.27,61000.87,0,0
2022-11-02 10:45:00+05:30,61000.6,61054.28,60928.87,61014.32,0,0
2022-11-02 11:15:00+05:30,61014.2,61033.61,60945.28,60953.65,0,0
2022-11-02 11:45:00+05:30,60953.65,60977.09,60921.63,60934.45,0,0
2022-11-02 12:15:00+05:30,60933.13,60948.99,60893.21,60913.79,0,0
2022-11-02 12:45:00+05:30,60913.2,60913.2,60818.85,60882.33,0,0
2022-11-02 13:15:00+05:30,60882.36,60958.75,60828.01,60828.37,0,0
2022-11-02 13:45:00+05:30,60829.23,60883.35,60794.56,60803.28,0,0
2022-11-02 14:15:00+05:30,60803.28,60887.23,60797.31,60859.5,0,0
2022-11-02 14:45:00+05:30,60860.41,60950.75,60821.55,60912.82,0,0
2022-11-02 15:15:00+05:30,60911.68,60941.67,60878.06,60888.45,0,0
2022-11-03 09:15:00+05:30,60511.57,60897.22,60497.53,60835.1,0,0
2022-11-03 09:45:00+05:30,60834.39,60904.73,60794.38,60904.73,0,0
2022-11-03 10:15:00+05:30,60907.05,60993.94,60907.05,60923.43,0,0
2022-11-03 10:45:00+05:30,60924.3,60940.21,60841.66,60940.0,0,0
2022-11-03 11:15:00+05:30,60939.67,60969.66,60786.51,60817.94,0,0
2022-11-03 11:45:00+05:30,60817.31,60837.04,60758.41,60783.95,0,0
2022-11-03 12:15:00+05:30,60783.95,60785.91,60716.83,60729.97,0,0
2022-11-03 12:45:00+05:30,60729.97,60764.93,60665.79,60761.78,0,0
2022-11-03 13:15:00+05:30,60762.98,60819.47,60726.43,60818.58,0,0
2022-11-03 13:45:00+05:30,60817.75,60820.06,60682.66,60735.61,0,0
2022-11-03 14:15:00+05:30,60733.36,60787.92,60662.92,60761.9,0,0
2022-11-03 14:45:00+05:30,60761.9,60874.81,60741.41,60813.67,0,0
2022-11-03 15:15:00+05:30,60816.38,60828.26,60770.1,60796.19,0,0
2022-11-04 09:15:00+05:30,60698.27,60987.26,60698.27,60834.97,0,0
2022-11-04 09:45:00+05:30,60835.1,60864.27,60713.54,60728.48,0,0
2022-11-04 10:15:00+05:30,60730.61,60750.6,60680.26,60688.93,0,0
2022-11-04 10:45:00+05:30,60688.48,60747.38,60666.01,60736.12,0,0
2022-11-04 11:15:00+05:30,60735.35,60796.36,60712.85,60728.27,0,0
2022-11-04 11:45:00+05:30,60728.27,60773.89,60707.9,60751.48,0,0
2022-11-04 12:15:00+05:30,60751.82,60801.07,60722.26,60745.05,0,0
2022-11-04 12:45:00+05:30,60748.1,60767.68,60705.08,60747.51,0,0
2022-11-04 13:15:00+05:30,60747.18,60775.74,60742.51,60757.12,0,0
2022-11-04 13:45:00+05:30,60757.19,60761.82,60698.73,60734.05,0,0
2022-11-04 14:15:00+05:30,60732.21,60818.17,60710.15,60795.25,0,0
2022-11-04 14:45:00+05:30,60798.45,60984.66,60793.41,60961.21,0,0
2022-11-04 15:15:00+05:30,60961.57,61003.81,60943.32,60983.66,0,0
2022-11-07 09:15:00+05:30,61188.13,61397.2,61029.18,61041.73,0,0
2022-11-07 09:45:00+05:30,61043.86,61045.98,60931.12,60931.12,0,0
2022-11-07 10:15:00+05:30,60930.17,60981.89,60894.97,60962.0,0,0
2022-11-07 10:45:00+05:30,60961.92,60968.47,60875.42,60957.75,0,0
2022-11-07 11:15:00+05:30,60957.75,61014.74,60931.33,60935.83,0,0
2022-11-07 11:45:00+05:30,60932.22,60981.47,60912.48,60949.24,0,0
2022-11-07 12:15:00+05:30,60949.24,60974.77,60859.79,60863.52,0,0
2022-11-07 12:45:00+05:30,60860.96,60907.62,60839.04,60868.77,0,0
2022-11-07 13:15:00+05:30,60868.84,60885.15,60715.39,60781.01,0,0
2022-11-07 13:45:00+05:30,60780.38,60938.29,60778.73,60918.29,0,0
2022-11-07 14:15:00+05:30,60918.29,61082.67,60914.66,61045.28,0,0
2022-11-07 14:45:00+05:30,61047.51,61189.36,61025.63,61174.81,0,0
2022-11-07 15:15:00+05:30,61174.1,61244.2,61171.65,61176.63,0,0
2022-11-09 09:15:00+05:30,61304.29,61442.41,61227.84,61278.04,0,0
2022-11-09 09:45:00+05:30,61277.42,61343.89,61188.86,61231.63,0,0
2022-11-09 10:15:00+05:30,61231.45,61248.47,61163.76,61197.78,0,0
2022-11-09 10:45:00+05:30,61197.23,61208.12,61113.54,61131.09,0,0
2022-11-09 11:15:00+05:30,61130.44,61154.56,61066.32,61093.52,0,0
2022-11-09 11:45:00+05:30,61093.64,61171.41,61044.27,61060.07,0,0
2022-11-09 12:15:00+05:30,61060.52,61141.35,61058.82,61140.19,0,0
2022-11-09 12:45:00+05:30,61140.19,61161.2,61082.47,61118.72,0,0
2022-11-09 13:15:00+05:30,61120.7,61174.28,61075.73,61149.75,0,0
2022-11-09 13:45:00+05:30,61148.52,61214.53,61124.38,61199.76,0,0
2022-11-09 14:15:00+05:30,61200.0,61207.13,61002.18,61002.28,0,0
2022-11-09 14:45:00+05:30,61002.28,61134.37,60909.96,61088.4,0,0
2022-11-09 15:15:00+05:30,61089.8,61096.11,60908.1,60920.78,0,0
2022-11-10 09:15:00+05:30,60524.27,60845.69,60524.27,60562.78,0,0
2022-11-10 09:45:00+05:30,60561.83,60643.98,60518.84,60586.02,0,0
2022-11-10 10:15:00+05:30,60586.89,60646.01,60562.85,60633.83,0,0
2022-11-10 10:45:00+05:30,60634.4,60652.83,60592.3,60618.36,0,0
2022-11-10 11:15:00+05:30,60618.05,60715.22,60613.98,60690.88,0,0
2022-11-10 11:45:00+05:30,60691.74,60696.62,60550.1,60554.31,0,0
2022-11-10 12:15:00+05:30,60553.75,60564.66,60471.62,60475.03,0,0
2022-11-10 12:45:00+05:30,60474.7,60503.4,60429.68,60503.4,0,0
2022-11-10 13:15:00+05:30,60503.4,60537.57,60493.61,60522.86,0,0
2022-11-10 13:45:00+05:30,60523.16,60556.15,60498.97,60524.12,0,0
2022-11-10 14:15:00+05:30,60525.01,60547.04,60425.7,60488.38,0,0
2022-11-10 14:45:00+05:30,60487.9,60626.9,60465.16,60602.31,0,0
2022-11-10 15:15:00+05:30,60602.63,60658.72,60593.37,60637.86,0,0
2022-11-11 09:15:00+05:30,61311.02,61683.67,61311.02,61548.77,0,0
2022-11-11 09:45:00+05:30,61549.62,61655.77,61529.98,61604.4,0,0
2022-11-11 10:15:00+05:30,61604.28,61628.73,61500.22,61525.88,0,0
2022-11-11 10:45:00+05:30,61522.27,61649.78,61497.69,61608.22,0,0
2022-11-11 11:15:00+05:30,61614.64,61661.16,61560.77,61655.12,0,0
2022-11-11 11:45:00+05:30,61651.17,61689.44,61627.82,61665.74,0,0
2022-11-11 12:15:00+05:30,61661.97,61777.24,61660.59,61764.97,0,0
2022-11-11 12:45:00+05:30,61761.66,61789.96,61636.86,61706.35,0,0
2022-11-11 13:15:00+05:30,61709.05,61775.34,61647.28,61685.05,0,0
2022-11-11 13:45:00+05:30,61687.06,61779.2,61644.83,61772.57,0,0
2022-11-11 14:15:00+05:30,61769.86,61819.78,61731.97,61758.81,0,0
2022-11-11 14:45:00+05:30,61759.37,61826.04,61712.1,61778.45,0,0
2022-11-11 15:15:00+05:30,61778.74,61839.14,61755.83,61839.14,0,0
2022-11-14 09:15:00+05:30,61765.86,61914.89,61690.59,61838.98,0,0
2022-11-14 09:45:00+05:30,61837.31,61842.12,61697.22,61701.72,0,0
2022-11-14 10:15:00+05:30,61699.9,61700.57,61617.7,61683.35,0,0
2022-11-14 10:45:00+05:30,61682.61,61754.89,61658.21,61675.38,0,0
2022-11-14 11:15:00+05:30,61675.38,61693.27,61629.15,61671.45,0,0
2022-11-14 11:45:00+05:30,61671.45,61680.71,61614.46,61643.8,0,0
2022-11-14 12:15:00+05:30,61641.11,61683.79,61597.24,61625.61,0,0
2022-11-14 12:45:00+05:30,61625.96,61671.58,61572.03,61646.03,0,0
2022-11-14 13:15:00+05:30,61645.25,61767.46,61633.41,61756.44,0,0
2022-11-14 13:45:00+05:30,61756.42,61795.88,61690.86,61787.55,0,0
2022-11-14 14:15:00+05:30,61786.01,61802.83,61692.06,61697.53,0,0
2022-11-14 14:45:00+05:30,61694.63,61717.39,61618.41,61644.46,0,0
2022-11-14 15:15:00+05:30,61643.07,61657.11,61575.7,61642.1,0,0
2022-11-15 09:15:00+05:30,61630.05,61781.19,61574.58,61610.98,0,0
2022-11-15 09:45:00+05:30,61609.96,61614.77,61439.7,61551.95,0,0
2022-11-15 10:15:00+05:30,61551.88,61557.33,61455.89,61476.93,0,0
2022-11-15 10:45:00+05:30,61475.86,61536.3,61437.11,61453.77,0,0
2022-11-15 11:15:00+05:30,61454.6,61536.82,61444.57,61529.34,0,0
2022-11-15 11:45:00+05:30,61529.34,61530.75,61478.06,61482.11,0,0
2022-11-15 12:15:00+05:30,61482.11,61618.14,61466.94,61591.78,0,0
2022-11-15 12:45:00+05:30,61592.94,61652.35,61579.58,61613.14,0,0
2022-11-15 13:15:00+05:30,61612.56,61668.51,61597.23,61668.44,0,0
2022-11-15 13:45:00+05:30,61669.84,61669.84,61575.02,61583.59,0,0
2022-11-15 14:15:00+05:30,61582.05,61688.62,61540.4,61659.56,0,0
2022-11-15 14:45:00+05:30,61659.35,61902.84,61657.02,61879.82,0,0
2022-11-15 15:15:00+05:30,61879.96,61953.18,61870.95,61934.31,0,0
2022-11-16 09:15:00+05:30,61708.63,61910.26,61708.63,61753.58,0,0
2022-11-16 09:45:00+05:30,61754.02,61881.76,61727.06,61871.52,0,0
2022-11-16 10:15:00+05:30,61870.87,61968.76,61857.3,61955.54,0,0
2022-11-16 10:45:00+05:30,61955.54,62035.56,61946.92,61979.0,0,0
2022-11-16 11:15:00+05:30,61979.0,62052.51,61955.81,61959.82,0,0
2022-11-16 11:45:00+05:30,61958.27,61962.12,61878.3,61929.52,0,0
2022-11-16 12:15:00+05:30,61929.4,62005.07,61927.97,61949.26,0,0
2022-11-16 12:45:00+05:30,61948.1,61989.34,61939.91,61958.55,0,0
2022-11-16 13:15:00+05:30,61959.76,62046.86,61942.16,62028.72,0,0
2022-11-16 13:45:00+05:30,62028.72,62049.74,61890.61,61907.97,0,0
2022-11-16 14:15:00+05:30,61907.31,61910.28,61785.77,61832.21,0,0
2022-11-16 14:45:00+05:30,61833.63,62032.15,61833.63,61990.29,0,0
2022-11-16 15:15:00+05:30,61992.36,62003.72,61945.3,61952.37,0,0
2022-11-17 09:15:00+05:30,61812.36,61957.77,61793.43,61915.29,0,0
2022-11-17 09:45:00+05:30,61915.68,62050.8,61872.55,61931.24,0,0
2022-11-17 10:15:00+05:30,61929.93,61948.19,61877.48,61905.91,0,0
2022-11-17 10:45:00+05:30,61906.58,61947.57,61838.43,61839.01,0,0
2022-11-17 11:15:00+05:30,61839.01,61904.02,61809.16,61869.39,0,0
2022-11-17 11:45:00+05:30,61868.47,61887.8,61839.98,61844.76,0,0
2022-11-17 12:15:00+05:30,61844.92,61951.04,61831.3,61948.01,0,0
2022-11-17 12:45:00+05:30,61948.01,61955.97,61910.69,61939.56,0,0
2022-11-17 13:15:00+05:30,61938.9,61988.52,61909.85,61947.82,0,0
2022-11-17 13:45:00+05:30,61947.62,61981.71,61917.04,61975.03,0,0
2022-11-17 14:15:00+05:30,61975.45,61988.63,61905.36,61946.33,0,0
2022-11-17 14:45:00+05:30,61945.84,61976.91,61683.15,61686.03,0,0
2022-11-17 15:15:00+05:30,61684.78,61745.04,61643.93,61733.62,0,0
2022-11-18 09:15:00+05:30,61858.2,61925.91,61642.46,61686.8,0,0
2022-11-18 09:45:00+05:30,61686.94,61711.99,61574.21,61575.15,0,0
2022-11-18 10:15:00+05:30,61579.55,61627.31,61509.26,61515.68,0,0
2022-11-18 10:45:00+05:30,61515.68,61550.45,61358.69,61365.92,0,0
2022-11-18 11:15:00+05:30,61364.43,61482.1,61364.43,61473.4,0,0
2022-11-18 11:45:00+05:30,61472.82,61490.7,61379.33,61444.55,0,0
2022-11-18 12:15:00+05:30,61444.88,61458.77,61398.85,61427.64,0,0
2022-11-18 12:45:00+05:30,61425.44,61474.3,61412.28,61470.04,0,0
2022-11-18 13:15:00+05:30,61470.29,61521.98,61377.66,61383.05,0,0
2022-11-18 13:45:00+05:30,61384.72,61410.78,61337.83,61362.02,0,0
2022-11-18 14:15:00+05:30,61361.67,61524.3,61349.39,61507.15,0,0
2022-11-18 14:45:00+05:30,61507.15,61728.98,61467.44,61709.23,0,0
2022-11-18 15:15:00+05:30,61711.67,61721.69,61632.16,61641.2,0,0
2022-11-21 09:15:00+05:30,61456.33,61456.33,61118.82,61135.9,0,0
2022-11-21 09:45:00+05:30,61138.45,61232.22,61138.45,61231.49,0,0
2022-11-21 10:15:00+05:30,61232.86,61273.23,61144.09,61145.42,0,0
2022-11-21 10:45:00+05:30,61146.76,61247.16,61144.57,61227.63,0,0
2022-11-21 11:15:00+05:30,61227.37,61262.07,61192.42,61200.07,0,0
2022-11-21 11:45:00+05:30,61200.07,61201.4,61152.57,61164.61,0,0
2022-11-21 12:15:00+05:30,61158.95,61194.65,61120.24,61137.2,0,0
2022-11-21 12:45:00+05:30,61140.26,61175.62,61113.79,61121.99,0,0
2022-11-21 13:15:00+05:30,61121.36,61175.69,61074.53,61142.95,0,0
2022-11-21 13:45:00+05:30,61142.23,61183.26,61115.93,61140.85,0,0
2022-11-21 14:15:00+05:30,61145.88,61148.66,61059.33,61096.63,0,0
2022-11-21 14:45:00+05:30,61096.57,61198.45,61069.6,61192.97,0,0
2022-11-21 15:15:00+05:30,61192.97,61194.72,61111.31,61160.55,0,0
2022-11-22 09:15:00+05:30,61126.56,61234.5,61073.72,61210.29,0,0
2022-11-22 09:45:00+05:30,61210.01,61318.26,61206.99,61293.49,0,0
2022-11-22 10:15:00+05:30,61294.65,61330.23,61270.55,61311.31,0,0
2022-11-22 10:45:00+05:30,61311.31,61330.24,61258.74,61306.27,0,0
2022-11-22 11:15:00+05:30,61306.27,61346.17,61269.96,61327.06,0,0
2022-11-22 11:45:00+05:30,61327.06,61341.68,61310.09,61330.83,0,0
2022-11-22 12:15:00+05:30,61330.58,61362.96,61319.88,61332.36,0,0
2022-11-22 12:45:00+05:30,61332.36,61348.3,61291.4,61314.39,0,0
2022-11-22 13:15:00+05:30,61313.65,61342.63,61305.36,61327.1,0,0
2022-11-22 13:45:00+05:30,61327.1,61378.7,61293.3,61322.17,0,0
2022-11-22 14:15:00+05:30,61322.17,61338.01,61263.04,61280.51,0,0
2022-11-22 14:45:00+05:30,61280.51,61438.29,61279.41,61437.46,0,0
2022-11-22 15:15:00+05:30,61437.03,61466.63,61419.55,61466.63,0,0
2022-11-23 09:15:00+05:30,61779.71,61779.71,61530.76,61541.41,0,0
2022-11-23 09:45:00+05:30,61541.32,61570.96,61488.52,61514.97,0,0
2022-11-23 10:15:00+05:30,61515.75,61518.55,61442.69,61474.37,0,0
2022-11-23 10:45:00+05:30,61474.17,61535.71,61469.55,61511.69,0,0
2022-11-23 11:15:00+05:30,61512.83,61525.82,61491.96,61518.35,0,0
2022-11-23 11:45:00+05:30,61518.35,61551.95,61515.79,61546.18,0,0
2022-11-23 12:15:00+05:30,61546.18,61546.18,61499.36,61522.28,0,0
2022-11-23 12:45:00+05:30,61522.28,61575.31,61522.28,61543.03,0,0
2022-11-23 13:15:00+05:30,61542.18,61570.34,61508.8,61548.18,0,0
2022-11-23 13:45:00+05:30,61551.08,61595.84,61536.92,61591.66,0,0
2022-11-23 14:15:00+05:30,61591.66,61636.75,61563.61,61636.33,0,0
2022-11-23 14:45:00+05:30,61638.75,61686.24,61494.09,61524.34,0,0
2022-11-23 15:15:00+05:30,61523.95,61524.29,61451.07,61470.26,0,0
2022-11-24 09:15:00+05:30,61656.0,61776.68,61601.14,61770.15,0,0
2022-11-24 09:45:00+05:30,61768.45,61802.03,61750.34,61785.67,0,0
2022-11-24 10:15:00+05:30,61784.57,61862.83,61778.23,61844.41,0,0
2022-11-24 10:45:00+05:30,61845.19,61867.25,61819.64,61829.74,0,0
2022-11-24 11:15:00+05:30,61833.04,61866.13,61805.87,61863.92,0,0
2022-11-24 11:45:00+05:30,61863.9,61901.36,61835.56,61892.8,0,0
2022-11-24 12:15:00+05:30,61892.46,61918.98,61868.64,61893.02,0,0
2022-11-24 12:45:00+05:30,61892.79,61942.51,61878.04,61893.6,0,0
2022-11-24 13:15:00+05:30,61893.51,61899.19,61852.96,61884.64,0,0
2022-11-24 13:45:00+05:30,61884.64,61971.48,61880.53,61969.49,0,0
2022-11-24 14:15:00+05:30,61967.25,61991.32,61929.74,61945.82,0,0
2022-11-24 14:45:00+05:30,61945.55,62254.7,61927.9,62249.97,0,0
2022-11-24 15:15:00+05:30,62245.4,62408.57,62244.85,62353.55,0,0
2022-11-25 09:15:00+05:30,62327.88,62399.52,62124.01,62163.13,0,0
2022-11-25 09:45:00+05:30,62163.07,62282.75,62142.12,62219.02,0,0
2022-11-25 10:15:00+05:30,62219.81,62275.83,62165.25,62271.71,0,0
2022-11-25 10:45:00+05:30,62273.22,62290.38,62144.67,62150.05,0,0
2022-11-25 11:15:00+05:30,62149.47,62228.46,62144.08,62162.16,0,0
2022-11-25 11:45:00+05:30,62162.24,62173.42,62115.66,62158.55,0,0
2022-11-25 12:15:00+05:30,62159.04,62230.3,62149.7,62207.9,0,0
2022-11-25 12:45:00+05:30,62208.47,62278.6,62184.85,62235.29,0,0
2022-11-25 13:15:00+05:30,62237.05,62275.52,62208.57,62254.34,0,0
2022-11-25 13:45:00+05:30,62254.34,62324.82,62202.07,62237.15,0,0
2022-11-25 14:15:00+05:30,62236.54,62306.5,62166.8,62283.16,0,0
2022-11-25 14:45:00+05:30,62282.44,62386.69,62224.55,62354.01,0,0
2022-11-25 15:15:00+05:30,62355.1,62356.07,62232.82,62257.7,0,0
2022-11-28 09:15:00+05:30,62016.35,62406.85,62016.35,62404.33,0,0
2022-11-28 09:45:00+05:30,62404.61,62439.66,62370.05,62406.21,0,0
2022-11-28 10:15:00+05:30,62405.36,62484.67,62386.88,62412.26,0,0
2022-11-28 10:45:00+05:30,62409.14,62525.51,62405.9,62505.87,0,0
2022-11-28 11:15:00+05:30,62506.99,62577.18,62485.89,62564.39,0,0
2022-11-28 11:45:00+05:30,62565.46,62629.71,62554.37,62624.58,0,0
2022-11-28 12:15:00+05:30,62625.93,62661.44,62594.45,62608.62,0,0
2022-11-28 12:45:00+05:30,62604.04,62689.95,62602.22,62679.16,0,0
2022-11-28 13:15:00+05:30,62678.69,62691.19,62626.23,62681.92,0,0
2022-11-28 13:45:00+05:30,62681.92,62701.4,62554.32,62593.06,0,0
2022-11-28 14:15:00+05:30,62593.06,62640.63,62580.95,62640.27,0,0
2022-11-28 14:45:00+05:30,62640.27,62669.75,62481.37,62518.94,0,0
2022-11-28 15:15:00+05:30,62518.94,62533.63,62454.79,62475.85,0,0
2022-11-29 09:15:00+05:30,62362.08,62722.55,62362.08,62684.39,0,0
2022-11-29 09:45:00+05:30,62684.45,62736.16,62643.12,62716.39,0,0
2022-11-29 10:15:00+05:30,62716.82,62765.92,62700.82,62745.36,0,0
2022-11-29 10:45:00+05:30,62745.14,62848.38,62744.0,62812.66,0,0
2022-11-29 11:15:00+05:30,62811.04,62841.14,62775.86,62812.14,0,0
2022-11-29 11:45:00+05:30,62813.4,62861.9,62742.9,62850.49,0,0
2022-11-29 12:15:00+05:30,62846.68,62877.73,62830.51,62854.23,0,0
2022-11-29 12:45:00+05:30,62851.27,62864.84,62781.12,62824.74,0,0
2022-11-29 13:15:00+05:30,62824.74,62887.4,62810.27,62862.44,0,0
2022-11-29 13:45:00+05:30,62862.44,62880.72,62790.2,62804.79,0,0
2022-11-29 14:15:00+05:30,62804.86,62827.74,62694.3,62720.15,0,0
2022-11-29 14:45:00+05:30,62717.89,62764.53,62672.72,62673.4,0,0
2022-11-29 15:15:00+05:30,62674.3,62701.64,62629.87,62648.8,0,0
2022-11-30 09:15:00+05:30,62743.47,62863.53,62679.41,62733.5,0,0
2022-11-30 09:45:00+05:30,62734.79,62766.97,62648.85,62756.99,0,0
2022-11-30 10:15:00+05:30,62756.99,62756.99,62668.89,62668.89,0,0
2022-11-30 10:45:00+05:30,62669.14,62740.06,62660.56,62710.0,0,0
2022-11-30 11:15:00+05:30,62711.19,62786.66,62674.82,62759.38,0,0
2022-11-30 11:45:00+05:30,62759.16,62809.52,62726.82,62743.7,0,0
2022-11-30 12:15:00+05:30,62742.6,62761.16,62710.95,62750.57,0,0
2022-11-30 12:45:00+05:30,62750.89,62814.35,62717.65,62801.97,0,0
2022-11-30 13:15:00+05:30,62801.97,62826.37,62757.15,62762.19,0,0
2022-11-30 13:45:00+05:30,62762.9,62812.53,62739.04,62787.34,0,0
2022-11-30 14:15:00+05:30,62787.28,62909.64,62763.53,62864.61,0,0
2022-11-30 14:45:00+05:30,62864.19,63128.53,62802.34,63125.09,0,0
2022-11-30 15:15:00+05:30,63125.12,63301.11,63121.28,63159.8,0,0
2022-12-01 09:15:00+05:30,63357.99,63579.96,63357.99,63504.37,0,0
2022-12-01 09:45:00+05:30,63500.58,63506.72,63365.34,63412.21,0,0
2022-12-01 10:15:00+05:30,63412.21,63414.17,63320.75,63343.52,0,0
2022-12-01 10:45:00+05:30,63346.92,63420.57,63338.13,63386.29,0,0
2022-12-01 11:15:00+05:30,63386.98,63400.93,63353.49,63353.49,0,0
2022-12-01 11:45:00+05:30,63353.79,63381.06,63316.63,63376.98,0,0
2022-12-01 12:15:00+05:30,63375.17,63441.41,63364.92,63403.12,0,0
2022-12-01 12:45:00+05:30,63408.23,63426.43,63386.29,63402.26,0,0
2022-12-01 13:15:00+05:30,63404.41,63443.44,63217.12,63280.25,0,0
2022-12-01 13:45:00+05:30,63280.37,63355.12,63184.15,63339.59,0,0
2022-12-01 14:15:00+05:30,63340.02,63406.16,63290.24,63321.02,0,0
2022-12-01 14:45:00+05:30,63321.28,63379.79,63241.55,63267.59,0,0
2022-12-01 15:15:00+05:30,63270.12,63324.2,63225.52,63231.38,0,0
2022-12-02 09:15:00+05:30,62978.58,63148.13,62946.51,62946.97,0,0
2022-12-02 09:45:00+05:30,62946.0,62977.11,62903.91,62920.46,0,0
2022-12-02 10:15:00+05:30,62920.11,62938.45,62857.44,62909.54,0,0
2022-12-02 10:45:00+05:30,62910.7,62935.77,62872.63,62894.82,0,0
2022-12-02 11:15:00+05:30,62894.82,62911.1,62759.19,62799.06,0,0
2022-12-02 11:45:00+05:30,62799.06,62799.52,62694.19,62705.17,0,0
2022-12-02 12:15:00+05:30,62708.15,62751.34,62680.01,62745.26,0,0
2022-12-02 12:45:00+05:30,62745.7,62817.72,62735.68,62809.08,0,0
2022-12-02 13:15:00+05:30,62810.37,62812.06,62725.12,62794.57,0,0
2022-12-02 13:45:00+05:30,62794.57,62864.69,62793.81,62819.31,0,0
2022-12-02 14:15:00+05:30,62821.65,62895.69,62789.33,62809.11,0,0
2022-12-02 14:45:00+05:30,62807.33,62877.95,62791.77,62856.82,0,0
2022-12-02 15:15:00+05:30,62856.68,62922.2,62849.53,62881.16,0,0
2022-12-05 09:15:00+05:30,62865.28,62931.66,62664.29,62699.35,0,0
2022-12-05 09:45:00+05:30,62697.4,62698.05,62507.88,62523.76,0,0
2022-12-05 10:15:00+05:30,62523.14,62653.2,62520.51,62596.18,0,0
2022-12-05 10:45:00+05:30,62596.18,62658.22,62577.88,62650.24,0,0
2022-12-05 11:15:00+05:30,62651.61,62713.19,62642.71,62696.35,0,0
2022-12-05 11:45:00+05:30,62696.35,62745.22,62649.22,62743.14,0,0
2022-12-05 12:15:00+05:30,62745.51,62914.34,62745.51,62847.4,0,0
2022-12-05 12:45:00+05:30,62844.13,62885.28,62783.53,62792.44,0,0
2022-12-05 13:15:00+05:30,62793.25,62795.11,62645.24,62662.46,0,0
2022-12-05 13:45:00+05:30,62662.15,62716.52,62610.14,62674.71,0,0
2022-12-05 14:15:00+05:30,62674.59,62793.67,62645.21,62713.49,0,0
2022-12-05 14:45:00+05:30,62713.49,62920.1,62708.88,62881.24,0,0
2022-12-05 15:15:00+05:30,62881.58,62893.17,62782.93,62787.84,0,0
2022-12-06 09:15:00+05:30,62395.55,62598.75,62395.55,62460.19,0,0
2022-12-06 09:45:00+05:30,62460.19,62644.02,62455.89,62611.95,0,0
2022-12-06 10:15:00+05:30,62615.02,62633.08,62556.0,62604.98,0,0
2022-12-06 10:45:00+05:30,62604.21,62644.54,62500.95,62527.28,0,0
2022-12-06 11:15:00+05:30,62521.4,62576.87,62519.95,62522.63,0,0
2022-12-06 11:45:00+05:30,62521.77,62544.42,62493.04,62517.79,0,0
2022-12-06 12:15:00+05:30,62519.44,62556.01,62464.81,62474.52,0,0
2022-12-06 12:45:00+05:30,62474.52,62558.81,62448.55,62548.4,0,0
2022-12-06 13:15:00+05:30,62546.43,62609.46,62518.93,62579.63,0,0
2022-12-06 13:45:00+05:30,62579.63,62623.41,62489.43,62550.56,0,0
2022-12-06 14:15:00+05:30,62550.24,62582.37,62497.27,62513.68,0,0
2022-12-06 14:45:00+05:30,62513.41,62677.4,62497.88,62664.83,0,0
2022-12-06 15:15:00+05:30,62665.56,62673.2,62613.88,62656.55,0,0
2022-12-07 09:15:00+05:30,62615.52,62669.37,62524.02,62657.25,0,0
2022-12-07 09:45:00+05:30,62657.67,62745.14,62626.64,62732.17,0,0
2022-12-07 10:15:00+05:30,62732.45,62759.97,62604.79,62610.64,0,0
2022-12-07 10:45:00+05:30,62610.69,62619.06,62409.18,62473.45,0,0
2022-12-07 11:15:00+05:30,62471.29,62482.39,62404.74,62441.83,0,0
2022-12-07 11:45:00+05:30,62441.71,62508.15,62438.01,62506.05,0,0
2022-12-07 12:15:00+05:30,62507.74,62520.53,62440.14,62440.14,0,0
2022-12-07 12:45:00+05:30,62440.14,62565.1,62432.93,62533.51,0,0
2022-12-07 13:15:00+05:30,62534.28,62596.74,62488.42,62507.39,0,0
2022-12-07 13:45:00+05:30,62507.77,62520.12,62412.86,62435.92,0,0
2022-12-07 14:15:00+05:30,62435.92,62554.69,62425.37,62538.1,0,0
2022-12-07 14:45:00+05:30,62538.1,62612.27,62377.84,62396.04,0,0
2022-12-07 15:15:00+05:30,62396.02,62408.2,62316.93,62388.07,0,0
2022-12-08 09:15:00+05:30,62504.04,62504.04,62320.87,62440.0,0,0
2022-12-08 09:45:00+05:30,62440.34,62633.31,62426.5,62549.36,0,0
2022-12-08 10:15:00+05:30,62544.04,62589.33,62468.49,62483.18,0,0
2022-12-08 10:45:00+05:30,62483.18,62500.61,62429.53,62469.82,0,0
2022-12-08 11:15:00+05:30,62469.62,62511.9,62439.21,62449.48,0,0
2022-12-08 11:45:00+05:30,62449.55,62493.21,62423.95,62470.96,0,0
2022-12-08 12:15:00+05:30,62471.4,62514.4,62424.73,62425.3,0,0
2022-12-08 12:45:00+05:30,62424.55,62489.07,62379.66,62481.25,0,0
2022-12-08 13:15:00+05:30,62482.1,62513.4,62446.35,62459.36,0,0
2022-12-08 13:45:00+05:30,62458.71,62508.65,62438.35,62506.97,0,0
2022-12-08 14:15:00+05:30,62507.79,62581.72,62506.64,62548.58,0,0
2022-12-08 14:45:00+05:30,62548.54,62604.8,62483.81,62590.81,0,0
2022-12-08 15:15:00+05:30,62589.27,62600.67,62559.53,62574.69,0,0
2022-12-09 09:15:00+05:30,62690.86,62734.55,62556.78,62590.03,0,0
2022-12-09 09:45:00+05:30,62588.14,62635.16,62530.78,62560.7,0,0
2022-12-09 10:15:00+05:30,62560.54,62570.78,62381.8,62410.48,0,0
2022-12-09 10:45:00+05:30,62410.86,62412.73,62339.72,62374.78,0,0
2022-12-09 11:15:00+05:30,62374.78,62381.16,62295.54,62356.94,0,0
2022-12-09 11:45:00+05:30,62356.75,62405.49,62342.5,62393.74,0,0
2022-12-09 12:15:00+05:30,62393.9,62407.88,62129.54,62138.33,0,0
2022-12-09 12:45:00+05:30,62138.36,62174.6,62041.99,62149.49,0,0
2022-12-09 13:15:00+05:30,62149.32,62165.06,62060.9,62065.71,0,0
2022-12-09 13:45:00+05:30,62062.82,62124.48,61998.69,62006.89,0,0
2022-12-09 14:15:00+05:30,62006.53,62016.22,61889.82,61996.73,0,0
2022-12-09 14:45:00+05:30,61993.42,62222.12,61993.42,62218.3,0,0
2022-12-09 15:15:00+05:30,62220.33,62231.5,62142.84,62184.83,0,0
2022-12-12 09:15:00+05:30,61770.56,62092.5,61676.66,62091.62,0,0
2022-12-12 09:45:00+05:30,62091.89,62199.63,62044.67,62116.57,0,0
2022-12-12 10:15:00+05:30,62117.61,62221.06,62101.57,62198.67,0,0
2022-12-12 10:45:00+05:30,62199.05,62238.93,62125.52,62207.26,0,0
2022-12-12 11:15:00+05:30,62208.93,62224.69,62121.62,62123.95,0,0
2022-12-12 11:45:00+05:30,62120.89,62148.99,62083.44,62115.35,0,0
2022-12-12 12:15:00+05:30,62115.27,62206.13,62109.82,62144.28,0,0
2022-12-12 12:45:00+05:30,62143.98,62168.52,62081.84,62104.79,0,0
2022-12-12 13:15:00+05:30,62104.42,62107.75,61967.82,61998.37,0,0
2022-12-12 13:45:00+05:30,61999.64,62043.55,61964.03,62025.89,0,0
2022-12-12 14:15:00+05:30,62026.09,62040.9,61913.51,61954.16,0,0
2022-12-12 14:45:00+05:30,61953.82,62186.97,61952.6,62149.06,0,0
2022-12-12 15:15:00+05:30,62151.56,62190.56,62120.07,62148.68,0,0
2022-12-13 09:15:00+05:30,62300.67,62300.67,62132.15,62256.2,0,0
2022-12-13 09:45:00+05:30,62256.12,62291.37,62190.4,62255.95,0,0
2022-12-13 10:15:00+05:30,62256.4,62310.9,62250.52,62281.15,0,0
2022-12-13 10:45:00+05:30,62284.79,62383.24,62283.45,62369.83,0,0
2022-12-13 11:15:00+05:30,62369.53,62505.07,62366.58,62497.98,0,0
2022-12-13 11:45:00+05:30,62499.2,62502.01,62444.29,62479.09,0,0
2022-12-13 12:15:00+05:30,62478.01,62506.41,62427.1,62493.37,0,0
2022-12-13 12:45:00+05:30,62493.37,62540.44,62449.74,62517.94,0,0
2022-12-13 13:15:00+05:30,62517.94,62525.97,62467.7,62478.61,0,0
2022-12-13 13:45:00+05:30,62478.61,62492.61,62420.73,62432.88,0,0
2022-12-13 14:15:00+05:30,62432.86,62451.15,62393.38,62407.47,0,0
2022-12-13 14:45:00+05:30,62408.33,62567.32,62408.33,62532.35,0,0
2022-12-13 15:15:00+05:30,62534.91,62559.46,62492.65,62512.37,0,0
2022-12-14 09:15:00+05:30,62685.94,62832.13,62675.09,62813.25,0,0
2022-12-14 09:45:00+05:30,62813.47,62823.19,62690.61,62721.79,0,0
2022-12-14 10:15:00+05:30,62721.79,62761.38,62687.82,62722.43,0,0
2022-12-14 10:45:00+05:30,62722.67,62777.97,62710.98,62771.46,0,0
2022-12-14 11:15:00+05:30,62772.96,62805.8,62749.98,62776.08,0,0
2022-12-14 11:45:00+05:30,62776.08,62787.19,62750.7,62772.29,0,0
2022-12-14 12:15:00+05:30,62772.29,62791.98,62714.13,62741.49,0,0
2022-12-14 12:45:00+05:30,62740.78,62762.17,62714.56,62745.32,0,0
2022-12-14 13:15:00+05:30,62745.15,62754.45,62668.05,62681.68,0,0
2022-12-14 13:45:00+05:30,62680.48,62685.34,62591.4,62592.01,0,0
2022-12-14 14:15:00+05:30,62592.63,62666.97,62592.63,62629.56,0,0
2022-12-14 14:45:00+05:30,62628.79,62733.91,62628.79,62708.93,0,0
2022-12-14 15:15:00+05:30,62708.63,62723.69,62605.93,62621.23,0,0
2022-12-15 09:15:00+05:30,62530.07,62622.26,62363.04,62424.37,0,0
2022-12-15 09:45:00+05:30,62423.99,62433.06,62323.53,62345.03,0,0
2022-12-15 10:15:00+05:30,62343.51,62446.23,62336.41,62399.66,0,0
2022-12-15 10:45:00+05:30,62400.32,62409.73,62343.81,62392.73,0,0
2022-12-15 11:15:00+05:30,62391.55,62397.45,62327.66,62347.22,0,0
2022-12-15 11:45:00+05:30,62347.42,62348.99,62246.44,62270.45,0,0
2022-12-15 12:15:00+05:30,62270.45,62289.11,62173.92,62195.64,0,0
2022-12-15 12:45:00+05:30,62195.46,62236.36,62157.94,62180.48,0,0
2022-12-15 13:15:00+05:30,62180.48,62206.69,62140.37,62172.36,0,0
2022-12-15 13:45:00+05:30,62173.62,62186.96,62110.32,62186.96,0,0
2022-12-15 14:15:00+05:30,62187.95,62209.36,61885.96,61885.96,0,0
2022-12-15 14:45:00+05:30,61883.29,61943.62,61785.54,61785.54,0,0
2022-12-15 15:15:00+05:30,61789.85,61811.6,61716.93,61749.04,0,0
2022-12-16 09:15:00+05:30,61534.24,61893.22,61414.13,61704.89,0,0
2022-12-16 09:45:00+05:30,61701.35,61721.12,61551.13,61553.36,0,0
2022-12-16 10:15:00+05:30,61553.14,61593.38,61454.23,61454.23,0,0
2022-12-16 10:45:00+05:30,61450.61,61509.55,61364.17,61509.55,0,0
2022-12-16 11:15:00+05:30,61509.51,61585.94,61475.31,61539.7,0,0
2022-12-16 11:45:00+05:30,61539.57,61547.06,61450.42,61533.92,0,0
2022-12-16 12:15:00+05:30,61533.72,61810.4,61533.72,61792.13,0,0
2022-12-16 12:45:00+05:30,61792.56,61809.82,61693.76,61706.67,0,0
2022-12-16 13:15:00+05:30,61705.89,61737.66,61600.77,61602.36,0,0
2022-12-16 13:45:00+05:30,61601.36,61631.63,61482.37,61569.93,0,0
2022-12-16 14:15:00+05:30,61569.93,61573.32,61402.69,61450.73,0,0
2022-12-16 14:45:00+05:30,61450.61,61495.71,61292.86,61308.68,0,0
2022-12-16 15:15:00+05:30,61311.94,61392.2,61299.41,61359.69,0,0
2022-12-19 09:15:00+05:30,61405.8,61485.11,61267.19,61448.18,0,0
2022-12-19 09:45:00+05:30,61448.04,61607.25,61391.57,61567.01,0,0
2022-12-19 10:15:00+05:30,61566.77,61644.61,61555.7,61641.31,0,0
2022-12-19 10:45:00+05:30,61638.58,61657.06,61535.49,61591.52,0,0
2022-12-19 11:15:00+05:30,61591.67,61681.83,61578.85,61673.93,0,0
2022-12-19 11:45:00+05:30,61672.83,61682.06,61608.4,61677.67,0,0
2022-12-19 12:15:00+05:30,61677.1,61709.8,61608.33,61608.33,0,0
2022-12-19 12:45:00+05:30,61608.5,61608.67,61502.8,61535.59,0,0
2022-12-19 13:15:00+05:30,61535.59,61638.65,61512.84,61636.81,0,0
2022-12-19 13:45:00+05:30,61637.28,61675.7,61604.47,61644.05,0,0
2022-12-19 14:15:00+05:30,61644.05,61751.78,61603.98,61710.93,0,0
2022-12-19 14:45:00+05:30,61711.02,61830.45,61691.55,61806.38,0,0
2022-12-19 15:15:00+05:30,61804.03,61844.92,61790.55,61835.13,0,0
2022-12-20 09:15:00+05:30,61608.85,61608.85,61132.02,61273.15,0,0
2022-12-20 09:45:00+05:30,61273.56,61311.04,61132.43,61189.32,0,0
2022-12-20 10:15:00+05:30,61189.08,61218.97,61150.36,61193.07,0,0
2022-12-20 10:45:00+05:30,61195.48,61232.75,61103.03,61185.47,0,0
2022-12-20 11:15:00+05:30,61184.58,61205.12,61130.26,61135.1,0,0
2022-12-20 11:45:00+05:30,61135.1,61264.15,61109.58,61250.87,0,0
2022-12-20 12:15:00+05:30,61250.95,61358.64,61235.69,61341.37,0,0
2022-12-20 12:45:00+05:30,61341.37,61392.19,61272.1,61294.72,0,0
2022-12-20 13:15:00+05:30,61292.48,61357.46,61265.12,61339.68,0,0
2022-12-20 13:45:00+05:30,61339.16,61470.95,61301.84,61433.99,0,0
2022-12-20 14:15:00+05:30,61434.23,61565.99,61413.66,61538.25,0,0
2022-12-20 14:45:00+05:30,61538.18,61779.68,61481.45,61769.45,0,0
2022-12-20 15:15:00+05:30,61770.8,61772.26,61695.98,61720.39,0,0
2022-12-21 09:15:00+05:30,61993.71,62005.64,61763.7,61766.9,0,0
2022-12-21 09:45:00+05:30,61766.14,61804.94,61641.18,61754.58,0,0
2022-12-21 10:15:00+05:30,61754.02,61776.37,61528.07,61591.29,0,0
2022-12-21 10:45:00+05:30,61591.29,61623.77,61541.23,61609.75,0,0
2022-12-21 11:15:00+05:30,61609.75,61642.12,61573.73,61638.83,0,0
2022-12-21 11:45:00+05:30,61638.83,61684.12,61471.8,61480.41,0,0
2022-12-21 12:15:00+05:30,61481.24,61481.24,61350.78,61381.82,0,0
2022-12-21 12:45:00+05:30,61381.24,61418.39,61293.06,61399.77,0,0
2022-12-21 13:15:00+05:30,61399.62,61400.24,61276.65,61334.59,0,0
2022-12-21 13:45:00+05:30,61330.8,61347.17,60945.35,61144.23,0,0
2022-12-21 14:15:00+05:30,61148.19,61351.35,61023.23,61285.73,0,0
2022-12-21 14:45:00+05:30,61285.47,61321.9,60991.66,61079.95,0,0
2022-12-21 15:15:00+05:30,61081.2,61097.05,61022.75,61093.09,0,0
2022-12-22 09:15:00+05:30,61257.17,61462.91,60984.14,61047.53,0,0
2022-12-22 09:45:00+05:30,61048.29,61265.99,60949.83,60950.02,0,0
2022-12-22 10:15:00+05:30,60948.23,60976.05,60807.45,60873.91,0,0
2022-12-22 10:45:00+05:30,60870.66,60924.07,60789.6,60908.86,0,0
2022-12-22 11:15:00+05:30,60908.96,60963.95,60785.19,60807.46,0,0
2022-12-22 11:45:00+05:30,60808.52,60812.31,60669.01,60688.63,0,0
2022-12-22 12:15:00+05:30,60690.84,60798.4,60677.57,60697.98,0,0
2022-12-22 12:45:00+05:30,60699.85,60856.61,60637.24,60789.92,0,0
2022-12-22 13:15:00+05:30,60784.99,60892.71,60742.98,60878.51,0,0
2022-12-22 13:45:00+05:30,60874.24,60996.04,60862.83,60976.35,0,0
2022-12-22 14:15:00+05:30,60976.9,61020.18,60777.33,60778.28,0,0
2022-12-22 14:45:00+05:30,60778.23,60917.9,60727.89,60895.43,0,0
2022-12-22 15:15:00+05:30,60895.46,60899.43,60785.29,60813.04,0,0
2022-12-23 09:15:00+05:30,60205.56,60545.54,60205.56,60482.69,0,0
2022-12-23 09:45:00+05:30,60479.08,60488.04,60212.5,60270.74,0,0
2022-12-23 10:15:00+05:30,60272.95,60276.1,60136.59,60226.36,0,0
2022-12-23 10:45:00+05:30,60228.59,60298.58,60191.99,60273.82,0,0
2022-12-23 11:15:00+05:30,60274.91,60290.57,60055.75,60064.09,0,0
2022-12-23 11:45:00+05:30,60065.98,60145.26,59977.96,60140.78,0,0
2022-12-23 12:15:00+05:30,60140.78,60216.65,60098.72,60170.59,0,0
2022-12-23 12:45:00+05:30,60169.04,60188.25,60074.39,60130.09,0,0
2022-12-23 13:15:00+05:30,60125.0,60155.66,59988.11,59991.56,0,0
2022-12-23 13:45:00+05:30,59991.41,60062.65,59933.59,59934.86,0,0
2022-12-23 14:15:00+05:30,59935.14,60088.23,59916.29,59999.28,0,0
2022-12-23 14:45:00+05:30,59999.28,60003.28,59766.79,59865.45,0,0
2022-12-23 15:15:00+05:30,59868.79,59920.82,59817.64,59902.78,0,0
2022-12-26 09:15:00+05:30,59755.08,60335.2,59755.08,60316.02,0,0
2022-12-26 09:45:00+05:30,60315.53,60351.04,60244.77,60293.75,0,0
2022-12-26 10:15:00+05:30,60294.3,60341.79,60209.67,60303.39,0,0
2022-12-26 10:45:00+05:30,60301.4,60386.49,60277.89,60348.18,0,0
2022-12-26 11:15:00+05:30,60348.23,60491.99,60339.45,60489.52,0,0
2022-12-26 11:45:00+05:30,60498.23,60524.71,60466.57,60514.93,0,0
2022-12-26 12:15:00+05:30,60514.93,60528.77,60403.78,60458.11,0,0
2022-12-26 12:45:00+05:30,60458.11,60525.21,60408.42,60495.4,0,0
2022-12-26 13:15:00+05:30,60493.65,60578.43,60446.48,60547.46,0,0
2022-12-26 13:45:00+05:30,60546.73,60566.68,60463.9,60566.68,0,0
2022-12-26 14:15:00+05:30,60566.28,60796.57,60546.19,60756.81,0,0
2022-12-26 14:45:00+05:30,60751.05,60833.78,60488.83,60514.75,0,0
2022-12-26 15:15:00+05:30,60514.67,60573.46,60498.63,60569.26,0,0
2022-12-27 09:15:00+05:30,60861.41,60970.6,60459.35,60503.99,0,0
2022-12-27 09:45:00+05:30,60498.28,60569.92,60405.66,60512.22,0,0
2022-12-27 10:15:00+05:30,60512.42,60665.37,60495.11,60628.77,0,0
2022-12-27 10:45:00+05:30,60628.69,60703.86,60593.56,60634.62,0,0
2022-12-27 11:15:00+05:30,60637.46,60684.37,60589.12,60624.84,0,0
2022-12-27 11:45:00+05:30,60624.84,60720.25,60618.22,60675.1,0,0
2022-12-27 12:15:00+05:30,60675.58,60720.64,60623.38,60642.32,0,0
2022-12-27 12:45:00+05:30,60640.37,60686.03,60552.9,60671.93,0,0
2022-12-27 13:15:00+05:30,60671.93,60749.33,60663.82,60716.45,0,0
2022-12-27 13:45:00+05:30,60716.45,60910.41,60712.88,60908.56,0,0
2022-12-27 14:15:00+05:30,60908.56,60916.12,60742.94,60914.62,0,0
2022-12-27 14:45:00+05:30,60915.16,60961.45,60845.83,60928.47,0,0
2022-12-27 15:15:00+05:30,60929.65,60986.68,60918.05,60934.6,0,0
2022-12-28 09:15:00+05:30,60811.52,60927.47,60719.93,60870.3,0,0
2022-12-28 09:45:00+05:30,60872.49,60973.78,60841.8,60967.29,0,0
2022-12-28 10:15:00+05:30,60967.45,60974.84,60793.39,60870.74,0,0
2022-12-28 10:45:00+05:30,60871.26,60968.64,60868.74,60968.64,0,0
2022-12-28 11:15:00+05:30,60965.58,60976.03,60907.56,60921.75,0,0
2022-12-28 11:45:00+05:30,60922.05,61011.67,60919.33,60983.29,0,0
2022-12-28 12:15:00+05:30,60983.67,61015.16,60920.18,60952.77,0,0
2022-12-28 12:45:00+05:30,60952.32,60989.08,60925.49,60933.55,0,0
2022-12-28 13:15:00+05:30,60933.19,60981.1,60895.46,60949.61,0,0
2022-12-28 13:45:00+05:30,60950.96,61075.33,60950.96,61054.29,0,0
2022-12-28 14:15:00+05:30,61053.85,61059.99,61000.78,61035.15,0,0
2022-12-28 14:45:00+05:30,61037.46,61051.24,60842.6,60910.47,0,0
2022-12-28 15:15:00+05:30,60919.64,60919.64,60854.45,60875.92,0,0
2022-12-29 09:15:00+05:30,60628.29,60683.36,60527.9,60529.53,0,0
2022-12-29 09:45:00+05:30,60529.43,60590.48,60493.55,60527.04,0,0
2022-12-29 10:15:00+05:30,60527.03,60597.05,60479.45,60575.31,0,0
2022-12-29 10:45:00+05:30,60577.88,60583.03,60540.21,60583.03,0,0
2022-12-29 11:15:00+05:30,60583.3,60678.77,60555.3,60637.84,0,0
2022-12-29 11:45:00+05:30,60637.45,60688.81,60616.7,60632.51,0,0
2022-12-29 12:15:00+05:30,60632.67,60642.45,60570.54,60588.14,0,0
2022-12-29 12:45:00+05:30,60589.74,60716.5,60568.94,60703.15,0,0
2022-12-29 13:15:00+05:30,60703.15,60732.7,60645.42,60732.35,0,0
2022-12-29 13:45:00+05:30,60733.7,60859.54,60733.7,60814.41,0,0
2022-12-29 14:15:00+05:30,60818.47,60948.84,60769.36,60948.84,0,0
2022-12-29 14:45:00+05:30,60949.41,61177.24,60933.95,61158.78,0,0
2022-12-29 15:15:00+05:30,61155.96,61207.09,61133.39,61189.77,0,0
2022-12-30 09:15:00+05:30,61329.16,61391.32,61202.94,61300.84,0,0
2022-12-30 09:45:00+05:30,61298.59,61358.62,61217.87,61219.14,0,0
2022-12-30 10:15:00+05:30,61222.84,61342.99,61212.65,61311.7,0,0
2022-12-30 10:45:00+05:30,61312.01,61316.18,61245.33,61290.31,0,0
2022-12-30 11:15:00+05:30,61289.57,61297.8,61205.68,61215.53,0,0
2022-12-30 11:45:00+05:30,61216.54,61235.17,61136.45,61206.28,0,0
2022-12-30 12:15:00+05:30,61205.95,61305.09,61201.28,61302.92,0,0
2022-12-30 12:45:00+05:30,61302.92,61303.63,61122.24,61150.88,0,0
2022-12-30 13:15:00+05:30,61149.06,61224.41,61128.38,61161.31,0,0
2022-12-30 13:45:00+05:30,61161.31,61188.11,61044.43,61158.49,0,0
2022-12-30 14:15:00+05:30,61158.63,61162.08,61031.64,61061.48,0,0
2022-12-30 14:45:00+05:30,61061.48,61171.02,60764.52,60820.16,0,0
2022-12-30 15:15:00+05:30,60821.06,60894.27,60746.39,60869.37,0,0
2023-01-02 09:15:00+05:30,60871.24,60994.84,60765.02,60994.84,0,0
2023-01-02 09:45:00+05:30,60993.56,61079.51,60979.88,61043.86,0,0
2023-01-02 10:15:00+05:30,61043.58,61134.67,61024.52,61114.44,0,0
2023-01-02 10:45:00+05:30,61111.96,61169.57,61060.65,61121.82,0,0
2023-01-02 11:15:00+05:30,61122.54,61140.44,61066.69,61122.56,0,0
2023-01-02 11:45:00+05:30,61122.65,61133.81,61056.76,61125.85,0,0
2023-01-02 12:15:00+05:30,61126.46,61154.5,61045.27,61059.06,0,0
2023-01-02 12:45:00+05:30,61059.93,61117.31,61023.07,61106.28,0,0
2023-01-02 13:15:00+05:30,61107.43,61133.26,61071.54,61079.2,0,0
2023-01-02 13:45:00+05:30,61079.2,61091.38,61033.01,61078.55,0,0
2023-01-02 14:15:00+05:30,61078.9,61078.9,60912.75,61024.26,0,0
2023-01-02 14:45:00+05:30,61023.82,61187.65,61023.61,61142.97,0,0
2023-01-02 15:15:00+05:30,61142.51,61221.68,61141.43,61203.24,0,0
2023-01-03 09:15:00+05:30,61074.88,61162.36,61004.04,61155.34,0,0
2023-01-03 09:45:00+05:30,61155.13,61290.06,61137.37,61275.99,0,0
2023-01-03 10:15:00+05:30,61277.42,61291.12,61222.62,61243.11,0,0
2023-01-03 10:45:00+05:30,61242.41,61298.43,61203.23,61274.74,0,0
2023-01-03 11:15:00+05:30,61270.95,61299.75,61236.31,61260.42,0,0
2023-01-03 11:45:00+05:30,61260.42,61274.45,61156.86,61163.01,0,0
2023-01-03 12:15:00+05:30,61161.79,61165.38,61044.2,61097.47,0,0
2023-01-03 12:45:00+05:30,61098.53,61133.0,61073.32,61121.04,0,0
2023-01-03 13:15:00+05:30,61121.05,61188.58,61111.3,61171.98,0,0
2023-01-03 13:45:00+05:30,61172.49,61252.69,61169.56,61203.36,0,0
2023-01-03 14:15:00+05:30,61203.23,61301.94,61197.16,61299.87,0,0
2023-01-03 14:45:00+05:30,61299.99,61343.96,61218.33,61317.85,0,0
2023-01-03 15:15:00+05:30,61316.99,61324.23,61276.05,61296.05,0,0
2023-01-04 09:15:00+05:30,61294.65,61324.55,61074.06,61074.06,0,0
2023-01-04 09:45:00+05:30,61077.22,61080.85,60905.15,60952.21,0,0
2023-01-04 10:15:00+05:30,60951.54,61054.9,60928.05,60986.13,0,0
2023-01-04 10:45:00+05:30,60987.29,60997.85,60824.19,60842.13,0,0
2023-01-04 11:15:00+05:30,60838.12,60898.45,60835.08,60854.62,0,0
2023-01-04 11:45:00+05:30,60855.18,60856.18,60633.32,60652.08,0,0
2023-01-04 12:15:00+05:30,60652.43,60721.56,60648.8,60708.96,0,0
2023-01-04 12:45:00+05:30,60708.99,60789.88,60700.03,60768.91,0,0
2023-01-04 13:15:00+05:30,60769.67,60855.09,60732.32,60842.23,0,0
2023-01-04 13:45:00+05:30,60841.41,60950.78,60837.47,60945.7,0,0
2023-01-04 14:15:00+05:30,60945.86,60954.72,60746.38,60746.38,0,0
2023-01-04 14:45:00+05:30,60744.67,60744.67,60594.82,60689.0,0,0
2023-01-04 15:15:00+05:30,60688.88,60697.13,60603.78,60645.0,0,0
2023-01-05 09:15:00+05:30,60847.5,60875.92,60574.27,60574.27,0,0
2023-01-05 09:45:00+05:30,60574.57,60670.53,60507.27,60667.83,0,0
2023-01-05 10:15:00+05:30,60672.59,60726.06,60593.77,60626.61,0,0
2023-01-05 10:45:00+05:30,60626.42,60626.74,60532.39,60570.47,0,0
2023-01-05 11:15:00+05:30,60571.63,60593.64,60437.48,60484.4,0,0
2023-01-05 11:45:00+05:30,60484.17,60497.65,60335.76,60371.24,0,0
2023-01-05 12:15:00+05:30,60371.47,60379.32,60212.88,60221.16,0,0
2023-01-05 12:45:00+05:30,60220.54,60283.98,60189.35,60240.1,0,0
2023-01-05 13:15:00+05:30,60249.15,60251.5,60052.42,60096.84,0,0
2023-01-05 13:45:00+05:30,60095.57,60205.26,60066.95,60105.74,0,0
2023-01-05 14:15:00+05:30,60105.07,60253.49,60098.09,60214.92,0,0
2023-01-05 14:45:00+05:30,60213.39,60395.19,60202.79,60347.44,0,0
2023-01-05 15:15:00+05:30,60350.37,60411.73,60345.9,60375.87,0,0
2023-01-06 09:15:00+05:30,60388.74,60536.24,60280.66,60478.15,0,0
2023-01-06 09:45:00+05:30,60478.7,60490.66,60223.41,60228.34,0,0
2023-01-06 10:15:00+05:30,60228.84,60258.7,60102.14,60133.57,0,0
2023-01-06 10:45:00+05:30,60133.53,60196.66,60054.85,60075.21,0,0
2023-01-06 11:15:00+05:30,60076.16,60163.24,60044.99,60149.32,0,0
2023-01-06 11:45:00+05:30,60150.19,60189.58,60100.64,60101.6,0,0
2023-01-06 12:15:00+05:30,60101.29,60121.57,59953.08,59959.83,0,0
2023-01-06 12:45:00+05:30,59960.45,59960.61,59776.97,59789.13,0,0
2023-01-06 13:15:00+05:30,59792.46,59797.23,59675.75,59768.3,0,0
2023-01-06 13:45:00+05:30,59769.15,59863.96,59730.45,59749.55,0,0
2023-01-06 14:15:00+05:30,59749.23,59861.58,59673.17,59799.51,0,0
2023-01-06 14:45:00+05:30,59801.2,59966.12,59785.78,59933.85,0,0
2023-01-06 15:15:00+05:30,59932.64,59945.26,59850.6,59928.71,0,0
2023-01-09 09:15:00+05:30,60147.07,60505.62,60121.75,60466.97,0,0
2023-01-09 09:45:00+05:30,60463.53,60636.15,60417.55,60580.34,0,0
2023-01-09 10:15:00+05:30,60582.1,60724.02,60582.1,60659.56,0,0
2023-01-09 10:45:00+05:30,60659.56,60754.36,60636.37,60750.95,0,0
2023-01-09 11:15:00+05:30,60752.76,60864.33,60731.66,60859.68,0,0
2023-01-09 11:45:00+05:30,60855.72,60888.51,60796.57,60859.46,0,0
2023-01-09 12:15:00+05:30,60859.88,60888.33,60705.98,60748.1,0,0
2023-01-09 12:45:00+05:30,60747.37,60787.98,60669.2,60679.96,0,0
2023-01-09 13:15:00+05:30,60678.61,60679.0,60502.19,60502.95,0,0
2023-01-09 13:45:00+05:30,60502.45,60587.16,60399.84,60584.61,0,0
2023-01-09 14:15:00+05:30,60586.71,60652.42,60558.7,60632.41,0,0
2023-01-09 14:45:00+05:30,60626.56,60780.72,60521.85,60765.43,0,0
2023-01-09 15:15:00+05:30,60762.45,60795.95,60687.36,60696.41,0,0
2023-01-10 09:15:00+05:30,60805.14,60805.14,60371.32,60419.25,0,0
2023-01-10 09:45:00+05:30,60419.13,60458.93,60254.31,60338.03,0,0
2023-01-10 10:15:00+05:30,60336.79,60405.14,60210.86,60212.14,0,0
2023-01-10 10:45:00+05:30,60211.48,60281.61,60182.28,60222.79,0,0
2023-01-10 11:15:00+05:30,60221.86,60250.29,60127.18,60161.74,0,0
2023-01-10 11:45:00+05:30,60161.52,60265.61,60149.85,60246.49,0,0
2023-01-10 12:15:00+05:30,60247.79,60310.91,60083.22,60086.1,0,0
2023-01-10 12:45:00+05:30,60083.22,60111.27,60009.24,60053.7,0,0
2023-01-10 13:15:00+05:30,60053.99,60119.1,59976.88,60005.8,0,0
2023-01-10 13:45:00+05:30,60004.64,60156.97,59990.08,60110.32,0,0
2023-01-10 14:15:00+05:30,60107.04,60125.76,59945.29,59945.29,0,0
2023-01-10 14:45:00+05:30,59943.6,60155.4,59940.9,60131.78,0,0
2023-01-10 15:15:00+05:30,60132.57,60169.83,60111.81,60161.93,0,0
2023-01-11 09:15:00+05:30,60134.56,60210.94,59806.17,59962.58,0,0
2023-01-11 09:45:00+05:30,59962.52,60289.37,59945.04,60289.37,0,0
2023-01-11 10:15:00+05:30,60292.94,60364.38,60227.28,60272.56,0,0
2023-01-11 10:45:00+05:30,60272.21,60297.28,60031.69,60128.74,0,0
2023-01-11 11:15:00+05:30,60129.81,60137.48,60025.45,60055.89,0,0
2023-01-11 11:45:00+05:30,60056.62,60222.4,60056.62,60138.45,0,0
2023-01-11 12:15:00+05:30,60137.81,60187.14,60099.55,60112.41,0,0
2023-01-11 12:45:00+05:30,60112.97,60184.32,60059.2,60173.06,0,0
2023-01-11 13:15:00+05:30,60172.67,60221.83,60168.56,60179.64,0,0
2023-01-11 13:45:00+05:30,60179.7,60180.63,60017.14,60043.54,0,0
2023-01-11 14:15:00+05:30,60043.54,60182.52,60017.18,60162.98,0,0
2023-01-11 14:45:00+05:30,60162.23,60241.42,60066.79,60092.39,0,0
2023-01-11 15:15:00+05:30,60090.62,60129.51,60040.14,60082.32,0,0
2023-01-12 09:15:00+05:30,60083.03,60289.79,60078.64,60133.34,0,0
2023-01-12 09:45:00+05:30,60133.9,60149.23,59910.41,59954.07,0,0
2023-01-12 10:15:00+05:30,59954.39,59954.39,59799.45,59854.14,0,0
2023-01-12 10:45:00+05:30,59852.65,59882.09,59743.81,59756.04,0,0
2023-01-12 11:15:00+05:30,59754.85,59845.18,59752.77,59800.61,0,0
2023-01-12 11:45:00+05:30,59800.61,59818.39,59704.56,59817.15,0,0
2023-01-12 12:15:00+05:30,59815.88,59883.44,59809.96,59840.79,0,0
2023-01-12 12:45:00+05:30,59842.73,59952.3,59813.42,59848.57,0,0
2023-01-12 13:15:00+05:30,59848.93,59868.64,59632.32,59678.55,0,0
2023-01-12 13:45:00+05:30,59679.44,59876.13,59679.44,59858.35,0,0
2023-01-12 14:15:00+05:30,59860.62,59955.63,59838.98,59841.72,0,0
2023-01-12 14:45:00+05:30,59835.99,59989.94,59806.02,59954.47,0,0
2023-01-12 15:15:00+05:30,59954.25,60002.06,59940.56,59970.28,0,0
2023-01-13 09:15:00+05:30,60044.96,60044.96,59658.39,59664.76,0,0
2023-01-13 09:45:00+05:30,59664.61,59756.32,59628.43,59676.31,0,0
2023-01-13 10:15:00+05:30,59676.31,59800.2,59666.91,59784.63,0,0
2023-01-13 10:45:00+05:30,59783.29,59850.51,59743.36,59832.38,0,0
2023-01-13 11:15:00+05:30,59833.5,59865.27,59777.45,59790.99,0,0
2023-01-13 11:45:00+05:30,59790.7,59908.72,59776.31,59902.24,0,0
2023-01-13 12:15:00+05:30,59898.87,60077.95,59897.18,60028.56,0,0
2023-01-13 12:45:00+05:30,60030.72,60278.77,60027.0,60276.29,0,0
2023-01-13 13:15:00+05:30,60276.45,60343.83,60220.29,60323.36,0,0
2023-01-13 13:45:00+05:30,60326.25,60416.33,60320.52,60375.83,0,0
2023-01-13 14:15:00+05:30,60375.45,60383.49,60203.03,60245.9,0,0
2023-01-13 14:45:00+05:30,60245.91,60303.36,60185.94,60255.26,0,0
2023-01-13 15:15:00+05:30,60254.26,60291.08,60234.16,60243.88,0,0
2023-01-16 09:15:00+05:30,60550.5,60586.52,60302.07,60408.08,0,0
2023-01-16 09:45:00+05:30,60408.15,60439.79,60259.02,60387.31,0,0
2023-01-16 10:15:00+05:30,60387.11,60420.2,60330.66,60397.64,0,0
2023-01-16 10:45:00+05:30,60395.78,60415.29,60333.99,60335.61,0,0
2023-01-16 11:15:00+05:30,60337.55,60338.41,60222.92,60283.55,0,0
2023-01-16 11:45:00+05:30,60283.34,60285.64,60187.55,60190.86,0,0
2023-01-16 12:15:00+05:30,60188.37,60193.05,60115.97,60123.0,0,0
2023-01-16 12:45:00+05:30,60123.0,60204.52,60063.86,60203.24,0,0
2023-01-16 13:15:00+05:30,60203.24,60282.32,60139.76,60141.36,0,0
2023-01-16 13:45:00+05:30,60138.75,60144.5,59963.83,60048.67,0,0
2023-01-16 14:15:00+05:30,60049.08,60085.69,59984.86,60036.62,0,0
2023-01-16 14:45:00+05:30,60037.22,60103.46,59970.79,60079.82,0,0
2023-01-16 15:15:00+05:30,60078.07,60117.62,60069.17,60093.38,0,0
2023-01-17 09:15:00+05:30,60142.08,60404.04,60073.51,60347.42,0,0
2023-01-17 09:45:00+05:30,60349.76,60535.23,60314.34,60500.77,0,0
2023-01-17 10:15:00+05:30,60501.72,60578.7,60466.38,60526.71,0,0
2023-01-17 10:45:00+05:30,60526.86,60556.87,60387.96,60436.56,0,0
2023-01-17 11:15:00+05:30,60434.48,60503.72,60381.05,60484.05,0,0
2023-01-17 11:45:00+05:30,60485.86,60540.52,60461.5,60524.85,0,0
2023-01-17 12:15:00+05:30,60525.65,60526.19,60397.31,60403.67,0,0
2023-01-17 12:45:00+05:30,60401.84,60446.82,60303.58,60315.11,0,0
2023-01-17 13:15:00+05:30,60315.01,60435.67,60252.55,60425.72,0,0
2023-01-17 13:45:00+05:30,60426.35,60474.98,60369.19,60449.48,0,0
2023-01-17 14:15:00+05:30,60449.7,60516.65,60430.29,60482.04,0,0
2023-01-17 14:45:00+05:30,60481.89,60680.34,60461.27,60663.87,0,0
2023-01-17 15:15:00+05:30,60666.0,60704.09,60652.16,60665.36,0,0
2023-01-18 09:15:00+05:30,60716.03,60784.65,60569.48,60771.3,0,0
2023-01-18 09:45:00+05:30,60772.24,60939.11,60768.61,60900.76,0,0
2023-01-18 10:15:00+05:30,60897.55,60923.68,60839.29,60911.08,0,0
2023-01-18 10:45:00+05:30,60912.84,60991.83,60877.96,60991.83,0,0
2023-01-18 11:15:00+05:30,60989.52,61101.98,60988.23,61098.03,0,0
2023-01-18 11:45:00+05:30,61095.99,61100.28,61038.7,61092.24,0,0
2023-01-18 12:15:00+05:30,61093.02,61098.16,61013.02,61042.3,0,0
2023-01-18 12:45:00+05:30,61041.6,61065.12,60990.57,60991.51,0,0
2023-01-18 13:15:00+05:30,60992.0,61107.8,60992.0,61100.38,0,0
2023-01-18 13:45:00+05:30,61100.69,61108.64,60958.02,61010.24,0,0
2023-01-18 14:15:00+05:30,61010.9,61095.37,60984.88,61087.5,0,0
2023-01-18 14:45:00+05:30,61087.5,61109.52,61003.17,61005.61,0,0
2023-01-18 15:15:00+05:30,61003.98,61070.31,60997.35,61062.19,0,0
2023-01-19 09:15:00+05:30,60920.02,60968.65,60768.71,60848.34,0,0
2023-01-19 09:45:00+05:30,60849.81,60870.69,60717.24,60763.3,0,0
2023-01-19 10:15:00+05:30,60765.33,60911.96,60731.14,60877.47,0,0
2023-01-19 10:45:00+05:30,60877.39,61031.89,60864.51,60943.91,0,0
2023-01-19 11:15:00+05:30,60944.28,60981.95,60859.95,60981.95,0,0
2023-01-19 11:45:00+05:30,60981.46,61015.43,60908.74,60948.16,0,0
2023-01-19 12:15:00+05:30,60946.9,60989.92,60918.78,60938.06,0,0
2023-01-19 12:45:00+05:30,60938.06,60938.37,60851.81,60888.7,0,0
2023-01-19 13:15:00+05:30,60888.7,60925.96,60848.76,60915.99,0,0
2023-01-19 13:45:00+05:30,60915.98,60940.16,60870.63,60934.1,0,0
2023-01-19 14:15:00+05:30,60934.3,60956.47,60794.22,60858.9,0,0
2023-01-19 14:45:00+05:30,60857.94,60894.89,60793.83,60837.89,0,0
2023-01-19 15:15:00+05:30,60834.1,60853.56,60784.19,60784.19,0,0
2023-01-20 09:15:00+05:30,60901.16,60901.16,60756.59,60777.75,0,0
2023-01-20 09:45:00+05:30,60780.31,60892.0,60736.65,60890.41,0,0
2023-01-20 10:15:00+05:30,60893.54,60999.95,60874.92,60986.48,0,0
2023-01-20 10:45:00+05:30,60987.76,60997.48,60861.82,60866.36,0,0
2023-01-20 11:15:00+05:30,60861.67,60910.79,60847.4,60877.84,0,0
2023-01-20 11:45:00+05:30,60877.84,60886.21,60782.92,60827.44,0,0
2023-01-20 12:15:00+05:30,60826.77,60891.41,60807.13,60810.49,0,0
2023-01-20 12:45:00+05:30,60810.49,60853.37,60780.42,60843.67,0,0
2023-01-20 13:15:00+05:30,60843.53,60872.02,60769.33,60781.92,0,0
2023-01-20 13:45:00+05:30,60781.83,60804.83,60669.91,60725.69,0,0
2023-01-20 14:15:00+05:30,60725.69,60748.0,60593.88,60610.93,0,0
2023-01-20 14:45:00+05:30,60611.89,60724.53,60600.36,60625.9,0,0
2023-01-20 15:15:00+05:30,60627.17,60641.4,60588.63,60619.82,0,0
2023-01-23 09:15:00+05:30,60876.01,61031.4,60767.48,60977.23,0,0
2023-01-23 09:45:00+05:30,60983.45,61113.03,60983.45,61072.39,0,0
2023-01-23 10:15:00+05:30,61070.97,61105.48,61037.74,61042.61,0,0
2023-01-23 10:45:00+05:30,61042.64,61094.15,61015.39,61016.73,0,0
2023-01-23 11:15:00+05:30,61014.76,61044.85,60986.92,61023.28,0,0
2023-01-23 11:45:00+05:30,61022.9,61038.25,60916.19,60928.52,0,0
2023-01-23 12:15:00+05:30,60927.67,60939.4,60881.65,60890.47,0,0
2023-01-23 12:45:00+05:30,60890.47,60903.55,60812.41,60843.29,0,0
2023-01-23 13:15:00+05:30,60843.64,60963.85,60843.64,60958.36,0,0
2023-01-23 13:45:00+05:30,60958.11,60988.21,60931.0,60973.04,0,0
2023-01-23 14:15:00+05:30,60973.06,61021.01,60922.28,60929.59,0,0
2023-01-23 14:45:00+05:30,60926.05,60994.91,60897.89,60965.17,0,0
2023-01-23 15:15:00+05:30,60964.77,60969.59,60897.06,60909.44,0,0
2023-01-24 09:15:00+05:30,61122.2,61265.49,61091.0,61234.76,0,0
2023-01-24 09:45:00+05:30,61234.18,61240.23,60995.61,61038.7,0,0
2023-01-24 10:15:00+05:30,61036.17,61150.19,61017.0,61144.32,0,0
2023-01-24 10:45:00+05:30,61144.29,61155.53,61068.23,61089.11,0,0
2023-01-24 11:15:00+05:30,61087.61,61094.86,61023.05,61061.29,0,0
2023-01-24 11:45:00+05:30,61061.99,61085.46,60979.93,61013.91,0,0
2023-01-24 12:15:00+05:30,61012.39,61024.82,60967.65,61011.98,0,0
2023-01-24 12:45:00+05:30,61011.98,61075.99,61006.49,61031.5,0,0
2023-01-24 13:15:00+05:30,61031.5,61053.35,60915.78,60916.9,0,0
2023-01-24 13:45:00+05:30,60914.32,60972.73,60849.12,60954.55,0,0
2023-01-24 14:15:00+05:30,60954.4,61014.67,60910.22,60948.64,0,0
2023-01-24 14:45:00+05:30,60948.64,61048.24,60931.04,61018.44,0,0
2023-01-24 15:15:00+05:30,61016.5,61019.94,60935.26,60963.2,0,0
2023-01-25 09:15:00+05:30,60834.73,60899.21,60671.88,60675.34,0,0
2023-01-25 09:45:00+05:30,60670.11,60709.73,60407.65,60420.52,0,0
2023-01-25 10:15:00+05:30,60420.02,60489.31,60324.77,60330.79,0,0
2023-01-25 10:45:00+05:30,60331.24,60406.64,60308.51,60392.27,0,0
2023-01-25 11:15:00+05:30,60392.27,60413.29,60081.36,60207.71,0,0
2023-01-25 11:45:00+05:30,60208.04,60316.26,60191.09,60257.4,0,0
2023-01-25 12:15:00+05:30,60257.4,60310.4,60204.41,60247.73,0,0
2023-01-25 12:45:00+05:30,60247.02,60368.73,60246.35,60277.03,0,0
2023-01-25 13:15:00+05:30,60279.32,60332.05,60224.57,60303.87,0,0
2023-01-25 13:45:00+05:30,60304.08,60403.19,60284.61,60357.32,0,0
2023-01-25 14:15:00+05:30,60355.35,60370.5,60194.76,60219.43,0,0
2023-01-25 14:45:00+05:30,60220.96,60268.28,60144.21,60220.28,0,0
2023-01-25 15:15:00+05:30,60219.2,60269.76,60208.03,60252.31,0,0
2023-01-27 09:15:00+05:30,60166.9,60166.9,59544.22,59713.44,0,0
2023-01-27 09:45:00+05:30,59714.17,59747.81,59449.64,59454.94,0,0
2023-01-27 10:15:00+05:30,59459.55,59756.65,59392.51,59622.15,0,0
2023-01-27 10:45:00+05:30,59621.3,59621.3,59440.89,59459.4,0,0
2023-01-27 11:15:00+05:30,59464.37,59516.64,59377.38,59402.38,0,0
2023-01-27 11:45:00+05:30,59397.77,59477.35,59320.63,59334.91,0,0
2023-01-27 12:15:00+05:30,59334.83,59358.93,59088.37,59210.33,0,0
2023-01-27 12:45:00+05:30,59210.58,59276.19,59129.08,59229.52,0,0
2023-01-27 13:15:00+05:30,59227.14,59341.37,59098.82,59165.69,0,0
2023-01-27 13:45:00+05:30,59164.57,59197.41,58984.38,59007.02,0,0
2023-01-27 14:15:00+05:30,59004.15,59118.05,58975.44,59047.32,0,0
2023-01-27 14:45:00+05:30,59046.96,59374.29,59043.71,59374.29,0,0
2023-01-27 15:15:00+05:30,59375.78,59426.94,59341.15,59369.86,0,0
2023-01-30 09:15:00+05:30,59101.69,59642.68,58706.85,59421.44,0,0
2023-01-30 09:45:00+05:30,59424.41,59510.68,59282.02,59399.88,0,0
2023-01-30 10:15:00+05:30,59399.57,59439.9,59196.96,59208.19,0,0
2023-01-30 10:45:00+05:30,59208.52,59313.2,59152.19,59193.85,0,0
2023-01-30 11:15:00+05:30,59190.86,59267.68,59168.55,59192.42,0,0
2023-01-30 11:45:00+05:30,59193.24,59412.42,59186.37,59316.04,0,0
2023-01-30 12:15:00+05:30,59318.25,59341.02,59090.41,59115.05,0,0
2023-01-30 12:45:00+05:30,59109.89,59114.24,58883.42,58885.39,0,0
2023-01-30 13:15:00+05:30,58886.0,59067.16,58869.5,58900.61,0,0
2023-01-30 13:45:00+05:30,58895.81,59144.49,58699.86,59120.95,0,0
2023-01-30 14:15:00+05:30,59121.26,59236.92,59067.43,59213.29,0,0
2023-01-30 14:45:00+05:30,59213.16,59597.4,59190.61,59543.26,0,0
2023-01-30 15:15:00+05:30,59540.08,59614.45,59498.52,59579.41,0,0
2023-01-31 09:15:00+05:30,59770.83,59781.54,59229.78,59267.62,0,0
2023-01-31 09:45:00+05:30,59267.62,59301.05,59104.59,59184.48,0,0
2023-01-31 10:15:00+05:30,59183.77,59371.19,59158.4,59371.19,0,0
2023-01-31 10:45:00+05:30,59367.22,59377.03,59178.62,59267.52,0,0
2023-01-31 11:15:00+05:30,59268.48,59407.97,59233.74,59363.08,0,0
2023-01-31 11:45:00+05:30,59363.47,59497.44,59337.88,59347.58,0,0
2023-01-31 12:15:00+05:30,59346.87,59469.85,59294.32,59460.03,0,0
2023-01-31 12:45:00+05:30,59459.65,59491.34,59367.35,59471.47,0,0
2023-01-31 13:15:00+05:30,59472.37,59596.46,59470.44,59520.47,0,0
2023-01-31 13:45:00+05:30,59520.68,59598.69,59375.69,59403.02,0,0
2023-01-31 14:15:00+05:30,59404.18,59465.74,59329.16,59435.78,0,0
2023-01-31 14:45:00+05:30,59437.34,59622.07,59412.2,59621.86,0,0
2023-01-31 15:15:00+05:30,59625.81,59674.83,59569.44,59637.98,0,0
2023-02-01 09:15:00+05:30,60001.17,60055.44,59807.74,59941.15,0,0
2023-02-01 09:45:00+05:30,59937.61,59999.63,59874.96,59992.83,0,0
2023-02-01 10:15:00+05:30,59992.82,60099.88,59977.75,60055.92,0,0
2023-02-01 10:45:00+05:30,60055.76,60188.76,60027.99,60077.32,0,0
2023-02-01 11:15:00+05:30,60077.17,60091.28,59839.38,60073.99,0,0
2023-02-01 11:45:00+05:30,60074.38,60141.65,59899.26,59919.82,0,0
2023-02-01 12:15:00+05:30,59919.79,60656.87,59858.34,60503.38,0,0
2023-02-01 12:45:00+05:30,60503.85,60773.44,60503.85,60583.89,0,0
2023-02-01 13:15:00+05:30,60584.98,60614.06,59928.08,59949.86,0,0
2023-02-01 13:45:00+05:30,59951.89,60089.4,59705.78,59880.71,0,0
2023-02-01 14:15:00+05:30,59880.62,59891.92,59318.37,59341.22,0,0
2023-02-01 14:45:00+05:30,59333.04,59903.16,58819.47,59742.48,0,0
2023-02-01 15:15:00+05:30,59746.19,59862.49,59673.87,59712.41,0,0
2023-02-02 09:15:00+05:30,59459.87,59920.4,59215.85,59832.07,0,0
2023-02-02 09:45:00+05:30,59832.4,59908.02,59580.3,59711.09,0,0
2023-02-02 10:15:00+05:30,59710.56,59844.38,59500.27,59667.74,0,0
2023-02-02 10:45:00+05:30,59669.42,59872.78,59635.06,59786.98,0,0
2023-02-02 11:15:00+05:30,59786.98,59880.5,59700.69,59733.34,0,0
2023-02-02 11:45:00+05:30,59734.32,59942.05,59725.61,59856.99,0,0
2023-02-02 12:15:00+05:30,59856.56,59857.32,59630.46,59653.29,0,0
2023-02-02 12:45:00+05:30,59653.41,59770.92,59601.59,59690.16,0,0
2023-02-02 13:15:00+05:30,59690.27,59707.59,59520.82,59611.13,0,0
2023-02-02 13:45:00+05:30,59611.13,59732.26,59526.26,59719.55,0,0
2023-02-02 14:15:00+05:30,59720.43,59912.35,59688.55,59883.84,0,0
2023-02-02 14:45:00+05:30,59884.64,59999.37,59780.85,59942.42,0,0
2023-02-02 15:15:00+05:30,59942.02,60006.16,59918.03,59933.84,0,0
2023-02-03 09:15:00+05:30,60350.01,60390.46,60147.74,60215.13,0,0
2023-02-03 09:45:00+05:30,60214.67,60374.22,60198.28,60335.03,0,0
2023-02-03 10:15:00+05:30,60337.21,60378.35,60077.88,60078.69,0,0
2023-02-03 10:45:00+05:30,60078.48,60266.97,60071.49,60175.35,0,0
2023-02-03 11:15:00+05:30,60175.71,60212.61,60014.51,60143.91,0,0
2023-02-03 11:45:00+05:30,60143.29,60296.05,60123.71,60285.36,0,0
2023-02-03 12:15:00+05:30,60285.36,60379.54,60263.72,60357.38,0,0
2023-02-03 12:45:00+05:30,60356.68,60437.93,60321.21,60416.56,0,0
2023-02-03 13:15:00+05:30,60416.56,60513.03,60339.27,60498.17,0,0
2023-02-03 13:45:00+05:30,60498.13,60579.61,60456.76,60519.78,0,0
2023-02-03 14:15:00+05:30,60519.12,60810.62,60519.12,60765.06,0,0
2023-02-03 14:45:00+05:30,60765.06,60905.18,60735.15,60854.09,0,0
2023-02-03 15:15:00+05:30,60852.39,60862.72,60753.34,60801.27,0,0
2023-02-06 09:15:00+05:30,60847.21,60847.21,60438.53,60681.28,0,0
2023-02-06 09:45:00+05:30,60682.96,60718.97,60537.8,60633.91,0,0
2023-02-06 10:15:00+05:30,60634.41,60640.81,60364.85,60442.87,0,0
2023-02-06 10:45:00+05:30,60442.6,60465.9,60345.61,60402.59,0,0
2023-02-06 11:15:00+05:30,60402.13,60483.2,60379.63,60415.2,0,0
2023-02-06 11:45:00+05:30,60416.22,60504.14,60395.4,60400.63,0,0
2023-02-06 12:15:00+05:30,60401.6,60459.94,60359.63,60404.26,0,0
2023-02-06 12:45:00+05:30,60404.65,60470.7,60387.8,60394.65,0,0
2023-02-06 13:15:00+05:30,60396.58,60553.25,60377.58,60532.81,0,0
2023-02-06 13:45:00+05:30,60532.51,60591.25,60457.24,60566.16,0,0
2023-02-06 14:15:00+05:30,60567.69,60568.47,60479.68,60497.72,0,0
2023-02-06 14:45:00+05:30,60497.06,60557.5,60428.35,60505.73,0,0
2023-02-06 15:15:00+05:30,60505.18,60528.02,60483.71,60504.66,0,0
2023-02-07 09:15:00+05:30,60511.32,60655.14,60424.44,60435.03,0,0
2023-02-07 09:45:00+05:30,60436.34,60488.15,60374.91,60406.34,0,0
2023-02-07 10:15:00+05:30,60408.35,60515.06,60368.29,60463.09,0,0
2023-02-07 10:45:00+05:30,60458.17,60484.4,60389.15,60473.95,0,0
2023-02-07 11:15:00+05:30,60473.28,60486.17,60352.45,60352.45,0,0
2023-02-07 11:45:00+05:30,60352.21,60392.42,60290.73,60290.73,0,0
2023-02-07 12:15:00+05:30,60292.52,60292.52,60167.99,60179.65,0,0
2023-02-07 12:45:00+05:30,60180.15,60199.05,60064.59,60067.25,0,0
2023-02-07 13:15:00+05:30,60068.92,60305.99,60064.04,60290.37,0,0
2023-02-07 13:45:00+05:30,60290.05,60377.76,60250.67,60339.2,0,0
2023-02-07 14:15:00+05:30,60338.38,60428.61,60264.76,60416.6,0,0
2023-02-07 14:45:00+05:30,60416.27,60495.15,60270.31,60300.64,0,0
2023-02-07 15:15:00+05:30,60299.41,60306.79,60230.8,60295.15,0,0
2023-02-08 09:15:00+05:30,60332.99,60673.17,60332.99,60664.3,0,0
2023-02-08 09:45:00+05:30,60664.17,60792.1,60584.97,60734.63,0,0
2023-02-08 10:15:00+05:30,60731.85,60747.9,60546.0,60551.4,0,0
2023-02-08 10:45:00+05:30,60550.66,60641.94,60507.01,60619.51,0,0
2023-02-08 11:15:00+05:30,60617.45,60737.52,60609.94,60732.91,0,0
2023-02-08 11:45:00+05:30,60734.16,60760.66,60596.26,60652.98,0,0
2023-02-08 12:15:00+05:30,60652.98,60661.63,60585.94,60638.75,0,0
2023-02-08 12:45:00+05:30,60635.85,60697.46,60607.38,60665.06,0,0
2023-02-08 13:15:00+05:30,60662.33,60776.88,60621.04,60692.32,0,0
2023-02-08 13:45:00+05:30,60691.23,60765.86,60674.91,60761.96,0,0
2023-02-08 14:15:00+05:30,60757.51,60785.06,60715.43,60746.13,0,0
2023-02-08 14:45:00+05:30,60744.46,60776.67,60652.47,60680.63,0,0
2023-02-08 15:15:00+05:30,60676.08,60702.48,60597.43,60625.87,0,0
2023-02-09 09:15:00+05:30,60715.89,60719.22,60472.81,60489.63,0,0
2023-02-09 09:45:00+05:30,60489.31,60696.92,60479.57,60662.15,0,0
2023-02-09 10:15:00+05:30,60662.12,60740.0,60645.4,60707.96,0,0
2023-02-09 10:45:00+05:30,60701.73,60711.86,60616.21,60697.04,0,0
2023-02-09 11:15:00+05:30,60697.04,60763.65,60683.42,60708.75,0,0
2023-02-09 11:45:00+05:30,60709.91,60734.34,60581.66,60586.73,0,0
2023-02-09 12:15:00+05:30,60588.27,60664.8,60557.66,60572.67,0,0
2023-02-09 12:45:00+05:30,60573.73,60640.36,60564.75,60592.85,0,0
2023-02-09 13:15:00+05:30,60592.85,60711.13,60569.56,60705.53,0,0
2023-02-09 13:45:00+05:30,60705.67,60863.63,60697.72,60811.73,0,0
2023-02-09 14:15:00+05:30,60812.5,60842.67,60774.12,60828.89,0,0
2023-02-09 14:45:00+05:30,60826.2,60841.69,60754.93,60829.92,0,0
2023-02-09 15:15:00+05:30,60829.92,60861.48,60806.1,60841.17,0,0
2023-02-10 09:15:00+05:30,60706.81,60774.14,60539.92,60545.15,0,0
2023-02-10 09:45:00+05:30,60547.22,60673.21,60501.74,60605.46,0,0
2023-02-10 10:15:00+05:30,60606.04,60670.56,60578.48,60661.65,0,0
2023-02-10 10:45:00+05:30,60661.65,60733.15,60658.12,60732.71,0,0
2023-02-10 11:15:00+05:30,60732.68,60761.98,60645.0,60654.78,0,0
2023-02-10 11:45:00+05:30,60654.8,60689.83,60555.39,60562.04,0,0
2023-02-10 12:15:00+05:30,60562.49,60623.84,60557.5,60597.28,0,0
2023-02-10 12:45:00+05:30,60597.85,60615.27,60537.7,60549.81,0,0
2023-02-10 13:15:00+05:30,60549.81,60620.57,60537.44,60609.41,0,0
2023-02-10 13:45:00+05:30,60609.7,60682.35,60595.32,60665.04,0,0
2023-02-10 14:15:00+05:30,60664.81,60686.13,60609.45,60615.85,0,0
2023-02-10 14:45:00+05:30,60616.01,60722.07,60582.38,60712.47,0,0
2023-02-10 15:15:00+05:30,60712.08,60725.95,60634.1,60649.22,0,0
2023-02-13 09:15:00+05:30,60652.82,60740.95,60459.34,60570.69,0,0
2023-02-13 09:45:00+05:30,60569.96,60569.96,60289.9,60311.47,0,0
2023-02-13 10:15:00+05:30,60311.47,60466.39,60286.69,60414.27,0,0
2023-02-13 10:45:00+05:30,60414.57,60475.31,60407.43,60470.14,0,0
2023-02-13 11:15:00+05:30,60470.45,60479.41,60338.55,60386.85,0,0
2023-02-13 11:45:00+05:30,60387.3,60433.36,60332.66,60346.29,0,0
2023-02-13 12:15:00+05:30,60345.47,60346.27,60245.05,60318.87,0,0
2023-02-13 12:45:00+05:30,60319.6,60443.77,60307.95,60423.75,0,0
2023-02-13 13:15:00+05:30,60423.75,60471.4,60397.3,60429.15,0,0
2023-02-13 13:45:00+05:30,60431.41,60479.24,60403.69,60439.61,0,0
2023-02-13 14:15:00+05:30,60440.32,60520.05,60414.54,60509.81,0,0
2023-02-13 14:45:00+05:30,60506.72,60537.31,60423.05,60427.49,0,0
2023-02-13 15:15:00+05:30,60425.77,60451.82,60414.1,60423.8,0,0
2023-02-14 09:15:00+05:30,60550.25,60769.8,60550.25,60640.0,0,0
2023-02-14 09:45:00+05:30,60640.38,60742.1,60599.03,60725.44,0,0
2023-02-14 10:15:00+05:30,60724.69,60751.85,60678.11,60739.44,0,0
2023-02-14 10:45:00+05:30,60740.0,60786.47,60683.98,60775.57,0,0
2023-02-14 11:15:00+05:30,60776.32,60831.56,60750.27,60818.85,0,0
2023-02-14 11:45:00+05:30,60819.16,60934.5,60819.16,60920.04,0,0
2023-02-14 12:15:00+05:30,60923.22,60996.91,60916.21,60994.89,0,0
2023-02-14 12:45:00+05:30,60994.89,61027.87,60954.79,61002.35,0,0
2023-02-14 13:15:00+05:30,61002.35,61011.64,60933.55,60961.45,0,0
2023-02-14 13:45:00+05:30,60960.24,61102.74,60960.24,61066.86,0,0
2023-02-14 14:15:00+05:30,61066.04,61087.18,61016.49,61077.33,0,0
2023-02-14 14:45:00+05:30,61075.76,61094.97,61016.44,61025.27,0,0
2023-02-14 15:15:00+05:30,61025.46,61050.34,61004.8,61017.81,0,0
2023-02-15 09:15:00+05:30,60990.05,60990.05,60752.25,60775.16,0,0
2023-02-15 09:45:00+05:30,60775.93,61033.4,60772.4,61006.19,0,0
2023-02-15 10:15:00+05:30,61005.01,61057.12,60951.35,60976.75,0,0
2023-02-15 10:45:00+05:30,60976.78,61052.23,60961.69,61049.86,0,0
2023-02-15 11:15:00+05:30,61049.48,61108.66,61004.37,61049.59,0,0
2023-02-15 11:45:00+05:30,61049.59,61073.69,60933.64,60971.37,0,0
2023-02-15 12:15:00+05:30,60971.37,61031.25,60938.2,61010.51,0,0
2023-02-15 12:45:00+05:30,61010.59,61053.16,60971.38,60982.47,0,0
2023-02-15 13:15:00+05:30,60982.82,61037.86,60936.29,60950.82,0,0
2023-02-15 13:45:00+05:30,60952.04,61039.57,60920.8,61034.19,0,0
2023-02-15 14:15:00+05:30,61032.35,61125.3,61011.77,61089.62,0,0
2023-02-15 14:45:00+05:30,61089.78,61300.23,61089.78,61287.64,0,0
2023-02-15 15:15:00+05:30,61287.28,61349.36,61283.11,61309.02,0,0
2023-02-16 09:15:00+05:30,61566.22,61678.07,61448.2,61675.0,0,0
2023-02-16 09:45:00+05:30,61676.4,61681.99,61572.53,61610.98,0,0
2023-02-16 10:15:00+05:30,61611.0,61626.32,61537.51,61594.98,0,0
2023-02-16 10:45:00+05:30,61596.03,61659.51,61596.03,61622.53,0,0
2023-02-16 11:15:00+05:30,61625.01,61642.89,61553.38,61570.7,0,0
2023-02-16 11:45:00+05:30,61571.67,61587.63,61512.32,61536.32,0,0
2023-02-16 12:15:00+05:30,61536.32,61541.58,61413.25,61459.51,0,0
2023-02-16 12:45:00+05:30,61459.16,61503.87,61411.45,61503.87,0,0
2023-02-16 13:15:00+05:30,61503.87,61564.67,61491.37,61552.03,0,0
2023-02-16 13:45:00+05:30,61552.03,61555.91,61439.56,61495.85,0,0
2023-02-16 14:15:00+05:30,61495.93,61523.63,61347.99,61464.68,0,0
2023-02-16 14:45:00+05:30,61461.41,61483.9,61319.46,61321.96,0,0
2023-02-16 15:15:00+05:30,61320.48,61332.76,61199.5,61245.76,0,0
2023-02-17 09:15:00+05:30,60993.54,61217.07,60928.75,61197.06,0,0
2023-02-17 09:45:00+05:30,61196.7,61302.53,61110.51,61112.06,0,0
2023-02-17 10:15:00+05:30,61111.98,61208.2,61082.8,61186.92,0,0
2023-02-17 10:45:00+05:30,61187.58,61197.16,61110.87,61137.13,0,0
2023-02-17 11:15:00+05:30,61136.1,61190.02,61110.72,61131.94,0,0
2023-02-17 11:45:00+05:30,61134.08,61199.8,61107.33,61123.25,0,0
2023-02-17 12:15:00+05:30,61123.25,61123.78,61011.99,61018.93,0,0
2023-02-17 12:45:00+05:30,61019.24,61078.74,60897.89,60925.18,0,0
2023-02-17 13:15:00+05:30,60924.2,60983.28,60817.52,60828.0,0,0
2023-02-17 13:45:00+05:30,60824.95,60915.83,60811.26,60879.87,0,0
2023-02-17 14:15:00+05:30,60879.9,60968.82,60870.03,60885.75,0,0
2023-02-17 14:45:00+05:30,60885.75,61041.64,60836.08,61035.3,0,0
2023-02-17 15:15:00+05:30,61035.61,61048.57,60986.69,60986.69,0,0
2023-02-20 09:15:00+05:30,61112.84,61202.24,60959.83,61200.7,0,0
2023-02-20 09:45:00+05:30,61204.61,61289.84,61123.53,61130.77,0,0
2023-02-20 10:15:00+05:30,61130.08,61208.1,61073.28,61125.67,0,0
2023-02-20 10:45:00+05:30,61125.67,61155.3,61103.06,61147.35,0,0
2023-02-20 11:15:00+05:30,61147.65,61163.28,61008.42,61040.1,0,0
2023-02-20 11:45:00+05:30,61041.53,61086.12,60958.37,60958.37,0,0
2023-02-20 12:15:00+05:30,60955.98,60997.57,60880.91,60882.32,0,0
2023-02-20 12:45:00+05:30,60882.07,60923.95,60849.3,60891.08,0,0
2023-02-20 13:15:00+05:30,60891.08,60905.31,60728.29,60741.73,0,0
2023-02-20 13:45:00+05:30,60745.48,60798.89,60680.3,60694.54,0,0
2023-02-20 14:15:00+05:30,60696.25,60715.68,60607.8,60695.95,0,0
2023-02-20 14:45:00+05:30,60694.45,60745.94,60635.54,60695.55,0,0
2023-02-20 15:15:00+05:30,60694.9,60740.06,60669.58,60705.02,0,0
2023-02-21 09:15:00+05:30,60770.43,60858.27,60656.09,60772.19,0,0
2023-02-21 09:45:00+05:30,60771.83,60904.41,60687.51,60886.0,0,0
2023-02-21 10:15:00+05:30,60886.0,60976.59,60886.0,60907.43,0,0
2023-02-21 10:45:00+05:30,60905.63,60939.1,60862.95,60926.98,0,0
2023-02-21 11:15:00+05:30,60926.7,60958.13,60808.33,60815.79,0,0
2023-02-21 11:45:00+05:30,60814.7,60883.37,60744.39,60774.84,0,0
2023-02-21 12:15:00+05:30,60774.36,60785.98,60625.27,60665.23,0,0
2023-02-21 12:45:00+05:30,60665.73,60752.11,60657.77,60749.56,0,0
2023-02-21 13:15:00+05:30,60749.82,60831.66,60723.33,60817.1,0,0
2023-02-21 13:45:00+05:30,60817.16,60877.13,60807.55,60819.63,0,0
2023-02-21 14:15:00+05:30,60819.63,60820.45,60640.44,60717.6,0,0
2023-02-21 14:45:00+05:30,60718.05,60774.47,60584.05,60638.51,0,0
2023-02-21 15:15:00+05:30,60643.94,60747.3,60634.12,60703.39,0,0
2023-02-22 09:15:00+05:30,60391.86,60461.61,60288.24,60302.86,0,0
2023-02-22 09:45:00+05:30,60306.19,60306.19,60167.92,60208.24,0,0
2023-02-22 10:15:00+05:30,60207.38,60210.26,60101.19,60111.13,0,0
2023-02-22 10:45:00+05:30,60113.25,60159.92,60093.27,60143.49,0,0
2023-02-22 11:15:00+05:30,60143.24,60174.63,60075.77,60079.86,0,0
2023-02-22 11:45:00+05:30,60080.19,60104.27,60040.23,60086.97,0,0
2023-02-22 12:15:00+05:30,60084.79,60110.12,59958.97,59979.53,0,0
2023-02-22 12:45:00+05:30,59975.84,60041.73,59953.0,59967.42,0,0
2023-02-22 13:15:00+05:30,59963.35,59975.8,59786.7,59798.61,0,0
2023-02-22 13:45:00+05:30,59797.76,59844.45,59703.75,59709.52,0,0
2023-02-22 14:15:00+05:30,59706.43,59875.64,59683.21,59838.11,0,0
2023-02-22 14:45:00+05:30,59835.12,59895.77,59731.93,59779.55,0,0
2023-02-22 15:15:00+05:30,59779.52,59790.59,59713.97,59767.79,0,0
2023-02-23 09:15:00+05:30,59777.64,59824.5,59468.09,59470.86,0,0
2023-02-23 09:45:00+05:30,59470.46,59928.12,59408.11,59826.36,0,0
2023-02-23 10:15:00+05:30,59826.36,59959.72,59800.6,59901.86,0,0
2023-02-23 10:45:00+05:30,59901.86,59905.96,59719.38,59832.78,0,0
2023-02-23 11:15:00+05:30,59832.68,59879.19,59779.2,59844.52,0,0
2023-02-23 11:45:00+05:30,59844.14,59853.04,59714.88,59737.57,0,0
2023-02-23 12:15:00+05:30,59740.03,59762.81,59659.91,59666.45,0,0
2023-02-23 12:45:00+05:30,59667.05,59865.62,59662.22,59844.24,0,0
2023-02-23 13:15:00+05:30,59847.78,59849.02,59716.86,59809.96,0,0
2023-02-23 13:45:00+05:30,59810.35,59890.05,59788.16,59810.6,0,0
2023-02-23 14:15:00+05:30,59811.3,59843.27,59696.76,59721.97,0,0
2023-02-23 14:45:00+05:30,59721.97,59774.72,59526.77,59581.85,0,0
2023-02-23 15:15:00+05:30,59579.83,59641.16,59554.72,59635.34,0,0
2023-02-24 09:15:00+05:30,59859.48,59907.58,59733.56,59763.4,0,0
2023-02-24 09:45:00+05:30,59763.76,59820.44,59631.87,59777.2,0,0
2023-02-24 10:15:00+05:30,59777.88,59832.21,59683.85,59709.76,0,0
2023-02-24 10:45:00+05:30,59709.78,59715.79,59604.67,59665.69,0,0
2023-02-24 11:15:00+05:30,59665.38,59720.82,59589.16,59600.42,0,0
2023-02-24 11:45:00+05:30,59600.32,59635.92,59568.6,59576.16,0,0
2023-02-24 12:15:00+05:30,59576.16,59576.16,59437.21,59467.88,0,0
2023-02-24 12:45:00+05:30,59467.72,59478.29,59331.72,59364.23,0,0
2023-02-24 13:15:00+05:30,59364.23,59446.16,59343.22,59440.32,0,0
2023-02-24 13:45:00+05:30,59441.48,59547.46,59386.78,59392.6,0,0
2023-02-24 14:15:00+05:30,59392.6,59489.85,59325.34,59437.01,0,0
2023-02-24 14:45:00+05:30,59436.57,59526.4,59361.95,59492.16,0,0
2023-02-24 15:15:00+05:30,59492.21,59499.42,59436.64,59463.77,0,0
2023-02-27 09:15:00+05:30,59331.31,59439.09,59109.99,59290.16,0,0
2023-02-27 09:45:00+05:30,59296.01,59341.34,58945.44,58957.99,0,0
2023-02-27 10:15:00+05:30,58954.51,59043.0,58938.37,59023.51,0,0
2023-02-27 10:45:00+05:30,59023.51,59208.43,58975.39,59203.73,0,0
2023-02-27 11:15:00+05:30,59203.23,59283.49,59105.35,59257.09,0,0
2023-02-27 11:45:00+05:30,59256.74,59294.46,59075.43,59081.19,0,0
2023-02-27 12:15:00+05:30,59081.19,59138.74,59068.47,59091.57,0,0
2023-02-27 12:45:00+05:30,59095.66,59140.8,58983.53,59002.0,0,0
2023-02-27 13:15:00+05:30,59000.99,59132.52,58999.19,59095.14,0,0
2023-02-27 13:45:00+05:30,59089.25,59222.64,59073.59,59161.48,0,0
2023-02-27 14:15:00+05:30,59161.69,59184.77,59101.55,59147.38,0,0
2023-02-27 14:45:00+05:30,59147.38,59335.57,59098.15,59315.02,0,0
2023-02-27 15:15:00+05:30,59315.66,59357.2,59274.34,59355.19,0,0
2023-02-28 09:15:00+05:30,59346.61,59483.05,59228.78,59422.49,0,0
2023-02-28 09:45:00+05:30,59419.94,59451.79,59242.44,59273.79,0,0
2023-02-28 10:15:00+05:30,59276.38,59377.37,59209.98,59209.98,0,0
2023-02-28 10:45:00+05:30,59207.54,59245.82,59155.86,59232.33,0,0
2023-02-28 11:15:00+05:30,59232.93,59255.23,59099.15,59124.02,0,0
2023-02-28 11:45:00+05:30,59124.02,59256.25,59116.02,59236.34,0,0
2023-02-28 12:15:00+05:30,59237.01,59282.91,59110.36,59113.64,0,0
2023-02-28 12:45:00+05:30,59115.04,59166.39,59077.71,59112.48,0,0
2023-02-28 13:15:00+05:30,59112.91,59143.96,59027.51,59030.01,0,0
2023-02-28 13:45:00+05:30,59032.42,59055.79,58796.12,58816.05,0,0
2023-02-28 14:15:00+05:30,58815.29,58990.51,58810.1,58845.24,0,0
2023-02-28 14:45:00+05:30,58845.06,59084.88,58845.06,58998.34,0,0
2023-02-28 15:15:00+05:30,58996.61,59027.34,58942.96,59006.34,0,0
2023-03-01 09:15:00+05:30,59136.48,59370.67,59114.28,59324.42,0,0
2023-03-01 09:45:00+05:30,59322.23,59355.35,59221.86,59280.06,0,0
2023-03-01 10:15:00+05:30,59279.82,59354.01,59227.57,59322.03,0,0
2023-03-01 10:45:00+05:30,59323.03,59350.39,59291.71,59348.72,0,0
2023-03-01 11:15:00+05:30,59354.95,59416.29,59332.47,59369.2,0,0
2023-03-01 11:45:00+05:30,59367.83,59389.3,59303.69,59310.53,0,0
2023-03-01 12:15:00+05:30,59308.91,59342.84,59254.04,59328.24,0,0
2023-03-01 12:45:00+05:30,59327.99,59373.43,59298.8,59301.06,0,0
2023-03-01 13:15:00+05:30,59300.29,59341.87,59271.63,59334.21,0,0
2023-03-01 13:45:00+05:30,59334.18,59415.77,59312.0,59389.25,0,0
2023-03-01 14:15:00+05:30,59388.87,59472.23,59343.88,59469.14,0,0
2023-03-01 14:45:00+05:30,59469.71,59475.31,59387.2,59416.31,0,0
2023-03-01 15:15:00+05:30,59415.79,59442.62,59398.25,59430.56,0,0
2023-03-02 09:15:00+05:30,59287.18,59422.22,59126.96,59160.64,0,0
2023-03-02 09:45:00+05:30,59158.87,59188.79,59037.19,59056.14,0,0
2023-03-02 10:15:00+05:30,59056.99,59154.57,59025.55,59136.96,0,0
2023-03-02 10:45:00+05:30,59137.51,59156.64,59060.44,59122.93,0,0
2023-03-02 11:15:00+05:30,59121.96,59139.41,59085.86,59122.95,0,0
2023-03-02 11:45:00+05:30,59124.11,59195.17,59112.78,59164.23,0,0
2023-03-02 12:15:00+05:30,59160.09,59160.09,59107.07,59110.17,0,0
2023-03-02 12:45:00+05:30,59110.17,59144.45,59018.39,59020.45,0,0
2023-03-02 13:15:00+05:30,59019.79,59066.66,58889.96,58891.49,0,0
2023-03-02 13:45:00+05:30,58891.04,58957.77,58866.99,58955.83,0,0
2023-03-02 14:15:00+05:30,58956.89,58984.53,58897.46,58911.4,0,0
2023-03-02 14:45:00+05:30,58910.59,58948.86,58879.14,58940.53,0,0
2023-03-02 15:15:00+05:30,58940.86,58945.27,58884.08,58910.33,0,0
2023-03-03 09:15:00+05:30,59241.2,59452.79,59239.43,59351.11,0,0
2023-03-03 09:45:00+05:30,59352.32,59543.9,59352.32,59543.8,0,0
2023-03-03 10:15:00+05:30,59543.3,59620.03,59529.32,59612.11,0,0
2023-03-03 10:45:00+05:30,59611.95,59705.74,59603.73,59664.25,0,0
2023-03-03 11:15:00+05:30,59662.56,59763.99,59633.29,59747.28,0,0
2023-03-03 11:45:00+05:30,59747.7,59758.0,59709.26,59733.28,0,0
2023-03-03 12:15:00+05:30,59732.7,59749.71,59616.0,59622.08,0,0
2023-03-03 12:45:00+05:30,59624.36,59717.91,59621.48,59701.4,0,0
2023-03-03 13:15:00+05:30,59702.76,59843.85,59686.75,59838.12,0,0
2023-03-03 13:45:00+05:30,59840.25,59883.03,59821.43,59866.3,0,0
2023-03-03 14:15:00+05:30,59865.42,59930.38,59865.42,59890.32,0,0
2023-03-03 14:45:00+05:30,59890.4,59967.04,59788.32,59794.1,0,0
2023-03-03 15:15:00+05:30,59810.86,59830.49,59774.57,59791.12,0,0
2023-03-06 09:15:00+05:30,60007.04,60389.0,60007.04,60379.87,0,0
2023-03-06 09:45:00+05:30,60376.63,60420.83,60332.59,60414.06,0,0
2023-03-06 10:15:00+05:30,60409.11,60496.46,60400.41,60453.33,0,0
2023-03-06 10:45:00+05:30,60454.16,60497.57,60357.22,60427.0,0,0
2023-03-06 11:15:00+05:30,60426.33,60431.13,60318.54,60410.86,0,0
2023-03-06 11:45:00+05:30,60410.86,60450.91,60362.93,60441.24,0,0
2023-03-06 12:15:00+05:30,60442.04,60479.36,60374.6,60399.19,0,0
2023-03-06 12:45:00+05:30,60398.96,60444.92,60339.94,60422.16,0,0
2023-03-06 13:15:00+05:30,60421.39,60440.75,60275.81,60316.17,0,0
2023-03-06 13:45:00+05:30,60316.17,60329.33,60245.71,60252.7,0,0
2023-03-06 14:15:00+05:30,60251.84,60340.5,60250.88,60263.85,0,0
2023-03-06 14:45:00+05:30,60260.62,60273.7,60192.31,60223.53,0,0
2023-03-06 15:15:00+05:30,60221.15,60288.52,60197.31,60265.5,0,0
2023-03-08 09:15:00+05:30,59916.1,60147.92,59844.82,60056.88,0,0
2023-03-08 09:45:00+05:30,60058.21,60205.56,59995.65,60161.74,0,0
2023-03-08 10:15:00+05:30,60163.9,60206.24,60122.17,60152.66,0,0
2023-03-08 10:45:00+05:30,60150.86,60185.35,60108.95,60112.6,0,0
2023-03-08 11:15:00+05:30,60112.6,60143.02,60047.07,60052.9,0,0
2023-03-08 11:45:00+05:30,60051.41,60073.98,59991.45,60001.36,0,0
2023-03-08 12:15:00+05:30,60001.36,60080.09,59983.17,60046.72,0,0
2023-03-08 12:45:00+05:30,60045.65,60116.92,60020.55,60076.32,0,0
2023-03-08 13:15:00+05:30,60076.75,60125.28,60075.25,60101.9,0,0
2023-03-08 13:45:00+05:30,60101.9,60227.84,60094.36,60199.06,0,0
2023-03-08 14:15:00+05:30,60200.0,60227.35,60147.05,60176.54,0,0
2023-03-08 14:45:00+05:30,60176.87,60391.91,60151.37,60363.46,0,0
2023-03-08 15:15:00+05:30,60359.64,60402.18,60329.44,60345.85,0,0
2023-03-09 09:15:00+05:30,60467.09,60467.09,60173.45,60217.23,0,0
2023-03-09 09:45:00+05:30,60217.68,60262.36,60067.26,60077.47,0,0
2023-03-09 10:15:00+05:30,60077.25,60182.92,60057.91,60105.88,0,0
2023-03-09 10:45:00+05:30,60105.79,60187.32,60104.45,60179.93,0,0
2023-03-09 11:15:00+05:30,60179.93,60260.38,60150.04,60227.98,0,0
2023-03-09 11:45:00+05:30,60227.98,60230.27,60091.84,60120.21,0,0
2023-03-09 12:15:00+05:30,60120.92,60121.27,60011.2,60036.6,0,0
2023-03-09 12:45:00+05:30,60035.82,60091.08,59987.2,60041.82,0,0
2023-03-09 13:15:00+05:30,60042.1,60078.22,59911.47,59921.08,0,0
2023-03-09 13:45:00+05:30,59921.16,59948.82,59882.53,59925.07,0,0
2023-03-09 14:15:00+05:30,59921.99,59928.69,59856.91,59886.84,0,0
2023-03-09 14:45:00+05:30,59889.33,59891.29,59784.57,59785.95,0,0
2023-03-09 15:15:00+05:30,59782.99,59791.55,59751.03,59784.43,0,0
2023-03-10 09:15:00+05:30,59259.83,59259.83,58886.35,58909.64,0,0
2023-03-10 09:45:00+05:30,58909.14,59115.78,58896.43,59088.98,0,0
2023-03-10 10:15:00+05:30,59090.5,59206.65,59047.75,59120.8,0,0
2023-03-10 10:45:00+05:30,59122.59,59192.57,59086.97,59163.62,0,0
2023-03-10 11:15:00+05:30,59161.32,59215.61,59101.64,59126.69,0,0
2023-03-10 11:45:00+05:30,59126.48,59155.94,59074.56,59074.56,0,0
2023-03-10 12:15:00+05:30,59069.57,59116.49,59010.89,59099.34,0,0
2023-03-10 12:45:00+05:30,59099.56,59181.52,59093.11,59155.78,0,0
2023-03-10 13:15:00+05:30,59157.3,59159.87,59039.71,59054.89,0,0
2023-03-10 13:45:00+05:30,59055.57,59117.78,59017.05,59088.81,0,0
2023-03-10 14:15:00+05:30,59088.51,59105.74,59026.08,59043.57,0,0
2023-03-10 14:45:00+05:30,59045.09,59164.16,58993.6,59129.74,0,0
2023-03-10 15:15:00+05:30,59129.55,59181.63,59124.99,59175.57,0,0
2023-03-13 09:15:00+05:30,59033.77,59509.38,59019.34,59266.58,0,0
2023-03-13 09:45:00+05:30,59268.42,59368.22,59199.75,59286.82,0,0
2023-03-13 10:15:00+05:30,59287.54,59327.48,59168.19,59224.01,0,0
2023-03-13 10:45:00+05:30,59224.06,59259.72,59046.11,59077.94,0,0
2023-03-13 11:15:00+05:30,59077.33,59140.64,58925.42,58960.91,0,0
2023-03-13 11:45:00+05:30,58962.63,58973.16,58848.92,58893.66,0,0
2023-03-13 12:15:00+05:30,58893.97,58937.55,58695.87,58703.06,0,0
2023-03-13 12:45:00+05:30,58702.92,58708.04,58592.87,58630.99,0,0
2023-03-13 13:15:00+05:30,58630.51,58704.04,58399.44,58447.45,0,0
2023-03-13 13:45:00+05:30,58451.15,58499.9,58328.16,58339.42,0,0
2023-03-13 14:15:00+05:30,58339.54,58355.71,58098.78,58207.44,0,0
2023-03-13 14:45:00+05:30,58204.11,58277.32,58096.91,58194.18,0,0
2023-03-13 15:15:00+05:30,58194.72,58402.04,58194.26,58383.22,0,0
2023-03-14 09:15:00+05:30,58168.75,58490.98,58115.91,58258.46,0,0
2023-03-14 09:45:00+05:30,58262.3,58380.47,58169.05,58173.4,0,0
2023-03-14 10:15:00+05:30,58171.43,58171.43,57971.5,58088.8,0,0
2023-03-14 10:45:00+05:30,58088.67,58164.08,57901.8,57919.56,0,0
2023-03-14 11:15:00+05:30,57917.27,58042.01,57865.94,57963.46,0,0
2023-03-14 11:45:00+05:30,57963.33,57975.44,57868.52,57968.55,0,0
2023-03-14 12:15:00+05:30,57968.55,58363.0,57954.39,58087.81,0,0
2023-03-14 12:45:00+05:30,58087.28,58087.59,57844.99,57860.51,0,0
2023-03-14 13:15:00+05:30,57861.49,57969.76,57767.58,57871.23,0,0
2023-03-14 13:45:00+05:30,57881.07,57930.41,57754.67,57791.28,0,0
2023-03-14 14:15:00+05:30,57793.68,58012.74,57721.99,57900.92,0,0
2023-03-14 14:45:00+05:30,57902.18,57985.08,57794.79,57950.26,0,0
2023-03-14 15:15:00+05:30,57950.26,57985.03,57865.78,57985.03,0,0
2023-03-15 09:15:00+05:30,58268.54,58465.43,58159.45,58241.46,0,0
2023-03-15 09:45:00+05:30,58240.96,58312.67,58184.11,58253.43,0,0
2023-03-15 10:15:00+05:30,58253.61,58307.39,58125.97,58134.4,0,0
2023-03-15 10:45:00+05:30,58138.64,58157.99,58052.89,58103.56,0,0
2023-03-15 11:15:00+05:30,58103.56,58267.56,58093.61,58212.6,0,0
2023-03-15 11:45:00+05:30,58213.22,58224.39,58069.41,58069.41,0,0
2023-03-15 12:15:00+05:30,58065.97,58086.1,57983.66,58047.23,0,0
2023-03-15 12:45:00+05:30,58047.92,58064.5,57849.06,57863.96,0,0
2023-03-15 13:15:00+05:30,57866.17,57941.39,57826.02,57941.39,0,0
2023-03-15 13:45:00+05:30,57942.83,57943.02,57768.28,57836.46,0,0
2023-03-15 14:15:00+05:30,57836.42,57876.94,57725.28,57738.13,0,0
2023-03-15 14:45:00+05:30,57739.56,57760.7,57539.36,57550.13,0,0
2023-03-15 15:15:00+05:30,57553.36,57587.37,57458.99,57573.25,0,0
2023-03-16 09:15:00+05:30,57510.8,57607.32,57194.22,57201.34,0,0
2023-03-16 09:45:00+05:30,57203.81,57294.93,57161.72,57245.07,0,0
2023-03-16 10:15:00+05:30,57245.2,57701.01,57230.95,57641.8,0,0
2023-03-16 10:45:00+05:30,57641.95,57836.68,57566.82,57784.02,0,0
2023-03-16 11:15:00+05:30,57784.02,57835.84,57600.6,57666.86,0,0
2023-03-16 11:45:00+05:30,57666.97,57678.13,57432.11,57436.05,0,0
2023-03-16 12:15:00+05:30,57436.05,57496.17,57364.68,57416.36,0,0
2023-03-16 12:45:00+05:30,57417.94,57569.46,57400.49,57562.68,0,0
2023-03-16 13:15:00+05:30,57563.46,57655.49,57506.36,57549.94,0,0
2023-03-16 13:45:00+05:30,57549.13,57807.89,57450.63,57793.52,0,0
2023-03-16 14:15:00+05:30,57793.82,57887.46,57763.17,57792.81,0,0
2023-03-16 14:45:00+05:30,57793.05,57808.71,57513.79,57605.52,0,0
2023-03-16 15:15:00+05:30,57609.23,57730.59,57589.11,57715.87,0,0
2023-03-17 09:15:00+05:30,58038.17,58177.77,57904.33,57907.11,0,0
2023-03-17 09:45:00+05:30,57908.94,57997.35,57825.36,57941.32,0,0
2023-03-17 10:15:00+05:30,57940.28,58021.03,57844.24,57889.95,0,0
2023-03-17 10:45:00+05:30,57885.84,57889.35,57742.59,57745.36,0,0
2023-03-17 11:15:00+05:30,57744.5,57780.59,57621.52,57672.57,0,0
2023-03-17 11:45:00+05:30,57677.5,57842.36,57585.73,57606.3,0,0
2023-03-17 12:15:00+05:30,57604.68,57626.7,57526.96,57572.89,0,0
2023-03-17 12:45:00+05:30,57572.89,57675.68,57505.84,57604.99,0,0
2023-03-17 13:15:00+05:30,57605.12,57737.65,57564.13,57667.9,0,0
2023-03-17 13:45:00+05:30,57667.29,57928.73,57665.52,57837.02,0,0
2023-03-17 14:15:00+05:30,57837.79,57904.06,57672.93,57873.09,0,0
2023-03-17 14:45:00+05:30,57873.86,58085.25,57767.11,58045.13,0,0
2023-03-17 15:15:00+05:30,58044.81,58080.26,57943.56,58080.15,0,0
2023-03-20 09:15:00+05:30,57773.55,57818.37,57425.53,57496.55,0,0
2023-03-20 09:45:00+05:30,57500.43,57538.69,57334.4,57371.04,0,0
2023-03-20 10:15:00+05:30,57369.84,57398.31,57264.93,57354.1,0,0
2023-03-20 10:45:00+05:30,57354.86,57552.89,57325.83,57478.13,0,0
2023-03-20 11:15:00+05:30,57480.42,57497.0,57356.01,57379.8,0,0
2023-03-20 11:45:00+05:30,57379.37,57433.38,57209.81,57220.61,0,0
2023-03-20 12:15:00+05:30,57219.31,57272.88,57133.12,57266.22,0,0
2023-03-20 12:45:00+05:30,57268.62,57273.77,57084.91,57211.62,0,0
2023-03-20 13:15:00+05:30,57211.62,57322.14,57131.78,57183.85,0,0
2023-03-20 13:45:00+05:30,57183.85,57327.51,57144.47,57294.39,0,0
2023-03-20 14:15:00+05:30,57294.19,57492.73,57241.62,57424.14,0,0
2023-03-20 14:45:00+05:30,57423.83,57656.54,57394.28,57634.34,0,0
2023-03-20 15:15:00+05:30,57633.15,57714.16,57623.33,57687.43,0,0
2023-03-21 09:15:00+05:30,57963.27,57963.27,57767.84,57809.93,0,0
2023-03-21 09:45:00+05:30,57809.46,57930.06,57731.54,57908.91,0,0
2023-03-21 10:15:00+05:30,57911.76,57976.52,57874.58,57933.03,0,0
2023-03-21 10:45:00+05:30,57933.67,57952.7,57840.2,57897.14,0,0
2023-03-21 11:15:00+05:30,57896.81,57947.66,57850.87,57867.61,0,0
2023-03-21 11:45:00+05:30,57868.6,57872.74,57749.89,57785.74,0,0
2023-03-21 12:15:00+05:30,57781.66,57891.37,57771.83,57853.47,0,0
2023-03-21 12:45:00+05:30,57853.47,58026.35,57853.47,58017.84,0,0
2023-03-21 13:15:00+05:30,58014.11,58036.89,57913.77,57925.67,0,0
2023-03-21 13:45:00+05:30,57925.67,58061.75,57925.24,57987.74,0,0
2023-03-21 14:15:00+05:30,57992.25,58113.66,57989.86,58102.97,0,0
2023-03-21 14:45:00+05:30,58101.36,58132.55,58050.08,58064.83,0,0
2023-03-21 15:15:00+05:30,58062.92,58099.03,58047.61,58088.29,0,0
2023-03-22 09:15:00+05:30,58245.26,58417.83,58144.21,58273.87,0,0
2023-03-22 09:45:00+05:30,58273.35,58311.64,58179.72,58180.19,0,0
2023-03-22 10:15:00+05:30,58180.58,58208.35,58134.15,58157.51,0,0
2023-03-22 10:45:00+05:30,58157.29,58196.07,58063.5,58143.33,0,0
2023-03-22 11:15:00+05:30,58143.33,58227.11,58115.03,58214.63,0,0
2023-03-22 11:45:00+05:30,58214.44,58232.5,58139.6,58183.76,0,0
2023-03-22 12:15:00+05:30,58183.76,58268.89,58161.64,58171.12,0,0
2023-03-22 12:45:00+05:30,58169.85,58233.63,58169.85,58181.15,0,0
2023-03-22 13:15:00+05:30,58181.05,58247.0,58134.3,58206.21,0,0
2023-03-22 13:45:00+05:30,58206.21,58213.21,58109.84,58202.49,0,0
2023-03-22 14:15:00+05:30,58202.58,58230.24,58089.36,58105.14,0,0
2023-03-22 14:45:00+05:30,58104.72,58256.7,58096.53,58253.07,0,0
2023-03-22 15:15:00+05:30,58252.43,58267.66,58194.72,58198.76,0,0
2023-03-23 09:15:00+05:30,58061.41,58061.41,57843.01,57962.49,0,0
2023-03-23 09:45:00+05:30,57962.33,58175.46,57959.73,58157.88,0,0
2023-03-23 10:15:00+05:30,58157.47,58277.68,58155.54,58215.82,0,0
2023-03-23 10:45:00+05:30,58215.18,58229.49,58124.86,58147.08,0,0
2023-03-23 11:15:00+05:30,58147.08,58249.86,58143.86,58236.08,0,0
2023-03-23 11:45:00+05:30,58236.36,58276.81,58207.75,58268.55,0,0
2023-03-23 12:15:00+05:30,58269.21,58374.0,58234.34,58359.1,0,0
2023-03-23 12:45:00+05:30,58357.35,58395.79,58274.86,58301.57,0,0
2023-03-23 13:15:00+05:30,58301.69,58360.21,58284.9,58293.34,0,0
2023-03-23 13:45:00+05:30,58293.37,58309.97,58146.47,58146.48,0,0
2023-03-23 14:15:00+05:30,58140.95,58159.1,57969.86,57989.49,0,0
2023-03-23 14:45:00+05:30,57987.0,58086.46,57870.6,57921.42,0,0
2023-03-23 15:15:00+05:30,57922.21,57950.67,57889.78,57911.58,0,0
2023-03-24 09:15:00+05:30,57890.66,58065.91,57677.07,57829.37,0,0
2023-03-24 09:45:00+05:30,57829.38,57958.06,57809.11,57911.59,0,0
2023-03-24 10:15:00+05:30,57910.42,58010.31,57792.47,57792.96,0,0
2023-03-24 10:45:00+05:30,57792.96,57932.37,57770.17,57931.55,0,0
2023-03-24 11:15:00+05:30,57930.5,57967.64,57886.74,57888.49,0,0
2023-03-24 11:45:00+05:30,57960.51,58020.27,57916.28,58000.33,0,0
2023-03-24 12:15:00+05:30,58000.36,58049.81,57852.78,57899.34,0,0
2023-03-24 12:45:00+05:30,57899.88,57983.32,57842.1,57978.35,0,0
2023-03-24 13:15:00+05:30,57978.76,58010.4,57779.08,57807.06,0,0
2023-03-24 13:45:00+05:30,57808.35,57885.0,57737.66,57780.12,0,0
2023-03-24 14:15:00+05:30,57778.32,57782.65,57609.15,57680.14,0,0
2023-03-24 14:45:00+05:30,57680.85,57699.66,57552.37,57566.19,0,0
2023-03-24 15:15:00+05:30,57567.91,57583.44,57425.1,57474.42,0,0
2023-03-27 09:15:00+05:30,57566.9,57774.59,57415.45,57738.01,0,0
2023-03-27 09:45:00+05:30,57736.74,57828.67,57688.16,57808.78,0,0
2023-03-27 10:15:00+05:30,57809.07,57851.15,57652.92,57654.82,0,0
2023-03-27 10:45:00+05:30,57654.72,57747.65,57644.84,57701.43,0,0
2023-03-27 11:15:00+05:30,57701.75,57808.43,57612.38,57799.59,0,0
2023-03-27 11:45:00+05:30,57799.49,57881.04,57755.14,57832.62,0,0
2023-03-27 12:15:00+05:30,57832.62,57914.96,57821.68,57880.82,0,0
2023-03-27 12:45:00+05:30,57880.82,57895.46,57738.41,57738.41,0,0
2023-03-27 13:15:00+05:30,57738.3,57788.22,57648.66,57768.69,0,0
2023-03-27 13:45:00+05:30,57770.59,57874.59,57730.46,57850.48,0,0
2023-03-27 14:15:00+05:30,57851.1,58018.8,57851.1,57940.44,0,0
2023-03-27 14:45:00+05:30,57940.3,57968.53,57634.54,57657.28,0,0
2023-03-27 15:15:00+05:30,57659.44,57666.13,57540.9,57602.44,0,0
2023-03-28 09:15:00+05:30,57751.5,57948.76,57683.25,57690.92,0,0
2023-03-28 09:45:00+05:30,57693.37,57730.67,57658.24,57721.09,0,0
2023-03-28 10:15:00+05:30,57720.64,57753.33,57549.25,57567.71,0,0
2023-03-28 10:45:00+05:30,57565.18,57606.31,57524.38,57585.9,0,0
2023-03-28 11:15:00+05:30,57587.08,57715.81,57587.08,57712.79,0,0
2023-03-28 11:45:00+05:30,57713.27,57741.92,57610.44,57610.44,0,0
2023-03-28 12:15:00+05:30,57610.44,57678.27,57564.66,57611.58,0,0
2023-03-28 12:45:00+05:30,57610.69,57727.15,57609.01,57706.1,0,0
2023-03-28 13:15:00+05:30,57708.05,57715.56,57578.89,57642.47,0,0
2023-03-28 13:45:00+05:30,57642.47,57645.11,57506.95,57522.44,0,0
2023-03-28 14:15:00+05:30,57520.12,57614.92,57495.81,57591.62,0,0
2023-03-28 14:45:00+05:30,57593.84,57669.35,57547.08,57581.31,0,0
2023-03-28 15:15:00+05:30,57580.22,57665.51,57580.22,57642.2,0,0
2023-03-29 09:15:00+05:30,57572.08,57831.97,57572.08,57801.4,0,0
2023-03-29 09:45:00+05:30,57799.5,57853.8,57766.44,57797.44,0,0
2023-03-29 10:15:00+05:30,57798.43,57905.11,57782.79,57840.7,0,0
2023-03-29 10:45:00+05:30,57837.72,57851.62,57623.34,57657.92,0,0
2023-03-29 11:15:00+05:30,57657.98,57710.99,57615.11,57615.11,0,0
2023-03-29 11:45:00+05:30,57615.21,57660.81,57537.68,57550.18,0,0
2023-03-29 12:15:00+05:30,57550.18,57603.78,57524.32,57580.66,0,0
2023-03-29 12:45:00+05:30,57579.93,57688.08,57579.93,57656.58,0,0
2023-03-29 13:15:00+05:30,57656.58,57780.36,57656.28,57715.65,0,0
2023-03-29 13:45:00+05:30,57715.43,57877.91,57689.44,57845.37,0,0
2023-03-29 14:15:00+05:30,57848.03,57891.43,57677.44,57712.19,0,0
2023-03-29 14:45:00+05:30,57711.57,58026.14,57699.27,58014.51,0,0
2023-03-29 15:15:00+05:30,58007.94,58122.04,57986.41,58079.27,0,0
2023-03-31 09:15:00+05:30,58273.86,58709.17,58273.86,58667.01,0,0
2023-03-31 09:45:00+05:30,58666.88,58694.43,58585.29,58589.33,0,0
2023-03-31 10:15:00+05:30,58594.02,58632.89,58501.12,58548.55,0,0
2023-03-31 10:45:00+05:30,58551.9,58587.75,58501.3,58549.87,0,0
2023-03-31 11:15:00+05:30,58554.27,58680.72,58545.4,58655.8,0,0
2023-03-31 11:45:00+05:30,58656.0,58720.13,58634.22,58675.68,0,0
2023-03-31 12:15:00+05:30,58674.2,58825.11,58639.13,58825.11,0,0
2023-03-31 12:45:00+05:30,58824.81,58837.21,58774.5,58799.01,0,0
2023-03-31 13:15:00+05:30,58802.9,58906.65,58787.53,58900.5,0,0
2023-03-31 13:45:00+05:30,58902.31,58980.6,58897.46,58966.04,0,0
2023-03-31 14:15:00+05:30,58966.36,59010.88,58910.81,58955.86,0,0
2023-03-31 14:45:00+05:30,58958.42,59066.16,58939.01,59009.26,0,0
2023-03-31 15:15:00+05:30,59009.39,59013.37,58912.52,58979.76,0,0
2023-04-03 09:15:00+05:30,59131.16,59185.63,58843.57,58955.64,0,0
2023-04-03 09:45:00+05:30,58954.63,59042.72,58944.54,58999.16,0,0
2023-04-03 10:15:00+05:30,58998.36,59024.18,58871.06,58874.78,0,0
2023-04-03 10:45:00+05:30,58874.78,58932.54,58822.55,58828.76,0,0
2023-04-03 11:15:00+05:30,58826.61,58890.86,58794.3,58870.44,0,0
2023-04-03 11:45:00+05:30,58870.44,58987.18,58865.56,58942.59,0,0
2023-04-03 12:15:00+05:30,58942.57,58986.02,58912.8,58945.4,0,0
2023-04-03 12:45:00+05:30,58945.54,59004.29,58899.56,58934.52,0,0
2023-04-03 13:15:00+05:30,58934.95,58971.99,58903.06,58922.02,0,0
2023-04-03 13:45:00+05:30,58922.18,59018.31,58918.87,59012.1,0,0
2023-04-03 14:15:00+05:30,59012.1,59073.67,58972.59,59069.97,0,0
2023-04-03 14:45:00+05:30,59069.97,59139.41,59051.04,59134.24,0,0
2023-04-03 15:15:00+05:30,59133.71,59155.6,59086.89,59123.76,0,0
2023-04-05 09:15:00+05:30,59094.71,59388.63,59094.71,59344.58,0,0
2023-04-05 09:45:00+05:30,59344.18,59479.07,59340.97,59476.9,0,0
2023-04-05 10:15:00+05:30,59476.44,59562.78,59444.67,59522.61,0,0
2023-04-05 10:45:00+05:30,59530.86,59532.86,59425.96,59451.01,0,0
2023-04-05 11:15:00+05:30,59451.4,59496.21,59435.87,59443.94,0,0
2023-04-05 11:45:00+05:30,59448.78,59552.98,59442.68,59529.21,0,0
2023-04-05 12:15:00+05:30,59525.76,59583.97,59479.65,59583.93,0,0
2023-04-05 12:45:00+05:30,59580.83,59650.5,59554.48,59631.5,0,0
2023-04-05 13:15:00+05:30,59631.08,59664.29,59559.32,59583.32,0,0
2023-04-05 13:45:00+05:30,59583.38,59646.49,59560.62,59627.49,0,0
2023-04-05 14:15:00+05:30,59626.88,59668.22,59597.25,59645.37,0,0
2023-04-05 14:45:00+05:30,59646.59,59706.69,59626.34,59691.3,0,0
2023-04-05 15:15:00+05:30,59687.36,59747.12,59665.25,59693.31,0,0
2023-04-06 09:15:00+05:30,59627.01,59638.78,59527.2,59618.11,0,0
2023-04-06 09:45:00+05:30,59618.57,59865.23,59520.12,59817.07,0,0
2023-04-06 10:15:00+05:30,59818.08,59857.91,59774.18,59842.5,0,0
2023-04-06 10:45:00+05:30,59842.5,59915.45,59816.84,59912.71,0,0
2023-04-06 11:15:00+05:30,59910.13,59925.08,59787.19,59869.18,0,0
2023-04-06 11:45:00+05:30,59867.97,59904.09,59812.94,59840.82,0,0
2023-04-06 12:15:00+05:30,59839.51,59917.2,59815.47,59917.2,0,0
2023-04-06 12:45:00+05:30,59914.56,59949.62,59879.26,59880.77,0,0
2023-04-06 13:15:00+05:30,59881.16,59904.73,59723.31,59733.27,0,0
2023-04-06 13:45:00+05:30,59736.87,59773.31,59661.34,59739.22,0,0
2023-04-06 14:15:00+05:30,59739.4,59862.28,59726.88,59810.22,0,0
2023-04-06 14:45:00+05:30,59810.6,59876.83,59795.87,59816.28,0,0
2023-04-06 15:15:00+05:30,59815.72,59873.01,59806.33,59844.8,0,0
2023-04-10 09:15:00+05:30,59858.98,60002.03,59851.73,59980.19,0,0
2023-04-10 09:45:00+05:30,59980.19,60018.66,59886.86,59895.8,0,0
2023-04-10 10:15:00+05:30,59895.92,59925.08,59800.59,59897.51,0,0
2023-04-10 10:45:00+05:30,59896.3,59941.41,59827.6,59932.79,0,0
2023-04-10 11:15:00+05:30,59937.0,59968.17,59880.43,59961.85,0,0
2023-04-10 11:45:00+05:30,59962.56,60070.89,59950.45,60034.59,0,0
2023-04-10 12:15:00+05:30,60035.66,60099.77,60017.94,60059.98,0,0
2023-04-10 12:45:00+05:30,60055.09,60109.11,60012.8,60025.25,0,0
2023-04-10 13:15:00+05:30,60025.25,60035.45,59968.23,59991.91,0,0
2023-04-10 13:45:00+05:30,59991.91,60004.99,59850.35,59864.21,0,0
2023-04-10 14:15:00+05:30,59862.82,59872.57,59766.23,59868.62,0,0
2023-04-10 14:45:00+05:30,59868.62,59900.75,59833.27,59833.27,0,0
2023-04-10 15:15:00+05:30,59837.59,59866.18,59796.35,59814.52,0,0
2023-04-11 09:15:00+05:30,60028.6,60137.76,59973.47,60091.21,0,0
2023-04-11 09:45:00+05:30,60090.71,60267.68,60090.49,60248.96,0,0
2023-04-11 10:15:00+05:30,60250.71,60257.93,60134.95,60149.91,0,0
2023-04-11 10:45:00+05:30,60149.91,60201.1,60103.44,60106.88,0,0
2023-04-11 11:15:00+05:30,60105.35,60142.19,60024.47,60027.68,0,0
2023-04-11 11:45:00+05:30,60027.68,60074.76,59980.62,59986.18,0,0
2023-04-11 12:15:00+05:30,59985.33,60026.17,59922.58,60008.98,0,0
2023-04-11 12:45:00+05:30,60006.55,60033.76,59946.31,59955.41,0,0
2023-04-11 13:15:00+05:30,59955.41,60052.91,59948.86,60042.84,0,0
2023-04-11 13:45:00+05:30,60042.84,60144.75,60040.98,60120.63,0,0
2023-04-11 14:15:00+05:30,60121.32,60164.4,60084.78,60127.95,0,0
2023-04-11 14:45:00+05:30,60127.95,60180.59,60106.44,60180.27,0,0
2023-04-11 15:15:00+05:30,60179.02,60199.26,60112.29,60151.09,0,0
2023-04-12 09:15:00+05:30,60180.2,60312.99,60094.69,60255.8,0,0
2023-04-12 09:45:00+05:30,60253.68,60275.08,60208.33,60214.79,0,0
2023-04-12 10:15:00+05:30,60213.85,60230.49,60152.91,60194.59,0,0
2023-04-12 10:45:00+05:30,60193.99,60252.25,60185.43,60218.12,0,0
2023-04-12 11:15:00+05:30,60218.63,60280.67,60205.09,60267.92,0,0
2023-04-12 11:45:00+05:30,60265.02,60276.52,60220.23,60237.82,0,0
2023-04-12 12:15:00+05:30,60237.78,60300.36,60236.79,60251.99,0,0
2023-04-12 12:45:00+05:30,60251.33,60338.07,60233.08,60329.88,0,0
2023-04-12 13:15:00+05:30,60329.69,60421.14,60325.13,60382.28,0,0
2023-04-12 13:45:00+05:30,60384.8,60397.47,60339.42,60364.91,0,0
2023-04-12 14:15:00+05:30,60367.81,60395.77,60283.63,60331.42,0,0
2023-04-12 14:45:00+05:30,60331.33,60409.56,60243.33,60387.21,0,0
2023-04-12 15:15:00+05:30,60391.78,60435.6,60381.88,60406.78,0,0
2023-04-13 09:15:00+05:30,60364.41,60423.73,60237.71,60333.3,0,0
2023-04-13 09:45:00+05:30,60334.01,60392.81,60281.21,60310.62,0,0
2023-04-13 10:15:00+05:30,60308.71,60348.55,60272.11,60300.07,0,0
2023-04-13 10:45:00+05:30,60300.82,60301.78,60122.93,60140.75,0,0
2023-04-13 11:15:00+05:30,60141.37,60197.12,60114.96,60185.13,0,0
2023-04-13 11:45:00+05:30,60184.48,60225.56,60137.22,60142.0,0,0
2023-04-13 12:15:00+05:30,60142.91,60157.51,60081.75,60155.45,0,0
2023-04-13 12:45:00+05:30,60155.92,60246.96,60145.73,60154.07,0,0
2023-04-13 13:15:00+05:30,60154.07,60242.35,60132.95,60212.78,0,0
2023-04-13 13:45:00+05:30,60215.42,60302.95,60190.3,60254.3,0,0
2023-04-13 14:15:00+05:30,60255.6,60361.28,60254.51,60307.45,0,0
2023-04-13 14:45:00+05:30,60307.17,60468.92,60305.25,60467.3,0,0
2023-04-13 15:15:00+05:30,60467.07,60484.84,60408.87,60415.63,0,0
2023-04-17 09:15:00+05:30,60385.9,60385.9,59618.78,59660.23,0,0
2023-04-17 09:45:00+05:30,59665.39,59713.14,59444.01,59582.16,0,0
2023-04-17 10:15:00+05:30,59583.51,59726.94,59568.62,59711.9,0,0
2023-04-17 10:45:00+05:30,59711.72,59831.78,59671.97,59691.3,0,0
2023-04-17 11:15:00+05:30,59688.07,59771.75,59670.49,59748.24,0,0
2023-04-17 11:45:00+05:30,59742.88,59778.74,59694.89,59745.08,0,0
2023-04-17 12:15:00+05:30,59748.85,59880.15,59740.12,59829.48,0,0
2023-04-17 12:45:00+05:30,59828.37,59877.62,59740.46,59796.0,0,0
2023-04-17 13:15:00+05:30,59796.0,59853.75,59744.17,59841.69,0,0
2023-04-17 13:45:00+05:30,59838.54,59873.0,59815.9,59860.66,0,0
2023-04-17 14:15:00+05:30,59860.93,59917.14,59795.89,59857.01,0,0
2023-04-17 14:45:00+05:30,59854.13,59951.91,59815.72,59925.83,0,0
2023-04-17 15:15:00+05:30,59928.15,59946.69,59873.34,59911.45,0,0
2023-04-18 09:15:00+05:30,59991.26,60089.34,59924.69,59947.15,0,0
2023-04-18 09:45:00+05:30,59948.12,59948.12,59741.7,59782.49,0,0
2023-04-18 10:15:00+05:30,59785.04,59872.96,59718.6,59872.96,0,0
2023-04-18 10:45:00+05:30,59872.59,59875.35,59789.74,59827.32,0,0
2023-04-18 11:15:00+05:30,59826.41,59853.98,59787.57,59793.48,0,0
2023-04-18 11:45:00+05:30,59793.48,59829.5,59747.51,59813.8,0,0
2023-04-18 12:15:00+05:30,59815.93,59881.11,59809.73,59862.7,0,0
2023-04-18 12:45:00+05:30,59862.5,59914.83,59833.76,59846.13,0,0
2023-04-18 13:15:00+05:30,59845.06,59845.06,59607.39,59615.6,0,0
2023-04-18 13:45:00+05:30,59615.54,59694.9,59579.35,59667.44,0,0
2023-04-18 14:15:00+05:30,59667.44,59701.48,59627.15,59678.74,0,0
2023-04-18 14:45:00+05:30,59678.82,59777.38,59656.58,59724.75,0,0
2023-04-18 15:15:00+05:30,59724.69,59756.99,59696.97,59754.0,0,0
2023-04-19 09:15:00+05:30,59745.89,59745.89,59559.8,59616.24,0,0
2023-04-19 09:45:00+05:30,59615.4,59665.72,59566.75,59607.57,0,0
2023-04-19 10:15:00+05:30,59609.75,59663.87,59604.7,59624.6,0,0
2023-04-19 10:45:00+05:30,59625.73,59683.76,59617.14,59672.36,0,0
2023-04-19 11:15:00+05:30,59671.93,59692.87,59606.8,59671.22,0,0
2023-04-19 11:45:00+05:30,59669.74,59715.08,59642.81,59688.51,0,0
2023-04-19 12:15:00+05:30,59689.46,59714.49,59661.48,59692.84,0,0
2023-04-19 12:45:00+05:30,59692.84,59729.97,59619.6,59620.18,0,0
2023-04-19 13:15:00+05:30,59620.18,59620.44,59499.7,59499.7,0,0
2023-04-19 13:45:00+05:30,59499.23,59538.0,59452.77,59514.31,0,0
2023-04-19 14:15:00+05:30,59512.89,59574.76,59482.35,59518.01,0,0
2023-04-19 14:45:00+05:30,59518.47,59630.24,59491.4,59620.26,0,0
2023-04-19 15:15:00+05:30,59618.33,59621.35,59544.82,59547.49,0,0
2023-04-20 09:15:00+05:30,59586.61,59836.11,59576.83,59792.54,0,0
2023-04-20 09:45:00+05:30,59793.35,59794.92,59618.58,59636.75,0,0
2023-04-20 10:15:00+05:30,59636.36,59684.34,59506.92,59507.91,0,0
2023-04-20 10:45:00+05:30,59508.89,59598.97,59506.78,59575.8,0,0
2023-04-20 11:15:00+05:30,59575.8,59649.83,59575.8,59608.45,0,0
2023-04-20 11:45:00+05:30,59610.35,59653.97,59582.65,59614.69,0,0
2023-04-20 12:15:00+05:30,59612.15,59650.0,59581.23,59596.92,0,0
2023-04-20 12:45:00+05:30,59598.11,59599.0,59501.83,59537.52,0,0
2023-04-20 13:15:00+05:30,59538.42,59562.12,59508.22,59520.75,0,0
2023-04-20 13:45:00+05:30,59522.66,59567.83,59490.24,59528.17,0,0
2023-04-20 14:15:00+05:30,59527.09,59593.9,59519.29,59575.37,0,0
2023-04-20 14:45:00+05:30,59575.37,59667.75,59549.23,59661.55,0,0
2023-04-20 15:15:00+05:30,59664.1,59670.18,59607.26,59638.55,0,0
2023-04-21 09:15:00+05:30,59538.79,59780.77,59538.79,59638.36,0,0
2023-04-21 09:45:00+05:30,59634.11,59690.28,59586.9,59629.69,0,0
2023-04-21 10:15:00+05:30,59629.13,59632.6,59534.72,59567.75,0,0
2023-04-21 10:45:00+05:30,59567.79,59623.7,59538.53,59616.72,0,0
2023-04-21 11:15:00+05:30,59617.07,59621.41,59564.72,59608.15,0,0
2023-04-21 11:45:00+05:30,59607.12,59626.1,59550.68,59572.28,0,0
2023-04-21 12:15:00+05:30,59572.6,59573.25,59503.97,59532.79,0,0
2023-04-21 12:45:00+05:30,59532.59,59544.69,59412.81,59439.29,0,0
2023-04-21 13:15:00+05:30,59438.05,59588.21,59436.39,59556.62,0,0
2023-04-21 13:45:00+05:30,59556.62,59630.56,59550.96,59579.68,0,0
2023-04-21 14:15:00+05:30,59579.68,59708.84,59571.99,59645.11,0,0
2023-04-21 14:45:00+05:30,59641.79,59720.66,59641.18,59697.02,0,0
2023-04-21 15:15:00+05:30,59697.15,59701.17,59620.6,59668.45,0,0
2023-04-24 09:15:00+05:30,59873.71,59932.34,59665.97,59668.0,0,0
2023-04-24 09:45:00+05:30,59666.94,59757.11,59636.29,59690.79,0,0
2023-04-24 10:15:00+05:30,59690.77,59731.25,59651.47,59703.73,0,0
2023-04-24 10:45:00+05:30,59703.73,59722.99,59678.06,59714.58,0,0
2023-04-24 11:15:00+05:30,59713.88,59745.08,59639.9,59645.8,0,0
2023-04-24 11:45:00+05:30,59647.19,59704.69,59620.11,59702.16,0,0
2023-04-24 12:15:00+05:30,59702.16,59788.07,59686.97,59767.71,0,0
2023-04-24 12:45:00+05:30,59769.11,59892.53,59768.19,59892.53,0,0
2023-04-24 13:15:00+05:30,59892.18,59993.59,59890.51,59967.99,0,0
2023-04-24 13:45:00+05:30,59968.55,59987.97,59914.76,59974.1,0,0
2023-04-24 14:15:00+05:30,59975.89,59982.77,59917.63,59936.37,0,0
2023-04-24 14:45:00+05:30,59935.01,60079.14,59929.77,60073.0,0,0
2023-04-24 15:15:00+05:30,60081.57,60099.06,60050.88,60073.13,0,0
2023-04-25 09:15:00+05:30,60202.77,60202.77,59967.02,60052.24,0,0
2023-04-25 09:45:00+05:30,60052.47,60088.29,60021.25,60084.16,0,0
2023-04-25 10:15:00+05:30,60085.01,60159.56,60078.77,60143.0,0,0
2023-04-25 10:45:00+05:30,60143.0,60179.16,60094.39,60146.22,0,0
2023-04-25 11:15:00+05:30,60149.36,60210.69,60137.33,60166.37,0,0
2023-04-25 11:45:00+05:30,60168.02,60194.63,60130.03,60139.61,0,0
2023-04-25 12:15:00+05:30,60138.97,60160.17,60055.66,60064.45,0,0
2023-04-25 12:45:00+05:30,60064.59,60152.58,60058.46,60145.16,0,0
2023-04-25 13:15:00+05:30,60145.16,60192.59,60128.24,60192.59,0,0
2023-04-25 13:45:00+05:30,60192.98,60205.24,60079.21,60204.23,0,0
2023-04-25 14:15:00+05:30,60204.23,60268.67,60204.23,60231.3,0,0
2023-04-25 14:45:00+05:30,60231.3,60249.5,60124.76,60172.72,0,0
2023-04-25 15:15:00+05:30,60169.95,60177.74,60097.31,60124.57,0,0
2023-04-26 09:15:00+05:30,60087.98,60186.42,60022.91,60031.63,0,0
2023-04-26 09:45:00+05:30,60030.89,60104.92,59954.91,60083.34,0,0
2023-04-26 10:15:00+05:30,60081.89,60164.32,60081.59,60122.31,0,0
2023-04-26 10:45:00+05:30,60122.43,60177.73,60088.4,60161.73,0,0
2023-04-26 11:15:00+05:30,60162.12,60187.92,60142.78,60167.35,0,0
2023-04-26 11:45:00+05:30,60169.67,60221.5,60164.84,60188.06,0,0
2023-04-26 12:15:00+05:30,60188.06,60292.26,60172.75,60274.59,0,0
2023-04-26 12:45:00+05:30,60274.32,60276.41,60176.63,60200.3,0,0
2023-04-26 13:15:00+05:30,60199.24,60230.8,60145.27,60189.38,0,0
2023-04-26 13:45:00+05:30,60189.46,60233.92,60189.22,60233.18,0,0
2023-04-26 14:15:00+05:30,60232.17,60254.39,60160.98,60184.88,0,0
2023-04-26 14:45:00+05:30,60184.21,60328.69,60177.96,60323.03,0,0
2023-04-26 15:15:00+05:30,60320.79,60362.43,60292.89,60329.27,0,0
2023-04-27 09:15:00+05:30,60315.56,60388.73,60272.27,60372.16,0,0
2023-04-27 09:45:00+05:30,60372.16,60425.06,60360.58,60371.77,0,0
2023-04-27 10:15:00+05:30,60373.89,60436.39,60356.23,60382.31,0,0
2023-04-27 10:45:00+05:30,60382.73,60405.7,60348.51,60357.02,0,0
2023-04-27 11:15:00+05:30,60356.57,60443.99,60349.74,60428.98,0,0
2023-04-27 11:45:00+05:30,60427.83,60465.85,60402.08,60428.89,0,0
2023-04-27 12:15:00+05:30,60431.85,60445.8,60389.15,60426.96,0,0
2023-04-27 12:45:00+05:30,60426.89,60450.52,60401.68,60433.94,0,0
2023-04-27 13:15:00+05:30,60434.25,60536.77,60432.38,60517.47,0,0
2023-04-27 13:45:00+05:30,60511.58,60560.82,60494.17,60537.66,0,0
2023-04-27 14:15:00+05:30,60537.31,60563.57,60453.84,60563.57,0,0
2023-04-27 14:45:00+05:30,60564.63,60670.3,60528.28,60669.05,0,0
2023-04-27 15:15:00+05:30,60671.12,60698.31,60638.34,60664.72,0,0
2023-04-28 09:15:00+05:30,60721.61,60772.61,60554.51,60604.26,0,0
2023-04-28 09:45:00+05:30,60605.23,60642.4,60509.11,60517.26,0,0
2023-04-28 10:15:00+05:30,60520.15,60596.3,60510.69,60572.89,0,0
2023-04-28 10:45:00+05:30,60572.35,60729.19,60552.36,60708.77,0,0
2023-04-28 11:15:00+05:30,60707.67,60741.33,60671.02,60741.33,0,0
2023-04-28 11:45:00+05:30,60740.35,60800.42,60711.18,60762.64,0,0
2023-04-28 12:15:00+05:30,60760.06,60816.5,60747.9,60805.65,0,0
2023-04-28 12:45:00+05:30,60803.82,60833.08,60770.38,60822.41,0,0
2023-04-28 13:15:00+05:30,60817.61,60846.65,60800.37,60842.84,0,0
2023-04-28 13:45:00+05:30,60839.0,60870.89,60800.86,60847.0,0,0
2023-04-28 14:15:00+05:30,60847.19,60919.96,60773.08,60915.92,0,0
2023-04-28 14:45:00+05:30,60918.11,61145.52,60838.21,61125.57,0,0
2023-04-28 15:15:00+05:30,61122.58,61209.46,61070.3,61081.37,0,0
2023-05-02 09:15:00+05:30,61301.61,61476.96,61260.78,61440.94,0,0
2023-05-02 09:45:00+05:30,61440.3,61485.06,61365.43,61442.96,0,0
2023-05-02 10:15:00+05:30,61442.5,61454.92,61362.05,61399.04,0,0
2023-05-02 10:45:00+05:30,61398.67,61447.96,61327.75,61353.38,0,0
2023-05-02 11:15:00+05:30,61354.54,61423.34,61340.56,61406.57,0,0
2023-05-02 11:45:00+05:30,61405.94,61443.87,61388.24,61441.56,0,0
2023-05-02 12:15:00+05:30,61441.37,61448.74,61367.9,61392.17,0,0
2023-05-02 12:45:00+05:30,61392.53,61470.14,61390.97,61447.21,0,0
2023-05-02 13:15:00+05:30,61447.06,61475.97,61389.64,61417.48,0,0
2023-05-02 13:45:00+05:30,61415.07,61458.2,61383.43,61432.13,0,0
2023-05-02 14:15:00+05:30,61432.31,61459.22,61392.74,61407.27,0,0
2023-05-02 14:45:00+05:30,61408.0,61428.3,61318.41,61346.18,0,0
2023-05-02 15:15:00+05:30,61345.78,61365.82,61306.7,61312.42,0,0
2023-05-03 09:15:00+05:30,61274.96,61274.96,61026.66,61112.41,0,0
2023-05-03 09:45:00+05:30,61113.13,61176.7,61098.86,61147.55,0,0
2023-05-03 10:15:00+05:30,61148.97,61242.15,61148.24,61236.97,0,0
2023-05-03 10:45:00+05:30,61237.43,61258.89,61132.32,61143.94,0,0
2023-05-03 11:15:00+05:30,61143.33,61164.96,61102.97,61103.24,0,0
2023-05-03 11:45:00+05:30,61103.8,61159.19,61083.15,61092.77,0,0
2023-05-03 12:15:00+05:30,61090.32,61148.27,61061.89,61123.78,0,0
2023-05-03 12:45:00+05:30,61125.2,61197.19,61122.21,61140.9,0,0
2023-05-03 13:15:00+05:30,61140.9,61225.27,61123.89,61164.35,0,0
2023-05-03 13:45:00+05:30,61163.47,61181.69,61051.72,61119.17,0,0
2023-05-03 14:15:00+05:30,61123.36,61235.11,61106.78,61189.91,0,0
2023-05-03 14:45:00+05:30,61182.75,61240.33,61125.49,61238.48,0,0
2023-05-03 15:15:00+05:30,61239.27,61250.02,61162.02,61163.55,0,0
2023-05-04 09:15:00+05:30,61258.13,61298.05,61120.33,61239.55,0,0
2023-05-04 09:45:00+05:30,61242.58,61329.93,61227.4,61304.05,0,0
2023-05-04 10:15:00+05:30,61302.33,61379.01,61280.2,61379.01,0,0
2023-05-04 10:45:00+05:30,61379.01,61391.48,61334.98,61391.37,0,0
2023-05-04 11:15:00+05:30,61391.17,61443.65,61356.42,61428.89,0,0
2023-05-04 11:45:00+05:30,61428.94,61452.34,61392.46,61406.67,0,0
2023-05-04 12:15:00+05:30,61404.05,61468.32,61392.42,61465.87,0,0
2023-05-04 12:45:00+05:30,61465.35,61530.8,61430.99,61484.57,0,0
2023-05-04 13:15:00+05:30,61489.58,61523.41,61458.17,61517.42,0,0
2023-05-04 13:45:00+05:30,61522.53,61543.45,61463.27,61504.82,0,0
2023-05-04 14:15:00+05:30,61507.36,61643.46,61478.73,61616.72,0,0
2023-05-04 14:45:00+05:30,61613.64,61797.21,61607.03,61791.78,0,0
2023-05-04 15:15:00+05:30,61788.22,61792.27,61701.08,61720.76,0,0
2023-05-05 09:15:00+05:30,61163.1,61503.7,61163.1,61461.79,0,0
2023-05-05 09:45:00+05:30,61462.29,61567.84,61450.72,61550.99,0,0
2023-05-05 10:15:00+05:30,61549.97,61578.0,61522.24,61575.82,0,0
2023-05-05 10:45:00+05:30,61579.39,61585.5,61327.85,61394.49,0,0
2023-05-05 11:15:00+05:30,61392.68,61392.68,61230.11,61308.44,0,0
2023-05-05 11:45:00+05:30,61308.44,61312.29,61129.24,61291.33,0,0
2023-05-05 12:15:00+05:30,61290.61,61371.36,61272.59,61351.47,0,0
2023-05-05 12:45:00+05:30,61351.47,61431.55,61297.57,61361.14,0,0
2023-05-05 13:15:00+05:30,61361.14,61388.73,61282.84,61309.48,0,0
2023-05-05 13:45:00+05:30,61309.62,61323.86,61192.45,61315.51,0,0
2023-05-05 14:15:00+05:30,61313.46,61339.03,61175.56,61236.43,0,0
2023-05-05 14:45:00+05:30,61236.11,61246.09,61036.05,61081.59,0,0
2023-05-05 15:15:00+05:30,61073.56,61105.21,61004.07,61054.53,0,0
2023-05-08 09:15:00+05:30,61166.09,61524.77,61166.09,61506.06,0,0
2023-05-08 09:45:00+05:30,61506.36,61601.68,61499.18,61514.31,0,0
2023-05-08 10:15:00+05:30,61508.28,61692.92,61506.64,61688.95,0,0
2023-05-08 10:45:00+05:30,61686.96,61721.42,61601.82,61658.65,0,0
2023-05-08 11:15:00+05:30,61659.86,61725.12,61638.85,61705.97,0,0
2023-05-08 11:45:00+05:30,61707.83,61814.99,61701.18,61788.61,0,0
2023-05-08 12:15:00+05:30,61787.44,61819.75,61744.75,61809.76,0,0
2023-05-08 12:45:00+05:30,61810.41,61819.25,61751.41,61790.32,0,0
2023-05-08 13:15:00+05:30,61788.65,61841.85,61785.86,61787.02,0,0
2023-05-08 13:45:00+05:30,61787.02,61854.04,61754.09,61830.35,0,0
2023-05-08 14:15:00+05:30,61827.16,61827.16,61735.52,61780.21,0,0
2023-05-08 14:45:00+05:30,61785.68,61803.77,61694.08,61764.39,0,0
2023-05-08 15:15:00+05:30,61762.15,61824.13,61740.41,61763.31,0,0
2023-05-09 09:15:00+05:30,61879.68,61937.08,61808.5,61928.54,0,0
2023-05-09 09:45:00+05:30,61927.98,61985.09,61927.98,61983.94,0,0
2023-05-09 10:15:00+05:30,61983.92,62007.44,61942.51,61983.4,0,0
2023-05-09 10:45:00+05:30,61982.77,62026.88,61971.99,61981.56,0,0
2023-05-09 11:15:00+05:30,61980.01,62017.53,61944.96,61997.48,0,0
2023-05-09 11:45:00+05:30,61998.65,62023.57,61976.08,61989.11,0,0
2023-05-09 12:15:00+05:30,61987.17,61998.61,61951.37,61980.03,0,0
2023-05-09 12:45:00+05:30,61980.6,61981.63,61867.48,61872.05,0,0
2023-05-09 13:15:00+05:30,61872.63,61912.94,61816.72,61839.03,0,0
2023-05-09 13:45:00+05:30,61839.2,61854.81,61654.94,61752.36,0,0
2023-05-09 14:15:00+05:30,61750.96,61826.38,61725.93,61742.04,0,0
2023-05-09 14:45:00+05:30,61739.11,61825.03,61715.81,61779.97,0,0
2023-05-09 15:15:00+05:30,61777.4,61782.92,61725.07,61760.05,0,0
2023-05-10 09:15:00+05:30,61843.36,61965.44,61667.46,61669.36,0,0
2023-05-10 09:45:00+05:30,61669.19,61721.44,61572.93,61621.19,0,0
2023-05-10 10:15:00+05:30,61621.42,61777.67,61617.63,61691.18,0,0
2023-05-10 10:45:00+05:30,61691.54,61722.57,61657.44,61720.25,0,0
2023-05-10 11:15:00+05:30,61720.49,61816.62,61716.36,61788.05,0,0
2023-05-10 11:45:00+05:30,61788.05,61853.39,61776.42,61811.9,0,0
2023-05-10 12:15:00+05:30,61808.22,61846.28,61791.74,61839.98,0,0
2023-05-10 12:45:00+05:30,61840.43,61874.91,61820.71,61870.21,0,0
2023-05-10 13:15:00+05:30,61868.3,61875.5,61680.26,61767.05,0,0
2023-05-10 13:45:00+05:30,61767.15,61852.12,61736.35,61843.87,0,0
2023-05-10 14:15:00+05:30,61843.63,61895.55,61805.17,61835.74,0,0
2023-05-10 14:45:00+05:30,61835.39,61974.35,61781.74,61945.57,0,0
2023-05-10 15:15:00+05:30,61945.35,61970.67,61906.6,61916.19,0,0
2023-05-11 09:15:00+05:30,62158.1,62165.76,61870.82,61938.07,0,0
2023-05-11 09:45:00+05:30,61938.21,62019.51,61869.3,61988.04,0,0
2023-05-11 10:15:00+05:30,61989.21,62066.51,61947.17,62028.18,0,0
2023-05-11 10:45:00+05:30,62027.33,62078.22,61988.98,61998.35,0,0
2023-05-11 11:15:00+05:30,61998.35,62051.84,61956.42,62002.61,0,0
2023-05-11 11:45:00+05:30,62002.61,62005.58,61901.81,61926.81,0,0
2023-05-11 12:15:00+05:30,61926.89,62013.16,61923.81,61934.16,0,0
2023-05-11 12:45:00+05:30,61935.11,62018.0,61912.85,61978.51,0,0
2023-05-11 13:15:00+05:30,61978.51,62025.67,61966.42,61986.44,0,0
2023-05-11 13:45:00+05:30,61983.98,62010.19,61935.69,61986.77,0,0
2023-05-11 14:15:00+05:30,61986.39,62065.5,61964.08,61983.64,0,0
2023-05-11 14:45:00+05:30,61986.37,61988.94,61823.74,61933.1,0,0
2023-05-11 15:15:00+05:30,61931.52,61971.45,61888.73,61953.34,0,0
2023-05-12 09:15:00+05:30,61857.69,61857.69,61578.7,61619.25,0,0
2023-05-12 09:45:00+05:30,61613.67,61757.6,61581.05,61728.31,0,0
2023-05-12 10:15:00+05:30,61732.75,61842.2,61716.47,61817.57,0,0
2023-05-12 10:45:00+05:30,61819.39,61896.94,61804.2,61888.6,0,0
2023-05-12 11:15:00+05:30,61888.6,61903.77,61809.15,61841.83,0,0
2023-05-12 11:45:00+05:30,61841.83,61885.03,61837.67,61870.34,0,0
2023-05-12 12:15:00+05:30,61869.75,61944.96,61855.29,61928.25,0,0
2023-05-12 12:45:00+05:30,61926.46,61991.81,61923.04,61944.94,0,0
2023-05-12 13:15:00+05:30,61944.94,62021.79,61928.1,62006.7,0,0
2023-05-12 13:45:00+05:30,62006.28,62110.88,61991.74,62069.04,0,0
2023-05-12 14:15:00+05:30,62068.16,62090.84,62001.55,62079.16,0,0
2023-05-12 14:45:00+05:30,62076.97,62098.47,62020.91,62030.39,0,0
2023-05-12 15:15:00+05:30,62030.08,62046.41,62011.19,62017.56,0,0
2023-05-15 09:15:00+05:30,62157.1,62227.83,61957.49,62215.16,0,0
2023-05-15 09:45:00+05:30,62215.14,62304.79,62215.14,62292.71,0,0
2023-05-15 10:15:00+05:30,62293.04,62319.2,62258.67,62275.47,0,0
2023-05-15 10:45:00+05:30,62274.7,62358.93,62231.28,62336.53,0,0
2023-05-15 11:15:00+05:30,62336.53,62421.57,62336.53,62406.81,0,0
2023-05-15 11:45:00+05:30,62405.35,62425.93,62387.01,62411.93,0,0
2023-05-15 12:15:00+05:30,62411.45,62460.74,62394.37,62459.79,0,0
2023-05-15 12:45:00+05:30,62461.06,62486.89,62449.1,62481.91,0,0
2023-05-15 13:15:00+05:30,62476.37,62520.41,62458.24,62509.84,0,0
2023-05-15 13:45:00+05:30,62509.65,62556.48,62491.46,62542.59,0,0
2023-05-15 14:15:00+05:30,62542.52,62562.67,62445.05,62467.08,0,0
2023-05-15 14:45:00+05:30,62468.32,62509.39,62324.4,62324.62,0,0
2023-05-15 15:15:00+05:30,62324.57,62351.0,62308.22,62308.22,0,0
2023-05-16 09:15:00+05:30,62474.11,62474.11,62174.49,62304.37,0,0
2023-05-16 09:45:00+05:30,62303.01,62368.01,62295.51,62334.28,0,0
2023-05-16 10:15:00+05:30,62335.15,62359.11,62198.4,62263.53,0,0
2023-05-16 10:45:00+05:30,62263.53,62307.07,62232.75,62264.13,0,0
2023-05-16 11:15:00+05:30,62260.42,62265.79,62155.12,62198.19,0,0
2023-05-16 11:45:00+05:30,62198.19,62222.66,62171.05,62179.46,0,0
2023-05-16 12:15:00+05:30,62179.46,62217.11,62150.17,62210.95,0,0
2023-05-16 12:45:00+05:30,62210.63,62217.2,62141.33,62192.24,0,0
2023-05-16 13:15:00+05:30,62193.32,62227.1,62161.25,62171.94,0,0
2023-05-16 13:45:00+05:30,62171.68,62235.52,62107.78,62115.94,0,0
2023-05-16 14:15:00+05:30,62115.51,62169.5,62078.31,62113.88,0,0
2023-05-16 14:45:00+05:30,62115.15,62130.73,61918.6,61924.84,0,0
2023-05-16 15:15:00+05:30,61930.16,61955.72,61849.37,61915.88,0,0
2023-05-17 09:15:00+05:30,61932.32,61970.08,61804.16,61836.93,0,0
2023-05-17 09:45:00+05:30,61836.23,61877.81,61793.73,61853.66,0,0
2023-05-17 10:15:00+05:30,61850.48,61859.57,61714.85,61722.76,0,0
2023-05-17 10:45:00+05:30,61722.76,61737.64,61665.74,61729.88,0,0
2023-05-17 11:15:00+05:30,61730.43,61734.4,61580.8,61582.18,0,0
2023-05-17 11:45:00+05:30,61581.69,61589.17,61410.64,61451.19,0,0
2023-05-17 12:15:00+05:30,61450.65,61510.35,61419.61,61486.72,0,0
2023-05-17 12:45:00+05:30,61486.7,61503.41,61383.15,61384.83,0,0
2023-05-17 13:15:00+05:30,61384.83,61400.16,61340.48,61391.99,0,0
2023-05-17 13:45:00+05:30,61388.11,61460.64,61377.15,61413.89,0,0
2023-05-17 14:15:00+05:30,61413.26,61542.41,61391.9,61537.11,0,0
2023-05-17 14:45:00+05:30,61539.44,61578.9,61474.69,61572.5,0,0
2023-05-17 15:15:00+05:30,61570.91,61627.3,61557.77,61618.92,0,0
2023-05-18 09:15:00+05:30,61937.86,61954.81,61770.07,61830.95,0,0
2023-05-18 09:45:00+05:30,61835.67,61860.46,61687.1,61722.14,0,0
2023-05-18 10:15:00+05:30,61720.63,61786.29,61702.54,61756.85,0,0
2023-05-18 10:45:00+05:30,61760.35,61830.45,61716.78,61805.07,0,0
2023-05-18 11:15:00+05:30,61805.43,61846.3,61754.79,61785.76,0,0
2023-05-18 11:45:00+05:30,61785.72,61863.28,61745.97,61772.7,0,0
2023-05-18 12:15:00+05:30,61772.31,61772.31,61668.19,61673.74,0,0
2023-05-18 12:45:00+05:30,61674.16,61679.32,61604.43,61645.25,0,0
2023-05-18 13:15:00+05:30,61646.99,61704.63,61630.78,61658.87,0,0
2023-05-18 13:45:00+05:30,61659.73,61693.37,61556.0,61587.49,0,0
2023-05-18 14:15:00+05:30,61586.18,61608.33,61488.66,61533.02,0,0
2023-05-18 14:45:00+05:30,61530.7,61557.28,61349.86,61453.26,0,0
2023-05-18 15:15:00+05:30,61455.65,61478.24,61411.19,61461.05,0,0
2023-05-19 09:15:00+05:30,61556.25,61635.79,61375.95,61440.25,0,0
2023-05-19 09:45:00+05:30,61440.44,61474.07,61273.41,61330.56,0,0
2023-05-19 10:15:00+05:30,61326.08,61371.19,61252.69,61280.32,0,0
2023-05-19 10:45:00+05:30,61280.02,61429.4,61276.92,61425.97,0,0
2023-05-19 11:15:00+05:30,61421.17,61574.53,61407.8,61509.68,0,0
2023-05-19 11:45:00+05:30,61510.73,61572.23,61497.6,61507.44,0,0
2023-05-19 12:15:00+05:30,61505.7,61549.1,61378.35,61448.79,0,0
2023-05-19 12:45:00+05:30,61448.69,61499.55,61419.75,61447.49,0,0
2023-05-19 13:15:00+05:30,61447.49,61511.71,61419.17,61452.55,0,0
2023-05-19 13:45:00+05:30,61452.55,61606.55,61433.55,61587.99,0,0
2023-05-19 14:15:00+05:30,61587.99,61668.95,61582.78,61637.18,0,0
2023-05-19 14:45:00+05:30,61635.25,61767.52,61611.28,61729.13,0,0
2023-05-19 15:15:00+05:30,61729.76,61784.12,61711.68,61732.25,0,0
2023-05-22 09:15:00+05:30,61579.78,61964.8,61579.78,61947.1,0,0
2023-05-22 09:45:00+05:30,61947.57,61989.12,61762.71,61882.16,0,0
2023-05-22 10:15:00+05:30,61881.46,61936.63,61859.01,61906.75,0,0
2023-05-22 10:45:00+05:30,61906.83,61975.76,61898.29,61941.55,0,0
2023-05-22 11:15:00+05:30,61943.18,61959.41,61899.27,61942.08,0,0
2023-05-22 11:45:00+05:30,61942.08,61990.9,61895.75,61988.61,0,0
2023-05-22 12:15:00+05:30,61988.31,62018.7,61874.37,61880.75,0,0
2023-05-22 12:45:00+05:30,61880.43,61931.95,61856.9,61924.94,0,0
2023-05-22 13:15:00+05:30,61925.21,61939.65,61759.42,61799.29,0,0
2023-05-22 13:45:00+05:30,61799.71,61951.38,61795.03,61931.97,0,0
2023-05-22 14:15:00+05:30,61931.97,61977.52,61876.13,61885.26,0,0
2023-05-22 14:45:00+05:30,61885.26,62044.46,61878.75,61950.18,0,0
2023-05-22 15:15:00+05:30,61951.15,61977.65,61901.09,61913.81,0,0
2023-05-23 09:15:00+05:30,62098.16,62206.06,62061.24,62187.63,0,0
2023-05-23 09:45:00+05:30,62188.78,62203.34,62141.39,62166.2,0,0
2023-05-23 10:15:00+05:30,62166.2,62213.05,62130.0,62209.23,0,0
2023-05-23 10:45:00+05:30,62210.58,62233.33,62181.4,62228.91,0,0
2023-05-23 11:15:00+05:30,62226.73,62244.31,62150.11,62205.47,0,0
2023-05-23 11:45:00+05:30,62205.15,62220.06,62164.44,62194.93,0,0
2023-05-23 12:15:00+05:30,62197.1,62216.67,62169.14,62197.66,0,0
2023-05-23 12:45:00+05:30,62197.97,62237.46,62163.08,62170.26,0,0
2023-05-23 13:15:00+05:30,62168.79,62185.2,62139.88,62166.89,0,0
2023-05-23 13:45:00+05:30,62166.89,62197.15,62134.51,62155.67,0,0
2023-05-23 14:15:00+05:30,62156.18,62187.46,62087.58,62100.72,0,0
2023-05-23 14:45:00+05:30,62100.46,62102.53,61995.86,61996.29,0,0
2023-05-23 15:15:00+05:30,61995.4,61995.8,61914.72,61956.09,0,0
2023-05-24 09:15:00+05:30,61834.28,61943.73,61734.0,61914.26,0,0
2023-05-24 09:45:00+05:30,61913.46,62047.05,61906.66,62046.37,0,0
2023-05-24 10:15:00+05:30,62044.11,62089.31,61994.97,62084.66,0,0
2023-05-24 10:45:00+05:30,62084.48,62140.41,62084.48,62092.65,0,0
2023-05-24 11:15:00+05:30,62092.92,62153.18,62049.05,62052.2,0,0
2023-05-24 11:45:00+05:30,62050.67,62071.42,62011.02,62011.09,0,0
2023-05-24 12:15:00+05:30,62011.09,62011.09,61914.64,61919.14,0,0
2023-05-24 12:45:00+05:30,61920.15,61953.75,61851.35,61852.43,0,0
2023-05-24 13:15:00+05:30,61854.28,61919.65,61814.92,61910.95,0,0
2023-05-24 13:45:00+05:30,61910.65,61911.21,61838.09,61870.34,0,0
2023-05-24 14:15:00+05:30,61870.34,61920.37,61746.82,61771.5,0,0
2023-05-24 14:45:00+05:30,61764.29,61816.98,61708.1,61800.83,0,0
2023-05-24 15:15:00+05:30,61800.52,61824.25,61781.83,61803.6,0,0
2023-05-25 09:15:00+05:30,61706.13,61809.41,61601.79,61731.2,0,0
2023-05-25 09:45:00+05:30,61732.89,61826.95,61680.77,61701.93,0,0
2023-05-25 10:15:00+05:30,61702.66,61732.77,61636.6,61652.82,0,0
2023-05-25 10:45:00+05:30,61653.13,61686.74,61638.79,61679.77,0,0
2023-05-25 11:15:00+05:30,61677.83,61679.31,61534.1,61565.83,0,0
2023-05-25 11:45:00+05:30,61565.83,61642.26,61546.58,61631.71,0,0
2023-05-25 12:15:00+05:30,61636.41,61665.25,61580.69,61582.62,0,0
2023-05-25 12:45:00+05:30,61582.62,61624.79,61520.95,61564.1,0,0
2023-05-25 13:15:00+05:30,61564.1,61570.14,61484.86,61506.12,0,0
2023-05-25 13:45:00+05:30,61506.12,61608.94,61505.31,61604.63,0,0
2023-05-25 14:15:00+05:30,61604.63,61670.71,61581.37,61658.12,0,0
2023-05-25 14:45:00+05:30,61659.38,61924.28,61631.65,61907.44,0,0
2023-05-25 15:15:00+05:30,61905.37,61926.73,61873.46,61922.25,0,0
2023-05-26 09:15:00+05:30,61985.36,62095.39,61912.62,62087.0,0,0
2023-05-26 09:45:00+05:30,62090.67,62114.66,62065.85,62068.56,0,0
2023-05-26 10:15:00+05:30,62068.95,62141.95,62052.61,62112.38,0,0
2023-05-26 10:45:00+05:30,62111.72,62189.56,62088.44,62180.42,0,0
2023-05-26 11:15:00+05:30,62179.3,62241.93,62166.37,62236.69,0,0
2023-05-26 11:45:00+05:30,62237.02,62296.48,62213.36,62266.33,0,0
2023-05-26 12:15:00+05:30,62266.82,62289.46,62225.29,62266.18,0,0
2023-05-26 12:45:00+05:30,62262.64,62316.01,62262.55,62275.83,0,0
2023-05-26 13:15:00+05:30,62275.81,62316.71,62246.52,62312.98,0,0
2023-05-26 13:45:00+05:30,62313.2,62448.11,62307.59,62433.44,0,0
2023-05-26 14:15:00+05:30,62433.44,62500.94,62433.25,62436.48,0,0
2023-05-26 14:45:00+05:30,62436.07,62529.83,62418.16,62516.34,0,0
2023-05-26 15:15:00+05:30,62513.2,62525.55,62472.7,62500.96,0,0
2023-05-29 09:15:00+05:30,62801.54,63025.42,62801.54,62967.72,0,0
2023-05-29 09:45:00+05:30,62965.88,62982.35,62831.62,62845.3,0,0
2023-05-29 10:15:00+05:30,62847.99,62980.64,62837.01,62956.7,0,0
2023-05-29 10:45:00+05:30,62955.84,63010.69,62935.26,63002.64,0,0
2023-05-29 11:15:00+05:30,63009.21,63024.11,62942.51,62949.17,0,0
2023-05-29 11:45:00+05:30,62948.15,62966.55,62919.05,62926.04,0,0
2023-05-29 12:15:00+05:30,62925.05,62937.56,62858.36,62907.22,0,0
2023-05-29 12:45:00+05:30,62904.79,62908.54,62828.41,62846.89,0,0
2023-05-29 13:15:00+05:30,62846.99,62918.31,62840.55,62892.26,0,0
2023-05-29 13:45:00+05:30,62892.26,62958.45,62891.97,62947.64,0,0
2023-05-29 14:15:00+05:30,62947.26,62949.8,62803.47,62828.97,0,0
2023-05-29 14:45:00+05:30,62830.11,62906.15,62809.22,62867.85,0,0
2023-05-29 15:15:00+05:30,62868.86,62870.25,62813.64,62833.94,0,0
2023-05-30 09:15:00+05:30,62839.85,63001.73,62737.4,62964.62,0,0
2023-05-30 09:45:00+05:30,62964.62,63010.02,62927.5,63000.89,0,0
2023-05-30 10:15:00+05:30,63000.89,63030.63,62899.73,62915.88,0,0
2023-05-30 10:45:00+05:30,62914.56,62930.9,62791.22,62849.37,0,0
2023-05-30 11:15:00+05:30,62851.66,62921.89,62829.42,62864.51,0,0
2023-05-30 11:45:00+05:30,62864.59,62900.28,62817.86,62888.23,0,0
2023-05-30 12:15:00+05:30,62890.22,62914.55,62795.92,62796.57,0,0
2023-05-30 12:45:00+05:30,62796.76,62902.98,62789.41,62883.9,0,0
2023-05-30 13:15:00+05:30,62884.05,62919.51,62857.53,62902.5,0,0
2023-05-30 13:45:00+05:30,62902.35,62930.64,62874.99,62926.94,0,0
2023-05-30 14:15:00+05:30,62926.06,62997.35,62915.41,62981.07,0,0
2023-05-30 14:45:00+05:30,62981.07,63014.46,62910.82,62987.51,0,0
2023-05-30 15:15:00+05:30,62986.85,63036.12,62968.34,63015.62,0,0
2023-05-31 09:15:00+05:30,62839.97,62875.42,62666.49,62708.62,0,0
2023-05-31 09:45:00+05:30,62707.87,62750.18,62637.83,62730.52,0,0
2023-05-31 10:15:00+05:30,62730.02,62730.02,62588.57,62626.38,0,0
2023-05-31 10:45:00+05:30,62623.96,62661.04,62602.07,62637.8,0,0
2023-05-31 11:15:00+05:30,62637.8,62661.58,62509.23,62521.57,0,0
2023-05-31 11:45:00+05:30,62521.57,62522.59,62418.02,62454.24,0,0
2023-05-31 12:15:00+05:30,62454.97,62499.12,62402.68,62498.35,0,0
2023-05-31 12:45:00+05:30,62498.35,62517.45,62431.42,62457.57,0,0
2023-05-31 13:15:00+05:30,62457.57,62548.11,62433.68,62532.1,0,0
2023-05-31 13:45:00+05:30,62531.98,62562.34,62477.52,62498.67,0,0
2023-05-31 14:15:00+05:30,62497.95,62613.98,62493.78,62594.54,0,0
2023-05-31 14:45:00+05:30,62593.36,62660.75,62527.75,62574.64,0,0
2023-05-31 15:15:00+05:30,62573.94,62729.06,62527.55,62562.77,0,0
2023-06-01 09:15:00+05:30,62736.47,62736.47,62527.32,62702.79,0,0
2023-06-01 09:45:00+05:30,62702.27,62746.09,62671.69,62671.69,0,0
2023-06-01 10:15:00+05:30,62676.85,62751.34,62652.42,62724.96,0,0
2023-06-01 10:45:00+05:30,62726.27,62734.28,62682.97,62727.03,0,0
2023-06-01 11:15:00+05:30,62722.73,62762.34,62672.68,62680.97,0,0
2023-06-01 11:45:00+05:30,62681.04,62727.82,62594.93,62612.29,0,0
2023-06-01 12:15:00+05:30,62612.29,62697.92,62588.72,62669.94,0,0
2023-06-01 12:45:00+05:30,62670.02,62671.25,62622.71,62665.67,0,0
2023-06-01 13:15:00+05:30,62665.75,62709.66,62642.76,62672.0,0,0
2023-06-01 13:45:00+05:30,62672.02,62672.07,62558.89,62569.19,0,0
2023-06-01 14:15:00+05:30,62569.65,62593.09,62515.86,62529.29,0,0
2023-06-01 14:45:00+05:30,62528.58,62589.82,62444.37,62444.37,0,0
2023-06-01 15:15:00+05:30,62445.2,62448.0,62364.54,62432.37,0,0
2023-06-02 09:15:00+05:30,62601.97,62717.51,62584.19,62637.43,0,0
2023-06-02 09:45:00+05:30,62637.64,62653.09,62403.07,62433.03,0,0
2023-06-02 10:15:00+05:30,62434.06,62481.96,62381.28,62474.31,0,0
2023-06-02 10:45:00+05:30,62474.31,62514.84,62448.8,62499.54,0,0
2023-06-02 11:15:00+05:30,62499.83,62552.65,62460.04,62518.55,0,0
2023-06-02 11:45:00+05:30,62515.03,62579.16,62512.2,62547.08,0,0
2023-06-02 12:15:00+05:30,62547.39,62582.3,62506.38,62561.11,0,0
2023-06-02 12:45:00+05:30,62562.85,62649.93,62558.2,62618.75,0,0
2023-06-02 13:15:00+05:30,62619.33,62690.95,62610.76,62685.61,0,0
2023-06-02 13:45:00+05:30,62685.61,62697.32,62573.01,62588.02,0,0
2023-06-02 14:15:00+05:30,62584.77,62584.77,62442.36,62495.03,0,0
2023-06-02 14:45:00+05:30,62493.11,62636.42,62482.82,62584.75,0,0
2023-06-02 15:15:00+05:30,62583.43,62587.45,62492.37,62528.44,0,0
2023-06-05 09:15:00+05:30,62759.19,62913.56,62752.32,62817.75,0,0
2023-06-05 09:45:00+05:30,62820.37,62890.42,62820.37,62855.1,0,0
2023-06-05 10:15:00+05:30,62856.36,62907.43,62831.36,62851.44,0,0
2023-06-05 10:45:00+05:30,62851.52,62930.35,62845.75,62915.78,0,0
2023-06-05 11:15:00+05:30,62915.12,62942.91,62880.7,62890.63,0,0
2023-06-05 11:45:00+05:30,62889.78,62906.52,62853.47,62893.74,0,0
2023-06-05 12:15:00+05:30,62893.74,62904.3,62826.83,62838.83,0,0
2023-06-05 12:45:00+05:30,62839.54,62862.9,62818.98,62824.04,0,0
2023-06-05 13:15:00+05:30,62824.71,62873.34,62821.48,62847.6,0,0
2023-06-05 13:45:00+05:30,62847.74,62907.17,62829.69,62883.56,0,0
2023-06-05 14:15:00+05:30,62883.56,62893.64,62850.36,62872.56,0,0
2023-06-05 14:45:00+05:30,62872.91,62883.16,62762.17,62800.82,0,0
2023-06-05 15:15:00+05:30,62799.0,62833.72,62765.18,62803.34,0,0
2023-06-06 09:15:00+05:30,62738.35,62851.55,62719.2,62824.88,0,0
2023-06-06 09:45:00+05:30,62821.32,62827.2,62683.27,62720.84,0,0
2023-06-06 10:15:00+05:30,62720.25,62726.05,62663.64,62664.79,0,0
2023-06-06 10:45:00+05:30,62666.14,62679.79,62600.0,62613.97,0,0
2023-06-06 11:15:00+05:30,62615.23,62654.09,62573.44,62605.18,0,0
2023-06-06 11:45:00+05:30,62604.28,62611.6,62554.33,62588.35,0,0
2023-06-06 12:15:00+05:30,62591.58,62628.13,62560.61,62605.0,0,0
2023-06-06 12:45:00+05:30,62604.83,62643.25,62575.23,62628.13,0,0
2023-06-06 13:15:00+05:30,62627.93,62665.28,62591.42,62636.77,0,0
2023-06-06 13:45:00+05:30,62636.45,62663.3,62576.29,62598.43,0,0
2023-06-06 14:15:00+05:30,62598.98,62647.18,62597.05,62607.02,0,0
2023-06-06 14:45:00+05:30,62606.13,62832.51,62596.21,62824.42,0,0
2023-06-06 15:15:00+05:30,62824.36,62866.95,62794.25,62852.35,0,0
2023-06-07 09:15:00+05:30,62917.39,63027.05,62884.12,62949.31,0,0
2023-06-07 09:45:00+05:30,62948.45,62951.23,62888.37,62938.49,0,0
2023-06-07 10:15:00+05:30,62936.91,62964.0,62879.83,62882.88,0,0
2023-06-07 10:45:00+05:30,62882.96,62943.05,62843.23,62927.22,0,0
2023-06-07 11:15:00+05:30,62925.99,62944.28,62865.2,62893.83,0,0
2023-06-07 11:45:00+05:30,62893.83,62947.33,62892.49,62922.17,0,0
2023-06-07 12:15:00+05:30,62922.83,62962.66,62907.47,62957.12,0,0
2023-06-07 12:45:00+05:30,62956.63,63017.26,62955.22,62997.38,0,0
2023-06-07 13:15:00+05:30,62998.04,63010.05,62932.26,62954.9,0,0
2023-06-07 13:45:00+05:30,62955.66,63032.19,62936.84,63012.75,0,0
2023-06-07 14:15:00+05:30,63012.75,63101.9,63002.15,63101.55,0,0
2023-06-07 14:45:00+05:30,63099.36,63161.8,63066.52,63149.27,0,0
2023-06-07 15:15:00+05:30,63149.19,63196.43,63116.16,63165.73,0,0
2023-06-08 09:15:00+05:30,63140.17,63225.32,63128.58,63179.17,0,0
2023-06-08 09:45:00+05:30,63181.66,63263.68,63181.66,63235.35,0,0
2023-06-08 10:15:00+05:30,63236.42,63316.3,63232.96,63285.24,0,0
2023-06-08 10:45:00+05:30,63287.37,63321.4,63266.87,63278.2,0,0
2023-06-08 11:15:00+05:30,63278.4,63310.43,63184.56,63184.56,0,0
2023-06-08 11:45:00+05:30,63184.28,63211.07,63040.55,63092.97,0,0
2023-06-08 12:15:00+05:30,63093.23,63113.2,63017.84,63066.55,0,0
2023-06-08 12:45:00+05:30,63067.26,63084.82,63000.78,63022.94,0,0
2023-06-08 13:15:00+05:30,63022.94,63077.65,63010.89,63075.18,0,0
2023-06-08 13:45:00+05:30,63076.96,63150.34,63004.99,63036.29,0,0
2023-06-08 14:15:00+05:30,63036.29,63057.96,62985.25,63021.32,0,0
2023-06-08 14:45:00+05:30,63020.26,63026.39,62825.73,62825.77,0,0
2023-06-08 15:15:00+05:30,62821.62,62902.88,62790.09,62878.02,0,0
2023-06-09 09:15:00+05:30,62810.68,62991.37,62760.41,62801.25,0,0
2023-06-09 09:45:00+05:30,62800.17,62943.35,62800.17,62858.71,0,0
2023-06-09 10:15:00+05:30,62858.71,62862.75,62777.17,62804.99,0,0
2023-06-09 10:45:00+05:30,62799.29,62816.14,62720.89,62778.07,0,0
2023-06-09 11:15:00+05:30,62778.8,62836.09,62776.87,62806.83,0,0
2023-06-09 11:45:00+05:30,62809.64,62867.08,62802.24,62848.08,0,0
2023-06-09 12:15:00+05:30,62848.08,62877.86,62788.23,62793.79,0,0
2023-06-09 12:45:00+05:30,62793.79,62793.99,62739.41,62784.6,0,0
2023-06-09 13:15:00+05:30,62787.03,62806.97,62700.8,62755.23,0,0
2023-06-09 13:45:00+05:30,62755.78,62764.27,62662.25,62673.1,0,0
2023-06-09 14:15:00+05:30,62671.57,62735.13,62605.53,62664.82,0,0
2023-06-09 14:45:00+05:30,62663.83,62684.54,62622.63,62643.6,0,0
2023-06-09 15:15:00+05:30,62646.32,62657.88,62597.25,62639.92,0,0
2023-06-12 09:15:00+05:30,62659.98,62781.58,62616.1,62681.43,0,0
2023-06-12 09:45:00+05:30,62685.57,62706.09,62638.62,62662.3,0,0
2023-06-12 10:15:00+05:30,62661.73,62783.1,62659.9,62709.07,0,0
2023-06-12 10:45:00+05:30,62707.67,62770.48,62700.05,62766.29,0,0
2023-06-12 11:15:00+05:30,62766.21,62779.51,62724.46,62757.97,0,0
2023-06-12 11:45:00+05:30,62759.2,62800.1,62741.7,62748.01,0,0
2023-06-12 12:15:00+05:30,62750.72,62761.6,62657.5,62692.13,0,0
2023-06-12 12:45:00+05:30,62692.13,62734.25,62679.19,62726.64,0,0
2023-06-12 13:15:00+05:30,62729.35,62771.28,62723.91,62750.29,0,0
2023-06-12 13:45:00+05:30,62749.91,62789.76,62730.38,62776.35,0,0
2023-06-12 14:15:00+05:30,62774.07,62800.24,62691.71,62745.42,0,0
2023-06-12 14:45:00+05:30,62745.42,62804.14,62708.68,62726.2,0,0
2023-06-12 15:15:00+05:30,62726.72,62772.07,62708.74,62769.01,0,0
2023-06-13 09:15:00+05:30,62779.14,63072.86,62779.14,63071.86,0,0
2023-06-13 09:45:00+05:30,63071.65,63095.83,63040.24,63069.93,0,0
2023-06-13 10:15:00+05:30,63070.47,63079.75,63039.48,63073.31,0,0
2023-06-13 10:45:00+05:30,63073.29,63109.01,63032.96,63089.92,0,0
2023-06-13 11:15:00+05:30,63089.46,63135.78,63087.05,63110.62,0,0
2023-06-13 11:45:00+05:30,63110.62,63112.61,63074.18,63102.77,0,0
2023-06-13 12:15:00+05:30,63106.29,63119.5,63070.22,63089.2,0,0
2023-06-13 12:45:00+05:30,63089.2,63110.14,63082.39,63109.29,0,0
2023-06-13 13:15:00+05:30,63109.65,63116.63,63066.03,63100.79,0,0
2023-06-13 13:45:00+05:30,63100.4,63117.22,63011.46,63043.79,0,0
2023-06-13 14:15:00+05:30,63045.96,63059.89,63013.57,63039.06,0,0
2023-06-13 14:45:00+05:30,63038.87,63155.89,63024.52,63146.55,0,0
2023-06-13 15:15:00+05:30,63147.42,63177.47,63119.45,63127.35,0,0
2023-06-14 09:15:00+05:30,63115.48,63241.01,63016.13,63032.31,0,0
2023-06-14 09:45:00+05:30,63031.91,63085.34,63013.51,63053.73,0,0
2023-06-14 10:15:00+05:30,63054.91,63098.26,63036.07,63095.55,0,0
2023-06-14 10:45:00+05:30,63094.17,63167.42,63090.33,63117.28,0,0
2023-06-14 11:15:00+05:30,63117.92,63145.2,63110.84,63120.27,0,0
2023-06-14 11:45:00+05:30,63121.61,63194.31,63116.15,63194.31,0,0
2023-06-14 12:15:00+05:30,63195.53,63208.68,63161.36,63201.13,0,0
2023-06-14 12:45:00+05:30,63191.78,63235.63,63170.62,63230.49,0,0
2023-06-14 13:15:00+05:30,63229.41,63265.24,63206.44,63240.48,0,0
2023-06-14 13:45:00+05:30,63240.48,63261.85,63216.55,63256.59,0,0
2023-06-14 14:15:00+05:30,63258.37,63263.8,63194.9,63224.7,0,0
2023-06-14 14:45:00+05:30,63227.87,63274.03,63203.8,63240.71,0,0
2023-06-14 15:15:00+05:30,63240.09,63249.71,63182.55,63203.36,0,0
2023-06-15 09:15:00+05:30,63153.78,63213.26,63070.35,63125.16,0,0
2023-06-15 09:45:00+05:30,63127.27,63272.56,63125.28,63246.06,0,0
2023-06-15 10:15:00+05:30,63245.25,63310.96,63233.35,63269.73,0,0
2023-06-15 10:45:00+05:30,63275.09,63292.19,63194.36,63205.6,0,0
2023-06-15 11:15:00+05:30,63205.86,63208.08,63046.25,63078.77,0,0
2023-06-15 11:45:00+05:30,63079.0,63110.19,63033.38,63076.31,0,0
2023-06-15 12:15:00+05:30,63076.31,63138.88,63048.13,63069.13,0,0
2023-06-15 12:45:00+05:30,63070.74,63126.95,63030.34,63052.95,0,0
2023-06-15 13:15:00+05:30,63052.95,63163.14,63033.95,63113.42,0,0
2023-06-15 13:45:00+05:30,63111.77,63139.76,62985.54,62990.5,0,0
2023-06-15 14:15:00+05:30,62988.99,63012.63,62910.06,62924.46,0,0
2023-06-15 14:45:00+05:30,62922.27,62985.9,62871.08,62911.43,0,0
2023-06-15 15:15:00+05:30,62912.69,62938.83,62892.06,62923.04,0,0
2023-06-16 09:15:00+05:30,62960.73,63198.25,62960.73,63191.41,0,0
2023-06-16 09:45:00+05:30,63191.8,63219.79,63125.47,63199.2,0,0
2023-06-16 10:15:00+05:30,63197.22,63264.54,63197.22,63245.29,0,0
2023-06-16 10:45:00+05:30,63245.4,63245.86,63168.36,63193.17,0,0
2023-06-16 11:15:00+05:30,63193.09,63211.81,63137.56,63195.73,0,0
2023-06-16 11:45:00+05:30,63195.73,63223.75,63166.34,63166.37,0,0
2023-06-16 12:15:00+05:30,63166.37,63181.19,63104.68,63106.69,0,0
2023-06-16 12:45:00+05:30,63110.18,63170.78,63110.18,63154.66,0,0
2023-06-16 13:15:00+05:30,63154.95,63191.24,63139.82,63180.03,0,0
2023-06-16 13:45:00+05:30,63179.71,63249.18,63140.99,63245.94,0,0
2023-06-16 14:15:00+05:30,63246.15,63372.46,63246.15,63359.8,0,0
2023-06-16 14:45:00+05:30,63360.09,63519.77,63356.6,63381.19,0,0
2023-06-16 15:15:00+05:30,63377.97,63400.71,63318.59,63379.36,0,0
2023-06-19 09:15:00+05:30,63474.21,63572.85,63429.66,63462.75,0,0
2023-06-19 09:45:00+05:30,63462.22,63470.68,63371.01,63403.25,0,0
2023-06-19 10:15:00+05:30,63405.01,63405.71,63263.18,63302.82,0,0
2023-06-19 10:45:00+05:30,63302.25,63302.25,63192.15,63226.5,0,0
2023-06-19 11:15:00+05:30,63229.66,63254.64,63198.02,63222.38,0,0
2023-06-19 11:45:00+05:30,63221.93,63257.41,63178.77,63241.68,0,0
2023-06-19 12:15:00+05:30,63242.1,63294.91,63241.24,63250.08,0,0
2023-06-19 12:45:00+05:30,63249.82,63297.09,63153.67,63169.18,0,0
2023-06-19 13:15:00+05:30,63169.18,63177.49,63048.43,63095.51,0,0
2023-06-19 13:45:00+05:30,63096.15,63144.21,63069.66,63094.16,0,0
2023-06-19 14:15:00+05:30,63094.56,63232.67,63081.87,63222.98,0,0
2023-06-19 14:45:00+05:30,63224.35,63270.51,63137.72,63192.37,0,0
2023-06-19 15:15:00+05:30,63193.95,63202.0,63148.44,63177.12,0,0
2023-06-20 09:15:00+05:30,63176.77,63181.82,62861.03,62904.96,0,0
2023-06-20 09:45:00+05:30,62905.79,62972.69,62905.79,62917.21,0,0
2023-06-20 10:15:00+05:30,62917.21,62917.21,62802.15,62841.38,0,0
2023-06-20 10:45:00+05:30,62841.38,62947.1,62839.41,62937.07,0,0
2023-06-20 11:15:00+05:30,62937.07,63053.95,62925.63,63021.04,0,0
2023-06-20 11:45:00+05:30,63021.88,63054.16,62975.98,63002.38,0,0
2023-06-20 12:15:00+05:30,63002.99,63043.32,62989.5,63028.48,0,0
2023-06-20 12:45:00+05:30,63027.76,63138.19,63014.29,63113.78,0,0
2023-06-20 13:15:00+05:30,63111.66,63161.76,63078.96,63110.49,0,0
2023-06-20 13:45:00+05:30,63111.59,63148.76,63065.42,63126.21,0,0
2023-06-20 14:15:00+05:30,63125.44,63207.19,63104.23,63160.02,0,0
2023-06-20 14:45:00+05:30,63160.19,63393.87,63141.62,63384.57,0,0
2023-06-20 15:15:00+05:30,63380.08,63439.74,63375.13,63426.61,0,0
2023-06-21 09:15:00+05:30,63467.46,63555.38,63359.52,63502.3,0,0
2023-06-21 09:45:00+05:30,63504.26,63587.7,63492.27,63557.95,0,0
2023-06-21 10:15:00+05:30,63556.83,63561.14,63424.38,63425.09,0,0
2023-06-21 10:45:00+05:30,63420.42,63451.12,63327.68,63328.67,0,0
2023-06-21 11:15:00+05:30,63330.82,63428.65,63315.62,63406.52,0,0
2023-06-21 11:45:00+05:30,63406.52,63448.23,63398.89,63430.31,0,0
2023-06-21 12:15:00+05:30,63430.6,63462.18,63392.98,63462.18,0,0
2023-06-21 12:45:00+05:30,63462.45,63512.28,63452.49,63503.97,0,0
2023-06-21 13:15:00+05:30,63503.04,63515.73,63474.67,63476.69,0,0
2023-06-21 13:45:00+05:30,63477.3,63541.35,63463.42,63533.13,0,0
2023-06-21 14:15:00+05:30,63532.14,63538.96,63417.01,63469.76,0,0
2023-06-21 14:45:00+05:30,63470.25,63557.11,63465.44,63531.58,0,0
2023-06-21 15:15:00+05:30,63532.24,63550.08,63485.62,63523.67,0,0
2023-06-22 09:15:00+05:30,63601.71,63601.71,63375.69,63507.2,0,0
2023-06-22 09:45:00+05:30,63502.88,63530.13,63451.44,63499.3,0,0
2023-06-22 10:15:00+05:30,63500.83,63583.51,63484.4,63523.54,0,0
2023-06-22 10:45:00+05:30,63523.54,63530.13,63438.11,63471.9,0,0
2023-06-22 11:15:00+05:30,63466.37,63484.74,63389.51,63417.86,0,0
2023-06-22 11:45:00+05:30,63417.86,63445.08,63335.22,63350.32,0,0
2023-06-22 12:15:00+05:30,63350.14,63425.38,63319.61,63376.75,0,0
2023-06-22 12:45:00+05:30,63375.37,63381.58,63263.35,63335.89,0,0
2023-06-22 13:15:00+05:30,63338.43,63535.24,63328.48,63520.35,0,0
2023-06-22 13:45:00+05:30,63524.47,63552.79,63448.21,63459.47,0,0
2023-06-22 14:15:00+05:30,63459.47,63459.47,63230.79,63335.17,0,0
2023-06-22 14:45:00+05:30,63336.46,63383.67,63218.64,63225.64,0,0
2023-06-22 15:15:00+05:30,63225.54,63279.43,63200.63,63278.81,0,0
2023-06-23 09:15:00+05:30,63124.28,63177.02,62874.88,62916.89,0,0
2023-06-23 09:45:00+05:30,62918.91,63087.12,62918.79,63038.17,0,0
2023-06-23 10:15:00+05:30,63043.76,63172.87,63030.92,63127.19,0,0
2023-06-23 10:45:00+05:30,63127.19,63134.42,63039.52,63124.34,0,0
2023-06-23 11:15:00+05:30,63124.72,63138.01,63061.44,63108.97,0,0
2023-06-23 11:45:00+05:30,63108.97,63179.5,63098.47,63146.55,0,0
2023-06-23 12:15:00+05:30,63150.44,63230.07,63122.11,63227.44,0,0
2023-06-23 12:45:00+05:30,63225.67,63240.63,63092.26,63137.81,0,0
2023-06-23 13:15:00+05:30,63137.81,63169.39,63091.33,63113.82,0,0
2023-06-23 13:45:00+05:30,63113.69,63162.95,63036.92,63063.43,0,0
2023-06-23 14:15:00+05:30,63061.31,63125.87,62978.75,63056.83,0,0
2023-06-23 14:45:00+05:30,63057.76,63105.4,62974.32,62995.94,0,0
2023-06-23 15:15:00+05:30,62984.92,63010.33,62936.19,62982.59,0,0
2023-06-26 09:15:00+05:30,62946.5,63134.98,62946.5,63086.0,0,0
2023-06-26 09:45:00+05:30,63086.46,63103.13,62916.83,62957.13,0,0
2023-06-26 10:15:00+05:30,62958.02,62982.04,62888.85,62911.24,0,0
2023-06-26 10:45:00+05:30,62909.24,62978.48,62888.42,62935.0,0,0
2023-06-26 11:15:00+05:30,62935.0,63015.28,62919.45,62977.82,0,0
2023-06-26 11:45:00+05:30,62978.18,63007.97,62957.91,62986.79,0,0
2023-06-26 12:15:00+05:30,62987.93,63022.95,62943.92,62957.02,0,0
2023-06-26 12:45:00+05:30,62957.65,62957.65,62858.41,62923.72,0,0
2023-06-26 13:15:00+05:30,62927.93,62962.24,62893.92,62901.24,0,0
2023-06-26 13:45:00+05:30,62901.94,62925.37,62856.36,62913.71,0,0
2023-06-26 14:15:00+05:30,62913.71,62930.01,62856.0,62899.7,0,0
2023-06-26 14:45:00+05:30,62899.7,63032.1,62886.23,63005.51,0,0
2023-06-26 15:15:00+05:30,63003.69,63016.15,62928.58,62957.0,0,0
2023-06-27 09:15:00+05:30,63151.85,63205.52,63100.56,63118.36,0,0
2023-06-27 09:45:00+05:30,63119.37,63119.79,63065.96,63100.1,0,0
2023-06-27 10:15:00+05:30,63099.41,63126.78,63055.83,63083.57,0,0
2023-06-27 10:45:00+05:30,63082.96,63099.68,63055.01,63087.24,0,0
2023-06-27 11:15:00+05:30,63085.4,63149.35,63080.71,63125.64,0,0
2023-06-27 11:45:00+05:30,63127.51,63182.74,63116.63,63173.63,0,0
2023-06-27 12:15:00+05:30,63173.58,63186.45,63151.41,63169.38,0,0
2023-06-27 12:45:00+05:30,63169.38,63185.05,63107.59,63150.1,0,0
2023-06-27 13:15:00+05:30,63147.52,63181.57,63142.26,63167.95,0,0
2023-06-27 13:45:00+05:30,63167.74,63259.22,63159.71,63259.22,0,0
2023-06-27 14:15:00+05:30,63260.01,63359.4,63255.65,63257.9,0,0
2023-06-27 14:45:00+05:30,63257.63,63466.53,63248.98,63457.25,0,0
2023-06-27 15:15:00+05:30,63456.9,63457.38,63389.46,63435.47,0,0
2023-06-28 09:15:00+05:30,63701.78,63711.32,63556.0,63582.9,0,0
2023-06-28 09:45:00+05:30,63586.02,63674.63,63576.31,63638.9,0,0
2023-06-28 10:15:00+05:30,63640.91,63742.54,63605.74,63728.48,0,0
2023-06-28 10:45:00+05:30,63728.25,63805.76,63716.87,63805.76,0,0
2023-06-28 11:15:00+05:30,63805.97,63876.68,63781.64,63862.25,0,0
2023-06-28 11:45:00+05:30,63865.55,63948.84,63860.82,63872.89,0,0
2023-06-28 12:15:00+05:30,63874.15,63927.25,63849.98,63881.67,0,0
2023-06-28 12:45:00+05:30,63881.67,63989.37,63863.14,63987.19,0,0
2023-06-28 13:15:00+05:30,63986.5,64034.4,63960.37,64034.4,0,0
2023-06-28 13:45:00+05:30,64034.56,64036.73,63934.38,63934.38,0,0
2023-06-28 14:15:00+05:30,63934.38,64050.31,63911.39,63956.43,0,0
2023-06-28 14:45:00+05:30,63955.77,63992.02,63828.51,63923.21,0,0
2023-06-28 15:15:00+05:30,63921.66,63972.77,63888.27,63969.41,0,0
2023-06-30 09:15:00+05:30,64205.89,64414.84,64068.44,64389.22,0,0
2023-06-30 09:45:00+05:30,64388.92,64402.49,64309.6,64357.85,0,0
2023-06-30 10:15:00+05:30,64361.76,64382.72,64307.69,64347.29,0,0
2023-06-30 10:45:00+05:30,64352.93,64392.28,64348.6,64378.66,0,0
2023-06-30 11:15:00+05:30,64378.99,64446.87,64360.29,64445.34,0,0
2023-06-30 11:45:00+05:30,64445.34,64460.99,64387.59,64455.46,0,0
2023-06-30 12:15:00+05:30,64453.24,64519.89,64403.3,64496.15,0,0
2023-06-30 12:45:00+05:30,64494.9,64563.08,64447.31,64543.12,0,0
2023-06-30 13:15:00+05:30,64543.52,64593.95,64528.33,64566.78,0,0
2023-06-30 13:45:00+05:30,64568.77,64600.95,64526.96,64549.95,0,0
2023-06-30 14:15:00+05:30,64548.96,64650.95,64536.44,64640.2,0,0
2023-06-30 14:45:00+05:30,64641.9,64737.98,64609.81,64734.72,0,0
2023-06-30 15:15:00+05:30,64737.3,64768.58,64694.38,64702.51,0,0
2023-07-03 09:15:00+05:30,64846.26,65168.02,64836.16,65125.99,0,0
2023-07-03 09:45:00+05:30,65129.15,65232.64,65111.52,65214.7,0,0
2023-07-03 10:15:00+05:30,65210.99,65240.57,65114.24,65144.25,0,0
2023-07-03 10:45:00+05:30,65145.6,65157.58,64986.29,64999.48,0,0
2023-07-03 11:15:00+05:30,65000.06,65069.91,64937.54,65069.21,0,0
2023-07-03 11:45:00+05:30,65071.42,65143.5,65063.26,65137.68,0,0
2023-07-03 12:15:00+05:30,65138.04,65207.71,65127.85,65203.59,0,0
2023-07-03 12:45:00+05:30,65202.39,65247.74,65171.17,65202.13,0,0
2023-07-03 13:15:00+05:30,65201.74,65229.53,65143.41,65198.2,0,0
2023-07-03 13:45:00+05:30,65200.0,65222.56,65139.34,65140.62,0,0
2023-07-03 14:15:00+05:30,65140.62,65237.22,65138.87,65169.12,0,0
2023-07-03 14:45:00+05:30,65166.26,65208.37,65091.84,65198.01,0,0
2023-07-03 15:15:00+05:30,65195.33,65300.35,65187.13,65241.57,0,0
2023-07-04 09:15:00+05:30,65504.87,65586.6,65332.16,65335.91,0,0
2023-07-04 09:45:00+05:30,65327.08,65378.36,65171.06,65247.73,0,0
2023-07-04 10:15:00+05:30,65248.17,65324.52,65207.92,65321.72,0,0
2023-07-04 10:45:00+05:30,65322.19,65340.68,65260.81,65321.87,0,0
2023-07-04 11:15:00+05:30,65321.07,65357.52,65287.07,65334.94,0,0
2023-07-04 11:45:00+05:30,65334.15,65450.11,65321.99,65450.11,0,0
2023-07-04 12:15:00+05:30,65447.95,65541.09,65437.74,65532.35,0,0
2023-07-04 12:45:00+05:30,65532.5,65556.49,65491.53,65520.52,0,0
2023-07-04 13:15:00+05:30,65518.34,65672.97,65512.75,65610.45,0,0
2023-07-04 13:45:00+05:30,65612.07,65643.96,65444.6,65444.6,0,0
2023-07-04 14:15:00+05:30,65441.66,65530.78,65410.78,65510.2,0,0
2023-07-04 14:45:00+05:30,65508.94,65537.12,65444.47,65482.47,0,0
2023-07-04 15:15:00+05:30,65483.26,65504.54,65439.06,65489.95,0,0
2023-07-05 09:15:00+05:30,65493.68,65584.33,65317.91,65415.77,0,0
2023-07-05 09:45:00+05:30,65413.9,65477.7,65368.25,65442.7,0,0
2023-07-05 10:15:00+05:30,65442.85,65461.21,65338.17,65413.06,0,0
2023-07-05 10:45:00+05:30,65416.05,65451.5,65360.46,65404.4,0,0
2023-07-05 11:15:00+05:30,65404.48,65502.11,65372.87,65473.84,0,0
2023-07-05 11:45:00+05:30,65473.86,65500.69,65434.72,65458.02,0,0
2023-07-05 12:15:00+05:30,65451.7,65467.55,65405.56,65413.8,0,0
2023-07-05 12:45:00+05:30,65413.88,65438.98,65377.8,65426.84,0,0
2023-07-05 13:15:00+05:30,65427.13,65433.91,65301.63,65397.64,0,0
2023-07-05 13:45:00+05:30,65395.68,65436.05,65354.93,65400.9,0,0
2023-07-05 14:15:00+05:30,65399.6,65416.84,65256.49,65276.46,0,0
2023-07-05 14:45:00+05:30,65276.99,65478.92,65271.48,65474.03,0,0
2023-07-05 15:15:00+05:30,65475.48,65513.73,65456.14,65507.98,0,0
2023-07-06 09:15:00+05:30,65391.88,65530.35,65328.29,65466.05,0,0
2023-07-06 09:45:00+05:30,65465.66,65618.94,65454.05,65609.32,0,0
2023-07-06 10:15:00+05:30,65611.05,65656.11,65548.48,65580.47,0,0
2023-07-06 10:45:00+05:30,65583.2,65677.96,65572.95,65641.44,0,0
2023-07-06 11:15:00+05:30,65638.46,65693.09,65615.08,65663.95,0,0
2023-07-06 11:45:00+05:30,65665.39,65691.54,65605.87,65612.74,0,0
2023-07-06 12:15:00+05:30,65616.84,65651.03,65562.96,65570.72,0,0
2023-07-06 12:45:00+05:30,65573.57,65666.68,65566.66,65615.24,0,0
2023-07-06 13:15:00+05:30,65615.24,65658.84,65578.95,65609.22,0,0
2023-07-06 13:45:00+05:30,65609.05,65670.85,65595.31,65649.15,0,0
2023-07-06 14:15:00+05:30,65648.68,65761.29,65612.23,65745.8,0,0
2023-07-06 14:45:00+05:30,65745.01,65832.98,65735.6,65812.72,0,0
2023-07-06 15:15:00+05:30,65819.43,65819.43,65738.21,65750.27,0,0
2023-07-07 09:15:00+05:30,65559.41,65820.61,65491.26,65783.64,0,0
2023-07-07 09:45:00+05:30,65787.07,65898.98,65757.81,65803.34,0,0
2023-07-07 10:15:00+05:30,65805.9,65805.9,65631.74,65635.42,0,0
2023-07-07 10:45:00+05:30,65635.34,65635.34,65497.34,65563.16,0,0
2023-07-07 11:15:00+05:30,65558.03,65601.29,65404.11,65440.97,0,0
2023-07-07 11:45:00+05:30,65441.12,65505.31,65347.39,65408.34,0,0
2023-07-07 12:15:00+05:30,65408.21,65431.78,65318.48,65357.75,0,0
2023-07-07 12:45:00+05:30,65358.29,65403.79,65330.8,65337.75,0,0
2023-07-07 13:15:00+05:30,65337.09,65428.81,65326.54,65339.41,0,0
2023-07-07 13:45:00+05:30,65339.76,65431.07,65275.66,65416.19,0,0
2023-07-07 14:15:00+05:30,65415.93,65556.03,65372.92,65555.2,0,0
2023-07-07 14:45:00+05:30,65549.95,65558.47,65238.71,65242.63,0,0
2023-07-07 15:15:00+05:30,65241.91,65257.2,65175.74,65236.74,0,0
2023-07-10 09:15:00+05:30,65480.4,65533.32,65342.55,65503.99,0,0
2023-07-10 09:45:00+05:30,65506.72,65564.76,65455.03,65552.52,0,0
2023-07-10 10:15:00+05:30,65557.93,65633.49,65529.15,65614.71,0,0
2023-07-10 10:45:00+05:30,65610.3,65616.37,65453.19,65455.45,0,0
2023-07-10 11:15:00+05:30,65455.15,65458.49,65291.75,65352.11,0,0
2023-07-10 11:45:00+05:30,65352.11,65382.14,65264.82,65330.31,0,0
2023-07-10 12:15:00+05:30,65334.28,65448.39,65327.41,65428.89,0,0
2023-07-10 12:45:00+05:30,65427.43,65480.86,65398.02,65480.86,0,0
2023-07-10 13:15:00+05:30,65481.27,65510.27,65426.5,65489.32,0,0
2023-07-10 13:45:00+05:30,65486.81,65516.46,65414.45,65481.09,0,0
2023-07-10 14:15:00+05:30,65479.49,65489.0,65345.3,65352.26,0,0
2023-07-10 14:45:00+05:30,65349.84,65385.54,65246.4,65345.0,0,0
2023-07-10 15:15:00+05:30,65346.32,65405.82,65325.01,65399.5,0,0
2023-07-11 09:15:00+05:30,65591.31,65710.13,65517.57,65709.33,0,0
2023-07-11 09:45:00+05:30,65710.8,65767.42,65710.8,65726.96,0,0
2023-07-11 10:15:00+05:30,65728.42,65794.07,65684.11,65788.76,0,0
2023-07-11 10:45:00+05:30,65788.87,65831.3,65753.54,65815.88,0,0
2023-07-11 11:15:00+05:30,65815.83,65842.71,65772.69,65815.49,0,0
2023-07-11 11:45:00+05:30,65810.45,65870.59,65782.6,65794.38,0,0
2023-07-11 12:15:00+05:30,65793.75,65794.67,65731.59,65775.75,0,0
2023-07-11 12:45:00+05:30,65777.77,65830.89,65750.01,65790.84,0,0
2023-07-11 13:15:00+05:30,65792.08,65816.4,65722.16,65727.15,0,0
2023-07-11 13:45:00+05:30,65727.31,65762.53,65680.17,65686.06,0,0
2023-07-11 14:15:00+05:30,65685.57,65688.15,65603.31,65604.23,0,0
2023-07-11 14:45:00+05:30,65604.96,65688.57,65537.11,65577.55,0,0
2023-07-11 15:15:00+05:30,65577.21,65667.34,65573.11,65646.79,0,0
2023-07-12 09:15:00+05:30,65759.28,65811.64,65589.94,65721.39,0,0
2023-07-12 09:45:00+05:30,65720.07,65781.33,65650.24,65718.72,0,0
2023-07-12 10:15:00+05:30,65717.44,65726.17,65568.56,65715.81,0,0
2023-07-12 10:45:00+05:30,65717.21,65747.12,65665.99,65672.48,0,0
2023-07-12 11:15:00+05:30,65671.76,65678.03,65530.31,65530.31,0,0
2023-07-12 11:45:00+05:30,65530.41,65553.84,65481.88,65543.59,0,0
2023-07-12 12:15:00+05:30,65543.59,65590.37,65489.54,65583.76,0,0
2023-07-12 12:45:00+05:30,65583.91,65668.99,65536.03,65663.58,0,0
2023-07-12 13:15:00+05:30,65662.87,65674.69,65591.59,65658.25,0,0
2023-07-12 13:45:00+05:30,65660.63,65697.58,65626.92,65626.92,0,0
2023-07-12 14:15:00+05:30,65629.25,65684.65,65586.77,65619.68,0,0
2023-07-12 14:45:00+05:30,65619.46,65661.54,65331.83,65361.32,0,0
2023-07-12 15:15:00+05:30,65362.28,65417.75,65320.25,65407.66,0,0
2023-07-13 09:15:00+05:30,65667.07,65875.13,65605.88,65875.13,0,0
2023-07-13 09:45:00+05:30,65876.07,66043.43,65874.69,66018.68,0,0
2023-07-13 10:15:00+05:30,66020.04,66049.45,65946.81,65993.26,0,0
2023-07-13 10:45:00+05:30,65990.02,66021.14,65938.03,65995.8,0,0
2023-07-13 11:15:00+05:30,65999.27,66052.11,65985.81,66013.96,0,0
2023-07-13 11:45:00+05:30,66014.42,66064.21,65977.36,65999.38,0,0
2023-07-13 12:15:00+05:30,65999.71,66019.95,65927.56,65957.68,0,0
2023-07-13 12:45:00+05:30,65957.68,66004.16,65930.97,65985.69,0,0
2023-07-13 13:15:00+05:30,65985.69,66003.19,65892.28,65895.5,0,0
2023-07-13 13:45:00+05:30,65895.5,65935.1,65675.4,65683.01,0,0
2023-07-13 14:15:00+05:30,65683.96,65787.2,65558.17,65569.21,0,0
2023-07-13 14:45:00+05:30,65569.75,65616.31,65452.15,65572.23,0,0
2023-07-13 15:15:00+05:30,65571.62,65669.31,65551.98,65645.27,0,0
2023-07-14 09:15:00+05:30,65804.74,65917.8,65681.61,65718.93,0,0
2023-07-14 09:45:00+05:30,65716.75,65745.15,65642.12,65676.48,0,0
2023-07-14 10:15:00+05:30,65676.23,65750.15,65610.82,65722.29,0,0
2023-07-14 10:45:00+05:30,65722.83,65766.2,65631.51,65741.99,0,0
2023-07-14 11:15:00+05:30,65742.2,65827.73,65702.24,65710.01,0,0
2023-07-14 11:45:00+05:30,65708.9,65785.89,65668.18,65783.67,0,0
2023-07-14 12:15:00+05:30,65783.18,65821.22,65727.91,65812.52,0,0
2023-07-14 12:45:00+05:30,65813.06,65852.96,65742.13,65843.63,0,0
2023-07-14 13:15:00+05:30,65843.63,65869.52,65719.74,65837.18,0,0
2023-07-14 13:45:00+05:30,65836.77,65911.68,65755.72,65879.64,0,0
2023-07-14 14:15:00+05:30,65876.41,65899.88,65785.77,65831.28,0,0
2023-07-14 14:45:00+05:30,65832.74,66081.45,65761.07,66081.45,0,0
2023-07-14 15:15:00+05:30,66082.7,66159.79,66054.62,66136.9,0,0
2023-07-17 09:15:00+05:30,66158.57,66189.5,66015.63,66094.55,0,0
2023-07-17 09:45:00+05:30,66102.25,66269.4,66095.1,66263.85,0,0
2023-07-17 10:15:00+05:30,66265.0,66310.96,66164.66,66219.95,0,0
2023-07-17 10:45:00+05:30,66219.85,66287.12,66200.37,66234.71,0,0
2023-07-17 11:15:00+05:30,66234.71,66253.85,66162.93,66223.18,0,0
2023-07-17 11:45:00+05:30,66221.99,66287.16,66193.07,66267.68,0,0
2023-07-17 12:15:00+05:30,66260.48,66362.4,66248.6,66262.22,0,0
2023-07-17 12:45:00+05:30,66261.27,66373.75,66249.98,66354.27,0,0
2023-07-17 13:15:00+05:30,66349.28,66414.24,66310.05,66402.14,0,0
2023-07-17 13:45:00+05:30,66390.52,66435.04,66350.2,66355.12,0,0
2023-07-17 14:15:00+05:30,66356.06,66443.06,66353.4,66429.24,0,0
2023-07-17 14:45:00+05:30,66429.71,66652.59,66381.86,66652.59,0,0
2023-07-17 15:15:00+05:30,66652.19,66656.21,66596.54,66619.06,0,0
2023-07-18 09:15:00+05:30,66877.64,66985.5,66696.07,66735.89,0,0
2023-07-18 09:45:00+05:30,66745.7,66846.36,66731.81,66788.44,0,0
2023-07-18 10:15:00+05:30,66788.4,66866.29,66771.8,66814.48,0,0
2023-07-18 10:45:00+05:30,66813.39,67007.02,66796.13,66968.67,0,0
2023-07-18 11:15:00+05:30,66968.67,66971.44,66602.09,66612.53,0,0
2023-07-18 11:45:00+05:30,66615.03,66708.62,66574.47,66618.66,0,0
2023-07-18 12:15:00+05:30,66622.48,66806.37,66581.37,66781.09,0,0
2023-07-18 12:45:00+05:30,66781.09,66827.9,66640.96,66674.65,0,0
2023-07-18 13:15:00+05:30,66675.6,66764.09,66642.8,66752.79,0,0
2023-07-18 13:45:00+05:30,66751.52,66894.77,66750.96,66834.43,0,0
2023-07-18 14:15:00+05:30,66834.43,66848.13,66697.99,66766.41,0,0
2023-07-18 14:45:00+05:30,66766.51,66833.49,66662.37,66766.62,0,0
2023-07-18 15:15:00+05:30,66763.9,66823.73,66752.53,66791.98,0,0
2023-07-19 09:15:00+05:30,66970.0,67088.73,66903.36,67000.66,0,0
2023-07-19 09:45:00+05:30,66995.51,67117.05,66991.66,67074.14,0,0
2023-07-19 10:15:00+05:30,67069.73,67074.11,66891.2,66906.48,0,0
2023-07-19 10:45:00+05:30,66906.26,66935.14,66789.28,66789.96,0,0
2023-07-19 11:15:00+05:30,66790.4,66837.83,66729.19,66797.86,0,0
2023-07-19 11:45:00+05:30,66797.42,66805.72,66703.61,66734.18,0,0
2023-07-19 12:15:00+05:30,66735.53,66897.85,66735.53,66885.13,0,0
2023-07-19 12:45:00+05:30,66885.87,66939.22,66869.04,66929.02,0,0
2023-07-19 13:15:00+05:30,66929.02,66966.67,66843.88,66918.45,0,0
2023-07-19 13:45:00+05:30,66919.07,66979.77,66886.43,66910.95,0,0
2023-07-19 14:15:00+05:30,66911.29,66931.01,66839.36,66890.25,0,0
2023-07-19 14:45:00+05:30,66890.12,67124.37,66852.48,67117.19,0,0
2023-07-19 15:15:00+05:30,67117.21,67171.38,67102.5,67148.83,0,0
2023-07-20 09:15:00+05:30,67074.34,67113.19,66925.82,66937.02,0,0
2023-07-20 09:45:00+05:30,66934.84,67031.98,66831.38,66923.1,0,0
2023-07-20 10:15:00+05:30,66924.72,67129.39,66897.9,67058.36,0,0
2023-07-20 10:45:00+05:30,67058.21,67094.33,67019.34,67066.25,0,0
2023-07-20 11:15:00+05:30,67065.31,67098.1,67001.08,67079.35,0,0
2023-07-20 11:45:00+05:30,67079.4,67183.5,67058.65,67144.89,0,0
2023-07-20 12:15:00+05:30,67145.27,67241.79,67122.47,67229.16,0,0
2023-07-20 12:45:00+05:30,67230.29,67286.22,67221.09,67279.18,0,0
2023-07-20 13:15:00+05:30,67277.99,67385.52,67254.04,67309.66,0,0
2023-07-20 13:45:00+05:30,67315.59,67458.67,67315.58,67434.87,0,0
2023-07-20 14:15:00+05:30,67435.17,67588.41,67434.41,67488.37,0,0
2023-07-20 14:45:00+05:30,67483.38,67619.17,67421.86,67603.8,0,0
2023-07-20 15:15:00+05:30,67599.69,67608.96,67518.77,67548.29,0,0
2023-07-21 09:15:00+05:30,66903.66,67190.52,66822.15,66973.82,0,0
2023-07-21 09:45:00+05:30,66970.27,67145.57,66950.3,67026.97,0,0
2023-07-21 10:15:00+05:30,67026.15,67026.53,66859.1,66893.03,0,0
2023-07-21 10:45:00+05:30,66893.31,66928.8,66804.31,66810.98,0,0
2023-07-21 11:15:00+05:30,66807.04,66889.22,66755.66,66877.66,0,0
2023-07-21 11:45:00+05:30,66877.2,66890.93,66733.51,66759.61,0,0
2023-07-21 12:15:00+05:30,66758.24,66775.46,66649.21,66712.78,0,0
2023-07-21 12:45:00+05:30,66713.56,66853.15,66707.05,66841.99,0,0
2023-07-21 13:15:00+05:30,66842.41,66971.0,66832.41,66891.78,0,0
2023-07-21 13:45:00+05:30,66891.55,66948.72,66763.72,66796.92,0,0
2023-07-21 14:15:00+05:30,66797.59,66833.47,66666.04,66679.04,0,0
2023-07-21 14:45:00+05:30,66678.96,66724.72,66533.74,66695.32,0,0
2023-07-21 15:15:00+05:30,66698.22,66830.8,66687.34,66825.23,0,0
2023-07-24 09:15:00+05:30,66689.37,66748.98,66532.31,66573.94,0,0
2023-07-24 09:45:00+05:30,66573.87,66697.42,66559.02,66691.39,0,0
2023-07-24 10:15:00+05:30,66690.17,66808.56,66687.65,66777.24,0,0
2023-07-24 10:45:00+05:30,66776.88,66779.81,66715.79,66726.46,0,0
2023-07-24 11:15:00+05:30,66727.36,66745.92,66536.91,66557.79,0,0
2023-07-24 11:45:00+05:30,66558.35,66560.55,66413.67,66531.6,0,0
2023-07-24 12:15:00+05:30,66534.87,66619.68,66526.04,66618.78,0,0
2023-07-24 12:45:00+05:30,66619.57,66741.94,66616.85,66702.73,0,0
2023-07-24 13:15:00+05:30,66702.73,66722.2,66633.48,66690.94,0,0
2023-07-24 13:45:00+05:30,66690.78,66738.7,66603.14,66664.18,0,0
2023-07-24 14:15:00+05:30,66659.53,66659.53,66485.44,66602.55,0,0
2023-07-24 14:45:00+05:30,66603.37,66616.74,66358.0,66381.26,0,0
2023-07-24 15:15:00+05:30,66387.8,66395.6,66326.25,66374.05,0,0
2023-07-25 09:15:00+05:30,66531.2,66559.29,66362.45,66408.39,0,0
2023-07-25 09:45:00+05:30,66412.49,66426.03,66327.66,66382.04,0,0
2023-07-25 10:15:00+05:30,66380.12,66398.48,66293.81,66384.71,0,0
2023-07-25 10:45:00+05:30,66383.83,66405.9,66292.37,66377.73,0,0
2023-07-25 11:15:00+05:30,66382.93,66384.28,66303.3,66311.24,0,0
2023-07-25 11:45:00+05:30,66312.3,66370.37,66276.93,66369.18,0,0
2023-07-25 12:15:00+05:30,66371.02,66482.8,66365.1,66408.47,0,0
2023-07-25 12:45:00+05:30,66407.68,66442.65,66347.8,66347.8,0,0
2023-07-25 13:15:00+05:30,66357.66,66361.22,66177.62,66298.46,0,0
2023-07-25 13:45:00+05:30,66295.45,66352.22,66253.19,66322.45,0,0
2023-07-25 14:15:00+05:30,66322.08,66475.71,66322.08,66436.05,0,0
2023-07-25 14:45:00+05:30,66438.01,66469.36,66315.51,66348.74,0,0
2023-07-25 15:15:00+05:30,66339.01,66374.39,66325.51,66366.17,0,0
2023-07-26 09:15:00+05:30,66514.32,66692.02,66431.34,66665.97,0,0
2023-07-26 09:45:00+05:30,66660.58,66877.74,66647.66,66866.2,0,0
2023-07-26 10:15:00+05:30,66864.86,66897.27,66812.89,66837.5,0,0
2023-07-26 10:45:00+05:30,66838.21,66860.34,66790.17,66824.41,0,0
2023-07-26 11:15:00+05:30,66824.09,66831.31,66771.02,66792.72,0,0
2023-07-26 11:45:00+05:30,66789.07,66861.96,66765.96,66838.02,0,0
2023-07-26 12:15:00+05:30,66838.01,66865.47,66792.5,66795.0,0,0
2023-07-26 12:45:00+05:30,66794.82,66838.73,66725.76,66771.1,0,0
2023-07-26 13:15:00+05:30,66772.17,66838.83,66769.54,66810.28,0,0
2023-07-26 13:45:00+05:30,66807.49,66818.47,66761.78,66777.36,0,0
2023-07-26 14:15:00+05:30,66777.93,66891.8,66729.34,66773.88,0,0
2023-07-26 14:45:00+05:30,66777.86,66777.86,66616.17,66737.79,0,0
2023-07-26 15:15:00+05:30,66737.26,66746.24,66678.98,66709.88,0,0
2023-07-27 09:15:00+05:30,66885.3,66984.17,66834.12,66935.59,0,0
2023-07-27 09:45:00+05:30,66934.42,66940.05,66723.48,66758.13,0,0
2023-07-27 10:15:00+05:30,66758.05,66805.98,66703.86,66731.95,0,0
2023-07-27 10:45:00+05:30,66731.48,66779.23,66650.77,66682.07,0,0
2023-07-27 11:15:00+05:30,66682.65,66682.65,66482.12,66522.24,0,0
2023-07-27 11:45:00+05:30,66524.08,66603.21,66460.86,66527.05,0,0
2023-07-27 12:15:00+05:30,66527.37,66563.9,66458.95,66497.06,0,0
2023-07-27 12:45:00+05:30,66497.06,66531.72,66394.96,66490.33,0,0
2023-07-27 13:15:00+05:30,66489.75,66543.26,66341.87,66383.59,0,0
2023-07-27 13:45:00+05:30,66384.87,66406.27,66318.33,66382.29,0,0
2023-07-27 14:15:00+05:30,66382.94,66406.32,66111.97,66162.17,0,0
2023-07-27 14:45:00+05:30,66160.93,66275.93,66060.74,66266.01,0,0
2023-07-27 15:15:00+05:30,66269.41,66421.37,66248.52,66409.4,0,0
2023-07-28 09:15:00+05:30,66276.1,66351.22,66020.0,66137.26,0,0
2023-07-28 09:45:00+05:30,66137.2,66252.05,66038.39,66073.87,0,0
2023-07-28 10:15:00+05:30,66073.88,66124.64,65991.9,66101.42,0,0
2023-07-28 10:45:00+05:30,66103.81,66139.01,66033.82,66035.54,0,0
2023-07-28 11:15:00+05:30,66036.22,66047.97,65943.07,65948.44,0,0
2023-07-28 11:45:00+05:30,65950.01,66011.79,65921.0,65933.67,0,0
2023-07-28 12:15:00+05:30,65935.84,66040.48,65894.62,66020.11,0,0
2023-07-28 12:45:00+05:30,66019.86,66037.53,65946.41,66029.31,0,0
2023-07-28 13:15:00+05:30,66029.03,66029.17,65881.96,65886.74,0,0
2023-07-28 13:45:00+05:30,65887.59,66007.48,65878.65,65996.06,0,0
2023-07-28 14:15:00+05:30,65996.43,66097.35,65925.98,65961.71,0,0
2023-07-28 14:45:00+05:30,65959.82,66220.07,65957.19,66178.15,0,0
2023-07-28 15:15:00+05:30,66174.59,66194.98,66110.63,66137.17,0,0
2023-07-31 09:15:00+05:30,66197.66,66262.94,65998.9,66168.58,0,0
2023-07-31 09:45:00+05:30,66166.75,66263.77,66142.72,66253.95,0,0
2023-07-31 10:15:00+05:30,66254.68,66321.79,66210.64,66301.83,0,0
2023-07-31 10:45:00+05:30,66300.99,66351.91,66280.02,66335.93,0,0
2023-07-31 11:15:00+05:30,66335.22,66419.31,66300.44,66375.32,0,0
2023-07-31 11:45:00+05:30,66376.35,66396.2,66311.02,66370.51,0,0
2023-07-31 12:15:00+05:30,66369.12,66376.38,66277.48,66301.83,0,0
2023-07-31 12:45:00+05:30,66298.92,66360.72,66269.82,66350.92,0,0
2023-07-31 13:15:00+05:30,66351.52,66415.56,66342.08,66389.51,0,0
2023-07-31 13:45:00+05:30,66391.04,66449.11,66351.61,66364.78,0,0
2023-07-31 14:15:00+05:30,66364.39,66450.55,66362.53,66441.15,0,0
2023-07-31 14:45:00+05:30,66437.48,66581.42,66368.67,66563.44,0,0
2023-07-31 15:15:00+05:30,66561.16,66598.42,66485.48,66508.61,0,0
2023-08-01 09:15:00+05:30,66568.66,66645.8,66530.99,66568.13,0,0
2023-08-01 09:45:00+05:30,66568.76,66658.12,66567.4,66627.09,0,0
2023-08-01 10:15:00+05:30,66627.41,66636.66,66455.05,66486.64,0,0
2023-08-01 10:45:00+05:30,66488.39,66519.49,66413.03,66466.01,0,0
2023-08-01 11:15:00+05:30,66466.53,66518.61,66451.51,66518.61,0,0
2023-08-01 11:45:00+05:30,66518.9,66529.89,66426.86,66451.85,0,0
2023-08-01 12:15:00+05:30,66451.9,66473.59,66397.07,66408.32,0,0
2023-08-01 12:45:00+05:30,66408.32,66491.22,66388.26,66489.49,0,0
2023-08-01 13:15:00+05:30,66490.1,66588.22,66481.06,66530.68,0,0
2023-08-01 13:45:00+05:30,66529.46,66579.36,66463.06,66470.5,0,0
2023-08-01 14:15:00+05:30,66469.59,66569.0,66467.45,66549.82,0,0
2023-08-01 14:45:00+05:30,66555.99,66557.39,66417.1,66473.71,0,0
2023-08-01 15:15:00+05:30,66479.27,66493.73,66444.1,66487.3,0,0
2023-08-02 09:15:00+05:30,66064.41,66261.97,66064.41,66080.22,0,0
2023-08-02 09:45:00+05:30,66078.73,66146.76,66048.59,66056.12,0,0
2023-08-02 10:15:00+05:30,66057.74,66079.47,65914.93,65946.88,0,0
2023-08-02 10:45:00+05:30,65945.34,65962.96,65759.1,65865.33,0,0
2023-08-02 11:15:00+05:30,65866.61,65870.85,65751.53,65810.11,0,0
2023-08-02 11:45:00+05:30,65810.19,65845.16,65765.14,65826.59,0,0
2023-08-02 12:15:00+05:30,65825.96,65875.66,65794.91,65863.03,0,0
2023-08-02 12:45:00+05:30,65862.99,65877.35,65719.63,65729.51,0,0
2023-08-02 13:15:00+05:30,65729.51,65731.59,65489.95,65491.79,0,0
2023-08-02 13:45:00+05:30,65491.27,65563.83,65431.68,65449.27,0,0
2023-08-02 14:15:00+05:30,65446.43,65589.42,65435.18,65565.09,0,0
2023-08-02 14:45:00+05:30,65571.32,65838.17,65536.6,65823.74,0,0
2023-08-02 15:15:00+05:30,65822.87,65854.48,65758.13,65758.13,0,0
2023-08-03 09:15:00+05:30,65543.94,65798.34,65484.56,65674.29,0,0
2023-08-03 09:45:00+05:30,65675.81,65820.82,65594.34,65619.13,0,0
2023-08-03 10:15:00+05:30,65620.3,65669.47,65550.98,65590.56,0,0
2023-08-03 10:45:00+05:30,65594.88,65717.6,65563.07,65659.6,0,0
2023-08-03 11:15:00+05:30,65659.8,65682.5,65615.62,65669.55,0,0
2023-08-03 11:45:00+05:30,65669.48,65678.66,65519.63,65522.24,0,0
2023-08-03 12:15:00+05:30,65523.01,65528.22,65327.11,65328.6,0,0
2023-08-03 12:45:00+05:30,65328.22,65328.22,65142.54,65179.11,0,0
2023-08-03 13:15:00+05:30,65181.38,65205.93,65080.93,65084.5,0,0
2023-08-03 13:45:00+05:30,65078.85,65131.44,64964.5,65002.55,0,0
2023-08-03 14:15:00+05:30,65006.99,65153.38,64986.01,65029.92,0,0
2023-08-03 14:45:00+05:30,65030.59,65267.0,64993.1,65267.0,0,0
2023-08-03 15:15:00+05:30,65266.17,65326.78,65245.37,65274.51,0,0
2023-08-04 09:15:00+05:30,65500.52,65588.53,65414.74,65416.0,0,0
2023-08-04 09:45:00+05:30,65415.52,65564.42,65390.04,65551.68,0,0
2023-08-04 10:15:00+05:30,65553.96,65594.67,65422.15,65528.5,0,0
2023-08-04 10:45:00+05:30,65529.13,65606.53,65445.74,65545.4,0,0
2023-08-04 11:15:00+05:30,65541.04,65744.16,65541.04,65690.27,0,0
2023-08-04 11:45:00+05:30,65687.76,65768.91,65646.95,65739.92,0,0
2023-08-04 12:15:00+05:30,65741.6,65787.86,65618.51,65720.11,0,0
2023-08-04 12:45:00+05:30,65716.24,65752.1,65666.46,65699.39,0,0
2023-08-04 13:15:00+05:30,65699.57,65735.3,65538.08,65632.37,0,0
2023-08-04 13:45:00+05:30,65632.11,65648.02,65481.68,65590.36,0,0
2023-08-04 14:15:00+05:30,65591.5,65697.77,65520.71,65654.27,0,0
2023-08-04 14:45:00+05:30,65651.95,65773.51,65609.16,65766.81,0,0
2023-08-04 15:15:00+05:30,65767.84,65799.27,65672.02,65693.37,0,0
2023-08-07 09:15:00+05:30,65847.45,65931.68,65749.62,65865.54,0,0
2023-08-07 09:45:00+05:30,65862.09,65900.43,65805.37,65893.28,0,0
2023-08-07 10:15:00+05:30,65896.42,65961.16,65874.4,65918.04,0,0
2023-08-07 10:45:00+05:30,65917.67,65919.92,65771.71,65786.76,0,0
2023-08-07 11:15:00+05:30,65787.34,65858.64,65767.78,65820.64,0,0
2023-08-07 11:45:00+05:30,65821.35,65835.23,65772.6,65776.45,0,0
2023-08-07 12:15:00+05:30,65775.63,65915.94,65771.82,65903.69,0,0
2023-08-07 12:45:00+05:30,65903.78,65977.94,65894.52,65941.64,0,0
2023-08-07 13:15:00+05:30,65941.64,66067.9,65920.44,66048.33,0,0
2023-08-07 13:45:00+05:30,66048.12,66048.12,65903.95,65934.22,0,0
2023-08-07 14:15:00+05:30,65935.04,66001.82,65899.87,65971.9,0,0
2023-08-07 14:45:00+05:30,65959.77,66013.39,65915.54,65971.9,0,0
2023-08-07 15:15:00+05:30,65970.98,65998.98,65930.21,65962.15,0,0
2023-08-08 09:15:00+05:30,66035.57,66057.53,65882.44,65920.8,0,0
2023-08-08 09:45:00+05:30,65921.74,65961.94,65856.54,65908.36,0,0
2023-08-08 10:15:00+05:30,65908.36,66000.88,65904.73,65956.7,0,0
2023-08-08 10:45:00+05:30,65956.78,65966.5,65834.04,65843.79,0,0
2023-08-08 11:15:00+05:30,65845.33,65845.33,65754.16,65812.58,0,0
2023-08-08 11:45:00+05:30,65812.58,65879.89,65796.08,65877.53,0,0
2023-08-08 12:15:00+05:30,65877.73,65889.21,65828.54,65853.81,0,0
2023-08-08 12:45:00+05:30,65855.34,65885.96,65817.83,65885.96,0,0
2023-08-08 13:15:00+05:30,65884.03,65918.59,65861.01,65870.02,0,0
2023-08-08 13:45:00+05:30,65871.18,65897.47,65854.57,65877.24,0,0
2023-08-08 14:15:00+05:30,65883.23,65935.42,65848.43,65848.43,0,0
2023-08-08 14:45:00+05:30,65845.96,65895.34,65773.19,65845.97,0,0
2023-08-08 15:15:00+05:30,65844.0,65881.84,65811.81,65841.89,0,0
2023-08-09 09:15:00+05:30,65794.34,65810.96,65557.36,65575.72,0,0
2023-08-09 09:45:00+05:30,65576.85,65615.79,65536.21,65594.83,0,0
2023-08-09 10:15:00+05:30,65594.89,65594.89,65444.38,65536.86,0,0
2023-08-09 10:45:00+05:30,65536.56,65567.79,65449.38,65495.79,0,0
2023-08-09 11:15:00+05:30,65499.12,65539.95,65477.41,65529.6,0,0
2023-08-09 11:45:00+05:30,65529.29,65543.58,65488.55,65522.48,0,0
2023-08-09 12:15:00+05:30,65521.19,65580.06,65485.27,65523.98,0,0
2023-08-09 12:45:00+05:30,65525.91,65598.17,65520.4,65571.84,0,0
2023-08-09 13:15:00+05:30,65572.07,65592.79,65512.11,65587.91,0,0
2023-08-09 13:45:00+05:30,65587.94,65657.24,65577.25,65649.18,0,0
2023-08-09 14:15:00+05:30,65650.22,65812.78,65615.1,65800.77,0,0
2023-08-09 14:45:00+05:30,65800.13,66035.95,65772.83,66034.78,0,0
2023-08-09 15:15:00+05:30,66030.93,66066.01,65953.09,65994.53,0,0
2023-08-10 09:15:00+05:30,65945.39,65945.39,65758.97,65835.23,0,0
2023-08-10 09:45:00+05:30,65834.86,65953.48,65777.57,65946.39,0,0
2023-08-10 10:15:00+05:30,65946.37,65956.25,65509.16,65550.23,0,0
2023-08-10 10:45:00+05:30,65549.55,65720.18,65538.45,65641.29,0,0
2023-08-10 11:15:00+05:30,65643.91,65682.07,65620.97,65675.19,0,0
2023-08-10 11:45:00+05:30,65676.71,65820.55,65660.1,65695.79,0,0
2023-08-10 12:15:00+05:30,65695.79,65750.75,65670.03,65746.94,0,0
2023-08-10 12:45:00+05:30,65746.94,65831.01,65723.1,65823.95,0,0
2023-08-10 13:15:00+05:30,65821.78,65868.52,65657.26,65693.53,0,0
2023-08-10 13:45:00+05:30,65693.53,65726.99,65559.89,65705.47,0,0
2023-08-10 14:15:00+05:30,65702.41,65754.57,65660.02,65687.37,0,0
2023-08-10 14:45:00+05:30,65687.36,65715.97,65609.42,65695.02,0,0
2023-08-10 15:15:00+05:30,65695.72,65745.29,65653.37,65707.42,0,0
2023-08-11 09:15:00+05:30,65727.8,65727.8,65437.4,65482.23,0,0
2023-08-11 09:45:00+05:30,65481.85,65487.87,65392.02,65414.84,0,0
2023-08-11 10:15:00+05:30,65416.48,65474.25,65399.44,65449.71,0,0
2023-08-11 10:45:00+05:30,65449.51,65477.28,65358.11,65426.55,0,0
2023-08-11 11:15:00+05:30,65426.62,65464.38,65341.89,65359.97,0,0
2023-08-11 11:45:00+05:30,65363.07,65407.37,65332.23,65380.6,0,0
2023-08-11 12:15:00+05:30,65380.6,65412.63,65366.7,65404.39,0,0
2023-08-11 12:45:00+05:30,65404.39,65519.98,65331.44,65493.91,0,0
2023-08-11 13:15:00+05:30,65497.71,65536.58,65424.12,65445.35,0,0
2023-08-11 13:45:00+05:30,65445.56,65522.54,65443.4,65467.71,0,0
2023-08-11 14:15:00+05:30,65467.71,65521.17,65390.5,65410.33,0,0
2023-08-11 14:45:00+05:30,65410.63,65465.01,65274.61,65296.8,0,0
2023-08-11 15:15:00+05:30,65294.41,65362.32,65285.18,65307.93,0,0
2023-08-14 09:15:00+05:30,65153.02,65187.57,64823.72,64976.64,0,0
2023-08-14 09:45:00+05:30,64977.52,65044.17,64953.02,65027.84,0,0
2023-08-14 10:15:00+05:30,65026.76,65035.3,64966.01,64998.77,0,0
2023-08-14 10:45:00+05:30,64998.89,65034.07,64969.82,65006.74,0,0
2023-08-14 11:15:00+05:30,65006.91,65139.33,65005.65,65125.99,0,0
2023-08-14 11:45:00+05:30,65128.89,65217.98,65083.61,65213.43,0,0
2023-08-14 12:15:00+05:30,65212.97,65236.24,65159.28,65166.84,0,0
2023-08-14 12:45:00+05:30,65166.76,65176.37,65097.42,65154.46,0,0
2023-08-14 13:15:00+05:30,65153.1,65262.63,65119.38,65241.41,0,0
2023-08-14 13:45:00+05:30,65238.9,65406.05,65235.91,65391.95,0,0
2023-08-14 14:15:00+05:30,65391.95,65416.09,65320.39,65407.29,0,0
2023-08-14 14:45:00+05:30,65408.01,65517.61,65396.46,65409.96,0,0
2023-08-14 15:15:00+05:30,65404.54,65432.37,65323.86,65346.43,0,0
2023-08-16 09:15:00+05:30,65199.6,65308.42,65035.5,65232.89,0,0
2023-08-16 09:45:00+05:30,65237.17,65279.21,65209.05,65274.95,0,0
2023-08-16 10:15:00+05:30,65275.17,65359.05,65264.74,65349.13,0,0
2023-08-16 10:45:00+05:30,65349.55,65370.95,65254.02,65269.76,0,0
2023-08-16 11:15:00+05:30,65274.49,65315.78,65199.39,65206.41,0,0
2023-08-16 11:45:00+05:30,65206.18,65294.53,65193.98,65281.83,0,0
2023-08-16 12:15:00+05:30,65278.97,65360.46,65247.92,65354.98,0,0
2023-08-16 12:45:00+05:30,65355.56,65426.14,65319.71,65420.94,0,0
2023-08-16 13:15:00+05:30,65422.49,65464.94,65386.57,65405.92,0,0
2023-08-16 13:45:00+05:30,65405.92,65441.54,65370.97,65406.58,0,0
2023-08-16 14:15:00+05:30,65406.58,65477.79,65406.58,65456.46,0,0
2023-08-16 14:45:00+05:30,65456.46,65605.74,65379.96,65556.31,0,0
2023-08-16 15:15:00+05:30,65554.95,65583.04,65469.47,65469.47,0,0
2023-08-17 09:15:00+05:30,65520.25,65535.14,65295.03,65349.18,0,0
2023-08-17 09:45:00+05:30,65349.22,65366.38,65258.2,65323.72,0,0
2023-08-17 10:15:00+05:30,65324.53,65376.43,65280.78,65334.93,0,0
2023-08-17 10:45:00+05:30,65333.75,65379.88,65309.84,65340.19,0,0
2023-08-17 11:15:00+05:30,65337.23,65337.93,65180.38,65235.35,0,0
2023-08-17 11:45:00+05:30,65235.57,65253.41,65133.89,65173.8,0,0
2023-08-17 12:15:00+05:30,65173.25,65193.71,65107.69,65109.41,0,0
2023-08-17 12:45:00+05:30,65109.41,65140.87,65046.1,65070.03,0,0
2023-08-17 13:15:00+05:30,65069.74,65167.57,65062.79,65164.96,0,0
2023-08-17 13:45:00+05:30,65164.41,65205.03,65132.68,65185.22,0,0
2023-08-17 14:15:00+05:30,65184.26,65233.93,65121.12,65203.3,0,0
2023-08-17 14:45:00+05:30,65206.99,65250.67,65148.44,65153.01,0,0
2023-08-17 15:15:00+05:30,65152.64,65172.88,65086.66,65107.48,0,0
2023-08-18 09:15:00+05:30,64983.13,65042.68,64854.42,64882.13,0,0
2023-08-18 09:45:00+05:30,64881.51,64921.2,64799.96,64832.4,0,0
2023-08-18 10:15:00+05:30,64832.4,64896.67,64816.92,64824.87,0,0
2023-08-18 10:45:00+05:30,64825.25,64868.09,64786.59,64867.12,0,0
2023-08-18 11:15:00+05:30,64867.79,64924.16,64839.3,64914.71,0,0
2023-08-18 11:45:00+05:30,64915.25,64936.63,64888.21,64918.76,0,0
2023-08-18 12:15:00+05:30,64919.92,64925.59,64853.8,64898.77,0,0
2023-08-18 12:45:00+05:30,64898.65,64915.39,64807.26,64813.25,0,0
2023-08-18 13:15:00+05:30,64813.25,64856.3,64754.85,64780.21,0,0
2023-08-18 13:45:00+05:30,64776.29,65113.22,64774.87,65102.08,0,0
2023-08-18 14:15:00+05:30,65101.76,65175.32,65018.07,65070.07,0,0
2023-08-18 14:45:00+05:30,65070.67,65115.3,64937.64,64983.42,0,0
2023-08-18 15:15:00+05:30,64987.04,64987.04,64841.15,64869.92,0,0
2023-08-21 09:15:00+05:30,64927.79,65126.64,64852.7,65121.53,0,0
2023-08-21 09:45:00+05:30,65123.05,65137.06,64921.19,64932.9,0,0
2023-08-21 10:15:00+05:30,64933.46,65108.55,64933.46,65077.04,0,0
2023-08-21 10:45:00+05:30,65073.25,65204.29,65062.01,65179.76,0,0
2023-08-21 11:15:00+05:30,65179.76,65194.85,65122.99,65167.42,0,0
2023-08-21 11:45:00+05:30,65169.64,65218.36,65166.34,65166.34,0,0
2023-08-21 12:15:00+05:30,65166.19,65262.79,65157.28,65236.86,0,0
2023-08-21 12:45:00+05:30,65236.75,65287.33,65207.35,65270.49,0,0
2023-08-21 13:15:00+05:30,65271.07,65298.93,65217.26,65251.63,0,0
2023-08-21 13:45:00+05:30,65250.98,65314.95,65211.39,65228.44,0,0
2023-08-21 14:15:00+05:30,65228.44,65266.13,65212.79,65252.99,0,0
2023-08-21 14:45:00+05:30,65249.83,65335.82,65223.74,65229.55,0,0
2023-08-21 15:15:00+05:30,65233.7,65240.03,65171.47,65184.78,0,0
2023-08-22 09:15:00+05:30,65272.92,65354.78,65171.82,65347.16,0,0
2023-08-22 09:45:00+05:30,65348.82,65362.91,65165.65,65226.21,0,0
2023-08-22 10:15:00+05:30,65226.21,65308.88,65225.89,65282.57,0,0
2023-08-22 10:45:00+05:30,65282.36,65297.55,65238.04,65268.65,0,0
2023-08-22 11:15:00+05:30,65270.4,65317.75,65261.89,65315.77,0,0
2023-08-22 11:45:00+05:30,65316.82,65361.81,65295.01,65335.65,0,0
2023-08-22 12:15:00+05:30,65335.65,65341.5,65293.82,65314.43,0,0
2023-08-22 12:45:00+05:30,65314.43,65349.98,65277.45,65317.61,0,0
2023-08-22 13:15:00+05:30,65315.72,65329.04,65284.18,65298.75,0,0
2023-08-22 13:45:00+05:30,65298.35,65298.35,65232.06,65278.66,0,0
2023-08-22 14:15:00+05:30,65280.84,65288.44,65211.18,65238.02,0,0
2023-08-22 14:45:00+05:30,65239.53,65278.94,65186.08,65211.17,0,0
2023-08-22 15:15:00+05:30,65211.17,65260.68,65179.65,65199.23,0,0
2023-08-23 09:15:00+05:30,65338.55,65436.1,65174.56,65241.64,0,0
2023-08-23 09:45:00+05:30,65241.14,65254.37,65108.51,65168.74,0,0
2023-08-23 10:15:00+05:30,65170.23,65198.01,65111.02,65169.53,0,0
2023-08-23 10:45:00+05:30,65169.53,65265.97,65152.93,65250.2,0,0
2023-08-23 11:15:00+05:30,65250.92,65325.42,65237.42,65316.04,0,0
2023-08-23 11:45:00+05:30,65316.04,65328.85,65280.87,65305.44,0,0
2023-08-23 12:15:00+05:30,65305.44,65440.54,65285.76,65400.93,0,0
2023-08-23 12:45:00+05:30,65400.62,65458.2,65385.83,65391.42,0,0
2023-08-23 13:15:00+05:30,65390.79,65459.52,65381.66,65439.03,0,0
2023-08-23 13:45:00+05:30,65440.49,65504.71,65414.72,65462.73,0,0
2023-08-23 14:15:00+05:30,65461.95,65479.71,65424.31,65468.29,0,0
2023-08-23 14:45:00+05:30,65468.29,65501.89,65414.49,65442.79,0,0
2023-08-23 15:15:00+05:30,65443.43,65456.35,65410.06,65413.13,0,0
2023-08-24 09:15:00+05:30,65738.81,65855.42,65647.42,65855.3,0,0
2023-08-24 09:45:00+05:30,65856.78,65913.77,65784.01,65835.23,0,0
2023-08-24 10:15:00+05:30,65838.77,65856.92,65670.98,65700.28,0,0
2023-08-24 10:45:00+05:30,65699.89,65724.19,65554.26,65575.04,0,0
2023-08-24 11:15:00+05:30,65571.57,65589.37,65506.96,65585.3,0,0
2023-08-24 11:45:00+05:30,65585.3,65592.48,65430.89,65480.97,0,0
2023-08-24 12:15:00+05:30,65480.97,65528.09,65418.6,65512.26,0,0
2023-08-24 12:45:00+05:30,65513.69,65526.65,65382.06,65400.27,0,0
2023-08-24 13:15:00+05:30,65399.28,65417.89,65329.07,65363.27,0,0
2023-08-24 13:45:00+05:30,65363.83,65438.28,65344.86,65427.38,0,0
2023-08-24 14:15:00+05:30,65428.25,65431.6,65313.3,65373.99,0,0
2023-08-24 14:45:00+05:30,65373.73,65373.73,65259.51,65303.77,0,0
2023-08-24 15:15:00+05:30,65301.67,65305.01,65183.12,65235.75,0,0
2023-08-25 09:15:00+05:30,64967.33,65079.02,64804.15,65020.86,0,0
2023-08-25 09:45:00+05:30,65027.46,65106.0,64930.75,64974.81,0,0
2023-08-25 10:15:00+05:30,64974.81,64984.85,64735.82,64819.41,0,0
2023-08-25 10:45:00+05:30,64818.62,64897.46,64758.67,64856.62,0,0
2023-08-25 11:15:00+05:30,64848.21,65041.51,64802.73,65038.49,0,0
2023-08-25 11:45:00+05:30,65040.08,65075.58,64938.2,64940.73,0,0
2023-08-25 12:15:00+05:30,64940.5,65041.83,64914.28,64978.24,0,0
2023-08-25 12:45:00+05:30,64978.16,65002.49,64919.73,64997.2,0,0
2023-08-25 13:15:00+05:30,64997.62,65044.58,64935.3,64994.5,0,0
2023-08-25 13:45:00+05:30,64994.44,65016.93,64894.15,64899.18,0,0
2023-08-25 14:15:00+05:30,64900.74,64954.13,64819.78,64856.76,0,0
2023-08-25 14:45:00+05:30,64859.27,65007.51,64822.36,64875.16,0,0
2023-08-25 15:15:00+05:30,64882.42,64894.47,64769.0,64795.92,0,0
2023-08-28 09:15:00+05:30,64908.08,65064.14,64816.58,64967.67,0,0
2023-08-28 09:45:00+05:30,64966.53,65014.25,64877.52,64936.31,0,0
2023-08-28 10:15:00+05:30,64937.01,65058.19,64927.98,65016.87,0,0
2023-08-28 10:45:00+05:30,65016.87,65053.86,64998.49,65040.88,0,0
2023-08-28 11:15:00+05:30,65041.21,65083.9,65027.95,65050.01,0,0
2023-08-28 11:45:00+05:30,65056.34,65064.71,65000.53,65042.2,0,0
2023-08-28 12:15:00+05:30,65042.35,65142.69,65028.97,65121.45,0,0
2023-08-28 12:45:00+05:30,65119.96,65141.53,65097.4,65100.89,0,0
2023-08-28 13:15:00+05:30,65100.05,65180.89,65093.32,65164.76,0,0
2023-08-28 13:45:00+05:30,65165.47,65213.45,65068.85,65101.63,0,0
2023-08-28 14:15:00+05:30,65100.94,65122.16,65022.75,65048.75,0,0
2023-08-28 14:45:00+05:30,65049.1,65110.97,64969.88,64984.59,0,0
2023-08-28 15:15:00+05:30,64989.9,65019.4,64932.92,64958.29,0,0
2023-08-29 09:15:00+05:30,65229.03,65229.03,65033.84,65127.69,0,0
2023-08-29 09:45:00+05:30,65128.22,65152.47,65057.57,65096.84,0,0
2023-08-29 10:15:00+05:30,65095.4,65099.37,64995.51,65073.36,0,0
2023-08-29 10:45:00+05:30,65075.15,65103.3,65028.38,65028.97,0,0
2023-08-29 11:15:00+05:30,65028.43,65075.6,65015.0,65075.6,0,0
2023-08-29 11:45:00+05:30,65074.37,65101.47,65024.36,65091.18,0,0
2023-08-29 12:15:00+05:30,65091.54,65124.05,65039.47,65072.31,0,0
2023-08-29 12:45:00+05:30,65072.62,65144.52,65056.33,65111.34,0,0
2023-08-29 13:15:00+05:30,65111.34,65142.68,65076.67,65130.43,0,0
2023-08-29 13:45:00+05:30,65131.13,65135.9,65033.57,65036.42,0,0
2023-08-29 14:15:00+05:30,65036.58,65043.38,64965.69,64998.87,0,0
2023-08-29 14:45:00+05:30,64998.99,65082.51,64956.67,65071.33,0,0
2023-08-29 15:15:00+05:30,65071.2,65127.64,65051.68,65106.59,0,0
2023-08-30 09:15:00+05:30,65311.58,65431.54,65304.03,65365.04,0,0
2023-08-30 09:45:00+05:30,65365.48,65438.71,65351.14,65433.76,0,0
2023-08-30 10:15:00+05:30,65433.66,65441.15,65391.35,65434.62,0,0
2023-08-30 10:45:00+05:30,65435.33,65452.88,65405.18,65449.32,0,0
2023-08-30 11:15:00+05:30,65449.32,65458.7,65407.73,65426.28,0,0
2023-08-30 11:45:00+05:30,65423.27,65434.69,65404.82,65426.12,0,0
2023-08-30 12:15:00+05:30,65426.16,65433.02,65388.32,65402.25,0,0
2023-08-30 12:45:00+05:30,65396.27,65425.83,65363.27,65419.69,0,0
2023-08-30 13:15:00+05:30,65419.69,65420.71,65372.43,65372.43,0,0
2023-08-30 13:45:00+05:30,65371.74,65397.68,65307.77,65311.42,0,0
2023-08-30 14:15:00+05:30,65312.24,65325.32,65226.55,65239.71,0,0
2023-08-30 14:45:00+05:30,65239.71,65258.01,65055.15,65093.66,0,0
2023-08-30 15:15:00+05:30,65092.68,65118.38,65053.28,65084.25,0,0
2023-08-31 09:15:00+05:30,65192.71,65256.16,65012.49,65203.68,0,0
2023-08-31 09:45:00+05:30,65207.64,65277.04,65111.22,65146.83,0,0
2023-08-31 10:15:00+05:30,65145.95,65195.42,65026.04,65055.83,0,0
2023-08-31 10:45:00+05:30,65055.56,65077.17,64988.77,65029.2,0,0
2023-08-31 11:15:00+05:30,65030.44,65105.69,65020.41,65076.4,0,0
2023-08-31 11:45:00+05:30,65077.58,65087.45,64983.73,65001.28,0,0
2023-08-31 12:15:00+05:30,65001.2,65019.86,64963.1,65018.79,0,0
2023-08-31 12:45:00+05:30,65018.37,65039.84,64911.57,64912.87,0,0
2023-08-31 13:15:00+05:30,64911.91,65062.21,64891.8,65050.37,0,0
2023-08-31 13:45:00+05:30,65047.66,65053.77,64929.69,64934.44,0,0
2023-08-31 14:15:00+05:30,64934.77,64938.77,64857.08,64863.45,0,0
2023-08-31 14:45:00+05:30,64866.64,64948.87,64768.23,64911.79,0,0
2023-08-31 15:15:00+05:30,64910.73,64957.04,64726.88,64945.92,0,0
2023-09-01 09:15:00+05:30,64860.2,64995.57,64818.37,64988.1,0,0
2023-09-01 09:45:00+05:30,64987.86,65053.17,64889.43,64940.2,0,0
2023-09-01 10:15:00+05:30,64932.29,65062.59,64928.97,64954.2,0,0
2023-09-01 10:45:00+05:30,64955.28,65082.42,64933.81,65012.46,0,0
2023-09-01 11:15:00+05:30,65013.08,65074.88,65001.24,65022.69,0,0
2023-09-01 11:45:00+05:30,65022.48,65072.55,65011.7,65020.75,0,0
2023-09-01 12:15:00+05:30,65021.2,65182.12,64994.46,65157.03,0,0
2023-09-01 12:45:00+05:30,65156.9,65265.98,65156.9,65234.3,0,0
2023-09-01 13:15:00+05:30,65237.49,65281.89,65185.03,65269.01,0,0
2023-09-01 13:45:00+05:30,65268.8,65419.67,65257.88,65383.59,0,0
2023-09-01 14:15:00+05:30,65382.8,65473.27,65331.16,65401.09,0,0
2023-09-01 14:45:00+05:30,65401.46,65449.35,65327.3,65364.64,0,0
2023-09-01 15:15:00+05:30,65365.04,65429.27,65322.17,65351.46,0,0
2023-09-04 09:15:00+05:30,65602.4,65630.85,65448.83,65452.08,0,0
2023-09-04 09:45:00+05:30,65455.48,65538.64,65376.52,65392.56,0,0
2023-09-04 10:15:00+05:30,65397.12,65420.98,65292.82,65329.32,0,0
2023-09-04 10:45:00+05:30,65325.24,65417.82,65285.56,65416.44,0,0
2023-09-04 11:15:00+05:30,65418.78,65449.23,65391.33,65440.69,0,0
2023-09-04 11:45:00+05:30,65440.82,65504.61,65434.64,65496.87,0,0
2023-09-04 12:15:00+05:30,65496.87,65581.49,65496.85,65544.01,0,0
2023-09-04 12:45:00+05:30,65545.81,65603.82,65511.51,65586.32,0,0
2023-09-04 13:15:00+05:30,65586.37,65603.48,65538.09,65578.38,0,0
2023-09-04 13:45:00+05:30,65577.49,65597.33,65520.59,65571.8,0,0
2023-09-04 14:15:00+05:30,65570.88,65650.7,65537.6,65649.84,0,0
2023-09-04 14:45:00+05:30,65648.34,65668.34,65594.19,65637.66,0,0
2023-09-04 15:15:00+05:30,65640.21,65683.91,65610.39,65660.5,0,0
2023-09-05 09:15:00+05:30,65680.75,65756.44,65619.34,65750.65,0,0
2023-09-05 09:45:00+05:30,65749.77,65806.0,65740.56,65791.47,0,0
2023-09-05 10:15:00+05:30,65790.37,65801.47,65689.62,65774.52,0,0
2023-09-05 10:45:00+05:30,65774.19,65795.19,65707.11,65780.62,0,0
2023-09-05 11:15:00+05:30,65780.62,65806.67,65756.99,65771.63,0,0
2023-09-05 11:45:00+05:30,65771.35,65809.51,65720.16,65736.43,0,0
2023-09-05 12:15:00+05:30,65738.66,65760.99,65651.72,65662.22,0,0
2023-09-05 12:45:00+05:30,65656.88,65715.01,65636.03,65712.77,0,0
2023-09-05 13:15:00+05:30,65712.25,65736.33,65601.47,65674.81,0,0
2023-09-05 13:45:00+05:30,65674.76,65722.46,65650.18,65691.13,0,0
2023-09-05 14:15:00+05:30,65691.13,65741.4,65669.77,65721.91,0,0
2023-09-05 14:45:00+05:30,65721.91,65795.38,65719.07,65791.4,0,0
2023-09-05 15:15:00+05:30,65792.05,65831.7,65767.91,65800.8,0,0
2023-09-06 09:15:00+05:30,65814.15,65870.7,65737.45,65849.39,0,0
2023-09-06 09:45:00+05:30,65847.32,65854.26,65707.41,65752.96,0,0
2023-09-06 10:15:00+05:30,65755.12,65815.32,65736.89,65777.68,0,0
2023-09-06 10:45:00+05:30,65779.59,65815.12,65713.89,65747.18,0,0
2023-09-06 11:15:00+05:30,65747.18,65758.18,65670.4,65681.4,0,0
2023-09-06 11:45:00+05:30,65681.62,65710.35,65640.78,65703.92,0,0
2023-09-06 12:15:00+05:30,65703.77,65712.91,65557.91,65560.51,0,0
2023-09-06 12:45:00+05:30,65556.24,65578.01,65530.04,65552.45,0,0
2023-09-06 13:15:00+05:30,65555.16,65583.27,65488.18,65564.23,0,0
2023-09-06 13:45:00+05:30,65564.12,65588.41,65528.89,65549.53,0,0
2023-09-06 14:15:00+05:30,65549.53,65686.06,65540.56,65686.06,0,0
2023-09-06 14:45:00+05:30,65686.22,65935.45,65612.57,65881.11,0,0
2023-09-06 15:15:00+05:30,65898.86,65971.13,65882.78,65904.32,0,0
2023-09-07 09:15:00+05:30,65854.25,65858.42,65672.44,65717.83,0,0
2023-09-07 09:45:00+05:30,65717.57,65839.86,65713.1,65810.33,0,0
2023-09-07 10:15:00+05:30,65809.86,65873.25,65775.31,65867.74,0,0
2023-09-07 10:45:00+05:30,65872.45,65987.35,65864.07,65980.0,0,0
2023-09-07 11:15:00+05:30,65985.2,65991.01,65817.26,65845.55,0,0
2023-09-07 11:45:00+05:30,65845.16,65905.49,65823.27,65875.09,0,0
2023-09-07 12:15:00+05:30,65875.09,65899.8,65826.62,65879.65,0,0
2023-09-07 12:45:00+05:30,65884.05,65942.36,65860.69,65901.86,0,0
2023-09-07 13:15:00+05:30,65900.32,66011.53,65891.2,66007.8,0,0
2023-09-07 13:45:00+05:30,66011.17,66092.28,65975.93,66082.99,0,0
2023-09-07 14:15:00+05:30,66082.26,66295.65,66074.8,66272.85,0,0
2023-09-07 14:45:00+05:30,66273.1,66296.9,66221.58,66226.22,0,0
2023-09-07 15:15:00+05:30,66226.4,66294.56,66218.26,66249.59,0,0
2023-09-08 09:15:00+05:30,66400.2,66518.79,66321.37,66462.82,0,0
2023-09-08 09:45:00+05:30,66468.82,66497.09,66426.64,66472.1,0,0
2023-09-08 10:15:00+05:30,66471.29,66476.79,66299.46,66337.8,0,0
2023-09-08 10:45:00+05:30,66336.94,66429.04,66335.08,66356.92,0,0
2023-09-08 11:15:00+05:30,66356.01,66612.19,66335.42,66553.4,0,0
2023-09-08 11:45:00+05:30,66548.24,66606.93,66516.26,66597.57,0,0
2023-09-08 12:15:00+05:30,66598.38,66612.62,66526.74,66611.04,0,0
2023-09-08 12:45:00+05:30,66609.0,66653.22,66535.64,66560.38,0,0
2023-09-08 13:15:00+05:30,66558.48,66635.45,66507.39,66612.81,0,0
2023-09-08 13:45:00+05:30,66611.96,66654.3,66570.69,66637.59,0,0
2023-09-08 14:15:00+05:30,66641.02,66766.92,66556.47,66565.91,0,0
2023-09-08 14:45:00+05:30,66565.1,66668.54,66531.93,66589.6,0,0
2023-09-08 15:15:00+05:30,66589.64,66653.7,66553.63,66593.93,0,0
2023-09-11 09:15:00+05:30,66816.7,66892.61,66754.36,66818.63,0,0
2023-09-11 09:45:00+05:30,66815.11,66963.91,66767.11,66921.48,0,0
2023-09-11 10:15:00+05:30,66921.89,66969.29,66892.11,66962.18,0,0
2023-09-11 10:45:00+05:30,66965.17,66978.34,66868.44,66919.05,0,0
2023-09-11 11:15:00+05:30,66913.18,66989.32,66913.07,66962.8,0,0
2023-09-11 11:45:00+05:30,66959.74,66972.71,66915.97,66944.68,0,0
2023-09-11 12:15:00+05:30,66944.4,67022.43,66940.51,66994.43,0,0
2023-09-11 12:45:00+05:30,66993.97,66999.35,66942.32,66971.56,0,0
2023-09-11 13:15:00+05:30,66973.51,66982.8,66914.92,66924.69,0,0
2023-09-11 13:45:00+05:30,66923.67,66986.78,66908.34,66950.64,0,0
2023-09-11 14:15:00+05:30,66949.85,67020.29,66942.71,67009.11,0,0
2023-09-11 14:45:00+05:30,67011.02,67146.53,67007.64,67131.86,0,0
2023-09-11 15:15:00+05:30,67131.2,67172.13,67126.07,67150.15,0,0
2023-09-12 09:15:00+05:30,67506.88,67539.1,67253.15,67335.5,0,0
2023-09-12 09:45:00+05:30,67334.2,67337.19,66948.39,67125.99,0,0
2023-09-12 10:15:00+05:30,67124.23,67124.23,66977.14,67076.82,0,0
2023-09-12 10:45:00+05:30,67074.25,67221.46,67062.33,67203.68,0,0
2023-09-12 11:15:00+05:30,67203.68,67345.89,67163.71,67345.89,0,0
2023-09-12 11:45:00+05:30,67346.01,67353.39,67231.26,67258.19,0,0
2023-09-12 12:15:00+05:30,67258.86,67263.82,67059.67,67064.9,0,0
2023-09-12 12:45:00+05:30,67067.99,67177.56,67042.51,67160.51,0,0
2023-09-12 13:15:00+05:30,67159.55,67254.42,67151.23,67211.92,0,0
2023-09-12 13:45:00+05:30,67213.8,67281.65,67159.85,67266.65,0,0
2023-09-12 14:15:00+05:30,67266.02,67298.65,67227.54,67258.71,0,0
2023-09-12 14:45:00+05:30,67258.71,67294.6,67177.69,67192.1,0,0
2023-09-12 15:15:00+05:30,67193.07,67260.8,67184.95,67214.15,0,0
2023-09-13 09:15:00+05:30,67204.71,67296.97,67059.36,67152.5,0,0
2023-09-13 09:45:00+05:30,67150.06,67235.71,67133.58,67176.17,0,0
2023-09-13 10:15:00+05:30,67176.17,67238.67,67101.47,67135.99,0,0
2023-09-13 10:45:00+05:30,67134.03,67274.16,67131.33,67258.82,0,0
2023-09-13 11:15:00+05:30,67258.82,67353.26,67227.07,67309.0,0,0
2023-09-13 11:45:00+05:30,67309.33,67402.71,67300.52,67382.22,0,0
2023-09-13 12:15:00+05:30,67381.65,67443.71,67368.57,67426.88,0,0
2023-09-13 12:45:00+05:30,67427.32,67544.45,67411.01,67523.06,0,0
2023-09-13 13:15:00+05:30,67523.68,67537.65,67432.71,67459.0,0,0
2023-09-13 13:45:00+05:30,67458.78,67534.46,67446.61,67512.63,0,0
2023-09-13 14:15:00+05:30,67512.04,67565.41,67493.27,67538.75,0,0
2023-09-13 14:45:00+05:30,67539.66,67549.81,67461.39,67478.73,0,0
2023-09-13 15:15:00+05:30,67475.91,67483.32,67406.18,67431.93,0,0
2023-09-14 09:15:00+05:30,67627.03,67771.05,67597.83,67733.43,0,0
2023-09-14 09:45:00+05:30,67734.91,67759.38,67526.48,67569.87,0,0
2023-09-14 10:15:00+05:30,67569.38,67599.25,67407.46,67460.11,0,0
2023-09-14 10:45:00+05:30,67458.64,67553.51,67416.95,67486.99,0,0
2023-09-14 11:15:00+05:30,67486.55,67530.9,67436.57,67451.04,0,0
2023-09-14 11:45:00+05:30,67450.91,67531.86,67424.19,67515.79,0,0
2023-09-14 12:15:00+05:30,67520.67,67539.47,67370.65,67453.44,0,0
2023-09-14 12:45:00+05:30,67453.44,67509.83,67428.32,67490.17,0,0
2023-09-14 13:15:00+05:30,67490.17,67547.12,67448.54,67459.77,0,0
2023-09-14 13:45:00+05:30,67459.72,67478.27,67336.66,67410.03,0,0
2023-09-14 14:15:00+05:30,67408.64,67480.0,67393.04,67444.91,0,0
2023-09-14 14:45:00+05:30,67445.27,67559.52,67433.77,67539.02,0,0
2023-09-14 15:15:00+05:30,67539.18,67578.15,67522.42,67542.94,0,0
2023-09-15 09:15:00+05:30,67659.91,67774.46,67634.18,67691.99,0,0
2023-09-15 09:45:00+05:30,67694.48,67728.28,67614.42,67711.68,0,0
2023-09-15 10:15:00+05:30,67711.72,67717.64,67647.9,67682.22,0,0
2023-09-15 10:45:00+05:30,67682.57,67802.17,67656.29,67785.05,0,0
2023-09-15 11:15:00+05:30,67787.25,67827.84,67749.43,67767.59,0,0
2023-09-15 11:45:00+05:30,67769.49,67843.29,67755.29,67808.74,0,0
2023-09-15 12:15:00+05:30,67808.62,67812.56,67638.09,67676.11,0,0
2023-09-15 12:45:00+05:30,67676.11,67740.06,67666.56,67739.84,0,0
2023-09-15 13:15:00+05:30,67739.84,67788.26,67684.09,67728.11,0,0
2023-09-15 13:45:00+05:30,67723.96,67817.02,67691.63,67787.02,0,0
2023-09-15 14:15:00+05:30,67787.41,67852.31,67771.31,67842.86,0,0
2023-09-15 14:45:00+05:30,67842.31,67927.23,67792.15,67807.75,0,0
2023-09-15 15:15:00+05:30,67811.27,67811.27,67713.86,67727.53,0,0
2023-09-18 09:15:00+05:30,67685.55,67745.66,67560.58,67743.92,0,0
2023-09-18 09:45:00+05:30,67742.79,67773.25,67682.41,67742.29,0,0
2023-09-18 10:15:00+05:30,67739.03,67773.97,67716.22,67728.75,0,0
2023-09-18 10:45:00+05:30,67728.58,67744.03,67677.78,67730.89,0,0
2023-09-18 11:15:00+05:30,67732.14,67791.74,67724.69,67781.79,0,0
2023-09-18 11:45:00+05:30,67780.72,67803.15,67716.61,67722.37,0,0
2023-09-18 12:15:00+05:30,67724.88,67750.89,67687.81,67721.63,0,0
2023-09-18 12:45:00+05:30,67722.33,67730.06,67681.98,67713.51,0,0
2023-09-18 13:15:00+05:30,67714.23,67736.58,67665.27,67696.92,0,0
2023-09-18 13:45:00+05:30,67697.33,67704.98,67631.75,67673.69,0,0
2023-09-18 14:15:00+05:30,67673.69,67699.91,67637.3,67691.44,0,0
2023-09-18 14:45:00+05:30,67691.23,67697.95,67581.78,67585.39,0,0
2023-09-18 15:15:00+05:30,67580.52,67615.17,67538.35,67572.41,0,0
2023-09-20 09:15:00+05:30,67084.14,67294.16,67023.47,67155.54,0,0
2023-09-20 09:45:00+05:30,67154.57,67198.42,67003.68,67027.19,0,0
2023-09-20 10:15:00+05:30,67028.33,67045.4,66967.95,67018.41,0,0
2023-09-20 10:45:00+05:30,67014.68,67033.55,66937.5,66985.16,0,0
2023-09-20 11:15:00+05:30,66984.83,67011.32,66928.76,66937.67,0,0
2023-09-20 11:45:00+05:30,66935.43,66998.23,66887.99,66974.46,0,0
2023-09-20 12:15:00+05:30,66973.56,66975.66,66933.6,66972.05,0,0
2023-09-20 12:45:00+05:30,66971.85,66973.43,66898.77,66909.84,0,0
2023-09-20 13:15:00+05:30,66909.84,66915.53,66854.03,66856.48,0,0
2023-09-20 13:45:00+05:30,66856.58,66863.57,66728.59,66831.74,0,0
2023-09-20 14:15:00+05:30,66832.04,66867.22,66780.79,66832.92,0,0
2023-09-20 14:45:00+05:30,66832.63,66856.9,66753.13,66815.75,0,0
2023-09-20 15:15:00+05:30,66807.65,66850.37,66795.61,66844.11,0,0
2023-09-21 09:15:00+05:30,66565.95,66608.67,66434.68,66447.26,0,0
2023-09-21 09:45:00+05:30,66446.89,66466.37,66220.49,66257.39,0,0
2023-09-21 10:15:00+05:30,66257.44,66314.47,66241.86,66258.51,0,0
2023-09-21 10:45:00+05:30,66261.23,66374.36,66241.72,66359.43,0,0
2023-09-21 11:15:00+05:30,66359.43,66372.82,66244.28,66262.21,0,0
2023-09-21 11:45:00+05:30,66262.52,66286.23,66149.8,66163.73,0,0
2023-09-21 12:15:00+05:30,66164.34,66219.74,66138.2,66219.38,0,0
2023-09-21 12:45:00+05:30,66219.83,66248.98,66152.64,66239.9,0,0
2023-09-21 13:15:00+05:30,66237.78,66283.56,66174.27,66198.38,0,0
2023-09-21 13:45:00+05:30,66202.69,66237.51,66177.13,66193.19,0,0
2023-09-21 14:15:00+05:30,66195.66,66207.36,66143.4,66162.04,0,0
2023-09-21 14:45:00+05:30,66162.31,66238.64,66128.71,66238.1,0,0
2023-09-21 15:15:00+05:30,66245.92,66276.53,66230.35,66263.42,0,0
2023-09-22 09:15:00+05:30,66254.9,66417.95,66185.3,66240.45,0,0
2023-09-22 09:45:00+05:30,66236.71,66283.93,66017.32,66091.43,0,0
2023-09-22 10:15:00+05:30,66090.59,66306.22,66049.51,66302.76,0,0
2023-09-22 10:45:00+05:30,66303.86,66355.87,66266.72,66317.65,0,0
2023-09-22 11:15:00+05:30,66320.36,66330.61,66234.95,66264.61,0,0
2023-09-22 11:45:00+05:30,66264.44,66417.55,66241.76,66394.95,0,0
2023-09-22 12:15:00+05:30,66392.37,66445.47,66337.37,66420.03,0,0
2023-09-22 12:45:00+05:30,66421.06,66421.06,66299.79,66339.89,0,0
2023-09-22 13:15:00+05:30,66342.74,66360.96,66103.68,66135.65,0,0
2023-09-22 13:45:00+05:30,66135.72,66166.64,66065.48,66131.48,0,0
2023-09-22 14:15:00+05:30,66131.14,66181.57,66040.66,66112.94,0,0
2023-09-22 14:45:00+05:30,66112.64,66117.73,65957.42,65989.63,0,0
2023-09-22 15:15:00+05:30,65987.24,66084.71,65966.97,66054.45,0,0
2023-09-25 09:15:00+05:30,66082.99,66118.56,65873.21,66063.01,0,0
2023-09-25 09:45:00+05:30,66062.83,66075.21,65852.38,65852.38,0,0
2023-09-25 10:15:00+05:30,65855.63,65918.42,65810.22,65894.89,0,0
2023-09-25 10:45:00+05:30,65894.67,65904.6,65810.31,65811.87,0,0
2023-09-25 11:15:00+05:30,65812.14,65842.26,65770.23,65828.18,0,0
2023-09-25 11:45:00+05:30,65828.83,65952.37,65827.18,65947.02,0,0
2023-09-25 12:15:00+05:30,65947.02,66162.45,65934.65,66158.81,0,0
2023-09-25 12:45:00+05:30,66158.81,66225.63,66130.21,66160.12,0,0
2023-09-25 13:15:00+05:30,66160.43,66213.6,66132.56,66180.04,0,0
2023-09-25 13:45:00+05:30,66180.04,66181.36,65894.76,65900.32,0,0
2023-09-25 14:15:00+05:30,65899.99,66040.12,65863.74,65970.89,0,0
2023-09-25 14:45:00+05:30,65973.82,66128.82,65966.47,66041.0,0,0
2023-09-25 15:15:00+05:30,66040.55,66049.46,65980.72,66019.07,0,0
2023-09-26 09:15:00+05:30,66071.63,66078.26,65909.41,66006.47,0,0
2023-09-26 09:45:00+05:30,66002.08,66072.12,65985.95,66042.85,0,0
2023-09-26 10:15:00+05:30,66042.85,66052.71,65968.3,65998.94,0,0
2023-09-26 10:45:00+05:30,66003.09,66024.98,65947.8,66023.55,0,0
2023-09-26 11:15:00+05:30,66023.55,66045.45,65983.76,65998.89,0,0
2023-09-26 11:45:00+05:30,65998.73,66008.45,65944.39,66006.28,0,0
2023-09-26 12:15:00+05:30,66005.89,66022.35,65915.88,65916.78,0,0
2023-09-26 12:45:00+05:30,65916.78,65931.19,65865.63,65925.01,0,0
2023-09-26 13:15:00+05:30,65934.3,66006.3,65912.91,65999.99,0,0
2023-09-26 13:45:00+05:30,65999.99,66014.82,65958.23,65974.21,0,0
2023-09-26 14:15:00+05:30,65974.21,66004.03,65941.64,65971.38,0,0
2023-09-26 14:45:00+05:30,65971.38,65992.22,65927.57,65965.63,0,0
2023-09-26 15:15:00+05:30,65963.37,65987.75,65951.83,65978.17,0,0
2023-09-27 09:15:00+05:30,65925.64,65925.64,65690.56,65731.37,0,0
2023-09-27 09:45:00+05:30,65732.0,65779.0,65561.67,65574.31,0,0
2023-09-27 10:15:00+05:30,65575.08,65630.22,65549.96,65620.25,0,0
2023-09-27 10:45:00+05:30,65620.04,65804.04,65600.23,65793.19,0,0
2023-09-27 11:15:00+05:30,65794.83,65900.2,65758.4,65881.26,0,0
2023-09-27 11:45:00+05:30,65881.92,65911.42,65807.82,65881.26,0,0
2023-09-27 12:15:00+05:30,65878.6,65918.38,65858.21,65890.76,0,0
2023-09-27 12:45:00+05:30,65893.12,66010.01,65892.92,66003.64,0,0
2023-09-27 13:15:00+05:30,66003.44,66119.57,65978.83,66015.55,0,0
2023-09-27 13:45:00+05:30,66017.44,66100.46,66014.4,66053.99,0,0
2023-09-27 14:15:00+05:30,66052.34,66122.94,65981.11,66122.66,0,0
2023-09-27 14:45:00+05:30,66122.66,66172.27,66095.55,66101.27,0,0
2023-09-27 15:15:00+05:30,66099.68,66169.65,66087.81,66169.65,0,0
2023-09-28 09:15:00+05:30,66406.01,66406.01,66032.32,66033.26,0,0
2023-09-28 09:45:00+05:30,66032.46,66193.04,65981.81,66175.14,0,0
2023-09-28 10:15:00+05:30,66167.01,66238.39,66042.7,66056.56,0,0
2023-09-28 10:45:00+05:30,66059.87,66096.4,65932.27,65936.75,0,0
2023-09-28 11:15:00+05:30,65937.42,65962.03,65830.17,65847.05,0,0
2023-09-28 11:45:00+05:30,65848.37,65913.94,65796.29,65830.14,0,0
2023-09-28 12:15:00+05:30,65828.86,65855.19,65728.98,65773.98,0,0
2023-09-28 12:45:00+05:30,65774.79,65796.97,65692.75,65718.44,0,0
2023-09-28 13:15:00+05:30,65717.21,65717.37,65608.31,65696.16,0,0
2023-09-28 13:45:00+05:30,65696.16,65699.16,65554.03,65599.49,0,0
2023-09-28 14:15:00+05:30,65598.39,65691.64,65554.85,65562.69,0,0
2023-09-28 14:45:00+05:30,65564.38,65579.67,65423.39,65436.19,0,0
2023-09-28 15:15:00+05:30,65437.38,65613.03,65437.38,65606.04,0,0
2023-09-29 09:15:00+05:30,65743.93,65743.93,65570.38,65666.62,0,0
2023-09-29 09:45:00+05:30,65666.81,65761.35,65664.3,65724.79,0,0
2023-09-29 10:15:00+05:30,65727.69,65754.44,65639.6,65683.96,0,0
2023-09-29 10:45:00+05:30,65683.32,65746.04,65632.59,65737.42,0,0
2023-09-29 11:15:00+05:30,65738.94,65941.7,65719.6,65936.34,0,0
2023-09-29 11:45:00+05:30,65937.08,65974.07,65912.22,65948.16,0,0
2023-09-29 12:15:00+05:30,65949.07,65991.67,65938.57,65952.57,0,0
2023-09-29 12:45:00+05:30,65952.16,65974.77,65853.97,65927.59,0,0
2023-09-29 13:15:00+05:30,65927.67,66003.37,65911.48,65957.52,0,0
2023-09-29 13:45:00+05:30,65958.42,66101.95,65957.13,66060.09,0,0
2023-09-29 14:15:00+05:30,66060.0,66151.65,66050.47,66077.49,0,0
2023-09-29 14:45:00+05:30,66077.49,66087.52,65780.35,65783.9,0,0
2023-09-29 15:15:00+05:30,65779.66,65831.13,65745.17,65812.65,0,0
2023-10-03 09:15:00+05:30,65813.42,65813.5,65399.82,65483.46,0,0
2023-10-03 09:45:00+05:30,65482.75,65495.76,65344.59,65386.08,0,0
2023-10-03 10:15:00+05:30,65385.67,65509.44,65383.06,65428.94,0,0
2023-10-03 10:45:00+05:30,65428.42,65472.52,65404.15,65445.42,0,0
2023-10-03 11:15:00+05:30,65445.41,65545.3,65439.49,65509.01,0,0
2023-10-03 11:45:00+05:30,65505.7,65518.02,65443.28,65502.65,0,0
2023-10-03 12:15:00+05:30,65501.64,65551.86,65492.96,65534.2,0,0
2023-10-03 12:45:00+05:30,65534.69,65603.34,65528.01,65603.34,0,0
2023-10-03 13:15:00+05:30,65603.34,65615.68,65540.68,65598.14,0,0
2023-10-03 13:45:00+05:30,65596.11,65649.09,65487.8,65499.67,0,0
2023-10-03 14:15:00+05:30,65499.27,65537.28,65442.66,65504.33,0,0
2023-10-03 14:45:00+05:30,65504.33,65568.28,65497.75,65525.61,0,0
2023-10-03 15:15:00+05:30,65524.15,65542.83,65469.55,65506.1,0,0
2023-10-04 09:15:00+05:30,65330.65,65332.52,64978.97,65056.24,0,0
2023-10-04 09:45:00+05:30,65063.94,65129.94,65024.69,65051.94,0,0
2023-10-04 10:15:00+05:30,65051.79,65174.67,65027.12,65111.26,0,0
2023-10-04 10:45:00+05:30,65112.96,65150.83,65087.82,65125.75,0,0
2023-10-04 11:15:00+05:30,65126.06,65134.73,65038.46,65051.67,0,0
2023-10-04 11:45:00+05:30,65052.23,65058.6,64930.57,64986.91,0,0
2023-10-04 12:15:00+05:30,64986.29,65004.84,64901.91,64953.04,0,0
2023-10-04 12:45:00+05:30,64952.83,64967.88,64878.77,64943.08,0,0
2023-10-04 13:15:00+05:30,64944.22,64983.01,64897.87,64926.1,0,0
2023-10-04 13:45:00+05:30,64925.24,65053.93,64908.1,65036.42,0,0
2023-10-04 14:15:00+05:30,65035.52,65147.77,65021.84,65144.92,0,0
2023-10-04 14:45:00+05:30,65151.94,65267.09,65081.36,65246.83,0,0
2023-10-04 15:15:00+05:30,65255.83,65282.84,65192.92,65233.12,0,0
2023-10-05 09:15:00+05:30,65598.26,65614.08,65494.88,65598.27,0,0
2023-10-05 09:45:00+05:30,65597.01,65614.48,65540.97,65554.24,0,0
2023-10-05 10:15:00+05:30,65551.74,65570.08,65443.34,65459.48,0,0
2023-10-05 10:45:00+05:30,65462.14,65741.36,65444.28,65726.3,0,0
2023-10-05 11:15:00+05:30,65727.56,65753.2,65669.82,65677.83,0,0
2023-10-05 11:45:00+05:30,65683.7,65711.25,65657.89,65670.12,0,0
2023-10-05 12:15:00+05:30,65665.81,65672.67,65585.53,65601.17,0,0
2023-10-05 12:45:00+05:30,65599.06,65663.18,65562.44,65582.24,0,0
2023-10-05 13:15:00+05:30,65582.45,65696.14,65573.7,65695.52,0,0
2023-10-05 13:45:00+05:30,65695.26,65696.38,65652.54,65663.07,0,0
2023-10-05 14:15:00+05:30,65663.07,65716.46,65619.8,65711.23,0,0
2023-10-05 14:45:00+05:30,65713.19,65720.68,65599.27,65624.3,0,0
2023-10-05 15:15:00+05:30,65625.25,65665.3,65592.83,65639.6,0,0
2023-10-06 09:15:00+05:30,65867.54,65888.98,65773.37,65778.24,0,0
2023-10-06 09:45:00+05:30,65778.6,65879.91,65762.33,65809.69,0,0
2023-10-06 10:15:00+05:30,65810.05,65964.31,65777.44,65964.31,0,0
2023-10-06 10:45:00+05:30,65966.49,66030.69,65927.42,65961.32,0,0
2023-10-06 11:15:00+05:30,65960.09,65963.42,65813.12,65877.51,0,0
2023-10-06 11:45:00+05:30,65878.13,65914.04,65857.06,65892.75,0,0
2023-10-06 12:15:00+05:30,65889.0,65963.04,65857.19,65956.88,0,0
2023-10-06 12:45:00+05:30,65956.31,65976.6,65903.35,65972.83,0,0
2023-10-06 13:15:00+05:30,65973.37,66003.29,65950.41,65984.29,0,0
2023-10-06 13:45:00+05:30,65984.29,66046.97,65962.88,66031.56,0,0
2023-10-06 14:15:00+05:30,66031.67,66078.84,65976.41,66036.6,0,0
2023-10-06 14:45:00+05:30,66036.84,66095.81,65968.22,66030.78,0,0
2023-10-06 15:15:00+05:30,66030.77,66046.17,65934.94,65994.1,0,0
2023-10-09 09:15:00+05:30,65560.07,65672.13,65434.61,65668.55,0,0
2023-10-09 09:45:00+05:30,65667.58,65789.98,65659.28,65743.25,0,0
2023-10-09 10:15:00+05:30,65737.95,65787.15,65637.37,65682.72,0,0
2023-10-09 10:45:00+05:30,65682.72,65742.5,65658.29,65672.39,0,0
2023-10-09 11:15:00+05:30,65673.97,65709.1,65658.48,65701.44,0,0
2023-10-09 11:45:00+05:30,65701.68,65709.39,65651.44,65661.09,0,0
2023-10-09 12:15:00+05:30,65661.09,65671.15,65539.44,65541.68,0,0
2023-10-09 12:45:00+05:30,65541.29,65574.29,65504.36,65525.71,0,0
2023-10-09 13:15:00+05:30,65526.39,65612.07,65512.99,65587.95,0,0
2023-10-09 13:45:00+05:30,65587.95,65595.12,65511.51,65532.41,0,0
2023-10-09 14:15:00+05:30,65532.98,65583.41,65484.13,65552.79,0,0
2023-10-09 14:45:00+05:30,65556.25,65626.52,65530.74,65535.34,0,0
2023-10-09 15:15:00+05:30,65535.92,65541.92,65467.32,65478.0,0,0
2023-10-10 09:15:00+05:30,65662.27,65850.24,65662.27,65805.97,0,0
2023-10-10 09:45:00+05:30,65805.38,65878.53,65786.02,65876.87,0,0
2023-10-10 10:15:00+05:30,65875.03,65906.03,65849.26,65878.45,0,0
2023-10-10 10:45:00+05:30,65880.31,65906.98,65841.7,65885.74,0,0
2023-10-10 11:15:00+05:30,65886.21,65915.58,65840.26,65866.09,0,0
2023-10-10 11:45:00+05:30,65866.46,66002.47,65858.67,65992.15,0,0
2023-10-10 12:15:00+05:30,65992.08,66059.42,65956.69,66057.34,0,0
2023-10-10 12:45:00+05:30,66057.34,66087.87,66019.02,66070.46,0,0
2023-10-10 13:15:00+05:30,66071.12,66149.31,66055.76,66139.64,0,0
2023-10-10 13:45:00+05:30,66136.13,66144.66,66088.75,66109.58,0,0
2023-10-10 14:15:00+05:30,66105.94,66180.17,66103.67,66110.48,0,0
2023-10-10 14:45:00+05:30,66111.38,66146.61,66063.1,66088.6,0,0
2023-10-10 15:15:00+05:30,66088.25,66111.71,66059.32,66103.56,0,0
2023-10-11 09:15:00+05:30,66376.42,66537.11,66299.79,66488.48,0,0
2023-10-11 09:45:00+05:30,66484.25,66571.98,66439.5,66479.67,0,0
2023-10-11 10:15:00+05:30,66481.41,66592.16,66478.67,66575.23,0,0
2023-10-11 10:45:00+05:30,66575.23,66584.24,66461.78,66485.29,0,0
2023-10-11 11:15:00+05:30,66485.08,66533.73,66460.23,66502.43,0,0
2023-10-11 11:45:00+05:30,66494.48,66524.82,66473.35,66484.15,0,0
2023-10-11 12:15:00+05:30,66487.15,66487.47,66385.32,66398.95,0,0
2023-10-11 12:45:00+05:30,66399.18,66494.7,66377.26,66487.47,0,0
2023-10-11 13:15:00+05:30,66487.63,66492.18,66444.19,66459.32,0,0
2023-10-11 13:45:00+05:30,66459.32,66472.31,66402.45,66454.61,0,0
2023-10-11 14:15:00+05:30,66455.7,66518.7,66431.21,66512.65,0,0
2023-10-11 14:45:00+05:30,66514.49,66540.84,66472.62,66483.97,0,0
2023-10-11 15:15:00+05:30,66483.34,66509.12,66449.93,66461.01,0,0
2023-10-12 09:15:00+05:30,66564.57,66577.6,66428.73,66467.52,0,0
2023-10-12 09:45:00+05:30,66469.06,66469.06,66354.94,66412.71,0,0
2023-10-12 10:15:00+05:30,66412.71,66473.36,66342.53,66467.72,0,0
2023-10-12 10:45:00+05:30,66468.09,66512.67,66435.44,66507.39,0,0
2023-10-12 11:15:00+05:30,66507.39,66508.15,66433.59,66482.37,0,0
2023-10-12 11:45:00+05:30,66482.4,66533.57,66465.39,66486.83,0,0
2023-10-12 12:15:00+05:30,66489.51,66507.29,66447.85,66459.5,0,0
2023-10-12 12:45:00+05:30,66455.74,66497.26,66413.09,66424.62,0,0
2023-10-12 13:15:00+05:30,66424.62,66474.74,66423.66,66467.04,0,0
2023-10-12 13:45:00+05:30,66467.04,66479.4,66413.61,66430.93,0,0
2023-10-12 14:15:00+05:30,66431.27,66457.94,66397.31,66402.12,0,0
2023-10-12 14:45:00+05:30,66402.22,66465.48,66366.88,66443.76,0,0
2023-10-12 15:15:00+05:30,66440.73,66451.48,66348.84,66348.84,0,0
2023-10-13 09:15:00+05:30,66034.21,66176.11,65895.41,66069.33,0,0
2023-10-13 09:45:00+05:30,66071.18,66108.15,66026.59,66040.65,0,0
2023-10-13 10:15:00+05:30,66055.58,66101.13,65996.57,66026.01,0,0
2023-10-13 10:45:00+05:30,66028.5,66028.5,65964.95,66002.99,0,0
2023-10-13 11:15:00+05:30,66002.99,66078.83,65959.37,66060.42,0,0
2023-10-13 11:45:00+05:30,66065.39,66083.79,66024.44,66038.75,0,0
2023-10-13 12:15:00+05:30,66038.27,66180.84,66032.91,66157.33,0,0
2023-10-13 12:45:00+05:30,66161.69,66275.98,66131.85,66265.13,0,0
2023-10-13 13:15:00+05:30,66260.52,66309.27,66199.77,66274.79,0,0
2023-10-13 13:45:00+05:30,66274.46,66379.09,66242.27,66373.74,0,0
2023-10-13 14:15:00+05:30,66372.91,66478.9,66343.61,66369.38,0,0
2023-10-13 14:45:00+05:30,66370.11,66372.14,66236.22,66284.57,0,0
2023-10-13 15:15:00+05:30,66286.13,66307.37,66199.38,66209.3,0,0
2023-10-16 09:15:00+05:30,66238.15,66238.15,66039.38,66129.02,0,0
2023-10-16 09:45:00+05:30,66129.34,66263.64,66114.57,66247.19,0,0
2023-10-16 10:15:00+05:30,66245.44,66313.77,66219.92,66292.42,0,0
2023-10-16 10:45:00+05:30,66294.04,66300.5,66157.47,66222.28,0,0
2023-10-16 11:15:00+05:30,66222.04,66317.36,66184.87,66316.56,0,0
2023-10-16 11:45:00+05:30,66316.43,66342.75,66272.53,66282.27,0,0
2023-10-16 12:15:00+05:30,66283.5,66326.2,66261.71,66284.87,0,0
2023-10-16 12:45:00+05:30,66286.09,66328.12,66237.83,66241.37,0,0
2023-10-16 13:15:00+05:30,66239.58,66301.76,66211.42,66278.52,0,0
2023-10-16 13:45:00+05:30,66278.47,66305.25,66243.1,66255.74,0,0
2023-10-16 14:15:00+05:30,66253.67,66292.82,66230.86,66261.24,0,0
2023-10-16 14:45:00+05:30,66260.91,66287.44,66171.92,66181.0,0,0
2023-10-16 15:15:00+05:30,66179.55,66181.25,66125.76,66156.75,0,0
2023-10-17 09:15:00+05:30,66558.15,66559.82,66446.31,66491.21,0,0
2023-10-17 09:45:00+05:30,66490.44,66518.25,66450.01,66462.28,0,0
2023-10-17 10:15:00+05:30,66460.84,66517.58,66426.11,66498.24,0,0
2023-10-17 10:45:00+05:30,66498.16,66527.86,66469.84,66503.75,0,0
2023-10-17 11:15:00+05:30,66504.17,66515.18,66463.5,66486.34,0,0
2023-10-17 11:45:00+05:30,66486.14,66497.34,66449.65,66486.29,0,0
2023-10-17 12:15:00+05:30,66486.29,66529.67,66465.46,66522.37,0,0
2023-10-17 12:45:00+05:30,66522.54,66550.01,66504.59,66529.48,0,0
2023-10-17 13:15:00+05:30,66529.48,66556.83,66440.84,66474.58,0,0
2023-10-17 13:45:00+05:30,66475.05,66483.88,66309.18,66319.9,0,0
2023-10-17 14:15:00+05:30,66320.15,66390.42,66315.23,66367.31,0,0
2023-10-17 14:45:00+05:30,66366.74,66464.54,66338.27,66424.17,0,0
2023-10-17 15:15:00+05:30,66421.79,66469.99,66401.93,66442.3,0,0
2023-10-18 09:15:00+05:30,66473.74,66473.74,66266.68,66405.73,0,0
2023-10-18 09:45:00+05:30,66405.73,66475.27,66352.37,66451.86,0,0
2023-10-18 10:15:00+05:30,66448.56,66455.35,66287.98,66287.98,0,0
2023-10-18 10:45:00+05:30,66287.63,66294.02,66041.84,66070.72,0,0
2023-10-18 11:15:00+05:30,66067.41,66146.99,66046.35,66085.41,0,0
2023-10-18 11:45:00+05:30,66089.43,66091.8,65954.09,66003.59,0,0
2023-10-18 12:15:00+05:30,66004.59,66019.49,65909.73,65971.54,0,0
2023-10-18 12:45:00+05:30,65973.89,66024.95,65931.81,66019.47,0,0
2023-10-18 13:15:00+05:30,66019.11,66023.73,65964.9,65985.91,0,0
2023-10-18 13:45:00+05:30,65986.23,66074.25,65977.56,66047.85,0,0
2023-10-18 14:15:00+05:30,66047.51,66050.84,65921.95,65932.96,0,0
2023-10-18 14:45:00+05:30,65932.23,65976.23,65853.7,65885.98,0,0
2023-10-18 15:15:00+05:30,65891.02,65896.81,65842.1,65878.51,0,0
2023-10-19 09:15:00+05:30,65484.61,65518.3,65343.5,65437.33,0,0
2023-10-19 09:45:00+05:30,65438.04,65592.53,65424.86,65545.65,0,0
2023-10-19 10:15:00+05:30,65547.92,65595.25,65480.77,65497.56,0,0
2023-10-19 10:45:00+05:30,65498.62,65553.24,65482.32,65537.84,0,0
2023-10-19 11:15:00+05:30,65537.99,65811.95,65530.07,65753.81,0,0
2023-10-19 11:45:00+05:30,65753.28,65826.23,65734.82,65812.93,0,0
2023-10-19 12:15:00+05:30,65812.86,65826.06,65724.66,65753.5,0,0
2023-10-19 12:45:00+05:30,65752.38,65816.59,65722.39,65744.82,0,0
2023-10-19 13:15:00+05:30,65749.64,65779.43,65663.33,65770.81,0,0
2023-10-19 13:45:00+05:30,65769.07,65869.65,65755.98,65795.78,0,0
2023-10-19 14:15:00+05:30,65795.46,65798.56,65700.39,65732.64,0,0
2023-10-19 14:45:00+05:30,65732.64,65740.3,65644.37,65650.57,0,0
2023-10-19 15:15:00+05:30,65648.93,65678.93,65560.39,65600.94,0,0
2023-10-20 09:15:00+05:30,65437.07,65555.14,65308.61,65454.2,0,0
2023-10-20 09:45:00+05:30,65459.1,65532.02,65409.17,65493.5,0,0
2023-10-20 10:15:00+05:30,65490.75,65526.13,65399.1,65435.57,0,0
2023-10-20 10:45:00+05:30,65436.46,65480.58,65397.84,65463.54,0,0
2023-10-20 11:15:00+05:30,65459.49,65499.25,65390.78,65407.47,0,0
2023-10-20 11:45:00+05:30,65410.98,65440.39,65332.69,65406.97,0,0
2023-10-20 12:15:00+05:30,65406.55,65441.99,65353.14,65370.69,0,0
2023-10-20 12:45:00+05:30,65371.22,65404.5,65329.59,65389.1,0,0
2023-10-20 13:15:00+05:30,65389.1,65510.69,65360.85,65404.91,0,0
2023-10-20 13:45:00+05:30,65405.31,65439.54,65373.92,65410.58,0,0
2023-10-20 14:15:00+05:30,65408.87,65440.91,65338.13,65405.26,0,0
2023-10-20 14:45:00+05:30,65408.14,65469.26,65364.16,65423.16,0,0
2023-10-20 15:15:00+05:30,65421.08,65446.5,65327.35,65419.95,0,0
2023-10-23 09:15:00+05:30,65419.02,65453.92,65342.58,65409.47,0,0
2023-10-23 09:45:00+05:30,65407.5,65435.01,65232.29,65244.99,0,0
2023-10-23 10:15:00+05:30,65242.23,65254.18,65169.09,65180.78,0,0
2023-10-23 10:45:00+05:30,65180.78,65263.12,65162.92,65247.66,0,0
2023-10-23 11:15:00+05:30,65247.11,65255.89,65191.34,65191.51,0,0
2023-10-23 11:45:00+05:30,65186.87,65262.0,65143.53,65203.66,0,0
2023-10-23 12:15:00+05:30,65205.48,65225.54,65147.79,65187.58,0,0
2023-10-23 12:45:00+05:30,65185.86,65193.21,65098.88,65112.37,0,0
2023-10-23 13:15:00+05:30,65109.49,65152.17,65022.53,65075.32,0,0
2023-10-23 13:45:00+05:30,65072.85,65126.7,65053.34,65110.54,0,0
2023-10-23 14:15:00+05:30,65109.41,65115.13,64959.02,64959.02,0,0
2023-10-23 14:45:00+05:30,64961.79,64994.95,64540.04,64568.41,0,0
2023-10-23 15:15:00+05:30,64565.53,64607.21,64502.68,64579.75,0,0
2023-10-25 09:15:00+05:30,64619.27,64765.52,64502.57,64727.79,0,0
2023-10-25 09:45:00+05:30,64727.97,64787.08,64576.55,64697.33,0,0
2023-10-25 10:15:00+05:30,64696.97,64704.24,64623.61,64627.25,0,0
2023-10-25 10:45:00+05:30,64629.13,64629.51,64503.58,64564.55,0,0
2023-10-25 11:15:00+05:30,64563.79,64580.58,64346.49,64355.07,0,0
2023-10-25 11:45:00+05:30,64356.79,64483.2,64341.99,64411.3,0,0
2023-10-25 12:15:00+05:30,64411.3,64428.48,64129.28,64129.28,0,0
2023-10-25 12:45:00+05:30,64133.84,64196.07,63912.16,63934.64,0,0
2023-10-25 13:15:00+05:30,63933.85,64127.72,63912.16,64023.64,0,0
2023-10-25 13:45:00+05:30,64024.97,64217.74,63979.82,64216.51,0,0
2023-10-25 14:15:00+05:30,64218.39,64228.47,64025.46,64125.1,0,0
2023-10-25 14:45:00+05:30,64125.1,64205.52,64050.23,64089.39,0,0
2023-10-25 15:15:00+05:30,64088.37,64114.52,63983.93,64043.15,0,0
2023-10-26 09:15:00+05:30,63774.16,63774.16,63435.14,63458.25,0,0
2023-10-26 09:45:00+05:30,63461.11,63511.36,63376.56,63385.68,0,0
2023-10-26 10:15:00+05:30,63393.47,63411.12,63278.64,63331.04,0,0
2023-10-26 10:45:00+05:30,63331.23,63359.13,63186.24,63195.42,0,0
2023-10-26 11:15:00+05:30,63199.55,63257.9,63119.21,63246.2,0,0
2023-10-26 11:45:00+05:30,63248.39,63315.53,63176.13,63183.58,0,0
2023-10-26 12:15:00+05:30,63185.68,63304.46,63183.05,63223.41,0,0
2023-10-26 12:45:00+05:30,63223.3,63330.46,63212.26,63300.11,0,0
2023-10-26 13:15:00+05:30,63303.08,63323.32,63141.18,63177.34,0,0
2023-10-26 13:45:00+05:30,63178.55,63244.67,63145.48,63229.89,0,0
2023-10-26 14:15:00+05:30,63233.95,63248.31,63176.53,63222.17,0,0
2023-10-26 14:45:00+05:30,63220.81,63304.0,63114.13,63170.65,0,0
2023-10-26 15:15:00+05:30,63170.58,63198.78,63092.98,63144.07,0,0
2023-10-27 09:15:00+05:30,63559.32,63642.47,63393.37,63602.17,0,0
2023-10-27 09:45:00+05:30,63605.6,63757.14,63594.96,63603.85,0,0
2023-10-27 10:15:00+05:30,63603.68,63664.41,63547.64,63630.26,0,0
2023-10-27 10:45:00+05:30,63628.48,63744.94,63579.71,63679.26,0,0
2023-10-27 11:15:00+05:30,63679.26,63761.9,63670.75,63711.13,0,0
2023-10-27 11:45:00+05:30,63710.34,63839.34,63706.51,63791.99,0,0
2023-10-27 12:15:00+05:30,63792.46,63800.8,63678.15,63734.36,0,0
2023-10-27 12:45:00+05:30,63739.88,63780.02,63660.58,63721.25,0,0
2023-10-27 13:15:00+05:30,63722.1,63817.23,63713.14,63815.07,0,0
2023-10-27 13:45:00+05:30,63815.78,63901.23,63779.59,63834.6,0,0
2023-10-27 14:15:00+05:30,63833.19,63913.13,63786.31,63843.94,0,0
2023-10-27 14:45:00+05:30,63848.96,63904.8,63733.01,63765.07,0,0
2023-10-27 15:15:00+05:30,63766.09,63841.66,63721.93,63831.86,0,0
2023-10-30 09:15:00+05:30,63885.56,63885.56,63434.42,63451.59,0,0
2023-10-30 09:45:00+05:30,63448.49,63675.72,63431.45,63669.14,0,0
2023-10-30 10:15:00+05:30,63665.28,63853.29,63627.75,63840.76,0,0
2023-10-30 10:45:00+05:30,63839.76,63963.15,63839.25,63903.29,0,0
2023-10-30 11:15:00+05:30,63904.2,64052.18,63876.82,64026.09,0,0
2023-10-30 11:45:00+05:30,64023.42,64080.97,63978.27,64015.61,0,0
2023-10-30 12:15:00+05:30,64014.13,64037.16,63945.12,64021.52,0,0
2023-10-30 12:45:00+05:30,64022.83,64084.66,64010.45,64076.01,0,0
2023-10-30 13:15:00+05:30,64075.97,64124.09,64048.44,64048.46,0,0
2023-10-30 13:45:00+05:30,64049.97,64080.24,63994.17,64055.88,0,0
2023-10-30 14:15:00+05:30,64056.79,64070.34,63981.26,64062.45,0,0
2023-10-30 14:45:00+05:30,64063.54,64160.76,64047.68,64117.48,0,0
2023-10-30 15:15:00+05:30,64111.2,64184.58,64099.18,64178.69,0,0
2023-10-31 09:15:00+05:30,64449.65,64452.32,64021.92,64189.29,0,0
2023-10-31 09:45:00+05:30,64189.82,64189.82,63953.94,63973.48,0,0
2023-10-31 10:15:00+05:30,63973.92,64015.78,63854.0,63856.63,0,0
2023-10-31 10:45:00+05:30,63854.55,63980.03,63843.21,63957.73,0,0
2023-10-31 11:15:00+05:30,63959.51,64019.25,63897.43,63925.98,0,0
2023-10-31 11:45:00+05:30,63923.5,63930.5,63846.82,63892.55,0,0
2023-10-31 12:15:00+05:30,63892.36,63988.37,63867.79,63953.37,0,0
2023-10-31 12:45:00+05:30,63953.06,64012.16,63919.78,63987.57,0,0
2023-10-31 13:15:00+05:30,63987.6,64066.18,63930.48,63975.24,0,0
2023-10-31 13:45:00+05:30,63975.55,64011.12,63949.04,63992.45,0,0
2023-10-31 14:15:00+05:30,63991.14,64124.74,63984.52,64062.2,0,0
2023-10-31 14:45:00+05:30,64061.19,64106.8,63812.53,63918.44,0,0
2023-10-31 15:15:00+05:30,63918.09,63920.07,63846.33,63892.03,0,0
2023-11-01 09:15:00+05:30,63829.87,63896.05,63680.94,63831.18,0,0
2023-11-01 09:45:00+05:30,63832.46,63842.49,63647.75,63729.2,0,0
2023-11-01 10:15:00+05:30,63733.05,63790.3,63684.93,63748.95,0,0
2023-11-01 10:45:00+05:30,63748.95,63781.01,63700.62,63741.6,0,0
2023-11-01 11:15:00+05:30,63737.56,63767.15,63685.48,63734.89,0,0
2023-11-01 11:45:00+05:30,63734.51,63780.92,63720.23,63770.41,0,0
2023-11-01 12:15:00+05:30,63771.12,63823.79,63702.69,63736.08,0,0
2023-11-01 12:45:00+05:30,63734.62,63753.45,63591.42,63620.06,0,0
2023-11-01 13:15:00+05:30,63619.49,63713.57,63566.45,63713.55,0,0
2023-11-01 13:45:00+05:30,63714.75,63729.94,63657.56,63662.69,0,0
2023-11-01 14:15:00+05:30,63662.27,63683.48,63609.31,63638.51,0,0
2023-11-01 14:45:00+05:30,63636.82,63711.74,63594.44,63598.94,0,0
2023-11-01 15:15:00+05:30,63601.45,63627.95,63550.46,63615.51,0,0
2023-11-02 09:15:00+05:30,64033.4,64202.64,63992.88,64178.29,0,0
2023-11-02 09:45:00+05:30,64176.05,64178.28,64056.25,64057.38,0,0
2023-11-02 10:15:00+05:30,64052.85,64081.6,64016.57,64035.03,0,0
2023-11-02 10:45:00+05:30,64035.14,64056.46,63984.09,64054.89,0,0
2023-11-02 11:15:00+05:30,64054.59,64055.23,63895.63,63895.63,0,0
2023-11-02 11:45:00+05:30,63893.92,63912.25,63815.35,63880.35,0,0
2023-11-02 12:15:00+05:30,63879.4,63967.89,63860.61,63952.88,0,0
2023-11-02 12:45:00+05:30,63949.23,63994.65,63935.76,63983.97,0,0
2023-11-02 13:15:00+05:30,63985.42,63998.32,63926.47,63993.3,0,0
2023-11-02 13:45:00+05:30,63993.12,64054.64,63973.34,64034.08,0,0
2023-11-02 14:15:00+05:30,64034.08,64070.47,63989.32,63995.65,0,0
2023-11-02 14:45:00+05:30,63995.55,64107.15,63981.08,64037.19,0,0
2023-11-02 15:15:00+05:30,64036.52,64145.05,64032.49,64128.23,0,0
2023-11-03 09:15:00+05:30,64444.9,64504.13,64400.72,64453.32,0,0
2023-11-03 09:45:00+05:30,64459.7,64521.22,64384.36,64493.7,0,0
2023-11-03 10:15:00+05:30,64495.27,64514.91,64429.79,64429.79,0,0
2023-11-03 10:45:00+05:30,64427.7,64535.19,64419.25,64501.52,0,0
2023-11-03 11:15:00+05:30,64500.59,64521.68,64405.5,64405.5,0,0
2023-11-03 11:45:00+05:30,64407.19,64496.58,64350.73,64415.91,0,0
2023-11-03 12:15:00+05:30,64415.44,64477.04,64371.33,64434.18,0,0
2023-11-03 12:45:00+05:30,64434.77,64486.47,64415.48,64448.57,0,0
2023-11-03 13:15:00+05:30,64448.84,64534.02,64413.45,64476.14,0,0
2023-11-03 13:45:00+05:30,64476.29,64483.89,64438.44,64454.94,0,0
2023-11-03 14:15:00+05:30,64456.63,64531.05,64368.72,64388.07,0,0
2023-11-03 14:45:00+05:30,64387.13,64438.6,64275.39,64369.53,0,0
2023-11-03 15:15:00+05:30,64372.97,64380.1,64337.66,64347.86,0,0
2023-11-06 09:15:00+05:30,64835.23,64835.23,64624.79,64712.57,0,0
2023-11-06 09:45:00+05:30,64712.53,64765.75,64664.99,64763.19,0,0
2023-11-06 10:15:00+05:30,64763.2,64816.38,64717.53,64736.45,0,0
2023-11-06 10:45:00+05:30,64736.24,64742.86,64617.48,64684.1,0,0
2023-11-06 11:15:00+05:30,64683.63,64728.93,64667.41,64724.8,0,0
2023-11-06 11:45:00+05:30,64726.35,64753.4,64706.31,64734.85,0,0
2023-11-06 12:15:00+05:30,64737.95,64765.24,64708.2,64757.61,0,0
2023-11-06 12:45:00+05:30,64756.24,64786.16,64724.06,64780.44,0,0
2023-11-06 13:15:00+05:30,64780.05,64796.91,64755.29,64794.8,0,0
2023-11-06 13:45:00+05:30,64795.45,64818.82,64764.07,64818.15,0,0
2023-11-06 14:15:00+05:30,64819.81,64875.99,64816.68,64852.54,0,0
2023-11-06 14:45:00+05:30,64850.99,64971.07,64810.19,64962.03,0,0
2023-11-06 15:15:00+05:30,64962.77,64992.54,64918.72,64959.23,0,0
2023-11-07 09:15:00+05:30,65021.29,65021.29,64741.96,64779.14,0,0
2023-11-07 09:45:00+05:30,64779.32,64782.27,64701.59,64765.88,0,0
2023-11-07 10:15:00+05:30,64765.17,64843.57,64745.9,64838.96,0,0
2023-11-07 10:45:00+05:30,64838.96,64860.28,64800.28,64845.21,0,0
2023-11-07 11:15:00+05:30,64846.56,64864.55,64718.54,64722.9,0,0
2023-11-07 11:45:00+05:30,64724.57,64724.57,64638.1,64702.71,0,0
2023-11-07 12:15:00+05:30,64702.96,64761.33,64690.33,64740.58,0,0
2023-11-07 12:45:00+05:30,64742.27,64778.45,64736.8,64761.03,0,0
2023-11-07 13:15:00+05:30,64760.13,64792.66,64719.87,64780.08,0,0
2023-11-07 13:45:00+05:30,64780.44,64924.21,64760.04,64899.22,0,0
2023-11-07 14:15:00+05:30,64899.22,64913.64,64829.33,64844.53,0,0
2023-11-07 14:45:00+05:30,64844.53,64930.0,64832.47,64894.44,0,0
2023-11-07 15:15:00+05:30,64904.37,64981.0,64891.57,64965.67,0,0
2023-11-08 09:15:00+05:30,65101.95,65124.0,64895.74,64954.84,0,0
2023-11-08 09:45:00+05:30,64953.57,65044.02,64926.48,64958.62,0,0
2023-11-08 10:15:00+05:30,64956.42,65007.84,64903.1,64952.39,0,0
2023-11-08 10:45:00+05:30,64951.78,64971.22,64851.06,64882.59,0,0
2023-11-08 11:15:00+05:30,64880.26,64978.54,64858.53,64977.24,0,0
2023-11-08 11:45:00+05:30,64976.56,64991.45,64935.93,64977.12,0,0
2023-11-08 12:15:00+05:30,64977.98,64990.88,64941.42,64961.43,0,0
2023-11-08 12:45:00+05:30,64960.51,65003.83,64921.45,64999.1,0,0
2023-11-08 13:15:00+05:30,64999.46,65046.42,64990.18,65014.08,0,0
2023-11-08 13:45:00+05:30,65014.48,65067.3,64983.66,64983.66,0,0
2023-11-08 14:15:00+05:30,64983.66,65000.42,64886.5,64928.22,0,0
2023-11-08 14:45:00+05:30,64923.81,65025.26,64913.69,65018.19,0,0
2023-11-08 15:15:00+05:30,65018.75,65022.7,64934.8,64963.6,0,0
2023-11-09 09:15:00+05:30,65025.32,65037.83,64873.48,64938.51,0,0
2023-11-09 09:45:00+05:30,64941.98,65025.66,64872.4,65018.2,0,0
2023-11-09 10:15:00+05:30,65019.19,65029.34,64907.59,64920.64,0,0
2023-11-09 10:45:00+05:30,64920.64,64970.16,64910.0,64954.67,0,0
2023-11-09 11:15:00+05:30,64953.49,65018.16,64933.61,65013.8,0,0
2023-11-09 11:45:00+05:30,65014.25,65046.56,64960.64,64973.21,0,0
2023-11-09 12:15:00+05:30,64977.37,65018.93,64964.82,64974.1,0,0
2023-11-09 12:45:00+05:30,64973.83,64978.13,64905.28,64934.45,0,0
2023-11-09 13:15:00+05:30,64934.45,64963.64,64887.3,64901.02,0,0
2023-11-09 13:45:00+05:30,64900.35,64912.68,64852.09,64895.16,0,0
2023-11-09 14:15:00+05:30,64895.16,64907.99,64802.67,64822.1,0,0
2023-11-09 14:45:00+05:30,64823.82,64843.71,64768.76,64821.65,0,0
2023-11-09 15:15:00+05:30,64822.71,64855.46,64796.99,64828.82,0,0
2023-11-10 09:15:00+05:30,64756.11,64756.11,64580.95,64659.53,0,0
2023-11-10 09:45:00+05:30,64659.53,64672.87,64602.94,64661.83,0,0
2023-11-10 10:15:00+05:30,64661.96,64764.63,64661.96,64724.65,0,0
2023-11-10 10:45:00+05:30,64724.35,64779.02,64679.68,64690.96,0,0
2023-11-10 11:15:00+05:30,64691.23,64753.2,64681.03,64738.13,0,0
2023-11-10 11:45:00+05:30,64735.44,64787.44,64692.16,64772.92,0,0
2023-11-10 12:15:00+05:30,64772.92,64817.56,64745.21,64817.56,0,0
2023-11-10 12:45:00+05:30,64818.46,64876.91,64776.36,64776.36,0,0
2023-11-10 13:15:00+05:30,64778.74,64882.17,64778.74,64863.04,0,0
2023-11-10 13:45:00+05:30,64862.62,64874.03,64753.67,64807.48,0,0
2023-11-10 14:15:00+05:30,64808.2,64809.65,64709.44,64769.27,0,0
2023-11-10 14:45:00+05:30,64769.02,64947.85,64716.58,64947.48,0,0
2023-11-10 15:15:00+05:30,64948.54,65014.06,64906.05,64985.26,0,0
2023-11-12 18:15:00+05:30,65353.58,65360.95,65218.6,65305.59,0,0
2023-11-12 18:45:00+05:30,65306.35,65309.04,65231.8,65256.66,0,0
2023-11-13 09:15:00+05:30,65158.31,65176.96,64940.7,64966.98,0,0
2023-11-13 09:45:00+05:30,64968.27,65079.27,64968.27,65055.23,0,0
2023-11-13 10:15:00+05:30,65054.22,65068.19,64856.56,64888.13,0,0
2023-11-13 10:45:00+05:30,64887.46,64907.86,64853.36,64865.57,0,0
2023-11-13 11:15:00+05:30,64866.84,64973.58,64857.53,64958.06,0,0
2023-11-13 11:45:00+05:30,64958.06,64959.09,64904.52,64932.27,0,0
2023-11-13 12:15:00+05:30,64935.9,64961.74,64911.21,64926.62,0,0
2023-11-13 12:45:00+05:30,64926.35,64948.67,64915.09,64924.41,0,0
2023-11-13 13:15:00+05:30,64924.74,64970.75,64914.45,64946.6,0,0
2023-11-13 13:45:00+05:30,64946.25,64992.92,64921.1,64984.69,0,0
2023-11-13 14:15:00+05:30,64984.09,65003.69,64944.82,64966.79,0,0
2023-11-13 14:45:00+05:30,64967.37,64975.79,64910.55,64922.23,0,0
2023-11-13 15:15:00+05:30,64922.19,64946.64,64888.36,64914.7,0,0
2023-11-15 09:15:00+05:30,65461.54,65578.95,65373.5,65497.01,0,0
2023-11-15 09:45:00+05:30,65495.39,65567.71,65495.39,65537.1,0,0
2023-11-15 10:15:00+05:30,65533.66,65559.16,65515.95,65531.75,0,0
2023-11-15 10:45:00+05:30,65533.82,65540.87,65473.54,65522.67,0,0
2023-11-15 11:15:00+05:30,65521.63,65528.0,65472.9,65477.4,0,0
2023-11-15 11:45:00+05:30,65478.4,65530.27,65473.2,65516.02,0,0
2023-11-15 12:15:00+05:30,65516.39,65554.47,65509.31,65534.15,0,0
2023-11-15 12:45:00+05:30,65535.84,65596.9,65519.78,65591.01,0,0
2023-11-15 13:15:00+05:30,65591.21,65661.27,65582.27,65615.28,0,0
2023-11-15 13:45:00+05:30,65616.46,65642.19,65576.14,65606.2,0,0
2023-11-15 14:15:00+05:30,65606.2,65668.24,65586.36,65646.94,0,0
2023-11-15 14:45:00+05:30,65647.16,65685.31,65577.74,65680.17,0,0
2023-11-15 15:15:00+05:30,65677.14,65747.65,65665.26,65695.47,0,0
2023-11-16 09:15:00+05:30,65665.87,65751.0,65507.02,65742.35,0,0
2023-11-16 09:45:00+05:30,65744.82,65825.11,65711.12,65818.45,0,0
2023-11-16 10:15:00+05:30,65817.46,65849.4,65797.68,65828.84,0,0
2023-11-16 10:45:00+05:30,65829.78,66099.5,65816.66,66093.0,0,0
2023-11-16 11:15:00+05:30,66093.99,66129.18,66061.66,66087.5,0,0
2023-11-16 11:45:00+05:30,66088.08,66150.01,66064.63,66117.77,0,0
2023-11-16 12:15:00+05:30,66117.51,66157.89,66079.87,66151.76,0,0
2023-11-16 12:45:00+05:30,66153.02,66163.68,66112.35,66151.74,0,0
2023-11-16 13:15:00+05:30,66151.75,66152.96,66100.53,66130.35,0,0
2023-11-16 13:45:00+05:30,66132.32,66186.24,66112.87,66181.18,0,0
2023-11-16 14:15:00+05:30,66182.18,66318.56,66177.84,66317.31,0,0
2023-11-16 14:45:00+05:30,66318.86,66358.37,65845.8,65887.67,0,0
2023-11-16 15:15:00+05:30,65883.46,66003.87,65854.39,65975.05,0,0
2023-11-17 09:15:00+05:30,65788.79,65961.27,65639.74,65958.93,0,0
2023-11-17 09:45:00+05:30,65958.13,66037.69,65919.12,65943.15,0,0
2023-11-17 10:15:00+05:30,65930.28,66015.54,65836.14,66014.0,0,0
2023-11-17 10:45:00+05:30,66014.45,66025.74,65892.21,65916.66,0,0
2023-11-17 11:15:00+05:30,65913.44,65955.2,65830.67,65935.3,0,0
2023-11-17 11:45:00+05:30,65935.3,65949.73,65847.26,65894.41,0,0
2023-11-17 12:15:00+05:30,65893.9,65937.15,65812.25,65933.48,0,0
2023-11-17 12:45:00+05:30,65935.27,65983.46,65852.39,65911.4,0,0
2023-11-17 13:15:00+05:30,65911.23,65922.29,65846.54,65871.29,0,0
2023-11-17 13:45:00+05:30,65871.29,65936.98,65752.57,65885.79,0,0
2023-11-17 14:15:00+05:30,65885.28,65927.08,65785.12,65837.95,0,0
2023-11-17 14:45:00+05:30,65839.69,65867.49,65762.13,65825.43,0,0
2023-11-17 15:15:00+05:30,65823.63,65844.86,65719.56,65737.09,0,0
2023-11-20 09:15:00+05:30,65787.51,65823.36,65665.58,65695.57,0,0
2023-11-20 09:45:00+05:30,65689.62,65723.16,65645.52,65685.78,0,0
2023-11-20 10:15:00+05:30,65685.56,65844.01,65678.65,65785.17,0,0
2023-11-20 10:45:00+05:30,65785.81,65812.93,65572.7,65572.7,0,0
2023-11-20 11:15:00+05:30,65572.7,65611.54,65547.8,65594.08,0,0
2023-11-20 11:45:00+05:30,65593.37,65665.82,65557.17,65650.57,0,0
2023-11-20 12:15:00+05:30,65650.82,65664.16,65607.58,65636.89,0,0
2023-11-20 12:45:00+05:30,65636.89,65695.81,65613.49,65684.11,0,0
2023-11-20 13:15:00+05:30,65684.11,65708.23,65655.17,65685.84,0,0
2023-11-20 13:45:00+05:30,65685.84,65699.2,65622.3,65663.14,0,0
2023-11-20 14:15:00+05:30,65663.78,65726.81,65647.76,65709.51,0,0
2023-11-20 14:45:00+05:30,65710.52,65738.43,65629.11,65646.73,0,0
2023-11-20 15:15:00+05:30,65645.72,65683.64,65633.97,65654.94,0,0
2023-11-21 09:15:00+05:30,65860.46,65959.06,65849.17,65952.85,0,0
2023-11-21 09:45:00+05:30,65951.99,65960.62,65859.91,65875.39,0,0
2023-11-21 10:15:00+05:30,65874.93,65928.48,65864.61,65908.25,0,0
2023-11-21 10:45:00+05:30,65908.25,65929.24,65880.4,65916.02,0,0
2023-11-21 11:15:00+05:30,65916.69,65952.97,65905.26,65925.87,0,0
2023-11-21 11:45:00+05:30,65926.32,65981.12,65914.1,65981.12,0,0
2023-11-21 12:15:00+05:30,65980.72,66082.36,65964.73,65991.62,0,0
2023-11-21 12:45:00+05:30,65991.69,66029.16,65882.34,65902.12,0,0
2023-11-21 13:15:00+05:30,65902.12,66032.31,65891.28,65992.81,0,0
2023-11-21 13:45:00+05:30,65992.81,66007.19,65957.65,65969.89,0,0
2023-11-21 14:15:00+05:30,65969.89,65980.5,65925.3,65951.19,0,0
2023-11-21 14:45:00+05:30,65953.14,65956.02,65918.41,65940.68,0,0
2023-11-21 15:15:00+05:30,65939.51,65956.97,65902.72,65922.24,0,0
2023-11-22 09:15:00+05:30,65839.62,66011.45,65835.54,65988.28,0,0
2023-11-22 09:45:00+05:30,65988.13,66054.35,65984.43,66037.55,0,0
2023-11-22 10:15:00+05:30,66036.97,66057.32,65946.65,66012.04,0,0
2023-11-22 10:45:00+05:30,66012.04,66031.48,65961.31,65972.85,0,0
2023-11-22 11:15:00+05:30,65972.33,66000.07,65941.34,65941.34,0,0
2023-11-22 11:45:00+05:30,65936.81,65940.69,65821.43,65821.43,0,0
2023-11-22 12:15:00+05:30,65819.09,65856.96,65664.85,65774.42,0,0
2023-11-22 12:45:00+05:30,65774.53,65804.35,65728.12,65797.21,0,0
2023-11-22 13:15:00+05:30,65797.64,65839.64,65782.86,65802.39,0,0
2023-11-22 13:45:00+05:30,65795.83,65821.35,65758.94,65768.78,0,0
2023-11-22 14:15:00+05:30,65767.37,66008.49,65761.16,65998.67,0,0
2023-11-22 14:45:00+05:30,65998.67,66063.43,65994.74,66020.33,0,0
2023-11-22 15:15:00+05:30,66020.33,66056.41,66002.91,66017.86,0,0
2023-11-23 09:15:00+05:30,66084.37,66235.24,66067.39,66213.24,0,0
2023-11-23 09:45:00+05:30,66213.3,66220.26,66086.09,66109.69,0,0
2023-11-23 10:15:00+05:30,66109.18,66129.4,65989.74,66002.6,0,0
2023-11-23 10:45:00+05:30,65999.56,66081.54,65996.35,66033.15,0,0
2023-11-23 11:15:00+05:30,66033.82,66077.39,66028.69,66035.74,0,0
2023-11-23 11:45:00+05:30,66035.74,66043.12,66001.79,66020.72,0,0
2023-11-23 12:15:00+05:30,66023.43,66109.29,65989.53,66052.28,0,0
2023-11-23 12:45:00+05:30,66052.99,66106.54,66000.38,66060.62,0,0
2023-11-23 13:15:00+05:30,66059.26,66084.28,66030.62,66051.52,0,0
2023-11-23 13:45:00+05:30,66051.52,66099.34,66041.06,66047.47,0,0
2023-11-23 14:15:00+05:30,66048.6,66061.34,65999.45,66016.8,0,0
2023-11-23 14:45:00+05:30,66017.05,66044.65,65980.5,66011.44,0,0
2023-11-23 15:15:00+05:30,66009.87,66070.41,65999.45,66038.97,0,0
2023-11-24 09:15:00+05:30,66000.29,66101.64,65983.79,66025.82,0,0
2023-11-24 09:45:00+05:30,66022.33,66036.95,65961.98,66019.6,0,0
2023-11-24 10:15:00+05:30,66019.6,66059.14,65970.75,66051.65,0,0
2023-11-24 10:45:00+05:30,66052.31,66052.31,66003.04,66021.38,0,0
2023-11-24 11:15:00+05:30,66022.82,66072.27,65960.65,66033.1,0,0
2023-11-24 11:45:00+05:30,66032.61,66066.5,65937.66,66037.15,0,0
2023-11-24 12:15:00+05:30,66039.31,66042.85,65988.91,66005.3,0,0
2023-11-24 12:45:00+05:30,66003.3,66040.27,65894.05,65904.26,0,0
2023-11-24 13:15:00+05:30,65903.95,65979.67,65894.87,65945.91,0,0
2023-11-24 13:45:00+05:30,65945.68,66031.05,65897.94,65985.14,0,0
2023-11-24 14:15:00+05:30,65985.14,66052.29,65922.98,65992.02,0,0
2023-11-24 14:45:00+05:30,65991.93,66036.47,65922.02,65963.35,0,0
2023-11-24 15:15:00+05:30,65962.81,66005.26,65931.08,65939.87,0,0
2023-11-28 09:15:00+05:30,66063.72,66098.8,65959.2,65985.96,0,0
2023-11-28 09:45:00+05:30,65987.33,66021.83,65935.98,65954.77,0,0
2023-11-28 10:15:00+05:30,65954.77,65997.92,65911.01,65963.25,0,0
2023-11-28 10:45:00+05:30,65962.35,65987.96,65946.84,65956.57,0,0
2023-11-28 11:15:00+05:30,65956.57,65967.93,65911.01,65922.55,0,0
2023-11-28 11:45:00+05:30,65923.64,66000.13,65923.64,65980.74,0,0
2023-11-28 12:15:00+05:30,65981.14,65989.81,65946.25,65982.3,0,0
2023-11-28 12:45:00+05:30,65982.28,65994.15,65938.82,65948.83,0,0
2023-11-28 13:15:00+05:30,65948.83,65959.01,65933.3,65952.49,0,0
2023-11-28 13:45:00+05:30,65952.49,65964.03,65906.65,65921.24,0,0
2023-11-28 14:15:00+05:30,65921.74,66143.55,65921.74,66103.83,0,0
2023-11-28 14:45:00+05:30,66101.37,66191.33,66076.08,66185.08,0,0
2023-11-28 15:15:00+05:30,66180.19,66256.2,66153.6,66232.83,0,0
2023-11-29 09:15:00+05:30,66381.26,66560.57,66374.52,66554.26,0,0
2023-11-29 09:45:00+05:30,66553.8,66588.64,66516.07,66585.04,0,0
2023-11-29 10:15:00+05:30,66584.39,66597.96,66529.92,66563.26,0,0
2023-11-29 10:45:00+05:30,66562.76,66582.23,66526.11,66573.91,0,0
2023-11-29 11:15:00+05:30,66572.98,66665.36,66550.11,66647.89,0,0
2023-11-29 11:45:00+05:30,66643.95,66663.21,66617.55,66663.21,0,0
2023-11-29 12:15:00+05:30,66662.15,66675.58,66638.38,66658.83,0,0
2023-11-29 12:45:00+05:30,66659.72,66715.2,66657.12,66701.81,0,0
2023-11-29 13:15:00+05:30,66699.33,66767.36,66688.69,66766.7,0,0
2023-11-29 13:45:00+05:30,66767.4,66830.34,66759.25,66778.45,0,0
2023-11-29 14:15:00+05:30,66783.46,66847.46,66768.8,66841.04,0,0
2023-11-29 14:45:00+05:30,66836.9,66942.52,66828.15,66940.06,0,0
2023-11-29 15:15:00+05:30,66941.31,66946.28,66876.9,66876.9,0,0
2023-11-30 09:15:00+05:30,66963.2,67020.11,66871.88,66950.39,0,0
2023-11-30 09:45:00+05:30,66950.25,66958.59,66610.35,66694.3,0,0
2023-11-30 10:15:00+05:30,66695.45,66835.59,66685.39,66835.59,0,0
2023-11-30 10:45:00+05:30,66838.91,66860.48,66697.82,66728.07,0,0
2023-11-30 11:15:00+05:30,66730.86,66746.49,66701.07,66712.9,0,0
2023-11-30 11:45:00+05:30,66712.94,66769.68,66703.75,66709.86,0,0
2023-11-30 12:15:00+05:30,66710.07,66737.83,66667.31,66731.02,0,0
2023-11-30 12:45:00+05:30,66736.27,66770.86,66714.76,66756.13,0,0
2023-11-30 13:15:00+05:30,66756.8,66881.58,66746.79,66868.07,0,0
2023-11-30 13:45:00+05:30,66868.78,66915.08,66730.61,66736.44,0,0
2023-11-30 14:15:00+05:30,66736.81,66957.72,66735.93,66946.84,0,0
2023-11-30 14:45:00+05:30,66946.51,66999.11,66856.45,66981.29,0,0
2023-11-30 15:15:00+05:30,66981.42,67069.89,66948.86,66969.52,0,0
2023-12-01 09:15:00+05:30,67181.15,67330.9,67149.07,67256.31,0,0
2023-12-01 09:45:00+05:30,67255.32,67439.48,67249.19,67434.09,0,0
2023-12-01 10:15:00+05:30,67431.32,67475.79,67400.65,67448.67,0,0
2023-12-01 10:45:00+05:30,67446.53,67485.34,67408.96,67464.68,0,0
2023-12-01 11:15:00+05:30,67463.97,67526.08,67429.63,67492.43,0,0
2023-12-01 11:45:00+05:30,67493.03,67557.14,67473.2,67475.26,0,0
2023-12-01 12:15:00+05:30,67474.31,67542.17,67449.73,67513.33,0,0
2023-12-01 12:45:00+05:30,67504.29,67549.76,67445.94,67488.95,0,0
2023-12-01 13:15:00+05:30,67488.83,67552.44,67423.57,67489.56,0,0
2023-12-01 13:45:00+05:30,67489.85,67546.7,67445.55,67474.42,0,0
2023-12-01 14:15:00+05:30,67474.4,67533.42,67352.58,67431.69,0,0
2023-12-01 14:45:00+05:30,67432.7,67564.33,67359.5,67460.96,0,0
2023-12-01 15:15:00+05:30,67464.92,67520.17,67438.1,67439.57,0,0
2023-12-04 09:15:00+05:30,68435.34,68587.82,68274.47,68487.96,0,0
2023-12-04 09:45:00+05:30,68481.43,68495.65,68368.29,68381.88,0,0
2023-12-04 10:15:00+05:30,68383.36,68411.95,68297.15,68372.17,0,0
2023-12-04 10:45:00+05:30,68373.31,68457.6,68359.46,68457.6,0,0
2023-12-04 11:15:00+05:30,68454.31,68491.05,68400.28,68455.3,0,0
2023-12-04 11:45:00+05:30,68453.57,68503.83,68434.02,68490.07,0,0
2023-12-04 12:15:00+05:30,68489.9,68500.79,68445.66,68482.87,0,0
2023-12-04 12:45:00+05:30,68482.98,68528.6,68445.94,68515.74,0,0
2023-12-04 13:15:00+05:30,68514.85,68645.23,68508.21,68625.4,0,0
2023-12-04 13:45:00+05:30,68625.4,68709.92,68540.61,68696.22,0,0
2023-12-04 14:15:00+05:30,68700.92,68807.36,68665.13,68803.71,0,0
2023-12-04 14:45:00+05:30,68802.85,68918.22,68748.78,68834.37,0,0
2023-12-04 15:15:00+05:30,68831.9,68903.45,68827.69,68856.5,0,0
2023-12-05 09:15:00+05:30,69168.53,69306.97,68954.88,69138.67,0,0
2023-12-05 09:45:00+05:30,69132.27,69251.63,69118.97,69244.9,0,0
2023-12-05 10:15:00+05:30,69248.86,69381.31,69223.97,69327.11,0,0
2023-12-05 10:45:00+05:30,69330.49,69358.8,69203.01,69244.04,0,0
2023-12-05 11:15:00+05:30,69244.04,69252.13,68999.92,69013.61,0,0
2023-12-05 11:45:00+05:30,69009.99,69143.03,68986.04,69135.04,0,0
2023-12-05 12:15:00+05:30,69133.7,69163.96,69101.94,69138.72,0,0
2023-12-05 12:45:00+05:30,69138.72,69238.95,69124.8,69201.64,0,0
2023-12-05 13:15:00+05:30,69199.7,69269.01,69156.56,69252.18,0,0
2023-12-05 13:45:00+05:30,69250.27,69250.27,69124.55,69188.73,0,0
2023-12-05 14:15:00+05:30,69188.53,69248.05,69145.97,69220.19,0,0
2023-12-05 14:45:00+05:30,69220.15,69329.02,69205.57,69303.55,0,0
2023-12-05 15:15:00+05:30,69304.12,69327.8,69263.96,69288.72,0,0
2023-12-06 09:15:00+05:30,69534.93,69614.04,69395.01,69561.51,0,0
2023-12-06 09:45:00+05:30,69559.99,69673.83,69442.21,69451.93,0,0
2023-12-06 10:15:00+05:30,69451.62,69544.74,69430.57,69472.31,0,0
2023-12-06 10:45:00+05:30,69472.18,69628.21,69472.18,69597.61,0,0
2023-12-06 11:15:00+05:30,69594.89,69632.31,69554.14,69627.17,0,0
2023-12-06 11:45:00+05:30,69627.88,69639.83,69566.13,69616.2,0,0
2023-12-06 12:15:00+05:30,69614.39,69625.33,69511.38,69516.68,0,0
2023-12-06 12:45:00+05:30,69514.3,69548.39,69458.14,69470.23,0,0
2023-12-06 13:15:00+05:30,69469.32,69566.57,69409.73,69523.32,0,0
2023-12-06 13:45:00+05:30,69520.9,69640.99,69520.66,69615.46,0,0
2023-12-06 14:15:00+05:30,69614.44,69721.15,69605.71,69715.96,0,0
2023-12-06 14:45:00+05:30,69714.71,69744.62,69647.05,69674.29,0,0
2023-12-06 15:15:00+05:30,69675.29,69685.08,69606.72,69649.3,0,0
2023-12-07 09:15:00+05:30,69694.15,69695.33,69320.53,69420.45,0,0
2023-12-07 09:45:00+05:30,69420.89,69451.83,69371.41,69400.04,0,0
2023-12-07 10:15:00+05:30,69400.43,69540.53,69373.22,69518.34,0,0
2023-12-07 10:45:00+05:30,69518.06,69621.81,69469.6,69594.77,0,0
2023-12-07 11:15:00+05:30,69595.44,69603.49,69500.83,69515.53,0,0
2023-12-07 11:45:00+05:30,69515.88,69581.09,69509.91,69562.71,0,0
2023-12-07 12:15:00+05:30,69562.71,69566.47,69509.33,69554.45,0,0
2023-12-07 12:45:00+05:30,69555.05,69584.8,69526.36,69577.9,0,0
2023-12-07 13:15:00+05:30,69579.13,69593.3,69538.07,69564.37,0,0
2023-12-07 13:45:00+05:30,69564.37,69570.34,69504.29,69528.48,0,0
2023-12-07 14:15:00+05:30,69528.48,69571.69,69506.82,69523.63,0,0
2023-12-07 14:45:00+05:30,69522.12,69557.59,69437.15,69508.89,0,0
2023-12-07 15:15:00+05:30,69514.35,69574.1,69501.15,69533.63,0,0
2023-12-08 09:15:00+05:30,69666.38,69754.86,69606.69,69747.53,0,0
2023-12-08 09:45:00+05:30,69743.7,69888.33,69710.9,69828.83,0,0
2023-12-08 10:15:00+05:30,69829.4,69877.67,69765.7,69834.82,0,0
2023-12-08 10:45:00+05:30,69830.07,69849.54,69684.96,69759.46,0,0
2023-12-08 11:15:00+05:30,69757.22,69837.49,69752.02,69811.54,0,0
2023-12-08 11:45:00+05:30,69809.47,69838.93,69748.92,69790.62,0,0
2023-12-08 12:15:00+05:30,69792.61,69840.01,69687.2,69703.04,0,0
2023-12-08 12:45:00+05:30,69697.91,69733.2,69604.06,69705.59,0,0
2023-12-08 13:15:00+05:30,69706.58,69748.22,69531.18,69531.18,0,0
2023-12-08 13:45:00+05:30,69533.33,69685.3,69506.12,69682.45,0,0
2023-12-08 14:15:00+05:30,69676.35,69757.41,69598.18,69719.43,0,0
2023-12-08 14:45:00+05:30,69720.14,69893.8,69671.54,69890.34,0,0
2023-12-08 15:15:00+05:30,69870.94,69887.97,69803.24,69843.01,0,0
2023-12-11 09:15:00+05:30,69925.63,70048.9,69797.15,69891.88,0,0
2023-12-11 09:45:00+05:30,69892.26,69988.75,69874.6,69988.75,0,0
2023-12-11 10:15:00+05:30,69988.2,70057.83,69818.8,69849.85,0,0
2023-12-11 10:45:00+05:30,69848.29,69964.62,69794.5,69964.62,0,0
2023-12-11 11:15:00+05:30,69960.91,69974.79,69878.61,69934.64,0,0
2023-12-11 11:45:00+05:30,69936.13,69943.26,69837.47,69884.0,0,0
2023-12-11 12:15:00+05:30,69881.12,69884.48,69782.48,69853.4,0,0
2023-12-11 12:45:00+05:30,69854.24,69893.29,69825.15,69872.87,0,0
2023-12-11 13:15:00+05:30,69873.59,69943.91,69863.97,69914.84,0,0
2023-12-11 13:45:00+05:30,69914.21,69929.81,69849.14,69914.94,0,0
2023-12-11 14:15:00+05:30,69915.76,69967.42,69890.82,69922.05,0,0
2023-12-11 14:45:00+05:30,69920.36,69979.41,69884.15,69927.51,0,0
2023-12-11 15:15:00+05:30,69928.09,69955.16,69866.22,69917.18,0,0
2023-12-12 09:15:00+05:30,70020.68,70033.64,69934.23,69955.71,0,0
2023-12-12 09:45:00+05:30,69958.77,70016.5,69889.24,69914.12,0,0
2023-12-12 10:15:00+05:30,69914.03,69945.66,69814.34,69900.6,0,0
2023-12-12 10:45:00+05:30,69901.27,69971.83,69895.9,69947.93,0,0
2023-12-12 11:15:00+05:30,69947.93,69957.62,69871.35,69877.63,0,0
2023-12-12 11:45:00+05:30,69877.37,69940.91,69875.49,69939.21,0,0
2023-12-12 12:15:00+05:30,69939.21,69950.01,69864.42,69864.99,0,0
2023-12-12 12:45:00+05:30,69866.35,69866.35,69746.33,69761.63,0,0
2023-12-12 13:15:00+05:30,69760.16,69794.28,69726.62,69771.25,0,0
2023-12-12 13:45:00+05:30,69774.38,69780.54,69655.97,69657.0,0,0
2023-12-12 14:15:00+05:30,69660.12,69690.13,69507.81,69514.08,0,0
2023-12-12 14:45:00+05:30,69517.44,69604.68,69443.85,69557.39,0,0
2023-12-12 15:15:00+05:30,69554.02,69589.59,69526.67,69537.16,0,0
2023-12-13 09:15:00+05:30,69648.56,69655.83,69420.82,69481.56,0,0
2023-12-13 09:45:00+05:30,69481.34,69500.07,69267.74,69353.1,0,0
2023-12-13 10:15:00+05:30,69353.31,69355.87,69207.09,69258.74,0,0
2023-12-13 10:45:00+05:30,69257.97,69365.57,69221.9,69307.37,0,0
2023-12-13 11:15:00+05:30,69307.08,69325.09,69130.48,69179.81,0,0
2023-12-13 11:45:00+05:30,69179.35,69193.18,69129.44,69158.55,0,0
2023-12-13 12:15:00+05:30,69159.15,69176.51,69100.56,69157.9,0,0
2023-12-13 12:45:00+05:30,69158.44,69308.46,69154.19,69266.12,0,0
2023-12-13 13:15:00+05:30,69265.28,69409.81,69260.93,69408.06,0,0
2023-12-13 13:45:00+05:30,69407.85,69491.16,69363.61,69448.09,0,0
2023-12-13 14:15:00+05:30,69448.09,69461.01,69342.14,69347.64,0,0
2023-12-13 14:45:00+05:30,69345.88,69628.15,69345.88,69578.43,0,0
2023-12-13 15:15:00+05:30,69579.33,69657.93,69562.43,69595.66,0,0
2023-12-14 09:15:00+05:30,70146.09,70381.24,70110.75,70346.18,0,0
2023-12-14 09:45:00+05:30,70348.56,70540.0,70343.05,70447.83,0,0
2023-12-14 10:15:00+05:30,70445.08,70468.27,70362.83,70380.72,0,0
2023-12-14 10:45:00+05:30,70381.76,70457.55,70380.45,70447.68,0,0
2023-12-14 11:15:00+05:30,70444.28,70496.11,70416.7,70477.05,0,0
2023-12-14 11:45:00+05:30,70477.05,70498.95,70402.32,70420.49,0,0
2023-12-14 12:15:00+05:30,70420.32,70465.83,70388.53,70440.54,0,0
2023-12-14 12:45:00+05:30,70440.19,70505.92,70431.49,70478.99,0,0
2023-12-14 13:15:00+05:30,70483.98,70602.89,70466.67,70588.49,0,0
2023-12-14 13:45:00+05:30,70594.12,70594.12,70491.06,70528.67,0,0
2023-12-14 14:15:00+05:30,70528.73,70568.89,70512.16,70546.96,0,0
2023-12-14 14:45:00+05:30,70547.27,70550.52,70437.27,70460.39,0,0
2023-12-14 15:15:00+05:30,70461.01,70583.91,70457.48,70529.13,0,0
2023-12-15 09:15:00+05:30,70804.13,70853.56,70655.97,70718.31,0,0
2023-12-15 09:45:00+05:30,70715.73,70976.88,70699.62,70973.72,0,0
2023-12-15 10:15:00+05:30,70969.14,71084.08,70948.23,70968.63,0,0
2023-12-15 10:45:00+05:30,70968.44,70980.31,70873.61,70948.75,0,0
2023-12-15 11:15:00+05:30,70948.73,71016.68,70935.14,71002.1,0,0
2023-12-15 11:45:00+05:30,71001.29,71033.61,70926.64,70954.25,0,0
2023-12-15 12:15:00+05:30,70953.55,71037.39,70924.56,71020.45,0,0
2023-12-15 12:45:00+05:30,71018.94,71049.34,70964.15,70970.62,0,0
2023-12-15 13:15:00+05:30,70969.24,71042.63,70954.06,71034.68,0,0
2023-12-15 13:45:00+05:30,71032.85,71171.07,71017.45,71031.78,0,0
2023-12-15 14:15:00+05:30,71032.03,71129.91,70996.08,71113.86,0,0
2023-12-15 14:45:00+05:30,71115.29,71469.93,71100.92,71464.3,0,0
2023-12-15 15:15:00+05:30,71465.67,71605.76,71457.62,71473.66,0,0
2023-12-18 09:15:00+05:30,71437.35,71534.14,71142.29,71378.34,0,0
2023-12-18 09:45:00+05:30,71370.66,71472.55,71322.49,71469.18,0,0
2023-12-18 10:15:00+05:30,71469.08,71552.24,71399.68,71450.73,0,0
2023-12-18 10:45:00+05:30,71453.82,71517.49,71426.2,71484.84,0,0
2023-12-18 11:15:00+05:30,71485.13,71550.06,71466.08,71528.51,0,0
2023-12-18 11:45:00+05:30,71531.68,71531.68,71414.23,71462.48,0,0
2023-12-18 12:15:00+05:30,71464.72,71478.79,71344.92,71433.98,0,0
2023-12-18 12:45:00+05:30,71429.51,71452.41,71306.56,71328.7,0,0
2023-12-18 13:15:00+05:30,71330.06,71402.25,71328.66,71350.22,0,0
2023-12-18 13:45:00+05:30,71350.06,71412.9,71324.86,71383.26,0,0
2023-12-18 14:15:00+05:30,71383.71,71449.56,71313.85,71320.97,0,0
2023-12-18 14:45:00+05:30,71311.0,71383.91,71298.73,71321.25,0,0
2023-12-18 15:15:00+05:30,71320.97,71343.98,71269.72,71290.98,0,0
2023-12-19 09:15:00+05:30,71479.28,71569.2,71156.35,71160.89,0,0
2023-12-19 09:45:00+05:30,71161.1,71215.54,71071.98,71125.15,0,0
2023-12-19 10:15:00+05:30,71121.06,71279.17,71120.39,71267.61,0,0
2023-12-19 10:45:00+05:30,71267.61,71296.63,71219.06,71280.5,0,0
2023-12-19 11:15:00+05:30,71282.42,71373.0,71226.15,71359.03,0,0
2023-12-19 11:45:00+05:30,71359.86,71476.79,71348.88,71405.02,0,0
2023-12-19 12:15:00+05:30,71410.65,71515.55,71394.35,71509.32,0,0
2023-12-19 12:45:00+05:30,71510.29,71533.02,71469.25,71501.39,0,0
2023-12-19 13:15:00+05:30,71502.01,71515.42,71446.9,71501.35,0,0
2023-12-19 13:45:00+05:30,71502.45,71572.86,71481.37,71552.61,0,0
2023-12-19 14:15:00+05:30,71552.56,71623.71,71521.09,71563.15,0,0
2023-12-19 14:45:00+05:30,71564.95,71578.63,71363.06,71443.67,0,0
2023-12-19 15:15:00+05:30,71442.03,71478.28,71389.18,71399.01,0,0
2023-12-20 09:15:00+05:30,71647.66,71913.07,71647.66,71853.5,0,0
2023-12-20 09:45:00+05:30,71852.45,71865.46,71699.67,71772.44,0,0
2023-12-20 10:15:00+05:30,71772.62,71813.77,71727.34,71798.45,0,0
2023-12-20 10:45:00+05:30,71798.41,71837.87,71776.29,71779.89,0,0
2023-12-20 11:15:00+05:30,71779.69,71785.74,71596.83,71631.72,0,0
2023-12-20 11:45:00+05:30,71632.07,71675.54,71521.6,71635.12,0,0
2023-12-20 12:15:00+05:30,71636.31,71643.85,71541.88,71625.69,0,0
2023-12-20 12:45:00+05:30,71624.59,71676.5,71483.09,71500.6,0,0
2023-12-20 13:15:00+05:30,71502.92,71502.92,70983.7,71283.76,0,0
2023-12-20 13:45:00+05:30,71279.48,71319.14,70824.07,70912.17,0,0
2023-12-20 14:15:00+05:30,70914.76,71044.07,70691.31,70714.49,0,0
2023-12-20 14:45:00+05:30,70715.94,70829.63,70489.62,70489.62,0,0
2023-12-20 15:15:00+05:30,70495.16,70512.12,70302.6,70359.62,0,0
2023-12-21 09:15:00+05:30,69920.89,70326.26,69920.39,70211.72,0,0
2023-12-21 09:45:00+05:30,70213.12,70442.52,70133.51,70392.2,0,0
2023-12-21 10:15:00+05:30,70392.63,70491.08,70215.85,70479.52,0,0
2023-12-21 10:45:00+05:30,70479.79,70614.49,70432.79,70524.82,0,0
2023-12-21 11:15:00+05:30,70524.82,70538.84,70416.59,70502.63,0,0
2023-12-21 11:45:00+05:30,70503.61,70643.59,70475.77,70581.69,0,0
2023-12-21 12:15:00+05:30,70580.99,70833.96,70558.47,70833.96,0,0
2023-12-21 12:45:00+05:30,70829.81,70861.31,70723.93,70825.81,0,0
2023-12-21 13:15:00+05:30,70822.82,70884.19,70612.79,70696.52,0,0
2023-12-21 13:45:00+05:30,70701.98,70794.13,70618.11,70734.86,0,0
2023-12-21 14:15:00+05:30,70734.35,70917.55,70717.23,70889.37,0,0
2023-12-21 14:45:00+05:30,70889.21,70921.79,70783.27,70886.21,0,0
2023-12-21 15:15:00+05:30,70884.08,70958.71,70851.57,70951.12,0,0
2023-12-22 09:15:00+05:30,71045.65,71045.65,70758.34,70824.78,0,0
2023-12-22 09:45:00+05:30,70829.49,71155.62,70815.05,71143.05,0,0
2023-12-22 10:15:00+05:30,71143.76,71165.58,71044.52,71113.66,0,0
2023-12-22 10:45:00+05:30,71112.27,71259.55,71101.2,71179.01,0,0
2023-12-22 11:15:00+05:30,71179.4,71235.02,71138.57,71228.58,0,0
2023-12-22 11:45:00+05:30,71228.12,71239.5,71155.16,71157.33,0,0
2023-12-22 12:15:00+05:30,71165.89,71166.95,70933.28,71022.64,0,0
2023-12-22 12:45:00+05:30,71023.57,71193.88,71023.57,71063.72,0,0
2023-12-22 13:15:00+05:30,71061.39,71161.67,70878.71,70881.92,0,0
2023-12-22 13:45:00+05:30,70881.92,71006.67,70713.56,70984.51,0,0
2023-12-22 14:15:00+05:30,70984.61,71218.15,70943.78,71157.51,0,0
2023-12-22 14:45:00+05:30,71147.61,71225.67,71055.66,71116.07,0,0
2023-12-22 15:15:00+05:30,71114.23,71163.8,71027.53,71045.58,0,0
2023-12-26 09:15:00+05:30,71097.78,71194.56,71012.08,71106.93,0,0
2023-12-26 09:45:00+05:30,71105.69,71289.77,71041.84,71246.21,0,0
2023-12-26 10:15:00+05:30,71239.54,71471.29,71239.36,71395.04,0,0
2023-12-26 10:45:00+05:30,71397.0,71425.57,71331.76,71399.94,0,0
2023-12-26 11:15:00+05:30,71399.52,71424.49,71343.9,71384.11,0,0
2023-12-26 11:45:00+05:30,71385.19,71441.62,71364.25,71415.12,0,0
2023-12-26 12:15:00+05:30,71414.17,71466.39,71344.48,71346.55,0,0
2023-12-26 12:45:00+05:30,71346.15,71373.95,71256.71,71342.6,0,0
2023-12-26 13:15:00+05:30,71341.39,71378.26,71309.8,71377.83,0,0
2023-12-26 13:45:00+05:30,71378.42,71386.48,71289.51,71311.21,0,0
2023-12-26 14:15:00+05:30,71310.41,71424.2,71306.6,71313.22,0,0
2023-12-26 14:45:00+05:30,71313.22,71370.73,71264.25,71319.84,0,0
2023-12-26 15:15:00+05:30,71321.34,71396.43,71315.89,71386.64,0,0
2023-12-27 09:15:00+05:30,71492.02,71711.86,71473.65,71709.85,0,0
2023-12-27 09:45:00+05:30,71711.69,71758.45,71679.53,71724.95,0,0
2023-12-27 10:15:00+05:30,71732.78,71797.5,71711.12,71728.86,0,0
2023-12-27 10:45:00+05:30,71726.32,71813.11,71713.41,71788.05,0,0
2023-12-27 11:15:00+05:30,71782.38,71838.13,71763.53,71797.41,0,0
2023-12-27 11:45:00+05:30,71798.92,71871.81,71777.85,71806.63,0,0
2023-12-27 12:15:00+05:30,71805.92,71809.49,71629.68,71713.86,0,0
2023-12-27 12:45:00+05:30,71711.43,71790.96,71603.63,71634.26,0,0
2023-12-27 13:15:00+05:30,71634.26,71671.61,71553.76,71626.04,0,0
2023-12-27 13:45:00+05:30,71627.58,71723.5,71615.87,71711.41,0,0
2023-12-27 14:15:00+05:30,71711.98,71830.72,71679.76,71817.23,0,0
2023-12-27 14:45:00+05:30,71817.94,72110.09,71775.05,72079.62,0,0
2023-12-27 15:15:00+05:30,72079.69,72119.85,72011.31,72011.31,0,0
2023-12-28 09:15:00+05:30,72262.67,72360.51,72200.24,72351.62,0,0
2023-12-28 09:45:00+05:30,72356.57,72406.75,72137.45,72198.79,0,0
2023-12-28 10:15:00+05:30,72200.17,72265.46,72145.81,72193.55,0,0
2023-12-28 10:45:00+05:30,72195.23,72340.8,72153.21,72309.71,0,0
2023-12-28 11:15:00+05:30,72309.77,72332.34,72260.69,72310.78,0,0
2023-12-28 11:45:00+05:30,72311.4,72343.11,72280.44,72283.97,0,0
2023-12-28 12:15:00+05:30,72279.85,72405.5,72279.25,72398.98,0,0
2023-12-28 12:45:00+05:30,72399.69,72435.7,72351.16,72401.29,0,0
2023-12-28 13:15:00+05:30,72403.3,72410.12,72312.56,72342.08,0,0
2023-12-28 13:45:00+05:30,72342.23,72418.29,72301.8,72330.83,0,0
2023-12-28 14:15:00+05:30,72330.23,72373.37,72300.04,72340.22,0,0
2023-12-28 14:45:00+05:30,72340.14,72423.54,72269.53,72402.83,0,0
2023-12-28 15:15:00+05:30,72403.89,72484.34,72357.06,72376.8,0,0
2023-12-29 09:15:00+05:30,72351.59,72417.01,72173.82,72234.33,0,0
2023-12-29 09:45:00+05:30,72237.42,72307.94,72108.98,72113.96,0,0
2023-12-29 10:15:00+05:30,72115.9,72222.57,72092.55,72190.25,0,0
2023-12-29 10:45:00+05:30,72194.49,72240.09,72152.2,72205.68,0,0
2023-12-29 11:15:00+05:30,72200.42,72309.68,72192.34,72264.56,0,0
2023-12-29 11:45:00+05:30,72264.15,72325.96,72250.36,72277.32,0,0
2023-12-29 12:15:00+05:30,72274.72,72330.57,72192.68,72200.98,0,0
2023-12-29 12:45:00+05:30,72201.7,72304.17,72186.17,72252.99,0,0
2023-12-29 13:15:00+05:30,72255.08,72313.47,72160.5,72225.63,0,0
2023-12-29 13:45:00+05:30,72226.14,72269.01,72124.64,72126.69,0,0
2023-12-29 14:15:00+05:30,72125.99,72218.95,72082.64,72160.91,0,0
2023-12-29 14:45:00+05:30,72163.36,72350.01,72136.83,72159.15,0,0
2023-12-29 15:15:00+05:30,72163.61,72270.28,72152.06,72206.35,0,0
2024-01-01 09:15:00+05:30,72218.39,72222.72,72032.97,72106.12,0,0
2024-01-01 09:45:00+05:30,72103.5,72213.13,72096.29,72115.59,0,0
2024-01-01 10:15:00+05:30,72115.51,72168.36,72059.58,72155.67,0,0
2024-01-01 10:45:00+05:30,72155.59,72223.76,72137.27,72220.08,0,0
2024-01-01 11:15:00+05:30,72220.68,72244.18,72173.05,72177.23,0,0
2024-01-01 11:45:00+05:30,72176.52,72216.62,72131.5,72212.39,0,0
2024-01-01 12:15:00+05:30,72213.88,72225.91,72116.19,72189.37,0,0
2024-01-01 12:45:00+05:30,72190.28,72252.15,72190.28,72200.81,0,0
2024-01-01 13:15:00+05:30,72201.07,72273.29,72201.07,72218.5,0,0
2024-01-01 13:45:00+05:30,72220.94,72402.3,72216.92,72397.26,0,0
2024-01-01 14:15:00+05:30,72392.61,72501.4,72373.84,72490.66,0,0
2024-01-01 14:45:00+05:30,72491.7,72561.91,72167.88,72197.14,0,0
2024-01-01 15:15:00+05:30,72197.87,72232.49,72031.23,72078.53,0,0
2024-01-02 09:15:00+05:30,72332.85,72332.85,72069.18,72193.33,0,0
2024-01-02 09:45:00+05:30,72193.21,72194.53,71839.42,71944.14,0,0
2024-01-02 10:15:00+05:30,71941.97,71965.28,71613.74,71716.4,0,0
2024-01-02 10:45:00+05:30,71712.1,71792.44,71688.87,71698.8,0,0
2024-01-02 11:15:00+05:30,71698.09,71757.49,71642.17,71694.75,0,0
2024-01-02 11:45:00+05:30,71692.05,71769.19,71660.46,71729.59,0,0
2024-01-02 12:15:00+05:30,71731.52,71857.77,71725.65,71843.0,0,0
2024-01-02 12:45:00+05:30,71837.85,71846.09,71701.8,71733.99,0,0
2024-01-02 13:15:00+05:30,71734.26,71820.69,71723.54,71785.01,0,0
2024-01-02 13:45:00+05:30,71782.86,71898.08,71751.75,71882.98,0,0
2024-01-02 14:15:00+05:30,71882.49,71958.69,71787.25,71904.36,0,0
2024-01-02 14:45:00+05:30,71907.17,71986.22,71821.82,71896.11,0,0
2024-01-02 15:15:00+05:30,71888.28,71930.24,71861.72,71874.62,0,0
2024-01-03 09:15:00+05:30,71832.62,71862.0,71499.78,71504.28,0,0
2024-01-03 09:45:00+05:30,71504.85,71621.29,71494.13,71560.71,0,0
2024-01-03 10:15:00+05:30,71561.0,71585.44,71442.23,71544.07,0,0
2024-01-03 10:45:00+05:30,71538.57,71586.45,71490.13,71568.44,0,0
2024-01-03 11:15:00+05:30,71562.14,71610.24,71513.44,71586.03,0,0
2024-01-03 11:45:00+05:30,71582.46,71648.77,71522.33,71554.78,0,0
2024-01-03 12:15:00+05:30,71551.57,71576.02,71396.39,71483.57,0,0
2024-01-03 12:45:00+05:30,71484.98,71578.37,71460.39,71569.59,0,0
2024-01-03 13:15:00+05:30,71574.46,71610.54,71523.43,71568.03,0,0
2024-01-03 13:45:00+05:30,71565.77,71592.77,71533.39,71551.74,0,0
2024-01-03 14:15:00+05:30,71550.22,71556.09,71420.38,71446.2,0,0
2024-01-03 14:45:00+05:30,71445.53,71514.99,71324.41,71364.19,0,0
2024-01-03 15:15:00+05:30,71363.15,71395.54,71303.97,71385.67,0,0
2024-01-04 09:15:00+05:30,71678.93,71741.49,71546.6,71709.94,0,0
2024-01-04 09:45:00+05:30,71710.11,71772.94,71641.49,71765.07,0,0
2024-01-04 10:15:00+05:30,71768.83,71823.75,71753.93,71793.88,0,0
2024-01-04 10:45:00+05:30,71794.42,71848.9,71742.13,71838.33,0,0
2024-01-04 11:15:00+05:30,71837.39,71862.41,71791.4,71804.95,0,0
2024-01-04 11:45:00+05:30,71805.35,71830.63,71790.73,71804.74,0,0
2024-01-04 12:15:00+05:30,71804.47,71898.09,71801.55,71888.61,0,0
2024-01-04 12:45:00+05:30,71889.92,71914.06,71861.65,71903.91,0,0
2024-01-04 13:15:00+05:30,71904.2,71907.99,71826.84,71878.71,0,0
2024-01-04 13:45:00+05:30,71878.71,71892.24,71800.83,71834.82,0,0
2024-01-04 14:15:00+05:30,71834.82,71847.15,71787.38,71795.55,0,0
2024-01-04 14:45:00+05:30,71795.66,71877.59,71787.32,71832.79,0,0
2024-01-04 15:15:00+05:30,71845.97,71954.79,71832.52,71908.8,0,0
2024-01-05 09:15:00+05:30,72016.71,72156.48,71996.98,72079.1,0,0
2024-01-05 09:45:00+05:30,72079.25,72127.44,72041.58,72065.92,0,0
2024-01-05 10:15:00+05:30,72066.13,72112.47,71969.82,71980.55,0,0
2024-01-05 10:45:00+05:30,71979.56,71991.82,71892.89,71955.69,0,0
2024-01-05 11:15:00+05:30,71955.69,71978.07,71860.8,71898.86,0,0
2024-01-05 11:45:00+05:30,71898.15,71953.63,71858.18,71925.7,0,0
2024-01-05 12:15:00+05:30,71926.66,71974.92,71893.19,71909.42,0,0
2024-01-05 12:45:00+05:30,71909.42,71984.86,71842.99,71947.72,0,0
2024-01-05 13:15:00+05:30,71947.44,71964.69,71853.82,71881.91,0,0
2024-01-05 13:45:00+05:30,71885.54,71941.33,71799.94,71818.57,0,0
2024-01-05 14:15:00+05:30,71817.69,71914.49,71779.83,71914.49,0,0
2024-01-05 14:45:00+05:30,71908.19,72106.46,71908.19,72069.18,0,0
2024-01-05 15:15:00+05:30,72066.96,72067.71,71905.26,72013.31,0,0
2024-01-08 09:15:00+05:30,72113.25,72181.77,71844.85,71896.66,0,0
2024-01-08 09:45:00+05:30,71896.42,72001.27,71813.28,71991.31,0,0
2024-01-08 10:15:00+05:30,71991.58,72099.73,71921.44,71945.23,0,0
2024-01-08 10:45:00+05:30,71944.25,71968.14,71681.45,71740.31,0,0
2024-01-08 11:15:00+05:30,71737.95,71815.84,71699.9,71804.76,0,0
2024-01-08 11:45:00+05:30,71804.43,71810.81,71521.16,71618.7,0,0
2024-01-08 12:15:00+05:30,71619.73,71701.98,71594.77,71678.28,0,0
2024-01-08 12:45:00+05:30,71678.15,71682.79,71556.23,71571.15,0,0
2024-01-08 13:15:00+05:30,71572.63,71649.36,71518.53,71528.91,0,0
2024-01-08 13:45:00+05:30,71529.69,71657.72,71504.33,71612.53,0,0
2024-01-08 14:15:00+05:30,71612.16,71632.53,71366.55,71397.1,0,0
2024-01-08 14:45:00+05:30,71394.62,71458.2,71306.53,71357.69,0,0
2024-01-08 15:15:00+05:30,71362.44,71394.15,71301.04,71363.42,0,0
2024-01-09 09:15:00+05:30,71770.91,71871.82,71639.53,71658.4,0,0
2024-01-09 09:45:00+05:30,71652.69,71815.7,71622.11,71811.76,0,0
2024-01-09 10:15:00+05:30,71813.54,71999.77,71792.39,71983.44,0,0
2024-01-09 10:45:00+05:30,71987.75,72007.76,71885.96,71952.29,0,0
2024-01-09 11:15:00+05:30,71951.18,71972.14,71885.76,71956.25,0,0
2024-01-09 11:45:00+05:30,71953.96,72004.36,71924.75,71946.82,0,0
2024-01-09 12:15:00+05:30,71944.07,72035.14,71937.73,71985.35,0,0
2024-01-09 12:45:00+05:30,71985.3,72035.47,71976.06,71988.87,0,0
2024-01-09 13:15:00+05:30,71990.22,72011.2,71940.11,71966.1,0,0
2024-01-09 13:45:00+05:30,71965.74,71971.6,71772.48,71797.6,0,0
2024-01-09 14:15:00+05:30,71797.18,71810.92,71406.7,71438.6,0,0
2024-01-09 14:45:00+05:30,71439.85,71536.87,71364.29,71401.69,0,0
2024-01-09 15:15:00+05:30,71395.03,71455.2,71307.27,71399.93,0,0
2024-01-10 09:15:00+05:30,71383.2,71447.45,71110.98,71436.84,0,0
2024-01-10 09:45:00+05:30,71441.04,71454.74,71304.67,71390.49,0,0
2024-01-10 10:15:00+05:30,71390.15,71498.83,71335.94,71355.46,0,0
2024-01-10 10:45:00+05:30,71356.17,71411.69,71299.1,71401.37,0,0
2024-01-10 11:15:00+05:30,71404.46,71474.26,71377.04,71436.88,0,0
2024-01-10 11:45:00+05:30,71436.79,71449.69,71301.7,71352.04,0,0
2024-01-10 12:15:00+05:30,71352.08,71384.94,71296.06,71296.06,0,0
2024-01-10 12:45:00+05:30,71296.77,71346.03,71166.35,71304.37,0,0
2024-01-10 13:15:00+05:30,71303.67,71328.06,71212.96,71266.63,0,0
2024-01-10 13:45:00+05:30,71269.46,71407.43,71237.99,71381.9,0,0
2024-01-10 14:15:00+05:30,71387.61,71543.78,71317.68,71496.69,0,0
2024-01-10 14:45:00+05:30,71500.38,71733.84,71467.07,71630.78,0,0
2024-01-10 15:15:00+05:30,71630.8,71700.46,71630.72,71668.05,0,0
2024-01-11 09:15:00+05:30,71907.75,71999.47,71835.38,71867.57,0,0
2024-01-11 09:45:00+05:30,71873.69,71888.44,71776.48,71822.99,0,0
2024-01-11 10:15:00+05:30,71821.75,71860.79,71731.58,71792.64,0,0
2024-01-11 10:45:00+05:30,71792.26,71805.94,71689.22,71765.28,0,0
2024-01-11 11:15:00+05:30,71763.05,71797.25,71737.13,71788.01,0,0
2024-01-11 11:45:00+05:30,71788.01,71815.79,71748.25,71753.51,0,0
2024-01-11 12:15:00+05:30,71748.19,71819.89,71729.66,71793.6,0,0
2024-01-11 12:45:00+05:30,71793.6,71826.57,71753.0,71797.56,0,0
2024-01-11 13:15:00+05:30,71800.27,71830.75,71738.28,71775.77,0,0
2024-01-11 13:45:00+05:30,71775.77,71801.77,71552.45,71577.99,0,0
2024-01-11 14:15:00+05:30,71584.49,71783.91,71543.19,71726.57,0,0
2024-01-11 14:45:00+05:30,71727.33,71774.39,71670.66,71727.36,0,0
2024-01-11 15:15:00+05:30,71724.68,71807.78,71699.58,71800.14,0,0
2024-01-12 09:15:00+05:30,72148.07,72213.89,71982.29,72057.52,0,0
2024-01-12 09:45:00+05:30,72058.26,72335.4,72036.33,72283.97,0,0
2024-01-12 10:15:00+05:30,72286.02,72378.55,72261.02,72348.42,0,0
2024-01-12 10:45:00+05:30,72349.06,72434.58,72324.39,72358.4,0,0
2024-01-12 11:15:00+05:30,72352.58,72454.1,72344.31,72386.15,0,0
2024-01-12 11:45:00+05:30,72384.06,72463.99,72297.57,72379.91,0,0
2024-01-12 12:15:00+05:30,72382.96,72460.14,72353.94,72396.15,0,0
2024-01-12 12:45:00+05:30,72399.51,72525.6,72369.29,72404.53,0,0
2024-01-12 13:15:00+05:30,72404.25,72611.06,72404.25,72607.56,0,0
2024-01-12 13:45:00+05:30,72609.77,72619.81,72488.98,72547.29,0,0
2024-01-12 14:15:00+05:30,72547.29,72720.96,72503.85,72657.06,0,0
2024-01-12 14:45:00+05:30,72658.51,72704.2,72417.42,72514.16,0,0
2024-01-12 15:15:00+05:30,72509.73,72666.25,72504.92,72657.47,0,0
2024-01-15 09:15:00+05:30,73049.87,73288.78,73021.71,73177.57,0,0
2024-01-15 09:45:00+05:30,73179.62,73201.36,72909.0,73063.82,0,0
2024-01-15 10:15:00+05:30,73067.05,73142.31,73045.38,73129.27,0,0
2024-01-15 10:45:00+05:30,73123.93,73158.44,73080.88,73146.86,0,0
2024-01-15 11:15:00+05:30,73146.13,73209.92,73079.79,73151.84,0,0
2024-01-15 11:45:00+05:30,73154.03,73190.32,73125.1,73150.48,0,0
2024-01-15 12:15:00+05:30,73151.42,73226.9,73130.13,73177.36,0,0
2024-01-15 12:45:00+05:30,73177.84,73201.49,73133.89,73192.39,0,0
2024-01-15 13:15:00+05:30,73192.78,73221.7,73137.68,73153.46,0,0
2024-01-15 13:45:00+05:30,73152.99,73267.85,73073.22,73230.16,0,0
2024-01-15 14:15:00+05:30,73227.03,73251.11,73164.02,73229.01,0,0
2024-01-15 14:45:00+05:30,73228.41,73347.73,73210.05,73290.25,0,0
2024-01-15 15:15:00+05:30,73298.16,73402.16,73284.19,73366.83,0,0
2024-01-16 09:15:00+05:30,73331.95,73336.36,73101.01,73243.8,0,0
2024-01-16 09:45:00+05:30,73243.13,73370.94,73221.34,73351.55,0,0
2024-01-16 10:15:00+05:30,73350.58,73396.53,73281.12,73368.57,0,0
2024-01-16 10:45:00+05:30,73369.02,73427.59,73355.89,73403.11,0,0
2024-01-16 11:15:00+05:30,73409.52,73416.5,73280.66,73300.02,0,0
2024-01-16 11:45:00+05:30,73297.42,73375.89,73225.21,73278.5,0,0
2024-01-16 12:15:00+05:30,73278.92,73331.12,73222.78,73258.9,0,0
2024-01-16 12:45:00+05:30,73259.21,73266.93,73084.71,73105.65,0,0
2024-01-16 13:15:00+05:30,73106.41,73154.58,72960.29,73082.7,0,0
2024-01-16 13:45:00+05:30,73087.61,73204.95,73057.72,73185.46,0,0
2024-01-16 14:15:00+05:30,73185.11,73208.0,73051.19,73156.63,0,0
2024-01-16 14:45:00+05:30,73158.87,73204.51,73124.79,73140.19,0,0
2024-01-16 15:15:00+05:30,73141.05,73161.24,73074.78,73119.99,0,0
2024-01-17 09:15:00+05:30,71998.93,72484.8,71757.54,72349.69,0,0
2024-01-17 09:45:00+05:30,72349.97,72438.62,72251.42,72282.22,0,0
2024-01-17 10:15:00+05:30,72283.45,72285.39,72067.23,72091.95,0,0
2024-01-17 10:45:00+05:30,72086.63,72122.69,72034.05,72078.4,0,0
2024-01-17 11:15:00+05:30,72074.48,72114.16,71806.05,71892.63,0,0
2024-01-17 11:45:00+05:30,71888.51,71896.24,71719.81,71862.08,0,0
2024-01-17 12:15:00+05:30,71868.04,71922.1,71742.59,71752.62,0,0
2024-01-17 12:45:00+05:30,71751.51,71789.4,71684.63,71702.84,0,0
2024-01-17 13:15:00+05:30,71701.32,71793.44,71641.88,71773.04,0,0
2024-01-17 13:45:00+05:30,71772.63,71849.07,71707.56,71788.78,0,0
2024-01-17 14:15:00+05:30,71790.55,71800.51,71515.62,71530.86,0,0
2024-01-17 14:45:00+05:30,71529.69,71633.34,71429.3,71584.69,0,0
2024-01-17 15:15:00+05:30,71579.2,71592.88,71455.84,71499.85,0,0
2024-01-18 09:15:00+05:30,71018.86,71190.85,70891.87,70947.46,0,0
2024-01-18 09:45:00+05:30,70941.66,71162.01,70665.5,71004.6,0,0
2024-01-18 10:15:00+05:30,71003.96,71178.94,70893.7,71178.94,0,0
2024-01-18 10:45:00+05:30,71173.4,71292.43,71121.61,71283.07,0,0
2024-01-18 11:15:00+05:30,71283.62,71302.68,71139.45,71209.51,0,0
2024-01-18 11:45:00+05:30,71207.65,71416.1,71207.65,71406.8,0,0
2024-01-18 12:15:00+05:30,71410.53,71451.29,71143.9,71157.35,0,0
2024-01-18 12:45:00+05:30,71154.13,71202.79,71091.68,71152.0,0,0
2024-01-18 13:15:00+05:30,71151.13,71203.14,71052.61,71103.83,0,0
2024-01-18 13:45:00+05:30,71103.83,71174.31,71088.77,71149.18,0,0
2024-01-18 14:15:00+05:30,71149.11,71243.2,71012.42,71207.86,0,0
2024-01-18 14:45:00+05:30,71208.2,71254.3,71126.77,71183.85,0,0
2024-01-18 15:15:00+05:30,71183.55,71257.72,71149.42,71235.86,0,0
2024-01-19 09:15:00+05:30,71786.74,71876.83,71649.88,71799.94,0,0
2024-01-19 09:45:00+05:30,71797.88,71841.85,71686.51,71784.54,0,0
2024-01-19 10:15:00+05:30,71783.8,71895.64,71714.27,71810.39,0,0
2024-01-19 10:45:00+05:30,71811.62,71812.21,71576.93,71604.63,0,0
2024-01-19 11:15:00+05:30,71607.52,71718.92,71547.83,71658.21,0,0
2024-01-19 11:45:00+05:30,71657.04,71691.13,71542.74,71646.36,0,0
2024-01-19 12:15:00+05:30,71640.06,71691.26,71553.52,71663.01,0,0
2024-01-19 12:45:00+05:30,71660.02,71736.67,71660.02,71735.49,0,0
2024-01-19 13:15:00+05:30,71740.34,71762.62,71565.77,71665.28,0,0
2024-01-19 13:45:00+05:30,71668.26,71726.95,71568.44,71598.16,0,0
2024-01-19 14:15:00+05:30,71600.44,71778.91,71575.07,71723.13,0,0
2024-01-19 14:45:00+05:30,71724.55,71753.82,71590.92,71677.15,0,0
2024-01-19 15:15:00+05:30,71680.0,71762.97,71670.23,71722.49,0,0
2024-01-20 09:15:00+05:30,72008.3,72026.26,71707.94,71772.36,0,0
2024-01-20 09:45:00+05:30,71772.82,71810.29,71610.25,71724.93,0,0
2024-01-20 10:15:00+05:30,71725.44,71861.21,71719.71,71855.96,0,0
2024-01-20 10:45:00+05:30,71853.63,71910.39,71778.53,71797.16,0,0
2024-01-20 11:15:00+05:30,71796.91,71814.39,71708.8,71750.83,0,0
2024-01-20 11:45:00+05:30,71751.16,71770.13,71664.76,71723.38,0,0
2024-01-20 12:15:00+05:30,71720.26,71769.42,71499.27,71552.7,0,0
2024-01-20 12:45:00+05:30,71553.95,71760.82,71540.66,71753.7,0,0
2024-01-20 13:15:00+05:30,71753.1,71802.55,71680.31,71693.94,0,0
2024-01-20 13:45:00+05:30,71689.56,71709.92,71602.49,71622.05,0,0
2024-01-20 14:15:00+05:30,71622.05,71642.6,71491.41,71525.14,0,0
2024-01-20 14:45:00+05:30,71525.1,71585.61,71312.71,71461.91,0,0
2024-01-20 15:15:00+05:30,71466.51,71510.91,71431.59,71507.18,0,0
2024-01-23 09:15:00+05:30,71868.2,72039.2,71827.09,71949.81,0,0
2024-01-23 09:45:00+05:30,71952.04,71985.68,71635.32,71734.98,0,0
2024-01-23 10:15:00+05:30,71739.37,71806.25,71322.1,71322.1,0,0
2024-01-23 10:45:00+05:30,71323.99,71421.52,71264.59,71381.98,0,0
2024-01-23 11:15:00+05:30,71383.37,71406.76,71069.69,71080.1,0,0
2024-01-23 11:45:00+05:30,71077.41,71134.65,70785.82,70836.64,0,0
2024-01-23 12:15:00+05:30,70834.58,70969.62,70819.91,70898.06,0,0
2024-01-23 12:45:00+05:30,70895.64,70908.57,70690.44,70748.3,0,0
2024-01-23 13:15:00+05:30,70746.3,70805.05,70672.56,70719.72,0,0
2024-01-23 13:45:00+05:30,70722.58,70775.99,70591.92,70617.22,0,0
2024-01-23 14:15:00+05:30,70618.47,70624.65,70345.29,70355.44,0,0
2024-01-23 14:45:00+05:30,70357.51,70494.07,70234.55,70384.73,0,0
2024-01-23 15:15:00+05:30,70378.3,70505.08,70361.07,70395.41,0,0
2024-01-24 09:15:00+05:30,70165.49,70495.93,70001.6,70437.34,0,0
2024-01-24 09:45:00+05:30,70453.28,70875.72,70445.17,70632.41,0,0
2024-01-24 10:15:00+05:30,70636.93,70906.48,70636.93,70766.91,0,0
2024-01-24 10:45:00+05:30,70765.41,70853.5,70677.76,70786.92,0,0
2024-01-24 11:15:00+05:30,70784.61,70838.62,70318.09,70574.48,0,0
2024-01-24 11:45:00+05:30,70574.23,70581.43,70331.69,70379.6,0,0
2024-01-24 12:15:00+05:30,70382.31,70512.16,70241.55,70287.94,0,0
2024-01-24 12:45:00+05:30,70287.94,70655.08,70284.97,70539.8,0,0
2024-01-24 13:15:00+05:30,70541.8,70649.3,70485.58,70517.17,0,0
2024-01-24 13:45:00+05:30,70517.25,70703.64,70497.17,70656.92,0,0
2024-01-24 14:15:00+05:30,70657.5,70970.58,70572.44,70968.7,0,0
2024-01-24 14:45:00+05:30,70963.51,71064.83,70843.54,71064.42,0,0
2024-01-24 15:15:00+05:30,71063.66,71149.61,71050.15,71067.87,0,0
2024-01-25 09:15:00+05:30,71022.1,71049.46,70733.82,70785.08,0,0
2024-01-25 09:45:00+05:30,70768.17,70847.28,70622.71,70740.98,0,0
2024-01-25 10:15:00+05:30,70735.4,70745.63,70423.66,70500.81,0,0
2024-01-25 10:45:00+05:30,70499.68,70514.42,70324.14,70390.08,0,0
2024-01-25 11:15:00+05:30,70390.36,70742.88,70374.72,70656.58,0,0
2024-01-25 11:45:00+05:30,70658.82,70675.16,70401.57,70511.7,0,0
2024-01-25 12:15:00+05:30,70511.76,70532.05,70366.55,70461.46,0,0
2024-01-25 12:45:00+05:30,70467.11,70537.39,70319.04,70445.24,0,0
2024-01-25 13:15:00+05:30,70445.39,70477.04,70361.39,70429.13,0,0
2024-01-25 13:45:00+05:30,70427.82,70537.33,70424.5,70447.93,0,0
2024-01-25 14:15:00+05:30,70445.94,70495.7,70325.87,70368.38,0,0
2024-01-25 14:45:00+05:30,70366.3,70710.53,70338.46,70645.82,0,0
2024-01-25 15:15:00+05:30,70649.31,70849.46,70637.35,70751.21,0,0
2024-01-29 09:15:00+05:30,70968.1,71353.23,70880.54,71261.18,0,0
2024-01-29 09:45:00+05:30,71264.22,71453.81,71239.08,71397.88,0,0
2024-01-29 10:15:00+05:30,71397.23,71546.41,71388.32,71489.87,0,0
2024-01-29 10:45:00+05:30,71493.83,71589.64,71477.05,71557.69,0,0
2024-01-29 11:15:00+05:30,71556.28,71647.91,71414.05,71589.46,0,0
2024-01-29 11:45:00+05:30,71589.01,71694.68,71578.25,71683.64,0,0
2024-01-29 12:15:00+05:30,71683.08,71758.35,71660.62,71758.35,0,0
2024-01-29 12:45:00+05:30,71753.47,71865.92,71752.11,71834.69,0,0
2024-01-29 13:15:00+05:30,71834.97,71845.36,71703.19,71832.79,0,0
2024-01-29 13:45:00+05:30,71831.57,71965.28,71797.01,71885.99,0,0
2024-01-29 14:15:00+05:30,71885.47,71967.69,71821.17,71899.63,0,0
2024-01-29 14:45:00+05:30,71904.45,71978.42,71770.03,71930.55,0,0
2024-01-29 15:15:00+05:30,71928.45,72010.22,71899.06,71911.94,0,0
2024-01-30 09:15:00+05:30,72000.2,72142.23,71748.67,71953.47,0,0
2024-01-30 09:45:00+05:30,71951.42,71961.41,71757.02,71937.44,0,0
2024-01-30 10:15:00+05:30,71930.54,71953.2,71752.73,71770.51,0,0
2024-01-30 10:45:00+05:30,71767.48,71787.01,71572.79,71635.42,0,0
2024-01-30 11:15:00+05:30,71635.42,71771.49,71586.01,71750.51,0,0
2024-01-30 11:45:00+05:30,71750.62,71806.28,71700.0,71732.58,0,0
2024-01-30 12:15:00+05:30,71728.82,71736.59,71612.68,71625.97,0,0
2024-01-30 12:45:00+05:30,71625.94,71686.89,71573.54,71605.7,0,0
2024-01-30 13:15:00+05:30,71600.03,71681.83,71517.55,71657.71,0,0
2024-01-30 13:45:00+05:30,71657.03,71661.92,71488.03,71593.55,0,0
2024-01-30 14:15:00+05:30,71592.72,71607.73,71260.84,71282.22,0,0
2024-01-30 14:45:00+05:30,71275.94,71340.91,71075.72,71170.07,0,0
2024-01-30 15:15:00+05:30,71172.25,71200.93,71123.17,71183.09,0,0
2024-01-31 09:15:00+05:30,71073.04,71300.58,70846.04,71261.82,0,0
2024-01-31 09:45:00+05:30,71267.43,71426.73,71143.21,71414.86,0,0
2024-01-31 10:15:00+05:30,71414.74,71573.51,71357.64,71478.36,0,0
2024-01-31 10:45:00+05:30,71479.26,71680.66,71462.54,71632.02,0,0
2024-01-31 11:15:00+05:30,71627.02,71800.05,71593.48,71744.68,0,0
2024-01-31 11:45:00+05:30,71747.79,71851.39,71737.46,71781.09,0,0
2024-01-31 12:15:00+05:30,71781.09,71810.85,71563.65,71594.84,0,0
2024-01-31 12:45:00+05:30,71595.27,71715.46,71557.42,71691.49,0,0
2024-01-31 13:15:00+05:30,71690.59,71744.05,71581.73,71639.39,0,0
2024-01-31 13:45:00+05:30,71638.08,71680.57,71563.19,71653.66,0,0
2024-01-31 14:15:00+05:30,71648.15,71679.66,71550.73,71678.45,0,0
2024-01-31 14:45:00+05:30,71678.37,71797.79,71595.81,71765.74,0,0
2024-01-31 15:15:00+05:30,71765.56,71785.49,71659.07,71683.09,0,0
2024-02-01 09:15:00+05:30,71998.78,72000.51,71618.36,71778.54,0,0
2024-02-01 09:45:00+05:30,71780.25,72034.0,71769.48,71996.74,0,0
2024-02-01 10:15:00+05:30,71994.51,72020.32,71899.78,71999.13,0,0
2024-02-01 10:45:00+05:30,72000.3,72151.02,71920.73,72014.83,0,0
2024-02-01 11:15:00+05:30,72016.75,72018.36,71642.83,71864.56,0,0
2024-02-01 11:45:00+05:30,71865.36,71986.38,71584.87,71825.08,0,0
2024-02-01 12:15:00+05:30,71823.22,71848.38,71688.73,71747.62,0,0
2024-02-01 12:45:00+05:30,71747.27,71894.81,71718.2,71758.91,0,0
2024-02-01 13:15:00+05:30,71754.31,71786.2,71586.63,71668.05,0,0
2024-02-01 13:45:00+05:30,71667.59,71758.11,71636.82,71731.61,0,0
2024-02-01 14:15:00+05:30,71732.97,71743.53,71647.45,71647.96,0,0
2024-02-01 14:45:00+05:30,71651.29,71777.92,71600.96,71618.75,0,0
2024-02-01 15:15:00+05:30,71614.5,71682.4,71574.89,71636.74,0,0
2024-02-02 09:15:00+05:30,71977.56,72543.29,71977.56,72421.35,0,0
2024-02-02 09:45:00+05:30,72421.2,72455.37,72309.93,72418.5,0,0
2024-02-02 10:15:00+05:30,72419.79,72439.66,72353.91,72388.08,0,0
2024-02-02 10:45:00+05:30,72384.32,72682.99,72343.36,72616.48,0,0
2024-02-02 11:15:00+05:30,72613.1,73089.4,72613.1,72941.81,0,0
2024-02-02 11:45:00+05:30,72943.28,73003.45,72786.61,72831.46,0,0
2024-02-02 12:15:00+05:30,72831.12,72850.42,72090.53,72435.66,0,0
2024-02-02 12:45:00+05:30,72434.47,72457.09,72070.14,72080.39,0,0
2024-02-02 13:15:00+05:30,72078.81,72176.59,71948.77,72094.4,0,0
2024-02-02 13:45:00+05:30,72094.34,72236.41,72062.2,72192.33,0,0
2024-02-02 14:15:00+05:30,72192.82,72240.63,72056.5,72205.87,0,0
2024-02-02 14:45:00+05:30,72205.92,72215.34,71983.34,72074.22,0,0
2024-02-02 15:15:00+05:30,72072.99,72100.99,71996.75,72077.01,0,0
2024-02-05 09:15:00+05:30,72270.12,72279.06,71972.77,72150.73,0,0
2024-02-05 09:45:00+05:30,72148.61,72385.93,72134.38,72248.26,0,0
2024-02-05 10:15:00+05:30,72246.18,72290.06,71997.14,72156.77,0,0
2024-02-05 10:45:00+05:30,72157.19,72198.66,72103.56,72188.28,0,0
2024-02-05 11:15:00+05:30,72189.45,72267.86,72131.98,72192.78,0,0
2024-02-05 11:45:00+05:30,72194.09,72263.33,72135.2,72205.35,0,0
2024-02-05 12:15:00+05:30,72211.35,72282.82,72128.74,72208.28,0,0
2024-02-05 12:45:00+05:30,72208.94,72327.38,72206.58,72264.43,0,0
2024-02-05 13:15:00+05:30,72268.53,72319.07,72156.25,72203.43,0,0
2024-02-05 13:45:00+05:30,72204.74,72277.17,72049.57,72169.67,0,0
2024-02-05 14:15:00+05:30,72172.55,72183.7,71693.28,71745.23,0,0
2024-02-05 14:45:00+05:30,71738.33,71875.56,71602.14,71742.88,0,0
2024-02-05 15:15:00+05:30,71746.19,71753.88,71678.2,71708.78,0,0
2024-02-06 09:15:00+05:30,71970.82,72001.26,71625.18,71964.27,0,0
2024-02-06 09:45:00+05:30,71966.23,72090.3,71952.39,72013.67,0,0
2024-02-06 10:15:00+05:30,72011.88,72044.45,71735.18,71871.17,0,0
2024-02-06 10:45:00+05:30,71869.66,71971.25,71828.44,71955.77,0,0
2024-02-06 11:15:00+05:30,71955.97,72123.18,71926.43,72041.2,0,0
2024-02-06 11:45:00+05:30,72040.54,72128.21,72024.83,72125.17,0,0
2024-02-06 12:15:00+05:30,72126.55,72188.87,72050.18,72132.4,0,0
2024-02-06 12:45:00+05:30,72133.29,72179.31,72049.34,72146.62,0,0
2024-02-06 13:15:00+05:30,72146.76,72216.81,72058.99,72185.81,0,0
2024-02-06 13:45:00+05:30,72186.83,72210.49,72099.82,72142.85,0,0
2024-02-06 14:15:00+05:30,72142.38,72261.4,72133.34,72221.11,0,0
2024-02-06 14:45:00+05:30,72221.0,72228.58,72081.14,72148.71,0,0
2024-02-06 15:15:00+05:30,72149.13,72254.72,72129.56,72221.78,0,0
2024-02-07 09:15:00+05:30,72548.5,72559.21,72279.17,72288.98,0,0
2024-02-07 09:45:00+05:30,72291.18,72433.45,72277.01,72414.67,0,0
2024-02-07 10:15:00+05:30,72416.44,72460.15,72195.97,72244.79,0,0
2024-02-07 10:45:00+05:30,72242.8,72313.49,72155.9,72250.59,0,0
2024-02-07 11:15:00+05:30,72250.59,72263.09,71970.99,72043.72,0,0
2024-02-07 11:45:00+05:30,72042.27,72076.77,71938.22,72002.28,0,0
2024-02-07 12:15:00+05:30,72004.04,72131.12,71998.48,72046.89,0,0
2024-02-07 12:45:00+05:30,72051.22,72100.6,71984.77,72062.65,0,0
2024-02-07 13:15:00+05:30,72059.09,72197.55,72005.47,72154.22,0,0
2024-02-07 13:45:00+05:30,72154.08,72289.31,72062.7,72255.86,0,0
2024-02-07 14:15:00+05:30,72257.24,72321.69,72079.57,72145.01,0,0
2024-02-07 14:45:00+05:30,72150.52,72207.39,72098.74,72160.04,0,0
2024-02-07 15:15:00+05:30,72157.8,72236.3,72110.54,72210.22,0,0
2024-02-08 09:15:00+05:30,72473.42,72473.42,72246.57,72289.22,0,0
2024-02-08 09:45:00+05:30,72290.94,72372.02,72099.48,72154.9,0,0
2024-02-08 10:15:00+05:30,72154.14,72251.92,71936.54,71962.26,0,0
2024-02-08 10:45:00+05:30,71960.85,72046.21,71405.38,71489.26,0,0
2024-02-08 11:15:00+05:30,71484.81,71605.15,71456.36,71597.9,0,0
2024-02-08 11:45:00+05:30,71595.23,71709.5,71548.37,71686.16,0,0
2024-02-08 12:15:00+05:30,71687.11,71698.94,71561.94,71675.41,0,0
2024-02-08 12:45:00+05:30,71673.88,71711.0,71606.03,71683.29,0,0
2024-02-08 13:15:00+05:30,71685.17,71710.61,71571.58,71606.35,0,0
2024-02-08 13:45:00+05:30,71607.36,71631.99,71414.62,71418.93,0,0
2024-02-08 14:15:00+05:30,71417.32,71480.71,71261.12,71322.86,0,0
2024-02-08 14:45:00+05:30,71321.37,71467.28,71230.62,71412.36,0,0
2024-02-08 15:15:00+05:30,71414.19,71568.22,71384.02,71568.22,0,0
2024-02-09 09:15:00+05:30,71410.29,71640.98,71200.31,71539.37,0,0
2024-02-09 09:45:00+05:30,71537.48,71589.07,71302.72,71585.73,0,0
2024-02-09 10:15:00+05:30,71584.67,71584.67,71357.34,71419.72,0,0
2024-02-09 10:45:00+05:30,71418.28,71480.29,71236.62,71396.57,0,0
2024-02-09 11:15:00+05:30,71395.91,71561.51,71275.9,71508.52,0,0
2024-02-09 11:45:00+05:30,71507.97,71563.92,71431.36,71495.3,0,0
2024-02-09 12:15:00+05:30,71498.74,71616.48,71424.95,71527.81,0,0
2024-02-09 12:45:00+05:30,71527.1,71554.73,71400.8,71535.26,0,0
2024-02-09 13:15:00+05:30,71535.06,71557.35,71400.54,71497.91,0,0
2024-02-09 13:45:00+05:30,71503.39,71567.65,71457.25,71535.8,0,0
2024-02-09 14:15:00+05:30,71536.48,71670.79,71501.17,71567.23,0,0
2024-02-09 14:45:00+05:30,71569.01,71676.49,71511.46,71596.6,0,0
2024-02-09 15:15:00+05:30,71596.17,71628.09,71552.56,71619.1,0,0
2024-02-12 09:15:00+05:30,71722.31,71756.58,71432.55,71469.22,0,0
2024-02-12 09:45:00+05:30,71465.33,71504.15,71273.55,71331.43,0,0
2024-02-12 10:15:00+05:30,71333.49,71412.62,71139.11,71282.72,0,0
2024-02-12 10:45:00+05:30,71281.53,71421.96,71208.03,71414.24,0,0
2024-02-12 11:15:00+05:30,71414.02,71468.08,71345.69,71366.65,0,0
2024-02-12 11:45:00+05:30,71365.45,71380.48,71076.68,71154.01,0,0
2024-02-12 12:15:00+05:30,71154.19,71274.31,71145.34,71228.66,0,0
2024-02-12 12:45:00+05:30,71229.06,71240.41,70922.57,71041.07,0,0
2024-02-12 13:15:00+05:30,71040.89,71189.18,70969.73,71095.2,0,0
2024-02-12 13:45:00+05:30,71095.96,71292.21,71016.66,71284.29,0,0
2024-02-12 14:15:00+05:30,71281.97,71307.13,71098.83,71158.37,0,0
2024-02-12 14:45:00+05:30,71156.12,71202.1,70982.73,71022.04,0,0
2024-02-12 15:15:00+05:30,71018.43,71138.9,70979.79,71072.85,0,0
2024-02-13 09:15:00+05:30,71292.08,71316.39,70924.3,71192.13,0,0
2024-02-13 09:45:00+05:30,71192.89,71503.89,71099.94,71494.95,0,0
2024-02-13 10:15:00+05:30,71488.67,71505.67,71407.46,71467.26,0,0
2024-02-13 10:45:00+05:30,71466.87,71631.84,71447.4,71627.17,0,0
2024-02-13 11:15:00+05:30,71628.31,71634.7,71434.69,71460.77,0,0
2024-02-13 11:45:00+05:30,71459.25,71541.78,71262.12,71264.62,0,0
2024-02-13 12:15:00+05:30,71264.4,71342.55,71193.9,71248.16,0,0
2024-02-13 12:45:00+05:30,71245.03,71496.71,71231.85,71406.58,0,0
2024-02-13 13:15:00+05:30,71406.58,71591.47,71388.97,71557.83,0,0
2024-02-13 13:45:00+05:30,71560.82,71662.74,71514.72,71527.8,0,0
2024-02-13 14:15:00+05:30,71527.8,71619.92,71467.16,71503.66,0,0
2024-02-13 14:45:00+05:30,71502.22,71619.86,71467.18,71593.84,0,0
2024-02-13 15:15:00+05:30,71592.73,71610.0,71452.35,71502.61,0,0
2024-02-14 09:15:00+05:30,71035.25,71038.92,70809.84,70952.19,0,0
2024-02-14 09:45:00+05:30,70957.43,71100.8,70898.5,71094.85,0,0
2024-02-14 10:15:00+05:30,71095.05,71153.56,71007.18,71042.91,0,0
2024-02-14 10:45:00+05:30,71039.15,71211.05,71004.15,71085.27,0,0
2024-02-14 11:15:00+05:30,71088.34,71128.09,70971.52,71055.0,0,0
2024-02-14 11:45:00+05:30,71054.3,71144.2,71032.22,71113.58,0,0
2024-02-14 12:15:00+05:30,71112.57,71292.72,71109.58,71242.67,0,0
2024-02-14 12:45:00+05:30,71241.88,71400.85,71214.64,71339.88,0,0
2024-02-14 13:15:00+05:30,71339.02,71343.82,71167.91,71248.46,0,0
2024-02-14 13:45:00+05:30,71248.71,71439.27,71206.56,71434.87,0,0
2024-02-14 14:15:00+05:30,71433.69,71759.66,71428.27,71755.96,0,0
2024-02-14 14:45:00+05:30,71754.05,71938.59,71668.46,71742.17,0,0
2024-02-14 15:15:00+05:30,71737.22,71873.39,71693.27,71833.74,0,0
2024-02-15 09:15:00+05:30,72061.47,72090.49,71698.0,71723.14,0,0
2024-02-15 09:45:00+05:30,71729.37,71977.83,71644.44,71928.27,0,0
2024-02-15 10:15:00+05:30,71935.79,71973.52,71813.12,71864.27,0,0
2024-02-15 10:45:00+05:30,71866.21,71905.75,71755.51,71870.58,0,0
2024-02-15 11:15:00+05:30,71870.4,71895.22,71790.73,71837.12,0,0
2024-02-15 11:45:00+05:30,71839.15,71907.28,71805.06,71844.88,0,0
2024-02-15 12:15:00+05:30,71844.88,71890.73,71732.75,71798.55,0,0
2024-02-15 12:45:00+05:30,71800.48,71862.69,71766.15,71844.35,0,0
2024-02-15 13:15:00+05:30,71844.63,72127.24,71779.09,72121.06,0,0
2024-02-15 13:45:00+05:30,72121.06,72164.97,72050.63,72050.8,0,0
2024-02-15 14:15:00+05:30,72047.83,72047.83,71919.89,71997.88,0,0
2024-02-15 14:45:00+05:30,71996.13,72075.63,71956.41,72030.39,0,0
2024-02-15 15:15:00+05:30,72027.5,72130.02,72016.23,72091.53,0,0
2024-02-16 09:15:00+05:30,72406.02,72419.02,72234.76,72283.18,0,0
2024-02-16 09:45:00+05:30,72284.23,72415.73,72218.1,72415.73,0,0
2024-02-16 10:15:00+05:30,72408.31,72450.31,72347.1,72399.54,0,0
2024-02-16 10:45:00+05:30,72403.83,72469.45,72360.46,72425.63,0,0
2024-02-16 11:15:00+05:30,72421.88,72442.46,72328.67,72386.12,0,0
2024-02-16 11:45:00+05:30,72383.91,72443.82,72289.47,72422.14,0,0
2024-02-16 12:15:00+05:30,72420.2,72460.72,72354.32,72460.72,0,0
2024-02-16 12:45:00+05:30,72458.87,72484.14,72370.19,72449.75,0,0
2024-02-16 13:15:00+05:30,72443.4,72511.75,72341.39,72481.08,0,0
2024-02-16 13:45:00+05:30,72482.61,72516.43,72373.55,72427.56,0,0
2024-02-16 14:15:00+05:30,72428.27,72545.33,72344.7,72431.22,0,0
2024-02-16 14:45:00+05:30,72430.38,72529.18,72375.28,72412.79,0,0
2024-02-16 15:15:00+05:30,72410.16,72443.43,72343.08,72415.65,0,0
2024-02-19 09:15:00+05:30,72627.6,72675.46,72400.96,72446.35,0,0
2024-02-19 09:45:00+05:30,72446.47,72460.28,72308.68,72443.93,0,0
2024-02-19 10:15:00+05:30,72442.36,72582.5,72429.99,72506.01,0,0
2024-02-19 10:45:00+05:30,72511.88,72653.76,72510.59,72647.05,0,0
2024-02-19 11:15:00+05:30,72646.59,72739.97,72604.51,72696.92,0,0
2024-02-19 11:45:00+05:30,72696.39,72765.87,72663.95,72734.72,0,0
2024-02-19 12:15:00+05:30,72740.44,72800.43,72698.27,72776.04,0,0
2024-02-19 12:45:00+05:30,72772.28,72804.22,72742.28,72801.28,0,0
2024-02-19 13:15:00+05:30,72801.93,72827.33,72694.94,72756.13,0,0
2024-02-19 13:45:00+05:30,72758.07,72813.1,72750.5,72771.83,0,0
2024-02-19 14:15:00+05:30,72780.93,72881.93,72768.67,72795.6,0,0
2024-02-19 14:45:00+05:30,72798.45,72817.7,72639.06,72706.66,0,0
2024-02-19 15:15:00+05:30,72708.48,72767.22,72688.16,72702.05,0,0
2024-02-20 09:15:00+05:30,72727.87,72743.39,72510.24,72708.1,0,0
2024-02-20 09:45:00+05:30,72699.15,72730.05,72533.73,72701.44,0,0
2024-02-20 10:15:00+05:30,72706.65,72857.22,72705.19,72729.65,0,0
2024-02-20 10:45:00+05:30,72732.96,72762.43,72672.77,72757.73,0,0
2024-02-20 11:15:00+05:30,72758.01,72886.09,72756.93,72819.08,0,0
2024-02-20 11:45:00+05:30,72822.97,72996.61,72809.36,72948.93,0,0
2024-02-20 12:15:00+05:30,72950.34,72961.41,72914.36,72951.74,0,0
2024-02-20 12:45:00+05:30,72947.17,72969.17,72876.25,72887.02,0,0
2024-02-20 13:15:00+05:30,72882.03,72978.37,72849.43,72934.54,0,0
2024-02-20 13:45:00+05:30,72932.88,72938.31,72684.95,72784.6,0,0
2024-02-20 14:15:00+05:30,72785.01,72934.05,72785.01,72872.42,0,0
2024-02-20 14:45:00+05:30,72873.97,73093.49,72840.54,73089.38,0,0
2024-02-20 15:15:00+05:30,73086.62,73130.69,73060.26,73094.67,0,0
2024-02-21 09:15:00+05:30,73267.48,73267.8,73027.59,73194.15,0,0
2024-02-21 09:45:00+05:30,73190.22,73230.75,73058.27,73101.91,0,0
2024-02-21 10:15:00+05:30,73103.56,73155.62,72958.74,72958.74,0,0
2024-02-21 10:45:00+05:30,72961.56,73136.86,72930.84,73091.73,0,0
2024-02-21 11:15:00+05:30,73093.81,73135.98,72997.32,73120.58,0,0
2024-02-21 11:45:00+05:30,73120.31,73123.93,73060.94,73098.48,0,0
2024-02-21 12:15:00+05:30,73098.99,73152.71,73089.38,73091.91,0,0
2024-02-21 12:45:00+05:30,73093.16,73193.04,73080.79,73139.31,0,0
2024-02-21 13:15:00+05:30,73139.09,73143.08,73036.61,73067.94,0,0
2024-02-21 13:45:00+05:30,73069.16,73071.68,72759.5,72793.88,0,0
2024-02-21 14:15:00+05:30,72791.6,72876.99,72483.73,72554.5,0,0
2024-02-21 14:45:00+05:30,72552.17,72772.58,72450.56,72759.91,0,0
2024-02-21 15:15:00+05:30,72760.65,72778.52,72497.96,72563.88,0,0
2024-02-22 09:15:00+05:30,72677.51,72724.53,72346.87,72619.15,0,0
2024-02-22 09:45:00+05:30,72614.19,72668.9,72156.93,72243.65,0,0
2024-02-22 10:15:00+05:30,72243.04,72290.1,72089.06,72278.66,0,0
2024-02-22 10:45:00+05:30,72276.48,72276.48,72081.36,72241.65,0,0
2024-02-22 11:15:00+05:30,72241.82,72338.22,72160.76,72324.38,0,0
2024-02-22 11:45:00+05:30,72324.84,72386.4,72253.28,72323.12,0,0
2024-02-22 12:15:00+05:30,72323.82,72367.19,72264.88,72340.51,0,0
2024-02-22 12:45:00+05:30,72340.12,72367.25,72263.21,72320.31,0,0
2024-02-22 13:15:00+05:30,72324.26,72532.47,72306.03,72501.34,0,0
2024-02-22 13:45:00+05:30,72501.74,72810.94,72501.74,72649.73,0,0
2024-02-22 14:15:00+05:30,72651.21,72835.8,72599.3,72793.49,0,0
2024-02-22 14:45:00+05:30,72793.41,73223.0,72787.9,73134.84,0,0
2024-02-22 15:15:00+05:30,73121.59,73256.39,73102.66,73140.05,0,0
2024-02-23 09:15:00+05:30,73394.44,73413.93,73155.98,73282.24,0,0
2024-02-23 09:45:00+05:30,73282.46,73334.07,73208.55,73330.11,0,0
2024-02-23 10:15:00+05:30,73331.36,73381.57,73145.28,73221.41,0,0
2024-02-23 10:45:00+05:30,73221.17,73313.16,73190.65,73230.27,0,0
2024-02-23 11:15:00+05:30,73230.39,73297.84,73207.33,73284.17,0,0
2024-02-23 11:45:00+05:30,73284.17,73301.52,73150.84,73215.7,0,0
2024-02-23 12:15:00+05:30,73214.67,73324.71,73200.63,73288.81,0,0
2024-02-23 12:45:00+05:30,73288.97,73316.36,73228.7,73265.71,0,0
2024-02-23 13:15:00+05:30,73265.86,73315.48,73073.86,73176.59,0,0
2024-02-23 13:45:00+05:30,73173.61,73279.06,73118.66,73119.44,0,0
2024-02-23 14:15:00+05:30,73119.55,73246.65,73098.43,73223.7,0,0
2024-02-23 14:45:00+05:30,73222.87,73238.74,73094.75,73132.27,0,0
2024-02-23 15:15:00+05:30,73125.69,73192.9,73022.0,73059.74,0,0
2024-02-26 09:15:00+05:30,73044.81,73074.4,72888.07,73070.22,0,0
2024-02-26 09:45:00+05:30,73073.13,73092.26,72803.52,72901.08,0,0
2024-02-26 10:15:00+05:30,72907.11,72907.94,72797.25,72821.37,0,0
2024-02-26 10:45:00+05:30,72820.19,72868.93,72741.53,72814.85,0,0
2024-02-26 11:15:00+05:30,72816.13,72853.22,72741.2,72769.89,0,0
2024-02-26 11:45:00+05:30,72772.21,72800.08,72700.5,72736.65,0,0
2024-02-26 12:15:00+05:30,72739.38,72799.93,72666.82,72758.86,0,0
2024-02-26 12:45:00+05:30,72763.23,72919.86,72737.11,72884.72,0,0
2024-02-26 13:15:00+05:30,72883.93,72946.64,72842.84,72844.75,0,0
2024-02-26 13:45:00+05:30,72843.37,72976.11,72843.37,72904.12,0,0
2024-02-26 14:15:00+05:30,72903.36,72969.66,72842.57,72858.46,0,0
2024-02-26 14:45:00+05:30,72857.04,72872.76,72757.63,72798.31,0,0
2024-02-26 15:15:00+05:30,72802.24,72821.34,72756.09,72790.91,0,0
2024-02-27 09:15:00+05:30,72723.53,72864.49,72660.13,72816.75,0,0
2024-02-27 09:45:00+05:30,72816.75,72889.95,72738.73,72751.43,0,0
2024-02-27 10:15:00+05:30,72752.05,72841.37,72739.98,72841.37,0,0
2024-02-27 10:45:00+05:30,72843.23,72923.48,72833.73,72893.8,0,0
2024-02-27 11:15:00+05:30,72893.57,72969.75,72829.52,72910.38,0,0
2024-02-27 11:45:00+05:30,72906.03,72918.11,72775.73,72822.51,0,0
2024-02-27 12:15:00+05:30,72822.37,72962.25,72799.32,72955.6,0,0
2024-02-27 12:45:00+05:30,72956.58,73136.04,72948.69,73133.78,0,0
2024-02-27 13:15:00+05:30,73132.72,73159.65,73008.09,73017.47,0,0
2024-02-27 13:45:00+05:30,73017.54,73021.76,72906.8,73015.89,0,0
2024-02-27 14:15:00+05:30,73016.03,73092.28,72951.15,73053.85,0,0
2024-02-27 14:45:00+05:30,73054.34,73161.3,73020.26,73117.04,0,0
2024-02-27 15:15:00+05:30,73116.54,73118.69,73031.56,73060.9,0,0
2024-02-28 09:15:00+05:30,73162.82,73178.28,73044.44,73140.17,0,0
2024-02-28 09:45:00+05:30,73137.08,73223.11,73011.67,73183.26,0,0
2024-02-28 10:15:00+05:30,73184.66,73207.83,73099.96,73144.6,0,0
2024-02-28 10:45:00+05:30,73142.81,73143.74,72534.5,72677.64,0,0
2024-02-28 11:15:00+05:30,72673.52,72756.56,72562.34,72562.34,0,0
2024-02-28 11:45:00+05:30,72562.5,72621.98,72487.5,72620.64,0,0
2024-02-28 12:15:00+05:30,72620.73,72663.59,72583.94,72655.17,0,0
2024-02-28 12:45:00+05:30,72655.64,72663.07,72299.72,72317.79,0,0
2024-02-28 13:15:00+05:30,72315.01,72600.67,72315.01,72548.32,0,0
2024-02-28 13:45:00+05:30,72547.53,72655.28,72466.71,72645.74,0,0
2024-02-28 14:15:00+05:30,72643.38,72647.86,72382.87,72410.03,0,0
2024-02-28 14:45:00+05:30,72409.12,72535.96,72310.04,72322.36,0,0
2024-02-28 15:15:00+05:30,72324.62,72338.98,72222.29,72259.72,0,0
2024-02-29 09:15:00+05:30,72220.57,72500.3,72188.44,72360.17,0,0
2024-02-29 09:45:00+05:30,72361.79,72613.32,72105.64,72130.58,0,0
2024-02-29 10:15:00+05:30,72130.92,72273.05,72099.32,72252.89,0,0
2024-02-29 10:45:00+05:30,72246.72,72434.31,72182.54,72431.41,0,0
2024-02-29 11:15:00+05:30,72440.35,72530.24,72310.9,72411.73,0,0
2024-02-29 11:45:00+05:30,72405.73,72440.32,72340.2,72376.53,0,0
2024-02-29 12:15:00+05:30,72377.23,72401.43,72200.8,72401.43,0,0
2024-02-29 12:45:00+05:30,72400.8,72460.49,72332.76,72457.58,0,0
2024-02-29 13:15:00+05:30,72454.36,72511.3,72329.3,72370.76,0,0
2024-02-29 13:45:00+05:30,72371.11,72484.3,72350.98,72408.78,0,0
2024-02-29 14:15:00+05:30,72409.11,72483.24,72225.26,72482.0,0,0
2024-02-29 14:45:00+05:30,72481.33,72545.83,72243.01,72517.2,0,0
2024-02-29 15:15:00+05:30,72518.58,72730.0,72513.24,72639.34,0,0
2024-03-01 09:15:00+05:30,72606.31,73085.05,72591.14,73050.15,0,0
2024-03-01 09:45:00+05:30,73046.15,73215.49,73007.4,73204.15,0,0
2024-03-01 10:15:00+05:30,73202.92,73243.66,73129.21,73133.75,0,0
2024-03-01 10:45:00+05:30,73130.02,73309.9,73112.8,73220.6,0,0
2024-03-01 11:15:00+05:30,73224.28,73574.02,73222.83,73480.94,0,0
2024-03-01 11:45:00+05:30,73481.28,73572.93,73450.12,73507.33,0,0
2024-03-01 12:15:00+05:30,73512.74,73590.58,73473.6,73578.12,0,0
2024-03-01 12:45:00+05:30,73575.38,73639.34,73478.71,73498.13,0,0
2024-03-01 13:15:00+05:30,73493.85,73644.97,73465.85,73636.56,0,0
2024-03-01 13:45:00+05:30,73635.78,73704.34,73574.46,73701.46,0,0
2024-03-01 14:15:00+05:30,73702.97,73722.71,73603.58,73705.84,0,0
2024-03-01 14:45:00+05:30,73707.58,73819.21,73657.66,73705.37,0,0
2024-03-01 15:15:00+05:30,73705.47,73770.7,73634.21,73665.98,0,0
2024-03-02 09:15:00+05:30,73848.19,73982.12,73778.14,73889.18,0,0
2024-03-02 09:45:00+05:30,73889.18,73938.59,73854.19,73854.19,0,0
2024-03-02 11:15:00+05:30,73864.45,73994.7,73798.13,73890.28,0,0
2024-03-02 11:45:00+05:30,73893.31,73898.72,73786.54,73806.34,0,0
2024-03-02 12:15:00+05:30,73809.82,73837.9,73791.61,73804.2,0,0
2024-03-04 09:15:00+05:30,73903.09,73983.88,73750.61,73859.71,0,0
2024-03-04 09:45:00+05:30,73859.19,73904.95,73747.01,73865.65,0,0
2024-03-04 10:15:00+05:30,73863.65,73990.13,73863.65,73941.87,0,0
2024-03-04 10:45:00+05:30,73941.17,73943.13,73759.69,73864.43,0,0
2024-03-04 11:15:00+05:30,73869.13,73927.01,73813.31,73881.01,0,0
2024-03-04 11:45:00+05:30,73883.2,73935.98,73815.36,73856.36,0,0
2024-03-04 12:15:00+05:30,73852.71,73942.89,73845.69,73904.23,0,0
2024-03-04 12:45:00+05:30,73903.84,73904.59,73767.16,73846.08,0,0
2024-03-04 13:15:00+05:30,73845.27,73890.18,73829.54,73878.43,0,0
2024-03-04 13:45:00+05:30,73878.08,73972.54,73805.13,73956.54,0,0
2024-03-04 14:15:00+05:30,73959.57,73974.41,73856.41,73894.27,0,0
2024-03-04 14:45:00+05:30,73894.27,73972.01,73879.0,73899.52,0,0
2024-03-04 15:15:00+05:30,73904.02,73913.96,73803.59,73855.82,0,0
2024-03-05 09:15:00+05:30,73767.42,73788.84,73574.32,73734.48,0,0
2024-03-05 09:45:00+05:30,73730.9,73730.9,73567.61,73587.67,0,0
2024-03-05 10:15:00+05:30,73591.29,73591.29,73422.41,73502.49,0,0
2024-03-05 10:45:00+05:30,73500.26,73537.7,73447.35,73464.37,0,0
2024-03-05 11:15:00+05:30,73464.85,73596.11,73412.25,73588.21,0,0
2024-03-05 11:45:00+05:30,73589.12,73689.16,73565.25,73665.22,0,0
2024-03-05 12:15:00+05:30,73663.53,73667.07,73571.96,73624.73,0,0
2024-03-05 12:45:00+05:30,73624.73,73915.54,73619.29,73819.71,0,0
2024-03-05 13:15:00+05:30,73820.05,73870.08,73775.04,73780.14,0,0
2024-03-05 13:45:00+05:30,73787.36,73801.28,73631.68,73683.98,0,0
2024-03-05 14:15:00+05:30,73685.54,73776.43,73668.51,73740.61,0,0
2024-03-05 14:45:00+05:30,73745.95,73778.32,73642.64,73691.02,0,0
2024-03-05 15:15:00+05:30,73690.56,73711.72,73631.4,73668.56,0,0
2024-03-06 09:15:00+05:30,73587.7,73752.97,73448.09,73745.68,0,0
2024-03-06 09:45:00+05:30,73752.83,73765.95,73452.46,73657.49,0,0
2024-03-06 10:15:00+05:30,73650.01,73763.11,73491.94,73578.36,0,0
2024-03-06 10:45:00+05:30,73585.85,73594.66,73449.78,73484.03,0,0
2024-03-06 11:15:00+05:30,73486.99,73579.76,73339.05,73408.3,0,0
2024-03-06 11:45:00+05:30,73407.59,73448.9,73321.48,73423.86,0,0
2024-03-06 12:15:00+05:30,73427.36,73570.04,73378.06,73504.15,0,0
2024-03-06 12:45:00+05:30,73503.72,73554.82,73446.18,73550.39,0,0
2024-03-06 13:15:00+05:30,73549.18,73675.89,73467.69,73632.89,0,0
2024-03-06 13:45:00+05:30,73633.31,73917.79,73633.31,73899.2,0,0
2024-03-06 14:15:00+05:30,73899.69,74106.6,73856.84,74076.44,0,0
2024-03-06 14:45:00+05:30,74074.15,74118.3,73961.32,74093.42,0,0
2024-03-06 15:15:00+05:30,74097.59,74151.27,74055.77,74093.69,0,0
2024-03-07 09:15:00+05:30,74173.65,74245.17,73989.94,74058.05,0,0
2024-03-07 09:45:00+05:30,74055.3,74141.53,73972.42,74115.73,0,0
2024-03-07 10:15:00+05:30,74115.75,74175.59,73985.33,73989.26,0,0
2024-03-07 10:45:00+05:30,73986.41,74221.99,73921.48,74156.7,0,0
2024-03-07 11:15:00+05:30,74156.94,74192.05,74079.01,74097.3,0,0
2024-03-07 11:45:00+05:30,74096.03,74147.79,74090.3,74121.09,0,0
2024-03-07 12:15:00+05:30,74120.67,74158.72,74084.6,74132.5,0,0
2024-03-07 12:45:00+05:30,74132.5,74173.05,74087.55,74165.04,0,0
2024-03-07 13:15:00+05:30,74165.04,74177.21,74112.29,74156.35,0,0
2024-03-07 13:45:00+05:30,74156.93,74241.26,74084.05,74085.14,0,0
2024-03-07 14:15:00+05:30,74086.57,74210.6,74073.03,74098.79,0,0
2024-03-07 14:45:00+05:30,74100.15,74220.24,74025.91,74138.81,0,0
2024-03-07 15:15:00+05:30,74134.0,74150.99,73994.5,74092.86,0,0
2024-03-11 09:15:00+05:30,74175.93,74187.35,73956.76,73995.99,0,0
2024-03-11 09:45:00+05:30,73998.7,74035.66,73854.89,73875.73,0,0
2024-03-11 10:15:00+05:30,73872.27,73960.73,73844.08,73878.54,0,0
2024-03-11 10:45:00+05:30,73878.42,73914.06,73800.79,73833.44,0,0
2024-03-11 11:15:00+05:30,73834.6,73889.45,73757.45,73823.28,0,0
2024-03-11 11:45:00+05:30,73823.28,73836.47,73664.41,73687.78,0,0
2024-03-11 12:15:00+05:30,73685.85,73833.0,73668.33,73797.82,0,0
2024-03-11 12:45:00+05:30,73796.51,73828.6,73723.78,73743.79,0,0
2024-03-11 13:15:00+05:30,73744.54,73838.78,73723.53,73740.8,0,0
2024-03-11 13:45:00+05:30,73736.77,73816.19,73683.57,73683.97,0,0
2024-03-11 14:15:00+05:30,73683.26,73723.47,73564.54,73704.68,0,0
2024-03-11 14:45:00+05:30,73704.72,73774.27,73450.64,73499.32,0,0
2024-03-11 15:15:00+05:30,73498.31,73519.05,73433.91,73485.74,0,0
2024-03-12 09:15:00+05:30,73516.42,73925.34,73461.89,73916.91,0,0
2024-03-12 09:45:00+05:30,73912.13,73998.65,73843.27,73952.81,0,0
2024-03-12 10:15:00+05:30,73956.2,74004.16,73651.61,73655.65,0,0
2024-03-12 10:45:00+05:30,73649.43,73760.8,73342.12,73710.24,0,0
2024-03-12 11:15:00+05:30,73713.12,73761.15,73625.4,73628.1,0,0
2024-03-12 11:45:00+05:30,73629.05,73831.93,73599.54,73740.23,0,0
2024-03-12 12:15:00+05:30,73740.5,73805.38,73728.0,73789.2,0,0
2024-03-12 12:45:00+05:30,73789.2,73833.15,73675.35,73827.81,0,0
2024-03-12 13:15:00+05:30,73827.81,73891.25,73785.3,73837.85,0,0
2024-03-12 13:45:00+05:30,73837.87,73869.44,73765.12,73767.95,0,0
2024-03-12 14:15:00+05:30,73768.25,73806.46,73592.0,73625.43,0,0
2024-03-12 14:45:00+05:30,73627.05,73759.74,73616.78,73657.3,0,0
2024-03-12 15:15:00+05:30,73663.25,73716.82,73642.28,73642.28,0,0
2024-03-13 09:15:00+05:30,73993.4,74052.75,73676.36,73766.58,0,0
2024-03-13 09:45:00+05:30,73766.25,73789.57,73573.44,73789.57,0,0
2024-03-13 10:15:00+05:30,73785.01,73819.05,73632.92,73714.39,0,0
2024-03-13 10:45:00+05:30,73713.34,73724.5,73458.52,73497.66,0,0
2024-03-13 11:15:00+05:30,73498.71,73541.0,73139.15,73191.6,0,0
2024-03-13 11:45:00+05:30,73189.4,73209.54,73027.58,73027.66,0,0
2024-03-13 12:15:00+05:30,73030.8,73090.78,72912.29,73028.16,0,0
2024-03-13 12:45:00+05:30,73020.55,73129.04,72999.05,73086.6,0,0
2024-03-13 13:15:00+05:30,73084.66,73123.83,72943.6,72971.35,0,0
2024-03-13 13:45:00+05:30,72971.58,72976.95,72767.19,72787.01,0,0
2024-03-13 14:15:00+05:30,72777.85,72780.82,72515.71,72597.98,0,0
2024-03-13 14:45:00+05:30,72594.51,72929.18,72565.78,72685.98,0,0
2024-03-13 15:15:00+05:30,72690.85,72836.33,72675.74,72737.34,0,0
2024-03-14 09:15:00+05:30,72570.1,72775.43,72497.19,72658.59,0,0
2024-03-14 09:45:00+05:30,72666.96,72864.52,72652.81,72762.45,0,0
2024-03-14 10:15:00+05:30,72763.7,72985.3,72748.49,72938.11,0,0
2024-03-14 10:45:00+05:30,72937.35,72994.49,72888.4,72965.73,0,0
2024-03-14 11:15:00+05:30,72969.33,73265.22,72919.8,73246.62,0,0
2024-03-14 11:45:00+05:30,73245.57,73290.5,73201.3,73263.81,0,0
2024-03-14 12:15:00+05:30,73266.0,73364.3,73172.53,73172.53,0,0
2024-03-14 12:45:00+05:30,73172.36,73267.52,73120.98,73199.65,0,0
2024-03-14 13:15:00+05:30,73196.32,73224.97,73052.33,73066.99,0,0
2024-03-14 13:45:00+05:30,73065.5,73116.65,72924.52,72981.65,0,0
2024-03-14 14:15:00+05:30,72981.65,73123.86,72963.03,73032.33,0,0
2024-03-14 14:45:00+05:30,73035.16,73138.09,72964.0,73076.02,0,0
2024-03-14 15:15:00+05:30,73074.13,73149.38,73044.18,73085.37,0,0
2024-03-15 09:15:00+05:30,72886.77,72998.07,72678.04,72755.96,0,0
2024-03-15 09:45:00+05:30,72760.68,72826.66,72612.64,72717.02,0,0
2024-03-15 10:15:00+05:30,72718.47,72744.13,72549.19,72613.9,0,0
2024-03-15 10:45:00+05:30,72612.81,72691.48,72488.78,72547.8,0,0
2024-03-15 11:15:00+05:30,72550.69,72607.7,72502.67,72592.48,0,0
2024-03-15 11:45:00+05:30,72591.81,72648.03,72484.82,72536.34,0,0
2024-03-15 12:15:00+05:30,72535.97,72592.12,72513.14,72552.5,0,0
2024-03-15 12:45:00+05:30,72551.98,72660.87,72534.9,72657.57,0,0
2024-03-15 13:15:00+05:30,72659.24,72753.55,72563.12,72702.1,0,0
2024-03-15 13:45:00+05:30,72699.92,72776.94,72637.85,72670.9,0,0
2024-03-15 14:15:00+05:30,72668.74,72737.06,72558.76,72650.14,0,0
2024-03-15 14:45:00+05:30,72647.45,72773.44,72545.6,72601.84,0,0
2024-03-15 15:15:00+05:30,72595.07,72712.98,72509.31,72570.43,0,0
2024-03-18 09:15:00+05:30,72587.3,72769.79,72455.94,72503.1,0,0
2024-03-18 09:45:00+05:30,72502.59,72686.38,72402.85,72540.62,0,0
2024-03-18 10:15:00+05:30,72535.68,72729.13,72530.92,72578.6,0,0
2024-03-18 10:45:00+05:30,72580.0,72640.88,72429.59,72432.01,0,0
2024-03-18 11:15:00+05:30,72428.79,72548.29,72314.16,72541.85,0,0
2024-03-18 11:45:00+05:30,72541.2,72756.62,72521.3,72695.05,0,0
2024-03-18 12:15:00+05:30,72694.02,72889.09,72689.88,72763.06,0,0
2024-03-18 12:45:00+05:30,72763.71,72843.15,72728.68,72830.91,0,0
2024-03-18 13:15:00+05:30,72829.36,72857.02,72778.79,72800.16,0,0
2024-03-18 13:45:00+05:30,72800.16,72853.37,72746.68,72790.81,0,0
2024-03-18 14:15:00+05:30,72790.7,72985.89,72786.12,72933.04,0,0
2024-03-18 14:45:00+05:30,72932.84,72959.93,72698.84,72758.38,0,0
2024-03-18 15:15:00+05:30,72759.09,72817.84,72696.51,72738.58,0,0
2024-03-19 09:15:00+05:30,72462.94,72490.09,72316.09,72474.7,0,0
2024-03-19 09:45:00+05:30,72475.95,72479.91,72135.13,72225.93,0,0
2024-03-19 10:15:00+05:30,72225.97,72266.34,72068.37,72199.99,0,0
2024-03-19 10:45:00+05:30,72197.91,72208.59,72105.28,72160.18,0,0
2024-03-19 11:15:00+05:30,72164.12,72233.63,72007.77,72010.55,0,0
2024-03-19 11:45:00+05:30,72010.27,72089.01,72007.35,72053.26,0,0
2024-03-19 12:15:00+05:30,72054.5,72166.03,72039.72,72117.52,0,0
2024-03-19 12:45:00+05:30,72113.01,72167.43,72086.69,72134.45,0,0
2024-03-19 13:15:00+05:30,72134.88,72185.21,72102.27,72149.38,0,0
2024-03-19 13:45:00+05:30,72155.42,72174.28,71989.05,72001.83,0,0
2024-03-19 14:15:00+05:30,72001.34,72116.76,71933.35,72103.3,0,0
2024-03-19 14:45:00+05:30,72104.3,72129.99,71970.15,71995.78,0,0
2024-03-19 15:15:00+05:30,71996.9,72044.74,71981.13,72010.26,0,0
2024-03-20 09:15:00+05:30,72036.86,72268.6,72036.86,72193.36,0,0
2024-03-20 09:45:00+05:30,72195.02,72247.28,71842.24,71867.84,0,0
2024-03-20 10:15:00+05:30,71867.44,71944.56,71690.09,71738.3,0,0
2024-03-20 10:45:00+05:30,71737.18,71959.74,71674.42,71921.76,0,0
2024-03-20 11:15:00+05:30,71922.39,72100.62,71832.9,72092.69,0,0
2024-03-20 11:45:00+05:30,72095.86,72180.1,72064.14,72084.26,0,0
2024-03-20 12:15:00+05:30,72087.37,72259.41,72087.27,72236.25,0,0
2024-03-20 12:45:00+05:30,72238.75,72359.34,72186.8,72347.17,0,0
2024-03-20 13:15:00+05:30,72339.25,72402.67,72238.61,72310.22,0,0
2024-03-20 13:45:00+05:30,72312.68,72331.41,72107.43,72149.13,0,0
2024-03-20 14:15:00+05:30,72148.5,72218.14,72025.63,72123.69,0,0
2024-03-20 14:45:00+05:30,72123.69,72149.52,72013.26,72106.46,0,0
2024-03-20 15:15:00+05:30,72107.25,72175.06,72080.92,72152.85,0,0
2024-03-21 09:15:00+05:30,72507.36,72710.39,72507.36,72638.73,0,0
2024-03-21 09:45:00+05:30,72635.96,72882.46,72588.85,72845.62,0,0
2024-03-21 10:15:00+05:30,72846.06,72866.15,72767.3,72779.98,0,0
2024-03-21 10:45:00+05:30,72777.39,72871.57,72761.15,72845.17,0,0
2024-03-21 11:15:00+05:30,72846.05,72855.68,72689.72,72706.45,0,0
2024-03-21 11:45:00+05:30,72706.79,72727.89,72441.13,72447.38,0,0
2024-03-21 12:15:00+05:30,72442.11,72615.33,72416.03,72593.33,0,0
2024-03-21 12:45:00+05:30,72594.05,72672.45,72559.89,72624.16,0,0
2024-03-21 13:15:00+05:30,72624.08,72711.24,72596.47,72665.34,0,0
2024-03-21 13:45:00+05:30,72665.49,72680.48,72570.23,72592.71,0,0
2024-03-21 14:15:00+05:30,72597.03,72716.56,72597.03,72664.52,0,0
2024-03-21 14:45:00+05:30,72662.86,72713.89,72520.82,72678.26,0,0
2024-03-21 15:15:00+05:30,72678.65,72717.5,72635.38,72692.83,0,0
2024-03-22 09:15:00+05:30,72231.66,72491.97,72172.09,72402.86,0,0
2024-03-22 09:45:00+05:30,72392.99,72722.03,72268.13,72687.63,0,0
2024-03-22 10:15:00+05:30,72687.19,72842.91,72654.17,72696.9,0,0
2024-03-22 10:45:00+05:30,72696.34,72809.16,72667.61,72734.23,0,0
2024-03-22 11:15:00+05:30,72733.51,72879.02,72714.37,72828.29,0,0
2024-03-22 11:45:00+05:30,72827.61,72867.87,72777.92,72777.92,0,0
2024-03-22 12:15:00+05:30,72778.33,72841.56,72738.59,72811.95,0,0
2024-03-22 12:45:00+05:30,72809.5,72914.33,72802.86,72863.15,0,0
2024-03-22 13:15:00+05:30,72863.15,72888.69,72758.33,72802.82,0,0
2024-03-22 13:45:00+05:30,72802.61,72865.12,72753.8,72839.86,0,0
2024-03-22 14:15:00+05:30,72836.75,73007.51,72831.4,73000.71,0,0
2024-03-22 14:45:00+05:30,72999.83,73115.62,72692.54,72805.57,0,0
2024-03-22 15:15:00+05:30,72804.51,72806.88,72713.74,72779.22,0,0
2024-03-26 09:15:00+05:30,72396.97,72705.29,72363.03,72539.52,0,0
2024-03-26 09:45:00+05:30,72541.84,72611.42,72473.5,72536.46,0,0
2024-03-26 10:15:00+05:30,72535.6,72666.55,72498.29,72539.83,0,0
2024-03-26 10:45:00+05:30,72539.13,72584.34,72518.06,72555.79,0,0
2024-03-26 11:15:00+05:30,72556.71,72629.78,72534.59,72608.76,0,0
2024-03-26 11:45:00+05:30,72613.63,72648.97,72522.19,72530.43,0,0
2024-03-26 12:15:00+05:30,72531.16,72634.09,72527.54,72608.12,0,0
2024-03-26 12:45:00+05:30,72608.83,72681.87,72598.8,72641.36,0,0
2024-03-26 13:15:00+05:30,72641.01,72659.02,72560.04,72571.67,0,0
2024-03-26 13:45:00+05:30,72570.35,72618.24,72526.59,72568.55,0,0
2024-03-26 14:15:00+05:30,72569.73,72589.38,72443.06,72465.64,0,0
2024-03-26 14:45:00+05:30,72469.21,72480.71,72399.92,72447.78,0,0
2024-03-26 15:15:00+05:30,72446.56,72507.62,72420.83,72474.13,0,0
2024-03-27 09:15:00+05:30,72692.16,72868.12,72600.73,72836.64,0,0
2024-03-27 09:45:00+05:30,72833.5,73009.35,72804.05,72965.24,0,0
2024-03-27 10:15:00+05:30,72962.59,72998.51,72913.37,72992.12,0,0
2024-03-27 10:45:00+05:30,72991.3,73029.32,72900.17,72981.88,0,0
2024-03-27 11:15:00+05:30,72980.93,73058.47,72956.69,73027.67,0,0
2024-03-27 11:45:00+05:30,73026.23,73064.82,72989.58,73021.35,0,0
2024-03-27 12:15:00+05:30,73021.44,73055.14,72976.06,73010.86,0,0
2024-03-27 12:45:00+05:30,73009.37,73056.98,72988.24,73016.84,0,0
2024-03-27 13:15:00+05:30,73016.62,73088.04,73015.91,73085.15,0,0
2024-03-27 13:45:00+05:30,73086.68,73138.73,73068.25,73118.2,0,0
2024-03-27 14:15:00+05:30,73117.57,73135.08,73031.63,73059.22,0,0
2024-03-27 14:45:00+05:30,73056.78,73082.43,72868.32,72964.77,0,0
2024-03-27 15:15:00+05:30,72958.86,73089.76,72939.52,73032.95,0,0
2024-03-28 09:15:00+05:30,73149.34,73451.28,73120.33,73443.82,0,0
2024-03-28 09:45:00+05:30,73447.21,73634.98,73431.26,73594.94,0,0
2024-03-28 10:15:00+05:30,73597.02,73808.44,73522.82,73778.78,0,0
2024-03-28 10:45:00+05:30,73776.93,73820.09,73730.18,73804.44,0,0
2024-03-28 11:15:00+05:30,73803.89,73826.8,73726.49,73769.62,0,0
2024-03-28 11:45:00+05:30,73771.36,73809.43,73632.82,73678.36,0,0
2024-03-28 12:15:00+05:30,73674.74,73951.72,73649.96,73920.38,0,0
2024-03-28 12:45:00+05:30,73924.95,73984.61,73858.12,73894.17,0,0
2024-03-28 13:15:00+05:30,73890.56,73936.49,73858.26,73902.08,0,0
2024-03-28 13:45:00+05:30,73902.24,74070.81,73886.45,74059.89,0,0
2024-03-28 14:15:00+05:30,74059.41,74190.31,74018.82,74161.5,0,0
2024-03-28 14:45:00+05:30,74166.17,74166.43,73383.75,73414.51,0,0
2024-03-28 15:15:00+05:30,73415.29,73636.77,73383.79,73633.17,0,0
2024-04-01 09:15:00+05:30,73968.62,74254.62,73943.15,74092.07,0,0
2024-04-01 09:45:00+05:30,74090.84,74234.25,74076.3,74151.05,0,0
2024-04-01 10:15:00+05:30,74149.82,74184.52,74093.82,74116.69,0,0
2024-04-01 10:45:00+05:30,74114.09,74128.28,73988.99,74068.85,0,0
2024-04-01 11:15:00+05:30,74064.87,74110.22,74016.12,74037.69,0,0
2024-04-01 11:45:00+05:30,74037.63,74116.59,74023.36,74031.33,0,0
2024-04-01 12:15:00+05:30,74027.35,74093.04,74020.45,74065.21,0,0
2024-04-01 12:45:00+05:30,74066.15,74066.74,73917.01,73962.3,0,0
2024-04-01 13:15:00+05:30,73968.46,74047.23,73961.86,74012.92,0,0
2024-04-01 13:45:00+05:30,74012.33,74060.18,73966.62,74003.65,0,0
2024-04-01 14:15:00+05:30,74001.63,74030.41,73916.72,73919.08,0,0
2024-04-01 14:45:00+05:30,73916.85,74036.87,73909.39,74026.6,0,0
2024-04-01 15:15:00+05:30,74028.62,74075.38,73979.47,74057.97,0,0
2024-04-02 09:15:00+05:30,74022.3,74099.78,73792.53,74069.46,0,0
2024-04-02 09:45:00+05:30,74070.15,74070.15,73895.14,73909.64,0,0
2024-04-02 10:15:00+05:30,73910.28,73950.07,73827.44,73857.68,0,0
2024-04-02 10:45:00+05:30,73858.4,73896.86,73746.22,73882.39,0,0
2024-04-02 11:15:00+05:30,73877.76,73917.59,73819.86,73853.03,0,0
2024-04-02 11:45:00+05:30,73852.83,73860.52,73810.1,73840.05,0,0
2024-04-02 12:15:00+05:30,73841.54,73877.07,73815.67,73860.43,0,0
2024-04-02 12:45:00+05:30,73860.47,73872.63,73781.13,73803.56,0,0
2024-04-02 13:15:00+05:30,73803.56,73833.81,73743.77,73799.87,0,0
2024-04-02 13:45:00+05:30,73799.84,73817.2,73764.58,73791.54,0,0
2024-04-02 14:15:00+05:30,73791.54,73851.63,73781.86,73825.65,0,0
2024-04-02 14:45:00+05:30,73826.29,73939.4,73814.51,73911.84,0,0
2024-04-02 15:15:00+05:30,73914.18,73984.59,73898.76,73940.27,0,0
2024-04-03 09:15:00+05:30,73757.23,73757.23,73540.27,73602.53,0,0
2024-04-03 09:45:00+05:30,73605.16,73905.95,73575.58,73878.97,0,0
2024-04-03 10:15:00+05:30,73878.34,73946.05,73860.71,73916.95,0,0
2024-04-03 10:45:00+05:30,73918.57,73941.39,73814.25,73922.59,0,0
2024-04-03 11:15:00+05:30,73920.68,73992.56,73906.1,73943.36,0,0
2024-04-03 11:45:00+05:30,73942.13,74016.16,73913.76,74016.16,0,0
2024-04-03 12:15:00+05:30,74015.12,74100.12,73993.88,74095.76,0,0
2024-04-03 12:45:00+05:30,74095.86,74151.21,74044.33,74044.33,0,0
2024-04-03 13:15:00+05:30,74039.25,74119.34,74036.89,74083.87,0,0
2024-04-03 13:45:00+05:30,74083.63,74093.83,73956.47,74084.47,0,0
2024-04-03 14:15:00+05:30,74085.18,74093.78,73906.53,73931.82,0,0
2024-04-03 14:45:00+05:30,73927.01,73963.02,73851.03,73876.19,0,0
2024-04-03 15:15:00+05:30,73869.32,73919.96,73843.23,73898.41,0,0
2024-04-04 09:15:00+05:30,74413.82,74501.73,73974.48,73997.58,0,0
2024-04-04 09:45:00+05:30,73994.07,74082.53,73730.74,73730.74,0,0
2024-04-04 10:15:00+05:30,73737.18,73953.37,73730.45,73847.07,0,0
2024-04-04 10:45:00+05:30,73848.05,73868.14,73485.12,73868.14,0,0
2024-04-04 11:15:00+05:30,73870.87,73896.56,73669.13,73794.98,0,0
2024-04-04 11:45:00+05:30,73799.29,73877.95,73764.66,73796.18,0,0
2024-04-04 12:15:00+05:30,73796.65,74074.31,73790.75,74056.58,0,0
2024-04-04 12:45:00+05:30,74054.27,74126.85,74035.17,74119.94,0,0
2024-04-04 13:15:00+05:30,74119.88,74425.6,74097.94,74329.07,0,0
2024-04-04 13:45:00+05:30,74318.79,74341.74,74170.81,74273.3,0,0
2024-04-04 14:15:00+05:30,74272.92,74390.95,74250.66,74386.06,0,0
2024-04-04 14:45:00+05:30,74385.16,74404.46,74141.4,74220.2,0,0
2024-04-04 15:15:00+05:30,74216.0,74357.23,74209.14,74320.84,0,0
2024-04-05 09:15:00+05:30,74287.02,74287.02,73946.92,74087.93,0,0
2024-04-05 09:45:00+05:30,74088.64,74178.38,74027.67,74086.77,0,0
2024-04-05 10:15:00+05:30,74080.94,74201.45,74027.88,74153.95,0,0
2024-04-05 10:45:00+05:30,74153.49,74250.15,74140.51,74233.45,0,0
2024-04-05 11:15:00+05:30,74233.53,74255.15,74098.77,74156.48,0,0
2024-04-05 11:45:00+05:30,74163.43,74218.55,74138.03,74200.64,0,0
2024-04-05 12:15:00+05:30,74198.24,74273.57,74144.92,74170.96,0,0
2024-04-05 12:45:00+05:30,74172.05,74208.43,74108.84,74156.02,0,0
2024-04-05 13:15:00+05:30,74154.2,74225.52,74136.58,74185.58,0,0
2024-04-05 13:45:00+05:30,74184.89,74303.49,74163.81,74219.83,0,0
2024-04-05 14:15:00+05:30,74221.33,74298.46,74138.86,74199.03,0,0
2024-04-05 14:45:00+05:30,74199.23,74296.47,74138.16,74281.99,0,0
2024-04-05 15:15:00+05:30,74282.34,74361.11,74220.27,74307.79,0,0
2024-04-08 09:15:00+05:30,74555.44,74658.95,74410.07,74592.3,0,0
2024-04-08 09:45:00+05:30,74590.47,74673.84,74531.23,74656.36,0,0
2024-04-08 10:15:00+05:30,74656.36,74669.69,74569.72,74607.94,0,0
2024-04-08 10:45:00+05:30,74607.94,74652.22,74576.37,74620.2,0,0
2024-04-08 11:15:00+05:30,74619.28,74712.71,74608.37,74708.54,0,0
2024-04-08 11:45:00+05:30,74708.46,74725.52,74665.61,74723.08,0,0
2024-04-08 12:15:00+05:30,74723.39,74797.7,74717.53,74787.05,0,0
2024-04-08 12:45:00+05:30,74784.73,74867.48,74766.02,74867.48,0,0
2024-04-08 13:15:00+05:30,74866.48,74869.3,74658.95,74777.29,0,0
2024-04-08 13:45:00+05:30,74778.57,74782.85,74689.2,74738.04,0,0
2024-04-08 14:15:00+05:30,74738.73,74818.11,74736.73,74749.45,0,0
2024-04-08 14:45:00+05:30,74749.45,74793.86,74712.9,74775.91,0,0
2024-04-08 15:15:00+05:30,74776.73,74787.94,74716.63,74722.02,0,0
2024-04-09 09:15:00+05:30,75124.28,75124.28,74792.77,74970.01,0,0
2024-04-09 09:45:00+05:30,74970.01,75075.5,74970.01,75034.0,0,0
2024-04-09 10:15:00+05:30,75035.88,75123.3,74997.36,75094.97,0,0
2024-04-09 10:45:00+05:30,75094.5,75097.46,75003.4,75005.64,0,0
2024-04-09 11:15:00+05:30,75010.57,75086.43,74999.53,75023.76,0,0
2024-04-09 11:45:00+05:30,75020.95,75057.4,74928.22,74956.12,0,0
2024-04-09 12:15:00+05:30,74958.29,74976.67,74782.69,74848.8,0,0
2024-04-09 12:45:00+05:30,74850.79,74903.61,74827.65,74834.35,0,0
2024-04-09 13:15:00+05:30,74833.52,74838.66,74733.71,74755.03,0,0
2024-04-09 13:45:00+05:30,74753.7,74765.69,74603.37,74611.96,0,0
2024-04-09 14:15:00+05:30,74611.4,74781.36,74603.58,74658.67,0,0
2024-04-09 14:45:00+05:30,74660.98,74730.94,74638.92,74669.7,0,0
2024-04-09 15:15:00+05:30,74669.15,74722.07,74658.31,74666.22,0,0
2024-04-10 09:15:00+05:30,74953.96,74983.34,74810.85,74949.05,0,0
2024-04-10 09:45:00+05:30,74944.3,74966.88,74828.03,74918.22,0,0
2024-04-10 10:15:00+05:30,74911.5,74944.11,74860.17,74912.64,0,0
2024-04-10 10:45:00+05:30,74914.83,74945.37,74880.21,74904.69,0,0
2024-04-10 11:15:00+05:30,74906.43,74914.29,74807.55,74834.89,0,0
2024-04-10 11:45:00+05:30,74833.44,74919.29,74810.78,74900.56,0,0
2024-04-10 12:15:00+05:30,74900.81,74914.99,74866.34,74875.38,0,0
2024-04-10 12:45:00+05:30,74875.38,74944.14,74840.05,74930.54,0,0
2024-04-10 13:15:00+05:30,74930.54,75010.62,74908.32,75010.62,0,0
2024-04-10 13:45:00+05:30,75013.17,75019.74,74914.24,74945.38,0,0
2024-04-10 14:15:00+05:30,74944.96,75029.64,74934.59,75006.79,0,0
2024-04-10 14:45:00+05:30,75006.79,75105.14,74965.65,75028.04,0,0
2024-04-10 15:15:00+05:30,75030.81,75045.71,74978.04,74998.11,0,0
2024-04-12 09:15:00+05:30,74889.64,74951.88,74566.61,74663.66,0,0
2024-04-12 09:45:00+05:30,74659.82,74704.78,74539.09,74603.15,0,0
2024-04-12 10:15:00+05:30,74601.16,74697.6,74572.47,74697.6,0,0
2024-04-12 10:45:00+05:30,74697.6,74703.9,74643.5,74682.69,0,0
2024-04-12 11:15:00+05:30,74686.07,74807.46,74680.23,74792.44,0,0
2024-04-12 11:45:00+05:30,74793.89,74849.05,74778.58,74817.99,0,0
2024-04-12 12:15:00+05:30,74816.82,74820.06,74331.81,74442.13,0,0
2024-04-12 12:45:00+05:30,74438.38,74509.13,74300.47,74385.44,0,0
2024-04-12 13:15:00+05:30,74382.15,74501.54,74368.9,74393.33,0,0
2024-04-12 13:45:00+05:30,74396.06,74486.82,74312.6,74326.57,0,0
2024-04-12 14:15:00+05:30,74325.36,74401.05,74258.64,74295.19,0,0
2024-04-12 14:45:00+05:30,74293.28,74345.3,74213.76,74234.33,0,0
2024-04-12 15:15:00+05:30,74234.9,74266.88,74189.31,74228.43,0,0
2024-04-15 09:15:00+05:30,73315.16,73727.44,73315.16,73480.89,0,0
2024-04-15 09:45:00+05:30,73480.32,73758.14,73456.86,73699.14,0,0
2024-04-15 10:15:00+05:30,73696.91,73769.46,73654.02,73752.42,0,0
2024-04-15 10:45:00+05:30,73753.4,73905.8,73696.4,73704.13,0,0
2024-04-15 11:15:00+05:30,73702.61,73782.18,73679.22,73732.93,0,0
2024-04-15 11:45:00+05:30,73732.93,73820.34,73697.78,73816.35,0,0
2024-04-15 12:15:00+05:30,73817.45,73833.85,73707.29,73734.61,0,0
2024-04-15 12:45:00+05:30,73734.24,73766.19,73572.58,73625.52,0,0
2024-04-15 13:15:00+05:30,73625.63,73667.36,73566.11,73609.11,0,0
2024-04-15 13:45:00+05:30,73608.09,73671.55,73592.56,73612.25,0,0
2024-04-15 14:15:00+05:30,73613.23,73629.08,73476.96,73531.31,0,0
2024-04-15 14:45:00+05:30,73530.5,73536.0,73356.25,73388.38,0,0
2024-04-15 15:15:00+05:30,73382.19,73463.98,73343.84,73383.11,0,0
2024-04-16 09:15:00+05:30,72892.14,73135.43,72814.15,73086.19,0,0
2024-04-16 09:45:00+05:30,73088.49,73130.92,73003.73,73070.35,0,0
2024-04-16 10:15:00+05:30,73068.74,73112.44,72948.95,73045.66,0,0
2024-04-16 10:45:00+05:30,73042.84,73081.27,72997.44,73060.39,0,0
2024-04-16 11:15:00+05:30,73060.81,73089.01,73004.96,73020.36,0,0
2024-04-16 11:45:00+05:30,73021.37,73025.59,72898.55,72982.66,0,0
2024-04-16 12:15:00+05:30,72981.17,72993.64,72829.95,72850.49,0,0
2024-04-16 12:45:00+05:30,72850.53,72869.77,72752.68,72752.68,0,0
2024-04-16 13:15:00+05:30,72750.42,72843.89,72685.03,72820.45,0,0
2024-04-16 13:45:00+05:30,72818.48,72927.0,72805.26,72908.06,0,0
2024-04-16 14:15:00+05:30,72905.56,72926.45,72821.73,72872.04,0,0
2024-04-16 14:45:00+05:30,72873.42,73008.73,72801.0,73003.31,0,0
2024-04-16 15:15:00+05:30,72998.55,73031.98,72945.55,73010.0,0,0
2024-04-18 09:15:00+05:30,73183.1,73295.8,72997.61,73057.38,0,0
2024-04-18 09:45:00+05:30,73053.51,73105.16,72938.09,72963.53,0,0
2024-04-18 10:15:00+05:30,72966.69,73058.84,72888.94,73013.87,0,0
2024-04-18 10:45:00+05:30,73011.32,73354.84,72929.22,73321.49,0,0
2024-04-18 11:15:00+05:30,73322.84,73360.76,73271.46,73309.16,0,0
2024-04-18 11:45:00+05:30,73311.72,73403.08,73298.95,73366.73,0,0
2024-04-18 12:15:00+05:30,73367.88,73473.05,73352.0,73421.79,0,0
2024-04-18 12:45:00+05:30,73422.79,73425.86,73324.75,73355.02,0,0
2024-04-18 13:15:00+05:30,73354.69,73384.3,72679.88,72749.18,0,0
2024-04-18 13:45:00+05:30,72745.65,72935.09,72731.12,72881.2,0,0
2024-04-18 14:15:00+05:30,72874.81,72972.4,72640.2,72649.63,0,0
2024-04-18 14:45:00+05:30,72651.9,72720.98,72365.67,72388.74,0,0
2024-04-18 15:15:00+05:30,72382.0,72628.21,72375.42,72621.93,0,0
2024-04-19 09:15:00+05:30,71999.65,72072.56,71816.46,71979.48,0,0
2024-04-19 09:45:00+05:30,71982.94,72216.97,71964.48,72146.7,0,0
2024-04-19 10:15:00+05:30,72146.93,72156.58,72043.12,72081.28,0,0
2024-04-19 10:45:00+05:30,72081.74,72181.27,72052.7,72128.86,0,0
2024-04-19 11:15:00+05:30,72128.98,72331.35,72114.47,72293.94,0,0
2024-04-19 11:45:00+05:30,72291.29,72320.3,72186.91,72289.2,0,0
2024-04-19 12:15:00+05:30,72289.2,72633.52,72281.56,72607.09,0,0
2024-04-19 12:45:00+05:30,72607.65,72722.14,72567.16,72700.34,0,0
2024-04-19 13:15:00+05:30,72701.23,72760.53,72590.42,72635.48,0,0
2024-04-19 13:45:00+05:30,72635.96,73162.74,72621.28,73049.96,0,0
2024-04-19 14:15:00+05:30,73048.64,73120.12,72873.87,72893.94,0,0
2024-04-19 14:45:00+05:30,72888.07,73210.17,72873.54,73131.68,0,0
2024-04-19 15:15:00+05:30,73124.48,73146.2,73018.74,73095.54,0,0
2024-04-22 09:15:00+05:30,73666.51,73728.18,73264.93,73276.32,0,0
2024-04-22 09:45:00+05:30,73275.9,73372.69,73227.32,73366.85,0,0
2024-04-22 10:15:00+05:30,73367.79,73415.01,73284.14,73368.81,0,0
2024-04-22 10:45:00+05:30,73368.69,73508.09,73326.87,73466.44,0,0
2024-04-22 11:15:00+05:30,73464.98,73517.35,73431.71,73470.59,0,0
2024-04-22 11:45:00+05:30,73472.34,73545.78,73449.6,73452.86,0,0
2024-04-22 12:15:00+05:30,73459.3,73503.56,73418.67,73482.63,0,0
2024-04-22 12:45:00+05:30,73482.99,73485.42,73369.31,73420.33,0,0
2024-04-22 13:15:00+05:30,73421.77,73465.45,73375.09,73456.42,0,0
2024-04-22 13:45:00+05:30,73457.71,73513.98,73441.85,73480.13,0,0
2024-04-22 14:15:00+05:30,73479.55,73578.49,73421.38,73577.64,0,0
2024-04-22 14:45:00+05:30,73579.62,73684.97,73535.55,73677.87,0,0
2024-04-22 15:15:00+05:30,73673.66,73767.8,73636.15,73748.89,0,0
2024-04-23 09:15:00+05:30,74048.94,74059.89,73825.64,73873.03,0,0
2024-04-23 09:45:00+05:30,73872.34,73940.44,73763.91,73934.64,0,0
2024-04-23 10:15:00+05:30,73934.1,73950.71,73805.97,73811.7,0,0
2024-04-23 10:45:00+05:30,73808.57,73830.3,73736.24,73817.17,0,0
2024-04-23 11:15:00+05:30,73817.17,73875.55,73790.66,73813.99,0,0
2024-04-23 11:45:00+05:30,73812.6,73932.64,73797.57,73926.77,0,0
2024-04-23 12:15:00+05:30,73927.77,73932.54,73855.77,73859.03,0,0
2024-04-23 12:45:00+05:30,73858.67,73886.84,73761.03,73792.54,0,0
2024-04-23 13:15:00+05:30,73792.54,73838.86,73707.34,73813.85,0,0
2024-04-23 13:45:00+05:30,73813.85,73859.21,73768.36,73830.32,0,0
2024-04-23 14:15:00+05:30,73827.87,73890.11,73809.26,73823.21,0,0
2024-04-23 14:45:00+05:30,73824.08,73882.75,73722.83,73792.17,0,0
2024-04-23 15:15:00+05:30,73791.54,73794.55,73688.31,73744.76,0,0
2024-04-24 09:15:00+05:30,73957.57,73980.94,73861.91,73912.98,0,0
2024-04-24 09:45:00+05:30,73912.9,74030.75,73895.52,73994.79,0,0
2024-04-24 10:15:00+05:30,73993.35,74121.61,73984.8,74111.72,0,0
2024-04-24 10:45:00+05:30,74111.36,74116.37,74055.13,74060.98,0,0
2024-04-24 11:15:00+05:30,74061.43,74090.84,74029.34,74036.94,0,0
2024-04-24 11:45:00+05:30,74036.94,74065.33,73973.36,74052.94,0,0
2024-04-24 12:15:00+05:30,74052.94,74061.14,74018.81,74038.6,0,0
2024-04-24 12:45:00+05:30,74036.9,74039.23,73963.14,74006.78,0,0
2024-04-24 13:15:00+05:30,74009.99,74047.46,73980.29,74010.43,0,0
2024-04-24 13:45:00+05:30,74010.07,74032.1,73969.09,74001.76,0,0
2024-04-24 14:15:00+05:30,74000.28,74016.34,73808.69,73841.52,0,0
2024-04-24 14:45:00+05:30,73842.58,73901.59,73788.61,73843.09,0,0
2024-04-24 15:15:00+05:30,73844.24,73900.34,73833.24,73864.77,0,0
2024-04-25 09:15:00+05:30,73572.34,73857.55,73556.15,73843.52,0,0
2024-04-25 09:45:00+05:30,73843.73,74062.09,73775.16,74057.91,0,0
2024-04-25 10:15:00+05:30,74059.63,74126.79,73949.52,73959.25,0,0
2024-04-25 10:45:00+05:30,73959.0,74023.69,73670.42,74019.75,0,0
2024-04-25 11:15:00+05:30,74012.18,74012.18,73824.59,73912.35,0,0
2024-04-25 11:45:00+05:30,73912.51,73932.32,73818.72,73850.32,0,0
2024-04-25 12:15:00+05:30,73850.48,73901.07,73788.42,73848.59,0,0
2024-04-25 12:45:00+05:30,73852.41,74063.73,73812.48,74040.94,0,0
2024-04-25 13:15:00+05:30,74039.0,74112.61,73957.76,74112.61,0,0
2024-04-25 13:45:00+05:30,74115.29,74480.97,74111.38,74420.34,0,0
2024-04-25 14:15:00+05:30,74421.46,74571.25,74382.13,74471.73,0,0
2024-04-25 14:45:00+05:30,74475.34,74488.45,74352.26,74360.11,0,0
2024-04-25 15:15:00+05:30,74361.19,74370.88,74284.1,74333.0,0,0
2024-04-26 09:15:00+05:30,74509.31,74515.91,74351.79,74430.03,0,0
2024-04-26 09:45:00+05:30,74429.35,74448.82,74142.83,74197.34,0,0
2024-04-26 10:15:00+05:30,74196.02,74265.99,74102.55,74167.41,0,0
2024-04-26 10:45:00+05:30,74167.91,74250.57,74115.32,74130.92,0,0
2024-04-26 11:15:00+05:30,74129.92,74230.39,74116.32,74221.18,0,0
2024-04-26 11:45:00+05:30,74221.1,74232.71,74116.22,74148.39,0,0
2024-04-26 12:15:00+05:30,74146.94,74172.62,74067.38,74101.07,0,0
2024-04-26 12:45:00+05:30,74101.07,74164.87,74063.61,74127.98,0,0
2024-04-26 13:15:00+05:30,74123.65,74124.23,73801.67,73874.2,0,0
2024-04-26 13:45:00+05:30,73873.02,73921.4,73766.57,73914.67,0,0
2024-04-26 14:15:00+05:30,73916.8,73935.05,73787.04,73881.85,0,0
2024-04-26 14:45:00+05:30,73877.75,73912.12,73616.65,73728.69,0,0
2024-04-26 15:15:00+05:30,73731.52,73923.48,73728.73,73896.06,0,0
2024-04-29 09:15:00+05:30,73982.75,74204.3,73922.34,74094.78,0,0
2024-04-29 09:45:00+05:30,74091.19,74128.06,73966.33,74103.8,0,0
2024-04-29 10:15:00+05:30,74104.47,74314.54,74095.94,74244.84,0,0
2024-04-29 10:45:00+05:30,74240.26,74299.85,74182.34,74289.91,0,0
2024-04-29 11:15:00+05:30,74292.46,74321.62,74256.39,74302.82,0,0
2024-04-29 11:45:00+05:30,74303.26,74415.29,74290.67,74368.16,0,0
2024-04-29 12:15:00+05:30,74368.16,74426.55,74348.97,74410.74,0,0
2024-04-29 12:45:00+05:30,74411.15,74450.41,74390.87,74423.95,0,0
2024-04-29 13:15:00+05:30,74423.24,74610.37,74400.94,74607.41,0,0
2024-04-29 13:45:00+05:30,74606.36,74619.53,74544.39,74582.26,0,0
2024-04-29 14:15:00+05:30,74581.79,74636.29,74549.82,74555.94,0,0
2024-04-29 14:45:00+05:30,74559.64,74721.15,74546.94,74716.84,0,0
2024-04-29 15:15:00+05:30,74716.49,74716.49,74612.36,74639.05,0,0
2024-04-30 09:15:00+05:30,74800.89,74855.75,74710.36,74833.34,0,0
2024-04-30 09:45:00+05:30,74834.26,75009.57,74811.54,74919.54,0,0
2024-04-30 10:15:00+05:30,74930.5,74993.59,74913.68,74980.05,0,0
2024-04-30 10:45:00+05:30,74979.79,75068.76,74884.59,74958.53,0,0
2024-04-30 11:15:00+05:30,74957.29,74987.33,74908.17,74961.67,0,0
2024-04-30 11:45:00+05:30,74961.94,75007.67,74923.51,74986.08,0,0
2024-04-30 12:15:00+05:30,74987.31,75010.62,74913.2,74959.34,0,0
2024-04-30 12:45:00+05:30,74957.69,74980.2,74860.74,74865.38,0,0
2024-04-30 13:15:00+05:30,74872.95,74962.6,74855.3,74938.65,0,0
2024-04-30 13:45:00+05:30,74936.5,75096.94,74893.07,75065.26,0,0
2024-04-30 14:15:00+05:30,75069.52,75111.39,74978.21,74981.71,0,0
2024-04-30 14:45:00+05:30,74977.26,74977.26,74471.96,74478.93,0,0
2024-04-30 15:15:00+05:30,74477.98,74491.13,74346.4,74439.21,0,0
2024-05-02 09:15:00+05:30,74391.73,74723.9,74360.69,74672.62,0,0
2024-05-02 09:45:00+05:30,74673.67,74746.13,74548.39,74698.61,0,0
2024-05-02 10:15:00+05:30,74700.06,74774.85,74656.51,74748.68,0,0
2024-05-02 10:45:00+05:30,74748.66,74763.68,74637.06,74681.79,0,0
2024-05-02 11:15:00+05:30,74675.67,74812.43,74562.37,74737.84,0,0
2024-05-02 11:45:00+05:30,74737.84,74770.12,74702.31,74769.33,0,0
2024-05-02 12:15:00+05:30,74769.42,74784.12,74696.72,74725.89,0,0
2024-05-02 12:45:00+05:30,74725.16,74755.2,74670.09,74729.3,0,0
2024-05-02 13:15:00+05:30,74731.2,74802.04,74703.3,74747.14,0,0
2024-05-02 13:45:00+05:30,74746.92,74803.55,74681.27,74709.49,0,0
2024-05-02 14:15:00+05:30,74704.78,74707.56,74586.26,74609.26,0,0
2024-05-02 14:45:00+05:30,74608.46,74736.01,74561.88,74584.29,0,0
2024-05-02 15:15:00+05:30,74580.33,74667.95,74562.14,74651.81,0,0
2024-05-03 09:15:00+05:30,75017.82,75095.18,74937.7,74986.67,0,0
2024-05-03 09:45:00+05:30,74986.33,75010.84,74607.87,74633.08,0,0
2024-05-03 10:15:00+05:30,74632.36,74667.64,74317.84,74398.19,0,0
2024-05-03 10:45:00+05:30,74395.18,74457.76,74250.1,74330.02,0,0
2024-05-03 11:15:00+05:30,74328.82,74341.67,73894.55,74006.72,0,0
2024-05-03 11:45:00+05:30,74008.54,74024.74,73831.42,73935.18,0,0
2024-05-03 12:15:00+05:30,73936.35,74162.51,73924.03,74150.48,0,0
2024-05-03 12:45:00+05:30,74148.26,74160.34,73637.38,73683.81,0,0
2024-05-03 13:15:00+05:30,73684.5,73775.56,73485.01,73541.09,0,0
2024-05-03 13:45:00+05:30,73546.61,73670.47,73467.73,73664.62,0,0
2024-05-03 14:15:00+05:30,73663.68,73812.35,73569.62,73792.02,0,0
2024-05-03 14:45:00+05:30,73792.99,73956.78,73708.65,73948.16,0,0
2024-05-03 15:15:00+05:30,73948.9,74006.25,73814.59,73845.76,0,0
2024-05-06 09:15:00+05:30,74196.68,74359.69,73973.79,74180.27,0,0
2024-05-06 09:45:00+05:30,74175.19,74180.2,73988.35,74079.75,0,0
2024-05-06 10:15:00+05:30,74090.57,74193.37,74020.21,74176.27,0,0
2024-05-06 10:45:00+05:30,74176.46,74210.77,74055.21,74069.86,0,0
2024-05-06 11:15:00+05:30,74068.72,74120.0,73976.01,74071.42,0,0
2024-05-06 11:45:00+05:30,74070.06,74153.13,74009.03,74150.68,0,0
2024-05-06 12:15:00+05:30,74148.17,74153.83,73984.2,74020.7,0,0
2024-05-06 12:45:00+05:30,74020.39,74025.95,73885.43,73885.43,0,0
2024-05-06 13:15:00+05:30,73886.9,73989.04,73818.16,73977.23,0,0
2024-05-06 13:45:00+05:30,73982.4,73987.5,73871.61,73872.99,0,0
2024-05-06 14:15:00+05:30,73873.4,73946.58,73786.29,73892.14,0,0
2024-05-06 14:45:00+05:30,73892.09,74041.07,73808.53,73892.6,0,0
2024-05-06 15:15:00+05:30,73891.88,73960.97,73853.74,73947.03,0,0
2024-05-07 09:15:00+05:30,73973.3,74026.8,73856.27,73936.81,0,0
2024-05-07 09:45:00+05:30,73936.34,73983.11,73631.59,73704.08,0,0
2024-05-07 10:15:00+05:30,73700.56,73710.47,73462.25,73501.45,0,0
2024-05-07 10:45:00+05:30,73501.01,73554.56,73416.22,73457.85,0,0
2024-05-07 11:15:00+05:30,73457.85,73461.69,73259.26,73380.76,0,0
2024-05-07 11:45:00+05:30,73380.44,73456.54,73348.57,73420.07,0,0
2024-05-07 12:15:00+05:30,73418.22,73487.88,73345.61,73348.92,0,0
2024-05-07 12:45:00+05:30,73343.89,73403.05,73291.28,73324.85,0,0
2024-05-07 13:15:00+05:30,73326.77,73588.72,73310.74,73581.81,0,0
2024-05-07 13:45:00+05:30,73586.43,73596.19,73478.28,73559.36,0,0
2024-05-07 14:15:00+05:30,73559.36,73570.09,73360.13,73507.29,0,0
2024-05-07 14:45:00+05:30,73505.31,73568.59,73451.16,73531.33,0,0
2024-05-07 15:15:00+05:30,73531.58,73548.82,73479.69,73525.15,0,0
2024-05-08 09:15:00+05:30,73225.0,73418.14,73148.76,73316.87,0,0
2024-05-08 09:45:00+05:30,73312.72,73402.6,73194.3,73362.97,0,0
2024-05-08 10:15:00+05:30,73363.47,73364.86,73073.92,73127.57,0,0
2024-05-08 10:45:00+05:30,73130.33,73267.93,73111.42,73255.13,0,0
2024-05-08 11:15:00+05:30,73255.54,73420.91,73246.72,73384.5,0,0
2024-05-08 11:45:00+05:30,73385.47,73593.07,73382.88,73582.68,0,0
2024-05-08 12:15:00+05:30,73581.4,73647.89,73486.81,73531.09,0,0
2024-05-08 12:45:00+05:30,73529.63,73639.63,73525.22,73590.19,0,0
2024-05-08 13:15:00+05:30,73590.19,73684.93,73433.38,73518.49,0,0
2024-05-08 13:45:00+05:30,73516.81,73530.78,73355.83,73388.62,0,0
2024-05-08 14:15:00+05:30,73392.76,73457.78,73301.37,73448.98,0,0
2024-05-08 14:45:00+05:30,73440.56,73513.64,73411.03,73480.69,0,0
2024-05-08 15:15:00+05:30,73489.12,73536.12,73443.43,73503.25,0,0
2024-05-09 09:15:00+05:30,73499.49,73499.49,73184.82,73245.12,0,0
2024-05-09 09:45:00+05:30,73244.47,73302.61,73075.68,73081.75,0,0
2024-05-09 10:15:00+05:30,73091.35,73133.7,72886.96,72937.93,0,0
2024-05-09 10:45:00+05:30,72934.91,73010.92,72909.85,72941.47,0,0
2024-05-09 11:15:00+05:30,72941.47,73046.22,72902.08,73011.41,0,0
2024-05-09 11:45:00+05:30,73011.78,73070.12,72989.67,73043.12,0,0
2024-05-09 12:15:00+05:30,73041.99,73100.48,72920.5,72940.54,0,0
2024-05-09 12:45:00+05:30,72940.65,72958.5,72624.14,72718.68,0,0
2024-05-09 13:15:00+05:30,72717.85,72736.71,72603.09,72682.81,0,0
2024-05-09 13:45:00+05:30,72682.1,72788.9,72612.8,72724.12,0,0
2024-05-09 14:15:00+05:30,72726.04,72777.44,72461.56,72471.72,0,0
2024-05-09 14:45:00+05:30,72472.91,72597.68,72365.68,72373.6,0,0
2024-05-09 15:15:00+05:30,72373.01,72445.51,72334.18,72440.24,0,0
2024-05-10 09:15:00+05:30,72475.45,72775.04,72366.29,72752.64,0,0
2024-05-10 09:45:00+05:30,72758.34,72946.54,72733.44,72898.37,0,0
2024-05-10 10:15:00+05:30,72888.12,72940.81,72749.71,72795.11,0,0
2024-05-10 10:45:00+05:30,72794.59,72794.68,72505.27,72664.54,0,0
2024-05-10 11:15:00+05:30,72664.54,72764.47,72590.64,72644.56,0,0
2024-05-10 11:45:00+05:30,72644.65,72645.47,72499.64,72567.23,0,0
2024-05-10 12:15:00+05:30,72568.44,72590.42,72466.62,72537.18,0,0
2024-05-10 12:45:00+05:30,72537.55,72540.27,72405.14,72443.43,0,0
2024-05-10 13:15:00+05:30,72444.66,72585.52,72426.22,72579.52,0,0
2024-05-10 13:45:00+05:30,72579.52,72652.14,72516.23,72533.52,0,0
2024-05-10 14:15:00+05:30,72534.23,72588.97,72470.14,72588.62,0,0
2024-05-10 14:45:00+05:30,72587.47,72738.39,72502.04,72662.88,0,0
2024-05-10 15:15:00+05:30,72662.45,72715.44,72618.04,72652.62,0,0
2024-05-13 09:15:00+05:30,72476.65,72603.18,71950.69,71962.03,0,0
2024-05-13 09:45:00+05:30,71963.78,72100.53,71882.9,72046.44,0,0
2024-05-13 10:15:00+05:30,72044.24,72060.7,71875.13,71896.16,0,0
2024-05-13 10:45:00+05:30,71895.58,72190.2,71866.01,72158.29,0,0
2024-05-13 11:15:00+05:30,72157.87,72405.48,72152.29,72315.11,0,0
2024-05-13 11:45:00+05:30,72312.67,72409.17,72259.57,72385.17,0,0
2024-05-13 12:15:00+05:30,72386.9,72574.09,72332.52,72514.12,0,0
2024-05-13 12:45:00+05:30,72514.27,72539.61,72408.95,72535.03,0,0
2024-05-13 13:15:00+05:30,72535.93,72547.12,72205.04,72338.31,0,0
2024-05-13 13:45:00+05:30,72340.18,72803.66,72302.98,72775.8,0,0
2024-05-13 14:15:00+05:30,72775.4,72862.43,72699.45,72814.22,0,0
2024-05-13 14:45:00+05:30,72815.01,72863.56,72655.22,72756.52,0,0
2024-05-13 15:15:00+05:30,72756.09,72852.74,72727.89,72804.35,0,0
2024-05-14 09:15:00+05:30,72696.72,73002.05,72683.99,72880.98,0,0
2024-05-14 09:45:00+05:30,72880.98,72984.78,72705.84,72752.25,0,0
2024-05-14 10:15:00+05:30,72754.36,72908.76,72745.56,72908.24,0,0
2024-05-14 10:45:00+05:30,72909.65,73007.97,72835.1,73007.16,0,0
2024-05-14 11:15:00+05:30,73008.59,73047.25,72929.03,72977.55,0,0
2024-05-14 11:45:00+05:30,72976.06,73059.39,72961.62,73013.96,0,0
2024-05-14 12:15:00+05:30,73015.88,73034.97,72946.47,73022.77,0,0
2024-05-14 12:45:00+05:30,73022.87,73165.14,73012.26,73101.36,0,0
2024-05-14 13:15:00+05:30,73100.21,73172.17,73050.8,73167.07,0,0
2024-05-14 13:45:00+05:30,73167.07,73286.26,73153.47,73220.36,0,0
2024-05-14 14:15:00+05:30,73223.9,73270.06,73122.16,73163.8,0,0
2024-05-14 14:45:00+05:30,73163.44,73206.54,73026.99,73112.36,0,0
2024-05-14 15:15:00+05:30,73111.96,73136.28,73072.99,73116.97,0,0
2024-05-15 09:15:00+05:30,73200.23,73250.8,73135.35,73248.85,0,0
2024-05-15 09:45:00+05:30,73245.2,73301.47,72888.38,72948.24,0,0
2024-05-15 10:15:00+05:30,72940.71,72969.62,72822.66,72852.96,0,0
2024-05-15 10:45:00+05:30,72858.34,73129.27,72844.58,73062.34,0,0
2024-05-15 11:15:00+05:30,73062.34,73088.65,72870.76,72913.86,0,0
2024-05-15 11:45:00+05:30,72913.04,73065.6,72910.68,72991.78,0,0
2024-05-15 12:15:00+05:30,72990.04,73026.36,72920.79,72985.12,0,0
2024-05-15 12:45:00+05:30,72986.57,73024.62,72938.53,72947.32,0,0
2024-05-15 13:15:00+05:30,72946.96,73005.83,72872.61,72931.24,0,0
2024-05-15 13:45:00+05:30,72932.49,73043.71,72871.54,73012.1,0,0
2024-05-15 14:15:00+05:30,73006.71,73032.4,72920.14,72990.35,0,0
2024-05-15 14:45:00+05:30,72987.4,73074.65,72920.21,73002.72,0,0
2024-05-15 15:15:00+05:30,73000.72,73044.3,72946.88,73038.83,0,0
2024-05-16 09:15:00+05:30,73338.24,73396.75,73116.66,73126.19,0,0
2024-05-16 09:45:00+05:30,73128.06,73230.63,73092.26,73179.93,0,0
2024-05-16 10:15:00+05:30,73182.12,73193.5,72935.65,73060.71,0,0
2024-05-16 10:45:00+05:30,73063.01,73063.01,72767.26,72844.67,0,0
2024-05-16 11:15:00+05:30,72847.4,72940.07,72721.16,72939.01,0,0
2024-05-16 11:45:00+05:30,72937.37,73301.46,72861.13,73290.54,0,0
2024-05-16 12:15:00+05:30,73304.45,73353.88,72829.08,72908.59,0,0
2024-05-16 12:45:00+05:30,72911.16,72938.68,72690.71,72758.97,0,0
2024-05-16 13:15:00+05:30,72758.97,72763.22,72529.97,72598.26,0,0
2024-05-16 13:45:00+05:30,72599.52,72812.89,72554.08,72586.43,0,0
2024-05-16 14:15:00+05:30,72587.16,73132.5,72578.36,73127.87,0,0
2024-05-16 14:45:00+05:30,73126.35,73671.1,73126.35,73645.77,0,0
2024-05-16 15:15:00+05:30,73648.34,73749.47,73615.76,73638.13,0,0
2024-05-17 09:15:00+05:30,73711.31,73742.65,73459.8,73495.8,0,0
2024-05-17 09:45:00+05:30,73497.27,73760.49,73487.11,73649.6,0,0
2024-05-17 10:15:00+05:30,73648.19,73942.77,73620.1,73891.35,0,0
2024-05-17 10:45:00+05:30,73889.32,73950.94,73811.52,73938.81,0,0
2024-05-17 11:15:00+05:30,73934.97,73974.37,73838.93,73973.75,0,0
2024-05-17 11:45:00+05:30,73974.39,74004.69,73876.69,73884.68,0,0
2024-05-17 12:15:00+05:30,73884.36,73991.95,73884.36,73959.82,0,0
2024-05-17 12:45:00+05:30,73960.51,73968.96,73839.61,73948.41,0,0
2024-05-17 13:15:00+05:30,73948.06,74070.84,73850.26,73941.59,0,0
2024-05-17 13:45:00+05:30,73942.83,74027.4,73893.73,73966.64,0,0
2024-05-17 14:15:00+05:30,73966.64,74013.38,73893.07,73943.09,0,0
2024-05-17 14:45:00+05:30,73943.37,73981.11,73823.3,73940.7,0,0
2024-05-17 15:15:00+05:30,73939.04,73988.98,73878.54,73910.51,0,0
2024-05-18 09:15:00+05:30,74004.1,74075.04,73980.67,74037.4,0,0
2024-05-18 09:45:00+05:30,74037.41,74050.0,73920.63,73967.77,0,0
2024-05-18 11:15:00+05:30,74161.96,74162.76,73960.28,73989.65,0,0
2024-05-18 11:45:00+05:30,73991.28,74030.59,73955.5,74025.58,0,0
2024-05-18 12:15:00+05:30,74026.37,74053.8,73995.78,74042.21,0,0
2024-05-21 09:15:00+05:30,73842.96,73987.47,73787.83,73863.58,0,0
2024-05-21 09:45:00+05:30,73863.58,73889.46,73781.24,73806.71,0,0
2024-05-21 10:15:00+05:30,73810.09,73865.33,73773.17,73774.68,0,0
2024-05-21 10:45:00+05:30,73774.64,73936.54,73762.37,73923.53,0,0
2024-05-21 11:15:00+05:30,73928.44,73974.17,73898.42,73957.69,0,0
2024-05-21 11:45:00+05:30,73958.27,74065.66,73954.16,74045.41,0,0
2024-05-21 12:15:00+05:30,74047.08,74056.2,73966.19,74041.58,0,0
2024-05-21 12:45:00+05:30,74041.58,74189.19,74040.67,74130.16,0,0
2024-05-21 13:15:00+05:30,74129.45,74149.47,74007.12,74031.96,0,0
2024-05-21 13:45:00+05:30,74029.57,74095.91,74003.89,74012.21,0,0
2024-05-21 14:15:00+05:30,74013.61,74057.24,73988.13,74042.16,0,0
2024-05-21 14:45:00+05:30,74041.98,74046.57,73899.84,73958.26,0,0
2024-05-21 15:15:00+05:30,73957.57,73974.86,73875.97,73896.31,0,0
2024-05-22 09:15:00+05:30,74165.52,74165.52,73903.68,73913.28,0,0
2024-05-22 09:45:00+05:30,73913.28,74100.47,73860.33,74089.63,0,0
2024-05-22 10:15:00+05:30,74089.42,74099.12,74014.97,74049.09,0,0
2024-05-22 10:45:00+05:30,74049.38,74138.29,73995.02,74062.33,0,0
2024-05-22 11:15:00+05:30,74062.33,74077.32,73987.36,74008.42,0,0
2024-05-22 11:45:00+05:30,74009.21,74112.51,74003.0,74095.8,0,0
2024-05-22 12:15:00+05:30,74096.3,74171.81,74063.43,74087.46,0,0
2024-05-22 12:45:00+05:30,74085.01,74125.17,74045.18,74079.52,0,0
2024-05-22 13:15:00+05:30,74079.85,74174.05,74079.85,74144.73,0,0
2024-05-22 13:45:00+05:30,74142.93,74239.02,74105.15,74139.23,0,0
2024-05-22 14:15:00+05:30,74141.99,74183.3,74124.33,74167.56,0,0
2024-05-22 14:45:00+05:30,74166.56,74261.92,73981.92,74206.12,0,0
2024-05-22 15:15:00+05:30,74204.59,74307.79,74196.79,74250.78,0,0
2024-05-23 09:15:00+05:30,74253.53,74492.57,74158.35,74454.97,0,0
2024-05-23 09:45:00+05:30,74459.7,74533.0,74430.39,74486.36,0,0
2024-05-23 10:15:00+05:30,74488.49,74632.36,74416.82,74467.84,0,0
2024-05-23 10:45:00+05:30,74468.07,74649.33,74445.36,74579.06,0,0
2024-05-23 11:15:00+05:30,74578.99,74675.29,74569.77,74640.68,0,0
2024-05-23 11:45:00+05:30,74636.89,74796.41,74618.32,74746.58,0,0
2024-05-23 12:15:00+05:30,74746.6,74991.08,74737.79,74969.49,0,0
2024-05-23 12:45:00+05:30,74968.83,75050.05,74931.67,74964.67,0,0
2024-05-23 13:15:00+05:30,74967.26,75065.36,74882.66,75000.79,0,0
2024-05-23 13:45:00+05:30,75002.59,75255.23,74943.84,75251.9,0,0
2024-05-23 14:15:00+05:30,75249.21,75407.39,75170.66,75283.2,0,0
2024-05-23 14:45:00+05:30,75281.62,75466.76,75191.56,75446.66,0,0
2024-05-23 15:15:00+05:30,75445.4,75499.91,75345.08,75345.42,0,0
2024-05-24 09:15:00+05:30,75335.45,75582.28,75244.22,75480.67,0,0
2024-05-24 09:45:00+05:30,75482.46,75523.64,75273.32,75274.92,0,0
2024-05-24 10:15:00+05:30,75267.62,75435.9,75265.04,75363.32,0,0
2024-05-24 10:45:00+05:30,75366.58,75471.96,75341.61,75385.26,0,0
2024-05-24 11:15:00+05:30,75385.52,75466.9,75385.34,75439.75,0,0
2024-05-24 11:45:00+05:30,75440.2,75453.96,75368.85,75414.3,0,0
2024-05-24 12:15:00+05:30,75420.7,75462.56,75382.85,75441.52,0,0
2024-05-24 12:45:00+05:30,75437.84,75559.9,75423.43,75493.9,0,0
2024-05-24 13:15:00+05:30,75489.8,75566.39,75430.68,75535.49,0,0
2024-05-24 13:45:00+05:30,75539.11,75599.4,75452.3,75548.57,0,0
2024-05-24 14:15:00+05:30,75548.9,75636.5,75409.17,75518.89,0,0
2024-05-24 14:45:00+05:30,75514.62,75560.04,75309.12,75424.43,0,0
2024-05-24 15:15:00+05:30,75427.29,75463.39,75344.66,75366.22,0,0
2024-05-27 09:15:00+05:30,75655.46,75679.67,75447.87,75577.86,0,0
2024-05-27 09:45:00+05:30,75584.99,75603.67,75404.82,75466.29,0,0
2024-05-27 10:15:00+05:30,75463.72,75638.42,75441.54,75632.87,0,0
2024-05-27 10:45:00+05:30,75630.87,75649.11,75561.73,75586.79,0,0
2024-05-27 11:15:00+05:30,75590.8,75703.58,75582.07,75703.51,0,0
2024-05-27 11:45:00+05:30,75704.57,75876.96,75675.93,75855.94,0,0
2024-05-27 12:15:00+05:30,75857.66,76009.68,75840.47,75973.07,0,0
2024-05-27 12:45:00+05:30,75974.16,76007.06,75846.57,75892.91,0,0
2024-05-27 13:15:00+05:30,75893.1,75937.54,75846.13,75875.75,0,0
2024-05-27 13:45:00+05:30,75876.37,75906.93,75784.71,75856.16,0,0
2024-05-27 14:15:00+05:30,75857.27,75868.6,75666.54,75673.4,0,0
2024-05-27 14:45:00+05:30,75664.23,75702.57,75175.27,75418.49,0,0
2024-05-27 15:15:00+05:30,75419.18,75461.42,75340.78,75364.6,0,0
2024-05-28 09:15:00+05:30,75585.4,75585.4,75387.73,75455.95,0,0
2024-05-28 09:45:00+05:30,75462.22,75485.33,75347.05,75434.8,0,0
2024-05-28 10:15:00+05:30,75435.51,75574.21,75433.88,75522.74,0,0
2024-05-28 10:45:00+05:30,75518.84,75533.32,75428.96,75466.98,0,0
2024-05-28 11:15:00+05:30,75466.94,75493.68,75387.34,75450.52,0,0
2024-05-28 11:45:00+05:30,75449.62,75468.62,75359.58,75378.18,0,0
2024-05-28 12:15:00+05:30,75377.43,75407.88,75247.43,75316.34,0,0
2024-05-28 12:45:00+05:30,75315.4,75463.22,75271.25,75397.96,0,0
2024-05-28 13:15:00+05:30,75396.45,75491.37,75302.95,75423.21,0,0
2024-05-28 13:45:00+05:30,75423.21,75430.33,75293.65,75341.35,0,0
2024-05-28 14:15:00+05:30,75341.35,75372.68,75213.95,75264.59,0,0
2024-05-28 14:45:00+05:30,75264.59,75299.37,75187.91,75207.6,0,0
2024-05-28 15:15:00+05:30,75208.05,75213.35,75083.22,75128.49,0,0
2024-05-29 09:15:00+05:30,74826.94,74986.22,74754.35,74928.09,0,0
2024-05-29 09:45:00+05:30,74928.09,74936.98,74727.99,74735.62,0,0
2024-05-29 10:15:00+05:30,74735.39,74766.54,74614.24,74712.27,0,0
2024-05-29 10:45:00+05:30,74711.07,74720.69,74590.41,74604.92,0,0
2024-05-29 11:15:00+05:30,74605.07,74678.51,74539.56,74584.46,0,0
2024-05-29 11:45:00+05:30,74584.46,74657.18,74559.32,74656.46,0,0
2024-05-29 12:15:00+05:30,74656.46,74678.73,74586.34,74662.24,0,0
2024-05-29 12:45:00+05:30,74662.24,74810.92,74600.38,74679.3,0,0
2024-05-29 13:15:00+05:30,74673.9,74765.49,74665.46,74743.37,0,0
2024-05-29 13:45:00+05:30,74744.31,74759.2,74577.25,74646.2,0,0
2024-05-29 14:15:00+05:30,74645.89,74675.8,74543.64,74544.0,0,0
2024-05-29 14:45:00+05:30,74545.92,74608.64,74454.55,74529.44,0,0
2024-05-29 15:15:00+05:30,74531.93,74548.25,74472.29,74501.84,0,0
2024-05-30 09:15:00+05:30,74365.88,74493.55,74158.86,74197.21,0,0
2024-05-30 09:45:00+05:30,74198.29,74250.56,74030.53,74044.98,0,0
2024-05-30 10:15:00+05:30,74046.33,74231.19,74033.63,74143.95,0,0
2024-05-30 10:45:00+05:30,74143.29,74182.24,74075.06,74078.25,0,0
2024-05-30 11:15:00+05:30,74077.97,74091.21,74004.31,74024.54,0,0
2024-05-30 11:45:00+05:30,74025.16,74162.2,74025.16,74108.2,0,0
2024-05-30 12:15:00+05:30,74108.18,74125.37,74050.32,74099.78,0,0
2024-05-30 12:45:00+05:30,74100.29,74202.11,74093.56,74146.11,0,0
2024-05-30 13:15:00+05:30,74145.76,74148.5,73931.74,74009.44,0,0
2024-05-30 13:45:00+05:30,74008.86,74104.89,73957.11,73962.17,0,0
2024-05-30 14:15:00+05:30,73963.54,74015.16,73797.19,73811.2,0,0
2024-05-30 14:45:00+05:30,73810.93,73983.49,73668.73,73835.59,0,0
2024-05-30 15:15:00+05:30,73835.46,74111.5,73832.46,74099.39,0,0
2024-05-31 09:15:00+05:30,74208.53,74478.89,74109.26,74442.84,0,0
2024-05-31 09:45:00+05:30,74440.47,74452.38,74079.6,74101.79,0,0
2024-05-31 10:15:00+05:30,74095.71,74265.34,74004.74,74065.84,0,0
2024-05-31 10:45:00+05:30,74065.78,74145.86,73955.69,74051.83,0,0
2024-05-31 11:15:00+05:30,74057.79,74153.59,73974.45,74129.53,0,0
2024-05-31 11:45:00+05:30,74130.23,74137.0,73968.35,74014.41,0,0
2024-05-31 12:15:00+05:30,74014.41,74068.98,73967.01,74015.06,0,0
2024-05-31 12:45:00+05:30,74016.7,74122.14,73971.15,74040.3,0,0
2024-05-31 13:15:00+05:30,74040.38,74143.55,74004.16,74139.08,0,0
2024-05-31 13:45:00+05:30,74138.39,74354.6,74133.49,74245.52,0,0
2024-05-31 14:15:00+05:30,74238.53,74244.28,73778.49,73928.08,0,0
2024-05-31 14:45:00+05:30,73925.97,74045.84,73765.15,73971.34,0,0
2024-05-31 15:15:00+05:30,73972.07,74151.23,73946.63,74018.06,0,0
2024-06-03 09:15:00+05:30,76583.29,76738.89,75744.5,75801.56,0,0
2024-06-03 09:45:00+05:30,75800.01,76112.93,75678.43,76101.77,0,0
2024-06-03 10:15:00+05:30,76099.78,76145.7,75929.26,75970.85,0,0
2024-06-03 10:45:00+05:30,75971.79,76094.65,75941.15,76094.06,0,0
2024-06-03 11:15:00+05:30,76088.0,76194.81,76073.59,76185.65,0,0
2024-06-03 11:45:00+05:30,76184.66,76333.73,76165.24,76250.5,0,0
2024-06-03 12:15:00+05:30,76254.57,76310.03,76178.65,76217.9,0,0
2024-06-03 12:45:00+05:30,76218.44,76300.63,76187.81,76269.95,0,0
2024-06-03 13:15:00+05:30,76271.37,76324.7,76071.24,76216.36,0,0
2024-06-03 13:45:00+05:30,76216.45,76403.43,76209.45,76329.58,0,0
2024-06-03 14:15:00+05:30,76331.06,76421.95,76226.01,76406.74,0,0
2024-06-03 14:45:00+05:30,76407.07,76452.62,76306.39,76442.36,0,0
2024-06-03 15:15:00+05:30,76441.86,76623.68,76441.86,76599.09,0,0
2024-06-04 09:15:00+05:30,76285.78,76300.46,73659.29,74289.31,0,0
2024-06-04 09:45:00+05:30,74289.87,75224.4,74236.88,75027.26,0,0
2024-06-04 10:15:00+05:30,75031.52,75037.21,74089.82,74152.83,0,0
2024-06-04 10:45:00+05:30,74153.0,74319.0,72337.34,72708.46,0,0
2024-06-04 11:15:00+05:30,72726.32,73438.07,72646.24,72912.97,0,0
2024-06-04 11:45:00+05:30,72916.51,73117.71,70807.76,71240.51,0,0
2024-06-04 12:15:00+05:30,71248.69,72020.55,70234.43,71898.59,0,0
2024-06-04 12:45:00+05:30,71897.3,72521.47,71554.03,72287.2,0,0
2024-06-04 13:15:00+05:30,72286.55,72845.13,72097.0,72612.06,0,0
2024-06-04 13:45:00+05:30,72612.89,73260.49,72234.35,72638.84,0,0
2024-06-04 14:15:00+05:30,72622.89,72703.45,72080.43,72374.51,0,0
2024-06-04 14:45:00+05:30,72380.2,72548.37,71536.39,72264.33,0,0
2024-06-04 15:15:00+05:30,72257.01,72573.79,72013.37,72573.79,0,0
2024-06-05 09:15:00+05:30,73027.88,73027.88,71893.21,72251.77,0,0
2024-06-05 09:45:00+05:30,72254.21,72667.44,71879.44,72643.71,0,0
2024-06-05 10:15:00+05:30,72643.32,72675.01,72233.57,72578.98,0,0
2024-06-05 10:45:00+05:30,72571.89,73546.6,72557.1,73546.6,0,0
2024-06-05 11:15:00+05:30,73547.58,73851.09,73325.71,73603.61,0,0
2024-06-05 11:45:00+05:30,73577.39,73577.39,73138.3,73420.54,0,0
2024-06-05 12:15:00+05:30,73420.74,73623.64,73347.81,73393.49,0,0
2024-06-05 12:45:00+05:30,73389.65,73746.51,73201.21,73609.68,0,0
2024-06-05 13:15:00+05:30,73604.91,73803.19,73536.92,73782.44,0,0
2024-06-05 13:45:00+05:30,73782.46,74204.67,73690.58,73919.95,0,0
2024-06-05 14:15:00+05:30,73921.88,74374.11,73796.4,74276.27,0,0
2024-06-05 14:45:00+05:30,74283.75,74534.82,74242.39,74431.16,0,0
2024-06-05 15:15:00+05:30,74431.96,74448.59,74174.28,74231.28,0,0
2024-06-06 09:15:00+05:30,75078.7,75078.7,74526.06,74749.83,0,0
2024-06-06 09:45:00+05:30,74750.01,74926.06,74614.35,74903.26,0,0
2024-06-06 10:15:00+05:30,74904.03,75216.2,74898.02,75153.28,0,0
2024-06-06 10:45:00+05:30,75156.66,75297.73,75103.71,75267.7,0,0
2024-06-06 11:15:00+05:30,75267.53,75276.61,74906.8,74953.58,0,0
2024-06-06 11:45:00+05:30,74953.03,75048.1,74582.11,74684.59,0,0
2024-06-06 12:15:00+05:30,74687.59,74964.42,74654.18,74719.22,0,0
2024-06-06 12:45:00+05:30,74721.42,74869.35,74474.94,74635.12,0,0
2024-06-06 13:15:00+05:30,74636.84,75120.88,74631.21,75091.02,0,0
2024-06-06 13:45:00+05:30,75092.0,75117.48,74764.98,74910.36,0,0
2024-06-06 14:15:00+05:30,74910.52,74949.42,74545.79,74733.55,0,0
2024-06-06 14:45:00+05:30,74726.13,75075.19,74700.12,75068.79,0,0
2024-06-06 15:15:00+05:30,75071.13,75196.77,74995.4,75167.25,0,0
2024-06-07 09:15:00+05:30,75031.79,75491.3,74941.88,75463.31,0,0
2024-06-07 09:45:00+05:30,75465.13,75698.71,75338.0,75592.68,0,0
2024-06-07 10:15:00+05:30,75592.5,75892.46,75373.24,75799.68,0,0
2024-06-07 10:45:00+05:30,75801.45,75981.94,75763.53,75946.87,0,0
2024-06-07 11:15:00+05:30,75949.81,76183.87,75813.02,76159.83,0,0
2024-06-07 11:45:00+05:30,76163.15,76536.29,76138.6,76392.29,0,0
2024-06-07 12:15:00+05:30,76389.7,76503.48,76202.42,76461.54,0,0
2024-06-07 12:45:00+05:30,76461.47,76591.02,76318.35,76474.36,0,0
2024-06-07 13:15:00+05:30,76466.84,76513.26,76222.55,76500.8,0,0
2024-06-07 13:45:00+05:30,76504.95,76630.4,76361.35,76556.78,0,0
2024-06-07 14:15:00+05:30,76551.55,76700.82,76444.48,76482.85,0,0
2024-06-07 14:45:00+05:30,76481.54,76795.31,76481.54,76718.05,0,0
2024-06-07 15:15:00+05:30,76715.14,76733.5,76596.81,76600.83,0,0
2024-06-10 09:15:00+05:30,76935.41,77079.04,76501.46,76776.03,0,0
2024-06-10 09:45:00+05:30,76777.47,76777.47,76442.51,76696.58,0,0
2024-06-10 10:15:00+05:30,76695.11,76850.91,76667.37,76724.2,0,0
2024-06-10 10:45:00+05:30,76724.4,76832.34,76659.49,76761.34,0,0
2024-06-10 11:15:00+05:30,76764.54,76884.26,76759.04,76788.5,0,0
2024-06-10 11:45:00+05:30,76786.72,76837.6,76637.55,76643.23,0,0
2024-06-10 12:15:00+05:30,76642.18,76755.78,76642.18,76752.59,0,0
2024-06-10 12:45:00+05:30,76752.61,76795.4,76715.81,76735.44,0,0
2024-06-10 13:15:00+05:30,76739.06,76836.65,76707.68,76835.94,0,0
2024-06-10 13:45:00+05:30,76836.07,76899.68,76775.78,76844.05,0,0
2024-06-10 14:15:00+05:30,76844.05,76848.28,76423.91,76625.34,0,0
2024-06-10 14:45:00+05:30,76624.62,76641.7,76501.5,76508.45,0,0
2024-06-10 15:15:00+05:30,76506.4,76524.14,76379.73,76421.25,0,0
2024-06-11 09:15:00+05:30,76680.9,76680.9,76296.44,76447.23,0,0
2024-06-11 09:45:00+05:30,76446.61,76696.95,76442.61,76650.99,0,0
2024-06-11 10:15:00+05:30,76651.22,76766.59,76611.2,76673.1,0,0
2024-06-11 10:45:00+05:30,76674.32,76715.1,76594.13,76697.05,0,0
2024-06-11 11:15:00+05:30,76692.23,76715.82,76608.99,76662.81,0,0
2024-06-11 11:45:00+05:30,76666.08,76706.36,76632.55,76689.2,0,0
2024-06-11 12:15:00+05:30,76687.6,76706.53,76606.72,76680.72,0,0
2024-06-11 12:45:00+05:30,76686.44,76753.82,76646.08,76677.52,0,0
2024-06-11 13:15:00+05:30,76679.4,76832.68,76656.4,76830.68,0,0
2024-06-11 13:45:00+05:30,76826.7,76860.53,76623.06,76661.38,0,0
2024-06-11 14:15:00+05:30,76661.04,76724.24,76567.48,76678.63,0,0
2024-06-11 14:45:00+05:30,76679.1,76688.37,76449.75,76462.8,0,0
2024-06-11 15:15:00+05:30,76465.62,76476.14,76358.28,76427.43,0,0
2024-06-12 09:15:00+05:30,76679.11,76817.82,76553.53,76804.15,0,0
2024-06-12 09:45:00+05:30,76807.11,76967.73,76778.8,76933.6,0,0
2024-06-12 10:15:00+05:30,76927.22,77037.61,76856.32,77031.58,0,0
2024-06-12 10:45:00+05:30,77034.83,77050.53,76906.3,76935.09,0,0
2024-06-12 11:15:00+05:30,76933.43,76964.9,76774.91,76881.29,0,0
2024-06-12 11:45:00+05:30,76880.39,76993.08,76875.37,76900.69,0,0
2024-06-12 12:15:00+05:30,76899.86,76948.97,76882.09,76904.45,0,0
2024-06-12 12:45:00+05:30,76903.7,76941.52,76823.51,76918.85,0,0
2024-06-12 13:15:00+05:30,76918.91,76932.3,76854.46,76862.08,0,0
2024-06-12 13:45:00+05:30,76862.08,76893.26,76667.28,76708.13,0,0
2024-06-12 14:15:00+05:30,76708.7,76795.47,76675.05,76793.33,0,0
2024-06-12 14:45:00+05:30,76793.82,76847.35,76578.08,76620.41,0,0
2024-06-12 15:15:00+05:30,76614.38,76628.64,76533.78,76559.38,0,0
2024-06-13 09:15:00+05:30,77102.05,77145.46,76829.69,76842.6,0,0
2024-06-13 09:45:00+05:30,76837.15,76923.48,76777.77,76901.48,0,0
2024-06-13 10:15:00+05:30,76900.25,76915.87,76795.2,76824.29,0,0
2024-06-13 10:45:00+05:30,76824.16,76863.24,76768.87,76769.38,0,0
2024-06-13 11:15:00+05:30,76768.26,76829.66,76719.7,76797.42,0,0
2024-06-13 11:45:00+05:30,76795.87,76910.79,76788.1,76831.66,0,0
2024-06-13 12:15:00+05:30,76834.69,76910.08,76829.39,76857.59,0,0
2024-06-13 12:45:00+05:30,76857.89,76933.25,76824.83,76894.36,0,0
2024-06-13 13:15:00+05:30,76894.75,76925.83,76877.52,76884.78,0,0
2024-06-13 13:45:00+05:30,76888.12,76888.53,76805.28,76843.45,0,0
2024-06-13 14:15:00+05:30,76842.17,76851.71,76766.69,76851.22,0,0
2024-06-13 14:45:00+05:30,76852.51,76870.08,76769.83,76803.67,0,0
2024-06-13 15:15:00+05:30,76804.23,76853.75,76789.53,76823.75,0,0
2024-06-14 09:15:00+05:30,76912.38,77001.7,76549.19,76582.54,0,0
2024-06-14 09:45:00+05:30,76588.96,76942.49,76549.05,76897.18,0,0
2024-06-14 10:15:00+05:30,76898.1,76981.6,76859.4,76939.13,0,0
2024-06-14 10:45:00+05:30,76934.13,76954.84,76865.62,76925.72,0,0
2024-06-14 11:15:00+05:30,76925.35,76936.45,76849.3,76899.78,0,0
2024-06-14 11:45:00+05:30,76899.46,76934.96,76855.58,76900.38,0,0
2024-06-14 12:15:00+05:30,76899.55,76923.41,76873.2,76901.78,0,0
2024-06-14 12:45:00+05:30,76901.88,76981.42,76885.85,76965.33,0,0
2024-06-14 13:15:00+05:30,76964.97,76984.66,76882.8,76905.79,0,0
2024-06-14 13:45:00+05:30,76905.43,76944.48,76837.23,76917.24,0,0
2024-06-14 14:15:00+05:30,76913.55,77020.81,76882.14,76983.36,0,0
2024-06-14 14:45:00+05:30,76987.79,77081.3,76936.33,77013.86,0,0
2024-06-14 15:15:00+05:30,77013.31,77013.31,76896.07,76956.07,0,0
2024-06-18 09:15:00+05:30,77235.31,77326.8,77071.44,77269.96,0,0
2024-06-18 09:45:00+05:30,77268.95,77366.77,77256.28,77256.28,0,0
2024-06-18 10:15:00+05:30,77250.26,77299.66,77148.92,77245.53,0,0
2024-06-18 10:45:00+05:30,77247.58,77287.37,77196.66,77260.97,0,0
2024-06-18 11:15:00+05:30,77260.89,77320.97,77241.11,77264.89,0,0
2024-06-18 11:45:00+05:30,77264.64,77285.72,77224.71,77233.53,0,0
2024-06-18 12:15:00+05:30,77232.28,77261.26,77166.49,77212.78,0,0
2024-06-18 12:45:00+05:30,77210.07,77239.01,77178.37,77217.53,0,0
2024-06-18 13:15:00+05:30,77217.88,77248.59,77184.02,77245.5,0,0
2024-06-18 13:45:00+05:30,77244.84,77293.13,77222.85,77261.83,0,0
2024-06-18 14:15:00+05:30,77261.83,77279.52,77192.11,77219.43,0,0
2024-06-18 14:45:00+05:30,77220.64,77293.48,77212.28,77285.85,0,0
2024-06-18 15:15:00+05:30,77291.9,77344.11,77287.22,77322.07,0,0
2024-06-19 09:15:00+05:30,77543.22,77581.46,77332.2,77469.91,0,0
2024-06-19 09:45:00+05:30,77473.72,77528.2,77313.93,77317.9,0,0
2024-06-19 10:15:00+05:30,77322.34,77340.87,76954.87,77115.7,0,0
2024-06-19 10:45:00+05:30,77116.42,77327.13,77030.66,77266.52,0,0
2024-06-19 11:15:00+05:30,77265.74,77409.55,77179.68,77392.79,0,0
2024-06-19 11:45:00+05:30,77393.78,77444.05,77330.72,77444.05,0,0
2024-06-19 12:15:00+05:30,77449.99,77499.11,77389.5,77445.02,0,0
2024-06-19 12:45:00+05:30,77447.01,77466.57,77329.68,77408.13,0,0
2024-06-19 13:15:00+05:30,77408.5,77427.72,77281.33,77386.63,0,0
2024-06-19 13:45:00+05:30,77386.82,77521.42,77318.77,77476.54,0,0
2024-06-19 14:15:00+05:30,77475.28,77851.63,77438.78,77682.59,0,0
2024-06-19 14:45:00+05:30,77685.48,77764.98,77235.78,77319.32,0,0
2024-06-19 15:15:00+05:30,77314.85,77383.85,77294.69,77343.22,0,0
2024-06-20 09:15:00+05:30,77554.83,77588.31,77194.01,77298.19,0,0
2024-06-20 09:45:00+05:30,77302.91,77323.33,77100.36,77214.78,0,0
2024-06-20 10:15:00+05:30,77213.49,77377.76,77167.47,77365.15,0,0
2024-06-20 10:45:00+05:30,77369.52,77463.6,77315.63,77370.23,0,0
2024-06-20 11:15:00+05:30,77370.26,77442.29,77351.32,77435.57,0,0
2024-06-20 11:45:00+05:30,77435.92,77489.34,77403.23,77441.75,0,0
2024-06-20 12:15:00+05:30,77434.9,77472.57,77364.97,77373.11,0,0
2024-06-20 12:45:00+05:30,77373.11,77489.34,77363.78,77414.55,0,0
2024-06-20 13:15:00+05:30,77417.15,77643.09,77407.89,77623.2,0,0
2024-06-20 13:45:00+05:30,77625.91,77626.06,77365.03,77462.6,0,0
2024-06-20 14:15:00+05:30,77463.4,77575.17,77446.97,77519.46,0,0
2024-06-20 14:45:00+05:30,77516.5,77523.78,77382.27,77473.28,0,0
2024-06-20 15:15:00+05:30,77473.04,77542.86,77453.62,77508.82,0,0
2024-06-21 09:15:00+05:30,77729.48,77808.45,77429.2,77475.16,0,0
2024-06-21 09:45:00+05:30,77472.0,77601.43,77395.82,77451.0,0,0
2024-06-21 10:15:00+05:30,77451.35,77540.23,77304.54,77316.28,0,0
2024-06-21 10:45:00+05:30,77315.92,77320.16,77131.82,77242.64,0,0
2024-06-21 11:15:00+05:30,77243.9,77367.99,77160.41,77326.88,0,0
2024-06-21 11:45:00+05:30,77325.98,77338.02,77237.26,77295.44,0,0
2024-06-21 12:15:00+05:30,77295.85,77341.26,76988.01,77015.95,0,0
2024-06-21 12:45:00+05:30,77012.35,77092.96,76908.59,76995.39,0,0
2024-06-21 13:15:00+05:30,76996.33,77153.19,76969.64,77046.91,0,0
2024-06-21 13:45:00+05:30,77049.09,77511.99,77028.81,77418.07,0,0
2024-06-21 14:15:00+05:30,77417.09,77487.43,76802.0,77054.51,0,0
2024-06-21 14:45:00+05:30,77056.08,77478.19,77051.43,77141.17,0,0
2024-06-21 15:15:00+05:30,77143.4,77219.98,77048.55,77070.32,0,0
2024-06-24 09:15:00+05:30,76885.65,77054.79,76745.94,76878.44,0,0
2024-06-24 09:45:00+05:30,76878.49,77071.39,76874.93,77047.62,0,0
2024-06-24 10:15:00+05:30,77044.54,77153.85,76996.14,77153.85,0,0
2024-06-24 10:45:00+05:30,77154.36,77318.21,77105.47,77228.57,0,0
2024-06-24 11:15:00+05:30,77228.05,77389.38,77221.41,77231.04,0,0
2024-06-24 11:45:00+05:30,77230.04,77363.21,77201.33,77339.25,0,0
2024-06-24 12:15:00+05:30,77337.91,77423.02,77299.09,77311.63,0,0
2024-06-24 12:45:00+05:30,77311.06,77392.05,77276.29,77390.37,0,0
2024-06-24 13:15:00+05:30,77392.48,77415.57,77320.32,77348.65,0,0
2024-06-24 13:45:00+05:30,77345.52,77385.58,77254.28,77289.95,0,0
2024-06-24 14:15:00+05:30,77284.89,77338.46,77226.56,77284.89,0,0
2024-06-24 14:45:00+05:30,77284.25,77404.71,77185.37,77390.47,0,0
2024-06-24 15:15:00+05:30,77386.23,77411.37,77324.93,77369.31,0,0
2024-06-25 09:15:00+05:30,77529.19,77578.13,77459.6,77566.9,0,0
2024-06-25 09:45:00+05:30,77563.55,77636.19,77464.49,77552.69,0,0
2024-06-25 10:15:00+05:30,77554.94,77588.29,77534.98,77560.11,0,0
2024-06-25 10:45:00+05:30,77560.76,77624.9,77528.58,77541.97,0,0
2024-06-25 11:15:00+05:30,77542.05,77570.81,77480.01,77547.22,0,0
2024-06-25 11:45:00+05:30,77547.57,77614.93,77527.66,77582.21,0,0
2024-06-25 12:15:00+05:30,77583.27,77867.13,77559.75,77792.94,0,0
2024-06-25 12:45:00+05:30,77791.88,77937.82,77780.38,77908.79,0,0
2024-06-25 13:15:00+05:30,77910.33,77956.67,77864.02,77905.0,0,0
2024-06-25 13:45:00+05:30,77901.17,78016.04,77892.83,77967.31,0,0
2024-06-25 14:15:00+05:30,77972.79,77992.04,77883.01,77957.74,0,0
2024-06-25 14:45:00+05:30,77952.95,78092.01,77914.42,78082.56,0,0
2024-06-25 15:15:00+05:30,78082.66,78164.71,78030.29,78064.48,0,0
2024-06-26 09:15:00+05:30,78094.02,78188.16,77945.94,78021.21,0,0
2024-06-26 09:45:00+05:30,78022.66,78078.62,77949.47,77983.18,0,0
2024-06-26 10:15:00+05:30,77980.15,78189.93,77980.15,78102.63,0,0
2024-06-26 10:45:00+05:30,78096.11,78338.79,78088.52,78289.92,0,0
2024-06-26 11:15:00+05:30,78286.54,78483.55,78286.54,78410.32,0,0
2024-06-26 11:45:00+05:30,78409.24,78556.33,78399.51,78487.11,0,0
2024-06-26 12:15:00+05:30,78484.68,78588.76,78482.14,78546.28,0,0
2024-06-26 12:45:00+05:30,78543.98,78574.46,78417.05,78505.08,0,0
2024-06-26 13:15:00+05:30,78506.46,78617.54,78498.35,78566.5,0,0
2024-06-26 13:45:00+05:30,78567.59,78675.3,78557.53,78669.24,0,0
2024-06-26 14:15:00+05:30,78669.05,78721.83,78608.13,78700.75,0,0
2024-06-26 14:45:00+05:30,78696.81,78759.4,78592.32,78701.85,0,0
2024-06-26 15:15:00+05:30,78696.63,78744.18,78575.1,78575.1,0,0
2024-06-27 09:15:00+05:30,78758.67,78771.64,78467.34,78637.76,0,0
2024-06-27 09:45:00+05:30,78635.34,79013.76,78633.53,78954.87,0,0
2024-06-27 10:15:00+05:30,78947.73,79033.91,78598.37,78618.24,0,0
2024-06-27 10:45:00+05:30,78610.67,78893.34,78557.96,78874.32,0,0
2024-06-27 11:15:00+05:30,78872.87,78989.27,78801.24,78968.54,0,0
2024-06-27 11:45:00+05:30,78970.42,79144.69,78914.16,79144.69,0,0
2024-06-27 12:15:00+05:30,79145.55,79186.93,79049.73,79101.05,0,0
2024-06-27 12:45:00+05:30,79101.33,79240.08,78923.19,78996.88,0,0
2024-06-27 13:15:00+05:30,78996.88,79096.25,78920.47,78991.05,0,0
2024-06-27 13:45:00+05:30,78994.6,79107.5,78890.02,78979.61,0,0
2024-06-27 14:15:00+05:30,78981.88,79077.12,78848.58,79071.27,0,0
2024-06-27 14:45:00+05:30,79070.41,79254.63,79038.57,79245.79,0,0
2024-06-27 15:15:00+05:30,79250.54,79396.03,79224.81,79250.58,0,0
2024-06-28 09:15:00+05:30,79457.58,79671.58,79308.78,79606.17,0,0
2024-06-28 09:45:00+05:30,79602.75,79664.38,79489.09,79535.81,0,0
2024-06-28 10:15:00+05:30,79533.39,79581.34,79420.11,79524.26,0,0
2024-06-28 10:45:00+05:30,79527.78,79573.35,79470.67,79547.72,0,0
2024-06-28 11:15:00+05:30,79547.72,79565.97,79397.91,79523.55,0,0
2024-06-28 11:45:00+05:30,79523.1,79547.54,79404.04,79437.23,0,0
2024-06-28 12:15:00+05:30,79436.81,79447.68,79149.08,79209.63,0,0
2024-06-28 12:45:00+05:30,79208.9,79262.58,79079.59,79253.63,0,0
2024-06-28 13:15:00+05:30,79254.6,79377.42,79160.13,79307.77,0,0
2024-06-28 13:45:00+05:30,79307.21,79513.3,79251.53,79405.89,0,0
2024-06-28 14:15:00+05:30,79409.81,79498.37,79153.35,79242.31,0,0
2024-06-28 14:45:00+05:30,79242.47,79406.94,78923.94,78976.69,0,0
2024-06-28 15:15:00+05:30,78972.36,79022.72,78905.89,79022.72,0,0
2024-07-01 09:15:00+05:30,79043.35,79272.92,78971.79,79248.32,0,0
2024-07-01 09:45:00+05:30,79259.2,79297.0,79137.08,79148.2,0,0
2024-07-01 10:15:00+05:30,79154.98,79282.42,79152.02,79232.28,0,0
2024-07-01 10:45:00+05:30,79227.47,79270.83,79175.6,79230.17,0,0
2024-07-01 11:15:00+05:30,79223.77,79380.74,79199.37,79369.89,0,0
2024-07-01 11:45:00+05:30,79370.25,79407.7,79331.32,79360.12,0,0
2024-07-01 12:15:00+05:30,79361.49,79437.2,79333.35,79391.77,0,0
2024-07-01 12:45:00+05:30,79393.44,79427.87,79362.97,79400.05,0,0
2024-07-01 13:15:00+05:30,79400.03,79486.21,79369.74,79461.75,0,0
2024-07-01 13:45:00+05:30,79461.3,79517.06,79425.62,79474.96,0,0
2024-07-01 14:15:00+05:30,79474.75,79521.67,79403.91,79494.95,0,0
2024-07-01 14:45:00+05:30,79497.61,79561.0,79426.42,79506.55,0,0
2024-07-01 15:15:00+05:30,79514.68,79537.03,79386.74,79420.35,0,0
2024-07-02 09:15:00+05:30,79840.37,79855.87,79316.26,79316.49,0,0
2024-07-02 09:45:00+05:30,79302.11,79511.38,79236.74,79438.71,0,0
2024-07-02 10:15:00+05:30,79439.27,79534.79,79408.12,79477.21,0,0
2024-07-02 10:45:00+05:30,79477.56,79604.46,79441.04,79600.66,0,0
2024-07-02 11:15:00+05:30,79599.7,79633.91,79404.05,79431.77,0,0
2024-07-02 11:45:00+05:30,79428.64,79563.02,79422.77,79479.02,0,0
2024-07-02 12:15:00+05:30,79480.23,79554.99,79354.4,79400.57,0,0
2024-07-02 12:45:00+05:30,79401.74,79423.53,79231.11,79388.64,0,0
2024-07-02 13:15:00+05:30,79392.95,79495.91,79354.08,79457.6,0,0
2024-07-02 13:45:00+05:30,79456.98,79473.29,79353.94,79388.7,0,0
2024-07-02 14:15:00+05:30,79388.7,79525.72,79385.89,79505.93,0,0
2024-07-02 14:45:00+05:30,79503.67,79521.7,79426.08,79456.54,0,0
2024-07-02 15:15:00+05:30,79459.78,79473.16,79380.5,79394.63,0,0
2024-07-03 09:15:00+05:30,80013.77,80039.22,79754.95,79974.3,0,0
2024-07-03 09:45:00+05:30,79974.87,80074.3,79916.26,79932.35,0,0
2024-07-03 10:15:00+05:30,79940.24,80011.68,79893.31,79966.03,0,0
2024-07-03 10:45:00+05:30,79969.63,79985.49,79901.44,79924.27,0,0
2024-07-03 11:15:00+05:30,79923.94,79945.07,79816.44,79898.03,0,0
2024-07-03 11:45:00+05:30,79897.03,79920.1,79836.17,79845.46,0,0
2024-07-03 12:15:00+05:30,79845.38,79986.06,79845.38,79940.05,0,0
2024-07-03 12:45:00+05:30,79939.34,79984.54,79908.35,79931.37,0,0
2024-07-03 13:15:00+05:30,79933.45,79994.92,79927.29,79985.81,0,0
2024-07-03 13:45:00+05:30,79990.42,80003.17,79891.63,79913.8,0,0
2024-07-03 14:15:00+05:30,79912.51,79933.82,79853.21,79880.0,0,0
2024-07-03 14:45:00+05:30,79880.0,80026.21,79834.65,80022.92,0,0
2024-07-03 15:15:00+05:30,80022.38,80063.73,79962.77,79997.03,0,0
2024-07-04 09:15:00+05:30,80321.79,80349.57,80113.81,80343.97,0,0
2024-07-04 09:45:00+05:30,80348.66,80392.64,80303.96,80310.4,0,0
2024-07-04 10:15:00+05:30,80310.57,80345.04,80088.26,80142.81,0,0
2024-07-04 10:45:00+05:30,80141.91,80188.09,80052.34,80155.22,0,0
2024-07-04 11:15:00+05:30,80154.96,80213.95,80137.49,80144.36,0,0
2024-07-04 11:45:00+05:30,80144.85,80180.36,80119.15,80155.78,0,0
2024-07-04 12:15:00+05:30,80156.39,80234.84,80132.55,80205.72,0,0
2024-07-04 12:45:00+05:30,80206.25,80245.53,80180.56,80188.61,0,0
2024-07-04 13:15:00+05:30,80192.16,80215.48,80132.51,80151.51,0,0
2024-07-04 13:45:00+05:30,80150.61,80198.29,80081.68,80188.89,0,0
2024-07-04 14:15:00+05:30,80185.64,80206.29,80104.29,80162.19,0,0
2024-07-04 14:45:00+05:30,80173.39,80193.31,79986.41,80047.42,0,0
2024-07-04 15:15:00+05:30,80028.1,80072.27,80010.3,80052.02,0,0
2024-07-05 09:15:00+05:30,79778.98,79876.25,79478.96,79673.94,0,0
2024-07-05 09:45:00+05:30,79675.86,79696.57,79507.99,79680.74,0,0
2024-07-05 10:15:00+05:30,79679.63,79785.5,79634.85,79759.08,0,0
2024-07-05 10:45:00+05:30,79760.29,79800.23,79689.66,79714.82,0,0
2024-07-05 11:15:00+05:30,79715.73,79872.41,79665.81,79862.48,0,0
2024-07-05 11:45:00+05:30,79862.48,79862.94,79781.32,79810.39,0,0
2024-07-05 12:15:00+05:30,79812.11,79873.77,79801.04,79843.0,0,0
2024-07-05 12:45:00+05:30,79842.89,79853.1,79709.71,79744.48,0,0
2024-07-05 13:15:00+05:30,79743.09,79798.55,79685.7,79746.36,0,0
2024-07-05 13:45:00+05:30,79744.09,79784.53,79663.67,79718.27,0,0
2024-07-05 14:15:00+05:30,79719.09,79787.67,79574.22,79657.82,0,0
2024-07-05 14:45:00+05:30,79659.55,80096.88,79537.53,80042.51,0,0
2024-07-05 15:15:00+05:30,80032.67,80149.87,79955.98,79977.2,0,0
2024-07-08 09:15:00+05:30,79915.0,80022.38,79767.97,79796.89,0,0
2024-07-08 09:45:00+05:30,79802.14,79944.3,79777.69,79911.05,0,0
2024-07-08 10:15:00+05:30,79904.64,79989.87,79791.21,79928.15,0,0
2024-07-08 10:45:00+05:30,79932.07,79934.08,79739.71,79825.21,0,0
2024-07-08 11:15:00+05:30,79822.51,79910.41,79791.17,79822.77,0,0
2024-07-08 11:45:00+05:30,79812.49,79928.37,79731.83,79762.33,0,0
2024-07-08 12:15:00+05:30,79762.59,79904.49,79747.78,79903.53,0,0
2024-07-08 12:45:00+05:30,79902.94,79949.58,79878.9,79936.01,0,0
2024-07-08 13:15:00+05:30,79937.04,79989.05,79853.16,79898.54,0,0
2024-07-08 13:45:00+05:30,79899.26,79993.32,79887.71,79893.58,0,0
2024-07-08 14:15:00+05:30,79893.14,79979.77,79877.84,79905.23,0,0
2024-07-08 14:45:00+05:30,79905.43,80049.95,79875.21,79961.37,0,0
2024-07-08 15:15:00+05:30,79974.41,80067.46,79923.78,80027.02,0,0
2024-07-09 09:15:00+05:30,80107.21,80207.85,79998.56,80168.38,0,0
2024-07-09 09:45:00+05:30,80173.45,80213.38,80085.45,80142.44,0,0
2024-07-09 10:15:00+05:30,80142.68,80213.16,80077.6,80210.52,0,0
2024-07-09 10:45:00+05:30,80210.52,80242.83,80181.2,80233.37,0,0
2024-07-09 11:15:00+05:30,80236.9,80288.92,80199.43,80284.31,0,0
2024-07-09 11:45:00+05:30,80284.04,80286.19,80217.55,80236.02,0,0
2024-07-09 12:15:00+05:30,80241.91,80277.81,80210.79,80210.79,0,0
2024-07-09 12:45:00+05:30,80215.32,80366.42,80212.4,80339.95,0,0
2024-07-09 13:15:00+05:30,80339.54,80359.85,80307.28,80331.2,0,0
2024-07-09 13:45:00+05:30,80331.27,80387.15,80304.0,80369.78,0,0
2024-07-09 14:15:00+05:30,80367.11,80367.11,80297.25,80355.22,0,0
2024-07-09 14:45:00+05:30,80355.23,80397.17,80297.96,80352.73,0,0
2024-07-09 15:15:00+05:30,80352.73,80385.29,80251.27,80264.39,0,0
2024-07-10 09:15:00+05:30,80481.36,80481.36,80144.17,80198.61,0,0
2024-07-10 09:45:00+05:30,80199.13,80199.13,79952.95,79993.86,0,0
2024-07-10 10:15:00+05:30,79993.1,80044.7,79435.76,79580.97,0,0
2024-07-10 10:45:00+05:30,79583.74,79658.91,79514.18,79610.26,0,0
2024-07-10 11:15:00+05:30,79608.99,79725.34,79562.34,79699.32,0,0
2024-07-10 11:45:00+05:30,79699.59,79820.07,79650.71,79746.3,0,0
2024-07-10 12:15:00+05:30,79747.15,79817.07,79715.05,79788.02,0,0
2024-07-10 12:45:00+05:30,79786.43,79846.08,79764.3,79784.61,0,0
2024-07-10 13:15:00+05:30,79784.61,79816.29,79728.51,79735.69,0,0
2024-07-10 13:45:00+05:30,79735.25,79766.9,79580.0,79659.82,0,0
2024-07-10 14:15:00+05:30,79657.48,79918.51,79622.08,79864.23,0,0
2024-07-10 14:45:00+05:30,79863.59,79977.71,79795.49,79950.74,0,0
2024-07-10 15:15:00+05:30,79952.67,79973.6,79887.04,79909.22,0,0
2024-07-11 09:15:00+05:30,80170.09,80170.09,79870.38,79946.41,0,0
2024-07-11 09:45:00+05:30,79950.13,80021.39,79752.08,79782.01,0,0
2024-07-11 10:15:00+05:30,79782.78,79782.78,79608.48,79647.38,0,0
2024-07-11 10:45:00+05:30,79642.04,79677.59,79579.11,79641.74,0,0
2024-07-11 11:15:00+05:30,79642.16,79725.5,79628.85,79680.99,0,0
2024-07-11 11:45:00+05:30,79681.9,79712.97,79464.38,79666.21,0,0
2024-07-11 12:15:00+05:30,79669.73,79769.9,79660.85,79760.74,0,0
2024-07-11 12:45:00+05:30,79759.54,79832.28,79742.15,79818.63,0,0
2024-07-11 13:15:00+05:30,79819.26,79837.27,79733.72,79761.38,0,0
2024-07-11 13:45:00+05:30,79761.61,79934.74,79747.4,79829.86,0,0
2024-07-11 14:15:00+05:30,79829.05,79869.31,79794.36,79817.97,0,0
2024-07-11 14:45:00+05:30,79818.8,79934.98,79783.15,79914.56,0,0
2024-07-11 15:15:00+05:30,79917.0,80012.95,79883.0,79914.26,0,0
2024-07-12 09:15:00+05:30,80093.62,80294.69,79928.6,80222.5,0,0
2024-07-12 09:45:00+05:30,80224.19,80225.24,79843.39,79968.75,0,0
2024-07-12 10:15:00+05:30,79967.7,80081.62,79941.43,80024.13,0,0
2024-07-12 10:45:00+05:30,80026.5,80893.51,80017.54,80625.41,0,0
2024-07-12 11:15:00+05:30,80624.11,80624.11,80380.01,80495.03,0,0
2024-07-12 11:45:00+05:30,80494.39,80584.3,80433.3,80557.12,0,0
2024-07-12 12:15:00+05:30,80557.9,80574.26,80433.55,80502.7,0,0
2024-07-12 12:45:00+05:30,80499.0,80624.15,80453.34,80583.53,0,0
2024-07-12 13:15:00+05:30,80584.32,80721.8,80559.07,80631.04,0,0
2024-07-12 13:45:00+05:30,80628.99,80775.12,80612.0,80763.0,0,0
2024-07-12 14:15:00+05:30,80761.27,80794.51,80663.47,80703.12,0,0
2024-07-12 14:45:00+05:30,80696.79,80732.29,80436.07,80449.3,0,0
2024-07-12 15:15:00+05:30,80451.94,80577.66,80425.13,80551.03,0,0
2024-07-15 09:15:00+05:30,80686.54,80809.8,80587.42,80623.91,0,0
2024-07-15 09:45:00+05:30,80616.05,80702.96,80556.97,80652.0,0,0
2024-07-15 10:15:00+05:30,80649.01,80813.69,80578.12,80751.18,0,0
2024-07-15 10:45:00+05:30,80751.23,80781.9,80685.67,80720.65,0,0
2024-07-15 11:15:00+05:30,80719.94,80753.96,80692.82,80753.96,0,0
2024-07-15 11:45:00+05:30,80755.16,80805.97,80580.74,80743.52,0,0
2024-07-15 12:15:00+05:30,80744.3,80758.69,80651.04,80683.4,0,0
2024-07-15 12:45:00+05:30,80683.9,80789.83,80668.15,80787.4,0,0
2024-07-15 13:15:00+05:30,80790.08,80862.54,80771.36,80776.29,0,0
2024-07-15 13:45:00+05:30,80776.58,80835.08,80701.77,80712.02,0,0
2024-07-15 14:15:00+05:30,80712.15,80783.78,80688.02,80692.88,0,0
2024-07-15 14:45:00+05:30,80687.01,80732.03,80627.23,80650.76,0,0
2024-07-15 15:15:00+05:30,80649.87,80689.72,80617.61,80666.03,0,0
2024-07-16 09:15:00+05:30,80731.49,80850.41,80708.78,80818.03,0,0
2024-07-16 09:45:00+05:30,80818.01,80853.76,80747.79,80800.28,0,0
2024-07-16 10:15:00+05:30,80800.28,80895.63,80789.03,80886.84,0,0
2024-07-16 10:45:00+05:30,80884.88,80888.47,80805.2,80863.09,0,0
2024-07-16 11:15:00+05:30,80861.41,80898.3,80817.77,80857.07,0,0
2024-07-16 11:45:00+05:30,80856.15,80863.84,80779.54,80817.43,0,0
2024-07-16 12:15:00+05:30,80821.2,80852.59,80749.77,80846.5,0,0
2024-07-16 12:45:00+05:30,80846.5,80873.31,80827.82,80843.31,0,0
2024-07-16 13:15:00+05:30,80843.03,80854.53,80698.32,80736.53,0,0
2024-07-16 13:45:00+05:30,80731.21,80758.88,80667.68,80729.09,0,0
2024-07-16 14:15:00+05:30,80729.38,80745.39,80598.06,80693.81,0,0
2024-07-16 14:45:00+05:30,80693.46,80830.93,80685.5,80704.62,0,0
2024-07-16 15:15:00+05:30,80699.46,80743.87,80658.7,80708.86,0,0
2024-07-18 09:15:00+05:30,80514.25,80652.18,80390.37,80595.17,0,0
2024-07-18 09:45:00+05:30,80599.16,80910.45,80591.31,80859.86,0,0
2024-07-18 10:15:00+05:30,80865.97,80877.89,80761.7,80844.13,0,0
2024-07-18 10:45:00+05:30,80843.69,80849.65,80508.27,80518.25,0,0
2024-07-18 11:15:00+05:30,80518.9,80596.33,80426.11,80521.06,0,0
2024-07-18 11:45:00+05:30,80522.68,80759.33,80494.85,80747.1,0,0
2024-07-18 12:15:00+05:30,80747.66,80876.43,80733.47,80873.54,0,0
2024-07-18 12:45:00+05:30,80873.59,81105.06,80773.13,81101.65,0,0
2024-07-18 13:15:00+05:30,81105.09,81203.26,81052.22,81101.97,0,0
2024-07-18 13:45:00+05:30,81102.04,81475.91,81077.67,81452.05,0,0
2024-07-18 14:15:00+05:30,81454.38,81485.9,81298.78,81430.97,0,0
2024-07-18 14:45:00+05:30,81433.3,81522.55,81330.69,81351.95,0,0
2024-07-18 15:15:00+05:30,81353.59,81386.4,81285.14,81300.59,0,0
2024-07-19 09:15:00+05:30,81585.06,81587.76,81176.53,81272.19,0,0
2024-07-19 09:45:00+05:30,81267.39,81282.19,81088.66,81094.77,0,0
2024-07-19 10:15:00+05:30,81094.77,81210.22,81073.16,81105.73,0,0
2024-07-19 10:45:00+05:30,81106.46,81107.34,80978.33,81022.41,0,0
2024-07-19 11:15:00+05:30,81023.68,81073.97,80957.74,80971.57,0,0
2024-07-19 11:45:00+05:30,80970.42,81056.16,80926.5,81018.93,0,0
2024-07-19 12:15:00+05:30,81016.56,81041.45,80862.75,80926.17,0,0
2024-07-19 12:45:00+05:30,80925.34,80942.28,80816.46,80851.67,0,0
2024-07-19 13:15:00+05:30,80851.05,80965.65,80749.76,80836.39,0,0
2024-07-19 13:45:00+05:30,80837.32,80924.17,80687.48,80721.64,0,0
2024-07-19 14:15:00+05:30,80721.64,80810.63,80622.93,80749.04,0,0
2024-07-19 14:45:00+05:30,80749.04,80804.56,80545.74,80610.04,0,0
2024-07-19 15:15:00+05:30,80611.95,80639.02,80499.1,80587.16,0,0
2024-07-22 09:15:00+05:30,80408.9,80536.5,80100.65,80496.64,0,0
2024-07-22 09:45:00+05:30,80491.32,80695.62,80490.39,80683.58,0,0
2024-07-22 10:15:00+05:30,80683.58,80770.37,80656.45,80703.59,0,0
2024-07-22 10:45:00+05:30,80702.92,80800.92,80578.24,80580.54,0,0
2024-07-22 11:15:00+05:30,80580.67,80636.46,80504.68,80634.4,0,0
2024-07-22 11:45:00+05:30,80634.4,80648.95,80521.61,80563.73,0,0
2024-07-22 12:15:00+05:30,80564.04,80576.74,80377.1,80472.93,0,0
2024-07-22 12:45:00+05:30,80472.87,80521.22,80427.42,80447.16,0,0
2024-07-22 13:15:00+05:30,80447.19,80589.79,80443.24,80552.62,0,0
2024-07-22 13:45:00+05:30,80550.09,80608.44,80454.64,80481.78,0,0
2024-07-22 14:15:00+05:30,80481.11,80543.65,80419.93,80524.51,0,0
2024-07-22 14:45:00+05:30,80524.84,80562.07,80442.43,80537.98,0,0
2024-07-22 15:15:00+05:30,80539.44,80551.08,80489.17,80518.74,0,0
2024-07-23 09:15:00+05:30,80724.3,80766.41,80386.77,80456.62,0,0
2024-07-23 09:45:00+05:30,80459.78,80552.82,80362.79,80370.13,0,0
2024-07-23 10:15:00+05:30,80365.15,80481.12,80289.27,80405.58,0,0
2024-07-23 10:45:00+05:30,80408.28,80701.87,80360.04,80664.81,0,0
2024-07-23 11:15:00+05:30,80663.89,80685.13,80135.02,80452.94,0,0
2024-07-23 11:45:00+05:30,80453.61,80486.23,80275.24,80396.31,0,0
2024-07-23 12:15:00+05:30,80393.8,80413.09,79224.32,80024.69,0,0
2024-07-23 12:45:00+05:30,80032.59,80138.18,79766.94,79768.68,0,0
2024-07-23 13:15:00+05:30,79769.75,80029.76,79762.1,79984.74,0,0
2024-07-23 13:45:00+05:30,79983.67,80535.63,79924.5,80372.95,0,0
2024-07-23 14:15:00+05:30,80372.59,80659.76,80263.69,80609.59,0,0
2024-07-23 14:45:00+05:30,80620.22,80647.21,80366.32,80367.42,0,0
2024-07-23 15:15:00+05:30,80366.8,80450.74,80327.91,80439.49,0,0
2024-07-24 09:15:00+05:30,80343.38,80519.58,80159.57,80202.54,0,0
2024-07-24 09:45:00+05:30,80202.92,80395.86,80087.29,80284.27,0,0
2024-07-24 10:15:00+05:30,80278.73,80419.69,80113.47,80266.1,0,0
2024-07-24 10:45:00+05:30,80260.84,80414.89,80175.63,80201.97,0,0
2024-07-24 11:15:00+05:30,80201.2,80243.49,80056.28,80059.72,0,0
2024-07-24 11:45:00+05:30,80058.77,80171.02,79975.63,80003.81,0,0
2024-07-24 12:15:00+05:30,80000.26,80002.7,79750.51,79813.71,0,0
2024-07-24 12:45:00+05:30,79814.55,79957.67,79813.66,79949.58,0,0
2024-07-24 13:15:00+05:30,79952.47,80031.48,79838.66,80021.0,0,0
2024-07-24 13:45:00+05:30,80019.81,80020.57,79805.31,79830.76,0,0
2024-07-24 14:15:00+05:30,79830.76,80272.91,79828.75,80203.45,0,0
2024-07-24 14:45:00+05:30,80206.22,80261.11,80039.25,80141.86,0,0
2024-07-24 15:15:00+05:30,80141.9,80265.5,80109.53,80184.03,0,0
2024-07-25 09:15:00+05:30,79542.11,79770.32,79477.83,79717.3,0,0
2024-07-25 09:45:00+05:30,79720.65,79751.64,79574.43,79721.35,0,0
2024-07-25 10:15:00+05:30,79719.2,79792.89,79627.92,79762.01,0,0
2024-07-25 10:45:00+05:30,79765.58,79798.44,79718.32,79772.24,0,0
2024-07-25 11:15:00+05:30,79772.81,79844.5,79698.22,79812.59,0,0
2024-07-25 11:45:00+05:30,79816.7,79936.3,79809.28,79929.68,0,0
2024-07-25 12:15:00+05:30,79930.31,79978.51,79896.72,79903.91,0,0
2024-07-25 12:45:00+05:30,79904.85,80051.98,79904.85,79991.66,0,0
2024-07-25 13:15:00+05:30,79991.35,80048.35,79932.81,79949.96,0,0
2024-07-25 13:45:00+05:30,79951.62,80135.52,79937.54,80125.91,0,0
2024-07-25 14:15:00+05:30,80125.05,80143.1,79998.78,80005.54,0,0
2024-07-25 14:45:00+05:30,80005.37,80083.32,80000.92,80023.87,0,0
2024-07-25 15:15:00+05:30,80024.25,80094.46,79985.53,80083.9,0,0
2024-07-26 09:15:00+05:30,80158.5,80390.24,80013.6,80367.88,0,0
2024-07-26 09:45:00+05:30,80373.16,80594.76,80277.05,80534.87,0,0
2024-07-26 10:15:00+05:30,80532.25,80628.99,80516.02,80570.06,0,0
2024-07-26 10:45:00+05:30,80573.92,80744.77,80537.43,80700.9,0,0
2024-07-26 11:15:00+05:30,80703.74,80725.15,80630.59,80670.54,0,0
2024-07-26 11:45:00+05:30,80669.69,80735.69,80656.79,80688.05,0,0
2024-07-26 12:15:00+05:30,80684.23,80970.23,80670.22,80965.41,0,0
2024-07-26 12:45:00+05:30,80964.53,81196.67,80936.8,81183.46,0,0
2024-07-26 13:15:00+05:30,81183.15,81288.89,81123.86,81214.85,0,0
2024-07-26 13:45:00+05:30,81212.08,81287.76,81083.85,81200.37,0,0
2024-07-26 14:15:00+05:30,81202.33,81220.1,81054.75,81211.5,0,0
2024-07-26 14:45:00+05:30,81213.47,81421.04,81198.43,81376.2,0,0
2024-07-26 15:15:00+05:30,81374.63,81427.18,81310.41,81387.51,0,0
2024-07-29 09:15:00+05:30,81679.65,81749.34,81592.93,81662.02,0,0
2024-07-29 09:45:00+05:30,81662.33,81722.7,81517.31,81519.93,0,0
2024-07-29 10:15:00+05:30,81522.31,81606.99,81479.14,81496.46,0,0
2024-07-29 10:45:00+05:30,81497.13,81749.93,81497.13,81724.5,0,0
2024-07-29 11:15:00+05:30,81725.73,81903.27,81720.78,81866.33,0,0
2024-07-29 11:45:00+05:30,81866.06,81908.43,81463.65,81574.17,0,0
2024-07-29 12:15:00+05:30,81573.29,81597.18,81162.9,81472.6,0,0
2024-07-29 12:45:00+05:30,81467.38,81529.12,81339.66,81341.93,0,0
2024-07-29 13:15:00+05:30,81337.5,81492.24,81312.42,81468.29,0,0
2024-07-29 13:45:00+05:30,81465.11,81482.47,81210.04,81211.02,0,0
2024-07-29 14:15:00+05:30,81211.3,81367.56,81135.91,81321.81,0,0
2024-07-29 14:45:00+05:30,81321.81,81417.05,81197.66,81274.15,0,0
2024-07-29 15:15:00+05:30,81272.25,81372.35,81238.89,81363.11,0,0
2024-07-30 09:15:00+05:30,81349.28,81514.0,81230.44,81505.04,0,0
2024-07-30 09:45:00+05:30,81507.62,81520.94,81286.45,81399.76,0,0
2024-07-30 10:15:00+05:30,81401.3,81551.06,81381.31,81533.16,0,0
2024-07-30 10:45:00+05:30,81540.68,81678.41,81501.62,81640.4,0,0
2024-07-30 11:15:00+05:30,81640.4,81728.07,81631.67,81702.17,0,0
2024-07-30 11:45:00+05:30,81703.48,81725.24,81608.76,81663.76,0,0
2024-07-30 12:15:00+05:30,81666.13,81756.83,81665.06,81688.4,0,0
2024-07-30 12:45:00+05:30,81689.3,81798.19,81640.74,81699.22,0,0
2024-07-30 13:15:00+05:30,81684.18,81704.69,81502.52,81628.58,0,0
2024-07-30 13:45:00+05:30,81628.25,81691.18,81581.31,81660.12,0,0
2024-07-30 14:15:00+05:30,81660.7,81815.27,81654.72,81776.5,0,0
2024-07-30 14:45:00+05:30,81775.74,81798.6,81380.24,81418.18,0,0
2024-07-30 15:15:00+05:30,81418.16,81464.66,81353.78,81413.45,0,0
2024-07-31 09:15:00+05:30,81655.9,81682.53,81434.32,81522.34,0,0
2024-07-31 09:45:00+05:30,81518.87,81720.91,81482.11,81702.05,0,0
2024-07-31 10:15:00+05:30,81704.48,81758.02,81645.79,81733.55,0,0
2024-07-31 10:45:00+05:30,81730.71,81744.89,81591.35,81659.15,0,0
2024-07-31 11:15:00+05:30,81659.15,81683.75,81557.97,81648.51,0,0
2024-07-31 11:45:00+05:30,81647.21,81692.75,81640.57,81672.18,0,0
2024-07-31 12:15:00+05:30,81671.33,81700.91,81631.28,81660.02,0,0
2024-07-31 12:45:00+05:30,81660.37,81725.4,81579.91,81673.83,0,0
2024-07-31 13:15:00+05:30,81670.91,81735.52,81633.75,81659.24,0,0
2024-07-31 13:45:00+05:30,81657.58,81698.37,81620.85,81637.28,0,0
2024-07-31 14:15:00+05:30,81634.84,81777.86,81624.65,81708.29,0,0
2024-07-31 14:45:00+05:30,81707.97,81748.33,81660.87,81702.91,0,0
2024-07-31 15:15:00+05:30,81712.59,81828.04,81692.76,81803.08,0,0
2024-08-01 09:15:00+05:30,81949.68,82129.49,81877.16,82004.41,0,0
2024-08-01 09:45:00+05:30,82005.8,82034.53,81930.4,81935.08,0,0
2024-08-01 10:15:00+05:30,81934.39,81984.73,81856.23,81873.29,0,0
2024-08-01 10:45:00+05:30,81875.03,81959.09,81838.49,81934.49,0,0
2024-08-01 11:15:00+05:30,81935.31,81935.31,81804.61,81817.92,0,0
2024-08-01 11:45:00+05:30,81817.28,81847.4,81769.38,81784.18,0,0
2024-08-01 12:15:00+05:30,81784.18,81835.97,81726.4,81782.73,0,0
2024-08-01 12:45:00+05:30,81782.37,81864.65,81752.38,81852.41,0,0
2024-08-01 13:15:00+05:30,81848.94,81873.83,81761.17,81768.8,0,0
2024-08-01 13:45:00+05:30,81766.11,81825.95,81749.57,81784.99,0,0
2024-08-01 14:15:00+05:30,81785.93,81845.75,81700.21,81845.03,0,0
2024-08-01 14:45:00+05:30,81841.63,81883.71,81735.56,81876.27,0,0
2024-08-01 15:15:00+05:30,81875.49,81921.13,81825.49,81874.59,0,0
2024-08-02 09:15:00+05:30,81158.99,81345.6,81084.77,81114.56,0,0
2024-08-02 09:45:00+05:30,81114.43,81132.58,80995.7,81126.74,0,0
2024-08-02 10:15:00+05:30,81132.53,81231.46,81038.71,81173.06,0,0
2024-08-02 10:45:00+05:30,81172.97,81255.08,81118.49,81190.5,0,0
2024-08-02 11:15:00+05:30,81189.49,81271.17,81176.15,81258.75,0,0
2024-08-02 11:45:00+05:30,81252.76,81289.32,81133.4,81162.04,0,0
2024-08-02 12:15:00+05:30,81162.11,81178.22,81061.1,81083.33,0,0
2024-08-02 12:45:00+05:30,81082.94,81156.56,81066.86,81108.22,0,0
2024-08-02 13:15:00+05:30,81106.77,81246.53,81067.43,81171.43,0,0
2024-08-02 13:45:00+05:30,81170.83,81222.13,81088.54,81131.64,0,0
2024-08-02 14:15:00+05:30,81134.48,81177.64,80972.12,80990.47,0,0
2024-08-02 14:45:00+05:30,80989.54,81065.9,80868.91,81034.01,0,0
2024-08-02 15:15:00+05:30,81045.29,81064.31,80903.53,80924.89,0,0
2024-08-05 09:15:00+05:30,78588.19,79780.61,78580.46,79535.01,0,0
2024-08-05 09:45:00+05:30,79537.08,79737.61,79459.27,79544.6,0,0
2024-08-05 10:15:00+05:30,79551.26,79570.16,79225.01,79271.03,0,0
2024-08-05 10:45:00+05:30,79266.06,79274.24,78657.4,78676.77,0,0
2024-08-05 11:15:00+05:30,78677.93,78709.08,78295.86,78591.81,0,0
2024-08-05 11:45:00+05:30,78589.69,78722.53,78536.81,78688.48,0,0
2024-08-05 12:15:00+05:30,78692.47,78760.87,78381.94,78425.03,0,0
2024-08-05 12:45:00+05:30,78426.84,78657.66,78333.95,78656.34,0,0
2024-08-05 13:15:00+05:30,78659.7,78923.07,78590.1,78819.97,0,0
2024-08-05 13:45:00+05:30,78819.81,78986.65,78799.09,78852.95,0,0
2024-08-05 14:15:00+05:30,78851.22,78931.72,78635.07,78844.56,0,0
2024-08-05 14:45:00+05:30,78844.4,78947.34,78684.43,78744.1,0,0
2024-08-05 15:15:00+05:30,78745.7,78808.44,78709.36,78775.7,0,0
2024-08-06 09:15:00+05:30,78981.97,79852.08,78981.97,79457.79,0,0
2024-08-06 09:45:00+05:30,79457.49,79731.26,79453.52,79493.75,0,0
2024-08-06 10:15:00+05:30,79493.38,79572.79,79008.0,79094.51,0,0
2024-08-06 10:45:00+05:30,79092.6,79445.67,79089.68,79320.13,0,0
2024-08-06 11:15:00+05:30,79325.53,79435.18,79266.46,79358.75,0,0
2024-08-06 11:45:00+05:30,79359.23,79387.05,79252.99,79344.72,0,0
2024-08-06 12:15:00+05:30,79345.29,79355.27,79124.26,79144.03,0,0
2024-08-06 12:45:00+05:30,79144.03,79258.79,79093.92,79099.51,0,0
2024-08-06 13:15:00+05:30,79098.82,79159.65,78821.38,78844.95,0,0
2024-08-06 13:45:00+05:30,78852.0,78910.72,78625.73,78680.75,0,0
2024-08-06 14:15:00+05:30,78680.5,78830.41,78549.29,78557.05,0,0
2024-08-06 14:45:00+05:30,78554.01,78759.46,78496.57,78553.58,0,0
2024-08-06 15:15:00+05:30,78551.87,78766.74,78524.93,78745.98,0,0
2024-08-07 09:15:00+05:30,79565.4,79639.2,79293.08,79301.78,0,0
2024-08-07 09:45:00+05:30,79299.47,79352.37,79106.28,79181.93,0,0
2024-08-07 10:15:00+05:30,79181.92,79599.82,79129.24,79487.8,0,0
2024-08-07 10:45:00+05:30,79488.09,79501.71,79224.98,79287.65,0,0
2024-08-07 11:15:00+05:30,79288.12,79297.6,79183.0,79274.11,0,0
2024-08-07 11:45:00+05:30,79273.07,79297.34,79189.05,79199.84,0,0
2024-08-07 12:15:00+05:30,79199.58,79385.96,79199.58,79238.35,0,0
2024-08-07 12:45:00+05:30,79239.17,79282.29,79161.19,79231.31,0,0
2024-08-07 13:15:00+05:30,79232.69,79233.08,79106.2,79199.19,0,0
2024-08-07 13:45:00+05:30,79199.19,79279.83,79169.68,79279.83,0,0
2024-08-07 14:15:00+05:30,79279.83,79436.45,79275.58,79363.57,0,0
2024-08-07 14:45:00+05:30,79363.57,79511.85,79279.32,79480.36,0,0
2024-08-07 15:15:00+05:30,79484.96,79512.97,79437.74,79486.75,0,0
2024-08-08 09:15:00+05:30,79420.49,79422.15,79142.04,79227.59,0,0
2024-08-08 09:45:00+05:30,79229.99,79344.52,78897.92,79003.53,0,0
2024-08-08 10:15:00+05:30,79005.14,79304.51,78962.8,79136.66,0,0
2024-08-08 10:45:00+05:30,79136.91,79197.36,78946.33,79114.69,0,0
2024-08-08 11:15:00+05:30,79114.65,79328.26,79089.73,79168.42,0,0
2024-08-08 11:45:00+05:30,79165.89,79509.36,79134.26,79509.36,0,0
2024-08-08 12:15:00+05:30,79523.13,79626.92,79452.09,79508.01,0,0
2024-08-08 12:45:00+05:30,79507.05,79529.02,78933.2,79026.57,0,0
2024-08-08 13:15:00+05:30,79026.57,79085.69,78819.52,79065.19,0,0
2024-08-08 13:45:00+05:30,79066.94,79089.5,78930.93,79020.44,0,0
2024-08-08 14:15:00+05:30,79020.44,79149.46,78962.32,79078.49,0,0
2024-08-08 14:45:00+05:30,79080.06,79129.41,78912.17,78915.64,0,0
2024-08-08 15:15:00+05:30,78914.83,78928.84,78798.94,78871.99,0,0
2024-08-09 09:15:00+05:30,79984.24,79984.24,79549.09,79845.27,0,0
2024-08-09 09:45:00+05:30,79846.22,79908.62,79668.7,79718.08,0,0
2024-08-09 10:15:00+05:30,79716.96,79769.77,79556.76,79629.63,0,0
2024-08-09 10:45:00+05:30,79627.87,79735.88,79581.42,79674.52,0,0
2024-08-09 11:15:00+05:30,79673.49,79719.86,79657.81,79698.31,0,0
2024-08-09 11:45:00+05:30,79696.09,79767.48,79666.66,79667.28,0,0
2024-08-09 12:15:00+05:30,79665.04,79724.46,79642.56,79675.16,0,0
2024-08-09 12:45:00+05:30,79675.45,79689.28,79625.56,79678.93,0,0
2024-08-09 13:15:00+05:30,79680.62,79730.45,79663.06,79686.88,0,0
2024-08-09 13:45:00+05:30,79686.41,79769.51,79664.82,79751.9,0,0
2024-08-09 14:15:00+05:30,79751.73,79754.1,79640.49,79700.62,0,0
2024-08-09 14:45:00+05:30,79700.73,79790.29,79659.84,79746.73,0,0
2024-08-09 15:15:00+05:30,79740.28,79743.97,79667.59,79676.41,0,0
2024-08-12 09:15:00+05:30,79330.12,79597.07,79330.12,79416.69,0,0
2024-08-12 09:45:00+05:30,79419.39,79423.86,79226.13,79363.11,0,0
2024-08-12 10:15:00+05:30,79361.44,79701.46,79359.26,79697.32,0,0
2024-08-12 10:45:00+05:30,79694.89,79997.67,79666.02,79994.96,0,0
2024-08-12 11:15:00+05:30,79995.32,80106.18,79886.02,79900.52,0,0
2024-08-12 11:45:00+05:30,79900.02,79949.72,79825.94,79830.44,0,0
2024-08-12 12:15:00+05:30,79831.42,79952.78,79797.9,79952.78,0,0
2024-08-12 12:45:00+05:30,79952.78,79986.57,79875.25,79882.97,0,0
2024-08-12 13:15:00+05:30,79882.97,79934.12,79839.93,79931.29,0,0
2024-08-12 13:45:00+05:30,79928.53,79998.43,79905.08,79964.09,0,0
2024-08-12 14:15:00+05:30,79964.07,79981.49,79811.03,79856.01,0,0
2024-08-12 14:45:00+05:30,79857.2,79900.06,79498.88,79659.53,0,0
2024-08-12 15:15:00+05:30,79658.64,79709.23,79626.53,79648.43,0,0
2024-08-13 09:15:00+05:30,79552.51,79675.07,79466.79,79605.24,0,0
2024-08-13 09:45:00+05:30,79606.14,79692.55,79524.25,79572.29,0,0
2024-08-13 10:15:00+05:30,79577.12,79602.05,79417.71,79471.87,0,0
2024-08-13 10:45:00+05:30,79473.26,79529.49,79454.23,79518.64,0,0
2024-08-13 11:15:00+05:30,79519.33,79578.67,79497.09,79527.45,0,0
2024-08-13 11:45:00+05:30,79528.69,79576.53,79390.53,79472.75,0,0
2024-08-13 12:15:00+05:30,79476.04,79482.55,79342.5,79358.6,0,0
2024-08-13 12:45:00+05:30,79357.61,79362.21,79199.59,79277.9,0,0
2024-08-13 13:15:00+05:30,79277.26,79342.56,79150.27,79154.99,0,0
2024-08-13 13:45:00+05:30,79150.39,79179.59,78912.86,79018.56,0,0
2024-08-13 14:15:00+05:30,79015.58,79098.9,78955.76,78985.72,0,0
2024-08-13 14:45:00+05:30,78982.89,79039.75,78911.77,78919.19,0,0
2024-08-13 15:15:00+05:30,78920.65,78985.26,78889.38,78940.54,0,0
2024-08-14 09:15:00+05:30,79065.22,79100.95,78895.72,78986.55,0,0
2024-08-14 09:45:00+05:30,78987.11,79122.42,78918.47,79029.43,0,0
2024-08-14 10:15:00+05:30,79031.63,79102.93,78991.13,79064.16,0,0
2024-08-14 10:45:00+05:30,79064.9,79069.18,78953.02,79008.8,0,0
2024-08-14 11:15:00+05:30,79013.25,79091.91,79000.18,79050.27,0,0
2024-08-14 11:45:00+05:30,79050.6,79156.31,79039.55,79150.77,0,0
2024-08-14 12:15:00+05:30,79151.71,79157.05,79085.62,79122.07,0,0
2024-08-14 12:45:00+05:30,79122.07,79228.94,79113.14,79183.88,0,0
2024-08-14 13:15:00+05:30,79184.03,79197.89,79095.21,79147.39,0,0
2024-08-14 13:45:00+05:30,79146.54,79184.26,79092.79,79159.71,0,0
2024-08-14 14:15:00+05:30,79159.71,79186.32,79036.87,79079.46,0,0
2024-08-14 14:45:00+05:30,79078.22,79153.33,79060.88,79092.57,0,0
2024-08-14 15:15:00+05:30,79088.34,79152.72,79072.53,79117.09,0,0
2024-08-16 09:15:00+05:30,79754.85,79988.22,79661.42,79729.97,0,0
2024-08-16 09:45:00+05:30,79731.0,79747.08,79509.59,79591.35,0,0
2024-08-16 10:15:00+05:30,79591.35,79625.54,79306.69,79458.65,0,0
2024-08-16 10:45:00+05:30,79458.65,79529.31,79383.36,79416.28,0,0
2024-08-16 11:15:00+05:30,79414.89,79775.88,79396.01,79760.04,0,0
2024-08-16 11:45:00+05:30,79760.1,80127.0,79755.67,80051.09,0,0
2024-08-16 12:15:00+05:30,80051.73,80130.52,79938.05,80070.93,0,0
2024-08-16 12:45:00+05:30,80070.54,80162.96,79968.28,80098.22,0,0
2024-08-16 13:15:00+05:30,80097.75,80187.4,80016.67,80169.96,0,0
2024-08-16 13:45:00+05:30,80170.36,80319.79,80166.74,80297.23,0,0
2024-08-16 14:15:00+05:30,80298.7,80319.06,80193.15,80206.11,0,0
2024-08-16 14:45:00+05:30,80206.75,80518.21,80201.65,80472.18,0,0
2024-08-16 15:15:00+05:30,80470.71,80493.06,80396.61,80416.57,0,0
2024-08-19 09:15:00+05:30,80680.25,80724.4,80497.9,80604.01,0,0
2024-08-19 09:45:00+05:30,80601.39,80658.82,80447.45,80489.32,0,0
2024-08-19 10:15:00+05:30,80491.08,80516.41,80384.79,80462.0,0,0
2024-08-19 10:45:00+05:30,80462.79,80472.41,80332.65,80385.39,0,0
2024-08-19 11:15:00+05:30,80384.19,80554.02,80380.31,80512.33,0,0
2024-08-19 11:45:00+05:30,80512.02,80547.73,80424.78,80450.09,0,0
2024-08-19 12:15:00+05:30,80448.66,80475.85,80384.14,80449.68,0,0
2024-08-19 12:45:00+05:30,80448.17,80513.42,80442.36,80510.4,0,0
2024-08-19 13:15:00+05:30,80509.55,80555.89,80378.01,80380.94,0,0
2024-08-19 13:45:00+05:30,80380.4,80471.8,80348.49,80438.25,0,0
2024-08-19 14:15:00+05:30,80438.25,80494.72,80408.79,80480.18,0,0
2024-08-19 14:45:00+05:30,80479.55,80488.55,80383.45,80419.14,0,0
2024-08-19 15:15:00+05:30,80418.46,80491.12,80409.99,80444.26,0,0
2024-08-20 09:15:00+05:30,80722.54,80762.89,80517.95,80731.8,0,0
2024-08-20 09:45:00+05:30,80734.57,80918.77,80701.65,80915.37,0,0
2024-08-20 10:15:00+05:30,80920.17,80938.28,80833.07,80833.64,0,0
2024-08-20 10:45:00+05:30,80832.42,80866.02,80737.89,80858.56,0,0
2024-08-20 11:15:00+05:30,80858.56,80882.88,80792.4,80850.29,0,0
2024-08-20 11:45:00+05:30,80850.99,80893.87,80842.04,80872.36,0,0
2024-08-20 12:15:00+05:30,80872.36,80915.08,80835.79,80839.23,0,0
2024-08-20 12:45:00+05:30,80839.19,80942.96,80838.14,80909.84,0,0
2024-08-20 13:15:00+05:30,80909.72,80911.82,80832.99,80847.74,0,0
2024-08-20 13:45:00+05:30,80847.59,80906.98,80842.89,80865.32,0,0
2024-08-20 14:15:00+05:30,80865.49,80894.61,80807.96,80887.92,0,0
2024-08-20 14:45:00+05:30,80884.11,80904.32,80767.49,80791.44,0,0
2024-08-20 15:15:00+05:30,80782.93,80814.34,80688.88,80711.56,0,0
2024-08-21 09:15:00+05:30,80667.25,80814.75,80627.03,80686.77,0,0
2024-08-21 09:45:00+05:30,80685.79,80771.33,80629.59,80745.91,0,0
2024-08-21 10:15:00+05:30,80744.63,80897.09,80744.63,80787.15,0,0
2024-08-21 10:45:00+05:30,80787.47,80809.54,80626.38,80671.94,0,0
2024-08-21 11:15:00+05:30,80667.9,80841.31,80667.9,80705.48,0,0
2024-08-21 11:45:00+05:30,80707.06,80814.86,80693.51,80784.19,0,0
2024-08-21 12:15:00+05:30,80781.73,80816.98,80744.43,80755.83,0,0
2024-08-21 12:45:00+05:30,80753.62,80779.55,80736.12,80756.73,0,0
2024-08-21 13:15:00+05:30,80758.24,80775.92,80654.77,80749.31,0,0
2024-08-21 13:45:00+05:30,80750.48,80817.76,80727.02,80802.14,0,0
2024-08-21 14:15:00+05:30,80804.09,80839.91,80750.35,80795.76,0,0
2024-08-21 14:45:00+05:30,80794.96,80911.15,80794.96,80889.92,0,0
2024-08-21 15:15:00+05:30,80890.94,80952.83,80870.62,80906.19,0,0
2024-08-22 09:15:00+05:30,81207.24,81236.45,81013.58,81104.07,0,0
2024-08-22 09:45:00+05:30,81103.8,81111.32,80954.02,81029.26,0,0
2024-08-22 10:15:00+05:30,81026.02,81085.02,81002.98,81081.4,0,0
2024-08-22 10:45:00+05:30,81081.02,81106.66,81045.0,81077.51,0,0
2024-08-22 11:15:00+05:30,81081.82,81163.38,81064.66,81150.57,0,0
2024-08-22 11:45:00+05:30,81151.02,81171.42,81093.46,81099.82,0,0
2024-08-22 12:15:00+05:30,81099.82,81136.75,81081.58,81084.38,0,0
2024-08-22 12:45:00+05:30,81084.67,81113.12,81014.55,81050.24,0,0
2024-08-22 13:15:00+05:30,81049.88,81083.61,81021.69,81066.91,0,0
2024-08-22 13:45:00+05:30,81062.48,81131.97,81056.96,81099.51,0,0
2024-08-22 14:15:00+05:30,81095.15,81099.46,81002.38,81030.52,0,0
2024-08-22 14:45:00+05:30,81030.52,81090.05,81010.27,81043.09,0,0
2024-08-22 15:15:00+05:30,81044.81,81094.11,81014.5,81017.42,0,0
2024-08-23 09:15:00+05:30,81165.65,81231.49,80905.84,80928.16,0,0
2024-08-23 09:45:00+05:30,80927.71,81101.4,80883.26,80988.64,0,0
2024-08-23 10:15:00+05:30,80988.36,81087.16,80956.8,81081.25,0,0
2024-08-23 10:45:00+05:30,81081.82,81156.16,81066.89,81097.94,0,0
2024-08-23 11:15:00+05:30,81100.9,81165.32,81094.25,81126.04,0,0
2024-08-23 11:45:00+05:30,81127.51,81138.02,81051.65,81108.35,0,0
2024-08-23 12:15:00+05:30,81107.57,81139.77,81088.48,81098.0,0,0
2024-08-23 12:45:00+05:30,81098.0,81140.33,81092.21,81123.9,0,0
2024-08-23 13:15:00+05:30,81123.9,81123.94,81063.82,81123.12,0,0
2024-08-23 13:45:00+05:30,81122.29,81151.01,81023.08,81089.36,0,0
2024-08-23 14:15:00+05:30,81097.63,81183.87,81070.99,81094.38,0,0
2024-08-23 14:45:00+05:30,81094.38,81148.33,80944.88,81069.07,0,0
2024-08-23 15:15:00+05:30,81073.84,81178.51,81066.74,81133.31,0,0
2024-08-26 09:15:00+05:30,81388.26,81640.0,81278.44,81630.42,0,0
2024-08-26 09:45:00+05:30,81630.63,81723.82,81565.02,81719.48,0,0
2024-08-26 10:15:00+05:30,81719.41,81820.23,81646.15,81703.59,0,0
2024-08-26 10:45:00+05:30,81703.59,81712.63,81583.62,81628.81,0,0
2024-08-26 11:15:00+05:30,81633.84,81738.05,81620.03,81701.63,0,0
2024-08-26 11:45:00+05:30,81702.25,81738.46,81657.9,81678.17,0,0
2024-08-26 12:15:00+05:30,81677.81,81824.27,81667.4,81750.93,0,0
2024-08-26 12:45:00+05:30,81750.93,81792.89,81716.22,81780.96,0,0
2024-08-26 13:15:00+05:30,81781.47,81781.47,81722.8,81728.33,0,0
2024-08-26 13:45:00+05:30,81725.57,81784.73,81689.68,81710.67,0,0
2024-08-26 14:15:00+05:30,81710.99,81784.47,81700.06,81732.64,0,0
2024-08-26 14:45:00+05:30,81723.37,81771.59,81658.95,81698.26,0,0
2024-08-26 15:15:00+05:30,81696.18,81727.18,81669.39,81705.16,0,0
2024-08-27 09:15:00+05:30,81815.23,81815.74,81600.51,81667.87,0,0
2024-08-27 09:45:00+05:30,81663.89,81838.45,81638.96,81743.74,0,0
2024-08-27 10:15:00+05:30,81743.0,81782.84,81628.2,81720.86,0,0
2024-08-27 10:45:00+05:30,81722.07,81824.85,81683.28,81807.52,0,0
2024-08-27 11:15:00+05:30,81806.44,81919.11,81782.81,81890.6,0,0
2024-08-27 11:45:00+05:30,81882.8,81890.73,81772.32,81824.73,0,0
2024-08-27 12:15:00+05:30,81822.79,81830.33,81784.05,81820.14,0,0
2024-08-27 12:45:00+05:30,81819.33,81859.32,81806.13,81855.33,0,0
2024-08-27 13:15:00+05:30,81856.94,81896.96,81807.02,81882.55,0,0
2024-08-27 13:45:00+05:30,81887.75,81893.17,81828.28,81844.25,0,0
2024-08-27 14:15:00+05:30,81844.74,81852.43,81791.05,81807.04,0,0
2024-08-27 14:45:00+05:30,81808.44,81815.51,81666.43,81743.33,0,0
2024-08-27 15:15:00+05:30,81744.96,81759.36,81604.79,81664.74,0,0
2024-08-28 09:15:00+05:30,81779.84,81840.57,81578.32,81649.38,0,0
2024-08-28 09:45:00+05:30,81648.84,81752.2,81626.85,81699.54,0,0
2024-08-28 10:15:00+05:30,81700.91,81763.67,81635.44,81728.29,0,0
2024-08-28 10:45:00+05:30,81729.24,81782.14,81686.34,81780.83,0,0
2024-08-28 11:15:00+05:30,81780.96,81995.46,81780.03,81990.43,0,0
2024-08-28 11:45:00+05:30,81986.67,82004.35,81910.11,81917.13,0,0
2024-08-28 12:15:00+05:30,81917.13,81983.71,81898.62,81946.05,0,0
2024-08-28 12:45:00+05:30,81946.05,81985.69,81923.4,81960.49,0,0
2024-08-28 13:15:00+05:30,81961.54,81996.23,81938.12,81965.63,0,0
2024-08-28 13:45:00+05:30,81966.12,82029.35,81945.18,82016.64,0,0
2024-08-28 14:15:00+05:30,82013.38,82039.26,81881.2,81895.27,0,0
2024-08-28 14:45:00+05:30,81893.05,81922.63,81772.99,81785.78,0,0
2024-08-28 15:15:00+05:30,81788.54,81791.87,81733.27,81777.73,0,0
2024-08-29 09:15:00+05:30,81822.56,81869.23,81682.78,81836.06,0,0
2024-08-29 09:45:00+05:30,81835.04,82040.31,81834.09,81984.37,0,0
2024-08-29 10:15:00+05:30,81985.14,82058.16,81956.56,82003.15,0,0
2024-08-29 10:45:00+05:30,82003.43,82028.17,81936.86,82007.25,0,0
2024-08-29 11:15:00+05:30,82006.84,82032.66,81965.09,81970.1,0,0
2024-08-29 11:45:00+05:30,81970.33,81982.77,81907.58,81974.81,0,0
2024-08-29 12:15:00+05:30,81975.11,82220.68,81953.72,82202.63,0,0
2024-08-29 12:45:00+05:30,82202.41,82215.3,82096.66,82157.92,0,0
2024-08-29 13:15:00+05:30,82156.24,82206.93,82062.51,82146.17,0,0
2024-08-29 13:45:00+05:30,82143.54,82201.55,81695.58,81944.55,0,0
2024-08-29 14:15:00+05:30,81943.79,81984.53,81697.06,81743.03,0,0
2024-08-29 14:45:00+05:30,81743.99,82285.83,81736.47,82064.01,0,0
2024-08-29 15:15:00+05:30,82073.22,82186.64,82039.88,82186.64,0,0
2024-08-30 09:15:00+05:30,82637.03,82637.03,82316.95,82376.81,0,0
2024-08-30 09:45:00+05:30,82377.78,82441.29,82276.45,82329.55,0,0
2024-08-30 10:15:00+05:30,82329.11,82387.18,82285.04,82362.32,0,0
2024-08-30 10:45:00+05:30,82362.36,82452.67,82334.84,82437.04,0,0
2024-08-30 11:15:00+05:30,82435.18,82448.15,82351.89,82361.95,0,0
2024-08-30 11:45:00+05:30,82361.59,82449.97,82353.18,82414.92,0,0
2024-08-30 12:15:00+05:30,82414.92,82460.18,82375.14,82423.11,0,0
2024-08-30 12:45:00+05:30,82422.75,82425.82,82369.66,82407.26,0,0
2024-08-30 13:15:00+05:30,82406.43,82453.84,82370.18,82413.91,0,0
2024-08-30 13:45:00+05:30,82413.91,82454.0,82377.54,82432.37,0,0
2024-08-30 14:15:00+05:30,82434.03,82502.89,82329.51,82376.43,0,0
2024-08-30 14:45:00+05:30,82377.54,82483.68,82256.02,82416.73,0,0
2024-08-30 15:15:00+05:30,82417.95,82479.65,82342.97,82389.07,0,0
2024-09-02 09:15:00+05:30,82725.28,82725.28,82499.73,82592.61,0,0
2024-09-02 09:45:00+05:30,82592.83,82639.64,82535.96,82590.62,0,0
2024-09-02 10:15:00+05:30,82590.13,82643.35,82570.73,82614.84,0,0
2024-09-02 10:45:00+05:30,82611.5,82661.66,82605.38,82646.67,0,0
2024-09-02 11:15:00+05:30,82646.32,82684.96,82577.72,82611.25,0,0
2024-09-02 11:45:00+05:30,82611.25,82640.81,82554.73,82630.88,0,0
2024-09-02 12:15:00+05:30,82628.4,82639.74,82552.36,82575.19,0,0
2024-09-02 12:45:00+05:30,82576.84,82577.13,82440.93,82489.81,0,0
2024-09-02 13:15:00+05:30,82488.78,82529.65,82450.15,82486.37,0,0
2024-09-02 13:45:00+05:30,82485.89,82585.43,82463.04,82561.35,0,0
2024-09-02 14:15:00+05:30,82560.8,82596.89,82493.54,82557.82,0,0
2024-09-02 14:45:00+05:30,82558.06,82596.08,82521.57,82565.8,0,0
2024-09-02 15:15:00+05:30,82564.62,82611.89,82485.01,82529.71,0,0
2024-09-03 09:15:00+05:30,82652.69,82675.06,82470.28,82518.25,0,0
2024-09-03 09:45:00+05:30,82523.08,82530.73,82417.09,82506.18,0,0
2024-09-03 10:15:00+05:30,82509.0,82532.23,82426.22,82500.19,0,0
2024-09-03 10:45:00+05:30,82499.36,82523.91,82438.82,82438.82,0,0
2024-09-03 11:15:00+05:30,82426.48,82501.56,82400.76,82461.77,0,0
2024-09-03 11:45:00+05:30,82462.45,82502.95,82445.17,82485.95,0,0
2024-09-03 12:15:00+05:30,82485.41,82508.48,82459.15,82493.46,0,0
2024-09-03 12:45:00+05:30,82493.46,82573.33,82483.22,82572.06,0,0
2024-09-03 13:15:00+05:30,82571.47,82614.65,82528.07,82540.7,0,0
2024-09-03 13:45:00+05:30,82540.7,82566.82,82470.09,82529.19,0,0
2024-09-03 14:15:00+05:30,82528.19,82596.76,82490.25,82574.86,0,0
2024-09-03 14:45:00+05:30,82576.47,82630.36,82528.84,82562.89,0,0
2024-09-03 15:15:00+05:30,82564.14,82587.81,82503.28,82510.05,0,0
2024-09-04 09:15:00+05:30,81845.5,82097.06,81833.69,81973.12,0,0
2024-09-04 09:45:00+05:30,81969.27,82196.34,81952.98,82185.17,0,0
2024-09-04 10:15:00+05:30,82180.75,82199.94,82016.8,82065.64,0,0
2024-09-04 10:45:00+05:30,82063.86,82168.6,82056.54,82125.11,0,0
2024-09-04 11:15:00+05:30,82125.2,82183.81,82096.64,82169.35,0,0
2024-09-04 11:45:00+05:30,82171.48,82176.89,82114.39,82161.64,0,0
2024-09-04 12:15:00+05:30,82158.15,82191.78,82122.58,82168.15,0,0
2024-09-04 12:45:00+05:30,82163.35,82210.93,82146.12,82210.48,0,0
2024-09-04 13:15:00+05:30,82210.57,82330.84,82204.94,82241.04,0,0
2024-09-04 13:45:00+05:30,82247.12,82288.54,82221.15,82236.62,0,0
2024-09-04 14:15:00+05:30,82232.09,82311.33,82183.62,82295.97,0,0
2024-09-04 14:45:00+05:30,82296.18,82386.68,82246.44,82381.88,0,0
2024-09-04 15:15:00+05:30,82384.79,82408.54,82350.23,82396.89,0,0
2024-09-05 09:15:00+05:30,82469.79,82617.49,82319.05,82362.22,0,0
2024-09-05 09:45:00+05:30,82360.84,82406.26,82312.09,82358.57,0,0
2024-09-05 10:15:00+05:30,82358.16,82378.15,82190.72,82232.95,0,0
2024-09-05 10:45:00+05:30,82238.22,82304.2,82210.69,82303.62,0,0
2024-09-05 11:15:00+05:30,82301.73,82317.8,82242.0,82268.16,0,0
2024-09-05 11:45:00+05:30,82268.25,82324.14,82239.79,82301.19,0,0
2024-09-05 12:15:00+05:30,82301.22,82311.21,82240.93,82292.28,0,0
2024-09-05 12:45:00+05:30,82292.34,82312.6,82248.55,82251.71,0,0
2024-09-05 13:15:00+05:30,82252.1,82275.81,82218.54,82243.73,0,0
2024-09-05 13:45:00+05:30,82243.73,82265.08,82218.92,82251.51,0,0
2024-09-05 14:15:00+05:30,82251.51,82259.76,82157.65,82165.87,0,0
2024-09-05 14:45:00+05:30,82164.78,82244.72,82130.44,82224.68,0,0
2024-09-05 15:15:00+05:30,82225.44,82261.05,82156.65,82158.53,0,0
2024-09-06 09:15:00+05:30,82171.08,82254.79,81826.94,81893.51,0,0
2024-09-06 09:45:00+05:30,81890.86,81890.86,81304.46,81434.06,0,0
2024-09-06 10:15:00+05:30,81432.97,81568.98,81311.05,81433.1,0,0
2024-09-06 10:45:00+05:30,81431.2,81473.45,81248.14,81262.45,0,0
2024-09-06 11:15:00+05:30,81260.07,81406.45,81254.88,81400.65,0,0
2024-09-06 11:45:00+05:30,81401.12,81472.49,81358.86,81454.1,0,0
2024-09-06 12:15:00+05:30,81455.29,81519.41,81352.34,81386.91,0,0
2024-09-06 12:45:00+05:30,81387.2,81394.63,81153.54,81219.17,0,0
2024-09-06 13:15:00+05:30,81219.86,81315.29,81145.28,81274.18,0,0
2024-09-06 13:45:00+05:30,81273.08,81282.56,81169.41,81218.64,0,0
2024-09-06 14:15:00+05:30,81216.21,81230.88,81075.88,81117.52,0,0
2024-09-06 14:45:00+05:30,81117.08,81233.72,80981.93,81223.14,0,0
2024-09-06 15:15:00+05:30,81221.33,81299.77,81184.1,81271.41,0,0
2024-09-09 09:15:00+05:30,80973.75,81193.31,80895.05,81156.08,0,0
2024-09-09 09:45:00+05:30,81152.95,81245.57,81083.07,81129.98,0,0
2024-09-09 10:15:00+05:30,81129.88,81352.73,81119.75,81334.34,0,0
2024-09-09 10:45:00+05:30,81336.8,81448.79,81311.19,81362.54,0,0
2024-09-09 11:15:00+05:30,81364.56,81370.08,81249.81,81303.22,0,0
2024-09-09 11:45:00+05:30,81300.47,81384.84,81222.69,81236.1,0,0
2024-09-09 12:15:00+05:30,81236.48,81296.91,81177.67,81255.31,0,0
2024-09-09 12:45:00+05:30,81255.31,81354.66,81249.11,81350.23,0,0
2024-09-09 13:15:00+05:30,81346.67,81547.07,81316.35,81438.4,0,0
2024-09-09 13:45:00+05:30,81438.65,81462.91,81378.38,81425.69,0,0
2024-09-09 14:15:00+05:30,81429.91,81463.47,81323.98,81437.89,0,0
2024-09-09 14:45:00+05:30,81435.7,81578.84,81435.7,81555.67,0,0
2024-09-09 15:15:00+05:30,81559.45,81653.36,81507.02,81542.21,0,0
2024-09-10 09:15:00+05:30,81768.72,81801.22,81617.77,81643.21,0,0
2024-09-10 09:45:00+05:30,81645.85,81647.41,81445.3,81508.6,0,0
2024-09-10 10:15:00+05:30,81508.6,81663.14,81484.66,81653.57,0,0
2024-09-10 10:45:00+05:30,81646.95,81722.28,81571.02,81721.98,0,0
2024-09-10 11:15:00+05:30,81719.77,81833.35,81707.81,81818.28,0,0
2024-09-10 11:45:00+05:30,81816.51,81927.81,81790.29,81881.32,0,0
2024-09-10 12:15:00+05:30,81881.44,82032.54,81850.55,82028.67,0,0
2024-09-10 12:45:00+05:30,82028.67,82125.88,81982.99,82095.72,0,0
2024-09-10 13:15:00+05:30,82095.72,82196.55,82062.47,82178.47,0,0
2024-09-10 13:45:00+05:30,82178.47,82192.49,82092.64,82146.04,0,0
2024-09-10 14:15:00+05:30,82145.69,82171.19,81990.51,82008.89,0,0
2024-09-10 14:45:00+05:30,82005.94,82011.19,81838.11,81927.96,0,0
2024-09-10 15:15:00+05:30,81926.7,81977.03,81910.57,81939.82,0,0
2024-09-11 09:15:00+05:30,81928.12,81983.06,81741.65,81982.3,0,0
2024-09-11 09:45:00+05:30,81978.91,82009.78,81834.51,81964.73,0,0
2024-09-11 10:15:00+05:30,81964.85,82083.39,81897.07,82072.96,0,0
2024-09-11 10:45:00+05:30,82071.7,82083.12,81918.13,82076.43,0,0
2024-09-11 11:15:00+05:30,82080.6,82080.6,81906.28,82005.82,0,0
2024-09-11 11:45:00+05:30,82006.12,82129.57,81969.35,82083.44,0,0
2024-09-11 12:15:00+05:30,82083.99,82134.95,82041.78,82058.38,0,0
2024-09-11 12:45:00+05:30,82057.66,82060.91,81931.72,81977.49,0,0
2024-09-11 13:15:00+05:30,81976.1,81997.75,81832.83,81853.41,0,0
2024-09-11 13:45:00+05:30,81853.41,81879.26,81586.42,81594.01,0,0
2024-09-11 14:15:00+05:30,81589.27,81667.58,81552.83,81586.28,0,0
2024-09-11 14:45:00+05:30,81586.95,81586.95,81423.14,81461.63,0,0
2024-09-11 15:15:00+05:30,81461.7,81617.75,81460.43,81586.36,0,0
2024-09-12 09:15:00+05:30,81930.18,81986.86,81761.58,81887.74,0,0
2024-09-12 09:45:00+05:30,81890.0,81919.27,81688.78,81790.54,0,0
2024-09-12 10:15:00+05:30,81794.83,81804.06,81675.8,81719.91,0,0
2024-09-12 10:45:00+05:30,81720.56,81797.32,81665.59,81742.73,0,0
2024-09-12 11:15:00+05:30,81742.73,81821.25,81534.29,81747.2,0,0
2024-09-12 11:45:00+05:30,81746.33,81767.6,81653.83,81736.46,0,0
2024-09-12 12:15:00+05:30,81735.55,81742.99,81603.06,81703.86,0,0
2024-09-12 12:45:00+05:30,81704.18,81737.29,81613.85,81683.35,0,0
2024-09-12 13:15:00+05:30,81683.44,81748.27,81638.16,81680.59,0,0
2024-09-12 13:45:00+05:30,81686.59,82440.21,81680.58,82373.86,0,0
2024-09-12 14:15:00+05:30,82373.19,82586.53,82371.39,82543.62,0,0
2024-09-12 14:45:00+05:30,82543.15,83116.19,82534.77,83072.13,0,0
2024-09-12 15:15:00+05:30,83070.61,83072.42,82715.33,82749.68,0,0
2024-09-13 09:15:00+05:30,83091.55,83092.93,82653.22,82811.88,0,0
2024-09-13 09:45:00+05:30,82813.73,82853.78,82744.59,82775.52,0,0
2024-09-13 10:15:00+05:30,82775.52,82938.72,82760.16,82889.55,0,0
2024-09-13 10:45:00+05:30,82888.7,82986.87,82876.47,82951.83,0,0
2024-09-13 11:15:00+05:30,82950.97,82967.42,82867.88,82924.15,0,0
2024-09-13 11:45:00+05:30,82924.15,82980.76,82906.62,82978.34,0,0
2024-09-13 12:15:00+05:30,82977.53,83012.65,82944.02,82985.57,0,0
2024-09-13 12:45:00+05:30,82987.67,83011.99,82951.97,82991.87,0,0
2024-09-13 13:15:00+05:30,82990.09,82990.45,82852.25,82938.63,0,0
2024-09-13 13:45:00+05:30,82935.91,83039.68,82879.35,82995.81,0,0
2024-09-13 14:15:00+05:30,82993.2,83012.36,82849.54,82926.41,0,0
2024-09-13 14:45:00+05:30,82925.32,82968.25,82777.4,82882.77,0,0
2024-09-13 15:15:00+05:30,82883.67,82947.99,82820.4,82826.88,0,0
2024-09-16 09:15:00+05:30,82985.33,83145.12,82904.76,83144.69,0,0
2024-09-16 09:45:00+05:30,83144.36,83184.34,83052.2,83052.2,0,0
2024-09-16 10:15:00+05:30,83061.49,83099.87,82988.95,83016.04,0,0
2024-09-16 10:45:00+05:30,83010.75,83052.13,82905.62,82970.81,0,0
2024-09-16 11:15:00+05:30,82971.45,83009.28,82884.45,82910.96,0,0
2024-09-16 11:45:00+05:30,82914.61,82944.74,82854.08,82882.83,0,0
2024-09-16 12:15:00+05:30,82883.92,82949.09,82832.82,82948.95,0,0
2024-09-16 12:45:00+05:30,82948.91,82968.72,82906.2,82942.56,0,0
2024-09-16 13:15:00+05:30,82941.94,83075.47,82939.75,83075.47,0,0
2024-09-16 13:45:00+05:30,83074.28,83108.2,83008.73,83056.04,0,0
2024-09-16 14:15:00+05:30,83056.04,83072.1,82971.86,83021.01,0,0
2024-09-16 14:45:00+05:30,83021.27,83045.76,82976.91,82984.23,0,0
2024-09-16 15:15:00+05:30,82985.92,83004.79,82947.48,82967.71,0,0
2024-09-17 09:15:00+05:30,83084.63,83128.78,82878.2,82974.95,0,0
2024-09-17 09:45:00+05:30,82975.09,82999.01,82866.68,82943.64,0,0
2024-09-17 10:15:00+05:30,82944.03,83062.18,82921.48,83045.22,0,0
2024-09-17 10:45:00+05:30,83045.22,83064.75,82995.54,83037.49,0,0
2024-09-17 11:15:00+05:30,83035.88,83126.31,83026.0,83045.04,0,0
2024-09-17 11:45:00+05:30,83043.72,83105.12,83039.49,83066.09,0,0
2024-09-17 12:15:00+05:30,83065.19,83118.91,83027.7,83101.69,0,0
2024-09-17 12:45:00+05:30,83101.69,83144.98,83092.65,83103.67,0,0
2024-09-17 13:15:00+05:30,83105.16,83141.36,83065.83,83140.71,0,0
2024-09-17 13:45:00+05:30,83140.71,83152.41,83097.54,83104.63,0,0
2024-09-17 14:15:00+05:30,83101.73,83143.45,83054.31,83107.94,0,0
2024-09-17 14:45:00+05:30,83107.67,83129.1,83050.19,83081.86,0,0
2024-09-17 15:15:00+05:30,83079.72,83093.23,83026.59,83043.13,0,0
2024-09-18 09:15:00+05:30,83037.13,83129.18,82949.42,83116.74,0,0
2024-09-18 09:45:00+05:30,83118.03,83155.69,83046.6,83077.38,0,0
2024-09-18 10:15:00+05:30,83073.84,83270.06,83073.84,83266.58,0,0
2024-09-18 10:45:00+05:30,83263.28,83310.32,83204.96,83259.94,0,0
2024-09-18 11:15:00+05:30,83257.81,83280.85,83217.58,83235.25,0,0
2024-09-18 11:45:00+05:30,83237.05,83279.22,83213.55,83244.67,0,0
2024-09-18 12:15:00+05:30,83241.98,83316.7,83232.14,83313.26,0,0
2024-09-18 12:45:00+05:30,83313.15,83326.38,82996.48,83005.26,0,0
2024-09-18 13:15:00+05:30,83003.09,83017.7,82700.63,82834.06,0,0
2024-09-18 13:45:00+05:30,82834.46,83014.22,82807.28,82893.57,0,0
2024-09-18 14:15:00+05:30,82891.97,82978.52,82852.28,82873.28,0,0
2024-09-18 14:45:00+05:30,82872.04,83070.29,82863.88,82983.07,0,0
2024-09-18 15:15:00+05:30,82983.57,83014.67,82850.3,82870.13,0,0
2024-09-19 09:15:00+05:30,83359.17,83742.82,83332.09,83735.33,0,0
2024-09-19 09:45:00+05:30,83734.94,83773.61,83410.27,83465.57,0,0
2024-09-19 10:15:00+05:30,83462.9,83509.42,83382.25,83402.51,0,0
2024-09-19 10:45:00+05:30,83402.92,83517.88,83360.84,83423.95,0,0
2024-09-19 11:15:00+05:30,83423.24,83452.48,83124.56,83192.77,0,0
2024-09-19 11:45:00+05:30,83190.84,83314.22,83097.22,83262.64,0,0
2024-09-19 12:15:00+05:30,83259.59,83337.65,83222.08,83302.63,0,0
2024-09-19 12:45:00+05:30,83301.66,83337.81,83131.57,83132.79,0,0
2024-09-19 13:15:00+05:30,83130.85,83210.82,83093.81,83148.67,0,0
2024-09-19 13:45:00+05:30,83148.67,83186.97,83071.66,83161.58,0,0
2024-09-19 14:15:00+05:30,83159.28,83202.76,83127.33,83143.59,0,0
2024-09-19 14:45:00+05:30,83142.65,83213.75,83098.69,83204.17,0,0
2024-09-19 15:15:00+05:30,83200.29,83291.74,83147.93,83264.56,0,0
2024-09-20 09:15:00+05:30,83603.04,83624.55,83187.64,83274.72,0,0
2024-09-20 09:45:00+05:30,83281.06,83805.26,83254.47,83623.96,0,0
2024-09-20 10:15:00+05:30,83624.52,84115.77,83578.43,84100.9,0,0
2024-09-20 10:45:00+05:30,84104.32,84213.21,83911.91,84166.27,0,0
2024-09-20 11:15:00+05:30,84168.07,84240.5,84035.71,84117.38,0,0
2024-09-20 11:45:00+05:30,84118.46,84248.69,84096.68,84168.81,0,0
2024-09-20 12:15:00+05:30,84168.5,84210.9,84092.59,84202.76,0,0
2024-09-20 12:45:00+05:30,84203.8,84508.36,84182.97,84423.77,0,0
2024-09-20 13:15:00+05:30,84425.25,84515.1,83299.93,83548.91,0,0
2024-09-20 13:45:00+05:30,83538.14,84237.32,83526.88,83973.25,0,0
2024-09-20 14:15:00+05:30,83979.71,84186.34,83655.7,83864.46,0,0
2024-09-20 14:45:00+05:30,83858.31,84588.27,83858.31,84494.98,0,0
2024-09-20 15:15:00+05:30,84505.03,84694.46,84480.76,84565.04,0,0
2024-09-23 09:15:00+05:30,84651.15,84862.89,84642.87,84789.9,0,0
2024-09-23 09:45:00+05:30,84789.4,84881.73,84771.73,84802.77,0,0
2024-09-23 10:15:00+05:30,84798.71,84810.29,84659.27,84708.58,0,0
2024-09-23 10:45:00+05:30,84708.9,84775.54,84689.44,84731.96,0,0
2024-09-23 11:15:00+05:30,84739.31,84753.55,84634.56,84669.97,0,0
2024-09-23 11:45:00+05:30,84671.79,84729.93,84607.38,84676.66,0,0
2024-09-23 12:15:00+05:30,84676.46,84698.23,84635.26,84683.12,0,0
2024-09-23 12:45:00+05:30,84683.09,84775.75,84644.87,84742.25,0,0
2024-09-23 13:15:00+05:30,84741.66,84814.46,84716.07,84812.98,0,0
2024-09-23 13:45:00+05:30,84810.39,84832.36,84771.71,84796.63,0,0
2024-09-23 14:15:00+05:30,84796.24,84909.05,84795.14,84880.55,0,0
2024-09-23 14:45:00+05:30,84877.32,84980.53,84847.15,84902.73,0,0
2024-09-23 15:15:00+05:30,84906.06,84937.19,84843.3,84861.55,0,0
2024-09-24 09:15:00+05:30,84860.73,84988.69,84716.07,84980.19,0,0
2024-09-24 09:45:00+05:30,84976.85,85052.42,84946.12,84971.01,0,0
2024-09-24 10:15:00+05:30,84967.0,85058.55,84931.26,84954.82,0,0
2024-09-24 10:45:00+05:30,84954.0,84998.79,84893.24,84943.33,0,0
2024-09-24 11:15:00+05:30,84943.33,84945.69,84841.24,84861.36,0,0
2024-09-24 11:45:00+05:30,84862.55,84885.09,84815.86,84868.64,0,0
2024-09-24 12:15:00+05:30,84869.46,84966.73,84865.27,84947.17,0,0
2024-09-24 12:45:00+05:30,84947.17,85022.53,84945.27,85004.88,0,0
2024-09-24 13:15:00+05:30,85004.88,85033.03,84967.69,85018.7,0,0
2024-09-24 13:45:00+05:30,85018.76,85077.24,84998.53,85062.58,0,0
2024-09-24 14:15:00+05:30,85064.92,85116.9,85011.6,85061.66,0,0
2024-09-24 14:45:00+05:30,85063.2,85163.23,84836.1,84914.98,0,0
2024-09-24 15:15:00+05:30,84916.01,84958.6,84892.53,84937.46,0,0
2024-09-25 09:15:00+05:30,84836.45,84955.4,84743.04,84942.54,0,0
2024-09-25 09:45:00+05:30,84946.21,84996.85,84849.58,84868.66,0,0
2024-09-25 10:15:00+05:30,84870.71,84934.81,84837.91,84907.92,0,0
2024-09-25 10:45:00+05:30,84908.98,84930.67,84880.12,84890.05,0,0
2024-09-25 11:15:00+05:30,84890.37,84944.87,84835.4,84846.86,0,0
2024-09-25 11:45:00+05:30,84847.43,84847.89,84766.72,84790.46,0,0
2024-09-25 12:15:00+05:30,84789.32,84817.18,84766.96,84774.6,0,0
2024-09-25 12:45:00+05:30,84775.32,84829.49,84770.03,84780.28,0,0
2024-09-25 13:15:00+05:30,84782.04,84903.67,84779.63,84864.76,0,0
2024-09-25 13:45:00+05:30,84865.75,85019.47,84863.99,84995.45,0,0
2024-09-25 14:15:00+05:30,84995.03,85012.89,84935.68,84970.2,0,0
2024-09-25 14:45:00+05:30,84966.63,85236.84,84909.95,85193.03,0,0
2024-09-25 15:15:00+05:30,85198.95,85247.42,85167.42,85181.68,0,0
2024-09-26 09:15:00+05:30,85167.56,85372.17,85106.74,85314.37,0,0
2024-09-26 09:45:00+05:30,85311.37,85433.31,85288.35,85400.77,0,0
2024-09-26 10:15:00+05:30,85401.27,85462.62,85351.07,85407.55,0,0
2024-09-26 10:45:00+05:30,85410.08,85428.61,85356.63,85419.93,0,0
2024-09-26 11:15:00+05:30,85420.25,85420.25,85347.7,85396.11,0,0
2024-09-26 11:45:00+05:30,85395.58,85482.01,85389.65,85474.9,0,0
2024-09-26 12:15:00+05:30,85474.9,85524.76,85419.57,85477.44,0,0
2024-09-26 12:45:00+05:30,85475.4,85520.26,85383.99,85452.09,0,0
2024-09-26 13:15:00+05:30,85452.04,85525.31,85438.17,85468.46,0,0
2024-09-26 13:45:00+05:30,85470.01,85474.84,85277.89,85431.59,0,0
2024-09-26 14:15:00+05:30,85430.96,85749.76,85426.8,85743.24,0,0
2024-09-26 14:45:00+05:30,85748.01,85930.43,85688.23,85770.52,0,0
2024-09-26 15:15:00+05:30,85774.54,85823.82,85676.19,85735.18,0,0
2024-09-27 09:15:00+05:30,85893.84,85955.5,85787.61,85850.75,0,0
2024-09-27 09:45:00+05:30,85849.44,85966.03,85844.96,85939.67,0,0
2024-09-27 10:15:00+05:30,85936.77,85978.25,85913.33,85945.27,0,0
2024-09-27 10:45:00+05:30,85944.52,85951.18,85742.48,85819.22,0,0
2024-09-27 11:15:00+05:30,85817.07,85829.78,85720.95,85757.71,0,0
2024-09-27 11:45:00+05:30,85757.71,85824.64,85698.5,85782.63,0,0
2024-09-27 12:15:00+05:30,85781.59,85822.28,85700.34,85704.89,0,0
2024-09-27 12:45:00+05:30,85704.89,85726.82,85589.45,85608.89,0,0
2024-09-27 13:15:00+05:30,85603.69,85638.24,85542.1,85638.24,0,0
2024-09-27 13:45:00+05:30,85636.53,85740.1,85553.0,85584.69,0,0
2024-09-27 14:15:00+05:30,85584.69,85665.74,85569.48,85601.07,0,0
2024-09-27 14:45:00+05:30,85605.0,85690.05,85485.89,85617.36,0,0
2024-09-27 15:15:00+05:30,85615.92,85634.47,85474.58,85602.9,0,0
2024-09-30 09:15:00+05:30,85208.76,85359.65,85001.21,85036.83,0,0
2024-09-30 09:45:00+05:30,85043.7,85044.29,84817.76,84876.91,0,0
2024-09-30 10:15:00+05:30,84881.49,84925.9,84766.63,84836.15,0,0
2024-09-30 10:45:00+05:30,84833.7,84874.73,84704.31,84721.19,0,0
2024-09-30 11:15:00+05:30,84722.27,84751.47,84572.67,84576.98,0,0
2024-09-30 11:45:00+05:30,84578.08,84649.9,84530.32,84595.59,0,0
2024-09-30 12:15:00+05:30,84594.77,84647.44,84558.57,84585.41,0,0
2024-09-30 12:45:00+05:30,84585.78,84629.18,84469.59,84510.14,0,0
2024-09-30 13:15:00+05:30,84510.39,84512.43,84365.1,84478.36,0,0
2024-09-30 13:45:00+05:30,84478.35,84513.64,84378.01,84378.01,0,0
2024-09-30 14:15:00+05:30,84374.1,84398.11,84274.64,84315.74,0,0
2024-09-30 14:45:00+05:30,84314.06,84455.75,84263.07,84321.89,0,0
2024-09-30 15:15:00+05:30,84323.82,84371.7,84257.14,84362.52,0,0
2024-10-01 09:15:00+05:30,84257.17,84648.4,84250.62,84517.07,0,0
2024-10-01 09:45:00+05:30,84517.4,84532.06,84371.88,84405.11,0,0
2024-10-01 10:15:00+05:30,84405.16,84405.16,84117.72,84154.97,0,0
2024-10-01 10:45:00+05:30,84161.18,84267.66,84098.94,84115.86,0,0
2024-10-01 11:15:00+05:30,84117.45,84271.75,84107.21,84257.71,0,0
2024-10-01 11:45:00+05:30,84255.38,84421.12,84253.82,84368.87,0,0
2024-10-01 12:15:00+05:30,84369.88,84422.26,84185.4,84203.52,0,0
2024-10-01 12:45:00+05:30,84204.52,84279.23,84157.51,84276.45,0,0
2024-10-01 13:15:00+05:30,84275.62,84366.8,84245.11,84284.77,0,0
2024-10-01 13:45:00+05:30,84284.75,84311.4,84220.19,84277.25,0,0
2024-10-01 14:15:00+05:30,84277.63,84291.51,84142.95,84144.49,0,0
2024-10-01 14:45:00+05:30,84144.79,84340.58,84141.12,84258.1,0,0
2024-10-01 15:15:00+05:30,84254.1,84350.37,84227.38,84330.27,0,0
2024-10-03 09:15:00+05:30,83002.09,83752.81,83002.09,83695.67,0,0
2024-10-03 09:45:00+05:30,83693.16,83726.96,83390.45,83393.14,0,0
2024-10-03 10:15:00+05:30,83391.32,83450.14,83309.72,83361.31,0,0
2024-10-03 10:45:00+05:30,83365.72,83367.38,83255.4,83273.98,0,0
2024-10-03 11:15:00+05:30,83272.32,83276.99,82870.43,82981.02,0,0
2024-10-03 11:45:00+05:30,82979.12,83032.5,82914.3,82946.41,0,0
2024-10-03 12:15:00+05:30,82944.46,83016.15,82870.97,82954.7,0,0
2024-10-03 12:45:00+05:30,82954.21,82954.63,82795.88,82806.84,0,0
2024-10-03 13:15:00+05:30,82807.81,82811.97,82597.13,82606.09,0,0
2024-10-03 13:45:00+05:30,82606.99,82629.91,82434.02,82554.39,0,0
2024-10-03 14:15:00+05:30,82548.98,82551.73,82437.86,82482.99,0,0
2024-10-03 14:45:00+05:30,82482.81,82567.32,82440.14,82522.64,0,0
2024-10-03 15:15:00+05:30,82525.93,82586.11,82470.71,82549.34,0,0
2024-10-04 09:15:00+05:30,82244.25,82649.16,82051.86,82332.44,0,0
2024-10-04 09:45:00+05:30,82328.56,82643.58,82210.43,82377.1,0,0
2024-10-04 10:15:00+05:30,82381.8,82647.02,82272.47,82647.02,0,0
2024-10-04 10:45:00+05:30,82640.04,82935.99,82598.45,82843.78,0,0
2024-10-04 11:15:00+05:30,82844.15,82883.19,82656.55,82814.43,0,0
2024-10-04 11:45:00+05:30,82819.24,83340.86,82774.87,83340.86,0,0
2024-10-04 12:15:00+05:30,83338.82,83368.32,82316.83,82341.33,0,0
2024-10-04 12:45:00+05:30,82348.56,82564.7,81904.17,82013.08,0,0
2024-10-04 13:15:00+05:30,82013.53,82052.9,81756.85,81872.11,0,0
2024-10-04 13:45:00+05:30,81871.64,81972.28,81773.92,81825.68,0,0
2024-10-04 14:15:00+05:30,81828.54,81905.25,81652.05,81660.07,0,0
2024-10-04 14:45:00+05:30,81662.77,81781.54,81532.68,81745.78,0,0
2024-10-04 15:15:00+05:30,81747.95,81832.69,81735.85,81790.27,0,0
2024-10-07 09:15:00+05:30,81926.99,82137.77,81818.5,81929.11,0,0
2024-10-07 09:45:00+05:30,81927.99,82019.03,81790.06,81912.85,0,0
2024-10-07 10:15:00+05:30,81910.98,81973.91,81652.99,81690.79,0,0
2024-10-07 10:45:00+05:30,81688.42,81693.94,81139.62,81376.62,0,0
2024-10-07 11:15:00+05:30,81377.98,81767.32,81377.98,81602.79,0,0
2024-10-07 11:45:00+05:30,81598.22,81672.37,81375.76,81514.78,0,0
2024-10-07 12:15:00+05:30,81514.78,81622.74,81362.78,81375.31,0,0
2024-10-07 12:45:00+05:30,81369.43,81374.01,81017.15,81084.38,0,0
2024-10-07 13:15:00+05:30,81084.82,81110.0,80726.06,80863.06,0,0
2024-10-07 13:45:00+05:30,80862.91,81229.71,80762.44,80967.28,0,0
2024-10-07 14:15:00+05:30,80962.88,81152.42,80837.05,81152.42,0,0
2024-10-07 14:45:00+05:30,81157.8,81542.92,80951.63,80985.35,0,0
2024-10-07 15:15:00+05:30,80989.37,81175.68,80984.72,81137.6,0,0
2024-10-08 09:15:00+05:30,80826.56,81254.43,80813.07,81140.29,0,0
2024-10-08 09:45:00+05:30,81142.22,81415.08,81117.1,81181.69,0,0
2024-10-08 10:15:00+05:30,81177.83,81508.64,81122.45,81447.65,0,0
2024-10-08 10:45:00+05:30,81448.81,81537.24,81313.38,81467.02,0,0
2024-10-08 11:15:00+05:30,81466.43,81617.06,81435.9,81512.24,0,0
2024-10-08 11:45:00+05:30,81515.4,81548.81,81330.02,81423.13,0,0
2024-10-08 12:15:00+05:30,81422.92,81477.52,81350.29,81379.83,0,0
2024-10-08 12:45:00+05:30,81379.76,81598.66,81286.05,81569.04,0,0
2024-10-08 13:15:00+05:30,81569.63,81669.1,81464.15,81603.01,0,0
2024-10-08 13:45:00+05:30,81605.29,81754.41,81601.99,81731.87,0,0
2024-10-08 14:15:00+05:30,81732.35,81763.28,81504.57,81527.43,0,0
2024-10-08 14:45:00+05:30,81522.6,81669.64,81368.01,81615.57,0,0
2024-10-08 15:15:00+05:30,81616.23,81743.35,81614.2,81723.3,0,0
2024-10-09 09:15:00+05:30,81954.58,81954.58,81692.46,81836.32,0,0
2024-10-09 09:45:00+05:30,81838.23,82191.78,81700.82,82145.56,0,0
2024-10-09 10:15:00+05:30,82142.9,82166.23,81901.73,82135.71,0,0
2024-10-09 10:45:00+05:30,82132.42,82270.51,82131.55,82235.52,0,0
2024-10-09 11:15:00+05:30,82239.84,82319.21,82077.49,82083.35,0,0
2024-10-09 11:45:00+05:30,82080.72,82123.03,81874.18,81915.82,0,0
2024-10-09 12:15:00+05:30,81921.1,82036.25,81870.43,81971.35,0,0
2024-10-09 12:45:00+05:30,81970.03,82051.59,81869.75,81871.55,0,0
2024-10-09 13:15:00+05:30,81874.83,81915.95,81730.24,81855.21,0,0
2024-10-09 13:45:00+05:30,81851.62,81977.09,81835.95,81880.63,0,0
2024-10-09 14:15:00+05:30,81879.85,81879.85,81631.92,81648.07,0,0
2024-10-09 14:45:00+05:30,81644.26,81721.95,81342.89,81418.56,0,0
2024-10-09 15:15:00+05:30,81415.13,81597.01,81407.47,81558.41,0,0
2024-10-10 09:15:00+05:30,81832.66,81833.4,81597.21,81609.36,0,0
2024-10-10 09:45:00+05:30,81606.87,81990.09,81542.65,81957.04,0,0
2024-10-10 10:15:00+05:30,81952.91,82002.84,81718.73,81740.59,0,0
2024-10-10 10:45:00+05:30,81739.54,81807.69,81645.65,81647.76,0,0
2024-10-10 11:15:00+05:30,81647.76,81689.11,81580.63,81615.9,0,0
2024-10-10 11:45:00+05:30,81617.16,81769.45,81617.16,81722.66,0,0
2024-10-10 12:15:00+05:30,81718.29,81766.39,81671.55,81672.58,0,0
2024-10-10 12:45:00+05:30,81674.2,81718.2,81616.75,81713.86,0,0
2024-10-10 13:15:00+05:30,81712.17,81779.42,81636.84,81664.52,0,0
2024-10-10 13:45:00+05:30,81672.29,81716.79,81635.91,81705.32,0,0
2024-10-10 14:15:00+05:30,81708.5,81744.23,81646.66,81667.89,0,0
2024-10-10 14:45:00+05:30,81666.45,81670.92,81578.84,81613.7,0,0
2024-10-10 15:15:00+05:30,81616.7,81666.12,81538.94,81624.37,0,0
2024-10-11 09:15:00+05:30,81478.49,81601.12,81398.38,81488.25,0,0
2024-10-11 09:45:00+05:30,81488.27,81671.38,81483.69,81648.7,0,0
2024-10-11 10:15:00+05:30,81652.08,81654.29,81435.44,81498.4,0,0
2024-10-11 10:45:00+05:30,81494.45,81532.03,81352.27,81415.74,0,0
2024-10-11 11:15:00+05:30,81416.1,81442.22,81334.51,81355.09,0,0
2024-10-11 11:45:00+05:30,81353.41,81427.26,81350.95,81386.56,0,0
2024-10-11 12:15:00+05:30,81386.56,81444.13,81352.89,81370.4,0,0
2024-10-11 12:45:00+05:30,81372.35,81425.35,81362.56,81417.55,0,0
2024-10-11 13:15:00+05:30,81417.67,81476.6,81338.64,81374.51,0,0
2024-10-11 13:45:00+05:30,81376.07,81433.73,81347.01,81362.98,0,0
2024-10-11 14:15:00+05:30,81361.87,81412.36,81316.65,81408.91,0,0
2024-10-11 14:45:00+05:30,81402.09,81450.53,81304.15,81380.25,0,0
2024-10-11 15:15:00+05:30,81383.39,81448.13,81357.77,81425.58,0,0
2024-10-14 09:15:00+05:30,81576.93,81800.43,81541.2,81799.21,0,0
2024-10-14 09:45:00+05:30,81799.38,81930.66,81791.27,81820.01,0,0
2024-10-14 10:15:00+05:30,81819.17,81881.13,81773.38,81822.16,0,0
2024-10-14 10:45:00+05:30,81822.79,81893.36,81789.27,81888.08,0,0
2024-10-14 11:15:00+05:30,81890.52,81994.53,81883.72,81980.88,0,0
2024-10-14 11:45:00+05:30,81977.68,82072.17,81972.3,82043.57,0,0
2024-10-14 12:15:00+05:30,82043.57,82064.27,81922.72,82011.68,0,0
2024-10-14 12:45:00+05:30,82012.21,82019.71,81905.75,81926.85,0,0
2024-10-14 13:15:00+05:30,81926.43,81987.52,81902.26,81938.87,0,0
2024-10-14 13:45:00+05:30,81938.69,82023.58,81921.18,81994.34,0,0
2024-10-14 14:15:00+05:30,81994.33,82026.75,81947.56,81995.66,0,0
2024-10-14 14:45:00+05:30,81995.66,82000.92,81909.73,81934.72,0,0
2024-10-14 15:15:00+05:30,81939.06,82039.97,81933.92,82031.49,0,0
2024-10-15 09:15:00+05:30,82101.86,82300.44,82084.8,82086.79,0,0
2024-10-15 09:45:00+05:30,82089.75,82089.75,81708.32,81773.91,0,0
2024-10-15 10:15:00+05:30,81766.87,81908.25,81636.67,81889.0,0,0
2024-10-15 10:45:00+05:30,81887.94,81903.31,81788.05,81823.02,0,0
2024-10-15 11:15:00+05:30,81827.59,81830.8,81699.82,81759.18,0,0
2024-10-15 11:45:00+05:30,81758.04,81883.73,81720.08,81842.64,0,0
2024-10-15 12:15:00+05:30,81837.75,81840.59,81774.01,81818.83,0,0
2024-10-15 12:45:00+05:30,81818.83,81845.54,81635.57,81705.79,0,0
2024-10-15 13:15:00+05:30,81703.95,81826.17,81686.58,81822.36,0,0
2024-10-15 13:45:00+05:30,81819.49,81838.02,81723.12,81761.34,0,0
2024-10-15 14:15:00+05:30,81761.34,81853.3,81712.6,81744.31,0,0
2024-10-15 14:45:00+05:30,81745.78,81846.89,81700.88,81799.7,0,0
2024-10-15 15:15:00+05:30,81797.74,81891.32,81780.96,81837.76,0,0
2024-10-16 09:15:00+05:30,81646.6,81884.01,81579.37,81873.97,0,0
2024-10-16 09:45:00+05:30,81868.53,81932.15,81770.44,81815.64,0,0
2024-10-16 10:15:00+05:30,81813.42,81864.36,81695.83,81710.69,0,0
2024-10-16 10:45:00+05:30,81710.72,81768.63,81678.9,81695.37,0,0
2024-10-16 11:15:00+05:30,81696.93,81698.25,81415.52,81433.44,0,0
2024-10-16 11:45:00+05:30,81432.44,81500.92,81358.26,81470.35,0,0
2024-10-16 12:15:00+05:30,81469.78,81536.12,81416.37,81458.59,0,0
2024-10-16 12:45:00+05:30,81459.3,81575.57,81414.06,81570.38,0,0
2024-10-16 13:15:00+05:30,81567.86,81598.9,81510.01,81547.14,0,0
2024-10-16 13:45:00+05:30,81548.5,81692.75,81504.24,81671.58,0,0
2024-10-16 14:15:00+05:30,81669.36,81798.05,81652.06,81682.99,0,0
2024-10-16 14:45:00+05:30,81682.72,81686.73,81496.59,81496.59,0,0
2024-10-16 15:15:00+05:30,81500.84,81506.03,81450.21,81466.27,0,0
2024-10-17 09:15:00+05:30,81758.07,81781.4,81242.19,81289.42,0,0
2024-10-17 09:45:00+05:30,81281.53,81281.53,81119.14,81222.13,0,0
2024-10-17 10:15:00+05:30,81222.13,81264.15,81100.03,81244.49,0,0
2024-10-17 10:45:00+05:30,81242.79,81250.32,81074.73,81084.62,0,0
2024-10-17 11:15:00+05:30,81083.63,81126.78,80998.12,81036.09,0,0
2024-10-17 11:45:00+05:30,81036.09,81091.17,81007.87,81046.54,0,0
2024-10-17 12:15:00+05:30,81045.61,81083.98,81016.56,81022.34,0,0
2024-10-17 12:45:00+05:30,81021.14,81087.49,80959.6,81055.74,0,0
2024-10-17 13:15:00+05:30,81057.02,81067.08,80975.53,81031.01,0,0
2024-10-17 13:45:00+05:30,81031.01,81036.99,80939.75,80970.97,0,0
2024-10-17 14:15:00+05:30,80971.63,81020.31,80909.45,80915.86,0,0
2024-10-17 14:45:00+05:30,80909.45,81032.59,80905.64,81016.1,0,0
2024-10-17 15:15:00+05:30,81014.9,81057.16,80953.68,81007.78,0,0
2024-10-18 09:15:00+05:30,80749.26,80790.39,80409.25,80649.89,0,0
2024-10-18 09:45:00+05:30,80653.24,80806.32,80503.97,80677.23,0,0
2024-10-18 10:15:00+05:30,80675.79,80930.44,80631.56,80878.1,0,0
2024-10-18 10:45:00+05:30,80877.79,80951.55,80778.09,80863.55,0,0
2024-10-18 11:15:00+05:30,80862.15,81058.1,80785.83,81045.25,0,0
2024-10-18 11:45:00+05:30,81045.34,81119.88,80984.46,81041.76,0,0
2024-10-18 12:15:00+05:30,81041.36,81319.17,81026.93,81271.02,0,0
2024-10-18 12:45:00+05:30,81267.32,81291.69,81152.79,81175.57,0,0
2024-10-18 13:15:00+05:30,81179.08,81335.81,81173.78,81329.36,0,0
2024-10-18 13:45:00+05:30,81330.61,81391.15,81261.79,81335.06,0,0
2024-10-18 14:15:00+05:30,81334.35,81378.47,81281.94,81314.54,0,0
2024-10-18 14:45:00+05:30,81311.64,81374.44,81165.43,81209.77,0,0
2024-10-18 15:15:00+05:30,81209.97,81348.23,81200.99,81315.35,0,0
2024-10-21 09:15:00+05:30,81770.02,81770.02,81006.94,81082.58,0,0
2024-10-21 09:45:00+05:30,81083.07,81383.18,80811.23,81177.58,0,0
2024-10-21 10:15:00+05:30,81177.58,81262.08,81128.81,81240.32,0,0
2024-10-21 10:45:00+05:30,81241.1,81315.12,81152.55,81198.1,0,0
2024-10-21 11:15:00+05:30,81198.29,81217.4,81002.3,81057.73,0,0
2024-10-21 11:45:00+05:30,81056.17,81074.38,80946.5,80956.52,0,0
2024-10-21 12:15:00+05:30,80956.32,81062.73,80926.94,81055.42,0,0
2024-10-21 12:45:00+05:30,81054.27,81070.43,80947.83,81052.37,0,0
2024-10-21 13:15:00+05:30,81053.25,81242.92,81047.54,81148.93,0,0
2024-10-21 13:45:00+05:30,81148.34,81454.54,81115.56,81299.77,0,0
2024-10-21 14:15:00+05:30,81305.66,81439.36,81280.09,81321.68,0,0
2024-10-21 14:45:00+05:30,81317.28,81328.76,81096.57,81211.6,0,0
2024-10-21 15:15:00+05:30,81210.7,81216.07,81006.25,81006.25,0,0
2024-10-22 09:15:00+05:30,81155.08,81415.38,81067.89,81410.5,0,0
2024-10-22 09:45:00+05:30,81405.35,81504.24,81098.86,81118.61,0,0
2024-10-22 10:15:00+05:30,81115.94,81155.26,80727.85,80870.24,0,0
2024-10-22 10:45:00+05:30,80869.62,81060.44,80835.14,81027.18,0,0
2024-10-22 11:15:00+05:30,81027.18,81028.69,80725.78,80738.87,0,0
2024-10-22 11:45:00+05:30,80739.27,80886.04,80699.97,80793.95,0,0
2024-10-22 12:15:00+05:30,80792.66,80929.01,80677.35,80727.03,0,0
2024-10-22 12:45:00+05:30,80726.75,80738.37,80603.64,80697.6,0,0
2024-10-22 13:15:00+05:30,80698.01,80699.54,80531.66,80602.97,0,0
2024-10-22 13:45:00+05:30,80606.59,80737.02,80577.17,80731.62,0,0
2024-10-22 14:15:00+05:30,80733.7,80736.33,80463.06,80511.9,0,0
2024-10-22 14:45:00+05:30,80511.27,80529.91,80151.27,80170.23,0,0
2024-10-22 15:15:00+05:30,80170.61,80283.7,80149.53,80278.58,0,0
2024-10-23 09:15:00+05:30,79921.13,80389.51,79891.68,80088.63,0,0
2024-10-23 09:45:00+05:30,80087.55,80441.06,80073.34,80360.76,0,0
2024-10-23 10:15:00+05:30,80360.25,80481.63,80169.04,80308.24,0,0
2024-10-23 10:45:00+05:30,80310.58,80616.02,80286.84,80472.93,0,0
2024-10-23 11:15:00+05:30,80472.84,80621.16,80465.3,80577.03,0,0
2024-10-23 11:45:00+05:30,80577.9,80646.31,80415.06,80452.14,0,0
2024-10-23 12:15:00+05:30,80452.14,80528.91,80333.24,80505.02,0,0
2024-10-23 12:45:00+05:30,80502.5,80561.73,80434.9,80463.9,0,0
2024-10-23 13:15:00+05:30,80464.64,80504.05,80368.84,80419.92,0,0
2024-10-23 13:45:00+05:30,80419.92,80445.42,80236.42,80244.21,0,0
2024-10-23 14:15:00+05:30,80250.53,80251.4,80062.89,80084.46,0,0
2024-10-23 14:45:00+05:30,80084.05,80185.9,80068.63,80075.02,0,0
2024-10-23 15:15:00+05:30,80075.13,80115.41,80035.69,80113.38,0,0
2024-10-24 09:15:00+05:30,80098.3,80259.82,79813.02,79881.21,0,0
2024-10-24 09:45:00+05:30,79882.81,80163.71,79836.12,80155.42,0,0
2024-10-24 10:15:00+05:30,80155.29,80172.54,80054.07,80096.34,0,0
2024-10-24 10:45:00+05:30,80097.37,80109.63,79988.49,79997.94,0,0
2024-10-24 11:15:00+05:30,79996.86,80105.86,79983.05,80080.38,0,0
2024-10-24 11:45:00+05:30,80080.38,80087.12,80029.94,80048.89,0,0
2024-10-24 12:15:00+05:30,80048.8,80099.99,80043.57,80082.66,0,0
2024-10-24 12:45:00+05:30,80083.82,80104.71,80042.84,80051.16,0,0
2024-10-24 13:15:00+05:30,80049.9,80085.94,80001.26,80010.85,0,0
2024-10-24 13:45:00+05:30,80008.24,80079.64,79995.97,80017.46,0,0
2024-10-24 14:15:00+05:30,80017.53,80085.82,79967.24,80051.68,0,0
2024-10-24 14:45:00+05:30,80048.96,80136.11,80021.39,80056.04,0,0
2024-10-24 15:15:00+05:30,80054.98,80115.54,80043.22,80095.66,0,0
2024-10-25 09:15:00+05:30,80187.34,80253.19,79844.83,79920.83,0,0
2024-10-25 09:45:00+05:30,79920.45,80071.35,79646.04,79672.81,0,0
2024-10-25 10:15:00+05:30,79672.86,79735.46,79563.37,79583.73,0,0
2024-10-25 10:45:00+05:30,79584.51,79598.0,79356.47,79467.79,0,0
2024-10-25 11:15:00+05:30,79471.14,79618.69,79361.09,79430.23,0,0
2024-10-25 11:45:00+05:30,79426.47,79468.22,79359.56,79377.32,0,0
2024-10-25 12:15:00+05:30,79378.27,79378.65,79201.42,79301.31,0,0
2024-10-25 12:45:00+05:30,79301.84,79363.71,79265.65,79322.83,0,0
2024-10-25 13:15:00+05:30,79322.83,79336.09,79226.38,79308.45,0,0
2024-10-25 13:45:00+05:30,79300.6,79318.81,79222.98,79233.36,0,0
2024-10-25 14:15:00+05:30,79228.37,79251.46,79137.98,79197.23,0,0
2024-10-25 14:45:00+05:30,79193.99,79465.69,79182.93,79437.28,0,0
2024-10-25 15:15:00+05:30,79443.24,79617.23,79438.72,79580.5,0,0
2024-10-28 09:15:00+05:30,79653.67,79864.74,79457.23,79467.62,0,0
2024-10-28 09:45:00+05:30,79463.4,79958.67,79418.82,79908.84,0,0
2024-10-28 10:15:00+05:30,79905.28,80317.44,79902.65,80297.21,0,0
2024-10-28 10:45:00+05:30,80297.05,80351.49,80073.72,80221.26,0,0
2024-10-28 11:15:00+05:30,80219.71,80318.65,80173.04,80312.27,0,0
2024-10-28 11:45:00+05:30,80312.4,80504.38,80247.4,80497.45,0,0
2024-10-28 12:15:00+05:30,80497.13,80539.81,80405.54,80408.51,0,0
2024-10-28 12:45:00+05:30,80398.6,80407.64,80225.07,80301.56,0,0
2024-10-28 13:15:00+05:30,80304.91,80422.28,80249.42,80288.91,0,0
2024-10-28 13:45:00+05:30,80291.05,80345.19,80116.49,80178.48,0,0
2024-10-28 14:15:00+05:30,80180.52,80266.6,80108.94,80189.68,0,0
2024-10-28 14:45:00+05:30,80191.45,80235.32,79897.05,80033.23,0,0
2024-10-28 15:15:00+05:30,80034.29,80106.12,79976.57,80077.42,0,0
2024-10-29 09:15:00+05:30,80037.2,80104.59,79581.55,79612.4,0,0
2024-10-29 09:45:00+05:30,79619.94,79713.59,79467.37,79688.52,0,0
2024-10-29 10:15:00+05:30,79689.63,79738.04,79514.58,79523.34,0,0
2024-10-29 10:45:00+05:30,79526.32,79642.0,79421.35,79601.92,0,0
2024-10-29 11:15:00+05:30,79593.7,79750.54,79534.85,79734.21,0,0
2024-10-29 11:45:00+05:30,79734.42,79897.64,79675.48,79897.64,0,0
2024-10-29 12:15:00+05:30,79896.18,79959.0,79840.1,79943.9,0,0
2024-10-29 12:45:00+05:30,79944.16,80059.55,79906.05,79997.53,0,0
2024-10-29 13:15:00+05:30,79998.25,80018.14,79811.4,79907.43,0,0
2024-10-29 13:45:00+05:30,79911.38,80292.99,79854.84,80290.6,0,0
2024-10-29 14:15:00+05:30,80293.3,80360.39,80181.84,80326.26,0,0
2024-10-29 14:45:00+05:30,80326.55,80450.48,80296.62,80412.94,0,0
2024-10-29 15:15:00+05:30,80410.89,80422.43,80332.6,80380.46,0,0
2024-10-30 09:15:00+05:30,80237.85,80284.81,79981.96,80116.72,0,0
2024-10-30 09:45:00+05:30,80116.87,80187.79,80022.95,80147.96,0,0
2024-10-30 10:15:00+05:30,80148.21,80187.99,80026.04,80121.29,0,0
2024-10-30 10:45:00+05:30,80121.42,80270.94,80116.47,80222.15,0,0
2024-10-30 11:15:00+05:30,80222.15,80324.15,80189.42,80255.38,0,0
2024-10-30 11:45:00+05:30,80255.82,80278.71,80150.62,80218.98,0,0
2024-10-30 12:15:00+05:30,80219.72,80298.21,80213.05,80278.68,0,0
2024-10-30 12:45:00+05:30,80278.68,80435.61,80174.69,80196.31,0,0
2024-10-30 13:15:00+05:30,80196.8,80206.97,79954.99,79999.8,0,0
2024-10-30 13:45:00+05:30,79999.22,80043.37,79861.22,79870.64,0,0
2024-10-30 14:15:00+05:30,79870.64,80017.9,79821.99,79992.33,0,0
2024-10-30 14:45:00+05:30,79991.45,80011.17,79903.6,79930.88,0,0
2024-10-30 15:15:00+05:30,79936.22,79999.65,79893.75,79966.05,0,0
2024-10-31 09:15:00+05:30,80044.95,80044.95,79583.69,79671.19,0,0
2024-10-31 09:45:00+05:30,79669.66,79803.25,79669.21,79700.9,0,0
2024-10-31 10:15:00+05:30,79680.29,79701.01,79612.18,79615.82,0,0
2024-10-31 10:45:00+05:30,79617.35,79633.91,79538.02,79585.94,0,0
2024-10-31 11:15:00+05:30,79582.71,79592.25,79521.43,79557.48,0,0
2024-10-31 11:45:00+05:30,79557.02,79558.12,79505.45,79521.17,0,0
2024-10-31 12:15:00+05:30,79520.66,79523.65,79386.63,79399.29,0,0
2024-10-31 12:45:00+05:30,79399.29,79455.03,79370.71,79454.06,0,0
2024-10-31 13:15:00+05:30,79454.83,79477.79,79379.78,79477.31,0,0
2024-10-31 13:45:00+05:30,79476.77,79522.43,79334.88,79353.61,0,0
2024-10-31 14:15:00+05:30,79352.64,79458.26,79287.93,79452.1,0,0
2024-10-31 14:45:00+05:30,79458.21,79473.01,79327.74,79409.27,0,0
2024-10-31 15:15:00+05:30,79408.87,79542.95,79324.59,79530.49,0,0
2024-11-01 18:00:00+05:30,80023.75,80023.75,79687.13,79789.9,0,0
2024-11-01 18:30:00+05:30,79793.91,79823.13,79655.55,79692.62,0,0
2024-11-04 09:15:00+05:30,79713.14,79713.14,78946.1,78982.85,0,0
2024-11-04 09:45:00+05:30,78982.5,79018.9,78619.53,78675.62,0,0
2024-11-04 10:15:00+05:30,78685.87,78768.48,78515.85,78572.44,0,0
2024-11-04 10:45:00+05:30,78565.09,78628.26,78255.52,78318.29,0,0
2024-11-04 11:15:00+05:30,78319.22,78491.63,78232.6,78414.8,0,0
2024-11-04 11:45:00+05:30,78415.23,78663.33,78366.38,78587.51,0,0
2024-11-04 12:15:00+05:30,78582.01,78644.48,78445.15,78480.87,0,0
2024-11-04 12:45:00+05:30,78478.56,78542.24,78382.98,78521.99,0,0
2024-11-04 13:15:00+05:30,78524.82,78547.15,78382.57,78438.28,0,0
2024-11-04 13:45:00+05:30,78437.09,78616.42,78429.4,78598.99,0,0
2024-11-04 14:15:00+05:30,78599.14,78721.1,78537.77,78641.91,0,0
2024-11-04 14:45:00+05:30,78641.91,78833.79,78641.91,78789.75,0,0
2024-11-04 15:15:00+05:30,78794.28,78842.16,78721.66,78760.28,0,0
2024-11-05 09:15:00+05:30,78542.16,78833.88,78455.66,78626.87,0,0
2024-11-05 09:45:00+05:30,78624.97,78817.09,78561.63,78689.76,0,0
2024-11-05 10:15:00+05:30,78688.01,78906.41,78586.39,78698.4,0,0
2024-11-05 10:45:00+05:30,78698.4,78794.12,78674.29,78724.54,0,0
2024-11-05 11:15:00+05:30,78723.15,78751.45,78333.44,78354.62,0,0
2024-11-05 11:45:00+05:30,78355.31,78464.51,78296.7,78366.97,0,0
2024-11-05 12:15:00+05:30,78369.26,78508.17,78303.5,78494.83,0,0
2024-11-05 12:45:00+05:30,78494.53,78623.0,78430.71,78501.53,0,0
2024-11-05 13:15:00+05:30,78504.8,79124.95,78446.21,79009.56,0,0
2024-11-05 13:45:00+05:30,79012.53,79338.24,78998.09,79325.93,0,0
2024-11-05 14:15:00+05:30,79326.43,79504.14,79296.84,79432.95,0,0
2024-11-05 14:45:00+05:30,79431.07,79518.22,79361.75,79456.6,0,0
2024-11-05 15:15:00+05:30,79456.32,79523.13,79400.9,79443.31,0,0
2024-11-06 09:15:00+05:30,79771.82,79916.62,79459.12,79903.98,0,0
2024-11-06 09:45:00+05:30,79906.38,80115.34,79889.91,80001.97,0,0
2024-11-06 10:15:00+05:30,80003.75,80040.4,79715.99,79752.19,0,0
2024-11-06 10:45:00+05:30,79753.76,80024.37,79746.47,79960.74,0,0
2024-11-06 11:15:00+05:30,79961.27,80061.49,79924.0,80048.71,0,0
2024-11-06 11:45:00+05:30,80047.56,80224.13,80042.53,80176.38,0,0
2024-11-06 12:15:00+05:30,80174.28,80267.75,80115.58,80200.39,0,0
2024-11-06 12:45:00+05:30,80202.08,80315.71,80135.51,80281.76,0,0
2024-11-06 13:15:00+05:30,80281.04,80363.99,80217.11,80325.98,0,0
2024-11-06 13:45:00+05:30,80326.52,80426.54,80316.73,80397.2,0,0
2024-11-06 14:15:00+05:30,80398.16,80569.73,80286.09,80342.22,0,0
2024-11-06 14:45:00+05:30,80342.22,80415.02,80261.91,80328.21,0,0
2024-11-06 15:15:00+05:30,80331.83,80442.33,80323.95,80409.53,0,0
2024-11-07 09:15:00+05:30,80563.42,80563.42,79904.6,80001.11,0,0
2024-11-07 09:45:00+05:30,80003.7,80056.36,79487.69,79522.26,0,0
2024-11-07 10:15:00+05:30,79522.99,79600.5,79419.34,79524.61,0,0
2024-11-07 10:45:00+05:30,79522.7,79693.47,79511.39,79606.71,0,0
2024-11-07 11:15:00+05:30,79603.39,79605.18,79430.38,79540.54,0,0
2024-11-07 11:45:00+05:30,79541.09,79547.82,79469.46,79524.57,0,0
2024-11-07 12:15:00+05:30,79523.82,79670.18,79495.01,79651.09,0,0
2024-11-07 12:45:00+05:30,79653.5,79677.56,79586.2,79632.02,0,0
2024-11-07 13:15:00+05:30,79634.15,79638.92,79484.66,79484.66,0,0
2024-11-07 13:45:00+05:30,79484.66,79614.24,79483.42,79611.93,0,0
2024-11-07 14:15:00+05:30,79608.79,79615.64,79511.58,79522.36,0,0
2024-11-07 14:45:00+05:30,79521.92,79570.65,79495.47,79549.07,0,0
2024-11-07 15:15:00+05:30,79549.88,79573.53,79506.44,79528.27,0,0
2024-11-08 09:15:00+05:30,79611.9,79611.9,79117.37,79505.8,0,0
2024-11-08 09:45:00+05:30,79506.87,79807.26,79411.68,79585.56,0,0
2024-11-08 10:15:00+05:30,79582.03,79637.56,79468.15,79488.72,0,0
2024-11-08 10:45:00+05:30,79481.38,79509.85,79427.73,79509.7,0,0
2024-11-08 11:15:00+05:30,79506.9,79519.06,79401.43,79418.96,0,0
2024-11-08 11:45:00+05:30,79416.5,79427.12,79327.85,79356.39,0,0
2024-11-08 12:15:00+05:30,79353.15,79444.71,79329.97,79434.12,0,0
2024-11-08 12:45:00+05:30,79434.67,79522.55,79393.02,79504.13,0,0
2024-11-08 13:15:00+05:30,79503.25,79546.15,79404.76,79447.23,0,0
2024-11-08 13:45:00+05:30,79450.44,79504.1,79393.4,79405.98,0,0
2024-11-08 14:15:00+05:30,79408.95,79523.02,79348.26,79497.04,0,0
2024-11-08 14:45:00+05:30,79498.89,79533.36,79407.19,79523.53,0,0
2024-11-08 15:15:00+05:30,79520.49,79529.12,79318.05,79331.71,0,0
2024-11-11 09:15:00+05:30,79298.46,79522.8,79001.34,79498.29,0,0
2024-11-11 09:45:00+05:30,79493.21,79592.18,79375.04,79401.01,0,0
2024-11-11 10:15:00+05:30,79400.13,79883.42,79355.91,79801.4,0,0
2024-11-11 10:45:00+05:30,79802.34,80029.23,79767.32,80016.89,0,0
2024-11-11 11:15:00+05:30,80022.2,80102.14,79975.46,80094.54,0,0
2024-11-11 11:45:00+05:30,80093.96,80099.9,79782.39,79844.24,0,0
2024-11-11 12:15:00+05:30,79843.59,79869.15,79678.84,79814.91,0,0
2024-11-11 12:45:00+05:30,79815.91,79855.94,79718.9,79758.88,0,0
2024-11-11 13:15:00+05:30,79755.07,79774.54,79486.06,79502.36,0,0
2024-11-11 13:45:00+05:30,79509.82,79551.39,79391.72,79399.0,0,0
2024-11-11 14:15:00+05:30,79394.2,79668.6,79296.39,79659.71,0,0
2024-11-11 14:45:00+05:30,79663.35,79699.16,79397.99,79589.57,0,0
2024-11-11 15:15:00+05:30,79590.27,79593.29,79424.89,79434.15,0,0
2024-11-12 09:15:00+05:30,79644.95,79820.98,79461.47,79533.0,0,0
2024-11-12 09:45:00+05:30,79534.52,79805.13,79439.47,79585.46,0,0
2024-11-12 10:15:00+05:30,79587.86,79712.93,79400.06,79462.91,0,0
2024-11-12 10:45:00+05:30,79454.99,79562.23,79373.95,79510.56,0,0
2024-11-12 11:15:00+05:30,79509.03,79554.68,79431.86,79446.23,0,0
2024-11-12 11:45:00+05:30,79447.76,79543.16,79384.89,79398.75,0,0
2024-11-12 12:15:00+05:30,79396.51,79452.61,79171.29,79192.64,0,0
2024-11-12 12:45:00+05:30,79193.22,79201.59,78972.41,79033.71,0,0
2024-11-12 13:15:00+05:30,79033.5,79033.5,78767.49,78815.28,0,0
2024-11-12 13:45:00+05:30,78812.23,78988.79,78808.81,78867.47,0,0
2024-11-12 14:15:00+05:30,78868.06,79001.87,78743.87,78868.01,0,0
2024-11-12 14:45:00+05:30,78866.01,78938.29,78642.36,78656.3,0,0
2024-11-12 15:15:00+05:30,78653.98,78711.76,78562.81,78562.81,0,0
2024-11-13 09:15:00+05:30,78495.53,78690.02,78406.02,78408.42,0,0
2024-11-13 09:45:00+05:30,78410.47,78533.45,78163.54,78177.89,0,0
2024-11-13 10:15:00+05:30,78174.43,78380.73,78131.36,78195.43,0,0
2024-11-13 10:45:00+05:30,78197.22,78435.5,78182.52,78212.16,0,0
2024-11-13 11:15:00+05:30,78210.74,78246.61,78128.02,78128.53,0,0
2024-11-13 11:45:00+05:30,78128.53,78248.49,78115.79,78136.89,0,0
2024-11-13 12:15:00+05:30,78137.51,78229.66,78100.54,78100.54,0,0
2024-11-13 12:45:00+05:30,78100.77,78120.57,77959.76,78072.87,0,0
2024-11-13 13:15:00+05:30,78073.14,78102.65,77967.43,78100.22,0,0
2024-11-13 13:45:00+05:30,78099.72,78219.59,77966.14,78001.41,0,0
2024-11-13 14:15:00+05:30,78001.04,78016.97,77673.71,77703.76,0,0
2024-11-13 14:45:00+05:30,77705.42,77777.15,77533.3,77641.89,0,0
2024-11-13 15:15:00+05:30,77651.83,77895.2,77646.46,77801.36,0,0
2024-11-14 09:15:00+05:30,77636.94,77945.45,77518.5,77757.67,0,0
2024-11-14 09:45:00+05:30,77756.55,78055.52,77727.32,77864.77,0,0
2024-11-14 10:15:00+05:30,77864.17,77870.62,77679.62,77746.23,0,0
2024-11-14 10:45:00+05:30,77745.22,77748.12,77424.81,77432.45,0,0
2024-11-14 11:15:00+05:30,77431.86,77540.55,77431.02,77506.94,0,0
2024-11-14 11:45:00+05:30,77508.44,77666.82,77483.32,77656.35,0,0
2024-11-14 12:15:00+05:30,77655.92,77655.92,77493.66,77523.7,0,0
2024-11-14 12:45:00+05:30,77521.35,77616.44,77512.94,77614.25,0,0
2024-11-14 13:15:00+05:30,77613.53,77679.29,77533.5,77543.71,0,0
2024-11-14 13:45:00+05:30,77543.73,77640.39,77525.88,77632.12,0,0
2024-11-14 14:15:00+05:30,77632.5,77645.79,77565.7,77600.86,0,0
2024-11-14 14:45:00+05:30,77597.15,77648.06,77473.96,77576.53,0,0
2024-11-14 15:15:00+05:30,77578.86,77688.15,77561.64,77686.69,0,0
2024-11-18 09:15:00+05:30,77863.54,77886.97,77032.63,77040.28,0,0
2024-11-18 09:45:00+05:30,77041.1,77420.7,77015.71,77315.66,0,0
2024-11-18 10:15:00+05:30,77307.98,77307.98,77018.19,77036.87,0,0
2024-11-18 10:45:00+05:30,77038.11,77174.87,76965.06,77060.59,0,0
2024-11-18 11:15:00+05:30,77060.81,77256.83,77055.81,77256.83,0,0
2024-11-18 11:45:00+05:30,77256.96,77397.58,77202.25,77379.68,0,0
2024-11-18 12:15:00+05:30,77385.14,77659.86,77350.85,77543.42,0,0
2024-11-18 12:45:00+05:30,77544.65,77618.2,77383.16,77411.31,0,0
2024-11-18 13:15:00+05:30,77412.58,77456.16,77279.8,77339.99,0,0
2024-11-18 13:45:00+05:30,77340.35,77456.85,77331.46,77421.65,0,0
2024-11-18 14:15:00+05:30,77425.73,77425.73,77194.23,77289.24,0,0
2024-11-18 14:45:00+05:30,77289.3,77403.02,77273.39,77346.93,0,0
2024-11-18 15:15:00+05:30,77350.08,77416.85,77306.66,77374.31,0,0
2024-11-19 09:15:00+05:30,77548.0,78148.92,77525.05,78148.23,0,0
2024-11-19 09:45:00+05:30,78145.14,78177.53,77983.8,78113.38,0,0
2024-11-19 10:15:00+05:30,78114.19,78305.08,78088.17,78180.18,0,0
2024-11-19 10:45:00+05:30,78180.18,78309.57,78128.8,78294.51,0,0
2024-11-19 11:15:00+05:30,78296.21,78438.19,78264.03,78426.81,0,0
2024-11-19 11:45:00+05:30,78428.49,78451.65,78307.89,78344.28,0,0
2024-11-19 12:15:00+05:30,78344.91,78394.08,78286.4,78297.46,0,0
2024-11-19 12:45:00+05:30,78295.85,78391.37,78266.1,78378.11,0,0
2024-11-19 13:15:00+05:30,78378.2,78404.93,78323.14,78350.75,0,0
2024-11-19 13:45:00+05:30,78349.62,78408.71,78179.83,78195.44,0,0
2024-11-19 14:15:00+05:30,78194.62,78264.65,78144.6,78157.38,0,0
2024-11-19 14:45:00+05:30,78154.99,78220.25,77486.72,77502.44,0,0
2024-11-19 15:15:00+05:30,77501.71,77587.64,77411.31,77420.82,0,0
2024-11-21 09:15:00+05:30,77711.11,77711.11,76802.73,76972.81,0,0
2024-11-21 09:45:00+05:30,76969.32,77165.11,76891.83,76992.86,0,0
2024-11-21 10:15:00+05:30,76993.69,77109.7,76956.29,77007.42,0,0
2024-11-21 10:45:00+05:30,77008.79,77084.7,76989.55,77060.41,0,0
2024-11-21 11:15:00+05:30,77060.61,77112.91,77046.44,77097.66,0,0
2024-11-21 11:45:00+05:30,77096.51,77184.19,77064.28,77136.18,0,0
2024-11-21 12:15:00+05:30,77136.18,77171.46,77110.17,77119.16,0,0
2024-11-21 12:45:00+05:30,77119.17,77139.74,77006.57,77094.95,0,0
2024-11-21 13:15:00+05:30,77095.86,77170.45,77077.03,77113.41,0,0
2024-11-21 13:45:00+05:30,77110.41,77140.66,77078.67,77106.64,0,0
2024-11-21 14:15:00+05:30,77107.96,77136.89,77072.66,77117.73,0,0
2024-11-21 14:45:00+05:30,77117.15,77209.13,77060.78,77171.39,0,0
2024-11-21 15:15:00+05:30,77169.08,77214.49,77133.78,77133.78,0,0
2024-11-22 09:15:00+05:30,77349.74,77774.83,77226.69,77541.71,0,0
2024-11-22 09:45:00+05:30,77533.98,77994.6,77362.61,77908.62,0,0
2024-11-22 10:15:00+05:30,77910.8,77951.81,77660.14,77716.41,0,0
2024-11-22 10:45:00+05:30,77721.99,77788.15,77469.29,77730.08,0,0
2024-11-22 11:15:00+05:30,77729.42,77863.76,77593.46,77810.33,0,0
2024-11-22 11:45:00+05:30,77809.52,78131.62,77809.52,78040.26,0,0
2024-11-22 12:15:00+05:30,78040.93,78217.57,77972.19,78184.52,0,0
2024-11-22 12:45:00+05:30,78181.0,78362.93,78129.07,78286.25,0,0
2024-11-22 13:15:00+05:30,78285.84,78390.51,78176.96,78355.48,0,0
2024-11-22 13:45:00+05:30,78357.42,78884.04,78355.18,78800.8,0,0
2024-11-22 14:15:00+05:30,78800.59,78978.23,78663.13,78870.61,0,0
2024-11-22 14:45:00+05:30,78869.81,79218.19,78785.52,79147.31,0,0
2024-11-22 15:15:00+05:30,79151.04,79151.04,78907.67,78957.43,0,0
2024-11-25 09:15:00+05:30,80193.47,80452.94,80056.35,80299.57,0,0
2024-11-25 09:45:00+05:30,80306.83,80344.59,80171.06,80198.3,0,0
2024-11-25 10:15:00+05:30,80197.28,80423.29,80192.47,80357.24,0,0
2024-11-25 10:45:00+05:30,80353.6,80473.08,80307.99,80423.85,0,0
2024-11-25 11:15:00+05:30,80423.62,80467.44,80308.52,80333.49,0,0
2024-11-25 11:45:00+05:30,80333.98,80341.07,80183.89,80326.09,0,0
2024-11-25 12:15:00+05:30,80326.61,80349.04,80230.91,80261.36,0,0
2024-11-25 12:45:00+05:30,80259.26,80266.45,79765.99,79907.23,0,0
2024-11-25 13:15:00+05:30,79906.79,80053.24,79888.62,79897.32,0,0
2024-11-25 13:45:00+05:30,79897.52,80024.98,79841.25,79975.88,0,0
2024-11-25 14:15:00+05:30,79976.47,80159.69,79906.49,80152.45,0,0
2024-11-25 14:45:00+05:30,80154.93,80199.56,79904.52,80083.3,0,0
2024-11-25 15:15:00+05:30,80084.95,80215.98,80074.43,80171.54,0,0
2024-11-26 09:15:00+05:30,80415.47,80482.36,80198.71,80208.9,0,0
2024-11-26 09:45:00+05:30,80207.7,80230.79,80059.74,80152.93,0,0
2024-11-26 10:15:00+05:30,80151.65,80151.87,79899.89,80009.77,0,0
2024-11-26 10:45:00+05:30,80009.72,80130.07,79984.01,80042.68,0,0
2024-11-26 11:15:00+05:30,80041.94,80135.6,79980.95,80099.76,0,0
2024-11-26 11:45:00+05:30,80099.76,80101.1,79943.93,79973.67,0,0
2024-11-26 12:15:00+05:30,79973.76,79988.35,79822.47,79895.04,0,0
2024-11-26 12:45:00+05:30,79893.53,79973.31,79861.04,79900.73,0,0
2024-11-26 13:15:00+05:30,79900.48,79969.81,79798.67,79866.79,0,0
2024-11-26 13:45:00+05:30,79866.58,80026.9,79852.94,79962.5,0,0
2024-11-26 14:15:00+05:30,79964.59,80120.54,79947.08,80105.91,0,0
2024-11-26 14:45:00+05:30,80101.44,80157.59,79952.07,80050.98,0,0
2024-11-26 15:15:00+05:30,80053.75,80059.03,79988.81,80005.93,0,0
2024-11-27 09:15:00+05:30,80121.03,80170.16,79844.49,79905.55,0,0
2024-11-27 09:45:00+05:30,79905.21,80097.42,79905.21,80036.08,0,0
2024-11-27 10:15:00+05:30,80036.3,80036.58,79924.14,79990.12,0,0
2024-11-27 10:45:00+05:30,79988.28,80067.96,79928.16,80024.27,0,0
2024-11-27 11:15:00+05:30,80022.13,80063.88,79997.59,80051.31,0,0
2024-11-27 11:45:00+05:30,80051.23,80083.72,79898.12,80029.05,0,0
2024-11-27 12:15:00+05:30,80027.56,80367.61,80027.04,80323.8,0,0
2024-11-27 12:45:00+05:30,80324.45,80413.41,80290.67,80400.04,0,0
2024-11-27 13:15:00+05:30,80399.63,80468.81,80344.67,80430.04,0,0
2024-11-27 13:45:00+05:30,80429.79,80511.15,80282.19,80283.64,0,0
2024-11-27 14:15:00+05:30,80283.64,80342.28,80254.78,80281.13,0,0
2024-11-27 14:45:00+05:30,80282.54,80314.63,80194.17,80239.9,0,0
2024-11-27 15:15:00+05:30,80240.46,80268.17,80212.0,80244.75,0,0
2024-11-28 09:15:00+05:30,80281.64,80329.08,80144.85,80207.19,0,0
2024-11-28 09:45:00+05:30,80206.88,80447.4,80184.22,80391.71,0,0
2024-11-28 10:15:00+05:30,80391.45,80394.36,79521.57,79698.15,0,0
2024-11-28 10:45:00+05:30,79698.38,79724.03,79477.52,79569.38,0,0
2024-11-28 11:15:00+05:30,79569.47,79579.03,79420.47,79460.8,0,0
2024-11-28 11:45:00+05:30,79463.43,79671.9,79426.52,79527.02,0,0
2024-11-28 12:15:00+05:30,79526.5,79584.03,79281.18,79373.97,0,0
2024-11-28 12:45:00+05:30,79374.15,79391.39,79203.5,79236.12,0,0
2024-11-28 13:15:00+05:30,79237.84,79347.55,79194.82,79270.74,0,0
2024-11-28 13:45:00+05:30,79270.72,79560.67,78918.92,79185.52,0,0
2024-11-28 14:15:00+05:30,79186.4,79329.53,79005.44,79084.41,0,0
2024-11-28 14:45:00+05:30,79084.41,79132.57,78942.64,79045.15,0,0
2024-11-28 15:15:00+05:30,79043.44,79181.88,79021.28,79165.22,0,0
2024-11-29 09:15:00+05:30,79032.99,79452.35,79026.18,79305.2,0,0
2024-11-29 09:45:00+05:30,79304.9,79534.36,79221.12,79225.53,0,0
2024-11-29 10:15:00+05:30,79222.16,79778.55,79195.33,79636.65,0,0
2024-11-29 10:45:00+05:30,79631.72,79839.33,79628.54,79766.1,0,0
2024-11-29 11:15:00+05:30,79764.03,79848.76,79663.27,79718.65,0,0
2024-11-29 11:45:00+05:30,79718.43,79774.12,79619.13,79764.39,0,0
2024-11-29 12:15:00+05:30,79764.39,79779.17,79664.77,79710.18,0,0
2024-11-29 12:45:00+05:30,79710.39,79788.75,79671.7,79755.34,0,0
2024-11-29 13:15:00+05:30,79756.67,79840.15,79737.71,79808.17,0,0
2024-11-29 13:45:00+05:30,79809.08,79843.31,79700.17,79705.33,0,0
2024-11-29 14:15:00+05:30,79704.57,79923.9,79668.31,79847.54,0,0
2024-11-29 14:45:00+05:30,79850.24,79874.63,79696.56,79769.43,0,0
2024-11-29 15:15:00+05:30,79766.63,79821.68,79698.42,79747.12,0,0
2024-12-02 09:15:00+05:30,79743.87,79848.16,79308.95,79672.42,0,0
2024-12-02 09:45:00+05:30,79668.95,79760.49,79554.49,79674.05,0,0
2024-12-02 10:15:00+05:30,79672.86,79881.51,79610.02,79680.79,0,0
2024-12-02 10:45:00+05:30,79673.92,79745.45,79633.63,79731.86,0,0
2024-12-02 11:15:00+05:30,79733.0,79833.67,79726.81,79811.0,0,0
2024-12-02 11:45:00+05:30,79812.41,79867.07,79716.88,79770.69,0,0
2024-12-02 12:15:00+05:30,79774.38,79942.16,79765.05,79891.6,0,0
2024-12-02 12:45:00+05:30,79890.88,79931.58,79830.1,79861.28,0,0
2024-12-02 13:15:00+05:30,79859.83,79935.77,79797.99,79928.04,0,0
2024-12-02 13:45:00+05:30,79928.04,80206.61,79871.77,80151.18,0,0
2024-12-02 14:15:00+05:30,80151.87,80332.46,80151.32,80317.1,0,0
2024-12-02 14:45:00+05:30,80314.12,80337.82,80185.76,80249.16,0,0
2024-12-02 15:15:00+05:30,80248.01,80262.68,80195.12,80253.78,0,0
2024-12-03 09:15:00+05:30,80529.2,80549.06,80244.78,80392.73,0,0
2024-12-03 09:45:00+05:30,80393.44,80498.22,80344.03,80458.52,0,0
2024-12-03 10:15:00+05:30,80456.35,80732.7,80456.33,80719.47,0,0
2024-12-03 10:45:00+05:30,80716.55,80778.34,80678.14,80752.8,0,0
2024-12-03 11:15:00+05:30,80752.8,80828.85,80749.05,80767.24,0,0
2024-12-03 11:45:00+05:30,80768.78,80853.57,80706.39,80758.35,0,0
2024-12-03 12:15:00+05:30,80758.21,80813.9,80644.59,80805.24,0,0
2024-12-03 12:45:00+05:30,80807.98,80821.48,80722.21,80722.58,0,0
2024-12-03 13:15:00+05:30,80725.68,80907.06,80693.02,80847.67,0,0
2024-12-03 13:45:00+05:30,80849.72,80921.47,80836.94,80890.61,0,0
2024-12-03 14:15:00+05:30,80891.21,80949.1,80817.03,80881.24,0,0
2024-12-03 14:45:00+05:30,80881.25,80930.33,80840.27,80875.41,0,0
2024-12-03 15:15:00+05:30,80873.79,80896.32,80788.43,80839.51,0,0
2024-12-04 09:15:00+05:30,81036.22,81202.18,80808.01,81202.16,0,0
2024-12-04 09:45:00+05:30,81202.43,81245.39,81143.69,81164.04,0,0
2024-12-04 10:15:00+05:30,81163.68,81197.76,81072.72,81141.54,0,0
2024-12-04 10:45:00+05:30,81137.14,81214.58,81090.28,81137.8,0,0
2024-12-04 11:15:00+05:30,81144.86,81225.81,81120.76,81196.13,0,0
2024-12-04 11:45:00+05:30,81195.94,81201.09,80630.53,80881.73,0,0
2024-12-04 12:15:00+05:30,80885.2,81031.02,80837.7,80855.3,0,0
2024-12-04 12:45:00+05:30,80856.18,80993.71,80851.67,80984.92,0,0
2024-12-04 13:15:00+05:30,80984.92,81146.52,80926.28,81101.69,0,0
2024-12-04 13:45:00+05:30,81094.82,81191.03,81075.49,81160.76,0,0
2024-12-04 14:15:00+05:30,81160.84,81177.52,80855.66,80966.43,0,0
2024-12-04 14:45:00+05:30,80964.76,80984.38,80814.89,80959.17,0,0
2024-12-04 15:15:00+05:30,80952.55,81004.34,80913.86,80937.79,0,0
2024-12-05 09:15:00+05:30,81182.74,81198.87,80970.8,81027.29,0,0
2024-12-05 09:45:00+05:30,81026.84,81042.61,80774.41,80777.59,0,0
2024-12-05 10:15:00+05:30,80785.66,80896.62,80700.11,80852.27,0,0
2024-12-05 10:45:00+05:30,80852.27,80918.04,80467.37,80693.36,0,0
2024-12-05 11:15:00+05:30,80692.31,80697.19,80596.78,80655.88,0,0
2024-12-05 11:45:00+05:30,80653.37,81488.22,80641.85,81433.99,0,0
2024-12-05 12:15:00+05:30,81436.02,81621.58,81422.54,81457.52,0,0
2024-12-05 12:45:00+05:30,81455.89,81572.57,81365.43,81551.04,0,0
2024-12-05 13:15:00+05:30,81561.62,81672.83,81392.72,81615.94,0,0
2024-12-05 13:45:00+05:30,81617.04,81982.24,81574.98,81918.32,0,0
2024-12-05 14:15:00+05:30,81917.24,82317.74,81913.74,82183.29,0,0
2024-12-05 14:45:00+05:30,82184.54,82219.88,81147.64,81944.0,0,0
2024-12-05 15:15:00+05:30,81944.48,81975.94,81757.76,81765.72,0,0
2024-12-06 09:15:00+05:30,81887.54,81905.03,81690.7,81825.88,0,0
2024-12-06 09:45:00+05:30,81824.28,81925.91,81529.33,81599.23,0,0
2024-12-06 10:15:00+05:30,81598.72,81878.83,81506.19,81859.41,0,0
2024-12-06 10:45:00+05:30,81860.06,81923.52,81757.36,81794.77,0,0
2024-12-06 11:15:00+05:30,81795.09,81797.78,81669.84,81747.1,0,0
2024-12-06 11:45:00+05:30,81746.39,81840.2,81689.26,81799.33,0,0
2024-12-06 12:15:00+05:30,81799.33,81844.51,81735.95,81831.64,0,0
2024-12-06 12:45:00+05:30,81831.96,81857.09,81772.48,81797.65,0,0
2024-12-06 13:15:00+05:30,81796.05,81806.9,81660.36,81719.38,0,0
2024-12-06 13:45:00+05:30,81721.26,81748.36,81676.85,81734.77,0,0
2024-12-06 14:15:00+05:30,81739.82,81751.34,81635.17,81673.48,0,0
2024-12-06 14:45:00+05:30,81679.65,81788.46,81628.12,81725.14,0,0
2024-12-06 15:15:00+05:30,81725.3,81750.97,81631.24,81674.43,0,0
2024-12-09 09:15:00+05:30,81602.58,81781.72,81479.88,81593.12,0,0
2024-12-09 09:45:00+05:30,81592.92,81686.48,81435.5,81437.94,0,0
2024-12-09 10:15:00+05:30,81438.55,81545.83,81411.55,81489.25,0,0
2024-12-09 10:45:00+05:30,81483.68,81617.88,81482.28,81609.58,0,0
2024-12-09 11:15:00+05:30,81609.45,81769.87,81588.34,81763.38,0,0
2024-12-09 11:45:00+05:30,81763.19,81783.28,81649.1,81667.6,0,0
2024-12-09 12:15:00+05:30,81668.4,81710.35,81533.21,81578.88,0,0
2024-12-09 12:45:00+05:30,81578.76,81627.35,81549.43,81627.23,0,0
2024-12-09 13:15:00+05:30,81627.53,81672.58,81560.93,81601.71,0,0
2024-12-09 13:45:00+05:30,81601.98,81642.43,81486.66,81521.1,0,0
2024-12-09 14:15:00+05:30,81522.66,81560.66,81452.86,81536.16,0,0
2024-12-09 14:45:00+05:30,81535.45,81600.61,81456.67,81480.56,0,0
2024-12-09 15:15:00+05:30,81476.17,81568.63,81467.68,81531.87,0,0
2024-12-10 09:15:00+05:30,81575.96,81620.45,81416.56,81588.72,0,0
2024-12-10 09:45:00+05:30,81589.46,81726.34,81566.35,81643.65,0,0
2024-12-10 10:15:00+05:30,81643.65,81682.13,81515.69,81534.68,0,0
2024-12-10 10:45:00+05:30,81534.09,81634.71,81533.99,81632.54,0,0
2024-12-10 11:15:00+05:30,81632.15,81658.42,81597.75,81644.82,0,0
2024-12-10 11:45:00+05:30,81645.55,81648.72,81537.18,81544.13,0,0
2024-12-10 12:15:00+05:30,81543.38,81543.98,81257.57,81313.53,0,0
2024-12-10 12:45:00+05:30,81313.45,81376.78,81295.68,81310.01,0,0
2024-12-10 13:15:00+05:30,81310.06,81370.06,81248.21,81257.33,0,0
2024-12-10 13:45:00+05:30,81257.04,81310.38,81182.69,81281.3,0,0
2024-12-10 14:15:00+05:30,81284.05,81354.47,81225.74,81275.14,0,0
2024-12-10 14:45:00+05:30,81275.14,81552.54,81267.47,81517.24,0,0
2024-12-10 15:15:00+05:30,81517.24,81576.4,81495.54,81546.71,0,0
2024-12-11 09:15:00+05:30,81568.39,81595.99,81466.93,81489.7,0,0
2024-12-11 09:45:00+05:30,81485.21,81583.57,81383.42,81536.34,0,0
2024-12-11 10:15:00+05:30,81536.34,81675.97,81439.83,81662.86,0,0
2024-12-11 10:45:00+05:30,81662.67,81689.9,81595.94,81636.71,0,0
2024-12-11 11:15:00+05:30,81635.87,81742.37,81593.13,81708.34,0,0
2024-12-11 11:45:00+05:30,81708.34,81722.42,81632.16,81639.76,0,0
2024-12-11 12:15:00+05:30,81639.76,81668.07,81503.31,81568.26,0,0
2024-12-11 12:45:00+05:30,81562.27,81622.02,81514.67,81611.46,0,0
2024-12-11 13:15:00+05:30,81611.22,81646.7,81561.01,81587.22,0,0
2024-12-11 13:45:00+05:30,81587.55,81643.28,81573.81,81615.17,0,0
2024-12-11 14:15:00+05:30,81615.17,81615.17,81505.39,81521.14,0,0
2024-12-11 14:45:00+05:30,81522.83,81582.69,81447.24,81564.79,0,0
2024-12-11 15:15:00+05:30,81563.87,81571.08,81492.77,81496.7,0,0
2024-12-12 09:15:00+05:30,81476.76,81680.97,81444.92,81611.93,0,0
2024-12-12 09:45:00+05:30,81615.95,81631.97,81493.75,81525.95,0,0
2024-12-12 10:15:00+05:30,81525.95,81545.33,81444.12,81483.97,0,0
2024-12-12 10:45:00+05:30,81484.3,81521.63,81423.92,81474.81,0,0
2024-12-12 11:15:00+05:30,81474.81,81491.45,81420.23,81455.13,0,0
2024-12-12 11:45:00+05:30,81455.03,81457.85,81299.22,81323.97,0,0
2024-12-12 12:15:00+05:30,81323.92,81381.73,81292.56,81365.46,0,0
2024-12-12 12:45:00+05:30,81365.53,81375.46,81328.83,81343.46,0,0
2024-12-12 13:15:00+05:30,81345.68,81359.65,81257.46,81351.38,0,0
2024-12-12 13:45:00+05:30,81354.39,81360.77,81261.04,81320.52,0,0
2024-12-12 14:15:00+05:30,81320.31,81359.4,81292.51,81307.24,0,0
2024-12-12 14:45:00+05:30,81307.99,81318.79,81211.64,81273.77,0,0
2024-12-12 15:15:00+05:30,81281.3,81332.22,81217.4,81263.84,0,0
2024-12-13 09:15:00+05:30,81212.45,81224.08,80712.63,80772.55,0,0
2024-12-13 09:45:00+05:30,80771.78,80798.71,80623.01,80659.23,0,0
2024-12-13 10:15:00+05:30,80659.75,80659.75,80111.41,80246.03,0,0
2024-12-13 10:45:00+05:30,80242.38,80601.72,80082.82,80411.35,0,0
2024-12-13 11:15:00+05:30,80413.96,80767.0,80369.48,80722.38,0,0
2024-12-13 11:45:00+05:30,80722.03,81492.28,80698.71,81395.1,0,0
2024-12-13 12:15:00+05:30,81396.04,81551.72,81249.58,81268.54,0,0
2024-12-13 12:45:00+05:30,81268.54,81803.22,81155.71,81631.39,0,0
2024-12-13 13:15:00+05:30,81631.39,81992.0,81422.98,81904.19,0,0
2024-12-13 13:45:00+05:30,81913.48,82039.82,81889.58,81931.0,0,0
2024-12-13 14:15:00+05:30,81931.98,82100.82,81925.3,81994.08,0,0
2024-12-13 14:45:00+05:30,81991.35,82192.61,81879.0,82121.25,0,0
2024-12-13 15:15:00+05:30,82124.51,82213.92,82075.04,82171.15,0,0
2024-12-16 09:15:00+05:30,82000.31,82105.65,81814.04,82045.07,0,0
2024-12-16 09:45:00+05:30,82044.19,82116.44,81916.88,81968.5,0,0
2024-12-16 10:15:00+05:30,81965.66,81974.52,81747.67,81810.26,0,0
2024-12-16 10:45:00+05:30,81811.59,81854.97,81648.61,81664.7,0,0
2024-12-16 11:15:00+05:30,81663.64,81778.67,81600.3,81694.06,0,0
2024-12-16 11:45:00+05:30,81694.06,81763.69,81576.01,81578.27,0,0
2024-12-16 12:15:00+05:30,81573.76,81719.54,81551.28,81704.71,0,0
2024-12-16 12:45:00+05:30,81705.59,81764.44,81661.29,81737.99,0,0
2024-12-16 13:15:00+05:30,81734.02,81791.07,81661.82,81727.55,0,0
2024-12-16 13:45:00+05:30,81728.17,81823.48,81663.77,81740.49,0,0
2024-12-16 14:15:00+05:30,81740.41,81817.06,81693.89,81816.89,0,0
2024-12-16 14:45:00+05:30,81817.07,81849.52,81723.2,81732.76,0,0
2024-12-16 15:15:00+05:30,81735.19,81762.46,81672.63,81697.29,0,0
2024-12-17 09:15:00+05:30,81511.81,81613.64,81384.58,81415.56,0,0
2024-12-17 09:45:00+05:30,81417.72,81418.71,81208.61,81267.02,0,0
2024-12-17 10:15:00+05:30,81274.54,81276.06,80818.03,81018.76,0,0
2024-12-17 10:45:00+05:30,81019.61,81180.69,80975.25,81097.72,0,0
2024-12-17 11:15:00+05:30,81100.39,81147.14,80781.5,80830.13,0,0
2024-12-17 11:45:00+05:30,80836.61,80869.53,80732.93,80789.59,0,0
2024-12-17 12:15:00+05:30,80787.08,81046.31,80718.66,80878.13,0,0
2024-12-17 12:45:00+05:30,80878.48,80980.39,80772.03,80772.03,0,0
2024-12-17 13:15:00+05:30,80770.63,80831.02,80639.97,80760.47,0,0
2024-12-17 13:45:00+05:30,80760.47,80856.12,80684.72,80695.11,0,0
2024-12-17 14:15:00+05:30,80695.19,80740.41,80612.95,80678.27,0,0
2024-12-17 14:45:00+05:30,80679.25,80784.67,80612.2,80708.51,0,0
2024-12-17 15:15:00+05:30,80706.9,80742.51,80631.26,80656.35,0,0
2024-12-18 09:15:00+05:30,80666.26,80835.32,80496.57,80834.01,0,0
2024-12-18 09:45:00+05:30,80835.3,80868.02,80313.02,80339.48,0,0
2024-12-18 10:15:00+05:30,80339.12,80552.97,80299.92,80547.05,0,0
2024-12-18 10:45:00+05:30,80547.41,80572.17,80223.05,80268.54,0,0
2024-12-18 11:15:00+05:30,80263.42,80401.69,80217.13,80305.51,0,0
2024-12-18 11:45:00+05:30,80305.51,80343.38,80241.27,80266.67,0,0
2024-12-18 12:15:00+05:30,80266.67,80306.04,80077.43,80100.5,0,0
2024-12-18 12:45:00+05:30,80099.89,80339.94,80050.07,80251.86,0,0
2024-12-18 13:15:00+05:30,80251.86,80296.64,80124.14,80126.35,0,0
2024-12-18 13:45:00+05:30,80128.24,80255.36,80104.33,80169.55,0,0
2024-12-18 14:15:00+05:30,80174.82,80220.74,80083.79,80131.4,0,0
2024-12-18 14:45:00+05:30,80131.6,80215.74,80103.18,80159.21,0,0
2024-12-18 15:15:00+05:30,80158.8,80253.17,80156.28,80231.83,0,0
2024-12-19 09:15:00+05:30,79029.03,79515.63,79020.08,79476.15,0,0
2024-12-19 09:45:00+05:30,79475.49,79516.17,79238.75,79271.77,0,0
2024-12-19 10:15:00+05:30,79269.88,79364.1,79225.96,79315.7,0,0
2024-12-19 10:45:00+05:30,79315.84,79323.53,79198.28,79221.78,0,0
2024-12-19 11:15:00+05:30,79222.31,79423.62,79222.31,79306.09,0,0
2024-12-19 11:45:00+05:30,79304.18,79377.21,79249.69,79376.92,0,0
2024-12-19 12:15:00+05:30,79375.32,79380.61,79285.61,79293.82,0,0
2024-12-19 12:45:00+05:30,79292.73,79317.64,79236.02,79299.95,0,0
2024-12-19 13:15:00+05:30,79299.37,79299.37,79185.66,79220.46,0,0
2024-12-19 13:45:00+05:30,79221.28,79299.4,79200.83,79267.03,0,0
2024-12-19 14:15:00+05:30,79268.47,79272.32,79183.26,79216.68,0,0
2024-12-19 14:45:00+05:30,79214.89,79273.84,79185.82,79207.99,0,0
2024-12-19 15:15:00+05:30,79211.33,79277.14,79170.43,79243.14,0,0
2024-12-20 09:15:00+05:30,79335.48,79587.15,78988.05,79506.77,0,0
2024-12-20 09:45:00+05:30,79517.74,79534.24,78673.68,78836.55,0,0
2024-12-20 10:15:00+05:30,78833.46,79198.69,78794.1,79130.67,0,0
2024-12-20 10:45:00+05:30,79130.67,79303.95,79027.32,79199.19,0,0
2024-12-20 11:15:00+05:30,79195.13,79199.45,78952.27,79031.45,0,0
2024-12-20 11:45:00+05:30,79031.91,79123.21,78938.25,78938.25,0,0
2024-12-20 12:15:00+05:30,78938.45,78938.45,78628.01,78637.62,0,0
2024-12-20 12:45:00+05:30,78634.38,78673.77,78398.84,78427.45,0,0
2024-12-20 13:15:00+05:30,78427.36,78546.89,78353.93,78403.72,0,0
2024-12-20 13:45:00+05:30,78403.05,78443.92,78317.29,78345.78,0,0
2024-12-20 14:15:00+05:30,78345.11,78439.11,78302.51,78344.56,0,0
2024-12-20 14:45:00+05:30,78344.4,78353.37,77874.59,77882.23,0,0
2024-12-20 15:15:00+05:30,77880.28,78211.49,77880.28,78211.49,0,0
2024-12-23 09:15:00+05:30,78488.64,78743.16,78438.67,78562.9,0,0
2024-12-23 09:45:00+05:30,78560.05,78744.95,78451.84,78645.3,0,0
2024-12-23 10:15:00+05:30,78645.47,78698.82,78534.38,78611.36,0,0
2024-12-23 10:45:00+05:30,78604.02,78865.37,78589.8,78826.31,0,0
2024-12-23 11:15:00+05:30,78826.31,78918.12,78794.09,78846.78,0,0
2024-12-23 11:45:00+05:30,78848.15,78883.46,78518.04,78588.99,0,0
2024-12-23 12:15:00+05:30,78585.02,78616.49,78394.97,78472.02,0,0
2024-12-23 12:45:00+05:30,78473.84,78487.69,78284.55,78307.31,0,0
2024-12-23 13:15:00+05:30,78307.66,78365.69,78189.19,78361.02,0,0
2024-12-23 13:45:00+05:30,78358.55,78387.32,78233.04,78352.8,0,0
2024-12-23 14:15:00+05:30,78352.64,78590.12,78333.38,78511.14,0,0
2024-12-23 14:45:00+05:30,78509.77,78567.96,78465.64,78555.33,0,0
2024-12-23 15:15:00+05:30,78555.21,78597.94,78502.92,78540.23,0,0
2024-12-24 09:15:00+05:30,78707.37,78732.2,78397.79,78486.58,0,0
2024-12-24 09:45:00+05:30,78487.39,78757.98,78471.77,78702.52,0,0
2024-12-24 10:15:00+05:30,78702.2,78877.36,78693.95,78751.97,0,0
2024-12-24 10:45:00+05:30,78752.0,78824.05,78724.62,78779.43,0,0
2024-12-24 11:15:00+05:30,78779.43,78844.01,78735.18,78789.29,0,0
2024-12-24 11:45:00+05:30,78792.01,78797.38,78657.08,78669.35,0,0
2024-12-24 12:15:00+05:30,78669.35,78706.18,78590.24,78695.73,0,0
2024-12-24 12:45:00+05:30,78695.79,78745.65,78611.4,78649.38,0,0
2024-12-24 13:15:00+05:30,78644.82,78671.77,78533.27,78547.45,0,0
2024-12-24 13:45:00+05:30,78546.14,78583.26,78477.41,78569.58,0,0
2024-12-24 14:15:00+05:30,78567.25,78572.15,78423.0,78507.19,0,0
2024-12-24 14:45:00+05:30,78506.87,78521.0,78423.76,78442.62,0,0
2024-12-24 15:15:00+05:30,78445.44,78545.29,78433.98,78453.02,0,0
2024-12-26 09:15:00+05:30,78557.28,78898.37,78556.29,78710.45,0,0
2024-12-26 09:45:00+05:30,78708.89,78733.05,78463.33,78481.08,0,0
2024-12-26 10:15:00+05:30,78483.44,78557.99,78423.13,78453.84,0,0
2024-12-26 10:45:00+05:30,78456.94,78527.97,78325.37,78523.28,0,0
2024-12-26 11:15:00+05:30,78523.79,78575.48,78459.29,78521.19,0,0
2024-12-26 11:45:00+05:30,78519.86,78578.35,78436.28,78442.07,0,0
2024-12-26 12:15:00+05:30,78437.93,78483.65,78432.61,78469.72,0,0
2024-12-26 12:45:00+05:30,78470.32,78506.02,78465.41,78475.79,0,0
2024-12-26 13:15:00+05:30,78474.82,78512.52,78173.38,78501.55,0,0
2024-12-26 13:45:00+05:30,78502.27,78549.36,78424.5,78465.75,0,0
2024-12-26 14:15:00+05:30,78465.46,78489.26,78421.02,78483.39,0,0
2024-12-26 14:45:00+05:30,78483.39,78514.24,78447.64,78496.48,0,0
2024-12-26 15:15:00+05:30,78492.16,78545.86,78440.18,78522.79,0,0
2024-12-27 09:15:00+05:30,78607.62,78830.54,78598.55,78817.87,0,0
2024-12-27 09:45:00+05:30,78818.74,79038.27,78818.74,79014.14,0,0
2024-12-27 10:15:00+05:30,79019.21,79043.15,78934.77,78961.66,0,0
2024-12-27 10:45:00+05:30,78962.81,78970.43,78883.81,78964.05,0,0
2024-12-27 11:15:00+05:30,78964.9,78967.36,78797.55,78844.46,0,0
2024-12-27 11:45:00+05:30,78844.55,78848.16,78760.72,78766.53,0,0
2024-12-27 12:15:00+05:30,78766.57,78799.75,78727.58,78773.46,0,0
2024-12-27 12:45:00+05:30,78773.46,78868.39,78737.82,78834.27,0,0
2024-12-27 13:15:00+05:30,78835.03,78839.66,78744.09,78816.57,0,0
2024-12-27 13:45:00+05:30,78818.81,78868.79,78757.78,78782.89,0,0
2024-12-27 14:15:00+05:30,78782.94,78801.14,78749.72,78781.1,0,0
2024-12-27 14:45:00+05:30,78783.04,78791.91,78643.71,78678.3,0,0
2024-12-27 15:15:00+05:30,78679.88,78794.77,78667.11,78730.32,0,0
2024-12-30 09:15:00+05:30,78637.58,78703.27,78395.5,78447.62,0,0
2024-12-30 09:45:00+05:30,78446.05,78641.1,78424.54,78637.16,0,0
2024-12-30 10:15:00+05:30,78636.7,78700.97,78569.42,78686.09,0,0
2024-12-30 10:45:00+05:30,78682.35,78835.3,78613.31,78661.46,0,0
2024-12-30 11:15:00+05:30,78661.46,78972.92,78648.43,78969.56,0,0
2024-12-30 11:45:00+05:30,78971.81,79092.7,78938.6,78997.65,0,0
2024-12-30 12:15:00+05:30,78998.42,79005.37,78533.04,78713.74,0,0
2024-12-30 12:45:00+05:30,78714.04,78768.24,78566.73,78603.42,0,0
2024-12-30 13:15:00+05:30,78603.51,78650.43,78278.17,78329.71,0,0
2024-12-30 13:45:00+05:30,78330.45,78332.41,78142.67,78153.69,0,0
2024-12-30 14:15:00+05:30,78153.69,78254.88,78101.7,78245.64,0,0
2024-12-30 14:45:00+05:30,78245.64,78410.53,78077.13,78151.65,0,0
2024-12-30 15:15:00+05:30,78154.07,78375.86,78151.63,78216.96,0,0
2024-12-31 09:15:00+05:30,77982.57,77997.49,77732.18,77768.54,0,0
2024-12-31 09:45:00+05:30,77765.41,77828.8,77560.79,77580.03,0,0
2024-12-31 10:15:00+05:30,77580.5,77866.92,77580.5,77847.88,0,0
2024-12-31 10:45:00+05:30,77848.71,78062.69,77765.97,78059.06,0,0
2024-12-31 11:15:00+05:30,78058.75,78080.78,77942.08,78080.78,0,0
2024-12-31 11:45:00+05:30,78080.72,78086.39,77922.96,77988.34,0,0
2024-12-31 12:15:00+05:30,77987.79,78089.58,77978.89,77998.44,0,0
2024-12-31 12:45:00+05:30,77996.91,78022.61,77950.93,77988.69,0,0
2024-12-31 13:15:00+05:30,77988.69,78233.73,77959.97,78160.9,0,0
2024-12-31 13:45:00+05:30,78161.68,78305.34,78144.74,78273.46,0,0
2024-12-31 14:15:00+05:30,78272.3,78273.08,78082.0,78158.07,0,0
2024-12-31 14:45:00+05:30,78157.95,78203.19,78079.32,78139.87,0,0
2024-12-31 15:15:00+05:30,78141.5,78226.47,78103.37,78226.47,0,0
2025-01-01 09:15:00+05:30,78265.07,78272.98,77989.08,78017.7,0,0
2025-01-01 09:45:00+05:30,78017.48,78181.6,77898.3,78128.71,0,0
2025-01-01 10:15:00+05:30,78125.59,78255.39,78094.52,78214.84,0,0
2025-01-01 10:45:00+05:30,78215.87,78565.08,78212.64,78542.75,0,0
2025-01-01 11:15:00+05:30,78541.28,78637.71,78357.49,78440.37,0,0
2025-01-01 11:45:00+05:30,78440.28,78482.55,78312.78,78426.72,0,0
2025-01-01 12:15:00+05:30,78426.91,78609.0,78416.99,78566.52,0,0
2025-01-01 12:45:00+05:30,78570.6,78620.82,78425.51,78442.74,0,0
2025-01-01 13:15:00+05:30,78443.31,78537.13,78437.85,78513.26,0,0
2025-01-01 13:45:00+05:30,78514.11,78756.49,78510.3,78649.8,0,0
2025-01-01 14:15:00+05:30,78650.28,78660.16,78573.59,78578.64,0,0
2025-01-01 14:45:00+05:30,78578.41,78581.46,78440.8,78495.45,0,0
2025-01-01 15:15:00+05:30,78496.27,78596.8,78475.2,78581.23,0,0
2025-01-02 09:15:00+05:30,78657.52,78822.46,78542.37,78780.62,0,0
2025-01-02 09:45:00+05:30,78783.84,78936.65,78683.02,78823.17,0,0
2025-01-02 10:15:00+05:30,78826.0,78997.9,78804.49,78967.04,0,0
2025-01-02 10:45:00+05:30,78967.32,79213.1,78950.22,79182.28,0,0
2025-01-02 11:15:00+05:30,79182.39,79263.26,79123.21,79200.33,0,0
2025-01-02 11:45:00+05:30,79199.46,79231.3,79083.87,79157.12,0,0
2025-01-02 12:15:00+05:30,79159.75,79592.5,79117.0,79527.93,0,0
2025-01-02 12:45:00+05:30,79528.16,79655.54,79480.95,79623.83,0,0
2025-01-02 13:15:00+05:30,79624.37,79827.0,79618.56,79819.3,0,0
2025-01-02 13:45:00+05:30,79819.3,79832.1,79698.87,79788.63,0,0
2025-01-02 14:15:00+05:30,79788.23,79922.32,79782.35,79887.51,0,0
2025-01-02 14:45:00+05:30,79890.45,80032.87,79859.38,79917.0,0,0
2025-01-02 15:15:00+05:30,79915.61,79961.11,79874.54,79905.08,0,0
2025-01-03 09:15:00+05:30,80072.99,80072.99,79506.22,79510.8,0,0
2025-01-03 09:45:00+05:30,79507.44,79611.45,79366.88,79401.41,0,0
2025-01-03 10:15:00+05:30,79404.04,79516.04,79291.55,79343.96,0,0
2025-01-03 10:45:00+05:30,79346.91,79480.73,79274.77,79478.97,0,0
2025-01-03 11:15:00+05:30,79478.16,79757.42,79449.74,79700.99,0,0
2025-01-03 11:45:00+05:30,79701.35,79747.31,79580.63,79631.58,0,0
2025-01-03 12:15:00+05:30,79629.58,79629.58,79404.14,79482.06,0,0
2025-01-03 12:45:00+05:30,79481.35,79616.38,79437.73,79562.53,0,0
2025-01-03 13:15:00+05:30,79556.02,79593.94,79437.62,79499.52,0,0
2025-01-03 13:45:00+05:30,79498.48,79505.75,79280.99,79307.45,0,0
2025-01-03 14:15:00+05:30,79306.97,79377.13,79266.64,79331.06,0,0
2025-01-03 14:45:00+05:30,79333.23,79377.54,79147.32,79243.79,0,0
2025-01-03 15:15:00+05:30,79236.49,79282.91,79109.73,79167.83,0,0
2025-01-06 09:15:00+05:30,79281.65,79532.67,79123.44,79129.14,0,0
2025-01-06 09:45:00+05:30,79122.2,79384.4,79004.93,79367.59,0,0
2025-01-06 10:15:00+05:30,79375.45,79458.2,78840.21,78842.2,0,0
2025-01-06 10:45:00+05:30,78845.55,78845.55,78382.4,78440.18,0,0
2025-01-06 11:15:00+05:30,78439.17,78595.17,78316.53,78319.49,0,0
2025-01-06 11:45:00+05:30,78321.14,78340.53,77959.95,78327.42,0,0
2025-01-06 12:15:00+05:30,78323.29,78460.7,78159.04,78367.8,0,0
2025-01-06 12:45:00+05:30,78367.77,78487.88,78257.99,78283.27,0,0
2025-01-06 13:15:00+05:30,78282.77,78283.06,77991.22,78075.09,0,0
2025-01-06 13:45:00+05:30,78074.62,78130.96,77920.91,78000.85,0,0
2025-01-06 14:15:00+05:30,78002.82,78111.77,77781.62,77852.24,0,0
2025-01-06 14:45:00+05:30,77849.9,78080.46,77845.08,77871.23,0,0
2025-01-06 15:15:00+05:30,77863.9,78060.63,77860.75,78014.27,0,0
2025-01-07 09:15:00+05:30,78019.8,78452.74,78019.8,78417.78,0,0
2025-01-07 09:45:00+05:30,78423.03,78430.29,77925.09,78259.12,0,0
2025-01-07 10:15:00+05:30,78269.94,78334.41,78164.42,78267.85,0,0
2025-01-07 10:45:00+05:30,78267.68,78344.75,78164.82,78226.7,0,0
2025-01-07 11:15:00+05:30,78228.26,78344.45,78180.6,78270.23,0,0
2025-01-07 11:45:00+05:30,78269.05,78301.3,78180.94,78196.14,0,0
2025-01-07 12:15:00+05:30,78200.42,78251.4,78161.77,78243.3,0,0
2025-01-07 12:45:00+05:30,78245.36,78269.21,78199.59,78231.08,0,0
2025-01-07 13:15:00+05:30,78231.47,78339.44,78203.29,78241.98,0,0
2025-01-07 13:45:00+05:30,78240.77,78270.04,78061.62,78170.99,0,0
2025-01-07 14:15:00+05:30,78168.66,78217.51,78092.47,78107.09,0,0
2025-01-07 14:45:00+05:30,78106.89,78275.82,78070.19,78174.82,0,0
2025-01-07 15:15:00+05:30,78170.95,78196.21,78119.44,78130.11,0,0
2025-01-08 09:15:00+05:30,78319.45,78319.45,77899.89,77984.29,0,0
2025-01-08 09:45:00+05:30,77984.31,78124.64,77898.16,78052.43,0,0
2025-01-08 10:15:00+05:30,78057.7,78102.55,77640.08,77643.88,0,0
2025-01-08 10:45:00+05:30,77646.61,77768.25,77631.33,77729.33,0,0
2025-01-08 11:15:00+05:30,77733.27,77837.9,77610.21,77740.47,0,0
2025-01-08 11:45:00+05:30,77739.84,77740.96,77571.08,77572.68,0,0
2025-01-08 12:15:00+05:30,77573.14,77675.09,77486.79,77585.48,0,0
2025-01-08 12:45:00+05:30,77586.76,77656.0,77553.01,77607.91,0,0
2025-01-08 13:15:00+05:30,77607.13,77966.48,77581.03,77951.79,0,0
2025-01-08 13:45:00+05:30,77953.47,78180.97,77938.08,78158.27,0,0
2025-01-08 14:15:00+05:30,78160.17,78267.6,78012.89,78170.34,0,0
2025-01-08 14:45:00+05:30,78169.23,78248.22,78070.5,78208.16,0,0
2025-01-08 15:15:00+05:30,78208.42,78214.21,78140.25,78141.06,0,0
2025-01-09 09:15:00+05:30,78206.21,78206.21,77846.43,77880.99,0,0
2025-01-09 09:45:00+05:30,77882.47,78004.32,77865.12,77982.55,0,0
2025-01-09 10:15:00+05:30,77981.57,78035.77,77899.58,77902.68,0,0
2025-01-09 10:45:00+05:30,77902.68,77907.12,77668.72,77740.4,0,0
2025-01-09 11:15:00+05:30,77741.86,77778.32,77694.48,77717.9,0,0
2025-01-09 11:45:00+05:30,77717.74,77759.38,77663.33,77743.25,0,0
2025-01-09 12:15:00+05:30,77741.81,77929.04,77694.86,77737.48,0,0
2025-01-09 12:45:00+05:30,77734.7,77750.55,77624.95,77654.92,0,0
2025-01-09 13:15:00+05:30,77657.83,77672.19,77595.55,77617.96,0,0
2025-01-09 13:45:00+05:30,77620.51,77676.46,77576.77,77652.24,0,0
2025-01-09 14:15:00+05:30,77650.55,77664.88,77575.06,77589.27,0,0
2025-01-09 14:45:00+05:30,77589.09,77645.29,77542.92,77618.15,0,0
2025-01-09 15:15:00+05:30,77615.18,77709.47,77577.33,77681.27,0,0
2025-01-10 09:15:00+05:30,77682.59,77890.97,77362.79,77527.74,0,0
2025-01-10 09:45:00+05:30,77521.5,77521.5,77099.55,77237.26,0,0
2025-01-10 10:15:00+05:30,77236.29,77428.54,77234.6,77417.19,0,0
2025-01-10 10:45:00+05:30,77416.66,77770.66,77383.75,77770.66,0,0
2025-01-10 11:15:00+05:30,77770.28,77919.7,77630.23,77630.23,0,0
2025-01-10 11:45:00+05:30,77631.21,77778.45,77540.83,77683.7,0,0
2025-01-10 12:15:00+05:30,77683.25,77816.0,77606.75,77705.49,0,0
2025-01-10 12:45:00+05:30,77705.77,77744.9,77661.23,77665.14,0,0
2025-01-10 13:15:00+05:30,77664.85,77714.49,77562.73,77630.13,0,0
2025-01-10 13:45:00+05:30,77629.91,77710.7,77443.3,77444.03,0,0
2025-01-10 14:15:00+05:30,77441.67,77452.8,77294.04,77373.3,0,0
2025-01-10 14:45:00+05:30,77373.32,77417.0,77273.44,77330.5,0,0
2025-01-10 15:15:00+05:30,77322.12,77450.59,77320.85,77422.4,0,0
2025-01-13 09:15:00+05:30,76629.9,76846.99,76535.24,76786.41,0,0
2025-01-13 09:45:00+05:30,76785.41,76898.69,76624.42,76893.23,0,0
2025-01-13 10:15:00+05:30,76914.72,77128.35,76878.08,77009.15,0,0
2025-01-13 10:45:00+05:30,77008.86,77113.11,76900.5,76959.27,0,0
2025-01-13 11:15:00+05:30,76962.94,77025.15,76741.57,76815.74,0,0
2025-01-13 11:45:00+05:30,76815.74,76892.44,76729.76,76762.0,0,0
2025-01-13 12:15:00+05:30,76763.12,76798.33,76675.54,76771.64,0,0
2025-01-13 12:45:00+05:30,76767.0,76767.72,76594.49,76613.71,0,0
2025-01-13 13:15:00+05:30,76614.28,76656.2,76543.69,76562.47,0,0
2025-01-13 13:45:00+05:30,76567.58,76583.73,76408.48,76455.7,0,0
2025-01-13 14:15:00+05:30,76466.97,76517.3,76249.72,76340.35,0,0
2025-01-13 14:45:00+05:30,76341.38,76440.31,76269.47,76365.15,0,0
2025-01-13 15:15:00+05:30,76364.98,76393.95,76318.17,76347.26,0,0
2025-01-14 09:15:00+05:30,76335.75,76779.49,76335.75,76663.79,0,0
2025-01-14 09:45:00+05:30,76660.49,76751.83,76532.83,76574.39,0,0
2025-01-14 10:15:00+05:30,76574.64,76662.41,76517.57,76655.72,0,0
2025-01-14 10:45:00+05:30,76655.72,76835.4,76640.34,76824.95,0,0
2025-01-14 11:15:00+05:30,76827.29,76835.61,76635.22,76647.62,0,0
2025-01-14 11:45:00+05:30,76647.58,76659.56,76568.82,76602.27,0,0
2025-01-14 12:15:00+05:30,76604.01,76619.67,76531.49,76604.43,0,0
2025-01-14 12:45:00+05:30,76602.07,76648.76,76480.58,76530.13,0,0
2025-01-14 13:15:00+05:30,76531.72,76559.0,76495.39,76514.54,0,0
2025-01-14 13:45:00+05:30,76514.54,76614.97,76486.66,76595.91,0,0
2025-01-14 14:15:00+05:30,76596.87,76632.64,76512.9,76552.71,0,0
2025-01-14 14:45:00+05:30,76551.84,76608.2,76448.65,76514.13,0,0
2025-01-14 15:15:00+05:30,76514.09,76689.28,76492.77,76670.02,0,0
2025-01-15 09:15:00+05:30,76900.14,76901.16,76555.94,76669.77,0,0
2025-01-15 09:45:00+05:30,76670.21,76773.6,76612.47,76742.39,0,0
2025-01-15 10:15:00+05:30,76745.57,76915.88,76744.02,76913.7,0,0
2025-01-15 10:45:00+05:30,76913.73,76991.05,76789.61,76847.01,0,0
2025-01-15 11:15:00+05:30,76847.01,76875.04,76689.26,76726.05,0,0
2025-01-15 11:45:00+05:30,76726.05,76822.26,76720.0,76729.57,0,0
2025-01-15 12:15:00+05:30,76729.71,76825.16,76669.74,76813.13,0,0
2025-01-15 12:45:00+05:30,76815.86,76869.88,76729.74,76732.85,0,0
2025-01-15 13:15:00+05:30,76731.44,76731.44,76479.7,76543.61,0,0
2025-01-15 13:45:00+05:30,76546.17,76636.89,76499.45,76604.79,0,0
2025-01-15 14:15:00+05:30,76604.59,76729.31,76547.22,76707.86,0,0
2025-01-15 14:45:00+05:30,76707.86,76759.32,76661.8,76729.84,0,0
2025-01-15 15:15:00+05:30,76730.02,76778.56,76659.84,76774.13,0,0
2025-01-16 09:15:00+05:30,77319.5,77319.5,77014.15,77027.64,0,0
2025-01-16 09:45:00+05:30,77024.38,77035.63,76932.02,76988.02,0,0
2025-01-16 10:15:00+05:30,76987.12,77037.99,76969.14,77012.54,0,0
2025-01-16 10:45:00+05:30,77007.65,77013.11,76895.51,76942.66,0,0
2025-01-16 11:15:00+05:30,76940.59,77022.63,76908.97,77009.43,0,0
2025-01-16 11:45:00+05:30,77010.71,77017.96,76969.19,76982.56,0,0
2025-01-16 12:15:00+05:30,76980.98,77026.5,76957.15,77024.86,0,0
2025-01-16 12:45:00+05:30,77024.86,77095.77,77019.14,77068.89,0,0
2025-01-16 13:15:00+05:30,77069.43,77087.32,77035.45,77053.54,0,0
2025-01-16 13:45:00+05:30,77051.64,77088.58,77041.02,77070.96,0,0
2025-01-16 14:15:00+05:30,77072.46,77072.46,76920.28,76970.18,0,0
2025-01-16 14:45:00+05:30,76970.98,77037.69,76940.32,76998.93,0,0
2025-01-16 15:15:00+05:30,76998.88,77159.27,76985.65,77151.11,0,0
2025-01-17 09:15:00+05:30,77069.19,77069.19,76511.81,76590.93,0,0
2025-01-17 09:45:00+05:30,76588.76,76722.49,76565.03,76597.69,0,0
2025-01-17 10:15:00+05:30,76597.87,76793.34,76584.82,76605.14,0,0
2025-01-17 10:45:00+05:30,76599.89,76599.89,76263.29,76374.38,0,0
2025-01-17 11:15:00+05:30,76377.0,76518.57,76363.36,76459.33,0,0
2025-01-17 11:45:00+05:30,76457.94,76649.88,76388.58,76643.67,0,0
2025-01-17 12:15:00+05:30,76644.84,76812.99,76600.42,76689.13,0,0
2025-01-17 12:45:00+05:30,76685.63,76739.07,76616.06,76619.41,0,0
2025-01-17 13:15:00+05:30,76615.46,76635.01,76498.73,76567.67,0,0
2025-01-17 13:45:00+05:30,76567.67,76644.09,76541.51,76617.76,0,0
2025-01-17 14:15:00+05:30,76614.44,76731.1,76593.3,76725.06,0,0
2025-01-17 14:45:00+05:30,76726.39,76760.12,76589.55,76616.11,0,0
2025-01-17 15:15:00+05:30,76615.29,76658.07,76597.16,76628.38,0,0
2025-01-20 09:15:00+05:30,76978.53,77017.54,76584.84,76718.32,0,0
2025-01-20 09:45:00+05:30,76723.34,76799.43,76654.82,76768.39,0,0
2025-01-20 10:15:00+05:30,76767.66,76900.24,76763.92,76881.56,0,0
2025-01-20 10:45:00+05:30,76884.79,76936.93,76830.02,76905.44,0,0
2025-01-20 11:15:00+05:30,76908.94,77257.81,76907.78,77245.54,0,0
2025-01-20 11:45:00+05:30,77249.85,77266.29,77145.75,77182.26,0,0
2025-01-20 12:15:00+05:30,77181.96,77269.52,77120.35,77152.18,0,0
2025-01-20 12:45:00+05:30,77153.04,77243.09,77110.02,77227.51,0,0
2025-01-20 13:15:00+05:30,77227.4,77318.94,77133.48,77153.1,0,0
2025-01-20 13:45:00+05:30,77152.75,77191.13,77115.96,77184.17,0,0
2025-01-20 14:15:00+05:30,77185.14,77220.86,77110.35,77191.77,0,0
2025-01-20 14:45:00+05:30,77191.77,77219.33,77119.21,77138.69,0,0
2025-01-20 15:15:00+05:30,77136.79,77137.77,76970.95,77021.25,0,0
2025-01-21 09:15:00+05:30,77261.72,77297.72,76866.73,76897.29,0,0
2025-01-21 09:45:00+05:30,76896.06,76989.12,76648.07,76688.5,0,0
2025-01-21 10:15:00+05:30,76689.38,76694.91,76224.79,76394.7,0,0
2025-01-21 10:45:00+05:30,76393.25,76477.99,76242.48,76330.63,0,0
2025-01-21 11:15:00+05:30,76331.22,76483.87,76288.68,76457.7,0,0
2025-01-21 11:45:00+05:30,76459.08,77337.36,76459.08,76778.36,0,0
2025-01-21 12:15:00+05:30,76764.56,76764.56,76137.83,76302.87,0,0
2025-01-21 12:45:00+05:30,76297.32,76809.31,76287.85,76661.79,0,0
2025-01-21 13:15:00+05:30,76662.12,76814.98,76217.28,76684.91,0,0
2025-01-21 13:45:00+05:30,76683.42,76697.51,76402.45,76481.11,0,0
2025-01-21 14:15:00+05:30,76478.34,76489.92,75641.87,75812.49,0,0
2025-01-21 14:45:00+05:30,75810.68,75958.54,75741.02,75869.88,0,0
2025-01-21 15:15:00+05:30,75869.85,76018.85,75868.22,76001.46,0,0
2025-01-22 09:15:00+05:30,76114.42,76247.55,76001.95,76066.42,0,0
2025-01-22 09:45:00+05:30,76061.85,76242.41,76014.02,76180.6,0,0
2025-01-22 10:15:00+05:30,76182.96,76248.38,76107.11,76171.04,0,0
2025-01-22 10:45:00+05:30,76174.83,76280.85,76056.54,76065.16,0,0
2025-01-22 11:15:00+05:30,76065.16,76141.46,76010.07,76047.08,0,0
2025-01-22 11:45:00+05:30,76044.0,76083.52,75915.32,75986.24,0,0
2025-01-22 12:15:00+05:30,75987.51,76042.51,75851.49,75969.25,0,0
2025-01-22 12:45:00+05:30,75971.31,75996.39,75862.22,75993.57,0,0
2025-01-22 13:15:00+05:30,75996.16,76002.07,75816.5,75823.03,0,0
2025-01-22 13:45:00+05:30,75824.07,76150.59,75821.6,76099.29,0,0
2025-01-22 14:15:00+05:30,76109.99,76338.3,76067.89,76305.5,0,0
2025-01-22 14:45:00+05:30,76311.35,76458.61,76232.13,76442.18,0,0
2025-01-22 15:15:00+05:30,76444.1,76461.47,76380.41,76449.53,0,0
2025-01-23 09:15:00+05:30,76414.52,76549.45,76202.12,76549.29,0,0
2025-01-23 09:45:00+05:30,76541.37,76650.29,76507.43,76607.26,0,0
2025-01-23 10:15:00+05:30,76604.86,76673.23,76594.4,76656.17,0,0
2025-01-23 10:45:00+05:30,76660.18,76669.03,76530.24,76591.85,0,0
2025-01-23 11:15:00+05:30,76590.75,76647.69,76560.86,76577.8,0,0
2025-01-23 11:45:00+05:30,76578.65,76619.29,76529.97,76617.36,0,0
2025-01-23 12:15:00+05:30,76614.89,76743.54,76579.76,76678.68,0,0
2025-01-23 12:45:00+05:30,76675.42,76680.56,76602.93,76653.06,0,0
2025-01-23 13:15:00+05:30,76653.32,76677.2,76602.17,76674.44,0,0
2025-01-23 13:45:00+05:30,76673.77,76681.19,76568.99,76623.65,0,0
2025-01-23 14:15:00+05:30,76626.98,76631.38,76539.86,76583.2,0,0
2025-01-23 14:45:00+05:30,76582.34,76591.61,76502.33,76510.45,0,0
2025-01-23 15:15:00+05:30,76508.0,76561.77,76473.91,76561.69,0,0
2025-01-24 09:15:00+05:30,76455.35,76802.73,76454.18,76607.97,0,0
2025-01-24 09:45:00+05:30,76607.96,76663.66,76321.82,76382.99,0,0
2025-01-24 10:15:00+05:30,76381.47,76609.98,76225.26,76569.11,0,0
2025-01-24 10:45:00+05:30,76568.86,76823.37,76526.04,76796.15,0,0
2025-01-24 11:15:00+05:30,76797.4,76914.8,76708.66,76914.8,0,0
2025-01-24 11:45:00+05:30,76915.79,76985.95,76810.02,76834.04,0,0
2025-01-24 12:15:00+05:30,76832.0,76909.76,76584.84,76584.84,0,0
2025-01-24 12:45:00+05:30,76588.53,76638.9,76434.23,76589.01,0,0
2025-01-24 13:15:00+05:30,76594.14,76594.14,76368.68,76414.03,0,0
2025-01-24 13:45:00+05:30,76414.03,76586.55,76355.91,76355.91,0,0
2025-01-24 14:15:00+05:30,76355.91,76427.65,76118.7,76166.38,0,0
2025-01-24 14:45:00+05:30,76170.38,76247.15,76091.75,76159.17,0,0
2025-01-24 15:15:00+05:30,76159.25,76239.36,76159.25,76216.65,0,0
2025-01-27 09:15:00+05:30,75700.43,75925.72,75545.93,75889.64,0,0
2025-01-27 09:45:00+05:30,75889.52,75909.72,75783.77,75824.02,0,0
2025-01-27 10:15:00+05:30,75818.07,75818.07,75348.06,75463.17,0,0
2025-01-27 10:45:00+05:30,75464.48,75538.91,75396.38,75485.85,0,0
2025-01-27 11:15:00+05:30,75484.41,75610.35,75464.93,75491.36,0,0
2025-01-27 11:45:00+05:30,75493.68,75701.3,75469.97,75505.3,0,0
2025-01-27 12:15:00+05:30,75505.88,75709.73,75470.6,75475.88,0,0
2025-01-27 12:45:00+05:30,75479.8,75528.18,75405.84,75528.18,0,0
2025-01-27 13:15:00+05:30,75523.62,75547.19,75352.53,75464.7,0,0
2025-01-27 13:45:00+05:30,75463.97,75504.97,75335.17,75377.35,0,0
2025-01-27 14:15:00+05:30,75377.04,75440.89,75284.52,75312.67,0,0
2025-01-27 14:45:00+05:30,75314.38,75422.75,75267.59,75391.01,0,0
2025-01-27 15:15:00+05:30,75391.36,75398.09,75325.09,75352.03,0,0
2025-01-28 09:15:00+05:30,75659.0,75847.91,75622.88,75658.89,0,0
2025-01-28 09:45:00+05:30,75657.56,75850.87,75646.84,75718.35,0,0
2025-01-28 10:15:00+05:30,75719.53,75824.96,75652.0,75726.91,0,0
2025-01-28 10:45:00+05:30,75725.02,76075.07,75709.98,75976.94,0,0
2025-01-28 11:15:00+05:30,75975.95,76181.29,75923.76,76093.32,0,0
2025-01-28 11:45:00+05:30,76092.72,76193.59,76016.81,76175.17,0,0
2025-01-28 12:15:00+05:30,76173.27,76213.85,76092.73,76128.73,0,0
2025-01-28 12:45:00+05:30,76129.41,76287.55,76119.21,76284.7,0,0
2025-01-28 13:15:00+05:30,76283.89,76306.66,76165.56,76201.28,0,0
2025-01-28 13:45:00+05:30,76201.07,76293.65,76196.52,76209.71,0,0
2025-01-28 14:15:00+05:30,76210.29,76512.96,76210.29,76461.36,0,0
2025-01-28 14:45:00+05:30,76464.11,76467.68,75765.23,75959.33,0,0
2025-01-28 15:15:00+05:30,75957.36,76008.16,75897.67,75969.75,0,0
2025-01-29 09:15:00+05:30,76138.24,76257.28,75983.53,76158.08,0,0
2025-01-29 09:45:00+05:30,76155.04,76324.61,76103.53,76241.76,0,0
2025-01-29 10:15:00+05:30,76241.33,76361.9,76187.98,76270.9,0,0
2025-01-29 10:45:00+05:30,76269.96,76420.97,76241.54,76265.29,0,0
2025-01-29 11:15:00+05:30,76270.88,76416.73,75975.8,76299.68,0,0
2025-01-29 11:45:00+05:30,76299.68,76424.56,76299.68,76398.07,0,0
2025-01-29 12:15:00+05:30,76397.82,76549.63,76385.21,76409.28,0,0
2025-01-29 12:45:00+05:30,76409.67,76471.64,76295.09,76369.17,0,0
2025-01-29 13:15:00+05:30,76368.37,76544.86,76368.37,76479.09,0,0
2025-01-29 13:45:00+05:30,76478.91,76585.14,76469.99,76574.86,0,0
2025-01-29 14:15:00+05:30,76574.96,76589.93,76400.69,76491.84,0,0
2025-01-29 14:45:00+05:30,76493.71,76556.62,76441.02,76542.0,0,0
2025-01-29 15:15:00+05:30,76538.83,76599.73,76512.84,76557.89,0,0
2025-01-30 09:15:00+05:30,76598.84,76604.28,76426.83,76577.35,0,0
2025-01-30 09:45:00+05:30,76572.93,76874.4,76562.7,76782.61,0,0
2025-01-30 10:15:00+05:30,76782.58,76898.63,76764.3,76874.22,0,0
2025-01-30 10:45:00+05:30,76873.23,76877.78,76635.64,76836.75,0,0
2025-01-30 11:15:00+05:30,76838.51,76863.5,76648.12,76701.74,0,0
2025-01-30 11:45:00+05:30,76703.41,76834.78,76697.42,76753.26,0,0
2025-01-30 12:15:00+05:30,76752.7,76847.77,76677.67,76815.58,0,0
2025-01-30 12:45:00+05:30,76815.22,76827.31,76740.34,76789.75,0,0
2025-01-30 13:15:00+05:30,76789.27,76794.99,76651.81,76686.89,0,0
2025-01-30 13:45:00+05:30,76690.02,76690.02,76430.66,76507.84,0,0
2025-01-30 14:15:00+05:30,76506.55,76565.84,76401.13,76509.57,0,0
2025-01-30 14:45:00+05:30,76508.37,76778.12,76435.53,76755.9,0,0
2025-01-30 15:15:00+05:30,76757.97,76962.88,76738.65,76887.85,0,0
2025-01-31 09:15:00+05:30,76888.89,77020.19,76833.87,77008.34,0,0
2025-01-31 09:45:00+05:30,77012.51,77195.53,76919.45,77005.37,0,0
2025-01-31 10:15:00+05:30,77006.06,77221.09,76962.6,77202.69,0,0
2025-01-31 10:45:00+05:30,77204.11,77284.17,77167.66,77209.83,0,0
2025-01-31 11:15:00+05:30,77210.44,77290.49,77110.69,77151.08,0,0
2025-01-31 11:45:00+05:30,77154.05,77294.01,77143.98,77268.25,0,0
2025-01-31 12:15:00+05:30,77267.38,77380.14,77202.61,77352.99,0,0
2025-01-31 12:45:00+05:30,77351.0,77475.18,77319.39,77460.53,0,0
2025-01-31 13:15:00+05:30,77460.28,77549.92,77443.95,77486.17,0,0
2025-01-31 13:45:00+05:30,77486.23,77495.99,77246.49,77294.89,0,0
2025-01-31 14:15:00+05:30,77299.34,77416.75,77233.3,77412.16,0,0
2025-01-31 14:45:00+05:30,77413.42,77517.4,77388.38,77504.32,0,0
2025-01-31 15:15:00+05:30,77502.88,77605.96,77437.83,77565.79,0,0
2025-02-01 09:15:00+05:30,77645.8,77832.05,77437.51,77690.91,0,0
2025-02-01 09:45:00+05:30,77689.21,77786.4,77627.05,77674.54,0,0
2025-02-01 10:15:00+05:30,77675.74,77785.65,77654.96,77746.15,0,0
2025-02-01 10:45:00+05:30,77745.82,77792.05,77588.52,77744.72,0,0
2025-02-01 11:15:00+05:30,77746.28,77899.05,77689.48,77847.24,0,0
2025-02-01 11:45:00+05:30,77848.34,77854.56,77007.55,77271.03,0,0
2025-02-01 12:15:00+05:30,77279.72,77630.49,77015.39,77277.37,0,0
2025-02-01 12:45:00+05:30,77287.45,77356.15,77028.56,77206.65,0,0
2025-02-01 13:15:00+05:30,77208.78,77535.48,77095.37,77524.54,0,0
2025-02-01 13:45:00+05:30,77528.6,77650.07,77447.46,77606.36,0,0
2025-02-01 14:15:00+05:30,77605.64,77715.14,77440.13,77500.88,0,0
2025-02-01 14:45:00+05:30,77490.47,77612.43,77489.32,77506.29,0,0
2025-02-01 15:15:00+05:30,77506.17,77605.62,77448.39,77584.54,0,0
2025-02-03 09:15:00+05:30,77063.94,77128.57,76774.05,76893.12,0,0
2025-02-03 09:45:00+05:30,76892.09,76908.18,76756.09,76877.34,0,0
2025-02-03 10:15:00+05:30,76873.21,77054.69,76801.75,77040.47,0,0
2025-02-03 10:45:00+05:30,77040.67,77090.18,76975.01,77075.96,0,0
2025-02-03 11:15:00+05:30,77076.05,77138.19,76873.8,76922.35,0,0
2025-02-03 11:45:00+05:30,76922.74,77042.81,76906.11,77036.31,0,0
2025-02-03 12:15:00+05:30,77035.73,77035.73,76948.45,76964.77,0,0
2025-02-03 12:45:00+05:30,76966.16,77247.47,76918.69,77246.49,0,0
2025-02-03 13:15:00+05:30,77244.82,77260.37,77119.1,77199.39,0,0
2025-02-03 13:45:00+05:30,77199.39,77224.26,77058.53,77180.1,0,0
2025-02-03 14:15:00+05:30,77178.83,77222.01,77147.2,77167.87,0,0
2025-02-03 14:45:00+05:30,77167.91,77235.52,77088.76,77196.51,0,0
2025-02-03 15:15:00+05:30,77200.62,77207.81,77146.66,77186.29,0,0
2025-02-04 09:15:00+05:30,77687.6,77931.68,77516.99,77930.09,0,0
2025-02-04 09:45:00+05:30,77927.65,77951.81,77709.17,77717.13,0,0
2025-02-04 10:15:00+05:30,77716.88,77793.99,77402.37,77531.8,0,0
2025-02-04 10:45:00+05:30,77533.64,77671.52,77460.51,77670.19,0,0
2025-02-04 11:15:00+05:30,77670.54,77843.47,77654.09,77776.25,0,0
2025-02-04 11:45:00+05:30,77773.54,78048.66,77747.32,77874.87,0,0
2025-02-04 12:15:00+05:30,77873.96,78034.98,77870.51,77987.25,0,0
2025-02-04 12:45:00+05:30,77988.01,78149.97,77946.9,78149.33,0,0
2025-02-04 13:15:00+05:30,78149.49,78343.41,78102.72,78278.6,0,0
2025-02-04 13:45:00+05:30,78277.24,78424.26,78123.43,78213.81,0,0
2025-02-04 14:15:00+05:30,78198.01,78413.97,78168.71,78383.38,0,0
2025-02-04 14:45:00+05:30,78384.36,78658.59,78330.86,78564.28,0,0
2025-02-04 15:15:00+05:30,78563.2,78573.79,78376.92,78398.67,0,0
2025-02-05 09:15:00+05:30,78704.6,78735.41,78526.53,78673.59,0,0
2025-02-05 09:45:00+05:30,78677.32,78680.95,78423.38,78474.04,0,0
2025-02-05 10:15:00+05:30,78476.71,78558.98,78406.55,78546.54,0,0
2025-02-05 10:45:00+05:30,78547.73,78567.71,78375.89,78383.5,0,0
2025-02-05 11:15:00+05:30,78390.54,78469.24,78328.04,78414.25,0,0
2025-02-05 11:45:00+05:30,78415.07,78475.7,78360.82,78386.24,0,0
2025-02-05 12:15:00+05:30,78386.76,78450.51,78368.92,78394.21,0,0
2025-02-05 12:45:00+05:30,78394.21,78477.33,78333.53,78474.62,0,0
2025-02-05 13:15:00+05:30,78474.62,78488.17,78390.32,78405.37,0,0
2025-02-05 13:45:00+05:30,78405.37,78518.14,78389.95,78419.0,0,0
2025-02-05 14:15:00+05:30,78419.02,78461.17,78395.99,78417.72,0,0
2025-02-05 14:45:00+05:30,78420.73,78421.25,78226.26,78284.11,0,0
2025-02-05 15:15:00+05:30,78279.03,78291.43,78216.25,78264.59,0,0
2025-02-06 09:15:00+05:30,78513.36,78551.66,78121.42,78158.77,0,0
2025-02-06 09:45:00+05:30,78158.1,78210.98,78064.46,78078.06,0,0
2025-02-06 10:15:00+05:30,78078.71,78144.39,78057.37,78122.19,0,0
2025-02-06 10:45:00+05:30,78123.13,78126.04,77968.43,78006.04,0,0
2025-02-06 11:15:00+05:30,78006.31,78017.85,77926.58,77996.56,0,0
2025-02-06 11:45:00+05:30,77996.35,78042.09,77976.25,78032.81,0,0
2025-02-06 12:15:00+05:30,78035.75,78061.34,77952.38,77976.17,0,0
2025-02-06 12:45:00+05:30,77976.17,77989.83,77876.92,77898.57,0,0
2025-02-06 13:15:00+05:30,77900.56,77966.46,77887.04,77918.16,0,0
2025-02-06 13:45:00+05:30,77918.16,77932.78,77845.67,77899.93,0,0
2025-02-06 14:15:00+05:30,77896.92,77948.57,77843.99,77920.69,0,0
2025-02-06 14:45:00+05:30,77919.07,78068.01,77882.47,78020.65,0,0
2025-02-06 15:15:00+05:30,78020.69,78149.6,78004.91,78133.8,0,0
2025-02-07 09:15:00+05:30,78119.6,78356.98,77948.31,78082.22,0,0
2025-02-07 09:45:00+05:30,78080.58,78284.93,77983.06,78109.74,0,0
2025-02-07 10:15:00+05:30,78110.46,78143.08,77730.37,77944.0,0,0
2025-02-07 10:45:00+05:30,77943.65,78107.58,77871.22,78072.45,0,0
2025-02-07 11:15:00+05:30,78069.04,78304.65,78045.98,78275.48,0,0
2025-02-07 11:45:00+05:30,78276.83,78285.46,77910.72,77915.33,0,0
2025-02-07 12:15:00+05:30,77909.46,78021.73,77853.94,77904.82,0,0
2025-02-07 12:45:00+05:30,77904.82,77931.02,77791.82,77818.52,0,0
2025-02-07 13:15:00+05:30,77818.52,77936.94,77800.52,77858.83,0,0
2025-02-07 13:45:00+05:30,77858.5,77876.96,77494.7,77529.12,0,0
2025-02-07 14:15:00+05:30,77528.93,77617.71,77475.74,77529.77,0,0
2025-02-07 14:45:00+05:30,77528.69,77903.72,77505.53,77896.11,0,0
2025-02-07 15:15:00+05:30,77895.72,77951.11,77832.83,77846.55,0,0
2025-02-10 09:15:00+05:30,77789.3,77849.58,77396.82,77432.85,0,0
2025-02-10 09:45:00+05:30,77426.73,77543.95,77215.57,77248.35,0,0
2025-02-10 10:15:00+05:30,77244.43,77365.91,77189.04,77328.02,0,0
2025-02-10 10:45:00+05:30,77325.18,77349.67,77240.74,77341.89,0,0
2025-02-10 11:15:00+05:30,77343.24,77368.21,77252.14,77315.97,0,0
2025-02-10 11:45:00+05:30,77316.86,77332.56,77156.3,77174.59,0,0
2025-02-10 12:15:00+05:30,77174.19,77244.69,77158.06,77229.6,0,0
2025-02-10 12:45:00+05:30,77230.52,77243.71,77173.48,77192.61,0,0
2025-02-10 13:15:00+05:30,77193.48,77205.87,77106.89,77185.16,0,0
2025-02-10 13:45:00+05:30,77185.08,77282.28,77144.7,77147.72,0,0
2025-02-10 14:15:00+05:30,77147.72,77323.26,77118.49,77279.71,0,0
2025-02-10 14:45:00+05:30,77278.06,77398.46,77239.67,77334.6,0,0
2025-02-10 15:15:00+05:30,77335.6,77339.35,77275.87,77302.21,0,0
2025-02-11 09:15:00+05:30,77384.98,77387.28,77061.05,77187.01,0,0
2025-02-11 09:45:00+05:30,77184.75,77190.53,76958.4,76972.73,0,0
2025-02-11 10:15:00+05:30,76970.5,77037.44,76930.73,76930.73,0,0
2025-02-11 10:45:00+05:30,76929.6,77028.49,76908.81,77001.24,0,0
2025-02-11 11:15:00+05:30,77001.73,77070.81,76934.57,76964.48,0,0
2025-02-11 11:45:00+05:30,76965.61,76972.69,76907.65,76921.81,0,0
2025-02-11 12:15:00+05:30,76922.12,76935.05,76885.22,76891.89,0,0
2025-02-11 12:45:00+05:30,76894.76,76899.95,76177.21,76189.54,0,0
2025-02-11 13:15:00+05:30,76188.34,76400.9,76149.53,76313.55,0,0
2025-02-11 13:45:00+05:30,76312.36,76327.94,76030.59,76250.96,0,0
2025-02-11 14:15:00+05:30,76251.63,76263.73,76103.53,76157.25,0,0
2025-02-11 14:45:00+05:30,76161.62,76475.32,76161.62,76302.33,0,0
2025-02-11 15:15:00+05:30,76302.17,76330.62,76275.54,76295.35,0,0
2025-02-12 09:15:00+05:30,76188.24,76409.27,75702.47,75743.32,0,0
2025-02-12 09:45:00+05:30,75746.41,75755.83,75430.7,75493.03,0,0
2025-02-12 10:15:00+05:30,75495.44,75755.9,75388.39,75600.67,0,0
2025-02-12 10:45:00+05:30,75594.54,75842.87,75594.15,75770.89,0,0
2025-02-12 11:15:00+05:30,75768.59,76001.97,75662.14,76001.97,0,0
2025-02-12 11:45:00+05:30,76001.74,76260.6,75918.91,76126.27,0,0
2025-02-12 12:15:00+05:30,76126.66,76247.45,75982.62,76129.99,0,0
2025-02-12 12:45:00+05:30,76136.97,76369.91,76136.97,76342.45,0,0
2025-02-12 13:15:00+05:30,76342.45,76459.72,76229.36,76350.76,0,0
2025-02-12 13:45:00+05:30,76351.37,76351.37,75926.0,76051.8,0,0
2025-02-12 14:15:00+05:30,76042.77,76101.91,75900.34,76011.12,0,0
2025-02-12 14:45:00+05:30,76010.54,76230.19,75935.98,76196.6,0,0
2025-02-12 15:15:00+05:30,76195.13,76244.52,76168.21,76238.33,0,0
2025-02-13 09:15:00+05:30,76201.1,76446.86,76013.43,76395.55,0,0
2025-02-13 09:45:00+05:30,76403.17,76626.82,76402.55,76571.44,0,0
2025-02-13 10:15:00+05:30,76571.64,76687.64,76462.35,76633.75,0,0
2025-02-13 10:45:00+05:30,76633.34,76663.02,76517.22,76583.48,0,0
2025-02-13 11:15:00+05:30,76587.66,76730.75,76580.23,76719.66,0,0
2025-02-13 11:45:00+05:30,76720.77,76764.53,76619.8,76649.01,0,0
2025-02-13 12:15:00+05:30,76650.15,76680.03,76592.82,76642.47,0,0
2025-02-13 12:45:00+05:30,76639.36,76681.37,76516.78,76518.06,0,0
2025-02-13 13:15:00+05:30,76513.65,76586.74,76209.0,76295.42,0,0
2025-02-13 13:45:00+05:30,76294.29,76342.08,76143.21,76218.22,0,0
2025-02-13 14:15:00+05:30,76218.64,76263.41,76044.26,76096.42,0,0
2025-02-13 14:45:00+05:30,76094.58,76247.21,76076.69,76144.64,0,0
2025-02-13 15:15:00+05:30,76143.4,76179.53,76075.1,76092.39,0,0
2025-02-14 09:15:00+05:30,76388.99,76483.06,76110.87,76229.56,0,0
2025-02-14 09:45:00+05:30,76220.53,76392.44,76154.03,76261.93,0,0
2025-02-14 10:15:00+05:30,76265.1,76383.91,75826.77,75848.93,0,0
2025-02-14 10:45:00+05:30,75842.73,75866.55,75588.86,75774.4,0,0
2025-02-14 11:15:00+05:30,75770.8,75812.45,75637.21,75811.28,0,0
2025-02-14 11:45:00+05:30,75812.57,75874.85,75530.59,75604.75,0,0
2025-02-14 12:15:00+05:30,75606.39,75714.64,75532.87,75625.0,0,0
2025-02-14 12:45:00+05:30,75632.28,75679.11,75439.64,75546.39,0,0
2025-02-14 13:15:00+05:30,75545.77,75671.16,75513.92,75554.18,0,0
2025-02-14 13:45:00+05:30,75555.82,75578.15,75470.79,75543.99,0,0
2025-02-14 14:15:00+05:30,75545.17,76059.85,75545.17,76037.36,0,0
2025-02-14 14:45:00+05:30,76036.55,76048.41,75854.44,75971.37,0,0
2025-02-14 15:15:00+05:30,75970.38,75974.79,75804.2,75863.04,0,0
2025-02-17 09:15:00+05:30,75641.41,75730.01,75294.76,75433.45,0,0
2025-02-17 09:45:00+05:30,75430.7,75535.98,75315.49,75409.04,0,0
2025-02-17 10:15:00+05:30,75408.16,75856.45,75364.69,75856.45,0,0
2025-02-17 10:45:00+05:30,75859.07,75895.26,75509.75,75531.76,0,0
2025-02-17 11:15:00+05:30,75530.42,75683.27,75518.23,75680.15,0,0
2025-02-17 11:45:00+05:30,75682.91,75795.12,75592.72,75592.72,0,0
2025-02-17 12:15:00+05:30,75595.44,75674.74,75512.58,75662.9,0,0
2025-02-17 12:45:00+05:30,75665.08,75819.44,75640.0,75650.61,0,0
2025-02-17 13:15:00+05:30,75650.61,76023.73,75621.44,75970.45,0,0
2025-02-17 13:45:00+05:30,75969.67,75975.08,75763.06,75773.78,0,0
2025-02-17 14:15:00+05:30,75775.2,75894.41,75764.85,75838.56,0,0
2025-02-17 14:45:00+05:30,75837.51,76019.49,75797.44,76014.87,0,0
2025-02-17 15:15:00+05:30,76013.58,76041.96,75979.45,76007.68,0,0
2025-02-18 09:15:00+05:30,76073.71,76073.71,75778.95,75942.05,0,0
2025-02-18 09:45:00+05:30,75941.97,76091.69,75840.37,75846.42,0,0
2025-02-18 10:15:00+05:30,75844.86,75880.06,75576.51,75657.54,0,0
2025-02-18 10:45:00+05:30,75656.07,75759.52,75531.01,75564.5,0,0
2025-02-18 11:15:00+05:30,75564.57,75748.17,75544.81,75746.2,0,0
2025-02-18 11:45:00+05:30,75746.85,75836.27,75639.23,75732.54,0,0
2025-02-18 12:15:00+05:30,75732.19,75894.91,75714.6,75806.37,0,0
2025-02-18 12:45:00+05:30,75801.7,75830.72,75685.71,75788.09,0,0
2025-02-18 13:15:00+05:30,75788.66,75981.67,75788.46,75970.7,0,0
2025-02-18 13:45:00+05:30,75970.41,75971.39,75848.11,75921.68,0,0
2025-02-18 14:15:00+05:30,75925.0,76030.66,75900.12,75992.91,0,0
2025-02-18 14:45:00+05:30,75994.12,76076.11,75926.29,76007.93,0,0
2025-02-18 15:15:00+05:30,76010.86,76013.12,75882.82,75901.34,0,0
2025-02-19 09:15:00+05:30,75787.27,75891.98,75581.38,75891.98,0,0
2025-02-19 09:45:00+05:30,75893.42,76146.64,75892.79,76112.24,0,0
2025-02-19 10:15:00+05:30,76119.84,76338.58,76116.82,76253.68,0,0
2025-02-19 10:45:00+05:30,76253.96,76263.65,75950.32,76103.0,0,0
2025-02-19 11:15:00+05:30,76103.62,76164.67,76033.6,76064.12,0,0
2025-02-19 11:45:00+05:30,76064.47,76232.15,76061.73,76205.58,0,0
2025-02-19 12:15:00+05:30,76199.27,76265.35,75985.93,76021.17,0,0
2025-02-19 12:45:00+05:30,76021.17,76041.52,75917.27,75997.39,0,0
2025-02-19 13:15:00+05:30,75996.88,76044.95,75927.18,75983.07,0,0
2025-02-19 13:45:00+05:30,75982.18,76024.61,75942.85,75999.47,0,0
2025-02-19 14:15:00+05:30,75999.47,76004.29,75716.09,75797.9,0,0
2025-02-19 14:45:00+05:30,75797.9,76004.92,75789.69,75967.47,0,0
2025-02-19 15:15:00+05:30,75967.14,75968.83,75863.29,75874.53,0,0
2025-02-20 09:15:00+05:30,75672.84,75741.17,75546.17,75679.76,0,0
2025-02-20 09:45:00+05:30,75679.26,75708.04,75463.01,75645.59,0,0
2025-02-20 10:15:00+05:30,75651.26,75770.26,75644.63,75688.6,0,0
2025-02-20 10:45:00+05:30,75690.5,75785.27,75670.91,75780.08,0,0
2025-02-20 11:15:00+05:30,75774.41,75794.15,75728.72,75754.47,0,0
2025-02-20 11:45:00+05:30,75756.32,75759.5,75680.77,75715.91,0,0
2025-02-20 12:15:00+05:30,75711.42,75763.64,75694.36,75744.15,0,0
2025-02-20 12:45:00+05:30,75744.11,75760.02,75650.79,75671.37,0,0
2025-02-20 13:15:00+05:30,75671.57,75732.53,75657.26,75723.62,0,0
2025-02-20 13:45:00+05:30,75723.62,75769.95,75676.04,75681.06,0,0
2025-02-20 14:15:00+05:30,75681.03,75746.5,75681.03,75738.59,0,0
2025-02-20 14:45:00+05:30,75744.3,75770.11,75696.49,75742.28,0,0
2025-02-20 15:15:00+05:30,75744.47,75772.85,75715.82,75715.82,0,0
2025-02-21 09:15:00+05:30,75612.61,75748.72,75500.97,75520.52,0,0
2025-02-21 09:45:00+05:30,75518.47,75538.84,75271.05,75274.87,0,0
2025-02-21 10:15:00+05:30,75272.15,75368.83,75200.09,75314.32,0,0
2025-02-21 10:45:00+05:30,75320.5,75353.33,75175.97,75260.38,0,0
2025-02-21 11:15:00+05:30,75260.42,75404.82,75198.6,75355.49,0,0
2025-02-21 11:45:00+05:30,75352.73,75373.5,75277.64,75296.99,0,0
2025-02-21 12:15:00+05:30,75295.83,75422.73,75295.83,75394.31,0,0
2025-02-21 12:45:00+05:30,75390.68,75403.59,75223.37,75281.01,0,0
2025-02-21 13:15:00+05:30,75280.66,75296.93,75112.41,75150.36,0,0
2025-02-21 13:45:00+05:30,75150.82,75285.72,75113.24,75283.75,0,0
2025-02-21 14:15:00+05:30,75284.6,75308.4,75199.41,75287.03,0,0
2025-02-21 14:45:00+05:30,75284.41,75392.13,75262.1,75379.28,0,0
2025-02-21 15:15:00+05:30,75379.01,75387.49,75237.4,75248.29,0,0
2025-02-24 09:15:00+05:30,74893.45,74907.04,74554.29,74572.31,0,0
2025-02-24 09:45:00+05:30,74573.41,74659.18,74541.63,74582.74,0,0
2025-02-24 10:15:00+05:30,74581.75,74603.83,74503.39,74533.46,0,0
2025-02-24 10:45:00+05:30,74532.35,74597.81,74493.97,74559.91,0,0
2025-02-24 11:15:00+05:30,74559.17,74670.37,74521.36,74670.37,0,0
2025-02-24 11:45:00+05:30,74671.29,74698.62,74508.97,74518.84,0,0
2025-02-24 12:15:00+05:30,74518.84,74583.63,74496.07,74520.27,0,0
2025-02-24 12:45:00+05:30,74520.27,74602.18,74517.96,74549.03,0,0
2025-02-24 13:15:00+05:30,74549.22,74570.99,74401.93,74426.27,0,0
2025-02-24 13:45:00+05:30,74425.9,74469.47,74387.44,74445.72,0,0
2025-02-24 14:15:00+05:30,74445.63,74567.42,74411.46,74542.56,0,0
2025-02-24 14:45:00+05:30,74543.0,74596.14,74437.52,74468.96,0,0
2025-02-24 15:15:00+05:30,74469.88,74498.08,74426.22,74456.83,0,0
2025-02-25 09:15:00+05:30,74440.3,74757.97,74400.37,74737.76,0,0
2025-02-25 09:45:00+05:30,74731.54,74785.08,74667.36,74723.47,0,0
2025-02-25 10:15:00+05:30,74724.36,74735.45,74616.25,74691.19,0,0
2025-02-25 10:45:00+05:30,74691.0,74694.62,74591.76,74624.33,0,0
2025-02-25 11:15:00+05:30,74624.73,74642.61,74563.42,74632.79,0,0
2025-02-25 11:45:00+05:30,74632.88,74683.96,74585.21,74670.3,0,0
2025-02-25 12:15:00+05:30,74670.97,74698.25,74618.53,74628.03,0,0
2025-02-25 12:45:00+05:30,74628.16,74723.76,74617.86,74714.14,0,0
2025-02-25 13:15:00+05:30,74714.02,74721.95,74656.13,74699.77,0,0
2025-02-25 13:45:00+05:30,74700.18,74735.77,74659.4,74686.17,0,0
2025-02-25 14:15:00+05:30,74686.54,74703.57,74664.99,74678.63,0,0
2025-02-25 14:45:00+05:30,74678.38,74695.61,74563.79,74582.99,0,0
2025-02-25 15:15:00+05:30,74584.67,74610.89,74474.34,74506.01,0,0
2025-02-27 09:15:00+05:30,74706.6,74834.09,74557.8,74640.98,0,0
2025-02-27 09:45:00+05:30,74642.01,74672.0,74570.59,74609.27,0,0
2025-02-27 10:15:00+05:30,74618.18,74648.89,74556.41,74641.54,0,0
2025-02-27 10:45:00+05:30,74641.84,74676.86,74594.45,74627.51,0,0
2025-02-27 11:15:00+05:30,74628.63,74655.02,74586.18,74602.27,0,0
2025-02-27 11:45:00+05:30,74598.14,74631.4,74572.2,74607.49,0,0
2025-02-27 12:15:00+05:30,74606.41,74626.51,74570.05,74596.54,0,0
2025-02-27 12:45:00+05:30,74596.54,74636.98,74589.77,74598.02,0,0
2025-02-27 13:15:00+05:30,74597.37,74633.0,74589.14,74620.72,0,0
2025-02-27 13:45:00+05:30,74620.72,74674.12,74618.42,74663.59,0,0
2025-02-27 14:15:00+05:30,74664.22,74688.54,74614.83,74636.67,0,0
2025-02-27 14:45:00+05:30,74636.43,74686.12,74597.02,74602.79,0,0
2025-02-27 15:15:00+05:30,74610.61,74636.73,74520.78,74564.78,0,0
2025-02-28 09:15:00+05:30,74201.77,74282.43,73626.89,73669.55,0,0
2025-02-28 09:45:00+05:30,73659.48,73737.68,73579.44,73705.67,0,0
2025-02-28 10:15:00+05:30,73709.79,73799.14,73693.37,73757.18,0,0
2025-02-28 10:45:00+05:30,73760.82,73780.69,73609.45,73644.42,0,0
2025-02-28 11:15:00+05:30,73643.37,73734.35,73602.96,73614.93,0,0
2025-02-28 11:45:00+05:30,73612.25,73624.62,73538.95,73565.66,0,0
2025-02-28 12:15:00+05:30,73565.5,73664.68,73375.72,73386.05,0,0
2025-02-28 12:45:00+05:30,73386.48,73415.71,73159.6,73233.43,0,0
2025-02-28 13:15:00+05:30,73234.15,73283.13,73177.31,73206.66,0,0
2025-02-28 13:45:00+05:30,73208.24,73324.37,73182.44,73259.9,0,0
2025-02-28 14:15:00+05:30,73257.17,73355.69,73226.57,73351.75,0,0
2025-02-28 14:45:00+05:30,73357.2,73425.48,73211.46,73250.74,0,0
2025-02-28 15:15:00+05:30,73249.83,73255.84,73141.27,73193.89,0,0
2025-03-03 09:15:00+05:30,73427.65,73649.72,73171.75,73174.56,0,0
2025-03-03 09:45:00+05:30,73176.62,73188.37,72797.04,72834.0,0,0
2025-03-03 10:15:00+05:30,72832.54,73055.64,72832.38,72903.18,0,0
2025-03-03 10:45:00+05:30,72899.46,73017.17,72784.54,72866.49,0,0
2025-03-03 11:15:00+05:30,72858.23,72911.21,72784.8,72825.8,0,0
2025-03-03 11:45:00+05:30,72829.62,72969.82,72799.18,72969.7,0,0
2025-03-03 12:15:00+05:30,72969.7,73133.64,72918.29,73085.3,0,0
2025-03-03 12:45:00+05:30,73089.26,73224.51,73078.27,73216.64,0,0
2025-03-03 13:15:00+05:30,73217.34,73284.87,73037.98,73109.26,0,0
2025-03-03 13:45:00+05:30,73109.26,73209.2,72939.38,73098.18,0,0
2025-03-03 14:15:00+05:30,73096.6,73195.5,73026.73,73162.31,0,0
2025-03-03 14:45:00+05:30,73162.31,73173.06,73048.96,73100.74,0,0
2025-03-03 15:15:00+05:30,73102.74,73188.65,73060.09,73177.0,0,0
2025-03-04 09:15:00+05:30,72817.34,72946.8,72633.54,72874.02,0,0
2025-03-04 09:45:00+05:30,72868.33,73008.41,72778.84,72875.11,0,0
2025-03-04 10:15:00+05:30,72875.44,72961.54,72838.38,72889.07,0,0
2025-03-04 10:45:00+05:30,72886.8,73029.84,72879.37,72974.2,0,0
2025-03-04 11:15:00+05:30,72974.2,72989.15,72910.23,72945.69,0,0
2025-03-04 11:45:00+05:30,72942.01,72949.72,72871.64,72917.95,0,0
2025-03-04 12:15:00+05:30,72918.4,72957.84,72888.19,72914.68,0,0
2025-03-04 12:45:00+05:30,72914.72,72935.36,72844.96,72913.84,0,0
2025-03-04 13:15:00+05:30,72913.84,72945.75,72863.2,72884.01,0,0
2025-03-04 13:45:00+05:30,72884.28,73027.98,72864.98,72979.36,0,0
2025-03-04 14:15:00+05:30,72978.27,73016.44,72949.91,72973.88,0,0
2025-03-04 14:45:00+05:30,72974.49,73033.18,72946.81,72993.49,0,0
2025-03-04 15:15:00+05:30,72993.45,73021.2,72910.19,72992.68,0,0
2025-03-05 09:15:00+05:30,73005.37,73535.56,72894.05,73498.39,0,0
2025-03-05 09:45:00+05:30,73494.25,73575.83,73429.83,73456.87,0,0
2025-03-05 10:15:00+05:30,73460.56,73586.96,73365.18,73578.28,0,0
2025-03-05 10:45:00+05:30,73578.93,73609.26,73519.11,73579.64,0,0
2025-03-05 11:15:00+05:30,73580.9,73733.7,73563.78,73733.55,0,0
2025-03-05 11:45:00+05:30,73732.26,73848.49,73728.44,73802.86,0,0
2025-03-05 12:15:00+05:30,73810.18,73933.8,73790.44,73868.85,0,0
2025-03-05 12:45:00+05:30,73869.77,73883.58,73746.83,73787.63,0,0
2025-03-05 13:15:00+05:30,73787.63,73824.46,73629.06,73662.4,0,0
2025-03-05 13:45:00+05:30,73658.51,73736.16,73648.64,73694.47,0,0
2025-03-05 14:15:00+05:30,73695.77,73744.58,73580.74,73726.68,0,0
2025-03-05 14:45:00+05:30,73726.81,73770.44,73686.78,73718.17,0,0
2025-03-05 15:15:00+05:30,73716.93,73781.5,73681.07,73771.38,0,0
2025-03-06 09:15:00+05:30,74308.3,74308.59,73599.89,73617.08,0,0
2025-03-06 09:45:00+05:30,73618.15,73799.01,73415.68,73703.75,0,0
2025-03-06 10:15:00+05:30,73704.77,73831.53,73680.22,73812.43,0,0
2025-03-06 10:45:00+05:30,73812.51,74052.54,73767.03,74023.55,0,0
2025-03-06 11:15:00+05:30,74023.55,74026.39,73663.71,73811.26,0,0
2025-03-06 11:45:00+05:30,73811.84,73964.85,73807.21,73924.46,0,0
2025-03-06 12:15:00+05:30,73924.41,74072.02,73919.34,74033.17,0,0
2025-03-06 12:45:00+05:30,74033.65,74139.54,73985.58,74083.69,0,0
2025-03-06 13:15:00+05:30,74083.42,74158.38,74042.09,74132.75,0,0
2025-03-06 13:45:00+05:30,74133.44,74259.89,74128.19,74236.23,0,0
2025-03-06 14:15:00+05:30,74236.16,74351.69,74165.77,74340.34,0,0
2025-03-06 14:45:00+05:30,74340.49,74390.8,74299.89,74375.14,0,0
2025-03-06 15:15:00+05:30,74376.13,74390.4,74288.06,74322.33,0,0
2025-03-07 09:15:00+05:30,74347.14,74379.54,74038.03,74145.87,0,0
2025-03-07 09:45:00+05:30,74148.55,74483.53,74072.39,74482.7,0,0
2025-03-07 10:15:00+05:30,74485.89,74562.37,74427.98,74459.33,0,0
2025-03-07 10:45:00+05:30,74459.33,74549.93,74374.06,74540.48,0,0
2025-03-07 11:15:00+05:30,74537.67,74586.43,74439.87,74480.13,0,0
2025-03-07 11:45:00+05:30,74475.75,74485.24,74224.62,74250.76,0,0
2025-03-07 12:15:00+05:30,74251.14,74431.48,74198.55,74405.31,0,0
2025-03-07 12:45:00+05:30,74405.31,74418.67,74270.94,74304.39,0,0
2025-03-07 13:15:00+05:30,74304.84,74413.92,74304.84,74399.9,0,0
2025-03-07 13:45:00+05:30,74400.37,74402.41,74245.73,74351.47,0,0
2025-03-07 14:15:00+05:30,74351.39,74470.34,74345.2,74467.15,0,0
2025-03-07 14:45:00+05:30,74462.19,74516.11,74348.12,74360.89,0,0
2025-03-07 15:15:00+05:30,74361.0,74368.78,74261.51,74308.99,0,0
2025-03-10 09:15:00+05:30,74474.98,74659.82,74156.0,74657.46,0,0
2025-03-10 09:45:00+05:30,74659.59,74741.25,74577.84,74602.64,0,0
2025-03-10 10:15:00+05:30,74602.41,74653.74,74531.05,74653.56,0,0
2025-03-10 10:45:00+05:30,74653.56,74683.79,74556.32,74571.04,0,0
2025-03-10 11:15:00+05:30,74569.38,74646.07,74540.13,74626.98,0,0
2025-03-10 11:45:00+05:30,74624.92,74630.84,74470.8,74482.87,0,0
2025-03-10 12:15:00+05:30,74482.74,74548.23,74430.53,74501.26,0,0
2025-03-10 12:45:00+05:30,74501.04,74590.53,74465.43,74553.04,0,0
2025-03-10 13:15:00+05:30,74553.04,74560.36,74417.5,74417.5,0,0
2025-03-10 13:45:00+05:30,74420.79,74436.4,74339.86,74409.11,0,0
2025-03-10 14:15:00+05:30,74413.54,74413.54,74050.24,74066.95,0,0
2025-03-10 14:45:00+05:30,74066.95,74206.6,74031.93,74188.26,0,0
2025-03-10 15:15:00+05:30,74187.82,74193.93,74022.24,74046.99,0,0
2025-03-11 09:15:00+05:30,73743.88,73854.19,73663.6,73764.89,0,0
2025-03-11 09:45:00+05:30,73762.08,73924.57,73721.87,73924.57,0,0
2025-03-11 10:15:00+05:30,73923.4,73991.03,73823.28,73973.59,0,0
2025-03-11 10:45:00+05:30,73968.76,74095.46,73883.68,73990.8,0,0
2025-03-11 11:15:00+05:30,73992.5,73998.81,73903.45,73925.23,0,0
2025-03-11 11:45:00+05:30,73925.23,73977.5,73887.18,73926.05,0,0
2025-03-11 12:15:00+05:30,73928.35,74044.43,73903.28,74012.76,0,0
2025-03-11 12:45:00+05:30,74010.33,74028.2,73946.41,73997.97,0,0
2025-03-11 13:15:00+05:30,73997.38,74081.65,73982.44,74070.21,0,0
2025-03-11 13:45:00+05:30,74070.21,74173.01,74065.36,74140.88,0,0
2025-03-11 14:15:00+05:30,74138.94,74178.4,74072.25,74086.61,0,0
2025-03-11 14:45:00+05:30,74086.9,74174.79,74026.8,74118.17,0,0
2025-03-11 15:15:00+05:30,74121.26,74195.17,74095.26,74160.96,0,0
2025-03-12 09:15:00+05:30,74270.81,74392.15,73998.35,74098.99,0,0
2025-03-12 09:45:00+05:30,74099.96,74191.42,73883.69,73885.72,0,0
2025-03-12 10:15:00+05:30,73885.36,74012.63,73862.57,73964.48,0,0
2025-03-12 10:45:00+05:30,73961.78,73975.06,73814.25,73883.36,0,0
2025-03-12 11:15:00+05:30,73882.41,73890.25,73627.62,73671.35,0,0
2025-03-12 11:45:00+05:30,73668.76,73707.56,73598.16,73705.25,0,0
2025-03-12 12:15:00+05:30,73705.23,73769.77,73645.32,73658.48,0,0
2025-03-12 12:45:00+05:30,73658.7,73829.16,73618.65,73823.37,0,0
2025-03-12 13:15:00+05:30,73823.43,73952.95,73823.43,73846.19,0,0
2025-03-12 13:45:00+05:30,73849.09,73952.24,73792.37,73944.92,0,0
2025-03-12 14:15:00+05:30,73942.25,74060.07,73937.3,73966.57,0,0
2025-03-12 14:45:00+05:30,73967.28,74128.77,73964.02,74048.29,0,0
2025-03-12 15:15:00+05:30,74048.93,74075.94,73985.38,74049.65,0,0
2025-03-13 09:15:00+05:30,74392.54,74401.11,74046.43,74129.45,0,0
2025-03-13 09:45:00+05:30,74132.51,74314.02,74117.52,74291.17,0,0
2025-03-13 10:15:00+05:30,74290.72,74349.41,74211.88,74228.33,0,0
2025-03-13 10:45:00+05:30,74229.15,74254.5,74099.42,74254.35,0,0
2025-03-13 11:15:00+05:30,74254.29,74254.68,73951.37,73980.37,0,0
2025-03-13 11:45:00+05:30,73978.5,74017.91,73898.1,73997.25,0,0
2025-03-13 12:15:00+05:30,73997.25,74036.04,73969.75,74019.13,0,0
2025-03-13 12:45:00+05:30,74019.13,74063.58,73944.93,73962.19,0,0
2025-03-13 13:15:00+05:30,73961.99,74023.29,73944.47,73993.86,0,0
2025-03-13 13:45:00+05:30,73993.86,74032.63,73930.76,73952.95,0,0
2025-03-13 14:15:00+05:30,73952.95,73958.29,73826.86,73843.21,0,0
2025-03-13 14:45:00+05:30,73846.08,73860.04,73770.59,73854.2,0,0
2025-03-13 15:15:00+05:30,73853.86,73883.96,73776.29,73776.29,0,0
2025-03-17 09:15:00+05:30,73830.03,74376.35,73796.06,74287.11,0,0
2025-03-17 09:45:00+05:30,74288.27,74313.16,74216.82,74229.06,0,0
2025-03-17 10:15:00+05:30,74229.51,74229.51,74039.16,74072.22,0,0
2025-03-17 10:45:00+05:30,74077.44,74183.66,74077.21,74115.38,0,0
2025-03-17 11:15:00+05:30,74115.38,74251.8,74077.91,74192.46,0,0
2025-03-17 11:45:00+05:30,74192.2,74225.19,74101.57,74194.83,0,0
2025-03-17 12:15:00+05:30,74194.83,74194.83,73975.16,74044.22,0,0
2025-03-17 12:45:00+05:30,74044.22,74055.97,73979.42,74052.08,0,0
2025-03-17 13:15:00+05:30,74052.13,74133.0,74048.11,74124.48,0,0
2025-03-17 13:45:00+05:30,74123.76,74233.96,74052.11,74218.03,0,0
2025-03-17 14:15:00+05:30,74218.34,74237.35,74089.02,74096.92,0,0
2025-03-17 14:45:00+05:30,74096.1,74210.19,74096.1,74158.52,0,0
2025-03-17 15:15:00+05:30,74161.34,74200.34,74143.0,74185.28,0,0
2025-03-18 09:15:00+05:30,74608.66,74801.57,74480.15,74731.6,0,0
2025-03-18 09:45:00+05:30,74730.38,74997.09,74677.49,74972.4,0,0
2025-03-18 10:15:00+05:30,74975.29,75070.64,74932.93,75065.18,0,0
2025-03-18 10:45:00+05:30,75067.8,75071.38,74926.23,75028.02,0,0
2025-03-18 11:15:00+05:30,75028.73,75094.3,74968.02,75040.54,0,0
2025-03-18 11:45:00+05:30,75039.22,75087.02,75018.88,75061.31,0,0
2025-03-18 12:15:00+05:30,75060.11,75062.0,74810.89,74829.6,0,0
2025-03-18 12:45:00+05:30,74832.3,75013.43,74796.66,75002.29,0,0
2025-03-18 13:15:00+05:30,75003.17,75117.38,75002.59,75095.38,0,0
2025-03-18 13:45:00+05:30,75095.38,75134.68,75049.33,75061.01,0,0
2025-03-18 14:15:00+05:30,75061.01,75177.06,75026.81,75144.94,0,0
2025-03-18 14:45:00+05:30,75145.59,75331.51,75129.66,75316.59,0,0
2025-03-18 15:15:00+05:30,75314.14,75385.76,75287.26,75352.62,0,0
2025-03-19 09:15:00+05:30,75473.17,75473.69,75201.48,75351.02,0,0
2025-03-19 09:45:00+05:30,75362.85,75423.22,75290.43,75368.38,0,0
2025-03-19 10:15:00+05:30,75368.13,75507.26,75366.12,75500.31,0,0
2025-03-19 10:45:00+05:30,75499.8,75514.13,75370.02,75475.73,0,0
2025-03-19 11:15:00+05:30,75482.52,75486.12,75394.93,75421.55,0,0
2025-03-19 11:45:00+05:30,75421.19,75473.99,75377.6,75416.57,0,0
2025-03-19 12:15:00+05:30,75416.57,75494.12,75403.74,75466.34,0,0
2025-03-19 12:45:00+05:30,75467.84,75568.38,75397.32,75462.03,0,0
2025-03-19 13:15:00+05:30,75462.03,75529.24,75449.41,75481.79,0,0
2025-03-19 13:45:00+05:30,75481.79,75504.68,75433.57,75460.67,0,0
2025-03-19 14:15:00+05:30,75460.93,75557.82,75451.99,75543.7,0,0
2025-03-19 14:45:00+05:30,75543.7,75549.99,75440.6,75455.22,0,0
2025-03-19 15:15:00+05:30,75453.45,75484.43,75399.14,75452.24,0,0
2025-03-20 09:15:00+05:30,75917.11,76013.82,75767.99,75960.08,0,0
2025-03-20 09:45:00+05:30,75962.76,75969.64,75684.58,75728.65,0,0
2025-03-20 10:15:00+05:30,75725.26,75937.24,75710.66,75871.09,0,0
2025-03-20 10:45:00+05:30,75868.14,75957.61,75820.86,75949.16,0,0
2025-03-20 11:15:00+05:30,75949.16,75960.2,75879.57,75914.36,0,0
2025-03-20 11:45:00+05:30,75914.36,75965.09,75889.32,75964.45,0,0
2025-03-20 12:15:00+05:30,75965.33,76014.76,75950.88,76012.63,0,0
2025-03-20 12:45:00+05:30,76011.71,76190.4,76002.41,76184.55,0,0
2025-03-20 13:15:00+05:30,76184.55,76338.92,76156.91,76311.76,0,0
2025-03-20 13:45:00+05:30,76311.51,76416.38,76285.92,76348.74,0,0
2025-03-20 14:15:00+05:30,76342.98,76456.25,76309.88,76386.12,0,0
2025-03-20 14:45:00+05:30,76386.12,76453.68,76338.86,76359.72,0,0
2025-03-20 15:15:00+05:30,76357.96,76370.45,76275.28,76296.18,0,0
2025-03-21 09:15:00+05:30,76155.0,76616.38,76095.26,76611.85,0,0
2025-03-21 09:45:00+05:30,76614.64,76614.64,76494.15,76547.38,0,0
2025-03-21 10:15:00+05:30,76549.76,76740.19,76512.94,76709.72,0,0
2025-03-21 10:45:00+05:30,76707.23,76893.83,76703.12,76831.54,0,0
2025-03-21 11:15:00+05:30,76831.54,76946.04,76800.48,76829.44,0,0
2025-03-21 11:45:00+05:30,76829.31,76963.3,76814.47,76919.92,0,0
2025-03-21 12:15:00+05:30,76919.92,77030.48,76900.19,77013.21,0,0
2025-03-21 12:45:00+05:30,77013.21,77041.94,76953.21,76955.53,0,0
2025-03-21 13:15:00+05:30,76954.27,76991.55,76762.3,76830.18,0,0
2025-03-21 13:45:00+05:30,76830.18,76847.02,76627.72,76798.45,0,0
2025-03-21 14:15:00+05:30,76798.81,76932.54,76794.96,76865.97,0,0
2025-03-21 14:45:00+05:30,76868.74,76950.05,76818.64,76911.66,0,0
2025-03-21 15:15:00+05:30,76910.92,76994.91,76878.28,76954.68,0,0
2025-03-24 09:15:00+05:30,77456.27,77498.29,77179.35,77303.25,0,0
2025-03-24 09:45:00+05:30,77302.33,77585.67,77295.73,77556.45,0,0
2025-03-24 10:15:00+05:30,77553.56,77685.31,77521.05,77654.63,0,0
2025-03-24 10:45:00+05:30,77655.63,77874.28,77631.83,77805.43,0,0
2025-03-24 11:15:00+05:30,77804.19,77897.11,77680.34,77718.46,0,0
2025-03-24 11:45:00+05:30,77715.94,77863.1,77715.01,77858.92,0,0
2025-03-24 12:15:00+05:30,77858.62,77934.99,77834.99,77879.5,0,0
2025-03-24 12:45:00+05:30,77879.5,77943.77,77808.7,77935.98,0,0
2025-03-24 13:15:00+05:30,77937.01,77976.48,77903.58,77913.11,0,0
2025-03-24 13:45:00+05:30,77913.11,78045.68,77841.38,78036.35,0,0
2025-03-24 14:15:00+05:30,78037.91,78107.23,77968.92,77988.6,0,0
2025-03-24 14:45:00+05:30,77989.01,78032.06,77876.26,77960.61,0,0
2025-03-24 15:15:00+05:30,77965.13,78057.71,77964.89,78034.2,0,0
2025-03-25 09:15:00+05:30,78296.28,78493.94,78085.53,78464.8,0,0
2025-03-25 09:45:00+05:30,78463.65,78741.69,78429.79,78429.79,0,0
2025-03-25 10:15:00+05:30,78420.63,78589.28,78150.99,78369.63,0,0
2025-03-25 10:45:00+05:30,78368.28,78387.58,78005.71,78147.2,0,0
2025-03-25 11:15:00+05:30,78147.2,78206.94,77912.18,77940.98,0,0
2025-03-25 11:45:00+05:30,77943.53,78235.43,77918.48,78087.52,0,0
2025-03-25 12:15:00+05:30,78085.09,78103.69,77971.19,78088.66,0,0
2025-03-25 12:45:00+05:30,78088.66,78114.41,77975.9,77990.46,0,0
2025-03-25 13:15:00+05:30,77987.85,78141.61,77880.84,78094.18,0,0
2025-03-25 13:45:00+05:30,78095.01,78196.31,78078.58,78192.93,0,0
2025-03-25 14:15:00+05:30,78193.33,78216.13,78060.55,78061.16,0,0
2025-03-25 14:45:00+05:30,78064.88,78115.07,77938.98,77968.05,0,0
2025-03-25 15:15:00+05:30,77968.42,77997.45,77745.63,77777.63,0,0
2025-03-26 09:15:00+05:30,78021.45,78167.87,77867.75,77892.05,0,0
2025-03-26 09:45:00+05:30,77887.68,78043.36,77784.23,77985.51,0,0
2025-03-26 10:15:00+05:30,77991.19,78105.68,77906.24,77938.04,0,0
2025-03-26 10:45:00+05:30,77937.7,78041.17,77786.5,77874.8,0,0
2025-03-26 11:15:00+05:30,77871.73,77938.06,77801.47,77831.66,0,0
2025-03-26 11:45:00+05:30,77831.68,77832.78,77619.13,77695.04,0,0
2025-03-26 12:15:00+05:30,77697.22,77776.67,77632.62,77765.61,0,0
2025-03-26 12:45:00+05:30,77765.64,77822.16,77536.51,77577.04,0,0
2025-03-26 13:15:00+05:30,77574.58,77577.21,77396.9,77404.32,0,0
2025-03-26 13:45:00+05:30,77403.6,77531.06,77345.43,77503.74,0,0
2025-03-26 14:15:00+05:30,77503.76,77537.39,77407.37,77414.03,0,0
2025-03-26 14:45:00+05:30,77420.29,77451.77,77194.22,77366.46,0,0
2025-03-26 15:15:00+05:30,77368.41,77380.24,77228.28,77258.06,0,0
2025-03-27 09:15:00+05:30,77087.39,77553.28,77082.51,77495.95,0,0
2025-03-27 09:45:00+05:30,77501.65,77747.46,77419.97,77680.73,0,0
2025-03-27 10:15:00+05:30,77680.34,77745.97,77588.99,77613.01,0,0
2025-03-27 10:45:00+05:30,77609.93,77706.82,77557.68,77690.9,0,0
2025-03-27 11:15:00+05:30,77695.39,77724.37,77611.74,77709.36,0,0
2025-03-27 11:45:00+05:30,77709.55,77720.96,77589.98,77642.46,0,0
2025-03-27 12:15:00+05:30,77643.36,77661.33,77567.78,77634.28,0,0
2025-03-27 12:45:00+05:30,77634.2,77666.21,77600.46,77625.67,0,0
2025-03-27 13:15:00+05:30,77624.01,77670.78,77601.35,77652.12,0,0
2025-03-27 13:45:00+05:30,77655.04,77709.27,77636.29,77659.84,0,0
2025-03-27 14:15:00+05:30,77660.9,77687.9,77591.78,77674.15,0,0
2025-03-27 14:45:00+05:30,77674.14,77709.52,77591.94,77614.57,0,0
2025-03-27 15:15:00+05:30,77614.11,77696.16,77564.08,77581.59,0,0
2025-03-28 09:15:00+05:30,77690.69,77750.45,77309.79,77361.99,0,0
2025-03-28 09:45:00+05:30,77363.64,77495.24,77311.75,77358.66,0,0
2025-03-28 10:15:00+05:30,77358.06,77711.08,77342.22,77633.15,0,0
2025-03-28 10:45:00+05:30,77634.48,77766.7,77546.65,77554.69,0,0
2025-03-28 11:15:00+05:30,77554.36,77602.05,77481.87,77509.47,0,0
2025-03-28 11:45:00+05:30,77509.88,77624.29,77488.72,77591.04,0,0
2025-03-28 12:15:00+05:30,77591.04,77600.16,77244.8,77301.45,0,0
2025-03-28 12:45:00+05:30,77301.67,77381.68,77202.05,77291.96,0,0
2025-03-28 13:15:00+05:30,77293.44,77428.03,77250.07,77318.54,0,0
2025-03-28 13:45:00+05:30,77317.27,77364.69,77185.62,77359.0,0,0
2025-03-28 14:15:00+05:30,77360.2,77671.91,77351.66,77659.61,0,0
2025-03-28 14:45:00+05:30,77661.53,77707.49,77416.18,77511.1,0,0
2025-03-28 15:15:00+05:30,77509.1,77523.4,77319.53,77344.47,0,0
2025-04-01 09:15:00+05:30,76882.58,77487.05,76775.79,77415.52,0,0
2025-04-01 09:45:00+05:30,77407.08,77436.07,77042.3,77057.72,0,0
2025-04-01 10:15:00+05:30,77060.71,77147.94,76415.69,76549.06,0,0
2025-04-01 10:45:00+05:30,76548.86,76618.43,76218.75,76288.05,0,0
2025-04-01 11:15:00+05:30,76285.33,76378.32,76120.51,76167.86,0,0
2025-04-01 11:45:00+05:30,76164.84,76209.49,76081.8,76169.31,0,0
2025-04-01 12:15:00+05:30,76174.1,76312.65,76170.55,76243.85,0,0
2025-04-01 12:45:00+05:30,76242.31,76249.67,76065.55,76127.73,0,0
2025-04-01 13:15:00+05:30,76128.98,76130.8,75912.18,76061.2,0,0
2025-04-01 13:45:00+05:30,76060.29,76098.73,75965.6,76026.31,0,0
2025-04-01 14:15:00+05:30,76027.26,76063.31,75961.91,76023.14,0,0
2025-04-01 14:45:00+05:30,76029.98,76080.29,75980.88,76062.47,0,0
2025-04-01 15:15:00+05:30,76068.24,76126.53,76000.21,76107.66,0,0
2025-04-02 09:15:00+05:30,76146.28,76498.82,76064.94,76346.02,0,0
2025-04-02 09:45:00+05:30,76345.08,76404.7,76181.64,76371.58,0,0
2025-04-02 10:15:00+05:30,76371.58,76494.85,76332.52,76427.79,0,0
2025-04-02 10:45:00+05:30,76426.96,76567.02,76426.96,76508.34,0,0
2025-04-02 11:15:00+05:30,76508.56,76520.59,76379.75,76394.26,0,0
2025-04-02 11:45:00+05:30,76394.26,76492.96,76386.83,76469.89,0,0
2025-04-02 12:15:00+05:30,76469.6,76525.94,76434.27,76473.14,0,0
2025-04-02 12:45:00+05:30,76475.2,76498.8,76337.65,76471.88,0,0
2025-04-02 13:15:00+05:30,76471.88,76534.74,76445.34,76451.62,0,0
2025-04-02 13:45:00+05:30,76451.32,76504.45,76383.61,76439.58,0,0
2025-04-02 14:15:00+05:30,76439.61,76546.15,76432.29,76543.86,0,0
2025-04-02 14:45:00+05:30,76542.52,76680.35,76454.6,76635.3,0,0
2025-04-02 15:15:00+05:30,76634.26,76664.21,76585.59,76622.48,0,0
2025-04-03 09:15:00+05:30,75811.86,76381.74,75807.55,76270.12,0,0
2025-04-03 09:45:00+05:30,76272.01,76423.82,76199.31,76418.51,0,0
2025-04-03 10:15:00+05:30,76418.13,76493.74,76330.55,76428.7,0,0
2025-04-03 10:45:00+05:30,76422.55,76435.62,76343.95,76401.47,0,0
2025-04-03 11:15:00+05:30,76395.82,76402.33,76305.67,76393.45,0,0
2025-04-03 11:45:00+05:30,76394.5,76437.52,76367.3,76370.41,0,0
2025-04-03 12:15:00+05:30,76369.2,76385.58,76303.51,76316.94,0,0
2025-04-03 12:45:00+05:30,76318.39,76350.73,76281.85,76313.65,0,0
2025-04-03 13:15:00+05:30,76313.65,76376.01,76291.67,76319.17,0,0
2025-04-03 13:45:00+05:30,76318.58,76361.26,76290.36,76293.93,0,0
2025-04-03 14:15:00+05:30,76297.69,76340.54,76257.59,76307.62,0,0
2025-04-03 14:45:00+05:30,76307.62,76343.71,76282.12,76319.2,0,0
2025-04-03 15:15:00+05:30,76317.97,76340.03,76268.11,76272.54,0,0
2025-04-04 09:15:00+05:30,76160.09,76258.12,75678.54,75851.98,0,0
2025-04-04 09:45:00+05:30,75852.04,75879.77,75488.98,75496.56,0,0
2025-04-04 10:15:00+05:30,75505.67,75626.14,75435.75,75514.67,0,0
2025-04-04 10:45:00+05:30,75511.3,75743.52,75471.99,75691.2,0,0
2025-04-04 11:15:00+05:30,75689.04,75724.89,75527.16,75554.76,0,0
2025-04-04 11:45:00+05:30,75547.42,75579.88,75484.92,75538.4,0,0
2025-04-04 12:15:00+05:30,75538.4,75621.06,75470.79,75527.9,0,0
2025-04-04 12:45:00+05:30,75529.0,75590.39,75477.96,75481.97,0,0
2025-04-04 13:15:00+05:30,75481.81,75578.19,75334.41,75359.71,0,0
2025-04-04 13:45:00+05:30,75356.96,75405.86,75286.29,75397.09,0,0
2025-04-04 14:15:00+05:30,75395.11,75424.77,75259.73,75309.25,0,0
2025-04-04 14:45:00+05:30,75309.02,75430.84,75240.55,75407.79,0,0
2025-04-04 15:15:00+05:30,75403.91,75420.57,75341.96,75405.27,0,0
2025-04-07 09:15:00+05:30,71449.94,73149.12,71425.01,72652.45,0,0
2025-04-07 09:45:00+05:30,72645.07,72744.15,72307.95,72313.81,0,0
2025-04-07 10:15:00+05:30,72315.0,72618.18,72284.03,72587.16,0,0
2025-04-07 10:45:00+05:30,72587.65,72825.31,72478.24,72484.78,0,0
2025-04-07 11:15:00+05:30,72483.31,72759.8,72371.26,72559.6,0,0
2025-04-07 11:45:00+05:30,72559.95,72569.99,72212.8,72219.7,0,0
2025-04-07 12:15:00+05:30,72220.35,72234.26,71950.77,72219.25,0,0
2025-04-07 12:45:00+05:30,72217.8,72385.75,72071.07,72138.93,0,0
2025-04-07 13:15:00+05:30,72133.11,72522.94,71980.41,72496.06,0,0
2025-04-07 13:45:00+05:30,72496.77,72679.53,72456.81,72562.99,0,0
2025-04-07 14:15:00+05:30,72563.43,72831.6,72505.37,72574.28,0,0
2025-04-07 14:45:00+05:30,72576.57,73284.24,72576.57,73180.05,0,0
2025-04-07 15:15:00+05:30,73187.51,73403.99,73022.39,73325.05,0,0
2025-04-08 09:15:00+05:30,74013.73,74421.65,73993.97,74163.24,0,0
2025-04-08 09:45:00+05:30,74158.12,74287.66,73797.13,73830.46,0,0
2025-04-08 10:15:00+05:30,73829.27,73948.08,73428.98,73488.41,0,0
2025-04-08 10:45:00+05:30,73486.14,74138.3,73424.92,74002.74,0,0
2025-04-08 11:15:00+05:30,73998.75,74029.06,73558.75,73710.83,0,0
2025-04-08 11:45:00+05:30,73713.2,74382.64,73703.34,74382.64,0,0
2025-04-08 12:15:00+05:30,74387.05,74806.59,74246.56,74710.79,0,0
2025-04-08 12:45:00+05:30,74712.09,74803.84,74580.09,74777.25,0,0
2025-04-08 13:15:00+05:30,74777.54,74859.39,74260.19,74480.88,0,0
2025-04-08 13:45:00+05:30,74483.1,74512.19,74028.97,74496.65,0,0
2025-04-08 14:15:00+05:30,74495.35,74690.64,74330.79,74369.27,0,0
2025-04-08 14:45:00+05:30,74369.69,74465.02,74190.97,74206.99,0,0
2025-04-08 15:15:00+05:30,74210.64,74294.9,74170.86,74273.58,0,0
2025-04-09 09:15:00+05:30,74103.83,74103.83,73673.06,74085.5,0,0
2025-04-09 09:45:00+05:30,74086.82,74092.95,73738.57,73792.31,0,0
2025-04-09 10:15:00+05:30,73792.31,73962.58,73777.42,73844.29,0,0
2025-04-09 10:45:00+05:30,73837.43,73910.38,73728.29,73763.95,0,0
2025-04-09 11:15:00+05:30,73763.95,73922.34,73756.39,73915.02,0,0
2025-04-09 11:45:00+05:30,73914.92,73918.36,73827.08,73901.0,0,0
2025-04-09 12:15:00+05:30,73902.96,73957.04,73867.33,73921.16,0,0
2025-04-09 12:45:00+05:30,73921.24,73945.49,73844.11,73925.27,0,0
2025-04-09 13:15:00+05:30,73927.73,73928.97,73810.34,73831.24,0,0
2025-04-09 13:45:00+05:30,73832.83,73866.44,73813.74,73844.74,0,0
2025-04-09 14:15:00+05:30,73843.83,73871.94,73831.83,73858.25,0,0
2025-04-09 14:45:00+05:30,73856.52,73880.09,73808.36,73861.27,0,0
2025-04-09 15:15:00+05:30,73859.36,73915.12,73825.44,73898.12,0,0
2025-04-11 09:15:00+05:30,74835.49,75279.45,74762.84,75255.02,0,0
2025-04-11 09:45:00+05:30,75250.91,75319.35,75097.36,75180.26,0,0
2025-04-11 10:15:00+05:30,75180.89,75220.9,74878.55,75030.39,0,0
2025-04-11 10:45:00+05:30,75031.46,75227.09,74961.72,75185.64,0,0
2025-04-11 11:15:00+05:30,75191.47,75410.95,75143.81,75344.5,0,0
2025-04-11 11:45:00+05:30,75348.27,75413.38,75281.07,75408.34,0,0
2025-04-11 12:15:00+05:30,75410.64,75467.33,75292.05,75355.07,0,0
2025-04-11 12:45:00+05:30,75355.07,75420.92,75325.87,75395.31,0,0
2025-04-11 13:15:00+05:30,75390.41,75399.83,75197.56,75298.71,0,0
2025-04-11 13:45:00+05:30,75299.06,75301.11,74954.84,74989.06,0,0
2025-04-11 14:15:00+05:30,74988.61,75045.48,74924.7,75043.27,0,0
2025-04-11 14:45:00+05:30,75043.27,75196.56,75043.27,75143.64,0,0
2025-04-11 15:15:00+05:30,75157.31,75233.89,75082.75,75227.74,0,0
2025-04-15 09:15:00+05:30,76852.06,76907.63,76435.07,76731.9,0,0
2025-04-15 09:45:00+05:30,76730.16,76795.11,76681.49,76756.21,0,0
2025-04-15 10:15:00+05:30,76752.43,76781.17,76692.13,76742.63,0,0
2025-04-15 10:45:00+05:30,76739.34,76759.87,76674.81,76692.12,0,0
2025-04-15 11:15:00+05:30,76693.09,76767.97,76683.55,76735.34,0,0
2025-04-15 11:45:00+05:30,76735.34,76808.02,76691.24,76797.33,0,0
2025-04-15 12:15:00+05:30,76797.74,76850.28,76785.6,76824.83,0,0
2025-04-15 12:45:00+05:30,76824.52,76857.05,76800.38,76817.47,0,0
2025-04-15 13:15:00+05:30,76816.68,76822.83,76766.89,76780.98,0,0
2025-04-15 13:45:00+05:30,76780.98,76796.59,76723.74,76750.54,0,0
2025-04-15 14:15:00+05:30,76752.34,76770.49,76692.23,76694.42,0,0
2025-04-15 14:45:00+05:30,76694.42,76737.48,76679.61,76713.82,0,0
2025-04-15 15:15:00+05:30,76711.7,76837.52,76691.12,76781.88,0,0
2025-04-16 09:15:00+05:30,76996.78,77000.63,76569.59,76827.81,0,0
2025-04-16 09:45:00+05:30,76835.51,76872.77,76785.0,76801.61,0,0
2025-04-16 10:15:00+05:30,76801.16,76805.5,76559.31,76615.6,0,0
2025-04-16 10:45:00+05:30,76623.05,76675.29,76543.77,76672.38,0,0
2025-04-16 11:15:00+05:30,76674.09,76743.83,76665.23,76732.47,0,0
2025-04-16 11:45:00+05:30,76732.02,76773.19,76702.42,76761.17,0,0
2025-04-16 12:15:00+05:30,76761.89,76818.43,76742.89,76799.71,0,0
2025-04-16 12:45:00+05:30,76799.71,76799.71,76718.51,76790.1,0,0
2025-04-16 13:15:00+05:30,76790.1,76801.84,76578.15,76622.54,0,0
2025-04-16 13:45:00+05:30,76622.54,77028.6,76593.92,77025.39,0,0
2025-04-16 14:15:00+05:30,77026.07,77030.01,76930.43,76977.74,0,0
2025-04-16 14:45:00+05:30,76977.8,77059.28,76962.72,77015.5,0,0
2025-04-16 15:15:00+05:30,77015.18,77110.23,76990.97,77022.45,0,0
2025-04-17 09:15:00+05:30,76968.02,76983.19,76665.77,76972.7,0,0
2025-04-17 09:45:00+05:30,76980.72,77099.1,76824.05,76862.24,0,0
2025-04-17 10:15:00+05:30,76862.75,77069.0,76837.71,77046.34,0,0
2025-04-17 10:45:00+05:30,77048.36,77132.84,76892.68,77094.94,0,0
2025-04-17 11:15:00+05:30,77095.12,77662.43,77089.26,77624.21,0,0
2025-04-17 11:45:00+05:30,77624.57,77784.86,77541.28,77774.29,0,0
2025-04-17 12:15:00+05:30,77769.42,78053.88,77736.36,78030.57,0,0
2025-04-17 12:45:00+05:30,78034.38,78323.58,78015.5,78323.58,0,0
2025-04-17 13:15:00+05:30,78331.42,78435.37,78252.51,78413.72,0,0
2025-04-17 13:45:00+05:30,78408.8,78616.04,78408.8,78511.56,0,0
2025-04-17 14:15:00+05:30,78512.0,78578.49,78348.63,78561.12,0,0
2025-04-17 14:45:00+05:30,78563.13,78616.77,78499.17,78535.84,0,0
2025-04-17 15:15:00+05:30,78538.58,78595.66,78484.12,78497.04,0,0
2025-04-21 09:15:00+05:30,78903.09,79196.53,78776.06,79178.56,0,0
2025-04-21 09:45:00+05:30,79178.8,79260.64,78997.45,79161.36,0,0
2025-04-21 10:15:00+05:30,79160.52,79225.52,79049.11,79216.36,0,0
2025-04-21 10:45:00+05:30,79213.43,79377.03,79213.43,79369.89,0,0
2025-04-21 11:15:00+05:30,79367.67,79432.78,79326.12,79331.3,0,0
2025-04-21 11:45:00+05:30,79330.46,79490.38,79329.84,79483.77,0,0
2025-04-21 12:15:00+05:30,79478.48,79609.76,79465.65,79588.1,0,0
2025-04-21 12:45:00+05:30,79586.98,79635.05,79562.71,79578.9,0,0
2025-04-21 13:15:00+05:30,79582.2,79589.77,79359.58,79365.39,0,0
2025-04-21 13:45:00+05:30,79365.39,79566.91,79358.91,79470.49,0,0
2025-04-21 14:15:00+05:30,79470.69,79509.84,79400.03,79458.45,0,0
2025-04-21 14:45:00+05:30,79457.32,79501.31,79354.73,79371.79,0,0
2025-04-21 15:15:00+05:30,79373.06,79441.07,79364.62,79366.01,0,0
2025-04-22 09:15:00+05:30,79728.39,79728.39,79253.44,79632.71,0,0
2025-04-22 09:45:00+05:30,79626.06,79692.26,79499.69,79672.16,0,0
2025-04-22 10:15:00+05:30,79676.62,79780.75,79657.72,79758.27,0,0
2025-04-22 10:45:00+05:30,79757.94,79824.3,79720.13,79772.98,0,0
2025-04-22 11:15:00+05:30,79775.17,79786.25,79569.1,79711.98,0,0
2025-04-22 11:45:00+05:30,79712.54,79739.29,79623.61,79676.55,0,0
2025-04-22 12:15:00+05:30,79676.55,79677.72,79586.31,79635.57,0,0
2025-04-22 12:45:00+05:30,79631.95,79637.12,79565.8,79624.37,0,0
2025-04-22 13:15:00+05:30,79617.96,79679.75,79585.86,79611.15,0,0
2025-04-22 13:45:00+05:30,79609.18,79629.66,79577.68,79603.16,0,0
2025-04-22 14:15:00+05:30,79599.89,79620.71,79578.73,79593.73,0,0
2025-04-22 14:45:00+05:30,79595.48,79638.65,79504.21,79578.91,0,0
2025-04-22 15:15:00+05:30,79577.34,79620.56,79468.84,79468.84,0,0
2025-04-23 09:15:00+05:30,80142.09,80254.55,79945.38,80124.11,0,0
2025-04-23 09:45:00+05:30,80126.45,80221.18,79718.3,79718.9,0,0
2025-04-23 10:15:00+05:30,79717.42,79884.03,79665.98,79669.56,0,0
2025-04-23 10:45:00+05:30,79669.62,79731.18,79506.9,79708.13,0,0
2025-04-23 11:15:00+05:30,79708.26,79868.4,79685.58,79868.4,0,0
2025-04-23 11:45:00+05:30,79867.5,79906.31,79718.13,79805.95,0,0
2025-04-23 12:15:00+05:30,79803.52,79823.97,79737.01,79822.07,0,0
2025-04-23 12:45:00+05:30,79824.24,79931.73,79807.87,79841.55,0,0
2025-04-23 13:15:00+05:30,79844.47,79962.92,79805.43,79962.68,0,0
2025-04-23 13:45:00+05:30,79956.36,80051.93,79928.97,80048.21,0,0
2025-04-23 14:15:00+05:30,80044.29,80089.3,79977.69,80010.72,0,0
2025-04-23 14:45:00+05:30,80012.32,80163.57,80006.98,80156.02,0,0
2025-04-23 15:15:00+05:30,80151.45,80151.45,79996.56,79996.56,0,0
2025-04-24 09:15:00+05:30,80058.43,80173.92,79866.24,79880.47,0,0
2025-04-24 09:45:00+05:30,79883.61,80017.6,79829.11,80017.6,0,0
2025-04-24 10:15:00+05:30,80016.4,80050.37,79917.25,79924.94,0,0
2025-04-24 10:45:00+05:30,79926.67,79956.29,79888.83,79945.57,0,0
2025-04-24 11:15:00+05:30,79944.17,79953.27,79857.34,79877.71,0,0
2025-04-24 11:45:00+05:30,79875.37,79897.47,79835.51,79840.29,0,0
2025-04-24 12:15:00+05:30,79845.33,79887.86,79793.21,79861.96,0,0
2025-04-24 12:45:00+05:30,79861.84,79882.89,79838.16,79858.68,0,0
2025-04-24 13:15:00+05:30,79858.72,79875.12,79793.77,79832.82,0,0
2025-04-24 13:45:00+05:30,79832.01,79849.24,79808.91,79830.81,0,0
2025-04-24 14:15:00+05:30,79832.95,79876.03,79785.56,79822.11,0,0
2025-04-24 14:45:00+05:30,79824.5,79846.84,79724.55,79811.99,0,0
2025-04-24 15:15:00+05:30,79807.38,79834.9,79773.23,79801.99,0,0
2025-04-25 09:15:00+05:30,79830.15,80130.66,79646.73,79713.36,0,0
2025-04-25 09:45:00+05:30,79710.59,79725.78,78905.49,79166.14,0,0
2025-04-25 10:15:00+05:30,79172.23,79190.86,78797.39,78954.57,0,0
2025-04-25 10:45:00+05:30,78954.51,79033.25,78793.41,78886.36,0,0
2025-04-25 11:15:00+05:30,78886.65,78910.75,78726.39,78808.26,0,0
2025-04-25 11:45:00+05:30,78806.96,78902.76,78605.81,78870.89,0,0
2025-04-25 12:15:00+05:30,78868.51,79028.29,78822.0,78911.48,0,0
2025-04-25 12:45:00+05:30,78912.35,79265.07,78910.84,79204.94,0,0
2025-04-25 13:15:00+05:30,79205.89,79387.75,79168.11,79345.46,0,0
2025-04-25 13:45:00+05:30,79344.01,79570.6,79243.13,79310.89,0,0
2025-04-25 14:15:00+05:30,79313.95,79513.54,79210.19,79278.25,0,0
2025-04-25 14:45:00+05:30,79278.25,79402.56,79212.2,79265.62,0,0
2025-04-25 15:15:00+05:30,79265.53,79266.0,79067.18,79093.17,0,0
2025-04-25 15:45:00+05:30,79212.53,79212.53,79212.53,79212.53,0,0
2025-04-28 09:15:00+05:30,79343.63,79932.83,79341.35,79759.04,0,0
2025-04-28 09:45:00+05:30,79754.36,80062.25,79742.66,80051.16,0,0
2025-04-28 10:15:00+05:30,80054.25,80073.11,79925.09,79962.66,0,0
2025-04-28 10:45:00+05:30,79967.88,80088.89,79885.85,79917.7,0,0
2025-04-28 11:15:00+05:30,79920.97,80061.57,79856.06,80039.71,0,0
2025-04-28 11:45:00+05:30,80041.07,80116.98,80009.69,80103.95,0,0
2025-04-28 12:15:00+05:30,80103.06,80305.03,80099.41,80247.79,0,0
2025-04-28 12:45:00+05:30,80247.79,80310.62,80192.7,80273.76,0,0
2025-04-28 13:15:00+05:30,80272.9,80298.73,80210.43,80283.72,0,0
2025-04-28 13:45:00+05:30,80282.26,80321.88,80242.91,80300.07,0,0
2025-04-28 14:15:00+05:30,80304.23,80313.16,80032.62,80073.93,0,0
2025-04-28 14:45:00+05:30,80071.22,80282.29,80022.54,80215.3,0,0
2025-04-28 15:15:00+05:30,80212.05,80265.87,80144.3,80150.41,0,0
2025-04-29 09:15:00+05:30,80396.92,80661.31,80138.18,80199.52,0,0
2025-04-29 09:45:00+05:30,80200.22,80449.5,80122.02,80309.83,0,0
2025-04-29 10:15:00+05:30,80308.14,80308.14,80192.63,80235.2,0,0
2025-04-29 10:45:00+05:30,80232.69,80399.57,80224.29,80349.39,0,0
2025-04-29 11:15:00+05:30,80349.36,80368.42,80293.91,80361.11,0,0
2025-04-29 11:45:00+05:30,80362.14,80362.98,80201.45,80242.33,0,0
2025-04-29 12:15:00+05:30,80243.78,80338.23,80204.48,80322.14,0,0
2025-04-29 12:45:00+05:30,80327.01,80432.6,80300.19,80393.08,0,0
2025-04-29 13:15:00+05:30,80392.52,80447.02,80335.53,80395.63,0,0
2025-04-29 13:45:00+05:30,80394.1,80448.32,80368.65,80410.14,0,0
2025-04-29 14:15:00+05:30,80412.9,80416.64,80322.89,80369.69,0,0
2025-04-29 14:45:00+05:30,80369.69,80372.26,80287.07,80301.36,0,0
2025-04-29 15:15:00+05:30,80295.98,80323.63,80215.54,80241.71,0,0
2025-04-30 09:15:00+05:30,80370.8,80393.02,80055.87,80334.71,0,0
2025-04-30 09:45:00+05:30,80333.35,80478.73,80325.61,80354.1,0,0
2025-04-30 10:15:00+05:30,80353.19,80374.61,80127.05,80237.13,0,0
2025-04-30 10:45:00+05:30,80236.3,80342.15,80221.48,80254.6,0,0
2025-04-30 11:15:00+05:30,80254.69,80391.2,80252.08,80284.95,0,0
2025-04-30 11:45:00+05:30,80284.86,80354.86,80211.98,80322.03,0,0
2025-04-30 12:15:00+05:30,80324.52,80400.96,80305.8,80375.28,0,0
2025-04-30 12:45:00+05:30,80375.28,80387.38,80284.59,80312.35,0,0
2025-04-30 13:15:00+05:30,80313.86,80355.77,80287.0,80348.8,0,0
2025-04-30 13:45:00+05:30,80350.8,80384.4,80325.19,80354.85,0,0
2025-04-30 14:15:00+05:30,80354.51,80368.77,80304.74,80351.67,0,0
2025-04-30 14:45:00+05:30,80352.44,80525.61,80348.51,80351.47,0,0
2025-04-30 15:15:00+05:30,80357.0,80370.8,79879.15,80016.19,0,0
2025-05-02 09:15:00+05:30,80300.19,81049.05,80235.36,80980.27,0,0
2025-05-02 09:45:00+05:30,80979.49,81177.93,80943.95,81157.71,0,0
2025-05-02 10:15:00+05:30,81163.64,81173.84,80799.09,80922.54,0,0
2025-05-02 10:45:00+05:30,80922.54,80936.23,80631.33,80685.25,0,0
2025-05-02 11:15:00+05:30,80687.9,80767.04,80408.09,80476.74,0,0
2025-05-02 11:45:00+05:30,80477.45,80552.48,80380.42,80405.84,0,0
2025-05-02 12:15:00+05:30,80405.98,80406.36,80168.59,80304.25,0,0
2025-05-02 12:45:00+05:30,80304.28,80409.98,80268.14,80353.68,0,0
2025-05-02 13:15:00+05:30,80353.68,80701.09,80353.68,80625.25,0,0
2025-05-02 13:45:00+05:30,80624.27,80683.27,80541.79,80574.54,0,0
2025-05-02 14:15:00+05:30,80572.98,80628.12,80331.72,80444.43,0,0
2025-05-02 14:45:00+05:30,80444.42,80658.31,80430.3,80582.25,0,0
2025-05-02 15:15:00+05:30,80579.11,80579.12,80373.08,80379.79,0,0
2025-05-02 15:45:00+05:30,80501.99,80501.99,80501.99,80501.99,0,0
2025-05-05 09:15:00+05:30,80661.62,80919.82,80657.71,80824.54,0,0
2025-05-05 09:45:00+05:30,80817.98,81009.64,80789.81,80886.6,0,0
2025-05-05 10:15:00+05:30,80886.65,81049.03,80863.64,81027.37,0,0
2025-05-05 10:45:00+05:30,81025.33,81031.13,80818.91,80896.37,0,0
2025-05-05 11:15:00+05:30,80896.92,80921.3,80731.34,80768.63,0,0
2025-05-05 11:45:00+05:30,80767.8,80791.88,80665.27,80744.17,0,0
2025-05-05 12:15:00+05:30,80744.14,80795.91,80690.09,80788.37,0,0
2025-05-05 12:45:00+05:30,80790.02,80849.04,80734.65,80749.25,0,0
2025-05-05 13:15:00+05:30,80748.09,80848.96,80719.12,80835.91,0,0
2025-05-05 13:45:00+05:30,80835.91,80891.05,80829.89,80839.68,0,0
2025-05-05 14:15:00+05:30,80839.68,80912.76,80777.23,80858.01,0,0
2025-05-05 14:45:00+05:30,80857.54,80888.16,80757.16,80772.59,0,0
2025-05-05 15:15:00+05:30,80771.6,80860.36,80762.0,80816.8,0,0
2025-05-06 09:15:00+05:30,80907.24,80981.58,80666.35,80760.94,0,0
2025-05-06 09:45:00+05:30,80763.48,80773.66,80549.66,80565.98,0,0
2025-05-06 10:15:00+05:30,80563.87,80591.06,80518.57,80591.06,0,0
2025-05-06 10:45:00+05:30,80591.34,80619.23,80552.42,80580.25,0,0
2025-05-06 11:15:00+05:30,80580.97,80591.11,80510.15,80540.7,0,0
2025-05-06 11:45:00+05:30,80539.75,80637.84,80524.81,80592.42,0,0
2025-05-06 12:15:00+05:30,80594.06,80626.0,80566.21,80576.3,0,0
2025-05-06 12:45:00+05:30,80579.4,80616.47,80547.83,80577.17,0,0
2025-05-06 13:15:00+05:30,80577.17,80638.98,80565.47,80614.04,0,0
2025-05-06 13:45:00+05:30,80614.06,80685.06,80608.77,80631.06,0,0
2025-05-06 14:15:00+05:30,80631.17,80645.21,80576.36,80626.07,0,0
2025-05-06 14:45:00+05:30,80625.14,80715.95,80581.4,80666.14,0,0
2025-05-06 15:15:00+05:30,80665.6,80688.67,80481.03,80487.55,0,0
2025-05-07 09:15:00+05:30,79948.8,80844.63,79937.48,80717.8,0,0
2025-05-07 09:45:00+05:30,80717.21,80727.78,80369.94,80410.34,0,0
2025-05-07 10:15:00+05:30,80410.01,80605.45,80357.81,80546.0,0,0
2025-05-07 10:45:00+05:30,80560.59,80610.14,80455.64,80589.96,0,0
2025-05-07 11:15:00+05:30,80588.79,80785.49,80588.79,80716.65,0,0
2025-05-07 11:45:00+05:30,80716.65,80717.5,80529.75,80599.9,0,0
2025-05-07 12:15:00+05:30,80599.9,80658.38,80564.34,80636.12,0,0
2025-05-07 12:45:00+05:30,80636.12,80665.08,80531.47,80553.36,0,0
2025-05-07 13:15:00+05:30,80554.36,80580.2,80504.33,80546.36,0,0
2025-05-07 13:45:00+05:30,80546.82,80759.76,80523.28,80710.89,0,0
2025-05-07 14:15:00+05:30,80711.77,80763.38,80598.74,80740.65,0,0
2025-05-07 14:45:00+05:30,80744.16,80775.61,80679.31,80725.25,0,0
2025-05-07 15:15:00+05:30,80726.76,80788.74,80710.65,80749.68,0,0
2025-05-08 09:15:00+05:30,80912.34,80927.99,80657.3,80706.68,0,0
2025-05-08 09:45:00+05:30,80715.8,80753.99,80665.66,80724.95,0,0
2025-05-08 10:15:00+05:30,80725.04,80789.8,80685.2,80762.07,0,0
2025-05-08 10:45:00+05:30,80762.07,80811.58,80737.86,80777.01,0,0
2025-05-08 11:15:00+05:30,80776.92,80828.79,80772.66,80808.74,0,0
2025-05-08 11:45:00+05:30,80804.79,80815.9,80769.04,80802.84,0,0
2025-05-08 12:15:00+05:30,80802.03,80824.93,80774.46,80781.34,0,0
2025-05-08 12:45:00+05:30,80781.24,80808.11,80737.71,80748.87,0,0
2025-05-08 13:15:00+05:30,80748.87,80749.16,80580.14,80609.69,0,0
2025-05-08 13:45:00+05:30,80609.11,80686.6,80541.91,80544.79,0,0
2025-05-08 14:15:00+05:30,80545.37,80680.84,80539.57,80612.92,0,0
2025-05-08 14:45:00+05:30,80611.99,80616.94,80292.38,80511.74,0,0
2025-05-08 15:15:00+05:30,80513.7,80523.28,79987.61,80003.84,0,0
2025-05-09 09:15:00+05:30,78968.34,80032.93,78968.34,79773.59,0,0
2025-05-09 09:45:00+05:30,79778.75,79809.68,79352.17,79658.57,0,0
2025-05-09 10:15:00+05:30,79660.92,79772.34,79503.96,79503.96,0,0
2025-05-09 10:45:00+05:30,79501.42,79541.58,79409.32,79533.57,0,0
2025-05-09 11:15:00+05:30,79533.57,79867.81,79495.18,79658.68,0,0
2025-05-09 11:45:00+05:30,79652.68,79652.68,79520.69,79597.1,0,0
2025-05-09 12:15:00+05:30,79596.4,79613.9,79472.35,79475.29,0,0
2025-05-09 12:45:00+05:30,79471.7,79580.01,79432.58,79476.96,0,0
2025-05-09 13:15:00+05:30,79472.29,79517.84,79334.44,79381.49,0,0
2025-05-09 13:45:00+05:30,79381.49,79471.27,79367.4,79432.19,0,0
2025-05-09 14:15:00+05:30,79432.19,79523.2,79299.82,79378.6,0,0
2025-05-09 14:45:00+05:30,79378.6,79484.25,79365.88,79419.46,0,0
2025-05-09 15:15:00+05:30,79417.99,79574.15,79394.36,79559.37,0,0
2025-05-12 09:15:00+05:30,80803.8,81470.01,80651.07,81361.7,0,0
2025-05-12 09:45:00+05:30,81361.13,81830.65,81359.42,81648.08,0,0
2025-05-12 10:15:00+05:30,81654.21,81763.71,81591.99,81671.0,0,0
2025-05-12 10:45:00+05:30,81670.42,81731.48,81580.34,81694.26,0,0
2025-05-12 11:15:00+05:30,81690.57,81823.56,81663.45,81771.45,0,0
2025-05-12 11:45:00+05:30,81771.68,81773.3,81709.33,81739.41,0,0
2025-05-12 12:15:00+05:30,81740.07,82017.35,81642.82,81965.02,0,0
2025-05-12 12:45:00+05:30,81965.55,82022.13,81921.1,81973.72,0,0
2025-05-12 13:15:00+05:30,81973.57,82163.49,81962.34,82143.84,0,0
2025-05-12 13:45:00+05:30,82144.67,82216.68,82105.09,82216.68,0,0
2025-05-12 14:15:00+05:30,82216.71,82360.43,82173.73,82201.26,0,0
2025-05-12 14:45:00+05:30,82200.9,82419.17,82184.39,82348.86,0,0
2025-05-12 15:15:00+05:30,82349.63,82495.97,82330.12,82404.81,0,0
2025-05-13 09:15:00+05:30,82249.6,82572.81,81483.27,81727.97,0,0
2025-05-13 09:45:00+05:30,81730.55,81868.06,81468.82,81803.88,0,0
2025-05-13 10:15:00+05:30,81802.79,81895.53,81336.04,81561.69,0,0
2025-05-13 10:45:00+05:30,81565.48,82101.5,81517.86,81692.31,0,0
2025-05-13 11:15:00+05:30,81692.81,81987.2,81683.65,81750.79,0,0
2025-05-13 11:45:00+05:30,81746.67,81818.91,81521.97,81719.43,0,0
2025-05-13 12:15:00+05:30,81719.43,81753.45,81308.44,81320.6,0,0
2025-05-13 12:45:00+05:30,81320.39,81387.49,81170.99,81268.84,0,0
2025-05-13 13:15:00+05:30,81268.81,81300.38,81141.53,81236.21,0,0
2025-05-13 13:45:00+05:30,81237.62,81249.38,81138.78,81172.44,0,0
2025-05-13 14:15:00+05:30,81172.92,81245.24,81086.62,81189.5,0,0
2025-05-13 14:45:00+05:30,81193.16,81324.57,81086.26,81096.47,0,0
2025-05-13 15:15:00+05:30,81093.48,81196.77,81043.69,81193.04,0,0
2025-05-14 09:15:00+05:30,81278.49,81646.86,81184.89,81630.91,0,0
2025-05-14 09:45:00+05:30,81631.21,81664.2,81460.9,81639.91,0,0
2025-05-14 10:15:00+05:30,81641.61,81691.87,81493.71,81564.34,0,0
2025-05-14 10:45:00+05:30,81565.84,81585.51,81418.46,81465.56,0,0
2025-05-14 11:15:00+05:30,81463.96,81526.93,81391.7,81406.01,0,0
2025-05-14 11:45:00+05:30,81406.56,81408.88,81248.24,81379.94,0,0
2025-05-14 12:15:00+05:30,81378.72,81378.72,81157.58,81199.99,0,0
2025-05-14 12:45:00+05:30,81199.88,81237.53,80910.03,81226.38,0,0
2025-05-14 13:15:00+05:30,81225.35,81298.93,81129.59,81192.75,0,0
2025-05-14 13:45:00+05:30,81193.08,81212.64,81080.56,81155.05,0,0
2025-05-14 14:15:00+05:30,81155.7,81302.48,81033.9,81184.17,0,0
2025-05-14 14:45:00+05:30,81184.18,81374.06,81162.45,81337.54,0,0
2025-05-14 15:15:00+05:30,81337.77,81441.53,81279.65,81414.41,0,0
2025-05-15 09:15:00+05:30,81354.43,81439.04,80890.3,80917.69,0,0
2025-05-15 09:45:00+05:30,80915.38,81020.81,80762.16,80943.6,0,0
2025-05-15 10:15:00+05:30,80940.32,81705.54,80859.71,81520.31,0,0
2025-05-15 10:45:00+05:30,81519.03,81642.06,81059.25,81112.87,0,0
2025-05-15 11:15:00+05:30,81107.92,81295.01,81059.69,81142.8,0,0
2025-05-15 11:45:00+05:30,81143.99,81370.01,81084.64,81226.24,0,0
2025-05-15 12:15:00+05:30,81225.64,81468.85,81131.83,81180.44,0,0
2025-05-15 12:45:00+05:30,81180.44,81983.25,81169.47,81977.51,0,0
2025-05-15 13:15:00+05:30,81977.11,82381.9,81874.22,82320.79,0,0
2025-05-15 13:45:00+05:30,82320.79,82709.21,82320.79,82689.65,0,0
2025-05-15 14:15:00+05:30,82691.91,82718.14,82505.93,82614.66,0,0
2025-05-15 14:45:00+05:30,82617.89,82620.78,82486.53,82525.42,0,0
2025-05-15 15:15:00+05:30,82522.04,82549.35,82436.52,82463.15,0,0
2025-05-16 09:15:00+05:30,82392.63,82514.81,82230.51,82335.18,0,0
2025-05-16 09:45:00+05:30,82329.3,82379.82,82201.49,82293.74,0,0
2025-05-16 10:15:00+05:30,82294.93,82415.21,82235.48,82245.41,0,0
2025-05-16 10:45:00+05:30,82243.12,82292.68,82148.22,82199.88,0,0
2025-05-16 11:15:00+05:30,82200.83,82286.36,82146.95,82228.06,0,0
2025-05-16 11:45:00+05:30,82233.83,82284.53,82205.55,82208.97,0,0
2025-05-16 12:15:00+05:30,82208.97,82290.03,82189.95,82282.8,0,0
2025-05-16 12:45:00+05:30,82282.8,82331.4,82239.25,82298.04,0,0
2025-05-16 13:15:00+05:30,82295.55,82390.0,82282.42,82287.25,0,0
2025-05-16 13:45:00+05:30,82290.35,82387.51,82267.45,82337.48,0,0
2025-05-16 14:15:00+05:30,82339.64,82375.04,82270.57,82351.11,0,0
2025-05-16 14:45:00+05:30,82351.59,82399.43,82311.64,82353.63,0,0
2025-05-16 15:15:00+05:30,82353.63,82359.5,82263.65,82299.5,0,0
2025-05-19 09:15:00+05:30,82354.92,82380.08,82116.0,82228.63,0,0
2025-05-19 09:45:00+05:30,82231.33,82366.37,82194.76,82344.41,0,0
2025-05-19 10:15:00+05:30,82346.78,82424.1,82219.15,82230.89,0,0
2025-05-19 10:45:00+05:30,82229.73,82379.03,82217.1,82312.52,0,0
2025-05-19 11:15:00+05:30,82314.05,82379.52,82246.21,82251.23,0,0
2025-05-19 11:45:00+05:30,82250.16,82355.02,82150.33,82215.0,0,0
2025-05-19 12:15:00+05:30,82196.74,82298.89,82157.61,82237.48,0,0
2025-05-19 12:45:00+05:30,82237.48,82288.97,82163.16,82174.68,0,0
2025-05-19 13:15:00+05:30,82172.13,82242.39,82153.38,82155.61,0,0
2025-05-19 13:45:00+05:30,82157.22,82160.32,81964.57,82018.63,0,0
2025-05-19 14:15:00+05:30,82019.37,82097.16,82009.07,82055.74,0,0
2025-05-19 14:45:00+05:30,82055.86,82100.72,81970.84,82070.69,0,0
2025-05-19 15:15:00+05:30,82070.77,82095.71,82019.43,82041.61,0,0
2025-05-20 09:15:00+05:30,82116.17,82250.42,81968.42,81977.6,0,0
2025-05-20 09:45:00+05:30,81977.28,81977.28,81804.36,81879.4,0,0
2025-05-20 10:15:00+05:30,81878.39,82001.38,81819.15,81983.01,0,0
2025-05-20 10:45:00+05:30,81978.11,82089.41,81886.22,81921.86,0,0
2025-05-20 11:15:00+05:30,81921.68,81921.68,81759.03,81776.21,0,0
2025-05-20 11:45:00+05:30,81776.91,81824.46,81701.41,81725.17,0,0
2025-05-20 12:15:00+05:30,81725.94,81804.83,81715.37,81730.46,0,0
2025-05-20 12:45:00+05:30,81727.22,81748.01,81456.14,81491.89,0,0
2025-05-20 13:15:00+05:30,81492.61,81499.74,81370.29,81397.19,0,0
2025-05-20 13:45:00+05:30,81395.4,81487.49,81314.19,81380.64,0,0
2025-05-20 14:15:00+05:30,81381.9,81403.6,81203.27,81212.36,0,0
2025-05-20 14:45:00+05:30,81215.44,81273.14,81153.7,81241.9,0,0
2025-05-20 15:15:00+05:30,81247.21,81302.35,81171.97,81272.85,0,0
2025-05-20 15:45:00+05:30,81186.44,81186.44,81186.44,81186.44,0,0
2025-05-21 09:15:00+05:30,81327.61,81629.47,81255.73,81572.19,0,0
2025-05-21 09:45:00+05:30,81572.63,81786.25,81569.62,81767.73,0,0
2025-05-21 10:15:00+05:30,81769.93,82021.64,81769.38,81934.71,0,0
2025-05-21 10:45:00+05:30,81934.38,81982.63,81772.38,81878.35,0,0
2025-05-21 11:15:00+05:30,81870.87,81913.35,81682.06,81744.02,0,0
2025-05-21 11:45:00+05:30,81743.9,81743.9,81350.53,81361.76,0,0
2025-05-21 12:15:00+05:30,81361.05,81604.55,81237.06,81517.14,0,0
2025-05-21 12:45:00+05:30,81516.69,81574.31,81383.18,81573.17,0,0
2025-05-21 13:15:00+05:30,81573.17,81685.9,81407.34,81407.34,0,0
2025-05-21 13:45:00+05:30,81403.54,81573.73,81392.66,81540.61,0,0
2025-05-21 14:15:00+05:30,81542.48,81627.59,81510.45,81512.28,0,0
2025-05-21 14:45:00+05:30,81510.97,81660.26,81510.97,81593.55,0,0
2025-05-21 15:15:00+05:30,81593.75,81620.4,81532.82,81556.56,0,0
2025-05-21 15:45:00+05:30,81596.63,81596.63,81596.63,81596.63,0,0
2025-05-22 09:15:00+05:30,81323.05,81323.24,80727.11,80859.1,0,0
2025-05-22 09:45:00+05:30,80857.9,81001.66,80770.9,80929.01,0,0
2025-05-22 10:15:00+05:30,80929.01,80987.27,80818.8,80923.15,0,0
2025-05-22 10:45:00+05:30,80923.32,80946.57,80838.17,80886.93,0,0
2025-05-22 11:15:00+05:30,80887.16,80903.47,80710.22,80760.53,0,0
2025-05-22 11:45:00+05:30,80760.24,80855.93,80748.11,80767.07,0,0
2025-05-22 12:15:00+05:30,80766.1,80784.47,80685.09,80729.92,0,0
2025-05-22 12:45:00+05:30,80730.2,80738.07,80591.68,80679.41,0,0
2025-05-22 13:15:00+05:30,80681.13,80747.56,80639.16,80649.88,0,0
2025-05-22 13:45:00+05:30,80649.88,80705.45,80629.37,80683.17,0,0
2025-05-22 14:15:00+05:30,80683.67,80802.5,80489.92,80784.19,0,0
2025-05-22 14:45:00+05:30,80791.16,81031.75,80649.14,80927.43,0,0
2025-05-22 15:15:00+05:30,80927.19,81047.48,80890.97,81009.61,0,0
2025-05-23 09:15:00+05:30,80897.0,81470.37,80897.0,81454.85,0,0
2025-05-23 09:45:00+05:30,81449.67,81625.65,81410.15,81592.82,0,0
2025-05-23 10:15:00+05:30,81591.46,81606.02,81375.52,81571.3,0,0
2025-05-23 10:45:00+05:30,81571.6,81905.17,81564.51,81843.95,0,0
2025-05-23 11:15:00+05:30,81843.95,81895.74,81718.85,81775.69,0,0
2025-05-23 11:45:00+05:30,81772.78,81779.67,81574.38,81636.66,0,0
2025-05-23 12:15:00+05:30,81636.9,81860.0,81628.51,81777.12,0,0
2025-05-23 12:45:00+05:30,81778.01,81850.78,81770.91,81775.15,0,0
2025-05-23 13:15:00+05:30,81774.23,81852.8,81686.7,81695.5,0,0
2025-05-23 13:45:00+05:30,81695.5,81836.91,81659.48,81756.54,0,0
2025-05-23 14:15:00+05:30,81758.88,81805.23,81649.52,81651.98,0,0
2025-05-23 14:45:00+05:30,81655.22,81758.34,81609.59,81726.19,0,0
2025-05-23 15:15:00+05:30,81728.51,81753.98,81686.45,81695.9,0,0
2025-05-26 09:15:00+05:30,81928.95,82397.6,81867.23,82362.19,0,0
2025-05-26 09:45:00+05:30,82368.36,82492.24,82353.29,82374.56,0,0
2025-05-26 10:15:00+05:30,82375.33,82396.52,81941.99,82127.14,0,0
2025-05-26 10:45:00+05:30,82127.14,82197.58,82072.28,82139.35,0,0
2025-05-26 11:15:00+05:30,82139.08,82308.95,82078.34,82110.91,0,0
2025-05-26 11:45:00+05:30,82110.44,82246.55,82110.44,82172.92,0,0
2025-05-26 12:15:00+05:30,82175.13,82247.33,82105.63,82105.63,0,0
2025-05-26 12:45:00+05:30,82102.3,82170.75,82015.44,82116.42,0,0
2025-05-26 13:15:00+05:30,82116.42,82188.02,82051.86,82173.92,0,0
2025-05-26 13:45:00+05:30,82173.59,82215.95,82078.26,82197.91,0,0
2025-05-26 14:15:00+05:30,82197.91,82208.22,82056.5,82151.92,0,0
2025-05-26 14:45:00+05:30,82151.92,82233.08,82126.99,82209.4,0,0
2025-05-26 15:15:00+05:30,82209.14,82209.14,82139.94,82184.54,0,0
2025-05-27 09:15:00+05:30,82038.2,82091.54,81303.88,81566.71,0,0
2025-05-27 09:45:00+05:30,81563.2,81568.45,81261.96,81409.08,0,0
2025-05-27 10:15:00+05:30,81407.54,81470.55,81311.74,81336.18,0,0
2025-05-27 10:45:00+05:30,81337.08,82068.89,81320.18,81758.5,0,0
2025-05-27 11:15:00+05:30,81764.78,82410.52,81764.78,82053.74,0,0
2025-05-27 11:45:00+05:30,82053.03,82064.79,81843.87,82023.66,0,0
2025-05-27 12:15:00+05:30,82023.66,82026.95,81518.71,81632.63,0,0
2025-05-27 12:45:00+05:30,81632.63,81710.8,81426.8,81506.16,0,0
2025-05-27 13:15:00+05:30,81506.16,81608.81,81445.23,81606.36,0,0
2025-05-27 13:45:00+05:30,81607.74,81711.67,81255.73,81311.17,0,0
2025-05-27 14:15:00+05:30,81311.31,81383.08,81121.7,81383.08,0,0
2025-05-27 14:45:00+05:30,81388.6,81614.92,81311.77,81579.65,0,0
2025-05-27 15:15:00+05:30,81580.1,81600.93,81497.31,81551.63,0,0
2025-05-28 09:15:00+05:30,81457.61,81613.36,81259.1,81434.11,0,0
2025-05-28 09:45:00+05:30,81435.68,81478.2,81297.82,81312.41,0,0
2025-05-28 10:15:00+05:30,81313.3,81364.48,81244.02,81311.61,0,0
2025-05-28 10:45:00+05:30,81309.46,81460.31,81304.87,81346.89,0,0
2025-05-28 11:15:00+05:30,81347.29,81413.71,81295.49,81326.03,0,0
2025-05-28 11:45:00+05:30,81326.54,81401.49,81303.82,81343.47,0,0
2025-05-28 12:15:00+05:30,81343.24,81461.13,81339.98,81442.93,0,0
2025-05-28 12:45:00+05:30,81442.93,81545.74,81422.5,81445.33,0,0
2025-05-28 13:15:00+05:30,81445.33,81469.55,81387.78,81396.96,0,0
2025-05-28 13:45:00+05:30,81395.82,81474.64,81361.95,81444.74,0,0
2025-05-28 14:15:00+05:30,81446.29,81475.17,81394.62,81436.93,0,0
2025-05-28 14:45:00+05:30,81439.34,81444.64,81305.81,81317.55,0,0
2025-05-28 15:15:00+05:30,81315.81,81350.22,81285.7,81347.89,0,0
2025-05-29 09:15:00+05:30,81591.03,81816.89,81440.83,81525.97,0,0
2025-05-29 09:45:00+05:30,81525.61,81640.44,81436.89,81489.07,0,0
2025-05-29 10:15:00+05:30,81485.62,81501.81,81319.6,81327.35,0,0
2025-05-29 10:45:00+05:30,81328.33,81401.59,81236.49,81267.87,0,0
2025-05-29 11:15:00+05:30,81262.53,81315.01,81212.79,81268.99,0,0
2025-05-29 11:45:00+05:30,81270.28,81312.16,81250.08,81268.98,0,0
2025-05-29 12:15:00+05:30,81265.77,81327.03,81106.98,81144.97,0,0
2025-05-29 12:45:00+05:30,81145.56,81356.3,81135.18,81305.07,0,0
2025-05-29 13:15:00+05:30,81305.8,81368.98,81286.89,81334.14,0,0
2025-05-29 13:45:00+05:30,81334.47,81346.65,81221.25,81243.32,0,0
2025-05-29 14:15:00+05:30,81243.32,81375.32,81225.4,81330.05,0,0
2025-05-29 14:45:00+05:30,81329.83,81677.09,81298.93,81663.3,0,0
2025-05-29 15:15:00+05:30,81663.75,81800.51,81636.7,81795.35,0,0
2025-05-30 09:15:00+05:30,81465.69,81698.21,81414.02,81575.5,0,0
2025-05-30 09:45:00+05:30,81576.16,81621.35,81477.74,81523.14,0,0
2025-05-30 10:15:00+05:30,81524.18,81524.18,81306.02,81352.81,0,0
2025-05-30 10:45:00+05:30,81352.81,81447.62,81286.45,81384.31,0,0
2025-05-30 11:15:00+05:30,81384.31,81488.12,81345.32,81346.87,0,0
2025-05-30 11:45:00+05:30,81346.87,81429.6,81306.78,81342.18,0,0
2025-05-30 12:15:00+05:30,81342.13,81383.36,81299.12,81330.53,0,0
2025-05-30 12:45:00+05:30,81330.3,81446.38,81330.3,81416.89,0,0
2025-05-30 13:15:00+05:30,81416.89,81495.82,81386.17,81465.21,0,0
2025-05-30 13:45:00+05:30,81465.17,81567.83,81412.8,81412.8,0,0
2025-05-30 14:15:00+05:30,81412.62,81524.06,81410.02,81466.53,0,0
2025-05-30 14:45:00+05:30,81466.08,81501.88,81357.98,81442.39,0,0
2025-05-30 15:15:00+05:30,81440.24,81479.36,81374.97,81405.85,0,0
2025-06-02 09:15:00+05:30,81214.42,81285.85,80654.26,80803.08,0,0
2025-06-02 09:45:00+05:30,80805.08,80891.87,80762.84,80840.89,0,0
2025-06-02 10:15:00+05:30,80837.99,81035.71,80755.36,81032.39,0,0
2025-06-02 10:45:00+05:30,81032.52,81055.94,80958.26,81001.79,0,0
2025-06-02 11:15:00+05:30,81003.73,81130.48,80970.09,81020.74,0,0
2025-06-02 11:45:00+05:30,81019.17,81169.77,81001.7,81154.11,0,0
2025-06-02 12:15:00+05:30,81155.75,81403.88,81155.63,81353.24,0,0
2025-06-02 12:45:00+05:30,81355.42,81398.02,81206.59,81267.16,0,0
2025-06-02 13:15:00+05:30,81268.34,81379.46,81255.73,81378.62,0,0
2025-06-02 13:45:00+05:30,81380.83,81387.34,81197.35,81253.43,0,0
2025-06-02 14:15:00+05:30,81256.8,81307.78,81100.6,81161.54,0,0
2025-06-02 14:45:00+05:30,81159.93,81474.26,81143.79,81386.43,0,0
2025-06-02 15:15:00+05:30,81384.41,81384.41,81184.68,81272.11,0,0
2025-06-03 09:15:00+05:30,81492.5,81774.23,80948.2,81124.71,0,0
2025-06-03 09:45:00+05:30,81122.84,81258.96,81031.16,81174.23,0,0
2025-06-03 10:15:00+05:30,81173.98,81563.15,80970.62,81083.63,0,0
2025-06-03 10:45:00+05:30,81085.57,81169.62,80893.8,80913.75,0,0
2025-06-03 11:15:00+05:30,80910.64,81172.84,80843.92,80960.41,0,0
2025-06-03 11:45:00+05:30,80958.6,81098.78,80933.16,80979.06,0,0
2025-06-03 12:15:00+05:30,80979.75,81109.16,80879.52,81031.09,0,0
2025-06-03 12:45:00+05:30,81031.69,81034.4,80575.09,80748.54,0,0
2025-06-03 13:15:00+05:30,80755.02,80841.11,80641.58,80710.31,0,0
2025-06-03 13:45:00+05:30,80709.74,80879.21,80687.59,80872.76,0,0
2025-06-03 14:15:00+05:30,80873.24,80961.54,80770.99,80862.58,0,0
2025-06-03 14:45:00+05:30,80862.29,80896.29,80673.68,80710.32,0,0
2025-06-03 15:15:00+05:30,80707.53,80786.56,80661.51,80703.29,0,0
2025-06-04 09:15:00+05:30,80777.65,80967.68,80713.49,80774.08,0,0
2025-06-04 09:45:00+05:30,80767.86,80887.99,80705.18,80850.34,0,0
2025-06-04 10:15:00+05:30,80849.14,80953.09,80826.51,80950.0,0,0
2025-06-04 10:45:00+05:30,80944.79,80948.25,80859.03,80876.5,0,0
2025-06-04 11:15:00+05:30,80878.03,80942.89,80845.12,80907.36,0,0
2025-06-04 11:45:00+05:30,80914.55,80967.59,80882.27,80960.39,0,0
2025-06-04 12:15:00+05:30,80960.75,80973.21,80890.65,80952.1,0,0
2025-06-04 12:45:00+05:30,80952.1,81022.98,80942.21,80951.6,0,0
2025-06-04 13:15:00+05:30,80951.6,80993.4,80922.21,80971.45,0,0
2025-06-04 13:45:00+05:30,80969.48,81045.05,80957.1,80994.48,0,0
2025-06-04 14:15:00+05:30,80994.48,81029.56,80977.67,81000.58,0,0
2025-06-04 14:45:00+05:30,81000.62,81087.29,80972.37,81000.2,0,0
2025-06-04 15:15:00+05:30,81000.39,81011.44,80944.55,80967.31,0,0
2025-06-05 09:15:00+05:30,81196.08,81440.5,80983.73,81425.09,0,0
2025-06-05 09:45:00+05:30,81420.96,81461.99,81332.77,81353.9,0,0
2025-06-05 10:15:00+05:30,81356.74,81378.82,81293.5,81325.32,0,0
2025-06-05 10:45:00+05:30,81325.32,81328.58,81230.38,81282.52,0,0
2025-06-05 11:15:00+05:30,81282.52,81443.8,81281.27,81352.58,0,0
2025-06-05 11:45:00+05:30,81351.72,81831.35,81322.96,81809.98,0,0
2025-06-05 12:15:00+05:30,81820.0,81911.13,81579.98,81648.57,0,0
2025-06-05 12:45:00+05:30,81647.67,81661.1,81483.97,81498.64,0,0
2025-06-05 13:15:00+05:30,81498.71,81531.49,81298.04,81356.87,0,0
2025-06-05 13:45:00+05:30,81356.93,81423.54,81246.7,81315.17,0,0
2025-06-05 14:15:00+05:30,81314.25,81470.26,81260.28,81439.08,0,0
2025-06-05 14:45:00+05:30,81439.08,81514.6,81343.63,81415.14,0,0
2025-06-05 15:15:00+05:30,81416.16,81510.62,81407.86,81442.19,0,0
2025-06-06 09:15:00+05:30,81434.24,81464.59,81183.41,81192.27,0,0
2025-06-06 09:45:00+05:30,81192.56,81607.34,81140.11,81379.94,0,0
2025-06-06 10:15:00+05:30,81384.98,81975.79,81348.64,81933.84,0,0
2025-06-06 10:45:00+05:30,81931.79,82170.82,81917.19,82158.63,0,0
2025-06-06 11:15:00+05:30,82155.84,82236.32,82078.08,82225.59,0,0
2025-06-06 11:45:00+05:30,82216.66,82299.89,82169.27,82169.27,0,0
2025-06-06 12:15:00+05:30,82169.93,82224.32,82087.62,82151.8,0,0
2025-06-06 12:45:00+05:30,82150.0,82168.08,82090.1,82096.69,0,0
2025-06-06 13:15:00+05:30,82096.69,82193.34,82066.05,82140.45,0,0
2025-06-06 13:45:00+05:30,82140.15,82193.91,82089.54,82165.9,0,0
2025-06-06 14:15:00+05:30,82165.9,82262.61,82118.83,82158.57,0,0
2025-06-06 14:45:00+05:30,82158.37,82225.26,82129.95,82179.99,0,0
2025-06-06 15:15:00+05:30,82179.67,82227.42,82152.66,82176.23,0,0
2025-06-09 09:15:00+05:30,82574.55,82669.0,82434.77,82543.22,0,0
2025-06-09 09:45:00+05:30,82541.92,82587.06,82460.66,82566.66,0,0
2025-06-09 10:15:00+05:30,82565.68,82594.03,82529.1,82588.68,0,0
2025-06-09 10:45:00+05:30,82588.92,82614.47,82545.22,82545.22,0,0
2025-06-09 11:15:00+05:30,82541.1,82565.98,82493.71,82509.13,0,0
2025-06-09 11:45:00+05:30,82509.13,82533.87,82471.11,82515.65,0,0
2025-06-09 12:15:00+05:30,82519.62,82566.54,82494.37,82518.15,0,0
2025-06-09 12:45:00+05:30,82518.04,82522.39,82459.02,82486.19,0,0
2025-06-09 13:15:00+05:30,82486.19,82543.3,82432.73,82480.97,0,0
2025-06-09 13:45:00+05:30,82479.59,82521.93,82407.97,82416.33,0,0
2025-06-09 14:15:00+05:30,82412.09,82450.71,82369.24,82429.49,0,0
2025-06-09 14:45:00+05:30,82429.49,82460.52,82402.74,82451.16,0,0
2025-06-09 15:15:00+05:30,82448.6,82481.33,82413.85,82463.36,0,0
2025-06-10 09:15:00+05:30,82643.73,82680.79,82240.4,82398.7,0,0
2025-06-10 09:45:00+05:30,82398.53,82554.68,82382.26,82543.87,0,0
2025-06-10 10:15:00+05:30,82542.89,82576.34,82453.16,82519.03,0,0
2025-06-10 10:45:00+05:30,82522.07,82525.75,82362.78,82467.17,0,0
2025-06-10 11:15:00+05:30,82468.04,82503.49,82428.97,82479.82,0,0
2025-06-10 11:45:00+05:30,82479.89,82530.25,82468.99,82474.38,0,0
2025-06-10 12:15:00+05:30,82474.03,82501.57,82439.31,82490.34,0,0
2025-06-10 12:45:00+05:30,82489.18,82534.67,82441.07,82450.55,0,0
2025-06-10 13:15:00+05:30,82451.11,82518.08,82404.41,82450.73,0,0
2025-06-10 13:45:00+05:30,82461.56,82490.17,82416.69,82470.04,0,0
2025-06-10 14:15:00+05:30,82470.91,82497.54,82375.54,82390.71,0,0
2025-06-10 14:45:00+05:30,82389.2,82478.02,82315.25,82392.55,0,0
2025-06-10 15:15:00+05:30,82384.39,82422.04,82325.12,82343.37,0,0
2025-06-11 09:15:00+05:30,82473.02,82548.01,82308.91,82455.31,0,0
2025-06-11 09:45:00+05:30,82455.15,82563.25,82415.11,82525.37,0,0
2025-06-11 10:15:00+05:30,82525.31,82592.21,82463.02,82592.16,0,0
2025-06-11 10:45:00+05:30,82594.82,82669.63,82581.48,82636.26,0,0
2025-06-11 11:15:00+05:30,82636.88,82710.41,82629.48,82657.05,0,0
2025-06-11 11:45:00+05:30,82660.43,82743.37,82648.17,82712.71,0,0
2025-06-11 12:15:00+05:30,82710.01,82746.56,82632.88,82676.94,0,0
2025-06-11 12:45:00+05:30,82676.59,82783.51,82667.91,82719.51,0,0
2025-06-11 13:15:00+05:30,82720.11,82731.18,82559.52,82563.07,0,0
2025-06-11 13:45:00+05:30,82564.08,82565.26,82417.69,82471.32,0,0
2025-06-11 14:15:00+05:30,82471.32,82550.14,82467.23,82487.8,0,0
2025-06-11 14:45:00+05:30,82487.8,82567.52,82481.65,82529.47,0,0
2025-06-11 15:15:00+05:30,82532.87,82539.62,82450.56,82450.56,0,0
2025-06-12 09:15:00+05:30,82571.67,82661.04,82366.59,82372.5,0,0
2025-06-12 09:45:00+05:30,82372.44,82442.98,82254.56,82351.27,0,0
2025-06-12 10:15:00+05:30,82351.27,82398.88,82173.27,82173.53,0,0
2025-06-12 10:45:00+05:30,82173.53,82244.04,82170.97,82197.32,0,0
2025-06-12 11:15:00+05:30,82197.32,82325.12,82109.98,82156.8,0,0
2025-06-12 11:45:00+05:30,82157.15,82199.79,82107.36,82183.3,0,0
2025-06-12 12:15:00+05:30,82184.25,82262.93,82171.31,82231.59,0,0
2025-06-12 12:45:00+05:30,82233.62,82295.19,82120.28,82190.97,0,0
2025-06-12 13:15:00+05:30,82190.78,82202.12,81770.13,81799.63,0,0
2025-06-12 13:45:00+05:30,81797.49,81828.12,81523.16,81573.98,0,0
2025-06-12 14:15:00+05:30,81573.98,81774.58,81573.98,81738.37,0,0
2025-06-12 14:45:00+05:30,81740.09,81827.48,81720.07,81722.19,0,0
2025-06-12 15:15:00+05:30,81721.38,81721.38,81609.98,81646.79,0,0
2025-06-13 09:15:00+05:30,80427.81,80914.02,80354.59,80800.08,0,0
2025-06-13 09:45:00+05:30,80802.86,80902.75,80745.54,80858.71,0,0
2025-06-13 10:15:00+05:30,80861.23,81005.92,80811.02,80979.78,0,0
2025-06-13 10:45:00+05:30,80979.74,81037.1,80925.9,80929.3,0,0
2025-06-13 11:15:00+05:30,80929.3,81044.11,80876.88,81018.09,0,0
2025-06-13 11:45:00+05:30,81018.09,81070.07,80990.23,81035.26,0,0
2025-06-13 12:15:00+05:30,81035.67,81149.67,81035.67,81056.05,0,0
2025-06-13 12:45:00+05:30,81056.97,81057.3,81003.57,81038.74,0,0
2025-06-13 13:15:00+05:30,81039.4,81180.64,81025.66,81172.87,0,0
2025-06-13 13:45:00+05:30,81171.88,81238.68,81084.58,81113.51,0,0
2025-06-13 14:15:00+05:30,81113.51,81146.64,81012.46,81016.27,0,0
2025-06-13 14:45:00+05:30,81016.33,81147.0,80898.26,81135.33,0,0
2025-06-13 15:15:00+05:30,81135.43,81192.13,81070.18,81162.47,0,0
2025-06-16 09:15:00+05:30,81034.45,81409.06,81012.31,81272.82,0,0
2025-06-16 09:45:00+05:30,81277.49,81281.83,81094.2,81263.02,0,0
2025-06-16 10:15:00+05:30,81263.09,81587.02,81255.09,81583.64,0,0
2025-06-16 10:45:00+05:30,81585.24,81781.89,81554.09,81697.66,0,0
2025-06-16 11:15:00+05:30,81697.66,81713.75,81598.08,81698.73,0,0
2025-06-16 11:45:00+05:30,81697.89,81763.05,81628.16,81718.07,0,0
2025-06-16 12:15:00+05:30,81717.47,81832.66,81615.12,81799.78,0,0
2025-06-16 12:45:00+05:30,81800.6,81820.42,81681.46,81770.51,0,0
2025-06-16 13:15:00+05:30,81772.9,81865.82,81727.96,81816.85,0,0
2025-06-16 13:45:00+05:30,81821.27,81859.36,81749.25,81855.94,0,0
2025-06-16 14:15:00+05:30,81855.56,81859.28,81716.11,81761.54,0,0
2025-06-16 14:45:00+05:30,81761.33,81825.69,81712.49,81815.18,0,0
2025-06-16 15:15:00+05:30,81815.87,81839.31,81756.69,81774.26,0,0
2025-06-17 09:15:00+05:30,81869.47,81890.15,81538.96,81587.39,0,0
2025-06-17 09:45:00+05:30,81591.06,81601.43,81471.89,81507.77,0,0
2025-06-17 10:15:00+05:30,81508.21,81673.2,81492.31,81645.26,0,0
2025-06-17 10:45:00+05:30,81647.3,81648.55,81537.64,81569.33,0,0
2025-06-17 11:15:00+05:30,81569.7,81655.98,81544.29,81647.66,0,0
2025-06-17 11:45:00+05:30,81648.03,81652.81,81519.61,81524.24,0,0
2025-06-17 12:15:00+05:30,81526.25,81583.64,81471.23,81513.67,0,0
2025-06-17 12:45:00+05:30,81513.43,81549.51,81427.01,81505.06,0,0
2025-06-17 13:15:00+05:30,81502.74,81551.52,81466.98,81523.77,0,0
2025-06-17 13:45:00+05:30,81523.25,81595.62,81487.4,81563.77,0,0
2025-06-17 14:15:00+05:30,81564.85,81645.95,81499.71,81577.05,0,0
2025-06-17 14:45:00+05:30,81577.05,81653.26,81517.87,81607.05,0,0
2025-06-17 15:15:00+05:30,81607.25,81663.48,81501.93,81534.81,0,0
2025-06-18 09:15:00+05:30,81314.62,81847.86,81304.1,81805.26,0,0
2025-06-18 09:45:00+05:30,81811.45,81858.97,81697.5,81736.86,0,0
2025-06-18 10:15:00+05:30,81735.02,81773.48,81515.54,81599.4,0,0
2025-06-18 10:45:00+05:30,81597.79,81608.82,81454.23,81473.97,0,0
2025-06-18 11:15:00+05:30,81473.97,81486.8,81270.8,81359.25,0,0
2025-06-18 11:45:00+05:30,81357.84,81449.98,81312.51,81426.32,0,0
2025-06-18 12:15:00+05:30,81426.22,81433.47,81318.46,81338.79,0,0
2025-06-18 12:45:00+05:30,81337.48,81398.76,81267.96,81387.93,0,0
2025-06-18 13:15:00+05:30,81388.78,81429.5,81364.57,81364.57,0,0
2025-06-18 13:45:00+05:30,81364.57,81367.4,81270.3,81317.32,0,0
2025-06-18 14:15:00+05:30,81318.2,81368.65,81237.01,81349.68,0,0
2025-06-18 14:45:00+05:30,81349.68,81483.67,81334.51,81441.89,0,0
2025-06-18 15:15:00+05:30,81441.16,81486.77,81412.68,81429.58,0,0
2025-06-19 09:15:00+05:30,81403.94,81521.42,81191.04,81518.95,0,0
2025-06-19 09:45:00+05:30,81519.19,81583.94,81435.0,81500.32,0,0
2025-06-19 10:15:00+05:30,81499.99,81535.17,81397.52,81442.33,0,0
2025-06-19 10:45:00+05:30,81442.33,81475.3,81388.19,81439.22,0,0
2025-06-19 11:15:00+05:30,81438.92,81459.55,81354.32,81395.72,0,0
2025-06-19 11:45:00+05:30,81395.06,81450.11,81378.24,81410.33,0,0
2025-06-19 12:15:00+05:30,81410.33,81436.39,81379.2,81391.67,0,0
2025-06-19 12:45:00+05:30,81392.49,81463.85,81358.46,81424.43,0,0
2025-06-19 13:15:00+05:30,81425.32,81445.85,81377.47,81409.09,0,0
2025-06-19 13:45:00+05:30,81408.55,81557.8,81388.96,81529.28,0,0
2025-06-19 14:15:00+05:30,81528.99,81557.32,81364.03,81427.31,0,0
2025-06-19 14:45:00+05:30,81428.56,81458.05,81358.9,81368.19,0,0
2025-06-19 15:15:00+05:30,81367.6,81429.5,81240.12,81240.12,0,0
2025-06-20 09:15:00+05:30,81354.85,81651.3,81323.2,81643.34,0,0
2025-06-20 09:45:00+05:30,81642.94,81777.19,81582.83,81775.57,0,0
2025-06-20 10:15:00+05:30,81772.65,82186.37,81772.65,82040.05,0,0
2025-06-20 10:45:00+05:30,82042.52,82117.87,82008.42,82074.54,0,0
2025-06-20 11:15:00+05:30,82075.16,82171.22,82027.93,82086.4,0,0
2025-06-20 11:45:00+05:30,82086.4,82158.42,82071.12,82138.85,0,0
2025-06-20 12:15:00+05:30,82140.25,82157.99,81948.02,82068.49,0,0
2025-06-20 12:45:00+05:30,82068.49,82204.42,82052.61,82181.28,0,0
2025-06-20 13:15:00+05:30,82184.96,82297.36,82172.1,82197.85,0,0
2025-06-20 13:45:00+05:30,82197.85,82245.58,82172.23,82210.02,0,0
2025-06-20 14:15:00+05:30,82209.7,82249.81,82155.28,82189.48,0,0
2025-06-20 14:45:00+05:30,82189.48,82481.54,82131.21,82417.29,0,0
2025-06-20 15:15:00+05:30,82428.64,82494.49,82299.72,82323.37,0,0
2025-06-23 09:15:00+05:30,81704.07,81984.44,81567.68,81621.66,0,0
2025-06-23 09:45:00+05:30,81621.35,81627.14,81476.76,81598.48,0,0
2025-06-23 10:15:00+05:30,81599.22,81780.19,81573.63,81766.96,0,0
2025-06-23 10:45:00+05:30,81768.41,81817.7,81702.0,81777.51,0,0
2025-06-23 11:15:00+05:30,81775.94,81895.69,81753.42,81876.8,0,0
2025-06-23 11:45:00+05:30,81879.94,81880.92,81754.56,81788.92,0,0
2025-06-23 12:15:00+05:30,81789.54,81864.65,81769.47,81858.6,0,0
2025-06-23 12:45:00+05:30,81858.27,81861.4,81791.77,81834.61,0,0
2025-06-23 13:15:00+05:30,81836.12,82115.4,81835.42,82051.36,0,0
2025-06-23 13:45:00+05:30,82051.36,82169.67,82018.7,82035.67,0,0
2025-06-23 14:15:00+05:30,82035.82,82050.7,81911.02,81929.29,0,0
2025-06-23 14:45:00+05:30,81929.26,81975.6,81900.72,81914.15,0,0
2025-06-23 15:15:00+05:30,81913.39,81941.0,81824.92,81860.73,0,0
2025-06-24 09:15:00+05:30,82534.61,82835.39,82445.84,82568.79,0,0
2025-06-24 09:45:00+05:30,82568.79,82830.29,82360.04,82773.17,0,0
2025-06-24 10:15:00+05:30,82773.36,82852.62,82601.22,82695.01,0,0
2025-06-24 10:45:00+05:30,82694.81,82894.83,82536.72,82859.49,0,0
2025-06-24 11:15:00+05:30,82860.81,82939.63,82804.52,82900.53,0,0
2025-06-24 11:45:00+05:30,82901.3,83015.99,82860.61,83010.41,0,0
2025-06-24 12:15:00+05:30,83012.9,83018.16,82393.21,82493.63,0,0
2025-06-24 12:45:00+05:30,82493.27,82863.88,82462.62,82566.91,0,0
2025-06-24 13:15:00+05:30,82567.43,82602.32,82016.9,82061.04,0,0
2025-06-24 13:45:00+05:30,82061.67,82221.28,81900.12,82038.22,0,0
2025-06-24 14:15:00+05:30,82040.56,82174.65,81973.08,82104.75,0,0
2025-06-24 14:45:00+05:30,82106.15,82106.15,81969.45,82060.39,0,0
2025-06-24 15:15:00+05:30,82062.05,82201.47,82015.46,82160.94,0,0
2025-06-25 09:15:00+05:30,82448.8,82568.09,82339.57,82549.54,0,0
2025-06-25 09:45:00+05:30,82550.33,82614.01,82508.96,82510.65,0,0
2025-06-25 10:15:00+05:30,82510.65,82654.71,82507.18,82617.19,0,0
2025-06-25 10:45:00+05:30,82616.54,82656.78,82567.18,82596.39,0,0
2025-06-25 11:15:00+05:30,82597.64,82675.91,82585.63,82637.65,0,0
2025-06-25 11:45:00+05:30,82638.49,82656.14,82573.21,82591.36,0,0
2025-06-25 12:15:00+05:30,82591.36,82662.31,82553.26,82630.45,0,0
2025-06-25 12:45:00+05:30,82630.3,82741.08,82573.07,82721.58,0,0
2025-06-25 13:15:00+05:30,82722.19,82815.91,82698.86,82783.61,0,0
2025-06-25 13:45:00+05:30,82783.0,82786.44,82680.76,82755.49,0,0
2025-06-25 14:15:00+05:30,82755.95,82808.91,82686.68,82759.98,0,0
2025-06-25 14:45:00+05:30,82759.98,82805.21,82688.37,82762.63,0,0
2025-06-25 15:15:00+05:30,82763.52,82765.0,82712.0,82734.7,0,0
2025-06-26 09:15:00+05:30,82882.92,83211.81,82816.26,83065.08,0,0
2025-06-26 09:45:00+05:30,83063.49,83380.98,83061.53,83215.61,0,0
2025-06-26 10:15:00+05:30,83216.3,83246.88,82987.71,82987.71,0,0
2025-06-26 10:45:00+05:30,82982.86,83146.27,82952.59,83061.32,0,0
2025-06-26 11:15:00+05:30,83065.87,83187.61,83012.34,83045.77,0,0
2025-06-26 11:45:00+05:30,83045.78,83339.98,83042.19,83294.89,0,0
2025-06-26 12:15:00+05:30,83294.89,83356.04,83266.41,83309.4,0,0
2025-06-26 12:45:00+05:30,83310.87,83310.87,83152.49,83255.45,0,0
2025-06-26 13:15:00+05:30,83254.81,83439.81,83254.23,83410.85,0,0
2025-06-26 13:45:00+05:30,83410.85,83689.91,83410.85,83673.21,0,0
2025-06-26 14:15:00+05:30,83673.86,83706.16,83558.5,83606.19,0,0
2025-06-26 14:45:00+05:30,83606.99,83805.19,83518.65,83718.64,0,0
2025-06-26 15:15:00+05:30,83719.09,83812.09,83682.11,83708.93,0,0
2025-06-27 09:15:00+05:30,83774.45,83985.09,83645.41,83719.9,0,0
2025-06-27 09:45:00+05:30,83717.95,83829.66,83690.24,83821.6,0,0
2025-06-27 10:15:00+05:30,83817.65,83859.7,83744.29,83818.71,0,0
2025-06-27 10:45:00+05:30,83818.71,83945.43,83818.71,83927.09,0,0
2025-06-27 11:15:00+05:30,83927.11,83951.52,83896.96,83931.99,0,0
2025-06-27 11:45:00+05:30,83931.99,83935.07,83869.25,83914.56,0,0
2025-06-27 12:15:00+05:30,83914.56,84027.96,83913.82,84012.8,0,0
2025-06-27 12:45:00+05:30,84018.56,84047.67,83950.73,83966.79,0,0
2025-06-27 13:15:00+05:30,83966.14,84023.49,83934.93,83981.74,0,0
2025-06-27 13:45:00+05:30,83981.74,84028.34,83970.62,84001.81,0,0
2025-06-27 14:15:00+05:30,84001.81,84005.76,83925.6,83992.82,0,0
2025-06-27 14:45:00+05:30,83993.18,84089.35,83985.46,84026.78,0,0
2025-06-27 15:15:00+05:30,84023.48,84082.35,83994.81,84032.02,0,0
2025-06-30 09:15:00+05:30,84027.33,84099.53,83834.77,83862.81,0,0
2025-06-30 09:45:00+05:30,83863.21,83888.0,83734.82,83861.8,0,0
2025-06-30 10:15:00+05:30,83860.45,83904.46,83720.44,83729.98,0,0
2025-06-30 10:45:00+05:30,83728.84,83801.41,83694.44,83732.28,0,0
2025-06-30 11:15:00+05:30,83732.28,83816.31,83698.62,83770.24,0,0
2025-06-30 11:45:00+05:30,83770.24,83894.95,83766.01,83890.83,0,0
2025-06-30 12:15:00+05:30,83892.01,83919.4,83720.19,83732.77,0,0
2025-06-30 12:45:00+05:30,83733.23,83774.86,83594.04,83607.45,0,0
2025-06-30 13:15:00+05:30,83607.45,83636.07,83545.89,83580.8,0,0
2025-06-30 13:45:00+05:30,83582.22,83592.67,83482.13,83538.33,0,0
2025-06-30 14:15:00+05:30,83538.33,83565.05,83486.27,83542.7,0,0
2025-06-30 14:45:00+05:30,83542.7,83651.28,83516.1,83634.81,0,0
2025-06-30 15:15:00+05:30,83635.99,83642.62,83573.22,83597.98,0,0
2025-07-01 09:15:00+05:30,83685.66,83874.29,83597.51,83844.9,0,0
2025-07-01 09:45:00+05:30,83844.93,83867.38,83636.48,83671.9,0,0
2025-07-01 10:15:00+05:30,83670.24,83754.64,83648.02,83711.2,0,0
2025-07-01 10:45:00+05:30,83711.47,83744.51,83644.04,83670.09,0,0
2025-07-01 11:15:00+05:30,83670.09,83705.14,83603.87,83603.87,0,0
2025-07-01 11:45:00+05:30,83608.05,83702.8,83572.51,83636.07,0,0
2025-07-01 12:15:00+05:30,83636.07,83717.42,83634.47,83693.16,0,0
2025-07-01 12:45:00+05:30,83693.16,83724.31,83643.96,83654.45,0,0
2025-07-01 13:15:00+05:30,83654.45,83694.29,83603.61,83679.37,0,0
2025-07-01 13:45:00+05:30,83673.07,83735.63,83617.39,83732.84,0,0
2025-07-01 14:15:00+05:30,83733.13,83743.73,83617.25,83638.51,0,0
2025-07-01 14:45:00+05:30,83639.21,83754.92,83617.96,83674.21,0,0
2025-07-01 15:15:00+05:30,83673.03,83764.41,83618.33,83640.88,0,0
2025-07-02 09:15:00+05:30,83790.72,83935.01,83695.73,83713.04,0,0
2025-07-02 09:45:00+05:30,83708.87,83785.69,83649.74,83695.06,0,0
2025-07-02 10:15:00+05:30,83697.26,83697.45,83542.85,83559.93,0,0
2025-07-02 10:45:00+05:30,83558.79,83589.24,83471.57,83504.13,0,0
2025-07-02 11:15:00+05:30,83502.64,83570.06,83472.42,83536.11,0,0
2025-07-02 11:45:00+05:30,83536.11,83561.8,83490.72,83542.86,0,0
2025-07-02 12:15:00+05:30,83543.26,83552.05,83505.05,83530.67,0,0
2025-07-02 12:45:00+05:30,83531.96,83538.23,83420.77,83420.77,0,0
2025-07-02 13:15:00+05:30,83420.77,83430.55,83186.3,83211.11,0,0
2025-07-02 13:45:00+05:30,83208.97,83310.69,83192.93,83288.46,0,0
2025-07-02 14:15:00+05:30,83288.16,83310.28,83150.77,83230.33,0,0
2025-07-02 14:45:00+05:30,83232.18,83484.67,83217.95,83447.58,0,0
2025-07-02 15:15:00+05:30,83445.56,83445.59,83365.48,83390.26,0,0
2025-07-03 09:15:00+05:30,83540.74,83689.05,83348.49,83549.79,0,0
2025-07-03 09:45:00+05:30,83552.8,83778.41,83552.8,83713.47,0,0
2025-07-03 10:15:00+05:30,83718.46,83781.59,83676.76,83732.77,0,0
2025-07-03 10:45:00+05:30,83732.77,83803.0,83669.0,83758.56,0,0
2025-07-03 11:15:00+05:30,83765.14,83836.99,83612.57,83625.65,0,0
2025-07-03 11:45:00+05:30,83625.0,83642.08,83552.09,83589.6,0,0
2025-07-03 12:15:00+05:30,83591.57,83680.53,83544.14,83639.82,0,0
2025-07-03 12:45:00+05:30,83639.82,83661.19,83564.77,83603.03,0,0
2025-07-03 13:15:00+05:30,83602.57,83850.09,83523.94,83809.8,0,0
2025-07-03 13:45:00+05:30,83809.8,83825.26,83534.15,83550.11,0,0
2025-07-03 14:15:00+05:30,83550.27,83552.96,83186.74,83245.37,0,0
2025-07-03 14:45:00+05:30,83240.86,83353.61,83211.75,83227.72,0,0
2025-07-03 15:15:00+05:30,83227.91,83296.01,83194.85,83257.05,0,0
2025-07-04 09:15:00+05:30,83306.81,83441.95,83102.55,83198.68,0,0
2025-07-04 09:45:00+05:30,83201.09,83288.58,83190.41,83254.76,0,0
2025-07-04 10:15:00+05:30,83255.99,83295.08,83211.53,83262.03,0,0
2025-07-04 10:45:00+05:30,83261.44,83320.49,83205.22,83298.63,0,0
2025-07-04 11:15:00+05:30,83297.2,83318.99,83079.94,83095.77,0,0
2025-07-04 11:45:00+05:30,83098.8,83115.9,83015.83,83069.09,0,0
2025-07-04 12:15:00+05:30,83068.05,83126.99,83057.9,83111.14,0,0
2025-07-04 12:45:00+05:30,83111.25,83147.37,83084.37,83137.8,0,0
2025-07-04 13:15:00+05:30,83137.8,83194.78,83110.47,83178.13,0,0
2025-07-04 13:45:00+05:30,83176.36,83210.85,83102.37,83195.11,0,0
2025-07-04 14:15:00+05:30,83195.0,83400.07,83155.6,83395.12,0,0
2025-07-04 14:45:00+05:30,83398.6,83453.93,83361.24,83444.43,0,0
2025-07-04 15:15:00+05:30,83444.65,83477.86,83399.24,83467.81,0,0
2025-07-07 09:15:00+05:30,83398.08,83516.82,83262.23,83384.92,0,0
2025-07-07 09:45:00+05:30,83388.23,83468.91,83287.96,83330.08,0,0
2025-07-07 10:15:00+05:30,83330.89,83398.74,83308.72,83382.36,0,0
2025-07-07 10:45:00+05:30,83381.07,83480.93,83380.6,83420.5,0,0
2025-07-07 11:15:00+05:30,83420.81,83433.92,83377.31,83416.46,0,0
2025-07-07 11:45:00+05:30,83416.46,83416.46,83316.24,83334.41,0,0
2025-07-07 12:15:00+05:30,83334.41,83406.02,83306.73,83377.5,0,0
2025-07-07 12:45:00+05:30,83381.35,83414.96,83301.46,83388.27,0,0
2025-07-07 13:15:00+05:30,83390.32,83428.66,83384.91,83403.04,0,0
2025-07-07 13:45:00+05:30,83403.7,83466.73,83367.44,83418.31,0,0
2025-07-07 14:15:00+05:30,83418.31,83457.4,83319.25,83331.56,0,0
2025-07-07 14:45:00+05:30,83331.56,83478.92,83314.44,83428.75,0,0
2025-07-07 15:15:00+05:30,83428.44,83476.92,83407.19,83407.19,0,0
2025-07-08 09:15:00+05:30,83387.03,83561.8,83320.95,83505.83,0,0
2025-07-08 09:45:00+05:30,83505.12,83543.71,83412.87,83426.49,0,0
2025-07-08 10:15:00+05:30,83426.02,83481.43,83395.8,83417.55,0,0
2025-07-08 10:45:00+05:30,83416.94,83444.56,83374.78,83406.78,0,0
2025-07-08 11:15:00+05:30,83406.93,83482.17,83388.61,83414.24,0,0
2025-07-08 11:45:00+05:30,83416.18,83494.17,83405.71,83460.3,0,0
2025-07-08 12:15:00+05:30,83460.19,83542.33,83435.5,83492.03,0,0
2025-07-08 12:45:00+05:30,83499.4,83564.03,83484.01,83507.83,0,0
2025-07-08 13:15:00+05:30,83507.83,83527.88,83450.36,83517.08,0,0
2025-07-08 13:45:00+05:30,83515.11,83541.56,83465.99,83503.31,0,0
2025-07-08 14:15:00+05:30,83505.88,83528.9,83453.86,83474.57,0,0
2025-07-08 14:45:00+05:30,83474.5,83776.81,83435.23,83748.2,0,0
2025-07-08 15:15:00+05:30,83748.0,83812.31,83660.24,83708.94,0,0
2025-07-09 09:15:00+05:30,83625.89,83697.83,83519.41,83545.53,0,0
2025-07-09 09:45:00+05:30,83543.69,83741.78,83533.11,83736.07,0,0
2025-07-09 10:15:00+05:30,83731.55,83752.83,83672.6,83708.5,0,0
2025-07-09 10:45:00+05:30,83708.5,83729.41,83666.7,83727.98,0,0
2025-07-09 11:15:00+05:30,83728.17,83769.84,83719.36,83720.33,0,0
2025-07-09 11:45:00+05:30,83721.69,83758.19,83645.76,83750.23,0,0
2025-07-09 12:15:00+05:30,83750.27,83781.36,83733.68,83745.21,0,0
2025-07-09 12:45:00+05:30,83744.64,83761.99,83639.15,83714.4,0,0
2025-07-09 13:15:00+05:30,83714.52,83764.63,83706.04,83727.04,0,0
2025-07-09 13:45:00+05:30,83724.74,83742.31,83684.13,83737.9,0,0
2025-07-09 14:15:00+05:30,83737.95,83741.17,83487.03,83519.67,0,0
2025-07-09 14:45:00+05:30,83519.48,83574.17,83382.28,83560.7,0,0
2025-07-09 15:15:00+05:30,83553.99,83569.74,83504.47,83516.96,0,0
2025-07-10 09:15:00+05:30,83658.2,83742.28,83404.83,83433.39,0,0
2025-07-10 09:45:00+05:30,83433.73,83482.3,83330.28,83350.74,0,0
2025-07-10 10:15:00+05:30,83354.83,83412.01,83309.84,83353.43,0,0
2025-07-10 10:45:00+05:30,83353.78,83386.25,83227.75,83295.42,0,0
2025-07-10 11:15:00+05:30,83295.33,83306.25,83189.12,83226.43,0,0
2025-07-10 11:45:00+05:30,83229.97,83249.05,83151.65,83183.92,0,0
2025-07-10 12:15:00+05:30,83182.43,83349.88,83174.14,83270.21,0,0
2025-07-10 12:45:00+05:30,83270.66,83309.81,83233.24,83250.83,0,0
2025-07-10 13:15:00+05:30,83250.39,83305.05,83196.89,83197.7,0,0
2025-07-10 13:45:00+05:30,83191.36,83388.05,83172.43,83295.1,0,0
2025-07-10 14:15:00+05:30,83294.74,83350.57,83274.68,83332.9,0,0
2025-07-10 14:45:00+05:30,83333.07,83342.96,83140.71,83182.01,0,0
2025-07-10 15:15:00+05:30,83180.57,83236.37,83134.97,83152.18,0,0
2025-07-11 09:15:00+05:30,82820.76,83040.74,82791.83,83022.3,0,0
2025-07-11 09:45:00+05:30,83022.52,83024.14,82806.16,82825.28,0,0
2025-07-11 10:15:00+05:30,82827.43,82828.82,82666.83,82679.05,0,0
2025-07-11 10:45:00+05:30,82678.84,82680.32,82487.42,82592.22,0,0
2025-07-11 11:15:00+05:30,82591.91,82591.91,82493.2,82538.91,0,0
2025-07-11 11:45:00+05:30,82540.57,82564.68,82451.5,82532.78,0,0
2025-07-11 12:15:00+05:30,82532.53,82624.7,82490.02,82599.53,0,0
2025-07-11 12:45:00+05:30,82598.35,82598.35,82464.51,82513.2,0,0
2025-07-11 13:15:00+05:30,82516.5,82545.6,82485.54,82504.19,0,0
2025-07-11 13:45:00+05:30,82498.44,82612.34,82488.34,82558.69,0,0
2025-07-11 14:15:00+05:30,82555.32,82576.11,82499.02,82557.56,0,0
2025-07-11 14:45:00+05:30,82553.25,82576.93,82498.12,82502.22,0,0
2025-07-11 15:15:00+05:30,82505.56,82527.9,82442.25,82457.61,0,0
2025-07-14 09:15:00+05:30,82537.87,82537.87,82109.44,82255.21,0,0
2025-07-14 09:45:00+05:30,82254.49,82396.92,82215.77,82361.4,0,0
2025-07-14 10:15:00+05:30,82361.4,82383.04,82208.64,82274.0,0,0
2025-07-14 10:45:00+05:30,82273.32,82273.32,82161.46,82179.65,0,0
2025-07-14 11:15:00+05:30,82179.65,82194.76,82059.01,82092.54,0,0
2025-07-14 11:45:00+05:30,82092.54,82149.75,82075.52,82138.86,0,0
2025-07-14 12:15:00+05:30,82138.51,82159.25,82091.03,82149.02,0,0
2025-07-14 12:45:00+05:30,82149.02,82173.59,82010.38,82069.54,0,0
2025-07-14 13:15:00+05:30,82067.26,82167.6,82066.52,82136.12,0,0
2025-07-14 13:45:00+05:30,82135.33,82159.05,82034.4,82116.45,0,0
2025-07-14 14:15:00+05:30,82116.45,82166.06,82091.96,82122.72,0,0
2025-07-14 14:45:00+05:30,82122.72,82314.82,82104.03,82252.31,0,0
2025-07-14 15:15:00+05:30,82252.08,82288.74,82227.88,82251.49,0,0
2025-07-15 09:15:00+05:30,82233.16,82462.38,82221.74,82314.16,0,0
2025-07-15 09:45:00+05:30,82315.89,82401.71,82282.4,82392.13,0,0
2025-07-15 10:15:00+05:30,82388.55,82511.51,82312.64,82488.96,0,0
2025-07-15 10:45:00+05:30,82485.8,82743.62,82469.34,82684.54,0,0
2025-07-15 11:15:00+05:30,82684.25,82704.19,82625.47,82678.84,0,0
2025-07-15 11:45:00+05:30,82677.87,82680.05,82598.79,82635.49,0,0
2025-07-15 12:15:00+05:30,82635.45,82672.62,82543.17,82661.78,0,0
2025-07-15 12:45:00+05:30,82661.78,82675.74,82608.64,82608.92,0,0
2025-07-15 13:15:00+05:30,82608.16,82621.26,82502.45,82539.0,0,0
2025-07-15 13:45:00+05:30,82538.11,82589.76,82493.06,82550.39,0,0
2025-07-15 14:15:00+05:30,82550.77,82578.51,82491.7,82529.24,0,0
2025-07-15 14:45:00+05:30,82529.84,82602.19,82447.11,82589.73,0,0
2025-07-15 15:15:00+05:30,82590.91,82666.93,82560.02,82616.43,0,0
2025-07-16 09:15:00+05:30,82534.66,82634.96,82371.52,82450.35,0,0
2025-07-16 09:45:00+05:30,82453.05,82492.11,82398.21,82424.32,0,0
2025-07-16 10:15:00+05:30,82424.04,82461.25,82349.85,82366.32,0,0
2025-07-16 10:45:00+05:30,82354.79,82422.59,82342.94,82411.31,0,0
2025-07-16 11:15:00+05:30,82408.95,82445.08,82351.34,82440.52,0,0
2025-07-16 11:45:00+05:30,82441.28,82613.9,82435.95,82547.54,0,0
2025-07-16 12:15:00+05:30,82547.69,82633.96,82518.27,82613.25,0,0
2025-07-16 12:45:00+05:30,82614.62,82704.98,82606.75,82652.99,0,0
2025-07-16 13:15:00+05:30,82652.99,82680.25,82565.07,82662.33,0,0
2025-07-16 13:45:00+05:30,82661.81,82765.87,82638.43,82740.28,0,0
2025-07-16 14:15:00+05:30,82740.98,82784.75,82684.98,82714.7,0,0
2025-07-16 14:45:00+05:30,82711.23,82738.92,82635.81,82643.25,0,0
2025-07-16 15:15:00+05:30,82641.44,82671.05,82588.96,82623.88,0,0
2025-07-17 09:15:00+05:30,82753.53,82757.09,82532.32,82555.7,0,0
2025-07-17 09:45:00+05:30,82555.7,82595.69,82455.49,82455.49,0,0
2025-07-17 10:15:00+05:30,82455.19,82473.03,82403.29,82430.66,0,0
2025-07-17 10:45:00+05:30,82431.19,82560.5,82417.42,82519.49,0,0
2025-07-17 11:15:00+05:30,82519.49,82589.71,82481.09,82556.89,0,0
2025-07-17 11:45:00+05:30,82557.01,82576.26,82509.07,82527.82,0,0
2025-07-17 12:15:00+05:30,82527.82,82572.57,82458.11,82545.84,0,0
2025-07-17 12:45:00+05:30,82544.71,82548.04,82431.58,82441.36,0,0
2025-07-17 13:15:00+05:30,82439.84,82457.65,82397.97,82437.0,0,0
2025-07-17 13:45:00+05:30,82436.32,82497.07,82367.77,82392.0,0,0
2025-07-17 14:15:00+05:30,82393.02,82414.68,82303.65,82331.7,0,0
2025-07-17 14:45:00+05:30,82331.62,82333.51,82219.27,82281.67,0,0
2025-07-17 15:15:00+05:30,82281.18,82306.07,82245.24,82271.45,0,0
2025-07-18 09:15:00+05:30,82193.62,82334.75,82002.51,82011.51,0,0
2025-07-18 09:45:00+05:30,82016.24,82029.38,81885.15,81925.59,0,0
2025-07-18 10:15:00+05:30,81923.11,81923.11,81673.14,81691.87,0,0
2025-07-18 10:45:00+05:30,81689.3,81744.18,81628.26,81728.46,0,0
2025-07-18 11:15:00+05:30,81733.21,81796.49,81623.51,81625.4,0,0
2025-07-18 11:45:00+05:30,81625.03,81752.34,81622.18,81649.21,0,0
2025-07-18 12:15:00+05:30,81648.68,81695.13,81608.13,81666.05,0,0
2025-07-18 12:45:00+05:30,81666.47,81804.27,81646.83,81707.54,0,0
2025-07-18 13:15:00+05:30,81707.54,81758.73,81654.32,81748.72,0,0
2025-07-18 13:45:00+05:30,81746.66,81798.09,81680.41,81753.99,0,0
2025-07-18 14:15:00+05:30,81750.49,81873.13,81708.71,81743.31,0,0
2025-07-18 14:45:00+05:30,81742.13,81777.06,81710.23,81753.22,0,0
2025-07-18 15:15:00+05:30,81756.32,81797.18,81735.52,81740.09,0,0
2025-07-21 09:15:00+05:30,81918.53,81971.15,81518.66,81723.94,0,0
2025-07-21 09:45:00+05:30,81718.02,82153.61,81689.4,82102.9,0,0
2025-07-21 10:15:00+05:30,82100.24,82121.51,82030.96,82085.86,0,0
2025-07-21 10:45:00+05:30,82085.33,82161.55,82048.96,82127.51,0,0
2025-07-21 11:15:00+05:30,82127.51,82150.89,81927.17,81978.03,0,0
2025-07-21 11:45:00+05:30,81978.15,82072.74,81935.54,82058.77,0,0
2025-07-21 12:15:00+05:30,82059.33,82081.87,81961.72,82050.16,0,0
2025-07-21 12:45:00+05:30,82052.04,82103.0,82040.36,82069.39,0,0
2025-07-21 13:15:00+05:30,82069.39,82083.95,82023.85,82045.27,0,0
2025-07-21 13:45:00+05:30,82044.98,82048.01,81882.12,81985.97,0,0
2025-07-21 14:15:00+05:30,81986.27,82023.29,81921.0,81997.8,0,0
2025-07-21 14:45:00+05:30,81996.82,82199.38,81992.19,82191.11,0,0
2025-07-21 15:15:00+05:30,82193.6,82274.03,82181.9,82245.56,0,0
2025-07-22 09:15:00+05:30,82527.43,82538.17,82257.25,82335.34,0,0
2025-07-22 09:45:00+05:30,82342.79,82401.31,82245.64,82329.61,0,0
2025-07-22 10:15:00+05:30,82329.62,82385.18,82238.25,82251.15,0,0
2025-07-22 10:45:00+05:30,82252.75,82297.5,82151.1,82208.85,0,0
2025-07-22 11:15:00+05:30,82208.85,82215.42,82120.11,82184.99,0,0
2025-07-22 11:45:00+05:30,82185.78,82266.83,82110.63,82227.92,0,0
2025-07-22 12:15:00+05:30,82227.62,82361.24,82213.99,82339.23,0,0
2025-07-22 12:45:00+05:30,82340.11,82379.41,82256.96,82291.98,0,0
2025-07-22 13:15:00+05:30,82291.98,82302.47,82214.65,82233.0,0,0
2025-07-22 13:45:00+05:30,82234.57,82336.35,82207.81,82270.29,0,0
2025-07-22 14:15:00+05:30,82270.29,82287.67,82153.13,82194.94,0,0
2025-07-22 14:45:00+05:30,82194.94,82248.9,82137.34,82181.0,0,0
2025-07-22 15:15:00+05:30,82182.71,82229.86,82160.9,82180.05,0,0
2025-07-23 09:15:00+05:30,82451.87,82475.45,82307.86,82316.27,0,0
2025-07-23 09:45:00+05:30,82315.36,82396.53,82279.73,82351.22,0,0
2025-07-23 10:15:00+05:30,82350.6,82374.43,82311.71,82372.56,0,0
2025-07-23 10:45:00+05:30,82375.11,82467.54,82363.12,82416.31,0,0
2025-07-23 11:15:00+05:30,82417.36,82461.38,82363.62,82418.65,0,0
2025-07-23 11:45:00+05:30,82418.65,82538.53,82410.51,82508.41,0,0
2025-07-23 12:15:00+05:30,82507.82,82632.99,82503.95,82584.55,0,0
2025-07-23 12:45:00+05:30,82576.68,82605.58,82537.97,82539.92,0,0
2025-07-23 13:15:00+05:30,82539.92,82622.56,82492.71,82592.68,0,0
2025-07-23 13:45:00+05:30,82595.82,82689.47,82589.39,82689.47,0,0
2025-07-23 14:15:00+05:30,82690.96,82720.66,82657.83,82700.06,0,0
2025-07-23 14:45:00+05:30,82700.08,82786.43,82682.64,82771.5,0,0
2025-07-23 15:15:00+05:30,82770.05,82776.6,82671.81,82680.58,0,0
2025-07-24 09:15:00+05:30,82779.95,82784.24,82525.34,82567.07,0,0
2025-07-24 09:45:00+05:30,82566.27,82586.7,82456.37,82471.96,0,0
2025-07-24 10:15:00+05:30,82473.38,82575.48,82458.87,82525.95,0,0
2025-07-24 10:45:00+05:30,82525.92,82549.55,82459.73,82464.64,0,0
2025-07-24 11:15:00+05:30,82460.6,82460.6,82284.76,82306.29,0,0
2025-07-24 11:45:00+05:30,82308.38,82349.25,82047.22,82140.73,0,0
2025-07-24 12:15:00+05:30,82143.01,82255.81,82129.99,82213.22,0,0
2025-07-24 12:45:00+05:30,82212.59,82235.82,82078.99,82179.82,0,0
2025-07-24 13:15:00+05:30,82180.12,82233.88,82122.91,82223.11,0,0
2025-07-24 13:45:00+05:30,82223.43,82303.9,82171.31,82273.14,0,0
2025-07-24 14:15:00+05:30,82271.36,82304.96,82215.97,82227.73,0,0
2025-07-24 14:45:00+05:30,82227.78,82240.07,82168.05,82213.56,0,0
2025-07-24 15:15:00+05:30,82213.71,82220.57,82129.77,82147.36,0,0
2025-07-25 09:15:00+05:30,82065.76,82069.51,81721.69,81789.71,0,0
2025-07-25 09:45:00+05:30,81785.7,81843.05,81743.61,81772.7,0,0
2025-07-25 10:15:00+05:30,81772.7,81772.7,81539.97,81626.56,0,0
2025-07-25 10:45:00+05:30,81629.38,81693.59,81588.37,81613.9,0,0
2025-07-25 11:15:00+05:30,81614.1,81764.81,81574.56,81615.27,0,0
2025-07-25 11:45:00+05:30,81613.61,81615.61,81505.11,81543.66,0,0
2025-07-25 12:15:00+05:30,81548.56,81641.33,81440.56,81601.75,0,0
2025-07-25 12:45:00+05:30,81603.07,81637.11,81526.35,81558.79,0,0
2025-07-25 13:15:00+05:30,81559.37,81596.28,81405.83,81558.22,0,0
2025-07-25 13:45:00+05:30,81557.46,81608.3,81455.13,81482.34,0,0
2025-07-25 14:15:00+05:30,81482.34,81534.22,81425.43,81459.1,0,0
2025-07-25 14:45:00+05:30,81455.96,81510.01,81397.69,81480.94,0,0
2025-07-25 15:15:00+05:30,81483.42,81491.19,81421.88,81451.94,0,0
2025-07-28 09:15:00+05:30,81299.97,81478.05,81093.51,81272.66,0,0
2025-07-28 09:45:00+05:30,81260.38,81427.74,81249.79,81410.47,0,0
2025-07-28 10:15:00+05:30,81421.58,81557.41,81334.48,81353.79,0,0
2025-07-28 10:45:00+05:30,81350.38,81444.13,81210.26,81317.44,0,0
2025-07-28 11:15:00+05:30,81316.71,81378.95,81257.8,81288.45,0,0
2025-07-28 11:45:00+05:30,81286.9,81360.63,81230.37,81245.53,0,0
2025-07-28 12:15:00+05:30,81244.15,81277.56,81191.56,81194.46,0,0
2025-07-28 12:45:00+05:30,81192.91,81211.57,80970.31,80986.79,0,0
2025-07-28 13:15:00+05:30,80986.79,81002.72,80830.8,80867.56,0,0
2025-07-28 13:45:00+05:30,80867.67,80962.82,80776.44,80888.08,0,0
2025-07-28 14:15:00+05:30,80886.17,80998.71,80869.41,80989.73,0,0
2025-07-28 14:45:00+05:30,80992.37,80992.37,80870.75,80887.31,0,0
2025-07-28 15:15:00+05:30,80885.25,80931.03,80856.1,80868.66,0,0
2025-07-29 09:15:00+05:30,80620.25,80962.85,80575.45,80909.53,0,0
2025-07-29 09:45:00+05:30,80907.67,80990.72,80809.92,80809.92,0,0
2025-07-29 10:15:00+05:30,80806.39,80833.31,80677.09,80725.28,0,0
2025-07-29 10:45:00+05:30,80723.43,80770.99,80628.85,80760.27,0,0
2025-07-29 11:15:00+05:30,80761.85,80931.11,80760.6,80824.48,0,0
2025-07-29 11:45:00+05:30,80828.13,80898.84,80791.49,80884.2,0,0
2025-07-29 12:15:00+05:30,80881.29,80954.56,80861.53,80886.39,0,0
2025-07-29 12:45:00+05:30,80888.8,81036.29,80885.44,81026.97,0,0
2025-07-29 13:15:00+05:30,81025.82,81143.61,81008.45,81112.26,0,0
2025-07-29 13:45:00+05:30,81113.7,81279.59,81101.31,81258.62,0,0
2025-07-29 14:15:00+05:30,81257.8,81337.09,81178.43,81230.06,0,0
2025-07-29 14:45:00+05:30,81230.53,81350.61,81155.01,81296.22,0,0
2025-07-29 15:15:00+05:30,81296.89,81429.88,81290.23,81303.0,0,0
2025-07-30 09:15:00+05:30,81594.52,81618.96,81313.25,81515.05,0,0
2025-07-30 09:45:00+05:30,81514.28,81517.59,81307.27,81405.87,0,0
2025-07-30 10:15:00+05:30,81405.49,81451.18,81238.5,81270.24,0,0
2025-07-30 10:45:00+05:30,81267.17,81414.82,81187.06,81414.82,0,0
2025-07-30 11:15:00+05:30,81417.26,81605.09,81412.39,81506.62,0,0
2025-07-30 11:45:00+05:30,81505.98,81561.24,81446.27,81451.39,0,0
2025-07-30 12:15:00+05:30,81451.5,81539.02,81450.56,81483.63,0,0
2025-07-30 12:45:00+05:30,81485.95,81549.09,81419.15,81455.71,0,0
2025-07-30 13:15:00+05:30,81455.71,81530.56,81409.15,81520.81,0,0
2025-07-30 13:45:00+05:30,81520.01,81558.93,81474.5,81511.43,0,0
2025-07-30 14:15:00+05:30,81511.16,81608.88,81481.22,81551.89,0,0
2025-07-30 14:45:00+05:30,81550.82,81571.11,81470.23,81499.42,0,0
2025-07-30 15:15:00+05:30,81499.64,81503.72,81439.44,81464.4,0,0
2025-07-31 09:15:00+05:30,80695.5,81050.83,80695.15,80975.02,0,0
2025-07-31 09:45:00+05:30,80973.39,80987.66,80813.57,80877.71,0,0
2025-07-31 10:15:00+05:30,80885.03,80935.08,80857.01,80932.87,0,0
2025-07-31 10:45:00+05:30,80939.43,81200.56,80933.22,81105.31,0,0
2025-07-31 11:15:00+05:30,81108.16,81336.22,81095.33,81332.34,0,0
2025-07-31 11:45:00+05:30,81332.78,81345.69,81148.42,81337.09,0,0
2025-07-31 12:15:00+05:30,81337.58,81536.03,81337.58,81461.21,0,0
2025-07-31 12:45:00+05:30,81458.49,81698.8,81457.61,81625.13,0,0
2025-07-31 13:15:00+05:30,81626.13,81803.27,81606.63,81691.64,0,0
2025-07-31 13:45:00+05:30,81691.64,81776.08,81629.57,81686.3,0,0
2025-07-31 14:15:00+05:30,81692.08,81696.23,81437.59,81539.04,0,0
2025-07-31 14:45:00+05:30,81539.14,81543.22,81147.91,81165.47,0,0
2025-07-31 15:15:00+05:30,81162.06,81200.27,81115.31,81198.28,0,0
2025-08-01 09:15:00+05:30,81074.41,81119.21,80892.69,81027.03,0,0
2025-08-01 09:45:00+05:30,81020.93,81183.52,80956.47,81173.71,0,0
2025-08-01 10:15:00+05:30,81175.76,81317.51,81152.19,81270.66,0,0
2025-08-01 10:45:00+05:30,81270.46,81281.48,81037.24,81051.76,0,0
2025-08-01 11:15:00+05:30,81052.16,81076.82,80843.65,80850.58,0,0
2025-08-01 11:45:00+05:30,80845.63,80949.37,80841.28,80897.71,0,0
2025-08-01 12:15:00+05:30,80895.5,81018.97,80774.54,80826.55,0,0
2025-08-01 12:45:00+05:30,80826.64,80926.3,80816.36,80889.23,0,0
2025-08-01 13:15:00+05:30,80890.64,81007.97,80767.67,80924.58,0,0
2025-08-01 13:45:00+05:30,80923.6,80927.35,80820.94,80858.58,0,0
2025-08-01 14:15:00+05:30,80857.78,80884.35,80740.28,80778.15,0,0
2025-08-01 14:45:00+05:30,80778.76,80840.93,80495.57,80531.25,0,0
2025-08-01 15:15:00+05:30,80532.29,80648.18,80528.07,80584.32,0,0
2025-08-04 09:15:00+05:30,80765.83,80902.93,80586.12,80639.24,0,0
2025-08-04 09:45:00+05:30,80634.39,80770.51,80500.51,80724.53,0,0
2025-08-04 10:15:00+05:30,80724.16,80836.38,80683.12,80796.75,0,0
2025-08-04 10:45:00+05:30,80791.68,80872.13,80659.41,80863.55,0,0
2025-08-04 11:15:00+05:30,80863.85,80920.1,80776.48,80867.91,0,0
2025-08-04 11:45:00+05:30,80873.2,80927.5,80841.8,80908.15,0,0
2025-08-04 12:15:00+05:30,80910.12,81031.71,80870.23,80951.87,0,0
2025-08-04 12:45:00+05:30,80951.15,81044.98,80934.3,80959.17,0,0
2025-08-04 13:15:00+05:30,80965.29,80982.84,80810.25,80976.46,0,0
2025-08-04 13:45:00+05:30,80977.47,81093.19,80930.01,81029.25,0,0
2025-08-04 14:15:00+05:30,81035.2,81066.69,80973.53,80973.53,0,0
2025-08-04 14:45:00+05:30,80970.81,81047.9,80928.37,81021.48,0,0
2025-08-04 15:15:00+05:30,81020.44,81064.88,81004.45,81042.94,0,0
2025-08-05 09:15:00+05:30,80946.43,81010.49,80658.7,80681.29,0,0
2025-08-05 09:45:00+05:30,80675.42,80713.4,80558.94,80667.48,0,0
2025-08-05 10:15:00+05:30,80662.19,80750.7,80587.88,80628.43,0,0
2025-08-05 10:45:00+05:30,80629.16,80683.09,80591.83,80683.09,0,0
2025-08-05 11:15:00+05:30,80683.09,80732.21,80644.94,80684.23,0,0
2025-08-05 11:45:00+05:30,80684.79,80818.49,80643.34,80796.81,0,0
2025-08-05 12:15:00+05:30,80796.41,80824.91,80693.92,80770.82,0,0
2025-08-05 12:45:00+05:30,80765.37,80778.38,80652.33,80675.22,0,0
2025-08-05 13:15:00+05:30,80672.49,80692.08,80570.07,80605.33,0,0
2025-08-05 13:45:00+05:30,80606.52,80674.29,80554.4,80615.16,0,0
2025-08-05 14:15:00+05:30,80618.61,80678.21,80581.8,80640.67,0,0
2025-08-05 14:45:00+05:30,80641.39,80803.43,80565.24,80792.87,0,0
2025-08-05 15:15:00+05:30,80793.31,80803.82,80714.41,80739.04,0,0
2025-08-06 09:15:00+05:30,80694.98,80834.43,80634.73,80653.62,0,0
2025-08-06 09:45:00+05:30,80652.91,80736.2,80544.95,80625.57,0,0
2025-08-06 10:15:00+05:30,80626.45,80757.5,80448.82,80509.19,0,0
2025-08-06 10:45:00+05:30,80508.92,80521.14,80462.92,80502.84,0,0
2025-08-06 11:15:00+05:30,80508.34,80542.5,80472.13,80511.22,0,0
2025-08-06 11:45:00+05:30,80513.82,80643.3,80510.19,80592.31,0,0
2025-08-06 12:15:00+05:30,80592.31,80721.51,80587.53,80638.35,0,0
2025-08-06 12:45:00+05:30,80637.8,80676.46,80575.54,80672.92,0,0
2025-08-06 13:15:00+05:30,80671.64,80726.15,80596.53,80666.13,0,0
2025-08-06 13:45:00+05:30,80666.43,80668.6,80569.11,80574.14,0,0
2025-08-06 14:15:00+05:30,80574.59,80635.84,80458.16,80512.24,0,0
2025-08-06 14:45:00+05:30,80509.16,80592.05,80496.65,80556.41,0,0
2025-08-06 15:15:00+05:30,80556.49,80605.56,80517.7,80553.92,0,0
2025-08-07 09:15:00+05:30,80262.98,80421.84,80208.28,80305.47,0,0
2025-08-07 09:45:00+05:30,80305.86,80341.11,80204.54,80236.41,0,0
2025-08-07 10:15:00+05:30,80240.36,80258.51,80067.83,80106.24,0,0
2025-08-07 10:45:00+05:30,80103.83,80108.04,79979.05,80056.69,0,0
2025-08-07 11:15:00+05:30,80057.26,80162.14,80041.47,80087.67,0,0
2025-08-07 11:45:00+05:30,80088.66,80159.23,80062.0,80138.86,0,0
2025-08-07 12:15:00+05:30,80136.52,80182.34,80088.32,80113.57,0,0
2025-08-07 12:45:00+05:30,80114.77,80137.67,80004.92,80022.03,0,0
2025-08-07 13:15:00+05:30,80026.35,80026.35,79811.29,79950.83,0,0
2025-08-07 13:45:00+05:30,79948.88,80107.23,79898.36,80079.08,0,0
2025-08-07 14:15:00+05:30,80078.94,80345.68,80078.94,80324.05,0,0
2025-08-07 14:45:00+05:30,80322.09,80633.99,80300.63,80603.45,0,0
2025-08-07 15:15:00+05:30,80598.0,80737.55,80590.6,80708.17,0,0
2025-08-08 09:15:00+05:30,80478.01,80550.4,80267.19,80268.49,0,0
2025-08-08 09:45:00+05:30,80268.67,80294.18,80102.99,80143.91,0,0
2025-08-08 10:15:00+05:30,80139.4,80234.58,80076.79,80102.0,0,0
2025-08-08 10:45:00+05:30,80100.8,80111.88,80011.31,80095.31,0,0
2025-08-08 11:15:00+05:30,80096.52,80134.17,80037.6,80074.14,0,0
2025-08-08 11:45:00+05:30,80074.62,80127.96,79989.5,80057.81,0,0
2025-08-08 12:15:00+05:30,80057.9,80123.6,80022.15,80108.01,0,0
2025-08-08 12:45:00+05:30,80107.79,80240.21,80053.25,80089.21,0,0
2025-08-08 13:15:00+05:30,80087.94,80174.08,80037.38,80155.26,0,0
2025-08-08 13:45:00+05:30,80152.25,80157.79,79970.6,80025.78,0,0
2025-08-08 14:15:00+05:30,80026.47,80092.77,79950.43,80044.42,0,0
2025-08-08 14:45:00+05:30,80042.06,80053.58,79775.84,79811.73,0,0
2025-08-08 15:15:00+05:30,79814.52,79883.88,79792.56,79837.24,0,0
2025-08-11 09:15:00+05:30,79885.36,80059.46,79772.46,79917.87,0,0
2025-08-11 09:45:00+05:30,79915.4,80029.46,79850.84,80015.93,0,0
2025-08-11 10:15:00+05:30,80016.65,80178.68,80015.08,80139.14,0,0
2025-08-11 10:45:00+05:30,80142.5,80192.17,80063.53,80109.33,0,0
2025-08-11 11:15:00+05:30,80109.33,80223.82,80028.44,80036.18,0,0
2025-08-11 11:45:00+05:30,80036.58,80111.3,79988.7,80108.58,0,0
2025-08-11 12:15:00+05:30,80108.76,80168.8,80063.06,80158.37,0,0
2025-08-11 12:45:00+05:30,80158.71,80294.4,80158.08,80209.85,0,0
2025-08-11 13:15:00+05:30,80206.49,80309.11,80191.15,80305.79,0,0
2025-08-11 13:45:00+05:30,80304.91,80415.99,80265.75,80403.89,0,0
2025-08-11 14:15:00+05:30,80413.04,80558.0,80377.93,80462.06,0,0
2025-08-11 14:45:00+05:30,80459.73,80636.05,80459.05,80587.51,0,0
2025-08-11 15:15:00+05:30,80586.14,80592.83,80461.54,80514.19,0,0
2025-08-12 09:15:00+05:30,80508.51,80812.61,80398.23,80812.61,0,0
2025-08-12 09:45:00+05:30,80812.61,80997.67,80804.03,80856.38,0,0
2025-08-12 10:15:00+05:30,80856.46,80918.92,80551.0,80603.58,0,0
2025-08-12 10:45:00+05:30,80599.23,80656.76,80422.5,80462.37,0,0
2025-08-12 11:15:00+05:30,80461.46,80608.93,80456.46,80494.41,0,0
2025-08-12 11:45:00+05:30,80490.5,80514.28,80402.05,80488.94,0,0
2025-08-12 12:15:00+05:30,80490.09,80762.7,80481.49,80750.67,0,0
2025-08-12 12:45:00+05:30,80753.95,80755.27,80588.37,80623.61,0,0
2025-08-12 13:15:00+05:30,80623.88,80623.88,80460.33,80492.64,0,0
2025-08-12 13:45:00+05:30,80492.64,80632.25,80393.61,80425.67,0,0
2025-08-12 14:15:00+05:30,80424.13,80464.09,80287.67,80303.59,0,0
2025-08-12 14:45:00+05:30,80304.04,80340.94,80164.36,80242.44,0,0
2025-08-12 15:15:00+05:30,80245.99,80288.12,80211.84,80268.14,0,0
2025-08-13 09:15:00+05:30,80492.17,80563.38,80330.33,80440.69,0,0
2025-08-13 09:45:00+05:30,80440.38,80556.18,80440.38,80445.08,0,0
2025-08-13 10:15:00+05:30,80445.08,80502.68,80390.31,80400.67,0,0
2025-08-13 10:45:00+05:30,80400.85,80506.7,80345.86,80436.91,0,0
2025-08-13 11:15:00+05:30,80438.15,80478.59,80384.73,80391.16,0,0
2025-08-13 11:45:00+05:30,80390.61,80443.54,80319.0,80421.68,0,0
2025-08-13 12:15:00+05:30,80421.68,80549.08,80384.54,80546.32,0,0
2025-08-13 12:45:00+05:30,80546.25,80601.21,80523.66,80545.09,0,0
2025-08-13 13:15:00+05:30,80548.87,80580.68,80470.14,80565.06,0,0
2025-08-13 13:45:00+05:30,80560.69,80680.96,80559.77,80678.33,0,0
2025-08-13 14:15:00+05:30,80681.02,80683.74,80558.12,80619.27,0,0
2025-08-13 14:45:00+05:30,80618.41,80644.71,80512.63,80528.56,0,0
2025-08-13 15:15:00+05:30,80533.82,80590.01,80510.9,80579.98,0,0
2025-08-14 09:15:00+05:30,80625.28,80715.93,80489.86,80692.92,0,0
2025-08-14 09:45:00+05:30,80692.01,80741.34,80574.77,80615.21,0,0
2025-08-14 10:15:00+05:30,80614.58,80751.18,80600.5,80720.85,0,0
2025-08-14 10:45:00+05:30,80722.83,80738.63,80643.81,80676.71,0,0
2025-08-14 11:15:00+05:30,80679.58,80709.59,80546.85,80573.2,0,0
2025-08-14 11:45:00+05:30,80571.09,80681.81,80521.98,80611.44,0,0
2025-08-14 12:15:00+05:30,80616.13,80689.83,80596.37,80635.33,0,0
2025-08-14 12:45:00+05:30,80635.33,80717.82,80609.46,80676.02,0,0
2025-08-14 13:15:00+05:30,80676.02,80719.44,80589.56,80676.84,0,0
2025-08-14 13:45:00+05:30,80676.84,80702.06,80608.01,80625.04,0,0
2025-08-14 14:15:00+05:30,80624.18,80636.21,80507.34,80590.71,0,0
2025-08-14 14:45:00+05:30,80591.11,80688.79,80587.83,80597.25,0,0
2025-08-14 15:15:00+05:30,80595.27,80618.4,80533.61,80547.36,0,0
2025-08-18 09:15:00+05:30,81315.79,81714.2,81315.79,81709.23,0,0
2025-08-18 09:45:00+05:30,81706.53,81765.77,81598.31,81627.12,0,0
2025-08-18 10:15:00+05:30,81627.82,81671.98,81575.14,81624.71,0,0
2025-08-18 10:45:00+05:30,81624.02,81627.78,81513.84,81544.32,0,0
2025-08-18 11:15:00+05:30,81545.27,81602.53,81470.18,81517.01,0,0
2025-08-18 11:45:00+05:30,81520.15,81533.84,81262.88,81264.06,0,0
2025-08-18 12:15:00+05:30,81264.03,81361.69,81202.42,81359.19,0,0
2025-08-18 12:45:00+05:30,81359.47,81531.46,81350.68,81507.47,0,0
2025-08-18 13:15:00+05:30,81508.85,81532.59,81408.64,81461.97,0,0
2025-08-18 13:45:00+05:30,81461.97,81469.85,81344.21,81456.18,0,0
2025-08-18 14:15:00+05:30,81456.18,81491.32,81371.57,81408.82,0,0
2025-08-18 14:45:00+05:30,81408.82,81427.47,81247.38,81252.58,0,0
2025-08-18 15:15:00+05:30,81255.89,81335.21,81247.08,81298.52,0,0
2025-08-19 09:15:00+05:30,81319.11,81512.36,81315.44,81342.49,0,0
2025-08-19 09:45:00+05:30,81344.22,81468.72,81320.79,81449.05,0,0
2025-08-19 10:15:00+05:30,81451.52,81480.07,81386.09,81450.23,0,0
2025-08-19 10:45:00+05:30,81453.77,81520.45,81427.21,81490.99,0,0
2025-08-19 11:15:00+05:30,81491.59,81566.76,81474.88,81536.17,0,0
2025-08-19 11:45:00+05:30,81539.69,81637.17,81539.05,81625.43,0,0
2025-08-19 12:15:00+05:30,81625.43,81755.88,81620.84,81668.14,0,0
2025-08-19 12:45:00+05:30,81667.22,81740.74,81647.54,81656.82,0,0
2025-08-19 13:15:00+05:30,81657.64,81714.01,81558.56,81632.97,0,0
2025-08-19 13:45:00+05:30,81632.41,81640.69,81451.36,81504.6,0,0
2025-08-19 14:15:00+05:30,81504.95,81683.42,81468.22,81620.03,0,0
2025-08-19 14:45:00+05:30,81616.82,81660.58,81547.5,81612.77,0,0
2025-08-19 15:15:00+05:30,81613.24,81706.98,81607.84,81706.98,0,0
2025-08-20 09:15:00+05:30,81671.47,81671.47,81494.5,81627.53,0,0
2025-08-20 09:45:00+05:30,81626.68,81713.4,81568.65,81702.54,0,0
2025-08-20 10:15:00+05:30,81701.42,81789.52,81685.61,81769.53,0,0
2025-08-20 10:45:00+05:30,81770.31,81814.6,81676.08,81807.88,0,0
2025-08-20 11:15:00+05:30,81810.06,81817.99,81743.87,81782.03,0,0
2025-08-20 11:45:00+05:30,81782.69,81862.82,81770.29,81837.64,0,0
2025-08-20 12:15:00+05:30,81841.27,81869.54,81822.34,81848.59,0,0
2025-08-20 12:45:00+05:30,81848.28,81911.22,81840.54,81876.63,0,0
2025-08-20 13:15:00+05:30,81877.3,81911.35,81807.53,81866.36,0,0
2025-08-20 13:45:00+05:30,81866.91,81980.63,81855.54,81937.27,0,0
2025-08-20 14:15:00+05:30,81937.62,81964.14,81854.7,81947.65,0,0
2025-08-20 14:45:00+05:30,81947.83,81985.62,81863.91,81865.23,0,0
2025-08-20 15:15:00+05:30,81865.78,81871.74,81827.1,81830.96,0,0
2025-08-21 09:15:00+05:30,82220.46,82231.17,81921.22,81953.47,0,0
2025-08-21 09:45:00+05:30,81951.73,82198.46,81938.56,82130.14,0,0
2025-08-21 10:15:00+05:30,82128.33,82225.57,82119.51,82182.74,0,0
2025-08-21 10:45:00+05:30,82182.74,82186.52,82113.18,82138.68,0,0
2025-08-21 11:15:00+05:30,82138.68,82174.66,82108.48,82155.43,0,0
2025-08-21 11:45:00+05:30,82155.92,82156.82,82062.43,82095.39,0,0
2025-08-21 12:15:00+05:30,82094.63,82168.7,82046.4,82153.96,0,0
2025-08-21 12:45:00+05:30,82154.08,82170.76,82093.46,82139.56,0,0
2025-08-21 13:15:00+05:30,82141.17,82153.28,82007.83,82050.54,0,0
2025-08-21 13:45:00+05:30,82048.37,82160.16,82048.37,82136.31,0,0
2025-08-21 14:15:00+05:30,82134.74,82225.43,82056.31,82076.12,0,0
2025-08-21 14:45:00+05:30,82075.76,82111.34,81972.29,81974.16,0,0
2025-08-21 15:15:00+05:30,81980.95,82012.18,81926.91,81981.29,0,0
2025-08-22 09:15:00+05:30,81951.48,81993.61,81578.17,81680.33,0,0
2025-08-22 09:45:00+05:30,81679.41,81700.64,81551.86,81620.58,0,0
2025-08-22 10:15:00+05:30,81620.74,81627.52,81428.09,81441.05,0,0
2025-08-22 10:45:00+05:30,81441.0,81470.83,81401.02,81441.42,0,0
2025-08-22 11:15:00+05:30,81446.22,81534.14,81393.18,81524.32,0,0
2025-08-22 11:45:00+05:30,81522.42,81598.39,81480.9,81488.05,0,0
2025-08-22 12:15:00+05:30,81487.82,81511.53,81446.84,81480.54,0,0
2025-08-22 12:45:00+05:30,81481.11,81499.56,81451.83,81473.51,0,0
2025-08-22 13:15:00+05:30,81474.25,81587.51,81461.5,81546.86,0,0
2025-08-22 13:45:00+05:30,81543.05,81560.24,81473.39,81481.54,0,0
2025-08-22 14:15:00+05:30,81479.96,81479.96,81318.78,81369.2,0,0
2025-08-22 14:45:00+05:30,81371.89,81409.29,81294.36,81326.09,0,0
2025-08-22 15:15:00+05:30,81322.4,81331.42,81291.77,81329.54,0,0
2025-08-25 09:15:00+05:30,81501.06,81639.11,81453.89,81618.24,0,0
2025-08-25 09:45:00+05:30,81619.27,81621.75,81387.2,81401.46,0,0
2025-08-25 10:15:00+05:30,81400.67,81564.08,81364.86,81529.25,0,0
2025-08-25 10:45:00+05:30,81529.05,81609.67,81524.12,81579.36,0,0
2025-08-25 11:15:00+05:30,81578.71,81613.38,81543.82,81613.38,0,0
2025-08-25 11:45:00+05:30,81613.2,81667.13,81580.72,81646.85,0,0
2025-08-25 12:15:00+05:30,81648.55,81693.11,81636.28,81672.33,0,0
2025-08-25 12:45:00+05:30,81673.97,81756.2,81671.14,81752.24,0,0
2025-08-25 13:15:00+05:30,81750.81,81754.48,81688.1,81711.36,0,0
2025-08-25 13:45:00+05:30,81712.06,81799.06,81709.97,81717.68,0,0
2025-08-25 14:15:00+05:30,81717.9,81785.0,81551.57,81580.63,0,0
2025-08-25 14:45:00+05:30,81582.16,81706.99,81559.26,81607.71,0,0
2025-08-25 15:15:00+05:30,81601.16,81685.08,81591.78,81667.03,0,0
2025-08-26 09:15:00+05:30,81377.39,81450.28,80947.26,80969.34,0,0
2025-08-26 09:45:00+05:30,80965.96,81091.68,80950.24,81051.43,0,0
2025-08-26 10:15:00+05:30,81054.93,81094.57,80997.48,81024.8,0,0
2025-08-26 10:45:00+05:30,81024.37,81122.02,80940.67,81081.78,0,0
2025-08-26 11:15:00+05:30,81083.2,81198.44,81070.87,81091.16,0,0
2025-08-26 11:45:00+05:30,81090.27,81124.74,81052.98,81073.65,0,0
2025-08-26 12:15:00+05:30,81073.17,81130.75,80990.06,81044.6,0,0
2025-08-26 12:45:00+05:30,81040.13,81136.49,80985.26,81094.3,0,0
2025-08-26 13:15:00+05:30,81094.81,81140.44,81023.81,81095.54,0,0
2025-08-26 13:45:00+05:30,81097.66,81141.14,80954.97,80985.74,0,0
2025-08-26 14:15:00+05:30,80985.63,81066.86,80854.71,80982.39,0,0
2025-08-26 14:45:00+05:30,80983.45,81043.62,80685.98,80760.07,0,0
2025-08-26 15:15:00+05:30,80755.84,80831.02,80704.52,80820.08,0,0
2025-08-28 09:15:00+05:30,80754.66,80775.71,80093.52,80304.22,0,0
2025-08-28 09:45:00+05:30,80300.55,80441.6,80231.95,80318.89,0,0
2025-08-28 10:15:00+05:30,80318.44,80487.99,80233.59,80405.63,0,0
2025-08-28 10:45:00+05:30,80409.15,80644.52,80409.15,80565.34,0,0
2025-08-28 11:15:00+05:30,80566.64,80607.37,80521.39,80542.31,0,0
2025-08-28 11:45:00+05:30,80540.01,80569.3,80401.69,80461.03,0,0
2025-08-28 12:15:00+05:30,80464.29,80464.96,80300.38,80333.51,0,0
2025-08-28 12:45:00+05:30,80332.72,80365.7,80190.6,80240.01,0,0
2025-08-28 13:15:00+05:30,80235.01,80256.69,80156.01,80213.74,0,0
2025-08-28 13:45:00+05:30,80212.38,80328.18,80152.54,80286.8,0,0
2025-08-28 14:15:00+05:30,80286.8,80350.08,80133.37,80147.15,0,0
2025-08-28 14:45:00+05:30,80146.4,80151.71,80013.02,80083.27,0,0
2025-08-28 15:15:00+05:30,80078.95,80214.95,80037.22,80204.43,0,0
2025-08-29 09:15:00+05:30,80010.83,80277.68,79944.67,80138.74,0,0
2025-08-29 09:45:00+05:30,80131.52,80144.15,79997.96,80010.2,0,0
2025-08-29 10:15:00+05:30,80012.11,80254.19,79999.4,80253.98,0,0
2025-08-29 10:45:00+05:30,80253.99,80288.44,80154.65,80254.55,0,0
2025-08-29 11:15:00+05:30,80256.14,80298.9,80197.32,80283.9,0,0
2025-08-29 11:45:00+05:30,80283.1,80310.74,80186.11,80239.83,0,0
2025-08-29 12:15:00+05:30,80239.83,80250.68,80140.24,80206.65,0,0
2025-08-29 12:45:00+05:30,80213.21,80237.63,80060.65,80067.24,0,0
2025-08-29 13:15:00+05:30,80067.94,80149.34,80064.54,80089.48,0,0
2025-08-29 13:45:00+05:30,80085.62,80129.59,80013.25,80113.19,0,0
2025-08-29 14:15:00+05:30,80113.88,80248.93,79856.04,79900.43,0,0
2025-08-29 14:45:00+05:30,79897.22,80020.75,79741.76,79752.77,0,0
2025-08-29 15:15:00+05:30,79748.8,79872.45,79746.38,79872.45,0,0
2025-09-01 09:15:00+05:30,79828.99,80206.09,79818.38,80168.32,0,0
2025-09-01 09:45:00+05:30,80166.68,80233.22,80108.89,80108.89,0,0
2025-09-01 10:15:00+05:30,80108.89,80142.3,80039.89,80112.5,0,0
2025-09-01 10:45:00+05:30,80111.6,80189.25,80087.93,80171.0,0,0
2025-09-01 11:15:00+05:30,80171.0,80183.51,80098.84,80123.06,0,0
2025-09-01 11:45:00+05:30,80121.74,80152.29,80060.45,80147.47,0,0
2025-09-01 12:15:00+05:30,80146.94,80254.51,80135.64,80210.3,0,0
2025-09-01 12:45:00+05:30,80210.3,80303.85,80178.55,80299.27,0,0
2025-09-01 13:15:00+05:30,80299.27,80339.95,80264.15,80298.58,0,0
2025-09-01 13:45:00+05:30,80302.56,80364.58,80283.81,80362.78,0,0
2025-09-01 14:15:00+05:30,80363.18,80374.19,80292.22,80339.77,0,0
2025-09-01 14:45:00+05:30,80338.46,80406.84,80332.1,80368.48,0,0
2025-09-01 15:15:00+05:30,80368.92,80388.11,80346.89,80376.71,0,0
2025-09-02 09:15:00+05:30,80520.09,80604.67,80414.97,80570.6,0,0
2025-09-02 09:45:00+05:30,80569.13,80748.94,80568.39,80685.66,0,0
2025-09-02 10:15:00+05:30,80686.92,80715.69,80629.85,80701.61,0,0
2025-09-02 10:45:00+05:30,80702.17,80757.83,80673.04,80700.85,0,0
2025-09-02 11:15:00+05:30,80696.82,80710.61,80638.15,80689.82,0,0
2025-09-02 11:45:00+05:30,80688.08,80707.36,80639.69,80662.43,0,0
2025-09-02 12:15:00+05:30,80661.19,80761.14,80612.27,80725.31,0,0
2025-09-02 12:45:00+05:30,80722.09,80730.99,80630.29,80656.61,0,0
2025-09-02 13:15:00+05:30,80657.27,80666.92,80415.49,80419.71,0,0
2025-09-02 13:45:00+05:30,80427.35,80454.12,80052.54,80131.17,0,0
2025-09-02 14:15:00+05:30,80129.5,80251.89,80008.5,80215.09,0,0
2025-09-02 14:45:00+05:30,80218.17,80292.61,80116.42,80197.63,0,0
2025-09-02 15:15:00+05:30,80189.65,80209.0,80127.36,80166.47,0,0
2025-09-03 09:15:00+05:30,80295.99,80317.62,80004.6,80038.03,0,0
2025-09-03 09:45:00+05:30,80038.04,80258.49,80038.04,80231.98,0,0
2025-09-03 10:15:00+05:30,80231.87,80235.44,80085.06,80103.99,0,0
2025-09-03 10:45:00+05:30,80104.37,80160.22,80048.06,80135.66,0,0
2025-09-03 11:15:00+05:30,80136.21,80189.1,80038.12,80155.55,0,0
2025-09-03 11:45:00+05:30,80154.74,80291.42,80105.64,80276.7,0,0
2025-09-03 12:15:00+05:30,80277.65,80344.98,80244.47,80255.3,0,0
2025-09-03 12:45:00+05:30,80252.38,80315.73,80146.31,80190.08,0,0
2025-09-03 13:15:00+05:30,80190.12,80286.7,80173.6,80274.66,0,0
2025-09-03 13:45:00+05:30,80276.16,80430.76,80269.71,80384.36,0,0
2025-09-03 14:15:00+05:30,80384.75,80458.62,80380.79,80388.92,0,0
2025-09-03 14:45:00+05:30,80388.48,80671.28,80386.78,80627.54,0,0
2025-09-03 15:15:00+05:30,80615.69,80628.83,80540.02,80546.89,0,0
2025-09-04 09:15:00+05:30,81456.67,81456.67,81044.53,81148.96,0,0
2025-09-04 09:45:00+05:30,81141.14,81262.89,80973.7,80974.29,0,0
2025-09-04 10:15:00+05:30,80969.98,81119.73,80879.31,80918.99,0,0
2025-09-04 10:45:00+05:30,80917.36,81030.75,80892.82,80944.4,0,0
2025-09-04 11:15:00+05:30,80944.4,80999.87,80876.52,80955.7,0,0
2025-09-04 11:45:00+05:30,80951.84,81020.22,80850.25,80906.22,0,0
2025-09-04 12:15:00+05:30,80906.98,80949.31,80790.36,80944.9,0,0
2025-09-04 12:45:00+05:30,80943.21,81044.28,80912.65,80983.82,0,0
2025-09-04 13:15:00+05:30,80985.15,81006.26,80860.14,80899.95,0,0
2025-09-04 13:45:00+05:30,80899.99,80911.44,80795.21,80823.79,0,0
2025-09-04 14:15:00+05:30,80800.91,80846.97,80624.19,80828.23,0,0
2025-09-04 14:45:00+05:30,80822.84,80852.36,80645.5,80675.63,0,0
2025-09-04 15:15:00+05:30,80680.21,80782.85,80608.94,80747.36,0,0
2025-09-05 09:15:00+05:30,81012.42,81036.56,80835.76,80844.5,0,0
2025-09-05 09:45:00+05:30,80845.87,80920.51,80485.1,80496.48,0,0
2025-09-05 10:15:00+05:30,80496.36,80666.33,80338.92,80567.83,0,0
2025-09-05 10:45:00+05:30,80568.09,80604.17,80425.23,80528.4,0,0
2025-09-05 11:15:00+05:30,80527.8,80584.39,80479.41,80486.55,0,0
2025-09-05 11:45:00+05:30,80488.03,80493.9,80424.31,80424.31,0,0
2025-09-05 12:15:00+05:30,80423.54,80454.3,80321.19,80365.58,0,0
2025-09-05 12:45:00+05:30,80365.28,80478.61,80329.5,80468.36,0,0
2025-09-05 13:15:00+05:30,80468.36,80588.16,80459.53,80586.87,0,0
2025-09-05 13:45:00+05:30,80594.26,80858.96,80593.61,80736.24,0,0
2025-09-05 14:15:00+05:30,80737.59,80799.5,80657.19,80671.61,0,0
2025-09-05 14:45:00+05:30,80669.23,80789.69,80669.23,80710.28,0,0
2025-09-05 15:15:00+05:30,80704.69,80745.84,80685.72,80745.22,0,0
2025-09-08 09:15:00+05:30,80904.4,81048.67,80786.71,80998.12,0,0
2025-09-08 09:45:00+05:30,80987.14,81015.76,80854.93,80863.31,0,0
2025-09-08 10:15:00+05:30,80862.5,80918.27,80765.53,80877.98,0,0
2025-09-08 10:45:00+05:30,80883.58,80898.28,80798.64,80894.31,0,0
2025-09-08 11:15:00+05:30,80898.18,80974.08,80869.27,80963.34,0,0
2025-09-08 11:45:00+05:30,80958.6,80996.35,80906.84,80982.39,0,0
2025-09-08 12:15:00+05:30,80979.23,81103.81,80932.31,81061.55,0,0
2025-09-08 12:45:00+05:30,81061.55,81125.39,81041.13,81105.56,0,0
2025-09-08 13:15:00+05:30,81105.86,81127.93,81008.3,81057.63,0,0
2025-09-08 13:45:00+05:30,81061.95,81069.16,80977.14,81060.31,0,0
2025-09-08 14:15:00+05:30,81060.65,81171.38,81054.06,81136.01,0,0
2025-09-08 14:45:00+05:30,81136.24,81138.7,80733.07,80797.17,0,0
2025-09-08 15:15:00+05:30,80796.04,80865.56,80767.54,80841.43,0,0
2025-09-09 09:15:00+05:30,81129.69,81162.07,81017.73,81052.37,0,0
2025-09-09 09:45:00+05:30,81058.43,81085.69,80970.87,80971.84,0,0
2025-09-09 10:15:00+05:30,80972.0,81008.07,80941.39,80962.96,0,0
2025-09-09 10:45:00+05:30,80962.46,81028.17,80928.26,81011.2,0,0
2025-09-09 11:15:00+05:30,81012.87,81045.71,80970.62,81022.41,0,0
2025-09-09 11:45:00+05:30,81022.14,81029.32,80927.97,81023.13,0,0
2025-09-09 12:15:00+05:30,81020.26,81074.67,81004.3,81039.44,0,0
2025-09-09 12:45:00+05:30,81040.05,81108.32,81015.82,81070.52,0,0
2025-09-09 13:15:00+05:30,81069.67,81123.7,81055.87,81088.98,0,0
2025-09-09 13:45:00+05:30,81087.82,81152.28,81056.1,81152.21,0,0
2025-09-09 14:15:00+05:30,81150.13,81181.37,80985.99,81030.79,0,0
2025-09-09 14:45:00+05:30,81030.48,81162.46,81004.59,81100.56,0,0
2025-09-09 15:15:00+05:30,81100.19,81144.46,81070.67,81107.04,0,0
2025-09-10 09:15:00+05:30,81504.36,81587.61,81360.01,81578.4,0,0
2025-09-10 09:45:00+05:30,81580.89,81593.37,81501.22,81519.51,0,0
2025-09-10 10:15:00+05:30,81521.83,81643.88,81495.98,81537.3,0,0
2025-09-10 10:45:00+05:30,81536.39,81614.7,81485.48,81571.53,0,0
2025-09-10 11:15:00+05:30,81576.49,81580.57,81428.12,81480.54,0,0
2025-09-10 11:45:00+05:30,81480.54,81502.75,81411.21,81475.97,0,0
2025-09-10 12:15:00+05:30,81475.87,81513.76,81427.79,81453.03,0,0
2025-09-10 12:45:00+05:30,81453.94,81485.95,81384.5,81406.89,0,0
2025-09-10 13:15:00+05:30,81406.57,81419.43,81325.63,81397.82,0,0
2025-09-10 13:45:00+05:30,81398.97,81466.28,81370.14,81418.86,0,0
2025-09-10 14:15:00+05:30,81418.3,81418.3,81237.93,81238.28,0,0
2025-09-10 14:45:00+05:30,81238.19,81442.71,81235.42,81436.65,0,0
2025-09-10 15:15:00+05:30,81437.2,81479.74,81421.36,81430.38,0,0
2025-09-11 09:15:00+05:30,81217.3,81583.88,81216.91,81468.32,0,0
2025-09-11 09:45:00+05:30,81469.92,81503.41,81370.44,81385.73,0,0
2025-09-11 10:15:00+05:30,81386.03,81482.5,81384.56,81448.73,0,0
2025-09-11 10:45:00+05:30,81448.46,81497.27,81411.68,81470.42,0,0
2025-09-11 11:15:00+05:30,81469.7,81489.16,81367.83,81396.46,0,0
2025-09-11 11:45:00+05:30,81398.37,81489.82,81386.24,81485.68,0,0
2025-09-11 12:15:00+05:30,81483.11,81582.97,81454.19,81542.62,0,0
2025-09-11 12:45:00+05:30,81542.03,81594.38,81511.53,81566.15,0,0
2025-09-11 13:15:00+05:30,81566.15,81598.76,81508.86,81580.54,0,0
2025-09-11 13:45:00+05:30,81580.14,81642.22,81544.47,81568.77,0,0
2025-09-11 14:15:00+05:30,81568.65,81618.54,81469.72,81586.49,0,0
2025-09-11 14:45:00+05:30,81587.35,81614.98,81472.52,81550.9,0,0
2025-09-11 15:15:00+05:30,81551.45,81605.73,81494.98,81532.17,0,0
2025-09-12 09:15:00+05:30,81758.95,81836.66,81641.38,81678.28,0,0
2025-09-12 09:45:00+05:30,81675.05,81782.1,81671.36,81771.24,0,0
2025-09-12 10:15:00+05:30,81771.88,81821.12,81735.85,81813.27,0,0
2025-09-12 10:45:00+05:30,81813.11,81876.81,81778.63,81861.91,0,0
2025-09-12 11:15:00+05:30,81862.86,81992.85,81846.18,81929.81,0,0
2025-09-12 11:45:00+05:30,81930.87,81964.32,81921.36,81934.81,0,0
2025-09-12 12:15:00+05:30,81935.03,81960.17,81915.32,81924.09,0,0
2025-09-12 12:45:00+05:30,81924.09,81933.49,81882.87,81929.76,0,0
2025-09-12 13:15:00+05:30,81930.15,81951.98,81900.0,81900.71,0,0
2025-09-12 13:45:00+05:30,81902.48,81952.7,81869.16,81916.19,0,0
2025-09-12 14:15:00+05:30,81918.87,81929.0,81875.88,81911.46,0,0
2025-09-12 14:45:00+05:30,81912.3,81924.13,81865.19,81920.36,0,0
2025-09-12 15:15:00+05:30,81918.23,81929.14,81882.8,81898.09,0,0
2025-09-15 09:15:00+05:30,81925.51,81998.51,81830.85,81869.52,0,0
2025-09-15 09:45:00+05:30,81868.67,81951.03,81821.85,81862.29,0,0
2025-09-15 10:15:00+05:30,81861.59,81904.81,81816.42,81816.89,0,0
2025-09-15 10:45:00+05:30,81817.74,81863.66,81779.82,81814.97,0,0
2025-09-15 11:15:00+05:30,81814.97,81883.87,81783.1,81842.61,0,0
2025-09-15 11:45:00+05:30,81842.61,81958.46,81840.19,81910.17,0,0
2025-09-15 12:15:00+05:30,81910.17,81944.73,81876.85,81886.24,0,0
2025-09-15 12:45:00+05:30,81883.83,81932.07,81857.25,81900.68,0,0
2025-09-15 13:15:00+05:30,81900.09,81933.99,81744.7,81786.75,0,0
2025-09-15 13:45:00+05:30,81785.24,81864.91,81783.92,81805.17,0,0
2025-09-15 14:15:00+05:30,81805.77,81932.41,81776.65,81890.78,0,0
2025-09-15 14:45:00+05:30,81890.51,81891.4,81775.47,81782.26,0,0
2025-09-15 15:15:00+05:30,81784.72,81814.76,81757.57,81814.76,0,0
2025-09-16 09:15:00+05:30,81852.11,82038.6,81779.94,82018.96,0,0
2025-09-16 09:45:00+05:30,82017.82,82168.32,82009.93,82111.6,0,0
2025-09-16 10:15:00+05:30,82105.8,82160.42,82093.84,82115.22,0,0
2025-09-16 10:45:00+05:30,82116.17,82125.67,82069.87,82111.0,0,0
2025-09-16 11:15:00+05:30,82111.0,82164.56,82098.57,82132.94,0,0
2025-09-16 11:45:00+05:30,82133.99,82162.5,82115.06,82138.73,0,0
2025-09-16 12:15:00+05:30,82137.74,82240.39,82131.01,82233.66,0,0
2025-09-16 12:45:00+05:30,82235.32,82246.35,82161.71,82188.26,0,0
2025-09-16 13:15:00+05:30,82188.26,82196.96,82137.62,82178.82,0,0
2025-09-16 13:45:00+05:30,82178.82,82189.8,82088.76,82174.63,0,0
2025-09-16 14:15:00+05:30,82170.37,82341.32,82156.52,82287.27,0,0
2025-09-16 14:45:00+05:30,82286.93,82421.78,82220.51,82407.13,0,0
2025-09-16 15:15:00+05:30,82382.72,82443.48,82346.94,82422.56,0,0
2025-09-17 09:15:00+05:30,82506.4,82720.76,82490.47,82678.28,0,0
2025-09-17 09:45:00+05:30,82678.68,82685.69,82607.06,82609.27,0,0
2025-09-17 10:15:00+05:30,82606.29,82672.28,82576.31,82592.5,0,0
2025-09-17 10:45:00+05:30,82594.87,82700.35,82594.87,82691.8,0,0
2025-09-17 11:15:00+05:30,82692.98,82705.42,82638.74,82658.83,0,0
2025-09-17 11:45:00+05:30,82657.95,82708.3,82649.29,82679.11,0,0
2025-09-17 12:15:00+05:30,82678.77,82741.93,82637.55,82698.72,0,0
2025-09-17 12:45:00+05:30,82699.87,82736.27,82673.72,82704.06,0,0
2025-09-17 13:15:00+05:30,82706.35,82741.95,82660.62,82660.62,0,0
2025-09-17 13:45:00+05:30,82661.51,82697.37,82577.36,82604.81,0,0
2025-09-17 14:15:00+05:30,82608.94,82665.52,82542.09,82647.81,0,0
2025-09-17 14:45:00+05:30,82647.81,82737.91,82616.82,82697.33,0,0
2025-09-17 15:15:00+05:30,82698.49,82721.28,82668.61,82711.86,0,0
2025-09-18 09:15:00+05:30,83108.92,83141.21,82920.76,83066.73,0,0
2025-09-18 09:45:00+05:30,83064.08,83082.15,82967.05,82985.02,0,0
2025-09-18 10:15:00+05:30,82983.87,83055.59,82964.96,83022.01,0,0
2025-09-18 10:45:00+05:30,83022.05,83088.82,83018.36,83026.44,0,0
2025-09-18 11:15:00+05:30,83021.63,83081.35,82996.61,83014.16,0,0
2025-09-18 11:45:00+05:30,83015.49,83038.3,82972.67,82984.67,0,0
2025-09-18 12:15:00+05:30,82983.58,83043.91,82829.46,82878.18,0,0
2025-09-18 12:45:00+05:30,82878.88,82950.65,82769.35,82832.2,0,0
2025-09-18 13:15:00+05:30,82831.51,82918.69,82786.27,82882.76,0,0
2025-09-18 13:45:00+05:30,82881.85,82898.23,82736.09,82808.83,0,0
2025-09-18 14:15:00+05:30,82809.11,82826.68,82704.92,82760.08,0,0
2025-09-18 14:45:00+05:30,82759.85,83078.92,82744.05,82995.99,0,0
2025-09-18 15:15:00+05:30,82996.27,83059.22,82987.63,83012.68,0,0
2025-09-19 09:15:00+05:30,82946.04,82978.63,82633.6,82710.67,0,0
2025-09-19 09:45:00+05:30,82708.92,82721.55,82575.41,82646.87,0,0
2025-09-19 10:15:00+05:30,82652.05,82727.58,82598.15,82610.31,0,0
2025-09-19 10:45:00+05:30,82611.99,82642.57,82557.37,82586.28,0,0
2025-09-19 11:15:00+05:30,82585.69,82657.35,82548.96,82558.89,0,0
2025-09-19 11:45:00+05:30,82558.1,82586.07,82485.92,82567.23,0,0
2025-09-19 12:15:00+05:30,82568.64,82570.97,82500.95,82525.15,0,0
2025-09-19 12:45:00+05:30,82525.45,82646.64,82503.81,82641.06,0,0
2025-09-19 13:15:00+05:30,82641.2,82734.5,82637.85,82681.31,0,0
2025-09-19 13:45:00+05:30,82681.36,82735.48,82630.97,82720.0,0,0
2025-09-19 14:15:00+05:30,82720.36,82744.01,82612.91,82689.11,0,0
2025-09-19 14:45:00+05:30,82685.3,82734.15,82555.86,82592.52,0,0
2025-09-19 15:15:00+05:30,82596.61,82704.95,82588.96,82704.24,0,0
2025-09-22 09:15:00+05:30,82151.07,82557.88,82151.07,82537.45,0,0
2025-09-22 09:45:00+05:30,82535.31,82583.16,82439.49,82504.2,0,0
2025-09-22 10:15:00+05:30,82503.32,82549.22,82461.86,82515.46,0,0
2025-09-22 10:45:00+05:30,82516.02,82520.88,82434.72,82447.34,0,0
2025-09-22 11:15:00+05:30,82448.03,82455.32,82371.07,82441.16,0,0
2025-09-22 11:45:00+05:30,82441.38,82473.29,82380.79,82421.42,0,0
2025-09-22 12:15:00+05:30,82419.98,82495.27,82402.51,82468.32,0,0
2025-09-22 12:45:00+05:30,82468.61,82517.74,82436.7,82476.48,0,0
2025-09-22 13:15:00+05:30,82477.27,82486.7,82366.38,82393.03,0,0
2025-09-22 13:45:00+05:30,82393.01,82411.3,82302.7,82372.63,0,0
2025-09-22 14:15:00+05:30,82371.15,82402.84,82072.7,82072.7,0,0
2025-09-22 14:45:00+05:30,82072.38,82225.81,81997.29,82134.93,0,0
2025-09-22 15:15:00+05:30,82133.57,82209.45,82130.34,82188.55,0,0
2025-09-23 09:15:00+05:30,82147.37,82307.5,81957.65,81989.98,0,0
2025-09-23 09:45:00+05:30,81987.88,82048.35,81881.34,82009.27,0,0
2025-09-23 10:15:00+05:30,82010.67,82025.53,81869.87,81942.24,0,0
2025-09-23 10:45:00+05:30,81941.25,81954.37,81821.02,81829.0,0,0
2025-09-23 11:15:00+05:30,81829.19,81851.31,81776.53,81848.16,0,0
2025-09-23 11:45:00+05:30,81848.01,81971.28,81838.15,81971.28,0,0
2025-09-23 12:15:00+05:30,81972.07,82245.06,81947.63,82145.06,0,0
2025-09-23 12:45:00+05:30,82143.73,82201.65,82107.42,82155.45,0,0
2025-09-23 13:15:00+05:30,82154.94,82317.13,82136.38,82224.91,0,0
2025-09-23 13:45:00+05:30,82225.28,82370.38,82177.83,82192.54,0,0
2025-09-23 14:15:00+05:30,82188.25,82301.51,82107.84,82240.44,0,0
2025-09-23 14:45:00+05:30,82240.54,82252.38,82042.12,82124.31,0,0
2025-09-23 15:15:00+05:30,82116.55,82151.97,82072.37,82151.51,0,0
2025-09-24 09:15:00+05:30,81917.65,82045.47,81701.52,81729.53,0,0
2025-09-24 09:45:00+05:30,81729.44,81893.54,81715.57,81831.97,0,0
2025-09-24 10:15:00+05:30,81832.17,81901.82,81757.89,81766.79,0,0
2025-09-24 10:45:00+05:30,81760.96,81772.07,81607.84,81698.16,0,0
2025-09-24 11:15:00+05:30,81696.64,81755.65,81664.68,81707.39,0,0
2025-09-24 11:45:00+05:30,81711.99,81825.15,81694.02,81825.15,0,0
2025-09-24 12:15:00+05:30,81824.71,81878.23,81796.12,81796.12,0,0
2025-09-24 12:45:00+05:30,81795.95,81948.1,81778.83,81947.01,0,0
2025-09-24 13:15:00+05:30,81948.53,81976.88,81907.32,81931.79,0,0
2025-09-24 13:45:00+05:30,81929.69,81956.35,81813.74,81826.38,0,0
2025-09-24 14:15:00+05:30,81825.91,81870.49,81694.82,81709.78,0,0
2025-09-24 14:45:00+05:30,81710.33,81782.9,81632.46,81735.92,0,0
2025-09-24 15:15:00+05:30,81737.49,81759.89,81707.27,81739.93,0,0
2025-09-25 09:15:00+05:30,81574.31,81840.73,81492.37,81701.29,0,0
2025-09-25 09:45:00+05:30,81698.62,81718.6,81584.83,81616.65,0,0
2025-09-25 10:15:00+05:30,81614.41,81672.48,81517.04,81536.16,0,0
2025-09-25 10:45:00+05:30,81534.6,81625.61,81520.78,81581.16,0,0
2025-09-25 11:15:00+05:30,81582.03,81658.56,81472.42,81494.26,0,0
2025-09-25 11:45:00+05:30,81490.62,81518.87,81407.38,81489.19,0,0
2025-09-25 12:15:00+05:30,81488.42,81538.36,81392.95,81400.92,0,0
2025-09-25 12:45:00+05:30,81399.8,81598.18,81398.47,81542.46,0,0
2025-09-25 13:15:00+05:30,81541.87,81546.5,81431.72,81509.61,0,0
2025-09-25 13:45:00+05:30,81522.86,81554.43,81358.37,81435.95,0,0
2025-09-25 14:15:00+05:30,81417.39,81479.83,81302.59,81323.12,0,0
2025-09-25 14:45:00+05:30,81324.53,81351.79,81092.89,81133.8,0,0
2025-09-25 15:15:00+05:30,81137.39,81225.33,81116.6,81194.99,0,0
2025-09-26 09:15:00+05:30,80956.01,81033.09,80708.34,80765.85,0,0
2025-09-26 09:45:00+05:30,80766.59,80950.51,80755.51,80783.58,0,0
2025-09-26 10:15:00+05:30,80780.62,80891.91,80762.26,80860.63,0,0
2025-09-26 10:45:00+05:30,80860.4,80869.51,80748.9,80775.97,0,0
2025-09-26 11:15:00+05:30,80774.48,80784.47,80698.19,80727.26,0,0
2025-09-26 11:45:00+05:30,80726.52,80811.14,80695.09,80769.62,0,0
2025-09-26 12:15:00+05:30,80771.44,80821.11,80742.12,80800.78,0,0
2025-09-26 12:45:00+05:30,80803.35,80874.46,80754.91,80763.01,0,0
2025-09-26 13:15:00+05:30,80760.25,80764.57,80586.26,80617.49,0,0
2025-09-26 13:45:00+05:30,80617.9,80637.92,80360.04,80439.52,0,0
2025-09-26 14:15:00+05:30,80439.91,80439.96,80332.41,80424.7,0,0
2025-09-26 14:45:00+05:30,80422.09,80472.61,80342.77,80389.88,0,0
2025-09-26 15:15:00+05:30,80390.92,80502.75,80376.83,80493.62,0,0
2025-09-29 09:15:00+05:30,80588.77,80723.32,80448.6,80721.4,0,0
2025-09-29 09:45:00+05:30,80722.06,80768.22,80678.83,80751.51,0,0
2025-09-29 10:15:00+05:30,80750.45,80851.38,80703.01,80752.92,0,0
2025-09-29 10:45:00+05:30,80749.81,80774.33,80639.28,80688.68,0,0
2025-09-29 11:15:00+05:30,80688.54,80691.39,80409.17,80455.73,0,0
2025-09-29 11:45:00+05:30,80458.3,80473.16,80339.23,80362.25,0,0
2025-09-29 12:15:00+05:30,80365.11,80445.47,80260.57,80266.62,0,0
2025-09-29 12:45:00+05:30,80272.16,80510.04,80248.84,80510.04,0,0
2025-09-29 13:15:00+05:30,80509.96,80622.74,80412.04,80490.26,0,0
2025-09-29 13:45:00+05:30,80491.8,80669.67,80491.8,80622.47,0,0
2025-09-29 14:15:00+05:30,80622.9,80693.74,80506.84,80509.32,0,0
2025-09-29 14:45:00+05:30,80510.07,80527.27,80301.87,80400.54,0,0
2025-09-29 15:15:00+05:30,80402.39,80554.58,80316.14,80543.96,0,0
2025-09-30 09:15:00+05:30,80541.77,80677.82,80388.72,80414.8,0,0
2025-09-30 09:45:00+05:30,80424.17,80480.79,80328.08,80328.08,0,0
2025-09-30 10:15:00+05:30,80329.02,80402.28,80201.15,80280.85,0,0
2025-09-30 10:45:00+05:30,80281.19,80466.58,80256.63,80451.45,0,0
2025-09-30 11:15:00+05:30,80451.1,80484.59,80348.94,80361.32,0,0
2025-09-30 11:45:00+05:30,80359.08,80403.64,80299.84,80364.23,0,0
2025-09-30 12:15:00+05:30,80364.78,80495.52,80358.51,80423.63,0,0
2025-09-30 12:45:00+05:30,80423.37,80488.25,80381.06,80443.88,0,0
2025-09-30 13:15:00+05:30,80447.09,80499.66,80334.3,80356.66,0,0
2025-09-30 13:45:00+05:30,80356.58,80404.39,80242.21,80318.76,0,0
2025-09-30 14:15:00+05:30,80319.06,80402.4,80214.8,80354.39,0,0
2025-09-30 14:45:00+05:30,80353.5,80397.81,80229.34,80278.9,0,0
2025-09-30 15:15:00+05:30,80279.22,80375.41,80241.26,80350.31,0,0
2025-10-01 09:15:00+05:30,80173.24,80494.4,80159.9,80491.31,0,0
2025-10-01 09:45:00+05:30,80491.46,80525.46,80299.51,80434.63,0,0
2025-10-01 10:15:00+05:30,80428.44,80574.29,80384.47,80482.64,0,0
2025-10-01 10:45:00+05:30,80486.53,80623.0,80444.89,80614.03,0,0
2025-10-01 11:15:00+05:30,80620.47,80838.51,80618.69,80837.59,0,0
2025-10-01 11:45:00+05:30,80844.07,80954.15,80821.69,80912.37,0,0
2025-10-01 12:15:00+05:30,80912.37,80931.51,80766.84,80779.48,0,0
2025-10-01 12:45:00+05:30,80779.22,80816.26,80720.86,80793.95,0,0
2025-10-01 13:15:00+05:30,80797.38,80874.3,80743.13,80839.08,0,0
2025-10-01 13:45:00+05:30,80839.53,80897.85,80760.27,80859.11,0,0
2025-10-01 14:15:00+05:30,80858.77,81060.3,80801.66,81023.65,0,0
2025-10-01 14:45:00+05:30,81023.66,81068.43,80902.4,80919.81,0,0
2025-10-01 15:15:00+05:30,80912.09,81038.0,80903.07,81034.47,0,0
2025-10-03 09:15:00+05:30,80684.14,80948.75,80649.57,80871.23,0,0
2025-10-03 09:45:00+05:30,80871.59,81018.61,80825.04,80908.16,0,0
2025-10-03 10:15:00+05:30,80907.38,80988.52,80840.96,80844.62,0,0
2025-10-03 10:45:00+05:30,80851.38,80950.67,80806.19,80948.12,0,0
2025-10-03 11:15:00+05:30,80948.79,81015.98,80940.16,80966.59,0,0
2025-10-03 11:45:00+05:30,80965.75,81056.57,80936.93,81026.82,0,0
2025-10-03 12:15:00+05:30,81026.76,81027.19,80874.96,80965.17,0,0
2025-10-03 12:45:00+05:30,80965.17,81045.23,80927.83,81036.82,0,0
2025-10-03 13:15:00+05:30,81032.75,81037.55,80949.09,80996.73,0,0
2025-10-03 13:45:00+05:30,80996.64,81046.23,80940.15,80940.15,0,0
2025-10-03 14:15:00+05:30,80940.15,81180.1,80919.88,81174.58,0,0
2025-10-03 14:45:00+05:30,81174.53,81251.99,81134.75,81201.19,0,0
2025-10-03 15:15:00+05:30,81199.59,81232.36,81161.51,81196.9,0,0
2025-10-06 09:15:00+05:30,81274.79,81390.44,81155.88,81380.29,0,0
2025-10-06 09:45:00+05:30,81390.53,81471.59,81354.49,81464.98,0,0
2025-10-06 10:15:00+05:30,81467.79,81525.98,81432.94,81490.47,0,0
2025-10-06 10:45:00+05:30,81488.58,81606.24,81452.91,81606.24,0,0
2025-10-06 11:15:00+05:30,81605.46,81637.53,81509.31,81588.68,0,0
2025-10-06 11:45:00+05:30,81592.37,81599.02,81521.38,81597.55,0,0
2025-10-06 12:15:00+05:30,81598.76,81617.05,81558.81,81599.1,0,0
2025-10-06 12:45:00+05:30,81598.61,81770.96,81598.61,81761.51,0,0
2025-10-06 13:15:00+05:30,81761.76,81846.42,81722.58,81798.28,0,0
2025-10-06 13:45:00+05:30,81798.28,81837.69,81653.78,81761.67,0,0
2025-10-06 14:15:00+05:30,81758.81,81783.95,81668.44,81764.62,0,0
2025-10-06 14:45:00+05:30,81764.49,81844.29,81705.63,81782.0,0,0
2025-10-06 15:15:00+05:30,81782.47,81818.3,81761.47,81784.48,0,0
2025-10-07 09:15:00+05:30,81883.95,82039.26,81787.48,82034.56,0,0
2025-10-07 09:45:00+05:30,82038.81,82211.77,82036.82,82145.64,0,0
2025-10-07 10:15:00+05:30,82145.64,82176.65,82078.36,82113.92,0,0
2025-10-07 10:45:00+05:30,82116.73,82122.63,82036.69,82062.67,0,0
2025-10-07 11:15:00+05:30,82063.32,82079.95,81897.01,81963.02,0,0
2025-10-07 11:45:00+05:30,81961.8,82160.23,81938.26,82091.8,0,0
2025-10-07 12:15:00+05:30,82090.95,82161.27,82043.33,82144.28,0,0
2025-10-07 12:45:00+05:30,82141.35,82208.25,82108.56,82190.47,0,0
2025-10-07 13:15:00+05:30,82189.44,82277.64,82124.84,82272.51,0,0
2025-10-07 13:45:00+05:30,82274.48,82298.45,82213.42,82298.45,0,0
2025-10-07 14:15:00+05:30,82297.71,82309.56,82006.29,82035.81,0,0
2025-10-07 14:45:00+05:30,82035.49,82123.78,81851.13,81855.14,0,0
2025-10-07 15:15:00+05:30,81861.45,81975.67,81861.45,81951.98,0,0
2025-10-08 09:15:00+05:30,81899.51,82257.74,81849.98,82189.62,0,0
2025-10-08 09:45:00+05:30,82189.71,82197.95,82075.34,82106.8,0,0
2025-10-08 10:15:00+05:30,82106.89,82106.89,81979.14,82021.01,0,0
2025-10-08 10:45:00+05:30,82021.56,82021.56,81746.17,81751.22,0,0
2025-10-08 11:15:00+05:30,81746.9,81794.09,81681.52,81752.0,0,0
2025-10-08 11:45:00+05:30,81754.29,81846.84,81706.89,81778.48,0,0
2025-10-08 12:15:00+05:30,81781.72,81783.36,81646.08,81745.08,0,0
2025-10-08 12:45:00+05:30,81745.6,81964.76,81744.88,81942.91,0,0
2025-10-08 13:15:00+05:30,81940.32,82050.82,81873.89,82019.55,0,0
2025-10-08 13:45:00+05:30,82019.55,82060.31,81809.43,81849.58,0,0
2025-10-08 14:15:00+05:30,81850.94,81909.0,81803.12,81861.24,0,0
2025-10-08 14:45:00+05:30,81861.59,81901.04,81730.75,81744.95,0,0
2025-10-08 15:15:00+05:30,81738.61,81783.22,81718.02,81774.23,0,0
2025-10-09 09:15:00+05:30,81900.0,82009.32,81742.68,81837.14,0,0
2025-10-09 09:45:00+05:30,81835.98,81864.11,81667.68,81698.0,0,0
2025-10-09 10:15:00+05:30,81696.62,81939.47,81679.58,81921.03,0,0
2025-10-09 10:45:00+05:30,81921.29,82085.88,81837.41,82070.71,0,0
2025-10-09 11:15:00+05:30,82069.12,82128.68,81993.56,82070.45,0,0
2025-10-09 11:45:00+05:30,82071.45,82160.85,81972.95,82015.53,0,0
2025-10-09 12:15:00+05:30,82015.53,82080.93,81963.91,82009.12,0,0
2025-10-09 12:45:00+05:30,82009.07,82059.2,81951.96,81988.1,0,0
2025-10-09 13:15:00+05:30,81989.38,82093.46,81974.46,82052.25,0,0
2025-10-09 13:45:00+05:30,82052.45,82155.95,82008.16,82042.26,0,0
2025-10-09 14:15:00+05:30,82039.82,82112.09,81948.02,82067.53,0,0
2025-10-09 14:45:00+05:30,82064.85,82239.97,81980.34,82136.34,0,0
2025-10-09 15:15:00+05:30,82135.89,82247.73,82097.21,82118.6,0,0
2025-10-10 09:15:00+05:30,82075.45,82459.37,82072.93,82456.73,0,0
2025-10-10 09:45:00+05:30,82456.73,82551.66,82405.8,82453.08,0,0
2025-10-10 10:15:00+05:30,82451.16,82573.31,82450.2,82451.46,0,0
2025-10-10 10:45:00+05:30,82451.98,82589.92,82437.47,82584.9,0,0
2025-10-10 11:15:00+05:30,82586.53,82616.19,82453.62,82507.28,0,0
2025-10-10 11:45:00+05:30,82507.48,82534.82,82456.06,82483.69,0,0
2025-10-10 12:15:00+05:30,82487.82,82560.24,82451.46,82560.24,0,0
2025-10-10 12:45:00+05:30,82560.24,82627.58,82518.34,82565.46,0,0
2025-10-10 13:15:00+05:30,82565.36,82654.11,82494.96,82613.85,0,0
2025-10-10 13:45:00+05:30,82615.24,82623.57,82545.83,82584.07,0,0
2025-10-10 14:15:00+05:30,82585.16,82607.34,82530.78,82577.3,0,0
2025-10-10 14:45:00+05:30,82576.08,82579.51,82439.49,82493.33,0,0
2025-10-10 15:15:00+05:30,82488.71,82560.98,82465.77,82470.9,0,0
2025-10-13 09:15:00+05:30,82049.16,82315.08,82043.14,82278.27,0,0
2025-10-13 09:45:00+05:30,82277.49,82329.5,82132.72,82191.2,0,0
2025-10-13 10:15:00+05:30,82186.59,82302.43,82126.38,82246.89,0,0
2025-10-13 10:45:00+05:30,82243.78,82257.16,82169.99,82205.25,0,0
2025-10-13 11:15:00+05:30,82207.0,82227.92,82106.14,82151.94,0,0
2025-10-13 11:45:00+05:30,82154.92,82236.08,82131.73,82197.2,0,0
2025-10-13 12:15:00+05:30,82198.0,82234.68,82141.35,82231.46,0,0
2025-10-13 12:45:00+05:30,82238.94,82262.86,82136.78,82257.54,0,0
2025-10-13 13:15:00+05:30,82256.04,82312.11,82144.92,82221.01,0,0
2025-10-13 13:45:00+05:30,82220.84,82311.84,82156.72,82261.67,0,0
2025-10-13 14:15:00+05:30,82264.4,82438.5,82217.94,82384.79,0,0
2025-10-13 14:45:00+05:30,82385.12,82432.16,82273.03,82289.61,0,0
2025-10-13 15:15:00+05:30,82289.15,82385.69,82281.39,82343.59,0,0
2025-10-14 09:15:00+05:30,82404.54,82573.37,82318.86,82331.55,0,0
2025-10-14 09:45:00+05:30,82327.93,82366.9,82107.58,82182.49,0,0
2025-10-14 10:15:00+05:30,82179.76,82319.74,82081.86,82258.91,0,0
2025-10-14 10:45:00+05:30,82258.91,82350.14,82094.2,82159.17,0,0
2025-10-14 11:15:00+05:30,82160.12,82160.12,81952.17,82069.01,0,0
2025-10-14 11:45:00+05:30,82069.81,82144.46,81905.42,81956.53,0,0
2025-10-14 12:15:00+05:30,81958.88,82001.64,81781.62,81786.93,0,0
2025-10-14 12:45:00+05:30,81784.92,81922.15,81784.4,81830.33,0,0
2025-10-14 13:15:00+05:30,81830.34,82030.25,81826.4,81982.64,0,0
2025-10-14 13:45:00+05:30,81981.78,82011.21,81892.16,81959.98,0,0
2025-10-14 14:15:00+05:30,81960.24,82208.75,81900.99,82160.34,0,0
2025-10-14 14:45:00+05:30,82160.34,82204.43,82006.53,82041.6,0,0
2025-10-14 15:15:00+05:30,82041.71,82084.63,81926.65,81958.63,0,0
2025-10-15 09:15:00+05:30,82197.25,82412.47,82084.37,82228.54,0,0
2025-10-15 09:45:00+05:30,82231.18,82341.95,82158.44,82334.85,0,0
2025-10-15 10:15:00+05:30,82337.52,82512.61,82324.59,82458.14,0,0
2025-10-15 10:45:00+05:30,82457.87,82596.9,82399.6,82462.39,0,0
2025-10-15 11:15:00+05:30,82462.08,82577.95,82462.08,82524.42,0,0
2025-10-15 11:45:00+05:30,82524.42,82547.7,82456.01,82478.58,0,0
2025-10-15 12:15:00+05:30,82477.77,82560.94,82417.99,82558.95,0,0
2025-10-15 12:45:00+05:30,82560.61,82649.93,82526.3,82594.26,0,0
2025-10-15 13:15:00+05:30,82589.14,82727.02,82589.14,82685.85,0,0
2025-10-15 13:45:00+05:30,82685.5,82697.17,82558.48,82606.29,0,0
2025-10-15 14:15:00+05:30,82606.29,82630.48,82552.8,82608.18,0,0
2025-10-15 14:45:00+05:30,82607.17,82620.77,82469.42,82614.27,0,0
2025-10-15 15:15:00+05:30,82607.87,82657.15,82565.37,82625.05,0,0
2025-10-16 09:15:00+05:30,82794.79,83027.3,82791.35,82982.92,0,0
2025-10-16 09:45:00+05:30,82989.19,83061.94,82945.09,82976.04,0,0
2025-10-16 10:15:00+05:30,82977.65,83089.72,82934.81,83084.52,0,0
2025-10-16 10:45:00+05:30,83085.4,83127.64,83047.05,83061.77,0,0
2025-10-16 11:15:00+05:30,83063.71,83091.71,83001.22,83011.39,0,0
2025-10-16 11:45:00+05:30,83010.99,83106.86,82991.02,83100.54,0,0
2025-10-16 12:15:00+05:30,83100.81,83247.26,83093.34,83217.06,0,0
2025-10-16 12:45:00+05:30,83217.42,83261.4,83155.57,83249.31,0,0
2025-10-16 13:15:00+05:30,83249.16,83325.94,83186.72,83310.58,0,0
2025-10-16 13:45:00+05:30,83310.93,83441.2,83260.31,83371.82,0,0
2025-10-16 14:15:00+05:30,83373.74,83571.79,83362.58,83531.44,0,0
2025-10-16 14:45:00+05:30,83535.76,83615.48,83363.08,83373.17,0,0
2025-10-16 15:15:00+05:30,83369.28,83479.0,83368.78,83385.4,0,0
2025-10-17 09:15:00+05:30,83331.78,83630.29,83206.08,83612.59,0,0
2025-10-17 09:45:00+05:30,83609.81,83813.59,83417.43,83799.34,0,0
2025-10-17 10:15:00+05:30,83798.36,83887.58,83769.63,83856.66,0,0
2025-10-17 10:45:00+05:30,83856.94,84097.58,83833.85,84078.26,0,0
2025-10-17 11:15:00+05:30,84069.96,84162.71,84005.59,84027.7,0,0
2025-10-17 11:45:00+05:30,84033.24,84125.54,83934.41,84106.05,0,0
2025-10-17 12:15:00+05:30,84105.31,84172.24,84021.24,84094.14,0,0
2025-10-17 12:45:00+05:30,84094.39,84136.35,83754.23,83793.4,0,0
2025-10-17 13:15:00+05:30,83793.58,83948.17,83621.58,83798.32,0,0
2025-10-17 13:45:00+05:30,83797.77,83971.97,83685.73,83851.63,0,0
2025-10-17 14:15:00+05:30,83850.99,84051.28,83797.45,84019.01,0,0
2025-10-17 14:45:00+05:30,84018.11,84095.03,83914.0,83937.66,0,0
2025-10-17 15:15:00+05:30,83942.08,83977.51,83893.63,83944.29,0,0
2025-10-20 09:15:00+05:30,84269.3,84656.56,84256.55,84397.12,0,0
2025-10-20 09:45:00+05:30,84398.99,84463.11,84239.7,84460.2,0,0
2025-10-20 10:15:00+05:30,84462.01,84499.82,84340.86,84485.03,0,0
2025-10-20 10:45:00+05:30,84491.09,84556.5,84460.13,84473.49,0,0
2025-10-20 11:15:00+05:30,84482.54,84504.66,84333.72,84401.06,0,0
2025-10-20 11:45:00+05:30,84397.18,84430.67,84349.31,84414.68,0,0
2025-10-20 12:15:00+05:30,84413.28,84452.01,84343.6,84434.15,0,0
2025-10-20 12:45:00+05:30,84435.23,84575.24,84419.42,84554.77,0,0
2025-10-20 13:15:00+05:30,84550.23,84558.5,84457.69,84470.13,0,0
2025-10-20 13:45:00+05:30,84475.84,84489.39,84348.85,84410.76,0,0
2025-10-20 14:15:00+05:30,84404.87,84487.15,84228.52,84258.32,0,0
2025-10-20 14:45:00+05:30,84256.22,84418.27,84196.79,84362.16,0,0
2025-10-20 15:15:00+05:30,84348.09,84420.26,84348.09,84377.72,0,0
2025-10-21 13:45:00+05:30,84484.67,84665.44,84428.65,84543.12,0,0
2025-10-21 14:15:00+05:30,84542.31,84574.81,84286.4,84308.03,0,0
2025-10-23 09:15:00+05:30,85154.15,85221.09,84867.97,85156.67,0,0
2025-10-23 09:45:00+05:30,85156.72,85272.4,85033.49,85267.21,0,0
2025-10-23 10:15:00+05:30,85268.14,85268.14,85105.1,85145.91,0,0
2025-10-23 10:45:00+05:30,85144.7,85171.28,85035.48,85080.47,0,0
2025-10-23 11:15:00+05:30,85081.34,85123.68,85044.73,85090.48,0,0
2025-10-23 11:45:00+05:30,85089.94,85199.67,85089.69,85178.06,0,0
2025-10-23 12:15:00+05:30,85175.96,85254.84,85140.03,85206.44,0,0
2025-10-23 12:45:00+05:30,85204.27,85290.06,85036.99,85104.58,0,0
2025-10-23 13:15:00+05:30,85104.6,85195.98,84914.0,85005.8,0,0
2025-10-23 13:45:00+05:30,85005.84,85057.4,84738.97,84767.56,0,0
2025-10-23 14:15:00+05:30,84767.27,84884.69,84659.36,84858.17,0,0
2025-10-23 14:45:00+05:30,84858.3,84900.25,84445.25,84474.87,0,0
2025-10-23 15:15:00+05:30,84469.34,84614.1,84464.46,84476.58,0,0
2025-10-24 09:15:00+05:30,84667.23,84707.44,84392.15,84557.2,0,0
2025-10-24 09:45:00+05:30,84557.2,84576.18,84432.78,84491.61,0,0
2025-10-24 10:15:00+05:30,84489.84,84494.24,84277.33,84300.11,0,0
2025-10-24 10:45:00+05:30,84294.47,84361.41,84244.82,84342.02,0,0
2025-10-24 11:15:00+05:30,84341.74,84398.6,84201.96,84382.88,0,0
2025-10-24 11:45:00+05:30,84378.55,84440.17,84303.7,84432.51,0,0
2025-10-24 12:15:00+05:30,84432.11,84492.24,84317.91,84380.09,0,0
2025-10-24 12:45:00+05:30,84379.9,84392.86,84254.41,84330.56,0,0
2025-10-24 13:15:00+05:30,84328.54,84347.13,83968.22,83972.92,0,0
2025-10-24 13:45:00+05:30,83973.59,84157.75,83957.15,84106.79,0,0
2025-10-24 14:15:00+05:30,84106.74,84196.54,84061.01,84093.47,0,0
2025-10-24 14:45:00+05:30,84093.47,84276.05,84028.45,84243.78,0,0
2025-10-24 15:15:00+05:30,84242.89,84276.92,84205.01,84236.11,0,0
2025-10-27 09:15:00+05:30,84297.39,84716.53,84294.2,84686.61,0,0
2025-10-27 09:45:00+05:30,84687.61,84809.56,84625.64,84774.16,0,0
2025-10-27 10:15:00+05:30,84775.57,84838.56,84735.47,84793.19,0,0
2025-10-27 10:45:00+05:30,84793.19,84849.75,84743.46,84834.55,0,0
2025-10-27 11:15:00+05:30,84834.69,84874.94,84767.89,84772.54,0,0
2025-10-27 11:45:00+05:30,84768.62,84932.08,84719.11,84886.34,0,0
2025-10-27 12:15:00+05:30,84885.53,84915.6,84776.47,84811.33,0,0
2025-10-27 12:45:00+05:30,84811.33,84840.78,84739.67,84776.65,0,0
2025-10-27 13:15:00+05:30,84776.65,84778.28,84604.85,84682.81,0,0
2025-10-27 13:45:00+05:30,84682.04,84771.86,84664.88,84667.18,0,0
2025-10-27 14:15:00+05:30,84658.5,84849.76,84658.5,84776.61,0,0
2025-10-27 14:45:00+05:30,84784.62,84805.11,84635.33,84764.03,0,0
2025-10-27 15:15:00+05:30,84764.38,84829.48,84743.24,84808.94,0,0
2025-10-28 09:15:00+05:30,84625.71,84986.94,84609.66,84917.43,0,0
2025-10-28 09:45:00+05:30,84920.96,84954.62,84472.81,84562.95,0,0
2025-10-28 10:15:00+05:30,84561.23,84567.63,84394.0,84484.43,0,0
2025-10-28 10:45:00+05:30,84485.24,84532.77,84297.91,84353.13,0,0
2025-10-28 11:15:00+05:30,84352.82,84485.03,84317.14,84406.88,0,0
2025-10-28 11:45:00+05:30,84407.23,84483.29,84227.66,84319.56,0,0
2025-10-28 12:15:00+05:30,84324.04,84591.94,84273.48,84568.08,0,0
2025-10-28 12:45:00+05:30,84567.88,84651.54,84510.43,84597.91,0,0
2025-10-28 13:15:00+05:30,84593.34,84694.27,84450.94,84461.18,0,0
2025-10-28 13:45:00+05:30,84452.3,84502.49,84325.33,84415.34,0,0
2025-10-28 14:15:00+05:30,84416.44,84424.11,84219.39,84271.75,0,0
2025-10-28 14:45:00+05:30,84272.6,84663.92,84237.98,84655.06,0,0
2025-10-28 15:15:00+05:30,84655.06,84732.04,84650.21,84711.98,0,0
2025-10-29 09:15:00+05:30,84663.68,84916.1,84638.68,84675.51,0,0
2025-10-29 09:45:00+05:30,84674.04,84837.82,84652.05,84779.62,0,0
2025-10-29 10:15:00+05:30,84778.74,85002.0,84740.24,84934.57,0,0
2025-10-29 10:45:00+05:30,84934.02,84949.49,84825.64,84853.27,0,0
2025-10-29 11:15:00+05:30,84852.74,84973.21,84802.97,84936.65,0,0
2025-10-29 11:45:00+05:30,84937.05,84996.79,84850.57,84976.33,0,0
2025-10-29 12:15:00+05:30,84974.31,85025.46,84927.56,85010.35,0,0
2025-10-29 12:45:00+05:30,85010.35,85047.98,84956.3,85037.31,0,0
2025-10-29 13:15:00+05:30,85035.82,85105.83,84991.3,85034.62,0,0
2025-10-29 13:45:00+05:30,85033.72,85074.33,84943.74,84978.89,0,0
2025-10-29 14:15:00+05:30,84978.4,85077.31,84964.67,84995.72,0,0
2025-10-29 14:45:00+05:30,84996.82,85008.25,84873.63,84959.85,0,0
2025-10-29 15:15:00+05:30,84963.47,85051.93,84957.61,85036.51,0,0
2025-10-30 09:15:00+05:30,84750.9,84906.95,84548.22,84578.23,0,0
2025-10-30 09:45:00+05:30,84578.88,84726.31,84467.03,84723.5,0,0
2025-10-30 10:15:00+05:30,84723.19,84728.55,84532.71,84563.98,0,0
2025-10-30 10:45:00+05:30,84570.23,84672.42,84523.0,84667.04,0,0
2025-10-30 11:15:00+05:30,84669.95,84749.39,84581.27,84602.22,0,0
2025-10-30 11:45:00+05:30,84602.22,84640.79,84492.57,84552.01,0,0
2025-10-30 12:15:00+05:30,84551.09,84592.18,84477.0,84548.31,0,0
2025-10-30 12:45:00+05:30,84547.95,84568.55,84494.26,84566.93,0,0
2025-10-30 13:15:00+05:30,84567.16,84617.22,84384.39,84438.67,0,0
2025-10-30 13:45:00+05:30,84432.3,84477.85,84395.21,84470.76,0,0
2025-10-30 14:15:00+05:30,84470.21,84535.71,84410.1,84498.75,0,0
2025-10-30 14:45:00+05:30,84498.75,84516.69,84312.65,84371.56,0,0
2025-10-30 15:15:00+05:30,84372.86,84474.59,84362.59,84468.4,0,0
2025-10-31 09:15:00+05:30,84379.79,84712.79,84258.91,84589.9,0,0
2025-10-31 09:45:00+05:30,84591.22,84624.78,84393.17,84440.29,0,0
2025-10-31 10:15:00+05:30,84440.29,84440.29,84119.01,84216.98,0,0
2025-10-31 10:45:00+05:30,84216.34,84245.58,84044.99,84080.48,0,0
2025-10-31 11:15:00+05:30,84081.65,84193.91,84060.65,84189.43,0,0
2025-10-31 11:45:00+05:30,84190.79,84292.41,84142.64,84171.19,0,0
2025-10-31 12:15:00+05:30,84173.33,84210.22,84110.26,84143.01,0,0
2025-10-31 12:45:00+05:30,84144.92,84234.1,84123.29,84189.45,0,0
2025-10-31 13:15:00+05:30,84189.52,84216.14,84041.62,84053.96,0,0
2025-10-31 13:45:00+05:30,84053.15,84145.03,84022.11,84102.25,0,0
2025-10-31 14:15:00+05:30,84101.55,84137.93,84011.65,84066.22,0,0
2025-10-31 14:45:00+05:30,84066.06,84076.78,83905.66,83917.74,0,0
2025-10-31 15:15:00+05:30,83917.37,83973.42,83906.9,83955.14,0,0
2025-11-03 09:15:00+05:30,83835.1,83951.89,83609.54,83877.42,0,0
2025-11-03 09:45:00+05:30,83876.75,84006.47,83812.78,83828.57,0,0
2025-11-03 10:15:00+05:30,83826.6,84039.32,83772.22,84037.23,0,0
2025-11-03 10:45:00+05:30,84039.8,84052.26,83936.98,83986.84,0,0
2025-11-03 11:15:00+05:30,83987.96,84018.15,83880.74,83883.04,0,0
2025-11-03 11:45:00+05:30,83882.51,83948.0,83804.63,83804.67,0,0
2025-11-03 12:15:00+05:30,83804.37,83917.71,83772.5,83892.31,0,0
2025-11-03 12:45:00+05:30,83892.75,83965.37,83880.11,83938.69,0,0
2025-11-03 13:15:00+05:30,83937.35,84016.13,83904.27,83971.45,0,0
2025-11-03 13:45:00+05:30,83972.41,84038.06,83876.72,84023.03,0,0
2025-11-03 14:15:00+05:30,84020.98,84127.0,84004.36,84012.22,0,0
2025-11-03 14:45:00+05:30,84012.27,84023.49,83885.92,83993.13,0,0
2025-11-03 15:15:00+05:30,83994.52,84036.74,83973.37,84007.07,0,0
2025-11-04 09:15:00+05:30,84000.64,84068.01,83783.93,83855.06,0,0
2025-11-04 09:45:00+05:30,83856.16,83879.3,83752.1,83799.58,0,0
2025-11-04 10:15:00+05:30,83799.58,83869.08,83711.59,83794.82,0,0
2025-11-04 10:45:00+05:30,83797.03,83898.29,83742.84,83765.74,0,0
2025-11-04 11:15:00+05:30,83765.74,83783.55,83653.66,83681.11,0,0
2025-11-04 11:45:00+05:30,83681.11,83746.8,83679.33,83742.9,0,0
2025-11-04 12:15:00+05:30,83744.13,83771.13,83691.33,83735.21,0,0
2025-11-04 12:45:00+05:30,83734.64,83781.51,83658.38,83682.53,0,0
2025-11-04 13:15:00+05:30,83682.01,83748.13,83626.53,83728.09,0,0
2025-11-04 13:45:00+05:30,83723.79,83729.89,83513.49,83529.47,0,0
2025-11-04 14:15:00+05:30,83529.66,83599.67,83473.75,83523.58,0,0
2025-11-04 14:45:00+05:30,83523.58,83570.06,83445.95,83491.67,0,0
2025-11-04 15:15:00+05:30,83489.78,83496.5,83412.77,83451.75,0,0
2025-11-06 09:15:00+05:30,83516.69,83846.35,83488.05,83608.95,0,0
2025-11-06 09:45:00+05:30,83606.14,83719.81,83382.69,83422.35,0,0
2025-11-06 10:15:00+05:30,83420.08,83447.4,83357.93,83412.32,0,0
2025-11-06 10:45:00+05:30,83415.38,83534.45,83405.42,83466.93,0,0
2025-11-06 11:15:00+05:30,83464.65,83476.07,83374.02,83410.85,0,0
2025-11-06 11:45:00+05:30,83411.09,83526.68,83395.82,83448.17,0,0
2025-11-06 12:15:00+05:30,83445.64,83527.41,83380.82,83477.65,0,0
2025-11-06 12:45:00+05:30,83478.05,83660.03,83453.24,83554.06,0,0
2025-11-06 13:15:00+05:30,83554.06,83616.65,83477.33,83494.11,0,0
2025-11-06 13:45:00+05:30,83496.73,83534.49,83330.85,83450.25,0,0
2025-11-06 14:15:00+05:30,83451.93,83479.01,83359.59,83415.02,0,0
2025-11-06 14:45:00+05:30,83413.77,83477.6,83237.65,83313.86,0,0
2025-11-06 15:15:00+05:30,83322.34,83374.84,83239.21,83368.55,0,0
2025-11-07 09:15:00+05:30,83150.15,83150.15,82670.95,82805.96,0,0
2025-11-07 09:45:00+05:30,82804.76,82911.52,82681.41,82762.75,0,0
2025-11-07 10:15:00+05:30,82763.56,82876.71,82728.26,82857.69,0,0
2025-11-07 10:45:00+05:30,82857.69,82965.18,82768.11,82958.94,0,0
2025-11-07 11:15:00+05:30,82959.42,83161.29,82948.46,83081.26,0,0
2025-11-07 11:45:00+05:30,83080.1,83107.99,82999.78,83099.58,0,0
2025-11-07 12:15:00+05:30,83096.73,83181.47,83082.32,83167.71,0,0
2025-11-07 12:45:00+05:30,83170.3,83239.1,83149.89,83184.11,0,0
2025-11-07 13:15:00+05:30,83182.94,83382.41,83179.89,83359.02,0,0
2025-11-07 13:45:00+05:30,83359.86,83390.11,83069.7,83155.19,0,0
2025-11-07 14:15:00+05:30,83154.52,83373.11,83150.38,83283.5,0,0
2025-11-07 14:45:00+05:30,83281.25,83281.29,83144.33,83175.49,0,0
2025-11-07 15:15:00+05:30,83183.92,83279.21,83183.92,83253.92,0,0
2025-11-10 09:15:00+05:30,83198.2,83527.24,83197.67,83400.01,0,0
2025-11-10 09:45:00+05:30,83397.11,83552.87,83392.78,83496.74,0,0
2025-11-10 10:15:00+05:30,83498.64,83663.96,83496.18,83582.6,0,0
2025-11-10 10:45:00+05:30,83582.6,83675.53,83537.34,83659.69,0,0
2025-11-10 11:15:00+05:30,83660.42,83737.16,83649.64,83670.31,0,0
2025-11-10 11:45:00+05:30,83669.52,83715.19,83618.98,83652.83,0,0
2025-11-10 12:15:00+05:30,83652.83,83721.79,83605.7,83714.98,0,0
2025-11-10 12:45:00+05:30,83715.16,83754.49,83669.34,83676.2,0,0
2025-11-10 13:15:00+05:30,83675.63,83716.43,83618.94,83621.03,0,0
2025-11-10 13:45:00+05:30,83619.46,83653.86,83517.13,83639.64,0,0
2025-11-10 14:15:00+05:30,83643.02,83737.04,83594.39,83595.76,0,0
2025-11-10 14:45:00+05:30,83595.76,83647.46,83481.41,83484.8,0,0
2025-11-10 15:15:00+05:30,83483.58,83540.4,83480.38,83515.12,0,0
2025-11-11 09:15:00+05:30,83671.52,83726.51,83251.7,83386.51,0,0
2025-11-11 09:45:00+05:30,83387.72,83410.59,83247.41,83301.86,0,0
2025-11-11 10:15:00+05:30,83299.62,83319.64,83124.03,83149.16,0,0
2025-11-11 10:45:00+05:30,83150.27,83271.35,83126.33,83218.92,0,0
2025-11-11 11:15:00+05:30,83218.9,83280.58,83175.44,83279.55,0,0
2025-11-11 11:45:00+05:30,83276.85,83434.58,83273.72,83382.53,0,0
2025-11-11 12:15:00+05:30,83380.77,83549.03,83374.17,83482.32,0,0
2025-11-11 12:45:00+05:30,83482.12,83543.67,83450.13,83543.2,0,0
2025-11-11 13:15:00+05:30,83543.8,83734.44,83542.43,83662.22,0,0
2025-11-11 13:45:00+05:30,83664.21,83803.12,83648.71,83693.18,0,0
2025-11-11 14:15:00+05:30,83691.49,83877.27,83688.26,83751.77,0,0
2025-11-11 14:45:00+05:30,83754.79,83884.27,83748.61,83860.44,0,0
2025-11-11 15:15:00+05:30,83856.64,83936.47,83833.61,83871.32,0,0
2025-11-12 09:15:00+05:30,84238.86,84416.9,84166.75,84380.62,0,0
2025-11-12 09:45:00+05:30,84382.03,84462.17,84337.38,84363.72,0,0
2025-11-12 10:15:00+05:30,84367.08,84485.12,84299.26,84471.37,0,0
2025-11-12 10:45:00+05:30,84469.29,84510.9,84429.31,84510.9,0,0
2025-11-12 11:15:00+05:30,84512.05,84567.51,84484.84,84534.07,0,0
2025-11-12 11:45:00+05:30,84533.19,84576.55,84496.65,84504.19,0,0
2025-11-12 12:15:00+05:30,84504.82,84630.32,84493.28,84599.33,0,0
2025-11-12 12:45:00+05:30,84601.5,84644.96,84553.15,84634.16,0,0
2025-11-12 13:15:00+05:30,84625.85,84652.01,84553.4,84607.96,0,0
2025-11-12 13:45:00+05:30,84606.09,84642.34,84474.05,84517.16,0,0
2025-11-12 14:15:00+05:30,84517.97,84570.57,84450.9,84496.52,0,0
2025-11-12 14:45:00+05:30,84491.19,84553.8,84476.7,84504.0,0,0
2025-11-12 15:15:00+05:30,84504.12,84504.12,84395.55,84432.3,0,0
2025-11-13 09:15:00+05:30,84525.89,84545.29,84253.05,84383.19,0,0
2025-11-13 09:45:00+05:30,84385.04,84569.12,84384.62,84551.8,0,0
2025-11-13 10:15:00+05:30,84552.45,84654.22,84536.2,84648.58,0,0
2025-11-13 10:45:00+05:30,84647.78,84802.52,84624.19,84762.05,0,0
2025-11-13 11:15:00+05:30,84762.27,84822.2,84731.54,84743.15,0,0
2025-11-13 11:45:00+05:30,84738.76,84826.01,84727.82,84791.67,0,0
2025-11-13 12:15:00+05:30,84794.21,84838.81,84674.44,84735.23,0,0
2025-11-13 12:45:00+05:30,84740.13,84838.32,84686.56,84803.22,0,0
2025-11-13 13:15:00+05:30,84801.49,84919.43,84780.15,84892.32,0,0
2025-11-13 13:45:00+05:30,84889.43,84906.6,84461.39,84533.19,0,0
2025-11-13 14:15:00+05:30,84533.06,84685.38,84516.48,84632.4,0,0
2025-11-13 14:45:00+05:30,84632.17,84659.79,84409.9,84491.02,0,0
2025-11-13 15:15:00+05:30,84491.69,84588.13,84441.18,84477.02,0,0
2025-11-14 09:15:00+05:30,84060.14,84464.94,84042.75,84384.63,0,0
2025-11-14 09:45:00+05:30,84386.68,84416.17,84104.33,84158.0,0,0
2025-11-14 10:15:00+05:30,84157.04,84223.5,84060.45,84110.98,0,0
2025-11-14 10:45:00+05:30,84108.46,84416.3,84102.49,84387.62,0,0
2025-11-14 11:15:00+05:30,84387.62,84406.4,84164.56,84173.72,0,0
2025-11-14 11:45:00+05:30,84175.01,84319.0,84165.01,84297.97,0,0
2025-11-14 12:15:00+05:30,84297.97,84344.77,84220.19,84246.21,0,0
2025-11-14 12:45:00+05:30,84247.92,84268.49,84162.01,84218.36,0,0
2025-11-14 13:15:00+05:30,84217.67,84271.69,84079.75,84081.78,0,0
2025-11-14 13:45:00+05:30,84081.3,84139.15,84029.32,84122.45,0,0
2025-11-14 14:15:00+05:30,84122.33,84230.18,84073.33,84175.91,0,0
2025-11-14 14:45:00+05:30,84179.05,84695.93,84091.83,84684.06,0,0
2025-11-14 15:15:00+05:30,84677.97,84697.87,84603.2,84653.99,0,0
2025-11-17 09:15:00+05:30,84700.5,84833.56,84581.08,84808.09,0,0
2025-11-17 09:45:00+05:30,84807.07,84844.69,84706.47,84730.72,0,0
2025-11-17 10:15:00+05:30,84730.6,84812.27,84656.48,84692.23,0,0
2025-11-17 10:45:00+05:30,84690.38,84752.16,84677.89,84738.23,0,0
2025-11-17 11:15:00+05:30,84738.23,84749.0,84639.67,84703.33,0,0
2025-11-17 11:45:00+05:30,84705.21,84821.64,84692.43,84806.31,0,0
2025-11-17 12:15:00+05:30,84806.13,84871.77,84788.46,84861.96,0,0
2025-11-17 12:45:00+05:30,84863.38,84889.66,84818.05,84846.98,0,0
2025-11-17 13:15:00+05:30,84847.07,84887.19,84785.67,84876.86,0,0
2025-11-17 13:45:00+05:30,84874.4,84976.96,84860.15,84939.4,0,0
2025-11-17 14:15:00+05:30,84939.56,84946.67,84835.56,84845.38,0,0
2025-11-17 14:45:00+05:30,84845.2,84967.76,84822.66,84959.24,0,0
2025-11-17 15:15:00+05:30,84957.69,84988.09,84918.43,84920.41,0,0
2025-11-18 09:15:00+05:30,85042.37,85042.41,84658.0,84770.12,0,0
2025-11-18 09:45:00+05:30,84761.96,84796.79,84564.01,84613.79,0,0
2025-11-18 10:15:00+05:30,84616.63,84701.47,84558.36,84598.36,0,0
2025-11-18 10:45:00+05:30,84599.08,84758.3,84598.96,84748.61,0,0
2025-11-18 11:15:00+05:30,84747.02,84822.08,84702.29,84817.47,0,0
2025-11-18 11:45:00+05:30,84818.24,84895.95,84812.89,84838.23,0,0
2025-11-18 12:15:00+05:30,84839.11,84843.11,84737.24,84762.48,0,0
2025-11-18 12:45:00+05:30,84762.48,84851.77,84728.74,84823.65,0,0
2025-11-18 13:15:00+05:30,84823.65,84925.28,84817.48,84897.58,0,0
2025-11-18 13:45:00+05:30,84898.22,84957.66,84854.44,84927.53,0,0
2025-11-18 14:15:00+05:30,84926.64,84941.14,84819.1,84840.23,0,0
2025-11-18 14:45:00+05:30,84838.95,84849.84,84660.32,84664.18,0,0
2025-11-18 15:15:00+05:30,84656.75,84682.85,84587.24,84625.99,0,0
2025-11-19 09:15:00+05:30,84643.78,84727.58,84525.98,84699.67,0,0
2025-11-19 09:45:00+05:30,84700.56,84859.93,84629.22,84847.78,0,0
2025-11-19 10:15:00+05:30,84850.25,84960.37,84844.85,84898.16,0,0
2025-11-19 10:45:00+05:30,84899.11,84932.07,84765.08,84765.08,0,0
2025-11-19 11:15:00+05:30,84767.96,84922.8,84739.79,84892.86,0,0
2025-11-19 11:45:00+05:30,84890.58,84991.42,84888.45,84966.38,0,0
2025-11-19 12:15:00+05:30,84967.2,85079.69,84962.99,85035.04,0,0
2025-11-19 12:45:00+05:30,85033.92,85096.46,85017.55,85073.14,0,0
2025-11-19 13:15:00+05:30,85073.05,85075.24,84941.33,84991.3,0,0
2025-11-19 13:45:00+05:30,84998.4,85103.8,84988.87,85094.21,0,0
2025-11-19 14:15:00+05:30,85092.14,85236.77,85092.14,85199.98,0,0
2025-11-19 14:45:00+05:30,85199.98,85224.17,85158.16,85190.32,0,0
2025-11-19 15:15:00+05:30,85198.26,85211.71,85132.09,85160.45,0,0
2025-11-20 09:15:00+05:30,85470.92,85470.96,85201.22,85270.61,0,0
2025-11-20 09:45:00+05:30,85271.04,85340.31,85216.09,85333.98,0,0
2025-11-20 10:15:00+05:30,85335.46,85430.74,85309.53,85424.04,0,0
2025-11-20 10:45:00+05:30,85425.3,85483.1,85388.62,85423.51,0,0
2025-11-20 11:15:00+05:30,85428.38,85489.41,85393.74,85476.44,0,0
2025-11-20 11:45:00+05:30,85476.18,85498.77,85400.45,85468.59,0,0
2025-11-20 12:15:00+05:30,85469.05,85570.42,85434.78,85551.82,0,0
2025-11-20 12:45:00+05:30,85556.02,85602.04,85531.5,85558.74,0,0
2025-11-20 13:15:00+05:30,85563.85,85699.73,85563.59,85660.83,0,0
2025-11-20 13:45:00+05:30,85661.58,85768.52,85653.34,85739.07,0,0
2025-11-20 14:15:00+05:30,85738.8,85801.7,85636.25,85652.11,0,0
2025-11-20 14:45:00+05:30,85649.85,85724.85,85527.03,85696.17,0,0
2025-11-20 15:15:00+05:30,85694.52,85694.52,85574.14,85638.5,0,0
2025-11-21 09:15:00+05:30,85347.4,85609.4,85335.71,85455.89,0,0
2025-11-21 09:45:00+05:30,85452.12,85452.12,85289.28,85297.51,0,0
2025-11-21 10:15:00+05:30,85300.37,85300.37,85195.07,85255.37,0,0
2025-11-21 10:45:00+05:30,85252.23,85371.34,85214.14,85369.29,0,0
2025-11-21 11:15:00+05:30,85369.0,85371.41,85237.57,85273.68,0,0
2025-11-21 11:45:00+05:30,85274.29,85416.94,85268.07,85413.29,0,0
2025-11-21 12:15:00+05:30,85417.22,85523.7,85411.07,85475.85,0,0
2025-11-21 12:45:00+05:30,85475.39,85581.97,85445.98,85446.26,0,0
2025-11-21 13:15:00+05:30,85446.61,85456.68,85330.95,85344.63,0,0
2025-11-21 13:45:00+05:30,85344.54,85490.37,85319.21,85488.98,0,0
2025-11-21 14:15:00+05:30,85488.98,85527.8,85432.65,85432.65,0,0
2025-11-21 14:45:00+05:30,85432.61,85443.95,85219.06,85246.92,0,0
2025-11-21 15:15:00+05:30,85245.97,85268.08,85187.84,85215.74,0,0
2025-11-24 09:15:00+05:30,85320.04,85450.36,85248.06,85251.89,0,0
2025-11-24 09:45:00+05:30,85252.62,85403.83,85209.91,85400.07,0,0
2025-11-24 10:15:00+05:30,85399.72,85473.47,85336.21,85436.64,0,0
2025-11-24 10:45:00+05:30,85433.64,85451.74,85312.79,85329.53,0,0
2025-11-24 11:15:00+05:30,85329.43,85437.19,85298.58,85392.2,0,0
2025-11-24 11:45:00+05:30,85392.08,85403.26,85223.93,85248.52,0,0
2025-11-24 12:15:00+05:30,85243.46,85302.87,85193.27,85283.91,0,0
2025-11-24 12:45:00+05:30,85284.76,85336.74,85236.43,85309.06,0,0
2025-11-24 13:15:00+05:30,85303.9,85354.07,85251.65,85314.38,0,0
2025-11-24 13:45:00+05:30,85318.3,85333.26,85150.84,85220.76,0,0
2025-11-24 14:15:00+05:30,85221.07,85232.78,85102.62,85134.06,0,0
2025-11-24 14:45:00+05:30,85135.33,85236.52,84850.25,84879.97,0,0
2025-11-24 15:15:00+05:30,84872.61,84901.47,84710.11,84782.27,0,0
2025-11-25 09:15:00+05:30,85008.93,85032.34,84775.76,84933.52,0,0
2025-11-25 09:45:00+05:30,84933.65,85110.24,84877.02,85101.03,0,0
2025-11-25 10:15:00+05:30,85098.82,85104.78,84979.08,84979.08,0,0
2025-11-25 10:45:00+05:30,84979.71,84983.34,84765.1,84822.76,0,0
2025-11-25 11:15:00+05:30,84822.75,84905.77,84810.27,84834.89,0,0
2025-11-25 11:45:00+05:30,84834.89,84989.65,84828.47,84937.32,0,0
2025-11-25 12:15:00+05:30,84938.48,84977.8,84840.4,84969.27,0,0
2025-11-25 12:45:00+05:30,84969.27,85042.89,84917.3,84986.73,0,0
2025-11-25 13:15:00+05:30,84983.57,85063.58,84949.37,85005.3,0,0
2025-11-25 13:45:00+05:30,85005.3,85104.1,84971.96,85081.76,0,0
2025-11-25 14:15:00+05:30,85081.44,85100.95,84801.6,84866.9,0,0
2025-11-25 14:45:00+05:30,84864.11,84877.31,84552.4,84618.65,0,0
2025-11-25 15:15:00+05:30,84618.81,84618.81,84536.73,84542.46,0,0
2025-11-26 09:15:00+05:30,84503.44,85023.09,84478.13,85018.14,0,0
2025-11-26 09:45:00+05:30,85018.73,85266.3,85017.61,85239.23,0,0
2025-11-26 10:15:00+05:30,85239.54,85254.24,85126.19,85237.52,0,0
2025-11-26 10:45:00+05:30,85237.65,85376.98,85237.65,85295.54,0,0
2025-11-26 11:15:00+05:30,85297.67,85403.27,85293.51,85352.28,0,0
2025-11-26 11:45:00+05:30,85353.38,85468.11,85321.22,85444.64,0,0
2025-11-26 12:15:00+05:30,85442.64,85509.24,85408.23,85504.39,0,0
2025-11-26 12:45:00+05:30,85503.74,85582.4,85463.44,85545.66,0,0
2025-11-26 13:15:00+05:30,85547.04,85568.28,85441.15,85501.39,0,0
2025-11-26 13:45:00+05:30,85502.45,85630.32,85455.82,85567.2,0,0
2025-11-26 14:15:00+05:30,85566.37,85595.89,85485.66,85537.61,0,0
2025-11-26 14:45:00+05:30,85535.95,85644.19,85452.61,85623.28,0,0
2025-11-26 15:15:00+05:30,85618.9,85634.55,85582.34,85597.84,0,0
2025-11-27 09:15:00+05:30,85745.05,85940.24,85646.22,85730.51,0,0
2025-11-27 09:45:00+05:30,85742.13,86026.18,85711.35,85915.12,0,0
2025-11-27 10:15:00+05:30,85920.19,85968.75,85871.0,85934.8,0,0
2025-11-27 10:45:00+05:30,85933.48,86055.86,85932.97,85990.76,0,0
2025-11-27 11:15:00+05:30,85997.34,86032.91,85879.74,85899.6,0,0
2025-11-27 11:45:00+05:30,85897.86,85931.03,85778.58,85818.15,0,0
2025-11-27 12:15:00+05:30,85818.04,85863.08,85724.47,85840.42,0,0
2025-11-27 12:45:00+05:30,85840.42,85894.83,85579.25,85590.25,0,0
2025-11-27 13:15:00+05:30,85591.2,85679.01,85473.85,85506.52,0,0
2025-11-27 13:45:00+05:30,85506.96,85666.27,85485.8,85631.59,0,0
2025-11-27 14:15:00+05:30,85629.04,85751.89,85576.65,85721.89,0,0
2025-11-27 14:45:00+05:30,85714.85,85775.97,85586.88,85726.75,0,0
2025-11-27 15:15:00+05:30,85726.51,85821.81,85677.13,85774.82,0,0
2025-11-28 09:15:00+05:30,85791.55,85873.39,85577.82,85764.33,0,0
2025-11-28 09:45:00+05:30,85764.78,85926.67,85742.39,85835.87,0,0
2025-11-28 10:15:00+05:30,85834.05,85954.25,85752.04,85951.44,0,0
2025-11-28 10:45:00+05:30,85951.1,85969.89,85866.54,85925.67,0,0
2025-11-28 11:15:00+05:30,85928.1,85946.84,85818.25,85856.06,0,0
2025-11-28 11:45:00+05:30,85852.01,85880.21,85804.37,85827.24,0,0
2025-11-28 12:15:00+05:30,85827.24,85842.15,85749.73,85815.36,0,0
2025-11-28 12:45:00+05:30,85814.94,85816.2,85724.44,85759.66,0,0
2025-11-28 13:15:00+05:30,85760.07,85830.98,85723.92,85791.15,0,0
2025-11-28 13:45:00+05:30,85787.91,85787.91,85704.85,85715.53,0,0
2025-11-28 14:15:00+05:30,85717.82,85786.59,85688.55,85722.84,0,0
2025-11-28 14:45:00+05:30,85723.04,85757.91,85691.8,85694.98,0,0
2025-11-28 15:15:00+05:30,85695.75,85749.09,85683.87,85700.29,0,0
2025-12-01 09:15:00+05:30,86065.92,86159.02,85931.35,86007.74,0,0
2025-12-01 09:45:00+05:30,86012.76,86037.16,85935.06,86005.71,0,0
2025-12-01 10:15:00+05:30,86007.76,86020.9,85898.62,85903.11,0,0
2025-12-01 10:45:00+05:30,85902.21,85907.22,85785.21,85859.36,0,0
2025-12-01 11:15:00+05:30,85860.56,85934.63,85750.76,85757.7,0,0
2025-12-01 11:45:00+05:30,85758.78,85771.77,85614.96,85637.63,0,0
2025-12-01 12:15:00+05:30,85639.57,85677.54,85556.8,85593.58,0,0
2025-12-01 12:45:00+05:30,85594.8,85675.01,85550.74,85667.66,0,0
2025-12-01 13:15:00+05:30,85670.44,85695.94,85599.02,85685.08,0,0
2025-12-01 13:45:00+05:30,85684.18,85800.4,85647.07,85758.64,0,0
2025-12-01 14:15:00+05:30,85756.09,85765.96,85632.22,85632.34,0,0
2025-12-01 14:45:00+05:30,85632.3,85684.42,85489.65,85640.58,0,0
2025-12-01 15:15:00+05:30,85642.41,85673.11,85603.85,85636.29,0,0
2025-12-02 09:15:00+05:30,85325.51,85553.51,85261.88,85301.8,0,0
2025-12-02 09:45:00+05:30,85299.67,85351.04,85250.7,85265.13,0,0
2025-12-02 10:15:00+05:30,85264.82,85367.27,85215.12,85311.64,0,0
2025-12-02 10:45:00+05:30,85311.64,85387.58,85280.3,85317.79,0,0
2025-12-02 11:15:00+05:30,85312.53,85337.73,85263.8,85273.3,0,0
2025-12-02 11:45:00+05:30,85274.46,85292.49,85194.59,85233.58,0,0
2025-12-02 12:15:00+05:30,85232.86,85338.26,85214.25,85258.74,0,0
2025-12-02 12:45:00+05:30,85259.44,85264.51,85169.2,85179.4,0,0
2025-12-02 13:15:00+05:30,85178.58,85210.92,85143.99,85161.0,0,0
2025-12-02 13:45:00+05:30,85160.57,85234.97,85140.74,85182.92,0,0
2025-12-02 14:15:00+05:30,85188.02,85202.23,85053.0,85070.33,0,0
2025-12-02 14:45:00+05:30,85069.52,85167.02,85053.22,85149.86,0,0
2025-12-02 15:15:00+05:30,85146.99,85243.85,85127.06,85233.52,0,0
2025-12-03 09:15:00+05:30,85150.64,85269.68,84826.38,84897.26,0,0
2025-12-03 09:45:00+05:30,84903.28,84943.12,84763.64,84858.36,0,0
2025-12-03 10:15:00+05:30,84860.54,84924.84,84769.07,84801.53,0,0
2025-12-03 10:45:00+05:30,84799.41,84884.17,84784.49,84860.34,0,0
2025-12-03 11:15:00+05:30,84858.27,84951.42,84773.2,84896.74,0,0
2025-12-03 11:45:00+05:30,84893.59,84984.26,84872.76,84964.51,0,0
2025-12-03 12:15:00+05:30,84964.51,85003.82,84832.69,84855.61,0,0
2025-12-03 12:45:00+05:30,84855.1,84910.0,84851.24,84896.8,0,0
2025-12-03 13:15:00+05:30,84896.31,84963.24,84848.35,84894.85,0,0
2025-12-03 13:45:00+05:30,84895.32,84962.71,84801.99,84953.24,0,0
2025-12-03 14:15:00+05:30,84958.98,84994.15,84893.94,84962.67,0,0
2025-12-03 14:45:00+05:30,84963.59,85174.34,84950.43,85129.5,0,0
2025-12-03 15:15:00+05:30,85121.29,85136.62,85073.14,85118.63,0,0
2025-12-04 09:15:00+05:30,84987.56,85257.75,84949.98,85253.78,0,0
2025-12-04 09:45:00+05:30,85245.39,85325.3,85204.5,85319.78,0,0
2025-12-04 10:15:00+05:30,85321.33,85487.21,85274.26,85467.67,0,0
2025-12-04 10:45:00+05:30,85467.34,85482.74,85375.96,85408.06,0,0
2025-12-04 11:15:00+05:30,85408.68,85423.18,85211.91,85230.26,0,0
2025-12-04 11:45:00+05:30,85238.83,85304.8,85182.13,85221.66,0,0
2025-12-04 12:15:00+05:30,85226.01,85265.93,85139.46,85173.04,0,0
2025-12-04 12:45:00+05:30,85173.04,85190.09,85087.81,85125.18,0,0
2025-12-04 13:15:00+05:30,85123.0,85216.08,85017.6,85051.22,0,0
2025-12-04 13:45:00+05:30,85054.14,85213.95,85017.67,85157.22,0,0
2025-12-04 14:15:00+05:30,85154.64,85234.02,85104.66,85157.93,0,0
2025-12-04 14:45:00+05:30,85158.96,85375.18,85107.56,85265.83,0,0
2025-12-04 15:15:00+05:30,85254.14,85289.77,85118.28,85131.41,0,0
2025-12-05 09:15:00+05:30,85125.48,85326.06,85078.12,85298.44,0,0
2025-12-05 09:45:00+05:30,85298.8,85496.19,85168.6,85407.25,0,0
2025-12-05 10:15:00+05:30,85406.44,85522.97,85181.74,85476.1,0,0
2025-12-05 10:45:00+05:30,85476.25,85621.54,85459.59,85611.13,0,0
2025-12-05 11:15:00+05:30,85611.49,85659.41,85554.82,85602.46,0,0
2025-12-05 11:45:00+05:30,85603.56,85650.85,85541.24,85553.37,0,0
2025-12-05 12:15:00+05:30,85554.41,85796.72,85548.63,85747.24,0,0
2025-12-05 12:45:00+05:30,85745.95,85781.42,85680.34,85695.69,0,0
2025-12-05 13:15:00+05:30,85695.05,85747.68,85690.62,85731.67,0,0
2025-12-05 13:45:00+05:30,85732.52,85745.62,85579.99,85638.81,0,0
2025-12-05 14:15:00+05:30,85641.81,85662.37,85566.4,85590.1,0,0
2025-12-05 14:45:00+05:30,85590.83,85742.14,85504.72,85723.36,0,0
2025-12-05 15:15:00+05:30,85722.39,85761.47,85684.94,85698.74,0,0
2025-12-08 09:15:00+05:30,85624.84,85722.97,85479.89,85541.25,0,0
2025-12-08 09:45:00+05:30,85540.99,85544.32,85360.03,85472.48,0,0
2025-12-08 10:15:00+05:30,85473.24,85507.05,85420.43,85458.35,0,0
2025-12-08 10:45:00+05:30,85458.35,85480.57,85331.22,85389.23,0,0
2025-12-08 11:15:00+05:30,85390.87,85425.53,85330.24,85384.15,0,0
2025-12-08 11:45:00+05:30,85384.73,85426.42,85320.9,85321.1,0,0
2025-12-08 12:15:00+05:30,85321.12,85369.59,85235.87,85241.09,0,0
2025-12-08 12:45:00+05:30,85241.33,85358.49,85229.76,85331.56,0,0
2025-12-08 13:15:00+05:30,85331.3,85336.83,84906.9,84964.33,0,0
2025-12-08 13:45:00+05:30,84963.73,85020.45,84922.41,84944.62,0,0
2025-12-08 14:15:00+05:30,84944.62,84996.41,84875.59,84988.76,0,0
2025-12-08 14:45:00+05:30,84987.55,85201.52,84980.01,85148.25,0,0
2025-12-08 15:15:00+05:30,85146.88,85161.08,84978.73,84990.2,0,0
2025-12-09 09:15:00+05:30,84742.87,84889.67,84445.43,84481.91,0,0
2025-12-09 09:45:00+05:30,84483.58,84574.68,84382.96,84560.62,0,0
2025-12-09 10:15:00+05:30,84561.8,84736.36,84526.9,84637.14,0,0
2025-12-09 10:45:00+05:30,84638.04,84792.15,84566.65,84782.82,0,0
2025-12-09 11:15:00+05:30,84783.79,84816.8,84672.45,84672.45,0,0
2025-12-09 11:45:00+05:30,84667.71,84877.02,84630.91,84873.82,0,0
2025-12-09 12:15:00+05:30,84873.82,84947.89,84797.44,84830.86,0,0
2025-12-09 12:45:00+05:30,84831.87,84853.0,84745.37,84809.85,0,0
2025-12-09 13:15:00+05:30,84810.59,84889.33,84793.16,84853.41,0,0
2025-12-09 13:45:00+05:30,84853.56,84898.72,84812.37,84854.79,0,0
2025-12-09 14:15:00+05:30,84854.37,84855.69,84588.6,84655.93,0,0
2025-12-09 14:45:00+05:30,84659.27,84733.98,84611.12,84662.86,0,0
2025-12-09 15:15:00+05:30,84665.64,84708.85,84651.19,84686.94,0,0
2025-12-10 09:15:00+05:30,84607.49,84945.48,84607.49,84899.64,0,0
2025-12-10 09:45:00+05:30,84900.85,84959.08,84773.29,84916.72,0,0
2025-12-10 10:15:00+05:30,84916.14,85020.34,84894.05,84940.19,0,0
2025-12-10 10:45:00+05:30,84940.19,84945.89,84604.62,84765.01,0,0
2025-12-10 11:15:00+05:30,84772.55,84794.86,84626.81,84656.38,0,0
2025-12-10 11:45:00+05:30,84659.76,84713.04,84572.85,84619.43,0,0
2025-12-10 12:15:00+05:30,84619.14,84644.73,84412.39,84450.72,0,0
2025-12-10 12:45:00+05:30,84449.96,84573.89,84408.51,84497.14,0,0
2025-12-10 13:15:00+05:30,84497.14,84684.25,84497.14,84620.55,0,0
2025-12-10 13:45:00+05:30,84620.55,84623.6,84362.77,84398.78,0,0
2025-12-10 14:15:00+05:30,84396.55,84494.05,84313.62,84402.87,0,0
2025-12-10 14:45:00+05:30,84403.1,84460.42,84340.77,84399.16,0,0
2025-12-10 15:15:00+05:30,84399.45,84413.1,84346.46,84376.7,0,0
2025-12-11 09:15:00+05:30,84456.75,84540.57,84160.65,84240.94,0,0
2025-12-11 09:45:00+05:30,84237.91,84500.21,84150.19,84500.21,0,0
2025-12-11 10:15:00+05:30,84507.69,84626.64,84435.53,84575.88,0,0
2025-12-11 10:45:00+05:30,84578.62,84628.16,84351.66,84449.85,0,0
2025-12-11 11:15:00+05:30,84454.82,84608.42,84432.39,84604.78,0,0
2025-12-11 11:45:00+05:30,84604.78,84812.13,84559.9,84765.93,0,0
2025-12-11 12:15:00+05:30,84765.96,84898.19,84721.71,84826.44,0,0
2025-12-11 12:45:00+05:30,84826.44,84838.0,84618.73,84690.44,0,0
2025-12-11 13:15:00+05:30,84685.67,84777.21,84650.76,84744.04,0,0
2025-12-11 13:45:00+05:30,84744.04,84827.02,84658.17,84697.07,0,0
2025-12-11 14:15:00+05:30,84706.75,84906.93,84695.38,84787.33,0,0
2025-12-11 14:45:00+05:30,84784.32,84877.24,84647.54,84806.34,0,0
2025-12-11 15:15:00+05:30,84807.52,84859.09,84775.85,84791.9,0,0
2025-12-12 09:15:00+05:30,85051.03,85282.76,85031.71,85229.19,0,0
2025-12-12 09:45:00+05:30,85228.83,85233.53,85050.65,85116.65,0,0
2025-12-12 10:15:00+05:30,85112.9,85177.52,84956.74,85012.67,0,0
2025-12-12 10:45:00+05:30,85013.13,85147.06,84974.98,85117.31,0,0
2025-12-12 11:15:00+05:30,85117.31,85227.77,85110.99,85209.62,0,0
2025-12-12 11:45:00+05:30,85209.62,85280.63,85161.48,85193.68,0,0
2025-12-12 12:15:00+05:30,85193.68,85271.07,85188.52,85219.31,0,0
2025-12-12 12:45:00+05:30,85214.56,85246.19,85169.43,85240.47,0,0
2025-12-12 13:15:00+05:30,85240.78,85252.73,85182.75,85215.23,0,0
2025-12-12 13:45:00+05:30,85215.23,85310.83,85208.33,85268.94,0,0
2025-12-12 14:15:00+05:30,85269.11,85277.6,85196.61,85225.77,0,0
2025-12-12 14:45:00+05:30,85224.03,85320.82,85187.21,85310.34,0,0
2025-12-12 15:15:00+05:30,85307.89,85313.92,85256.61,85264.17,0,0
2025-12-15 09:15:00+05:30,84891.75,85156.83,84863.74,84872.58,0,0
2025-12-15 09:45:00+05:30,84871.4,85033.08,84840.32,85033.03,0,0
2025-12-15 10:15:00+05:30,85032.67,85080.48,84969.8,85028.97,0,0
2025-12-15 10:45:00+05:30,85028.02,85131.9,85022.61,85073.32,0,0
2025-12-15 11:15:00+05:30,85073.48,85102.88,85005.95,85020.31,0,0
2025-12-15 11:45:00+05:30,85020.31,85239.09,85020.31,85205.34,0,0
2025-12-15 12:15:00+05:30,85205.33,85247.87,85168.26,85181.58,0,0
2025-12-15 12:45:00+05:30,85179.94,85274.67,85156.64,85272.99,0,0
2025-12-15 13:15:00+05:30,85270.94,85275.64,85204.44,85210.07,0,0
2025-12-15 13:45:00+05:30,85208.78,85255.24,85108.53,85148.41,0,0
2025-12-15 14:15:00+05:30,85152.54,85238.16,85144.63,85236.45,0,0
2025-12-15 14:45:00+05:30,85237.23,85278.63,85194.73,85221.03,0,0
2025-12-15 15:15:00+05:30,85224.21,85235.79,85177.66,85193.08,0,0
2025-12-16 09:15:00+05:30,85025.61,85059.96,84795.36,84851.95,0,0
2025-12-16 09:45:00+05:30,84857.48,84911.32,84716.7,84750.37,0,0
2025-12-16 10:15:00+05:30,84752.51,84851.02,84738.16,84785.04,0,0
2025-12-16 10:45:00+05:30,84783.13,84804.62,84734.12,84754.14,0,0
2025-12-16 11:15:00+05:30,84754.14,84808.65,84695.01,84708.29,0,0
2025-12-16 11:45:00+05:30,84708.09,84760.49,84683.91,84745.07,0,0
2025-12-16 12:15:00+05:30,84745.07,84845.31,84728.53,84779.72,0,0
2025-12-16 12:45:00+05:30,84779.37,84805.69,84719.48,84764.72,0,0
2025-12-16 13:15:00+05:30,84766.24,84862.08,84737.56,84817.27,0,0
2025-12-16 13:45:00+05:30,84817.8,84904.24,84747.9,84767.57,0,0
2025-12-16 14:15:00+05:30,84763.7,84768.44,84654.25,84710.52,0,0
2025-12-16 14:45:00+05:30,84709.52,84802.83,84672.72,84685.32,0,0
2025-12-16 15:15:00+05:30,84685.76,84689.55,84620.61,84647.03,0,0
2025-12-17 09:15:00+05:30,84856.26,84889.45,84649.25,84730.8,0,0
2025-12-17 09:45:00+05:30,84730.8,84761.29,84569.95,84614.18,0,0
2025-12-17 10:15:00+05:30,84615.06,84650.08,84513.69,84551.42,0,0
2025-12-17 10:45:00+05:30,84551.03,84619.43,84491.42,84616.09,0,0
2025-12-17 11:15:00+05:30,84616.09,84646.93,84492.53,84570.22,0,0
2025-12-17 11:45:00+05:30,84570.34,84650.53,84437.91,84460.19,0,0
2025-12-17 12:15:00+05:30,84460.89,84501.97,84415.98,84463.71,0,0
2025-12-17 12:45:00+05:30,84463.71,84534.97,84429.99,84469.53,0,0
2025-12-17 13:15:00+05:30,84469.71,84578.97,84440.6,84450.98,0,0
2025-12-17 13:45:00+05:30,84450.98,84499.54,84436.79,84496.96,0,0
2025-12-17 14:15:00+05:30,84496.05,84593.44,84421.73,84467.5,0,0
2025-12-17 14:45:00+05:30,84467.5,84582.81,84467.34,84538.63,0,0
2025-12-17 15:15:00+05:30,84537.35,84600.11,84514.9,84582.28,0,0
2025-12-18 09:15:00+05:30,84518.33,84570.6,84309.95,84316.65,0,0
2025-12-18 09:45:00+05:30,84316.02,84487.58,84238.43,84456.88,0,0
2025-12-18 10:15:00+05:30,84457.26,84673.46,84422.54,84637.54,0,0
2025-12-18 10:45:00+05:30,84637.54,84675.38,84540.52,84542.92,0,0
2025-12-18 11:15:00+05:30,84542.74,84661.09,84510.31,84602.15,0,0
2025-12-18 11:45:00+05:30,84603.23,84719.03,84576.3,84713.2,0,0
2025-12-18 12:15:00+05:30,84714.24,84771.12,84639.93,84738.25,0,0
2025-12-18 12:45:00+05:30,84734.18,84780.19,84653.87,84695.44,0,0
2025-12-18 13:15:00+05:30,84699.33,84704.86,84548.99,84576.75,0,0
2025-12-18 13:45:00+05:30,84576.11,84655.15,84443.83,84469.89,0,0
2025-12-18 14:15:00+05:30,84470.84,84551.84,84371.02,84418.54,0,0
2025-12-18 14:45:00+05:30,84418.5,84539.48,84359.79,84518.68,0,0
2025-12-18 15:15:00+05:30,84525.31,84525.31,84442.65,84476.96,0,0
2025-12-19 09:15:00+05:30,84756.79,85013.03,84734.96,84980.91,0,0
2025-12-19 09:45:00+05:30,84980.91,85014.83,84886.22,84899.98,0,0
2025-12-19 10:15:00+05:30,84899.98,85049.58,84890.03,85047.72,0,0
2025-12-19 10:45:00+05:30,85049.28,85067.5,84938.55,84967.34,0,0
2025-12-19 11:15:00+05:30,84969.4,84983.26,84825.45,84828.97,0,0
2025-12-19 11:45:00+05:30,84827.28,84948.3,84792.42,84916.46,0,0
2025-12-19 12:15:00+05:30,84916.99,84934.9,84845.19,84913.29,0,0
2025-12-19 12:45:00+05:30,84913.29,84929.33,84797.3,84807.2,0,0
2025-12-19 13:15:00+05:30,84810.14,84967.29,84806.84,84957.76,0,0
2025-12-19 13:45:00+05:30,84957.62,84991.95,84917.37,84950.25,0,0
2025-12-19 14:15:00+05:30,84946.12,85030.31,84935.91,84969.29,0,0
2025-12-19 14:45:00+05:30,84967.46,84982.54,84858.55,84939.06,0,0
2025-12-19 15:15:00+05:30,84930.77,84944.76,84879.69,84912.93,0,0
2025-12-22 09:15:00+05:30,85145.9,85461.19,85145.86,85388.05,0,0
2025-12-22 09:45:00+05:30,85386.0,85455.23,85350.86,85405.06,0,0
2025-12-22 10:15:00+05:30,85401.4,85419.09,85362.26,85387.21,0,0
2025-12-22 10:45:00+05:30,85387.79,85459.14,85368.32,85379.22,0,0
2025-12-22 11:15:00+05:30,85380.38,85417.79,85351.1,85408.36,0,0
2025-12-22 11:45:00+05:30,85406.78,85448.46,85388.84,85400.6,0,0
2025-12-22 12:15:00+05:30,85399.61,85467.39,85374.64,85376.58,0,0
2025-12-22 12:45:00+05:30,85376.58,85472.08,85335.81,85448.5,0,0
2025-12-22 13:15:00+05:30,85449.23,85499.56,85434.28,85467.45,0,0
2025-12-22 13:45:00+05:30,85466.94,85495.12,85416.94,85461.3,0,0
2025-12-22 14:15:00+05:30,85461.33,85584.21,85418.65,85535.03,0,0
2025-12-22 14:45:00+05:30,85535.03,85601.33,85504.04,85581.6,0,0
2025-12-22 15:15:00+05:30,85583.57,85593.72,85532.73,85544.81,0,0
2025-12-23 09:15:00+05:30,85690.1,85704.93,85344.87,85385.28,0,0
2025-12-23 09:45:00+05:30,85386.51,85605.79,85342.99,85574.26,0,0
2025-12-23 10:15:00+05:30,85575.69,85575.85,85465.28,85539.8,0,0
2025-12-23 10:45:00+05:30,85539.84,85584.81,85510.07,85579.97,0,0
2025-12-23 11:15:00+05:30,85579.97,85587.87,85466.83,85483.24,0,0
2025-12-23 11:45:00+05:30,85482.53,85583.03,85460.63,85553.27,0,0
2025-12-23 12:15:00+05:30,85553.27,85566.71,85486.15,85513.71,0,0
2025-12-23 12:45:00+05:30,85513.13,85598.44,85511.5,85570.58,0,0
2025-12-23 13:15:00+05:30,85569.72,85587.48,85543.6,85550.34,0,0
2025-12-23 13:45:00+05:30,85550.34,85621.05,85543.51,85607.6,0,0
2025-12-23 14:15:00+05:30,85609.23,85704.12,85503.32,85503.32,0,0
2025-12-23 14:45:00+05:30,85503.62,85629.27,85486.47,85542.45,0,0
2025-12-23 15:15:00+05:30,85541.16,85548.73,85473.63,85499.6,0,0
2025-12-24 09:15:00+05:30,85533.11,85677.76,85386.54,85625.12,0,0
2025-12-24 09:45:00+05:30,85631.95,85685.65,85581.1,85678.72,0,0
2025-12-24 10:15:00+05:30,85678.9,85738.18,85621.51,85653.13,0,0
2025-12-24 10:45:00+05:30,85650.28,85660.5,85564.98,85613.6,0,0
2025-12-24 11:15:00+05:30,85616.36,85641.79,85520.5,85549.87,0,0
2025-12-24 11:45:00+05:30,85551.16,85569.73,85483.69,85544.47,0,0
2025-12-24 12:15:00+05:30,85545.11,85591.81,85514.48,85524.91,0,0
2025-12-24 12:45:00+05:30,85523.92,85564.61,85491.57,85516.02,0,0
2025-12-24 13:15:00+05:30,85516.02,85523.4,85407.42,85469.04,0,0
2025-12-24 13:45:00+05:30,85469.11,85495.02,85395.06,85451.34,0,0
2025-12-24 14:15:00+05:30,85453.08,85478.38,85343.75,85416.29,0,0
2025-12-24 14:45:00+05:30,85417.63,85487.86,85342.19,85464.88,0,0
2025-12-24 15:15:00+05:30,85459.74,85472.47,85353.94,85387.68,0,0
2025-12-26 09:15:00+05:30,85225.28,85378.51,85189.24,85205.14,0,0
2025-12-26 09:45:00+05:30,85203.13,85273.13,85166.06,85239.79,0,0
2025-12-26 10:15:00+05:30,85240.19,85247.84,85181.96,85223.65,0,0
2025-12-26 10:45:00+05:30,85222.75,85230.54,85152.14,85171.07,0,0
2025-12-26 11:15:00+05:30,85171.02,85173.16,85075.03,85092.98,0,0
2025-12-26 11:45:00+05:30,85093.32,85112.33,85067.65,85086.22,0,0
2025-12-26 12:15:00+05:30,85086.72,85118.42,85020.97,85032.1,0,0
2025-12-26 12:45:00+05:30,85027.45,85044.35,85000.22,85034.42,0,0
2025-12-26 13:15:00+05:30,85034.72,85071.86,85033.83,85052.11,0,0
2025-12-26 13:45:00+05:30,85052.55,85072.89,85006.24,85034.86,0,0
2025-12-26 14:15:00+05:30,85036.07,85049.86,84954.9,84963.82,0,0
2025-12-26 14:45:00+05:30,84963.37,85075.23,84937.82,85073.9,0,0
2025-12-26 15:15:00+05:30,85066.75,85084.38,85016.64,85081.12,0,0
2025-12-29 09:15:00+05:30,85004.75,85250.0,84992.82,85149.02,0,0
2025-12-29 09:45:00+05:30,85148.52,85171.09,84975.04,84994.41,0,0
2025-12-29 10:15:00+05:30,84991.94,85003.76,84879.01,84879.01,0,0
2025-12-29 10:45:00+05:30,84879.01,84903.01,84802.98,84814.37,0,0
2025-12-29 11:15:00+05:30,84814.4,84814.4,84754.88,84786.81,0,0
2025-12-29 11:45:00+05:30,84786.81,84837.95,84765.36,84803.49,0,0
2025-12-29 12:15:00+05:30,84803.49,84814.27,84733.91,84747.59,0,0
2025-12-29 12:45:00+05:30,84746.94,84791.75,84725.61,84738.69,0,0
2025-12-29 13:15:00+05:30,84739.75,84747.28,84650.12,84682.37,0,0
2025-12-29 13:45:00+05:30,84682.37,84759.45,84676.43,84713.55,0,0
2025-12-29 14:15:00+05:30,84713.26,84800.5,84650.88,84693.19,0,0
2025-12-29 14:45:00+05:30,84696.38,84721.31,84637.86,84702.36,0,0
2025-12-29 15:15:00+05:30,84695.34,84753.08,84669.47,84707.68,0,0
2025-12-30 09:15:00+05:30,84600.99,84698.93,84470.94,84681.41,0,0
2025-12-30 09:45:00+05:30,84681.88,84709.35,84567.39,84684.33,0,0
2025-12-30 10:15:00+05:30,84684.78,84802.64,84684.78,84703.91,0,0
2025-12-30 10:45:00+05:30,84704.79,84705.13,84595.76,84624.25,0,0
2025-12-30 11:15:00+05:30,84624.25,84638.64,84536.57,84592.25,0,0
2025-12-30 11:45:00+05:30,84591.26,84609.34,84506.86,84518.19,0,0
2025-12-30 12:15:00+05:30,84518.19,84593.26,84501.55,84582.56,0,0
2025-12-30 12:45:00+05:30,84582.71,84610.37,84514.15,84544.05,0,0
2025-12-30 13:15:00+05:30,84543.71,84678.56,84531.42,84673.44,0,0
2025-12-30 13:45:00+05:30,84674.32,84749.56,84656.52,84679.48,0,0
2025-12-30 14:15:00+05:30,84679.48,84726.44,84590.25,84682.12,0,0
2025-12-30 14:45:00+05:30,84679.28,84737.94,84583.83,84665.3,0,0
2025-12-30 15:15:00+05:30,84667.69,84804.82,84646.39,84803.17,0,0
2025-12-31 09:15:00+05:30,84793.58,84929.46,84722.46,84725.83,0,0
2025-12-31 09:45:00+05:30,84726.07,84811.95,84705.57,84811.95,0,0
2025-12-31 10:15:00+05:30,84811.44,84940.08,84794.34,84932.03,0,0
2025-12-31 10:45:00+05:30,84927.2,84974.16,84890.74,84965.3,0,0
2025-12-31 11:15:00+05:30,84963.28,85028.82,84909.92,85019.85,0,0
2025-12-31 11:45:00+05:30,85013.3,85087.67,84977.25,85085.62,0,0
2025-12-31 12:15:00+05:30,85085.44,85202.31,85066.55,85200.85,0,0
2025-12-31 12:45:00+05:30,85200.63,85320.05,85200.63,85312.23,0,0
2025-12-31 13:15:00+05:30,85312.23,85351.76,85255.95,85292.04,0,0
2025-12-31 13:45:00+05:30,85288.47,85401.1,85279.73,85348.0,0,0
2025-12-31 14:15:00+05:30,85348.0,85432.83,85285.69,85417.3,0,0
2025-12-31 14:45:00+05:30,85417.94,85437.17,85154.17,85193.11,0,0
2025-12-31 15:15:00+05:30,85196.86,85256.38,85176.49,85208.64,0,0
2026-01-01 09:15:00+05:30,85255.55,85444.14,85253.06,85410.48,0,0
2026-01-01 09:45:00+05:30,85415.11,85451.7,85276.76,85301.35,0,0
2026-01-01 10:15:00+05:30,85302.63,85380.62,85171.01,85321.82,0,0
2026-01-01 10:45:00+05:30,85320.63,85412.65,85301.59,85365.08,0,0
2026-01-01 11:15:00+05:30,85362.98,85364.68,85238.37,85255.8,0,0
2026-01-01 11:45:00+05:30,85255.98,85276.73,85161.56,85181.88,0,0
2026-01-01 12:15:00+05:30,85183.86,85290.97,85118.82,85218.33,0,0
2026-01-01 12:45:00+05:30,85216.29,85292.29,85209.1,85269.4,0,0
2026-01-01 13:15:00+05:30,85275.47,85312.11,85177.15,85245.87,0,0
2026-01-01 13:45:00+05:30,85244.77,85345.39,85230.49,85307.66,0,0
2026-01-01 14:15:00+05:30,85308.05,85340.17,85243.56,85269.32,0,0
2026-01-01 14:45:00+05:30,85268.56,85307.26,85153.44,85180.66,0,0
2026-01-01 15:15:00+05:30,85170.04,85206.44,85101.52,85172.11,0,0
2026-01-02 09:15:00+05:30,85259.36,85533.73,85068.88,85522.69,0,0
2026-01-02 09:45:00+05:30,85525.18,85605.55,85495.35,85543.14,0,0
2026-01-02 10:15:00+05:30,85543.91,85582.86,85482.94,85521.96,0,0
2026-01-02 10:45:00+05:30,85524.0,85561.38,85481.16,85505.15,0,0
2026-01-02 11:15:00+05:30,85504.51,85629.67,85503.98,85622.7,0,0
2026-01-02 11:45:00+05:30,85620.33,85658.35,85591.91,85631.73,0,0
2026-01-02 12:15:00+05:30,85630.97,85706.49,85596.1,85666.49,0,0
2026-01-02 12:45:00+05:30,85671.06,85674.06,85619.88,85657.53,0,0
2026-01-02 13:15:00+05:30,85657.35,85692.65,85648.64,85673.88,0,0
2026-01-02 13:45:00+05:30,85673.19,85692.72,85632.24,85661.31,0,0
2026-01-02 14:15:00+05:30,85661.21,85695.23,85558.55,85564.6,0,0
2026-01-02 14:45:00+05:30,85559.51,85776.8,85546.8,85748.22,0,0
2026-01-02 15:15:00+05:30,85741.54,85810.29,85731.83,85810.29,0,0
2026-01-05 09:15:00+05:30,85640.05,85800.87,85516.75,85577.74,0,0
2026-01-05 09:45:00+05:30,85588.83,85782.42,85565.94,85773.44,0,0
2026-01-05 10:15:00+05:30,85771.44,85883.5,85752.97,85783.21,0,0
2026-01-05 10:45:00+05:30,85782.03,85857.93,85777.26,85816.86,0,0
2026-01-05 11:15:00+05:30,85817.21,85831.84,85680.92,85755.64,0,0
2026-01-05 11:45:00+05:30,85755.64,85770.45,85652.63,85728.65,0,0
2026-01-05 12:15:00+05:30,85731.13,85758.16,85712.31,85727.57,0,0
2026-01-05 12:45:00+05:30,85729.0,85770.31,85637.15,85644.22,0,0
2026-01-05 13:15:00+05:30,85638.15,85664.76,85544.37,85592.2,0,0
2026-01-05 13:45:00+05:30,85594.03,85594.03,85324.66,85371.01,0,0
2026-01-05 14:15:00+05:30,85369.07,85490.8,85315.33,85484.45,0,0
2026-01-05 14:45:00+05:30,85484.58,85562.47,85430.43,85440.23,0,0
2026-01-05 15:15:00+05:30,85441.02,85445.93,85381.89,85434.63,0,0
2026-01-06 09:15:00+05:30,85331.14,85331.79,85007.67,85153.71,0,0
2026-01-06 09:45:00+05:30,85153.87,85397.78,85149.46,85301.77,0,0
2026-01-06 10:15:00+05:30,85300.98,85332.98,85175.59,85187.07,0,0
2026-01-06 10:45:00+05:30,85186.65,85243.07,85119.1,85128.32,0,0
2026-01-06 11:15:00+05:30,85135.49,85140.76,84958.27,85133.9,0,0
2026-01-06 11:45:00+05:30,85135.61,85152.42,85002.94,85046.72,0,0
2026-01-06 12:15:00+05:30,85047.18,85058.34,84982.86,85034.49,0,0
2026-01-06 12:45:00+05:30,85033.58,85109.09,84994.16,85050.92,0,0
2026-01-06 13:15:00+05:30,85055.48,85060.47,84952.87,84996.11,0,0
2026-01-06 13:45:00+05:30,84992.42,85062.17,84900.1,84923.32,0,0
2026-01-06 14:15:00+05:30,84922.04,84999.72,84905.98,84983.68,0,0
2026-01-06 14:45:00+05:30,84980.05,85093.69,84979.67,85060.05,0,0
2026-01-06 15:15:00+05:30,85055.35,85091.25,85025.57,85027.58,0,0
2026-01-07 09:15:00+05:30,84620.4,85039.48,84617.49,84854.71,0,0
2026-01-07 09:45:00+05:30,84858.07,85015.83,84781.34,84985.77,0,0
2026-01-07 10:15:00+05:30,84991.82,85075.99,84864.98,84920.78,0,0
2026-01-07 10:45:00+05:30,84923.63,85066.21,84902.47,84979.88,0,0
2026-01-07 11:15:00+05:30,84979.39,85022.94,84891.71,84968.95,0,0
2026-01-07 11:45:00+05:30,84969.62,84970.25,84826.79,84840.65,0,0
2026-01-07 12:15:00+05:30,84840.67,84853.22,84736.42,84745.45,0,0
2026-01-07 12:45:00+05:30,84751.51,84857.55,84728.6,84820.64,0,0
2026-01-07 13:15:00+05:30,84820.99,84824.84,84707.99,84740.98,0,0
2026-01-07 13:45:00+05:30,84742.29,84844.05,84720.91,84826.79,0,0
2026-01-07 14:15:00+05:30,84825.38,84858.32,84741.53,84847.84,0,0
2026-01-07 14:45:00+05:30,84847.75,84986.25,84781.53,84973.51,0,0
2026-01-07 15:15:00+05:30,84974.68,84985.11,84931.49,84968.05,0,0
2026-01-08 09:15:00+05:30,84778.02,84965.27,84678.85,84848.61,0,0
2026-01-08 09:45:00+05:30,84848.92,84867.02,84705.25,84774.62,0,0
2026-01-08 10:15:00+05:30,84774.1,84774.1,84631.01,84647.89,0,0
2026-01-08 10:45:00+05:30,84649.66,84698.6,84593.91,84597.98,0,0
2026-01-08 11:15:00+05:30,84598.64,84637.39,84482.33,84527.13,0,0
2026-01-08 11:45:00+05:30,84522.17,84536.87,84230.95,84370.52,0,0
2026-01-08 12:15:00+05:30,84373.21,84417.36,84289.34,84336.47,0,0
2026-01-08 12:45:00+05:30,84336.85,84342.84,84250.38,84329.09,0,0
2026-01-08 13:15:00+05:30,84329.49,84330.36,84207.45,84299.94,0,0
2026-01-08 13:45:00+05:30,84301.04,84406.4,84265.74,84369.81,0,0
2026-01-08 14:15:00+05:30,84369.93,84428.73,84295.5,84354.76,0,0
2026-01-08 14:45:00+05:30,84359.05,84389.25,84110.1,84187.72,0,0
2026-01-08 15:15:00+05:30,84187.29,84210.29,84114.14,84162.02,0,0
2026-01-09 09:15:00+05:30,84022.09,84406.22,84019.5,84176.74,0,0
2026-01-09 09:45:00+05:30,84182.87,84254.97,84088.64,84121.44,0,0
2026-01-09 10:15:00+05:30,84122.44,84235.16,84052.46,84093.11,0,0
2026-01-09 10:45:00+05:30,84096.03,84133.24,83916.7,83916.7,0,0
2026-01-09 11:15:00+05:30,83916.7,83987.71,83775.0,83785.64,0,0
2026-01-09 11:45:00+05:30,83784.44,83797.86,83707.98,83721.24,0,0
2026-01-09 12:15:00+05:30,83720.94,83771.14,83517.74,83548.38,0,0
2026-01-09 12:45:00+05:30,83548.78,83596.85,83506.79,83575.26,0,0
2026-01-09 13:15:00+05:30,83577.22,83703.99,83556.11,83566.94,0,0
2026-01-09 13:45:00+05:30,83567.25,83586.83,83500.32,83507.06,0,0
2026-01-09 14:15:00+05:30,83506.38,83541.0,83402.28,83501.97,0,0
2026-01-09 14:45:00+05:30,83500.7,83638.12,83492.36,83610.94,0,0
2026-01-09 15:15:00+05:30,83608.32,83639.53,83553.81,83638.66,0,0
2026-01-12 09:15:00+05:30,83435.31,83617.53,83043.45,83148.74,0,0
2026-01-12 09:45:00+05:30,83155.84,83321.26,83118.84,83124.35,0,0
2026-01-12 10:15:00+05:30,83116.03,83236.2,83091.92,83156.86,0,0
2026-01-12 10:45:00+05:30,83157.93,83191.75,83038.09,83045.17,0,0
2026-01-12 11:15:00+05:30,83047.07,83053.77,82861.07,82888.2,0,0
2026-01-12 11:45:00+05:30,82887.94,83176.04,82863.45,83176.04,0,0
2026-01-12 12:15:00+05:30,83175.37,83711.93,83156.99,83664.28,0,0
2026-01-12 12:45:00+05:30,83668.78,83706.4,83508.5,83644.31,0,0
2026-01-12 13:15:00+05:30,83641.86,83763.26,83543.39,83695.89,0,0
2026-01-12 13:45:00+05:30,83695.19,83741.75,83642.37,83681.71,0,0
2026-01-12 14:15:00+05:30,83680.18,83812.19,83610.03,83782.82,0,0
2026-01-12 14:45:00+05:30,83781.7,83945.73,83774.68,83836.34,0,0
2026-01-12 15:15:00+05:30,83838.19,83962.31,83838.19,83961.3,0,0
2026-01-13 09:15:00+05:30,84079.32,84258.03,83616.14,83679.06,0,0
2026-01-13 09:45:00+05:30,83683.26,83854.13,83578.56,83726.66,0,0
2026-01-13 10:15:00+05:30,83725.36,83996.99,83664.92,83794.97,0,0
2026-01-13 10:45:00+05:30,83791.65,83916.76,83776.07,83865.3,0,0
2026-01-13 11:15:00+05:30,83864.31,83980.8,83838.94,83887.64,0,0
2026-01-13 11:45:00+05:30,83886.01,83892.11,83613.17,83613.17,0,0
2026-01-13 12:15:00+05:30,83614.04,83659.06,83525.45,83587.8,0,0
2026-01-13 12:45:00+05:30,83584.9,83584.9,83324.84,83413.51,0,0
2026-01-13 13:15:00+05:30,83411.42,83490.63,83360.74,83464.05,0,0
2026-01-13 13:45:00+05:30,83467.32,83487.2,83288.19,83346.03,0,0
2026-01-13 14:15:00+05:30,83340.45,83561.78,83262.79,83532.11,0,0
2026-01-13 14:45:00+05:30,83529.85,83725.77,83484.98,83674.6,0,0
2026-01-13 15:15:00+05:30,83674.42,83710.68,83589.1,83608.88,0,0
2026-01-14 09:15:00+05:30,83358.54,83698.19,83288.13,83540.5,0,0
2026-01-14 09:45:00+05:30,83545.53,83715.93,83419.93,83473.97,0,0
2026-01-14 10:15:00+05:30,83470.69,83541.74,83364.82,83418.59,0,0
2026-01-14 10:45:00+05:30,83418.59,83604.19,83358.45,83576.01,0,0
2026-01-14 11:15:00+05:30,83559.47,83747.06,83533.3,83713.37,0,0
2026-01-14 11:45:00+05:30,83713.37,83809.98,83651.93,83653.9,0,0
2026-01-14 12:15:00+05:30,83657.55,83778.65,83604.6,83680.08,0,0
2026-01-14 12:45:00+05:30,83676.04,83745.88,83603.01,83640.65,0,0
2026-01-14 13:15:00+05:30,83640.08,83685.6,83352.66,83381.01,0,0
2026-01-14 13:45:00+05:30,83377.86,83410.52,83254.9,83385.11,0,0
2026-01-14 14:15:00+05:30,83385.11,83463.31,83185.2,83446.88,0,0
2026-01-14 14:45:00+05:30,83447.25,83553.24,83303.85,83337.99,0,0
2026-01-14 15:15:00+05:30,83338.69,83429.24,83294.76,83366.82,0,0
2026-01-16 09:15:00+05:30,83670.79,83726.15,83510.34,83679.55,0,0
2026-01-16 09:45:00+05:30,83677.4,83871.67,83640.3,83863.5,0,0
2026-01-16 10:15:00+05:30,83859.81,84134.97,83859.17,84039.54,0,0
2026-01-16 10:45:00+05:30,84040.59,84104.58,83896.15,83933.57,0,0
2026-01-16 11:15:00+05:30,83932.22,83974.96,83877.82,83887.08,0,0
2026-01-16 11:45:00+05:30,83887.08,83989.07,83803.54,83986.29,0,0
2026-01-16 12:15:00+05:30,83986.64,83994.09,83704.48,83767.3,0,0
2026-01-16 12:45:00+05:30,83766.95,83782.15,83590.25,83626.78,0,0
2026-01-16 13:15:00+05:30,83626.81,83640.77,83456.5,83561.21,0,0
2026-01-16 13:45:00+05:30,83568.93,83641.12,83505.77,83572.79,0,0
2026-01-16 14:15:00+05:30,83572.42,83675.72,83513.55,83653.86,0,0
2026-01-16 14:45:00+05:30,83653.96,83659.41,83528.98,83531.55,0,0
2026-01-16 15:15:00+05:30,83527.62,83641.02,83526.61,83595.6,0,0
2026-01-19 09:15:00+05:30,83494.49,83539.93,83028.89,83153.44,0,0
2026-01-19 09:45:00+05:30,83151.93,83206.05,82941.01,83011.8,0,0
2026-01-19 10:15:00+05:30,83013.61,83067.79,82898.31,82962.07,0,0
2026-01-19 10:45:00+05:30,82962.74,83126.72,82944.3,83049.63,0,0
2026-01-19 11:15:00+05:30,83050.07,83080.69,82966.35,83071.15,0,0
2026-01-19 11:45:00+05:30,83071.87,83105.64,82976.29,83034.0,0,0
2026-01-19 12:15:00+05:30,83031.62,83126.21,82990.97,83031.58,0,0
2026-01-19 12:45:00+05:30,83031.15,83170.65,82993.24,83066.26,0,0
2026-01-19 13:15:00+05:30,83066.77,83170.74,83035.1,83130.13,0,0
2026-01-19 13:45:00+05:30,83128.94,83396.7,83098.32,83274.11,0,0
2026-01-19 14:15:00+05:30,83274.2,83372.21,83264.28,83345.95,0,0
2026-01-19 14:45:00+05:30,83348.43,83408.4,83257.65,83288.82,0,0
2026-01-19 15:15:00+05:30,83295.09,83306.97,83132.17,83140.15,0,0
2026-01-20 09:15:00+05:30,83207.38,83254.28,82867.71,82925.53,0,0
2026-01-20 09:45:00+05:30,82928.21,82987.57,82812.32,82929.68,0,0
2026-01-20 10:15:00+05:30,82925.58,83035.91,82885.63,82968.57,0,0
2026-01-20 10:45:00+05:30,82967.98,82979.35,82851.59,82864.13,0,0
2026-01-20 11:15:00+05:30,82859.82,82943.98,82844.25,82937.42,0,0
2026-01-20 11:45:00+05:30,82938.22,83021.6,82817.61,82849.51,0,0
2026-01-20 12:15:00+05:30,82848.13,82870.43,82758.94,82761.05,0,0
2026-01-20 12:45:00+05:30,82761.16,82820.19,82744.87,82765.37,0,0
2026-01-20 13:15:00+05:30,82765.96,82822.0,82614.09,82641.8,0,0
2026-01-20 13:45:00+05:30,82640.84,82670.74,82563.9,82599.47,0,0
2026-01-20 14:15:00+05:30,82596.89,82693.72,82484.85,82520.75,0,0
2026-01-20 14:45:00+05:30,82522.28,82542.17,82159.06,82160.99,0,0
2026-01-20 15:15:00+05:30,82156.75,82232.82,82010.58,82153.74,0,0
2026-01-21 09:15:00+05:30,81794.65,82282.25,81793.23,82040.94,0,0
2026-01-21 09:45:00+05:30,82042.01,82086.98,81831.72,81889.31,0,0
2026-01-21 10:15:00+05:30,81891.11,81891.11,81500.37,81505.77,0,0
2026-01-21 10:45:00+05:30,81496.62,81587.05,81124.45,81559.01,0,0
2026-01-21 11:15:00+05:30,81557.03,81623.93,81469.31,81535.34,0,0
2026-01-21 11:45:00+05:30,81534.27,81810.22,81530.0,81807.36,0,0
2026-01-21 12:15:00+05:30,81811.0,82221.45,81772.7,82153.47,0,0
2026-01-21 12:45:00+05:30,82151.8,82407.05,82132.89,82176.09,0,0
2026-01-21 13:15:00+05:30,82181.22,82212.53,81995.9,82057.41,0,0
2026-01-21 13:45:00+05:30,82057.18,82111.5,81880.54,81894.92,0,0
2026-01-21 14:15:00+05:30,81894.32,82067.4,81827.58,81904.4,0,0
2026-01-21 14:45:00+05:30,81901.86,82015.75,81828.17,81909.46,0,0
2026-01-21 15:15:00+05:30,81909.75,81978.49,81863.18,81919.06,0,0
2026-01-22 09:15:00+05:30,82459.66,82759.99,82383.77,82657.87,0,0
2026-01-22 09:45:00+05:30,82642.6,82783.18,82542.5,82574.07,0,0
2026-01-22 10:15:00+05:30,82572.08,82614.64,82118.22,82302.74,0,0
2026-01-22 10:45:00+05:30,82302.32,82310.67,81981.79,82025.1,0,0
2026-01-22 11:15:00+05:30,82024.15,82257.25,81973.94,82017.19,0,0
2026-01-22 11:45:00+05:30,82010.25,82143.95,81915.85,82123.28,0,0
2026-01-22 12:15:00+05:30,82130.45,82260.12,82018.05,82139.21,0,0
2026-01-22 12:45:00+05:30,82140.0,82201.97,81958.11,81958.11,0,0
2026-01-22 13:15:00+05:30,81957.41,82082.03,81876.61,82024.71,0,0
2026-01-22 13:45:00+05:30,82028.38,82143.68,81905.2,81941.9,0,0
2026-01-22 14:15:00+05:30,81940.88,82341.95,81874.39,82270.54,0,0
2026-01-22 14:45:00+05:30,82269.46,82397.06,82124.56,82280.44,0,0
2026-01-22 15:15:00+05:30,82281.1,82438.22,82278.16,82369.5,0,0
2026-01-23 09:15:00+05:30,82335.94,82516.27,82191.83,82262.98,0,0
2026-01-23 09:45:00+05:30,82262.97,82332.02,82175.36,82246.11,0,0
2026-01-23 10:15:00+05:30,82244.8,82343.82,82131.49,82261.69,0,0
2026-01-23 10:45:00+05:30,82261.81,82302.99,82193.08,82274.98,0,0
2026-01-23 11:15:00+05:30,82275.46,82281.97,82031.15,82034.03,0,0
2026-01-23 11:45:00+05:30,82033.84,82063.92,81947.52,81947.85,0,0
2026-01-23 12:15:00+05:30,81950.55,82104.52,81950.41,82074.79,0,0
2026-01-23 12:45:00+05:30,82074.74,82128.17,81920.7,81987.33,0,0
2026-01-23 13:15:00+05:30,81986.64,81986.64,81526.7,81530.62,0,0
2026-01-23 13:45:00+05:30,81532.96,81601.58,81510.58,81563.49,0,0
2026-01-23 14:15:00+05:30,81563.49,81704.61,81489.11,81658.07,0,0
2026-01-23 14:45:00+05:30,81667.2,81710.87,81475.73,81539.07,0,0
2026-01-23 15:15:00+05:30,81539.8,81592.16,81471.82,81575.99,0,0
2026-01-27 09:15:00+05:30,81436.79,81812.72,81088.59,81812.72,0,0
2026-01-27 09:45:00+05:30,81815.33,81844.75,81576.73,81719.04,0,0
2026-01-27 10:15:00+05:30,81720.28,81899.83,81381.42,81409.61,0,0
2026-01-27 10:45:00+05:30,81405.83,81443.34,81236.65,81385.69,0,0
2026-01-27 11:15:00+05:30,81385.71,81801.43,81369.21,81796.63,0,0
2026-01-27 11:45:00+05:30,81789.2,81812.67,81571.21,81683.66,0,0
2026-01-27 12:15:00+05:30,81683.62,81733.99,81523.51,81542.16,0,0
2026-01-27 12:45:00+05:30,81540.41,81604.39,81465.72,81580.37,0,0
2026-01-27 13:15:00+05:30,81580.13,81704.61,81359.69,81453.53,0,0
2026-01-27 13:45:00+05:30,81455.76,81515.79,81310.85,81429.7,0,0
2026-01-27 14:15:00+05:30,81433.46,81628.6,81355.48,81579.11,0,0
2026-01-27 14:45:00+05:30,81579.7,81842.37,81578.66,81815.59,0,0
2026-01-27 15:15:00+05:30,81816.36,82084.92,81809.36,82052.32,0,0
2026-01-28 09:15:00+05:30,81892.36,82503.97,81887.93,82263.25,0,0
2026-01-28 09:45:00+05:30,82264.86,82320.52,82063.95,82130.43,0,0
2026-01-28 10:15:00+05:30,82131.44,82276.28,82070.04,82223.86,0,0
2026-01-28 10:45:00+05:30,82223.26,82370.07,82165.64,82341.5,0,0
2026-01-28 11:15:00+05:30,82339.6,82422.8,82218.62,82237.93,0,0
2026-01-28 11:45:00+05:30,82240.65,82360.34,82220.32,82291.76,0,0
2026-01-28 12:15:00+05:30,82293.05,82299.96,82064.46,82111.17,0,0
2026-01-28 12:45:00+05:30,82115.3,82163.71,82054.57,82137.34,0,0
2026-01-28 13:15:00+05:30,82138.29,82175.38,81900.83,81900.83,0,0
2026-01-28 13:45:00+05:30,81897.47,82022.22,81814.75,81898.33,0,0
2026-01-28 14:15:00+05:30,81895.1,82075.94,81859.14,82048.48,0,0
2026-01-28 14:45:00+05:30,82056.2,82361.14,82056.2,82286.48,0,0
2026-01-28 15:15:00+05:30,82291.74,82395.76,82291.74,82339.07,0,0
2026-01-29 09:15:00+05:30,82368.96,82386.79,81853.34,81862.24,0,0
2026-01-29 09:45:00+05:30,81855.34,81951.23,81707.94,81890.74,0,0
2026-01-29 10:15:00+05:30,81891.0,81956.08,81751.42,81795.64,0,0
2026-01-29 10:45:00+05:30,81794.8,82067.04,81781.06,82031.98,0,0
2026-01-29 11:15:00+05:30,82030.54,82180.27,81998.5,82069.44,0,0
2026-01-29 11:45:00+05:30,82069.23,82161.26,81978.45,82141.85,0,0
2026-01-29 12:15:00+05:30,82142.58,82237.02,82079.74,82181.08,0,0
2026-01-29 12:45:00+05:30,82177.71,82444.85,82146.99,82391.48,0,0
2026-01-29 13:15:00+05:30,82391.21,82544.75,82282.4,82543.35,0,0
2026-01-29 13:45:00+05:30,82543.47,82628.52,82449.07,82557.43,0,0
2026-01-29 14:15:00+05:30,82555.51,82676.46,82487.48,82632.62,0,0
2026-01-29 14:45:00+05:30,82632.41,82689.96,82524.45,82525.36,0,0
2026-01-29 15:15:00+05:30,82533.69,82631.54,82480.63,82532.41,0,0
2026-01-30 09:15:00+05:30,81947.31,82245.73,81941.03,82173.59,0,0
2026-01-30 09:45:00+05:30,82175.29,82272.68,82119.25,82267.52,0,0
2026-01-30 10:15:00+05:30,82266.73,82282.39,82132.36,82220.61,0,0
2026-01-30 10:45:00+05:30,82219.8,82246.85,82038.47,82057.75,0,0
2026-01-30 11:15:00+05:30,82057.44,82142.61,81997.99,82115.28,0,0
2026-01-30 11:45:00+05:30,82108.39,82182.14,82031.23,82173.27,0,0
2026-01-30 12:15:00+05:30,82176.89,82241.78,82115.54,82184.63,0,0
2026-01-30 12:45:00+05:30,82185.82,82213.44,82017.9,82059.91,0,0
2026-01-30 13:15:00+05:30,82060.12,82225.83,81969.29,82215.56,0,0
2026-01-30 13:45:00+05:30,82217.36,82430.82,82170.64,82373.06,0,0
2026-01-30 14:15:00+05:30,82371.85,82386.22,82219.1,82231.95,0,0
2026-01-30 14:45:00+05:30,82230.72,82402.74,82167.73,82267.5,0,0
2026-01-30 15:15:00+05:30,82265.25,82352.31,82241.47,82261.15,0,0
2026-02-01 09:15:00+05:30,82388.97,82499.5,82139.12,82375.43,0,0
2026-02-01 09:45:00+05:30,82378.5,82426.43,82119.31,82410.22,0,0
2026-02-01 10:15:00+05:30,82411.34,82542.01,82384.06,82504.72,0,0
2026-02-01 10:45:00+05:30,82512.77,82726.65,82436.08,82629.89,0,0
2026-02-01 11:15:00+05:30,82634.38,82634.38,82289.34,82331.82,0,0
2026-02-01 11:45:00+05:30,82326.37,82600.18,82006.22,82084.91,0,0
2026-02-01 12:15:00+05:30,82087.53,82132.62,79899.42,81417.51,0,0
2026-02-01 12:45:00+05:30,81367.93,81759.99,81159.77,81724.97,0,0
2026-02-01 13:15:00+05:30,81724.46,81844.35,81440.1,81609.64,0,0
2026-02-01 13:45:00+05:30,81607.7,81662.62,81269.43,81363.4,0,0
2026-02-01 14:15:00+05:30,81373.12,81620.12,81304.07,81450.25,0,0
2026-02-01 14:45:00+05:30,81444.76,81494.84,80845.64,80856.98,0,0
2026-02-01 15:15:00+05:30,80854.19,80854.19,80416.08,80484.41,0,0
2026-02-02 09:15:00+05:30,80555.68,81140.34,80480.61,80988.97,0,0
2026-02-02 09:45:00+05:30,80984.42,81211.31,80735.34,80854.09,0,0
2026-02-02 10:15:00+05:30,80847.5,80987.45,80750.36,80900.54,0,0
2026-02-02 10:45:00+05:30,80899.3,80972.64,80471.03,80551.29,0,0
2026-02-02 11:15:00+05:30,80551.15,80990.03,80387.25,80974.39,0,0
2026-02-02 11:45:00+05:30,80974.28,81133.65,80932.95,81133.65,0,0
2026-02-02 12:15:00+05:30,81128.87,81200.65,81001.17,81019.52,0,0
2026-02-02 12:45:00+05:30,81019.89,81315.64,80990.28,81228.37,0,0
2026-02-02 13:15:00+05:30,81227.84,81298.98,80954.71,81294.04,0,0
2026-02-02 13:45:00+05:30,81293.57,81347.59,81121.36,81207.45,0,0
2026-02-02 14:15:00+05:30,81207.25,81337.96,81144.34,81241.92,0,0
2026-02-02 14:45:00+05:30,81239.97,81694.9,81236.21,81664.74,0,0
2026-02-02 15:15:00+05:30,81660.06,81732.25,81552.02,81631.02,0,0
2026-02-03 09:15:00+05:30,85323.2,85871.73,83746.09,83772.61,0,0
2026-02-03 09:45:00+05:30,83769.53,83966.12,83501.22,83575.78,0,0
2026-02-03 10:15:00+05:30,83577.65,84085.83,83577.65,84028.56,0,0
2026-02-03 10:45:00+05:30,84029.39,84062.67,83846.65,83980.37,0,0
2026-02-03 11:15:00+05:30,83981.59,84199.46,83930.78,84149.26,0,0
2026-02-03 11:45:00+05:30,84148.81,84162.61,84030.48,84117.84,0,0
2026-02-03 12:15:00+05:30,84121.25,84121.25,83893.8,83978.8,0,0
2026-02-03 12:45:00+05:30,83975.56,84022.55,83925.34,83930.93,0,0
2026-02-03 13:15:00+05:30,83930.93,83992.39,83766.01,83976.04,0,0
2026-02-03 13:45:00+05:30,83977.39,84008.49,83835.58,83878.92,0,0
2026-02-03 14:15:00+05:30,83882.0,83923.42,83801.02,83815.0,0,0
2026-02-03 14:45:00+05:30,83817.09,83950.25,83645.97,83731.58,0,0
2026-02-03 15:15:00+05:30,83733.78,83824.84,83663.56,83703.39,0,0
2026-02-04 09:15:00+05:30,83252.06,83870.66,83119.95,83845.63,0,0
2026-02-04 09:45:00+05:30,83846.7,83885.87,83713.24,83817.64,0,0
2026-02-04 10:15:00+05:30,83818.67,83828.94,83555.81,83659.1,0,0
2026-02-04 10:45:00+05:30,83661.04,83763.63,83619.86,83661.98,0,0
2026-02-04 11:15:00+05:30,83660.3,83662.12,83509.07,83604.65,0,0
2026-02-04 11:45:00+05:30,83604.33,83690.87,83544.01,83688.08,0,0
2026-02-04 12:15:00+05:30,83687.24,83763.03,83623.16,83657.04,0,0
2026-02-04 12:45:00+05:30,83654.22,83691.85,83552.18,83673.2,0,0
2026-02-04 13:15:00+05:30,83671.16,83812.52,83650.89,83774.71,0,0
2026-02-04 13:45:00+05:30,83775.82,83864.01,83739.37,83853.42,0,0
2026-02-04 14:15:00+05:30,83853.22,83947.53,83816.33,83938.69,0,0
2026-02-04 14:45:00+05:30,83936.97,83943.25,83808.02,83834.71,0,0
2026-02-04 15:15:00+05:30,83833.7,83882.29,83692.9,83713.53,0,0
