idx,target,event_type,reason
0,-1.0,SHORT_TP,SHORT_TP
1,-1.0,SHORT_TP,SHORT_TP
2,1.0,LONG_TP,LONG_TP
3,-1.0,SHORT_TP,SHORT_TP
4,-1.0,SHORT_TP,SHORT_TP
5,-1.0,SHORT_TP,SHORT_TP
6,-1.0,SHORT_TP,SHORT_TP
7,-1.0,SHORT_TP,SHORT_TP
8,-1.0,SHORT_TP,SHORT_TP
9,-1.0,SHORT_TP,SHORT_TP
10,-1.0,SHORT_TP,SHORT_TP
11,-1.0,SHORT_TP,SHORT_TP
12,-1.0,SHORT_TP,SHORT_TP
13,-1.0,SHORT_TP,SHORT_TP
14,-1.0,SHORT_TP,SHORT_TP
15,-1.0,SHORT_TP,SHORT_TP
16,-1.0,SHORT_TP,SHORT_TP
17,-1.0,SHORT_TP,SHORT_TP
18,-1.0,SHORT_TP,SHORT_TP
19,-1.0,SHORT_TP,SHORT_TP
20,-1.0,SHORT_TP,SHORT_TP
21,-1.0,SHORT_TP,SHORT_TP
22,-1.0,SHORT_TP,SHORT_TP
23,1.0,LONG_TP,LONG_TP
24,-1.0,SHORT_TP,SHORT_TP
25,-1.0,SHORT_TP,SHORT_TP
26,-1.0,SHORT_TP,SHORT_TP
27,-1.0,SHORT_TP,SHORT_TP
28,-1.0,SHORT_TP,SHORT_TP
29,1.0,LONG_TP,LONG_TP
30,-1.0,SHORT_TP,SHORT_TP
31,1.0,LONG_TP,LONG_TP
32,-1.0,SHORT_TP,SHORT_TP
33,-1.0,SHORT_TP,SHORT_TP
34,-1.0,SHORT_TP,SHORT_TP
35,-1.0,SHORT_TP,SHORT_TP
36,-1.0,SHORT_TP,SHORT_TP
37,-1.0,SHORT_TP,SHORT_TP
38,1.0,LONG_TP,LONG_TP
39,-1.0,SHORT_TP,SHORT_TP
40,-1.0,SHORT_TP,SHORT_TP
41,-1.0,SHORT_TP,SHORT_TP
42,-1.0,SHORT_TP,SHORT_TP
43,-1.0,SHORT_TP,SHORT_TP
44,-1.0,SHORT_TP,SHORT_TP
45,-1.0,SHORT_TP,SHORT_TP
46,-1.0,SHORT_TP,SHORT_TP
47,-1.0,SHORT_TP,SHORT_TP
48,-1.0,SHORT_TP,SHORT_TP
49,1.0,LONG_TP,LONG_TP
50,1.0,LONG_TP,LONG_TP
51,1.0,LONG_TP,LONG_TP
52,1.0,LONG_TP,LONG_TP
53,1.0,LONG_TP,LONG_TP
54,1.0,LONG_TP,LONG_TP
55,1.0,LONG_TP,LONG_TP
56,1.0,LONG_TP,LONG_TP
57,1.0,LONG_TP,LONG_TP
58,1.0,LONG_TP,LONG_TP
59,1.0,LONG_TP,LONG_TP
60,1.0,LONG_TP,LONG_TP
61,1.0,LONG_TP,LONG_TP
62,1.0,LONG_TP,LONG_TP
63,1.0,LONG_TP,LONG_TP
64,1.0,LONG_TP,LONG_TP
65,1.0,LONG_TP,LONG_TP
66,1.0,LONG_TP,LONG_TP
67,1.0,LONG_TP,LONG_TP
68,1.0,LONG_TP,LONG_TP
69,1.0,LONG_TP,LONG_TP
70,1.0,LONG_TP,LONG_TP
71,1.0,LONG_TP,LONG_TP
72,1.0,LONG_TP,LONG_TP
73,1.0,LONG_TP,LONG_TP
74,1.0,LONG_TP,LONG_TP
75,-1.0,SHORT_TP,SHORT_TP
76,-1.0,SHORT_TP,SHORT_TP
77,-1.0,SHORT_TP,SHORT_TP
78,-1.0,SHORT_TP,SHORT_TP
79,-1.0,SHORT_TP,SHORT_TP
80,-1.0,SHORT_TP,SHORT_TP
81,-1.0,SHORT_TP,SHORT_TP
82,-1.0,SHORT_TP,SHORT_TP
83,-1.0,SHORT_TP,SHORT_TP
84,-1.0,SHORT_TP,SHORT_TP
85,-1.0,SHORT_TP,SHORT_TP
86,-1.0,SHORT_TP,SHORT_TP
87,-1.0,SHORT_TP,SHORT_TP
88,-1.0,SHORT_TP,SHORT_TP
89,-1.0,SHORT_TP,SHORT_TP
90,-1.0,SHORT_TP,SHORT_TP
91,1.0,LONG_TP,LONG_TP
92,1.0,LONG_TP,LONG_TP
93,1.0,LONG_TP,LONG_TP
94,1.0,LONG_TP,LONG_TP
95,1.0,LONG_TP,LONG_TP
96,1.0,LONG_TP,LONG_TP
97,1.0,LONG_TP,LONG_TP
98,1.0,LONG_TP,LONG_TP
99,1.0,LONG_TP,LONG_TP
100,1.0,LONG_TP,LONG_TP
101,-1.0,SHORT_TP,SHORT_TP
102,1.0,LONG_TP,LONG_TP
103,1.0,LONG_TP,LONG_TP
104,1.0,LONG_TP,LONG_TP
105,1.0,LONG_TP,LONG_TP
106,-1.0,SHORT_TP,SHORT_TP
107,-1.0,SHORT_TP,SHORT_TP
108,-1.0,SHORT_TP,SHORT_TP
109,-1.0,SHORT_TP,SHORT_TP
110,-1.0,SHORT_TP,SHORT_TP
111,-1.0,SHORT_TP,SHORT_TP
112,-1.0,SHORT_TP,SHORT_TP
113,-1.0,SHORT_TP,SHORT_TP
114,-1.0,SHORT_TP,SHORT_TP
115,-1.0,SHORT_TP,SHORT_TP
116,-1.0,SHORT_TP,SHORT_TP
117,-1.0,SHORT_TP,SHORT_TP
118,-1.0,SHORT_TP,SHORT_TP
119,-1.0,SHORT_TP,SHORT_TP
120,-1.0,SHORT_TP,SHORT_TP
121,-1.0,SHORT_TP,SHORT_TP
122,1.0,LONG_TP,LONG_TP
123,1.0,LONG_TP,LONG_TP
124,1.0,LONG_TP,LONG_TP
125,1.0,LONG_TP,LONG_TP
126,1.0,LONG_TP,LONG_TP
127,1.0,LONG_TP,LONG_TP
128,1.0,LONG_TP,LONG_TP
129,1.0,LONG_TP,LONG_TP
130,1.0,LONG_TP,LONG_TP
131,1.0,LONG_TP,LONG_TP
132,-1.0,SHORT_TP,SHORT_TP
133,-1.0,SHORT_TP,SHORT_TP
134,-1.0,SHORT_TP,SHORT_TP
135,-1.0,SHORT_TP,SHORT_TP
136,-1.0,SHORT_TP,SHORT_TP
137,-1.0,SHORT_TP,SHORT_TP
138,-1.0,SHORT_TP,SHORT_TP
139,-1.0,SHORT_TP,SHORT_TP
140,-1.0,SHORT_TP,SHORT_TP
141,-1.0,SHORT_TP,SHORT_TP
142,-1.0,SHORT_TP,SHORT_TP
143,-1.0,SHORT_TP,SHORT_TP
144,-1.0,SHORT_TP,SHORT_TP
145,-1.0,SHORT_TP,SHORT_TP
146,-1.0,SHORT_TP,SHORT_TP
147,-1.0,SHORT_TP,SHORT_TP
148,-1.0,SHORT_TP,SHORT_TP
149,-1.0,SHORT_TP,SHORT_TP
150,-1.0,SHORT_TP,SHORT_TP
151,-1.0,SHORT_TP,SHORT_TP
152,-1.0,SHORT_TP,SHORT_TP
153,-1.0,SHORT_TP,SHORT_TP
154,-1.0,SHORT_TP,SHORT_TP
155,-1.0,SHORT_TP,SHORT_TP
156,-1.0,SHORT_TP,SHORT_TP
157,-1.0,SHORT_TP,SHORT_TP
158,-1.0,SHORT_TP,SHORT_TP
159,-1.0,SHORT_TP,SHORT_TP
160,-1.0,SHORT_TP,SHORT_TP
161,-1.0,SHORT_TP,SHORT_TP
162,-1.0,SHORT_TP,SHORT_TP
163,-1.0,SHORT_TP,SHORT_TP
164,-1.0,SHORT_TP,SHORT_TP
165,-1.0,SHORT_TP,SHORT_TP
166,-1.0,SHORT_TP,SHORT_TP
167,-1.0,SHORT_TP,SHORT_TP
168,-1.0,SHORT_TP,SHORT_TP
169,-1.0,SHORT_TP,SHORT_TP
170,-1.0,SHORT_TP,SHORT_TP
171,-1.0,SHORT_TP,SHORT_TP
172,-1.0,SHORT_TP,SHORT_TP
173,-1.0,SHORT_TP,SHORT_TP
174,-1.0,SHORT_TP,SHORT_TP
175,-1.0,SHORT_TP,SHORT_TP
176,-1.0,SHORT_TP,SHORT_TP
177,1.0,LONG_TP,LONG_TP
178,-1.0,SHORT_TP,SHORT_TP
179,-1.0,SHORT_TP,SHORT_TP
180,-1.0,SHORT_TP,SHORT_TP
181,-1.0,SHORT_TP,SHORT_TP
182,-1.0,SHORT_TP,SHORT_TP
183,1.0,LONG_TP,LONG_TP
184,-1.0,SHORT_TP,SHORT_TP
185,-1.0,SHORT_TP,SHORT_TP
186,-1.0,SHORT_TP,SHORT_TP
187,-1.0,SHORT_TP,SHORT_TP
188,-1.0,SHORT_TP,SHORT_TP
189,-1.0,SHORT_TP,SHORT_TP
190,-1.0,SHORT_TP,SHORT_TP
191,-1.0,SHORT_TP,SHORT_TP
192,-1.0,SHORT_TP,SHORT_TP
193,-1.0,SHORT_TP,SHORT_TP
194,-1.0,SHORT_TP,SHORT_TP
195,-1.0,SHORT_TP,SHORT_TP
196,-1.0,SHORT_TP,SHORT_TP
197,-1.0,SHORT_TP,SHORT_TP
198,1.0,LONG_TP,LONG_TP
199,1.0,LONG_TP,LONG_TP
200,-1.0,SHORT_TP,SHORT_TP
201,1.0,LONG_TP,LONG_TP
202,1.0,LONG_TP,LONG_TP
203,-1.0,SHORT_TP,SHORT_TP
204,-1.0,SHORT_TP,SHORT_TP
205,-1.0,SHORT_TP,SHORT_TP
206,-1.0,SHORT_TP,SHORT_TP
207,-1.0,SHORT_TP,SHORT_TP
208,1.0,LONG_TP,LONG_TP
209,1.0,LONG_TP,LONG_TP
210,1.0,LONG_TP,LONG_TP
211,1.0,LONG_TP,LONG_TP
212,1.0,LONG_TP,LONG_TP
213,1.0,LONG_TP,LONG_TP
214,1.0,LONG_TP,LONG_TP
215,1.0,LONG_TP,LONG_TP
216,1.0,LONG_TP,LONG_TP
217,1.0,LONG_TP,LONG_TP
218,1.0,LONG_TP,LONG_TP
219,1.0,LONG_TP,LONG_TP
220,1.0,LONG_TP,LONG_TP
221,1.0,LONG_TP,LONG_TP
222,1.0,LONG_TP,LONG_TP
223,1.0,LONG_TP,LONG_TP
224,1.0,LONG_TP,LONG_TP
225,1.0,LONG_TP,LONG_TP
226,1.0,LONG_TP,LONG_TP
227,1.0,LONG_TP,LONG_TP
228,1.0,LONG_TP,LONG_TP
229,1.0,LONG_TP,LONG_TP
230,1.0,LONG_TP,LONG_TP
231,1.0,LONG_TP,LONG_TP
232,1.0,LONG_TP,LONG_TP
233,1.0,LONG_TP,LONG_TP
234,1.0,LONG_TP,LONG_TP
235,1.0,LONG_TP,LONG_TP
236,1.0,LONG_TP,LONG_TP
237,1.0,LONG_TP,LONG_TP
238,1.0,LONG_TP,LONG_TP
239,1.0,LONG_TP,LONG_TP
240,1.0,LONG_TP,LONG_TP
241,1.0,LONG_TP,LONG_TP
242,1.0,LONG_TP,LONG_TP
243,1.0,LONG_TP,LONG_TP
244,1.0,LONG_TP,LONG_TP
245,1.0,LONG_TP,LONG_TP
246,1.0,LONG_TP,LONG_TP
247,-1.0,SHORT_TP,SHORT_TP
248,1.0,LONG_TP,LONG_TP
249,1.0,LONG_TP,LONG_TP
250,1.0,LONG_TP,LONG_TP
251,1.0,LONG_TP,LONG_TP
252,-1.0,SHORT_TP,SHORT_TP
253,-1.0,SHORT_TP,SHORT_TP
254,-1.0,SHORT_TP,SHORT_TP
255,-1.0,SHORT_TP,SHORT_TP
256,-1.0,SHORT_TP,SHORT_TP
257,-1.0,SHORT_TP,SHORT_TP
258,-1.0,SHORT_TP,SHORT_TP
259,-1.0,SHORT_TP,SHORT_TP
260,-1.0,SHORT_TP,SHORT_TP
261,-1.0,SHORT_TP,SHORT_TP
262,-1.0,SHORT_TP,SHORT_TP
263,-1.0,SHORT_TP,SHORT_TP
264,-1.0,SHORT_TP,SHORT_TP
265,-1.0,SHORT_TP,SHORT_TP
266,-1.0,SHORT_TP,SHORT_TP
267,-1.0,SHORT_TP,SHORT_TP
268,-1.0,SHORT_TP,SHORT_TP
269,-1.0,SHORT_TP,SHORT_TP
270,-1.0,SHORT_TP,SHORT_TP
271,-1.0,SHORT_TP,SHORT_TP
272,-1.0,SHORT_TP,SHORT_TP
273,-1.0,SHORT_TP,SHORT_TP
274,-1.0,SHORT_TP,SHORT_TP
275,-1.0,SHORT_TP,SHORT_TP
276,-1.0,SHORT_TP,SHORT_TP
277,-1.0,SHORT_TP,SHORT_TP
278,-1.0,SHORT_TP,SHORT_TP
279,-1.0,SHORT_TP,SHORT_TP
280,-1.0,SHORT_TP,SHORT_TP
281,-1.0,SHORT_TP,SHORT_TP
282,-1.0,SHORT_TP,SHORT_TP
283,-1.0,SHORT_TP,SHORT_TP
284,-1.0,SHORT_TP,SHORT_TP
285,-1.0,SHORT_TP,SHORT_TP
286,-1.0,SHORT_TP,SHORT_TP
287,-1.0,SHORT_TP,SHORT_TP
288,-1.0,SHORT_TP,SHORT_TP
289,-1.0,SHORT_TP,SHORT_TP
290,-1.0,SHORT_TP,SHORT_TP
291,-1.0,SHORT_TP,SHORT_TP
292,-1.0,SHORT_TP,SHORT_TP
293,-1.0,SHORT_TP,SHORT_TP
294,-1.0,SHORT_TP,SHORT_TP
295,-1.0,SHORT_TP,SHORT_TP
296,-1.0,SHORT_TP,SHORT_TP
297,-1.0,SHORT_TP,SHORT_TP
298,-1.0,SHORT_TP,SHORT_TP
299,-1.0,SHORT_TP,SHORT_TP
300,-1.0,SHORT_TP,SHORT_TP
301,-1.0,SHORT_TP,SHORT_TP
302,-1.0,SHORT_TP,SHORT_TP
303,-1.0,SHORT_TP,SHORT_TP
304,-1.0,SHORT_TP,SHORT_TP
305,-1.0,SHORT_TP,SHORT_TP
306,-1.0,SHORT_TP,SHORT_TP
307,-1.0,SHORT_TP,SHORT_TP
308,-1.0,SHORT_TP,SHORT_TP
309,-1.0,SHORT_TP,SHORT_TP
310,-1.0,SHORT_TP,SHORT_TP
311,-1.0,SHORT_TP,SHORT_TP
312,-1.0,SHORT_TP,SHORT_TP
313,-1.0,SHORT_TP,SHORT_TP
314,1.0,LONG_TP,LONG_TP
315,-1.0,SHORT_TP,SHORT_TP
316,1.0,LONG_TP,LONG_TP
317,1.0,LONG_TP,LONG_TP
318,1.0,LONG_TP,LONG_TP
319,1.0,LONG_TP,LONG_TP
320,1.0,LONG_TP,LONG_TP
321,1.0,LONG_TP,LONG_TP
322,1.0,LONG_TP,LONG_TP
323,1.0,LONG_TP,LONG_TP
324,1.0,LONG_TP,LONG_TP
325,1.0,LONG_TP,LONG_TP
326,1.0,LONG_TP,LONG_TP
327,1.0,LONG_TP,LONG_TP
328,1.0,LONG_TP,LONG_TP
329,1.0,LONG_TP,LONG_TP
330,1.0,LONG_TP,LONG_TP
331,1.0,LONG_TP,LONG_TP
332,1.0,LONG_TP,LONG_TP
333,1.0,LONG_TP,LONG_TP
334,1.0,LONG_TP,LONG_TP
335,1.0,LONG_TP,LONG_TP
336,1.0,LONG_TP,LONG_TP
337,1.0,LONG_TP,LONG_TP
338,-1.0,SHORT_TP,SHORT_TP
339,-1.0,SHORT_TP,SHORT_TP
340,-1.0,SHORT_TP,SHORT_TP
341,-1.0,SHORT_TP,SHORT_TP
342,-1.0,SHORT_TP,SHORT_TP
343,-1.0,SHORT_TP,SHORT_TP
344,-1.0,SHORT_TP,SHORT_TP
345,-1.0,SHORT_TP,SHORT_TP
346,-1.0,SHORT_TP,SHORT_TP
347,-1.0,SHORT_TP,SHORT_TP
348,-1.0,SHORT_TP,SHORT_TP
349,-1.0,SHORT_TP,SHORT_TP
350,-1.0,SHORT_TP,SHORT_TP
351,-1.0,SHORT_TP,SHORT_TP
352,-1.0,SHORT_TP,SHORT_TP
353,-1.0,SHORT_TP,SHORT_TP
354,-1.0,SHORT_TP,SHORT_TP
355,-1.0,SHORT_TP,SHORT_TP
356,-1.0,SHORT_TP,SHORT_TP
357,-1.0,SHORT_TP,SHORT_TP
358,-1.0,SHORT_TP,SHORT_TP
359,-1.0,SHORT_TP,SHORT_TP
360,-1.0,SHORT_TP,SHORT_TP
361,-1.0,SHORT_TP,SHORT_TP
362,-1.0,SHORT_TP,SHORT_TP
363,-1.0,SHORT_TP,SHORT_TP
364,-1.0,SHORT_TP,SHORT_TP
365,-1.0,SHORT_TP,SHORT_TP
366,-1.0,SHORT_TP,SHORT_TP
367,-1.0,SHORT_TP,SHORT_TP
368,-1.0,SHORT_TP,SHORT_TP
369,-1.0,SHORT_TP,SHORT_TP
370,-1.0,SHORT_TP,SHORT_TP
371,-1.0,SHORT_TP,SHORT_TP
372,-1.0,SHORT_TP,SHORT_TP
373,-1.0,SHORT_TP,SHORT_TP
374,-1.0,SHORT_TP,SHORT_TP
375,-1.0,SHORT_TP,SHORT_TP
376,1.0,LONG_TP,LONG_TP
377,-1.0,SHORT_TP,SHORT_TP
378,-1.0,SHORT_TP,SHORT_TP
379,-1.0,SHORT_TP,SHORT_TP
380,-1.0,SHORT_TP,SHORT_TP
381,-1.0,SHORT_TP,SHORT_TP
382,-1.0,SHORT_TP,SHORT_TP
383,-1.0,SHORT_TP,SHORT_TP
384,-1.0,SHORT_TP,SHORT_TP
385,-1.0,SHORT_TP,SHORT_TP
386,-1.0,SHORT_TP,SHORT_TP
387,-1.0,SHORT_TP,SHORT_TP
388,-1.0,SHORT_TP,SHORT_TP
389,-1.0,SHORT_TP,SHORT_TP
390,-1.0,SHORT_TP,SHORT_TP
391,-1.0,SHORT_TP,SHORT_TP
392,-1.0,SHORT_TP,SHORT_TP
393,-1.0,SHORT_TP,SHORT_TP
394,-1.0,SHORT_TP,SHORT_TP
395,-1.0,SHORT_TP,SHORT_TP
396,-1.0,SHORT_TP,SHORT_TP
397,-1.0,SHORT_TP,SHORT_TP
398,-1.0,SHORT_TP,SHORT_TP
399,-1.0,SHORT_TP,SHORT_TP
400,-1.0,SHORT_TP,SHORT_TP
401,1.0,LONG_TP,LONG_TP
402,1.0,LONG_TP,LONG_TP
403,1.0,LONG_TP,LONG_TP
404,1.0,LONG_TP,LONG_TP
405,1.0,LONG_TP,LONG_TP
406,1.0,LONG_TP,LONG_TP
407,-1.0,SHORT_TP,SHORT_TP
408,-1.0,SHORT_TP,SHORT_TP
409,-1.0,SHORT_TP,SHORT_TP
410,-1.0,SHORT_TP,SHORT_TP
411,-1.0,SHORT_TP,SHORT_TP
412,-1.0,SHORT_TP,SHORT_TP
413,-1.0,SHORT_TP,SHORT_TP
414,-1.0,SHORT_TP,SHORT_TP
415,-1.0,SHORT_TP,SHORT_TP
416,-1.0,SHORT_TP,SHORT_TP
417,-1.0,SHORT_TP,SHORT_TP
418,-1.0,SHORT_TP,SHORT_TP
419,-1.0,SHORT_TP,SHORT_TP
420,-1.0,SHORT_TP,SHORT_TP
421,-1.0,SHORT_TP,SHORT_TP
422,1.0,LONG_TP,LONG_TP
423,1.0,LONG_TP,LONG_TP
424,1.0,LONG_TP,LONG_TP
425,1.0,LONG_TP,LONG_TP
426,-1.0,SHORT_TP,SHORT_TP
427,-1.0,SHORT_TP,SHORT_TP
428,-1.0,SHORT_TP,SHORT_TP
429,-1.0,SHORT_TP,SHORT_TP
430,-1.0,SHORT_TP,SHORT_TP
431,-1.0,SHORT_TP,SHORT_TP
432,1.0,LONG_TP,LONG_TP
433,1.0,LONG_TP,LONG_TP
434,1.0,LONG_TP,LONG_TP
435,1.0,LONG_TP,LONG_TP
436,1.0,LONG_TP,LONG_TP
437,1.0,LONG_TP,LONG_TP
438,1.0,LONG_TP,LONG_TP
439,1.0,LONG_TP,LONG_TP
440,1.0,LONG_TP,LONG_TP
441,1.0,LONG_TP,LONG_TP
442,-1.0,SHORT_TP,SHORT_TP
443,-1.0,SHORT_TP,SHORT_TP
444,-1.0,SHORT_TP,SHORT_TP
445,-1.0,SHORT_TP,SHORT_TP
446,-1.0,SHORT_TP,SHORT_TP
447,-1.0,SHORT_TP,SHORT_TP
448,-1.0,SHORT_TP,SHORT_TP
449,-1.0,SHORT_TP,SHORT_TP
450,-1.0,SHORT_TP,SHORT_TP
451,-1.0,SHORT_TP,SHORT_TP
452,-1.0,SHORT_TP,SHORT_TP
453,-1.0,SHORT_TP,SHORT_TP
454,-1.0,SHORT_TP,SHORT_TP
455,-1.0,SHORT_TP,SHORT_TP
456,-1.0,SHORT_TP,SHORT_TP
457,-1.0,SHORT_TP,SHORT_TP
458,-1.0,SHORT_TP,SHORT_TP
459,-1.0,SHORT_TP,SHORT_TP
460,-1.0,SHORT_TP,SHORT_TP
461,-1.0,SHORT_TP,SHORT_TP
462,-1.0,SHORT_TP,SHORT_TP
463,-1.0,SHORT_TP,SHORT_TP
464,-1.0,SHORT_TP,SHORT_TP
465,-1.0,SHORT_TP,SHORT_TP
466,-1.0,SHORT_TP,SHORT_TP
467,-1.0,SHORT_TP,SHORT_TP
468,-1.0,SHORT_TP,SHORT_TP
469,-1.0,SHORT_TP,SHORT_TP
470,-1.0,SHORT_TP,SHORT_TP
471,-1.0,SHORT_TP,SHORT_TP
472,-1.0,SHORT_TP,SHORT_TP
473,-1.0,SHORT_TP,SHORT_TP
474,-1.0,SHORT_TP,SHORT_TP
475,-1.0,SHORT_TP,SHORT_TP
476,-1.0,SHORT_TP,SHORT_TP
477,-1.0,SHORT_TP,SHORT_TP
478,-1.0,SHORT_TP,SHORT_TP
479,-1.0,SHORT_TP,SHORT_TP
480,-1.0,SHORT_TP,SHORT_TP
481,-1.0,SHORT_TP,SHORT_TP
482,1.0,LONG_TP,LONG_TP
483,-1.0,SHORT_TP,SHORT_TP
484,-1.0,SHORT_TP,SHORT_TP
485,1.0,LONG_TP,LONG_TP
486,1.0,LONG_TP,LONG_TP
487,1.0,LONG_TP,LONG_TP
488,1.0,LONG_TP,LONG_TP
489,-1.0,SHORT_TP,SHORT_TP
490,-1.0,SHORT_TP,SHORT_TP
491,-1.0,SHORT_TP,SHORT_TP
492,-1.0,SHORT_TP,SHORT_TP
493,-1.0,SHORT_TP,SHORT_TP
494,-1.0,SHORT_TP,SHORT_TP
495,-1.0,SHORT_TP,SHORT_TP
496,-1.0,SHORT_TP,SHORT_TP
497,-1.0,SHORT_TP,SHORT_TP
498,-1.0,SHORT_TP,SHORT_TP
499,-1.0,SHORT_TP,SHORT_TP
500,-1.0,SHORT_TP,SHORT_TP
501,-1.0,SHORT_TP,SHORT_TP
502,-1.0,SHORT_TP,SHORT_TP
503,-1.0,SHORT_TP,SHORT_TP
504,-1.0,SHORT_TP,SHORT_TP
505,-1.0,SHORT_TP,SHORT_TP
506,-1.0,SHORT_TP,SHORT_TP
507,-1.0,SHORT_TP,SHORT_TP
508,-1.0,SHORT_TP,SHORT_TP
509,-1.0,SHORT_TP,SHORT_TP
510,-1.0,SHORT_TP,SHORT_TP
511,-1.0,SHORT_TP,SHORT_TP
512,-1.0,SHORT_TP,SHORT_TP
513,1.0,LONG_TP,LONG_TP
514,1.0,LONG_TP,LONG_TP
515,1.0,LONG_TP,LONG_TP
516,1.0,LONG_TP,LONG_TP
517,1.0,LONG_TP,LONG_TP
518,1.0,LONG_TP,LONG_TP
519,1.0,LONG_TP,LONG_TP
520,1.0,LONG_TP,LONG_TP
521,1.0,LONG_TP,LONG_TP
522,1.0,LONG_TP,LONG_TP
523,1.0,LONG_TP,LONG_TP
524,1.0,LONG_TP,LONG_TP
525,1.0,LONG_TP,LONG_TP
526,1.0,LONG_TP,LONG_TP
527,1.0,LONG_TP,LONG_TP
528,1.0,LONG_TP,LONG_TP
529,1.0,LONG_TP,LONG_TP
530,-1.0,SHORT_TP,SHORT_TP
531,1.0,LONG_TP,LONG_TP
532,-1.0,SHORT_TP,SHORT_TP
533,1.0,LONG_TP,LONG_TP
534,1.0,LONG_TP,LONG_TP
535,1.0,LONG_TP,LONG_TP
536,1.0,LONG_TP,LONG_TP
537,-1.0,SHORT_TP,SHORT_TP
538,-1.0,SHORT_TP,SHORT_TP
539,-1.0,SHORT_TP,SHORT_TP
540,1.0,LONG_TP,LONG_TP
541,1.0,LONG_TP,LONG_TP
542,1.0,LONG_TP,LONG_TP
543,1.0,LONG_TP,LONG_TP
544,1.0,LONG_TP,LONG_TP
545,1.0,LONG_TP,LONG_TP
546,1.0,LONG_TP,LONG_TP
547,1.0,LONG_TP,LONG_TP
548,1.0,LONG_TP,LONG_TP
549,1.0,LONG_TP,LONG_TP
550,1.0,LONG_TP,LONG_TP
551,1.0,LONG_TP,LONG_TP
552,1.0,LONG_TP,LONG_TP
553,-1.0,SHORT_TP,SHORT_TP
554,-1.0,SHORT_TP,SHORT_TP
555,-1.0,SHORT_TP,SHORT_TP
556,-1.0,SHORT_TP,SHORT_TP
557,-1.0,SHORT_TP,SHORT_TP
558,-1.0,SHORT_TP,SHORT_TP
559,-1.0,SHORT_TP,SHORT_TP
560,-1.0,SHORT_TP,SHORT_TP
561,-1.0,SHORT_TP,SHORT_TP
562,-1.0,SHORT_TP,SHORT_TP
563,-1.0,SHORT_TP,SHORT_TP
564,-1.0,SHORT_TP,SHORT_TP
565,-1.0,SHORT_TP,SHORT_TP
566,-1.0,SHORT_TP,SHORT_TP
567,-1.0,SHORT_TP,SHORT_TP
568,-1.0,SHORT_TP,SHORT_TP
569,-1.0,SHORT_TP,SHORT_TP
570,-1.0,SHORT_TP,SHORT_TP
571,-1.0,SHORT_TP,SHORT_TP
572,-1.0,SHORT_TP,SHORT_TP
573,-1.0,SHORT_TP,SHORT_TP
574,-1.0,SHORT_TP,SHORT_TP
575,-1.0,SHORT_TP,SHORT_TP
576,-1.0,SHORT_TP,SHORT_TP
577,-1.0,SHORT_TP,SHORT_TP
578,-1.0,SHORT_TP,SHORT_TP
579,-1.0,SHORT_TP,SHORT_TP
580,-1.0,SHORT_TP,SHORT_TP
581,-1.0,SHORT_TP,SHORT_TP
582,1.0,LONG_TP,LONG_TP
583,1.0,LONG_TP,LONG_TP
584,1.0,LONG_TP,LONG_TP
585,1.0,LONG_TP,LONG_TP
586,1.0,LONG_TP,LONG_TP
587,1.0,LONG_TP,LONG_TP
588,1.0,LONG_TP,LONG_TP
589,1.0,LONG_TP,LONG_TP
590,1.0,LONG_TP,LONG_TP
591,-1.0,SHORT_TP,SHORT_TP
592,-1.0,SHORT_TP,SHORT_TP
593,-1.0,SHORT_TP,SHORT_TP
594,-1.0,SHORT_TP,SHORT_TP
595,-1.0,SHORT_TP,SHORT_TP
596,-1.0,SHORT_TP,SHORT_TP
597,-1.0,SHORT_TP,SHORT_TP
598,-1.0,SHORT_TP,SHORT_TP
599,-1.0,SHORT_TP,SHORT_TP
600,-1.0,SHORT_TP,SHORT_TP
601,1.0,LONG_TP,LONG_TP
602,1.0,LONG_TP,LONG_TP
603,1.0,LONG_TP,LONG_TP
604,-1.0,SHORT_TP,SHORT_TP
605,1.0,LONG_TP,LONG_TP
606,-1.0,SHORT_TP,SHORT_TP
607,-1.0,SHORT_TP,SHORT_TP
608,-1.0,SHORT_TP,SHORT_TP
609,-1.0,SHORT_TP,SHORT_TP
610,-1.0,SHORT_TP,SHORT_TP
611,1.0,LONG_TP,LONG_TP
612,1.0,LONG_TP,LONG_TP
613,1.0,LONG_TP,LONG_TP
614,1.0,LONG_TP,LONG_TP
615,1.0,LONG_TP,LONG_TP
616,1.0,LONG_TP,LONG_TP
617,1.0,LONG_TP,LONG_TP
618,1.0,LONG_TP,LONG_TP
619,1.0,LONG_TP,LONG_TP
620,-1.0,SHORT_TP,SHORT_TP
621,-1.0,SHORT_TP,SHORT_TP
622,-1.0,SHORT_TP,SHORT_TP
623,-1.0,SHORT_TP,SHORT_TP
624,-1.0,SHORT_TP,SHORT_TP
625,-1.0,SHORT_TP,SHORT_TP
626,-1.0,SHORT_TP,SHORT_TP
627,-1.0,SHORT_TP,SHORT_TP
628,-1.0,SHORT_TP,SHORT_TP
629,1.0,LONG_TP,LONG_TP
630,1.0,LONG_TP,LONG_TP
631,1.0,LONG_TP,LONG_TP
632,1.0,LONG_TP,LONG_TP
633,1.0,LONG_TP,LONG_TP
634,1.0,LONG_TP,LONG_TP
635,1.0,LONG_TP,LONG_TP
636,1.0,LONG_TP,LONG_TP
637,1.0,LONG_TP,LONG_TP
638,1.0,LONG_TP,LONG_TP
639,1.0,LONG_TP,LONG_TP
640,1.0,LONG_TP,LONG_TP
641,1.0,LONG_TP,LONG_TP
642,1.0,LONG_TP,LONG_TP
643,1.0,LONG_TP,LONG_TP
644,1.0,LONG_TP,LONG_TP
645,1.0,LONG_TP,LONG_TP
646,1.0,LONG_TP,LONG_TP
647,1.0,LONG_TP,LONG_TP
648,1.0,LONG_TP,LONG_TP
649,1.0,LONG_TP,LONG_TP
650,1.0,LONG_TP,LONG_TP
651,1.0,LONG_TP,LONG_TP
652,1.0,LONG_TP,LONG_TP
653,1.0,LONG_TP,LONG_TP
654,1.0,LONG_TP,LONG_TP
655,1.0,LONG_TP,LONG_TP
656,1.0,LONG_TP,LONG_TP
657,1.0,LONG_TP,LONG_TP
658,1.0,LONG_TP,LONG_TP
659,1.0,LONG_TP,LONG_TP
660,1.0,LONG_TP,LONG_TP
661,1.0,LONG_TP,LONG_TP
662,1.0,LONG_TP,LONG_TP
663,1.0,LONG_TP,LONG_TP
664,1.0,LONG_TP,LONG_TP
665,1.0,LONG_TP,LONG_TP
666,1.0,LONG_TP,LONG_TP
667,1.0,LONG_TP,LONG_TP
668,-1.0,SHORT_TP,SHORT_TP
669,-1.0,SHORT_TP,SHORT_TP
670,-1.0,SHORT_TP,SHORT_TP
671,-1.0,SHORT_TP,SHORT_TP
672,-1.0,SHORT_TP,SHORT_TP
673,-1.0,SHORT_TP,SHORT_TP
674,-1.0,SHORT_TP,SHORT_TP
675,-1.0,SHORT_TP,SHORT_TP
676,-1.0,SHORT_TP,SHORT_TP
677,-1.0,SHORT_TP,SHORT_TP
678,-1.0,SHORT_TP,SHORT_TP
679,-1.0,SHORT_TP,SHORT_TP
680,-1.0,SHORT_TP,SHORT_TP
681,-1.0,SHORT_TP,SHORT_TP
682,-1.0,SHORT_TP,SHORT_TP
683,-1.0,SHORT_TP,SHORT_TP
684,-1.0,SHORT_TP,SHORT_TP
685,-1.0,SHORT_TP,SHORT_TP
686,-1.0,SHORT_TP,SHORT_TP
687,-1.0,SHORT_TP,SHORT_TP
688,1.0,LONG_TP,LONG_TP
689,1.0,LONG_TP,LONG_TP
690,1.0,LONG_TP,LONG_TP
691,1.0,LONG_TP,LONG_TP
692,1.0,LONG_TP,LONG_TP
693,1.0,LONG_TP,LONG_TP
694,1.0,LONG_TP,LONG_TP
695,1.0,LONG_TP,LONG_TP
696,1.0,LONG_TP,LONG_TP
697,1.0,LONG_TP,LONG_TP
698,1.0,LONG_TP,LONG_TP
699,1.0,LONG_TP,LONG_TP
700,1.0,LONG_TP,LONG_TP
701,1.0,LONG_TP,LONG_TP
702,1.0,LONG_TP,LONG_TP
703,1.0,LONG_TP,LONG_TP
704,1.0,LONG_TP,LONG_TP
705,1.0,LONG_TP,LONG_TP
706,1.0,LONG_TP,LONG_TP
707,1.0,LONG_TP,LONG_TP
708,1.0,LONG_TP,LONG_TP
709,1.0,LONG_TP,LONG_TP
710,1.0,LONG_TP,LONG_TP
711,-1.0,SHORT_TP,SHORT_TP
712,1.0,LONG_TP,LONG_TP
713,1.0,LONG_TP,LONG_TP
714,1.0,LONG_TP,LONG_TP
715,1.0,LONG_TP,LONG_TP
716,1.0,LONG_TP,LONG_TP
717,1.0,LONG_TP,LONG_TP
718,1.0,LONG_TP,LONG_TP
719,1.0,LONG_TP,LONG_TP
720,1.0,LONG_TP,LONG_TP
721,1.0,LONG_TP,LONG_TP
722,1.0,LONG_TP,LONG_TP
723,1.0,LONG_TP,LONG_TP
724,1.0,LONG_TP,LONG_TP
725,1.0,LONG_TP,LONG_TP
726,1.0,LONG_TP,LONG_TP
727,1.0,LONG_TP,LONG_TP
728,1.0,LONG_TP,LONG_TP
729,1.0,LONG_TP,LONG_TP
730,1.0,LONG_TP,LONG_TP
731,1.0,LONG_TP,LONG_TP
732,-1.0,SHORT_TP,SHORT_TP
733,-1.0,SHORT_TP,SHORT_TP
734,-1.0,SHORT_TP,SHORT_TP
735,-1.0,SHORT_TP,SHORT_TP
736,-1.0,SHORT_TP,SHORT_TP
737,-1.0,SHORT_TP,SHORT_TP
738,-1.0,SHORT_TP,SHORT_TP
739,-1.0,SHORT_TP,SHORT_TP
740,-1.0,SHORT_TP,SHORT_TP
741,-1.0,SHORT_TP,SHORT_TP
742,-1.0,SHORT_TP,SHORT_TP
743,-1.0,SHORT_TP,SHORT_TP
744,-1.0,SHORT_TP,SHORT_TP
745,-1.0,SHORT_TP,SHORT_TP
746,-1.0,SHORT_TP,SHORT_TP
747,-1.0,SHORT_TP,SHORT_TP
748,1.0,LONG_TP,LONG_TP
749,1.0,LONG_TP,LONG_TP
750,1.0,LONG_TP,LONG_TP
751,1.0,LONG_TP,LONG_TP
752,1.0,LONG_TP,LONG_TP
753,1.0,LONG_TP,LONG_TP
754,1.0,LONG_TP,LONG_TP
755,1.0,LONG_TP,LONG_TP
756,1.0,LONG_TP,LONG_TP
757,1.0,LONG_TP,LONG_TP
758,1.0,LONG_TP,LONG_TP
759,1.0,LONG_TP,LONG_TP
760,1.0,LONG_TP,LONG_TP
761,1.0,LONG_TP,LONG_TP
762,1.0,LONG_TP,LONG_TP
763,1.0,LONG_TP,LONG_TP
764,1.0,LONG_TP,LONG_TP
765,1.0,LONG_TP,LONG_TP
766,1.0,LONG_TP,LONG_TP
767,1.0,LONG_TP,LONG_TP
768,1.0,LONG_TP,LONG_TP
769,1.0,LONG_TP,LONG_TP
770,1.0,LONG_TP,LONG_TP
771,1.0,LONG_TP,LONG_TP
772,1.0,LONG_TP,LONG_TP
773,1.0,LONG_TP,LONG_TP
774,1.0,LONG_TP,LONG_TP
775,1.0,LONG_TP,LONG_TP
776,1.0,LONG_TP,LONG_TP
777,1.0,LONG_TP,LONG_TP
778,1.0,LONG_TP,LONG_TP
779,1.0,LONG_TP,LONG_TP
780,-1.0,SHORT_TP,SHORT_TP
781,-1.0,SHORT_TP,SHORT_TP
782,-1.0,SHORT_TP,SHORT_TP
783,-1.0,SHORT_TP,SHORT_TP
784,-1.0,SHORT_TP,SHORT_TP
785,-1.0,SHORT_TP,SHORT_TP
786,-1.0,SHORT_TP,SHORT_TP
787,1.0,LONG_TP,LONG_TP
788,-1.0,SHORT_TP,SHORT_TP
789,-1.0,SHORT_TP,SHORT_TP
790,-1.0,SHORT_TP,SHORT_TP
791,-1.0,SHORT_TP,SHORT_TP
792,-1.0,SHORT_TP,SHORT_TP
793,-1.0,SHORT_TP,SHORT_TP
794,-1.0,SHORT_TP,SHORT_TP
795,-1.0,SHORT_TP,SHORT_TP
796,-1.0,SHORT_TP,SHORT_TP
797,-1.0,SHORT_TP,SHORT_TP
798,-1.0,SHORT_TP,SHORT_TP
799,-1.0,SHORT_TP,SHORT_TP
800,-1.0,SHORT_TP,SHORT_TP
801,-1.0,SHORT_TP,SHORT_TP
802,-1.0,SHORT_TP,SHORT_TP
803,-1.0,SHORT_TP,SHORT_TP
804,-1.0,SHORT_TP,SHORT_TP
805,-1.0,SHORT_TP,SHORT_TP
806,-1.0,SHORT_TP,SHORT_TP
807,-1.0,SHORT_TP,SHORT_TP
808,-1.0,SHORT_TP,SHORT_TP
809,-1.0,SHORT_TP,SHORT_TP
810,-1.0,SHORT_TP,SHORT_TP
811,-1.0,SHORT_TP,SHORT_TP
812,-1.0,SHORT_TP,SHORT_TP
813,-1.0,SHORT_TP,SHORT_TP
814,-1.0,SHORT_TP,SHORT_TP
815,1.0,LONG_TP,LONG_TP
816,1.0,LONG_TP,LONG_TP
817,1.0,LONG_TP,LONG_TP
818,1.0,LONG_TP,LONG_TP
819,1.0,LONG_TP,LONG_TP
820,1.0,LONG_TP,LONG_TP
821,1.0,LONG_TP,LONG_TP
822,1.0,LONG_TP,LONG_TP
823,1.0,LONG_TP,LONG_TP
824,1.0,LONG_TP,LONG_TP
825,1.0,LONG_TP,LONG_TP
826,1.0,LONG_TP,LONG_TP
827,1.0,LONG_TP,LONG_TP
828,1.0,LONG_TP,LONG_TP
829,1.0,LONG_TP,LONG_TP
830,1.0,LONG_TP,LONG_TP
831,1.0,LONG_TP,LONG_TP
832,1.0,LONG_TP,LONG_TP
833,1.0,LONG_TP,LONG_TP
834,1.0,LONG_TP,LONG_TP
835,1.0,LONG_TP,LONG_TP
836,1.0,LONG_TP,LONG_TP
837,1.0,LONG_TP,LONG_TP
838,1.0,LONG_TP,LONG_TP
839,1.0,LONG_TP,LONG_TP
840,1.0,LONG_TP,LONG_TP
841,1.0,LONG_TP,LONG_TP
842,1.0,LONG_TP,LONG_TP
843,1.0,LONG_TP,LONG_TP
844,1.0,LONG_TP,LONG_TP
845,1.0,LONG_TP,LONG_TP
846,1.0,LONG_TP,LONG_TP
847,1.0,LONG_TP,LONG_TP
848,1.0,LONG_TP,LONG_TP
849,1.0,LONG_TP,LONG_TP
850,1.0,LONG_TP,LONG_TP
851,1.0,LONG_TP,LONG_TP
852,1.0,LONG_TP,LONG_TP
853,1.0,LONG_TP,LONG_TP
854,1.0,LONG_TP,LONG_TP
855,-1.0,SHORT_TP,SHORT_TP
856,-1.0,SHORT_TP,SHORT_TP
857,-1.0,SHORT_TP,SHORT_TP
858,-1.0,SHORT_TP,SHORT_TP
859,-1.0,SHORT_TP,SHORT_TP
860,-1.0,SHORT_TP,SHORT_TP
861,-1.0,SHORT_TP,SHORT_TP
862,-1.0,SHORT_TP,SHORT_TP
863,-1.0,SHORT_TP,SHORT_TP
864,-1.0,SHORT_TP,SHORT_TP
865,-1.0,SHORT_TP,SHORT_TP
866,-1.0,SHORT_TP,SHORT_TP
867,-1.0,SHORT_TP,SHORT_TP
868,-1.0,SHORT_TP,SHORT_TP
869,-1.0,SHORT_TP,SHORT_TP
870,-1.0,SHORT_TP,SHORT_TP
871,-1.0,SHORT_TP,SHORT_TP
872,-1.0,SHORT_TP,SHORT_TP
873,-1.0,SHORT_TP,SHORT_TP
874,-1.0,SHORT_TP,SHORT_TP
875,-1.0,SHORT_TP,SHORT_TP
876,1.0,LONG_TP,LONG_TP
877,-1.0,SHORT_TP,SHORT_TP
878,-1.0,SHORT_TP,SHORT_TP
879,-1.0,SHORT_TP,SHORT_TP
880,-1.0,SHORT_TP,SHORT_TP
881,-1.0,SHORT_TP,SHORT_TP
882,-1.0,SHORT_TP,SHORT_TP
883,-1.0,SHORT_TP,SHORT_TP
884,-1.0,SHORT_TP,SHORT_TP
885,1.0,LONG_TP,LONG_TP
886,1.0,LONG_TP,LONG_TP
887,1.0,LONG_TP,LONG_TP
888,1.0,LONG_TP,LONG_TP
889,1.0,LONG_TP,LONG_TP
890,1.0,LONG_TP,LONG_TP
891,1.0,LONG_TP,LONG_TP
892,1.0,LONG_TP,LONG_TP
893,1.0,LONG_TP,LONG_TP
894,1.0,LONG_TP,LONG_TP
895,1.0,LONG_TP,LONG_TP
896,1.0,LONG_TP,LONG_TP
897,1.0,LONG_TP,LONG_TP
898,1.0,LONG_TP,LONG_TP
899,1.0,LONG_TP,LONG_TP
900,1.0,LONG_TP,LONG_TP
901,1.0,LONG_TP,LONG_TP
902,1.0,LONG_TP,LONG_TP
903,1.0,LONG_TP,LONG_TP
904,1.0,LONG_TP,LONG_TP
905,-1.0,SHORT_TP,SHORT_TP
906,-1.0,SHORT_TP,SHORT_TP
907,-1.0,SHORT_TP,SHORT_TP
908,-1.0,SHORT_TP,SHORT_TP
909,-1.0,SHORT_TP,SHORT_TP
910,-1.0,SHORT_TP,SHORT_TP
911,1.0,LONG_TP,LONG_TP
912,1.0,LONG_TP,LONG_TP
913,1.0,LONG_TP,LONG_TP
914,1.0,LONG_TP,LONG_TP
915,1.0,LONG_TP,LONG_TP
916,1.0,LONG_TP,LONG_TP
917,1.0,LONG_TP,LONG_TP
918,1.0,LONG_TP,LONG_TP
919,1.0,LONG_TP,LONG_TP
920,1.0,LONG_TP,LONG_TP
921,1.0,LONG_TP,LONG_TP
922,1.0,LONG_TP,LONG_TP
923,1.0,LONG_TP,LONG_TP
924,1.0,LONG_TP,LONG_TP
925,1.0,LONG_TP,LONG_TP
926,1.0,LONG_TP,LONG_TP
927,1.0,LONG_TP,LONG_TP
928,1.0,LONG_TP,LONG_TP
929,1.0,LONG_TP,LONG_TP
930,1.0,LONG_TP,LONG_TP
931,1.0,LONG_TP,LONG_TP
932,1.0,LONG_TP,LONG_TP
933,1.0,LONG_TP,LONG_TP
934,1.0,LONG_TP,LONG_TP
935,1.0,LONG_TP,LONG_TP
936,1.0,LONG_TP,LONG_TP
937,1.0,LONG_TP,LONG_TP
938,1.0,LONG_TP,LONG_TP
939,1.0,LONG_TP,LONG_TP
940,1.0,LONG_TP,LONG_TP
941,1.0,LONG_TP,LONG_TP
942,1.0,LONG_TP,LONG_TP
943,1.0,LONG_TP,LONG_TP
944,1.0,LONG_TP,LONG_TP
945,1.0,LONG_TP,LONG_TP
946,1.0,LONG_TP,LONG_TP
947,1.0,LONG_TP,LONG_TP
948,1.0,LONG_TP,LONG_TP
949,1.0,LONG_TP,LONG_TP
950,-1.0,SHORT_TP,SHORT_TP
951,1.0,LONG_TP,LONG_TP
952,1.0,LONG_TP,LONG_TP
953,1.0,LONG_TP,LONG_TP
954,-1.0,SHORT_TP,SHORT_TP
955,1.0,LONG_TP,LONG_TP
956,1.0,LONG_TP,LONG_TP
957,1.0,LONG_TP,LONG_TP
958,1.0,LONG_TP,LONG_TP
959,1.0,LONG_TP,LONG_TP
960,1.0,LONG_TP,LONG_TP
961,1.0,LONG_TP,LONG_TP
962,1.0,LONG_TP,LONG_TP
963,1.0,LONG_TP,LONG_TP
964,1.0,LONG_TP,LONG_TP
965,1.0,LONG_TP,LONG_TP
966,1.0,LONG_TP,LONG_TP
967,1.0,LONG_TP,LONG_TP
968,1.0,LONG_TP,LONG_TP
969,1.0,LONG_TP,LONG_TP
970,1.0,LONG_TP,LONG_TP
971,1.0,LONG_TP,LONG_TP
972,1.0,LONG_TP,LONG_TP
973,1.0,LONG_TP,LONG_TP
974,1.0,LONG_TP,LONG_TP
975,1.0,LONG_TP,LONG_TP
976,1.0,LONG_TP,LONG_TP
977,1.0,LONG_TP,LONG_TP
978,1.0,LONG_TP,LONG_TP
979,1.0,LONG_TP,LONG_TP
980,1.0,LONG_TP,LONG_TP
981,1.0,LONG_TP,LONG_TP
982,1.0,LONG_TP,LONG_TP
983,1.0,LONG_TP,LONG_TP
984,1.0,LONG_TP,LONG_TP
985,1.0,LONG_TP,LONG_TP
986,1.0,LONG_TP,LONG_TP
987,1.0,LONG_TP,LONG_TP
988,1.0,LONG_TP,LONG_TP
989,1.0,LONG_TP,LONG_TP
990,1.0,LONG_TP,LONG_TP
991,1.0,LONG_TP,LONG_TP
992,1.0,LONG_TP,LONG_TP
993,1.0,LONG_TP,LONG_TP
994,1.0,LONG_TP,LONG_TP
995,1.0,LONG_TP,LONG_TP
996,1.0,LONG_TP,LONG_TP
997,1.0,LONG_TP,LONG_TP
998,1.0,LONG_TP,LONG_TP
999,1.0,LONG_TP,LONG_TP
1000,1.0,LONG_TP,LONG_TP
1001,1.0,LONG_TP,LONG_TP
1002,1.0,LONG_TP,LONG_TP
1003,1.0,LONG_TP,LONG_TP
1004,1.0,LONG_TP,LONG_TP
1005,1.0,LONG_TP,LONG_TP
1006,1.0,LONG_TP,LONG_TP
1007,1.0,LONG_TP,LONG_TP
1008,1.0,LONG_TP,LONG_TP
1009,1.0,LONG_TP,LONG_TP
1010,1.0,LONG_TP,LONG_TP
1011,1.0,LONG_TP,LONG_TP
1012,1.0,LONG_TP,LONG_TP
1013,1.0,LONG_TP,LONG_TP
1014,1.0,LONG_TP,LONG_TP
1015,1.0,LONG_TP,LONG_TP
1016,1.0,LONG_TP,LONG_TP
1017,1.0,LONG_TP,LONG_TP
1018,1.0,LONG_TP,LONG_TP
1019,1.0,LONG_TP,LONG_TP
1020,1.0,LONG_TP,LONG_TP
1021,1.0,LONG_TP,LONG_TP
1022,1.0,LONG_TP,LONG_TP
1023,1.0,LONG_TP,LONG_TP
1024,1.0,LONG_TP,LONG_TP
1025,1.0,LONG_TP,LONG_TP
1026,1.0,LONG_TP,LONG_TP
1027,-1.0,SHORT_TP,SHORT_TP
1028,-1.0,SHORT_TP,SHORT_TP
1029,1.0,LONG_TP,LONG_TP
1030,1.0,LONG_TP,LONG_TP
1031,1.0,LONG_TP,LONG_TP
1032,-1.0,SHORT_TP,SHORT_TP
1033,1.0,LONG_TP,LONG_TP
1034,1.0,LONG_TP,LONG_TP
1035,1.0,LONG_TP,LONG_TP
1036,1.0,LONG_TP,LONG_TP
1037,-1.0,SHORT_TP,SHORT_TP
1038,1.0,LONG_TP,LONG_TP
1039,1.0,LONG_TP,LONG_TP
1040,1.0,LONG_TP,LONG_TP
1041,-1.0,SHORT_TP,SHORT_TP
1042,-1.0,SHORT_TP,SHORT_TP
1043,-1.0,SHORT_TP,SHORT_TP
1044,-1.0,SHORT_TP,SHORT_TP
1045,-1.0,SHORT_TP,SHORT_TP
1046,-1.0,SHORT_TP,SHORT_TP
1047,-1.0,SHORT_TP,SHORT_TP
1048,-1.0,SHORT_TP,SHORT_TP
1049,-1.0,SHORT_TP,SHORT_TP
1050,-1.0,SHORT_TP,SHORT_TP
1051,-1.0,SHORT_TP,SHORT_TP
1052,-1.0,SHORT_TP,SHORT_TP
1053,-1.0,SHORT_TP,SHORT_TP
1054,-1.0,SHORT_TP,SHORT_TP
1055,-1.0,SHORT_TP,SHORT_TP
1056,-1.0,SHORT_TP,SHORT_TP
1057,-1.0,SHORT_TP,SHORT_TP
1058,1.0,LONG_TP,LONG_TP
1059,1.0,LONG_TP,LONG_TP
1060,1.0,LONG_TP,LONG_TP
1061,1.0,LONG_TP,LONG_TP
1062,1.0,LONG_TP,LONG_TP
1063,1.0,LONG_TP,LONG_TP
1064,1.0,LONG_TP,LONG_TP
1065,1.0,LONG_TP,LONG_TP
1066,1.0,LONG_TP,LONG_TP
1067,1.0,LONG_TP,LONG_TP
1068,1.0,LONG_TP,LONG_TP
1069,1.0,LONG_TP,LONG_TP
1070,1.0,LONG_TP,LONG_TP
1071,1.0,LONG_TP,LONG_TP
1072,1.0,LONG_TP,LONG_TP
1073,1.0,LONG_TP,LONG_TP
1074,1.0,LONG_TP,LONG_TP
1075,1.0,LONG_TP,LONG_TP
1076,1.0,LONG_TP,LONG_TP
1077,1.0,LONG_TP,LONG_TP
1078,1.0,LONG_TP,LONG_TP
1079,1.0,LONG_TP,LONG_TP
1080,1.0,LONG_TP,LONG_TP
1081,1.0,LONG_TP,LONG_TP
1082,1.0,LONG_TP,LONG_TP
1083,1.0,LONG_TP,LONG_TP
1084,1.0,LONG_TP,LONG_TP
1085,1.0,LONG_TP,LONG_TP
1086,1.0,LONG_TP,LONG_TP
1087,1.0,LONG_TP,LONG_TP
1088,-1.0,SHORT_TP,SHORT_TP
1089,-1.0,SHORT_TP,SHORT_TP
1090,-1.0,SHORT_TP,SHORT_TP
1091,-1.0,SHORT_TP,SHORT_TP
1092,-1.0,SHORT_TP,SHORT_TP
1093,-1.0,SHORT_TP,SHORT_TP
1094,-1.0,SHORT_TP,SHORT_TP
1095,-1.0,SHORT_TP,SHORT_TP
1096,-1.0,SHORT_TP,SHORT_TP
1097,-1.0,SHORT_TP,SHORT_TP
1098,-1.0,SHORT_TP,SHORT_TP
1099,-1.0,SHORT_TP,SHORT_TP
1100,-1.0,SHORT_TP,SHORT_TP
1101,-1.0,SHORT_TP,SHORT_TP
1102,-1.0,SHORT_TP,SHORT_TP
1103,-1.0,SHORT_TP,SHORT_TP
1104,-1.0,SHORT_TP,SHORT_TP
1105,-1.0,SHORT_TP,SHORT_TP
1106,-1.0,SHORT_TP,SHORT_TP
1107,-1.0,SHORT_TP,SHORT_TP
1108,-1.0,SHORT_TP,SHORT_TP
1109,-1.0,SHORT_TP,SHORT_TP
1110,-1.0,SHORT_TP,SHORT_TP
1111,-1.0,SHORT_TP,SHORT_TP
1112,-1.0,SHORT_TP,SHORT_TP
1113,-1.0,SHORT_TP,SHORT_TP
1114,-1.0,SHORT_TP,SHORT_TP
1115,-1.0,SHORT_TP,SHORT_TP
1116,1.0,LONG_TP,LONG_TP
1117,-1.0,SHORT_TP,SHORT_TP
1118,-1.0,SHORT_TP,SHORT_TP
1119,-1.0,SHORT_TP,SHORT_TP
1120,-1.0,SHORT_TP,SHORT_TP
1121,-1.0,SHORT_TP,SHORT_TP
1122,-1.0,SHORT_TP,SHORT_TP
1123,-1.0,SHORT_TP,SHORT_TP
1124,-1.0,SHORT_TP,SHORT_TP
1125,-1.0,SHORT_TP,SHORT_TP
1126,-1.0,SHORT_TP,SHORT_TP
1127,1.0,LONG_TP,LONG_TP
1128,1.0,LONG_TP,LONG_TP
1129,1.0,LONG_TP,LONG_TP
1130,1.0,LONG_TP,LONG_TP
1131,1.0,LONG_TP,LONG_TP
1132,-1.0,SHORT_TP,SHORT_TP
1133,-1.0,SHORT_TP,SHORT_TP
1134,-1.0,SHORT_TP,SHORT_TP
1135,-1.0,SHORT_TP,SHORT_TP
1136,-1.0,SHORT_TP,SHORT_TP
1137,-1.0,SHORT_TP,SHORT_TP
1138,-1.0,SHORT_TP,SHORT_TP
1139,-1.0,SHORT_TP,SHORT_TP
1140,-1.0,SHORT_TP,SHORT_TP
1141,-1.0,SHORT_TP,SHORT_TP
1142,-1.0,SHORT_TP,SHORT_TP
1143,-1.0,SHORT_TP,SHORT_TP
1144,-1.0,SHORT_TP,SHORT_TP
1145,-1.0,SHORT_TP,SHORT_TP
1146,-1.0,SHORT_TP,SHORT_TP
1147,-1.0,SHORT_TP,SHORT_TP
1148,-1.0,SHORT_TP,SHORT_TP
1149,-1.0,SHORT_TP,SHORT_TP
1150,-1.0,SHORT_TP,SHORT_TP
1151,-1.0,SHORT_TP,SHORT_TP
1152,-1.0,SHORT_TP,SHORT_TP
1153,-1.0,SHORT_TP,SHORT_TP
1154,-1.0,SHORT_TP,SHORT_TP
1155,-1.0,SHORT_TP,SHORT_TP
1156,-1.0,SHORT_TP,SHORT_TP
1157,-1.0,SHORT_TP,SHORT_TP
1158,-1.0,SHORT_TP,SHORT_TP
1159,-1.0,SHORT_TP,SHORT_TP
1160,-1.0,SHORT_TP,SHORT_TP
1161,1.0,LONG_TP,LONG_TP
1162,1.0,LONG_TP,LONG_TP
1163,1.0,LONG_TP,LONG_TP
1164,1.0,LONG_TP,LONG_TP
1165,1.0,LONG_TP,LONG_TP
1166,1.0,LONG_TP,LONG_TP
1167,1.0,LONG_TP,LONG_TP
1168,1.0,LONG_TP,LONG_TP
1169,1.0,LONG_TP,LONG_TP
1170,1.0,LONG_TP,LONG_TP
1171,1.0,LONG_TP,LONG_TP
1172,1.0,LONG_TP,LONG_TP
1173,1.0,LONG_TP,LONG_TP
1174,1.0,LONG_TP,LONG_TP
1175,1.0,LONG_TP,LONG_TP
1176,1.0,LONG_TP,LONG_TP
1177,1.0,LONG_TP,LONG_TP
1178,1.0,LONG_TP,LONG_TP
1179,1.0,LONG_TP,LONG_TP
1180,-1.0,SHORT_TP,SHORT_TP
1181,-1.0,SHORT_TP,SHORT_TP
1182,-1.0,SHORT_TP,SHORT_TP
1183,-1.0,SHORT_TP,SHORT_TP
1184,-1.0,SHORT_TP,SHORT_TP
1185,-1.0,SHORT_TP,SHORT_TP
1186,-1.0,SHORT_TP,SHORT_TP
1187,-1.0,SHORT_TP,SHORT_TP
1188,-1.0,SHORT_TP,SHORT_TP
1189,-1.0,SHORT_TP,SHORT_TP
1190,-1.0,SHORT_TP,SHORT_TP
1191,-1.0,SHORT_TP,SHORT_TP
1192,-1.0,SHORT_TP,SHORT_TP
1193,-1.0,SHORT_TP,SHORT_TP
1194,-1.0,SHORT_TP,SHORT_TP
1195,-1.0,SHORT_TP,SHORT_TP
1196,-1.0,SHORT_TP,SHORT_TP
1197,-1.0,SHORT_TP,SHORT_TP
1198,-1.0,SHORT_TP,SHORT_TP
1199,-1.0,SHORT_TP,SHORT_TP
1200,-1.0,SHORT_TP,SHORT_TP
1201,-1.0,SHORT_TP,SHORT_TP
1202,-1.0,SHORT_TP,SHORT_TP
1203,1.0,LONG_TP,LONG_TP
1204,-1.0,SHORT_TP,SHORT_TP
1205,-1.0,SHORT_TP,SHORT_TP
1206,-1.0,SHORT_TP,SHORT_TP
1207,-1.0,SHORT_TP,SHORT_TP
1208,-1.0,SHORT_TP,SHORT_TP
1209,-1.0,SHORT_TP,SHORT_TP
1210,-1.0,SHORT_TP,SHORT_TP
1211,-1.0,SHORT_TP,SHORT_TP
1212,-1.0,SHORT_TP,SHORT_TP
1213,-1.0,SHORT_TP,SHORT_TP
1214,-1.0,SHORT_TP,SHORT_TP
1215,-1.0,SHORT_TP,SHORT_TP
1216,1.0,LONG_TP,LONG_TP
1217,1.0,LONG_TP,LONG_TP
1218,1.0,LONG_TP,LONG_TP
1219,1.0,LONG_TP,LONG_TP
1220,1.0,LONG_TP,LONG_TP
1221,1.0,LONG_TP,LONG_TP
1222,1.0,LONG_TP,LONG_TP
1223,1.0,LONG_TP,LONG_TP
1224,-1.0,SHORT_TP,SHORT_TP
1225,-1.0,SHORT_TP,SHORT_TP
1226,-1.0,SHORT_TP,SHORT_TP
1227,-1.0,SHORT_TP,SHORT_TP
1228,-1.0,SHORT_TP,SHORT_TP
1229,-1.0,SHORT_TP,SHORT_TP
1230,-1.0,SHORT_TP,SHORT_TP
1231,-1.0,SHORT_TP,SHORT_TP
1232,-1.0,SHORT_TP,SHORT_TP
1233,-1.0,SHORT_TP,SHORT_TP
1234,-1.0,SHORT_TP,SHORT_TP
1235,-1.0,SHORT_TP,SHORT_TP
1236,-1.0,SHORT_TP,SHORT_TP
1237,-1.0,SHORT_TP,SHORT_TP
1238,-1.0,SHORT_TP,SHORT_TP
1239,-1.0,SHORT_TP,SHORT_TP
1240,-1.0,SHORT_TP,SHORT_TP
1241,-1.0,SHORT_TP,SHORT_TP
1242,-1.0,SHORT_TP,SHORT_TP
1243,-1.0,SHORT_TP,SHORT_TP
1244,-1.0,SHORT_TP,SHORT_TP
1245,-1.0,SHORT_TP,SHORT_TP
1246,-1.0,SHORT_TP,SHORT_TP
1247,-1.0,SHORT_TP,SHORT_TP
1248,-1.0,SHORT_TP,SHORT_TP
1249,-1.0,SHORT_TP,SHORT_TP
1250,-1.0,SHORT_TP,SHORT_TP
1251,-1.0,SHORT_TP,SHORT_TP
1252,-1.0,SHORT_TP,SHORT_TP
1253,-1.0,SHORT_TP,SHORT_TP
1254,-1.0,SHORT_TP,SHORT_TP
1255,-1.0,SHORT_TP,SHORT_TP
1256,-1.0,SHORT_TP,SHORT_TP
1257,-1.0,SHORT_TP,SHORT_TP
1258,-1.0,SHORT_TP,SHORT_TP
1259,-1.0,SHORT_TP,SHORT_TP
1260,-1.0,SHORT_TP,SHORT_TP
1261,-1.0,SHORT_TP,SHORT_TP
1262,-1.0,SHORT_TP,SHORT_TP
1263,-1.0,SHORT_TP,SHORT_TP
1264,-1.0,SHORT_TP,SHORT_TP
1265,-1.0,SHORT_TP,SHORT_TP
1266,-1.0,SHORT_TP,SHORT_TP
1267,-1.0,SHORT_TP,SHORT_TP
1268,-1.0,SHORT_TP,SHORT_TP
1269,-1.0,SHORT_TP,SHORT_TP
1270,-1.0,SHORT_TP,SHORT_TP
1271,-1.0,SHORT_TP,SHORT_TP
1272,-1.0,SHORT_TP,SHORT_TP
1273,-1.0,SHORT_TP,SHORT_TP
1274,-1.0,SHORT_TP,SHORT_TP
1275,-1.0,SHORT_TP,SHORT_TP
1276,-1.0,SHORT_TP,SHORT_TP
1277,1.0,LONG_TP,LONG_TP
1278,1.0,LONG_TP,LONG_TP
1279,1.0,LONG_TP,LONG_TP
1280,1.0,LONG_TP,LONG_TP
1281,1.0,LONG_TP,LONG_TP
1282,1.0,LONG_TP,LONG_TP
1283,1.0,LONG_TP,LONG_TP
1284,1.0,LONG_TP,LONG_TP
1285,1.0,LONG_TP,LONG_TP
1286,1.0,LONG_TP,LONG_TP
1287,1.0,LONG_TP,LONG_TP
1288,-1.0,SHORT_TP,SHORT_TP
1289,-1.0,SHORT_TP,SHORT_TP
1290,-1.0,SHORT_TP,SHORT_TP
1291,-1.0,SHORT_TP,SHORT_TP
1292,-1.0,SHORT_TP,SHORT_TP
1293,-1.0,SHORT_TP,SHORT_TP
1294,-1.0,SHORT_TP,SHORT_TP
1295,-1.0,SHORT_TP,SHORT_TP
1296,-1.0,SHORT_TP,SHORT_TP
1297,-1.0,SHORT_TP,SHORT_TP
1298,-1.0,SHORT_TP,SHORT_TP
1299,-1.0,SHORT_TP,SHORT_TP
1300,-1.0,SHORT_TP,SHORT_TP
1301,-1.0,SHORT_TP,SHORT_TP
1302,1.0,LONG_TP,LONG_TP
1303,1.0,LONG_TP,LONG_TP
1304,-1.0,SHORT_TP,SHORT_TP
1305,-1.0,SHORT_TP,SHORT_TP
1306,-1.0,SHORT_TP,SHORT_TP
1307,-1.0,SHORT_TP,SHORT_TP
1308,-1.0,SHORT_TP,SHORT_TP
1309,-1.0,SHORT_TP,SHORT_TP
1310,-1.0,SHORT_TP,SHORT_TP
1311,-1.0,SHORT_TP,SHORT_TP
1312,1.0,LONG_TP,LONG_TP
1313,1.0,LONG_TP,LONG_TP
1314,1.0,LONG_TP,LONG_TP
1315,1.0,LONG_TP,LONG_TP
1316,1.0,LONG_TP,LONG_TP
1317,1.0,LONG_TP,LONG_TP
1318,1.0,LONG_TP,LONG_TP
1319,1.0,LONG_TP,LONG_TP
1320,1.0,LONG_TP,LONG_TP
1321,1.0,LONG_TP,LONG_TP
1322,1.0,LONG_TP,LONG_TP
1323,1.0,LONG_TP,LONG_TP
1324,1.0,LONG_TP,LONG_TP
1325,1.0,LONG_TP,LONG_TP
1326,1.0,LONG_TP,LONG_TP
1327,1.0,LONG_TP,LONG_TP
1328,1.0,LONG_TP,LONG_TP
1329,-1.0,SHORT_TP,SHORT_TP
1330,1.0,LONG_TP,LONG_TP
1331,1.0,LONG_TP,LONG_TP
1332,1.0,LONG_TP,LONG_TP
1333,1.0,LONG_TP,LONG_TP
1334,1.0,LONG_TP,LONG_TP
1335,1.0,LONG_TP,LONG_TP
1336,1.0,LONG_TP,LONG_TP
1337,1.0,LONG_TP,LONG_TP
1338,1.0,LONG_TP,LONG_TP
1339,1.0,LONG_TP,LONG_TP
1340,1.0,LONG_TP,LONG_TP
1341,1.0,LONG_TP,LONG_TP
1342,1.0,LONG_TP,LONG_TP
1343,1.0,LONG_TP,LONG_TP
1344,1.0,LONG_TP,LONG_TP
1345,1.0,LONG_TP,LONG_TP
1346,1.0,LONG_TP,LONG_TP
1347,1.0,LONG_TP,LONG_TP
1348,1.0,LONG_TP,LONG_TP
1349,1.0,LONG_TP,LONG_TP
1350,1.0,LONG_TP,LONG_TP
1351,1.0,LONG_TP,LONG_TP
1352,-1.0,SHORT_TP,SHORT_TP
1353,-1.0,SHORT_TP,SHORT_TP
1354,-1.0,SHORT_TP,SHORT_TP
1355,-1.0,SHORT_TP,SHORT_TP
1356,-1.0,SHORT_TP,SHORT_TP
1357,-1.0,SHORT_TP,SHORT_TP
1358,-1.0,SHORT_TP,SHORT_TP
1359,-1.0,SHORT_TP,SHORT_TP
1360,-1.0,SHORT_TP,SHORT_TP
1361,-1.0,SHORT_TP,SHORT_TP
1362,-1.0,SHORT_TP,SHORT_TP
1363,-1.0,SHORT_TP,SHORT_TP
1364,-1.0,SHORT_TP,SHORT_TP
1365,-1.0,SHORT_TP,SHORT_TP
1366,-1.0,SHORT_TP,SHORT_TP
1367,-1.0,SHORT_TP,SHORT_TP
1368,-1.0,SHORT_TP,SHORT_TP
1369,-1.0,SHORT_TP,SHORT_TP
1370,-1.0,SHORT_TP,SHORT_TP
1371,-1.0,SHORT_TP,SHORT_TP
1372,-1.0,SHORT_TP,SHORT_TP
1373,-1.0,SHORT_TP,SHORT_TP
1374,-1.0,SHORT_TP,SHORT_TP
1375,-1.0,SHORT_TP,SHORT_TP
1376,1.0,LONG_TP,LONG_TP
1377,1.0,LONG_TP,LONG_TP
1378,1.0,LONG_TP,LONG_TP
1379,1.0,LONG_TP,LONG_TP
1380,1.0,LONG_TP,LONG_TP
1381,1.0,LONG_TP,LONG_TP
1382,1.0,LONG_TP,LONG_TP
1383,1.0,LONG_TP,LONG_TP
1384,1.0,LONG_TP,LONG_TP
1385,1.0,LONG_TP,LONG_TP
1386,1.0,LONG_TP,LONG_TP
1387,1.0,LONG_TP,LONG_TP
1388,1.0,LONG_TP,LONG_TP
1389,1.0,LONG_TP,LONG_TP
1390,1.0,LONG_TP,LONG_TP
1391,1.0,LONG_TP,LONG_TP
1392,1.0,LONG_TP,LONG_TP
1393,1.0,LONG_TP,LONG_TP
1394,1.0,LONG_TP,LONG_TP
1395,1.0,LONG_TP,LONG_TP
1396,1.0,LONG_TP,LONG_TP
1397,1.0,LONG_TP,LONG_TP
1398,1.0,LONG_TP,LONG_TP
1399,-1.0,SHORT_TP,SHORT_TP
1400,-1.0,SHORT_TP,SHORT_TP
1401,-1.0,SHORT_TP,SHORT_TP
1402,-1.0,SHORT_TP,SHORT_TP
1403,-1.0,SHORT_TP,SHORT_TP
1404,-1.0,SHORT_TP,SHORT_TP
1405,-1.0,SHORT_TP,SHORT_TP
1406,-1.0,SHORT_TP,SHORT_TP
1407,-1.0,SHORT_TP,SHORT_TP
1408,-1.0,SHORT_TP,SHORT_TP
1409,-1.0,SHORT_TP,SHORT_TP
1410,-1.0,SHORT_TP,SHORT_TP
1411,-1.0,SHORT_TP,SHORT_TP
1412,-1.0,SHORT_TP,SHORT_TP
1413,-1.0,SHORT_TP,SHORT_TP
1414,-1.0,SHORT_TP,SHORT_TP
1415,-1.0,SHORT_TP,SHORT_TP
1416,-1.0,SHORT_TP,SHORT_TP
1417,-1.0,SHORT_TP,SHORT_TP
1418,-1.0,SHORT_TP,SHORT_TP
1419,-1.0,SHORT_TP,SHORT_TP
1420,1.0,LONG_TP,LONG_TP
1421,1.0,LONG_TP,LONG_TP
1422,1.0,LONG_TP,LONG_TP
1423,-1.0,SHORT_TP,SHORT_TP
1424,-1.0,SHORT_TP,SHORT_TP
1425,-1.0,SHORT_TP,SHORT_TP
1426,-1.0,SHORT_TP,SHORT_TP
1427,-1.0,SHORT_TP,SHORT_TP
1428,-1.0,SHORT_TP,SHORT_TP
1429,-1.0,SHORT_TP,SHORT_TP
1430,-1.0,SHORT_TP,SHORT_TP
1431,-1.0,SHORT_TP,SHORT_TP
1432,-1.0,SHORT_TP,SHORT_TP
1433,-1.0,SHORT_TP,SHORT_TP
1434,-1.0,SHORT_TP,SHORT_TP
1435,-1.0,SHORT_TP,SHORT_TP
1436,-1.0,SHORT_TP,SHORT_TP
1437,-1.0,SHORT_TP,SHORT_TP
1438,-1.0,SHORT_TP,SHORT_TP
1439,-1.0,SHORT_TP,SHORT_TP
1440,-1.0,SHORT_TP,SHORT_TP
1441,-1.0,SHORT_TP,SHORT_TP
1442,-1.0,SHORT_TP,SHORT_TP
1443,-1.0,SHORT_TP,SHORT_TP
1444,-1.0,SHORT_TP,SHORT_TP
1445,-1.0,SHORT_TP,SHORT_TP
1446,-1.0,SHORT_TP,SHORT_TP
1447,-1.0,SHORT_TP,SHORT_TP
1448,-1.0,SHORT_TP,SHORT_TP
1449,-1.0,SHORT_TP,SHORT_TP
1450,-1.0,SHORT_TP,SHORT_TP
1451,-1.0,SHORT_TP,SHORT_TP
1452,-1.0,SHORT_TP,SHORT_TP
1453,-1.0,SHORT_TP,SHORT_TP
1454,-1.0,SHORT_TP,SHORT_TP
1455,1.0,LONG_TP,LONG_TP
1456,-1.0,SHORT_TP,SHORT_TP
1457,-1.0,SHORT_TP,SHORT_TP
1458,-1.0,SHORT_TP,SHORT_TP
1459,-1.0,SHORT_TP,SHORT_TP
1460,-1.0,SHORT_TP,SHORT_TP
1461,-1.0,SHORT_TP,SHORT_TP
1462,-1.0,SHORT_TP,SHORT_TP
1463,-1.0,SHORT_TP,SHORT_TP
1464,-1.0,SHORT_TP,SHORT_TP
1465,-1.0,SHORT_TP,SHORT_TP
1466,-1.0,SHORT_TP,SHORT_TP
1467,-1.0,SHORT_TP,SHORT_TP
1468,-1.0,SHORT_TP,SHORT_TP
1469,-1.0,SHORT_TP,SHORT_TP
1470,-1.0,SHORT_TP,SHORT_TP
1471,-1.0,SHORT_TP,SHORT_TP
1472,-1.0,SHORT_TP,SHORT_TP
1473,-1.0,SHORT_TP,SHORT_TP
1474,-1.0,SHORT_TP,SHORT_TP
1475,-1.0,SHORT_TP,SHORT_TP
1476,-1.0,SHORT_TP,SHORT_TP
1477,-1.0,SHORT_TP,SHORT_TP
1478,-1.0,SHORT_TP,SHORT_TP
1479,-1.0,SHORT_TP,SHORT_TP
1480,-1.0,SHORT_TP,SHORT_TP
1481,-1.0,SHORT_TP,SHORT_TP
1482,-1.0,SHORT_TP,SHORT_TP
1483,-1.0,SHORT_TP,SHORT_TP
1484,1.0,LONG_TP,LONG_TP
1485,1.0,LONG_TP,LONG_TP
1486,-1.0,SHORT_TP,SHORT_TP
1487,-1.0,SHORT_TP,SHORT_TP
1488,1.0,LONG_TP,LONG_TP
1489,-1.0,SHORT_TP,SHORT_TP
1490,-1.0,SHORT_TP,SHORT_TP
1491,-1.0,SHORT_TP,SHORT_TP
1492,-1.0,SHORT_TP,SHORT_TP
1493,-1.0,SHORT_TP,SHORT_TP
1494,-1.0,SHORT_TP,SHORT_TP
1495,-1.0,SHORT_TP,SHORT_TP
1496,-1.0,SHORT_TP,SHORT_TP
1497,-1.0,SHORT_TP,SHORT_TP
1498,-1.0,SHORT_TP,SHORT_TP
1499,-1.0,SHORT_TP,SHORT_TP
1500,-1.0,SHORT_TP,SHORT_TP
1501,-1.0,SHORT_TP,SHORT_TP
1502,-1.0,SHORT_TP,SHORT_TP
1503,-1.0,SHORT_TP,SHORT_TP
1504,-1.0,SHORT_TP,SHORT_TP
1505,-1.0,SHORT_TP,SHORT_TP
1506,-1.0,SHORT_TP,SHORT_TP
1507,-1.0,SHORT_TP,SHORT_TP
1508,-1.0,SHORT_TP,SHORT_TP
1509,-1.0,SHORT_TP,SHORT_TP
1510,-1.0,SHORT_TP,SHORT_TP
1511,-1.0,SHORT_TP,SHORT_TP
1512,-1.0,SHORT_TP,SHORT_TP
1513,-1.0,SHORT_TP,SHORT_TP
1514,-1.0,SHORT_TP,SHORT_TP
1515,-1.0,SHORT_TP,SHORT_TP
1516,-1.0,SHORT_TP,SHORT_TP
1517,-1.0,SHORT_TP,SHORT_TP
1518,-1.0,SHORT_TP,SHORT_TP
1519,-1.0,SHORT_TP,SHORT_TP
1520,-1.0,SHORT_TP,SHORT_TP
1521,-1.0,SHORT_TP,SHORT_TP
1522,-1.0,SHORT_TP,SHORT_TP
1523,-1.0,SHORT_TP,SHORT_TP
1524,-1.0,SHORT_TP,SHORT_TP
1525,-1.0,SHORT_TP,SHORT_TP
1526,1.0,LONG_TP,LONG_TP
1527,1.0,LONG_TP,LONG_TP
1528,1.0,LONG_TP,LONG_TP
1529,1.0,LONG_TP,LONG_TP
1530,-1.0,SHORT_TP,SHORT_TP
1531,-1.0,SHORT_TP,SHORT_TP
1532,-1.0,SHORT_TP,SHORT_TP
1533,-1.0,SHORT_TP,SHORT_TP
1534,-1.0,SHORT_TP,SHORT_TP
1535,-1.0,SHORT_TP,SHORT_TP
1536,-1.0,SHORT_TP,SHORT_TP
1537,-1.0,SHORT_TP,SHORT_TP
1538,1.0,LONG_TP,LONG_TP
1539,-1.0,SHORT_TP,SHORT_TP
1540,1.0,LONG_TP,LONG_TP
1541,1.0,LONG_TP,LONG_TP
1542,1.0,LONG_TP,LONG_TP
1543,1.0,LONG_TP,LONG_TP
1544,1.0,LONG_TP,LONG_TP
1545,1.0,LONG_TP,LONG_TP
1546,1.0,LONG_TP,LONG_TP
1547,-1.0,SHORT_TP,SHORT_TP
1548,1.0,LONG_TP,LONG_TP
1549,1.0,LONG_TP,LONG_TP
1550,1.0,LONG_TP,LONG_TP
1551,1.0,LONG_TP,LONG_TP
1552,1.0,LONG_TP,LONG_TP
1553,1.0,LONG_TP,LONG_TP
1554,1.0,LONG_TP,LONG_TP
1555,-1.0,SHORT_TP,SHORT_TP
1556,-1.0,SHORT_TP,SHORT_TP
1557,1.0,LONG_TP,LONG_TP
1558,1.0,LONG_TP,LONG_TP
1559,-1.0,SHORT_TP,SHORT_TP
1560,-1.0,SHORT_TP,SHORT_TP
1561,-1.0,SHORT_TP,SHORT_TP
1562,-1.0,SHORT_TP,SHORT_TP
1563,-1.0,SHORT_TP,SHORT_TP
1564,-1.0,SHORT_TP,SHORT_TP
1565,-1.0,SHORT_TP,SHORT_TP
1566,-1.0,SHORT_TP,SHORT_TP
1567,-1.0,SHORT_TP,SHORT_TP
1568,-1.0,SHORT_TP,SHORT_TP
1569,-1.0,SHORT_TP,SHORT_TP
1570,-1.0,SHORT_TP,SHORT_TP
1571,-1.0,SHORT_TP,SHORT_TP
1572,-1.0,SHORT_TP,SHORT_TP
1573,-1.0,SHORT_TP,SHORT_TP
1574,-1.0,SHORT_TP,SHORT_TP
1575,1.0,LONG_TP,LONG_TP
1576,1.0,LONG_TP,LONG_TP
1577,1.0,LONG_TP,LONG_TP
1578,1.0,LONG_TP,LONG_TP
1579,1.0,LONG_TP,LONG_TP
1580,1.0,LONG_TP,LONG_TP
1581,1.0,LONG_TP,LONG_TP
1582,1.0,LONG_TP,LONG_TP
1583,1.0,LONG_TP,LONG_TP
1584,1.0,LONG_TP,LONG_TP
1585,1.0,LONG_TP,LONG_TP
1586,1.0,LONG_TP,LONG_TP
1587,1.0,LONG_TP,LONG_TP
1588,1.0,LONG_TP,LONG_TP
1589,1.0,LONG_TP,LONG_TP
1590,1.0,LONG_TP,LONG_TP
1591,1.0,LONG_TP,LONG_TP
1592,1.0,LONG_TP,LONG_TP
1593,1.0,LONG_TP,LONG_TP
1594,1.0,LONG_TP,LONG_TP
1595,1.0,LONG_TP,LONG_TP
1596,1.0,LONG_TP,LONG_TP
1597,1.0,LONG_TP,LONG_TP
1598,1.0,LONG_TP,LONG_TP
1599,1.0,LONG_TP,LONG_TP
1600,1.0,LONG_TP,LONG_TP
1601,1.0,LONG_TP,LONG_TP
1602,1.0,LONG_TP,LONG_TP
1603,1.0,LONG_TP,LONG_TP
1604,1.0,LONG_TP,LONG_TP
1605,1.0,LONG_TP,LONG_TP
1606,1.0,LONG_TP,LONG_TP
1607,1.0,LONG_TP,LONG_TP
1608,1.0,LONG_TP,LONG_TP
1609,1.0,LONG_TP,LONG_TP
1610,1.0,LONG_TP,LONG_TP
1611,1.0,LONG_TP,LONG_TP
1612,1.0,LONG_TP,LONG_TP
1613,1.0,LONG_TP,LONG_TP
1614,1.0,LONG_TP,LONG_TP
1615,1.0,LONG_TP,LONG_TP
1616,1.0,LONG_TP,LONG_TP
1617,1.0,LONG_TP,LONG_TP
1618,1.0,LONG_TP,LONG_TP
1619,1.0,LONG_TP,LONG_TP
1620,1.0,LONG_TP,LONG_TP
1621,1.0,LONG_TP,LONG_TP
1622,1.0,LONG_TP,LONG_TP
1623,1.0,LONG_TP,LONG_TP
1624,-1.0,SHORT_TP,SHORT_TP
1625,-1.0,SHORT_TP,SHORT_TP
1626,-1.0,SHORT_TP,SHORT_TP
1627,-1.0,SHORT_TP,SHORT_TP
1628,-1.0,SHORT_TP,SHORT_TP
1629,-1.0,SHORT_TP,SHORT_TP
1630,-1.0,SHORT_TP,SHORT_TP
1631,-1.0,SHORT_TP,SHORT_TP
1632,-1.0,SHORT_TP,SHORT_TP
1633,-1.0,SHORT_TP,SHORT_TP
1634,-1.0,SHORT_TP,SHORT_TP
1635,-1.0,SHORT_TP,SHORT_TP
1636,-1.0,SHORT_TP,SHORT_TP
1637,-1.0,SHORT_TP,SHORT_TP
1638,-1.0,SHORT_TP,SHORT_TP
1639,-1.0,SHORT_TP,SHORT_TP
1640,-1.0,SHORT_TP,SHORT_TP
1641,-1.0,SHORT_TP,SHORT_TP
1642,-1.0,SHORT_TP,SHORT_TP
1643,-1.0,SHORT_TP,SHORT_TP
1644,-1.0,SHORT_TP,SHORT_TP
1645,-1.0,SHORT_TP,SHORT_TP
1646,-1.0,SHORT_TP,SHORT_TP
1647,-1.0,SHORT_TP,SHORT_TP
1648,-1.0,SHORT_TP,SHORT_TP
1649,-1.0,SHORT_TP,SHORT_TP
1650,-1.0,SHORT_TP,SHORT_TP
1651,-1.0,SHORT_TP,SHORT_TP
1652,-1.0,SHORT_TP,SHORT_TP
1653,-1.0,SHORT_TP,SHORT_TP
1654,-1.0,SHORT_TP,SHORT_TP
1655,-1.0,SHORT_TP,SHORT_TP
1656,1.0,LONG_TP,LONG_TP
1657,1.0,LONG_TP,LONG_TP
1658,1.0,LONG_TP,LONG_TP
1659,1.0,LONG_TP,LONG_TP
1660,1.0,LONG_TP,LONG_TP
1661,1.0,LONG_TP,LONG_TP
1662,1.0,LONG_TP,LONG_TP
1663,1.0,LONG_TP,LONG_TP
1664,1.0,LONG_TP,LONG_TP
1665,1.0,LONG_TP,LONG_TP
1666,1.0,LONG_TP,LONG_TP
1667,1.0,LONG_TP,LONG_TP
1668,1.0,LONG_TP,LONG_TP
1669,1.0,LONG_TP,LONG_TP
1670,1.0,LONG_TP,LONG_TP
1671,1.0,LONG_TP,LONG_TP
1672,1.0,LONG_TP,LONG_TP
1673,1.0,LONG_TP,LONG_TP
1674,1.0,LONG_TP,LONG_TP
1675,1.0,LONG_TP,LONG_TP
1676,1.0,LONG_TP,LONG_TP
1677,1.0,LONG_TP,LONG_TP
1678,1.0,LONG_TP,LONG_TP
1679,1.0,LONG_TP,LONG_TP
1680,1.0,LONG_TP,LONG_TP
1681,1.0,LONG_TP,LONG_TP
1682,1.0,LONG_TP,LONG_TP
1683,1.0,LONG_TP,LONG_TP
1684,1.0,LONG_TP,LONG_TP
1685,1.0,LONG_TP,LONG_TP
1686,1.0,LONG_TP,LONG_TP
1687,1.0,LONG_TP,LONG_TP
1688,1.0,LONG_TP,LONG_TP
1689,1.0,LONG_TP,LONG_TP
1690,1.0,LONG_TP,LONG_TP
1691,1.0,LONG_TP,LONG_TP
1692,1.0,LONG_TP,LONG_TP
1693,1.0,LONG_TP,LONG_TP
1694,1.0,LONG_TP,LONG_TP
1695,1.0,LONG_TP,LONG_TP
1696,1.0,LONG_TP,LONG_TP
1697,1.0,LONG_TP,LONG_TP
1698,-1.0,SHORT_TP,SHORT_TP
1699,-1.0,SHORT_TP,SHORT_TP
1700,-1.0,SHORT_TP,SHORT_TP
1701,-1.0,SHORT_TP,SHORT_TP
1702,-1.0,SHORT_TP,SHORT_TP
1703,-1.0,SHORT_TP,SHORT_TP
1704,-1.0,SHORT_TP,SHORT_TP
1705,-1.0,SHORT_TP,SHORT_TP
1706,-1.0,SHORT_TP,SHORT_TP
1707,-1.0,SHORT_TP,SHORT_TP
1708,-1.0,SHORT_TP,SHORT_TP
1709,-1.0,SHORT_TP,SHORT_TP
1710,-1.0,SHORT_TP,SHORT_TP
1711,-1.0,SHORT_TP,SHORT_TP
1712,-1.0,SHORT_TP,SHORT_TP
1713,-1.0,SHORT_TP,SHORT_TP
1714,-1.0,SHORT_TP,SHORT_TP
1715,-1.0,SHORT_TP,SHORT_TP
1716,-1.0,SHORT_TP,SHORT_TP
1717,-1.0,SHORT_TP,SHORT_TP
1718,-1.0,SHORT_TP,SHORT_TP
1719,-1.0,SHORT_TP,SHORT_TP
1720,-1.0,SHORT_TP,SHORT_TP
1721,-1.0,SHORT_TP,SHORT_TP
1722,-1.0,SHORT_TP,SHORT_TP
1723,-1.0,SHORT_TP,SHORT_TP
1724,-1.0,SHORT_TP,SHORT_TP
1725,-1.0,SHORT_TP,SHORT_TP
1726,-1.0,SHORT_TP,SHORT_TP
1727,-1.0,SHORT_TP,SHORT_TP
1728,-1.0,SHORT_TP,SHORT_TP
1729,-1.0,SHORT_TP,SHORT_TP
1730,1.0,LONG_TP,LONG_TP
1731,-1.0,SHORT_TP,SHORT_TP
1732,1.0,LONG_TP,LONG_TP
1733,-1.0,SHORT_TP,SHORT_TP
1734,-1.0,SHORT_TP,SHORT_TP
1735,1.0,LONG_TP,LONG_TP
1736,1.0,LONG_TP,LONG_TP
1737,-1.0,SHORT_TP,SHORT_TP
1738,-1.0,SHORT_TP,SHORT_TP
1739,-1.0,SHORT_TP,SHORT_TP
1740,-1.0,SHORT_TP,SHORT_TP
1741,-1.0,SHORT_TP,SHORT_TP
1742,-1.0,SHORT_TP,SHORT_TP
1743,-1.0,SHORT_TP,SHORT_TP
1744,-1.0,SHORT_TP,SHORT_TP
1745,-1.0,SHORT_TP,SHORT_TP
1746,-1.0,SHORT_TP,SHORT_TP
1747,-1.0,SHORT_TP,SHORT_TP
1748,-1.0,SHORT_TP,SHORT_TP
1749,-1.0,SHORT_TP,SHORT_TP
1750,1.0,LONG_TP,LONG_TP
1751,1.0,LONG_TP,LONG_TP
1752,1.0,LONG_TP,LONG_TP
1753,1.0,LONG_TP,LONG_TP
1754,1.0,LONG_TP,LONG_TP
1755,-1.0,SHORT_TP,SHORT_TP
1756,-1.0,SHORT_TP,SHORT_TP
1757,-1.0,SHORT_TP,SHORT_TP
1758,-1.0,SHORT_TP,SHORT_TP
1759,1.0,LONG_TP,LONG_TP
1760,1.0,LONG_TP,LONG_TP
1761,1.0,LONG_TP,LONG_TP
1762,1.0,LONG_TP,LONG_TP
1763,1.0,LONG_TP,LONG_TP
1764,1.0,LONG_TP,LONG_TP
1765,1.0,LONG_TP,LONG_TP
1766,1.0,LONG_TP,LONG_TP
1767,1.0,LONG_TP,LONG_TP
1768,1.0,LONG_TP,LONG_TP
1769,1.0,LONG_TP,LONG_TP
1770,1.0,LONG_TP,LONG_TP
1771,1.0,LONG_TP,LONG_TP
1772,1.0,LONG_TP,LONG_TP
1773,1.0,LONG_TP,LONG_TP
1774,1.0,LONG_TP,LONG_TP
1775,1.0,LONG_TP,LONG_TP
1776,1.0,LONG_TP,LONG_TP
1777,1.0,LONG_TP,LONG_TP
1778,1.0,LONG_TP,LONG_TP
1779,1.0,LONG_TP,LONG_TP
1780,1.0,LONG_TP,LONG_TP
1781,1.0,LONG_TP,LONG_TP
1782,1.0,LONG_TP,LONG_TP
1783,1.0,LONG_TP,LONG_TP
1784,1.0,LONG_TP,LONG_TP
1785,1.0,LONG_TP,LONG_TP
1786,1.0,LONG_TP,LONG_TP
1787,1.0,LONG_TP,LONG_TP
1788,1.0,LONG_TP,LONG_TP
1789,1.0,LONG_TP,LONG_TP
1790,1.0,LONG_TP,LONG_TP
1791,1.0,LONG_TP,LONG_TP
1792,1.0,LONG_TP,LONG_TP
1793,1.0,LONG_TP,LONG_TP
1794,1.0,LONG_TP,LONG_TP
1795,1.0,LONG_TP,LONG_TP
1796,1.0,LONG_TP,LONG_TP
1797,1.0,LONG_TP,LONG_TP
1798,1.0,LONG_TP,LONG_TP
1799,1.0,LONG_TP,LONG_TP
1800,1.0,LONG_TP,LONG_TP
1801,1.0,LONG_TP,LONG_TP
1802,1.0,LONG_TP,LONG_TP
1803,1.0,LONG_TP,LONG_TP
1804,1.0,LONG_TP,LONG_TP
1805,1.0,LONG_TP,LONG_TP
1806,1.0,LONG_TP,LONG_TP
1807,1.0,LONG_TP,LONG_TP
1808,1.0,LONG_TP,LONG_TP
1809,1.0,LONG_TP,LONG_TP
1810,1.0,LONG_TP,LONG_TP
1811,1.0,LONG_TP,LONG_TP
1812,1.0,LONG_TP,LONG_TP
1813,1.0,LONG_TP,LONG_TP
1814,1.0,LONG_TP,LONG_TP
1815,1.0,LONG_TP,LONG_TP
1816,1.0,LONG_TP,LONG_TP
1817,1.0,LONG_TP,LONG_TP
1818,1.0,LONG_TP,LONG_TP
1819,1.0,LONG_TP,LONG_TP
1820,1.0,LONG_TP,LONG_TP
1821,1.0,LONG_TP,LONG_TP
1822,1.0,LONG_TP,LONG_TP
1823,1.0,LONG_TP,LONG_TP
1824,1.0,LONG_TP,LONG_TP
1825,1.0,LONG_TP,LONG_TP
1826,-1.0,SHORT_TP,SHORT_TP
1827,-1.0,SHORT_TP,SHORT_TP
1828,-1.0,SHORT_TP,SHORT_TP
1829,1.0,LONG_TP,LONG_TP
1830,1.0,LONG_TP,LONG_TP
1831,1.0,LONG_TP,LONG_TP
1832,-1.0,SHORT_TP,SHORT_TP
1833,-1.0,SHORT_TP,SHORT_TP
1834,-1.0,SHORT_TP,SHORT_TP
1835,-1.0,SHORT_TP,SHORT_TP
1836,-1.0,SHORT_TP,SHORT_TP
1837,-1.0,SHORT_TP,SHORT_TP
1838,1.0,LONG_TP,LONG_TP
1839,1.0,LONG_TP,LONG_TP
1840,-1.0,SHORT_TP,SHORT_TP
1841,-1.0,SHORT_TP,SHORT_TP
1842,-1.0,SHORT_TP,SHORT_TP
1843,-1.0,SHORT_TP,SHORT_TP
1844,-1.0,SHORT_TP,SHORT_TP
1845,-1.0,SHORT_TP,SHORT_TP
1846,-1.0,SHORT_TP,SHORT_TP
1847,-1.0,SHORT_TP,SHORT_TP
1848,-1.0,SHORT_TP,SHORT_TP
1849,-1.0,SHORT_TP,SHORT_TP
1850,-1.0,SHORT_TP,SHORT_TP
1851,-1.0,SHORT_TP,SHORT_TP
1852,-1.0,SHORT_TP,SHORT_TP
1853,-1.0,SHORT_TP,SHORT_TP
1854,1.0,LONG_TP,LONG_TP
1855,1.0,LONG_TP,LONG_TP
1856,1.0,LONG_TP,LONG_TP
1857,1.0,LONG_TP,LONG_TP
1858,1.0,LONG_TP,LONG_TP
1859,-1.0,SHORT_TP,SHORT_TP
1860,1.0,LONG_TP,LONG_TP
1861,1.0,LONG_TP,LONG_TP
1862,1.0,LONG_TP,LONG_TP
1863,1.0,LONG_TP,LONG_TP
1864,1.0,LONG_TP,LONG_TP
1865,1.0,LONG_TP,LONG_TP
1866,1.0,LONG_TP,LONG_TP
1867,1.0,LONG_TP,LONG_TP
1868,1.0,LONG_TP,LONG_TP
1869,1.0,LONG_TP,LONG_TP
1870,1.0,LONG_TP,LONG_TP
1871,1.0,LONG_TP,LONG_TP
1872,1.0,LONG_TP,LONG_TP
1873,1.0,LONG_TP,LONG_TP
1874,1.0,LONG_TP,LONG_TP
1875,1.0,LONG_TP,LONG_TP
1876,1.0,LONG_TP,LONG_TP
1877,1.0,LONG_TP,LONG_TP
1878,1.0,LONG_TP,LONG_TP
1879,1.0,LONG_TP,LONG_TP
1880,1.0,LONG_TP,LONG_TP
1881,1.0,LONG_TP,LONG_TP
1882,-1.0,SHORT_TP,SHORT_TP
1883,-1.0,SHORT_TP,SHORT_TP
1884,-1.0,SHORT_TP,SHORT_TP
1885,-1.0,SHORT_TP,SHORT_TP
1886,-1.0,SHORT_TP,SHORT_TP
1887,-1.0,SHORT_TP,SHORT_TP
1888,-1.0,SHORT_TP,SHORT_TP
1889,-1.0,SHORT_TP,SHORT_TP
1890,-1.0,SHORT_TP,SHORT_TP
1891,-1.0,SHORT_TP,SHORT_TP
1892,-1.0,SHORT_TP,SHORT_TP
1893,-1.0,SHORT_TP,SHORT_TP
1894,-1.0,SHORT_TP,SHORT_TP
1895,-1.0,SHORT_TP,SHORT_TP
1896,-1.0,SHORT_TP,SHORT_TP
1897,-1.0,SHORT_TP,SHORT_TP
1898,-1.0,SHORT_TP,SHORT_TP
1899,-1.0,SHORT_TP,SHORT_TP
1900,-1.0,SHORT_TP,SHORT_TP
1901,-1.0,SHORT_TP,SHORT_TP
1902,-1.0,SHORT_TP,SHORT_TP
1903,-1.0,SHORT_TP,SHORT_TP
1904,-1.0,SHORT_TP,SHORT_TP
1905,-1.0,SHORT_TP,SHORT_TP
1906,-1.0,SHORT_TP,SHORT_TP
1907,1.0,LONG_TP,LONG_TP
1908,1.0,LONG_TP,LONG_TP
1909,1.0,LONG_TP,LONG_TP
1910,1.0,LONG_TP,LONG_TP
1911,1.0,LONG_TP,LONG_TP
1912,-1.0,SHORT_TP,SHORT_TP
1913,-1.0,SHORT_TP,SHORT_TP
1914,-1.0,SHORT_TP,SHORT_TP
1915,-1.0,SHORT_TP,SHORT_TP
1916,-1.0,SHORT_TP,SHORT_TP
1917,-1.0,SHORT_TP,SHORT_TP
1918,-1.0,SHORT_TP,SHORT_TP
1919,-1.0,SHORT_TP,SHORT_TP
1920,-1.0,SHORT_TP,SHORT_TP
1921,-1.0,SHORT_TP,SHORT_TP
1922,-1.0,SHORT_TP,SHORT_TP
1923,-1.0,SHORT_TP,SHORT_TP
1924,-1.0,SHORT_TP,SHORT_TP
1925,-1.0,SHORT_TP,SHORT_TP
1926,-1.0,SHORT_TP,SHORT_TP
1927,-1.0,SHORT_TP,SHORT_TP
1928,-1.0,SHORT_TP,SHORT_TP
1929,1.0,LONG_TP,LONG_TP
1930,1.0,LONG_TP,LONG_TP
1931,1.0,LONG_TP,LONG_TP
1932,1.0,LONG_TP,LONG_TP
1933,1.0,LONG_TP,LONG_TP
1934,1.0,LONG_TP,LONG_TP
1935,1.0,LONG_TP,LONG_TP
1936,1.0,LONG_TP,LONG_TP
1937,1.0,LONG_TP,LONG_TP
1938,1.0,LONG_TP,LONG_TP
1939,1.0,LONG_TP,LONG_TP
1940,1.0,LONG_TP,LONG_TP
1941,1.0,LONG_TP,LONG_TP
1942,-1.0,SHORT_TP,SHORT_TP
1943,-1.0,SHORT_TP,SHORT_TP
1944,1.0,LONG_TP,LONG_TP
1945,1.0,LONG_TP,LONG_TP
1946,1.0,LONG_TP,LONG_TP
1947,1.0,LONG_TP,LONG_TP
1948,-1.0,SHORT_TP,SHORT_TP
1949,-1.0,SHORT_TP,SHORT_TP
1950,-1.0,SHORT_TP,SHORT_TP
1951,-1.0,SHORT_TP,SHORT_TP
1952,-1.0,SHORT_TP,SHORT_TP
1953,-1.0,SHORT_TP,SHORT_TP
1954,-1.0,SHORT_TP,SHORT_TP
1955,-1.0,SHORT_TP,SHORT_TP
1956,-1.0,SHORT_TP,SHORT_TP
1957,-1.0,SHORT_TP,SHORT_TP
1958,-1.0,SHORT_TP,SHORT_TP
1959,-1.0,SHORT_TP,SHORT_TP
1960,-1.0,SHORT_TP,SHORT_TP
1961,-1.0,SHORT_TP,SHORT_TP
1962,-1.0,SHORT_TP,SHORT_TP
1963,-1.0,SHORT_TP,SHORT_TP
1964,-1.0,SHORT_TP,SHORT_TP
1965,-1.0,SHORT_TP,SHORT_TP
1966,-1.0,SHORT_TP,SHORT_TP
1967,1.0,LONG_TP,LONG_TP
1968,1.0,LONG_TP,LONG_TP
1969,1.0,LONG_TP,LONG_TP
1970,1.0,LONG_TP,LONG_TP
1971,1.0,LONG_TP,LONG_TP
1972,-1.0,SHORT_TP,SHORT_TP
1973,1.0,LONG_TP,LONG_TP
1974,1.0,LONG_TP,LONG_TP
1975,1.0,LONG_TP,LONG_TP
1976,1.0,LONG_TP,LONG_TP
1977,1.0,LONG_TP,LONG_TP
1978,1.0,LONG_TP,LONG_TP
1979,1.0,LONG_TP,LONG_TP
1980,1.0,LONG_TP,LONG_TP
1981,1.0,LONG_TP,LONG_TP
1982,-1.0,SHORT_TP,SHORT_TP
1983,-1.0,SHORT_TP,SHORT_TP
1984,-1.0,SHORT_TP,SHORT_TP
1985,-1.0,SHORT_TP,SHORT_TP
1986,-1.0,SHORT_TP,SHORT_TP
1987,-1.0,SHORT_TP,SHORT_TP
1988,-1.0,SHORT_TP,SHORT_TP
1989,-1.0,SHORT_TP,SHORT_TP
1990,-1.0,SHORT_TP,SHORT_TP
1991,-1.0,SHORT_TP,SHORT_TP
1992,-1.0,SHORT_TP,SHORT_TP
1993,-1.0,SHORT_TP,SHORT_TP
1994,-1.0,SHORT_TP,SHORT_TP
1995,-1.0,SHORT_TP,SHORT_TP
1996,-1.0,SHORT_TP,SHORT_TP
1997,-1.0,SHORT_TP,SHORT_TP
1998,-1.0,SHORT_TP,SHORT_TP
1999,-1.0,SHORT_TP,SHORT_TP
2000,-1.0,SHORT_TP,SHORT_TP
2001,-1.0,SHORT_TP,SHORT_TP
2002,-1.0,SHORT_TP,SHORT_TP
2003,-1.0,SHORT_TP,SHORT_TP
2004,-1.0,SHORT_TP,SHORT_TP
2005,-1.0,SHORT_TP,SHORT_TP
2006,-1.0,SHORT_TP,SHORT_TP
2007,-1.0,SHORT_TP,SHORT_TP
2008,-1.0,SHORT_TP,SHORT_TP
2009,-1.0,SHORT_TP,SHORT_TP
2010,-1.0,SHORT_TP,SHORT_TP
2011,-1.0,SHORT_TP,SHORT_TP
2012,-1.0,SHORT_TP,SHORT_TP
2013,-1.0,SHORT_TP,SHORT_TP
2014,-1.0,SHORT_TP,SHORT_TP
2015,-1.0,SHORT_TP,SHORT_TP
2016,-1.0,SHORT_TP,SHORT_TP
2017,-1.0,SHORT_TP,SHORT_TP
2018,-1.0,SHORT_TP,SHORT_TP
2019,-1.0,SHORT_TP,SHORT_TP
2020,-1.0,SHORT_TP,SHORT_TP
2021,-1.0,SHORT_TP,SHORT_TP
2022,-1.0,SHORT_TP,SHORT_TP
2023,-1.0,SHORT_TP,SHORT_TP
2024,-1.0,SHORT_TP,SHORT_TP
2025,-1.0,SHORT_TP,SHORT_TP
2026,-1.0,SHORT_TP,SHORT_TP
2027,-1.0,SHORT_TP,SHORT_TP
2028,-1.0,SHORT_TP,SHORT_TP
2029,-1.0,SHORT_TP,SHORT_TP
2030,1.0,LONG_TP,LONG_TP
2031,1.0,LONG_TP,LONG_TP
2032,1.0,LONG_TP,LONG_TP
2033,-1.0,SHORT_TP,SHORT_TP
2034,1.0,LONG_TP,LONG_TP
2035,1.0,LONG_TP,LONG_TP
2036,-1.0,SHORT_TP,SHORT_TP
2037,-1.0,SHORT_TP,SHORT_TP
2038,-1.0,SHORT_TP,SHORT_TP
2039,-1.0,SHORT_TP,SHORT_TP
2040,-1.0,SHORT_TP,SHORT_TP
2041,-1.0,SHORT_TP,SHORT_TP
2042,-1.0,SHORT_TP,SHORT_TP
2043,-1.0,SHORT_TP,SHORT_TP
2044,1.0,LONG_TP,LONG_TP
2045,-1.0,SHORT_TP,SHORT_TP
2046,1.0,LONG_TP,LONG_TP
2047,1.0,LONG_TP,LONG_TP
2048,1.0,LONG_TP,LONG_TP
2049,1.0,LONG_TP,LONG_TP
2050,1.0,LONG_TP,LONG_TP
2051,1.0,LONG_TP,LONG_TP
2052,1.0,LONG_TP,LONG_TP
2053,1.0,LONG_TP,LONG_TP
2054,1.0,LONG_TP,LONG_TP
2055,1.0,LONG_TP,LONG_TP
2056,1.0,LONG_TP,LONG_TP
2057,1.0,LONG_TP,LONG_TP
2058,1.0,LONG_TP,LONG_TP
2059,1.0,LONG_TP,LONG_TP
2060,1.0,LONG_TP,LONG_TP
2061,1.0,LONG_TP,LONG_TP
2062,1.0,LONG_TP,LONG_TP
2063,1.0,LONG_TP,LONG_TP
2064,1.0,LONG_TP,LONG_TP
2065,1.0,LONG_TP,LONG_TP
2066,1.0,LONG_TP,LONG_TP
2067,1.0,LONG_TP,LONG_TP
2068,1.0,LONG_TP,LONG_TP
2069,1.0,LONG_TP,LONG_TP
2070,1.0,LONG_TP,LONG_TP
2071,1.0,LONG_TP,LONG_TP
2072,1.0,LONG_TP,LONG_TP
2073,1.0,LONG_TP,LONG_TP
2074,1.0,LONG_TP,LONG_TP
2075,1.0,LONG_TP,LONG_TP
2076,1.0,LONG_TP,LONG_TP
2077,-1.0,SHORT_TP,SHORT_TP
2078,-1.0,SHORT_TP,SHORT_TP
2079,-1.0,SHORT_TP,SHORT_TP
2080,-1.0,SHORT_TP,SHORT_TP
2081,-1.0,SHORT_TP,SHORT_TP
2082,-1.0,SHORT_TP,SHORT_TP
2083,-1.0,SHORT_TP,SHORT_TP
2084,-1.0,SHORT_TP,SHORT_TP
2085,-1.0,SHORT_TP,SHORT_TP
2086,-1.0,SHORT_TP,SHORT_TP
2087,-1.0,SHORT_TP,SHORT_TP
2088,-1.0,SHORT_TP,SHORT_TP
2089,-1.0,SHORT_TP,SHORT_TP
2090,-1.0,SHORT_TP,SHORT_TP
2091,-1.0,SHORT_TP,SHORT_TP
2092,-1.0,SHORT_TP,SHORT_TP
2093,-1.0,SHORT_TP,SHORT_TP
2094,-1.0,SHORT_TP,SHORT_TP
2095,-1.0,SHORT_TP,SHORT_TP
2096,-1.0,SHORT_TP,SHORT_TP
2097,-1.0,SHORT_TP,SHORT_TP
2098,-1.0,SHORT_TP,SHORT_TP
2099,-1.0,SHORT_TP,SHORT_TP
2100,-1.0,SHORT_TP,SHORT_TP
2101,-1.0,SHORT_TP,SHORT_TP
2102,1.0,LONG_TP,LONG_TP
2103,-1.0,SHORT_TP,SHORT_TP
2104,-1.0,SHORT_TP,SHORT_TP
2105,-1.0,SHORT_TP,SHORT_TP
2106,-1.0,SHORT_TP,SHORT_TP
2107,-1.0,SHORT_TP,SHORT_TP
2108,-1.0,SHORT_TP,SHORT_TP
2109,-1.0,SHORT_TP,SHORT_TP
2110,-1.0,SHORT_TP,SHORT_TP
2111,-1.0,SHORT_TP,SHORT_TP
2112,-1.0,SHORT_TP,SHORT_TP
2113,-1.0,SHORT_TP,SHORT_TP
2114,-1.0,SHORT_TP,SHORT_TP
2115,-1.0,SHORT_TP,SHORT_TP
2116,-1.0,SHORT_TP,SHORT_TP
2117,-1.0,SHORT_TP,SHORT_TP
2118,-1.0,SHORT_TP,SHORT_TP
2119,-1.0,SHORT_TP,SHORT_TP
2120,-1.0,SHORT_TP,SHORT_TP
2121,-1.0,SHORT_TP,SHORT_TP
2122,-1.0,SHORT_TP,SHORT_TP
2123,-1.0,SHORT_TP,SHORT_TP
2124,-1.0,SHORT_TP,SHORT_TP
2125,-1.0,SHORT_TP,SHORT_TP
2126,-1.0,SHORT_TP,SHORT_TP
2127,-1.0,SHORT_TP,SHORT_TP
2128,-1.0,SHORT_TP,SHORT_TP
2129,-1.0,SHORT_TP,SHORT_TP
2130,-1.0,SHORT_TP,SHORT_TP
2131,-1.0,SHORT_TP,SHORT_TP
2132,-1.0,SHORT_TP,SHORT_TP
2133,-1.0,SHORT_TP,SHORT_TP
2134,1.0,LONG_TP,LONG_TP
2135,1.0,LONG_TP,LONG_TP
2136,1.0,LONG_TP,LONG_TP
2137,1.0,LONG_TP,LONG_TP
2138,1.0,LONG_TP,LONG_TP
2139,1.0,LONG_TP,LONG_TP
2140,1.0,LONG_TP,LONG_TP
2141,1.0,LONG_TP,LONG_TP
2142,1.0,LONG_TP,LONG_TP
2143,1.0,LONG_TP,LONG_TP
2144,1.0,LONG_TP,LONG_TP
2145,1.0,LONG_TP,LONG_TP
2146,1.0,LONG_TP,LONG_TP
2147,-1.0,SHORT_TP,SHORT_TP
2148,-1.0,SHORT_TP,SHORT_TP
2149,-1.0,SHORT_TP,SHORT_TP
2150,-1.0,SHORT_TP,SHORT_TP
2151,-1.0,SHORT_TP,SHORT_TP
2152,-1.0,SHORT_TP,SHORT_TP
2153,-1.0,SHORT_TP,SHORT_TP
2154,-1.0,SHORT_TP,SHORT_TP
2155,-1.0,SHORT_TP,SHORT_TP
2156,-1.0,SHORT_TP,SHORT_TP
2157,-1.0,SHORT_TP,SHORT_TP
2158,-1.0,SHORT_TP,SHORT_TP
2159,-1.0,SHORT_TP,SHORT_TP
2160,-1.0,SHORT_TP,SHORT_TP
2161,-1.0,SHORT_TP,SHORT_TP
2162,1.0,LONG_TP,LONG_TP
2163,1.0,LONG_TP,LONG_TP
2164,1.0,LONG_TP,LONG_TP
2165,1.0,LONG_TP,LONG_TP
2166,1.0,LONG_TP,LONG_TP
2167,1.0,LONG_TP,LONG_TP
2168,1.0,LONG_TP,LONG_TP
2169,1.0,LONG_TP,LONG_TP
2170,1.0,LONG_TP,LONG_TP
2171,1.0,LONG_TP,LONG_TP
2172,1.0,LONG_TP,LONG_TP
2173,1.0,LONG_TP,LONG_TP
2174,1.0,LONG_TP,LONG_TP
2175,1.0,LONG_TP,LONG_TP
2176,1.0,LONG_TP,LONG_TP
2177,1.0,LONG_TP,LONG_TP
2178,1.0,LONG_TP,LONG_TP
2179,1.0,LONG_TP,LONG_TP
2180,1.0,LONG_TP,LONG_TP
2181,1.0,LONG_TP,LONG_TP
2182,1.0,LONG_TP,LONG_TP
2183,1.0,LONG_TP,LONG_TP
2184,1.0,LONG_TP,LONG_TP
2185,1.0,LONG_TP,LONG_TP
2186,-1.0,SHORT_TP,SHORT_TP
2187,-1.0,SHORT_TP,SHORT_TP
2188,-1.0,SHORT_TP,SHORT_TP
2189,-1.0,SHORT_TP,SHORT_TP
2190,-1.0,SHORT_TP,SHORT_TP
2191,-1.0,SHORT_TP,SHORT_TP
2192,-1.0,SHORT_TP,SHORT_TP
2193,-1.0,SHORT_TP,SHORT_TP
2194,-1.0,SHORT_TP,SHORT_TP
2195,1.0,LONG_TP,LONG_TP
2196,1.0,LONG_TP,LONG_TP
2197,1.0,LONG_TP,LONG_TP
2198,1.0,LONG_TP,LONG_TP
2199,1.0,LONG_TP,LONG_TP
2200,1.0,LONG_TP,LONG_TP
2201,1.0,LONG_TP,LONG_TP
2202,1.0,LONG_TP,LONG_TP
2203,1.0,LONG_TP,LONG_TP
2204,1.0,LONG_TP,LONG_TP
2205,1.0,LONG_TP,LONG_TP
2206,1.0,LONG_TP,LONG_TP
2207,1.0,LONG_TP,LONG_TP
2208,1.0,LONG_TP,LONG_TP
2209,1.0,LONG_TP,LONG_TP
2210,1.0,LONG_TP,LONG_TP
2211,1.0,LONG_TP,LONG_TP
2212,1.0,LONG_TP,LONG_TP
2213,1.0,LONG_TP,LONG_TP
2214,1.0,LONG_TP,LONG_TP
2215,1.0,LONG_TP,LONG_TP
2216,1.0,LONG_TP,LONG_TP
2217,1.0,LONG_TP,LONG_TP
2218,1.0,LONG_TP,LONG_TP
2219,1.0,LONG_TP,LONG_TP
2220,1.0,LONG_TP,LONG_TP
2221,1.0,LONG_TP,LONG_TP
2222,1.0,LONG_TP,LONG_TP
2223,1.0,LONG_TP,LONG_TP
2224,1.0,LONG_TP,LONG_TP
2225,1.0,LONG_TP,LONG_TP
2226,1.0,LONG_TP,LONG_TP
2227,1.0,LONG_TP,LONG_TP
2228,1.0,LONG_TP,LONG_TP
2229,1.0,LONG_TP,LONG_TP
2230,1.0,LONG_TP,LONG_TP
2231,1.0,LONG_TP,LONG_TP
2232,-1.0,SHORT_TP,SHORT_TP
2233,-1.0,SHORT_TP,SHORT_TP
2234,-1.0,SHORT_TP,SHORT_TP
2235,-1.0,SHORT_TP,SHORT_TP
2236,-1.0,SHORT_TP,SHORT_TP
2237,-1.0,SHORT_TP,SHORT_TP
2238,-1.0,SHORT_TP,SHORT_TP
2239,-1.0,SHORT_TP,SHORT_TP
2240,-1.0,SHORT_TP,SHORT_TP
2241,-1.0,SHORT_TP,SHORT_TP
2242,-1.0,SHORT_TP,SHORT_TP
2243,-1.0,SHORT_TP,SHORT_TP
2244,-1.0,SHORT_TP,SHORT_TP
2245,-1.0,SHORT_TP,SHORT_TP
2246,-1.0,SHORT_TP,SHORT_TP
2247,-1.0,SHORT_TP,SHORT_TP
2248,-1.0,SHORT_TP,SHORT_TP
2249,-1.0,SHORT_TP,SHORT_TP
2250,-1.0,SHORT_TP,SHORT_TP
2251,-1.0,SHORT_TP,SHORT_TP
2252,-1.0,SHORT_TP,SHORT_TP
2253,-1.0,SHORT_TP,SHORT_TP
2254,-1.0,SHORT_TP,SHORT_TP
2255,-1.0,SHORT_TP,SHORT_TP
2256,-1.0,SHORT_TP,SHORT_TP
2257,1.0,LONG_TP,LONG_TP
2258,1.0,LONG_TP,LONG_TP
2259,1.0,LONG_TP,LONG_TP
2260,1.0,LONG_TP,LONG_TP
2261,1.0,LONG_TP,LONG_TP
2262,1.0,LONG_TP,LONG_TP
2263,1.0,LONG_TP,LONG_TP
2264,1.0,LONG_TP,LONG_TP
2265,1.0,LONG_TP,LONG_TP
2266,1.0,LONG_TP,LONG_TP
2267,1.0,LONG_TP,LONG_TP
2268,1.0,LONG_TP,LONG_TP
2269,1.0,LONG_TP,LONG_TP
2270,-1.0,SHORT_TP,SHORT_TP
2271,1.0,LONG_TP,LONG_TP
2272,-1.0,SHORT_TP,SHORT_TP
2273,-1.0,SHORT_TP,SHORT_TP
2274,-1.0,SHORT_TP,SHORT_TP
2275,-1.0,SHORT_TP,SHORT_TP
2276,-1.0,SHORT_TP,SHORT_TP
2277,-1.0,SHORT_TP,SHORT_TP
2278,-1.0,SHORT_TP,SHORT_TP
2279,-1.0,SHORT_TP,SHORT_TP
2280,1.0,LONG_TP,LONG_TP
2281,1.0,LONG_TP,LONG_TP
2282,1.0,LONG_TP,LONG_TP
2283,1.0,LONG_TP,LONG_TP
2284,1.0,LONG_TP,LONG_TP
2285,1.0,LONG_TP,LONG_TP
2286,1.0,LONG_TP,LONG_TP
2287,1.0,LONG_TP,LONG_TP
2288,1.0,LONG_TP,LONG_TP
2289,1.0,LONG_TP,LONG_TP
2290,1.0,LONG_TP,LONG_TP
2291,1.0,LONG_TP,LONG_TP
2292,1.0,LONG_TP,LONG_TP
2293,1.0,LONG_TP,LONG_TP
2294,1.0,LONG_TP,LONG_TP
2295,1.0,LONG_TP,LONG_TP
2296,1.0,LONG_TP,LONG_TP
2297,1.0,LONG_TP,LONG_TP
2298,1.0,LONG_TP,LONG_TP
2299,1.0,LONG_TP,LONG_TP
2300,1.0,LONG_TP,LONG_TP
2301,1.0,LONG_TP,LONG_TP
2302,-1.0,SHORT_TP,SHORT_TP
2303,-1.0,SHORT_TP,SHORT_TP
2304,-1.0,SHORT_TP,SHORT_TP
2305,-1.0,SHORT_TP,SHORT_TP
2306,-1.0,SHORT_TP,SHORT_TP
2307,-1.0,SHORT_TP,SHORT_TP
2308,-1.0,SHORT_TP,SHORT_TP
2309,-1.0,SHORT_TP,SHORT_TP
2310,-1.0,SHORT_TP,SHORT_TP
2311,-1.0,SHORT_TP,SHORT_TP
2312,-1.0,SHORT_TP,SHORT_TP
2313,-1.0,SHORT_TP,SHORT_TP
2314,-1.0,SHORT_TP,SHORT_TP
2315,-1.0,SHORT_TP,SHORT_TP
2316,1.0,LONG_TP,LONG_TP
2317,1.0,LONG_TP,LONG_TP
2318,1.0,LONG_TP,LONG_TP
2319,-1.0,SHORT_TP,SHORT_TP
2320,-1.0,SHORT_TP,SHORT_TP
2321,-1.0,SHORT_TP,SHORT_TP
2322,-1.0,SHORT_TP,SHORT_TP
2323,-1.0,SHORT_TP,SHORT_TP
2324,-1.0,SHORT_TP,SHORT_TP
2325,-1.0,SHORT_TP,SHORT_TP
2326,-1.0,SHORT_TP,SHORT_TP
2327,-1.0,SHORT_TP,SHORT_TP
2328,-1.0,SHORT_TP,SHORT_TP
2329,-1.0,SHORT_TP,SHORT_TP
2330,-1.0,SHORT_TP,SHORT_TP
2331,-1.0,SHORT_TP,SHORT_TP
2332,1.0,LONG_TP,LONG_TP
2333,1.0,LONG_TP,LONG_TP
2334,1.0,LONG_TP,LONG_TP
2335,1.0,LONG_TP,LONG_TP
2336,1.0,LONG_TP,LONG_TP
2337,1.0,LONG_TP,LONG_TP
2338,1.0,LONG_TP,LONG_TP
2339,1.0,LONG_TP,LONG_TP
2340,1.0,LONG_TP,LONG_TP
2341,1.0,LONG_TP,LONG_TP
2342,1.0,LONG_TP,LONG_TP
2343,1.0,LONG_TP,LONG_TP
2344,1.0,LONG_TP,LONG_TP
2345,1.0,LONG_TP,LONG_TP
2346,1.0,LONG_TP,LONG_TP
2347,1.0,LONG_TP,LONG_TP
2348,1.0,LONG_TP,LONG_TP
2349,1.0,LONG_TP,LONG_TP
2350,1.0,LONG_TP,LONG_TP
2351,1.0,LONG_TP,LONG_TP
2352,1.0,LONG_TP,LONG_TP
2353,1.0,LONG_TP,LONG_TP
2354,-1.0,SHORT_TP,SHORT_TP
2355,1.0,LONG_TP,LONG_TP
2356,1.0,LONG_TP,LONG_TP
2357,1.0,LONG_TP,LONG_TP
2358,1.0,LONG_TP,LONG_TP
2359,1.0,LONG_TP,LONG_TP
2360,1.0,LONG_TP,LONG_TP
2361,1.0,LONG_TP,LONG_TP
2362,1.0,LONG_TP,LONG_TP
2363,1.0,LONG_TP,LONG_TP
2364,1.0,LONG_TP,LONG_TP
2365,1.0,LONG_TP,LONG_TP
2366,1.0,LONG_TP,LONG_TP
2367,1.0,LONG_TP,LONG_TP
2368,1.0,LONG_TP,LONG_TP
2369,1.0,LONG_TP,LONG_TP
2370,1.0,LONG_TP,LONG_TP
2371,1.0,LONG_TP,LONG_TP
2372,1.0,LONG_TP,LONG_TP
2373,1.0,LONG_TP,LONG_TP
2374,1.0,LONG_TP,LONG_TP
2375,1.0,LONG_TP,LONG_TP
2376,1.0,LONG_TP,LONG_TP
2377,1.0,LONG_TP,LONG_TP
2378,-1.0,SHORT_TP,SHORT_TP
2379,-1.0,SHORT_TP,SHORT_TP
2380,-1.0,SHORT_TP,SHORT_TP
2381,-1.0,SHORT_TP,SHORT_TP
2382,-1.0,SHORT_TP,SHORT_TP
2383,-1.0,SHORT_TP,SHORT_TP
2384,-1.0,SHORT_TP,SHORT_TP
2385,-1.0,SHORT_TP,SHORT_TP
2386,-1.0,SHORT_TP,SHORT_TP
2387,-1.0,SHORT_TP,SHORT_TP
2388,-1.0,SHORT_TP,SHORT_TP
2389,-1.0,SHORT_TP,SHORT_TP
2390,-1.0,SHORT_TP,SHORT_TP
2391,-1.0,SHORT_TP,SHORT_TP
2392,-1.0,SHORT_TP,SHORT_TP
2393,-1.0,SHORT_TP,SHORT_TP
2394,-1.0,SHORT_TP,SHORT_TP
2395,-1.0,SHORT_TP,SHORT_TP
2396,-1.0,SHORT_TP,SHORT_TP
2397,1.0,LONG_TP,LONG_TP
2398,1.0,LONG_TP,LONG_TP
2399,1.0,LONG_TP,LONG_TP
2400,-1.0,SHORT_TP,SHORT_TP
2401,1.0,LONG_TP,LONG_TP
2402,1.0,LONG_TP,LONG_TP
2403,1.0,LONG_TP,LONG_TP
2404,1.0,LONG_TP,LONG_TP
2405,1.0,LONG_TP,LONG_TP
2406,1.0,LONG_TP,LONG_TP
2407,1.0,LONG_TP,LONG_TP
2408,1.0,LONG_TP,LONG_TP
2409,1.0,LONG_TP,LONG_TP
2410,1.0,LONG_TP,LONG_TP
2411,1.0,LONG_TP,LONG_TP
2412,1.0,LONG_TP,LONG_TP
2413,1.0,LONG_TP,LONG_TP
2414,1.0,LONG_TP,LONG_TP
2415,1.0,LONG_TP,LONG_TP
2416,1.0,LONG_TP,LONG_TP
2417,1.0,LONG_TP,LONG_TP
2418,1.0,LONG_TP,LONG_TP
2419,1.0,LONG_TP,LONG_TP
2420,1.0,LONG_TP,LONG_TP
2421,1.0,LONG_TP,LONG_TP
2422,1.0,LONG_TP,LONG_TP
2423,1.0,LONG_TP,LONG_TP
2424,1.0,LONG_TP,LONG_TP
2425,1.0,LONG_TP,LONG_TP
2426,-1.0,SHORT_TP,SHORT_TP
2427,-1.0,SHORT_TP,SHORT_TP
2428,-1.0,SHORT_TP,SHORT_TP
2429,-1.0,SHORT_TP,SHORT_TP
2430,-1.0,SHORT_TP,SHORT_TP
2431,-1.0,SHORT_TP,SHORT_TP
2432,-1.0,SHORT_TP,SHORT_TP
2433,-1.0,SHORT_TP,SHORT_TP
2434,-1.0,SHORT_TP,SHORT_TP
2435,-1.0,SHORT_TP,SHORT_TP
2436,-1.0,SHORT_TP,SHORT_TP
2437,-1.0,SHORT_TP,SHORT_TP
2438,-1.0,SHORT_TP,SHORT_TP
2439,-1.0,SHORT_TP,SHORT_TP
2440,1.0,LONG_TP,LONG_TP
2441,1.0,LONG_TP,LONG_TP
2442,1.0,LONG_TP,LONG_TP
2443,1.0,LONG_TP,LONG_TP
2444,1.0,LONG_TP,LONG_TP
2445,-1.0,SHORT_TP,SHORT_TP
2446,-1.0,SHORT_TP,SHORT_TP
2447,-1.0,SHORT_TP,SHORT_TP
2448,-1.0,SHORT_TP,SHORT_TP
2449,-1.0,SHORT_TP,SHORT_TP
2450,-1.0,SHORT_TP,SHORT_TP
2451,-1.0,SHORT_TP,SHORT_TP
2452,-1.0,SHORT_TP,SHORT_TP
2453,-1.0,SHORT_TP,SHORT_TP
2454,-1.0,SHORT_TP,SHORT_TP
2455,1.0,LONG_TP,LONG_TP
2456,1.0,LONG_TP,LONG_TP
2457,-1.0,SHORT_TP,SHORT_TP
2458,-1.0,SHORT_TP,SHORT_TP
2459,-1.0,SHORT_TP,SHORT_TP
2460,-1.0,SHORT_TP,SHORT_TP
2461,1.0,LONG_TP,LONG_TP
2462,1.0,LONG_TP,LONG_TP
2463,1.0,LONG_TP,LONG_TP
2464,-1.0,SHORT_TP,SHORT_TP
2465,-1.0,SHORT_TP,SHORT_TP
2466,-1.0,SHORT_TP,SHORT_TP
2467,-1.0,SHORT_TP,SHORT_TP
2468,-1.0,SHORT_TP,SHORT_TP
2469,-1.0,SHORT_TP,SHORT_TP
2470,1.0,LONG_TP,LONG_TP
2471,1.0,LONG_TP,LONG_TP
2472,1.0,LONG_TP,LONG_TP
2473,1.0,LONG_TP,LONG_TP
2474,1.0,LONG_TP,LONG_TP
2475,1.0,LONG_TP,LONG_TP
2476,1.0,LONG_TP,LONG_TP
2477,1.0,LONG_TP,LONG_TP
2478,1.0,LONG_TP,LONG_TP
2479,1.0,LONG_TP,LONG_TP
2480,-1.0,SHORT_TP,SHORT_TP
2481,-1.0,SHORT_TP,SHORT_TP
2482,-1.0,SHORT_TP,SHORT_TP
2483,-1.0,SHORT_TP,SHORT_TP
2484,-1.0,SHORT_TP,SHORT_TP
2485,-1.0,SHORT_TP,SHORT_TP
2486,-1.0,SHORT_TP,SHORT_TP
2487,-1.0,SHORT_TP,SHORT_TP
2488,-1.0,SHORT_TP,SHORT_TP
2489,-1.0,SHORT_TP,SHORT_TP
2490,-1.0,SHORT_TP,SHORT_TP
2491,-1.0,SHORT_TP,SHORT_TP
2492,-1.0,SHORT_TP,SHORT_TP
2493,-1.0,SHORT_TP,SHORT_TP
2494,-1.0,SHORT_TP,SHORT_TP
2495,-1.0,SHORT_TP,SHORT_TP
2496,-1.0,SHORT_TP,SHORT_TP
2497,-1.0,SHORT_TP,SHORT_TP
2498,1.0,LONG_TP,LONG_TP
2499,-1.0,SHORT_TP,SHORT_TP
2500,-1.0,SHORT_TP,SHORT_TP
2501,-1.0,SHORT_TP,SHORT_TP
2502,-1.0,SHORT_TP,SHORT_TP
2503,-1.0,SHORT_TP,SHORT_TP
2504,1.0,LONG_TP,LONG_TP
2505,1.0,LONG_TP,LONG_TP
2506,1.0,LONG_TP,LONG_TP
2507,1.0,LONG_TP,LONG_TP
2508,-1.0,SHORT_TP,SHORT_TP
2509,-1.0,SHORT_TP,SHORT_TP
2510,-1.0,SHORT_TP,SHORT_TP
2511,-1.0,SHORT_TP,SHORT_TP
2512,1.0,LONG_TP,LONG_TP
2513,1.0,LONG_TP,LONG_TP
2514,1.0,LONG_TP,LONG_TP
2515,1.0,LONG_TP,LONG_TP
2516,-1.0,SHORT_TP,SHORT_TP
2517,-1.0,SHORT_TP,SHORT_TP
2518,-1.0,SHORT_TP,SHORT_TP
2519,-1.0,SHORT_TP,SHORT_TP
2520,-1.0,SHORT_TP,SHORT_TP
2521,-1.0,SHORT_TP,SHORT_TP
2522,-1.0,SHORT_TP,SHORT_TP
2523,-1.0,SHORT_TP,SHORT_TP
2524,-1.0,SHORT_TP,SHORT_TP
2525,-1.0,SHORT_TP,SHORT_TP
2526,-1.0,SHORT_TP,SHORT_TP
2527,-1.0,SHORT_TP,SHORT_TP
2528,-1.0,SHORT_TP,SHORT_TP
2529,-1.0,SHORT_TP,SHORT_TP
2530,-1.0,SHORT_TP,SHORT_TP
2531,-1.0,SHORT_TP,SHORT_TP
2532,-1.0,SHORT_TP,SHORT_TP
2533,-1.0,SHORT_TP,SHORT_TP
2534,-1.0,SHORT_TP,SHORT_TP
2535,-1.0,SHORT_TP,SHORT_TP
2536,-1.0,SHORT_TP,SHORT_TP
2537,-1.0,SHORT_TP,SHORT_TP
2538,1.0,LONG_TP,LONG_TP
2539,1.0,LONG_TP,LONG_TP
2540,1.0,LONG_TP,LONG_TP
2541,1.0,LONG_TP,LONG_TP
2542,1.0,LONG_TP,LONG_TP
2543,1.0,LONG_TP,LONG_TP
2544,1.0,LONG_TP,LONG_TP
2545,1.0,LONG_TP,LONG_TP
2546,1.0,LONG_TP,LONG_TP
2547,1.0,LONG_TP,LONG_TP
2548,1.0,LONG_TP,LONG_TP
2549,1.0,LONG_TP,LONG_TP
2550,1.0,LONG_TP,LONG_TP
2551,1.0,LONG_TP,LONG_TP
2552,1.0,LONG_TP,LONG_TP
2553,1.0,LONG_TP,LONG_TP
2554,1.0,LONG_TP,LONG_TP
2555,1.0,LONG_TP,LONG_TP
2556,1.0,LONG_TP,LONG_TP
2557,1.0,LONG_TP,LONG_TP
2558,1.0,LONG_TP,LONG_TP
2559,1.0,LONG_TP,LONG_TP
2560,1.0,LONG_TP,LONG_TP
2561,1.0,LONG_TP,LONG_TP
2562,1.0,LONG_TP,LONG_TP
2563,1.0,LONG_TP,LONG_TP
2564,1.0,LONG_TP,LONG_TP
2565,1.0,LONG_TP,LONG_TP
2566,1.0,LONG_TP,LONG_TP
2567,1.0,LONG_TP,LONG_TP
2568,1.0,LONG_TP,LONG_TP
2569,1.0,LONG_TP,LONG_TP
2570,1.0,LONG_TP,LONG_TP
2571,1.0,LONG_TP,LONG_TP
2572,1.0,LONG_TP,LONG_TP
2573,1.0,LONG_TP,LONG_TP
2574,1.0,LONG_TP,LONG_TP
2575,1.0,LONG_TP,LONG_TP
2576,1.0,LONG_TP,LONG_TP
2577,1.0,LONG_TP,LONG_TP
2578,1.0,LONG_TP,LONG_TP
2579,1.0,LONG_TP,LONG_TP
2580,1.0,LONG_TP,LONG_TP
2581,1.0,LONG_TP,LONG_TP
2582,1.0,LONG_TP,LONG_TP
2583,-1.0,SHORT_TP,SHORT_TP
2584,-1.0,SHORT_TP,SHORT_TP
2585,-1.0,SHORT_TP,SHORT_TP
2586,-1.0,SHORT_TP,SHORT_TP
2587,-1.0,SHORT_TP,SHORT_TP
2588,-1.0,SHORT_TP,SHORT_TP
2589,-1.0,SHORT_TP,SHORT_TP
2590,1.0,LONG_TP,LONG_TP
2591,1.0,LONG_TP,LONG_TP
2592,1.0,LONG_TP,LONG_TP
2593,1.0,LONG_TP,LONG_TP
2594,1.0,LONG_TP,LONG_TP
2595,1.0,LONG_TP,LONG_TP
2596,1.0,LONG_TP,LONG_TP
2597,1.0,LONG_TP,LONG_TP
2598,1.0,LONG_TP,LONG_TP
2599,1.0,LONG_TP,LONG_TP
2600,1.0,LONG_TP,LONG_TP
2601,1.0,LONG_TP,LONG_TP
2602,1.0,LONG_TP,LONG_TP
2603,1.0,LONG_TP,LONG_TP
2604,1.0,LONG_TP,LONG_TP
2605,1.0,LONG_TP,LONG_TP
2606,-1.0,SHORT_TP,SHORT_TP
2607,1.0,LONG_TP,LONG_TP
2608,-1.0,SHORT_TP,SHORT_TP
2609,-1.0,SHORT_TP,SHORT_TP
2610,-1.0,SHORT_TP,SHORT_TP
2611,-1.0,SHORT_TP,SHORT_TP
2612,-1.0,SHORT_TP,SHORT_TP
2613,-1.0,SHORT_TP,SHORT_TP
2614,-1.0,SHORT_TP,SHORT_TP
2615,-1.0,SHORT_TP,SHORT_TP
2616,-1.0,SHORT_TP,SHORT_TP
2617,-1.0,SHORT_TP,SHORT_TP
2618,1.0,LONG_TP,LONG_TP
2619,1.0,LONG_TP,LONG_TP
2620,1.0,LONG_TP,LONG_TP
2621,1.0,LONG_TP,LONG_TP
2622,1.0,LONG_TP,LONG_TP
2623,1.0,LONG_TP,LONG_TP
2624,1.0,LONG_TP,LONG_TP
2625,1.0,LONG_TP,LONG_TP
2626,1.0,LONG_TP,LONG_TP
2627,1.0,LONG_TP,LONG_TP
2628,1.0,LONG_TP,LONG_TP
2629,1.0,LONG_TP,LONG_TP
2630,1.0,LONG_TP,LONG_TP
2631,1.0,LONG_TP,LONG_TP
2632,1.0,LONG_TP,LONG_TP
2633,1.0,LONG_TP,LONG_TP
2634,-1.0,SHORT_TP,SHORT_TP
2635,-1.0,SHORT_TP,SHORT_TP
2636,-1.0,SHORT_TP,SHORT_TP
2637,-1.0,SHORT_TP,SHORT_TP
2638,-1.0,SHORT_TP,SHORT_TP
2639,-1.0,SHORT_TP,SHORT_TP
2640,1.0,LONG_TP,LONG_TP
2641,1.0,LONG_TP,LONG_TP
2642,1.0,LONG_TP,LONG_TP
2643,1.0,LONG_TP,LONG_TP
2644,1.0,LONG_TP,LONG_TP
2645,1.0,LONG_TP,LONG_TP
2646,1.0,LONG_TP,LONG_TP
2647,1.0,LONG_TP,LONG_TP
2648,1.0,LONG_TP,LONG_TP
2649,1.0,LONG_TP,LONG_TP
2650,-1.0,SHORT_TP,SHORT_TP
2651,-1.0,SHORT_TP,SHORT_TP
2652,-1.0,SHORT_TP,SHORT_TP
2653,-1.0,SHORT_TP,SHORT_TP
2654,-1.0,SHORT_TP,SHORT_TP
2655,-1.0,SHORT_TP,SHORT_TP
2656,-1.0,SHORT_TP,SHORT_TP
2657,-1.0,SHORT_TP,SHORT_TP
2658,-1.0,SHORT_TP,SHORT_TP
2659,-1.0,SHORT_TP,SHORT_TP
2660,-1.0,SHORT_TP,SHORT_TP
2661,-1.0,SHORT_TP,SHORT_TP
2662,-1.0,SHORT_TP,SHORT_TP
2663,-1.0,SHORT_TP,SHORT_TP
2664,-1.0,SHORT_TP,SHORT_TP
2665,-1.0,SHORT_TP,SHORT_TP
2666,-1.0,SHORT_TP,SHORT_TP
2667,-1.0,SHORT_TP,SHORT_TP
2668,-1.0,SHORT_TP,SHORT_TP
2669,-1.0,SHORT_TP,SHORT_TP
2670,-1.0,SHORT_TP,SHORT_TP
2671,-1.0,SHORT_TP,SHORT_TP
2672,-1.0,SHORT_TP,SHORT_TP
2673,-1.0,SHORT_TP,SHORT_TP
2674,-1.0,SHORT_TP,SHORT_TP
2675,-1.0,SHORT_TP,SHORT_TP
2676,-1.0,SHORT_TP,SHORT_TP
2677,-1.0,SHORT_TP,SHORT_TP
2678,-1.0,SHORT_TP,SHORT_TP
2679,1.0,LONG_TP,LONG_TP
2680,-1.0,SHORT_TP,SHORT_TP
2681,1.0,LONG_TP,LONG_TP
2682,1.0,LONG_TP,LONG_TP
2683,1.0,LONG_TP,LONG_TP
2684,1.0,LONG_TP,LONG_TP
2685,-1.0,SHORT_TP,SHORT_TP
2686,-1.0,SHORT_TP,SHORT_TP
2687,-1.0,SHORT_TP,SHORT_TP
2688,-1.0,SHORT_TP,SHORT_TP
2689,-1.0,SHORT_TP,SHORT_TP
2690,-1.0,SHORT_TP,SHORT_TP
2691,-1.0,SHORT_TP,SHORT_TP
2692,-1.0,SHORT_TP,SHORT_TP
2693,-1.0,SHORT_TP,SHORT_TP
2694,-1.0,SHORT_TP,SHORT_TP
2695,-1.0,SHORT_TP,SHORT_TP
2696,-1.0,SHORT_TP,SHORT_TP
2697,-1.0,SHORT_TP,SHORT_TP
2698,-1.0,SHORT_TP,SHORT_TP
2699,-1.0,SHORT_TP,SHORT_TP
2700,-1.0,SHORT_TP,SHORT_TP
2701,-1.0,SHORT_TP,SHORT_TP
2702,-1.0,SHORT_TP,SHORT_TP
2703,-1.0,SHORT_TP,SHORT_TP
2704,-1.0,SHORT_TP,SHORT_TP
2705,-1.0,SHORT_TP,SHORT_TP
2706,-1.0,SHORT_TP,SHORT_TP
2707,-1.0,SHORT_TP,SHORT_TP
2708,-1.0,SHORT_TP,SHORT_TP
2709,-1.0,SHORT_TP,SHORT_TP
2710,-1.0,SHORT_TP,SHORT_TP
2711,-1.0,SHORT_TP,SHORT_TP
2712,-1.0,SHORT_TP,SHORT_TP
2713,-1.0,SHORT_TP,SHORT_TP
2714,-1.0,SHORT_TP,SHORT_TP
2715,-1.0,SHORT_TP,SHORT_TP
2716,1.0,LONG_TP,LONG_TP
2717,1.0,LONG_TP,LONG_TP
2718,1.0,LONG_TP,LONG_TP
2719,1.0,LONG_TP,LONG_TP
2720,1.0,LONG_TP,LONG_TP
2721,1.0,LONG_TP,LONG_TP
2722,1.0,LONG_TP,LONG_TP
2723,1.0,LONG_TP,LONG_TP
2724,1.0,LONG_TP,LONG_TP
2725,1.0,LONG_TP,LONG_TP
2726,1.0,LONG_TP,LONG_TP
2727,1.0,LONG_TP,LONG_TP
2728,1.0,LONG_TP,LONG_TP
2729,1.0,LONG_TP,LONG_TP
2730,1.0,LONG_TP,LONG_TP
2731,1.0,LONG_TP,LONG_TP
2732,1.0,LONG_TP,LONG_TP
2733,1.0,LONG_TP,LONG_TP
2734,1.0,LONG_TP,LONG_TP
2735,1.0,LONG_TP,LONG_TP
2736,1.0,LONG_TP,LONG_TP
2737,1.0,LONG_TP,LONG_TP
2738,1.0,LONG_TP,LONG_TP
2739,1.0,LONG_TP,LONG_TP
2740,1.0,LONG_TP,LONG_TP
2741,1.0,LONG_TP,LONG_TP
2742,1.0,LONG_TP,LONG_TP
2743,1.0,LONG_TP,LONG_TP
2744,1.0,LONG_TP,LONG_TP
2745,1.0,LONG_TP,LONG_TP
2746,1.0,LONG_TP,LONG_TP
2747,-1.0,SHORT_TP,SHORT_TP
2748,-1.0,SHORT_TP,SHORT_TP
2749,-1.0,SHORT_TP,SHORT_TP
2750,-1.0,SHORT_TP,SHORT_TP
2751,-1.0,SHORT_TP,SHORT_TP
2752,-1.0,SHORT_TP,SHORT_TP
2753,-1.0,SHORT_TP,SHORT_TP
2754,-1.0,SHORT_TP,SHORT_TP
2755,1.0,LONG_TP,LONG_TP
2756,1.0,LONG_TP,LONG_TP
2757,1.0,LONG_TP,LONG_TP
2758,1.0,LONG_TP,LONG_TP
2759,1.0,LONG_TP,LONG_TP
2760,1.0,LONG_TP,LONG_TP
2761,1.0,LONG_TP,LONG_TP
2762,1.0,LONG_TP,LONG_TP
2763,-1.0,SHORT_TP,SHORT_TP
2764,-1.0,SHORT_TP,SHORT_TP
2765,-1.0,SHORT_TP,SHORT_TP
2766,-1.0,SHORT_TP,SHORT_TP
2767,1.0,LONG_TP,LONG_TP
2768,1.0,LONG_TP,LONG_TP
2769,1.0,LONG_TP,LONG_TP
2770,1.0,LONG_TP,LONG_TP
2771,1.0,LONG_TP,LONG_TP
2772,1.0,LONG_TP,LONG_TP
2773,1.0,LONG_TP,LONG_TP
2774,1.0,LONG_TP,LONG_TP
2775,1.0,LONG_TP,LONG_TP
2776,1.0,LONG_TP,LONG_TP
2777,-1.0,SHORT_TP,SHORT_TP
2778,1.0,LONG_TP,LONG_TP
2779,1.0,LONG_TP,LONG_TP
2780,1.0,LONG_TP,LONG_TP
2781,1.0,LONG_TP,LONG_TP
2782,1.0,LONG_TP,LONG_TP
2783,1.0,LONG_TP,LONG_TP
2784,1.0,LONG_TP,LONG_TP
2785,1.0,LONG_TP,LONG_TP
2786,1.0,LONG_TP,LONG_TP
2787,1.0,LONG_TP,LONG_TP
2788,1.0,LONG_TP,LONG_TP
2789,1.0,LONG_TP,LONG_TP
2790,1.0,LONG_TP,LONG_TP
2791,1.0,LONG_TP,LONG_TP
2792,1.0,LONG_TP,LONG_TP
2793,1.0,LONG_TP,LONG_TP
2794,1.0,LONG_TP,LONG_TP
2795,1.0,LONG_TP,LONG_TP
2796,1.0,LONG_TP,LONG_TP
2797,1.0,LONG_TP,LONG_TP
2798,1.0,LONG_TP,LONG_TP
2799,1.0,LONG_TP,LONG_TP
2800,1.0,LONG_TP,LONG_TP
2801,1.0,LONG_TP,LONG_TP
2802,1.0,LONG_TP,LONG_TP
2803,1.0,LONG_TP,LONG_TP
2804,-1.0,SHORT_TP,SHORT_TP
2805,-1.0,SHORT_TP,SHORT_TP
2806,-1.0,SHORT_TP,SHORT_TP
2807,-1.0,SHORT_TP,SHORT_TP
2808,1.0,LONG_TP,LONG_TP
2809,1.0,LONG_TP,LONG_TP
2810,1.0,LONG_TP,LONG_TP
2811,1.0,LONG_TP,LONG_TP
2812,-1.0,SHORT_TP,SHORT_TP
2813,-1.0,SHORT_TP,SHORT_TP
2814,1.0,LONG_TP,LONG_TP
2815,1.0,LONG_TP,LONG_TP
2816,1.0,LONG_TP,LONG_TP
2817,1.0,LONG_TP,LONG_TP
2818,1.0,LONG_TP,LONG_TP
2819,1.0,LONG_TP,LONG_TP
2820,1.0,LONG_TP,LONG_TP
2821,-1.0,SHORT_TP,SHORT_TP
2822,-1.0,SHORT_TP,SHORT_TP
2823,-1.0,SHORT_TP,SHORT_TP
2824,-1.0,SHORT_TP,SHORT_TP
2825,-1.0,SHORT_TP,SHORT_TP
2826,-1.0,SHORT_TP,SHORT_TP
2827,1.0,LONG_TP,LONG_TP
2828,1.0,LONG_TP,LONG_TP
2829,1.0,LONG_TP,LONG_TP
2830,1.0,LONG_TP,LONG_TP
2831,1.0,LONG_TP,LONG_TP
2832,1.0,LONG_TP,LONG_TP
2833,1.0,LONG_TP,LONG_TP
2834,1.0,LONG_TP,LONG_TP
2835,1.0,LONG_TP,LONG_TP
2836,1.0,LONG_TP,LONG_TP
2837,1.0,LONG_TP,LONG_TP
2838,1.0,LONG_TP,LONG_TP
2839,1.0,LONG_TP,LONG_TP
2840,1.0,LONG_TP,LONG_TP
2841,1.0,LONG_TP,LONG_TP
2842,1.0,LONG_TP,LONG_TP
2843,1.0,LONG_TP,LONG_TP
2844,1.0,LONG_TP,LONG_TP
2845,1.0,LONG_TP,LONG_TP
2846,-1.0,SHORT_TP,SHORT_TP
2847,-1.0,SHORT_TP,SHORT_TP
2848,-1.0,SHORT_TP,SHORT_TP
2849,-1.0,SHORT_TP,SHORT_TP
2850,-1.0,SHORT_TP,SHORT_TP
2851,-1.0,SHORT_TP,SHORT_TP
2852,-1.0,SHORT_TP,SHORT_TP
2853,-1.0,SHORT_TP,SHORT_TP
2854,-1.0,SHORT_TP,SHORT_TP
2855,1.0,LONG_TP,LONG_TP
2856,1.0,LONG_TP,LONG_TP
2857,1.0,LONG_TP,LONG_TP
2858,1.0,LONG_TP,LONG_TP
2859,1.0,LONG_TP,LONG_TP
2860,1.0,LONG_TP,LONG_TP
2861,1.0,LONG_TP,LONG_TP
2862,1.0,LONG_TP,LONG_TP
2863,1.0,LONG_TP,LONG_TP
2864,1.0,LONG_TP,LONG_TP
2865,1.0,LONG_TP,LONG_TP
2866,1.0,LONG_TP,LONG_TP
2867,1.0,LONG_TP,LONG_TP
2868,-1.0,SHORT_TP,SHORT_TP
2869,1.0,LONG_TP,LONG_TP
2870,1.0,LONG_TP,LONG_TP
2871,1.0,LONG_TP,LONG_TP
2872,1.0,LONG_TP,LONG_TP
2873,1.0,LONG_TP,LONG_TP
2874,1.0,LONG_TP,LONG_TP
2875,1.0,LONG_TP,LONG_TP
2876,1.0,LONG_TP,LONG_TP
2877,1.0,LONG_TP,LONG_TP
2878,1.0,LONG_TP,LONG_TP
2879,1.0,LONG_TP,LONG_TP
2880,1.0,LONG_TP,LONG_TP
2881,1.0,LONG_TP,LONG_TP
2882,1.0,LONG_TP,LONG_TP
2883,1.0,LONG_TP,LONG_TP
2884,1.0,LONG_TP,LONG_TP
2885,1.0,LONG_TP,LONG_TP
2886,1.0,LONG_TP,LONG_TP
2887,1.0,LONG_TP,LONG_TP
2888,1.0,LONG_TP,LONG_TP
2889,1.0,LONG_TP,LONG_TP
2890,-1.0,SHORT_TP,SHORT_TP
2891,-1.0,SHORT_TP,SHORT_TP
2892,-1.0,SHORT_TP,SHORT_TP
2893,-1.0,SHORT_TP,SHORT_TP
2894,-1.0,SHORT_TP,SHORT_TP
2895,-1.0,SHORT_TP,SHORT_TP
2896,-1.0,SHORT_TP,SHORT_TP
2897,-1.0,SHORT_TP,SHORT_TP
2898,-1.0,SHORT_TP,SHORT_TP
2899,-1.0,SHORT_TP,SHORT_TP
2900,-1.0,SHORT_TP,SHORT_TP
2901,-1.0,SHORT_TP,SHORT_TP
2902,-1.0,SHORT_TP,SHORT_TP
2903,1.0,LONG_TP,LONG_TP
2904,1.0,LONG_TP,LONG_TP
2905,1.0,LONG_TP,LONG_TP
2906,1.0,LONG_TP,LONG_TP
2907,1.0,LONG_TP,LONG_TP
2908,1.0,LONG_TP,LONG_TP
2909,1.0,LONG_TP,LONG_TP
2910,1.0,LONG_TP,LONG_TP
2911,1.0,LONG_TP,LONG_TP
2912,1.0,LONG_TP,LONG_TP
2913,1.0,LONG_TP,LONG_TP
2914,1.0,LONG_TP,LONG_TP
2915,1.0,LONG_TP,LONG_TP
2916,1.0,LONG_TP,LONG_TP
2917,1.0,LONG_TP,LONG_TP
2918,1.0,LONG_TP,LONG_TP
2919,1.0,LONG_TP,LONG_TP
2920,1.0,LONG_TP,LONG_TP
2921,1.0,LONG_TP,LONG_TP
2922,1.0,LONG_TP,LONG_TP
2923,1.0,LONG_TP,LONG_TP
2924,1.0,LONG_TP,LONG_TP
2925,1.0,LONG_TP,LONG_TP
2926,-1.0,SHORT_TP,SHORT_TP
2927,-1.0,SHORT_TP,SHORT_TP
2928,-1.0,SHORT_TP,SHORT_TP
2929,-1.0,SHORT_TP,SHORT_TP
2930,-1.0,SHORT_TP,SHORT_TP
2931,-1.0,SHORT_TP,SHORT_TP
2932,-1.0,SHORT_TP,SHORT_TP
2933,-1.0,SHORT_TP,SHORT_TP
2934,-1.0,SHORT_TP,SHORT_TP
2935,-1.0,SHORT_TP,SHORT_TP
2936,-1.0,SHORT_TP,SHORT_TP
2937,-1.0,SHORT_TP,SHORT_TP
2938,-1.0,SHORT_TP,SHORT_TP
2939,1.0,LONG_TP,LONG_TP
2940,1.0,LONG_TP,LONG_TP
2941,1.0,LONG_TP,LONG_TP
2942,1.0,LONG_TP,LONG_TP
2943,1.0,LONG_TP,LONG_TP
2944,1.0,LONG_TP,LONG_TP
2945,1.0,LONG_TP,LONG_TP
2946,1.0,LONG_TP,LONG_TP
2947,1.0,LONG_TP,LONG_TP
2948,1.0,LONG_TP,LONG_TP
2949,1.0,LONG_TP,LONG_TP
2950,-1.0,SHORT_TP,SHORT_TP
2951,-1.0,SHORT_TP,SHORT_TP
2952,-1.0,SHORT_TP,SHORT_TP
2953,1.0,LONG_TP,LONG_TP
2954,1.0,LONG_TP,LONG_TP
2955,1.0,LONG_TP,LONG_TP
2956,1.0,LONG_TP,LONG_TP
2957,1.0,LONG_TP,LONG_TP
2958,1.0,LONG_TP,LONG_TP
2959,1.0,LONG_TP,LONG_TP
2960,1.0,LONG_TP,LONG_TP
2961,1.0,LONG_TP,LONG_TP
2962,1.0,LONG_TP,LONG_TP
2963,1.0,LONG_TP,LONG_TP
2964,-1.0,SHORT_TP,SHORT_TP
2965,-1.0,SHORT_TP,SHORT_TP
2966,-1.0,SHORT_TP,SHORT_TP
2967,1.0,LONG_TP,LONG_TP
2968,1.0,LONG_TP,LONG_TP
2969,1.0,LONG_TP,LONG_TP
2970,1.0,LONG_TP,LONG_TP
2971,1.0,LONG_TP,LONG_TP
2972,1.0,LONG_TP,LONG_TP
2973,1.0,LONG_TP,LONG_TP
2974,1.0,LONG_TP,LONG_TP
2975,1.0,LONG_TP,LONG_TP
2976,1.0,LONG_TP,LONG_TP
2977,1.0,LONG_TP,LONG_TP
2978,1.0,LONG_TP,LONG_TP
2979,1.0,LONG_TP,LONG_TP
2980,1.0,LONG_TP,LONG_TP
2981,1.0,LONG_TP,LONG_TP
2982,1.0,LONG_TP,LONG_TP
2983,1.0,LONG_TP,LONG_TP
2984,1.0,LONG_TP,LONG_TP
2985,1.0,LONG_TP,LONG_TP
2986,1.0,LONG_TP,LONG_TP
2987,1.0,LONG_TP,LONG_TP
2988,1.0,LONG_TP,LONG_TP
2989,1.0,LONG_TP,LONG_TP
2990,1.0,LONG_TP,LONG_TP
2991,1.0,LONG_TP,LONG_TP
2992,1.0,LONG_TP,LONG_TP
2993,1.0,LONG_TP,LONG_TP
2994,-1.0,SHORT_TP,SHORT_TP
2995,-1.0,SHORT_TP,SHORT_TP
2996,1.0,LONG_TP,LONG_TP
2997,1.0,LONG_TP,LONG_TP
2998,-1.0,SHORT_TP,SHORT_TP
2999,1.0,LONG_TP,LONG_TP
3000,-1.0,SHORT_TP,SHORT_TP
3001,-1.0,SHORT_TP,SHORT_TP
3002,-1.0,SHORT_TP,SHORT_TP
3003,-1.0,SHORT_TP,SHORT_TP
3004,-1.0,SHORT_TP,SHORT_TP
3005,-1.0,SHORT_TP,SHORT_TP
3006,-1.0,SHORT_TP,SHORT_TP
3007,1.0,LONG_TP,LONG_TP
3008,1.0,LONG_TP,LONG_TP
3009,1.0,LONG_TP,LONG_TP
3010,1.0,LONG_TP,LONG_TP
3011,1.0,LONG_TP,LONG_TP
3012,1.0,LONG_TP,LONG_TP
3013,1.0,LONG_TP,LONG_TP
3014,1.0,LONG_TP,LONG_TP
3015,1.0,LONG_TP,LONG_TP
3016,1.0,LONG_TP,LONG_TP
3017,1.0,LONG_TP,LONG_TP
3018,1.0,LONG_TP,LONG_TP
3019,1.0,LONG_TP,LONG_TP
3020,1.0,LONG_TP,LONG_TP
3021,1.0,LONG_TP,LONG_TP
3022,1.0,LONG_TP,LONG_TP
3023,-1.0,SHORT_TP,SHORT_TP
3024,-1.0,SHORT_TP,SHORT_TP
3025,-1.0,SHORT_TP,SHORT_TP
3026,-1.0,SHORT_TP,SHORT_TP
3027,-1.0,SHORT_TP,SHORT_TP
3028,-1.0,SHORT_TP,SHORT_TP
3029,-1.0,SHORT_TP,SHORT_TP
3030,-1.0,SHORT_TP,SHORT_TP
3031,-1.0,SHORT_TP,SHORT_TP
3032,1.0,LONG_TP,LONG_TP
3033,-1.0,SHORT_TP,SHORT_TP
3034,-1.0,SHORT_TP,SHORT_TP
3035,1.0,LONG_TP,LONG_TP
3036,-1.0,SHORT_TP,SHORT_TP
3037,-1.0,SHORT_TP,SHORT_TP
3038,-1.0,SHORT_TP,SHORT_TP
3039,-1.0,SHORT_TP,SHORT_TP
3040,-1.0,SHORT_TP,SHORT_TP
3041,-1.0,SHORT_TP,SHORT_TP
3042,-1.0,SHORT_TP,SHORT_TP
3043,-1.0,SHORT_TP,SHORT_TP
3044,-1.0,SHORT_TP,SHORT_TP
3045,-1.0,SHORT_TP,SHORT_TP
3046,-1.0,SHORT_TP,SHORT_TP
3047,-1.0,SHORT_TP,SHORT_TP
3048,-1.0,SHORT_TP,SHORT_TP
3049,-1.0,SHORT_TP,SHORT_TP
3050,-1.0,SHORT_TP,SHORT_TP
3051,-1.0,SHORT_TP,SHORT_TP
3052,-1.0,SHORT_TP,SHORT_TP
3053,-1.0,SHORT_TP,SHORT_TP
3054,-1.0,SHORT_TP,SHORT_TP
3055,-1.0,SHORT_TP,SHORT_TP
3056,-1.0,SHORT_TP,SHORT_TP
3057,-1.0,SHORT_TP,SHORT_TP
3058,-1.0,SHORT_TP,SHORT_TP
3059,-1.0,SHORT_TP,SHORT_TP
3060,-1.0,SHORT_TP,SHORT_TP
3061,-1.0,SHORT_TP,SHORT_TP
3062,-1.0,SHORT_TP,SHORT_TP
3063,-1.0,SHORT_TP,SHORT_TP
3064,-1.0,SHORT_TP,SHORT_TP
3065,-1.0,SHORT_TP,SHORT_TP
3066,-1.0,SHORT_TP,SHORT_TP
3067,-1.0,SHORT_TP,SHORT_TP
3068,-1.0,SHORT_TP,SHORT_TP
3069,-1.0,SHORT_TP,SHORT_TP
3070,-1.0,SHORT_TP,SHORT_TP
3071,1.0,LONG_TP,LONG_TP
3072,1.0,LONG_TP,LONG_TP
3073,1.0,LONG_TP,LONG_TP
3074,1.0,LONG_TP,LONG_TP
3075,1.0,LONG_TP,LONG_TP
3076,1.0,LONG_TP,LONG_TP
3077,1.0,LONG_TP,LONG_TP
3078,1.0,LONG_TP,LONG_TP
3079,1.0,LONG_TP,LONG_TP
3080,1.0,LONG_TP,LONG_TP
3081,1.0,LONG_TP,LONG_TP
3082,1.0,LONG_TP,LONG_TP
3083,1.0,LONG_TP,LONG_TP
3084,1.0,LONG_TP,LONG_TP
3085,1.0,LONG_TP,LONG_TP
3086,1.0,LONG_TP,LONG_TP
3087,1.0,LONG_TP,LONG_TP
3088,1.0,LONG_TP,LONG_TP
3089,-1.0,SHORT_TP,SHORT_TP
3090,-1.0,SHORT_TP,SHORT_TP
3091,-1.0,SHORT_TP,SHORT_TP
3092,-1.0,SHORT_TP,SHORT_TP
3093,-1.0,SHORT_TP,SHORT_TP
3094,-1.0,SHORT_TP,SHORT_TP
3095,-1.0,SHORT_TP,SHORT_TP
3096,-1.0,SHORT_TP,SHORT_TP
3097,1.0,LONG_TP,LONG_TP
3098,1.0,LONG_TP,LONG_TP
3099,1.0,LONG_TP,LONG_TP
3100,1.0,LONG_TP,LONG_TP
3101,1.0,LONG_TP,LONG_TP
3102,1.0,LONG_TP,LONG_TP
3103,1.0,LONG_TP,LONG_TP
3104,1.0,LONG_TP,LONG_TP
3105,1.0,LONG_TP,LONG_TP
3106,1.0,LONG_TP,LONG_TP
3107,1.0,LONG_TP,LONG_TP
3108,1.0,LONG_TP,LONG_TP
3109,1.0,LONG_TP,LONG_TP
3110,-1.0,SHORT_TP,SHORT_TP
3111,-1.0,SHORT_TP,SHORT_TP
3112,-1.0,SHORT_TP,SHORT_TP
3113,-1.0,SHORT_TP,SHORT_TP
3114,-1.0,SHORT_TP,SHORT_TP
3115,-1.0,SHORT_TP,SHORT_TP
3116,-1.0,SHORT_TP,SHORT_TP
3117,-1.0,SHORT_TP,SHORT_TP
3118,-1.0,SHORT_TP,SHORT_TP
3119,-1.0,SHORT_TP,SHORT_TP
3120,-1.0,SHORT_TP,SHORT_TP
3121,-1.0,SHORT_TP,SHORT_TP
3122,-1.0,SHORT_TP,SHORT_TP
3123,-1.0,SHORT_TP,SHORT_TP
3124,-1.0,SHORT_TP,SHORT_TP
3125,-1.0,SHORT_TP,SHORT_TP
3126,-1.0,SHORT_TP,SHORT_TP
3127,-1.0,SHORT_TP,SHORT_TP
3128,-1.0,SHORT_TP,SHORT_TP
3129,-1.0,SHORT_TP,SHORT_TP
3130,-1.0,SHORT_TP,SHORT_TP
3131,-1.0,SHORT_TP,SHORT_TP
3132,-1.0,SHORT_TP,SHORT_TP
3133,1.0,LONG_TP,LONG_TP
3134,1.0,LONG_TP,LONG_TP
3135,1.0,LONG_TP,LONG_TP
3136,-1.0,SHORT_TP,SHORT_TP
3137,-1.0,SHORT_TP,SHORT_TP
3138,-1.0,SHORT_TP,SHORT_TP
3139,-1.0,SHORT_TP,SHORT_TP
3140,-1.0,SHORT_TP,SHORT_TP
3141,-1.0,SHORT_TP,SHORT_TP
3142,-1.0,SHORT_TP,SHORT_TP
3143,-1.0,SHORT_TP,SHORT_TP
3144,-1.0,SHORT_TP,SHORT_TP
3145,-1.0,SHORT_TP,SHORT_TP
3146,-1.0,SHORT_TP,SHORT_TP
3147,-1.0,SHORT_TP,SHORT_TP
3148,-1.0,SHORT_TP,SHORT_TP
3149,-1.0,SHORT_TP,SHORT_TP
3150,-1.0,SHORT_TP,SHORT_TP
3151,-1.0,SHORT_TP,SHORT_TP
3152,-1.0,SHORT_TP,SHORT_TP
3153,-1.0,SHORT_TP,SHORT_TP
3154,-1.0,SHORT_TP,SHORT_TP
3155,-1.0,SHORT_TP,SHORT_TP
3156,-1.0,SHORT_TP,SHORT_TP
3157,-1.0,SHORT_TP,SHORT_TP
3158,-1.0,SHORT_TP,SHORT_TP
3159,-1.0,SHORT_TP,SHORT_TP
3160,1.0,LONG_TP,LONG_TP
3161,1.0,LONG_TP,LONG_TP
3162,1.0,LONG_TP,LONG_TP
3163,1.0,LONG_TP,LONG_TP
3164,1.0,LONG_TP,LONG_TP
3165,1.0,LONG_TP,LONG_TP
3166,1.0,LONG_TP,LONG_TP
3167,1.0,LONG_TP,LONG_TP
3168,1.0,LONG_TP,LONG_TP
3169,1.0,LONG_TP,LONG_TP
3170,1.0,LONG_TP,LONG_TP
3171,1.0,LONG_TP,LONG_TP
3172,1.0,LONG_TP,LONG_TP
3173,1.0,LONG_TP,LONG_TP
3174,1.0,LONG_TP,LONG_TP
3175,1.0,LONG_TP,LONG_TP
3176,1.0,LONG_TP,LONG_TP
3177,1.0,LONG_TP,LONG_TP
3178,1.0,LONG_TP,LONG_TP
3179,1.0,LONG_TP,LONG_TP
3180,1.0,LONG_TP,LONG_TP
3181,1.0,LONG_TP,LONG_TP
3182,1.0,LONG_TP,LONG_TP
3183,1.0,LONG_TP,LONG_TP
3184,1.0,LONG_TP,LONG_TP
3185,1.0,LONG_TP,LONG_TP
3186,1.0,LONG_TP,LONG_TP
3187,1.0,LONG_TP,LONG_TP
3188,1.0,LONG_TP,LONG_TP
3189,1.0,LONG_TP,LONG_TP
3190,1.0,LONG_TP,LONG_TP
3191,1.0,LONG_TP,LONG_TP
3192,1.0,LONG_TP,LONG_TP
3193,1.0,LONG_TP,LONG_TP
3194,1.0,LONG_TP,LONG_TP
3195,1.0,LONG_TP,LONG_TP
3196,1.0,LONG_TP,LONG_TP
3197,1.0,LONG_TP,LONG_TP
3198,1.0,LONG_TP,LONG_TP
3199,1.0,LONG_TP,LONG_TP
3200,1.0,LONG_TP,LONG_TP
3201,-1.0,SHORT_TP,SHORT_TP
3202,-1.0,SHORT_TP,SHORT_TP
3203,-1.0,SHORT_TP,SHORT_TP
3204,-1.0,SHORT_TP,SHORT_TP
3205,-1.0,SHORT_TP,SHORT_TP
3206,-1.0,SHORT_TP,SHORT_TP
3207,-1.0,SHORT_TP,SHORT_TP
3208,-1.0,SHORT_TP,SHORT_TP
3209,-1.0,SHORT_TP,SHORT_TP
3210,-1.0,SHORT_TP,SHORT_TP
3211,1.0,LONG_TP,LONG_TP
3212,1.0,LONG_TP,LONG_TP
3213,1.0,LONG_TP,LONG_TP
3214,1.0,LONG_TP,LONG_TP
3215,1.0,LONG_TP,LONG_TP
3216,1.0,LONG_TP,LONG_TP
3217,1.0,LONG_TP,LONG_TP
3218,1.0,LONG_TP,LONG_TP
3219,1.0,LONG_TP,LONG_TP
3220,1.0,LONG_TP,LONG_TP
3221,-1.0,SHORT_TP,SHORT_TP
3222,-1.0,SHORT_TP,SHORT_TP
3223,-1.0,SHORT_TP,SHORT_TP
3224,-1.0,SHORT_TP,SHORT_TP
3225,-1.0,SHORT_TP,SHORT_TP
3226,-1.0,SHORT_TP,SHORT_TP
3227,-1.0,SHORT_TP,SHORT_TP
3228,-1.0,SHORT_TP,SHORT_TP
3229,-1.0,SHORT_TP,SHORT_TP
3230,-1.0,SHORT_TP,SHORT_TP
3231,-1.0,SHORT_TP,SHORT_TP
3232,-1.0,SHORT_TP,SHORT_TP
3233,-1.0,SHORT_TP,SHORT_TP
3234,-1.0,SHORT_TP,SHORT_TP
3235,-1.0,SHORT_TP,SHORT_TP
3236,-1.0,SHORT_TP,SHORT_TP
3237,-1.0,SHORT_TP,SHORT_TP
3238,-1.0,SHORT_TP,SHORT_TP
3239,-1.0,SHORT_TP,SHORT_TP
3240,-1.0,SHORT_TP,SHORT_TP
3241,-1.0,SHORT_TP,SHORT_TP
3242,1.0,LONG_TP,LONG_TP
3243,1.0,LONG_TP,LONG_TP
3244,1.0,LONG_TP,LONG_TP
3245,1.0,LONG_TP,LONG_TP
3246,1.0,LONG_TP,LONG_TP
3247,1.0,LONG_TP,LONG_TP
3248,1.0,LONG_TP,LONG_TP
3249,1.0,LONG_TP,LONG_TP
3250,1.0,LONG_TP,LONG_TP
3251,1.0,LONG_TP,LONG_TP
3252,1.0,LONG_TP,LONG_TP
3253,1.0,LONG_TP,LONG_TP
3254,1.0,LONG_TP,LONG_TP
3255,1.0,LONG_TP,LONG_TP
3256,1.0,LONG_TP,LONG_TP
3257,1.0,LONG_TP,LONG_TP
3258,1.0,LONG_TP,LONG_TP
3259,1.0,LONG_TP,LONG_TP
3260,1.0,LONG_TP,LONG_TP
3261,1.0,LONG_TP,LONG_TP
3262,1.0,LONG_TP,LONG_TP
3263,1.0,LONG_TP,LONG_TP
3264,1.0,LONG_TP,LONG_TP
3265,1.0,LONG_TP,LONG_TP
3266,1.0,LONG_TP,LONG_TP
3267,1.0,LONG_TP,LONG_TP
3268,1.0,LONG_TP,LONG_TP
3269,-1.0,SHORT_TP,SHORT_TP
3270,-1.0,SHORT_TP,SHORT_TP
3271,-1.0,SHORT_TP,SHORT_TP
3272,-1.0,SHORT_TP,SHORT_TP
3273,-1.0,SHORT_TP,SHORT_TP
3274,-1.0,SHORT_TP,SHORT_TP
3275,-1.0,SHORT_TP,SHORT_TP
3276,-1.0,SHORT_TP,SHORT_TP
3277,-1.0,SHORT_TP,SHORT_TP
3278,-1.0,SHORT_TP,SHORT_TP
3279,-1.0,SHORT_TP,SHORT_TP
3280,-1.0,SHORT_TP,SHORT_TP
3281,-1.0,SHORT_TP,SHORT_TP
3282,-1.0,SHORT_TP,SHORT_TP
3283,-1.0,SHORT_TP,SHORT_TP
3284,-1.0,SHORT_TP,SHORT_TP
3285,1.0,LONG_TP,LONG_TP
3286,1.0,LONG_TP,LONG_TP
3287,-1.0,SHORT_TP,SHORT_TP
3288,-1.0,SHORT_TP,SHORT_TP
3289,-1.0,SHORT_TP,SHORT_TP
3290,1.0,LONG_TP,LONG_TP
3291,1.0,LONG_TP,LONG_TP
3292,1.0,LONG_TP,LONG_TP
3293,1.0,LONG_TP,LONG_TP
3294,1.0,LONG_TP,LONG_TP
3295,1.0,LONG_TP,LONG_TP
3296,1.0,LONG_TP,LONG_TP
3297,1.0,LONG_TP,LONG_TP
3298,1.0,LONG_TP,LONG_TP
3299,1.0,LONG_TP,LONG_TP
3300,1.0,LONG_TP,LONG_TP
3301,1.0,LONG_TP,LONG_TP
3302,1.0,LONG_TP,LONG_TP
3303,1.0,LONG_TP,LONG_TP
3304,1.0,LONG_TP,LONG_TP
3305,1.0,LONG_TP,LONG_TP
3306,1.0,LONG_TP,LONG_TP
3307,1.0,LONG_TP,LONG_TP
3308,-1.0,SHORT_TP,SHORT_TP
3309,-1.0,SHORT_TP,SHORT_TP
3310,-1.0,SHORT_TP,SHORT_TP
3311,-1.0,SHORT_TP,SHORT_TP
3312,-1.0,SHORT_TP,SHORT_TP
3313,-1.0,SHORT_TP,SHORT_TP
3314,-1.0,SHORT_TP,SHORT_TP
3315,-1.0,SHORT_TP,SHORT_TP
3316,-1.0,SHORT_TP,SHORT_TP
3317,-1.0,SHORT_TP,SHORT_TP
3318,1.0,LONG_TP,LONG_TP
3319,1.0,LONG_TP,LONG_TP
3320,1.0,LONG_TP,LONG_TP
3321,1.0,LONG_TP,LONG_TP
3322,1.0,LONG_TP,LONG_TP
3323,1.0,LONG_TP,LONG_TP
3324,1.0,LONG_TP,LONG_TP
3325,1.0,LONG_TP,LONG_TP
3326,1.0,LONG_TP,LONG_TP
3327,1.0,LONG_TP,LONG_TP
3328,-1.0,SHORT_TP,SHORT_TP
3329,-1.0,SHORT_TP,SHORT_TP
3330,-1.0,SHORT_TP,SHORT_TP
3331,-1.0,SHORT_TP,SHORT_TP
3332,-1.0,SHORT_TP,SHORT_TP
3333,-1.0,SHORT_TP,SHORT_TP
3334,-1.0,SHORT_TP,SHORT_TP
3335,-1.0,SHORT_TP,SHORT_TP
3336,-1.0,SHORT_TP,SHORT_TP
3337,-1.0,SHORT_TP,SHORT_TP
3338,-1.0,SHORT_TP,SHORT_TP
3339,-1.0,SHORT_TP,SHORT_TP
3340,1.0,LONG_TP,LONG_TP
3341,1.0,LONG_TP,LONG_TP
3342,-1.0,SHORT_TP,SHORT_TP
3343,-1.0,SHORT_TP,SHORT_TP
3344,1.0,LONG_TP,LONG_TP
3345,1.0,LONG_TP,LONG_TP
3346,1.0,LONG_TP,LONG_TP
3347,1.0,LONG_TP,LONG_TP
3348,1.0,LONG_TP,LONG_TP
3349,1.0,LONG_TP,LONG_TP
3350,1.0,LONG_TP,LONG_TP
3351,1.0,LONG_TP,LONG_TP
3352,1.0,LONG_TP,LONG_TP
3353,1.0,LONG_TP,LONG_TP
3354,1.0,LONG_TP,LONG_TP
3355,1.0,LONG_TP,LONG_TP
3356,1.0,LONG_TP,LONG_TP
3357,1.0,LONG_TP,LONG_TP
3358,1.0,LONG_TP,LONG_TP
3359,1.0,LONG_TP,LONG_TP
3360,1.0,LONG_TP,LONG_TP
3361,1.0,LONG_TP,LONG_TP
3362,1.0,LONG_TP,LONG_TP
3363,1.0,LONG_TP,LONG_TP
3364,1.0,LONG_TP,LONG_TP
3365,1.0,LONG_TP,LONG_TP
3366,1.0,LONG_TP,LONG_TP
3367,1.0,LONG_TP,LONG_TP
3368,1.0,LONG_TP,LONG_TP
3369,1.0,LONG_TP,LONG_TP
3370,1.0,LONG_TP,LONG_TP
3371,1.0,LONG_TP,LONG_TP
3372,1.0,LONG_TP,LONG_TP
3373,1.0,LONG_TP,LONG_TP
3374,1.0,LONG_TP,LONG_TP
3375,1.0,LONG_TP,LONG_TP
3376,1.0,LONG_TP,LONG_TP
3377,1.0,LONG_TP,LONG_TP
3378,-1.0,SHORT_TP,SHORT_TP
3379,-1.0,SHORT_TP,SHORT_TP
3380,-1.0,SHORT_TP,SHORT_TP
3381,-1.0,SHORT_TP,SHORT_TP
3382,-1.0,SHORT_TP,SHORT_TP
3383,-1.0,SHORT_TP,SHORT_TP
3384,-1.0,SHORT_TP,SHORT_TP
3385,-1.0,SHORT_TP,SHORT_TP
3386,-1.0,SHORT_TP,SHORT_TP
3387,-1.0,SHORT_TP,SHORT_TP
3388,-1.0,SHORT_TP,SHORT_TP
3389,-1.0,SHORT_TP,SHORT_TP
3390,-1.0,SHORT_TP,SHORT_TP
3391,-1.0,SHORT_TP,SHORT_TP
3392,-1.0,SHORT_TP,SHORT_TP
3393,-1.0,SHORT_TP,SHORT_TP
3394,-1.0,SHORT_TP,SHORT_TP
3395,-1.0,SHORT_TP,SHORT_TP
3396,-1.0,SHORT_TP,SHORT_TP
3397,-1.0,SHORT_TP,SHORT_TP
3398,-1.0,SHORT_TP,SHORT_TP
3399,-1.0,SHORT_TP,SHORT_TP
3400,-1.0,SHORT_TP,SHORT_TP
3401,-1.0,SHORT_TP,SHORT_TP
3402,-1.0,SHORT_TP,SHORT_TP
3403,-1.0,SHORT_TP,SHORT_TP
3404,1.0,LONG_TP,LONG_TP
3405,1.0,LONG_TP,LONG_TP
3406,1.0,LONG_TP,LONG_TP
3407,1.0,LONG_TP,LONG_TP
3408,1.0,LONG_TP,LONG_TP
3409,1.0,LONG_TP,LONG_TP
3410,1.0,LONG_TP,LONG_TP
3411,1.0,LONG_TP,LONG_TP
3412,1.0,LONG_TP,LONG_TP
3413,1.0,LONG_TP,LONG_TP
3414,1.0,LONG_TP,LONG_TP
3415,1.0,LONG_TP,LONG_TP
3416,1.0,LONG_TP,LONG_TP
3417,1.0,LONG_TP,LONG_TP
3418,1.0,LONG_TP,LONG_TP
3419,1.0,LONG_TP,LONG_TP
3420,1.0,LONG_TP,LONG_TP
3421,1.0,LONG_TP,LONG_TP
3422,-1.0,SHORT_TP,SHORT_TP
3423,-1.0,SHORT_TP,SHORT_TP
3424,-1.0,SHORT_TP,SHORT_TP
3425,-1.0,SHORT_TP,SHORT_TP
3426,1.0,LONG_TP,LONG_TP
3427,1.0,LONG_TP,LONG_TP
3428,1.0,LONG_TP,LONG_TP
3429,1.0,LONG_TP,LONG_TP
3430,1.0,LONG_TP,LONG_TP
3431,1.0,LONG_TP,LONG_TP
3432,1.0,LONG_TP,LONG_TP
3433,1.0,LONG_TP,LONG_TP
3434,1.0,LONG_TP,LONG_TP
3435,1.0,LONG_TP,LONG_TP
3436,1.0,LONG_TP,LONG_TP
3437,-1.0,SHORT_TP,SHORT_TP
3438,-1.0,SHORT_TP,SHORT_TP
3439,-1.0,SHORT_TP,SHORT_TP
3440,-1.0,SHORT_TP,SHORT_TP
3441,-1.0,SHORT_TP,SHORT_TP
3442,-1.0,SHORT_TP,SHORT_TP
3443,-1.0,SHORT_TP,SHORT_TP
3444,-1.0,SHORT_TP,SHORT_TP
3445,-1.0,SHORT_TP,SHORT_TP
3446,-1.0,SHORT_TP,SHORT_TP
3447,-1.0,SHORT_TP,SHORT_TP
3448,-1.0,SHORT_TP,SHORT_TP
3449,-1.0,SHORT_TP,SHORT_TP
3450,-1.0,SHORT_TP,SHORT_TP
3451,-1.0,SHORT_TP,SHORT_TP
3452,-1.0,SHORT_TP,SHORT_TP
3453,-1.0,SHORT_TP,SHORT_TP
3454,-1.0,SHORT_TP,SHORT_TP
3455,-1.0,SHORT_TP,SHORT_TP
3456,-1.0,SHORT_TP,SHORT_TP
3457,-1.0,SHORT_TP,SHORT_TP
3458,-1.0,SHORT_TP,SHORT_TP
3459,-1.0,SHORT_TP,SHORT_TP
3460,-1.0,SHORT_TP,SHORT_TP
3461,-1.0,SHORT_TP,SHORT_TP
3462,1.0,LONG_TP,LONG_TP
3463,1.0,LONG_TP,LONG_TP
3464,-1.0,SHORT_TP,SHORT_TP
3465,-1.0,SHORT_TP,SHORT_TP
3466,-1.0,SHORT_TP,SHORT_TP
3467,1.0,LONG_TP,LONG_TP
3468,1.0,LONG_TP,LONG_TP
3469,-1.0,SHORT_TP,SHORT_TP
3470,1.0,LONG_TP,LONG_TP
3471,1.0,LONG_TP,LONG_TP
3472,1.0,LONG_TP,LONG_TP
3473,1.0,LONG_TP,LONG_TP
3474,1.0,LONG_TP,LONG_TP
3475,1.0,LONG_TP,LONG_TP
3476,1.0,LONG_TP,LONG_TP
3477,1.0,LONG_TP,LONG_TP
3478,1.0,LONG_TP,LONG_TP
3479,1.0,LONG_TP,LONG_TP
3480,1.0,LONG_TP,LONG_TP
3481,1.0,LONG_TP,LONG_TP
3482,1.0,LONG_TP,LONG_TP
3483,1.0,LONG_TP,LONG_TP
3484,1.0,LONG_TP,LONG_TP
3485,1.0,LONG_TP,LONG_TP
3486,1.0,LONG_TP,LONG_TP
3487,1.0,LONG_TP,LONG_TP
3488,-1.0,SHORT_TP,SHORT_TP
3489,-1.0,SHORT_TP,SHORT_TP
3490,-1.0,SHORT_TP,SHORT_TP
3491,-1.0,SHORT_TP,SHORT_TP
3492,-1.0,SHORT_TP,SHORT_TP
3493,-1.0,SHORT_TP,SHORT_TP
3494,-1.0,SHORT_TP,SHORT_TP
3495,-1.0,SHORT_TP,SHORT_TP
3496,-1.0,SHORT_TP,SHORT_TP
3497,-1.0,SHORT_TP,SHORT_TP
3498,-1.0,SHORT_TP,SHORT_TP
3499,-1.0,SHORT_TP,SHORT_TP
3500,-1.0,SHORT_TP,SHORT_TP
3501,-1.0,SHORT_TP,SHORT_TP
3502,1.0,LONG_TP,LONG_TP
3503,1.0,LONG_TP,LONG_TP
3504,-1.0,SHORT_TP,SHORT_TP
3505,-1.0,SHORT_TP,SHORT_TP
3506,-1.0,SHORT_TP,SHORT_TP
3507,-1.0,SHORT_TP,SHORT_TP
3508,-1.0,SHORT_TP,SHORT_TP
3509,-1.0,SHORT_TP,SHORT_TP
3510,-1.0,SHORT_TP,SHORT_TP
3511,-1.0,SHORT_TP,SHORT_TP
3512,-1.0,SHORT_TP,SHORT_TP
3513,1.0,LONG_TP,LONG_TP
3514,1.0,LONG_TP,LONG_TP
3515,1.0,LONG_TP,LONG_TP
3516,1.0,LONG_TP,LONG_TP
3517,1.0,LONG_TP,LONG_TP
3518,-1.0,SHORT_TP,SHORT_TP
3519,-1.0,SHORT_TP,SHORT_TP
3520,-1.0,SHORT_TP,SHORT_TP
3521,-1.0,SHORT_TP,SHORT_TP
3522,-1.0,SHORT_TP,SHORT_TP
3523,1.0,LONG_TP,LONG_TP
3524,1.0,LONG_TP,LONG_TP
3525,-1.0,SHORT_TP,SHORT_TP
3526,-1.0,SHORT_TP,SHORT_TP
3527,-1.0,SHORT_TP,SHORT_TP
3528,-1.0,SHORT_TP,SHORT_TP
3529,-1.0,SHORT_TP,SHORT_TP
3530,1.0,LONG_TP,LONG_TP
3531,1.0,LONG_TP,LONG_TP
3532,1.0,LONG_TP,LONG_TP
3533,1.0,LONG_TP,LONG_TP
3534,1.0,LONG_TP,LONG_TP
3535,1.0,LONG_TP,LONG_TP
3536,1.0,LONG_TP,LONG_TP
3537,1.0,LONG_TP,LONG_TP
3538,1.0,LONG_TP,LONG_TP
3539,-1.0,SHORT_TP,SHORT_TP
3540,-1.0,SHORT_TP,SHORT_TP
3541,-1.0,SHORT_TP,SHORT_TP
3542,-1.0,SHORT_TP,SHORT_TP
3543,-1.0,SHORT_TP,SHORT_TP
3544,-1.0,SHORT_TP,SHORT_TP
3545,-1.0,SHORT_TP,SHORT_TP
3546,-1.0,SHORT_TP,SHORT_TP
3547,-1.0,SHORT_TP,SHORT_TP
3548,-1.0,SHORT_TP,SHORT_TP
3549,-1.0,SHORT_TP,SHORT_TP
3550,-1.0,SHORT_TP,SHORT_TP
3551,-1.0,SHORT_TP,SHORT_TP
3552,-1.0,SHORT_TP,SHORT_TP
3553,-1.0,SHORT_TP,SHORT_TP
3554,-1.0,SHORT_TP,SHORT_TP
3555,-1.0,SHORT_TP,SHORT_TP
3556,-1.0,SHORT_TP,SHORT_TP
3557,-1.0,SHORT_TP,SHORT_TP
3558,-1.0,SHORT_TP,SHORT_TP
3559,-1.0,SHORT_TP,SHORT_TP
3560,-1.0,SHORT_TP,SHORT_TP
3561,-1.0,SHORT_TP,SHORT_TP
3562,-1.0,SHORT_TP,SHORT_TP
3563,-1.0,SHORT_TP,SHORT_TP
3564,-1.0,SHORT_TP,SHORT_TP
3565,-1.0,SHORT_TP,SHORT_TP
3566,-1.0,SHORT_TP,SHORT_TP
3567,-1.0,SHORT_TP,SHORT_TP
3568,-1.0,SHORT_TP,SHORT_TP
3569,-1.0,SHORT_TP,SHORT_TP
3570,-1.0,SHORT_TP,SHORT_TP
3571,1.0,LONG_TP,LONG_TP
3572,1.0,LONG_TP,LONG_TP
3573,1.0,LONG_TP,LONG_TP
3574,1.0,LONG_TP,LONG_TP
3575,1.0,LONG_TP,LONG_TP
3576,1.0,LONG_TP,LONG_TP
3577,1.0,LONG_TP,LONG_TP
3578,1.0,LONG_TP,LONG_TP
3579,-1.0,SHORT_TP,SHORT_TP
3580,-1.0,SHORT_TP,SHORT_TP
3581,-1.0,SHORT_TP,SHORT_TP
3582,-1.0,SHORT_TP,SHORT_TP
3583,-1.0,SHORT_TP,SHORT_TP
3584,-1.0,SHORT_TP,SHORT_TP
3585,-1.0,SHORT_TP,SHORT_TP
3586,-1.0,SHORT_TP,SHORT_TP
3587,-1.0,SHORT_TP,SHORT_TP
3588,-1.0,SHORT_TP,SHORT_TP
3589,-1.0,SHORT_TP,SHORT_TP
3590,-1.0,SHORT_TP,SHORT_TP
3591,-1.0,SHORT_TP,SHORT_TP
3592,1.0,LONG_TP,LONG_TP
3593,-1.0,SHORT_TP,SHORT_TP
3594,-1.0,SHORT_TP,SHORT_TP
3595,-1.0,SHORT_TP,SHORT_TP
3596,-1.0,SHORT_TP,SHORT_TP
3597,-1.0,SHORT_TP,SHORT_TP
3598,1.0,LONG_TP,LONG_TP
3599,1.0,LONG_TP,LONG_TP
3600,1.0,LONG_TP,LONG_TP
3601,1.0,LONG_TP,LONG_TP
3602,-1.0,SHORT_TP,SHORT_TP
3603,-1.0,SHORT_TP,SHORT_TP
3604,-1.0,SHORT_TP,SHORT_TP
3605,-1.0,SHORT_TP,SHORT_TP
3606,-1.0,SHORT_TP,SHORT_TP
3607,-1.0,SHORT_TP,SHORT_TP
3608,-1.0,SHORT_TP,SHORT_TP
3609,-1.0,SHORT_TP,SHORT_TP
3610,-1.0,SHORT_TP,SHORT_TP
3611,-1.0,SHORT_TP,SHORT_TP
3612,-1.0,SHORT_TP,SHORT_TP
3613,-1.0,SHORT_TP,SHORT_TP
3614,1.0,LONG_TP,LONG_TP
3615,1.0,LONG_TP,LONG_TP
3616,-1.0,SHORT_TP,SHORT_TP
3617,-1.0,SHORT_TP,SHORT_TP
3618,-1.0,SHORT_TP,SHORT_TP
3619,-1.0,SHORT_TP,SHORT_TP
3620,-1.0,SHORT_TP,SHORT_TP
3621,-1.0,SHORT_TP,SHORT_TP
3622,-1.0,SHORT_TP,SHORT_TP
3623,-1.0,SHORT_TP,SHORT_TP
3624,-1.0,SHORT_TP,SHORT_TP
3625,-1.0,SHORT_TP,SHORT_TP
3626,-1.0,SHORT_TP,SHORT_TP
3627,1.0,LONG_TP,LONG_TP
3628,-1.0,SHORT_TP,SHORT_TP
3629,-1.0,SHORT_TP,SHORT_TP
3630,1.0,LONG_TP,LONG_TP
3631,1.0,LONG_TP,LONG_TP
3632,1.0,LONG_TP,LONG_TP
3633,1.0,LONG_TP,LONG_TP
3634,1.0,LONG_TP,LONG_TP
3635,1.0,LONG_TP,LONG_TP
3636,1.0,LONG_TP,LONG_TP
3637,-1.0,SHORT_TP,SHORT_TP
3638,-1.0,SHORT_TP,SHORT_TP
3639,1.0,LONG_TP,LONG_TP
3640,1.0,LONG_TP,LONG_TP
3641,1.0,LONG_TP,LONG_TP
3642,1.0,LONG_TP,LONG_TP
3643,1.0,LONG_TP,LONG_TP
3644,1.0,LONG_TP,LONG_TP
3645,1.0,LONG_TP,LONG_TP
3646,1.0,LONG_TP,LONG_TP
3647,1.0,LONG_TP,LONG_TP
3648,1.0,LONG_TP,LONG_TP
3649,1.0,LONG_TP,LONG_TP
3650,1.0,LONG_TP,LONG_TP
3651,1.0,LONG_TP,LONG_TP
3652,1.0,LONG_TP,LONG_TP
3653,1.0,LONG_TP,LONG_TP
3654,-1.0,SHORT_TP,SHORT_TP
3655,-1.0,SHORT_TP,SHORT_TP
3656,-1.0,SHORT_TP,SHORT_TP
3657,-1.0,SHORT_TP,SHORT_TP
3658,-1.0,SHORT_TP,SHORT_TP
3659,-1.0,SHORT_TP,SHORT_TP
3660,-1.0,SHORT_TP,SHORT_TP
3661,-1.0,SHORT_TP,SHORT_TP
3662,-1.0,SHORT_TP,SHORT_TP
3663,-1.0,SHORT_TP,SHORT_TP
3664,-1.0,SHORT_TP,SHORT_TP
3665,-1.0,SHORT_TP,SHORT_TP
3666,-1.0,SHORT_TP,SHORT_TP
3667,-1.0,SHORT_TP,SHORT_TP
3668,-1.0,SHORT_TP,SHORT_TP
3669,-1.0,SHORT_TP,SHORT_TP
3670,-1.0,SHORT_TP,SHORT_TP
3671,-1.0,SHORT_TP,SHORT_TP
3672,-1.0,SHORT_TP,SHORT_TP
3673,-1.0,SHORT_TP,SHORT_TP
3674,-1.0,SHORT_TP,SHORT_TP
3675,-1.0,SHORT_TP,SHORT_TP
3676,-1.0,SHORT_TP,SHORT_TP
3677,-1.0,SHORT_TP,SHORT_TP
3678,-1.0,SHORT_TP,SHORT_TP
3679,-1.0,SHORT_TP,SHORT_TP
3680,1.0,LONG_TP,LONG_TP
3681,1.0,LONG_TP,LONG_TP
3682,1.0,LONG_TP,LONG_TP
3683,1.0,LONG_TP,LONG_TP
3684,1.0,LONG_TP,LONG_TP
3685,1.0,LONG_TP,LONG_TP
3686,1.0,LONG_TP,LONG_TP
3687,1.0,LONG_TP,LONG_TP
3688,1.0,LONG_TP,LONG_TP
3689,1.0,LONG_TP,LONG_TP
3690,1.0,LONG_TP,LONG_TP
3691,1.0,LONG_TP,LONG_TP
3692,1.0,LONG_TP,LONG_TP
3693,1.0,LONG_TP,LONG_TP
3694,1.0,LONG_TP,LONG_TP
3695,1.0,LONG_TP,LONG_TP
3696,1.0,LONG_TP,LONG_TP
3697,1.0,LONG_TP,LONG_TP
3698,1.0,LONG_TP,LONG_TP
3699,1.0,LONG_TP,LONG_TP
3700,1.0,LONG_TP,LONG_TP
3701,1.0,LONG_TP,LONG_TP
3702,1.0,LONG_TP,LONG_TP
3703,1.0,LONG_TP,LONG_TP
3704,1.0,LONG_TP,LONG_TP
3705,1.0,LONG_TP,LONG_TP
3706,1.0,LONG_TP,LONG_TP
3707,1.0,LONG_TP,LONG_TP
3708,1.0,LONG_TP,LONG_TP
3709,-1.0,SHORT_TP,SHORT_TP
3710,-1.0,SHORT_TP,SHORT_TP
3711,-1.0,SHORT_TP,SHORT_TP
3712,-1.0,SHORT_TP,SHORT_TP
3713,-1.0,SHORT_TP,SHORT_TP
3714,-1.0,SHORT_TP,SHORT_TP
3715,-1.0,SHORT_TP,SHORT_TP
3716,-1.0,SHORT_TP,SHORT_TP
3717,-1.0,SHORT_TP,SHORT_TP
3718,-1.0,SHORT_TP,SHORT_TP
3719,-1.0,SHORT_TP,SHORT_TP
3720,-1.0,SHORT_TP,SHORT_TP
3721,-1.0,SHORT_TP,SHORT_TP
3722,-1.0,SHORT_TP,SHORT_TP
3723,-1.0,SHORT_TP,SHORT_TP
3724,-1.0,SHORT_TP,SHORT_TP
3725,-1.0,SHORT_TP,SHORT_TP
3726,-1.0,SHORT_TP,SHORT_TP
3727,-1.0,SHORT_TP,SHORT_TP
3728,-1.0,SHORT_TP,SHORT_TP
3729,-1.0,SHORT_TP,SHORT_TP
3730,-1.0,SHORT_TP,SHORT_TP
3731,-1.0,SHORT_TP,SHORT_TP
3732,-1.0,SHORT_TP,SHORT_TP
3733,-1.0,SHORT_TP,SHORT_TP
3734,-1.0,SHORT_TP,SHORT_TP
3735,-1.0,SHORT_TP,SHORT_TP
3736,-1.0,SHORT_TP,SHORT_TP
3737,-1.0,SHORT_TP,SHORT_TP
3738,-1.0,SHORT_TP,SHORT_TP
3739,1.0,LONG_TP,LONG_TP
3740,1.0,LONG_TP,LONG_TP
3741,1.0,LONG_TP,LONG_TP
3742,1.0,LONG_TP,LONG_TP
3743,1.0,LONG_TP,LONG_TP
3744,1.0,LONG_TP,LONG_TP
3745,1.0,LONG_TP,LONG_TP
3746,-1.0,SHORT_TP,SHORT_TP
3747,1.0,LONG_TP,LONG_TP
3748,-1.0,SHORT_TP,SHORT_TP
3749,-1.0,SHORT_TP,SHORT_TP
3750,-1.0,SHORT_TP,SHORT_TP
3751,-1.0,SHORT_TP,SHORT_TP
3752,-1.0,SHORT_TP,SHORT_TP
3753,1.0,LONG_TP,LONG_TP
3754,1.0,LONG_TP,LONG_TP
3755,-1.0,SHORT_TP,SHORT_TP
3756,-1.0,SHORT_TP,SHORT_TP
3757,-1.0,SHORT_TP,SHORT_TP
3758,-1.0,SHORT_TP,SHORT_TP
3759,-1.0,SHORT_TP,SHORT_TP
3760,-1.0,SHORT_TP,SHORT_TP
3761,-1.0,SHORT_TP,SHORT_TP
3762,1.0,LONG_TP,LONG_TP
3763,1.0,LONG_TP,LONG_TP
3764,1.0,LONG_TP,LONG_TP
3765,1.0,LONG_TP,LONG_TP
3766,1.0,LONG_TP,LONG_TP
3767,-1.0,SHORT_TP,SHORT_TP
3768,-1.0,SHORT_TP,SHORT_TP
3769,-1.0,SHORT_TP,SHORT_TP
3770,-1.0,SHORT_TP,SHORT_TP
3771,-1.0,SHORT_TP,SHORT_TP
3772,-1.0,SHORT_TP,SHORT_TP
3773,-1.0,SHORT_TP,SHORT_TP
3774,-1.0,SHORT_TP,SHORT_TP
3775,-1.0,SHORT_TP,SHORT_TP
3776,-1.0,SHORT_TP,SHORT_TP
3777,-1.0,SHORT_TP,SHORT_TP
3778,-1.0,SHORT_TP,SHORT_TP
3779,-1.0,SHORT_TP,SHORT_TP
3780,-1.0,SHORT_TP,SHORT_TP
3781,-1.0,SHORT_TP,SHORT_TP
3782,-1.0,SHORT_TP,SHORT_TP
3783,-1.0,SHORT_TP,SHORT_TP
3784,-1.0,SHORT_TP,SHORT_TP
3785,-1.0,SHORT_TP,SHORT_TP
3786,-1.0,SHORT_TP,SHORT_TP
3787,-1.0,SHORT_TP,SHORT_TP
3788,-1.0,SHORT_TP,SHORT_TP
3789,-1.0,SHORT_TP,SHORT_TP
3790,-1.0,SHORT_TP,SHORT_TP
3791,-1.0,SHORT_TP,SHORT_TP
3792,-1.0,SHORT_TP,SHORT_TP
3793,-1.0,SHORT_TP,SHORT_TP
3794,-1.0,SHORT_TP,SHORT_TP
3795,-1.0,SHORT_TP,SHORT_TP
3796,-1.0,SHORT_TP,SHORT_TP
3797,-1.0,SHORT_TP,SHORT_TP
3798,1.0,LONG_TP,LONG_TP
3799,1.0,LONG_TP,LONG_TP
3800,1.0,LONG_TP,LONG_TP
3801,1.0,LONG_TP,LONG_TP
3802,1.0,LONG_TP,LONG_TP
3803,-1.0,SHORT_TP,SHORT_TP
3804,1.0,LONG_TP,LONG_TP
3805,1.0,LONG_TP,LONG_TP
3806,1.0,LONG_TP,LONG_TP
3807,1.0,LONG_TP,LONG_TP
3808,-1.0,SHORT_TP,SHORT_TP
3809,-1.0,SHORT_TP,SHORT_TP
3810,-1.0,SHORT_TP,SHORT_TP
3811,-1.0,SHORT_TP,SHORT_TP
3812,-1.0,SHORT_TP,SHORT_TP
3813,-1.0,SHORT_TP,SHORT_TP
3814,1.0,LONG_TP,LONG_TP
3815,-1.0,SHORT_TP,SHORT_TP
3816,-1.0,SHORT_TP,SHORT_TP
3817,1.0,LONG_TP,LONG_TP
3818,1.0,LONG_TP,LONG_TP
3819,1.0,LONG_TP,LONG_TP
3820,1.0,LONG_TP,LONG_TP
3821,1.0,LONG_TP,LONG_TP
3822,1.0,LONG_TP,LONG_TP
3823,1.0,LONG_TP,LONG_TP
3824,1.0,LONG_TP,LONG_TP
3825,1.0,LONG_TP,LONG_TP
3826,1.0,LONG_TP,LONG_TP
3827,1.0,LONG_TP,LONG_TP
3828,1.0,LONG_TP,LONG_TP
3829,1.0,LONG_TP,LONG_TP
3830,1.0,LONG_TP,LONG_TP
3831,1.0,LONG_TP,LONG_TP
3832,1.0,LONG_TP,LONG_TP
3833,-1.0,SHORT_TP,SHORT_TP
3834,-1.0,SHORT_TP,SHORT_TP
3835,-1.0,SHORT_TP,SHORT_TP
3836,-1.0,SHORT_TP,SHORT_TP
3837,-1.0,SHORT_TP,SHORT_TP
3838,-1.0,SHORT_TP,SHORT_TP
3839,-1.0,SHORT_TP,SHORT_TP
3840,-1.0,SHORT_TP,SHORT_TP
3841,-1.0,SHORT_TP,SHORT_TP
3842,-1.0,SHORT_TP,SHORT_TP
3843,-1.0,SHORT_TP,SHORT_TP
3844,-1.0,SHORT_TP,SHORT_TP
3845,-1.0,SHORT_TP,SHORT_TP
3846,-1.0,SHORT_TP,SHORT_TP
3847,-1.0,SHORT_TP,SHORT_TP
3848,-1.0,SHORT_TP,SHORT_TP
3849,-1.0,SHORT_TP,SHORT_TP
3850,-1.0,SHORT_TP,SHORT_TP
3851,-1.0,SHORT_TP,SHORT_TP
3852,-1.0,SHORT_TP,SHORT_TP
3853,-1.0,SHORT_TP,SHORT_TP
3854,-1.0,SHORT_TP,SHORT_TP
3855,-1.0,SHORT_TP,SHORT_TP
3856,-1.0,SHORT_TP,SHORT_TP
3857,-1.0,SHORT_TP,SHORT_TP
3858,-1.0,SHORT_TP,SHORT_TP
3859,1.0,LONG_TP,LONG_TP
3860,1.0,LONG_TP,LONG_TP
3861,1.0,LONG_TP,LONG_TP
3862,1.0,LONG_TP,LONG_TP
3863,1.0,LONG_TP,LONG_TP
3864,1.0,LONG_TP,LONG_TP
3865,1.0,LONG_TP,LONG_TP
3866,1.0,LONG_TP,LONG_TP
3867,1.0,LONG_TP,LONG_TP
3868,1.0,LONG_TP,LONG_TP
3869,1.0,LONG_TP,LONG_TP
3870,1.0,LONG_TP,LONG_TP
3871,1.0,LONG_TP,LONG_TP
3872,1.0,LONG_TP,LONG_TP
3873,1.0,LONG_TP,LONG_TP
3874,1.0,LONG_TP,LONG_TP
3875,1.0,LONG_TP,LONG_TP
3876,1.0,LONG_TP,LONG_TP
3877,1.0,LONG_TP,LONG_TP
3878,1.0,LONG_TP,LONG_TP
3879,1.0,LONG_TP,LONG_TP
3880,1.0,LONG_TP,LONG_TP
3881,1.0,LONG_TP,LONG_TP
3882,1.0,LONG_TP,LONG_TP
3883,1.0,LONG_TP,LONG_TP
3884,1.0,LONG_TP,LONG_TP
3885,1.0,LONG_TP,LONG_TP
3886,1.0,LONG_TP,LONG_TP
3887,1.0,LONG_TP,LONG_TP
3888,1.0,LONG_TP,LONG_TP
3889,1.0,LONG_TP,LONG_TP
3890,1.0,LONG_TP,LONG_TP
3891,1.0,LONG_TP,LONG_TP
3892,1.0,LONG_TP,LONG_TP
3893,1.0,LONG_TP,LONG_TP
3894,1.0,LONG_TP,LONG_TP
3895,1.0,LONG_TP,LONG_TP
3896,1.0,LONG_TP,LONG_TP
3897,1.0,LONG_TP,LONG_TP
3898,1.0,LONG_TP,LONG_TP
3899,1.0,LONG_TP,LONG_TP
3900,1.0,LONG_TP,LONG_TP
3901,1.0,LONG_TP,LONG_TP
3902,1.0,LONG_TP,LONG_TP
3903,1.0,LONG_TP,LONG_TP
3904,1.0,LONG_TP,LONG_TP
3905,1.0,LONG_TP,LONG_TP
3906,-1.0,SHORT_TP,SHORT_TP
3907,-1.0,SHORT_TP,SHORT_TP
3908,-1.0,SHORT_TP,SHORT_TP
3909,-1.0,SHORT_TP,SHORT_TP
3910,-1.0,SHORT_TP,SHORT_TP
3911,-1.0,SHORT_TP,SHORT_TP
3912,-1.0,SHORT_TP,SHORT_TP
3913,-1.0,SHORT_TP,SHORT_TP
3914,-1.0,SHORT_TP,SHORT_TP
3915,-1.0,SHORT_TP,SHORT_TP
3916,-1.0,SHORT_TP,SHORT_TP
3917,1.0,LONG_TP,LONG_TP
3918,1.0,LONG_TP,LONG_TP
3919,1.0,LONG_TP,LONG_TP
3920,-1.0,SHORT_TP,SHORT_TP
3921,-1.0,SHORT_TP,SHORT_TP
3922,-1.0,SHORT_TP,SHORT_TP
3923,-1.0,SHORT_TP,SHORT_TP
3924,-1.0,SHORT_TP,SHORT_TP
3925,-1.0,SHORT_TP,SHORT_TP
3926,-1.0,SHORT_TP,SHORT_TP
3927,-1.0,SHORT_TP,SHORT_TP
3928,1.0,LONG_TP,LONG_TP
3929,1.0,LONG_TP,LONG_TP
3930,1.0,LONG_TP,LONG_TP
3931,1.0,LONG_TP,LONG_TP
3932,1.0,LONG_TP,LONG_TP
3933,1.0,LONG_TP,LONG_TP
3934,1.0,LONG_TP,LONG_TP
3935,1.0,LONG_TP,LONG_TP
3936,1.0,LONG_TP,LONG_TP
3937,1.0,LONG_TP,LONG_TP
3938,1.0,LONG_TP,LONG_TP
3939,1.0,LONG_TP,LONG_TP
3940,1.0,LONG_TP,LONG_TP
3941,1.0,LONG_TP,LONG_TP
3942,1.0,LONG_TP,LONG_TP
3943,1.0,LONG_TP,LONG_TP
3944,1.0,LONG_TP,LONG_TP
3945,1.0,LONG_TP,LONG_TP
3946,1.0,LONG_TP,LONG_TP
3947,1.0,LONG_TP,LONG_TP
3948,1.0,LONG_TP,LONG_TP
3949,1.0,LONG_TP,LONG_TP
3950,1.0,LONG_TP,LONG_TP
3951,1.0,LONG_TP,LONG_TP
3952,-1.0,SHORT_TP,SHORT_TP
3953,-1.0,SHORT_TP,SHORT_TP
3954,-1.0,SHORT_TP,SHORT_TP
3955,-1.0,SHORT_TP,SHORT_TP
3956,-1.0,SHORT_TP,SHORT_TP
3957,-1.0,SHORT_TP,SHORT_TP
3958,-1.0,SHORT_TP,SHORT_TP
3959,-1.0,SHORT_TP,SHORT_TP
3960,-1.0,SHORT_TP,SHORT_TP
3961,-1.0,SHORT_TP,SHORT_TP
3962,-1.0,SHORT_TP,SHORT_TP
3963,-1.0,SHORT_TP,SHORT_TP
3964,-1.0,SHORT_TP,SHORT_TP
3965,-1.0,SHORT_TP,SHORT_TP
3966,-1.0,SHORT_TP,SHORT_TP
3967,-1.0,SHORT_TP,SHORT_TP
3968,-1.0,SHORT_TP,SHORT_TP
3969,1.0,LONG_TP,LONG_TP
3970,1.0,LONG_TP,LONG_TP
3971,1.0,LONG_TP,LONG_TP
3972,1.0,LONG_TP,LONG_TP
3973,1.0,LONG_TP,LONG_TP
3974,1.0,LONG_TP,LONG_TP
3975,1.0,LONG_TP,LONG_TP
3976,-1.0,SHORT_TP,SHORT_TP
3977,-1.0,SHORT_TP,SHORT_TP
3978,-1.0,SHORT_TP,SHORT_TP
3979,-1.0,SHORT_TP,SHORT_TP
3980,-1.0,SHORT_TP,SHORT_TP
3981,1.0,LONG_TP,LONG_TP
3982,1.0,LONG_TP,LONG_TP
3983,1.0,LONG_TP,LONG_TP
3984,1.0,LONG_TP,LONG_TP
3985,1.0,LONG_TP,LONG_TP
3986,1.0,LONG_TP,LONG_TP
3987,1.0,LONG_TP,LONG_TP
3988,1.0,LONG_TP,LONG_TP
3989,1.0,LONG_TP,LONG_TP
3990,1.0,LONG_TP,LONG_TP
3991,1.0,LONG_TP,LONG_TP
3992,1.0,LONG_TP,LONG_TP
3993,1.0,LONG_TP,LONG_TP
3994,1.0,LONG_TP,LONG_TP
3995,1.0,LONG_TP,LONG_TP
3996,1.0,LONG_TP,LONG_TP
3997,1.0,LONG_TP,LONG_TP
3998,1.0,LONG_TP,LONG_TP
3999,1.0,LONG_TP,LONG_TP
4000,1.0,LONG_TP,LONG_TP
4001,1.0,LONG_TP,LONG_TP
4002,1.0,LONG_TP,LONG_TP
4003,1.0,LONG_TP,LONG_TP
4004,1.0,LONG_TP,LONG_TP
4005,1.0,LONG_TP,LONG_TP
4006,1.0,LONG_TP,LONG_TP
4007,1.0,LONG_TP,LONG_TP
4008,1.0,LONG_TP,LONG_TP
4009,1.0,LONG_TP,LONG_TP
4010,-1.0,SHORT_TP,SHORT_TP
4011,1.0,LONG_TP,LONG_TP
4012,1.0,LONG_TP,LONG_TP
4013,1.0,LONG_TP,LONG_TP
4014,1.0,LONG_TP,LONG_TP
4015,-1.0,SHORT_TP,SHORT_TP
4016,-1.0,SHORT_TP,SHORT_TP
4017,-1.0,SHORT_TP,SHORT_TP
4018,1.0,LONG_TP,LONG_TP
4019,1.0,LONG_TP,LONG_TP
4020,1.0,LONG_TP,LONG_TP
4021,-1.0,SHORT_TP,SHORT_TP
4022,-1.0,SHORT_TP,SHORT_TP
4023,-1.0,SHORT_TP,SHORT_TP
4024,1.0,LONG_TP,LONG_TP
4025,-1.0,SHORT_TP,SHORT_TP
4026,-1.0,SHORT_TP,SHORT_TP
4027,-1.0,SHORT_TP,SHORT_TP
4028,-1.0,SHORT_TP,SHORT_TP
4029,1.0,LONG_TP,LONG_TP
4030,1.0,LONG_TP,LONG_TP
4031,1.0,LONG_TP,LONG_TP
4032,1.0,LONG_TP,LONG_TP
4033,1.0,LONG_TP,LONG_TP
4034,1.0,LONG_TP,LONG_TP
4035,1.0,LONG_TP,LONG_TP
4036,1.0,LONG_TP,LONG_TP
4037,1.0,LONG_TP,LONG_TP
4038,1.0,LONG_TP,LONG_TP
4039,1.0,LONG_TP,LONG_TP
4040,1.0,LONG_TP,LONG_TP
4041,1.0,LONG_TP,LONG_TP
4042,1.0,LONG_TP,LONG_TP
4043,1.0,LONG_TP,LONG_TP
4044,1.0,LONG_TP,LONG_TP
4045,1.0,LONG_TP,LONG_TP
4046,1.0,LONG_TP,LONG_TP
4047,1.0,LONG_TP,LONG_TP
4048,1.0,LONG_TP,LONG_TP
4049,1.0,LONG_TP,LONG_TP
4050,1.0,LONG_TP,LONG_TP
4051,1.0,LONG_TP,LONG_TP
4052,1.0,LONG_TP,LONG_TP
4053,1.0,LONG_TP,LONG_TP
4054,1.0,LONG_TP,LONG_TP
4055,1.0,LONG_TP,LONG_TP
4056,1.0,LONG_TP,LONG_TP
4057,1.0,LONG_TP,LONG_TP
4058,1.0,LONG_TP,LONG_TP
4059,1.0,LONG_TP,LONG_TP
4060,1.0,LONG_TP,LONG_TP
4061,1.0,LONG_TP,LONG_TP
4062,1.0,LONG_TP,LONG_TP
4063,1.0,LONG_TP,LONG_TP
4064,1.0,LONG_TP,LONG_TP
4065,1.0,LONG_TP,LONG_TP
4066,1.0,LONG_TP,LONG_TP
4067,1.0,LONG_TP,LONG_TP
4068,1.0,LONG_TP,LONG_TP
4069,1.0,LONG_TP,LONG_TP
4070,1.0,LONG_TP,LONG_TP
4071,-1.0,SHORT_TP,SHORT_TP
4072,-1.0,SHORT_TP,SHORT_TP
4073,-1.0,SHORT_TP,SHORT_TP
4074,-1.0,SHORT_TP,SHORT_TP
4075,1.0,LONG_TP,LONG_TP
4076,1.0,LONG_TP,LONG_TP
4077,1.0,LONG_TP,LONG_TP
4078,1.0,LONG_TP,LONG_TP
4079,1.0,LONG_TP,LONG_TP
4080,1.0,LONG_TP,LONG_TP
4081,1.0,LONG_TP,LONG_TP
4082,1.0,LONG_TP,LONG_TP
4083,1.0,LONG_TP,LONG_TP
4084,-1.0,SHORT_TP,SHORT_TP
4085,-1.0,SHORT_TP,SHORT_TP
4086,-1.0,SHORT_TP,SHORT_TP
4087,-1.0,SHORT_TP,SHORT_TP
4088,-1.0,SHORT_TP,SHORT_TP
4089,-1.0,SHORT_TP,SHORT_TP
4090,-1.0,SHORT_TP,SHORT_TP
4091,-1.0,SHORT_TP,SHORT_TP
4092,-1.0,SHORT_TP,SHORT_TP
4093,-1.0,SHORT_TP,SHORT_TP
4094,-1.0,SHORT_TP,SHORT_TP
4095,-1.0,SHORT_TP,SHORT_TP
4096,-1.0,SHORT_TP,SHORT_TP
4097,-1.0,SHORT_TP,SHORT_TP
4098,-1.0,SHORT_TP,SHORT_TP
4099,-1.0,SHORT_TP,SHORT_TP
4100,-1.0,SHORT_TP,SHORT_TP
4101,-1.0,SHORT_TP,SHORT_TP
4102,-1.0,SHORT_TP,SHORT_TP
4103,-1.0,SHORT_TP,SHORT_TP
4104,-1.0,SHORT_TP,SHORT_TP
4105,-1.0,SHORT_TP,SHORT_TP
4106,-1.0,SHORT_TP,SHORT_TP
4107,-1.0,SHORT_TP,SHORT_TP
4108,-1.0,SHORT_TP,SHORT_TP
4109,-1.0,SHORT_TP,SHORT_TP
4110,-1.0,SHORT_TP,SHORT_TP
4111,-1.0,SHORT_TP,SHORT_TP
4112,-1.0,SHORT_TP,SHORT_TP
4113,-1.0,SHORT_TP,SHORT_TP
4114,-1.0,SHORT_TP,SHORT_TP
4115,-1.0,SHORT_TP,SHORT_TP
4116,-1.0,SHORT_TP,SHORT_TP
4117,-1.0,SHORT_TP,SHORT_TP
4118,-1.0,SHORT_TP,SHORT_TP
4119,1.0,LONG_TP,LONG_TP
4120,1.0,LONG_TP,LONG_TP
4121,1.0,LONG_TP,LONG_TP
4122,1.0,LONG_TP,LONG_TP
4123,1.0,LONG_TP,LONG_TP
4124,-1.0,SHORT_TP,SHORT_TP
4125,-1.0,SHORT_TP,SHORT_TP
4126,-1.0,SHORT_TP,SHORT_TP
4127,-1.0,SHORT_TP,SHORT_TP
4128,1.0,LONG_TP,LONG_TP
4129,1.0,LONG_TP,LONG_TP
4130,1.0,LONG_TP,LONG_TP
4131,1.0,LONG_TP,LONG_TP
4132,1.0,LONG_TP,LONG_TP
4133,1.0,LONG_TP,LONG_TP
4134,1.0,LONG_TP,LONG_TP
4135,1.0,LONG_TP,LONG_TP
4136,1.0,LONG_TP,LONG_TP
4137,-1.0,SHORT_TP,SHORT_TP
4138,1.0,LONG_TP,LONG_TP
4139,1.0,LONG_TP,LONG_TP
4140,1.0,LONG_TP,LONG_TP
4141,1.0,LONG_TP,LONG_TP
4142,1.0,LONG_TP,LONG_TP
4143,-1.0,SHORT_TP,SHORT_TP
4144,1.0,LONG_TP,LONG_TP
4145,1.0,LONG_TP,LONG_TP
4146,1.0,LONG_TP,LONG_TP
4147,1.0,LONG_TP,LONG_TP
4148,1.0,LONG_TP,LONG_TP
4149,1.0,LONG_TP,LONG_TP
4150,1.0,LONG_TP,LONG_TP
4151,1.0,LONG_TP,LONG_TP
4152,1.0,LONG_TP,LONG_TP
4153,1.0,LONG_TP,LONG_TP
4154,1.0,LONG_TP,LONG_TP
4155,1.0,LONG_TP,LONG_TP
4156,1.0,LONG_TP,LONG_TP
4157,1.0,LONG_TP,LONG_TP
4158,1.0,LONG_TP,LONG_TP
4159,1.0,LONG_TP,LONG_TP
4160,1.0,LONG_TP,LONG_TP
4161,1.0,LONG_TP,LONG_TP
4162,1.0,LONG_TP,LONG_TP
4163,-1.0,SHORT_TP,SHORT_TP
4164,-1.0,SHORT_TP,SHORT_TP
4165,-1.0,SHORT_TP,SHORT_TP
4166,1.0,LONG_TP,LONG_TP
4167,-1.0,SHORT_TP,SHORT_TP
4168,-1.0,SHORT_TP,SHORT_TP
4169,-1.0,SHORT_TP,SHORT_TP
4170,-1.0,SHORT_TP,SHORT_TP
4171,-1.0,SHORT_TP,SHORT_TP
4172,-1.0,SHORT_TP,SHORT_TP
4173,-1.0,SHORT_TP,SHORT_TP
4174,-1.0,SHORT_TP,SHORT_TP
4175,-1.0,SHORT_TP,SHORT_TP
4176,-1.0,SHORT_TP,SHORT_TP
4177,-1.0,SHORT_TP,SHORT_TP
4178,-1.0,SHORT_TP,SHORT_TP
4179,-1.0,SHORT_TP,SHORT_TP
4180,-1.0,SHORT_TP,SHORT_TP
4181,-1.0,SHORT_TP,SHORT_TP
4182,-1.0,SHORT_TP,SHORT_TP
4183,-1.0,SHORT_TP,SHORT_TP
4184,-1.0,SHORT_TP,SHORT_TP
4185,-1.0,SHORT_TP,SHORT_TP
4186,-1.0,SHORT_TP,SHORT_TP
4187,-1.0,SHORT_TP,SHORT_TP
4188,-1.0,SHORT_TP,SHORT_TP
4189,-1.0,SHORT_TP,SHORT_TP
4190,-1.0,SHORT_TP,SHORT_TP
4191,-1.0,SHORT_TP,SHORT_TP
4192,-1.0,SHORT_TP,SHORT_TP
4193,-1.0,SHORT_TP,SHORT_TP
4194,-1.0,SHORT_TP,SHORT_TP
4195,-1.0,SHORT_TP,SHORT_TP
4196,-1.0,SHORT_TP,SHORT_TP
4197,-1.0,SHORT_TP,SHORT_TP
4198,-1.0,SHORT_TP,SHORT_TP
4199,-1.0,SHORT_TP,SHORT_TP
4200,1.0,LONG_TP,LONG_TP
4201,1.0,LONG_TP,LONG_TP
4202,1.0,LONG_TP,LONG_TP
4203,1.0,LONG_TP,LONG_TP
4204,1.0,LONG_TP,LONG_TP
4205,1.0,LONG_TP,LONG_TP
4206,1.0,LONG_TP,LONG_TP
4207,1.0,LONG_TP,LONG_TP
4208,1.0,LONG_TP,LONG_TP
4209,-1.0,SHORT_TP,SHORT_TP
4210,-1.0,SHORT_TP,SHORT_TP
4211,-1.0,SHORT_TP,SHORT_TP
4212,-1.0,SHORT_TP,SHORT_TP
4213,-1.0,SHORT_TP,SHORT_TP
4214,-1.0,SHORT_TP,SHORT_TP
4215,-1.0,SHORT_TP,SHORT_TP
4216,-1.0,SHORT_TP,SHORT_TP
4217,-1.0,SHORT_TP,SHORT_TP
4218,-1.0,SHORT_TP,SHORT_TP
4219,-1.0,SHORT_TP,SHORT_TP
4220,-1.0,SHORT_TP,SHORT_TP
4221,-1.0,SHORT_TP,SHORT_TP
4222,-1.0,SHORT_TP,SHORT_TP
4223,-1.0,SHORT_TP,SHORT_TP
4224,-1.0,SHORT_TP,SHORT_TP
4225,-1.0,SHORT_TP,SHORT_TP
4226,-1.0,SHORT_TP,SHORT_TP
4227,-1.0,SHORT_TP,SHORT_TP
4228,-1.0,SHORT_TP,SHORT_TP
4229,-1.0,SHORT_TP,SHORT_TP
4230,-1.0,SHORT_TP,SHORT_TP
4231,-1.0,SHORT_TP,SHORT_TP
4232,1.0,LONG_TP,LONG_TP
4233,-1.0,SHORT_TP,SHORT_TP
4234,-1.0,SHORT_TP,SHORT_TP
4235,-1.0,SHORT_TP,SHORT_TP
4236,-1.0,SHORT_TP,SHORT_TP
4237,1.0,LONG_TP,LONG_TP
4238,1.0,LONG_TP,LONG_TP
4239,1.0,LONG_TP,LONG_TP
4240,1.0,LONG_TP,LONG_TP
4241,1.0,LONG_TP,LONG_TP
4242,1.0,LONG_TP,LONG_TP
4243,1.0,LONG_TP,LONG_TP
4244,-1.0,SHORT_TP,SHORT_TP
4245,1.0,LONG_TP,LONG_TP
4246,-1.0,SHORT_TP,SHORT_TP
4247,-1.0,SHORT_TP,SHORT_TP
4248,-1.0,SHORT_TP,SHORT_TP
4249,-1.0,SHORT_TP,SHORT_TP
4250,-1.0,SHORT_TP,SHORT_TP
4251,-1.0,SHORT_TP,SHORT_TP
4252,-1.0,SHORT_TP,SHORT_TP
4253,-1.0,SHORT_TP,SHORT_TP
4254,-1.0,SHORT_TP,SHORT_TP
4255,-1.0,SHORT_TP,SHORT_TP
4256,-1.0,SHORT_TP,SHORT_TP
4257,-1.0,SHORT_TP,SHORT_TP
4258,-1.0,SHORT_TP,SHORT_TP
4259,-1.0,SHORT_TP,SHORT_TP
4260,-1.0,SHORT_TP,SHORT_TP
4261,-1.0,SHORT_TP,SHORT_TP
4262,-1.0,SHORT_TP,SHORT_TP
4263,-1.0,SHORT_TP,SHORT_TP
4264,-1.0,SHORT_TP,SHORT_TP
4265,-1.0,SHORT_TP,SHORT_TP
4266,-1.0,SHORT_TP,SHORT_TP
4267,-1.0,SHORT_TP,SHORT_TP
4268,-1.0,SHORT_TP,SHORT_TP
4269,-1.0,SHORT_TP,SHORT_TP
4270,1.0,LONG_TP,LONG_TP
4271,-1.0,SHORT_TP,SHORT_TP
4272,-1.0,SHORT_TP,SHORT_TP
4273,-1.0,SHORT_TP,SHORT_TP
4274,-1.0,SHORT_TP,SHORT_TP
4275,1.0,LONG_TP,LONG_TP
4276,-1.0,SHORT_TP,SHORT_TP
4277,1.0,LONG_TP,LONG_TP
4278,1.0,LONG_TP,LONG_TP
4279,1.0,LONG_TP,LONG_TP
4280,1.0,LONG_TP,LONG_TP
4281,1.0,LONG_TP,LONG_TP
4282,1.0,LONG_TP,LONG_TP
4283,1.0,LONG_TP,LONG_TP
4284,1.0,LONG_TP,LONG_TP
4285,-1.0,SHORT_TP,SHORT_TP
4286,-1.0,SHORT_TP,SHORT_TP
4287,-1.0,SHORT_TP,SHORT_TP
4288,-1.0,SHORT_TP,SHORT_TP
4289,-1.0,SHORT_TP,SHORT_TP
4290,1.0,LONG_TP,LONG_TP
4291,-1.0,SHORT_TP,SHORT_TP
4292,-1.0,SHORT_TP,SHORT_TP
4293,1.0,LONG_TP,LONG_TP
4294,-1.0,SHORT_TP,SHORT_TP
4295,-1.0,SHORT_TP,SHORT_TP
4296,-1.0,SHORT_TP,SHORT_TP
4297,-1.0,SHORT_TP,SHORT_TP
4298,-1.0,SHORT_TP,SHORT_TP
4299,-1.0,SHORT_TP,SHORT_TP
4300,-1.0,SHORT_TP,SHORT_TP
4301,-1.0,SHORT_TP,SHORT_TP
4302,-1.0,SHORT_TP,SHORT_TP
4303,-1.0,SHORT_TP,SHORT_TP
4304,-1.0,SHORT_TP,SHORT_TP
4305,-1.0,SHORT_TP,SHORT_TP
4306,-1.0,SHORT_TP,SHORT_TP
4307,-1.0,SHORT_TP,SHORT_TP
4308,-1.0,SHORT_TP,SHORT_TP
4309,-1.0,SHORT_TP,SHORT_TP
4310,1.0,LONG_TP,LONG_TP
4311,1.0,LONG_TP,LONG_TP
4312,1.0,LONG_TP,LONG_TP
4313,-1.0,SHORT_TP,SHORT_TP
4314,1.0,LONG_TP,LONG_TP
4315,1.0,LONG_TP,LONG_TP
4316,1.0,LONG_TP,LONG_TP
4317,1.0,LONG_TP,LONG_TP
4318,1.0,LONG_TP,LONG_TP
4319,1.0,LONG_TP,LONG_TP
4320,1.0,LONG_TP,LONG_TP
4321,1.0,LONG_TP,LONG_TP
4322,1.0,LONG_TP,LONG_TP
4323,1.0,LONG_TP,LONG_TP
4324,1.0,LONG_TP,LONG_TP
4325,1.0,LONG_TP,LONG_TP
4326,1.0,LONG_TP,LONG_TP
4327,1.0,LONG_TP,LONG_TP
4328,1.0,LONG_TP,LONG_TP
4329,1.0,LONG_TP,LONG_TP
4330,1.0,LONG_TP,LONG_TP
4331,1.0,LONG_TP,LONG_TP
4332,1.0,LONG_TP,LONG_TP
4333,1.0,LONG_TP,LONG_TP
4334,1.0,LONG_TP,LONG_TP
4335,1.0,LONG_TP,LONG_TP
4336,1.0,LONG_TP,LONG_TP
4337,1.0,LONG_TP,LONG_TP
4338,1.0,LONG_TP,LONG_TP
4339,1.0,LONG_TP,LONG_TP
4340,1.0,LONG_TP,LONG_TP
4341,1.0,LONG_TP,LONG_TP
4342,1.0,LONG_TP,LONG_TP
4343,1.0,LONG_TP,LONG_TP
4344,1.0,LONG_TP,LONG_TP
4345,1.0,LONG_TP,LONG_TP
4346,1.0,LONG_TP,LONG_TP
4347,1.0,LONG_TP,LONG_TP
4348,1.0,LONG_TP,LONG_TP
4349,1.0,LONG_TP,LONG_TP
4350,-1.0,SHORT_TP,SHORT_TP
4351,1.0,LONG_TP,LONG_TP
4352,1.0,LONG_TP,LONG_TP
4353,1.0,LONG_TP,LONG_TP
4354,1.0,LONG_TP,LONG_TP
4355,1.0,LONG_TP,LONG_TP
4356,1.0,LONG_TP,LONG_TP
4357,-1.0,SHORT_TP,SHORT_TP
4358,-1.0,SHORT_TP,SHORT_TP
4359,-1.0,SHORT_TP,SHORT_TP
4360,-1.0,SHORT_TP,SHORT_TP
4361,-1.0,SHORT_TP,SHORT_TP
4362,-1.0,SHORT_TP,SHORT_TP
4363,-1.0,SHORT_TP,SHORT_TP
4364,-1.0,SHORT_TP,SHORT_TP
4365,-1.0,SHORT_TP,SHORT_TP
4366,-1.0,SHORT_TP,SHORT_TP
4367,-1.0,SHORT_TP,SHORT_TP
4368,-1.0,SHORT_TP,SHORT_TP
4369,1.0,LONG_TP,LONG_TP
4370,1.0,LONG_TP,LONG_TP
4371,1.0,LONG_TP,LONG_TP
4372,1.0,LONG_TP,LONG_TP
4373,1.0,LONG_TP,LONG_TP
4374,1.0,LONG_TP,LONG_TP
4375,1.0,LONG_TP,LONG_TP
4376,1.0,LONG_TP,LONG_TP
4377,1.0,LONG_TP,LONG_TP
4378,1.0,LONG_TP,LONG_TP
4379,1.0,LONG_TP,LONG_TP
4380,1.0,LONG_TP,LONG_TP
4381,1.0,LONG_TP,LONG_TP
4382,1.0,LONG_TP,LONG_TP
4383,1.0,LONG_TP,LONG_TP
4384,1.0,LONG_TP,LONG_TP
4385,1.0,LONG_TP,LONG_TP
4386,1.0,LONG_TP,LONG_TP
4387,1.0,LONG_TP,LONG_TP
4388,1.0,LONG_TP,LONG_TP
4389,1.0,LONG_TP,LONG_TP
4390,1.0,LONG_TP,LONG_TP
4391,1.0,LONG_TP,LONG_TP
4392,1.0,LONG_TP,LONG_TP
4393,1.0,LONG_TP,LONG_TP
4394,1.0,LONG_TP,LONG_TP
4395,1.0,LONG_TP,LONG_TP
4396,1.0,LONG_TP,LONG_TP
4397,1.0,LONG_TP,LONG_TP
4398,1.0,LONG_TP,LONG_TP
4399,1.0,LONG_TP,LONG_TP
4400,1.0,LONG_TP,LONG_TP
4401,1.0,LONG_TP,LONG_TP
4402,1.0,LONG_TP,LONG_TP
4403,1.0,LONG_TP,LONG_TP
4404,1.0,LONG_TP,LONG_TP
4405,1.0,LONG_TP,LONG_TP
4406,1.0,LONG_TP,LONG_TP
4407,1.0,LONG_TP,LONG_TP
4408,1.0,LONG_TP,LONG_TP
4409,1.0,LONG_TP,LONG_TP
4410,1.0,LONG_TP,LONG_TP
4411,1.0,LONG_TP,LONG_TP
4412,1.0,LONG_TP,LONG_TP
4413,1.0,LONG_TP,LONG_TP
4414,1.0,LONG_TP,LONG_TP
4415,1.0,LONG_TP,LONG_TP
4416,1.0,LONG_TP,LONG_TP
4417,-1.0,SHORT_TP,SHORT_TP
4418,-1.0,SHORT_TP,SHORT_TP
4419,-1.0,SHORT_TP,SHORT_TP
4420,-1.0,SHORT_TP,SHORT_TP
4421,-1.0,SHORT_TP,SHORT_TP
4422,-1.0,SHORT_TP,SHORT_TP
4423,-1.0,SHORT_TP,SHORT_TP
4424,-1.0,SHORT_TP,SHORT_TP
4425,-1.0,SHORT_TP,SHORT_TP
4426,-1.0,SHORT_TP,SHORT_TP
4427,-1.0,SHORT_TP,SHORT_TP
4428,-1.0,SHORT_TP,SHORT_TP
4429,-1.0,SHORT_TP,SHORT_TP
4430,-1.0,SHORT_TP,SHORT_TP
4431,-1.0,SHORT_TP,SHORT_TP
4432,-1.0,SHORT_TP,SHORT_TP
4433,-1.0,SHORT_TP,SHORT_TP
4434,-1.0,SHORT_TP,SHORT_TP
4435,-1.0,SHORT_TP,SHORT_TP
4436,-1.0,SHORT_TP,SHORT_TP
4437,-1.0,SHORT_TP,SHORT_TP
4438,-1.0,SHORT_TP,SHORT_TP
4439,-1.0,SHORT_TP,SHORT_TP
4440,-1.0,SHORT_TP,SHORT_TP
4441,-1.0,SHORT_TP,SHORT_TP
4442,-1.0,SHORT_TP,SHORT_TP
4443,-1.0,SHORT_TP,SHORT_TP
4444,-1.0,SHORT_TP,SHORT_TP
4445,-1.0,SHORT_TP,SHORT_TP
4446,-1.0,SHORT_TP,SHORT_TP
4447,-1.0,SHORT_TP,SHORT_TP
4448,-1.0,SHORT_TP,SHORT_TP
4449,-1.0,SHORT_TP,SHORT_TP
4450,-1.0,SHORT_TP,SHORT_TP
4451,-1.0,SHORT_TP,SHORT_TP
4452,-1.0,SHORT_TP,SHORT_TP
4453,-1.0,SHORT_TP,SHORT_TP
4454,-1.0,SHORT_TP,SHORT_TP
4455,-1.0,SHORT_TP,SHORT_TP
4456,-1.0,SHORT_TP,SHORT_TP
4457,-1.0,SHORT_TP,SHORT_TP
4458,-1.0,SHORT_TP,SHORT_TP
4459,-1.0,SHORT_TP,SHORT_TP
4460,-1.0,SHORT_TP,SHORT_TP
4461,-1.0,SHORT_TP,SHORT_TP
4462,-1.0,SHORT_TP,SHORT_TP
4463,-1.0,SHORT_TP,SHORT_TP
4464,1.0,LONG_TP,LONG_TP
4465,1.0,LONG_TP,LONG_TP
4466,1.0,LONG_TP,LONG_TP
4467,1.0,LONG_TP,LONG_TP
4468,1.0,LONG_TP,LONG_TP
4469,1.0,LONG_TP,LONG_TP
4470,1.0,LONG_TP,LONG_TP
4471,1.0,LONG_TP,LONG_TP
4472,1.0,LONG_TP,LONG_TP
4473,1.0,LONG_TP,LONG_TP
4474,1.0,LONG_TP,LONG_TP
4475,1.0,LONG_TP,LONG_TP
4476,1.0,LONG_TP,LONG_TP
4477,1.0,LONG_TP,LONG_TP
4478,1.0,LONG_TP,LONG_TP
4479,1.0,LONG_TP,LONG_TP
4480,1.0,LONG_TP,LONG_TP
4481,1.0,LONG_TP,LONG_TP
4482,1.0,LONG_TP,LONG_TP
4483,1.0,LONG_TP,LONG_TP
4484,1.0,LONG_TP,LONG_TP
4485,1.0,LONG_TP,LONG_TP
4486,1.0,LONG_TP,LONG_TP
4487,1.0,LONG_TP,LONG_TP
4488,1.0,LONG_TP,LONG_TP
4489,-1.0,SHORT_TP,SHORT_TP
4490,1.0,LONG_TP,LONG_TP
4491,1.0,LONG_TP,LONG_TP
4492,1.0,LONG_TP,LONG_TP
4493,1.0,LONG_TP,LONG_TP
4494,1.0,LONG_TP,LONG_TP
4495,1.0,LONG_TP,LONG_TP
4496,1.0,LONG_TP,LONG_TP
4497,1.0,LONG_TP,LONG_TP
4498,1.0,LONG_TP,LONG_TP
4499,1.0,LONG_TP,LONG_TP
4500,-1.0,SHORT_TP,SHORT_TP
4501,-1.0,SHORT_TP,SHORT_TP
4502,-1.0,SHORT_TP,SHORT_TP
4503,-1.0,SHORT_TP,SHORT_TP
4504,1.0,LONG_TP,LONG_TP
4505,1.0,LONG_TP,LONG_TP
4506,1.0,LONG_TP,LONG_TP
4507,1.0,LONG_TP,LONG_TP
4508,1.0,LONG_TP,LONG_TP
4509,1.0,LONG_TP,LONG_TP
4510,1.0,LONG_TP,LONG_TP
4511,1.0,LONG_TP,LONG_TP
4512,1.0,LONG_TP,LONG_TP
4513,1.0,LONG_TP,LONG_TP
4514,1.0,LONG_TP,LONG_TP
4515,1.0,LONG_TP,LONG_TP
4516,1.0,LONG_TP,LONG_TP
4517,1.0,LONG_TP,LONG_TP
4518,1.0,LONG_TP,LONG_TP
4519,1.0,LONG_TP,LONG_TP
4520,1.0,LONG_TP,LONG_TP
4521,1.0,LONG_TP,LONG_TP
4522,1.0,LONG_TP,LONG_TP
4523,1.0,LONG_TP,LONG_TP
4524,1.0,LONG_TP,LONG_TP
4525,1.0,LONG_TP,LONG_TP
4526,1.0,LONG_TP,LONG_TP
4527,1.0,LONG_TP,LONG_TP
4528,1.0,LONG_TP,LONG_TP
4529,1.0,LONG_TP,LONG_TP
4530,1.0,LONG_TP,LONG_TP
4531,1.0,LONG_TP,LONG_TP
4532,-1.0,SHORT_TP,SHORT_TP
4533,-1.0,SHORT_TP,SHORT_TP
4534,-1.0,SHORT_TP,SHORT_TP
4535,1.0,LONG_TP,LONG_TP
4536,1.0,LONG_TP,LONG_TP
4537,-1.0,SHORT_TP,SHORT_TP
4538,-1.0,SHORT_TP,SHORT_TP
4539,-1.0,SHORT_TP,SHORT_TP
4540,-1.0,SHORT_TP,SHORT_TP
4541,-1.0,SHORT_TP,SHORT_TP
4542,-1.0,SHORT_TP,SHORT_TP
4543,-1.0,SHORT_TP,SHORT_TP
4544,1.0,LONG_TP,LONG_TP
4545,-1.0,SHORT_TP,SHORT_TP
4546,-1.0,SHORT_TP,SHORT_TP
4547,-1.0,SHORT_TP,SHORT_TP
4548,-1.0,SHORT_TP,SHORT_TP
4549,-1.0,SHORT_TP,SHORT_TP
4550,-1.0,SHORT_TP,SHORT_TP
4551,1.0,LONG_TP,LONG_TP
4552,1.0,LONG_TP,LONG_TP
4553,1.0,LONG_TP,LONG_TP
4554,1.0,LONG_TP,LONG_TP
4555,1.0,LONG_TP,LONG_TP
4556,1.0,LONG_TP,LONG_TP
4557,1.0,LONG_TP,LONG_TP
4558,1.0,LONG_TP,LONG_TP
4559,1.0,LONG_TP,LONG_TP
4560,1.0,LONG_TP,LONG_TP
4561,1.0,LONG_TP,LONG_TP
4562,1.0,LONG_TP,LONG_TP
4563,1.0,LONG_TP,LONG_TP
4564,1.0,LONG_TP,LONG_TP
4565,1.0,LONG_TP,LONG_TP
4566,1.0,LONG_TP,LONG_TP
4567,1.0,LONG_TP,LONG_TP
4568,1.0,LONG_TP,LONG_TP
4569,1.0,LONG_TP,LONG_TP
4570,1.0,LONG_TP,LONG_TP
4571,-1.0,SHORT_TP,SHORT_TP
4572,-1.0,SHORT_TP,SHORT_TP
4573,-1.0,SHORT_TP,SHORT_TP
4574,-1.0,SHORT_TP,SHORT_TP
4575,-1.0,SHORT_TP,SHORT_TP
4576,-1.0,SHORT_TP,SHORT_TP
4577,-1.0,SHORT_TP,SHORT_TP
4578,-1.0,SHORT_TP,SHORT_TP
4579,-1.0,SHORT_TP,SHORT_TP
4580,-1.0,SHORT_TP,SHORT_TP
4581,-1.0,SHORT_TP,SHORT_TP
4582,-1.0,SHORT_TP,SHORT_TP
4583,-1.0,SHORT_TP,SHORT_TP
4584,-1.0,SHORT_TP,SHORT_TP
4585,-1.0,SHORT_TP,SHORT_TP
4586,-1.0,SHORT_TP,SHORT_TP
4587,1.0,LONG_TP,LONG_TP
4588,-1.0,SHORT_TP,SHORT_TP
4589,1.0,LONG_TP,LONG_TP
4590,-1.0,SHORT_TP,SHORT_TP
4591,-1.0,SHORT_TP,SHORT_TP
4592,1.0,LONG_TP,LONG_TP
4593,1.0,LONG_TP,LONG_TP
4594,1.0,LONG_TP,LONG_TP
4595,1.0,LONG_TP,LONG_TP
4596,1.0,LONG_TP,LONG_TP
4597,1.0,LONG_TP,LONG_TP
4598,1.0,LONG_TP,LONG_TP
4599,1.0,LONG_TP,LONG_TP
4600,1.0,LONG_TP,LONG_TP
4601,1.0,LONG_TP,LONG_TP
4602,1.0,LONG_TP,LONG_TP
4603,1.0,LONG_TP,LONG_TP
4604,1.0,LONG_TP,LONG_TP
4605,1.0,LONG_TP,LONG_TP
4606,1.0,LONG_TP,LONG_TP
4607,1.0,LONG_TP,LONG_TP
4608,1.0,LONG_TP,LONG_TP
4609,1.0,LONG_TP,LONG_TP
4610,1.0,LONG_TP,LONG_TP
4611,1.0,LONG_TP,LONG_TP
4612,-1.0,SHORT_TP,SHORT_TP
4613,-1.0,SHORT_TP,SHORT_TP
4614,-1.0,SHORT_TP,SHORT_TP
4615,-1.0,SHORT_TP,SHORT_TP
4616,-1.0,SHORT_TP,SHORT_TP
4617,-1.0,SHORT_TP,SHORT_TP
4618,-1.0,SHORT_TP,SHORT_TP
4619,-1.0,SHORT_TP,SHORT_TP
4620,-1.0,SHORT_TP,SHORT_TP
4621,-1.0,SHORT_TP,SHORT_TP
4622,-1.0,SHORT_TP,SHORT_TP
4623,-1.0,SHORT_TP,SHORT_TP
4624,-1.0,SHORT_TP,SHORT_TP
4625,-1.0,SHORT_TP,SHORT_TP
4626,-1.0,SHORT_TP,SHORT_TP
4627,-1.0,SHORT_TP,SHORT_TP
4628,-1.0,SHORT_TP,SHORT_TP
4629,-1.0,SHORT_TP,SHORT_TP
4630,-1.0,SHORT_TP,SHORT_TP
4631,-1.0,SHORT_TP,SHORT_TP
4632,1.0,LONG_TP,LONG_TP
4633,1.0,LONG_TP,LONG_TP
4634,1.0,LONG_TP,LONG_TP
4635,-1.0,SHORT_TP,SHORT_TP
4636,-1.0,SHORT_TP,SHORT_TP
4637,1.0,LONG_TP,LONG_TP
4638,1.0,LONG_TP,LONG_TP
4639,1.0,LONG_TP,LONG_TP
4640,1.0,LONG_TP,LONG_TP
4641,1.0,LONG_TP,LONG_TP
4642,1.0,LONG_TP,LONG_TP
4643,1.0,LONG_TP,LONG_TP
4644,1.0,LONG_TP,LONG_TP
4645,1.0,LONG_TP,LONG_TP
4646,1.0,LONG_TP,LONG_TP
4647,1.0,LONG_TP,LONG_TP
4648,1.0,LONG_TP,LONG_TP
4649,1.0,LONG_TP,LONG_TP
4650,1.0,LONG_TP,LONG_TP
4651,1.0,LONG_TP,LONG_TP
4652,1.0,LONG_TP,LONG_TP
4653,1.0,LONG_TP,LONG_TP
4654,1.0,LONG_TP,LONG_TP
4655,1.0,LONG_TP,LONG_TP
4656,1.0,LONG_TP,LONG_TP
4657,1.0,LONG_TP,LONG_TP
4658,1.0,LONG_TP,LONG_TP
4659,1.0,LONG_TP,LONG_TP
4660,1.0,LONG_TP,LONG_TP
4661,1.0,LONG_TP,LONG_TP
4662,1.0,LONG_TP,LONG_TP
4663,1.0,LONG_TP,LONG_TP
4664,1.0,LONG_TP,LONG_TP
4665,1.0,LONG_TP,LONG_TP
4666,1.0,LONG_TP,LONG_TP
4667,1.0,LONG_TP,LONG_TP
4668,1.0,LONG_TP,LONG_TP
4669,1.0,LONG_TP,LONG_TP
4670,1.0,LONG_TP,LONG_TP
4671,1.0,LONG_TP,LONG_TP
4672,1.0,LONG_TP,LONG_TP
4673,1.0,LONG_TP,LONG_TP
4674,1.0,LONG_TP,LONG_TP
4675,1.0,LONG_TP,LONG_TP
4676,1.0,LONG_TP,LONG_TP
4677,1.0,LONG_TP,LONG_TP
4678,1.0,LONG_TP,LONG_TP
4679,1.0,LONG_TP,LONG_TP
4680,1.0,LONG_TP,LONG_TP
4681,1.0,LONG_TP,LONG_TP
4682,1.0,LONG_TP,LONG_TP
4683,1.0,LONG_TP,LONG_TP
4684,-1.0,SHORT_TP,SHORT_TP
4685,-1.0,SHORT_TP,SHORT_TP
4686,-1.0,SHORT_TP,SHORT_TP
4687,-1.0,SHORT_TP,SHORT_TP
4688,-1.0,SHORT_TP,SHORT_TP
4689,-1.0,SHORT_TP,SHORT_TP
4690,-1.0,SHORT_TP,SHORT_TP
4691,-1.0,SHORT_TP,SHORT_TP
4692,-1.0,SHORT_TP,SHORT_TP
4693,-1.0,SHORT_TP,SHORT_TP
4694,-1.0,SHORT_TP,SHORT_TP
4695,-1.0,SHORT_TP,SHORT_TP
4696,-1.0,SHORT_TP,SHORT_TP
4697,-1.0,SHORT_TP,SHORT_TP
4698,-1.0,SHORT_TP,SHORT_TP
4699,-1.0,SHORT_TP,SHORT_TP
4700,-1.0,SHORT_TP,SHORT_TP
4701,-1.0,SHORT_TP,SHORT_TP
4702,-1.0,SHORT_TP,SHORT_TP
4703,-1.0,SHORT_TP,SHORT_TP
4704,-1.0,SHORT_TP,SHORT_TP
4705,-1.0,SHORT_TP,SHORT_TP
4706,-1.0,SHORT_TP,SHORT_TP
4707,-1.0,SHORT_TP,SHORT_TP
4708,-1.0,SHORT_TP,SHORT_TP
4709,-1.0,SHORT_TP,SHORT_TP
4710,-1.0,SHORT_TP,SHORT_TP
4711,-1.0,SHORT_TP,SHORT_TP
4712,-1.0,SHORT_TP,SHORT_TP
4713,-1.0,SHORT_TP,SHORT_TP
4714,-1.0,SHORT_TP,SHORT_TP
4715,1.0,LONG_TP,LONG_TP
4716,1.0,LONG_TP,LONG_TP
4717,1.0,LONG_TP,LONG_TP
4718,1.0,LONG_TP,LONG_TP
4719,-1.0,SHORT_TP,SHORT_TP
4720,1.0,LONG_TP,LONG_TP
4721,1.0,LONG_TP,LONG_TP
4722,-1.0,SHORT_TP,SHORT_TP
4723,-1.0,SHORT_TP,SHORT_TP
4724,-1.0,SHORT_TP,SHORT_TP
4725,-1.0,SHORT_TP,SHORT_TP
4726,-1.0,SHORT_TP,SHORT_TP
4727,-1.0,SHORT_TP,SHORT_TP
4728,-1.0,SHORT_TP,SHORT_TP
4729,-1.0,SHORT_TP,SHORT_TP
4730,-1.0,SHORT_TP,SHORT_TP
4731,-1.0,SHORT_TP,SHORT_TP
4732,-1.0,SHORT_TP,SHORT_TP
4733,-1.0,SHORT_TP,SHORT_TP
4734,-1.0,SHORT_TP,SHORT_TP
4735,1.0,LONG_TP,LONG_TP
4736,1.0,LONG_TP,LONG_TP
4737,1.0,LONG_TP,LONG_TP
4738,1.0,LONG_TP,LONG_TP
4739,1.0,LONG_TP,LONG_TP
4740,1.0,LONG_TP,LONG_TP
4741,1.0,LONG_TP,LONG_TP
4742,1.0,LONG_TP,LONG_TP
4743,1.0,LONG_TP,LONG_TP
4744,1.0,LONG_TP,LONG_TP
4745,1.0,LONG_TP,LONG_TP
4746,1.0,LONG_TP,LONG_TP
4747,1.0,LONG_TP,LONG_TP
4748,1.0,LONG_TP,LONG_TP
4749,1.0,LONG_TP,LONG_TP
4750,-1.0,SHORT_TP,SHORT_TP
4751,-1.0,SHORT_TP,SHORT_TP
4752,-1.0,SHORT_TP,SHORT_TP
4753,-1.0,SHORT_TP,SHORT_TP
4754,-1.0,SHORT_TP,SHORT_TP
4755,1.0,LONG_TP,LONG_TP
4756,1.0,LONG_TP,LONG_TP
4757,1.0,LONG_TP,LONG_TP
4758,1.0,LONG_TP,LONG_TP
4759,1.0,LONG_TP,LONG_TP
4760,1.0,LONG_TP,LONG_TP
4761,1.0,LONG_TP,LONG_TP
4762,1.0,LONG_TP,LONG_TP
4763,1.0,LONG_TP,LONG_TP
4764,1.0,LONG_TP,LONG_TP
4765,1.0,LONG_TP,LONG_TP
4766,1.0,LONG_TP,LONG_TP
4767,1.0,LONG_TP,LONG_TP
4768,1.0,LONG_TP,LONG_TP
4769,1.0,LONG_TP,LONG_TP
4770,1.0,LONG_TP,LONG_TP
4771,1.0,LONG_TP,LONG_TP
4772,1.0,LONG_TP,LONG_TP
4773,1.0,LONG_TP,LONG_TP
4774,1.0,LONG_TP,LONG_TP
4775,1.0,LONG_TP,LONG_TP
4776,1.0,LONG_TP,LONG_TP
4777,-1.0,SHORT_TP,SHORT_TP
4778,-1.0,SHORT_TP,SHORT_TP
4779,-1.0,SHORT_TP,SHORT_TP
4780,-1.0,SHORT_TP,SHORT_TP
4781,-1.0,SHORT_TP,SHORT_TP
4782,-1.0,SHORT_TP,SHORT_TP
4783,-1.0,SHORT_TP,SHORT_TP
4784,-1.0,SHORT_TP,SHORT_TP
4785,-1.0,SHORT_TP,SHORT_TP
4786,-1.0,SHORT_TP,SHORT_TP
4787,-1.0,SHORT_TP,SHORT_TP
4788,-1.0,SHORT_TP,SHORT_TP
4789,-1.0,SHORT_TP,SHORT_TP
4790,-1.0,SHORT_TP,SHORT_TP
4791,-1.0,SHORT_TP,SHORT_TP
4792,-1.0,SHORT_TP,SHORT_TP
4793,-1.0,SHORT_TP,SHORT_TP
4794,-1.0,SHORT_TP,SHORT_TP
4795,-1.0,SHORT_TP,SHORT_TP
4796,1.0,LONG_TP,LONG_TP
4797,-1.0,SHORT_TP,SHORT_TP
4798,-1.0,SHORT_TP,SHORT_TP
4799,-1.0,SHORT_TP,SHORT_TP
4800,-1.0,SHORT_TP,SHORT_TP
4801,-1.0,SHORT_TP,SHORT_TP
4802,-1.0,SHORT_TP,SHORT_TP
4803,-1.0,SHORT_TP,SHORT_TP
4804,-1.0,SHORT_TP,SHORT_TP
4805,-1.0,SHORT_TP,SHORT_TP
4806,-1.0,SHORT_TP,SHORT_TP
4807,-1.0,SHORT_TP,SHORT_TP
4808,-1.0,SHORT_TP,SHORT_TP
4809,1.0,LONG_TP,LONG_TP
4810,1.0,LONG_TP,LONG_TP
4811,-1.0,SHORT_TP,SHORT_TP
4812,-1.0,SHORT_TP,SHORT_TP
4813,-1.0,SHORT_TP,SHORT_TP
4814,-1.0,SHORT_TP,SHORT_TP
4815,-1.0,SHORT_TP,SHORT_TP
4816,-1.0,SHORT_TP,SHORT_TP
4817,-1.0,SHORT_TP,SHORT_TP
4818,-1.0,SHORT_TP,SHORT_TP
4819,-1.0,SHORT_TP,SHORT_TP
4820,-1.0,SHORT_TP,SHORT_TP
4821,-1.0,SHORT_TP,SHORT_TP
4822,-1.0,SHORT_TP,SHORT_TP
4823,-1.0,SHORT_TP,SHORT_TP
4824,-1.0,SHORT_TP,SHORT_TP
4825,-1.0,SHORT_TP,SHORT_TP
4826,-1.0,SHORT_TP,SHORT_TP
4827,-1.0,SHORT_TP,SHORT_TP
4828,-1.0,SHORT_TP,SHORT_TP
4829,-1.0,SHORT_TP,SHORT_TP
4830,-1.0,SHORT_TP,SHORT_TP
4831,-1.0,SHORT_TP,SHORT_TP
4832,-1.0,SHORT_TP,SHORT_TP
4833,-1.0,SHORT_TP,SHORT_TP
4834,-1.0,SHORT_TP,SHORT_TP
4835,-1.0,SHORT_TP,SHORT_TP
4836,-1.0,SHORT_TP,SHORT_TP
4837,-1.0,SHORT_TP,SHORT_TP
4838,-1.0,SHORT_TP,SHORT_TP
4839,-1.0,SHORT_TP,SHORT_TP
4840,-1.0,SHORT_TP,SHORT_TP
4841,-1.0,SHORT_TP,SHORT_TP
4842,-1.0,SHORT_TP,SHORT_TP
4843,-1.0,SHORT_TP,SHORT_TP
4844,-1.0,SHORT_TP,SHORT_TP
4845,-1.0,SHORT_TP,SHORT_TP
4846,1.0,LONG_TP,LONG_TP
4847,1.0,LONG_TP,LONG_TP
4848,1.0,LONG_TP,LONG_TP
4849,1.0,LONG_TP,LONG_TP
4850,1.0,LONG_TP,LONG_TP
4851,1.0,LONG_TP,LONG_TP
4852,1.0,LONG_TP,LONG_TP
4853,1.0,LONG_TP,LONG_TP
4854,1.0,LONG_TP,LONG_TP
4855,1.0,LONG_TP,LONG_TP
4856,1.0,LONG_TP,LONG_TP
4857,1.0,LONG_TP,LONG_TP
4858,1.0,LONG_TP,LONG_TP
4859,1.0,LONG_TP,LONG_TP
4860,1.0,LONG_TP,LONG_TP
4861,1.0,LONG_TP,LONG_TP
4862,1.0,LONG_TP,LONG_TP
4863,1.0,LONG_TP,LONG_TP
4864,1.0,LONG_TP,LONG_TP
4865,1.0,LONG_TP,LONG_TP
4866,1.0,LONG_TP,LONG_TP
4867,1.0,LONG_TP,LONG_TP
4868,1.0,LONG_TP,LONG_TP
4869,1.0,LONG_TP,LONG_TP
4870,1.0,LONG_TP,LONG_TP
4871,1.0,LONG_TP,LONG_TP
4872,1.0,LONG_TP,LONG_TP
4873,1.0,LONG_TP,LONG_TP
4874,1.0,LONG_TP,LONG_TP
4875,1.0,LONG_TP,LONG_TP
4876,1.0,LONG_TP,LONG_TP
4877,1.0,LONG_TP,LONG_TP
4878,1.0,LONG_TP,LONG_TP
4879,1.0,LONG_TP,LONG_TP
4880,1.0,LONG_TP,LONG_TP
4881,1.0,LONG_TP,LONG_TP
4882,1.0,LONG_TP,LONG_TP
4883,1.0,LONG_TP,LONG_TP
4884,1.0,LONG_TP,LONG_TP
4885,1.0,LONG_TP,LONG_TP
4886,1.0,LONG_TP,LONG_TP
4887,1.0,LONG_TP,LONG_TP
4888,1.0,LONG_TP,LONG_TP
4889,1.0,LONG_TP,LONG_TP
4890,-1.0,SHORT_TP,SHORT_TP
4891,-1.0,SHORT_TP,SHORT_TP
4892,1.0,LONG_TP,LONG_TP
4893,-1.0,SHORT_TP,SHORT_TP
4894,-1.0,SHORT_TP,SHORT_TP
4895,-1.0,SHORT_TP,SHORT_TP
4896,-1.0,SHORT_TP,SHORT_TP
4897,-1.0,SHORT_TP,SHORT_TP
4898,-1.0,SHORT_TP,SHORT_TP
4899,-1.0,SHORT_TP,SHORT_TP
4900,-1.0,SHORT_TP,SHORT_TP
4901,-1.0,SHORT_TP,SHORT_TP
4902,-1.0,SHORT_TP,SHORT_TP
4903,-1.0,SHORT_TP,SHORT_TP
4904,-1.0,SHORT_TP,SHORT_TP
4905,-1.0,SHORT_TP,SHORT_TP
4906,-1.0,SHORT_TP,SHORT_TP
4907,-1.0,SHORT_TP,SHORT_TP
4908,-1.0,SHORT_TP,SHORT_TP
4909,-1.0,SHORT_TP,SHORT_TP
4910,-1.0,SHORT_TP,SHORT_TP
4911,-1.0,SHORT_TP,SHORT_TP
4912,-1.0,SHORT_TP,SHORT_TP
4913,-1.0,SHORT_TP,SHORT_TP
4914,-1.0,SHORT_TP,SHORT_TP
4915,-1.0,SHORT_TP,SHORT_TP
4916,-1.0,SHORT_TP,SHORT_TP
4917,-1.0,SHORT_TP,SHORT_TP
4918,1.0,LONG_TP,LONG_TP
4919,1.0,LONG_TP,LONG_TP
4920,1.0,LONG_TP,LONG_TP
4921,1.0,LONG_TP,LONG_TP
4922,1.0,LONG_TP,LONG_TP
4923,1.0,LONG_TP,LONG_TP
4924,1.0,LONG_TP,LONG_TP
4925,1.0,LONG_TP,LONG_TP
4926,1.0,LONG_TP,LONG_TP
4927,1.0,LONG_TP,LONG_TP
4928,1.0,LONG_TP,LONG_TP
4929,1.0,LONG_TP,LONG_TP
4930,1.0,LONG_TP,LONG_TP
4931,1.0,LONG_TP,LONG_TP
4932,1.0,LONG_TP,LONG_TP
4933,1.0,LONG_TP,LONG_TP
4934,1.0,LONG_TP,LONG_TP
4935,1.0,LONG_TP,LONG_TP
4936,1.0,LONG_TP,LONG_TP
4937,1.0,LONG_TP,LONG_TP
4938,1.0,LONG_TP,LONG_TP
4939,1.0,LONG_TP,LONG_TP
4940,1.0,LONG_TP,LONG_TP
4941,-1.0,SHORT_TP,SHORT_TP
4942,-1.0,SHORT_TP,SHORT_TP
4943,-1.0,SHORT_TP,SHORT_TP
4944,1.0,LONG_TP,LONG_TP
4945,1.0,LONG_TP,LONG_TP
4946,-1.0,SHORT_TP,SHORT_TP
4947,-1.0,SHORT_TP,SHORT_TP
4948,-1.0,SHORT_TP,SHORT_TP
4949,-1.0,SHORT_TP,SHORT_TP
4950,-1.0,SHORT_TP,SHORT_TP
4951,-1.0,SHORT_TP,SHORT_TP
4952,-1.0,SHORT_TP,SHORT_TP
4953,-1.0,SHORT_TP,SHORT_TP
4954,1.0,LONG_TP,LONG_TP
4955,1.0,LONG_TP,LONG_TP
4956,-1.0,SHORT_TP,SHORT_TP
4957,-1.0,SHORT_TP,SHORT_TP
4958,-1.0,SHORT_TP,SHORT_TP
4959,1.0,LONG_TP,LONG_TP
4960,1.0,LONG_TP,LONG_TP
4961,-1.0,SHORT_TP,SHORT_TP
4962,-1.0,SHORT_TP,SHORT_TP
4963,-1.0,SHORT_TP,SHORT_TP
4964,-1.0,SHORT_TP,SHORT_TP
4965,-1.0,SHORT_TP,SHORT_TP
4966,-1.0,SHORT_TP,SHORT_TP
4967,-1.0,SHORT_TP,SHORT_TP
4968,-1.0,SHORT_TP,SHORT_TP
4969,-1.0,SHORT_TP,SHORT_TP
4970,-1.0,SHORT_TP,SHORT_TP
4971,-1.0,SHORT_TP,SHORT_TP
4972,-1.0,SHORT_TP,SHORT_TP
4973,-1.0,SHORT_TP,SHORT_TP
4974,1.0,LONG_TP,LONG_TP
4975,1.0,LONG_TP,LONG_TP
4976,1.0,LONG_TP,LONG_TP
4977,1.0,LONG_TP,LONG_TP
4978,1.0,LONG_TP,LONG_TP
4979,-1.0,SHORT_TP,SHORT_TP
4980,-1.0,SHORT_TP,SHORT_TP
4981,-1.0,SHORT_TP,SHORT_TP
4982,-1.0,SHORT_TP,SHORT_TP
4983,-1.0,SHORT_TP,SHORT_TP
4984,-1.0,SHORT_TP,SHORT_TP
4985,-1.0,SHORT_TP,SHORT_TP
4986,-1.0,SHORT_TP,SHORT_TP
4987,-1.0,SHORT_TP,SHORT_TP
4988,-1.0,SHORT_TP,SHORT_TP
4989,-1.0,SHORT_TP,SHORT_TP
4990,1.0,LONG_TP,LONG_TP
4991,-1.0,SHORT_TP,SHORT_TP
4992,-1.0,SHORT_TP,SHORT_TP
4993,-1.0,SHORT_TP,SHORT_TP
4994,-1.0,SHORT_TP,SHORT_TP
4995,-1.0,SHORT_TP,SHORT_TP
4996,-1.0,SHORT_TP,SHORT_TP
4997,1.0,LONG_TP,LONG_TP
4998,1.0,LONG_TP,LONG_TP
4999,1.0,LONG_TP,LONG_TP
5000,1.0,LONG_TP,LONG_TP
5001,-1.0,SHORT_TP,SHORT_TP
5002,-1.0,SHORT_TP,SHORT_TP
5003,1.0,LONG_TP,LONG_TP
5004,1.0,LONG_TP,LONG_TP
5005,1.0,LONG_TP,LONG_TP
5006,1.0,LONG_TP,LONG_TP
5007,1.0,LONG_TP,LONG_TP
5008,1.0,LONG_TP,LONG_TP
5009,1.0,LONG_TP,LONG_TP
5010,-1.0,SHORT_TP,SHORT_TP
5011,-1.0,SHORT_TP,SHORT_TP
5012,-1.0,SHORT_TP,SHORT_TP
5013,-1.0,SHORT_TP,SHORT_TP
5014,-1.0,SHORT_TP,SHORT_TP
5015,-1.0,SHORT_TP,SHORT_TP
5016,-1.0,SHORT_TP,SHORT_TP
5017,-1.0,SHORT_TP,SHORT_TP
5018,-1.0,SHORT_TP,SHORT_TP
5019,-1.0,SHORT_TP,SHORT_TP
5020,-1.0,SHORT_TP,SHORT_TP
5021,-1.0,SHORT_TP,SHORT_TP
5022,-1.0,SHORT_TP,SHORT_TP
5023,-1.0,SHORT_TP,SHORT_TP
5024,-1.0,SHORT_TP,SHORT_TP
5025,-1.0,SHORT_TP,SHORT_TP
5026,1.0,LONG_TP,LONG_TP
5027,1.0,LONG_TP,LONG_TP
5028,1.0,LONG_TP,LONG_TP
5029,1.0,LONG_TP,LONG_TP
5030,1.0,LONG_TP,LONG_TP
5031,1.0,LONG_TP,LONG_TP
5032,1.0,LONG_TP,LONG_TP
5033,1.0,LONG_TP,LONG_TP
5034,1.0,LONG_TP,LONG_TP
5035,1.0,LONG_TP,LONG_TP
5036,1.0,LONG_TP,LONG_TP
5037,-1.0,SHORT_TP,SHORT_TP
5038,-1.0,SHORT_TP,SHORT_TP
5039,-1.0,SHORT_TP,SHORT_TP
5040,-1.0,SHORT_TP,SHORT_TP
5041,-1.0,SHORT_TP,SHORT_TP
5042,-1.0,SHORT_TP,SHORT_TP
5043,-1.0,SHORT_TP,SHORT_TP
5044,-1.0,SHORT_TP,SHORT_TP
5045,-1.0,SHORT_TP,SHORT_TP
5046,-1.0,SHORT_TP,SHORT_TP
5047,-1.0,SHORT_TP,SHORT_TP
5048,-1.0,SHORT_TP,SHORT_TP
5049,-1.0,SHORT_TP,SHORT_TP
5050,-1.0,SHORT_TP,SHORT_TP
5051,-1.0,SHORT_TP,SHORT_TP
5052,-1.0,SHORT_TP,SHORT_TP
5053,1.0,LONG_TP,LONG_TP
5054,1.0,LONG_TP,LONG_TP
5055,1.0,LONG_TP,LONG_TP
5056,1.0,LONG_TP,LONG_TP
5057,-1.0,SHORT_TP,SHORT_TP
5058,-1.0,SHORT_TP,SHORT_TP
5059,-1.0,SHORT_TP,SHORT_TP
5060,-1.0,SHORT_TP,SHORT_TP
5061,-1.0,SHORT_TP,SHORT_TP
5062,-1.0,SHORT_TP,SHORT_TP
5063,-1.0,SHORT_TP,SHORT_TP
5064,-1.0,SHORT_TP,SHORT_TP
5065,-1.0,SHORT_TP,SHORT_TP
5066,-1.0,SHORT_TP,SHORT_TP
5067,1.0,LONG_TP,LONG_TP
5068,-1.0,SHORT_TP,SHORT_TP
5069,-1.0,SHORT_TP,SHORT_TP
5070,1.0,LONG_TP,LONG_TP
5071,1.0,LONG_TP,LONG_TP
5072,1.0,LONG_TP,LONG_TP
5073,1.0,LONG_TP,LONG_TP
5074,1.0,LONG_TP,LONG_TP
5075,1.0,LONG_TP,LONG_TP
5076,1.0,LONG_TP,LONG_TP
5077,1.0,LONG_TP,LONG_TP
5078,1.0,LONG_TP,LONG_TP
5079,1.0,LONG_TP,LONG_TP
5080,-1.0,SHORT_TP,SHORT_TP
5081,1.0,LONG_TP,LONG_TP
5082,1.0,LONG_TP,LONG_TP
5083,-1.0,SHORT_TP,SHORT_TP
5084,-1.0,SHORT_TP,SHORT_TP
5085,-1.0,SHORT_TP,SHORT_TP
5086,-1.0,SHORT_TP,SHORT_TP
5087,-1.0,SHORT_TP,SHORT_TP
5088,-1.0,SHORT_TP,SHORT_TP
5089,-1.0,SHORT_TP,SHORT_TP
5090,-1.0,SHORT_TP,SHORT_TP
5091,-1.0,SHORT_TP,SHORT_TP
5092,-1.0,SHORT_TP,SHORT_TP
5093,-1.0,SHORT_TP,SHORT_TP
5094,-1.0,SHORT_TP,SHORT_TP
5095,-1.0,SHORT_TP,SHORT_TP
5096,-1.0,SHORT_TP,SHORT_TP
5097,-1.0,SHORT_TP,SHORT_TP
5098,-1.0,SHORT_TP,SHORT_TP
5099,-1.0,SHORT_TP,SHORT_TP
5100,-1.0,SHORT_TP,SHORT_TP
5101,-1.0,SHORT_TP,SHORT_TP
5102,-1.0,SHORT_TP,SHORT_TP
5103,-1.0,SHORT_TP,SHORT_TP
5104,-1.0,SHORT_TP,SHORT_TP
5105,-1.0,SHORT_TP,SHORT_TP
5106,-1.0,SHORT_TP,SHORT_TP
5107,-1.0,SHORT_TP,SHORT_TP
5108,-1.0,SHORT_TP,SHORT_TP
5109,-1.0,SHORT_TP,SHORT_TP
5110,-1.0,SHORT_TP,SHORT_TP
5111,-1.0,SHORT_TP,SHORT_TP
5112,-1.0,SHORT_TP,SHORT_TP
5113,-1.0,SHORT_TP,SHORT_TP
5114,-1.0,SHORT_TP,SHORT_TP
5115,-1.0,SHORT_TP,SHORT_TP
5116,-1.0,SHORT_TP,SHORT_TP
5117,-1.0,SHORT_TP,SHORT_TP
5118,1.0,LONG_TP,LONG_TP
5119,1.0,LONG_TP,LONG_TP
5120,-1.0,SHORT_TP,SHORT_TP
5121,-1.0,SHORT_TP,SHORT_TP
5122,-1.0,SHORT_TP,SHORT_TP
5123,1.0,LONG_TP,LONG_TP
5124,1.0,LONG_TP,LONG_TP
5125,-1.0,SHORT_TP,SHORT_TP
5126,-1.0,SHORT_TP,SHORT_TP
5127,-1.0,SHORT_TP,SHORT_TP
5128,1.0,LONG_TP,LONG_TP
5129,1.0,LONG_TP,LONG_TP
5130,1.0,LONG_TP,LONG_TP
5131,1.0,LONG_TP,LONG_TP
5132,1.0,LONG_TP,LONG_TP
5133,1.0,LONG_TP,LONG_TP
5134,1.0,LONG_TP,LONG_TP
5135,1.0,LONG_TP,LONG_TP
5136,1.0,LONG_TP,LONG_TP
5137,1.0,LONG_TP,LONG_TP
5138,1.0,LONG_TP,LONG_TP
5139,1.0,LONG_TP,LONG_TP
5140,1.0,LONG_TP,LONG_TP
5141,1.0,LONG_TP,LONG_TP
5142,1.0,LONG_TP,LONG_TP
5143,1.0,LONG_TP,LONG_TP
5144,1.0,LONG_TP,LONG_TP
5145,1.0,LONG_TP,LONG_TP
5146,1.0,LONG_TP,LONG_TP
5147,1.0,LONG_TP,LONG_TP
5148,1.0,LONG_TP,LONG_TP
5149,-1.0,SHORT_TP,SHORT_TP
5150,-1.0,SHORT_TP,SHORT_TP
5151,-1.0,SHORT_TP,SHORT_TP
5152,-1.0,SHORT_TP,SHORT_TP
5153,-1.0,SHORT_TP,SHORT_TP
5154,-1.0,SHORT_TP,SHORT_TP
5155,-1.0,SHORT_TP,SHORT_TP
5156,-1.0,SHORT_TP,SHORT_TP
5157,-1.0,SHORT_TP,SHORT_TP
5158,-1.0,SHORT_TP,SHORT_TP
5159,-1.0,SHORT_TP,SHORT_TP
5160,-1.0,SHORT_TP,SHORT_TP
5161,-1.0,SHORT_TP,SHORT_TP
5162,-1.0,SHORT_TP,SHORT_TP
5163,-1.0,SHORT_TP,SHORT_TP
5164,-1.0,SHORT_TP,SHORT_TP
5165,-1.0,SHORT_TP,SHORT_TP
5166,-1.0,SHORT_TP,SHORT_TP
5167,-1.0,SHORT_TP,SHORT_TP
5168,-1.0,SHORT_TP,SHORT_TP
5169,-1.0,SHORT_TP,SHORT_TP
5170,-1.0,SHORT_TP,SHORT_TP
5171,-1.0,SHORT_TP,SHORT_TP
5172,-1.0,SHORT_TP,SHORT_TP
5173,-1.0,SHORT_TP,SHORT_TP
5174,-1.0,SHORT_TP,SHORT_TP
5175,-1.0,SHORT_TP,SHORT_TP
5176,-1.0,SHORT_TP,SHORT_TP
5177,-1.0,SHORT_TP,SHORT_TP
5178,-1.0,SHORT_TP,SHORT_TP
5179,-1.0,SHORT_TP,SHORT_TP
5180,-1.0,SHORT_TP,SHORT_TP
5181,-1.0,SHORT_TP,SHORT_TP
5182,-1.0,SHORT_TP,SHORT_TP
5183,-1.0,SHORT_TP,SHORT_TP
5184,-1.0,SHORT_TP,SHORT_TP
5185,-1.0,SHORT_TP,SHORT_TP
5186,1.0,LONG_TP,LONG_TP
5187,1.0,LONG_TP,LONG_TP
5188,1.0,LONG_TP,LONG_TP
5189,1.0,LONG_TP,LONG_TP
5190,1.0,LONG_TP,LONG_TP
5191,1.0,LONG_TP,LONG_TP
5192,1.0,LONG_TP,LONG_TP
5193,1.0,LONG_TP,LONG_TP
5194,1.0,LONG_TP,LONG_TP
5195,1.0,LONG_TP,LONG_TP
5196,1.0,LONG_TP,LONG_TP
5197,1.0,LONG_TP,LONG_TP
5198,1.0,LONG_TP,LONG_TP
5199,1.0,LONG_TP,LONG_TP
5200,1.0,LONG_TP,LONG_TP
5201,1.0,LONG_TP,LONG_TP
5202,1.0,LONG_TP,LONG_TP
5203,1.0,LONG_TP,LONG_TP
5204,-1.0,SHORT_TP,SHORT_TP
5205,-1.0,SHORT_TP,SHORT_TP
5206,-1.0,SHORT_TP,SHORT_TP
5207,-1.0,SHORT_TP,SHORT_TP
5208,-1.0,SHORT_TP,SHORT_TP
5209,-1.0,SHORT_TP,SHORT_TP
5210,-1.0,SHORT_TP,SHORT_TP
5211,-1.0,SHORT_TP,SHORT_TP
5212,-1.0,SHORT_TP,SHORT_TP
5213,-1.0,SHORT_TP,SHORT_TP
5214,1.0,LONG_TP,LONG_TP
5215,-1.0,SHORT_TP,SHORT_TP
5216,-1.0,SHORT_TP,SHORT_TP
5217,-1.0,SHORT_TP,SHORT_TP
5218,-1.0,SHORT_TP,SHORT_TP
5219,-1.0,SHORT_TP,SHORT_TP
5220,-1.0,SHORT_TP,SHORT_TP
5221,-1.0,SHORT_TP,SHORT_TP
5222,-1.0,SHORT_TP,SHORT_TP
5223,-1.0,SHORT_TP,SHORT_TP
5224,-1.0,SHORT_TP,SHORT_TP
5225,-1.0,SHORT_TP,SHORT_TP
5226,-1.0,SHORT_TP,SHORT_TP
5227,-1.0,SHORT_TP,SHORT_TP
5228,-1.0,SHORT_TP,SHORT_TP
5229,-1.0,SHORT_TP,SHORT_TP
5230,-1.0,SHORT_TP,SHORT_TP
5231,-1.0,SHORT_TP,SHORT_TP
5232,-1.0,SHORT_TP,SHORT_TP
5233,-1.0,SHORT_TP,SHORT_TP
5234,-1.0,SHORT_TP,SHORT_TP
5235,-1.0,SHORT_TP,SHORT_TP
5236,-1.0,SHORT_TP,SHORT_TP
5237,-1.0,SHORT_TP,SHORT_TP
5238,-1.0,SHORT_TP,SHORT_TP
5239,-1.0,SHORT_TP,SHORT_TP
5240,-1.0,SHORT_TP,SHORT_TP
5241,-1.0,SHORT_TP,SHORT_TP
5242,-1.0,SHORT_TP,SHORT_TP
5243,-1.0,SHORT_TP,SHORT_TP
5244,-1.0,SHORT_TP,SHORT_TP
5245,-1.0,SHORT_TP,SHORT_TP
5246,-1.0,SHORT_TP,SHORT_TP
5247,-1.0,SHORT_TP,SHORT_TP
5248,-1.0,SHORT_TP,SHORT_TP
5249,-1.0,SHORT_TP,SHORT_TP
5250,1.0,LONG_TP,LONG_TP
5251,1.0,LONG_TP,LONG_TP
5252,1.0,LONG_TP,LONG_TP
5253,1.0,LONG_TP,LONG_TP
5254,1.0,LONG_TP,LONG_TP
5255,1.0,LONG_TP,LONG_TP
5256,1.0,LONG_TP,LONG_TP
5257,1.0,LONG_TP,LONG_TP
5258,1.0,LONG_TP,LONG_TP
5259,1.0,LONG_TP,LONG_TP
5260,1.0,LONG_TP,LONG_TP
5261,1.0,LONG_TP,LONG_TP
5262,-1.0,SHORT_TP,SHORT_TP
5263,-1.0,SHORT_TP,SHORT_TP
5264,-1.0,SHORT_TP,SHORT_TP
5265,-1.0,SHORT_TP,SHORT_TP
5266,-1.0,SHORT_TP,SHORT_TP
5267,-1.0,SHORT_TP,SHORT_TP
5268,-1.0,SHORT_TP,SHORT_TP
5269,-1.0,SHORT_TP,SHORT_TP
5270,-1.0,SHORT_TP,SHORT_TP
5271,-1.0,SHORT_TP,SHORT_TP
5272,-1.0,SHORT_TP,SHORT_TP
5273,-1.0,SHORT_TP,SHORT_TP
5274,-1.0,SHORT_TP,SHORT_TP
5275,-1.0,SHORT_TP,SHORT_TP
5276,-1.0,SHORT_TP,SHORT_TP
5277,-1.0,SHORT_TP,SHORT_TP
5278,-1.0,SHORT_TP,SHORT_TP
5279,-1.0,SHORT_TP,SHORT_TP
5280,-1.0,SHORT_TP,SHORT_TP
5281,-1.0,SHORT_TP,SHORT_TP
5282,-1.0,SHORT_TP,SHORT_TP
5283,-1.0,SHORT_TP,SHORT_TP
5284,-1.0,SHORT_TP,SHORT_TP
5285,-1.0,SHORT_TP,SHORT_TP
5286,-1.0,SHORT_TP,SHORT_TP
5287,-1.0,SHORT_TP,SHORT_TP
5288,-1.0,SHORT_TP,SHORT_TP
5289,-1.0,SHORT_TP,SHORT_TP
5290,-1.0,SHORT_TP,SHORT_TP
5291,-1.0,SHORT_TP,SHORT_TP
5292,-1.0,SHORT_TP,SHORT_TP
5293,-1.0,SHORT_TP,SHORT_TP
5294,1.0,LONG_TP,LONG_TP
5295,1.0,LONG_TP,LONG_TP
5296,-1.0,SHORT_TP,SHORT_TP
5297,1.0,LONG_TP,LONG_TP
5298,-1.0,SHORT_TP,SHORT_TP
5299,-1.0,SHORT_TP,SHORT_TP
5300,-1.0,SHORT_TP,SHORT_TP
5301,-1.0,SHORT_TP,SHORT_TP
5302,-1.0,SHORT_TP,SHORT_TP
5303,-1.0,SHORT_TP,SHORT_TP
5304,-1.0,SHORT_TP,SHORT_TP
5305,-1.0,SHORT_TP,SHORT_TP
5306,-1.0,SHORT_TP,SHORT_TP
5307,-1.0,SHORT_TP,SHORT_TP
5308,-1.0,SHORT_TP,SHORT_TP
5309,-1.0,SHORT_TP,SHORT_TP
5310,-1.0,SHORT_TP,SHORT_TP
5311,-1.0,SHORT_TP,SHORT_TP
5312,-1.0,SHORT_TP,SHORT_TP
5313,-1.0,SHORT_TP,SHORT_TP
5314,-1.0,SHORT_TP,SHORT_TP
5315,-1.0,SHORT_TP,SHORT_TP
5316,-1.0,SHORT_TP,SHORT_TP
5317,-1.0,SHORT_TP,SHORT_TP
5318,-1.0,SHORT_TP,SHORT_TP
5319,-1.0,SHORT_TP,SHORT_TP
5320,-1.0,SHORT_TP,SHORT_TP
5321,-1.0,SHORT_TP,SHORT_TP
5322,-1.0,SHORT_TP,SHORT_TP
5323,1.0,LONG_TP,LONG_TP
5324,1.0,LONG_TP,LONG_TP
5325,1.0,LONG_TP,LONG_TP
5326,1.0,LONG_TP,LONG_TP
5327,1.0,LONG_TP,LONG_TP
5328,1.0,LONG_TP,LONG_TP
5329,1.0,LONG_TP,LONG_TP
5330,1.0,LONG_TP,LONG_TP
5331,1.0,LONG_TP,LONG_TP
5332,1.0,LONG_TP,LONG_TP
5333,1.0,LONG_TP,LONG_TP
5334,-1.0,SHORT_TP,SHORT_TP
5335,-1.0,SHORT_TP,SHORT_TP
5336,-1.0,SHORT_TP,SHORT_TP
5337,1.0,LONG_TP,LONG_TP
5338,1.0,LONG_TP,LONG_TP
5339,1.0,LONG_TP,LONG_TP
5340,-1.0,SHORT_TP,SHORT_TP
5341,-1.0,SHORT_TP,SHORT_TP
5342,-1.0,SHORT_TP,SHORT_TP
5343,1.0,LONG_TP,LONG_TP
5344,1.0,LONG_TP,LONG_TP
5345,1.0,LONG_TP,LONG_TP
5346,1.0,LONG_TP,LONG_TP
5347,1.0,LONG_TP,LONG_TP
5348,1.0,LONG_TP,LONG_TP
5349,1.0,LONG_TP,LONG_TP
5350,1.0,LONG_TP,LONG_TP
5351,1.0,LONG_TP,LONG_TP
5352,1.0,LONG_TP,LONG_TP
5353,1.0,LONG_TP,LONG_TP
5354,1.0,LONG_TP,LONG_TP
5355,1.0,LONG_TP,LONG_TP
5356,1.0,LONG_TP,LONG_TP
5357,1.0,LONG_TP,LONG_TP
5358,1.0,LONG_TP,LONG_TP
5359,1.0,LONG_TP,LONG_TP
5360,1.0,LONG_TP,LONG_TP
5361,1.0,LONG_TP,LONG_TP
5362,1.0,LONG_TP,LONG_TP
5363,1.0,LONG_TP,LONG_TP
5364,1.0,LONG_TP,LONG_TP
5365,1.0,LONG_TP,LONG_TP
5366,1.0,LONG_TP,LONG_TP
5367,1.0,LONG_TP,LONG_TP
5368,1.0,LONG_TP,LONG_TP
5369,1.0,LONG_TP,LONG_TP
5370,1.0,LONG_TP,LONG_TP
5371,1.0,LONG_TP,LONG_TP
5372,1.0,LONG_TP,LONG_TP
5373,1.0,LONG_TP,LONG_TP
5374,1.0,LONG_TP,LONG_TP
5375,1.0,LONG_TP,LONG_TP
5376,1.0,LONG_TP,LONG_TP
5377,1.0,LONG_TP,LONG_TP
5378,1.0,LONG_TP,LONG_TP
5379,1.0,LONG_TP,LONG_TP
5380,1.0,LONG_TP,LONG_TP
5381,1.0,LONG_TP,LONG_TP
5382,1.0,LONG_TP,LONG_TP
5383,1.0,LONG_TP,LONG_TP
5384,1.0,LONG_TP,LONG_TP
5385,1.0,LONG_TP,LONG_TP
5386,1.0,LONG_TP,LONG_TP
5387,1.0,LONG_TP,LONG_TP
5388,1.0,LONG_TP,LONG_TP
5389,-1.0,SHORT_TP,SHORT_TP
5390,-1.0,SHORT_TP,SHORT_TP
5391,-1.0,SHORT_TP,SHORT_TP
5392,-1.0,SHORT_TP,SHORT_TP
5393,-1.0,SHORT_TP,SHORT_TP
5394,-1.0,SHORT_TP,SHORT_TP
5395,-1.0,SHORT_TP,SHORT_TP
5396,-1.0,SHORT_TP,SHORT_TP
5397,-1.0,SHORT_TP,SHORT_TP
5398,1.0,LONG_TP,LONG_TP
5399,1.0,LONG_TP,LONG_TP
5400,-1.0,SHORT_TP,SHORT_TP
5401,-1.0,SHORT_TP,SHORT_TP
5402,-1.0,SHORT_TP,SHORT_TP
5403,-1.0,SHORT_TP,SHORT_TP
5404,-1.0,SHORT_TP,SHORT_TP
5405,1.0,LONG_TP,LONG_TP
5406,1.0,LONG_TP,LONG_TP
5407,1.0,LONG_TP,LONG_TP
5408,1.0,LONG_TP,LONG_TP
5409,-1.0,SHORT_TP,SHORT_TP
5410,-1.0,SHORT_TP,SHORT_TP
5411,-1.0,SHORT_TP,SHORT_TP
5412,-1.0,SHORT_TP,SHORT_TP
5413,-1.0,SHORT_TP,SHORT_TP
5414,1.0,LONG_TP,LONG_TP
5415,1.0,LONG_TP,LONG_TP
5416,1.0,LONG_TP,LONG_TP
5417,1.0,LONG_TP,LONG_TP
5418,1.0,LONG_TP,LONG_TP
5419,1.0,LONG_TP,LONG_TP
5420,1.0,LONG_TP,LONG_TP
5421,1.0,LONG_TP,LONG_TP
5422,1.0,LONG_TP,LONG_TP
5423,1.0,LONG_TP,LONG_TP
5424,1.0,LONG_TP,LONG_TP
5425,1.0,LONG_TP,LONG_TP
5426,1.0,LONG_TP,LONG_TP
5427,1.0,LONG_TP,LONG_TP
5428,1.0,LONG_TP,LONG_TP
5429,1.0,LONG_TP,LONG_TP
5430,1.0,LONG_TP,LONG_TP
5431,1.0,LONG_TP,LONG_TP
5432,1.0,LONG_TP,LONG_TP
5433,1.0,LONG_TP,LONG_TP
5434,1.0,LONG_TP,LONG_TP
5435,1.0,LONG_TP,LONG_TP
5436,1.0,LONG_TP,LONG_TP
5437,1.0,LONG_TP,LONG_TP
5438,1.0,LONG_TP,LONG_TP
5439,1.0,LONG_TP,LONG_TP
5440,-1.0,SHORT_TP,SHORT_TP
5441,-1.0,SHORT_TP,SHORT_TP
5442,-1.0,SHORT_TP,SHORT_TP
5443,-1.0,SHORT_TP,SHORT_TP
5444,-1.0,SHORT_TP,SHORT_TP
5445,1.0,LONG_TP,LONG_TP
5446,1.0,LONG_TP,LONG_TP
5447,1.0,LONG_TP,LONG_TP
5448,1.0,LONG_TP,LONG_TP
5449,1.0,LONG_TP,LONG_TP
5450,1.0,LONG_TP,LONG_TP
5451,1.0,LONG_TP,LONG_TP
5452,1.0,LONG_TP,LONG_TP
5453,1.0,LONG_TP,LONG_TP
5454,1.0,LONG_TP,LONG_TP
5455,1.0,LONG_TP,LONG_TP
5456,1.0,LONG_TP,LONG_TP
5457,1.0,LONG_TP,LONG_TP
5458,1.0,LONG_TP,LONG_TP
5459,1.0,LONG_TP,LONG_TP
5460,1.0,LONG_TP,LONG_TP
5461,1.0,LONG_TP,LONG_TP
5462,1.0,LONG_TP,LONG_TP
5463,1.0,LONG_TP,LONG_TP
5464,1.0,LONG_TP,LONG_TP
5465,1.0,LONG_TP,LONG_TP
5466,1.0,LONG_TP,LONG_TP
5467,1.0,LONG_TP,LONG_TP
5468,1.0,LONG_TP,LONG_TP
5469,1.0,LONG_TP,LONG_TP
5470,1.0,LONG_TP,LONG_TP
5471,1.0,LONG_TP,LONG_TP
5472,1.0,LONG_TP,LONG_TP
5473,1.0,LONG_TP,LONG_TP
5474,-1.0,SHORT_TP,SHORT_TP
5475,1.0,LONG_TP,LONG_TP
5476,-1.0,SHORT_TP,SHORT_TP
5477,-1.0,SHORT_TP,SHORT_TP
5478,1.0,LONG_TP,LONG_TP
5479,1.0,LONG_TP,LONG_TP
5480,1.0,LONG_TP,LONG_TP
5481,1.0,LONG_TP,LONG_TP
5482,-1.0,SHORT_TP,SHORT_TP
5483,-1.0,SHORT_TP,SHORT_TP
5484,-1.0,SHORT_TP,SHORT_TP
5485,-1.0,SHORT_TP,SHORT_TP
5486,-1.0,SHORT_TP,SHORT_TP
5487,-1.0,SHORT_TP,SHORT_TP
5488,1.0,LONG_TP,LONG_TP
5489,1.0,LONG_TP,LONG_TP
5490,1.0,LONG_TP,LONG_TP
5491,1.0,LONG_TP,LONG_TP
5492,1.0,LONG_TP,LONG_TP
5493,1.0,LONG_TP,LONG_TP
5494,1.0,LONG_TP,LONG_TP
5495,-1.0,SHORT_TP,SHORT_TP
5496,1.0,LONG_TP,LONG_TP
5497,-1.0,SHORT_TP,SHORT_TP
5498,-1.0,SHORT_TP,SHORT_TP
5499,-1.0,SHORT_TP,SHORT_TP
5500,-1.0,SHORT_TP,SHORT_TP
5501,-1.0,SHORT_TP,SHORT_TP
5502,-1.0,SHORT_TP,SHORT_TP
5503,-1.0,SHORT_TP,SHORT_TP
5504,-1.0,SHORT_TP,SHORT_TP
5505,-1.0,SHORT_TP,SHORT_TP
5506,-1.0,SHORT_TP,SHORT_TP
5507,-1.0,SHORT_TP,SHORT_TP
5508,-1.0,SHORT_TP,SHORT_TP
5509,-1.0,SHORT_TP,SHORT_TP
5510,-1.0,SHORT_TP,SHORT_TP
5511,-1.0,SHORT_TP,SHORT_TP
5512,-1.0,SHORT_TP,SHORT_TP
5513,-1.0,SHORT_TP,SHORT_TP
5514,-1.0,SHORT_TP,SHORT_TP
5515,-1.0,SHORT_TP,SHORT_TP
5516,-1.0,SHORT_TP,SHORT_TP
5517,-1.0,SHORT_TP,SHORT_TP
5518,-1.0,SHORT_TP,SHORT_TP
5519,-1.0,SHORT_TP,SHORT_TP
5520,-1.0,SHORT_TP,SHORT_TP
5521,-1.0,SHORT_TP,SHORT_TP
5522,-1.0,SHORT_TP,SHORT_TP
5523,-1.0,SHORT_TP,SHORT_TP
5524,-1.0,SHORT_TP,SHORT_TP
5525,-1.0,SHORT_TP,SHORT_TP
5526,-1.0,SHORT_TP,SHORT_TP
5527,-1.0,SHORT_TP,SHORT_TP
5528,-1.0,SHORT_TP,SHORT_TP
5529,-1.0,SHORT_TP,SHORT_TP
5530,-1.0,SHORT_TP,SHORT_TP
5531,-1.0,SHORT_TP,SHORT_TP
5532,-1.0,SHORT_TP,SHORT_TP
5533,1.0,LONG_TP,LONG_TP
5534,1.0,LONG_TP,LONG_TP
5535,1.0,LONG_TP,LONG_TP
5536,1.0,LONG_TP,LONG_TP
5537,-1.0,SHORT_TP,SHORT_TP
5538,-1.0,SHORT_TP,SHORT_TP
5539,1.0,LONG_TP,LONG_TP
5540,1.0,LONG_TP,LONG_TP
5541,1.0,LONG_TP,LONG_TP
5542,1.0,LONG_TP,LONG_TP
5543,1.0,LONG_TP,LONG_TP
5544,1.0,LONG_TP,LONG_TP
5545,1.0,LONG_TP,LONG_TP
5546,1.0,LONG_TP,LONG_TP
5547,-1.0,SHORT_TP,SHORT_TP
5548,1.0,LONG_TP,LONG_TP
5549,1.0,LONG_TP,LONG_TP
5550,1.0,LONG_TP,LONG_TP
5551,1.0,LONG_TP,LONG_TP
5552,1.0,LONG_TP,LONG_TP
5553,1.0,LONG_TP,LONG_TP
5554,1.0,LONG_TP,LONG_TP
5555,1.0,LONG_TP,LONG_TP
5556,1.0,LONG_TP,LONG_TP
5557,1.0,LONG_TP,LONG_TP
5558,1.0,LONG_TP,LONG_TP
5559,1.0,LONG_TP,LONG_TP
5560,1.0,LONG_TP,LONG_TP
5561,1.0,LONG_TP,LONG_TP
5562,1.0,LONG_TP,LONG_TP
5563,1.0,LONG_TP,LONG_TP
5564,1.0,LONG_TP,LONG_TP
5565,1.0,LONG_TP,LONG_TP
5566,1.0,LONG_TP,LONG_TP
5567,1.0,LONG_TP,LONG_TP
5568,-1.0,SHORT_TP,SHORT_TP
5569,-1.0,SHORT_TP,SHORT_TP
5570,-1.0,SHORT_TP,SHORT_TP
5571,-1.0,SHORT_TP,SHORT_TP
5572,-1.0,SHORT_TP,SHORT_TP
5573,-1.0,SHORT_TP,SHORT_TP
5574,-1.0,SHORT_TP,SHORT_TP
5575,-1.0,SHORT_TP,SHORT_TP
5576,-1.0,SHORT_TP,SHORT_TP
5577,-1.0,SHORT_TP,SHORT_TP
5578,-1.0,SHORT_TP,SHORT_TP
5579,-1.0,SHORT_TP,SHORT_TP
5580,-1.0,SHORT_TP,SHORT_TP
5581,-1.0,SHORT_TP,SHORT_TP
5582,-1.0,SHORT_TP,SHORT_TP
5583,-1.0,SHORT_TP,SHORT_TP
5584,-1.0,SHORT_TP,SHORT_TP
5585,-1.0,SHORT_TP,SHORT_TP
5586,-1.0,SHORT_TP,SHORT_TP
5587,-1.0,SHORT_TP,SHORT_TP
5588,-1.0,SHORT_TP,SHORT_TP
5589,-1.0,SHORT_TP,SHORT_TP
5590,-1.0,SHORT_TP,SHORT_TP
5591,1.0,LONG_TP,LONG_TP
5592,-1.0,SHORT_TP,SHORT_TP
5593,-1.0,SHORT_TP,SHORT_TP
5594,1.0,LONG_TP,LONG_TP
5595,1.0,LONG_TP,LONG_TP
5596,1.0,LONG_TP,LONG_TP
5597,-1.0,SHORT_TP,SHORT_TP
5598,-1.0,SHORT_TP,SHORT_TP
5599,-1.0,SHORT_TP,SHORT_TP
5600,-1.0,SHORT_TP,SHORT_TP
5601,-1.0,SHORT_TP,SHORT_TP
5602,-1.0,SHORT_TP,SHORT_TP
5603,-1.0,SHORT_TP,SHORT_TP
5604,-1.0,SHORT_TP,SHORT_TP
5605,-1.0,SHORT_TP,SHORT_TP
5606,-1.0,SHORT_TP,SHORT_TP
5607,-1.0,SHORT_TP,SHORT_TP
5608,-1.0,SHORT_TP,SHORT_TP
5609,-1.0,SHORT_TP,SHORT_TP
5610,1.0,LONG_TP,LONG_TP
5611,-1.0,SHORT_TP,SHORT_TP
5612,-1.0,SHORT_TP,SHORT_TP
5613,-1.0,SHORT_TP,SHORT_TP
5614,-1.0,SHORT_TP,SHORT_TP
5615,-1.0,SHORT_TP,SHORT_TP
5616,-1.0,SHORT_TP,SHORT_TP
5617,-1.0,SHORT_TP,SHORT_TP
5618,-1.0,SHORT_TP,SHORT_TP
5619,-1.0,SHORT_TP,SHORT_TP
5620,-1.0,SHORT_TP,SHORT_TP
5621,-1.0,SHORT_TP,SHORT_TP
5622,-1.0,SHORT_TP,SHORT_TP
5623,-1.0,SHORT_TP,SHORT_TP
5624,-1.0,SHORT_TP,SHORT_TP
5625,-1.0,SHORT_TP,SHORT_TP
5626,-1.0,SHORT_TP,SHORT_TP
5627,-1.0,SHORT_TP,SHORT_TP
5628,-1.0,SHORT_TP,SHORT_TP
5629,-1.0,SHORT_TP,SHORT_TP
5630,-1.0,SHORT_TP,SHORT_TP
5631,-1.0,SHORT_TP,SHORT_TP
5632,-1.0,SHORT_TP,SHORT_TP
5633,-1.0,SHORT_TP,SHORT_TP
5634,-1.0,SHORT_TP,SHORT_TP
5635,-1.0,SHORT_TP,SHORT_TP
5636,-1.0,SHORT_TP,SHORT_TP
5637,-1.0,SHORT_TP,SHORT_TP
5638,-1.0,SHORT_TP,SHORT_TP
5639,-1.0,SHORT_TP,SHORT_TP
5640,-1.0,SHORT_TP,SHORT_TP
5641,-1.0,SHORT_TP,SHORT_TP
5642,-1.0,SHORT_TP,SHORT_TP
5643,-1.0,SHORT_TP,SHORT_TP
5644,-1.0,SHORT_TP,SHORT_TP
5645,-1.0,SHORT_TP,SHORT_TP
5646,-1.0,SHORT_TP,SHORT_TP
5647,-1.0,SHORT_TP,SHORT_TP
5648,-1.0,SHORT_TP,SHORT_TP
5649,-1.0,SHORT_TP,SHORT_TP
5650,-1.0,SHORT_TP,SHORT_TP
5651,1.0,LONG_TP,LONG_TP
5652,-1.0,SHORT_TP,SHORT_TP
5653,-1.0,SHORT_TP,SHORT_TP
5654,-1.0,SHORT_TP,SHORT_TP
5655,-1.0,SHORT_TP,SHORT_TP
5656,1.0,LONG_TP,LONG_TP
5657,1.0,LONG_TP,LONG_TP
5658,1.0,LONG_TP,LONG_TP
5659,1.0,LONG_TP,LONG_TP
5660,1.0,LONG_TP,LONG_TP
5661,1.0,LONG_TP,LONG_TP
5662,1.0,LONG_TP,LONG_TP
5663,1.0,LONG_TP,LONG_TP
5664,1.0,LONG_TP,LONG_TP
5665,1.0,LONG_TP,LONG_TP
5666,1.0,LONG_TP,LONG_TP
5667,1.0,LONG_TP,LONG_TP
5668,1.0,LONG_TP,LONG_TP
5669,1.0,LONG_TP,LONG_TP
5670,1.0,LONG_TP,LONG_TP
5671,1.0,LONG_TP,LONG_TP
5672,1.0,LONG_TP,LONG_TP
5673,-1.0,SHORT_TP,SHORT_TP
5674,1.0,LONG_TP,LONG_TP
5675,1.0,LONG_TP,LONG_TP
5676,1.0,LONG_TP,LONG_TP
5677,1.0,LONG_TP,LONG_TP
5678,-1.0,SHORT_TP,SHORT_TP
5679,-1.0,SHORT_TP,SHORT_TP
5680,-1.0,SHORT_TP,SHORT_TP
5681,-1.0,SHORT_TP,SHORT_TP
5682,-1.0,SHORT_TP,SHORT_TP
5683,-1.0,SHORT_TP,SHORT_TP
5684,-1.0,SHORT_TP,SHORT_TP
5685,-1.0,SHORT_TP,SHORT_TP
5686,-1.0,SHORT_TP,SHORT_TP
5687,-1.0,SHORT_TP,SHORT_TP
5688,-1.0,SHORT_TP,SHORT_TP
5689,-1.0,SHORT_TP,SHORT_TP
5690,-1.0,SHORT_TP,SHORT_TP
5691,-1.0,SHORT_TP,SHORT_TP
5692,-1.0,SHORT_TP,SHORT_TP
5693,-1.0,SHORT_TP,SHORT_TP
5694,-1.0,SHORT_TP,SHORT_TP
5695,-1.0,SHORT_TP,SHORT_TP
5696,-1.0,SHORT_TP,SHORT_TP
5697,-1.0,SHORT_TP,SHORT_TP
5698,-1.0,SHORT_TP,SHORT_TP
5699,-1.0,SHORT_TP,SHORT_TP
5700,-1.0,SHORT_TP,SHORT_TP
5701,-1.0,SHORT_TP,SHORT_TP
5702,-1.0,SHORT_TP,SHORT_TP
5703,-1.0,SHORT_TP,SHORT_TP
5704,1.0,LONG_TP,LONG_TP
5705,1.0,LONG_TP,LONG_TP
5706,1.0,LONG_TP,LONG_TP
5707,1.0,LONG_TP,LONG_TP
5708,1.0,LONG_TP,LONG_TP
5709,1.0,LONG_TP,LONG_TP
5710,1.0,LONG_TP,LONG_TP
5711,1.0,LONG_TP,LONG_TP
5712,1.0,LONG_TP,LONG_TP
5713,1.0,LONG_TP,LONG_TP
5714,1.0,LONG_TP,LONG_TP
5715,1.0,LONG_TP,LONG_TP
5716,1.0,LONG_TP,LONG_TP
5717,1.0,LONG_TP,LONG_TP
5718,1.0,LONG_TP,LONG_TP
5719,1.0,LONG_TP,LONG_TP
5720,1.0,LONG_TP,LONG_TP
5721,1.0,LONG_TP,LONG_TP
5722,1.0,LONG_TP,LONG_TP
5723,1.0,LONG_TP,LONG_TP
5724,1.0,LONG_TP,LONG_TP
5725,1.0,LONG_TP,LONG_TP
5726,1.0,LONG_TP,LONG_TP
5727,1.0,LONG_TP,LONG_TP
5728,1.0,LONG_TP,LONG_TP
5729,1.0,LONG_TP,LONG_TP
5730,1.0,LONG_TP,LONG_TP
5731,1.0,LONG_TP,LONG_TP
5732,1.0,LONG_TP,LONG_TP
5733,1.0,LONG_TP,LONG_TP
5734,-1.0,SHORT_TP,SHORT_TP
5735,-1.0,SHORT_TP,SHORT_TP
5736,-1.0,SHORT_TP,SHORT_TP
5737,1.0,LONG_TP,LONG_TP
5738,1.0,LONG_TP,LONG_TP
5739,1.0,LONG_TP,LONG_TP
5740,1.0,LONG_TP,LONG_TP
5741,1.0,LONG_TP,LONG_TP
5742,1.0,LONG_TP,LONG_TP
5743,1.0,LONG_TP,LONG_TP
5744,1.0,LONG_TP,LONG_TP
5745,1.0,LONG_TP,LONG_TP
5746,1.0,LONG_TP,LONG_TP
5747,1.0,LONG_TP,LONG_TP
5748,1.0,LONG_TP,LONG_TP
5749,1.0,LONG_TP,LONG_TP
5750,1.0,LONG_TP,LONG_TP
5751,1.0,LONG_TP,LONG_TP
5752,1.0,LONG_TP,LONG_TP
5753,1.0,LONG_TP,LONG_TP
5754,1.0,LONG_TP,LONG_TP
5755,1.0,LONG_TP,LONG_TP
5756,1.0,LONG_TP,LONG_TP
5757,1.0,LONG_TP,LONG_TP
5758,1.0,LONG_TP,LONG_TP
5759,1.0,LONG_TP,LONG_TP
5760,-1.0,SHORT_TP,SHORT_TP
5761,1.0,LONG_TP,LONG_TP
5762,-1.0,SHORT_TP,SHORT_TP
5763,-1.0,SHORT_TP,SHORT_TP
5764,-1.0,SHORT_TP,SHORT_TP
5765,-1.0,SHORT_TP,SHORT_TP
5766,-1.0,SHORT_TP,SHORT_TP
5767,-1.0,SHORT_TP,SHORT_TP
5768,-1.0,SHORT_TP,SHORT_TP
5769,-1.0,SHORT_TP,SHORT_TP
5770,1.0,LONG_TP,LONG_TP
5771,1.0,LONG_TP,LONG_TP
5772,1.0,LONG_TP,LONG_TP
5773,1.0,LONG_TP,LONG_TP
5774,1.0,LONG_TP,LONG_TP
5775,1.0,LONG_TP,LONG_TP
5776,1.0,LONG_TP,LONG_TP
5777,1.0,LONG_TP,LONG_TP
5778,1.0,LONG_TP,LONG_TP
5779,1.0,LONG_TP,LONG_TP
5780,1.0,LONG_TP,LONG_TP
5781,1.0,LONG_TP,LONG_TP
5782,1.0,LONG_TP,LONG_TP
5783,1.0,LONG_TP,LONG_TP
5784,1.0,LONG_TP,LONG_TP
5785,1.0,LONG_TP,LONG_TP
5786,1.0,LONG_TP,LONG_TP
5787,1.0,LONG_TP,LONG_TP
5788,1.0,LONG_TP,LONG_TP
5789,1.0,LONG_TP,LONG_TP
5790,1.0,LONG_TP,LONG_TP
5791,1.0,LONG_TP,LONG_TP
5792,1.0,LONG_TP,LONG_TP
5793,1.0,LONG_TP,LONG_TP
5794,1.0,LONG_TP,LONG_TP
5795,1.0,LONG_TP,LONG_TP
5796,1.0,LONG_TP,LONG_TP
5797,1.0,LONG_TP,LONG_TP
5798,1.0,LONG_TP,LONG_TP
5799,-1.0,SHORT_TP,SHORT_TP
5800,-1.0,SHORT_TP,SHORT_TP
5801,-1.0,SHORT_TP,SHORT_TP
5802,-1.0,SHORT_TP,SHORT_TP
5803,-1.0,SHORT_TP,SHORT_TP
5804,-1.0,SHORT_TP,SHORT_TP
5805,-1.0,SHORT_TP,SHORT_TP
5806,-1.0,SHORT_TP,SHORT_TP
5807,-1.0,SHORT_TP,SHORT_TP
5808,-1.0,SHORT_TP,SHORT_TP
5809,-1.0,SHORT_TP,SHORT_TP
5810,-1.0,SHORT_TP,SHORT_TP
5811,-1.0,SHORT_TP,SHORT_TP
5812,-1.0,SHORT_TP,SHORT_TP
5813,-1.0,SHORT_TP,SHORT_TP
5814,-1.0,SHORT_TP,SHORT_TP
5815,-1.0,SHORT_TP,SHORT_TP
5816,-1.0,SHORT_TP,SHORT_TP
5817,-1.0,SHORT_TP,SHORT_TP
5818,-1.0,SHORT_TP,SHORT_TP
5819,-1.0,SHORT_TP,SHORT_TP
5820,-1.0,SHORT_TP,SHORT_TP
5821,1.0,LONG_TP,LONG_TP
5822,1.0,LONG_TP,LONG_TP
5823,1.0,LONG_TP,LONG_TP
5824,1.0,LONG_TP,LONG_TP
5825,1.0,LONG_TP,LONG_TP
5826,1.0,LONG_TP,LONG_TP
5827,1.0,LONG_TP,LONG_TP
5828,1.0,LONG_TP,LONG_TP
5829,1.0,LONG_TP,LONG_TP
5830,1.0,LONG_TP,LONG_TP
5831,1.0,LONG_TP,LONG_TP
5832,1.0,LONG_TP,LONG_TP
5833,1.0,LONG_TP,LONG_TP
5834,1.0,LONG_TP,LONG_TP
5835,1.0,LONG_TP,LONG_TP
5836,1.0,LONG_TP,LONG_TP
5837,1.0,LONG_TP,LONG_TP
5838,1.0,LONG_TP,LONG_TP
5839,1.0,LONG_TP,LONG_TP
5840,1.0,LONG_TP,LONG_TP
5841,1.0,LONG_TP,LONG_TP
5842,1.0,LONG_TP,LONG_TP
5843,1.0,LONG_TP,LONG_TP
5844,1.0,LONG_TP,LONG_TP
5845,-1.0,SHORT_TP,SHORT_TP
5846,-1.0,SHORT_TP,SHORT_TP
5847,-1.0,SHORT_TP,SHORT_TP
5848,-1.0,SHORT_TP,SHORT_TP
5849,-1.0,SHORT_TP,SHORT_TP
5850,-1.0,SHORT_TP,SHORT_TP
5851,-1.0,SHORT_TP,SHORT_TP
5852,-1.0,SHORT_TP,SHORT_TP
5853,-1.0,SHORT_TP,SHORT_TP
5854,-1.0,SHORT_TP,SHORT_TP
5855,-1.0,SHORT_TP,SHORT_TP
5856,-1.0,SHORT_TP,SHORT_TP
5857,-1.0,SHORT_TP,SHORT_TP
5858,-1.0,SHORT_TP,SHORT_TP
5859,-1.0,SHORT_TP,SHORT_TP
5860,-1.0,SHORT_TP,SHORT_TP
5861,-1.0,SHORT_TP,SHORT_TP
5862,-1.0,SHORT_TP,SHORT_TP
5863,-1.0,SHORT_TP,SHORT_TP
5864,-1.0,SHORT_TP,SHORT_TP
5865,-1.0,SHORT_TP,SHORT_TP
5866,-1.0,SHORT_TP,SHORT_TP
5867,-1.0,SHORT_TP,SHORT_TP
5868,-1.0,SHORT_TP,SHORT_TP
5869,-1.0,SHORT_TP,SHORT_TP
5870,1.0,LONG_TP,LONG_TP
5871,1.0,LONG_TP,LONG_TP
5872,-1.0,SHORT_TP,SHORT_TP
5873,-1.0,SHORT_TP,SHORT_TP
5874,-1.0,SHORT_TP,SHORT_TP
5875,-1.0,SHORT_TP,SHORT_TP
5876,-1.0,SHORT_TP,SHORT_TP
5877,-1.0,SHORT_TP,SHORT_TP
5878,-1.0,SHORT_TP,SHORT_TP
5879,-1.0,SHORT_TP,SHORT_TP
5880,-1.0,SHORT_TP,SHORT_TP
5881,1.0,LONG_TP,LONG_TP
5882,1.0,LONG_TP,LONG_TP
5883,1.0,LONG_TP,LONG_TP
5884,1.0,LONG_TP,LONG_TP
5885,-1.0,SHORT_TP,SHORT_TP
5886,-1.0,SHORT_TP,SHORT_TP
5887,-1.0,SHORT_TP,SHORT_TP
5888,-1.0,SHORT_TP,SHORT_TP
5889,-1.0,SHORT_TP,SHORT_TP
5890,-1.0,SHORT_TP,SHORT_TP
5891,-1.0,SHORT_TP,SHORT_TP
5892,-1.0,SHORT_TP,SHORT_TP
5893,-1.0,SHORT_TP,SHORT_TP
5894,-1.0,SHORT_TP,SHORT_TP
5895,-1.0,SHORT_TP,SHORT_TP
5896,-1.0,SHORT_TP,SHORT_TP
5897,-1.0,SHORT_TP,SHORT_TP
5898,-1.0,SHORT_TP,SHORT_TP
5899,-1.0,SHORT_TP,SHORT_TP
5900,-1.0,SHORT_TP,SHORT_TP
5901,-1.0,SHORT_TP,SHORT_TP
5902,-1.0,SHORT_TP,SHORT_TP
5903,-1.0,SHORT_TP,SHORT_TP
5904,-1.0,SHORT_TP,SHORT_TP
5905,-1.0,SHORT_TP,SHORT_TP
5906,-1.0,SHORT_TP,SHORT_TP
5907,-1.0,SHORT_TP,SHORT_TP
5908,-1.0,SHORT_TP,SHORT_TP
5909,-1.0,SHORT_TP,SHORT_TP
5910,-1.0,SHORT_TP,SHORT_TP
5911,-1.0,SHORT_TP,SHORT_TP
5912,-1.0,SHORT_TP,SHORT_TP
5913,-1.0,SHORT_TP,SHORT_TP
5914,-1.0,SHORT_TP,SHORT_TP
5915,1.0,LONG_TP,LONG_TP
5916,1.0,LONG_TP,LONG_TP
5917,1.0,LONG_TP,LONG_TP
5918,1.0,LONG_TP,LONG_TP
5919,1.0,LONG_TP,LONG_TP
5920,1.0,LONG_TP,LONG_TP
5921,1.0,LONG_TP,LONG_TP
5922,1.0,LONG_TP,LONG_TP
5923,1.0,LONG_TP,LONG_TP
5924,1.0,LONG_TP,LONG_TP
5925,1.0,LONG_TP,LONG_TP
5926,1.0,LONG_TP,LONG_TP
5927,1.0,LONG_TP,LONG_TP
5928,1.0,LONG_TP,LONG_TP
5929,1.0,LONG_TP,LONG_TP
5930,1.0,LONG_TP,LONG_TP
5931,1.0,LONG_TP,LONG_TP
5932,1.0,LONG_TP,LONG_TP
5933,1.0,LONG_TP,LONG_TP
5934,-1.0,SHORT_TP,SHORT_TP
5935,-1.0,SHORT_TP,SHORT_TP
5936,-1.0,SHORT_TP,SHORT_TP
5937,-1.0,SHORT_TP,SHORT_TP
5938,-1.0,SHORT_TP,SHORT_TP
5939,-1.0,SHORT_TP,SHORT_TP
5940,-1.0,SHORT_TP,SHORT_TP
5941,-1.0,SHORT_TP,SHORT_TP
5942,-1.0,SHORT_TP,SHORT_TP
5943,-1.0,SHORT_TP,SHORT_TP
5944,-1.0,SHORT_TP,SHORT_TP
5945,-1.0,SHORT_TP,SHORT_TP
5946,-1.0,SHORT_TP,SHORT_TP
5947,-1.0,SHORT_TP,SHORT_TP
5948,-1.0,SHORT_TP,SHORT_TP
5949,-1.0,SHORT_TP,SHORT_TP
5950,-1.0,SHORT_TP,SHORT_TP
5951,-1.0,SHORT_TP,SHORT_TP
5952,-1.0,SHORT_TP,SHORT_TP
5953,-1.0,SHORT_TP,SHORT_TP
5954,-1.0,SHORT_TP,SHORT_TP
5955,-1.0,SHORT_TP,SHORT_TP
5956,-1.0,SHORT_TP,SHORT_TP
5957,-1.0,SHORT_TP,SHORT_TP
5958,-1.0,SHORT_TP,SHORT_TP
5959,-1.0,SHORT_TP,SHORT_TP
5960,1.0,LONG_TP,LONG_TP
5961,1.0,LONG_TP,LONG_TP
5962,1.0,LONG_TP,LONG_TP
5963,1.0,LONG_TP,LONG_TP
5964,1.0,LONG_TP,LONG_TP
5965,1.0,LONG_TP,LONG_TP
5966,1.0,LONG_TP,LONG_TP
5967,1.0,LONG_TP,LONG_TP
5968,1.0,LONG_TP,LONG_TP
5969,1.0,LONG_TP,LONG_TP
5970,1.0,LONG_TP,LONG_TP
5971,1.0,LONG_TP,LONG_TP
5972,1.0,LONG_TP,LONG_TP
5973,1.0,LONG_TP,LONG_TP
5974,1.0,LONG_TP,LONG_TP
5975,1.0,LONG_TP,LONG_TP
5976,1.0,LONG_TP,LONG_TP
5977,1.0,LONG_TP,LONG_TP
5978,1.0,LONG_TP,LONG_TP
5979,1.0,LONG_TP,LONG_TP
5980,1.0,LONG_TP,LONG_TP
5981,1.0,LONG_TP,LONG_TP
5982,1.0,LONG_TP,LONG_TP
5983,1.0,LONG_TP,LONG_TP
5984,-1.0,SHORT_TP,SHORT_TP
5985,-1.0,SHORT_TP,SHORT_TP
5986,-1.0,SHORT_TP,SHORT_TP
5987,-1.0,SHORT_TP,SHORT_TP
5988,-1.0,SHORT_TP,SHORT_TP
5989,-1.0,SHORT_TP,SHORT_TP
5990,-1.0,SHORT_TP,SHORT_TP
5991,-1.0,SHORT_TP,SHORT_TP
5992,-1.0,SHORT_TP,SHORT_TP
5993,-1.0,SHORT_TP,SHORT_TP
5994,-1.0,SHORT_TP,SHORT_TP
5995,-1.0,SHORT_TP,SHORT_TP
5996,1.0,LONG_TP,LONG_TP
5997,1.0,LONG_TP,LONG_TP
5998,1.0,LONG_TP,LONG_TP
5999,1.0,LONG_TP,LONG_TP
6000,1.0,LONG_TP,LONG_TP
6001,-1.0,SHORT_TP,SHORT_TP
6002,-1.0,SHORT_TP,SHORT_TP
6003,-1.0,SHORT_TP,SHORT_TP
6004,-1.0,SHORT_TP,SHORT_TP
6005,-1.0,SHORT_TP,SHORT_TP
6006,-1.0,SHORT_TP,SHORT_TP
6007,-1.0,SHORT_TP,SHORT_TP
6008,-1.0,SHORT_TP,SHORT_TP
6009,-1.0,SHORT_TP,SHORT_TP
6010,-1.0,SHORT_TP,SHORT_TP
6011,-1.0,SHORT_TP,SHORT_TP
6012,-1.0,SHORT_TP,SHORT_TP
6013,-1.0,SHORT_TP,SHORT_TP
6014,-1.0,SHORT_TP,SHORT_TP
6015,-1.0,SHORT_TP,SHORT_TP
6016,1.0,LONG_TP,LONG_TP
6017,1.0,LONG_TP,LONG_TP
6018,1.0,LONG_TP,LONG_TP
6019,1.0,LONG_TP,LONG_TP
6020,1.0,LONG_TP,LONG_TP
6021,1.0,LONG_TP,LONG_TP
6022,1.0,LONG_TP,LONG_TP
6023,1.0,LONG_TP,LONG_TP
6024,1.0,LONG_TP,LONG_TP
6025,1.0,LONG_TP,LONG_TP
6026,1.0,LONG_TP,LONG_TP
6027,1.0,LONG_TP,LONG_TP
6028,1.0,LONG_TP,LONG_TP
6029,1.0,LONG_TP,LONG_TP
6030,1.0,LONG_TP,LONG_TP
6031,1.0,LONG_TP,LONG_TP
6032,1.0,LONG_TP,LONG_TP
6033,1.0,LONG_TP,LONG_TP
6034,1.0,LONG_TP,LONG_TP
6035,1.0,LONG_TP,LONG_TP
6036,1.0,LONG_TP,LONG_TP
6037,1.0,LONG_TP,LONG_TP
6038,1.0,LONG_TP,LONG_TP
6039,1.0,LONG_TP,LONG_TP
6040,1.0,LONG_TP,LONG_TP
6041,1.0,LONG_TP,LONG_TP
6042,1.0,LONG_TP,LONG_TP
6043,1.0,LONG_TP,LONG_TP
6044,1.0,LONG_TP,LONG_TP
6045,1.0,LONG_TP,LONG_TP
6046,1.0,LONG_TP,LONG_TP
6047,1.0,LONG_TP,LONG_TP
6048,1.0,LONG_TP,LONG_TP
6049,1.0,LONG_TP,LONG_TP
6050,1.0,LONG_TP,LONG_TP
6051,1.0,LONG_TP,LONG_TP
6052,1.0,LONG_TP,LONG_TP
6053,-1.0,SHORT_TP,SHORT_TP
6054,-1.0,SHORT_TP,SHORT_TP
6055,-1.0,SHORT_TP,SHORT_TP
6056,-1.0,SHORT_TP,SHORT_TP
6057,-1.0,SHORT_TP,SHORT_TP
6058,-1.0,SHORT_TP,SHORT_TP
6059,-1.0,SHORT_TP,SHORT_TP
6060,-1.0,SHORT_TP,SHORT_TP
6061,-1.0,SHORT_TP,SHORT_TP
6062,-1.0,SHORT_TP,SHORT_TP
6063,-1.0,SHORT_TP,SHORT_TP
6064,-1.0,SHORT_TP,SHORT_TP
6065,-1.0,SHORT_TP,SHORT_TP
6066,-1.0,SHORT_TP,SHORT_TP
6067,-1.0,SHORT_TP,SHORT_TP
6068,-1.0,SHORT_TP,SHORT_TP
6069,-1.0,SHORT_TP,SHORT_TP
6070,-1.0,SHORT_TP,SHORT_TP
6071,-1.0,SHORT_TP,SHORT_TP
6072,-1.0,SHORT_TP,SHORT_TP
6073,-1.0,SHORT_TP,SHORT_TP
6074,-1.0,SHORT_TP,SHORT_TP
6075,-1.0,SHORT_TP,SHORT_TP
6076,-1.0,SHORT_TP,SHORT_TP
6077,-1.0,SHORT_TP,SHORT_TP
6078,-1.0,SHORT_TP,SHORT_TP
6079,1.0,LONG_TP,LONG_TP
6080,-1.0,SHORT_TP,SHORT_TP
6081,-1.0,SHORT_TP,SHORT_TP
6082,-1.0,SHORT_TP,SHORT_TP
6083,-1.0,SHORT_TP,SHORT_TP
6084,-1.0,SHORT_TP,SHORT_TP
6085,-1.0,SHORT_TP,SHORT_TP
6086,-1.0,SHORT_TP,SHORT_TP
6087,-1.0,SHORT_TP,SHORT_TP
6088,-1.0,SHORT_TP,SHORT_TP
6089,-1.0,SHORT_TP,SHORT_TP
6090,-1.0,SHORT_TP,SHORT_TP
6091,-1.0,SHORT_TP,SHORT_TP
6092,-1.0,SHORT_TP,SHORT_TP
6093,-1.0,SHORT_TP,SHORT_TP
6094,-1.0,SHORT_TP,SHORT_TP
6095,-1.0,SHORT_TP,SHORT_TP
6096,-1.0,SHORT_TP,SHORT_TP
6097,-1.0,SHORT_TP,SHORT_TP
6098,-1.0,SHORT_TP,SHORT_TP
6099,-1.0,SHORT_TP,SHORT_TP
6100,-1.0,SHORT_TP,SHORT_TP
6101,-1.0,SHORT_TP,SHORT_TP
6102,-1.0,SHORT_TP,SHORT_TP
6103,-1.0,SHORT_TP,SHORT_TP
6104,-1.0,SHORT_TP,SHORT_TP
6105,-1.0,SHORT_TP,SHORT_TP
6106,-1.0,SHORT_TP,SHORT_TP
6107,-1.0,SHORT_TP,SHORT_TP
6108,1.0,LONG_TP,LONG_TP
6109,1.0,LONG_TP,LONG_TP
6110,-1.0,SHORT_TP,SHORT_TP
6111,-1.0,SHORT_TP,SHORT_TP
6112,-1.0,SHORT_TP,SHORT_TP
6113,-1.0,SHORT_TP,SHORT_TP
6114,-1.0,SHORT_TP,SHORT_TP
6115,-1.0,SHORT_TP,SHORT_TP
6116,-1.0,SHORT_TP,SHORT_TP
6117,-1.0,SHORT_TP,SHORT_TP
6118,-1.0,SHORT_TP,SHORT_TP
6119,-1.0,SHORT_TP,SHORT_TP
6120,-1.0,SHORT_TP,SHORT_TP
6121,-1.0,SHORT_TP,SHORT_TP
6122,-1.0,SHORT_TP,SHORT_TP
6123,-1.0,SHORT_TP,SHORT_TP
6124,-1.0,SHORT_TP,SHORT_TP
6125,-1.0,SHORT_TP,SHORT_TP
6126,-1.0,SHORT_TP,SHORT_TP
6127,-1.0,SHORT_TP,SHORT_TP
6128,1.0,LONG_TP,LONG_TP
6129,1.0,LONG_TP,LONG_TP
6130,1.0,LONG_TP,LONG_TP
6131,1.0,LONG_TP,LONG_TP
6132,-1.0,SHORT_TP,SHORT_TP
6133,-1.0,SHORT_TP,SHORT_TP
6134,-1.0,SHORT_TP,SHORT_TP
6135,-1.0,SHORT_TP,SHORT_TP
6136,-1.0,SHORT_TP,SHORT_TP
6137,-1.0,SHORT_TP,SHORT_TP
6138,-1.0,SHORT_TP,SHORT_TP
6139,-1.0,SHORT_TP,SHORT_TP
6140,-1.0,SHORT_TP,SHORT_TP
6141,-1.0,SHORT_TP,SHORT_TP
6142,-1.0,SHORT_TP,SHORT_TP
6143,-1.0,SHORT_TP,SHORT_TP
6144,-1.0,SHORT_TP,SHORT_TP
6145,-1.0,SHORT_TP,SHORT_TP
6146,-1.0,SHORT_TP,SHORT_TP
6147,1.0,LONG_TP,LONG_TP
6148,1.0,LONG_TP,LONG_TP
6149,1.0,LONG_TP,LONG_TP
6150,1.0,LONG_TP,LONG_TP
6151,1.0,LONG_TP,LONG_TP
6152,1.0,LONG_TP,LONG_TP
6153,1.0,LONG_TP,LONG_TP
6154,1.0,LONG_TP,LONG_TP
6155,1.0,LONG_TP,LONG_TP
6156,1.0,LONG_TP,LONG_TP
6157,1.0,LONG_TP,LONG_TP
6158,1.0,LONG_TP,LONG_TP
6159,1.0,LONG_TP,LONG_TP
6160,1.0,LONG_TP,LONG_TP
6161,1.0,LONG_TP,LONG_TP
6162,1.0,LONG_TP,LONG_TP
6163,1.0,LONG_TP,LONG_TP
6164,1.0,LONG_TP,LONG_TP
6165,1.0,LONG_TP,LONG_TP
6166,1.0,LONG_TP,LONG_TP
6167,1.0,LONG_TP,LONG_TP
6168,1.0,LONG_TP,LONG_TP
6169,1.0,LONG_TP,LONG_TP
6170,1.0,LONG_TP,LONG_TP
6171,1.0,LONG_TP,LONG_TP
6172,1.0,LONG_TP,LONG_TP
6173,1.0,LONG_TP,LONG_TP
6174,1.0,LONG_TP,LONG_TP
6175,1.0,LONG_TP,LONG_TP
6176,1.0,LONG_TP,LONG_TP
6177,1.0,LONG_TP,LONG_TP
6178,1.0,LONG_TP,LONG_TP
6179,1.0,LONG_TP,LONG_TP
6180,1.0,LONG_TP,LONG_TP
6181,1.0,LONG_TP,LONG_TP
6182,1.0,LONG_TP,LONG_TP
6183,1.0,LONG_TP,LONG_TP
6184,1.0,LONG_TP,LONG_TP
6185,1.0,LONG_TP,LONG_TP
6186,1.0,LONG_TP,LONG_TP
6187,1.0,LONG_TP,LONG_TP
6188,1.0,LONG_TP,LONG_TP
6189,1.0,LONG_TP,LONG_TP
6190,1.0,LONG_TP,LONG_TP
6191,1.0,LONG_TP,LONG_TP
6192,1.0,LONG_TP,LONG_TP
6193,1.0,LONG_TP,LONG_TP
6194,1.0,LONG_TP,LONG_TP
6195,-1.0,SHORT_TP,SHORT_TP
6196,-1.0,SHORT_TP,SHORT_TP
6197,1.0,LONG_TP,LONG_TP
6198,1.0,LONG_TP,LONG_TP
6199,-1.0,SHORT_TP,SHORT_TP
6200,-1.0,SHORT_TP,SHORT_TP
6201,-1.0,SHORT_TP,SHORT_TP
6202,-1.0,SHORT_TP,SHORT_TP
6203,-1.0,SHORT_TP,SHORT_TP
6204,-1.0,SHORT_TP,SHORT_TP
6205,-1.0,SHORT_TP,SHORT_TP
6206,-1.0,SHORT_TP,SHORT_TP
6207,-1.0,SHORT_TP,SHORT_TP
6208,-1.0,SHORT_TP,SHORT_TP
6209,-1.0,SHORT_TP,SHORT_TP
6210,-1.0,SHORT_TP,SHORT_TP
6211,-1.0,SHORT_TP,SHORT_TP
6212,-1.0,SHORT_TP,SHORT_TP
6213,-1.0,SHORT_TP,SHORT_TP
6214,-1.0,SHORT_TP,SHORT_TP
6215,-1.0,SHORT_TP,SHORT_TP
6216,-1.0,SHORT_TP,SHORT_TP
6217,-1.0,SHORT_TP,SHORT_TP
6218,-1.0,SHORT_TP,SHORT_TP
6219,-1.0,SHORT_TP,SHORT_TP
6220,-1.0,SHORT_TP,SHORT_TP
6221,-1.0,SHORT_TP,SHORT_TP
6222,-1.0,SHORT_TP,SHORT_TP
6223,1.0,LONG_TP,LONG_TP
6224,1.0,LONG_TP,LONG_TP
6225,1.0,LONG_TP,LONG_TP
6226,1.0,LONG_TP,LONG_TP
6227,1.0,LONG_TP,LONG_TP
6228,1.0,LONG_TP,LONG_TP
6229,1.0,LONG_TP,LONG_TP
6230,1.0,LONG_TP,LONG_TP
6231,1.0,LONG_TP,LONG_TP
6232,1.0,LONG_TP,LONG_TP
6233,1.0,LONG_TP,LONG_TP
6234,1.0,LONG_TP,LONG_TP
6235,1.0,LONG_TP,LONG_TP
6236,1.0,LONG_TP,LONG_TP
6237,1.0,LONG_TP,LONG_TP
6238,1.0,LONG_TP,LONG_TP
6239,1.0,LONG_TP,LONG_TP
6240,1.0,LONG_TP,LONG_TP
6241,1.0,LONG_TP,LONG_TP
6242,1.0,LONG_TP,LONG_TP
6243,1.0,LONG_TP,LONG_TP
6244,1.0,LONG_TP,LONG_TP
6245,1.0,LONG_TP,LONG_TP
6246,1.0,LONG_TP,LONG_TP
6247,1.0,LONG_TP,LONG_TP
6248,1.0,LONG_TP,LONG_TP
6249,1.0,LONG_TP,LONG_TP
6250,1.0,LONG_TP,LONG_TP
6251,1.0,LONG_TP,LONG_TP
6252,1.0,LONG_TP,LONG_TP
6253,1.0,LONG_TP,LONG_TP
6254,1.0,LONG_TP,LONG_TP
6255,-1.0,SHORT_TP,SHORT_TP
6256,1.0,LONG_TP,LONG_TP
6257,1.0,LONG_TP,LONG_TP
6258,1.0,LONG_TP,LONG_TP
6259,1.0,LONG_TP,LONG_TP
6260,1.0,LONG_TP,LONG_TP
6261,1.0,LONG_TP,LONG_TP
6262,1.0,LONG_TP,LONG_TP
6263,-1.0,SHORT_TP,SHORT_TP
6264,1.0,LONG_TP,LONG_TP
6265,1.0,LONG_TP,LONG_TP
6266,1.0,LONG_TP,LONG_TP
6267,1.0,LONG_TP,LONG_TP
6268,1.0,LONG_TP,LONG_TP
6269,1.0,LONG_TP,LONG_TP
6270,1.0,LONG_TP,LONG_TP
6271,1.0,LONG_TP,LONG_TP
6272,1.0,LONG_TP,LONG_TP
6273,1.0,LONG_TP,LONG_TP
6274,1.0,LONG_TP,LONG_TP
6275,1.0,LONG_TP,LONG_TP
6276,1.0,LONG_TP,LONG_TP
6277,1.0,LONG_TP,LONG_TP
6278,1.0,LONG_TP,LONG_TP
6279,1.0,LONG_TP,LONG_TP
6280,1.0,LONG_TP,LONG_TP
6281,1.0,LONG_TP,LONG_TP
6282,1.0,LONG_TP,LONG_TP
6283,1.0,LONG_TP,LONG_TP
6284,1.0,LONG_TP,LONG_TP
6285,1.0,LONG_TP,LONG_TP
6286,1.0,LONG_TP,LONG_TP
6287,1.0,LONG_TP,LONG_TP
6288,1.0,LONG_TP,LONG_TP
6289,-1.0,SHORT_TP,SHORT_TP
6290,-1.0,SHORT_TP,SHORT_TP
6291,-1.0,SHORT_TP,SHORT_TP
6292,-1.0,SHORT_TP,SHORT_TP
6293,-1.0,SHORT_TP,SHORT_TP
6294,1.0,LONG_TP,LONG_TP
6295,1.0,LONG_TP,LONG_TP
6296,1.0,LONG_TP,LONG_TP
6297,1.0,LONG_TP,LONG_TP
6298,1.0,LONG_TP,LONG_TP
6299,1.0,LONG_TP,LONG_TP
6300,1.0,LONG_TP,LONG_TP
6301,1.0,LONG_TP,LONG_TP
6302,1.0,LONG_TP,LONG_TP
6303,1.0,LONG_TP,LONG_TP
6304,1.0,LONG_TP,LONG_TP
6305,1.0,LONG_TP,LONG_TP
6306,1.0,LONG_TP,LONG_TP
6307,1.0,LONG_TP,LONG_TP
6308,1.0,LONG_TP,LONG_TP
6309,1.0,LONG_TP,LONG_TP
6310,1.0,LONG_TP,LONG_TP
6311,1.0,LONG_TP,LONG_TP
6312,1.0,LONG_TP,LONG_TP
6313,1.0,LONG_TP,LONG_TP
6314,1.0,LONG_TP,LONG_TP
6315,1.0,LONG_TP,LONG_TP
6316,1.0,LONG_TP,LONG_TP
6317,1.0,LONG_TP,LONG_TP
6318,1.0,LONG_TP,LONG_TP
6319,1.0,LONG_TP,LONG_TP
6320,1.0,LONG_TP,LONG_TP
6321,1.0,LONG_TP,LONG_TP
6322,1.0,LONG_TP,LONG_TP
6323,1.0,LONG_TP,LONG_TP
6324,1.0,LONG_TP,LONG_TP
6325,1.0,LONG_TP,LONG_TP
6326,1.0,LONG_TP,LONG_TP
6327,1.0,LONG_TP,LONG_TP
6328,1.0,LONG_TP,LONG_TP
6329,1.0,LONG_TP,LONG_TP
6330,1.0,LONG_TP,LONG_TP
6331,1.0,LONG_TP,LONG_TP
6332,1.0,LONG_TP,LONG_TP
6333,1.0,LONG_TP,LONG_TP
6334,1.0,LONG_TP,LONG_TP
6335,1.0,LONG_TP,LONG_TP
6336,1.0,LONG_TP,LONG_TP
6337,1.0,LONG_TP,LONG_TP
6338,-1.0,SHORT_TP,SHORT_TP
6339,-1.0,SHORT_TP,SHORT_TP
6340,-1.0,SHORT_TP,SHORT_TP
6341,1.0,LONG_TP,LONG_TP
6342,1.0,LONG_TP,LONG_TP
6343,1.0,LONG_TP,LONG_TP
6344,1.0,LONG_TP,LONG_TP
6345,1.0,LONG_TP,LONG_TP
6346,1.0,LONG_TP,LONG_TP
6347,1.0,LONG_TP,LONG_TP
6348,1.0,LONG_TP,LONG_TP
6349,1.0,LONG_TP,LONG_TP
6350,1.0,LONG_TP,LONG_TP
6351,1.0,LONG_TP,LONG_TP
6352,1.0,LONG_TP,LONG_TP
6353,1.0,LONG_TP,LONG_TP
6354,1.0,LONG_TP,LONG_TP
6355,-1.0,SHORT_TP,SHORT_TP
6356,-1.0,SHORT_TP,SHORT_TP
6357,-1.0,SHORT_TP,SHORT_TP
6358,-1.0,SHORT_TP,SHORT_TP
6359,-1.0,SHORT_TP,SHORT_TP
6360,1.0,LONG_TP,LONG_TP
6361,1.0,LONG_TP,LONG_TP
6362,1.0,LONG_TP,LONG_TP
6363,1.0,LONG_TP,LONG_TP
6364,1.0,LONG_TP,LONG_TP
6365,1.0,LONG_TP,LONG_TP
6366,1.0,LONG_TP,LONG_TP
6367,1.0,LONG_TP,LONG_TP
6368,1.0,LONG_TP,LONG_TP
6369,1.0,LONG_TP,LONG_TP
6370,1.0,LONG_TP,LONG_TP
6371,1.0,LONG_TP,LONG_TP
6372,1.0,LONG_TP,LONG_TP
6373,1.0,LONG_TP,LONG_TP
6374,1.0,LONG_TP,LONG_TP
6375,1.0,LONG_TP,LONG_TP
6376,1.0,LONG_TP,LONG_TP
6377,1.0,LONG_TP,LONG_TP
6378,1.0,LONG_TP,LONG_TP
6379,1.0,LONG_TP,LONG_TP
6380,1.0,LONG_TP,LONG_TP
6381,1.0,LONG_TP,LONG_TP
6382,1.0,LONG_TP,LONG_TP
6383,1.0,LONG_TP,LONG_TP
6384,1.0,LONG_TP,LONG_TP
6385,1.0,LONG_TP,LONG_TP
6386,1.0,LONG_TP,LONG_TP
6387,1.0,LONG_TP,LONG_TP
6388,1.0,LONG_TP,LONG_TP
6389,1.0,LONG_TP,LONG_TP
6390,-1.0,SHORT_TP,SHORT_TP
6391,-1.0,SHORT_TP,SHORT_TP
6392,-1.0,SHORT_TP,SHORT_TP
6393,-1.0,SHORT_TP,SHORT_TP
6394,-1.0,SHORT_TP,SHORT_TP
6395,-1.0,SHORT_TP,SHORT_TP
6396,1.0,LONG_TP,LONG_TP
6397,1.0,LONG_TP,LONG_TP
6398,1.0,LONG_TP,LONG_TP
6399,1.0,LONG_TP,LONG_TP
6400,1.0,LONG_TP,LONG_TP
6401,1.0,LONG_TP,LONG_TP
6402,1.0,LONG_TP,LONG_TP
6403,-1.0,SHORT_TP,SHORT_TP
6404,-1.0,SHORT_TP,SHORT_TP
6405,-1.0,SHORT_TP,SHORT_TP
6406,-1.0,SHORT_TP,SHORT_TP
6407,-1.0,SHORT_TP,SHORT_TP
6408,-1.0,SHORT_TP,SHORT_TP
6409,-1.0,SHORT_TP,SHORT_TP
6410,-1.0,SHORT_TP,SHORT_TP
6411,-1.0,SHORT_TP,SHORT_TP
6412,-1.0,SHORT_TP,SHORT_TP
6413,-1.0,SHORT_TP,SHORT_TP
6414,-1.0,SHORT_TP,SHORT_TP
6415,-1.0,SHORT_TP,SHORT_TP
6416,-1.0,SHORT_TP,SHORT_TP
6417,-1.0,SHORT_TP,SHORT_TP
6418,1.0,LONG_TP,LONG_TP
6419,1.0,LONG_TP,LONG_TP
6420,1.0,LONG_TP,LONG_TP
6421,1.0,LONG_TP,LONG_TP
6422,1.0,LONG_TP,LONG_TP
6423,1.0,LONG_TP,LONG_TP
6424,1.0,LONG_TP,LONG_TP
6425,-1.0,SHORT_TP,SHORT_TP
6426,-1.0,SHORT_TP,SHORT_TP
6427,-1.0,SHORT_TP,SHORT_TP
6428,-1.0,SHORT_TP,SHORT_TP
6429,-1.0,SHORT_TP,SHORT_TP
6430,-1.0,SHORT_TP,SHORT_TP
6431,-1.0,SHORT_TP,SHORT_TP
6432,-1.0,SHORT_TP,SHORT_TP
6433,-1.0,SHORT_TP,SHORT_TP
6434,-1.0,SHORT_TP,SHORT_TP
6435,-1.0,SHORT_TP,SHORT_TP
6436,-1.0,SHORT_TP,SHORT_TP
6437,-1.0,SHORT_TP,SHORT_TP
6438,-1.0,SHORT_TP,SHORT_TP
6439,-1.0,SHORT_TP,SHORT_TP
6440,-1.0,SHORT_TP,SHORT_TP
6441,-1.0,SHORT_TP,SHORT_TP
6442,-1.0,SHORT_TP,SHORT_TP
6443,-1.0,SHORT_TP,SHORT_TP
6444,-1.0,SHORT_TP,SHORT_TP
6445,-1.0,SHORT_TP,SHORT_TP
6446,-1.0,SHORT_TP,SHORT_TP
6447,-1.0,SHORT_TP,SHORT_TP
6448,-1.0,SHORT_TP,SHORT_TP
6449,-1.0,SHORT_TP,SHORT_TP
6450,-1.0,SHORT_TP,SHORT_TP
6451,-1.0,SHORT_TP,SHORT_TP
6452,-1.0,SHORT_TP,SHORT_TP
6453,1.0,LONG_TP,LONG_TP
6454,1.0,LONG_TP,LONG_TP
6455,1.0,LONG_TP,LONG_TP
6456,1.0,LONG_TP,LONG_TP
6457,1.0,LONG_TP,LONG_TP
6458,1.0,LONG_TP,LONG_TP
6459,1.0,LONG_TP,LONG_TP
6460,1.0,LONG_TP,LONG_TP
6461,1.0,LONG_TP,LONG_TP
6462,1.0,LONG_TP,LONG_TP
6463,1.0,LONG_TP,LONG_TP
6464,1.0,LONG_TP,LONG_TP
6465,1.0,LONG_TP,LONG_TP
6466,1.0,LONG_TP,LONG_TP
6467,1.0,LONG_TP,LONG_TP
6468,1.0,LONG_TP,LONG_TP
6469,1.0,LONG_TP,LONG_TP
6470,1.0,LONG_TP,LONG_TP
6471,1.0,LONG_TP,LONG_TP
6472,1.0,LONG_TP,LONG_TP
6473,1.0,LONG_TP,LONG_TP
6474,1.0,LONG_TP,LONG_TP
6475,1.0,LONG_TP,LONG_TP
6476,1.0,LONG_TP,LONG_TP
6477,1.0,LONG_TP,LONG_TP
6478,1.0,LONG_TP,LONG_TP
6479,1.0,LONG_TP,LONG_TP
6480,1.0,LONG_TP,LONG_TP
6481,1.0,LONG_TP,LONG_TP
6482,1.0,LONG_TP,LONG_TP
6483,1.0,LONG_TP,LONG_TP
6484,1.0,LONG_TP,LONG_TP
6485,1.0,LONG_TP,LONG_TP
6486,1.0,LONG_TP,LONG_TP
6487,1.0,LONG_TP,LONG_TP
6488,1.0,LONG_TP,LONG_TP
6489,1.0,LONG_TP,LONG_TP
6490,1.0,LONG_TP,LONG_TP
6491,1.0,LONG_TP,LONG_TP
6492,1.0,LONG_TP,LONG_TP
6493,1.0,LONG_TP,LONG_TP
6494,1.0,LONG_TP,LONG_TP
6495,1.0,LONG_TP,LONG_TP
6496,1.0,LONG_TP,LONG_TP
6497,1.0,LONG_TP,LONG_TP
6498,1.0,LONG_TP,LONG_TP
6499,1.0,LONG_TP,LONG_TP
6500,1.0,LONG_TP,LONG_TP
6501,1.0,LONG_TP,LONG_TP
6502,1.0,LONG_TP,LONG_TP
6503,1.0,LONG_TP,LONG_TP
6504,1.0,LONG_TP,LONG_TP
6505,1.0,LONG_TP,LONG_TP
6506,1.0,LONG_TP,LONG_TP
6507,1.0,LONG_TP,LONG_TP
6508,1.0,LONG_TP,LONG_TP
6509,-1.0,SHORT_TP,SHORT_TP
6510,-1.0,SHORT_TP,SHORT_TP
6511,-1.0,SHORT_TP,SHORT_TP
6512,-1.0,SHORT_TP,SHORT_TP
6513,-1.0,SHORT_TP,SHORT_TP
6514,-1.0,SHORT_TP,SHORT_TP
6515,-1.0,SHORT_TP,SHORT_TP
6516,-1.0,SHORT_TP,SHORT_TP
6517,-1.0,SHORT_TP,SHORT_TP
6518,-1.0,SHORT_TP,SHORT_TP
6519,-1.0,SHORT_TP,SHORT_TP
6520,1.0,LONG_TP,LONG_TP
6521,1.0,LONG_TP,LONG_TP
6522,1.0,LONG_TP,LONG_TP
6523,1.0,LONG_TP,LONG_TP
6524,1.0,LONG_TP,LONG_TP
6525,1.0,LONG_TP,LONG_TP
6526,1.0,LONG_TP,LONG_TP
6527,1.0,LONG_TP,LONG_TP
6528,1.0,LONG_TP,LONG_TP
6529,1.0,LONG_TP,LONG_TP
6530,1.0,LONG_TP,LONG_TP
6531,1.0,LONG_TP,LONG_TP
6532,1.0,LONG_TP,LONG_TP
6533,1.0,LONG_TP,LONG_TP
6534,1.0,LONG_TP,LONG_TP
6535,1.0,LONG_TP,LONG_TP
6536,1.0,LONG_TP,LONG_TP
6537,1.0,LONG_TP,LONG_TP
6538,1.0,LONG_TP,LONG_TP
6539,1.0,LONG_TP,LONG_TP
6540,1.0,LONG_TP,LONG_TP
6541,1.0,LONG_TP,LONG_TP
6542,1.0,LONG_TP,LONG_TP
6543,1.0,LONG_TP,LONG_TP
6544,1.0,LONG_TP,LONG_TP
6545,1.0,LONG_TP,LONG_TP
6546,1.0,LONG_TP,LONG_TP
6547,1.0,LONG_TP,LONG_TP
6548,1.0,LONG_TP,LONG_TP
6549,-1.0,SHORT_TP,SHORT_TP
6550,-1.0,SHORT_TP,SHORT_TP
6551,-1.0,SHORT_TP,SHORT_TP
6552,-1.0,SHORT_TP,SHORT_TP
6553,-1.0,SHORT_TP,SHORT_TP
6554,-1.0,SHORT_TP,SHORT_TP
6555,-1.0,SHORT_TP,SHORT_TP
6556,-1.0,SHORT_TP,SHORT_TP
6557,-1.0,SHORT_TP,SHORT_TP
6558,-1.0,SHORT_TP,SHORT_TP
6559,-1.0,SHORT_TP,SHORT_TP
6560,-1.0,SHORT_TP,SHORT_TP
6561,-1.0,SHORT_TP,SHORT_TP
6562,-1.0,SHORT_TP,SHORT_TP
6563,-1.0,SHORT_TP,SHORT_TP
6564,-1.0,SHORT_TP,SHORT_TP
6565,-1.0,SHORT_TP,SHORT_TP
6566,-1.0,SHORT_TP,SHORT_TP
6567,-1.0,SHORT_TP,SHORT_TP
6568,1.0,LONG_TP,LONG_TP
6569,1.0,LONG_TP,LONG_TP
6570,1.0,LONG_TP,LONG_TP
6571,1.0,LONG_TP,LONG_TP
6572,1.0,LONG_TP,LONG_TP
6573,1.0,LONG_TP,LONG_TP
6574,1.0,LONG_TP,LONG_TP
6575,1.0,LONG_TP,LONG_TP
6576,1.0,LONG_TP,LONG_TP
6577,1.0,LONG_TP,LONG_TP
6578,1.0,LONG_TP,LONG_TP
6579,1.0,LONG_TP,LONG_TP
6580,1.0,LONG_TP,LONG_TP
6581,1.0,LONG_TP,LONG_TP
6582,1.0,LONG_TP,LONG_TP
6583,1.0,LONG_TP,LONG_TP
6584,1.0,LONG_TP,LONG_TP
6585,1.0,LONG_TP,LONG_TP
6586,1.0,LONG_TP,LONG_TP
6587,1.0,LONG_TP,LONG_TP
6588,1.0,LONG_TP,LONG_TP
6589,1.0,LONG_TP,LONG_TP
6590,1.0,LONG_TP,LONG_TP
6591,1.0,LONG_TP,LONG_TP
6592,1.0,LONG_TP,LONG_TP
6593,1.0,LONG_TP,LONG_TP
6594,1.0,LONG_TP,LONG_TP
6595,1.0,LONG_TP,LONG_TP
6596,1.0,LONG_TP,LONG_TP
6597,1.0,LONG_TP,LONG_TP
6598,1.0,LONG_TP,LONG_TP
6599,1.0,LONG_TP,LONG_TP
6600,1.0,LONG_TP,LONG_TP
6601,-1.0,SHORT_TP,SHORT_TP
6602,-1.0,SHORT_TP,SHORT_TP
6603,-1.0,SHORT_TP,SHORT_TP
6604,-1.0,SHORT_TP,SHORT_TP
6605,-1.0,SHORT_TP,SHORT_TP
6606,1.0,LONG_TP,LONG_TP
6607,1.0,LONG_TP,LONG_TP
6608,-1.0,SHORT_TP,SHORT_TP
6609,-1.0,SHORT_TP,SHORT_TP
6610,-1.0,SHORT_TP,SHORT_TP
6611,-1.0,SHORT_TP,SHORT_TP
6612,-1.0,SHORT_TP,SHORT_TP
6613,-1.0,SHORT_TP,SHORT_TP
6614,1.0,LONG_TP,LONG_TP
6615,1.0,LONG_TP,LONG_TP
6616,1.0,LONG_TP,LONG_TP
6617,1.0,LONG_TP,LONG_TP
6618,1.0,LONG_TP,LONG_TP
6619,1.0,LONG_TP,LONG_TP
6620,1.0,LONG_TP,LONG_TP
6621,1.0,LONG_TP,LONG_TP
6622,1.0,LONG_TP,LONG_TP
6623,1.0,LONG_TP,LONG_TP
6624,1.0,LONG_TP,LONG_TP
6625,1.0,LONG_TP,LONG_TP
6626,1.0,LONG_TP,LONG_TP
6627,1.0,LONG_TP,LONG_TP
6628,1.0,LONG_TP,LONG_TP
6629,1.0,LONG_TP,LONG_TP
6630,1.0,LONG_TP,LONG_TP
6631,1.0,LONG_TP,LONG_TP
6632,1.0,LONG_TP,LONG_TP
6633,1.0,LONG_TP,LONG_TP
6634,1.0,LONG_TP,LONG_TP
6635,1.0,LONG_TP,LONG_TP
6636,1.0,LONG_TP,LONG_TP
6637,1.0,LONG_TP,LONG_TP
6638,1.0,LONG_TP,LONG_TP
6639,1.0,LONG_TP,LONG_TP
6640,1.0,LONG_TP,LONG_TP
6641,1.0,LONG_TP,LONG_TP
6642,1.0,LONG_TP,LONG_TP
6643,1.0,LONG_TP,LONG_TP
6644,1.0,LONG_TP,LONG_TP
6645,1.0,LONG_TP,LONG_TP
6646,1.0,LONG_TP,LONG_TP
6647,1.0,LONG_TP,LONG_TP
6648,1.0,LONG_TP,LONG_TP
6649,1.0,LONG_TP,LONG_TP
6650,1.0,LONG_TP,LONG_TP
6651,-1.0,SHORT_TP,SHORT_TP
6652,-1.0,SHORT_TP,SHORT_TP
6653,-1.0,SHORT_TP,SHORT_TP
6654,-1.0,SHORT_TP,SHORT_TP
6655,-1.0,SHORT_TP,SHORT_TP
6656,-1.0,SHORT_TP,SHORT_TP
6657,-1.0,SHORT_TP,SHORT_TP
6658,-1.0,SHORT_TP,SHORT_TP
6659,-1.0,SHORT_TP,SHORT_TP
6660,-1.0,SHORT_TP,SHORT_TP
6661,-1.0,SHORT_TP,SHORT_TP
6662,-1.0,SHORT_TP,SHORT_TP
6663,-1.0,SHORT_TP,SHORT_TP
6664,-1.0,SHORT_TP,SHORT_TP
6665,-1.0,SHORT_TP,SHORT_TP
6666,-1.0,SHORT_TP,SHORT_TP
6667,-1.0,SHORT_TP,SHORT_TP
6668,-1.0,SHORT_TP,SHORT_TP
6669,1.0,LONG_TP,LONG_TP
6670,1.0,LONG_TP,LONG_TP
6671,1.0,LONG_TP,LONG_TP
6672,1.0,LONG_TP,LONG_TP
6673,1.0,LONG_TP,LONG_TP
6674,1.0,LONG_TP,LONG_TP
6675,1.0,LONG_TP,LONG_TP
6676,1.0,LONG_TP,LONG_TP
6677,1.0,LONG_TP,LONG_TP
6678,1.0,LONG_TP,LONG_TP
6679,1.0,LONG_TP,LONG_TP
6680,1.0,LONG_TP,LONG_TP
6681,1.0,LONG_TP,LONG_TP
6682,1.0,LONG_TP,LONG_TP
6683,1.0,LONG_TP,LONG_TP
6684,1.0,LONG_TP,LONG_TP
6685,1.0,LONG_TP,LONG_TP
6686,1.0,LONG_TP,LONG_TP
6687,1.0,LONG_TP,LONG_TP
6688,1.0,LONG_TP,LONG_TP
6689,1.0,LONG_TP,LONG_TP
6690,1.0,LONG_TP,LONG_TP
6691,1.0,LONG_TP,LONG_TP
6692,1.0,LONG_TP,LONG_TP
6693,1.0,LONG_TP,LONG_TP
6694,1.0,LONG_TP,LONG_TP
6695,1.0,LONG_TP,LONG_TP
6696,1.0,LONG_TP,LONG_TP
6697,1.0,LONG_TP,LONG_TP
6698,1.0,LONG_TP,LONG_TP
6699,1.0,LONG_TP,LONG_TP
6700,-1.0,SHORT_TP,SHORT_TP
6701,-1.0,SHORT_TP,SHORT_TP
6702,-1.0,SHORT_TP,SHORT_TP
6703,-1.0,SHORT_TP,SHORT_TP
6704,-1.0,SHORT_TP,SHORT_TP
6705,-1.0,SHORT_TP,SHORT_TP
6706,-1.0,SHORT_TP,SHORT_TP
6707,-1.0,SHORT_TP,SHORT_TP
6708,-1.0,SHORT_TP,SHORT_TP
6709,-1.0,SHORT_TP,SHORT_TP
6710,-1.0,SHORT_TP,SHORT_TP
6711,-1.0,SHORT_TP,SHORT_TP
6712,-1.0,SHORT_TP,SHORT_TP
6713,-1.0,SHORT_TP,SHORT_TP
6714,-1.0,SHORT_TP,SHORT_TP
6715,-1.0,SHORT_TP,SHORT_TP
6716,1.0,LONG_TP,LONG_TP
6717,1.0,LONG_TP,LONG_TP
6718,1.0,LONG_TP,LONG_TP
6719,1.0,LONG_TP,LONG_TP
6720,1.0,LONG_TP,LONG_TP
6721,-1.0,SHORT_TP,SHORT_TP
6722,-1.0,SHORT_TP,SHORT_TP
6723,1.0,LONG_TP,LONG_TP
6724,1.0,LONG_TP,LONG_TP
6725,1.0,LONG_TP,LONG_TP
6726,1.0,LONG_TP,LONG_TP
6727,1.0,LONG_TP,LONG_TP
6728,1.0,LONG_TP,LONG_TP
6729,1.0,LONG_TP,LONG_TP
6730,1.0,LONG_TP,LONG_TP
6731,1.0,LONG_TP,LONG_TP
6732,1.0,LONG_TP,LONG_TP
6733,1.0,LONG_TP,LONG_TP
6734,1.0,LONG_TP,LONG_TP
6735,1.0,LONG_TP,LONG_TP
6736,1.0,LONG_TP,LONG_TP
6737,1.0,LONG_TP,LONG_TP
6738,1.0,LONG_TP,LONG_TP
6739,1.0,LONG_TP,LONG_TP
6740,1.0,LONG_TP,LONG_TP
6741,1.0,LONG_TP,LONG_TP
6742,1.0,LONG_TP,LONG_TP
6743,1.0,LONG_TP,LONG_TP
6744,1.0,LONG_TP,LONG_TP
6745,-1.0,SHORT_TP,SHORT_TP
6746,1.0,LONG_TP,LONG_TP
6747,-1.0,SHORT_TP,SHORT_TP
6748,-1.0,SHORT_TP,SHORT_TP
6749,-1.0,SHORT_TP,SHORT_TP
6750,-1.0,SHORT_TP,SHORT_TP
6751,-1.0,SHORT_TP,SHORT_TP
6752,-1.0,SHORT_TP,SHORT_TP
6753,-1.0,SHORT_TP,SHORT_TP
6754,-1.0,SHORT_TP,SHORT_TP
6755,-1.0,SHORT_TP,SHORT_TP
6756,-1.0,SHORT_TP,SHORT_TP
6757,-1.0,SHORT_TP,SHORT_TP
6758,-1.0,SHORT_TP,SHORT_TP
6759,-1.0,SHORT_TP,SHORT_TP
6760,-1.0,SHORT_TP,SHORT_TP
6761,-1.0,SHORT_TP,SHORT_TP
6762,-1.0,SHORT_TP,SHORT_TP
6763,-1.0,SHORT_TP,SHORT_TP
6764,-1.0,SHORT_TP,SHORT_TP
6765,-1.0,SHORT_TP,SHORT_TP
6766,-1.0,SHORT_TP,SHORT_TP
6767,-1.0,SHORT_TP,SHORT_TP
6768,-1.0,SHORT_TP,SHORT_TP
6769,-1.0,SHORT_TP,SHORT_TP
6770,1.0,LONG_TP,LONG_TP
6771,1.0,LONG_TP,LONG_TP
6772,-1.0,SHORT_TP,SHORT_TP
6773,-1.0,SHORT_TP,SHORT_TP
6774,-1.0,SHORT_TP,SHORT_TP
6775,-1.0,SHORT_TP,SHORT_TP
6776,-1.0,SHORT_TP,SHORT_TP
6777,-1.0,SHORT_TP,SHORT_TP
6778,-1.0,SHORT_TP,SHORT_TP
6779,-1.0,SHORT_TP,SHORT_TP
6780,-1.0,SHORT_TP,SHORT_TP
6781,-1.0,SHORT_TP,SHORT_TP
6782,-1.0,SHORT_TP,SHORT_TP
6783,-1.0,SHORT_TP,SHORT_TP
6784,-1.0,SHORT_TP,SHORT_TP
6785,-1.0,SHORT_TP,SHORT_TP
6786,-1.0,SHORT_TP,SHORT_TP
6787,-1.0,SHORT_TP,SHORT_TP
6788,-1.0,SHORT_TP,SHORT_TP
6789,-1.0,SHORT_TP,SHORT_TP
6790,-1.0,SHORT_TP,SHORT_TP
6791,-1.0,SHORT_TP,SHORT_TP
6792,1.0,LONG_TP,LONG_TP
6793,1.0,LONG_TP,LONG_TP
6794,1.0,LONG_TP,LONG_TP
6795,1.0,LONG_TP,LONG_TP
6796,1.0,LONG_TP,LONG_TP
6797,1.0,LONG_TP,LONG_TP
6798,1.0,LONG_TP,LONG_TP
6799,1.0,LONG_TP,LONG_TP
6800,1.0,LONG_TP,LONG_TP
6801,1.0,LONG_TP,LONG_TP
6802,1.0,LONG_TP,LONG_TP
6803,1.0,LONG_TP,LONG_TP
6804,1.0,LONG_TP,LONG_TP
6805,1.0,LONG_TP,LONG_TP
6806,1.0,LONG_TP,LONG_TP
6807,1.0,LONG_TP,LONG_TP
6808,1.0,LONG_TP,LONG_TP
6809,1.0,LONG_TP,LONG_TP
6810,1.0,LONG_TP,LONG_TP
6811,1.0,LONG_TP,LONG_TP
6812,1.0,LONG_TP,LONG_TP
6813,1.0,LONG_TP,LONG_TP
6814,1.0,LONG_TP,LONG_TP
6815,1.0,LONG_TP,LONG_TP
6816,1.0,LONG_TP,LONG_TP
6817,1.0,LONG_TP,LONG_TP
6818,1.0,LONG_TP,LONG_TP
6819,-1.0,SHORT_TP,SHORT_TP
6820,-1.0,SHORT_TP,SHORT_TP
6821,-1.0,SHORT_TP,SHORT_TP
6822,-1.0,SHORT_TP,SHORT_TP
6823,-1.0,SHORT_TP,SHORT_TP
6824,-1.0,SHORT_TP,SHORT_TP
6825,-1.0,SHORT_TP,SHORT_TP
6826,-1.0,SHORT_TP,SHORT_TP
6827,-1.0,SHORT_TP,SHORT_TP
6828,-1.0,SHORT_TP,SHORT_TP
6829,-1.0,SHORT_TP,SHORT_TP
6830,-1.0,SHORT_TP,SHORT_TP
6831,-1.0,SHORT_TP,SHORT_TP
6832,-1.0,SHORT_TP,SHORT_TP
6833,-1.0,SHORT_TP,SHORT_TP
6834,-1.0,SHORT_TP,SHORT_TP
6835,-1.0,SHORT_TP,SHORT_TP
6836,-1.0,SHORT_TP,SHORT_TP
6837,-1.0,SHORT_TP,SHORT_TP
6838,-1.0,SHORT_TP,SHORT_TP
6839,-1.0,SHORT_TP,SHORT_TP
6840,-1.0,SHORT_TP,SHORT_TP
6841,-1.0,SHORT_TP,SHORT_TP
6842,-1.0,SHORT_TP,SHORT_TP
6843,-1.0,SHORT_TP,SHORT_TP
6844,-1.0,SHORT_TP,SHORT_TP
6845,-1.0,SHORT_TP,SHORT_TP
6846,-1.0,SHORT_TP,SHORT_TP
6847,-1.0,SHORT_TP,SHORT_TP
6848,-1.0,SHORT_TP,SHORT_TP
6849,-1.0,SHORT_TP,SHORT_TP
6850,1.0,LONG_TP,LONG_TP
6851,1.0,LONG_TP,LONG_TP
6852,1.0,LONG_TP,LONG_TP
6853,1.0,LONG_TP,LONG_TP
6854,1.0,LONG_TP,LONG_TP
6855,1.0,LONG_TP,LONG_TP
6856,1.0,LONG_TP,LONG_TP
6857,1.0,LONG_TP,LONG_TP
6858,1.0,LONG_TP,LONG_TP
6859,1.0,LONG_TP,LONG_TP
6860,1.0,LONG_TP,LONG_TP
6861,1.0,LONG_TP,LONG_TP
6862,1.0,LONG_TP,LONG_TP
6863,1.0,LONG_TP,LONG_TP
6864,-1.0,SHORT_TP,SHORT_TP
6865,-1.0,SHORT_TP,SHORT_TP
6866,-1.0,SHORT_TP,SHORT_TP
6867,-1.0,SHORT_TP,SHORT_TP
6868,-1.0,SHORT_TP,SHORT_TP
6869,-1.0,SHORT_TP,SHORT_TP
6870,-1.0,SHORT_TP,SHORT_TP
6871,-1.0,SHORT_TP,SHORT_TP
6872,-1.0,SHORT_TP,SHORT_TP
6873,-1.0,SHORT_TP,SHORT_TP
6874,-1.0,SHORT_TP,SHORT_TP
6875,-1.0,SHORT_TP,SHORT_TP
6876,-1.0,SHORT_TP,SHORT_TP
6877,-1.0,SHORT_TP,SHORT_TP
6878,-1.0,SHORT_TP,SHORT_TP
6879,-1.0,SHORT_TP,SHORT_TP
6880,-1.0,SHORT_TP,SHORT_TP
6881,-1.0,SHORT_TP,SHORT_TP
6882,-1.0,SHORT_TP,SHORT_TP
6883,-1.0,SHORT_TP,SHORT_TP
6884,-1.0,SHORT_TP,SHORT_TP
6885,-1.0,SHORT_TP,SHORT_TP
6886,-1.0,SHORT_TP,SHORT_TP
6887,-1.0,SHORT_TP,SHORT_TP
6888,-1.0,SHORT_TP,SHORT_TP
6889,-1.0,SHORT_TP,SHORT_TP
6890,-1.0,SHORT_TP,SHORT_TP
6891,1.0,LONG_TP,LONG_TP
6892,1.0,LONG_TP,LONG_TP
6893,1.0,LONG_TP,LONG_TP
6894,1.0,LONG_TP,LONG_TP
6895,1.0,LONG_TP,LONG_TP
6896,1.0,LONG_TP,LONG_TP
6897,1.0,LONG_TP,LONG_TP
6898,1.0,LONG_TP,LONG_TP
6899,1.0,LONG_TP,LONG_TP
6900,1.0,LONG_TP,LONG_TP
6901,1.0,LONG_TP,LONG_TP
6902,1.0,LONG_TP,LONG_TP
6903,1.0,LONG_TP,LONG_TP
6904,1.0,LONG_TP,LONG_TP
6905,1.0,LONG_TP,LONG_TP
6906,1.0,LONG_TP,LONG_TP
6907,1.0,LONG_TP,LONG_TP
6908,1.0,LONG_TP,LONG_TP
6909,1.0,LONG_TP,LONG_TP
6910,1.0,LONG_TP,LONG_TP
6911,1.0,LONG_TP,LONG_TP
6912,1.0,LONG_TP,LONG_TP
6913,1.0,LONG_TP,LONG_TP
6914,1.0,LONG_TP,LONG_TP
6915,1.0,LONG_TP,LONG_TP
6916,1.0,LONG_TP,LONG_TP
6917,1.0,LONG_TP,LONG_TP
6918,1.0,LONG_TP,LONG_TP
6919,1.0,LONG_TP,LONG_TP
6920,1.0,LONG_TP,LONG_TP
6921,1.0,LONG_TP,LONG_TP
6922,1.0,LONG_TP,LONG_TP
6923,1.0,LONG_TP,LONG_TP
6924,1.0,LONG_TP,LONG_TP
6925,1.0,LONG_TP,LONG_TP
6926,1.0,LONG_TP,LONG_TP
6927,1.0,LONG_TP,LONG_TP
6928,1.0,LONG_TP,LONG_TP
6929,1.0,LONG_TP,LONG_TP
6930,1.0,LONG_TP,LONG_TP
6931,1.0,LONG_TP,LONG_TP
6932,1.0,LONG_TP,LONG_TP
6933,1.0,LONG_TP,LONG_TP
6934,1.0,LONG_TP,LONG_TP
6935,1.0,LONG_TP,LONG_TP
6936,1.0,LONG_TP,LONG_TP
6937,1.0,LONG_TP,LONG_TP
6938,-1.0,SHORT_TP,SHORT_TP
6939,-1.0,SHORT_TP,SHORT_TP
6940,-1.0,SHORT_TP,SHORT_TP
6941,-1.0,SHORT_TP,SHORT_TP
6942,-1.0,SHORT_TP,SHORT_TP
6943,-1.0,SHORT_TP,SHORT_TP
6944,-1.0,SHORT_TP,SHORT_TP
6945,-1.0,SHORT_TP,SHORT_TP
6946,-1.0,SHORT_TP,SHORT_TP
6947,-1.0,SHORT_TP,SHORT_TP
6948,-1.0,SHORT_TP,SHORT_TP
6949,-1.0,SHORT_TP,SHORT_TP
6950,-1.0,SHORT_TP,SHORT_TP
6951,-1.0,SHORT_TP,SHORT_TP
6952,-1.0,SHORT_TP,SHORT_TP
6953,-1.0,SHORT_TP,SHORT_TP
6954,-1.0,SHORT_TP,SHORT_TP
6955,-1.0,SHORT_TP,SHORT_TP
6956,-1.0,SHORT_TP,SHORT_TP
6957,-1.0,SHORT_TP,SHORT_TP
6958,-1.0,SHORT_TP,SHORT_TP
6959,-1.0,SHORT_TP,SHORT_TP
6960,-1.0,SHORT_TP,SHORT_TP
6961,-1.0,SHORT_TP,SHORT_TP
6962,-1.0,SHORT_TP,SHORT_TP
6963,-1.0,SHORT_TP,SHORT_TP
6964,-1.0,SHORT_TP,SHORT_TP
6965,-1.0,SHORT_TP,SHORT_TP
6966,-1.0,SHORT_TP,SHORT_TP
6967,-1.0,SHORT_TP,SHORT_TP
6968,-1.0,SHORT_TP,SHORT_TP
6969,-1.0,SHORT_TP,SHORT_TP
6970,-1.0,SHORT_TP,SHORT_TP
6971,-1.0,SHORT_TP,SHORT_TP
6972,-1.0,SHORT_TP,SHORT_TP
6973,-1.0,SHORT_TP,SHORT_TP
6974,-1.0,SHORT_TP,SHORT_TP
6975,-1.0,SHORT_TP,SHORT_TP
6976,-1.0,SHORT_TP,SHORT_TP
6977,-1.0,SHORT_TP,SHORT_TP
6978,-1.0,SHORT_TP,SHORT_TP
6979,-1.0,SHORT_TP,SHORT_TP
6980,1.0,LONG_TP,LONG_TP
6981,1.0,LONG_TP,LONG_TP
6982,1.0,LONG_TP,LONG_TP
6983,1.0,LONG_TP,LONG_TP
6984,1.0,LONG_TP,LONG_TP
6985,1.0,LONG_TP,LONG_TP
6986,1.0,LONG_TP,LONG_TP
6987,1.0,LONG_TP,LONG_TP
6988,1.0,LONG_TP,LONG_TP
6989,1.0,LONG_TP,LONG_TP
6990,1.0,LONG_TP,LONG_TP
6991,1.0,LONG_TP,LONG_TP
6992,1.0,LONG_TP,LONG_TP
6993,1.0,LONG_TP,LONG_TP
6994,1.0,LONG_TP,LONG_TP
6995,1.0,LONG_TP,LONG_TP
6996,1.0,LONG_TP,LONG_TP
6997,1.0,LONG_TP,LONG_TP
6998,1.0,LONG_TP,LONG_TP
6999,1.0,LONG_TP,LONG_TP
7000,1.0,LONG_TP,LONG_TP
7001,1.0,LONG_TP,LONG_TP
7002,1.0,LONG_TP,LONG_TP
7003,1.0,LONG_TP,LONG_TP
7004,1.0,LONG_TP,LONG_TP
7005,1.0,LONG_TP,LONG_TP
7006,1.0,LONG_TP,LONG_TP
7007,1.0,LONG_TP,LONG_TP
7008,1.0,LONG_TP,LONG_TP
7009,1.0,LONG_TP,LONG_TP
7010,1.0,LONG_TP,LONG_TP
7011,1.0,LONG_TP,LONG_TP
7012,1.0,LONG_TP,LONG_TP
7013,1.0,LONG_TP,LONG_TP
7014,1.0,LONG_TP,LONG_TP
7015,1.0,LONG_TP,LONG_TP
7016,1.0,LONG_TP,LONG_TP
7017,1.0,LONG_TP,LONG_TP
7018,1.0,LONG_TP,LONG_TP
7019,1.0,LONG_TP,LONG_TP
7020,1.0,LONG_TP,LONG_TP
7021,1.0,LONG_TP,LONG_TP
7022,1.0,LONG_TP,LONG_TP
7023,1.0,LONG_TP,LONG_TP
7024,1.0,LONG_TP,LONG_TP
7025,1.0,LONG_TP,LONG_TP
7026,1.0,LONG_TP,LONG_TP
7027,1.0,LONG_TP,LONG_TP
7028,1.0,LONG_TP,LONG_TP
7029,1.0,LONG_TP,LONG_TP
7030,-1.0,SHORT_TP,SHORT_TP
7031,1.0,LONG_TP,LONG_TP
7032,1.0,LONG_TP,LONG_TP
7033,1.0,LONG_TP,LONG_TP
7034,1.0,LONG_TP,LONG_TP
7035,1.0,LONG_TP,LONG_TP
7036,1.0,LONG_TP,LONG_TP
7037,1.0,LONG_TP,LONG_TP
7038,1.0,LONG_TP,LONG_TP
7039,1.0,LONG_TP,LONG_TP
7040,1.0,LONG_TP,LONG_TP
7041,1.0,LONG_TP,LONG_TP
7042,1.0,LONG_TP,LONG_TP
7043,1.0,LONG_TP,LONG_TP
7044,1.0,LONG_TP,LONG_TP
7045,1.0,LONG_TP,LONG_TP
7046,1.0,LONG_TP,LONG_TP
7047,1.0,LONG_TP,LONG_TP
7048,1.0,LONG_TP,LONG_TP
7049,1.0,LONG_TP,LONG_TP
7050,1.0,LONG_TP,LONG_TP
7051,1.0,LONG_TP,LONG_TP
7052,1.0,LONG_TP,LONG_TP
7053,1.0,LONG_TP,LONG_TP
7054,-1.0,SHORT_TP,SHORT_TP
7055,-1.0,SHORT_TP,SHORT_TP
7056,-1.0,SHORT_TP,SHORT_TP
7057,-1.0,SHORT_TP,SHORT_TP
7058,1.0,LONG_TP,LONG_TP
7059,1.0,LONG_TP,LONG_TP
7060,1.0,LONG_TP,LONG_TP
7061,1.0,LONG_TP,LONG_TP
7062,1.0,LONG_TP,LONG_TP
7063,1.0,LONG_TP,LONG_TP
7064,1.0,LONG_TP,LONG_TP
7065,1.0,LONG_TP,LONG_TP
7066,1.0,LONG_TP,LONG_TP
7067,1.0,LONG_TP,LONG_TP
7068,1.0,LONG_TP,LONG_TP
7069,1.0,LONG_TP,LONG_TP
7070,1.0,LONG_TP,LONG_TP
7071,1.0,LONG_TP,LONG_TP
7072,1.0,LONG_TP,LONG_TP
7073,-1.0,SHORT_TP,SHORT_TP
7074,1.0,LONG_TP,LONG_TP
7075,1.0,LONG_TP,LONG_TP
7076,-1.0,SHORT_TP,SHORT_TP
7077,-1.0,SHORT_TP,SHORT_TP
7078,-1.0,SHORT_TP,SHORT_TP
7079,-1.0,SHORT_TP,SHORT_TP
7080,-1.0,SHORT_TP,SHORT_TP
7081,-1.0,SHORT_TP,SHORT_TP
7082,-1.0,SHORT_TP,SHORT_TP
7083,1.0,LONG_TP,LONG_TP
7084,1.0,LONG_TP,LONG_TP
7085,1.0,LONG_TP,LONG_TP
7086,1.0,LONG_TP,LONG_TP
7087,1.0,LONG_TP,LONG_TP
7088,1.0,LONG_TP,LONG_TP
7089,1.0,LONG_TP,LONG_TP
7090,1.0,LONG_TP,LONG_TP
7091,1.0,LONG_TP,LONG_TP
7092,1.0,LONG_TP,LONG_TP
7093,1.0,LONG_TP,LONG_TP
7094,1.0,LONG_TP,LONG_TP
7095,1.0,LONG_TP,LONG_TP
7096,1.0,LONG_TP,LONG_TP
7097,1.0,LONG_TP,LONG_TP
7098,1.0,LONG_TP,LONG_TP
7099,1.0,LONG_TP,LONG_TP
7100,1.0,LONG_TP,LONG_TP
7101,1.0,LONG_TP,LONG_TP
7102,1.0,LONG_TP,LONG_TP
7103,1.0,LONG_TP,LONG_TP
7104,1.0,LONG_TP,LONG_TP
7105,-1.0,SHORT_TP,SHORT_TP
7106,-1.0,SHORT_TP,SHORT_TP
7107,-1.0,SHORT_TP,SHORT_TP
7108,-1.0,SHORT_TP,SHORT_TP
7109,-1.0,SHORT_TP,SHORT_TP
7110,-1.0,SHORT_TP,SHORT_TP
7111,-1.0,SHORT_TP,SHORT_TP
7112,-1.0,SHORT_TP,SHORT_TP
7113,-1.0,SHORT_TP,SHORT_TP
7114,-1.0,SHORT_TP,SHORT_TP
7115,1.0,LONG_TP,LONG_TP
7116,1.0,LONG_TP,LONG_TP
7117,1.0,LONG_TP,LONG_TP
7118,1.0,LONG_TP,LONG_TP
7119,1.0,LONG_TP,LONG_TP
7120,1.0,LONG_TP,LONG_TP
7121,1.0,LONG_TP,LONG_TP
7122,1.0,LONG_TP,LONG_TP
7123,1.0,LONG_TP,LONG_TP
7124,1.0,LONG_TP,LONG_TP
7125,1.0,LONG_TP,LONG_TP
7126,1.0,LONG_TP,LONG_TP
7127,1.0,LONG_TP,LONG_TP
7128,1.0,LONG_TP,LONG_TP
7129,1.0,LONG_TP,LONG_TP
7130,1.0,LONG_TP,LONG_TP
7131,1.0,LONG_TP,LONG_TP
7132,1.0,LONG_TP,LONG_TP
7133,1.0,LONG_TP,LONG_TP
7134,-1.0,SHORT_TP,SHORT_TP
7135,-1.0,SHORT_TP,SHORT_TP
7136,-1.0,SHORT_TP,SHORT_TP
7137,-1.0,SHORT_TP,SHORT_TP
7138,-1.0,SHORT_TP,SHORT_TP
7139,-1.0,SHORT_TP,SHORT_TP
7140,-1.0,SHORT_TP,SHORT_TP
7141,-1.0,SHORT_TP,SHORT_TP
7142,-1.0,SHORT_TP,SHORT_TP
7143,-1.0,SHORT_TP,SHORT_TP
7144,-1.0,SHORT_TP,SHORT_TP
7145,-1.0,SHORT_TP,SHORT_TP
7146,-1.0,SHORT_TP,SHORT_TP
7147,-1.0,SHORT_TP,SHORT_TP
7148,-1.0,SHORT_TP,SHORT_TP
7149,-1.0,SHORT_TP,SHORT_TP
7150,-1.0,SHORT_TP,SHORT_TP
7151,-1.0,SHORT_TP,SHORT_TP
7152,-1.0,SHORT_TP,SHORT_TP
7153,-1.0,SHORT_TP,SHORT_TP
7154,-1.0,SHORT_TP,SHORT_TP
7155,-1.0,SHORT_TP,SHORT_TP
7156,-1.0,SHORT_TP,SHORT_TP
7157,-1.0,SHORT_TP,SHORT_TP
7158,-1.0,SHORT_TP,SHORT_TP
7159,-1.0,SHORT_TP,SHORT_TP
7160,-1.0,SHORT_TP,SHORT_TP
7161,-1.0,SHORT_TP,SHORT_TP
7162,-1.0,SHORT_TP,SHORT_TP
7163,-1.0,SHORT_TP,SHORT_TP
7164,1.0,LONG_TP,LONG_TP
7165,1.0,LONG_TP,LONG_TP
7166,1.0,LONG_TP,LONG_TP
7167,1.0,LONG_TP,LONG_TP
7168,1.0,LONG_TP,LONG_TP
7169,1.0,LONG_TP,LONG_TP
7170,1.0,LONG_TP,LONG_TP
7171,1.0,LONG_TP,LONG_TP
7172,1.0,LONG_TP,LONG_TP
7173,1.0,LONG_TP,LONG_TP
7174,1.0,LONG_TP,LONG_TP
7175,1.0,LONG_TP,LONG_TP
7176,1.0,LONG_TP,LONG_TP
7177,1.0,LONG_TP,LONG_TP
7178,1.0,LONG_TP,LONG_TP
7179,1.0,LONG_TP,LONG_TP
7180,1.0,LONG_TP,LONG_TP
7181,1.0,LONG_TP,LONG_TP
7182,1.0,LONG_TP,LONG_TP
7183,1.0,LONG_TP,LONG_TP
7184,1.0,LONG_TP,LONG_TP
7185,1.0,LONG_TP,LONG_TP
7186,1.0,LONG_TP,LONG_TP
7187,1.0,LONG_TP,LONG_TP
7188,1.0,LONG_TP,LONG_TP
7189,1.0,LONG_TP,LONG_TP
7190,1.0,LONG_TP,LONG_TP
7191,1.0,LONG_TP,LONG_TP
7192,1.0,LONG_TP,LONG_TP
7193,1.0,LONG_TP,LONG_TP
7194,1.0,LONG_TP,LONG_TP
7195,1.0,LONG_TP,LONG_TP
7196,1.0,LONG_TP,LONG_TP
7197,1.0,LONG_TP,LONG_TP
7198,1.0,LONG_TP,LONG_TP
7199,1.0,LONG_TP,LONG_TP
7200,1.0,LONG_TP,LONG_TP
7201,1.0,LONG_TP,LONG_TP
7202,1.0,LONG_TP,LONG_TP
7203,1.0,LONG_TP,LONG_TP
7204,1.0,LONG_TP,LONG_TP
7205,1.0,LONG_TP,LONG_TP
7206,1.0,LONG_TP,LONG_TP
7207,1.0,LONG_TP,LONG_TP
7208,-1.0,SHORT_TP,SHORT_TP
7209,-1.0,SHORT_TP,SHORT_TP
7210,-1.0,SHORT_TP,SHORT_TP
7211,1.0,LONG_TP,LONG_TP
7212,-1.0,SHORT_TP,SHORT_TP
7213,-1.0,SHORT_TP,SHORT_TP
7214,-1.0,SHORT_TP,SHORT_TP
7215,-1.0,SHORT_TP,SHORT_TP
7216,-1.0,SHORT_TP,SHORT_TP
7217,-1.0,SHORT_TP,SHORT_TP
7218,-1.0,SHORT_TP,SHORT_TP
7219,-1.0,SHORT_TP,SHORT_TP
7220,-1.0,SHORT_TP,SHORT_TP
7221,-1.0,SHORT_TP,SHORT_TP
7222,-1.0,SHORT_TP,SHORT_TP
7223,-1.0,SHORT_TP,SHORT_TP
7224,-1.0,SHORT_TP,SHORT_TP
7225,-1.0,SHORT_TP,SHORT_TP
7226,-1.0,SHORT_TP,SHORT_TP
7227,-1.0,SHORT_TP,SHORT_TP
7228,1.0,LONG_TP,LONG_TP
7229,1.0,LONG_TP,LONG_TP
7230,-1.0,SHORT_TP,SHORT_TP
7231,-1.0,SHORT_TP,SHORT_TP
7232,-1.0,SHORT_TP,SHORT_TP
7233,-1.0,SHORT_TP,SHORT_TP
7234,-1.0,SHORT_TP,SHORT_TP
7235,-1.0,SHORT_TP,SHORT_TP
7236,-1.0,SHORT_TP,SHORT_TP
7237,-1.0,SHORT_TP,SHORT_TP
7238,-1.0,SHORT_TP,SHORT_TP
7239,-1.0,SHORT_TP,SHORT_TP
7240,-1.0,SHORT_TP,SHORT_TP
7241,-1.0,SHORT_TP,SHORT_TP
7242,-1.0,SHORT_TP,SHORT_TP
7243,-1.0,SHORT_TP,SHORT_TP
7244,-1.0,SHORT_TP,SHORT_TP
7245,1.0,LONG_TP,LONG_TP
7246,1.0,LONG_TP,LONG_TP
7247,1.0,LONG_TP,LONG_TP
7248,1.0,LONG_TP,LONG_TP
7249,1.0,LONG_TP,LONG_TP
7250,1.0,LONG_TP,LONG_TP
7251,1.0,LONG_TP,LONG_TP
7252,1.0,LONG_TP,LONG_TP
7253,1.0,LONG_TP,LONG_TP
7254,1.0,LONG_TP,LONG_TP
7255,1.0,LONG_TP,LONG_TP
7256,1.0,LONG_TP,LONG_TP
7257,1.0,LONG_TP,LONG_TP
7258,1.0,LONG_TP,LONG_TP
7259,1.0,LONG_TP,LONG_TP
7260,1.0,LONG_TP,LONG_TP
7261,1.0,LONG_TP,LONG_TP
7262,1.0,LONG_TP,LONG_TP
7263,1.0,LONG_TP,LONG_TP
7264,1.0,LONG_TP,LONG_TP
7265,1.0,LONG_TP,LONG_TP
7266,1.0,LONG_TP,LONG_TP
7267,1.0,LONG_TP,LONG_TP
7268,1.0,LONG_TP,LONG_TP
7269,1.0,LONG_TP,LONG_TP
7270,1.0,LONG_TP,LONG_TP
7271,1.0,LONG_TP,LONG_TP
7272,1.0,LONG_TP,LONG_TP
7273,1.0,LONG_TP,LONG_TP
7274,1.0,LONG_TP,LONG_TP
7275,1.0,LONG_TP,LONG_TP
7276,1.0,LONG_TP,LONG_TP
7277,1.0,LONG_TP,LONG_TP
7278,1.0,LONG_TP,LONG_TP
7279,1.0,LONG_TP,LONG_TP
7280,1.0,LONG_TP,LONG_TP
7281,1.0,LONG_TP,LONG_TP
7282,1.0,LONG_TP,LONG_TP
7283,1.0,LONG_TP,LONG_TP
7284,1.0,LONG_TP,LONG_TP
7285,1.0,LONG_TP,LONG_TP
7286,1.0,LONG_TP,LONG_TP
7287,1.0,LONG_TP,LONG_TP
7288,1.0,LONG_TP,LONG_TP
7289,1.0,LONG_TP,LONG_TP
7290,1.0,LONG_TP,LONG_TP
7291,1.0,LONG_TP,LONG_TP
7292,1.0,LONG_TP,LONG_TP
7293,1.0,LONG_TP,LONG_TP
7294,1.0,LONG_TP,LONG_TP
7295,1.0,LONG_TP,LONG_TP
7296,1.0,LONG_TP,LONG_TP
7297,1.0,LONG_TP,LONG_TP
7298,-1.0,SHORT_TP,SHORT_TP
7299,1.0,LONG_TP,LONG_TP
7300,1.0,LONG_TP,LONG_TP
7301,1.0,LONG_TP,LONG_TP
7302,1.0,LONG_TP,LONG_TP
7303,1.0,LONG_TP,LONG_TP
7304,1.0,LONG_TP,LONG_TP
7305,1.0,LONG_TP,LONG_TP
7306,1.0,LONG_TP,LONG_TP
7307,1.0,LONG_TP,LONG_TP
7308,1.0,LONG_TP,LONG_TP
7309,1.0,LONG_TP,LONG_TP
7310,1.0,LONG_TP,LONG_TP
7311,1.0,LONG_TP,LONG_TP
7312,1.0,LONG_TP,LONG_TP
7313,1.0,LONG_TP,LONG_TP
7314,1.0,LONG_TP,LONG_TP
7315,1.0,LONG_TP,LONG_TP
7316,1.0,LONG_TP,LONG_TP
7317,1.0,LONG_TP,LONG_TP
7318,-1.0,SHORT_TP,SHORT_TP
7319,1.0,LONG_TP,LONG_TP
7320,1.0,LONG_TP,LONG_TP
7321,1.0,LONG_TP,LONG_TP
7322,-1.0,SHORT_TP,SHORT_TP
7323,-1.0,SHORT_TP,SHORT_TP
7324,-1.0,SHORT_TP,SHORT_TP
7325,-1.0,SHORT_TP,SHORT_TP
7326,-1.0,SHORT_TP,SHORT_TP
7327,-1.0,SHORT_TP,SHORT_TP
7328,-1.0,SHORT_TP,SHORT_TP
7329,-1.0,SHORT_TP,SHORT_TP
7330,-1.0,SHORT_TP,SHORT_TP
7331,-1.0,SHORT_TP,SHORT_TP
7332,-1.0,SHORT_TP,SHORT_TP
7333,-1.0,SHORT_TP,SHORT_TP
7334,-1.0,SHORT_TP,SHORT_TP
7335,-1.0,SHORT_TP,SHORT_TP
7336,-1.0,SHORT_TP,SHORT_TP
7337,1.0,LONG_TP,LONG_TP
7338,1.0,LONG_TP,LONG_TP
7339,1.0,LONG_TP,LONG_TP
7340,1.0,LONG_TP,LONG_TP
7341,1.0,LONG_TP,LONG_TP
7342,1.0,LONG_TP,LONG_TP
7343,1.0,LONG_TP,LONG_TP
7344,1.0,LONG_TP,LONG_TP
7345,1.0,LONG_TP,LONG_TP
7346,1.0,LONG_TP,LONG_TP
7347,1.0,LONG_TP,LONG_TP
7348,1.0,LONG_TP,LONG_TP
7349,1.0,LONG_TP,LONG_TP
7350,1.0,LONG_TP,LONG_TP
7351,1.0,LONG_TP,LONG_TP
7352,1.0,LONG_TP,LONG_TP
7353,1.0,LONG_TP,LONG_TP
7354,1.0,LONG_TP,LONG_TP
7355,1.0,LONG_TP,LONG_TP
7356,1.0,LONG_TP,LONG_TP
7357,1.0,LONG_TP,LONG_TP
7358,1.0,LONG_TP,LONG_TP
7359,1.0,LONG_TP,LONG_TP
7360,1.0,LONG_TP,LONG_TP
7361,1.0,LONG_TP,LONG_TP
7362,1.0,LONG_TP,LONG_TP
7363,1.0,LONG_TP,LONG_TP
7364,1.0,LONG_TP,LONG_TP
7365,1.0,LONG_TP,LONG_TP
7366,1.0,LONG_TP,LONG_TP
7367,-1.0,SHORT_TP,SHORT_TP
7368,-1.0,SHORT_TP,SHORT_TP
7369,-1.0,SHORT_TP,SHORT_TP
7370,-1.0,SHORT_TP,SHORT_TP
7371,-1.0,SHORT_TP,SHORT_TP
7372,-1.0,SHORT_TP,SHORT_TP
7373,-1.0,SHORT_TP,SHORT_TP
7374,-1.0,SHORT_TP,SHORT_TP
7375,-1.0,SHORT_TP,SHORT_TP
7376,-1.0,SHORT_TP,SHORT_TP
7377,-1.0,SHORT_TP,SHORT_TP
7378,-1.0,SHORT_TP,SHORT_TP
7379,-1.0,SHORT_TP,SHORT_TP
7380,-1.0,SHORT_TP,SHORT_TP
7381,-1.0,SHORT_TP,SHORT_TP
7382,-1.0,SHORT_TP,SHORT_TP
7383,1.0,LONG_TP,LONG_TP
7384,1.0,LONG_TP,LONG_TP
7385,1.0,LONG_TP,LONG_TP
7386,1.0,LONG_TP,LONG_TP
7387,1.0,LONG_TP,LONG_TP
7388,1.0,LONG_TP,LONG_TP
7389,1.0,LONG_TP,LONG_TP
7390,1.0,LONG_TP,LONG_TP
7391,1.0,LONG_TP,LONG_TP
7392,1.0,LONG_TP,LONG_TP
7393,1.0,LONG_TP,LONG_TP
7394,1.0,LONG_TP,LONG_TP
7395,1.0,LONG_TP,LONG_TP
7396,1.0,LONG_TP,LONG_TP
7397,1.0,LONG_TP,LONG_TP
7398,1.0,LONG_TP,LONG_TP
7399,1.0,LONG_TP,LONG_TP
7400,1.0,LONG_TP,LONG_TP
7401,1.0,LONG_TP,LONG_TP
7402,1.0,LONG_TP,LONG_TP
7403,1.0,LONG_TP,LONG_TP
7404,1.0,LONG_TP,LONG_TP
7405,1.0,LONG_TP,LONG_TP
7406,1.0,LONG_TP,LONG_TP
7407,1.0,LONG_TP,LONG_TP
7408,1.0,LONG_TP,LONG_TP
7409,1.0,LONG_TP,LONG_TP
7410,1.0,LONG_TP,LONG_TP
7411,1.0,LONG_TP,LONG_TP
7412,1.0,LONG_TP,LONG_TP
7413,1.0,LONG_TP,LONG_TP
7414,1.0,LONG_TP,LONG_TP
7415,1.0,LONG_TP,LONG_TP
7416,1.0,LONG_TP,LONG_TP
7417,-1.0,SHORT_TP,SHORT_TP
7418,-1.0,SHORT_TP,SHORT_TP
7419,-1.0,SHORT_TP,SHORT_TP
7420,-1.0,SHORT_TP,SHORT_TP
7421,-1.0,SHORT_TP,SHORT_TP
7422,-1.0,SHORT_TP,SHORT_TP
7423,-1.0,SHORT_TP,SHORT_TP
7424,-1.0,SHORT_TP,SHORT_TP
7425,-1.0,SHORT_TP,SHORT_TP
7426,-1.0,SHORT_TP,SHORT_TP
7427,-1.0,SHORT_TP,SHORT_TP
7428,-1.0,SHORT_TP,SHORT_TP
7429,-1.0,SHORT_TP,SHORT_TP
7430,-1.0,SHORT_TP,SHORT_TP
7431,-1.0,SHORT_TP,SHORT_TP
7432,-1.0,SHORT_TP,SHORT_TP
7433,-1.0,SHORT_TP,SHORT_TP
7434,-1.0,SHORT_TP,SHORT_TP
7435,-1.0,SHORT_TP,SHORT_TP
7436,-1.0,SHORT_TP,SHORT_TP
7437,-1.0,SHORT_TP,SHORT_TP
7438,-1.0,SHORT_TP,SHORT_TP
7439,-1.0,SHORT_TP,SHORT_TP
7440,-1.0,SHORT_TP,SHORT_TP
7441,-1.0,SHORT_TP,SHORT_TP
7442,-1.0,SHORT_TP,SHORT_TP
7443,-1.0,SHORT_TP,SHORT_TP
7444,-1.0,SHORT_TP,SHORT_TP
7445,-1.0,SHORT_TP,SHORT_TP
7446,-1.0,SHORT_TP,SHORT_TP
7447,-1.0,SHORT_TP,SHORT_TP
7448,-1.0,SHORT_TP,SHORT_TP
7449,-1.0,SHORT_TP,SHORT_TP
7450,-1.0,SHORT_TP,SHORT_TP
7451,-1.0,SHORT_TP,SHORT_TP
7452,-1.0,SHORT_TP,SHORT_TP
7453,1.0,LONG_TP,LONG_TP
7454,1.0,LONG_TP,LONG_TP
7455,-1.0,SHORT_TP,SHORT_TP
7456,-1.0,SHORT_TP,SHORT_TP
7457,-1.0,SHORT_TP,SHORT_TP
7458,-1.0,SHORT_TP,SHORT_TP
7459,-1.0,SHORT_TP,SHORT_TP
7460,-1.0,SHORT_TP,SHORT_TP
7461,-1.0,SHORT_TP,SHORT_TP
7462,1.0,LONG_TP,LONG_TP
7463,-1.0,SHORT_TP,SHORT_TP
7464,-1.0,SHORT_TP,SHORT_TP
7465,-1.0,SHORT_TP,SHORT_TP
7466,-1.0,SHORT_TP,SHORT_TP
7467,-1.0,SHORT_TP,SHORT_TP
7468,-1.0,SHORT_TP,SHORT_TP
7469,-1.0,SHORT_TP,SHORT_TP
7470,-1.0,SHORT_TP,SHORT_TP
7471,-1.0,SHORT_TP,SHORT_TP
7472,-1.0,SHORT_TP,SHORT_TP
7473,-1.0,SHORT_TP,SHORT_TP
7474,1.0,LONG_TP,LONG_TP
7475,1.0,LONG_TP,LONG_TP
7476,1.0,LONG_TP,LONG_TP
7477,1.0,LONG_TP,LONG_TP
7478,1.0,LONG_TP,LONG_TP
7479,1.0,LONG_TP,LONG_TP
7480,1.0,LONG_TP,LONG_TP
7481,1.0,LONG_TP,LONG_TP
7482,1.0,LONG_TP,LONG_TP
7483,1.0,LONG_TP,LONG_TP
7484,1.0,LONG_TP,LONG_TP
7485,1.0,LONG_TP,LONG_TP
7486,1.0,LONG_TP,LONG_TP
7487,1.0,LONG_TP,LONG_TP
7488,1.0,LONG_TP,LONG_TP
7489,1.0,LONG_TP,LONG_TP
7490,1.0,LONG_TP,LONG_TP
7491,1.0,LONG_TP,LONG_TP
7492,1.0,LONG_TP,LONG_TP
7493,1.0,LONG_TP,LONG_TP
7494,1.0,LONG_TP,LONG_TP
7495,1.0,LONG_TP,LONG_TP
7496,1.0,LONG_TP,LONG_TP
7497,1.0,LONG_TP,LONG_TP
7498,-1.0,SHORT_TP,SHORT_TP
7499,-1.0,SHORT_TP,SHORT_TP
7500,-1.0,SHORT_TP,SHORT_TP
7501,-1.0,SHORT_TP,SHORT_TP
7502,-1.0,SHORT_TP,SHORT_TP
7503,-1.0,SHORT_TP,SHORT_TP
7504,-1.0,SHORT_TP,SHORT_TP
7505,-1.0,SHORT_TP,SHORT_TP
7506,1.0,LONG_TP,LONG_TP
7507,1.0,LONG_TP,LONG_TP
7508,1.0,LONG_TP,LONG_TP
7509,1.0,LONG_TP,LONG_TP
7510,1.0,LONG_TP,LONG_TP
7511,1.0,LONG_TP,LONG_TP
7512,1.0,LONG_TP,LONG_TP
7513,1.0,LONG_TP,LONG_TP
7514,1.0,LONG_TP,LONG_TP
7515,1.0,LONG_TP,LONG_TP
7516,1.0,LONG_TP,LONG_TP
7517,1.0,LONG_TP,LONG_TP
7518,1.0,LONG_TP,LONG_TP
7519,1.0,LONG_TP,LONG_TP
7520,-1.0,SHORT_TP,SHORT_TP
7521,1.0,LONG_TP,LONG_TP
7522,1.0,LONG_TP,LONG_TP
7523,1.0,LONG_TP,LONG_TP
7524,1.0,LONG_TP,LONG_TP
7525,1.0,LONG_TP,LONG_TP
7526,1.0,LONG_TP,LONG_TP
7527,1.0,LONG_TP,LONG_TP
7528,1.0,LONG_TP,LONG_TP
7529,1.0,LONG_TP,LONG_TP
7530,1.0,LONG_TP,LONG_TP
7531,1.0,LONG_TP,LONG_TP
7532,1.0,LONG_TP,LONG_TP
7533,1.0,LONG_TP,LONG_TP
7534,1.0,LONG_TP,LONG_TP
7535,1.0,LONG_TP,LONG_TP
7536,1.0,LONG_TP,LONG_TP
7537,1.0,LONG_TP,LONG_TP
7538,1.0,LONG_TP,LONG_TP
7539,1.0,LONG_TP,LONG_TP
7540,1.0,LONG_TP,LONG_TP
7541,1.0,LONG_TP,LONG_TP
7542,1.0,LONG_TP,LONG_TP
7543,1.0,LONG_TP,LONG_TP
7544,1.0,LONG_TP,LONG_TP
7545,1.0,LONG_TP,LONG_TP
7546,1.0,LONG_TP,LONG_TP
7547,1.0,LONG_TP,LONG_TP
7548,1.0,LONG_TP,LONG_TP
7549,1.0,LONG_TP,LONG_TP
7550,1.0,LONG_TP,LONG_TP
7551,1.0,LONG_TP,LONG_TP
7552,1.0,LONG_TP,LONG_TP
7553,1.0,LONG_TP,LONG_TP
7554,1.0,LONG_TP,LONG_TP
7555,1.0,LONG_TP,LONG_TP
7556,1.0,LONG_TP,LONG_TP
7557,1.0,LONG_TP,LONG_TP
7558,1.0,LONG_TP,LONG_TP
7559,1.0,LONG_TP,LONG_TP
7560,1.0,LONG_TP,LONG_TP
7561,1.0,LONG_TP,LONG_TP
7562,1.0,LONG_TP,LONG_TP
7563,1.0,LONG_TP,LONG_TP
7564,1.0,LONG_TP,LONG_TP
7565,1.0,LONG_TP,LONG_TP
7566,1.0,LONG_TP,LONG_TP
7567,1.0,LONG_TP,LONG_TP
7568,1.0,LONG_TP,LONG_TP
7569,1.0,LONG_TP,LONG_TP
7570,-1.0,SHORT_TP,SHORT_TP
7571,-1.0,SHORT_TP,SHORT_TP
7572,-1.0,SHORT_TP,SHORT_TP
7573,-1.0,SHORT_TP,SHORT_TP
7574,-1.0,SHORT_TP,SHORT_TP
7575,-1.0,SHORT_TP,SHORT_TP
7576,-1.0,SHORT_TP,SHORT_TP
7577,-1.0,SHORT_TP,SHORT_TP
7578,-1.0,SHORT_TP,SHORT_TP
7579,-1.0,SHORT_TP,SHORT_TP
7580,1.0,LONG_TP,LONG_TP
7581,1.0,LONG_TP,LONG_TP
7582,-1.0,SHORT_TP,SHORT_TP
7583,1.0,LONG_TP,LONG_TP
7584,1.0,LONG_TP,LONG_TP
7585,1.0,LONG_TP,LONG_TP
7586,1.0,LONG_TP,LONG_TP
7587,1.0,LONG_TP,LONG_TP
7588,1.0,LONG_TP,LONG_TP
7589,1.0,LONG_TP,LONG_TP
7590,-1.0,SHORT_TP,SHORT_TP
7591,-1.0,SHORT_TP,SHORT_TP
7592,1.0,LONG_TP,LONG_TP
7593,-1.0,SHORT_TP,SHORT_TP
7594,-1.0,SHORT_TP,SHORT_TP
7595,-1.0,SHORT_TP,SHORT_TP
7596,-1.0,SHORT_TP,SHORT_TP
7597,-1.0,SHORT_TP,SHORT_TP
7598,-1.0,SHORT_TP,SHORT_TP
7599,-1.0,SHORT_TP,SHORT_TP
7600,-1.0,SHORT_TP,SHORT_TP
7601,-1.0,SHORT_TP,SHORT_TP
7602,-1.0,SHORT_TP,SHORT_TP
7603,-1.0,SHORT_TP,SHORT_TP
7604,-1.0,SHORT_TP,SHORT_TP
7605,1.0,LONG_TP,LONG_TP
7606,1.0,LONG_TP,LONG_TP
7607,1.0,LONG_TP,LONG_TP
7608,1.0,LONG_TP,LONG_TP
7609,1.0,LONG_TP,LONG_TP
7610,1.0,LONG_TP,LONG_TP
7611,1.0,LONG_TP,LONG_TP
7612,1.0,LONG_TP,LONG_TP
7613,1.0,LONG_TP,LONG_TP
7614,1.0,LONG_TP,LONG_TP
7615,1.0,LONG_TP,LONG_TP
7616,1.0,LONG_TP,LONG_TP
7617,1.0,LONG_TP,LONG_TP
7618,1.0,LONG_TP,LONG_TP
7619,1.0,LONG_TP,LONG_TP
7620,-1.0,SHORT_TP,SHORT_TP
7621,-1.0,SHORT_TP,SHORT_TP
7622,-1.0,SHORT_TP,SHORT_TP
7623,1.0,LONG_TP,LONG_TP
7624,1.0,LONG_TP,LONG_TP
7625,1.0,LONG_TP,LONG_TP
7626,1.0,LONG_TP,LONG_TP
7627,1.0,LONG_TP,LONG_TP
7628,1.0,LONG_TP,LONG_TP
7629,1.0,LONG_TP,LONG_TP
7630,1.0,LONG_TP,LONG_TP
7631,1.0,LONG_TP,LONG_TP
7632,1.0,LONG_TP,LONG_TP
7633,1.0,LONG_TP,LONG_TP
7634,1.0,LONG_TP,LONG_TP
7635,1.0,LONG_TP,LONG_TP
7636,1.0,LONG_TP,LONG_TP
7637,1.0,LONG_TP,LONG_TP
7638,1.0,LONG_TP,LONG_TP
7639,1.0,LONG_TP,LONG_TP
7640,1.0,LONG_TP,LONG_TP
7641,-1.0,SHORT_TP,SHORT_TP
7642,-1.0,SHORT_TP,SHORT_TP
7643,-1.0,SHORT_TP,SHORT_TP
7644,-1.0,SHORT_TP,SHORT_TP
7645,-1.0,SHORT_TP,SHORT_TP
7646,-1.0,SHORT_TP,SHORT_TP
7647,-1.0,SHORT_TP,SHORT_TP
7648,-1.0,SHORT_TP,SHORT_TP
7649,-1.0,SHORT_TP,SHORT_TP
7650,-1.0,SHORT_TP,SHORT_TP
7651,-1.0,SHORT_TP,SHORT_TP
7652,-1.0,SHORT_TP,SHORT_TP
7653,-1.0,SHORT_TP,SHORT_TP
7654,-1.0,SHORT_TP,SHORT_TP
7655,1.0,LONG_TP,LONG_TP
7656,-1.0,SHORT_TP,SHORT_TP
7657,1.0,LONG_TP,LONG_TP
7658,1.0,LONG_TP,LONG_TP
7659,1.0,LONG_TP,LONG_TP
7660,1.0,LONG_TP,LONG_TP
7661,1.0,LONG_TP,LONG_TP
7662,1.0,LONG_TP,LONG_TP
7663,-1.0,SHORT_TP,SHORT_TP
7664,-1.0,SHORT_TP,SHORT_TP
7665,-1.0,SHORT_TP,SHORT_TP
7666,-1.0,SHORT_TP,SHORT_TP
7667,-1.0,SHORT_TP,SHORT_TP
7668,-1.0,SHORT_TP,SHORT_TP
7669,-1.0,SHORT_TP,SHORT_TP
7670,-1.0,SHORT_TP,SHORT_TP
7671,-1.0,SHORT_TP,SHORT_TP
7672,-1.0,SHORT_TP,SHORT_TP
7673,-1.0,SHORT_TP,SHORT_TP
7674,-1.0,SHORT_TP,SHORT_TP
7675,1.0,LONG_TP,LONG_TP
7676,1.0,LONG_TP,LONG_TP
7677,1.0,LONG_TP,LONG_TP
7678,1.0,LONG_TP,LONG_TP
7679,1.0,LONG_TP,LONG_TP
7680,1.0,LONG_TP,LONG_TP
7681,1.0,LONG_TP,LONG_TP
7682,1.0,LONG_TP,LONG_TP
7683,1.0,LONG_TP,LONG_TP
7684,1.0,LONG_TP,LONG_TP
7685,1.0,LONG_TP,LONG_TP
7686,1.0,LONG_TP,LONG_TP
7687,1.0,LONG_TP,LONG_TP
7688,1.0,LONG_TP,LONG_TP
7689,1.0,LONG_TP,LONG_TP
7690,1.0,LONG_TP,LONG_TP
7691,1.0,LONG_TP,LONG_TP
7692,1.0,LONG_TP,LONG_TP
7693,1.0,LONG_TP,LONG_TP
7694,1.0,LONG_TP,LONG_TP
7695,1.0,LONG_TP,LONG_TP
7696,1.0,LONG_TP,LONG_TP
7697,-1.0,SHORT_TP,SHORT_TP
7698,-1.0,SHORT_TP,SHORT_TP
7699,1.0,LONG_TP,LONG_TP
7700,1.0,LONG_TP,LONG_TP
7701,1.0,LONG_TP,LONG_TP
7702,1.0,LONG_TP,LONG_TP
7703,1.0,LONG_TP,LONG_TP
7704,1.0,LONG_TP,LONG_TP
7705,1.0,LONG_TP,LONG_TP
7706,1.0,LONG_TP,LONG_TP
7707,1.0,LONG_TP,LONG_TP
7708,1.0,LONG_TP,LONG_TP
7709,1.0,LONG_TP,LONG_TP
7710,1.0,LONG_TP,LONG_TP
7711,1.0,LONG_TP,LONG_TP
7712,-1.0,SHORT_TP,SHORT_TP
7713,-1.0,SHORT_TP,SHORT_TP
7714,1.0,LONG_TP,LONG_TP
7715,-1.0,SHORT_TP,SHORT_TP
7716,-1.0,SHORT_TP,SHORT_TP
7717,1.0,LONG_TP,LONG_TP
7718,1.0,LONG_TP,LONG_TP
7719,1.0,LONG_TP,LONG_TP
7720,1.0,LONG_TP,LONG_TP
7721,1.0,LONG_TP,LONG_TP
7722,1.0,LONG_TP,LONG_TP
7723,1.0,LONG_TP,LONG_TP
7724,1.0,LONG_TP,LONG_TP
7725,1.0,LONG_TP,LONG_TP
7726,1.0,LONG_TP,LONG_TP
7727,-1.0,SHORT_TP,SHORT_TP
7728,1.0,LONG_TP,LONG_TP
7729,-1.0,SHORT_TP,SHORT_TP
7730,-1.0,SHORT_TP,SHORT_TP
7731,-1.0,SHORT_TP,SHORT_TP
7732,-1.0,SHORT_TP,SHORT_TP
7733,-1.0,SHORT_TP,SHORT_TP
7734,-1.0,SHORT_TP,SHORT_TP
7735,-1.0,SHORT_TP,SHORT_TP
7736,-1.0,SHORT_TP,SHORT_TP
7737,-1.0,SHORT_TP,SHORT_TP
7738,-1.0,SHORT_TP,SHORT_TP
7739,-1.0,SHORT_TP,SHORT_TP
7740,-1.0,SHORT_TP,SHORT_TP
7741,-1.0,SHORT_TP,SHORT_TP
7742,-1.0,SHORT_TP,SHORT_TP
7743,-1.0,SHORT_TP,SHORT_TP
7744,-1.0,SHORT_TP,SHORT_TP
7745,-1.0,SHORT_TP,SHORT_TP
7746,-1.0,SHORT_TP,SHORT_TP
7747,-1.0,SHORT_TP,SHORT_TP
7748,-1.0,SHORT_TP,SHORT_TP
7749,1.0,LONG_TP,LONG_TP
7750,1.0,LONG_TP,LONG_TP
7751,1.0,LONG_TP,LONG_TP
7752,1.0,LONG_TP,LONG_TP
7753,1.0,LONG_TP,LONG_TP
7754,1.0,LONG_TP,LONG_TP
7755,1.0,LONG_TP,LONG_TP
7756,1.0,LONG_TP,LONG_TP
7757,1.0,LONG_TP,LONG_TP
7758,1.0,LONG_TP,LONG_TP
7759,1.0,LONG_TP,LONG_TP
7760,1.0,LONG_TP,LONG_TP
7761,1.0,LONG_TP,LONG_TP
7762,1.0,LONG_TP,LONG_TP
7763,1.0,LONG_TP,LONG_TP
7764,1.0,LONG_TP,LONG_TP
7765,1.0,LONG_TP,LONG_TP
7766,1.0,LONG_TP,LONG_TP
7767,1.0,LONG_TP,LONG_TP
7768,1.0,LONG_TP,LONG_TP
7769,1.0,LONG_TP,LONG_TP
7770,1.0,LONG_TP,LONG_TP
7771,1.0,LONG_TP,LONG_TP
7772,1.0,LONG_TP,LONG_TP
7773,1.0,LONG_TP,LONG_TP
7774,1.0,LONG_TP,LONG_TP
7775,1.0,LONG_TP,LONG_TP
7776,1.0,LONG_TP,LONG_TP
7777,1.0,LONG_TP,LONG_TP
7778,-1.0,SHORT_TP,SHORT_TP
7779,-1.0,SHORT_TP,SHORT_TP
7780,-1.0,SHORT_TP,SHORT_TP
7781,-1.0,SHORT_TP,SHORT_TP
7782,-1.0,SHORT_TP,SHORT_TP
7783,-1.0,SHORT_TP,SHORT_TP
7784,1.0,LONG_TP,LONG_TP
7785,1.0,LONG_TP,LONG_TP
7786,1.0,LONG_TP,LONG_TP
7787,1.0,LONG_TP,LONG_TP
7788,1.0,LONG_TP,LONG_TP
7789,1.0,LONG_TP,LONG_TP
7790,1.0,LONG_TP,LONG_TP
7791,1.0,LONG_TP,LONG_TP
7792,1.0,LONG_TP,LONG_TP
7793,1.0,LONG_TP,LONG_TP
7794,1.0,LONG_TP,LONG_TP
7795,1.0,LONG_TP,LONG_TP
7796,-1.0,SHORT_TP,SHORT_TP
7797,1.0,LONG_TP,LONG_TP
7798,1.0,LONG_TP,LONG_TP
7799,-1.0,SHORT_TP,SHORT_TP
7800,-1.0,SHORT_TP,SHORT_TP
7801,-1.0,SHORT_TP,SHORT_TP
7802,-1.0,SHORT_TP,SHORT_TP
7803,-1.0,SHORT_TP,SHORT_TP
7804,-1.0,SHORT_TP,SHORT_TP
7805,-1.0,SHORT_TP,SHORT_TP
7806,1.0,LONG_TP,LONG_TP
7807,1.0,LONG_TP,LONG_TP
7808,1.0,LONG_TP,LONG_TP
7809,1.0,LONG_TP,LONG_TP
7810,1.0,LONG_TP,LONG_TP
7811,1.0,LONG_TP,LONG_TP
7812,1.0,LONG_TP,LONG_TP
7813,1.0,LONG_TP,LONG_TP
7814,1.0,LONG_TP,LONG_TP
7815,1.0,LONG_TP,LONG_TP
7816,1.0,LONG_TP,LONG_TP
7817,1.0,LONG_TP,LONG_TP
7818,1.0,LONG_TP,LONG_TP
7819,1.0,LONG_TP,LONG_TP
7820,1.0,LONG_TP,LONG_TP
7821,1.0,LONG_TP,LONG_TP
7822,1.0,LONG_TP,LONG_TP
7823,1.0,LONG_TP,LONG_TP
7824,1.0,LONG_TP,LONG_TP
7825,1.0,LONG_TP,LONG_TP
7826,1.0,LONG_TP,LONG_TP
7827,1.0,LONG_TP,LONG_TP
7828,1.0,LONG_TP,LONG_TP
7829,1.0,LONG_TP,LONG_TP
7830,1.0,LONG_TP,LONG_TP
7831,1.0,LONG_TP,LONG_TP
7832,1.0,LONG_TP,LONG_TP
7833,1.0,LONG_TP,LONG_TP
7834,1.0,LONG_TP,LONG_TP
7835,1.0,LONG_TP,LONG_TP
7836,1.0,LONG_TP,LONG_TP
7837,1.0,LONG_TP,LONG_TP
7838,1.0,LONG_TP,LONG_TP
7839,1.0,LONG_TP,LONG_TP
7840,1.0,LONG_TP,LONG_TP
7841,1.0,LONG_TP,LONG_TP
7842,1.0,LONG_TP,LONG_TP
7843,1.0,LONG_TP,LONG_TP
7844,1.0,LONG_TP,LONG_TP
7845,-1.0,SHORT_TP,SHORT_TP
7846,-1.0,SHORT_TP,SHORT_TP
7847,-1.0,SHORT_TP,SHORT_TP
7848,-1.0,SHORT_TP,SHORT_TP
7849,-1.0,SHORT_TP,SHORT_TP
7850,-1.0,SHORT_TP,SHORT_TP
7851,-1.0,SHORT_TP,SHORT_TP
7852,-1.0,SHORT_TP,SHORT_TP
7853,-1.0,SHORT_TP,SHORT_TP
7854,-1.0,SHORT_TP,SHORT_TP
7855,-1.0,SHORT_TP,SHORT_TP
7856,-1.0,SHORT_TP,SHORT_TP
7857,-1.0,SHORT_TP,SHORT_TP
7858,-1.0,SHORT_TP,SHORT_TP
7859,-1.0,SHORT_TP,SHORT_TP
7860,-1.0,SHORT_TP,SHORT_TP
7861,-1.0,SHORT_TP,SHORT_TP
7862,-1.0,SHORT_TP,SHORT_TP
7863,-1.0,SHORT_TP,SHORT_TP
7864,-1.0,SHORT_TP,SHORT_TP
7865,-1.0,SHORT_TP,SHORT_TP
7866,-1.0,SHORT_TP,SHORT_TP
7867,-1.0,SHORT_TP,SHORT_TP
7868,-1.0,SHORT_TP,SHORT_TP
7869,-1.0,SHORT_TP,SHORT_TP
7870,-1.0,SHORT_TP,SHORT_TP
7871,1.0,LONG_TP,LONG_TP
7872,-1.0,SHORT_TP,SHORT_TP
7873,-1.0,SHORT_TP,SHORT_TP
7874,-1.0,SHORT_TP,SHORT_TP
7875,-1.0,SHORT_TP,SHORT_TP
7876,-1.0,SHORT_TP,SHORT_TP
7877,-1.0,SHORT_TP,SHORT_TP
7878,-1.0,SHORT_TP,SHORT_TP
7879,-1.0,SHORT_TP,SHORT_TP
7880,-1.0,SHORT_TP,SHORT_TP
7881,-1.0,SHORT_TP,SHORT_TP
7882,-1.0,SHORT_TP,SHORT_TP
7883,-1.0,SHORT_TP,SHORT_TP
7884,1.0,LONG_TP,LONG_TP
7885,-1.0,SHORT_TP,SHORT_TP
7886,-1.0,SHORT_TP,SHORT_TP
7887,-1.0,SHORT_TP,SHORT_TP
7888,-1.0,SHORT_TP,SHORT_TP
7889,-1.0,SHORT_TP,SHORT_TP
7890,-1.0,SHORT_TP,SHORT_TP
7891,-1.0,SHORT_TP,SHORT_TP
7892,1.0,LONG_TP,LONG_TP
7893,-1.0,SHORT_TP,SHORT_TP
7894,-1.0,SHORT_TP,SHORT_TP
7895,-1.0,SHORT_TP,SHORT_TP
7896,-1.0,SHORT_TP,SHORT_TP
7897,-1.0,SHORT_TP,SHORT_TP
7898,-1.0,SHORT_TP,SHORT_TP
7899,-1.0,SHORT_TP,SHORT_TP
7900,-1.0,SHORT_TP,SHORT_TP
7901,-1.0,SHORT_TP,SHORT_TP
7902,-1.0,SHORT_TP,SHORT_TP
7903,-1.0,SHORT_TP,SHORT_TP
7904,1.0,LONG_TP,LONG_TP
7905,-1.0,SHORT_TP,SHORT_TP
7906,-1.0,SHORT_TP,SHORT_TP
7907,-1.0,SHORT_TP,SHORT_TP
7908,-1.0,SHORT_TP,SHORT_TP
7909,-1.0,SHORT_TP,SHORT_TP
7910,1.0,LONG_TP,LONG_TP
7911,1.0,LONG_TP,LONG_TP
7912,1.0,LONG_TP,LONG_TP
7913,1.0,LONG_TP,LONG_TP
7914,-1.0,SHORT_TP,SHORT_TP
7915,-1.0,SHORT_TP,SHORT_TP
7916,-1.0,SHORT_TP,SHORT_TP
7917,-1.0,SHORT_TP,SHORT_TP
7918,-1.0,SHORT_TP,SHORT_TP
7919,1.0,LONG_TP,LONG_TP
7920,1.0,LONG_TP,LONG_TP
7921,1.0,LONG_TP,LONG_TP
7922,1.0,LONG_TP,LONG_TP
7923,1.0,LONG_TP,LONG_TP
7924,1.0,LONG_TP,LONG_TP
7925,1.0,LONG_TP,LONG_TP
7926,1.0,LONG_TP,LONG_TP
7927,1.0,LONG_TP,LONG_TP
7928,1.0,LONG_TP,LONG_TP
7929,1.0,LONG_TP,LONG_TP
7930,1.0,LONG_TP,LONG_TP
7931,1.0,LONG_TP,LONG_TP
7932,1.0,LONG_TP,LONG_TP
7933,1.0,LONG_TP,LONG_TP
7934,1.0,LONG_TP,LONG_TP
7935,1.0,LONG_TP,LONG_TP
7936,1.0,LONG_TP,LONG_TP
7937,1.0,LONG_TP,LONG_TP
7938,1.0,LONG_TP,LONG_TP
7939,1.0,LONG_TP,LONG_TP
7940,1.0,LONG_TP,LONG_TP
7941,1.0,LONG_TP,LONG_TP
7942,1.0,LONG_TP,LONG_TP
7943,1.0,LONG_TP,LONG_TP
7944,1.0,LONG_TP,LONG_TP
7945,1.0,LONG_TP,LONG_TP
7946,1.0,LONG_TP,LONG_TP
7947,1.0,LONG_TP,LONG_TP
7948,-1.0,SHORT_TP,SHORT_TP
7949,1.0,LONG_TP,LONG_TP
7950,1.0,LONG_TP,LONG_TP
7951,1.0,LONG_TP,LONG_TP
7952,-1.0,SHORT_TP,SHORT_TP
7953,-1.0,SHORT_TP,SHORT_TP
7954,-1.0,SHORT_TP,SHORT_TP
7955,-1.0,SHORT_TP,SHORT_TP
7956,-1.0,SHORT_TP,SHORT_TP
7957,-1.0,SHORT_TP,SHORT_TP
7958,-1.0,SHORT_TP,SHORT_TP
7959,-1.0,SHORT_TP,SHORT_TP
7960,-1.0,SHORT_TP,SHORT_TP
7961,-1.0,SHORT_TP,SHORT_TP
7962,-1.0,SHORT_TP,SHORT_TP
7963,-1.0,SHORT_TP,SHORT_TP
7964,-1.0,SHORT_TP,SHORT_TP
7965,-1.0,SHORT_TP,SHORT_TP
7966,-1.0,SHORT_TP,SHORT_TP
7967,-1.0,SHORT_TP,SHORT_TP
7968,-1.0,SHORT_TP,SHORT_TP
7969,-1.0,SHORT_TP,SHORT_TP
7970,-1.0,SHORT_TP,SHORT_TP
7971,-1.0,SHORT_TP,SHORT_TP
7972,-1.0,SHORT_TP,SHORT_TP
7973,-1.0,SHORT_TP,SHORT_TP
7974,1.0,LONG_TP,LONG_TP
7975,1.0,LONG_TP,LONG_TP
7976,1.0,LONG_TP,LONG_TP
7977,1.0,LONG_TP,LONG_TP
7978,-1.0,SHORT_TP,SHORT_TP
7979,1.0,LONG_TP,LONG_TP
7980,1.0,LONG_TP,LONG_TP
7981,1.0,LONG_TP,LONG_TP
7982,1.0,LONG_TP,LONG_TP
7983,1.0,LONG_TP,LONG_TP
7984,1.0,LONG_TP,LONG_TP
7985,1.0,LONG_TP,LONG_TP
7986,1.0,LONG_TP,LONG_TP
7987,1.0,LONG_TP,LONG_TP
7988,1.0,LONG_TP,LONG_TP
7989,1.0,LONG_TP,LONG_TP
7990,1.0,LONG_TP,LONG_TP
7991,1.0,LONG_TP,LONG_TP
7992,1.0,LONG_TP,LONG_TP
7993,1.0,LONG_TP,LONG_TP
7994,1.0,LONG_TP,LONG_TP
7995,1.0,LONG_TP,LONG_TP
7996,1.0,LONG_TP,LONG_TP
7997,1.0,LONG_TP,LONG_TP
7998,1.0,LONG_TP,LONG_TP
7999,1.0,LONG_TP,LONG_TP
8000,1.0,LONG_TP,LONG_TP
8001,1.0,LONG_TP,LONG_TP
8002,1.0,LONG_TP,LONG_TP
8003,1.0,LONG_TP,LONG_TP
8004,1.0,LONG_TP,LONG_TP
8005,1.0,LONG_TP,LONG_TP
8006,1.0,LONG_TP,LONG_TP
8007,1.0,LONG_TP,LONG_TP
8008,1.0,LONG_TP,LONG_TP
8009,1.0,LONG_TP,LONG_TP
8010,1.0,LONG_TP,LONG_TP
8011,1.0,LONG_TP,LONG_TP
8012,1.0,LONG_TP,LONG_TP
8013,1.0,LONG_TP,LONG_TP
8014,1.0,LONG_TP,LONG_TP
8015,1.0,LONG_TP,LONG_TP
8016,1.0,LONG_TP,LONG_TP
8017,1.0,LONG_TP,LONG_TP
8018,1.0,LONG_TP,LONG_TP
8019,1.0,LONG_TP,LONG_TP
8020,1.0,LONG_TP,LONG_TP
8021,1.0,LONG_TP,LONG_TP
8022,1.0,LONG_TP,LONG_TP
8023,1.0,LONG_TP,LONG_TP
8024,1.0,LONG_TP,LONG_TP
8025,-1.0,SHORT_TP,SHORT_TP
8026,-1.0,SHORT_TP,SHORT_TP
8027,-1.0,SHORT_TP,SHORT_TP
8028,-1.0,SHORT_TP,SHORT_TP
8029,-1.0,SHORT_TP,SHORT_TP
8030,-1.0,SHORT_TP,SHORT_TP
8031,-1.0,SHORT_TP,SHORT_TP
8032,-1.0,SHORT_TP,SHORT_TP
8033,-1.0,SHORT_TP,SHORT_TP
8034,-1.0,SHORT_TP,SHORT_TP
8035,-1.0,SHORT_TP,SHORT_TP
8036,-1.0,SHORT_TP,SHORT_TP
8037,-1.0,SHORT_TP,SHORT_TP
8038,-1.0,SHORT_TP,SHORT_TP
8039,-1.0,SHORT_TP,SHORT_TP
8040,-1.0,SHORT_TP,SHORT_TP
8041,-1.0,SHORT_TP,SHORT_TP
8042,-1.0,SHORT_TP,SHORT_TP
8043,-1.0,SHORT_TP,SHORT_TP
8044,-1.0,SHORT_TP,SHORT_TP
8045,-1.0,SHORT_TP,SHORT_TP
8046,-1.0,SHORT_TP,SHORT_TP
8047,-1.0,SHORT_TP,SHORT_TP
8048,-1.0,SHORT_TP,SHORT_TP
8049,-1.0,SHORT_TP,SHORT_TP
8050,-1.0,SHORT_TP,SHORT_TP
8051,-1.0,SHORT_TP,SHORT_TP
8052,-1.0,SHORT_TP,SHORT_TP
8053,-1.0,SHORT_TP,SHORT_TP
8054,-1.0,SHORT_TP,SHORT_TP
8055,-1.0,SHORT_TP,SHORT_TP
8056,-1.0,SHORT_TP,SHORT_TP
8057,-1.0,SHORT_TP,SHORT_TP
8058,-1.0,SHORT_TP,SHORT_TP
8059,-1.0,SHORT_TP,SHORT_TP
8060,-1.0,SHORT_TP,SHORT_TP
8061,-1.0,SHORT_TP,SHORT_TP
8062,-1.0,SHORT_TP,SHORT_TP
8063,-1.0,SHORT_TP,SHORT_TP
8064,-1.0,SHORT_TP,SHORT_TP
8065,-1.0,SHORT_TP,SHORT_TP
8066,1.0,LONG_TP,LONG_TP
8067,1.0,LONG_TP,LONG_TP
8068,1.0,LONG_TP,LONG_TP
8069,1.0,LONG_TP,LONG_TP
8070,1.0,LONG_TP,LONG_TP
8071,1.0,LONG_TP,LONG_TP
8072,-1.0,SHORT_TP,SHORT_TP
8073,-1.0,SHORT_TP,SHORT_TP
8074,1.0,LONG_TP,LONG_TP
8075,-1.0,SHORT_TP,SHORT_TP
8076,-1.0,SHORT_TP,SHORT_TP
8077,-1.0,SHORT_TP,SHORT_TP
8078,-1.0,SHORT_TP,SHORT_TP
8079,-1.0,SHORT_TP,SHORT_TP
8080,1.0,LONG_TP,LONG_TP
8081,1.0,LONG_TP,LONG_TP
8082,1.0,LONG_TP,LONG_TP
8083,1.0,LONG_TP,LONG_TP
8084,1.0,LONG_TP,LONG_TP
8085,1.0,LONG_TP,LONG_TP
8086,1.0,LONG_TP,LONG_TP
8087,1.0,LONG_TP,LONG_TP
8088,1.0,LONG_TP,LONG_TP
8089,1.0,LONG_TP,LONG_TP
8090,1.0,LONG_TP,LONG_TP
8091,1.0,LONG_TP,LONG_TP
8092,1.0,LONG_TP,LONG_TP
8093,-1.0,SHORT_TP,SHORT_TP
8094,1.0,LONG_TP,LONG_TP
8095,1.0,LONG_TP,LONG_TP
8096,1.0,LONG_TP,LONG_TP
8097,1.0,LONG_TP,LONG_TP
8098,1.0,LONG_TP,LONG_TP
8099,1.0,LONG_TP,LONG_TP
8100,1.0,LONG_TP,LONG_TP
8101,1.0,LONG_TP,LONG_TP
8102,-1.0,SHORT_TP,SHORT_TP
8103,-1.0,SHORT_TP,SHORT_TP
8104,1.0,LONG_TP,LONG_TP
8105,1.0,LONG_TP,LONG_TP
8106,1.0,LONG_TP,LONG_TP
8107,1.0,LONG_TP,LONG_TP
8108,-1.0,SHORT_TP,SHORT_TP
8109,-1.0,SHORT_TP,SHORT_TP
8110,-1.0,SHORT_TP,SHORT_TP
8111,1.0,LONG_TP,LONG_TP
8112,-1.0,SHORT_TP,SHORT_TP
8113,-1.0,SHORT_TP,SHORT_TP
8114,-1.0,SHORT_TP,SHORT_TP
8115,-1.0,SHORT_TP,SHORT_TP
8116,-1.0,SHORT_TP,SHORT_TP
8117,-1.0,SHORT_TP,SHORT_TP
8118,-1.0,SHORT_TP,SHORT_TP
8119,-1.0,SHORT_TP,SHORT_TP
8120,1.0,LONG_TP,LONG_TP
8121,1.0,LONG_TP,LONG_TP
8122,1.0,LONG_TP,LONG_TP
8123,1.0,LONG_TP,LONG_TP
8124,1.0,LONG_TP,LONG_TP
8125,1.0,LONG_TP,LONG_TP
8126,1.0,LONG_TP,LONG_TP
8127,1.0,LONG_TP,LONG_TP
8128,1.0,LONG_TP,LONG_TP
8129,1.0,LONG_TP,LONG_TP
8130,1.0,LONG_TP,LONG_TP
8131,1.0,LONG_TP,LONG_TP
8132,1.0,LONG_TP,LONG_TP
8133,1.0,LONG_TP,LONG_TP
8134,1.0,LONG_TP,LONG_TP
8135,1.0,LONG_TP,LONG_TP
8136,1.0,LONG_TP,LONG_TP
8137,1.0,LONG_TP,LONG_TP
8138,1.0,LONG_TP,LONG_TP
8139,1.0,LONG_TP,LONG_TP
8140,1.0,LONG_TP,LONG_TP
8141,1.0,LONG_TP,LONG_TP
8142,1.0,LONG_TP,LONG_TP
8143,1.0,LONG_TP,LONG_TP
8144,1.0,LONG_TP,LONG_TP
8145,1.0,LONG_TP,LONG_TP
8146,1.0,LONG_TP,LONG_TP
8147,1.0,LONG_TP,LONG_TP
8148,1.0,LONG_TP,LONG_TP
8149,1.0,LONG_TP,LONG_TP
8150,1.0,LONG_TP,LONG_TP
8151,1.0,LONG_TP,LONG_TP
8152,1.0,LONG_TP,LONG_TP
8153,1.0,LONG_TP,LONG_TP
8154,1.0,LONG_TP,LONG_TP
8155,-1.0,SHORT_TP,SHORT_TP
8156,-1.0,SHORT_TP,SHORT_TP
8157,-1.0,SHORT_TP,SHORT_TP
8158,-1.0,SHORT_TP,SHORT_TP
8159,-1.0,SHORT_TP,SHORT_TP
8160,-1.0,SHORT_TP,SHORT_TP
8161,-1.0,SHORT_TP,SHORT_TP
8162,-1.0,SHORT_TP,SHORT_TP
8163,-1.0,SHORT_TP,SHORT_TP
8164,-1.0,SHORT_TP,SHORT_TP
8165,-1.0,SHORT_TP,SHORT_TP
8166,-1.0,SHORT_TP,SHORT_TP
8167,-1.0,SHORT_TP,SHORT_TP
8168,-1.0,SHORT_TP,SHORT_TP
8169,-1.0,SHORT_TP,SHORT_TP
8170,-1.0,SHORT_TP,SHORT_TP
8171,-1.0,SHORT_TP,SHORT_TP
8172,-1.0,SHORT_TP,SHORT_TP
8173,-1.0,SHORT_TP,SHORT_TP
8174,-1.0,SHORT_TP,SHORT_TP
8175,-1.0,SHORT_TP,SHORT_TP
8176,-1.0,SHORT_TP,SHORT_TP
8177,-1.0,SHORT_TP,SHORT_TP
8178,-1.0,SHORT_TP,SHORT_TP
8179,-1.0,SHORT_TP,SHORT_TP
8180,-1.0,SHORT_TP,SHORT_TP
8181,-1.0,SHORT_TP,SHORT_TP
8182,-1.0,SHORT_TP,SHORT_TP
8183,-1.0,SHORT_TP,SHORT_TP
8184,-1.0,SHORT_TP,SHORT_TP
8185,-1.0,SHORT_TP,SHORT_TP
8186,-1.0,SHORT_TP,SHORT_TP
8187,-1.0,SHORT_TP,SHORT_TP
8188,-1.0,SHORT_TP,SHORT_TP
8189,-1.0,SHORT_TP,SHORT_TP
8190,-1.0,SHORT_TP,SHORT_TP
8191,-1.0,SHORT_TP,SHORT_TP
8192,-1.0,SHORT_TP,SHORT_TP
8193,-1.0,SHORT_TP,SHORT_TP
8194,-1.0,SHORT_TP,SHORT_TP
8195,1.0,LONG_TP,LONG_TP
8196,1.0,LONG_TP,LONG_TP
8197,1.0,LONG_TP,LONG_TP
8198,1.0,LONG_TP,LONG_TP
8199,1.0,LONG_TP,LONG_TP
8200,1.0,LONG_TP,LONG_TP
8201,1.0,LONG_TP,LONG_TP
8202,1.0,LONG_TP,LONG_TP
8203,1.0,LONG_TP,LONG_TP
8204,1.0,LONG_TP,LONG_TP
8205,1.0,LONG_TP,LONG_TP
8206,1.0,LONG_TP,LONG_TP
8207,1.0,LONG_TP,LONG_TP
8208,1.0,LONG_TP,LONG_TP
8209,1.0,LONG_TP,LONG_TP
8210,1.0,LONG_TP,LONG_TP
8211,1.0,LONG_TP,LONG_TP
8212,-1.0,SHORT_TP,SHORT_TP
8213,-1.0,SHORT_TP,SHORT_TP
8214,-1.0,SHORT_TP,SHORT_TP
8215,-1.0,SHORT_TP,SHORT_TP
8216,-1.0,SHORT_TP,SHORT_TP
8217,1.0,LONG_TP,LONG_TP
8218,1.0,LONG_TP,LONG_TP
8219,1.0,LONG_TP,LONG_TP
8220,1.0,LONG_TP,LONG_TP
8221,1.0,LONG_TP,LONG_TP
8222,1.0,LONG_TP,LONG_TP
8223,1.0,LONG_TP,LONG_TP
8224,1.0,LONG_TP,LONG_TP
8225,1.0,LONG_TP,LONG_TP
8226,1.0,LONG_TP,LONG_TP
8227,1.0,LONG_TP,LONG_TP
8228,1.0,LONG_TP,LONG_TP
8229,1.0,LONG_TP,LONG_TP
8230,1.0,LONG_TP,LONG_TP
8231,1.0,LONG_TP,LONG_TP
8232,-1.0,SHORT_TP,SHORT_TP
8233,1.0,LONG_TP,LONG_TP
8234,1.0,LONG_TP,LONG_TP
8235,1.0,LONG_TP,LONG_TP
8236,1.0,LONG_TP,LONG_TP
8237,1.0,LONG_TP,LONG_TP
8238,1.0,LONG_TP,LONG_TP
8239,1.0,LONG_TP,LONG_TP
8240,1.0,LONG_TP,LONG_TP
8241,1.0,LONG_TP,LONG_TP
8242,-1.0,SHORT_TP,SHORT_TP
8243,-1.0,SHORT_TP,SHORT_TP
8244,-1.0,SHORT_TP,SHORT_TP
8245,-1.0,SHORT_TP,SHORT_TP
8246,-1.0,SHORT_TP,SHORT_TP
8247,-1.0,SHORT_TP,SHORT_TP
8248,-1.0,SHORT_TP,SHORT_TP
8249,-1.0,SHORT_TP,SHORT_TP
8250,-1.0,SHORT_TP,SHORT_TP
8251,-1.0,SHORT_TP,SHORT_TP
8252,1.0,LONG_TP,LONG_TP
8253,1.0,LONG_TP,LONG_TP
8254,1.0,LONG_TP,LONG_TP
8255,-1.0,SHORT_TP,SHORT_TP
8256,1.0,LONG_TP,LONG_TP
8257,-1.0,SHORT_TP,SHORT_TP
8258,-1.0,SHORT_TP,SHORT_TP
8259,-1.0,SHORT_TP,SHORT_TP
8260,-1.0,SHORT_TP,SHORT_TP
8261,-1.0,SHORT_TP,SHORT_TP
8262,1.0,LONG_TP,LONG_TP
8263,1.0,LONG_TP,LONG_TP
8264,1.0,LONG_TP,LONG_TP
8265,1.0,LONG_TP,LONG_TP
8266,1.0,LONG_TP,LONG_TP
8267,1.0,LONG_TP,LONG_TP
8268,1.0,LONG_TP,LONG_TP
8269,1.0,LONG_TP,LONG_TP
8270,1.0,LONG_TP,LONG_TP
8271,1.0,LONG_TP,LONG_TP
8272,1.0,LONG_TP,LONG_TP
8273,1.0,LONG_TP,LONG_TP
8274,1.0,LONG_TP,LONG_TP
8275,1.0,LONG_TP,LONG_TP
8276,1.0,LONG_TP,LONG_TP
8277,1.0,LONG_TP,LONG_TP
8278,1.0,LONG_TP,LONG_TP
8279,1.0,LONG_TP,LONG_TP
8280,1.0,LONG_TP,LONG_TP
8281,1.0,LONG_TP,LONG_TP
8282,1.0,LONG_TP,LONG_TP
8283,1.0,LONG_TP,LONG_TP
8284,1.0,LONG_TP,LONG_TP
8285,1.0,LONG_TP,LONG_TP
8286,1.0,LONG_TP,LONG_TP
8287,1.0,LONG_TP,LONG_TP
8288,1.0,LONG_TP,LONG_TP
8289,1.0,LONG_TP,LONG_TP
8290,1.0,LONG_TP,LONG_TP
8291,1.0,LONG_TP,LONG_TP
8292,1.0,LONG_TP,LONG_TP
8293,1.0,LONG_TP,LONG_TP
8294,1.0,LONG_TP,LONG_TP
8295,1.0,LONG_TP,LONG_TP
8296,1.0,LONG_TP,LONG_TP
8297,-1.0,SHORT_TP,SHORT_TP
8298,-1.0,SHORT_TP,SHORT_TP
8299,-1.0,SHORT_TP,SHORT_TP
8300,1.0,LONG_TP,LONG_TP
8301,1.0,LONG_TP,LONG_TP
8302,1.0,LONG_TP,LONG_TP
8303,1.0,LONG_TP,LONG_TP
8304,1.0,LONG_TP,LONG_TP
8305,1.0,LONG_TP,LONG_TP
8306,1.0,LONG_TP,LONG_TP
8307,1.0,LONG_TP,LONG_TP
8308,1.0,LONG_TP,LONG_TP
8309,1.0,LONG_TP,LONG_TP
8310,1.0,LONG_TP,LONG_TP
8311,1.0,LONG_TP,LONG_TP
8312,1.0,LONG_TP,LONG_TP
8313,1.0,LONG_TP,LONG_TP
8314,1.0,LONG_TP,LONG_TP
8315,1.0,LONG_TP,LONG_TP
8316,1.0,LONG_TP,LONG_TP
8317,1.0,LONG_TP,LONG_TP
8318,1.0,LONG_TP,LONG_TP
8319,1.0,LONG_TP,LONG_TP
8320,1.0,LONG_TP,LONG_TP
8321,1.0,LONG_TP,LONG_TP
8322,1.0,LONG_TP,LONG_TP
8323,1.0,LONG_TP,LONG_TP
8324,1.0,LONG_TP,LONG_TP
8325,1.0,LONG_TP,LONG_TP
8326,1.0,LONG_TP,LONG_TP
8327,1.0,LONG_TP,LONG_TP
8328,1.0,LONG_TP,LONG_TP
8329,1.0,LONG_TP,LONG_TP
8330,1.0,LONG_TP,LONG_TP
8331,1.0,LONG_TP,LONG_TP
8332,1.0,LONG_TP,LONG_TP
8333,1.0,LONG_TP,LONG_TP
8334,1.0,LONG_TP,LONG_TP
8335,1.0,LONG_TP,LONG_TP
8336,1.0,LONG_TP,LONG_TP
8337,1.0,LONG_TP,LONG_TP
8338,1.0,LONG_TP,LONG_TP
8339,1.0,LONG_TP,LONG_TP
8340,1.0,LONG_TP,LONG_TP
8341,1.0,LONG_TP,LONG_TP
8342,1.0,LONG_TP,LONG_TP
8343,1.0,LONG_TP,LONG_TP
8344,1.0,LONG_TP,LONG_TP
8345,1.0,LONG_TP,LONG_TP
8346,1.0,LONG_TP,LONG_TP
8347,1.0,LONG_TP,LONG_TP
8348,1.0,LONG_TP,LONG_TP
8349,1.0,LONG_TP,LONG_TP
8350,1.0,LONG_TP,LONG_TP
8351,1.0,LONG_TP,LONG_TP
8352,1.0,LONG_TP,LONG_TP
8353,1.0,LONG_TP,LONG_TP
8354,1.0,LONG_TP,LONG_TP
8355,-1.0,SHORT_TP,SHORT_TP
8356,-1.0,SHORT_TP,SHORT_TP
8357,-1.0,SHORT_TP,SHORT_TP
8358,-1.0,SHORT_TP,SHORT_TP
8359,-1.0,SHORT_TP,SHORT_TP
8360,-1.0,SHORT_TP,SHORT_TP
8361,-1.0,SHORT_TP,SHORT_TP
8362,-1.0,SHORT_TP,SHORT_TP
8363,-1.0,SHORT_TP,SHORT_TP
8364,-1.0,SHORT_TP,SHORT_TP
8365,-1.0,SHORT_TP,SHORT_TP
8366,-1.0,SHORT_TP,SHORT_TP
8367,-1.0,SHORT_TP,SHORT_TP
8368,-1.0,SHORT_TP,SHORT_TP
8369,-1.0,SHORT_TP,SHORT_TP
8370,-1.0,SHORT_TP,SHORT_TP
8371,-1.0,SHORT_TP,SHORT_TP
8372,-1.0,SHORT_TP,SHORT_TP
8373,-1.0,SHORT_TP,SHORT_TP
8374,-1.0,SHORT_TP,SHORT_TP
8375,-1.0,SHORT_TP,SHORT_TP
8376,-1.0,SHORT_TP,SHORT_TP
8377,-1.0,SHORT_TP,SHORT_TP
8378,-1.0,SHORT_TP,SHORT_TP
8379,-1.0,SHORT_TP,SHORT_TP
8380,-1.0,SHORT_TP,SHORT_TP
8381,-1.0,SHORT_TP,SHORT_TP
8382,-1.0,SHORT_TP,SHORT_TP
8383,-1.0,SHORT_TP,SHORT_TP
8384,-1.0,SHORT_TP,SHORT_TP
8385,-1.0,SHORT_TP,SHORT_TP
8386,1.0,LONG_TP,LONG_TP
8387,1.0,LONG_TP,LONG_TP
8388,1.0,LONG_TP,LONG_TP
8389,1.0,LONG_TP,LONG_TP
8390,1.0,LONG_TP,LONG_TP
8391,1.0,LONG_TP,LONG_TP
8392,1.0,LONG_TP,LONG_TP
8393,1.0,LONG_TP,LONG_TP
8394,1.0,LONG_TP,LONG_TP
8395,1.0,LONG_TP,LONG_TP
8396,1.0,LONG_TP,LONG_TP
8397,1.0,LONG_TP,LONG_TP
8398,1.0,LONG_TP,LONG_TP
8399,1.0,LONG_TP,LONG_TP
8400,1.0,LONG_TP,LONG_TP
8401,1.0,LONG_TP,LONG_TP
8402,1.0,LONG_TP,LONG_TP
8403,1.0,LONG_TP,LONG_TP
8404,1.0,LONG_TP,LONG_TP
8405,1.0,LONG_TP,LONG_TP
8406,1.0,LONG_TP,LONG_TP
8407,1.0,LONG_TP,LONG_TP
8408,1.0,LONG_TP,LONG_TP
8409,1.0,LONG_TP,LONG_TP
8410,1.0,LONG_TP,LONG_TP
8411,1.0,LONG_TP,LONG_TP
8412,1.0,LONG_TP,LONG_TP
8413,1.0,LONG_TP,LONG_TP
8414,1.0,LONG_TP,LONG_TP
8415,1.0,LONG_TP,LONG_TP
8416,1.0,LONG_TP,LONG_TP
8417,1.0,LONG_TP,LONG_TP
8418,1.0,LONG_TP,LONG_TP
8419,1.0,LONG_TP,LONG_TP
8420,1.0,LONG_TP,LONG_TP
8421,1.0,LONG_TP,LONG_TP
8422,1.0,LONG_TP,LONG_TP
8423,1.0,LONG_TP,LONG_TP
8424,1.0,LONG_TP,LONG_TP
8425,1.0,LONG_TP,LONG_TP
8426,1.0,LONG_TP,LONG_TP
8427,1.0,LONG_TP,LONG_TP
8428,-1.0,SHORT_TP,SHORT_TP
8429,1.0,LONG_TP,LONG_TP
8430,1.0,LONG_TP,LONG_TP
8431,1.0,LONG_TP,LONG_TP
8432,1.0,LONG_TP,LONG_TP
8433,1.0,LONG_TP,LONG_TP
8434,1.0,LONG_TP,LONG_TP
8435,1.0,LONG_TP,LONG_TP
8436,1.0,LONG_TP,LONG_TP
8437,1.0,LONG_TP,LONG_TP
8438,1.0,LONG_TP,LONG_TP
8439,1.0,LONG_TP,LONG_TP
8440,1.0,LONG_TP,LONG_TP
8441,1.0,LONG_TP,LONG_TP
8442,1.0,LONG_TP,LONG_TP
8443,1.0,LONG_TP,LONG_TP
8444,1.0,LONG_TP,LONG_TP
8445,1.0,LONG_TP,LONG_TP
8446,1.0,LONG_TP,LONG_TP
8447,1.0,LONG_TP,LONG_TP
8448,1.0,LONG_TP,LONG_TP
8449,1.0,LONG_TP,LONG_TP
8450,-1.0,SHORT_TP,SHORT_TP
8451,1.0,LONG_TP,LONG_TP
8452,1.0,LONG_TP,LONG_TP
8453,1.0,LONG_TP,LONG_TP
8454,1.0,LONG_TP,LONG_TP
8455,-1.0,SHORT_TP,SHORT_TP
8456,-1.0,SHORT_TP,SHORT_TP
8457,-1.0,SHORT_TP,SHORT_TP
8458,-1.0,SHORT_TP,SHORT_TP
8459,-1.0,SHORT_TP,SHORT_TP
8460,-1.0,SHORT_TP,SHORT_TP
8461,-1.0,SHORT_TP,SHORT_TP
8462,-1.0,SHORT_TP,SHORT_TP
8463,-1.0,SHORT_TP,SHORT_TP
8464,-1.0,SHORT_TP,SHORT_TP
8465,-1.0,SHORT_TP,SHORT_TP
8466,-1.0,SHORT_TP,SHORT_TP
8467,-1.0,SHORT_TP,SHORT_TP
8468,-1.0,SHORT_TP,SHORT_TP
8469,-1.0,SHORT_TP,SHORT_TP
8470,-1.0,SHORT_TP,SHORT_TP
8471,-1.0,SHORT_TP,SHORT_TP
8472,-1.0,SHORT_TP,SHORT_TP
8473,-1.0,SHORT_TP,SHORT_TP
8474,-1.0,SHORT_TP,SHORT_TP
8475,1.0,LONG_TP,LONG_TP
8476,-1.0,SHORT_TP,SHORT_TP
8477,-1.0,SHORT_TP,SHORT_TP
8478,1.0,LONG_TP,LONG_TP
8479,1.0,LONG_TP,LONG_TP
8480,1.0,LONG_TP,LONG_TP
8481,1.0,LONG_TP,LONG_TP
8482,1.0,LONG_TP,LONG_TP
8483,1.0,LONG_TP,LONG_TP
8484,1.0,LONG_TP,LONG_TP
8485,1.0,LONG_TP,LONG_TP
8486,1.0,LONG_TP,LONG_TP
8487,1.0,LONG_TP,LONG_TP
8488,1.0,LONG_TP,LONG_TP
8489,1.0,LONG_TP,LONG_TP
8490,1.0,LONG_TP,LONG_TP
8491,1.0,LONG_TP,LONG_TP
8492,1.0,LONG_TP,LONG_TP
8493,1.0,LONG_TP,LONG_TP
8494,1.0,LONG_TP,LONG_TP
8495,1.0,LONG_TP,LONG_TP
8496,1.0,LONG_TP,LONG_TP
8497,1.0,LONG_TP,LONG_TP
8498,1.0,LONG_TP,LONG_TP
8499,1.0,LONG_TP,LONG_TP
8500,1.0,LONG_TP,LONG_TP
8501,1.0,LONG_TP,LONG_TP
8502,1.0,LONG_TP,LONG_TP
8503,1.0,LONG_TP,LONG_TP
8504,1.0,LONG_TP,LONG_TP
8505,1.0,LONG_TP,LONG_TP
8506,1.0,LONG_TP,LONG_TP
8507,1.0,LONG_TP,LONG_TP
8508,1.0,LONG_TP,LONG_TP
8509,1.0,LONG_TP,LONG_TP
8510,1.0,LONG_TP,LONG_TP
8511,1.0,LONG_TP,LONG_TP
8512,1.0,LONG_TP,LONG_TP
8513,1.0,LONG_TP,LONG_TP
8514,1.0,LONG_TP,LONG_TP
8515,-1.0,SHORT_TP,SHORT_TP
8516,1.0,LONG_TP,LONG_TP
8517,1.0,LONG_TP,LONG_TP
8518,1.0,LONG_TP,LONG_TP
8519,1.0,LONG_TP,LONG_TP
8520,1.0,LONG_TP,LONG_TP
8521,1.0,LONG_TP,LONG_TP
8522,1.0,LONG_TP,LONG_TP
8523,1.0,LONG_TP,LONG_TP
8524,1.0,LONG_TP,LONG_TP
8525,1.0,LONG_TP,LONG_TP
8526,1.0,LONG_TP,LONG_TP
8527,1.0,LONG_TP,LONG_TP
8528,1.0,LONG_TP,LONG_TP
8529,1.0,LONG_TP,LONG_TP
8530,1.0,LONG_TP,LONG_TP
8531,1.0,LONG_TP,LONG_TP
8532,1.0,LONG_TP,LONG_TP
8533,1.0,LONG_TP,LONG_TP
8534,1.0,LONG_TP,LONG_TP
8535,1.0,LONG_TP,LONG_TP
8536,1.0,LONG_TP,LONG_TP
8537,1.0,LONG_TP,LONG_TP
8538,1.0,LONG_TP,LONG_TP
8539,1.0,LONG_TP,LONG_TP
8540,1.0,LONG_TP,LONG_TP
8541,1.0,LONG_TP,LONG_TP
8542,1.0,LONG_TP,LONG_TP
8543,1.0,LONG_TP,LONG_TP
8544,1.0,LONG_TP,LONG_TP
8545,1.0,LONG_TP,LONG_TP
8546,1.0,LONG_TP,LONG_TP
8547,-1.0,SHORT_TP,SHORT_TP
8548,-1.0,SHORT_TP,SHORT_TP
8549,-1.0,SHORT_TP,SHORT_TP
8550,-1.0,SHORT_TP,SHORT_TP
8551,-1.0,SHORT_TP,SHORT_TP
8552,-1.0,SHORT_TP,SHORT_TP
8553,1.0,LONG_TP,LONG_TP
8554,1.0,LONG_TP,LONG_TP
8555,1.0,LONG_TP,LONG_TP
8556,1.0,LONG_TP,LONG_TP
8557,1.0,LONG_TP,LONG_TP
8558,1.0,LONG_TP,LONG_TP
8559,1.0,LONG_TP,LONG_TP
8560,1.0,LONG_TP,LONG_TP
8561,1.0,LONG_TP,LONG_TP
8562,1.0,LONG_TP,LONG_TP
8563,1.0,LONG_TP,LONG_TP
8564,1.0,LONG_TP,LONG_TP
8565,1.0,LONG_TP,LONG_TP
8566,1.0,LONG_TP,LONG_TP
8567,1.0,LONG_TP,LONG_TP
8568,1.0,LONG_TP,LONG_TP
8569,1.0,LONG_TP,LONG_TP
8570,1.0,LONG_TP,LONG_TP
8571,1.0,LONG_TP,LONG_TP
8572,1.0,LONG_TP,LONG_TP
8573,1.0,LONG_TP,LONG_TP
8574,1.0,LONG_TP,LONG_TP
8575,1.0,LONG_TP,LONG_TP
8576,1.0,LONG_TP,LONG_TP
8577,1.0,LONG_TP,LONG_TP
8578,-1.0,SHORT_TP,SHORT_TP
8579,-1.0,SHORT_TP,SHORT_TP
8580,1.0,LONG_TP,LONG_TP
8581,1.0,LONG_TP,LONG_TP
8582,1.0,LONG_TP,LONG_TP
8583,1.0,LONG_TP,LONG_TP
8584,1.0,LONG_TP,LONG_TP
8585,1.0,LONG_TP,LONG_TP
8586,1.0,LONG_TP,LONG_TP
8587,1.0,LONG_TP,LONG_TP
8588,1.0,LONG_TP,LONG_TP
8589,1.0,LONG_TP,LONG_TP
8590,1.0,LONG_TP,LONG_TP
8591,1.0,LONG_TP,LONG_TP
8592,1.0,LONG_TP,LONG_TP
8593,1.0,LONG_TP,LONG_TP
8594,1.0,LONG_TP,LONG_TP
8595,1.0,LONG_TP,LONG_TP
8596,1.0,LONG_TP,LONG_TP
8597,1.0,LONG_TP,LONG_TP
8598,1.0,LONG_TP,LONG_TP
8599,1.0,LONG_TP,LONG_TP
8600,1.0,LONG_TP,LONG_TP
8601,1.0,LONG_TP,LONG_TP
8602,1.0,LONG_TP,LONG_TP
8603,1.0,LONG_TP,LONG_TP
8604,1.0,LONG_TP,LONG_TP
8605,1.0,LONG_TP,LONG_TP
8606,1.0,LONG_TP,LONG_TP
8607,1.0,LONG_TP,LONG_TP
8608,1.0,LONG_TP,LONG_TP
8609,1.0,LONG_TP,LONG_TP
8610,1.0,LONG_TP,LONG_TP
8611,1.0,LONG_TP,LONG_TP
8612,1.0,LONG_TP,LONG_TP
8613,1.0,LONG_TP,LONG_TP
8614,1.0,LONG_TP,LONG_TP
8615,1.0,LONG_TP,LONG_TP
8616,1.0,LONG_TP,LONG_TP
8617,1.0,LONG_TP,LONG_TP
8618,1.0,LONG_TP,LONG_TP
8619,1.0,LONG_TP,LONG_TP
8620,1.0,LONG_TP,LONG_TP
8621,1.0,LONG_TP,LONG_TP
8622,1.0,LONG_TP,LONG_TP
8623,1.0,LONG_TP,LONG_TP
8624,1.0,LONG_TP,LONG_TP
8625,1.0,LONG_TP,LONG_TP
8626,1.0,LONG_TP,LONG_TP
8627,-1.0,SHORT_TP,SHORT_TP
8628,-1.0,SHORT_TP,SHORT_TP
8629,-1.0,SHORT_TP,SHORT_TP
8630,-1.0,SHORT_TP,SHORT_TP
8631,-1.0,SHORT_TP,SHORT_TP
8632,-1.0,SHORT_TP,SHORT_TP
8633,-1.0,SHORT_TP,SHORT_TP
8634,-1.0,SHORT_TP,SHORT_TP
8635,-1.0,SHORT_TP,SHORT_TP
8636,-1.0,SHORT_TP,SHORT_TP
8637,-1.0,SHORT_TP,SHORT_TP
8638,-1.0,SHORT_TP,SHORT_TP
8639,-1.0,SHORT_TP,SHORT_TP
8640,-1.0,SHORT_TP,SHORT_TP
8641,-1.0,SHORT_TP,SHORT_TP
8642,-1.0,SHORT_TP,SHORT_TP
8643,-1.0,SHORT_TP,SHORT_TP
8644,-1.0,SHORT_TP,SHORT_TP
8645,-1.0,SHORT_TP,SHORT_TP
8646,-1.0,SHORT_TP,SHORT_TP
8647,-1.0,SHORT_TP,SHORT_TP
8648,1.0,LONG_TP,LONG_TP
8649,1.0,LONG_TP,LONG_TP
8650,1.0,LONG_TP,LONG_TP
8651,1.0,LONG_TP,LONG_TP
8652,1.0,LONG_TP,LONG_TP
8653,1.0,LONG_TP,LONG_TP
8654,1.0,LONG_TP,LONG_TP
8655,1.0,LONG_TP,LONG_TP
8656,1.0,LONG_TP,LONG_TP
8657,1.0,LONG_TP,LONG_TP
8658,1.0,LONG_TP,LONG_TP
8659,1.0,LONG_TP,LONG_TP
8660,1.0,LONG_TP,LONG_TP
8661,1.0,LONG_TP,LONG_TP
8662,1.0,LONG_TP,LONG_TP
8663,1.0,LONG_TP,LONG_TP
8664,1.0,LONG_TP,LONG_TP
8665,1.0,LONG_TP,LONG_TP
8666,1.0,LONG_TP,LONG_TP
8667,1.0,LONG_TP,LONG_TP
8668,1.0,LONG_TP,LONG_TP
8669,1.0,LONG_TP,LONG_TP
8670,1.0,LONG_TP,LONG_TP
8671,1.0,LONG_TP,LONG_TP
8672,1.0,LONG_TP,LONG_TP
8673,1.0,LONG_TP,LONG_TP
8674,1.0,LONG_TP,LONG_TP
8675,1.0,LONG_TP,LONG_TP
8676,1.0,LONG_TP,LONG_TP
8677,1.0,LONG_TP,LONG_TP
8678,1.0,LONG_TP,LONG_TP
8679,1.0,LONG_TP,LONG_TP
8680,1.0,LONG_TP,LONG_TP
8681,1.0,LONG_TP,LONG_TP
8682,1.0,LONG_TP,LONG_TP
8683,1.0,LONG_TP,LONG_TP
8684,1.0,LONG_TP,LONG_TP
8685,1.0,LONG_TP,LONG_TP
8686,1.0,LONG_TP,LONG_TP
8687,1.0,LONG_TP,LONG_TP
8688,1.0,LONG_TP,LONG_TP
8689,1.0,LONG_TP,LONG_TP
8690,1.0,LONG_TP,LONG_TP
8691,1.0,LONG_TP,LONG_TP
8692,1.0,LONG_TP,LONG_TP
8693,1.0,LONG_TP,LONG_TP
8694,1.0,LONG_TP,LONG_TP
8695,1.0,LONG_TP,LONG_TP
8696,1.0,LONG_TP,LONG_TP
8697,1.0,LONG_TP,LONG_TP
8698,1.0,LONG_TP,LONG_TP
8699,1.0,LONG_TP,LONG_TP
8700,1.0,LONG_TP,LONG_TP
8701,1.0,LONG_TP,LONG_TP
8702,1.0,LONG_TP,LONG_TP
8703,1.0,LONG_TP,LONG_TP
8704,-1.0,SHORT_TP,SHORT_TP
8705,-1.0,SHORT_TP,SHORT_TP
8706,-1.0,SHORT_TP,SHORT_TP
8707,-1.0,SHORT_TP,SHORT_TP
8708,-1.0,SHORT_TP,SHORT_TP
8709,-1.0,SHORT_TP,SHORT_TP
8710,-1.0,SHORT_TP,SHORT_TP
8711,-1.0,SHORT_TP,SHORT_TP
8712,-1.0,SHORT_TP,SHORT_TP
8713,-1.0,SHORT_TP,SHORT_TP
8714,-1.0,SHORT_TP,SHORT_TP
8715,-1.0,SHORT_TP,SHORT_TP
8716,-1.0,SHORT_TP,SHORT_TP
8717,-1.0,SHORT_TP,SHORT_TP
8718,-1.0,SHORT_TP,SHORT_TP
8719,-1.0,SHORT_TP,SHORT_TP
8720,-1.0,SHORT_TP,SHORT_TP
8721,-1.0,SHORT_TP,SHORT_TP
8722,-1.0,SHORT_TP,SHORT_TP
8723,-1.0,SHORT_TP,SHORT_TP
8724,-1.0,SHORT_TP,SHORT_TP
8725,-1.0,SHORT_TP,SHORT_TP
8726,-1.0,SHORT_TP,SHORT_TP
8727,-1.0,SHORT_TP,SHORT_TP
8728,-1.0,SHORT_TP,SHORT_TP
8729,1.0,LONG_TP,LONG_TP
8730,1.0,LONG_TP,LONG_TP
8731,1.0,LONG_TP,LONG_TP
8732,-1.0,SHORT_TP,SHORT_TP
8733,-1.0,SHORT_TP,SHORT_TP
8734,-1.0,SHORT_TP,SHORT_TP
8735,-1.0,SHORT_TP,SHORT_TP
8736,-1.0,SHORT_TP,SHORT_TP
8737,-1.0,SHORT_TP,SHORT_TP
8738,-1.0,SHORT_TP,SHORT_TP
8739,-1.0,SHORT_TP,SHORT_TP
8740,1.0,LONG_TP,LONG_TP
8741,-1.0,SHORT_TP,SHORT_TP
8742,-1.0,SHORT_TP,SHORT_TP
8743,-1.0,SHORT_TP,SHORT_TP
8744,-1.0,SHORT_TP,SHORT_TP
8745,-1.0,SHORT_TP,SHORT_TP
8746,-1.0,SHORT_TP,SHORT_TP
8747,-1.0,SHORT_TP,SHORT_TP
8748,-1.0,SHORT_TP,SHORT_TP
8749,-1.0,SHORT_TP,SHORT_TP
8750,-1.0,SHORT_TP,SHORT_TP
8751,-1.0,SHORT_TP,SHORT_TP
8752,-1.0,SHORT_TP,SHORT_TP
8753,-1.0,SHORT_TP,SHORT_TP
8754,-1.0,SHORT_TP,SHORT_TP
8755,-1.0,SHORT_TP,SHORT_TP
8756,-1.0,SHORT_TP,SHORT_TP
8757,-1.0,SHORT_TP,SHORT_TP
8758,-1.0,SHORT_TP,SHORT_TP
8759,-1.0,SHORT_TP,SHORT_TP
8760,-1.0,SHORT_TP,SHORT_TP
8761,1.0,LONG_TP,LONG_TP
8762,1.0,LONG_TP,LONG_TP
8763,1.0,LONG_TP,LONG_TP
8764,1.0,LONG_TP,LONG_TP
8765,-1.0,SHORT_TP,SHORT_TP
8766,-1.0,SHORT_TP,SHORT_TP
8767,1.0,LONG_TP,LONG_TP
8768,-1.0,SHORT_TP,SHORT_TP
8769,-1.0,SHORT_TP,SHORT_TP
8770,-1.0,SHORT_TP,SHORT_TP
8771,-1.0,SHORT_TP,SHORT_TP
8772,-1.0,SHORT_TP,SHORT_TP
8773,-1.0,SHORT_TP,SHORT_TP
8774,-1.0,SHORT_TP,SHORT_TP
8775,-1.0,SHORT_TP,SHORT_TP
8776,-1.0,SHORT_TP,SHORT_TP
8777,-1.0,SHORT_TP,SHORT_TP
8778,-1.0,SHORT_TP,SHORT_TP
8779,-1.0,SHORT_TP,SHORT_TP
8780,-1.0,SHORT_TP,SHORT_TP
8781,-1.0,SHORT_TP,SHORT_TP
8782,-1.0,SHORT_TP,SHORT_TP
8783,-1.0,SHORT_TP,SHORT_TP
8784,-1.0,SHORT_TP,SHORT_TP
8785,-1.0,SHORT_TP,SHORT_TP
8786,-1.0,SHORT_TP,SHORT_TP
8787,-1.0,SHORT_TP,SHORT_TP
8788,-1.0,SHORT_TP,SHORT_TP
8789,-1.0,SHORT_TP,SHORT_TP
8790,-1.0,SHORT_TP,SHORT_TP
8791,1.0,LONG_TP,LONG_TP
8792,1.0,LONG_TP,LONG_TP
8793,1.0,LONG_TP,LONG_TP
8794,1.0,LONG_TP,LONG_TP
8795,1.0,LONG_TP,LONG_TP
8796,1.0,LONG_TP,LONG_TP
8797,1.0,LONG_TP,LONG_TP
8798,1.0,LONG_TP,LONG_TP
8799,1.0,LONG_TP,LONG_TP
8800,1.0,LONG_TP,LONG_TP
8801,1.0,LONG_TP,LONG_TP
8802,1.0,LONG_TP,LONG_TP
8803,1.0,LONG_TP,LONG_TP
8804,1.0,LONG_TP,LONG_TP
8805,1.0,LONG_TP,LONG_TP
8806,1.0,LONG_TP,LONG_TP
8807,1.0,LONG_TP,LONG_TP
8808,1.0,LONG_TP,LONG_TP
8809,1.0,LONG_TP,LONG_TP
8810,-1.0,SHORT_TP,SHORT_TP
8811,-1.0,SHORT_TP,SHORT_TP
8812,-1.0,SHORT_TP,SHORT_TP
8813,-1.0,SHORT_TP,SHORT_TP
8814,-1.0,SHORT_TP,SHORT_TP
8815,-1.0,SHORT_TP,SHORT_TP
8816,-1.0,SHORT_TP,SHORT_TP
8817,-1.0,SHORT_TP,SHORT_TP
8818,1.0,LONG_TP,LONG_TP
8819,1.0,LONG_TP,LONG_TP
8820,1.0,LONG_TP,LONG_TP
8821,1.0,LONG_TP,LONG_TP
8822,1.0,LONG_TP,LONG_TP
8823,1.0,LONG_TP,LONG_TP
8824,1.0,LONG_TP,LONG_TP
8825,1.0,LONG_TP,LONG_TP
8826,1.0,LONG_TP,LONG_TP
8827,1.0,LONG_TP,LONG_TP
8828,1.0,LONG_TP,LONG_TP
8829,1.0,LONG_TP,LONG_TP
8830,1.0,LONG_TP,LONG_TP
8831,1.0,LONG_TP,LONG_TP
8832,1.0,LONG_TP,LONG_TP
8833,1.0,LONG_TP,LONG_TP
8834,-1.0,SHORT_TP,SHORT_TP
8835,-1.0,SHORT_TP,SHORT_TP
8836,-1.0,SHORT_TP,SHORT_TP
8837,-1.0,SHORT_TP,SHORT_TP
8838,-1.0,SHORT_TP,SHORT_TP
8839,-1.0,SHORT_TP,SHORT_TP
8840,-1.0,SHORT_TP,SHORT_TP
8841,-1.0,SHORT_TP,SHORT_TP
8842,-1.0,SHORT_TP,SHORT_TP
8843,-1.0,SHORT_TP,SHORT_TP
8844,-1.0,SHORT_TP,SHORT_TP
8845,-1.0,SHORT_TP,SHORT_TP
8846,-1.0,SHORT_TP,SHORT_TP
8847,-1.0,SHORT_TP,SHORT_TP
8848,-1.0,SHORT_TP,SHORT_TP
8849,-1.0,SHORT_TP,SHORT_TP
8850,-1.0,SHORT_TP,SHORT_TP
8851,-1.0,SHORT_TP,SHORT_TP
8852,-1.0,SHORT_TP,SHORT_TP
8853,-1.0,SHORT_TP,SHORT_TP
8854,-1.0,SHORT_TP,SHORT_TP
8855,-1.0,SHORT_TP,SHORT_TP
8856,-1.0,SHORT_TP,SHORT_TP
8857,-1.0,SHORT_TP,SHORT_TP
8858,-1.0,SHORT_TP,SHORT_TP
8859,-1.0,SHORT_TP,SHORT_TP
8860,-1.0,SHORT_TP,SHORT_TP
8861,1.0,LONG_TP,LONG_TP
8862,1.0,LONG_TP,LONG_TP
8863,-1.0,SHORT_TP,SHORT_TP
8864,1.0,LONG_TP,LONG_TP
8865,-1.0,SHORT_TP,SHORT_TP
8866,-1.0,SHORT_TP,SHORT_TP
8867,-1.0,SHORT_TP,SHORT_TP
8868,-1.0,SHORT_TP,SHORT_TP
8869,-1.0,SHORT_TP,SHORT_TP
8870,-1.0,SHORT_TP,SHORT_TP
8871,-1.0,SHORT_TP,SHORT_TP
8872,-1.0,SHORT_TP,SHORT_TP
8873,-1.0,SHORT_TP,SHORT_TP
8874,-1.0,SHORT_TP,SHORT_TP
8875,-1.0,SHORT_TP,SHORT_TP
8876,-1.0,SHORT_TP,SHORT_TP
8877,-1.0,SHORT_TP,SHORT_TP
8878,-1.0,SHORT_TP,SHORT_TP
8879,-1.0,SHORT_TP,SHORT_TP
8880,-1.0,SHORT_TP,SHORT_TP
8881,1.0,LONG_TP,LONG_TP
8882,1.0,LONG_TP,LONG_TP
8883,1.0,LONG_TP,LONG_TP
8884,-1.0,SHORT_TP,SHORT_TP
8885,-1.0,SHORT_TP,SHORT_TP
8886,-1.0,SHORT_TP,SHORT_TP
8887,-1.0,SHORT_TP,SHORT_TP
8888,-1.0,SHORT_TP,SHORT_TP
8889,-1.0,SHORT_TP,SHORT_TP
8890,-1.0,SHORT_TP,SHORT_TP
8891,-1.0,SHORT_TP,SHORT_TP
8892,-1.0,SHORT_TP,SHORT_TP
8893,-1.0,SHORT_TP,SHORT_TP
8894,-1.0,SHORT_TP,SHORT_TP
8895,-1.0,SHORT_TP,SHORT_TP
8896,-1.0,SHORT_TP,SHORT_TP
8897,-1.0,SHORT_TP,SHORT_TP
8898,-1.0,SHORT_TP,SHORT_TP
8899,-1.0,SHORT_TP,SHORT_TP
8900,-1.0,SHORT_TP,SHORT_TP
8901,-1.0,SHORT_TP,SHORT_TP
8902,-1.0,SHORT_TP,SHORT_TP
8903,-1.0,SHORT_TP,SHORT_TP
8904,-1.0,SHORT_TP,SHORT_TP
8905,-1.0,SHORT_TP,SHORT_TP
8906,-1.0,SHORT_TP,SHORT_TP
8907,-1.0,SHORT_TP,SHORT_TP
8908,-1.0,SHORT_TP,SHORT_TP
8909,-1.0,SHORT_TP,SHORT_TP
8910,-1.0,SHORT_TP,SHORT_TP
8911,-1.0,SHORT_TP,SHORT_TP
8912,-1.0,SHORT_TP,SHORT_TP
8913,-1.0,SHORT_TP,SHORT_TP
8914,-1.0,SHORT_TP,SHORT_TP
8915,-1.0,SHORT_TP,SHORT_TP
8916,-1.0,SHORT_TP,SHORT_TP
8917,-1.0,SHORT_TP,SHORT_TP
8918,-1.0,SHORT_TP,SHORT_TP
8919,1.0,LONG_TP,LONG_TP
8920,1.0,LONG_TP,LONG_TP
8921,1.0,LONG_TP,LONG_TP
8922,1.0,LONG_TP,LONG_TP
8923,1.0,LONG_TP,LONG_TP
8924,1.0,LONG_TP,LONG_TP
8925,1.0,LONG_TP,LONG_TP
8926,1.0,LONG_TP,LONG_TP
8927,1.0,LONG_TP,LONG_TP
8928,1.0,LONG_TP,LONG_TP
8929,-1.0,SHORT_TP,SHORT_TP
8930,-1.0,SHORT_TP,SHORT_TP
8931,1.0,LONG_TP,LONG_TP
8932,1.0,LONG_TP,LONG_TP
8933,1.0,LONG_TP,LONG_TP
8934,1.0,LONG_TP,LONG_TP
8935,1.0,LONG_TP,LONG_TP
8936,1.0,LONG_TP,LONG_TP
8937,1.0,LONG_TP,LONG_TP
8938,1.0,LONG_TP,LONG_TP
8939,1.0,LONG_TP,LONG_TP
8940,1.0,LONG_TP,LONG_TP
8941,1.0,LONG_TP,LONG_TP
8942,1.0,LONG_TP,LONG_TP
8943,1.0,LONG_TP,LONG_TP
8944,1.0,LONG_TP,LONG_TP
8945,1.0,LONG_TP,LONG_TP
8946,1.0,LONG_TP,LONG_TP
8947,1.0,LONG_TP,LONG_TP
8948,1.0,LONG_TP,LONG_TP
8949,1.0,LONG_TP,LONG_TP
8950,1.0,LONG_TP,LONG_TP
8951,1.0,LONG_TP,LONG_TP
8952,1.0,LONG_TP,LONG_TP
8953,1.0,LONG_TP,LONG_TP
8954,1.0,LONG_TP,LONG_TP
8955,1.0,LONG_TP,LONG_TP
8956,-1.0,SHORT_TP,SHORT_TP
8957,-1.0,SHORT_TP,SHORT_TP
8958,-1.0,SHORT_TP,SHORT_TP
8959,-1.0,SHORT_TP,SHORT_TP
8960,-1.0,SHORT_TP,SHORT_TP
8961,-1.0,SHORT_TP,SHORT_TP
8962,-1.0,SHORT_TP,SHORT_TP
8963,-1.0,SHORT_TP,SHORT_TP
8964,-1.0,SHORT_TP,SHORT_TP
8965,-1.0,SHORT_TP,SHORT_TP
8966,-1.0,SHORT_TP,SHORT_TP
8967,-1.0,SHORT_TP,SHORT_TP
8968,-1.0,SHORT_TP,SHORT_TP
8969,-1.0,SHORT_TP,SHORT_TP
8970,-1.0,SHORT_TP,SHORT_TP
8971,1.0,LONG_TP,LONG_TP
8972,1.0,LONG_TP,LONG_TP
8973,1.0,LONG_TP,LONG_TP
8974,1.0,LONG_TP,LONG_TP
8975,1.0,LONG_TP,LONG_TP
8976,1.0,LONG_TP,LONG_TP
8977,1.0,LONG_TP,LONG_TP
8978,1.0,LONG_TP,LONG_TP
8979,1.0,LONG_TP,LONG_TP
8980,1.0,LONG_TP,LONG_TP
8981,1.0,LONG_TP,LONG_TP
8982,1.0,LONG_TP,LONG_TP
8983,1.0,LONG_TP,LONG_TP
8984,1.0,LONG_TP,LONG_TP
8985,1.0,LONG_TP,LONG_TP
8986,1.0,LONG_TP,LONG_TP
8987,1.0,LONG_TP,LONG_TP
8988,1.0,LONG_TP,LONG_TP
8989,1.0,LONG_TP,LONG_TP
8990,1.0,LONG_TP,LONG_TP
8991,-1.0,SHORT_TP,SHORT_TP
8992,1.0,LONG_TP,LONG_TP
8993,1.0,LONG_TP,LONG_TP
8994,1.0,LONG_TP,LONG_TP
8995,1.0,LONG_TP,LONG_TP
8996,1.0,LONG_TP,LONG_TP
8997,1.0,LONG_TP,LONG_TP
8998,1.0,LONG_TP,LONG_TP
8999,1.0,LONG_TP,LONG_TP
9000,1.0,LONG_TP,LONG_TP
9001,1.0,LONG_TP,LONG_TP
9002,1.0,LONG_TP,LONG_TP
9003,1.0,LONG_TP,LONG_TP
9004,1.0,LONG_TP,LONG_TP
9005,1.0,LONG_TP,LONG_TP
9006,1.0,LONG_TP,LONG_TP
9007,1.0,LONG_TP,LONG_TP
9008,1.0,LONG_TP,LONG_TP
9009,1.0,LONG_TP,LONG_TP
9010,1.0,LONG_TP,LONG_TP
9011,1.0,LONG_TP,LONG_TP
9012,1.0,LONG_TP,LONG_TP
9013,1.0,LONG_TP,LONG_TP
9014,1.0,LONG_TP,LONG_TP
9015,1.0,LONG_TP,LONG_TP
9016,1.0,LONG_TP,LONG_TP
9017,1.0,LONG_TP,LONG_TP
9018,1.0,LONG_TP,LONG_TP
9019,-1.0,SHORT_TP,SHORT_TP
9020,-1.0,SHORT_TP,SHORT_TP
9021,-1.0,SHORT_TP,SHORT_TP
9022,-1.0,SHORT_TP,SHORT_TP
9023,-1.0,SHORT_TP,SHORT_TP
9024,-1.0,SHORT_TP,SHORT_TP
9025,-1.0,SHORT_TP,SHORT_TP
9026,-1.0,SHORT_TP,SHORT_TP
9027,-1.0,SHORT_TP,SHORT_TP
9028,-1.0,SHORT_TP,SHORT_TP
9029,-1.0,SHORT_TP,SHORT_TP
9030,-1.0,SHORT_TP,SHORT_TP
9031,-1.0,SHORT_TP,SHORT_TP
9032,1.0,LONG_TP,LONG_TP
9033,1.0,LONG_TP,LONG_TP
9034,1.0,LONG_TP,LONG_TP
9035,1.0,LONG_TP,LONG_TP
9036,1.0,LONG_TP,LONG_TP
9037,1.0,LONG_TP,LONG_TP
9038,1.0,LONG_TP,LONG_TP
9039,1.0,LONG_TP,LONG_TP
9040,-1.0,SHORT_TP,SHORT_TP
9041,-1.0,SHORT_TP,SHORT_TP
9042,-1.0,SHORT_TP,SHORT_TP
9043,-1.0,SHORT_TP,SHORT_TP
9044,-1.0,SHORT_TP,SHORT_TP
9045,-1.0,SHORT_TP,SHORT_TP
9046,-1.0,SHORT_TP,SHORT_TP
9047,-1.0,SHORT_TP,SHORT_TP
9048,-1.0,SHORT_TP,SHORT_TP
9049,-1.0,SHORT_TP,SHORT_TP
9050,-1.0,SHORT_TP,SHORT_TP
9051,-1.0,SHORT_TP,SHORT_TP
9052,-1.0,SHORT_TP,SHORT_TP
9053,-1.0,SHORT_TP,SHORT_TP
9054,-1.0,SHORT_TP,SHORT_TP
9055,-1.0,SHORT_TP,SHORT_TP
9056,-1.0,SHORT_TP,SHORT_TP
9057,-1.0,SHORT_TP,SHORT_TP
9058,-1.0,SHORT_TP,SHORT_TP
9059,-1.0,SHORT_TP,SHORT_TP
9060,-1.0,SHORT_TP,SHORT_TP
9061,-1.0,SHORT_TP,SHORT_TP
9062,-1.0,SHORT_TP,SHORT_TP
9063,-1.0,SHORT_TP,SHORT_TP
9064,-1.0,SHORT_TP,SHORT_TP
9065,-1.0,SHORT_TP,SHORT_TP
9066,-1.0,SHORT_TP,SHORT_TP
9067,-1.0,SHORT_TP,SHORT_TP
9068,-1.0,SHORT_TP,SHORT_TP
9069,-1.0,SHORT_TP,SHORT_TP
9070,-1.0,SHORT_TP,SHORT_TP
9071,-1.0,SHORT_TP,SHORT_TP
9072,-1.0,SHORT_TP,SHORT_TP
9073,-1.0,SHORT_TP,SHORT_TP
9074,-1.0,SHORT_TP,SHORT_TP
9075,-1.0,SHORT_TP,SHORT_TP
9076,-1.0,SHORT_TP,SHORT_TP
9077,-1.0,SHORT_TP,SHORT_TP
9078,-1.0,SHORT_TP,SHORT_TP
9079,-1.0,SHORT_TP,SHORT_TP
9080,-1.0,SHORT_TP,SHORT_TP
9081,-1.0,SHORT_TP,SHORT_TP
9082,-1.0,SHORT_TP,SHORT_TP
9083,-1.0,SHORT_TP,SHORT_TP
9084,-1.0,SHORT_TP,SHORT_TP
9085,-1.0,SHORT_TP,SHORT_TP
9086,-1.0,SHORT_TP,SHORT_TP
9087,-1.0,SHORT_TP,SHORT_TP
9088,-1.0,SHORT_TP,SHORT_TP
9089,-1.0,SHORT_TP,SHORT_TP
9090,1.0,LONG_TP,LONG_TP
9091,1.0,LONG_TP,LONG_TP
9092,1.0,LONG_TP,LONG_TP
9093,1.0,LONG_TP,LONG_TP
9094,1.0,LONG_TP,LONG_TP
9095,1.0,LONG_TP,LONG_TP
9096,1.0,LONG_TP,LONG_TP
9097,1.0,LONG_TP,LONG_TP
9098,1.0,LONG_TP,LONG_TP
9099,1.0,LONG_TP,LONG_TP
9100,1.0,LONG_TP,LONG_TP
9101,1.0,LONG_TP,LONG_TP
9102,1.0,LONG_TP,LONG_TP
9103,1.0,LONG_TP,LONG_TP
9104,1.0,LONG_TP,LONG_TP
9105,1.0,LONG_TP,LONG_TP
9106,1.0,LONG_TP,LONG_TP
9107,1.0,LONG_TP,LONG_TP
9108,1.0,LONG_TP,LONG_TP
9109,1.0,LONG_TP,LONG_TP
9110,-1.0,SHORT_TP,SHORT_TP
9111,-1.0,SHORT_TP,SHORT_TP
9112,-1.0,SHORT_TP,SHORT_TP
9113,-1.0,SHORT_TP,SHORT_TP
9114,-1.0,SHORT_TP,SHORT_TP
9115,-1.0,SHORT_TP,SHORT_TP
9116,-1.0,SHORT_TP,SHORT_TP
9117,-1.0,SHORT_TP,SHORT_TP
9118,-1.0,SHORT_TP,SHORT_TP
9119,-1.0,SHORT_TP,SHORT_TP
9120,-1.0,SHORT_TP,SHORT_TP
9121,-1.0,SHORT_TP,SHORT_TP
9122,-1.0,SHORT_TP,SHORT_TP
9123,-1.0,SHORT_TP,SHORT_TP
9124,-1.0,SHORT_TP,SHORT_TP
9125,-1.0,SHORT_TP,SHORT_TP
9126,-1.0,SHORT_TP,SHORT_TP
9127,-1.0,SHORT_TP,SHORT_TP
9128,-1.0,SHORT_TP,SHORT_TP
9129,1.0,LONG_TP,LONG_TP
9130,-1.0,SHORT_TP,SHORT_TP
9131,-1.0,SHORT_TP,SHORT_TP
9132,-1.0,SHORT_TP,SHORT_TP
9133,-1.0,SHORT_TP,SHORT_TP
9134,-1.0,SHORT_TP,SHORT_TP
9135,-1.0,SHORT_TP,SHORT_TP
9136,-1.0,SHORT_TP,SHORT_TP
9137,-1.0,SHORT_TP,SHORT_TP
9138,-1.0,SHORT_TP,SHORT_TP
9139,-1.0,SHORT_TP,SHORT_TP
9140,-1.0,SHORT_TP,SHORT_TP
9141,-1.0,SHORT_TP,SHORT_TP
9142,-1.0,SHORT_TP,SHORT_TP
9143,-1.0,SHORT_TP,SHORT_TP
9144,-1.0,SHORT_TP,SHORT_TP
9145,-1.0,SHORT_TP,SHORT_TP
9146,-1.0,SHORT_TP,SHORT_TP
9147,-1.0,SHORT_TP,SHORT_TP
9148,-1.0,SHORT_TP,SHORT_TP
9149,-1.0,SHORT_TP,SHORT_TP
9150,-1.0,SHORT_TP,SHORT_TP
9151,-1.0,SHORT_TP,SHORT_TP
9152,-1.0,SHORT_TP,SHORT_TP
9153,-1.0,SHORT_TP,SHORT_TP
9154,-1.0,SHORT_TP,SHORT_TP
9155,-1.0,SHORT_TP,SHORT_TP
9156,-1.0,SHORT_TP,SHORT_TP
9157,-1.0,SHORT_TP,SHORT_TP
9158,-1.0,SHORT_TP,SHORT_TP
9159,1.0,LONG_TP,LONG_TP
9160,-1.0,SHORT_TP,SHORT_TP
9161,-1.0,SHORT_TP,SHORT_TP
9162,-1.0,SHORT_TP,SHORT_TP
9163,-1.0,SHORT_TP,SHORT_TP
9164,-1.0,SHORT_TP,SHORT_TP
9165,-1.0,SHORT_TP,SHORT_TP
9166,-1.0,SHORT_TP,SHORT_TP
9167,-1.0,SHORT_TP,SHORT_TP
9168,-1.0,SHORT_TP,SHORT_TP
9169,-1.0,SHORT_TP,SHORT_TP
9170,-1.0,SHORT_TP,SHORT_TP
9171,-1.0,SHORT_TP,SHORT_TP
9172,-1.0,SHORT_TP,SHORT_TP
9173,-1.0,SHORT_TP,SHORT_TP
9174,-1.0,SHORT_TP,SHORT_TP
9175,-1.0,SHORT_TP,SHORT_TP
9176,-1.0,SHORT_TP,SHORT_TP
9177,-1.0,SHORT_TP,SHORT_TP
9178,-1.0,SHORT_TP,SHORT_TP
9179,-1.0,SHORT_TP,SHORT_TP
9180,-1.0,SHORT_TP,SHORT_TP
9181,-1.0,SHORT_TP,SHORT_TP
9182,-1.0,SHORT_TP,SHORT_TP
9183,-1.0,SHORT_TP,SHORT_TP
9184,-1.0,SHORT_TP,SHORT_TP
9185,-1.0,SHORT_TP,SHORT_TP
9186,-1.0,SHORT_TP,SHORT_TP
9187,-1.0,SHORT_TP,SHORT_TP
9188,-1.0,SHORT_TP,SHORT_TP
9189,-1.0,SHORT_TP,SHORT_TP
9190,-1.0,SHORT_TP,SHORT_TP
9191,-1.0,SHORT_TP,SHORT_TP
9192,-1.0,SHORT_TP,SHORT_TP
9193,-1.0,SHORT_TP,SHORT_TP
9194,-1.0,SHORT_TP,SHORT_TP
9195,-1.0,SHORT_TP,SHORT_TP
9196,-1.0,SHORT_TP,SHORT_TP
9197,-1.0,SHORT_TP,SHORT_TP
9198,-1.0,SHORT_TP,SHORT_TP
9199,-1.0,SHORT_TP,SHORT_TP
9200,-1.0,SHORT_TP,SHORT_TP
9201,-1.0,SHORT_TP,SHORT_TP
9202,-1.0,SHORT_TP,SHORT_TP
9203,-1.0,SHORT_TP,SHORT_TP
9204,-1.0,SHORT_TP,SHORT_TP
9205,-1.0,SHORT_TP,SHORT_TP
9206,-1.0,SHORT_TP,SHORT_TP
9207,-1.0,SHORT_TP,SHORT_TP
9208,-1.0,SHORT_TP,SHORT_TP
9209,-1.0,SHORT_TP,SHORT_TP
9210,-1.0,SHORT_TP,SHORT_TP
9211,-1.0,SHORT_TP,SHORT_TP
9212,-1.0,SHORT_TP,SHORT_TP
9213,-1.0,SHORT_TP,SHORT_TP
9214,-1.0,SHORT_TP,SHORT_TP
9215,1.0,LONG_TP,LONG_TP
9216,-1.0,SHORT_TP,SHORT_TP
9217,-1.0,SHORT_TP,SHORT_TP
9218,-1.0,SHORT_TP,SHORT_TP
9219,-1.0,SHORT_TP,SHORT_TP
9220,-1.0,SHORT_TP,SHORT_TP
9221,-1.0,SHORT_TP,SHORT_TP
9222,1.0,LONG_TP,LONG_TP
9223,1.0,LONG_TP,LONG_TP
9224,-1.0,SHORT_TP,SHORT_TP
9225,-1.0,SHORT_TP,SHORT_TP
9226,-1.0,SHORT_TP,SHORT_TP
9227,-1.0,SHORT_TP,SHORT_TP
9228,-1.0,SHORT_TP,SHORT_TP
9229,-1.0,SHORT_TP,SHORT_TP
9230,-1.0,SHORT_TP,SHORT_TP
9231,-1.0,SHORT_TP,SHORT_TP
9232,-1.0,SHORT_TP,SHORT_TP
9233,-1.0,SHORT_TP,SHORT_TP
9234,-1.0,SHORT_TP,SHORT_TP
9235,-1.0,SHORT_TP,SHORT_TP
9236,-1.0,SHORT_TP,SHORT_TP
9237,-1.0,SHORT_TP,SHORT_TP
9238,1.0,LONG_TP,LONG_TP
9239,-1.0,SHORT_TP,SHORT_TP
9240,-1.0,SHORT_TP,SHORT_TP
9241,-1.0,SHORT_TP,SHORT_TP
9242,-1.0,SHORT_TP,SHORT_TP
9243,-1.0,SHORT_TP,SHORT_TP
9244,-1.0,SHORT_TP,SHORT_TP
9245,-1.0,SHORT_TP,SHORT_TP
9246,-1.0,SHORT_TP,SHORT_TP
9247,-1.0,SHORT_TP,SHORT_TP
9248,-1.0,SHORT_TP,SHORT_TP
9249,1.0,LONG_TP,LONG_TP
9250,1.0,LONG_TP,LONG_TP
9251,1.0,LONG_TP,LONG_TP
9252,1.0,LONG_TP,LONG_TP
9253,1.0,LONG_TP,LONG_TP
9254,1.0,LONG_TP,LONG_TP
9255,1.0,LONG_TP,LONG_TP
9256,1.0,LONG_TP,LONG_TP
9257,1.0,LONG_TP,LONG_TP
9258,1.0,LONG_TP,LONG_TP
9259,1.0,LONG_TP,LONG_TP
9260,1.0,LONG_TP,LONG_TP
9261,1.0,LONG_TP,LONG_TP
9262,1.0,LONG_TP,LONG_TP
9263,1.0,LONG_TP,LONG_TP
9264,1.0,LONG_TP,LONG_TP
9265,1.0,LONG_TP,LONG_TP
9266,1.0,LONG_TP,LONG_TP
9267,1.0,LONG_TP,LONG_TP
9268,1.0,LONG_TP,LONG_TP
9269,1.0,LONG_TP,LONG_TP
9270,1.0,LONG_TP,LONG_TP
9271,1.0,LONG_TP,LONG_TP
9272,1.0,LONG_TP,LONG_TP
9273,-1.0,SHORT_TP,SHORT_TP
9274,-1.0,SHORT_TP,SHORT_TP
9275,-1.0,SHORT_TP,SHORT_TP
9276,-1.0,SHORT_TP,SHORT_TP
9277,-1.0,SHORT_TP,SHORT_TP
9278,-1.0,SHORT_TP,SHORT_TP
9279,-1.0,SHORT_TP,SHORT_TP
9280,-1.0,SHORT_TP,SHORT_TP
9281,-1.0,SHORT_TP,SHORT_TP
9282,-1.0,SHORT_TP,SHORT_TP
9283,-1.0,SHORT_TP,SHORT_TP
9284,-1.0,SHORT_TP,SHORT_TP
9285,-1.0,SHORT_TP,SHORT_TP
9286,-1.0,SHORT_TP,SHORT_TP
9287,-1.0,SHORT_TP,SHORT_TP
9288,-1.0,SHORT_TP,SHORT_TP
9289,-1.0,SHORT_TP,SHORT_TP
9290,-1.0,SHORT_TP,SHORT_TP
9291,-1.0,SHORT_TP,SHORT_TP
9292,-1.0,SHORT_TP,SHORT_TP
9293,-1.0,SHORT_TP,SHORT_TP
9294,1.0,LONG_TP,LONG_TP
9295,1.0,LONG_TP,LONG_TP
9296,1.0,LONG_TP,LONG_TP
9297,1.0,LONG_TP,LONG_TP
9298,1.0,LONG_TP,LONG_TP
9299,1.0,LONG_TP,LONG_TP
9300,1.0,LONG_TP,LONG_TP
9301,1.0,LONG_TP,LONG_TP
9302,1.0,LONG_TP,LONG_TP
9303,1.0,LONG_TP,LONG_TP
9304,1.0,LONG_TP,LONG_TP
9305,1.0,LONG_TP,LONG_TP
9306,1.0,LONG_TP,LONG_TP
9307,1.0,LONG_TP,LONG_TP
9308,1.0,LONG_TP,LONG_TP
9309,1.0,LONG_TP,LONG_TP
9310,1.0,LONG_TP,LONG_TP
9311,1.0,LONG_TP,LONG_TP
9312,1.0,LONG_TP,LONG_TP
9313,1.0,LONG_TP,LONG_TP
9314,1.0,LONG_TP,LONG_TP
9315,1.0,LONG_TP,LONG_TP
9316,1.0,LONG_TP,LONG_TP
9317,-1.0,SHORT_TP,SHORT_TP
9318,-1.0,SHORT_TP,SHORT_TP
9319,-1.0,SHORT_TP,SHORT_TP
9320,1.0,LONG_TP,LONG_TP
9321,1.0,LONG_TP,LONG_TP
9322,1.0,LONG_TP,LONG_TP
9323,1.0,LONG_TP,LONG_TP
9324,-1.0,SHORT_TP,SHORT_TP
9325,-1.0,SHORT_TP,SHORT_TP
9326,1.0,LONG_TP,LONG_TP
9327,1.0,LONG_TP,LONG_TP
9328,-1.0,SHORT_TP,SHORT_TP
9329,-1.0,SHORT_TP,SHORT_TP
9330,1.0,LONG_TP,LONG_TP
9331,1.0,LONG_TP,LONG_TP
9332,1.0,LONG_TP,LONG_TP
9333,1.0,LONG_TP,LONG_TP
9334,1.0,LONG_TP,LONG_TP
9335,1.0,LONG_TP,LONG_TP
9336,1.0,LONG_TP,LONG_TP
9337,1.0,LONG_TP,LONG_TP
9338,1.0,LONG_TP,LONG_TP
9339,1.0,LONG_TP,LONG_TP
9340,1.0,LONG_TP,LONG_TP
9341,1.0,LONG_TP,LONG_TP
9342,1.0,LONG_TP,LONG_TP
9343,1.0,LONG_TP,LONG_TP
9344,1.0,LONG_TP,LONG_TP
9345,1.0,LONG_TP,LONG_TP
9346,1.0,LONG_TP,LONG_TP
9347,1.0,LONG_TP,LONG_TP
9348,1.0,LONG_TP,LONG_TP
9349,1.0,LONG_TP,LONG_TP
9350,1.0,LONG_TP,LONG_TP
9351,1.0,LONG_TP,LONG_TP
9352,1.0,LONG_TP,LONG_TP
9353,1.0,LONG_TP,LONG_TP
9354,1.0,LONG_TP,LONG_TP
9355,1.0,LONG_TP,LONG_TP
9356,1.0,LONG_TP,LONG_TP
9357,1.0,LONG_TP,LONG_TP
9358,1.0,LONG_TP,LONG_TP
9359,1.0,LONG_TP,LONG_TP
9360,1.0,LONG_TP,LONG_TP
9361,1.0,LONG_TP,LONG_TP
9362,1.0,LONG_TP,LONG_TP
9363,1.0,LONG_TP,LONG_TP
9364,1.0,LONG_TP,LONG_TP
9365,1.0,LONG_TP,LONG_TP
9366,1.0,LONG_TP,LONG_TP
9367,1.0,LONG_TP,LONG_TP
9368,1.0,LONG_TP,LONG_TP
9369,1.0,LONG_TP,LONG_TP
9370,1.0,LONG_TP,LONG_TP
9371,1.0,LONG_TP,LONG_TP
9372,1.0,LONG_TP,LONG_TP
9373,1.0,LONG_TP,LONG_TP
9374,1.0,LONG_TP,LONG_TP
9375,1.0,LONG_TP,LONG_TP
9376,1.0,LONG_TP,LONG_TP
9377,1.0,LONG_TP,LONG_TP
9378,1.0,LONG_TP,LONG_TP
9379,1.0,LONG_TP,LONG_TP
9380,1.0,LONG_TP,LONG_TP
9381,1.0,LONG_TP,LONG_TP
9382,1.0,LONG_TP,LONG_TP
9383,1.0,LONG_TP,LONG_TP
9384,-1.0,SHORT_TP,SHORT_TP
9385,-1.0,SHORT_TP,SHORT_TP
9386,-1.0,SHORT_TP,SHORT_TP
9387,-1.0,SHORT_TP,SHORT_TP
9388,-1.0,SHORT_TP,SHORT_TP
9389,-1.0,SHORT_TP,SHORT_TP
9390,-1.0,SHORT_TP,SHORT_TP
9391,-1.0,SHORT_TP,SHORT_TP
9392,-1.0,SHORT_TP,SHORT_TP
9393,-1.0,SHORT_TP,SHORT_TP
9394,1.0,LONG_TP,LONG_TP
9395,1.0,LONG_TP,LONG_TP
9396,1.0,LONG_TP,LONG_TP
9397,1.0,LONG_TP,LONG_TP
9398,1.0,LONG_TP,LONG_TP
9399,1.0,LONG_TP,LONG_TP
9400,1.0,LONG_TP,LONG_TP
9401,1.0,LONG_TP,LONG_TP
9402,1.0,LONG_TP,LONG_TP
9403,1.0,LONG_TP,LONG_TP
9404,1.0,LONG_TP,LONG_TP
9405,1.0,LONG_TP,LONG_TP
9406,1.0,LONG_TP,LONG_TP
9407,1.0,LONG_TP,LONG_TP
9408,1.0,LONG_TP,LONG_TP
9409,1.0,LONG_TP,LONG_TP
9410,1.0,LONG_TP,LONG_TP
9411,1.0,LONG_TP,LONG_TP
9412,1.0,LONG_TP,LONG_TP
9413,1.0,LONG_TP,LONG_TP
9414,1.0,LONG_TP,LONG_TP
9415,1.0,LONG_TP,LONG_TP
9416,1.0,LONG_TP,LONG_TP
9417,1.0,LONG_TP,LONG_TP
9418,1.0,LONG_TP,LONG_TP
9419,1.0,LONG_TP,LONG_TP
9420,1.0,LONG_TP,LONG_TP
9421,1.0,LONG_TP,LONG_TP
9422,1.0,LONG_TP,LONG_TP
9423,1.0,LONG_TP,LONG_TP
9424,1.0,LONG_TP,LONG_TP
9425,1.0,LONG_TP,LONG_TP
9426,1.0,LONG_TP,LONG_TP
9427,1.0,LONG_TP,LONG_TP
9428,1.0,LONG_TP,LONG_TP
9429,1.0,LONG_TP,LONG_TP
9430,1.0,LONG_TP,LONG_TP
9431,1.0,LONG_TP,LONG_TP
9432,1.0,LONG_TP,LONG_TP
9433,1.0,LONG_TP,LONG_TP
9434,1.0,LONG_TP,LONG_TP
9435,1.0,LONG_TP,LONG_TP
9436,1.0,LONG_TP,LONG_TP
9437,1.0,LONG_TP,LONG_TP
9438,1.0,LONG_TP,LONG_TP
9439,1.0,LONG_TP,LONG_TP
9440,1.0,LONG_TP,LONG_TP
9441,1.0,LONG_TP,LONG_TP
9442,1.0,LONG_TP,LONG_TP
9443,1.0,LONG_TP,LONG_TP
9444,1.0,LONG_TP,LONG_TP
9445,1.0,LONG_TP,LONG_TP
9446,1.0,LONG_TP,LONG_TP
9447,1.0,LONG_TP,LONG_TP
9448,1.0,LONG_TP,LONG_TP
9449,-1.0,SHORT_TP,SHORT_TP
9450,-1.0,SHORT_TP,SHORT_TP
9451,-1.0,SHORT_TP,SHORT_TP
9452,-1.0,SHORT_TP,SHORT_TP
9453,-1.0,SHORT_TP,SHORT_TP
9454,-1.0,SHORT_TP,SHORT_TP
9455,-1.0,SHORT_TP,SHORT_TP
9456,-1.0,SHORT_TP,SHORT_TP
9457,-1.0,SHORT_TP,SHORT_TP
9458,-1.0,SHORT_TP,SHORT_TP
9459,-1.0,SHORT_TP,SHORT_TP
9460,-1.0,SHORT_TP,SHORT_TP
9461,-1.0,SHORT_TP,SHORT_TP
9462,-1.0,SHORT_TP,SHORT_TP
9463,-1.0,SHORT_TP,SHORT_TP
9464,-1.0,SHORT_TP,SHORT_TP
9465,-1.0,SHORT_TP,SHORT_TP
9466,-1.0,SHORT_TP,SHORT_TP
9467,-1.0,SHORT_TP,SHORT_TP
9468,-1.0,SHORT_TP,SHORT_TP
9469,1.0,LONG_TP,LONG_TP
9470,1.0,LONG_TP,LONG_TP
9471,1.0,LONG_TP,LONG_TP
9472,1.0,LONG_TP,LONG_TP
9473,1.0,LONG_TP,LONG_TP
9474,1.0,LONG_TP,LONG_TP
9475,1.0,LONG_TP,LONG_TP
9476,1.0,LONG_TP,LONG_TP
9477,1.0,LONG_TP,LONG_TP
9478,1.0,LONG_TP,LONG_TP
9479,1.0,LONG_TP,LONG_TP
9480,1.0,LONG_TP,LONG_TP
9481,1.0,LONG_TP,LONG_TP
9482,1.0,LONG_TP,LONG_TP
9483,1.0,LONG_TP,LONG_TP
9484,1.0,LONG_TP,LONG_TP
9485,1.0,LONG_TP,LONG_TP
9486,1.0,LONG_TP,LONG_TP
9487,1.0,LONG_TP,LONG_TP
9488,1.0,LONG_TP,LONG_TP
9489,1.0,LONG_TP,LONG_TP
9490,1.0,LONG_TP,LONG_TP
9491,-1.0,SHORT_TP,SHORT_TP
9492,-1.0,SHORT_TP,SHORT_TP
9493,-1.0,SHORT_TP,SHORT_TP
9494,-1.0,SHORT_TP,SHORT_TP
9495,-1.0,SHORT_TP,SHORT_TP
9496,1.0,LONG_TP,LONG_TP
9497,1.0,LONG_TP,LONG_TP
9498,1.0,LONG_TP,LONG_TP
9499,1.0,LONG_TP,LONG_TP
9500,1.0,LONG_TP,LONG_TP
9501,1.0,LONG_TP,LONG_TP
9502,1.0,LONG_TP,LONG_TP
9503,1.0,LONG_TP,LONG_TP
9504,1.0,LONG_TP,LONG_TP
9505,1.0,LONG_TP,LONG_TP
9506,1.0,LONG_TP,LONG_TP
9507,1.0,LONG_TP,LONG_TP
9508,1.0,LONG_TP,LONG_TP
9509,1.0,LONG_TP,LONG_TP
9510,1.0,LONG_TP,LONG_TP
9511,1.0,LONG_TP,LONG_TP
9512,1.0,LONG_TP,LONG_TP
9513,1.0,LONG_TP,LONG_TP
9514,1.0,LONG_TP,LONG_TP
9515,1.0,LONG_TP,LONG_TP
9516,1.0,LONG_TP,LONG_TP
9517,1.0,LONG_TP,LONG_TP
9518,1.0,LONG_TP,LONG_TP
9519,1.0,LONG_TP,LONG_TP
9520,1.0,LONG_TP,LONG_TP
9521,1.0,LONG_TP,LONG_TP
9522,1.0,LONG_TP,LONG_TP
9523,1.0,LONG_TP,LONG_TP
9524,1.0,LONG_TP,LONG_TP
9525,1.0,LONG_TP,LONG_TP
9526,1.0,LONG_TP,LONG_TP
9527,1.0,LONG_TP,LONG_TP
9528,1.0,LONG_TP,LONG_TP
9529,1.0,LONG_TP,LONG_TP
9530,1.0,LONG_TP,LONG_TP
9531,1.0,LONG_TP,LONG_TP
9532,1.0,LONG_TP,LONG_TP
9533,1.0,LONG_TP,LONG_TP
9534,1.0,LONG_TP,LONG_TP
9535,1.0,LONG_TP,LONG_TP
9536,1.0,LONG_TP,LONG_TP
9537,1.0,LONG_TP,LONG_TP
9538,1.0,LONG_TP,LONG_TP
9539,1.0,LONG_TP,LONG_TP
9540,1.0,LONG_TP,LONG_TP
9541,1.0,LONG_TP,LONG_TP
9542,1.0,LONG_TP,LONG_TP
9543,1.0,LONG_TP,LONG_TP
9544,1.0,LONG_TP,LONG_TP
9545,1.0,LONG_TP,LONG_TP
9546,1.0,LONG_TP,LONG_TP
9547,1.0,LONG_TP,LONG_TP
9548,1.0,LONG_TP,LONG_TP
9549,1.0,LONG_TP,LONG_TP
9550,1.0,LONG_TP,LONG_TP
9551,1.0,LONG_TP,LONG_TP
9552,1.0,LONG_TP,LONG_TP
9553,1.0,LONG_TP,LONG_TP
9554,1.0,LONG_TP,LONG_TP
9555,1.0,LONG_TP,LONG_TP
9556,1.0,LONG_TP,LONG_TP
9557,1.0,LONG_TP,LONG_TP
9558,1.0,LONG_TP,LONG_TP
9559,1.0,LONG_TP,LONG_TP
9560,1.0,LONG_TP,LONG_TP
9561,1.0,LONG_TP,LONG_TP
9562,1.0,LONG_TP,LONG_TP
9563,1.0,LONG_TP,LONG_TP
9564,1.0,LONG_TP,LONG_TP
9565,1.0,LONG_TP,LONG_TP
9566,-1.0,SHORT_TP,SHORT_TP
9567,1.0,LONG_TP,LONG_TP
9568,-1.0,SHORT_TP,SHORT_TP
9569,-1.0,SHORT_TP,SHORT_TP
9570,-1.0,SHORT_TP,SHORT_TP
9571,-1.0,SHORT_TP,SHORT_TP
9572,-1.0,SHORT_TP,SHORT_TP
9573,1.0,LONG_TP,LONG_TP
9574,1.0,LONG_TP,LONG_TP
9575,1.0,LONG_TP,LONG_TP
9576,1.0,LONG_TP,LONG_TP
9577,1.0,LONG_TP,LONG_TP
9578,1.0,LONG_TP,LONG_TP
9579,1.0,LONG_TP,LONG_TP
9580,1.0,LONG_TP,LONG_TP
9581,1.0,LONG_TP,LONG_TP
9582,1.0,LONG_TP,LONG_TP
9583,1.0,LONG_TP,LONG_TP
9584,1.0,LONG_TP,LONG_TP
9585,-1.0,SHORT_TP,SHORT_TP
9586,-1.0,SHORT_TP,SHORT_TP
9587,1.0,LONG_TP,LONG_TP
9588,1.0,LONG_TP,LONG_TP
9589,1.0,LONG_TP,LONG_TP
9590,1.0,LONG_TP,LONG_TP
9591,1.0,LONG_TP,LONG_TP
9592,1.0,LONG_TP,LONG_TP
9593,1.0,LONG_TP,LONG_TP
9594,1.0,LONG_TP,LONG_TP
9595,1.0,LONG_TP,LONG_TP
9596,1.0,LONG_TP,LONG_TP
9597,1.0,LONG_TP,LONG_TP
9598,1.0,LONG_TP,LONG_TP
9599,1.0,LONG_TP,LONG_TP
9600,1.0,LONG_TP,LONG_TP
9601,1.0,LONG_TP,LONG_TP
9602,1.0,LONG_TP,LONG_TP
9603,1.0,LONG_TP,LONG_TP
9604,-1.0,SHORT_TP,SHORT_TP
9605,-1.0,SHORT_TP,SHORT_TP
9606,-1.0,SHORT_TP,SHORT_TP
9607,-1.0,SHORT_TP,SHORT_TP
9608,1.0,LONG_TP,LONG_TP
9609,1.0,LONG_TP,LONG_TP
9610,-1.0,SHORT_TP,SHORT_TP
9611,1.0,LONG_TP,LONG_TP
9612,-1.0,SHORT_TP,SHORT_TP
9613,1.0,LONG_TP,LONG_TP
9614,1.0,LONG_TP,LONG_TP
9615,1.0,LONG_TP,LONG_TP
9616,1.0,LONG_TP,LONG_TP
9617,1.0,LONG_TP,LONG_TP
9618,1.0,LONG_TP,LONG_TP
9619,1.0,LONG_TP,LONG_TP
9620,1.0,LONG_TP,LONG_TP
9621,-1.0,SHORT_TP,SHORT_TP
9622,-1.0,SHORT_TP,SHORT_TP
9623,-1.0,SHORT_TP,SHORT_TP
9624,-1.0,SHORT_TP,SHORT_TP
9625,-1.0,SHORT_TP,SHORT_TP
9626,-1.0,SHORT_TP,SHORT_TP
9627,-1.0,SHORT_TP,SHORT_TP
9628,-1.0,SHORT_TP,SHORT_TP
9629,-1.0,SHORT_TP,SHORT_TP
9630,-1.0,SHORT_TP,SHORT_TP
9631,-1.0,SHORT_TP,SHORT_TP
9632,-1.0,SHORT_TP,SHORT_TP
9633,1.0,LONG_TP,LONG_TP
9634,1.0,LONG_TP,LONG_TP
9635,1.0,LONG_TP,LONG_TP
9636,1.0,LONG_TP,LONG_TP
9637,1.0,LONG_TP,LONG_TP
9638,1.0,LONG_TP,LONG_TP
9639,1.0,LONG_TP,LONG_TP
9640,1.0,LONG_TP,LONG_TP
9641,1.0,LONG_TP,LONG_TP
9642,1.0,LONG_TP,LONG_TP
9643,1.0,LONG_TP,LONG_TP
9644,1.0,LONG_TP,LONG_TP
9645,-1.0,SHORT_TP,SHORT_TP
9646,-1.0,SHORT_TP,SHORT_TP
9647,-1.0,SHORT_TP,SHORT_TP
9648,-1.0,SHORT_TP,SHORT_TP
9649,-1.0,SHORT_TP,SHORT_TP
9650,-1.0,SHORT_TP,SHORT_TP
9651,-1.0,SHORT_TP,SHORT_TP
9652,-1.0,SHORT_TP,SHORT_TP
9653,-1.0,SHORT_TP,SHORT_TP
9654,-1.0,SHORT_TP,SHORT_TP
9655,-1.0,SHORT_TP,SHORT_TP
9656,-1.0,SHORT_TP,SHORT_TP
9657,-1.0,SHORT_TP,SHORT_TP
9658,-1.0,SHORT_TP,SHORT_TP
9659,-1.0,SHORT_TP,SHORT_TP
9660,-1.0,SHORT_TP,SHORT_TP
9661,-1.0,SHORT_TP,SHORT_TP
9662,-1.0,SHORT_TP,SHORT_TP
9663,-1.0,SHORT_TP,SHORT_TP
9664,-1.0,SHORT_TP,SHORT_TP
9665,-1.0,SHORT_TP,SHORT_TP
9666,-1.0,SHORT_TP,SHORT_TP
9667,1.0,LONG_TP,LONG_TP
9668,1.0,LONG_TP,LONG_TP
9669,1.0,LONG_TP,LONG_TP
9670,1.0,LONG_TP,LONG_TP
9671,1.0,LONG_TP,LONG_TP
9672,1.0,LONG_TP,LONG_TP
9673,1.0,LONG_TP,LONG_TP
9674,1.0,LONG_TP,LONG_TP
9675,1.0,LONG_TP,LONG_TP
9676,1.0,LONG_TP,LONG_TP
9677,1.0,LONG_TP,LONG_TP
9678,1.0,LONG_TP,LONG_TP
9679,1.0,LONG_TP,LONG_TP
9680,1.0,LONG_TP,LONG_TP
9681,1.0,LONG_TP,LONG_TP
9682,1.0,LONG_TP,LONG_TP
9683,1.0,LONG_TP,LONG_TP
9684,-1.0,SHORT_TP,SHORT_TP
9685,1.0,LONG_TP,LONG_TP
9686,1.0,LONG_TP,LONG_TP
9687,1.0,LONG_TP,LONG_TP
9688,1.0,LONG_TP,LONG_TP
9689,1.0,LONG_TP,LONG_TP
9690,1.0,LONG_TP,LONG_TP
9691,1.0,LONG_TP,LONG_TP
9692,1.0,LONG_TP,LONG_TP
9693,1.0,LONG_TP,LONG_TP
9694,1.0,LONG_TP,LONG_TP
9695,1.0,LONG_TP,LONG_TP
9696,1.0,LONG_TP,LONG_TP
9697,1.0,LONG_TP,LONG_TP
9698,1.0,LONG_TP,LONG_TP
9699,1.0,LONG_TP,LONG_TP
9700,1.0,LONG_TP,LONG_TP
9701,1.0,LONG_TP,LONG_TP
9702,1.0,LONG_TP,LONG_TP
9703,1.0,LONG_TP,LONG_TP
9704,1.0,LONG_TP,LONG_TP
9705,1.0,LONG_TP,LONG_TP
9706,1.0,LONG_TP,LONG_TP
9707,1.0,LONG_TP,LONG_TP
9708,1.0,LONG_TP,LONG_TP
9709,1.0,LONG_TP,LONG_TP
9710,1.0,LONG_TP,LONG_TP
9711,1.0,LONG_TP,LONG_TP
9712,1.0,LONG_TP,LONG_TP
9713,1.0,LONG_TP,LONG_TP
9714,1.0,LONG_TP,LONG_TP
9715,1.0,LONG_TP,LONG_TP
9716,1.0,LONG_TP,LONG_TP
9717,1.0,LONG_TP,LONG_TP
9718,1.0,LONG_TP,LONG_TP
9719,1.0,LONG_TP,LONG_TP
9720,-1.0,SHORT_TP,SHORT_TP
9721,1.0,LONG_TP,LONG_TP
9722,-1.0,SHORT_TP,SHORT_TP
9723,1.0,LONG_TP,LONG_TP
9724,1.0,LONG_TP,LONG_TP
9725,1.0,LONG_TP,LONG_TP
9726,1.0,LONG_TP,LONG_TP
9727,1.0,LONG_TP,LONG_TP
9728,-1.0,SHORT_TP,SHORT_TP
9729,-1.0,SHORT_TP,SHORT_TP
9730,-1.0,SHORT_TP,SHORT_TP
9731,-1.0,SHORT_TP,SHORT_TP
9732,1.0,LONG_TP,LONG_TP
9733,1.0,LONG_TP,LONG_TP
9734,1.0,LONG_TP,LONG_TP
9735,1.0,LONG_TP,LONG_TP
9736,1.0,LONG_TP,LONG_TP
9737,1.0,LONG_TP,LONG_TP
9738,1.0,LONG_TP,LONG_TP
9739,1.0,LONG_TP,LONG_TP
9740,1.0,LONG_TP,LONG_TP
9741,1.0,LONG_TP,LONG_TP
9742,1.0,LONG_TP,LONG_TP
9743,1.0,LONG_TP,LONG_TP
9744,1.0,LONG_TP,LONG_TP
9745,1.0,LONG_TP,LONG_TP
9746,1.0,LONG_TP,LONG_TP
9747,1.0,LONG_TP,LONG_TP
9748,1.0,LONG_TP,LONG_TP
9749,1.0,LONG_TP,LONG_TP
9750,1.0,LONG_TP,LONG_TP
9751,1.0,LONG_TP,LONG_TP
9752,1.0,LONG_TP,LONG_TP
9753,1.0,LONG_TP,LONG_TP
9754,1.0,LONG_TP,LONG_TP
9755,1.0,LONG_TP,LONG_TP
9756,1.0,LONG_TP,LONG_TP
9757,1.0,LONG_TP,LONG_TP
9758,1.0,LONG_TP,LONG_TP
9759,1.0,LONG_TP,LONG_TP
9760,1.0,LONG_TP,LONG_TP
9761,1.0,LONG_TP,LONG_TP
9762,1.0,LONG_TP,LONG_TP
9763,1.0,LONG_TP,LONG_TP
9764,1.0,LONG_TP,LONG_TP
9765,1.0,LONG_TP,LONG_TP
9766,1.0,LONG_TP,LONG_TP
9767,1.0,LONG_TP,LONG_TP
9768,1.0,LONG_TP,LONG_TP
9769,1.0,LONG_TP,LONG_TP
9770,1.0,LONG_TP,LONG_TP
9771,1.0,LONG_TP,LONG_TP
9772,1.0,LONG_TP,LONG_TP
9773,1.0,LONG_TP,LONG_TP
9774,1.0,LONG_TP,LONG_TP
9775,1.0,LONG_TP,LONG_TP
9776,1.0,LONG_TP,LONG_TP
9777,1.0,LONG_TP,LONG_TP
9778,1.0,LONG_TP,LONG_TP
9779,1.0,LONG_TP,LONG_TP
9780,1.0,LONG_TP,LONG_TP
9781,1.0,LONG_TP,LONG_TP
9782,1.0,LONG_TP,LONG_TP
9783,1.0,LONG_TP,LONG_TP
9784,1.0,LONG_TP,LONG_TP
9785,1.0,LONG_TP,LONG_TP
9786,1.0,LONG_TP,LONG_TP
9787,1.0,LONG_TP,LONG_TP
9788,1.0,LONG_TP,LONG_TP
9789,1.0,LONG_TP,LONG_TP
9790,1.0,LONG_TP,LONG_TP
9791,1.0,LONG_TP,LONG_TP
9792,1.0,LONG_TP,LONG_TP
9793,1.0,LONG_TP,LONG_TP
9794,1.0,LONG_TP,LONG_TP
9795,1.0,LONG_TP,LONG_TP
9796,1.0,LONG_TP,LONG_TP
9797,1.0,LONG_TP,LONG_TP
9798,1.0,LONG_TP,LONG_TP
9799,1.0,LONG_TP,LONG_TP
9800,1.0,LONG_TP,LONG_TP
9801,1.0,LONG_TP,LONG_TP
9802,1.0,LONG_TP,LONG_TP
9803,1.0,LONG_TP,LONG_TP
9804,-1.0,SHORT_TP,SHORT_TP
9805,-1.0,SHORT_TP,SHORT_TP
9806,-1.0,SHORT_TP,SHORT_TP
9807,-1.0,SHORT_TP,SHORT_TP
9808,-1.0,SHORT_TP,SHORT_TP
9809,-1.0,SHORT_TP,SHORT_TP
9810,-1.0,SHORT_TP,SHORT_TP
9811,-1.0,SHORT_TP,SHORT_TP
9812,1.0,LONG_TP,LONG_TP
9813,1.0,LONG_TP,LONG_TP
9814,1.0,LONG_TP,LONG_TP
9815,1.0,LONG_TP,LONG_TP
9816,1.0,LONG_TP,LONG_TP
9817,1.0,LONG_TP,LONG_TP
9818,1.0,LONG_TP,LONG_TP
9819,1.0,LONG_TP,LONG_TP
9820,1.0,LONG_TP,LONG_TP
9821,1.0,LONG_TP,LONG_TP
9822,1.0,LONG_TP,LONG_TP
9823,1.0,LONG_TP,LONG_TP
9824,1.0,LONG_TP,LONG_TP
9825,1.0,LONG_TP,LONG_TP
9826,-1.0,SHORT_TP,SHORT_TP
9827,-1.0,SHORT_TP,SHORT_TP
9828,-1.0,SHORT_TP,SHORT_TP
9829,-1.0,SHORT_TP,SHORT_TP
9830,-1.0,SHORT_TP,SHORT_TP
9831,-1.0,SHORT_TP,SHORT_TP
9832,-1.0,SHORT_TP,SHORT_TP
9833,-1.0,SHORT_TP,SHORT_TP
9834,-1.0,SHORT_TP,SHORT_TP
9835,-1.0,SHORT_TP,SHORT_TP
9836,-1.0,SHORT_TP,SHORT_TP
9837,-1.0,SHORT_TP,SHORT_TP
9838,-1.0,SHORT_TP,SHORT_TP
9839,-1.0,SHORT_TP,SHORT_TP
9840,-1.0,SHORT_TP,SHORT_TP
9841,-1.0,SHORT_TP,SHORT_TP
9842,-1.0,SHORT_TP,SHORT_TP
9843,1.0,LONG_TP,LONG_TP
9844,-1.0,SHORT_TP,SHORT_TP
9845,-1.0,SHORT_TP,SHORT_TP
9846,-1.0,SHORT_TP,SHORT_TP
9847,-1.0,SHORT_TP,SHORT_TP
9848,-1.0,SHORT_TP,SHORT_TP
9849,-1.0,SHORT_TP,SHORT_TP
9850,-1.0,SHORT_TP,SHORT_TP
9851,1.0,LONG_TP,LONG_TP
9852,1.0,LONG_TP,LONG_TP
9853,1.0,LONG_TP,LONG_TP
9854,1.0,LONG_TP,LONG_TP
9855,1.0,LONG_TP,LONG_TP
9856,1.0,LONG_TP,LONG_TP
9857,1.0,LONG_TP,LONG_TP
9858,1.0,LONG_TP,LONG_TP
9859,1.0,LONG_TP,LONG_TP
9860,1.0,LONG_TP,LONG_TP
9861,1.0,LONG_TP,LONG_TP
9862,1.0,LONG_TP,LONG_TP
9863,1.0,LONG_TP,LONG_TP
9864,1.0,LONG_TP,LONG_TP
9865,1.0,LONG_TP,LONG_TP
9866,1.0,LONG_TP,LONG_TP
9867,1.0,LONG_TP,LONG_TP
9868,1.0,LONG_TP,LONG_TP
9869,1.0,LONG_TP,LONG_TP
9870,1.0,LONG_TP,LONG_TP
9871,1.0,LONG_TP,LONG_TP
9872,1.0,LONG_TP,LONG_TP
9873,1.0,LONG_TP,LONG_TP
9874,1.0,LONG_TP,LONG_TP
9875,-1.0,SHORT_TP,SHORT_TP
9876,-1.0,SHORT_TP,SHORT_TP
9877,-1.0,SHORT_TP,SHORT_TP
9878,-1.0,SHORT_TP,SHORT_TP
9879,-1.0,SHORT_TP,SHORT_TP
9880,-1.0,SHORT_TP,SHORT_TP
9881,-1.0,SHORT_TP,SHORT_TP
9882,-1.0,SHORT_TP,SHORT_TP
9883,-1.0,SHORT_TP,SHORT_TP
9884,-1.0,SHORT_TP,SHORT_TP
9885,-1.0,SHORT_TP,SHORT_TP
9886,-1.0,SHORT_TP,SHORT_TP
9887,-1.0,SHORT_TP,SHORT_TP
9888,-1.0,SHORT_TP,SHORT_TP
9889,-1.0,SHORT_TP,SHORT_TP
9890,-1.0,SHORT_TP,SHORT_TP
9891,1.0,LONG_TP,LONG_TP
9892,1.0,LONG_TP,LONG_TP
9893,1.0,LONG_TP,LONG_TP
9894,1.0,LONG_TP,LONG_TP
9895,1.0,LONG_TP,LONG_TP
9896,1.0,LONG_TP,LONG_TP
9897,1.0,LONG_TP,LONG_TP
9898,1.0,LONG_TP,LONG_TP
9899,1.0,LONG_TP,LONG_TP
9900,1.0,LONG_TP,LONG_TP
9901,1.0,LONG_TP,LONG_TP
9902,1.0,LONG_TP,LONG_TP
9903,1.0,LONG_TP,LONG_TP
9904,1.0,LONG_TP,LONG_TP
9905,1.0,LONG_TP,LONG_TP
9906,1.0,LONG_TP,LONG_TP
9907,1.0,LONG_TP,LONG_TP
9908,1.0,LONG_TP,LONG_TP
9909,1.0,LONG_TP,LONG_TP
9910,1.0,LONG_TP,LONG_TP
9911,1.0,LONG_TP,LONG_TP
9912,1.0,LONG_TP,LONG_TP
9913,1.0,LONG_TP,LONG_TP
9914,1.0,LONG_TP,LONG_TP
9915,1.0,LONG_TP,LONG_TP
9916,1.0,LONG_TP,LONG_TP
9917,1.0,LONG_TP,LONG_TP
9918,1.0,LONG_TP,LONG_TP
9919,1.0,LONG_TP,LONG_TP
9920,1.0,LONG_TP,LONG_TP
9921,1.0,LONG_TP,LONG_TP
9922,1.0,LONG_TP,LONG_TP
9923,-1.0,SHORT_TP,SHORT_TP
9924,-1.0,SHORT_TP,SHORT_TP
9925,-1.0,SHORT_TP,SHORT_TP
9926,-1.0,SHORT_TP,SHORT_TP
9927,-1.0,SHORT_TP,SHORT_TP
9928,-1.0,SHORT_TP,SHORT_TP
9929,-1.0,SHORT_TP,SHORT_TP
9930,-1.0,SHORT_TP,SHORT_TP
9931,-1.0,SHORT_TP,SHORT_TP
9932,-1.0,SHORT_TP,SHORT_TP
9933,-1.0,SHORT_TP,SHORT_TP
9934,-1.0,SHORT_TP,SHORT_TP
9935,-1.0,SHORT_TP,SHORT_TP
9936,-1.0,SHORT_TP,SHORT_TP
9937,-1.0,SHORT_TP,SHORT_TP
9938,-1.0,SHORT_TP,SHORT_TP
9939,-1.0,SHORT_TP,SHORT_TP
9940,-1.0,SHORT_TP,SHORT_TP
9941,-1.0,SHORT_TP,SHORT_TP
9942,-1.0,SHORT_TP,SHORT_TP
9943,-1.0,SHORT_TP,SHORT_TP
9944,-1.0,SHORT_TP,SHORT_TP
9945,1.0,LONG_TP,LONG_TP
9946,1.0,LONG_TP,LONG_TP
9947,1.0,LONG_TP,LONG_TP
9948,1.0,LONG_TP,LONG_TP
9949,1.0,LONG_TP,LONG_TP
9950,1.0,LONG_TP,LONG_TP
9951,1.0,LONG_TP,LONG_TP
9952,1.0,LONG_TP,LONG_TP
9953,1.0,LONG_TP,LONG_TP
9954,1.0,LONG_TP,LONG_TP
9955,1.0,LONG_TP,LONG_TP
9956,1.0,LONG_TP,LONG_TP
9957,1.0,LONG_TP,LONG_TP
9958,1.0,LONG_TP,LONG_TP
9959,1.0,LONG_TP,LONG_TP
9960,1.0,LONG_TP,LONG_TP
9961,1.0,LONG_TP,LONG_TP
9962,1.0,LONG_TP,LONG_TP
9963,1.0,LONG_TP,LONG_TP
9964,1.0,LONG_TP,LONG_TP
9965,1.0,LONG_TP,LONG_TP
9966,1.0,LONG_TP,LONG_TP
9967,1.0,LONG_TP,LONG_TP
9968,1.0,LONG_TP,LONG_TP
9969,1.0,LONG_TP,LONG_TP
9970,1.0,LONG_TP,LONG_TP
9971,1.0,LONG_TP,LONG_TP
9972,1.0,LONG_TP,LONG_TP
9973,1.0,LONG_TP,LONG_TP
9974,1.0,LONG_TP,LONG_TP
9975,1.0,LONG_TP,LONG_TP
9976,1.0,LONG_TP,LONG_TP
9977,1.0,LONG_TP,LONG_TP
9978,1.0,LONG_TP,LONG_TP
9979,1.0,LONG_TP,LONG_TP
9980,1.0,LONG_TP,LONG_TP
9981,1.0,LONG_TP,LONG_TP
9982,1.0,LONG_TP,LONG_TP
9983,1.0,LONG_TP,LONG_TP
9984,1.0,LONG_TP,LONG_TP
9985,1.0,LONG_TP,LONG_TP
9986,1.0,LONG_TP,LONG_TP
9987,1.0,LONG_TP,LONG_TP
9988,1.0,LONG_TP,LONG_TP
9989,1.0,LONG_TP,LONG_TP
9990,1.0,LONG_TP,LONG_TP
9991,1.0,LONG_TP,LONG_TP
9992,1.0,LONG_TP,LONG_TP
9993,1.0,LONG_TP,LONG_TP
9994,1.0,LONG_TP,LONG_TP
9995,1.0,LONG_TP,LONG_TP
9996,-1.0,SHORT_TP,SHORT_TP
9997,-1.0,SHORT_TP,SHORT_TP
9998,-1.0,SHORT_TP,SHORT_TP
9999,-1.0,SHORT_TP,SHORT_TP
10000,-1.0,SHORT_TP,SHORT_TP
10001,-1.0,SHORT_TP,SHORT_TP
10002,-1.0,SHORT_TP,SHORT_TP
10003,-1.0,SHORT_TP,SHORT_TP
10004,-1.0,SHORT_TP,SHORT_TP
10005,-1.0,SHORT_TP,SHORT_TP
10006,-1.0,SHORT_TP,SHORT_TP
10007,-1.0,SHORT_TP,SHORT_TP
10008,-1.0,SHORT_TP,SHORT_TP
10009,-1.0,SHORT_TP,SHORT_TP
10010,-1.0,SHORT_TP,SHORT_TP
10011,-1.0,SHORT_TP,SHORT_TP
10012,-1.0,SHORT_TP,SHORT_TP
10013,-1.0,SHORT_TP,SHORT_TP
10014,-1.0,SHORT_TP,SHORT_TP
10015,-1.0,SHORT_TP,SHORT_TP
10016,1.0,LONG_TP,LONG_TP
10017,1.0,LONG_TP,LONG_TP
10018,-1.0,SHORT_TP,SHORT_TP
10019,-1.0,SHORT_TP,SHORT_TP
10020,-1.0,SHORT_TP,SHORT_TP
10021,-1.0,SHORT_TP,SHORT_TP
10022,-1.0,SHORT_TP,SHORT_TP
10023,-1.0,SHORT_TP,SHORT_TP
10024,-1.0,SHORT_TP,SHORT_TP
10025,-1.0,SHORT_TP,SHORT_TP
10026,-1.0,SHORT_TP,SHORT_TP
10027,-1.0,SHORT_TP,SHORT_TP
10028,-1.0,SHORT_TP,SHORT_TP
10029,-1.0,SHORT_TP,SHORT_TP
10030,-1.0,SHORT_TP,SHORT_TP
10031,-1.0,SHORT_TP,SHORT_TP
10032,-1.0,SHORT_TP,SHORT_TP
10033,-1.0,SHORT_TP,SHORT_TP
10034,-1.0,SHORT_TP,SHORT_TP
10035,-1.0,SHORT_TP,SHORT_TP
10036,-1.0,SHORT_TP,SHORT_TP
10037,-1.0,SHORT_TP,SHORT_TP
10038,1.0,LONG_TP,LONG_TP
10039,1.0,LONG_TP,LONG_TP
10040,1.0,LONG_TP,LONG_TP
10041,1.0,LONG_TP,LONG_TP
10042,1.0,LONG_TP,LONG_TP
10043,1.0,LONG_TP,LONG_TP
10044,1.0,LONG_TP,LONG_TP
10045,1.0,LONG_TP,LONG_TP
10046,1.0,LONG_TP,LONG_TP
10047,1.0,LONG_TP,LONG_TP
10048,1.0,LONG_TP,LONG_TP
10049,1.0,LONG_TP,LONG_TP
10050,1.0,LONG_TP,LONG_TP
10051,1.0,LONG_TP,LONG_TP
10052,-1.0,SHORT_TP,SHORT_TP
10053,-1.0,SHORT_TP,SHORT_TP
10054,-1.0,SHORT_TP,SHORT_TP
10055,-1.0,SHORT_TP,SHORT_TP
10056,1.0,LONG_TP,LONG_TP
10057,1.0,LONG_TP,LONG_TP
10058,1.0,LONG_TP,LONG_TP
10059,1.0,LONG_TP,LONG_TP
10060,-1.0,SHORT_TP,SHORT_TP
10061,-1.0,SHORT_TP,SHORT_TP
10062,-1.0,SHORT_TP,SHORT_TP
10063,-1.0,SHORT_TP,SHORT_TP
10064,-1.0,SHORT_TP,SHORT_TP
10065,-1.0,SHORT_TP,SHORT_TP
10066,-1.0,SHORT_TP,SHORT_TP
10067,-1.0,SHORT_TP,SHORT_TP
10068,-1.0,SHORT_TP,SHORT_TP
10069,-1.0,SHORT_TP,SHORT_TP
10070,-1.0,SHORT_TP,SHORT_TP
10071,-1.0,SHORT_TP,SHORT_TP
10072,-1.0,SHORT_TP,SHORT_TP
10073,-1.0,SHORT_TP,SHORT_TP
10074,-1.0,SHORT_TP,SHORT_TP
10075,-1.0,SHORT_TP,SHORT_TP
10076,-1.0,SHORT_TP,SHORT_TP
10077,-1.0,SHORT_TP,SHORT_TP
10078,-1.0,SHORT_TP,SHORT_TP
10079,1.0,LONG_TP,LONG_TP
10080,1.0,LONG_TP,LONG_TP
10081,1.0,LONG_TP,LONG_TP
10082,1.0,LONG_TP,LONG_TP
10083,1.0,LONG_TP,LONG_TP
10084,1.0,LONG_TP,LONG_TP
10085,1.0,LONG_TP,LONG_TP
10086,1.0,LONG_TP,LONG_TP
10087,1.0,LONG_TP,LONG_TP
10088,1.0,LONG_TP,LONG_TP
10089,1.0,LONG_TP,LONG_TP
10090,1.0,LONG_TP,LONG_TP
10091,1.0,LONG_TP,LONG_TP
10092,1.0,LONG_TP,LONG_TP
10093,1.0,LONG_TP,LONG_TP
10094,1.0,LONG_TP,LONG_TP
10095,1.0,LONG_TP,LONG_TP
10096,1.0,LONG_TP,LONG_TP
10097,1.0,LONG_TP,LONG_TP
10098,1.0,LONG_TP,LONG_TP
10099,1.0,LONG_TP,LONG_TP
10100,1.0,LONG_TP,LONG_TP
10101,1.0,LONG_TP,LONG_TP
10102,1.0,LONG_TP,LONG_TP
10103,1.0,LONG_TP,LONG_TP
10104,1.0,LONG_TP,LONG_TP
10105,1.0,LONG_TP,LONG_TP
10106,1.0,LONG_TP,LONG_TP
10107,1.0,LONG_TP,LONG_TP
10108,1.0,LONG_TP,LONG_TP
10109,1.0,LONG_TP,LONG_TP
10110,1.0,LONG_TP,LONG_TP
10111,1.0,LONG_TP,LONG_TP
10112,1.0,LONG_TP,LONG_TP
10113,1.0,LONG_TP,LONG_TP
10114,1.0,LONG_TP,LONG_TP
10115,1.0,LONG_TP,LONG_TP
10116,1.0,LONG_TP,LONG_TP
10117,1.0,LONG_TP,LONG_TP
10118,1.0,LONG_TP,LONG_TP
10119,1.0,LONG_TP,LONG_TP
10120,1.0,LONG_TP,LONG_TP
10121,1.0,LONG_TP,LONG_TP
10122,1.0,LONG_TP,LONG_TP
10123,1.0,LONG_TP,LONG_TP
10124,1.0,LONG_TP,LONG_TP
10125,1.0,LONG_TP,LONG_TP
10126,-1.0,SHORT_TP,SHORT_TP
10127,-1.0,SHORT_TP,SHORT_TP
10128,-1.0,SHORT_TP,SHORT_TP
10129,-1.0,SHORT_TP,SHORT_TP
10130,-1.0,SHORT_TP,SHORT_TP
10131,-1.0,SHORT_TP,SHORT_TP
10132,-1.0,SHORT_TP,SHORT_TP
10133,-1.0,SHORT_TP,SHORT_TP
10134,1.0,LONG_TP,LONG_TP
10135,1.0,LONG_TP,LONG_TP
10136,1.0,LONG_TP,LONG_TP
10137,1.0,LONG_TP,LONG_TP
10138,1.0,LONG_TP,LONG_TP
10139,1.0,LONG_TP,LONG_TP
10140,1.0,LONG_TP,LONG_TP
10141,1.0,LONG_TP,LONG_TP
10142,-1.0,SHORT_TP,SHORT_TP
10143,-1.0,SHORT_TP,SHORT_TP
10144,-1.0,SHORT_TP,SHORT_TP
10145,-1.0,SHORT_TP,SHORT_TP
10146,-1.0,SHORT_TP,SHORT_TP
10147,-1.0,SHORT_TP,SHORT_TP
10148,-1.0,SHORT_TP,SHORT_TP
10149,-1.0,SHORT_TP,SHORT_TP
10150,-1.0,SHORT_TP,SHORT_TP
10151,-1.0,SHORT_TP,SHORT_TP
10152,-1.0,SHORT_TP,SHORT_TP
10153,-1.0,SHORT_TP,SHORT_TP
10154,1.0,LONG_TP,LONG_TP
10155,1.0,LONG_TP,LONG_TP
10156,1.0,LONG_TP,LONG_TP
10157,1.0,LONG_TP,LONG_TP
10158,1.0,LONG_TP,LONG_TP
10159,1.0,LONG_TP,LONG_TP
10160,1.0,LONG_TP,LONG_TP
10161,1.0,LONG_TP,LONG_TP
10162,1.0,LONG_TP,LONG_TP
10163,1.0,LONG_TP,LONG_TP
10164,1.0,LONG_TP,LONG_TP
10165,1.0,LONG_TP,LONG_TP
10166,1.0,LONG_TP,LONG_TP
10167,1.0,LONG_TP,LONG_TP
10168,1.0,LONG_TP,LONG_TP
10169,1.0,LONG_TP,LONG_TP
10170,1.0,LONG_TP,LONG_TP
10171,1.0,LONG_TP,LONG_TP
10172,1.0,LONG_TP,LONG_TP
10173,1.0,LONG_TP,LONG_TP
10174,1.0,LONG_TP,LONG_TP
10175,1.0,LONG_TP,LONG_TP
10176,1.0,LONG_TP,LONG_TP
10177,1.0,LONG_TP,LONG_TP
10178,1.0,LONG_TP,LONG_TP
10179,1.0,LONG_TP,LONG_TP
10180,1.0,LONG_TP,LONG_TP
10181,1.0,LONG_TP,LONG_TP
10182,1.0,LONG_TP,LONG_TP
10183,1.0,LONG_TP,LONG_TP
10184,-1.0,SHORT_TP,SHORT_TP
10185,-1.0,SHORT_TP,SHORT_TP
10186,1.0,LONG_TP,LONG_TP
10187,1.0,LONG_TP,LONG_TP
10188,1.0,LONG_TP,LONG_TP
10189,1.0,LONG_TP,LONG_TP
10190,1.0,LONG_TP,LONG_TP
10191,1.0,LONG_TP,LONG_TP
10192,1.0,LONG_TP,LONG_TP
10193,-1.0,SHORT_TP,SHORT_TP
10194,1.0,LONG_TP,LONG_TP
10195,1.0,LONG_TP,LONG_TP
10196,1.0,LONG_TP,LONG_TP
10197,1.0,LONG_TP,LONG_TP
10198,1.0,LONG_TP,LONG_TP
10199,1.0,LONG_TP,LONG_TP
10200,1.0,LONG_TP,LONG_TP
10201,1.0,LONG_TP,LONG_TP
10202,1.0,LONG_TP,LONG_TP
10203,1.0,LONG_TP,LONG_TP
10204,1.0,LONG_TP,LONG_TP
10205,-1.0,SHORT_TP,SHORT_TP
10206,-1.0,SHORT_TP,SHORT_TP
10207,-1.0,SHORT_TP,SHORT_TP
10208,-1.0,SHORT_TP,SHORT_TP
10209,-1.0,SHORT_TP,SHORT_TP
10210,-1.0,SHORT_TP,SHORT_TP
10211,-1.0,SHORT_TP,SHORT_TP
10212,-1.0,SHORT_TP,SHORT_TP
10213,-1.0,SHORT_TP,SHORT_TP
10214,-1.0,SHORT_TP,SHORT_TP
10215,-1.0,SHORT_TP,SHORT_TP
10216,-1.0,SHORT_TP,SHORT_TP
10217,-1.0,SHORT_TP,SHORT_TP
10218,-1.0,SHORT_TP,SHORT_TP
10219,-1.0,SHORT_TP,SHORT_TP
10220,-1.0,SHORT_TP,SHORT_TP
10221,-1.0,SHORT_TP,SHORT_TP
10222,-1.0,SHORT_TP,SHORT_TP
10223,-1.0,SHORT_TP,SHORT_TP
10224,-1.0,SHORT_TP,SHORT_TP
10225,-1.0,SHORT_TP,SHORT_TP
10226,-1.0,SHORT_TP,SHORT_TP
10227,-1.0,SHORT_TP,SHORT_TP
10228,-1.0,SHORT_TP,SHORT_TP
10229,1.0,LONG_TP,LONG_TP
10230,1.0,LONG_TP,LONG_TP
10231,1.0,LONG_TP,LONG_TP
10232,1.0,LONG_TP,LONG_TP
10233,1.0,LONG_TP,LONG_TP
10234,1.0,LONG_TP,LONG_TP
10235,1.0,LONG_TP,LONG_TP
10236,1.0,LONG_TP,LONG_TP
10237,-1.0,SHORT_TP,SHORT_TP
10238,-1.0,SHORT_TP,SHORT_TP
10239,-1.0,SHORT_TP,SHORT_TP
10240,-1.0,SHORT_TP,SHORT_TP
10241,-1.0,SHORT_TP,SHORT_TP
10242,-1.0,SHORT_TP,SHORT_TP
10243,-1.0,SHORT_TP,SHORT_TP
10244,-1.0,SHORT_TP,SHORT_TP
10245,1.0,LONG_TP,LONG_TP
10246,1.0,LONG_TP,LONG_TP
10247,1.0,LONG_TP,LONG_TP
10248,1.0,LONG_TP,LONG_TP
10249,1.0,LONG_TP,LONG_TP
10250,1.0,LONG_TP,LONG_TP
10251,1.0,LONG_TP,LONG_TP
10252,1.0,LONG_TP,LONG_TP
10253,1.0,LONG_TP,LONG_TP
10254,1.0,LONG_TP,LONG_TP
10255,1.0,LONG_TP,LONG_TP
10256,1.0,LONG_TP,LONG_TP
10257,1.0,LONG_TP,LONG_TP
10258,1.0,LONG_TP,LONG_TP
10259,1.0,LONG_TP,LONG_TP
10260,1.0,LONG_TP,LONG_TP
10261,1.0,LONG_TP,LONG_TP
10262,1.0,LONG_TP,LONG_TP
10263,1.0,LONG_TP,LONG_TP
10264,1.0,LONG_TP,LONG_TP
10265,1.0,LONG_TP,LONG_TP
10266,1.0,LONG_TP,LONG_TP
10267,1.0,LONG_TP,LONG_TP
10268,1.0,LONG_TP,LONG_TP
10269,1.0,LONG_TP,LONG_TP
10270,1.0,LONG_TP,LONG_TP
10271,1.0,LONG_TP,LONG_TP
10272,1.0,LONG_TP,LONG_TP
10273,1.0,LONG_TP,LONG_TP
10274,1.0,LONG_TP,LONG_TP
10275,1.0,LONG_TP,LONG_TP
10276,1.0,LONG_TP,LONG_TP
10277,1.0,LONG_TP,LONG_TP
10278,1.0,LONG_TP,LONG_TP
10279,1.0,LONG_TP,LONG_TP
10280,1.0,LONG_TP,LONG_TP
10281,1.0,LONG_TP,LONG_TP
10282,1.0,LONG_TP,LONG_TP
10283,1.0,LONG_TP,LONG_TP
10284,1.0,LONG_TP,LONG_TP
10285,1.0,LONG_TP,LONG_TP
10286,1.0,LONG_TP,LONG_TP
10287,1.0,LONG_TP,LONG_TP
10288,1.0,LONG_TP,LONG_TP
10289,1.0,LONG_TP,LONG_TP
10290,1.0,LONG_TP,LONG_TP
10291,1.0,LONG_TP,LONG_TP
10292,1.0,LONG_TP,LONG_TP
10293,-1.0,SHORT_TP,SHORT_TP
10294,-1.0,SHORT_TP,SHORT_TP
10295,-1.0,SHORT_TP,SHORT_TP
10296,-1.0,SHORT_TP,SHORT_TP
10297,-1.0,SHORT_TP,SHORT_TP
10298,-1.0,SHORT_TP,SHORT_TP
10299,-1.0,SHORT_TP,SHORT_TP
10300,-1.0,SHORT_TP,SHORT_TP
10301,-1.0,SHORT_TP,SHORT_TP
10302,-1.0,SHORT_TP,SHORT_TP
10303,-1.0,SHORT_TP,SHORT_TP
10304,-1.0,SHORT_TP,SHORT_TP
10305,-1.0,SHORT_TP,SHORT_TP
10306,-1.0,SHORT_TP,SHORT_TP
10307,-1.0,SHORT_TP,SHORT_TP
10308,1.0,LONG_TP,LONG_TP
10309,1.0,LONG_TP,LONG_TP
10310,-1.0,SHORT_TP,SHORT_TP
10311,-1.0,SHORT_TP,SHORT_TP
10312,-1.0,SHORT_TP,SHORT_TP
10313,-1.0,SHORT_TP,SHORT_TP
10314,-1.0,SHORT_TP,SHORT_TP
10315,-1.0,SHORT_TP,SHORT_TP
10316,-1.0,SHORT_TP,SHORT_TP
10317,-1.0,SHORT_TP,SHORT_TP
10318,-1.0,SHORT_TP,SHORT_TP
10319,-1.0,SHORT_TP,SHORT_TP
10320,1.0,LONG_TP,LONG_TP
10321,1.0,LONG_TP,LONG_TP
10322,1.0,LONG_TP,LONG_TP
10323,1.0,LONG_TP,LONG_TP
10324,1.0,LONG_TP,LONG_TP
10325,1.0,LONG_TP,LONG_TP
10326,1.0,LONG_TP,LONG_TP
10327,1.0,LONG_TP,LONG_TP
10328,1.0,LONG_TP,LONG_TP
10329,1.0,LONG_TP,LONG_TP
10330,1.0,LONG_TP,LONG_TP
10331,1.0,LONG_TP,LONG_TP
10332,1.0,LONG_TP,LONG_TP
10333,1.0,LONG_TP,LONG_TP
10334,1.0,LONG_TP,LONG_TP
10335,-1.0,SHORT_TP,SHORT_TP
10336,-1.0,SHORT_TP,SHORT_TP
10337,-1.0,SHORT_TP,SHORT_TP
10338,-1.0,SHORT_TP,SHORT_TP
10339,-1.0,SHORT_TP,SHORT_TP
10340,-1.0,SHORT_TP,SHORT_TP
10341,-1.0,SHORT_TP,SHORT_TP
10342,-1.0,SHORT_TP,SHORT_TP
10343,-1.0,SHORT_TP,SHORT_TP
10344,-1.0,SHORT_TP,SHORT_TP
10345,-1.0,SHORT_TP,SHORT_TP
10346,-1.0,SHORT_TP,SHORT_TP
10347,-1.0,SHORT_TP,SHORT_TP
10348,-1.0,SHORT_TP,SHORT_TP
10349,-1.0,SHORT_TP,SHORT_TP
10350,-1.0,SHORT_TP,SHORT_TP
10351,-1.0,SHORT_TP,SHORT_TP
10352,-1.0,SHORT_TP,SHORT_TP
10353,-1.0,SHORT_TP,SHORT_TP
10354,-1.0,SHORT_TP,SHORT_TP
10355,-1.0,SHORT_TP,SHORT_TP
10356,-1.0,SHORT_TP,SHORT_TP
10357,-1.0,SHORT_TP,SHORT_TP
10358,-1.0,SHORT_TP,SHORT_TP
10359,-1.0,SHORT_TP,SHORT_TP
10360,1.0,LONG_TP,LONG_TP
10361,-1.0,SHORT_TP,SHORT_TP
10362,-1.0,SHORT_TP,SHORT_TP
10363,-1.0,SHORT_TP,SHORT_TP
10364,1.0,LONG_TP,LONG_TP
10365,1.0,LONG_TP,LONG_TP
10366,1.0,LONG_TP,LONG_TP
10367,1.0,LONG_TP,LONG_TP
10368,1.0,LONG_TP,LONG_TP
10369,1.0,LONG_TP,LONG_TP
10370,1.0,LONG_TP,LONG_TP
10371,1.0,LONG_TP,LONG_TP
10372,1.0,LONG_TP,LONG_TP
10373,1.0,LONG_TP,LONG_TP
10374,1.0,LONG_TP,LONG_TP
10375,1.0,LONG_TP,LONG_TP
10376,1.0,LONG_TP,LONG_TP
10377,1.0,LONG_TP,LONG_TP
10378,1.0,LONG_TP,LONG_TP
10379,1.0,LONG_TP,LONG_TP
10380,-1.0,SHORT_TP,SHORT_TP
10381,1.0,LONG_TP,LONG_TP
10382,1.0,LONG_TP,LONG_TP
10383,1.0,LONG_TP,LONG_TP
10384,1.0,LONG_TP,LONG_TP
10385,1.0,LONG_TP,LONG_TP
10386,1.0,LONG_TP,LONG_TP
10387,1.0,LONG_TP,LONG_TP
10388,1.0,LONG_TP,LONG_TP
10389,1.0,LONG_TP,LONG_TP
10390,1.0,LONG_TP,LONG_TP
10391,1.0,LONG_TP,LONG_TP
10392,1.0,LONG_TP,LONG_TP
10393,1.0,LONG_TP,LONG_TP
10394,1.0,LONG_TP,LONG_TP
10395,1.0,LONG_TP,LONG_TP
10396,1.0,LONG_TP,LONG_TP
10397,1.0,LONG_TP,LONG_TP
10398,1.0,LONG_TP,LONG_TP
10399,1.0,LONG_TP,LONG_TP
10400,1.0,LONG_TP,LONG_TP
10401,1.0,LONG_TP,LONG_TP
10402,1.0,LONG_TP,LONG_TP
10403,1.0,LONG_TP,LONG_TP
10404,1.0,LONG_TP,LONG_TP
10405,1.0,LONG_TP,LONG_TP
10406,1.0,LONG_TP,LONG_TP
10407,1.0,LONG_TP,LONG_TP
10408,1.0,LONG_TP,LONG_TP
10409,1.0,LONG_TP,LONG_TP
10410,-1.0,SHORT_TP,SHORT_TP
10411,-1.0,SHORT_TP,SHORT_TP
10412,1.0,LONG_TP,LONG_TP
10413,1.0,LONG_TP,LONG_TP
10414,1.0,LONG_TP,LONG_TP
10415,1.0,LONG_TP,LONG_TP
10416,1.0,LONG_TP,LONG_TP
10417,1.0,LONG_TP,LONG_TP
10418,1.0,LONG_TP,LONG_TP
10419,1.0,LONG_TP,LONG_TP
10420,1.0,LONG_TP,LONG_TP
10421,1.0,LONG_TP,LONG_TP
10422,1.0,LONG_TP,LONG_TP
10423,-1.0,SHORT_TP,SHORT_TP
10424,-1.0,SHORT_TP,SHORT_TP
10425,-1.0,SHORT_TP,SHORT_TP
10426,-1.0,SHORT_TP,SHORT_TP
10427,-1.0,SHORT_TP,SHORT_TP
10428,-1.0,SHORT_TP,SHORT_TP
10429,-1.0,SHORT_TP,SHORT_TP
10430,-1.0,SHORT_TP,SHORT_TP
10431,-1.0,SHORT_TP,SHORT_TP
10432,-1.0,SHORT_TP,SHORT_TP
10433,-1.0,SHORT_TP,SHORT_TP
10434,-1.0,SHORT_TP,SHORT_TP
10435,-1.0,SHORT_TP,SHORT_TP
10436,-1.0,SHORT_TP,SHORT_TP
10437,-1.0,SHORT_TP,SHORT_TP
10438,-1.0,SHORT_TP,SHORT_TP
10439,-1.0,SHORT_TP,SHORT_TP
10440,-1.0,SHORT_TP,SHORT_TP
10441,-1.0,SHORT_TP,SHORT_TP
10442,-1.0,SHORT_TP,SHORT_TP
10443,-1.0,SHORT_TP,SHORT_TP
10444,-1.0,SHORT_TP,SHORT_TP
10445,-1.0,SHORT_TP,SHORT_TP
10446,-1.0,SHORT_TP,SHORT_TP
10447,-1.0,SHORT_TP,SHORT_TP
10448,-1.0,SHORT_TP,SHORT_TP
10449,-1.0,SHORT_TP,SHORT_TP
10450,-1.0,SHORT_TP,SHORT_TP
10451,-1.0,SHORT_TP,SHORT_TP
10452,-1.0,SHORT_TP,SHORT_TP
10453,-1.0,SHORT_TP,SHORT_TP
10454,-1.0,SHORT_TP,SHORT_TP
10455,-1.0,SHORT_TP,SHORT_TP
10456,-1.0,SHORT_TP,SHORT_TP
10457,-1.0,SHORT_TP,SHORT_TP
10458,-1.0,SHORT_TP,SHORT_TP
10459,-1.0,SHORT_TP,SHORT_TP
10460,-1.0,SHORT_TP,SHORT_TP
10461,-1.0,SHORT_TP,SHORT_TP
10462,-1.0,SHORT_TP,SHORT_TP
10463,-1.0,SHORT_TP,SHORT_TP
10464,-1.0,SHORT_TP,SHORT_TP
10465,-1.0,SHORT_TP,SHORT_TP
10466,-1.0,SHORT_TP,SHORT_TP
10467,-1.0,SHORT_TP,SHORT_TP
10468,-1.0,SHORT_TP,SHORT_TP
10469,-1.0,SHORT_TP,SHORT_TP
10470,-1.0,SHORT_TP,SHORT_TP
10471,-1.0,SHORT_TP,SHORT_TP
10472,-1.0,SHORT_TP,SHORT_TP
10473,-1.0,SHORT_TP,SHORT_TP
10474,-1.0,SHORT_TP,SHORT_TP
10475,-1.0,SHORT_TP,SHORT_TP
10476,-1.0,SHORT_TP,SHORT_TP
10477,-1.0,SHORT_TP,SHORT_TP
10478,-1.0,SHORT_TP,SHORT_TP
10479,-1.0,SHORT_TP,SHORT_TP
10480,-1.0,SHORT_TP,SHORT_TP
10481,-1.0,SHORT_TP,SHORT_TP
10482,-1.0,SHORT_TP,SHORT_TP
10483,1.0,LONG_TP,LONG_TP
10484,1.0,LONG_TP,LONG_TP
10485,1.0,LONG_TP,LONG_TP
10486,1.0,LONG_TP,LONG_TP
10487,1.0,LONG_TP,LONG_TP
10488,1.0,LONG_TP,LONG_TP
10489,1.0,LONG_TP,LONG_TP
10490,1.0,LONG_TP,LONG_TP
10491,1.0,LONG_TP,LONG_TP
10492,1.0,LONG_TP,LONG_TP
10493,1.0,LONG_TP,LONG_TP
10494,1.0,LONG_TP,LONG_TP
10495,1.0,LONG_TP,LONG_TP
10496,1.0,LONG_TP,LONG_TP
10497,1.0,LONG_TP,LONG_TP
10498,1.0,LONG_TP,LONG_TP
10499,1.0,LONG_TP,LONG_TP
10500,1.0,LONG_TP,LONG_TP
10501,1.0,LONG_TP,LONG_TP
10502,1.0,LONG_TP,LONG_TP
10503,1.0,LONG_TP,LONG_TP
10504,1.0,LONG_TP,LONG_TP
10505,1.0,LONG_TP,LONG_TP
10506,1.0,LONG_TP,LONG_TP
10507,1.0,LONG_TP,LONG_TP
10508,1.0,LONG_TP,LONG_TP
10509,1.0,LONG_TP,LONG_TP
10510,1.0,LONG_TP,LONG_TP
10511,1.0,LONG_TP,LONG_TP
10512,1.0,LONG_TP,LONG_TP
10513,1.0,LONG_TP,LONG_TP
10514,1.0,LONG_TP,LONG_TP
10515,1.0,LONG_TP,LONG_TP
10516,1.0,LONG_TP,LONG_TP
10517,1.0,LONG_TP,LONG_TP
10518,1.0,LONG_TP,LONG_TP
10519,1.0,LONG_TP,LONG_TP
10520,1.0,LONG_TP,LONG_TP
10521,1.0,LONG_TP,LONG_TP
10522,1.0,LONG_TP,LONG_TP
10523,1.0,LONG_TP,LONG_TP
10524,1.0,LONG_TP,LONG_TP
10525,1.0,LONG_TP,LONG_TP
10526,1.0,LONG_TP,LONG_TP
10527,1.0,LONG_TP,LONG_TP
10528,1.0,LONG_TP,LONG_TP
10529,1.0,LONG_TP,LONG_TP
10530,1.0,LONG_TP,LONG_TP
10531,1.0,LONG_TP,LONG_TP
10532,1.0,LONG_TP,LONG_TP
10533,1.0,LONG_TP,LONG_TP
10534,1.0,LONG_TP,LONG_TP
10535,1.0,LONG_TP,LONG_TP
10536,1.0,LONG_TP,LONG_TP
10537,1.0,LONG_TP,LONG_TP
10538,1.0,LONG_TP,LONG_TP
10539,1.0,LONG_TP,LONG_TP
10540,1.0,LONG_TP,LONG_TP
10541,1.0,LONG_TP,LONG_TP
10542,1.0,LONG_TP,LONG_TP
10543,1.0,LONG_TP,LONG_TP
10544,1.0,LONG_TP,LONG_TP
10545,1.0,LONG_TP,LONG_TP
10546,1.0,LONG_TP,LONG_TP
10547,-1.0,SHORT_TP,SHORT_TP
10548,-1.0,SHORT_TP,SHORT_TP
10549,-1.0,SHORT_TP,SHORT_TP
10550,-1.0,SHORT_TP,SHORT_TP
10551,-1.0,SHORT_TP,SHORT_TP
10552,-1.0,SHORT_TP,SHORT_TP
10553,-1.0,SHORT_TP,SHORT_TP
10554,-1.0,SHORT_TP,SHORT_TP
10555,-1.0,SHORT_TP,SHORT_TP
10556,-1.0,SHORT_TP,SHORT_TP
10557,-1.0,SHORT_TP,SHORT_TP
10558,-1.0,SHORT_TP,SHORT_TP
10559,-1.0,SHORT_TP,SHORT_TP
10560,-1.0,SHORT_TP,SHORT_TP
10561,-1.0,SHORT_TP,SHORT_TP
10562,-1.0,SHORT_TP,SHORT_TP
10563,-1.0,SHORT_TP,SHORT_TP
10564,-1.0,SHORT_TP,SHORT_TP
10565,-1.0,SHORT_TP,SHORT_TP
10566,-1.0,SHORT_TP,SHORT_TP
10567,1.0,LONG_TP,LONG_TP
10568,1.0,LONG_TP,LONG_TP
10569,1.0,LONG_TP,LONG_TP
10570,-1.0,SHORT_TP,SHORT_TP
10571,1.0,LONG_TP,LONG_TP
10572,1.0,LONG_TP,LONG_TP
10573,-1.0,SHORT_TP,SHORT_TP
10574,-1.0,SHORT_TP,SHORT_TP
10575,-1.0,SHORT_TP,SHORT_TP
10576,-1.0,SHORT_TP,SHORT_TP
10577,-1.0,SHORT_TP,SHORT_TP
10578,1.0,LONG_TP,LONG_TP
10579,1.0,LONG_TP,LONG_TP
10580,1.0,LONG_TP,LONG_TP
10581,1.0,LONG_TP,LONG_TP
10582,1.0,LONG_TP,LONG_TP
10583,1.0,LONG_TP,LONG_TP
10584,1.0,LONG_TP,LONG_TP
10585,1.0,LONG_TP,LONG_TP
10586,1.0,LONG_TP,LONG_TP
10587,1.0,LONG_TP,LONG_TP
10588,1.0,LONG_TP,LONG_TP
10589,1.0,LONG_TP,LONG_TP
10590,-1.0,SHORT_TP,SHORT_TP
10591,-1.0,SHORT_TP,SHORT_TP
10592,-1.0,SHORT_TP,SHORT_TP
10593,-1.0,SHORT_TP,SHORT_TP
10594,-1.0,SHORT_TP,SHORT_TP
10595,-1.0,SHORT_TP,SHORT_TP
10596,-1.0,SHORT_TP,SHORT_TP
10597,-1.0,SHORT_TP,SHORT_TP
10598,-1.0,SHORT_TP,SHORT_TP
10599,-1.0,SHORT_TP,SHORT_TP
10600,1.0,LONG_TP,LONG_TP
10601,1.0,LONG_TP,LONG_TP
10602,-1.0,SHORT_TP,SHORT_TP
10603,1.0,LONG_TP,LONG_TP
10604,1.0,LONG_TP,LONG_TP
10605,1.0,LONG_TP,LONG_TP
10606,1.0,LONG_TP,LONG_TP
10607,1.0,LONG_TP,LONG_TP
10608,1.0,LONG_TP,LONG_TP
10609,1.0,LONG_TP,LONG_TP
10610,1.0,LONG_TP,LONG_TP
10611,1.0,LONG_TP,LONG_TP
10612,1.0,LONG_TP,LONG_TP
10613,1.0,LONG_TP,LONG_TP
10614,1.0,LONG_TP,LONG_TP
10615,1.0,LONG_TP,LONG_TP
10616,1.0,LONG_TP,LONG_TP
10617,1.0,LONG_TP,LONG_TP
10618,1.0,LONG_TP,LONG_TP
10619,1.0,LONG_TP,LONG_TP
10620,1.0,LONG_TP,LONG_TP
10621,1.0,LONG_TP,LONG_TP
10622,1.0,LONG_TP,LONG_TP
10623,1.0,LONG_TP,LONG_TP
10624,1.0,LONG_TP,LONG_TP
10625,1.0,LONG_TP,LONG_TP
10626,1.0,LONG_TP,LONG_TP
10627,1.0,LONG_TP,LONG_TP
10628,1.0,LONG_TP,LONG_TP
10629,1.0,LONG_TP,LONG_TP
10630,1.0,LONG_TP,LONG_TP
10631,1.0,LONG_TP,LONG_TP
10632,1.0,LONG_TP,LONG_TP
10633,1.0,LONG_TP,LONG_TP
10634,1.0,LONG_TP,LONG_TP
10635,1.0,LONG_TP,LONG_TP
10636,1.0,LONG_TP,LONG_TP
10637,1.0,LONG_TP,LONG_TP
10638,1.0,LONG_TP,LONG_TP
10639,1.0,LONG_TP,LONG_TP
10640,1.0,LONG_TP,LONG_TP
10641,-1.0,SHORT_TP,SHORT_TP
10642,-1.0,SHORT_TP,SHORT_TP
10643,-1.0,SHORT_TP,SHORT_TP
10644,-1.0,SHORT_TP,SHORT_TP
10645,-1.0,SHORT_TP,SHORT_TP
10646,-1.0,SHORT_TP,SHORT_TP
10647,-1.0,SHORT_TP,SHORT_TP
10648,-1.0,SHORT_TP,SHORT_TP
10649,-1.0,SHORT_TP,SHORT_TP
10650,-1.0,SHORT_TP,SHORT_TP
10651,-1.0,SHORT_TP,SHORT_TP
10652,-1.0,SHORT_TP,SHORT_TP
10653,-1.0,SHORT_TP,SHORT_TP
10654,-1.0,SHORT_TP,SHORT_TP
10655,-1.0,SHORT_TP,SHORT_TP
10656,-1.0,SHORT_TP,SHORT_TP
10657,-1.0,SHORT_TP,SHORT_TP
10658,-1.0,SHORT_TP,SHORT_TP
10659,1.0,LONG_TP,LONG_TP
10660,1.0,LONG_TP,LONG_TP
10661,1.0,LONG_TP,LONG_TP
10662,1.0,LONG_TP,LONG_TP
10663,1.0,LONG_TP,LONG_TP
10664,1.0,LONG_TP,LONG_TP
10665,1.0,LONG_TP,LONG_TP
10666,1.0,LONG_TP,LONG_TP
10667,1.0,LONG_TP,LONG_TP
10668,1.0,LONG_TP,LONG_TP
10669,1.0,LONG_TP,LONG_TP
10670,1.0,LONG_TP,LONG_TP
10671,1.0,LONG_TP,LONG_TP
10672,1.0,LONG_TP,LONG_TP
10673,1.0,LONG_TP,LONG_TP
10674,1.0,LONG_TP,LONG_TP
10675,1.0,LONG_TP,LONG_TP
10676,1.0,LONG_TP,LONG_TP
10677,1.0,LONG_TP,LONG_TP
10678,1.0,LONG_TP,LONG_TP
10679,1.0,LONG_TP,LONG_TP
10680,1.0,LONG_TP,LONG_TP
10681,1.0,LONG_TP,LONG_TP
10682,-1.0,SHORT_TP,SHORT_TP
10683,-1.0,SHORT_TP,SHORT_TP
10684,-1.0,SHORT_TP,SHORT_TP
10685,-1.0,SHORT_TP,SHORT_TP
10686,-1.0,SHORT_TP,SHORT_TP
10687,-1.0,SHORT_TP,SHORT_TP
10688,-1.0,SHORT_TP,SHORT_TP
10689,-1.0,SHORT_TP,SHORT_TP
10690,-1.0,SHORT_TP,SHORT_TP
10691,-1.0,SHORT_TP,SHORT_TP
10692,1.0,LONG_TP,LONG_TP
10693,1.0,LONG_TP,LONG_TP
10694,1.0,LONG_TP,LONG_TP
10695,1.0,LONG_TP,LONG_TP
10696,1.0,LONG_TP,LONG_TP
10697,1.0,LONG_TP,LONG_TP
10698,1.0,LONG_TP,LONG_TP
10699,1.0,LONG_TP,LONG_TP
10700,1.0,LONG_TP,LONG_TP
10701,1.0,LONG_TP,LONG_TP
10702,1.0,LONG_TP,LONG_TP
10703,1.0,LONG_TP,LONG_TP
10704,1.0,LONG_TP,LONG_TP
10705,1.0,LONG_TP,LONG_TP
10706,-1.0,SHORT_TP,SHORT_TP
10707,-1.0,SHORT_TP,SHORT_TP
10708,-1.0,SHORT_TP,SHORT_TP
10709,-1.0,SHORT_TP,SHORT_TP
10710,-1.0,SHORT_TP,SHORT_TP
10711,-1.0,SHORT_TP,SHORT_TP
10712,-1.0,SHORT_TP,SHORT_TP
10713,-1.0,SHORT_TP,SHORT_TP
10714,-1.0,SHORT_TP,SHORT_TP
10715,-1.0,SHORT_TP,SHORT_TP
10716,-1.0,SHORT_TP,SHORT_TP
10717,-1.0,SHORT_TP,SHORT_TP
10718,-1.0,SHORT_TP,SHORT_TP
10719,-1.0,SHORT_TP,SHORT_TP
10720,-1.0,SHORT_TP,SHORT_TP
10721,-1.0,SHORT_TP,SHORT_TP
10722,-1.0,SHORT_TP,SHORT_TP
10723,-1.0,SHORT_TP,SHORT_TP
10724,-1.0,SHORT_TP,SHORT_TP
10725,-1.0,SHORT_TP,SHORT_TP
10726,-1.0,SHORT_TP,SHORT_TP
10727,-1.0,SHORT_TP,SHORT_TP
10728,-1.0,SHORT_TP,SHORT_TP
10729,1.0,LONG_TP,LONG_TP
10730,1.0,LONG_TP,LONG_TP
10731,1.0,LONG_TP,LONG_TP
10732,1.0,LONG_TP,LONG_TP
10733,-1.0,SHORT_TP,SHORT_TP
10734,1.0,LONG_TP,LONG_TP
10735,1.0,LONG_TP,LONG_TP
10736,1.0,LONG_TP,LONG_TP
10737,1.0,LONG_TP,LONG_TP
10738,1.0,LONG_TP,LONG_TP
10739,1.0,LONG_TP,LONG_TP
10740,1.0,LONG_TP,LONG_TP
10741,1.0,LONG_TP,LONG_TP
10742,1.0,LONG_TP,LONG_TP
10743,1.0,LONG_TP,LONG_TP
10744,1.0,LONG_TP,LONG_TP
10745,1.0,LONG_TP,LONG_TP
10746,1.0,LONG_TP,LONG_TP
10747,1.0,LONG_TP,LONG_TP
10748,1.0,LONG_TP,LONG_TP
10749,1.0,LONG_TP,LONG_TP
10750,1.0,LONG_TP,LONG_TP
10751,1.0,LONG_TP,LONG_TP
10752,1.0,LONG_TP,LONG_TP
10753,1.0,LONG_TP,LONG_TP
10754,-1.0,SHORT_TP,SHORT_TP
10755,-1.0,SHORT_TP,SHORT_TP
10756,1.0,LONG_TP,LONG_TP
10757,1.0,LONG_TP,LONG_TP
10758,1.0,LONG_TP,LONG_TP
10759,1.0,LONG_TP,LONG_TP
10760,1.0,LONG_TP,LONG_TP
10761,1.0,LONG_TP,LONG_TP
10762,1.0,LONG_TP,LONG_TP
10763,1.0,LONG_TP,LONG_TP
10764,1.0,LONG_TP,LONG_TP
10765,1.0,LONG_TP,LONG_TP
10766,1.0,LONG_TP,LONG_TP
10767,1.0,LONG_TP,LONG_TP
10768,1.0,LONG_TP,LONG_TP
10769,1.0,LONG_TP,LONG_TP
10770,1.0,LONG_TP,LONG_TP
10771,1.0,LONG_TP,LONG_TP
10772,1.0,LONG_TP,LONG_TP
10773,1.0,LONG_TP,LONG_TP
10774,1.0,LONG_TP,LONG_TP
10775,1.0,LONG_TP,LONG_TP
10776,1.0,LONG_TP,LONG_TP
10777,1.0,LONG_TP,LONG_TP
10778,-1.0,SHORT_TP,SHORT_TP
10779,-1.0,SHORT_TP,SHORT_TP
10780,-1.0,SHORT_TP,SHORT_TP
10781,-1.0,SHORT_TP,SHORT_TP
10782,-1.0,SHORT_TP,SHORT_TP
10783,-1.0,SHORT_TP,SHORT_TP
10784,-1.0,SHORT_TP,SHORT_TP
10785,-1.0,SHORT_TP,SHORT_TP
10786,1.0,LONG_TP,LONG_TP
10787,-1.0,SHORT_TP,SHORT_TP
10788,-1.0,SHORT_TP,SHORT_TP
10789,-1.0,SHORT_TP,SHORT_TP
10790,-1.0,SHORT_TP,SHORT_TP
10791,-1.0,SHORT_TP,SHORT_TP
10792,-1.0,SHORT_TP,SHORT_TP
10793,-1.0,SHORT_TP,SHORT_TP
10794,-1.0,SHORT_TP,SHORT_TP
10795,-1.0,SHORT_TP,SHORT_TP
10796,-1.0,SHORT_TP,SHORT_TP
10797,-1.0,SHORT_TP,SHORT_TP
10798,-1.0,SHORT_TP,SHORT_TP
10799,-1.0,SHORT_TP,SHORT_TP
10800,-1.0,SHORT_TP,SHORT_TP
10801,-1.0,SHORT_TP,SHORT_TP
10802,-1.0,SHORT_TP,SHORT_TP
10803,-1.0,SHORT_TP,SHORT_TP
10804,-1.0,SHORT_TP,SHORT_TP
10805,-1.0,SHORT_TP,SHORT_TP
10806,-1.0,SHORT_TP,SHORT_TP
10807,-1.0,SHORT_TP,SHORT_TP
10808,1.0,LONG_TP,LONG_TP
10809,1.0,LONG_TP,LONG_TP
10810,1.0,LONG_TP,LONG_TP
10811,1.0,LONG_TP,LONG_TP
10812,1.0,LONG_TP,LONG_TP
10813,1.0,LONG_TP,LONG_TP
10814,1.0,LONG_TP,LONG_TP
10815,1.0,LONG_TP,LONG_TP
10816,1.0,LONG_TP,LONG_TP
10817,1.0,LONG_TP,LONG_TP
10818,1.0,LONG_TP,LONG_TP
10819,1.0,LONG_TP,LONG_TP
10820,1.0,LONG_TP,LONG_TP
10821,1.0,LONG_TP,LONG_TP
10822,1.0,LONG_TP,LONG_TP
10823,1.0,LONG_TP,LONG_TP
10824,1.0,LONG_TP,LONG_TP
10825,-1.0,SHORT_TP,SHORT_TP
10826,-1.0,SHORT_TP,SHORT_TP
10827,-1.0,SHORT_TP,SHORT_TP
10828,-1.0,SHORT_TP,SHORT_TP
10829,-1.0,SHORT_TP,SHORT_TP
10830,-1.0,SHORT_TP,SHORT_TP
10831,-1.0,SHORT_TP,SHORT_TP
10832,-1.0,SHORT_TP,SHORT_TP
10833,-1.0,SHORT_TP,SHORT_TP
10834,-1.0,SHORT_TP,SHORT_TP
10835,-1.0,SHORT_TP,SHORT_TP
10836,-1.0,SHORT_TP,SHORT_TP
10837,-1.0,SHORT_TP,SHORT_TP
10838,-1.0,SHORT_TP,SHORT_TP
10839,-1.0,SHORT_TP,SHORT_TP
10840,-1.0,SHORT_TP,SHORT_TP
10841,-1.0,SHORT_TP,SHORT_TP
10842,-1.0,SHORT_TP,SHORT_TP
10843,-1.0,SHORT_TP,SHORT_TP
10844,-1.0,SHORT_TP,SHORT_TP
10845,-1.0,SHORT_TP,SHORT_TP
10846,-1.0,SHORT_TP,SHORT_TP
10847,-1.0,SHORT_TP,SHORT_TP
10848,-1.0,SHORT_TP,SHORT_TP
10849,-1.0,SHORT_TP,SHORT_TP
10850,1.0,LONG_TP,LONG_TP
10851,1.0,LONG_TP,LONG_TP
10852,-1.0,SHORT_TP,SHORT_TP
10853,-1.0,SHORT_TP,SHORT_TP
10854,-1.0,SHORT_TP,SHORT_TP
10855,-1.0,SHORT_TP,SHORT_TP
10856,-1.0,SHORT_TP,SHORT_TP
10857,-1.0,SHORT_TP,SHORT_TP
10858,1.0,LONG_TP,LONG_TP
10859,1.0,LONG_TP,LONG_TP
10860,1.0,LONG_TP,LONG_TP
10861,-1.0,SHORT_TP,SHORT_TP
10862,-1.0,SHORT_TP,SHORT_TP
10863,-1.0,SHORT_TP,SHORT_TP
10864,-1.0,SHORT_TP,SHORT_TP
10865,-1.0,SHORT_TP,SHORT_TP
10866,-1.0,SHORT_TP,SHORT_TP
10867,-1.0,SHORT_TP,SHORT_TP
10868,-1.0,SHORT_TP,SHORT_TP
10869,1.0,LONG_TP,LONG_TP
10870,1.0,LONG_TP,LONG_TP
10871,1.0,LONG_TP,LONG_TP
10872,1.0,LONG_TP,LONG_TP
10873,1.0,LONG_TP,LONG_TP
10874,1.0,LONG_TP,LONG_TP
10875,1.0,LONG_TP,LONG_TP
10876,1.0,LONG_TP,LONG_TP
10877,1.0,LONG_TP,LONG_TP
10878,1.0,LONG_TP,LONG_TP
10879,1.0,LONG_TP,LONG_TP
10880,1.0,LONG_TP,LONG_TP
10881,1.0,LONG_TP,LONG_TP
10882,1.0,LONG_TP,LONG_TP
10883,1.0,LONG_TP,LONG_TP
10884,1.0,LONG_TP,LONG_TP
10885,1.0,LONG_TP,LONG_TP
10886,1.0,LONG_TP,LONG_TP
10887,1.0,LONG_TP,LONG_TP
10888,1.0,LONG_TP,LONG_TP
10889,1.0,LONG_TP,LONG_TP
10890,1.0,LONG_TP,LONG_TP
10891,1.0,LONG_TP,LONG_TP
10892,1.0,LONG_TP,LONG_TP
10893,1.0,LONG_TP,LONG_TP
10894,1.0,LONG_TP,LONG_TP
10895,1.0,LONG_TP,LONG_TP
10896,1.0,LONG_TP,LONG_TP
10897,1.0,LONG_TP,LONG_TP
10898,1.0,LONG_TP,LONG_TP
10899,1.0,LONG_TP,LONG_TP
10900,1.0,LONG_TP,LONG_TP
10901,1.0,LONG_TP,LONG_TP
10902,1.0,LONG_TP,LONG_TP
10903,1.0,LONG_TP,LONG_TP
10904,1.0,LONG_TP,LONG_TP
10905,1.0,LONG_TP,LONG_TP
10906,1.0,LONG_TP,LONG_TP
10907,1.0,LONG_TP,LONG_TP
10908,1.0,LONG_TP,LONG_TP
10909,1.0,LONG_TP,LONG_TP
10910,1.0,LONG_TP,LONG_TP
10911,1.0,LONG_TP,LONG_TP
10912,1.0,LONG_TP,LONG_TP
10913,1.0,LONG_TP,LONG_TP
10914,1.0,LONG_TP,LONG_TP
10915,1.0,LONG_TP,LONG_TP
10916,1.0,LONG_TP,LONG_TP
10917,1.0,LONG_TP,LONG_TP
10918,1.0,LONG_TP,LONG_TP
10919,1.0,LONG_TP,LONG_TP
10920,1.0,LONG_TP,LONG_TP
10921,1.0,LONG_TP,LONG_TP
10922,1.0,LONG_TP,LONG_TP
10923,1.0,LONG_TP,LONG_TP
10924,1.0,LONG_TP,LONG_TP
10925,1.0,LONG_TP,LONG_TP
10926,1.0,LONG_TP,LONG_TP
10927,1.0,LONG_TP,LONG_TP
10928,1.0,LONG_TP,LONG_TP
10929,1.0,LONG_TP,LONG_TP
10930,1.0,LONG_TP,LONG_TP
10931,1.0,LONG_TP,LONG_TP
10932,1.0,LONG_TP,LONG_TP
10933,1.0,LONG_TP,LONG_TP
10934,1.0,LONG_TP,LONG_TP
10935,1.0,LONG_TP,LONG_TP
10936,1.0,LONG_TP,LONG_TP
10937,1.0,LONG_TP,LONG_TP
10938,1.0,LONG_TP,LONG_TP
10939,1.0,LONG_TP,LONG_TP
10940,1.0,LONG_TP,LONG_TP
10941,-1.0,SHORT_TP,SHORT_TP
10942,-1.0,SHORT_TP,SHORT_TP
10943,-1.0,SHORT_TP,SHORT_TP
10944,-1.0,SHORT_TP,SHORT_TP
10945,-1.0,SHORT_TP,SHORT_TP
10946,-1.0,SHORT_TP,SHORT_TP
10947,-1.0,SHORT_TP,SHORT_TP
10948,-1.0,SHORT_TP,SHORT_TP
10949,-1.0,SHORT_TP,SHORT_TP
10950,-1.0,SHORT_TP,SHORT_TP
10951,-1.0,SHORT_TP,SHORT_TP
10952,-1.0,SHORT_TP,SHORT_TP
10953,-1.0,SHORT_TP,SHORT_TP
10954,-1.0,SHORT_TP,SHORT_TP
10955,-1.0,SHORT_TP,SHORT_TP
10956,-1.0,SHORT_TP,SHORT_TP
10957,-1.0,SHORT_TP,SHORT_TP
10958,-1.0,SHORT_TP,SHORT_TP
10959,-1.0,SHORT_TP,SHORT_TP
10960,-1.0,SHORT_TP,SHORT_TP
10961,-1.0,SHORT_TP,SHORT_TP
10962,-1.0,SHORT_TP,SHORT_TP
10963,-1.0,SHORT_TP,SHORT_TP
10964,-1.0,SHORT_TP,SHORT_TP
10965,-1.0,SHORT_TP,SHORT_TP
10966,-1.0,SHORT_TP,SHORT_TP
10967,-1.0,SHORT_TP,SHORT_TP
10968,1.0,LONG_TP,LONG_TP
10969,1.0,LONG_TP,LONG_TP
10970,1.0,LONG_TP,LONG_TP
10971,1.0,LONG_TP,LONG_TP
10972,1.0,LONG_TP,LONG_TP
10973,1.0,LONG_TP,LONG_TP
10974,1.0,LONG_TP,LONG_TP
10975,1.0,LONG_TP,LONG_TP
10976,1.0,LONG_TP,LONG_TP
10977,1.0,LONG_TP,LONG_TP
10978,1.0,LONG_TP,LONG_TP
10979,1.0,LONG_TP,LONG_TP
10980,1.0,LONG_TP,LONG_TP
10981,1.0,LONG_TP,LONG_TP
10982,1.0,LONG_TP,LONG_TP
10983,1.0,LONG_TP,LONG_TP
10984,-1.0,SHORT_TP,SHORT_TP
10985,-1.0,SHORT_TP,SHORT_TP
10986,-1.0,SHORT_TP,SHORT_TP
10987,-1.0,SHORT_TP,SHORT_TP
10988,-1.0,SHORT_TP,SHORT_TP
10989,-1.0,SHORT_TP,SHORT_TP
10990,1.0,LONG_TP,LONG_TP
10991,1.0,LONG_TP,LONG_TP
10992,-1.0,SHORT_TP,SHORT_TP
10993,-1.0,SHORT_TP,SHORT_TP
10994,-1.0,SHORT_TP,SHORT_TP
10995,-1.0,SHORT_TP,SHORT_TP
10996,-1.0,SHORT_TP,SHORT_TP
10997,-1.0,SHORT_TP,SHORT_TP
10998,-1.0,SHORT_TP,SHORT_TP
10999,-1.0,SHORT_TP,SHORT_TP
11000,-1.0,SHORT_TP,SHORT_TP
11001,-1.0,SHORT_TP,SHORT_TP
11002,-1.0,SHORT_TP,SHORT_TP
11003,1.0,LONG_TP,LONG_TP
11004,1.0,LONG_TP,LONG_TP
11005,1.0,LONG_TP,LONG_TP
11006,1.0,LONG_TP,LONG_TP
11007,1.0,LONG_TP,LONG_TP
11008,1.0,LONG_TP,LONG_TP
11009,1.0,LONG_TP,LONG_TP
11010,1.0,LONG_TP,LONG_TP
11011,1.0,LONG_TP,LONG_TP
11012,1.0,LONG_TP,LONG_TP
11013,1.0,LONG_TP,LONG_TP
11014,1.0,LONG_TP,LONG_TP
11015,1.0,LONG_TP,LONG_TP
11016,1.0,LONG_TP,LONG_TP
11017,1.0,LONG_TP,LONG_TP
11018,1.0,LONG_TP,LONG_TP
11019,1.0,LONG_TP,LONG_TP
11020,1.0,LONG_TP,LONG_TP
11021,1.0,LONG_TP,LONG_TP
11022,1.0,LONG_TP,LONG_TP
11023,1.0,LONG_TP,LONG_TP
11024,1.0,LONG_TP,LONG_TP
11025,1.0,LONG_TP,LONG_TP
11026,1.0,LONG_TP,LONG_TP
11027,1.0,LONG_TP,LONG_TP
11028,-1.0,SHORT_TP,SHORT_TP
11029,-1.0,SHORT_TP,SHORT_TP
11030,-1.0,SHORT_TP,SHORT_TP
11031,1.0,LONG_TP,LONG_TP
11032,1.0,LONG_TP,LONG_TP
11033,-1.0,SHORT_TP,SHORT_TP
11034,-1.0,SHORT_TP,SHORT_TP
11035,-1.0,SHORT_TP,SHORT_TP
11036,-1.0,SHORT_TP,SHORT_TP
11037,-1.0,SHORT_TP,SHORT_TP
11038,-1.0,SHORT_TP,SHORT_TP
11039,-1.0,SHORT_TP,SHORT_TP
11040,-1.0,SHORT_TP,SHORT_TP
11041,-1.0,SHORT_TP,SHORT_TP
11042,-1.0,SHORT_TP,SHORT_TP
11043,-1.0,SHORT_TP,SHORT_TP
11044,-1.0,SHORT_TP,SHORT_TP
11045,-1.0,SHORT_TP,SHORT_TP
11046,-1.0,SHORT_TP,SHORT_TP
11047,1.0,LONG_TP,LONG_TP
11048,1.0,LONG_TP,LONG_TP
11049,1.0,LONG_TP,LONG_TP
11050,1.0,LONG_TP,LONG_TP
11051,1.0,LONG_TP,LONG_TP
11052,1.0,LONG_TP,LONG_TP
11053,1.0,LONG_TP,LONG_TP
11054,1.0,LONG_TP,LONG_TP
11055,1.0,LONG_TP,LONG_TP
11056,1.0,LONG_TP,LONG_TP
11057,1.0,LONG_TP,LONG_TP
11058,1.0,LONG_TP,LONG_TP
11059,1.0,LONG_TP,LONG_TP
11060,1.0,LONG_TP,LONG_TP
11061,1.0,LONG_TP,LONG_TP
11062,1.0,LONG_TP,LONG_TP
11063,1.0,LONG_TP,LONG_TP
11064,-1.0,SHORT_TP,SHORT_TP
11065,-1.0,SHORT_TP,SHORT_TP
11066,-1.0,SHORT_TP,SHORT_TP
11067,-1.0,SHORT_TP,SHORT_TP
11068,-1.0,SHORT_TP,SHORT_TP
11069,-1.0,SHORT_TP,SHORT_TP
11070,-1.0,SHORT_TP,SHORT_TP
11071,-1.0,SHORT_TP,SHORT_TP
11072,-1.0,SHORT_TP,SHORT_TP
11073,-1.0,SHORT_TP,SHORT_TP
11074,-1.0,SHORT_TP,SHORT_TP
11075,-1.0,SHORT_TP,SHORT_TP
11076,-1.0,SHORT_TP,SHORT_TP
11077,-1.0,SHORT_TP,SHORT_TP
11078,-1.0,SHORT_TP,SHORT_TP
11079,-1.0,SHORT_TP,SHORT_TP
11080,-1.0,SHORT_TP,SHORT_TP
11081,-1.0,SHORT_TP,SHORT_TP
11082,-1.0,SHORT_TP,SHORT_TP
11083,-1.0,SHORT_TP,SHORT_TP
11084,1.0,LONG_TP,LONG_TP
11085,1.0,LONG_TP,LONG_TP
11086,-1.0,SHORT_TP,SHORT_TP
11087,-1.0,SHORT_TP,SHORT_TP
11088,-1.0,SHORT_TP,SHORT_TP
11089,-1.0,SHORT_TP,SHORT_TP
11090,-1.0,SHORT_TP,SHORT_TP
11091,-1.0,SHORT_TP,SHORT_TP
11092,-1.0,SHORT_TP,SHORT_TP
11093,-1.0,SHORT_TP,SHORT_TP
11094,-1.0,SHORT_TP,SHORT_TP
11095,-1.0,SHORT_TP,SHORT_TP
11096,-1.0,SHORT_TP,SHORT_TP
11097,-1.0,SHORT_TP,SHORT_TP
11098,-1.0,SHORT_TP,SHORT_TP
11099,-1.0,SHORT_TP,SHORT_TP
11100,-1.0,SHORT_TP,SHORT_TP
11101,-1.0,SHORT_TP,SHORT_TP
11102,-1.0,SHORT_TP,SHORT_TP
11103,-1.0,SHORT_TP,SHORT_TP
11104,-1.0,SHORT_TP,SHORT_TP
11105,1.0,LONG_TP,LONG_TP
11106,-1.0,SHORT_TP,SHORT_TP
11107,-1.0,SHORT_TP,SHORT_TP
11108,-1.0,SHORT_TP,SHORT_TP
11109,-1.0,SHORT_TP,SHORT_TP
11110,-1.0,SHORT_TP,SHORT_TP
11111,-1.0,SHORT_TP,SHORT_TP
11112,-1.0,SHORT_TP,SHORT_TP
11113,-1.0,SHORT_TP,SHORT_TP
11114,-1.0,SHORT_TP,SHORT_TP
11115,1.0,LONG_TP,LONG_TP
11116,1.0,LONG_TP,LONG_TP
11117,1.0,LONG_TP,LONG_TP
11118,1.0,LONG_TP,LONG_TP
11119,1.0,LONG_TP,LONG_TP
11120,1.0,LONG_TP,LONG_TP
11121,1.0,LONG_TP,LONG_TP
11122,1.0,LONG_TP,LONG_TP
11123,1.0,LONG_TP,LONG_TP
11124,1.0,LONG_TP,LONG_TP
11125,1.0,LONG_TP,LONG_TP
11126,1.0,LONG_TP,LONG_TP
11127,1.0,LONG_TP,LONG_TP
11128,1.0,LONG_TP,LONG_TP
11129,1.0,LONG_TP,LONG_TP
11130,1.0,LONG_TP,LONG_TP
11131,1.0,LONG_TP,LONG_TP
11132,1.0,LONG_TP,LONG_TP
11133,1.0,LONG_TP,LONG_TP
11134,1.0,LONG_TP,LONG_TP
11135,1.0,LONG_TP,LONG_TP
11136,1.0,LONG_TP,LONG_TP
11137,1.0,LONG_TP,LONG_TP
11138,1.0,LONG_TP,LONG_TP
11139,1.0,LONG_TP,LONG_TP
11140,1.0,LONG_TP,LONG_TP
11141,1.0,LONG_TP,LONG_TP
11142,1.0,LONG_TP,LONG_TP
11143,1.0,LONG_TP,LONG_TP
11144,1.0,LONG_TP,LONG_TP
11145,1.0,LONG_TP,LONG_TP
11146,1.0,LONG_TP,LONG_TP
11147,1.0,LONG_TP,LONG_TP
11148,1.0,LONG_TP,LONG_TP
11149,1.0,LONG_TP,LONG_TP
11150,1.0,LONG_TP,LONG_TP
11151,1.0,LONG_TP,LONG_TP
11152,1.0,LONG_TP,LONG_TP
11153,1.0,LONG_TP,LONG_TP
11154,1.0,LONG_TP,LONG_TP
11155,1.0,LONG_TP,LONG_TP
11156,1.0,LONG_TP,LONG_TP
11157,1.0,LONG_TP,LONG_TP
11158,1.0,LONG_TP,LONG_TP
11159,1.0,LONG_TP,LONG_TP
11160,1.0,LONG_TP,LONG_TP
11161,1.0,LONG_TP,LONG_TP
11162,1.0,LONG_TP,LONG_TP
11163,1.0,LONG_TP,LONG_TP
11164,1.0,LONG_TP,LONG_TP
11165,1.0,LONG_TP,LONG_TP
11166,-1.0,SHORT_TP,SHORT_TP
11167,-1.0,SHORT_TP,SHORT_TP
11168,-1.0,SHORT_TP,SHORT_TP
11169,-1.0,SHORT_TP,SHORT_TP
11170,-1.0,SHORT_TP,SHORT_TP
11171,-1.0,SHORT_TP,SHORT_TP
11172,-1.0,SHORT_TP,SHORT_TP
11173,-1.0,SHORT_TP,SHORT_TP
11174,-1.0,SHORT_TP,SHORT_TP
11175,-1.0,SHORT_TP,SHORT_TP
11176,-1.0,SHORT_TP,SHORT_TP
11177,-1.0,SHORT_TP,SHORT_TP
11178,-1.0,SHORT_TP,SHORT_TP
11179,-1.0,SHORT_TP,SHORT_TP
11180,-1.0,SHORT_TP,SHORT_TP
11181,-1.0,SHORT_TP,SHORT_TP
11182,-1.0,SHORT_TP,SHORT_TP
11183,-1.0,SHORT_TP,SHORT_TP
11184,-1.0,SHORT_TP,SHORT_TP
11185,-1.0,SHORT_TP,SHORT_TP
11186,-1.0,SHORT_TP,SHORT_TP
11187,-1.0,SHORT_TP,SHORT_TP
11188,-1.0,SHORT_TP,SHORT_TP
11189,-1.0,SHORT_TP,SHORT_TP
11190,-1.0,SHORT_TP,SHORT_TP
11191,-1.0,SHORT_TP,SHORT_TP
11192,-1.0,SHORT_TP,SHORT_TP
11193,-1.0,SHORT_TP,SHORT_TP
11194,-1.0,SHORT_TP,SHORT_TP
11195,-1.0,SHORT_TP,SHORT_TP
11196,-1.0,SHORT_TP,SHORT_TP
11197,-1.0,SHORT_TP,SHORT_TP
11198,-1.0,SHORT_TP,SHORT_TP
11199,-1.0,SHORT_TP,SHORT_TP
11200,-1.0,SHORT_TP,SHORT_TP
11201,-1.0,SHORT_TP,SHORT_TP
11202,-1.0,SHORT_TP,SHORT_TP
11203,-1.0,SHORT_TP,SHORT_TP
11204,-1.0,SHORT_TP,SHORT_TP
11205,1.0,LONG_TP,LONG_TP
11206,1.0,LONG_TP,LONG_TP
11207,1.0,LONG_TP,LONG_TP
11208,1.0,LONG_TP,LONG_TP
11209,1.0,LONG_TP,LONG_TP
11210,1.0,LONG_TP,LONG_TP
11211,1.0,LONG_TP,LONG_TP
11212,1.0,LONG_TP,LONG_TP
11213,1.0,LONG_TP,LONG_TP
11214,1.0,LONG_TP,LONG_TP
11215,1.0,LONG_TP,LONG_TP
11216,1.0,LONG_TP,LONG_TP
11217,1.0,LONG_TP,LONG_TP
11218,1.0,LONG_TP,LONG_TP
11219,1.0,LONG_TP,LONG_TP
11220,1.0,LONG_TP,LONG_TP
11221,1.0,LONG_TP,LONG_TP
11222,1.0,LONG_TP,LONG_TP
11223,1.0,LONG_TP,LONG_TP
11224,-1.0,SHORT_TP,SHORT_TP
11225,-1.0,SHORT_TP,SHORT_TP
11226,-1.0,SHORT_TP,SHORT_TP
11227,-1.0,SHORT_TP,SHORT_TP
11228,-1.0,SHORT_TP,SHORT_TP
11229,-1.0,SHORT_TP,SHORT_TP
11230,-1.0,SHORT_TP,SHORT_TP
11231,-1.0,SHORT_TP,SHORT_TP
11232,-1.0,SHORT_TP,SHORT_TP
11233,-1.0,SHORT_TP,SHORT_TP
11234,-1.0,SHORT_TP,SHORT_TP
11235,-1.0,SHORT_TP,SHORT_TP
11236,-1.0,SHORT_TP,SHORT_TP
11237,-1.0,SHORT_TP,SHORT_TP
11238,-1.0,SHORT_TP,SHORT_TP
11239,-1.0,SHORT_TP,SHORT_TP
11240,-1.0,SHORT_TP,SHORT_TP
11241,-1.0,SHORT_TP,SHORT_TP
11242,-1.0,SHORT_TP,SHORT_TP
11243,-1.0,SHORT_TP,SHORT_TP
11244,-1.0,SHORT_TP,SHORT_TP
11245,-1.0,SHORT_TP,SHORT_TP
11246,-1.0,SHORT_TP,SHORT_TP
11247,-1.0,SHORT_TP,SHORT_TP
11248,-1.0,SHORT_TP,SHORT_TP
11249,-1.0,SHORT_TP,SHORT_TP
11250,-1.0,SHORT_TP,SHORT_TP
11251,-1.0,SHORT_TP,SHORT_TP
11252,-1.0,SHORT_TP,SHORT_TP
11253,-1.0,SHORT_TP,SHORT_TP
11254,-1.0,SHORT_TP,SHORT_TP
11255,-1.0,SHORT_TP,SHORT_TP
11256,-1.0,SHORT_TP,SHORT_TP
11257,-1.0,SHORT_TP,SHORT_TP
11258,-1.0,SHORT_TP,SHORT_TP
11259,-1.0,SHORT_TP,SHORT_TP
11260,-1.0,SHORT_TP,SHORT_TP
11261,-1.0,SHORT_TP,SHORT_TP
11262,-1.0,SHORT_TP,SHORT_TP
11263,-1.0,SHORT_TP,SHORT_TP
11264,-1.0,SHORT_TP,SHORT_TP
11265,-1.0,SHORT_TP,SHORT_TP
11266,-1.0,SHORT_TP,SHORT_TP
11267,-1.0,SHORT_TP,SHORT_TP
11268,-1.0,SHORT_TP,SHORT_TP
11269,-1.0,SHORT_TP,SHORT_TP
11270,-1.0,SHORT_TP,SHORT_TP
11271,-1.0,SHORT_TP,SHORT_TP
11272,-1.0,SHORT_TP,SHORT_TP
11273,-1.0,SHORT_TP,SHORT_TP
11274,-1.0,SHORT_TP,SHORT_TP
11275,-1.0,SHORT_TP,SHORT_TP
11276,-1.0,SHORT_TP,SHORT_TP
11277,1.0,LONG_TP,LONG_TP
11278,1.0,LONG_TP,LONG_TP
11279,1.0,LONG_TP,LONG_TP
11280,1.0,LONG_TP,LONG_TP
11281,1.0,LONG_TP,LONG_TP
11282,1.0,LONG_TP,LONG_TP
11283,1.0,LONG_TP,LONG_TP
11284,1.0,LONG_TP,LONG_TP
11285,1.0,LONG_TP,LONG_TP
11286,1.0,LONG_TP,LONG_TP
11287,-1.0,SHORT_TP,SHORT_TP
11288,-1.0,SHORT_TP,SHORT_TP
11289,-1.0,SHORT_TP,SHORT_TP
11290,-1.0,SHORT_TP,SHORT_TP
11291,-1.0,SHORT_TP,SHORT_TP
11292,-1.0,SHORT_TP,SHORT_TP
11293,-1.0,SHORT_TP,SHORT_TP
11294,-1.0,SHORT_TP,SHORT_TP
11295,-1.0,SHORT_TP,SHORT_TP
11296,-1.0,SHORT_TP,SHORT_TP
11297,-1.0,SHORT_TP,SHORT_TP
11298,-1.0,SHORT_TP,SHORT_TP
11299,-1.0,SHORT_TP,SHORT_TP
11300,-1.0,SHORT_TP,SHORT_TP
11301,-1.0,SHORT_TP,SHORT_TP
11302,-1.0,SHORT_TP,SHORT_TP
11303,-1.0,SHORT_TP,SHORT_TP
11304,-1.0,SHORT_TP,SHORT_TP
11305,-1.0,SHORT_TP,SHORT_TP
11306,-1.0,SHORT_TP,SHORT_TP
11307,-1.0,SHORT_TP,SHORT_TP
11308,-1.0,SHORT_TP,SHORT_TP
11309,1.0,LONG_TP,LONG_TP
11310,1.0,LONG_TP,LONG_TP
11311,1.0,LONG_TP,LONG_TP
11312,-1.0,SHORT_TP,SHORT_TP
11313,-1.0,SHORT_TP,SHORT_TP
11314,-1.0,SHORT_TP,SHORT_TP
11315,-1.0,SHORT_TP,SHORT_TP
11316,-1.0,SHORT_TP,SHORT_TP
11317,-1.0,SHORT_TP,SHORT_TP
11318,-1.0,SHORT_TP,SHORT_TP
11319,-1.0,SHORT_TP,SHORT_TP
11320,-1.0,SHORT_TP,SHORT_TP
11321,-1.0,SHORT_TP,SHORT_TP
11322,-1.0,SHORT_TP,SHORT_TP
11323,-1.0,SHORT_TP,SHORT_TP
11324,1.0,LONG_TP,LONG_TP
11325,-1.0,SHORT_TP,SHORT_TP
11326,-1.0,SHORT_TP,SHORT_TP
11327,-1.0,SHORT_TP,SHORT_TP
11328,-1.0,SHORT_TP,SHORT_TP
11329,1.0,LONG_TP,LONG_TP
11330,1.0,LONG_TP,LONG_TP
11331,1.0,LONG_TP,LONG_TP
11332,1.0,LONG_TP,LONG_TP
11333,1.0,LONG_TP,LONG_TP
11334,1.0,LONG_TP,LONG_TP
11335,1.0,LONG_TP,LONG_TP
11336,1.0,LONG_TP,LONG_TP
11337,1.0,LONG_TP,LONG_TP
11338,1.0,LONG_TP,LONG_TP
11339,1.0,LONG_TP,LONG_TP
11340,1.0,LONG_TP,LONG_TP
11341,1.0,LONG_TP,LONG_TP
11342,1.0,LONG_TP,LONG_TP
11343,1.0,LONG_TP,LONG_TP
11344,-1.0,SHORT_TP,SHORT_TP
11345,-1.0,SHORT_TP,SHORT_TP
11346,-1.0,SHORT_TP,SHORT_TP
11347,-1.0,SHORT_TP,SHORT_TP
11348,-1.0,SHORT_TP,SHORT_TP
11349,-1.0,SHORT_TP,SHORT_TP
11350,-1.0,SHORT_TP,SHORT_TP
11351,-1.0,SHORT_TP,SHORT_TP
11352,-1.0,SHORT_TP,SHORT_TP
11353,-1.0,SHORT_TP,SHORT_TP
11354,-1.0,SHORT_TP,SHORT_TP
11355,-1.0,SHORT_TP,SHORT_TP
11356,-1.0,SHORT_TP,SHORT_TP
11357,-1.0,SHORT_TP,SHORT_TP
11358,-1.0,SHORT_TP,SHORT_TP
11359,-1.0,SHORT_TP,SHORT_TP
11360,-1.0,SHORT_TP,SHORT_TP
11361,-1.0,SHORT_TP,SHORT_TP
11362,-1.0,SHORT_TP,SHORT_TP
11363,-1.0,SHORT_TP,SHORT_TP
11364,-1.0,SHORT_TP,SHORT_TP
11365,-1.0,SHORT_TP,SHORT_TP
11366,-1.0,SHORT_TP,SHORT_TP
11367,-1.0,SHORT_TP,SHORT_TP
11368,-1.0,SHORT_TP,SHORT_TP
11369,-1.0,SHORT_TP,SHORT_TP
11370,-1.0,SHORT_TP,SHORT_TP
11371,-1.0,SHORT_TP,SHORT_TP
11372,-1.0,SHORT_TP,SHORT_TP
11373,-1.0,SHORT_TP,SHORT_TP
11374,-1.0,SHORT_TP,SHORT_TP
11375,-1.0,SHORT_TP,SHORT_TP
11376,-1.0,SHORT_TP,SHORT_TP
11377,-1.0,SHORT_TP,SHORT_TP
11378,-1.0,SHORT_TP,SHORT_TP
11379,-1.0,SHORT_TP,SHORT_TP
11380,-1.0,SHORT_TP,SHORT_TP
11381,-1.0,SHORT_TP,SHORT_TP
11382,-1.0,SHORT_TP,SHORT_TP
11383,-1.0,SHORT_TP,SHORT_TP
11384,-1.0,SHORT_TP,SHORT_TP
11385,1.0,LONG_TP,LONG_TP
11386,-1.0,SHORT_TP,SHORT_TP
11387,-1.0,SHORT_TP,SHORT_TP
11388,-1.0,SHORT_TP,SHORT_TP
11389,-1.0,SHORT_TP,SHORT_TP
11390,-1.0,SHORT_TP,SHORT_TP
11391,-1.0,SHORT_TP,SHORT_TP
11392,-1.0,SHORT_TP,SHORT_TP
11393,-1.0,SHORT_TP,SHORT_TP
11394,-1.0,SHORT_TP,SHORT_TP
11395,1.0,LONG_TP,LONG_TP
11396,-1.0,SHORT_TP,SHORT_TP
11397,-1.0,SHORT_TP,SHORT_TP
11398,-1.0,SHORT_TP,SHORT_TP
11399,1.0,LONG_TP,LONG_TP
11400,1.0,LONG_TP,LONG_TP
11401,1.0,LONG_TP,LONG_TP
11402,1.0,LONG_TP,LONG_TP
11403,1.0,LONG_TP,LONG_TP
11404,1.0,LONG_TP,LONG_TP
11405,1.0,LONG_TP,LONG_TP
11406,1.0,LONG_TP,LONG_TP
11407,1.0,LONG_TP,LONG_TP
11408,1.0,LONG_TP,LONG_TP
11409,1.0,LONG_TP,LONG_TP
11410,1.0,LONG_TP,LONG_TP
11411,1.0,LONG_TP,LONG_TP
11412,1.0,LONG_TP,LONG_TP
11413,1.0,LONG_TP,LONG_TP
11414,1.0,LONG_TP,LONG_TP
11415,1.0,LONG_TP,LONG_TP
11416,1.0,LONG_TP,LONG_TP
11417,1.0,LONG_TP,LONG_TP
11418,1.0,LONG_TP,LONG_TP
11419,1.0,LONG_TP,LONG_TP
11420,1.0,LONG_TP,LONG_TP
11421,1.0,LONG_TP,LONG_TP
11422,1.0,LONG_TP,LONG_TP
11423,1.0,LONG_TP,LONG_TP
11424,1.0,LONG_TP,LONG_TP
11425,1.0,LONG_TP,LONG_TP
11426,1.0,LONG_TP,LONG_TP
11427,1.0,LONG_TP,LONG_TP
11428,1.0,LONG_TP,LONG_TP
11429,1.0,LONG_TP,LONG_TP
11430,1.0,LONG_TP,LONG_TP
11431,1.0,LONG_TP,LONG_TP
11432,1.0,LONG_TP,LONG_TP
11433,1.0,LONG_TP,LONG_TP
11434,1.0,LONG_TP,LONG_TP
11435,1.0,LONG_TP,LONG_TP
11436,1.0,LONG_TP,LONG_TP
11437,1.0,LONG_TP,LONG_TP
11438,1.0,LONG_TP,LONG_TP
11439,1.0,LONG_TP,LONG_TP
11440,1.0,LONG_TP,LONG_TP
11441,1.0,LONG_TP,LONG_TP
11442,1.0,LONG_TP,LONG_TP
11443,-1.0,SHORT_TP,SHORT_TP
11444,1.0,LONG_TP,LONG_TP
11445,1.0,LONG_TP,LONG_TP
11446,1.0,LONG_TP,LONG_TP
11447,1.0,LONG_TP,LONG_TP
11448,-1.0,SHORT_TP,SHORT_TP
11449,-1.0,SHORT_TP,SHORT_TP
11450,-1.0,SHORT_TP,SHORT_TP
11451,-1.0,SHORT_TP,SHORT_TP
11452,-1.0,SHORT_TP,SHORT_TP
11453,-1.0,SHORT_TP,SHORT_TP
11454,1.0,LONG_TP,LONG_TP
11455,1.0,LONG_TP,LONG_TP
11456,1.0,LONG_TP,LONG_TP
11457,1.0,LONG_TP,LONG_TP
11458,1.0,LONG_TP,LONG_TP
11459,1.0,LONG_TP,LONG_TP
11460,1.0,LONG_TP,LONG_TP
11461,1.0,LONG_TP,LONG_TP
11462,1.0,LONG_TP,LONG_TP
11463,1.0,LONG_TP,LONG_TP
11464,1.0,LONG_TP,LONG_TP
11465,1.0,LONG_TP,LONG_TP
11466,1.0,LONG_TP,LONG_TP
11467,1.0,LONG_TP,LONG_TP
11468,1.0,LONG_TP,LONG_TP
11469,1.0,LONG_TP,LONG_TP
11470,1.0,LONG_TP,LONG_TP
11471,1.0,LONG_TP,LONG_TP
11472,1.0,LONG_TP,LONG_TP
11473,1.0,LONG_TP,LONG_TP
11474,1.0,LONG_TP,LONG_TP
11475,1.0,LONG_TP,LONG_TP
11476,1.0,LONG_TP,LONG_TP
11477,-1.0,SHORT_TP,SHORT_TP
11478,-1.0,SHORT_TP,SHORT_TP
11479,-1.0,SHORT_TP,SHORT_TP
11480,-1.0,SHORT_TP,SHORT_TP
11481,-1.0,SHORT_TP,SHORT_TP
11482,-1.0,SHORT_TP,SHORT_TP
11483,-1.0,SHORT_TP,SHORT_TP
11484,-1.0,SHORT_TP,SHORT_TP
11485,-1.0,SHORT_TP,SHORT_TP
11486,-1.0,SHORT_TP,SHORT_TP
11487,-1.0,SHORT_TP,SHORT_TP
11488,-1.0,SHORT_TP,SHORT_TP
11489,-1.0,SHORT_TP,SHORT_TP
11490,-1.0,SHORT_TP,SHORT_TP
11491,-1.0,SHORT_TP,SHORT_TP
11492,-1.0,SHORT_TP,SHORT_TP
11493,-1.0,SHORT_TP,SHORT_TP
11494,-1.0,SHORT_TP,SHORT_TP
11495,-1.0,SHORT_TP,SHORT_TP
11496,-1.0,SHORT_TP,SHORT_TP
11497,-1.0,SHORT_TP,SHORT_TP
11498,-1.0,SHORT_TP,SHORT_TP
11499,1.0,LONG_TP,LONG_TP
11500,1.0,LONG_TP,LONG_TP
11501,1.0,LONG_TP,LONG_TP
11502,1.0,LONG_TP,LONG_TP
11503,1.0,LONG_TP,LONG_TP
11504,1.0,LONG_TP,LONG_TP
11505,1.0,LONG_TP,LONG_TP
11506,1.0,LONG_TP,LONG_TP
11507,1.0,LONG_TP,LONG_TP
11508,1.0,LONG_TP,LONG_TP
11509,1.0,LONG_TP,LONG_TP
11510,1.0,LONG_TP,LONG_TP
11511,1.0,LONG_TP,LONG_TP
11512,1.0,LONG_TP,LONG_TP
11513,1.0,LONG_TP,LONG_TP
11514,-1.0,SHORT_TP,SHORT_TP
11515,-1.0,SHORT_TP,SHORT_TP
11516,-1.0,SHORT_TP,SHORT_TP
11517,-1.0,SHORT_TP,SHORT_TP
11518,-1.0,SHORT_TP,SHORT_TP
11519,1.0,LONG_TP,LONG_TP
11520,1.0,LONG_TP,LONG_TP
11521,1.0,LONG_TP,LONG_TP
11522,1.0,LONG_TP,LONG_TP
11523,1.0,LONG_TP,LONG_TP
11524,1.0,LONG_TP,LONG_TP
11525,1.0,LONG_TP,LONG_TP
11526,1.0,LONG_TP,LONG_TP
11527,1.0,LONG_TP,LONG_TP
11528,1.0,LONG_TP,LONG_TP
11529,1.0,LONG_TP,LONG_TP
11530,1.0,LONG_TP,LONG_TP
11531,1.0,LONG_TP,LONG_TP
11532,1.0,LONG_TP,LONG_TP
11533,1.0,LONG_TP,LONG_TP
11534,1.0,LONG_TP,LONG_TP
11535,1.0,LONG_TP,LONG_TP
11536,1.0,LONG_TP,LONG_TP
11537,1.0,LONG_TP,LONG_TP
11538,1.0,LONG_TP,LONG_TP
11539,1.0,LONG_TP,LONG_TP
11540,1.0,LONG_TP,LONG_TP
11541,1.0,LONG_TP,LONG_TP
11542,1.0,LONG_TP,LONG_TP
11543,1.0,LONG_TP,LONG_TP
11544,-1.0,SHORT_TP,SHORT_TP
11545,1.0,LONG_TP,LONG_TP
11546,1.0,LONG_TP,LONG_TP
11547,1.0,LONG_TP,LONG_TP
11548,1.0,LONG_TP,LONG_TP
11549,1.0,LONG_TP,LONG_TP
11550,1.0,LONG_TP,LONG_TP
11551,1.0,LONG_TP,LONG_TP
11552,1.0,LONG_TP,LONG_TP
11553,-1.0,SHORT_TP,SHORT_TP
11554,-1.0,SHORT_TP,SHORT_TP
11555,-1.0,SHORT_TP,SHORT_TP
11556,-1.0,SHORT_TP,SHORT_TP
11557,-1.0,SHORT_TP,SHORT_TP
11558,-1.0,SHORT_TP,SHORT_TP
11559,-1.0,SHORT_TP,SHORT_TP
11560,-1.0,SHORT_TP,SHORT_TP
11561,-1.0,SHORT_TP,SHORT_TP
11562,-1.0,SHORT_TP,SHORT_TP
11563,-1.0,SHORT_TP,SHORT_TP
11564,-1.0,SHORT_TP,SHORT_TP
11565,-1.0,SHORT_TP,SHORT_TP
11566,1.0,LONG_TP,LONG_TP
11567,1.0,LONG_TP,LONG_TP
11568,1.0,LONG_TP,LONG_TP
11569,1.0,LONG_TP,LONG_TP
11570,1.0,LONG_TP,LONG_TP
11571,1.0,LONG_TP,LONG_TP
11572,1.0,LONG_TP,LONG_TP
11573,1.0,LONG_TP,LONG_TP
11574,1.0,LONG_TP,LONG_TP
11575,1.0,LONG_TP,LONG_TP
11576,1.0,LONG_TP,LONG_TP
11577,1.0,LONG_TP,LONG_TP
11578,1.0,LONG_TP,LONG_TP
11579,1.0,LONG_TP,LONG_TP
11580,1.0,LONG_TP,LONG_TP
11581,1.0,LONG_TP,LONG_TP
11582,1.0,LONG_TP,LONG_TP
11583,1.0,LONG_TP,LONG_TP
11584,1.0,LONG_TP,LONG_TP
11585,1.0,LONG_TP,LONG_TP
11586,1.0,LONG_TP,LONG_TP
11587,1.0,LONG_TP,LONG_TP
11588,1.0,LONG_TP,LONG_TP
11589,1.0,LONG_TP,LONG_TP
11590,-1.0,SHORT_TP,SHORT_TP
11591,-1.0,SHORT_TP,SHORT_TP
11592,-1.0,SHORT_TP,SHORT_TP
11593,-1.0,SHORT_TP,SHORT_TP
11594,-1.0,SHORT_TP,SHORT_TP
11595,-1.0,SHORT_TP,SHORT_TP
11596,-1.0,SHORT_TP,SHORT_TP
11597,-1.0,SHORT_TP,SHORT_TP
11598,-1.0,SHORT_TP,SHORT_TP
11599,-1.0,SHORT_TP,SHORT_TP
11600,-1.0,SHORT_TP,SHORT_TP
11601,-1.0,SHORT_TP,SHORT_TP
11602,-1.0,SHORT_TP,SHORT_TP
11603,-1.0,SHORT_TP,SHORT_TP
11604,-1.0,SHORT_TP,SHORT_TP
11605,-1.0,SHORT_TP,SHORT_TP
11606,-1.0,SHORT_TP,SHORT_TP
11607,-1.0,SHORT_TP,SHORT_TP
11608,-1.0,SHORT_TP,SHORT_TP
11609,-1.0,SHORT_TP,SHORT_TP
11610,-1.0,SHORT_TP,SHORT_TP
11611,1.0,LONG_TP,LONG_TP
11612,-1.0,SHORT_TP,SHORT_TP
11613,1.0,LONG_TP,LONG_TP
11614,1.0,LONG_TP,LONG_TP
11615,1.0,LONG_TP,LONG_TP
11616,1.0,LONG_TP,LONG_TP
11617,1.0,LONG_TP,LONG_TP
11618,1.0,LONG_TP,LONG_TP
11619,1.0,LONG_TP,LONG_TP
11620,1.0,LONG_TP,LONG_TP
11621,1.0,LONG_TP,LONG_TP
11622,1.0,LONG_TP,LONG_TP
11623,1.0,LONG_TP,LONG_TP
11624,1.0,LONG_TP,LONG_TP
11625,1.0,LONG_TP,LONG_TP
11626,1.0,LONG_TP,LONG_TP
11627,1.0,LONG_TP,LONG_TP
11628,1.0,LONG_TP,LONG_TP
11629,1.0,LONG_TP,LONG_TP
11630,1.0,LONG_TP,LONG_TP
11631,1.0,LONG_TP,LONG_TP
11632,1.0,LONG_TP,LONG_TP
11633,1.0,LONG_TP,LONG_TP
11634,1.0,LONG_TP,LONG_TP
11635,1.0,LONG_TP,LONG_TP
11636,1.0,LONG_TP,LONG_TP
11637,-1.0,SHORT_TP,SHORT_TP
11638,1.0,LONG_TP,LONG_TP
11639,1.0,LONG_TP,LONG_TP
11640,1.0,LONG_TP,LONG_TP
11641,-1.0,SHORT_TP,SHORT_TP
11642,-1.0,SHORT_TP,SHORT_TP
11643,-1.0,SHORT_TP,SHORT_TP
11644,-1.0,SHORT_TP,SHORT_TP
11645,-1.0,SHORT_TP,SHORT_TP
11646,-1.0,SHORT_TP,SHORT_TP
11647,1.0,LONG_TP,LONG_TP
11648,1.0,LONG_TP,LONG_TP
11649,1.0,LONG_TP,LONG_TP
11650,1.0,LONG_TP,LONG_TP
11651,1.0,LONG_TP,LONG_TP
11652,1.0,LONG_TP,LONG_TP
11653,-1.0,SHORT_TP,SHORT_TP
11654,-1.0,SHORT_TP,SHORT_TP
11655,-1.0,SHORT_TP,SHORT_TP
11656,-1.0,SHORT_TP,SHORT_TP
11657,-1.0,SHORT_TP,SHORT_TP
11658,-1.0,SHORT_TP,SHORT_TP
11659,-1.0,SHORT_TP,SHORT_TP
11660,-1.0,SHORT_TP,SHORT_TP
11661,-1.0,SHORT_TP,SHORT_TP
11662,-1.0,SHORT_TP,SHORT_TP
11663,-1.0,SHORT_TP,SHORT_TP
11664,-1.0,SHORT_TP,SHORT_TP
11665,-1.0,SHORT_TP,SHORT_TP
11666,-1.0,SHORT_TP,SHORT_TP
11667,-1.0,SHORT_TP,SHORT_TP
11668,1.0,LONG_TP,LONG_TP
11669,1.0,LONG_TP,LONG_TP
11670,1.0,LONG_TP,LONG_TP
11671,1.0,LONG_TP,LONG_TP
11672,1.0,LONG_TP,LONG_TP
11673,1.0,LONG_TP,LONG_TP
11674,1.0,LONG_TP,LONG_TP
11675,1.0,LONG_TP,LONG_TP
11676,1.0,LONG_TP,LONG_TP
11677,1.0,LONG_TP,LONG_TP
11678,1.0,LONG_TP,LONG_TP
11679,1.0,LONG_TP,LONG_TP
11680,1.0,LONG_TP,LONG_TP
11681,1.0,LONG_TP,LONG_TP
11682,1.0,LONG_TP,LONG_TP
11683,1.0,LONG_TP,LONG_TP
11684,1.0,LONG_TP,LONG_TP
11685,1.0,LONG_TP,LONG_TP
11686,1.0,LONG_TP,LONG_TP
11687,1.0,LONG_TP,LONG_TP
11688,1.0,LONG_TP,LONG_TP
11689,1.0,LONG_TP,LONG_TP
11690,1.0,LONG_TP,LONG_TP
11691,1.0,LONG_TP,LONG_TP
11692,1.0,LONG_TP,LONG_TP
11693,1.0,LONG_TP,LONG_TP
11694,1.0,LONG_TP,LONG_TP
11695,1.0,LONG_TP,LONG_TP
11696,1.0,LONG_TP,LONG_TP
11697,1.0,LONG_TP,LONG_TP
11698,1.0,LONG_TP,LONG_TP
11699,1.0,LONG_TP,LONG_TP
11700,1.0,LONG_TP,LONG_TP
11701,1.0,LONG_TP,LONG_TP
11702,-1.0,SHORT_TP,SHORT_TP
11703,1.0,LONG_TP,LONG_TP
11704,-1.0,SHORT_TP,SHORT_TP
11705,-1.0,SHORT_TP,SHORT_TP
11706,-1.0,SHORT_TP,SHORT_TP
11707,-1.0,SHORT_TP,SHORT_TP
11708,-1.0,SHORT_TP,SHORT_TP
11709,-1.0,SHORT_TP,SHORT_TP
11710,-1.0,SHORT_TP,SHORT_TP
11711,-1.0,SHORT_TP,SHORT_TP
11712,-1.0,SHORT_TP,SHORT_TP
11713,-1.0,SHORT_TP,SHORT_TP
11714,-1.0,SHORT_TP,SHORT_TP
11715,-1.0,SHORT_TP,SHORT_TP
11716,-1.0,SHORT_TP,SHORT_TP
11717,-1.0,SHORT_TP,SHORT_TP
11718,-1.0,SHORT_TP,SHORT_TP
11719,-1.0,SHORT_TP,SHORT_TP
11720,-1.0,SHORT_TP,SHORT_TP
11721,-1.0,SHORT_TP,SHORT_TP
11722,-1.0,SHORT_TP,SHORT_TP
11723,-1.0,SHORT_TP,SHORT_TP
11724,-1.0,SHORT_TP,SHORT_TP
11725,-1.0,SHORT_TP,SHORT_TP
11726,1.0,LONG_TP,LONG_TP
11727,-1.0,SHORT_TP,SHORT_TP
11728,-1.0,SHORT_TP,SHORT_TP
11729,-1.0,SHORT_TP,SHORT_TP
11730,-1.0,SHORT_TP,SHORT_TP
11731,-1.0,SHORT_TP,SHORT_TP
11732,-1.0,SHORT_TP,SHORT_TP
11733,-1.0,SHORT_TP,SHORT_TP
11734,-1.0,SHORT_TP,SHORT_TP
11735,-1.0,SHORT_TP,SHORT_TP
11736,-1.0,SHORT_TP,SHORT_TP
11737,-1.0,SHORT_TP,SHORT_TP
11738,-1.0,SHORT_TP,SHORT_TP
11739,-1.0,SHORT_TP,SHORT_TP
11740,-1.0,SHORT_TP,SHORT_TP
11741,-1.0,SHORT_TP,SHORT_TP
11742,-1.0,SHORT_TP,SHORT_TP
11743,-1.0,SHORT_TP,SHORT_TP
11744,-1.0,SHORT_TP,SHORT_TP
11745,-1.0,SHORT_TP,SHORT_TP
11746,-1.0,SHORT_TP,SHORT_TP
11747,-1.0,SHORT_TP,SHORT_TP
11748,-1.0,SHORT_TP,SHORT_TP
11749,-1.0,SHORT_TP,SHORT_TP
11750,-1.0,SHORT_TP,SHORT_TP
11751,1.0,LONG_TP,LONG_TP
11752,-1.0,SHORT_TP,SHORT_TP
11753,-1.0,SHORT_TP,SHORT_TP
11754,-1.0,SHORT_TP,SHORT_TP
11755,-1.0,SHORT_TP,SHORT_TP
11756,-1.0,SHORT_TP,SHORT_TP
11757,-1.0,SHORT_TP,SHORT_TP
11758,-1.0,SHORT_TP,SHORT_TP
11759,-1.0,SHORT_TP,SHORT_TP
11760,-1.0,SHORT_TP,SHORT_TP
11761,-1.0,SHORT_TP,SHORT_TP
11762,-1.0,SHORT_TP,SHORT_TP
11763,-1.0,SHORT_TP,SHORT_TP
11764,1.0,LONG_TP,LONG_TP
11765,1.0,LONG_TP,LONG_TP
11766,-1.0,SHORT_TP,SHORT_TP
11767,-1.0,SHORT_TP,SHORT_TP
11768,1.0,LONG_TP,LONG_TP
11769,1.0,LONG_TP,LONG_TP
11770,1.0,LONG_TP,LONG_TP
11771,1.0,LONG_TP,LONG_TP
11772,1.0,LONG_TP,LONG_TP
11773,1.0,LONG_TP,LONG_TP
11774,-1.0,SHORT_TP,SHORT_TP
11775,-1.0,SHORT_TP,SHORT_TP
11776,-1.0,SHORT_TP,SHORT_TP
11777,-1.0,SHORT_TP,SHORT_TP
11778,-1.0,SHORT_TP,SHORT_TP
11779,-1.0,SHORT_TP,SHORT_TP
11780,-1.0,SHORT_TP,SHORT_TP
11781,-1.0,SHORT_TP,SHORT_TP
11782,-1.0,SHORT_TP,SHORT_TP
11783,-1.0,SHORT_TP,SHORT_TP
11784,-1.0,SHORT_TP,SHORT_TP
11785,-1.0,SHORT_TP,SHORT_TP
11786,-1.0,SHORT_TP,SHORT_TP
11787,-1.0,SHORT_TP,SHORT_TP
11788,-1.0,SHORT_TP,SHORT_TP
11789,-1.0,SHORT_TP,SHORT_TP
11790,-1.0,SHORT_TP,SHORT_TP
11791,-1.0,SHORT_TP,SHORT_TP
11792,1.0,LONG_TP,LONG_TP
11793,1.0,LONG_TP,LONG_TP
11794,1.0,LONG_TP,LONG_TP
11795,1.0,LONG_TP,LONG_TP
11796,1.0,LONG_TP,LONG_TP
11797,1.0,LONG_TP,LONG_TP
11798,1.0,LONG_TP,LONG_TP
11799,1.0,LONG_TP,LONG_TP
11800,1.0,LONG_TP,LONG_TP
11801,1.0,LONG_TP,LONG_TP
11802,1.0,LONG_TP,LONG_TP
11803,1.0,LONG_TP,LONG_TP
11804,1.0,LONG_TP,LONG_TP
11805,1.0,LONG_TP,LONG_TP
11806,1.0,LONG_TP,LONG_TP
11807,1.0,LONG_TP,LONG_TP
11808,1.0,LONG_TP,LONG_TP
11809,1.0,LONG_TP,LONG_TP
11810,1.0,LONG_TP,LONG_TP
11811,1.0,LONG_TP,LONG_TP
11812,1.0,LONG_TP,LONG_TP
11813,-1.0,SHORT_TP,SHORT_TP
11814,1.0,LONG_TP,LONG_TP
11815,1.0,LONG_TP,LONG_TP
11816,1.0,LONG_TP,LONG_TP
11817,1.0,LONG_TP,LONG_TP
11818,1.0,LONG_TP,LONG_TP
11819,1.0,LONG_TP,LONG_TP
11820,1.0,LONG_TP,LONG_TP
11821,1.0,LONG_TP,LONG_TP
11822,1.0,LONG_TP,LONG_TP
11823,1.0,LONG_TP,LONG_TP
11824,1.0,LONG_TP,LONG_TP
11825,1.0,LONG_TP,LONG_TP
11826,1.0,LONG_TP,LONG_TP
11827,1.0,LONG_TP,LONG_TP
11828,1.0,LONG_TP,LONG_TP
11829,1.0,LONG_TP,LONG_TP
11830,1.0,LONG_TP,LONG_TP
11831,1.0,LONG_TP,LONG_TP
11832,1.0,LONG_TP,LONG_TP
11833,1.0,LONG_TP,LONG_TP
11834,1.0,LONG_TP,LONG_TP
11835,1.0,LONG_TP,LONG_TP
11836,1.0,LONG_TP,LONG_TP
11837,1.0,LONG_TP,LONG_TP
11838,1.0,LONG_TP,LONG_TP
11839,1.0,LONG_TP,LONG_TP
11840,1.0,LONG_TP,LONG_TP
11841,1.0,LONG_TP,LONG_TP
11842,1.0,LONG_TP,LONG_TP
11843,1.0,LONG_TP,LONG_TP
11844,1.0,LONG_TP,LONG_TP
11845,1.0,LONG_TP,LONG_TP
11846,1.0,LONG_TP,LONG_TP
11847,1.0,LONG_TP,LONG_TP
11848,1.0,LONG_TP,LONG_TP
11849,1.0,LONG_TP,LONG_TP
11850,1.0,LONG_TP,LONG_TP
11851,1.0,LONG_TP,LONG_TP
11852,1.0,LONG_TP,LONG_TP
11853,1.0,LONG_TP,LONG_TP
11854,1.0,LONG_TP,LONG_TP
11855,1.0,LONG_TP,LONG_TP
11856,1.0,LONG_TP,LONG_TP
11857,1.0,LONG_TP,LONG_TP
11858,1.0,LONG_TP,LONG_TP
11859,1.0,LONG_TP,LONG_TP
11860,1.0,LONG_TP,LONG_TP
11861,1.0,LONG_TP,LONG_TP
11862,1.0,LONG_TP,LONG_TP
11863,1.0,LONG_TP,LONG_TP
11864,1.0,LONG_TP,LONG_TP
11865,1.0,LONG_TP,LONG_TP
11866,1.0,LONG_TP,LONG_TP
11867,1.0,LONG_TP,LONG_TP
11868,-1.0,SHORT_TP,SHORT_TP
11869,-1.0,SHORT_TP,SHORT_TP
11870,1.0,LONG_TP,LONG_TP
11871,-1.0,SHORT_TP,SHORT_TP
11872,-1.0,SHORT_TP,SHORT_TP
11873,-1.0,SHORT_TP,SHORT_TP
11874,1.0,LONG_TP,LONG_TP
11875,1.0,LONG_TP,LONG_TP
11876,1.0,LONG_TP,LONG_TP
11877,1.0,LONG_TP,LONG_TP
11878,1.0,LONG_TP,LONG_TP
11879,1.0,LONG_TP,LONG_TP
11880,1.0,LONG_TP,LONG_TP
11881,1.0,LONG_TP,LONG_TP
11882,1.0,LONG_TP,LONG_TP
11883,1.0,LONG_TP,LONG_TP
11884,1.0,LONG_TP,LONG_TP
11885,1.0,LONG_TP,LONG_TP
11886,1.0,LONG_TP,LONG_TP
11887,1.0,LONG_TP,LONG_TP
11888,1.0,LONG_TP,LONG_TP
11889,1.0,LONG_TP,LONG_TP
11890,1.0,LONG_TP,LONG_TP
11891,1.0,LONG_TP,LONG_TP
11892,1.0,LONG_TP,LONG_TP
11893,1.0,LONG_TP,LONG_TP
11894,1.0,LONG_TP,LONG_TP
11895,1.0,LONG_TP,LONG_TP
11896,1.0,LONG_TP,LONG_TP
11897,1.0,LONG_TP,LONG_TP
11898,1.0,LONG_TP,LONG_TP
11899,1.0,LONG_TP,LONG_TP
11900,1.0,LONG_TP,LONG_TP
11901,1.0,LONG_TP,LONG_TP
11902,1.0,LONG_TP,LONG_TP
11903,1.0,LONG_TP,LONG_TP
11904,1.0,LONG_TP,LONG_TP
11905,1.0,LONG_TP,LONG_TP
11906,1.0,LONG_TP,LONG_TP
11907,1.0,LONG_TP,LONG_TP
11908,1.0,LONG_TP,LONG_TP
11909,1.0,LONG_TP,LONG_TP
11910,1.0,LONG_TP,LONG_TP
11911,1.0,LONG_TP,LONG_TP
11912,1.0,LONG_TP,LONG_TP
11913,1.0,LONG_TP,LONG_TP
11914,1.0,LONG_TP,LONG_TP
11915,1.0,LONG_TP,LONG_TP
11916,-1.0,SHORT_TP,SHORT_TP
11917,1.0,LONG_TP,LONG_TP
11918,1.0,LONG_TP,LONG_TP
11919,1.0,LONG_TP,LONG_TP
11920,1.0,LONG_TP,LONG_TP
11921,1.0,LONG_TP,LONG_TP
11922,1.0,LONG_TP,LONG_TP
11923,1.0,LONG_TP,LONG_TP
11924,1.0,LONG_TP,LONG_TP
11925,1.0,LONG_TP,LONG_TP
11926,1.0,LONG_TP,LONG_TP
11927,1.0,LONG_TP,LONG_TP
11928,1.0,LONG_TP,LONG_TP
11929,1.0,LONG_TP,LONG_TP
11930,1.0,LONG_TP,LONG_TP
11931,1.0,LONG_TP,LONG_TP
11932,1.0,LONG_TP,LONG_TP
11933,1.0,LONG_TP,LONG_TP
11934,1.0,LONG_TP,LONG_TP
11935,1.0,LONG_TP,LONG_TP
11936,1.0,LONG_TP,LONG_TP
11937,1.0,LONG_TP,LONG_TP
11938,1.0,LONG_TP,LONG_TP
11939,1.0,LONG_TP,LONG_TP
11940,1.0,LONG_TP,LONG_TP
11941,1.0,LONG_TP,LONG_TP
11942,1.0,LONG_TP,LONG_TP
11943,-1.0,SHORT_TP,SHORT_TP
11944,-1.0,SHORT_TP,SHORT_TP
11945,-1.0,SHORT_TP,SHORT_TP
11946,-1.0,SHORT_TP,SHORT_TP
11947,1.0,LONG_TP,LONG_TP
11948,-1.0,SHORT_TP,SHORT_TP
11949,-1.0,SHORT_TP,SHORT_TP
11950,-1.0,SHORT_TP,SHORT_TP
11951,-1.0,SHORT_TP,SHORT_TP
11952,-1.0,SHORT_TP,SHORT_TP
11953,-1.0,SHORT_TP,SHORT_TP
11954,-1.0,SHORT_TP,SHORT_TP
11955,-1.0,SHORT_TP,SHORT_TP
11956,-1.0,SHORT_TP,SHORT_TP
11957,-1.0,SHORT_TP,SHORT_TP
11958,-1.0,SHORT_TP,SHORT_TP
11959,-1.0,SHORT_TP,SHORT_TP
11960,-1.0,SHORT_TP,SHORT_TP
11961,1.0,LONG_TP,LONG_TP
11962,-1.0,SHORT_TP,SHORT_TP
11963,-1.0,SHORT_TP,SHORT_TP
11964,-1.0,SHORT_TP,SHORT_TP
11965,-1.0,SHORT_TP,SHORT_TP
11966,-1.0,SHORT_TP,SHORT_TP
11967,-1.0,SHORT_TP,SHORT_TP
11968,-1.0,SHORT_TP,SHORT_TP
11969,-1.0,SHORT_TP,SHORT_TP
11970,-1.0,SHORT_TP,SHORT_TP
11971,-1.0,SHORT_TP,SHORT_TP
11972,-1.0,SHORT_TP,SHORT_TP
11973,-1.0,SHORT_TP,SHORT_TP
11974,-1.0,SHORT_TP,SHORT_TP
11975,-1.0,SHORT_TP,SHORT_TP
11976,-1.0,SHORT_TP,SHORT_TP
11977,-1.0,SHORT_TP,SHORT_TP
11978,-1.0,SHORT_TP,SHORT_TP
11979,-1.0,SHORT_TP,SHORT_TP
11980,-1.0,SHORT_TP,SHORT_TP
11981,-1.0,SHORT_TP,SHORT_TP
11982,-1.0,SHORT_TP,SHORT_TP
11983,-1.0,SHORT_TP,SHORT_TP
11984,1.0,LONG_TP,LONG_TP
11985,-1.0,SHORT_TP,SHORT_TP
11986,1.0,LONG_TP,LONG_TP
11987,1.0,LONG_TP,LONG_TP
11988,1.0,LONG_TP,LONG_TP
11989,1.0,LONG_TP,LONG_TP
11990,1.0,LONG_TP,LONG_TP
11991,1.0,LONG_TP,LONG_TP
11992,1.0,LONG_TP,LONG_TP
11993,1.0,LONG_TP,LONG_TP
11994,1.0,LONG_TP,LONG_TP
11995,-1.0,SHORT_TP,SHORT_TP
11996,-1.0,SHORT_TP,SHORT_TP
11997,-1.0,SHORT_TP,SHORT_TP
11998,-1.0,SHORT_TP,SHORT_TP
11999,-1.0,SHORT_TP,SHORT_TP
12000,-1.0,SHORT_TP,SHORT_TP
12001,-1.0,SHORT_TP,SHORT_TP
12002,-1.0,SHORT_TP,SHORT_TP
12003,-1.0,SHORT_TP,SHORT_TP
12004,-1.0,SHORT_TP,SHORT_TP
12005,-1.0,SHORT_TP,SHORT_TP
12006,-1.0,SHORT_TP,SHORT_TP
12007,-1.0,SHORT_TP,SHORT_TP
12008,-1.0,SHORT_TP,SHORT_TP
12009,-1.0,SHORT_TP,SHORT_TP
12010,-1.0,SHORT_TP,SHORT_TP
12011,-1.0,SHORT_TP,SHORT_TP
12012,-1.0,SHORT_TP,SHORT_TP
12013,-1.0,SHORT_TP,SHORT_TP
12014,-1.0,SHORT_TP,SHORT_TP
12015,-1.0,SHORT_TP,SHORT_TP
12016,-1.0,SHORT_TP,SHORT_TP
12017,-1.0,SHORT_TP,SHORT_TP
12018,-1.0,SHORT_TP,SHORT_TP
12019,-1.0,SHORT_TP,SHORT_TP
12020,-1.0,SHORT_TP,SHORT_TP
12021,-1.0,SHORT_TP,SHORT_TP
12022,-1.0,SHORT_TP,SHORT_TP
12023,-1.0,SHORT_TP,SHORT_TP
12024,-1.0,SHORT_TP,SHORT_TP
12025,-1.0,SHORT_TP,SHORT_TP
12026,-1.0,SHORT_TP,SHORT_TP
12027,1.0,LONG_TP,LONG_TP
12028,1.0,LONG_TP,LONG_TP
12029,1.0,LONG_TP,LONG_TP
12030,1.0,LONG_TP,LONG_TP
12031,-1.0,SHORT_TP,SHORT_TP
12032,-1.0,SHORT_TP,SHORT_TP
12033,-1.0,SHORT_TP,SHORT_TP
12034,-1.0,SHORT_TP,SHORT_TP
12035,-1.0,SHORT_TP,SHORT_TP
12036,-1.0,SHORT_TP,SHORT_TP
12037,1.0,LONG_TP,LONG_TP
12038,1.0,LONG_TP,LONG_TP
12039,1.0,LONG_TP,LONG_TP
12040,1.0,LONG_TP,LONG_TP
12041,1.0,LONG_TP,LONG_TP
12042,1.0,LONG_TP,LONG_TP
12043,1.0,LONG_TP,LONG_TP
12044,1.0,LONG_TP,LONG_TP
12045,1.0,LONG_TP,LONG_TP
12046,1.0,LONG_TP,LONG_TP
12047,1.0,LONG_TP,LONG_TP
12048,1.0,LONG_TP,LONG_TP
12049,1.0,LONG_TP,LONG_TP
12050,1.0,LONG_TP,LONG_TP
12051,1.0,LONG_TP,LONG_TP
12052,-1.0,SHORT_TP,SHORT_TP
12053,1.0,LONG_TP,LONG_TP
12054,-1.0,SHORT_TP,SHORT_TP
12055,-1.0,SHORT_TP,SHORT_TP
12056,-1.0,SHORT_TP,SHORT_TP
12057,-1.0,SHORT_TP,SHORT_TP
12058,-1.0,SHORT_TP,SHORT_TP
12059,-1.0,SHORT_TP,SHORT_TP
12060,-1.0,SHORT_TP,SHORT_TP
12061,-1.0,SHORT_TP,SHORT_TP
12062,-1.0,SHORT_TP,SHORT_TP
12063,-1.0,SHORT_TP,SHORT_TP
12064,-1.0,SHORT_TP,SHORT_TP
12065,-1.0,SHORT_TP,SHORT_TP
12066,-1.0,SHORT_TP,SHORT_TP
12067,-1.0,SHORT_TP,SHORT_TP
12068,-1.0,SHORT_TP,SHORT_TP
12069,-1.0,SHORT_TP,SHORT_TP
12070,-1.0,SHORT_TP,SHORT_TP
12071,-1.0,SHORT_TP,SHORT_TP
12072,-1.0,SHORT_TP,SHORT_TP
12073,-1.0,SHORT_TP,SHORT_TP
12074,-1.0,SHORT_TP,SHORT_TP
12075,-1.0,SHORT_TP,SHORT_TP
12076,-1.0,SHORT_TP,SHORT_TP
12077,1.0,LONG_TP,LONG_TP
12078,-1.0,SHORT_TP,SHORT_TP
12079,-1.0,SHORT_TP,SHORT_TP
12080,1.0,LONG_TP,LONG_TP
12081,1.0,LONG_TP,LONG_TP
12082,1.0,LONG_TP,LONG_TP
12083,1.0,LONG_TP,LONG_TP
12084,1.0,LONG_TP,LONG_TP
12085,-1.0,SHORT_TP,SHORT_TP
12086,1.0,LONG_TP,LONG_TP
12087,1.0,LONG_TP,LONG_TP
12088,1.0,LONG_TP,LONG_TP
12089,1.0,LONG_TP,LONG_TP
12090,1.0,LONG_TP,LONG_TP
12091,1.0,LONG_TP,LONG_TP
12092,1.0,LONG_TP,LONG_TP
12093,-1.0,SHORT_TP,SHORT_TP
12094,-1.0,SHORT_TP,SHORT_TP
12095,-1.0,SHORT_TP,SHORT_TP
12096,-1.0,SHORT_TP,SHORT_TP
12097,-1.0,SHORT_TP,SHORT_TP
12098,-1.0,SHORT_TP,SHORT_TP
12099,1.0,LONG_TP,LONG_TP
12100,1.0,LONG_TP,LONG_TP
12101,1.0,LONG_TP,LONG_TP
12102,1.0,LONG_TP,LONG_TP
12103,1.0,LONG_TP,LONG_TP
12104,1.0,LONG_TP,LONG_TP
12105,1.0,LONG_TP,LONG_TP
12106,1.0,LONG_TP,LONG_TP
12107,1.0,LONG_TP,LONG_TP
12108,1.0,LONG_TP,LONG_TP
12109,1.0,LONG_TP,LONG_TP
12110,1.0,LONG_TP,LONG_TP
12111,1.0,LONG_TP,LONG_TP
12112,1.0,LONG_TP,LONG_TP
12113,1.0,LONG_TP,LONG_TP
12114,1.0,LONG_TP,LONG_TP
12115,1.0,LONG_TP,LONG_TP
12116,1.0,LONG_TP,LONG_TP
12117,1.0,LONG_TP,LONG_TP
12118,1.0,LONG_TP,LONG_TP
12119,-1.0,SHORT_TP,SHORT_TP
12120,1.0,LONG_TP,LONG_TP
12121,1.0,LONG_TP,LONG_TP
12122,1.0,LONG_TP,LONG_TP
12123,1.0,LONG_TP,LONG_TP
12124,1.0,LONG_TP,LONG_TP
12125,1.0,LONG_TP,LONG_TP
12126,1.0,LONG_TP,LONG_TP
12127,1.0,LONG_TP,LONG_TP
12128,1.0,LONG_TP,LONG_TP
12129,1.0,LONG_TP,LONG_TP
12130,1.0,LONG_TP,LONG_TP
12131,1.0,LONG_TP,LONG_TP
12132,1.0,LONG_TP,LONG_TP
12133,-1.0,SHORT_TP,SHORT_TP
12134,-1.0,SHORT_TP,SHORT_TP
12135,-1.0,SHORT_TP,SHORT_TP
12136,1.0,LONG_TP,LONG_TP
12137,1.0,LONG_TP,LONG_TP
12138,1.0,LONG_TP,LONG_TP
12139,1.0,LONG_TP,LONG_TP
12140,1.0,LONG_TP,LONG_TP
12141,1.0,LONG_TP,LONG_TP
12142,1.0,LONG_TP,LONG_TP
12143,1.0,LONG_TP,LONG_TP
12144,1.0,LONG_TP,LONG_TP
12145,1.0,LONG_TP,LONG_TP
12146,1.0,LONG_TP,LONG_TP
12147,1.0,LONG_TP,LONG_TP
12148,1.0,LONG_TP,LONG_TP
12149,1.0,LONG_TP,LONG_TP
12150,1.0,LONG_TP,LONG_TP
12151,1.0,LONG_TP,LONG_TP
12152,1.0,LONG_TP,LONG_TP
12153,1.0,LONG_TP,LONG_TP
12154,1.0,LONG_TP,LONG_TP
12155,1.0,LONG_TP,LONG_TP
12156,1.0,LONG_TP,LONG_TP
12157,1.0,LONG_TP,LONG_TP
12158,-1.0,SHORT_TP,SHORT_TP
12159,-1.0,SHORT_TP,SHORT_TP
12160,-1.0,SHORT_TP,SHORT_TP
12161,-1.0,SHORT_TP,SHORT_TP
12162,-1.0,SHORT_TP,SHORT_TP
12163,1.0,LONG_TP,LONG_TP
12164,-1.0,SHORT_TP,SHORT_TP
12165,1.0,LONG_TP,LONG_TP
12166,1.0,LONG_TP,LONG_TP
12167,1.0,LONG_TP,LONG_TP
12168,1.0,LONG_TP,LONG_TP
12169,1.0,LONG_TP,LONG_TP
12170,1.0,LONG_TP,LONG_TP
12171,1.0,LONG_TP,LONG_TP
12172,1.0,LONG_TP,LONG_TP
12173,1.0,LONG_TP,LONG_TP
12174,-1.0,SHORT_TP,SHORT_TP
12175,-1.0,SHORT_TP,SHORT_TP
12176,-1.0,SHORT_TP,SHORT_TP
12177,-1.0,SHORT_TP,SHORT_TP
12178,-1.0,SHORT_TP,SHORT_TP
12179,-1.0,SHORT_TP,SHORT_TP
12180,-1.0,SHORT_TP,SHORT_TP
12181,-1.0,SHORT_TP,SHORT_TP
12182,-1.0,SHORT_TP,SHORT_TP
12183,-1.0,SHORT_TP,SHORT_TP
12184,-1.0,SHORT_TP,SHORT_TP
12185,-1.0,SHORT_TP,SHORT_TP
12186,-1.0,SHORT_TP,SHORT_TP
12187,-1.0,SHORT_TP,SHORT_TP
12188,-1.0,SHORT_TP,SHORT_TP
12189,1.0,LONG_TP,LONG_TP
12190,1.0,LONG_TP,LONG_TP
12191,1.0,LONG_TP,LONG_TP
12192,1.0,LONG_TP,LONG_TP
12193,1.0,LONG_TP,LONG_TP
12194,1.0,LONG_TP,LONG_TP
12195,1.0,LONG_TP,LONG_TP
12196,1.0,LONG_TP,LONG_TP
12197,1.0,LONG_TP,LONG_TP
12198,1.0,LONG_TP,LONG_TP
12199,1.0,LONG_TP,LONG_TP
12200,1.0,LONG_TP,LONG_TP
12201,1.0,LONG_TP,LONG_TP
12202,1.0,LONG_TP,LONG_TP
12203,1.0,LONG_TP,LONG_TP
12204,1.0,LONG_TP,LONG_TP
12205,1.0,LONG_TP,LONG_TP
12206,1.0,LONG_TP,LONG_TP
12207,1.0,LONG_TP,LONG_TP
12208,1.0,LONG_TP,LONG_TP
12209,1.0,LONG_TP,LONG_TP
12210,1.0,LONG_TP,LONG_TP
12211,1.0,LONG_TP,LONG_TP
12212,1.0,LONG_TP,LONG_TP
12213,-1.0,SHORT_TP,SHORT_TP
12214,1.0,LONG_TP,LONG_TP
12215,1.0,LONG_TP,LONG_TP
12216,1.0,LONG_TP,LONG_TP
12217,1.0,LONG_TP,LONG_TP
12218,1.0,LONG_TP,LONG_TP
12219,1.0,LONG_TP,LONG_TP
12220,1.0,LONG_TP,LONG_TP
12221,1.0,LONG_TP,LONG_TP
12222,1.0,LONG_TP,LONG_TP
12223,1.0,LONG_TP,LONG_TP
12224,1.0,LONG_TP,LONG_TP
12225,1.0,LONG_TP,LONG_TP
12226,1.0,LONG_TP,LONG_TP
12227,1.0,LONG_TP,LONG_TP
12228,1.0,LONG_TP,LONG_TP
12229,1.0,LONG_TP,LONG_TP
12230,-1.0,SHORT_TP,SHORT_TP
12231,-1.0,SHORT_TP,SHORT_TP
12232,-1.0,SHORT_TP,SHORT_TP
12233,-1.0,SHORT_TP,SHORT_TP
12234,-1.0,SHORT_TP,SHORT_TP
12235,1.0,LONG_TP,LONG_TP
12236,1.0,LONG_TP,LONG_TP
12237,1.0,LONG_TP,LONG_TP
12238,1.0,LONG_TP,LONG_TP
12239,1.0,LONG_TP,LONG_TP
12240,1.0,LONG_TP,LONG_TP
12241,1.0,LONG_TP,LONG_TP
12242,1.0,LONG_TP,LONG_TP
12243,1.0,LONG_TP,LONG_TP
12244,1.0,LONG_TP,LONG_TP
12245,1.0,LONG_TP,LONG_TP
12246,1.0,LONG_TP,LONG_TP
12247,1.0,LONG_TP,LONG_TP
12248,1.0,LONG_TP,LONG_TP
12249,1.0,LONG_TP,LONG_TP
12250,1.0,LONG_TP,LONG_TP
12251,1.0,LONG_TP,LONG_TP
12252,1.0,LONG_TP,LONG_TP
12253,1.0,LONG_TP,LONG_TP
12254,1.0,LONG_TP,LONG_TP
12255,1.0,LONG_TP,LONG_TP
12256,1.0,LONG_TP,LONG_TP
12257,1.0,LONG_TP,LONG_TP
12258,1.0,LONG_TP,LONG_TP
12259,1.0,LONG_TP,LONG_TP
12260,1.0,LONG_TP,LONG_TP
12261,1.0,LONG_TP,LONG_TP
12262,1.0,LONG_TP,LONG_TP
12263,1.0,LONG_TP,LONG_TP
12264,1.0,LONG_TP,LONG_TP
12265,1.0,LONG_TP,LONG_TP
12266,-1.0,SHORT_TP,SHORT_TP
12267,-1.0,SHORT_TP,SHORT_TP
12268,-1.0,SHORT_TP,SHORT_TP
12269,-1.0,SHORT_TP,SHORT_TP
12270,-1.0,SHORT_TP,SHORT_TP
12271,1.0,LONG_TP,LONG_TP
12272,1.0,LONG_TP,LONG_TP
12273,1.0,LONG_TP,LONG_TP
12274,1.0,LONG_TP,LONG_TP
12275,1.0,LONG_TP,LONG_TP
12276,1.0,LONG_TP,LONG_TP
12277,1.0,LONG_TP,LONG_TP
12278,1.0,LONG_TP,LONG_TP
12279,1.0,LONG_TP,LONG_TP
12280,1.0,LONG_TP,LONG_TP
12281,1.0,LONG_TP,LONG_TP
12282,1.0,LONG_TP,LONG_TP
12283,1.0,LONG_TP,LONG_TP
12284,1.0,LONG_TP,LONG_TP
12285,1.0,LONG_TP,LONG_TP
12286,1.0,LONG_TP,LONG_TP
12287,1.0,LONG_TP,LONG_TP
12288,1.0,LONG_TP,LONG_TP
12289,-1.0,SHORT_TP,SHORT_TP
12290,-1.0,SHORT_TP,SHORT_TP
12291,-1.0,SHORT_TP,SHORT_TP
12292,-1.0,SHORT_TP,SHORT_TP
12293,-1.0,SHORT_TP,SHORT_TP
12294,-1.0,SHORT_TP,SHORT_TP
12295,-1.0,SHORT_TP,SHORT_TP
12296,-1.0,SHORT_TP,SHORT_TP
12297,-1.0,SHORT_TP,SHORT_TP
12298,-1.0,SHORT_TP,SHORT_TP
12299,-1.0,SHORT_TP,SHORT_TP
12300,-1.0,SHORT_TP,SHORT_TP
12301,-1.0,SHORT_TP,SHORT_TP
12302,-1.0,SHORT_TP,SHORT_TP
12303,-1.0,SHORT_TP,SHORT_TP
12304,-1.0,SHORT_TP,SHORT_TP
12305,-1.0,SHORT_TP,SHORT_TP
12306,-1.0,SHORT_TP,SHORT_TP
12307,-1.0,SHORT_TP,SHORT_TP
12308,-1.0,SHORT_TP,SHORT_TP
12309,-1.0,SHORT_TP,SHORT_TP
12310,-1.0,SHORT_TP,SHORT_TP
12311,-1.0,SHORT_TP,SHORT_TP
12312,-1.0,SHORT_TP,SHORT_TP
12313,-1.0,SHORT_TP,SHORT_TP
12314,-1.0,SHORT_TP,SHORT_TP
12315,-1.0,SHORT_TP,SHORT_TP
12316,-1.0,SHORT_TP,SHORT_TP
12317,-1.0,SHORT_TP,SHORT_TP
12318,-1.0,SHORT_TP,SHORT_TP
12319,-1.0,SHORT_TP,SHORT_TP
12320,-1.0,SHORT_TP,SHORT_TP
12321,-1.0,SHORT_TP,SHORT_TP
12322,-1.0,SHORT_TP,SHORT_TP
12323,-1.0,SHORT_TP,SHORT_TP
12324,-1.0,SHORT_TP,SHORT_TP
12325,-1.0,SHORT_TP,SHORT_TP
12326,-1.0,SHORT_TP,SHORT_TP
12327,-1.0,SHORT_TP,SHORT_TP
12328,-1.0,SHORT_TP,SHORT_TP
12329,-1.0,SHORT_TP,SHORT_TP
12330,-1.0,SHORT_TP,SHORT_TP
12331,-1.0,SHORT_TP,SHORT_TP
12332,-1.0,SHORT_TP,SHORT_TP
12333,-1.0,SHORT_TP,SHORT_TP
12334,-1.0,SHORT_TP,SHORT_TP
12335,-1.0,SHORT_TP,SHORT_TP
12336,-1.0,SHORT_TP,SHORT_TP
12337,-1.0,SHORT_TP,SHORT_TP
12338,-1.0,SHORT_TP,SHORT_TP
12339,-1.0,SHORT_TP,SHORT_TP
12340,-1.0,SHORT_TP,SHORT_TP
12341,-1.0,SHORT_TP,SHORT_TP
12342,-1.0,SHORT_TP,SHORT_TP
12343,-1.0,SHORT_TP,SHORT_TP
12344,-1.0,SHORT_TP,SHORT_TP
12345,-1.0,SHORT_TP,SHORT_TP
12346,-1.0,SHORT_TP,SHORT_TP
12347,-1.0,SHORT_TP,SHORT_TP
12348,-1.0,SHORT_TP,SHORT_TP
12349,-1.0,SHORT_TP,SHORT_TP
12350,-1.0,SHORT_TP,SHORT_TP
12351,-1.0,SHORT_TP,SHORT_TP
12352,-1.0,SHORT_TP,SHORT_TP
12353,-1.0,SHORT_TP,SHORT_TP
12354,-1.0,SHORT_TP,SHORT_TP
12355,-1.0,SHORT_TP,SHORT_TP
12356,-1.0,SHORT_TP,SHORT_TP
12357,-1.0,SHORT_TP,SHORT_TP
12358,-1.0,SHORT_TP,SHORT_TP
12359,-1.0,SHORT_TP,SHORT_TP
12360,-1.0,SHORT_TP,SHORT_TP
12361,-1.0,SHORT_TP,SHORT_TP
12362,-1.0,SHORT_TP,SHORT_TP
12363,-1.0,SHORT_TP,SHORT_TP
12364,-1.0,SHORT_TP,SHORT_TP
12365,1.0,LONG_TP,LONG_TP
12366,1.0,LONG_TP,LONG_TP
12367,1.0,LONG_TP,LONG_TP
12368,-1.0,SHORT_TP,SHORT_TP
12369,-1.0,SHORT_TP,SHORT_TP
12370,1.0,LONG_TP,LONG_TP
12371,1.0,LONG_TP,LONG_TP
12372,1.0,LONG_TP,LONG_TP
12373,1.0,LONG_TP,LONG_TP
12374,1.0,LONG_TP,LONG_TP
12375,1.0,LONG_TP,LONG_TP
12376,1.0,LONG_TP,LONG_TP
12377,1.0,LONG_TP,LONG_TP
12378,1.0,LONG_TP,LONG_TP
12379,1.0,LONG_TP,LONG_TP
12380,1.0,LONG_TP,LONG_TP
12381,1.0,LONG_TP,LONG_TP
12382,1.0,LONG_TP,LONG_TP
12383,1.0,LONG_TP,LONG_TP
12384,1.0,LONG_TP,LONG_TP
12385,1.0,LONG_TP,LONG_TP
12386,-1.0,SHORT_TP,SHORT_TP
12387,-1.0,SHORT_TP,SHORT_TP
12388,1.0,LONG_TP,LONG_TP
12389,1.0,LONG_TP,LONG_TP
12390,1.0,LONG_TP,LONG_TP
12391,1.0,LONG_TP,LONG_TP
12392,-1.0,SHORT_TP,SHORT_TP
12393,1.0,LONG_TP,LONG_TP
12394,-1.0,SHORT_TP,SHORT_TP
12395,-1.0,SHORT_TP,SHORT_TP
12396,-1.0,SHORT_TP,SHORT_TP
12397,-1.0,SHORT_TP,SHORT_TP
12398,-1.0,SHORT_TP,SHORT_TP
12399,-1.0,SHORT_TP,SHORT_TP
12400,-1.0,SHORT_TP,SHORT_TP
12401,-1.0,SHORT_TP,SHORT_TP
12402,-1.0,SHORT_TP,SHORT_TP
12403,-1.0,SHORT_TP,SHORT_TP
12404,-1.0,SHORT_TP,SHORT_TP
12405,-1.0,SHORT_TP,SHORT_TP
12406,-1.0,SHORT_TP,SHORT_TP
12407,-1.0,SHORT_TP,SHORT_TP
12408,-1.0,SHORT_TP,SHORT_TP
12409,-1.0,SHORT_TP,SHORT_TP
12410,-1.0,SHORT_TP,SHORT_TP
12411,-1.0,SHORT_TP,SHORT_TP
12412,-1.0,SHORT_TP,SHORT_TP
12413,1.0,LONG_TP,LONG_TP
12414,-1.0,SHORT_TP,SHORT_TP
12415,-1.0,SHORT_TP,SHORT_TP
12416,-1.0,SHORT_TP,SHORT_TP
12417,-1.0,SHORT_TP,SHORT_TP
12418,-1.0,SHORT_TP,SHORT_TP
12419,-1.0,SHORT_TP,SHORT_TP
12420,-1.0,SHORT_TP,SHORT_TP
12421,-1.0,SHORT_TP,SHORT_TP
12422,-1.0,SHORT_TP,SHORT_TP
12423,-1.0,SHORT_TP,SHORT_TP
12424,1.0,LONG_TP,LONG_TP
12425,1.0,LONG_TP,LONG_TP
12426,1.0,LONG_TP,LONG_TP
12427,1.0,LONG_TP,LONG_TP
12428,-1.0,SHORT_TP,SHORT_TP
12429,-1.0,SHORT_TP,SHORT_TP
12430,1.0,LONG_TP,LONG_TP
12431,1.0,LONG_TP,LONG_TP
12432,1.0,LONG_TP,LONG_TP
12433,1.0,LONG_TP,LONG_TP
12434,1.0,LONG_TP,LONG_TP
12435,1.0,LONG_TP,LONG_TP
12436,1.0,LONG_TP,LONG_TP
12437,1.0,LONG_TP,LONG_TP
12438,1.0,LONG_TP,LONG_TP
12439,1.0,LONG_TP,LONG_TP
12440,1.0,LONG_TP,LONG_TP
12441,1.0,LONG_TP,LONG_TP
12442,1.0,LONG_TP,LONG_TP
12443,1.0,LONG_TP,LONG_TP
12444,1.0,LONG_TP,LONG_TP
12445,1.0,LONG_TP,LONG_TP
12446,1.0,LONG_TP,LONG_TP
12447,1.0,LONG_TP,LONG_TP
12448,1.0,LONG_TP,LONG_TP
12449,1.0,LONG_TP,LONG_TP
12450,1.0,LONG_TP,LONG_TP
12451,1.0,LONG_TP,LONG_TP
12452,1.0,LONG_TP,LONG_TP
12453,1.0,LONG_TP,LONG_TP
12454,1.0,LONG_TP,LONG_TP
12455,1.0,LONG_TP,LONG_TP
12456,1.0,LONG_TP,LONG_TP
12457,1.0,LONG_TP,LONG_TP
12458,1.0,LONG_TP,LONG_TP
12459,1.0,LONG_TP,LONG_TP
12460,1.0,LONG_TP,LONG_TP
12461,1.0,LONG_TP,LONG_TP
12462,1.0,LONG_TP,LONG_TP
12463,1.0,LONG_TP,LONG_TP
12464,1.0,LONG_TP,LONG_TP
12465,1.0,LONG_TP,LONG_TP
12466,1.0,LONG_TP,LONG_TP
12467,1.0,LONG_TP,LONG_TP
12468,1.0,LONG_TP,LONG_TP
12469,1.0,LONG_TP,LONG_TP
12470,1.0,LONG_TP,LONG_TP
12471,1.0,LONG_TP,LONG_TP
12472,1.0,LONG_TP,LONG_TP
12473,1.0,LONG_TP,LONG_TP
12474,1.0,LONG_TP,LONG_TP
12475,1.0,LONG_TP,LONG_TP
12476,1.0,LONG_TP,LONG_TP
12477,1.0,LONG_TP,LONG_TP
12478,1.0,LONG_TP,LONG_TP
12479,1.0,LONG_TP,LONG_TP
12480,1.0,LONG_TP,LONG_TP
12481,1.0,LONG_TP,LONG_TP
12482,1.0,LONG_TP,LONG_TP
12483,1.0,LONG_TP,LONG_TP
12484,1.0,LONG_TP,LONG_TP
12485,1.0,LONG_TP,LONG_TP
12486,1.0,LONG_TP,LONG_TP
12487,1.0,LONG_TP,LONG_TP
12488,1.0,LONG_TP,LONG_TP
12489,1.0,LONG_TP,LONG_TP
12490,1.0,LONG_TP,LONG_TP
12491,1.0,LONG_TP,LONG_TP
12492,1.0,LONG_TP,LONG_TP
12493,1.0,LONG_TP,LONG_TP
12494,-1.0,SHORT_TP,SHORT_TP
12495,-1.0,SHORT_TP,SHORT_TP
12496,1.0,LONG_TP,LONG_TP
12497,1.0,LONG_TP,LONG_TP
12498,1.0,LONG_TP,LONG_TP
12499,1.0,LONG_TP,LONG_TP
12500,1.0,LONG_TP,LONG_TP
12501,1.0,LONG_TP,LONG_TP
12502,1.0,LONG_TP,LONG_TP
12503,1.0,LONG_TP,LONG_TP
12504,1.0,LONG_TP,LONG_TP
12505,1.0,LONG_TP,LONG_TP
12506,1.0,LONG_TP,LONG_TP
12507,1.0,LONG_TP,LONG_TP
12508,1.0,LONG_TP,LONG_TP
12509,1.0,LONG_TP,LONG_TP
12510,1.0,LONG_TP,LONG_TP
12511,1.0,LONG_TP,LONG_TP
12512,1.0,LONG_TP,LONG_TP
12513,1.0,LONG_TP,LONG_TP
12514,1.0,LONG_TP,LONG_TP
12515,1.0,LONG_TP,LONG_TP
12516,1.0,LONG_TP,LONG_TP
12517,1.0,LONG_TP,LONG_TP
12518,1.0,LONG_TP,LONG_TP
12519,1.0,LONG_TP,LONG_TP
12520,1.0,LONG_TP,LONG_TP
12521,1.0,LONG_TP,LONG_TP
12522,1.0,LONG_TP,LONG_TP
12523,1.0,LONG_TP,LONG_TP
12524,1.0,LONG_TP,LONG_TP
12525,1.0,LONG_TP,LONG_TP
12526,1.0,LONG_TP,LONG_TP
12527,1.0,LONG_TP,LONG_TP
12528,1.0,LONG_TP,LONG_TP
12529,1.0,LONG_TP,LONG_TP
12530,1.0,LONG_TP,LONG_TP
12531,1.0,LONG_TP,LONG_TP
12532,1.0,LONG_TP,LONG_TP
12533,1.0,LONG_TP,LONG_TP
12534,1.0,LONG_TP,LONG_TP
12535,1.0,LONG_TP,LONG_TP
12536,1.0,LONG_TP,LONG_TP
12537,1.0,LONG_TP,LONG_TP
12538,1.0,LONG_TP,LONG_TP
12539,1.0,LONG_TP,LONG_TP
12540,1.0,LONG_TP,LONG_TP
12541,1.0,LONG_TP,LONG_TP
12542,1.0,LONG_TP,LONG_TP
12543,1.0,LONG_TP,LONG_TP
12544,1.0,LONG_TP,LONG_TP
12545,1.0,LONG_TP,LONG_TP
12546,1.0,LONG_TP,LONG_TP
12547,1.0,LONG_TP,LONG_TP
12548,1.0,LONG_TP,LONG_TP
12549,1.0,LONG_TP,LONG_TP
12550,1.0,LONG_TP,LONG_TP
12551,1.0,LONG_TP,LONG_TP
12552,1.0,LONG_TP,LONG_TP
12553,1.0,LONG_TP,LONG_TP
12554,1.0,LONG_TP,LONG_TP
12555,1.0,LONG_TP,LONG_TP
12556,1.0,LONG_TP,LONG_TP
12557,1.0,LONG_TP,LONG_TP
12558,1.0,LONG_TP,LONG_TP
12559,1.0,LONG_TP,LONG_TP
12560,-1.0,SHORT_TP,SHORT_TP
12561,-1.0,SHORT_TP,SHORT_TP
12562,-1.0,SHORT_TP,SHORT_TP
12563,-1.0,SHORT_TP,SHORT_TP
12564,-1.0,SHORT_TP,SHORT_TP
12565,-1.0,SHORT_TP,SHORT_TP
12566,1.0,LONG_TP,LONG_TP
12567,1.0,LONG_TP,LONG_TP
12568,1.0,LONG_TP,LONG_TP
12569,1.0,LONG_TP,LONG_TP
12570,1.0,LONG_TP,LONG_TP
12571,1.0,LONG_TP,LONG_TP
12572,1.0,LONG_TP,LONG_TP
12573,1.0,LONG_TP,LONG_TP
12574,1.0,LONG_TP,LONG_TP
12575,1.0,LONG_TP,LONG_TP
12576,1.0,LONG_TP,LONG_TP
12577,1.0,LONG_TP,LONG_TP
12578,1.0,LONG_TP,LONG_TP
12579,1.0,LONG_TP,LONG_TP
12580,1.0,LONG_TP,LONG_TP
12581,1.0,LONG_TP,LONG_TP
12582,1.0,LONG_TP,LONG_TP
12583,1.0,LONG_TP,LONG_TP
12584,1.0,LONG_TP,LONG_TP
12585,1.0,LONG_TP,LONG_TP
12586,1.0,LONG_TP,LONG_TP
12587,1.0,LONG_TP,LONG_TP
12588,1.0,LONG_TP,LONG_TP
12589,1.0,LONG_TP,LONG_TP
12590,1.0,LONG_TP,LONG_TP
12591,1.0,LONG_TP,LONG_TP
12592,1.0,LONG_TP,LONG_TP
12593,1.0,LONG_TP,LONG_TP
12594,1.0,LONG_TP,LONG_TP
12595,1.0,LONG_TP,LONG_TP
12596,1.0,LONG_TP,LONG_TP
12597,1.0,LONG_TP,LONG_TP
12598,1.0,LONG_TP,LONG_TP
12599,1.0,LONG_TP,LONG_TP
12600,1.0,LONG_TP,LONG_TP
12601,1.0,LONG_TP,LONG_TP
12602,1.0,LONG_TP,LONG_TP
12603,1.0,LONG_TP,LONG_TP
12604,1.0,LONG_TP,LONG_TP
12605,1.0,LONG_TP,LONG_TP
12606,1.0,LONG_TP,LONG_TP
12607,1.0,LONG_TP,LONG_TP
12608,-1.0,SHORT_TP,SHORT_TP
12609,1.0,LONG_TP,LONG_TP
12610,1.0,LONG_TP,LONG_TP
12611,1.0,LONG_TP,LONG_TP
12612,1.0,LONG_TP,LONG_TP
12613,1.0,LONG_TP,LONG_TP
12614,1.0,LONG_TP,LONG_TP
12615,1.0,LONG_TP,LONG_TP
12616,1.0,LONG_TP,LONG_TP
12617,1.0,LONG_TP,LONG_TP
12618,1.0,LONG_TP,LONG_TP
12619,1.0,LONG_TP,LONG_TP
12620,1.0,LONG_TP,LONG_TP
12621,1.0,LONG_TP,LONG_TP
12622,1.0,LONG_TP,LONG_TP
12623,1.0,LONG_TP,LONG_TP
12624,1.0,LONG_TP,LONG_TP
12625,1.0,LONG_TP,LONG_TP
12626,1.0,LONG_TP,LONG_TP
12627,1.0,LONG_TP,LONG_TP
12628,1.0,LONG_TP,LONG_TP
12629,1.0,LONG_TP,LONG_TP
12630,1.0,LONG_TP,LONG_TP
12631,-1.0,SHORT_TP,SHORT_TP
12632,-1.0,SHORT_TP,SHORT_TP
12633,-1.0,SHORT_TP,SHORT_TP
12634,1.0,LONG_TP,LONG_TP
12635,1.0,LONG_TP,LONG_TP
12636,1.0,LONG_TP,LONG_TP
12637,1.0,LONG_TP,LONG_TP
12638,1.0,LONG_TP,LONG_TP
12639,1.0,LONG_TP,LONG_TP
12640,1.0,LONG_TP,LONG_TP
12641,1.0,LONG_TP,LONG_TP
12642,1.0,LONG_TP,LONG_TP
12643,1.0,LONG_TP,LONG_TP
12644,1.0,LONG_TP,LONG_TP
12645,1.0,LONG_TP,LONG_TP
12646,1.0,LONG_TP,LONG_TP
12647,1.0,LONG_TP,LONG_TP
12648,1.0,LONG_TP,LONG_TP
12649,1.0,LONG_TP,LONG_TP
12650,1.0,LONG_TP,LONG_TP
12651,1.0,LONG_TP,LONG_TP
12652,1.0,LONG_TP,LONG_TP
12653,1.0,LONG_TP,LONG_TP
12654,1.0,LONG_TP,LONG_TP
12655,1.0,LONG_TP,LONG_TP
12656,1.0,LONG_TP,LONG_TP
12657,1.0,LONG_TP,LONG_TP
12658,1.0,LONG_TP,LONG_TP
12659,1.0,LONG_TP,LONG_TP
12660,1.0,LONG_TP,LONG_TP
12661,1.0,LONG_TP,LONG_TP
12662,1.0,LONG_TP,LONG_TP
12663,1.0,LONG_TP,LONG_TP
12664,1.0,LONG_TP,LONG_TP
12665,1.0,LONG_TP,LONG_TP
12666,1.0,LONG_TP,LONG_TP
12667,1.0,LONG_TP,LONG_TP
12668,1.0,LONG_TP,LONG_TP
12669,1.0,LONG_TP,LONG_TP
12670,1.0,LONG_TP,LONG_TP
12671,1.0,LONG_TP,LONG_TP
12672,-1.0,SHORT_TP,SHORT_TP
12673,-1.0,SHORT_TP,SHORT_TP
12674,-1.0,SHORT_TP,SHORT_TP
12675,-1.0,SHORT_TP,SHORT_TP
12676,-1.0,SHORT_TP,SHORT_TP
12677,-1.0,SHORT_TP,SHORT_TP
12678,-1.0,SHORT_TP,SHORT_TP
12679,-1.0,SHORT_TP,SHORT_TP
12680,-1.0,SHORT_TP,SHORT_TP
12681,-1.0,SHORT_TP,SHORT_TP
12682,-1.0,SHORT_TP,SHORT_TP
12683,-1.0,SHORT_TP,SHORT_TP
12684,-1.0,SHORT_TP,SHORT_TP
12685,-1.0,SHORT_TP,SHORT_TP
12686,-1.0,SHORT_TP,SHORT_TP
12687,-1.0,SHORT_TP,SHORT_TP
12688,-1.0,SHORT_TP,SHORT_TP
12689,-1.0,SHORT_TP,SHORT_TP
12690,-1.0,SHORT_TP,SHORT_TP
12691,-1.0,SHORT_TP,SHORT_TP
12692,-1.0,SHORT_TP,SHORT_TP
12693,-1.0,SHORT_TP,SHORT_TP
12694,-1.0,SHORT_TP,SHORT_TP
12695,-1.0,SHORT_TP,SHORT_TP
12696,-1.0,SHORT_TP,SHORT_TP
12697,1.0,LONG_TP,LONG_TP
12698,1.0,LONG_TP,LONG_TP
12699,1.0,LONG_TP,LONG_TP
12700,1.0,LONG_TP,LONG_TP
12701,1.0,LONG_TP,LONG_TP
12702,1.0,LONG_TP,LONG_TP
12703,1.0,LONG_TP,LONG_TP
12704,1.0,LONG_TP,LONG_TP
12705,1.0,LONG_TP,LONG_TP
12706,1.0,LONG_TP,LONG_TP
12707,1.0,LONG_TP,LONG_TP
12708,1.0,LONG_TP,LONG_TP
12709,1.0,LONG_TP,LONG_TP
12710,1.0,LONG_TP,LONG_TP
12711,1.0,LONG_TP,LONG_TP
12712,1.0,LONG_TP,LONG_TP
12713,1.0,LONG_TP,LONG_TP
12714,1.0,LONG_TP,LONG_TP
12715,1.0,LONG_TP,LONG_TP
12716,1.0,LONG_TP,LONG_TP
12717,1.0,LONG_TP,LONG_TP
12718,1.0,LONG_TP,LONG_TP
12719,-1.0,SHORT_TP,SHORT_TP
12720,-1.0,SHORT_TP,SHORT_TP
12721,-1.0,SHORT_TP,SHORT_TP
12722,-1.0,SHORT_TP,SHORT_TP
12723,-1.0,SHORT_TP,SHORT_TP
12724,-1.0,SHORT_TP,SHORT_TP
12725,-1.0,SHORT_TP,SHORT_TP
12726,-1.0,SHORT_TP,SHORT_TP
12727,1.0,LONG_TP,LONG_TP
12728,1.0,LONG_TP,LONG_TP
12729,1.0,LONG_TP,LONG_TP
12730,1.0,LONG_TP,LONG_TP
12731,1.0,LONG_TP,LONG_TP
12732,1.0,LONG_TP,LONG_TP
12733,1.0,LONG_TP,LONG_TP
12734,1.0,LONG_TP,LONG_TP
12735,1.0,LONG_TP,LONG_TP
12736,-1.0,SHORT_TP,SHORT_TP
12737,1.0,LONG_TP,LONG_TP
12738,-1.0,SHORT_TP,SHORT_TP
12739,-1.0,SHORT_TP,SHORT_TP
12740,1.0,LONG_TP,LONG_TP
12741,1.0,LONG_TP,LONG_TP
12742,1.0,LONG_TP,LONG_TP
12743,1.0,LONG_TP,LONG_TP
12744,-1.0,SHORT_TP,SHORT_TP
12745,-1.0,SHORT_TP,SHORT_TP
12746,-1.0,SHORT_TP,SHORT_TP
12747,-1.0,SHORT_TP,SHORT_TP
12748,-1.0,SHORT_TP,SHORT_TP
12749,-1.0,SHORT_TP,SHORT_TP
12750,-1.0,SHORT_TP,SHORT_TP
12751,-1.0,SHORT_TP,SHORT_TP
12752,-1.0,SHORT_TP,SHORT_TP
12753,-1.0,SHORT_TP,SHORT_TP
12754,-1.0,SHORT_TP,SHORT_TP
12755,-1.0,SHORT_TP,SHORT_TP
12756,-1.0,SHORT_TP,SHORT_TP
12757,-1.0,SHORT_TP,SHORT_TP
12758,-1.0,SHORT_TP,SHORT_TP
12759,-1.0,SHORT_TP,SHORT_TP
12760,-1.0,SHORT_TP,SHORT_TP
12761,1.0,LONG_TP,LONG_TP
12762,1.0,LONG_TP,LONG_TP
12763,1.0,LONG_TP,LONG_TP
12764,1.0,LONG_TP,LONG_TP
12765,1.0,LONG_TP,LONG_TP
12766,-1.0,SHORT_TP,SHORT_TP
12767,-1.0,SHORT_TP,SHORT_TP
12768,-1.0,SHORT_TP,SHORT_TP
12769,-1.0,SHORT_TP,SHORT_TP
12770,-1.0,SHORT_TP,SHORT_TP
12771,-1.0,SHORT_TP,SHORT_TP
12772,-1.0,SHORT_TP,SHORT_TP
12773,-1.0,SHORT_TP,SHORT_TP
12774,-1.0,SHORT_TP,SHORT_TP
12775,-1.0,SHORT_TP,SHORT_TP
12776,-1.0,SHORT_TP,SHORT_TP
12777,-1.0,SHORT_TP,SHORT_TP
12778,-1.0,SHORT_TP,SHORT_TP
12779,-1.0,SHORT_TP,SHORT_TP
12780,-1.0,SHORT_TP,SHORT_TP
12781,-1.0,SHORT_TP,SHORT_TP
12782,1.0,LONG_TP,LONG_TP
12783,1.0,LONG_TP,LONG_TP
12784,1.0,LONG_TP,LONG_TP
12785,1.0,LONG_TP,LONG_TP
12786,1.0,LONG_TP,LONG_TP
12787,1.0,LONG_TP,LONG_TP
12788,1.0,LONG_TP,LONG_TP
12789,1.0,LONG_TP,LONG_TP
12790,-1.0,SHORT_TP,SHORT_TP
12791,-1.0,SHORT_TP,SHORT_TP
12792,-1.0,SHORT_TP,SHORT_TP
12793,1.0,LONG_TP,LONG_TP
12794,1.0,LONG_TP,LONG_TP
12795,-1.0,SHORT_TP,SHORT_TP
12796,-1.0,SHORT_TP,SHORT_TP
12797,-1.0,SHORT_TP,SHORT_TP
12798,-1.0,SHORT_TP,SHORT_TP
12799,-1.0,SHORT_TP,SHORT_TP
12800,-1.0,SHORT_TP,SHORT_TP
12801,-1.0,SHORT_TP,SHORT_TP
12802,-1.0,SHORT_TP,SHORT_TP
12803,-1.0,SHORT_TP,SHORT_TP
12804,-1.0,SHORT_TP,SHORT_TP
12805,-1.0,SHORT_TP,SHORT_TP
12806,-1.0,SHORT_TP,SHORT_TP
12807,-1.0,SHORT_TP,SHORT_TP
12808,-1.0,SHORT_TP,SHORT_TP
12809,-1.0,SHORT_TP,SHORT_TP
12810,1.0,LONG_TP,LONG_TP
12811,-1.0,SHORT_TP,SHORT_TP
12812,-1.0,SHORT_TP,SHORT_TP
12813,-1.0,SHORT_TP,SHORT_TP
12814,-1.0,SHORT_TP,SHORT_TP
12815,-1.0,SHORT_TP,SHORT_TP
12816,-1.0,SHORT_TP,SHORT_TP
12817,-1.0,SHORT_TP,SHORT_TP
12818,-1.0,SHORT_TP,SHORT_TP
12819,-1.0,SHORT_TP,SHORT_TP
12820,-1.0,SHORT_TP,SHORT_TP
12821,-1.0,SHORT_TP,SHORT_TP
12822,1.0,LONG_TP,LONG_TP
12823,1.0,LONG_TP,LONG_TP
12824,1.0,LONG_TP,LONG_TP
12825,1.0,LONG_TP,LONG_TP
12826,1.0,LONG_TP,LONG_TP
12827,1.0,LONG_TP,LONG_TP
12828,1.0,LONG_TP,LONG_TP
12829,1.0,LONG_TP,LONG_TP
12830,1.0,LONG_TP,LONG_TP
12831,1.0,LONG_TP,LONG_TP
12832,1.0,LONG_TP,LONG_TP
12833,1.0,LONG_TP,LONG_TP
12834,1.0,LONG_TP,LONG_TP
12835,1.0,LONG_TP,LONG_TP
12836,1.0,LONG_TP,LONG_TP
12837,1.0,LONG_TP,LONG_TP
12838,1.0,LONG_TP,LONG_TP
12839,1.0,LONG_TP,LONG_TP
12840,1.0,LONG_TP,LONG_TP
12841,1.0,LONG_TP,LONG_TP
12842,1.0,LONG_TP,LONG_TP
12843,1.0,LONG_TP,LONG_TP
12844,1.0,LONG_TP,LONG_TP
12845,1.0,LONG_TP,LONG_TP
12846,1.0,LONG_TP,LONG_TP
12847,1.0,LONG_TP,LONG_TP
12848,1.0,LONG_TP,LONG_TP
12849,1.0,LONG_TP,LONG_TP
12850,1.0,LONG_TP,LONG_TP
12851,1.0,LONG_TP,LONG_TP
12852,1.0,LONG_TP,LONG_TP
12853,1.0,LONG_TP,LONG_TP
12854,1.0,LONG_TP,LONG_TP
12855,1.0,LONG_TP,LONG_TP
12856,1.0,LONG_TP,LONG_TP
12857,1.0,LONG_TP,LONG_TP
12858,1.0,LONG_TP,LONG_TP
12859,1.0,LONG_TP,LONG_TP
12860,1.0,LONG_TP,LONG_TP
12861,1.0,LONG_TP,LONG_TP
12862,1.0,LONG_TP,LONG_TP
12863,1.0,LONG_TP,LONG_TP
12864,1.0,LONG_TP,LONG_TP
12865,1.0,LONG_TP,LONG_TP
12866,1.0,LONG_TP,LONG_TP
12867,1.0,LONG_TP,LONG_TP
12868,1.0,LONG_TP,LONG_TP
12869,1.0,LONG_TP,LONG_TP
12870,1.0,LONG_TP,LONG_TP
12871,1.0,LONG_TP,LONG_TP
12872,1.0,LONG_TP,LONG_TP
12873,1.0,LONG_TP,LONG_TP
12874,1.0,LONG_TP,LONG_TP
12875,1.0,LONG_TP,LONG_TP
12876,1.0,LONG_TP,LONG_TP
12877,1.0,LONG_TP,LONG_TP
12878,1.0,LONG_TP,LONG_TP
12879,1.0,LONG_TP,LONG_TP
12880,1.0,LONG_TP,LONG_TP
12881,1.0,LONG_TP,LONG_TP
12882,1.0,LONG_TP,LONG_TP
12883,1.0,LONG_TP,LONG_TP
12884,1.0,LONG_TP,LONG_TP
12885,1.0,LONG_TP,LONG_TP
12886,1.0,LONG_TP,LONG_TP
12887,1.0,LONG_TP,LONG_TP
12888,1.0,LONG_TP,LONG_TP
12889,1.0,LONG_TP,LONG_TP
12890,1.0,LONG_TP,LONG_TP
12891,1.0,LONG_TP,LONG_TP
12892,1.0,LONG_TP,LONG_TP
12893,1.0,LONG_TP,LONG_TP
12894,1.0,LONG_TP,LONG_TP
12895,1.0,LONG_TP,LONG_TP
12896,1.0,LONG_TP,LONG_TP
12897,1.0,LONG_TP,LONG_TP
12898,1.0,LONG_TP,LONG_TP
12899,1.0,LONG_TP,LONG_TP
12900,-1.0,SHORT_TP,SHORT_TP
12901,-1.0,SHORT_TP,SHORT_TP
12902,1.0,LONG_TP,LONG_TP
12903,1.0,LONG_TP,LONG_TP
12904,-1.0,SHORT_TP,SHORT_TP
12905,-1.0,SHORT_TP,SHORT_TP
12906,-1.0,SHORT_TP,SHORT_TP
12907,-1.0,SHORT_TP,SHORT_TP
12908,1.0,LONG_TP,LONG_TP
12909,1.0,LONG_TP,LONG_TP
12910,1.0,LONG_TP,LONG_TP
12911,1.0,LONG_TP,LONG_TP
12912,1.0,LONG_TP,LONG_TP
12913,1.0,LONG_TP,LONG_TP
12914,1.0,LONG_TP,LONG_TP
12915,1.0,LONG_TP,LONG_TP
12916,1.0,LONG_TP,LONG_TP
12917,-1.0,SHORT_TP,SHORT_TP
12918,-1.0,SHORT_TP,SHORT_TP
12919,-1.0,SHORT_TP,SHORT_TP
12920,1.0,LONG_TP,LONG_TP
12921,1.0,LONG_TP,LONG_TP
12922,1.0,LONG_TP,LONG_TP
12923,1.0,LONG_TP,LONG_TP
12924,1.0,LONG_TP,LONG_TP
12925,1.0,LONG_TP,LONG_TP
12926,-1.0,SHORT_TP,SHORT_TP
12927,-1.0,SHORT_TP,SHORT_TP
12928,-1.0,SHORT_TP,SHORT_TP
12929,-1.0,SHORT_TP,SHORT_TP
12930,-1.0,SHORT_TP,SHORT_TP
12931,-1.0,SHORT_TP,SHORT_TP
12932,-1.0,SHORT_TP,SHORT_TP
12933,1.0,LONG_TP,LONG_TP
12934,1.0,LONG_TP,LONG_TP
12935,1.0,LONG_TP,LONG_TP
12936,1.0,LONG_TP,LONG_TP
12937,1.0,LONG_TP,LONG_TP
12938,1.0,LONG_TP,LONG_TP
12939,1.0,LONG_TP,LONG_TP
12940,1.0,LONG_TP,LONG_TP
12941,1.0,LONG_TP,LONG_TP
12942,1.0,LONG_TP,LONG_TP
12943,1.0,LONG_TP,LONG_TP
12944,1.0,LONG_TP,LONG_TP
12945,1.0,LONG_TP,LONG_TP
12946,1.0,LONG_TP,LONG_TP
12947,1.0,LONG_TP,LONG_TP
12948,1.0,LONG_TP,LONG_TP
12949,1.0,LONG_TP,LONG_TP
12950,1.0,LONG_TP,LONG_TP
12951,1.0,LONG_TP,LONG_TP
12952,1.0,LONG_TP,LONG_TP
12953,1.0,LONG_TP,LONG_TP
12954,1.0,LONG_TP,LONG_TP
12955,1.0,LONG_TP,LONG_TP
12956,1.0,LONG_TP,LONG_TP
12957,1.0,LONG_TP,LONG_TP
12958,1.0,LONG_TP,LONG_TP
12959,1.0,LONG_TP,LONG_TP
12960,1.0,LONG_TP,LONG_TP
12961,1.0,LONG_TP,LONG_TP
12962,1.0,LONG_TP,LONG_TP
12963,1.0,LONG_TP,LONG_TP
12964,1.0,LONG_TP,LONG_TP
12965,1.0,LONG_TP,LONG_TP
12966,1.0,LONG_TP,LONG_TP
12967,1.0,LONG_TP,LONG_TP
12968,1.0,LONG_TP,LONG_TP
12969,1.0,LONG_TP,LONG_TP
12970,1.0,LONG_TP,LONG_TP
12971,1.0,LONG_TP,LONG_TP
12972,1.0,LONG_TP,LONG_TP
12973,-1.0,SHORT_TP,SHORT_TP
12974,1.0,LONG_TP,LONG_TP
12975,1.0,LONG_TP,LONG_TP
12976,1.0,LONG_TP,LONG_TP
12977,1.0,LONG_TP,LONG_TP
12978,1.0,LONG_TP,LONG_TP
12979,-1.0,SHORT_TP,SHORT_TP
12980,-1.0,SHORT_TP,SHORT_TP
12981,-1.0,SHORT_TP,SHORT_TP
12982,-1.0,SHORT_TP,SHORT_TP
12983,-1.0,SHORT_TP,SHORT_TP
12984,-1.0,SHORT_TP,SHORT_TP
12985,-1.0,SHORT_TP,SHORT_TP
12986,-1.0,SHORT_TP,SHORT_TP
12987,-1.0,SHORT_TP,SHORT_TP
12988,-1.0,SHORT_TP,SHORT_TP
12989,1.0,LONG_TP,LONG_TP
12990,1.0,LONG_TP,LONG_TP
12991,-1.0,SHORT_TP,SHORT_TP
12992,-1.0,SHORT_TP,SHORT_TP
12993,1.0,LONG_TP,LONG_TP
12994,1.0,LONG_TP,LONG_TP
12995,1.0,LONG_TP,LONG_TP
12996,1.0,LONG_TP,LONG_TP
12997,1.0,LONG_TP,LONG_TP
12998,1.0,LONG_TP,LONG_TP
12999,1.0,LONG_TP,LONG_TP
13000,1.0,LONG_TP,LONG_TP
13001,1.0,LONG_TP,LONG_TP
13002,1.0,LONG_TP,LONG_TP
13003,1.0,LONG_TP,LONG_TP
13004,1.0,LONG_TP,LONG_TP
13005,1.0,LONG_TP,LONG_TP
13006,1.0,LONG_TP,LONG_TP
13007,1.0,LONG_TP,LONG_TP
13008,1.0,LONG_TP,LONG_TP
13009,1.0,LONG_TP,LONG_TP
13010,1.0,LONG_TP,LONG_TP
13011,1.0,LONG_TP,LONG_TP
13012,1.0,LONG_TP,LONG_TP
13013,1.0,LONG_TP,LONG_TP
13014,1.0,LONG_TP,LONG_TP
13015,-1.0,SHORT_TP,SHORT_TP
13016,-1.0,SHORT_TP,SHORT_TP
13017,-1.0,SHORT_TP,SHORT_TP
13018,-1.0,SHORT_TP,SHORT_TP
13019,-1.0,SHORT_TP,SHORT_TP
13020,-1.0,SHORT_TP,SHORT_TP
13021,-1.0,SHORT_TP,SHORT_TP
13022,-1.0,SHORT_TP,SHORT_TP
13023,-1.0,SHORT_TP,SHORT_TP
13024,-1.0,SHORT_TP,SHORT_TP
13025,-1.0,SHORT_TP,SHORT_TP
13026,-1.0,SHORT_TP,SHORT_TP
13027,-1.0,SHORT_TP,SHORT_TP
13028,-1.0,SHORT_TP,SHORT_TP
13029,-1.0,SHORT_TP,SHORT_TP
13030,-1.0,SHORT_TP,SHORT_TP
13031,-1.0,SHORT_TP,SHORT_TP
13032,-1.0,SHORT_TP,SHORT_TP
13033,-1.0,SHORT_TP,SHORT_TP
13034,-1.0,SHORT_TP,SHORT_TP
13035,-1.0,SHORT_TP,SHORT_TP
13036,-1.0,SHORT_TP,SHORT_TP
13037,-1.0,SHORT_TP,SHORT_TP
13038,-1.0,SHORT_TP,SHORT_TP
13039,-1.0,SHORT_TP,SHORT_TP
13040,-1.0,SHORT_TP,SHORT_TP
13041,-1.0,SHORT_TP,SHORT_TP
13042,-1.0,SHORT_TP,SHORT_TP
13043,-1.0,SHORT_TP,SHORT_TP
13044,-1.0,SHORT_TP,SHORT_TP
13045,1.0,LONG_TP,LONG_TP
13046,1.0,LONG_TP,LONG_TP
13047,1.0,LONG_TP,LONG_TP
13048,1.0,LONG_TP,LONG_TP
13049,-1.0,SHORT_TP,SHORT_TP
13050,-1.0,SHORT_TP,SHORT_TP
13051,-1.0,SHORT_TP,SHORT_TP
13052,-1.0,SHORT_TP,SHORT_TP
13053,-1.0,SHORT_TP,SHORT_TP
13054,-1.0,SHORT_TP,SHORT_TP
13055,-1.0,SHORT_TP,SHORT_TP
13056,-1.0,SHORT_TP,SHORT_TP
13057,-1.0,SHORT_TP,SHORT_TP
13058,-1.0,SHORT_TP,SHORT_TP
13059,-1.0,SHORT_TP,SHORT_TP
13060,-1.0,SHORT_TP,SHORT_TP
13061,-1.0,SHORT_TP,SHORT_TP
13062,-1.0,SHORT_TP,SHORT_TP
13063,-1.0,SHORT_TP,SHORT_TP
13064,-1.0,SHORT_TP,SHORT_TP
13065,-1.0,SHORT_TP,SHORT_TP
13066,-1.0,SHORT_TP,SHORT_TP
13067,-1.0,SHORT_TP,SHORT_TP
13068,-1.0,SHORT_TP,SHORT_TP
13069,-1.0,SHORT_TP,SHORT_TP
13070,-1.0,SHORT_TP,SHORT_TP
13071,-1.0,SHORT_TP,SHORT_TP
13072,-1.0,SHORT_TP,SHORT_TP
13073,-1.0,SHORT_TP,SHORT_TP
13074,-1.0,SHORT_TP,SHORT_TP
13075,-1.0,SHORT_TP,SHORT_TP
13076,-1.0,SHORT_TP,SHORT_TP
13077,-1.0,SHORT_TP,SHORT_TP
13078,-1.0,SHORT_TP,SHORT_TP
13079,-1.0,SHORT_TP,SHORT_TP
13080,-1.0,SHORT_TP,SHORT_TP
13081,-1.0,SHORT_TP,SHORT_TP
13082,-1.0,SHORT_TP,SHORT_TP
13083,1.0,LONG_TP,LONG_TP
13084,1.0,LONG_TP,LONG_TP
13085,1.0,LONG_TP,LONG_TP
13086,1.0,LONG_TP,LONG_TP
13087,1.0,LONG_TP,LONG_TP
13088,-1.0,SHORT_TP,SHORT_TP
13089,-1.0,SHORT_TP,SHORT_TP
13090,-1.0,SHORT_TP,SHORT_TP
13091,-1.0,SHORT_TP,SHORT_TP
13092,-1.0,SHORT_TP,SHORT_TP
13093,-1.0,SHORT_TP,SHORT_TP
13094,-1.0,SHORT_TP,SHORT_TP
13095,-1.0,SHORT_TP,SHORT_TP
13096,-1.0,SHORT_TP,SHORT_TP
13097,-1.0,SHORT_TP,SHORT_TP
13098,-1.0,SHORT_TP,SHORT_TP
13099,-1.0,SHORT_TP,SHORT_TP
13100,-1.0,SHORT_TP,SHORT_TP
13101,-1.0,SHORT_TP,SHORT_TP
13102,-1.0,SHORT_TP,SHORT_TP
13103,-1.0,SHORT_TP,SHORT_TP
13104,-1.0,SHORT_TP,SHORT_TP
13105,-1.0,SHORT_TP,SHORT_TP
13106,-1.0,SHORT_TP,SHORT_TP
13107,-1.0,SHORT_TP,SHORT_TP
13108,-1.0,SHORT_TP,SHORT_TP
13109,-1.0,SHORT_TP,SHORT_TP
13110,-1.0,SHORT_TP,SHORT_TP
13111,1.0,LONG_TP,LONG_TP
13112,1.0,LONG_TP,LONG_TP
13113,1.0,LONG_TP,LONG_TP
13114,1.0,LONG_TP,LONG_TP
13115,-1.0,SHORT_TP,SHORT_TP
13116,-1.0,SHORT_TP,SHORT_TP
13117,-1.0,SHORT_TP,SHORT_TP
13118,-1.0,SHORT_TP,SHORT_TP
13119,-1.0,SHORT_TP,SHORT_TP
13120,1.0,LONG_TP,LONG_TP
13121,1.0,LONG_TP,LONG_TP
13122,1.0,LONG_TP,LONG_TP
13123,1.0,LONG_TP,LONG_TP
13124,1.0,LONG_TP,LONG_TP
13125,1.0,LONG_TP,LONG_TP
13126,1.0,LONG_TP,LONG_TP
13127,1.0,LONG_TP,LONG_TP
13128,1.0,LONG_TP,LONG_TP
13129,1.0,LONG_TP,LONG_TP
13130,1.0,LONG_TP,LONG_TP
13131,1.0,LONG_TP,LONG_TP
13132,1.0,LONG_TP,LONG_TP
13133,1.0,LONG_TP,LONG_TP
13134,1.0,LONG_TP,LONG_TP
13135,1.0,LONG_TP,LONG_TP
13136,1.0,LONG_TP,LONG_TP
13137,1.0,LONG_TP,LONG_TP
13138,1.0,LONG_TP,LONG_TP
13139,1.0,LONG_TP,LONG_TP
13140,1.0,LONG_TP,LONG_TP
13141,1.0,LONG_TP,LONG_TP
13142,1.0,LONG_TP,LONG_TP
13143,1.0,LONG_TP,LONG_TP
13144,1.0,LONG_TP,LONG_TP
13145,1.0,LONG_TP,LONG_TP
13146,1.0,LONG_TP,LONG_TP
13147,1.0,LONG_TP,LONG_TP
13148,1.0,LONG_TP,LONG_TP
13149,1.0,LONG_TP,LONG_TP
13150,1.0,LONG_TP,LONG_TP
13151,1.0,LONG_TP,LONG_TP
13152,1.0,LONG_TP,LONG_TP
13153,1.0,LONG_TP,LONG_TP
13154,1.0,LONG_TP,LONG_TP
13155,1.0,LONG_TP,LONG_TP
13156,1.0,LONG_TP,LONG_TP
13157,1.0,LONG_TP,LONG_TP
13158,1.0,LONG_TP,LONG_TP
13159,1.0,LONG_TP,LONG_TP
13160,1.0,LONG_TP,LONG_TP
13161,1.0,LONG_TP,LONG_TP
13162,1.0,LONG_TP,LONG_TP
13163,1.0,LONG_TP,LONG_TP
13164,1.0,LONG_TP,LONG_TP
13165,1.0,LONG_TP,LONG_TP
13166,1.0,LONG_TP,LONG_TP
13167,1.0,LONG_TP,LONG_TP
13168,1.0,LONG_TP,LONG_TP
13169,1.0,LONG_TP,LONG_TP
13170,1.0,LONG_TP,LONG_TP
13171,1.0,LONG_TP,LONG_TP
13172,-1.0,SHORT_TP,SHORT_TP
13173,-1.0,SHORT_TP,SHORT_TP
13174,-1.0,SHORT_TP,SHORT_TP
13175,-1.0,SHORT_TP,SHORT_TP
13176,-1.0,SHORT_TP,SHORT_TP
13177,-1.0,SHORT_TP,SHORT_TP
13178,-1.0,SHORT_TP,SHORT_TP
13179,1.0,LONG_TP,LONG_TP
13180,1.0,LONG_TP,LONG_TP
13181,1.0,LONG_TP,LONG_TP
13182,1.0,LONG_TP,LONG_TP
13183,1.0,LONG_TP,LONG_TP
13184,1.0,LONG_TP,LONG_TP
13185,1.0,LONG_TP,LONG_TP
13186,1.0,LONG_TP,LONG_TP
13187,1.0,LONG_TP,LONG_TP
13188,1.0,LONG_TP,LONG_TP
13189,1.0,LONG_TP,LONG_TP
13190,1.0,LONG_TP,LONG_TP
13191,1.0,LONG_TP,LONG_TP
13192,1.0,LONG_TP,LONG_TP
13193,1.0,LONG_TP,LONG_TP
13194,1.0,LONG_TP,LONG_TP
13195,1.0,LONG_TP,LONG_TP
13196,1.0,LONG_TP,LONG_TP
13197,1.0,LONG_TP,LONG_TP
13198,1.0,LONG_TP,LONG_TP
13199,1.0,LONG_TP,LONG_TP
13200,1.0,LONG_TP,LONG_TP
13201,1.0,LONG_TP,LONG_TP
13202,1.0,LONG_TP,LONG_TP
13203,1.0,LONG_TP,LONG_TP
13204,1.0,LONG_TP,LONG_TP
13205,1.0,LONG_TP,LONG_TP
13206,1.0,LONG_TP,LONG_TP
13207,1.0,LONG_TP,LONG_TP
13208,1.0,LONG_TP,LONG_TP
13209,1.0,LONG_TP,LONG_TP
13210,1.0,LONG_TP,LONG_TP
13211,1.0,LONG_TP,LONG_TP
13212,1.0,LONG_TP,LONG_TP
13213,1.0,LONG_TP,LONG_TP
13214,1.0,LONG_TP,LONG_TP
13215,1.0,LONG_TP,LONG_TP
13216,1.0,LONG_TP,LONG_TP
13217,1.0,LONG_TP,LONG_TP
13218,1.0,LONG_TP,LONG_TP
13219,1.0,LONG_TP,LONG_TP
13220,1.0,LONG_TP,LONG_TP
13221,1.0,LONG_TP,LONG_TP
13222,-1.0,SHORT_TP,SHORT_TP
13223,-1.0,SHORT_TP,SHORT_TP
13224,-1.0,SHORT_TP,SHORT_TP
13225,1.0,LONG_TP,LONG_TP
13226,-1.0,SHORT_TP,SHORT_TP
13227,-1.0,SHORT_TP,SHORT_TP
13228,-1.0,SHORT_TP,SHORT_TP
13229,-1.0,SHORT_TP,SHORT_TP
13230,-1.0,SHORT_TP,SHORT_TP
13231,-1.0,SHORT_TP,SHORT_TP
13232,1.0,LONG_TP,LONG_TP
13233,1.0,LONG_TP,LONG_TP
13234,1.0,LONG_TP,LONG_TP
13235,1.0,LONG_TP,LONG_TP
13236,1.0,LONG_TP,LONG_TP
13237,-1.0,SHORT_TP,SHORT_TP
13238,-1.0,SHORT_TP,SHORT_TP
13239,-1.0,SHORT_TP,SHORT_TP
13240,-1.0,SHORT_TP,SHORT_TP
13241,-1.0,SHORT_TP,SHORT_TP
13242,-1.0,SHORT_TP,SHORT_TP
13243,-1.0,SHORT_TP,SHORT_TP
13244,-1.0,SHORT_TP,SHORT_TP
13245,-1.0,SHORT_TP,SHORT_TP
13246,-1.0,SHORT_TP,SHORT_TP
13247,-1.0,SHORT_TP,SHORT_TP
13248,-1.0,SHORT_TP,SHORT_TP
13249,-1.0,SHORT_TP,SHORT_TP
13250,-1.0,SHORT_TP,SHORT_TP
13251,-1.0,SHORT_TP,SHORT_TP
13252,-1.0,SHORT_TP,SHORT_TP
13253,-1.0,SHORT_TP,SHORT_TP
13254,-1.0,SHORT_TP,SHORT_TP
13255,-1.0,SHORT_TP,SHORT_TP
13256,-1.0,SHORT_TP,SHORT_TP
13257,-1.0,SHORT_TP,SHORT_TP
13258,-1.0,SHORT_TP,SHORT_TP
13259,-1.0,SHORT_TP,SHORT_TP
13260,-1.0,SHORT_TP,SHORT_TP
13261,1.0,LONG_TP,LONG_TP
13262,-1.0,SHORT_TP,SHORT_TP
13263,-1.0,SHORT_TP,SHORT_TP
13264,-1.0,SHORT_TP,SHORT_TP
13265,-1.0,SHORT_TP,SHORT_TP
13266,-1.0,SHORT_TP,SHORT_TP
13267,-1.0,SHORT_TP,SHORT_TP
13268,-1.0,SHORT_TP,SHORT_TP
13269,-1.0,SHORT_TP,SHORT_TP
13270,-1.0,SHORT_TP,SHORT_TP
13271,-1.0,SHORT_TP,SHORT_TP
13272,-1.0,SHORT_TP,SHORT_TP
13273,-1.0,SHORT_TP,SHORT_TP
13274,-1.0,SHORT_TP,SHORT_TP
13275,-1.0,SHORT_TP,SHORT_TP
13276,-1.0,SHORT_TP,SHORT_TP
13277,-1.0,SHORT_TP,SHORT_TP
13278,-1.0,SHORT_TP,SHORT_TP
13279,-1.0,SHORT_TP,SHORT_TP
13280,-1.0,SHORT_TP,SHORT_TP
13281,1.0,LONG_TP,LONG_TP
13282,-1.0,SHORT_TP,SHORT_TP
13283,-1.0,SHORT_TP,SHORT_TP
13284,-1.0,SHORT_TP,SHORT_TP
13285,-1.0,SHORT_TP,SHORT_TP
13286,-1.0,SHORT_TP,SHORT_TP
13287,-1.0,SHORT_TP,SHORT_TP
13288,1.0,LONG_TP,LONG_TP
13289,1.0,LONG_TP,LONG_TP
13290,1.0,LONG_TP,LONG_TP
13291,1.0,LONG_TP,LONG_TP
13292,1.0,LONG_TP,LONG_TP
13293,1.0,LONG_TP,LONG_TP
13294,1.0,LONG_TP,LONG_TP
13295,1.0,LONG_TP,LONG_TP
13296,1.0,LONG_TP,LONG_TP
13297,1.0,LONG_TP,LONG_TP
13298,1.0,LONG_TP,LONG_TP
13299,1.0,LONG_TP,LONG_TP
13300,1.0,LONG_TP,LONG_TP
13301,1.0,LONG_TP,LONG_TP
13302,1.0,LONG_TP,LONG_TP
13303,1.0,LONG_TP,LONG_TP
13304,1.0,LONG_TP,LONG_TP
13305,-1.0,SHORT_TP,SHORT_TP
13306,-1.0,SHORT_TP,SHORT_TP
13307,-1.0,SHORT_TP,SHORT_TP
13308,-1.0,SHORT_TP,SHORT_TP
13309,-1.0,SHORT_TP,SHORT_TP
13310,-1.0,SHORT_TP,SHORT_TP
13311,-1.0,SHORT_TP,SHORT_TP
13312,-1.0,SHORT_TP,SHORT_TP
13313,-1.0,SHORT_TP,SHORT_TP
13314,-1.0,SHORT_TP,SHORT_TP
13315,-1.0,SHORT_TP,SHORT_TP
13316,-1.0,SHORT_TP,SHORT_TP
13317,-1.0,SHORT_TP,SHORT_TP
13318,-1.0,SHORT_TP,SHORT_TP
13319,-1.0,SHORT_TP,SHORT_TP
13320,-1.0,SHORT_TP,SHORT_TP
13321,-1.0,SHORT_TP,SHORT_TP
13322,-1.0,SHORT_TP,SHORT_TP
13323,-1.0,SHORT_TP,SHORT_TP
13324,1.0,LONG_TP,LONG_TP
13325,1.0,LONG_TP,LONG_TP
13326,1.0,LONG_TP,LONG_TP
13327,1.0,LONG_TP,LONG_TP
13328,1.0,LONG_TP,LONG_TP
13329,1.0,LONG_TP,LONG_TP
13330,1.0,LONG_TP,LONG_TP
13331,1.0,LONG_TP,LONG_TP
13332,1.0,LONG_TP,LONG_TP
13333,1.0,LONG_TP,LONG_TP
13334,1.0,LONG_TP,LONG_TP
13335,1.0,LONG_TP,LONG_TP
13336,1.0,LONG_TP,LONG_TP
13337,1.0,LONG_TP,LONG_TP
13338,1.0,LONG_TP,LONG_TP
13339,1.0,LONG_TP,LONG_TP
13340,1.0,LONG_TP,LONG_TP
13341,-1.0,SHORT_TP,SHORT_TP
13342,-1.0,SHORT_TP,SHORT_TP
13343,-1.0,SHORT_TP,SHORT_TP
13344,-1.0,SHORT_TP,SHORT_TP
13345,1.0,LONG_TP,LONG_TP
13346,1.0,LONG_TP,LONG_TP
13347,1.0,LONG_TP,LONG_TP
13348,-1.0,SHORT_TP,SHORT_TP
13349,-1.0,SHORT_TP,SHORT_TP
13350,-1.0,SHORT_TP,SHORT_TP
13351,-1.0,SHORT_TP,SHORT_TP
13352,-1.0,SHORT_TP,SHORT_TP
13353,-1.0,SHORT_TP,SHORT_TP
13354,-1.0,SHORT_TP,SHORT_TP
13355,-1.0,SHORT_TP,SHORT_TP
13356,-1.0,SHORT_TP,SHORT_TP
13357,-1.0,SHORT_TP,SHORT_TP
13358,-1.0,SHORT_TP,SHORT_TP
13359,-1.0,SHORT_TP,SHORT_TP
13360,-1.0,SHORT_TP,SHORT_TP
13361,-1.0,SHORT_TP,SHORT_TP
13362,-1.0,SHORT_TP,SHORT_TP
13363,-1.0,SHORT_TP,SHORT_TP
13364,-1.0,SHORT_TP,SHORT_TP
13365,-1.0,SHORT_TP,SHORT_TP
13366,-1.0,SHORT_TP,SHORT_TP
13367,-1.0,SHORT_TP,SHORT_TP
13368,-1.0,SHORT_TP,SHORT_TP
13369,-1.0,SHORT_TP,SHORT_TP
13370,-1.0,SHORT_TP,SHORT_TP
13371,-1.0,SHORT_TP,SHORT_TP
13372,-1.0,SHORT_TP,SHORT_TP
13373,-1.0,SHORT_TP,SHORT_TP
13374,1.0,LONG_TP,LONG_TP
13375,1.0,LONG_TP,LONG_TP
13376,1.0,LONG_TP,LONG_TP
13377,1.0,LONG_TP,LONG_TP
13378,1.0,LONG_TP,LONG_TP
13379,1.0,LONG_TP,LONG_TP
13380,1.0,LONG_TP,LONG_TP
13381,1.0,LONG_TP,LONG_TP
13382,1.0,LONG_TP,LONG_TP
13383,1.0,LONG_TP,LONG_TP
13384,1.0,LONG_TP,LONG_TP
13385,1.0,LONG_TP,LONG_TP
13386,-1.0,SHORT_TP,SHORT_TP
13387,-1.0,SHORT_TP,SHORT_TP
13388,-1.0,SHORT_TP,SHORT_TP
13389,-1.0,SHORT_TP,SHORT_TP
13390,-1.0,SHORT_TP,SHORT_TP
13391,-1.0,SHORT_TP,SHORT_TP
13392,-1.0,SHORT_TP,SHORT_TP
13393,-1.0,SHORT_TP,SHORT_TP
13394,-1.0,SHORT_TP,SHORT_TP
13395,-1.0,SHORT_TP,SHORT_TP
13396,-1.0,SHORT_TP,SHORT_TP
13397,-1.0,SHORT_TP,SHORT_TP
13398,-1.0,SHORT_TP,SHORT_TP
13399,-1.0,SHORT_TP,SHORT_TP
13400,-1.0,SHORT_TP,SHORT_TP
13401,-1.0,SHORT_TP,SHORT_TP
13402,-1.0,SHORT_TP,SHORT_TP
13403,-1.0,SHORT_TP,SHORT_TP
13404,-1.0,SHORT_TP,SHORT_TP
13405,-1.0,SHORT_TP,SHORT_TP
13406,-1.0,SHORT_TP,SHORT_TP
13407,-1.0,SHORT_TP,SHORT_TP
13408,-1.0,SHORT_TP,SHORT_TP
13409,-1.0,SHORT_TP,SHORT_TP
13410,-1.0,SHORT_TP,SHORT_TP
13411,-1.0,SHORT_TP,SHORT_TP
13412,-1.0,SHORT_TP,SHORT_TP
13413,-1.0,SHORT_TP,SHORT_TP
13414,-1.0,SHORT_TP,SHORT_TP
13415,-1.0,SHORT_TP,SHORT_TP
13416,-1.0,SHORT_TP,SHORT_TP
13417,-1.0,SHORT_TP,SHORT_TP
13418,-1.0,SHORT_TP,SHORT_TP
13419,1.0,LONG_TP,LONG_TP
13420,1.0,LONG_TP,LONG_TP
13421,1.0,LONG_TP,LONG_TP
13422,1.0,LONG_TP,LONG_TP
13423,1.0,LONG_TP,LONG_TP
13424,1.0,LONG_TP,LONG_TP
13425,1.0,LONG_TP,LONG_TP
13426,1.0,LONG_TP,LONG_TP
13427,1.0,LONG_TP,LONG_TP
13428,1.0,LONG_TP,LONG_TP
13429,1.0,LONG_TP,LONG_TP
13430,1.0,LONG_TP,LONG_TP
13431,1.0,LONG_TP,LONG_TP
13432,1.0,LONG_TP,LONG_TP
13433,1.0,LONG_TP,LONG_TP
13434,1.0,LONG_TP,LONG_TP
13435,1.0,LONG_TP,LONG_TP
13436,1.0,LONG_TP,LONG_TP
13437,1.0,LONG_TP,LONG_TP
13438,1.0,LONG_TP,LONG_TP
13439,1.0,LONG_TP,LONG_TP
13440,1.0,LONG_TP,LONG_TP
13441,1.0,LONG_TP,LONG_TP
13442,1.0,LONG_TP,LONG_TP
13443,-1.0,SHORT_TP,SHORT_TP
13444,1.0,LONG_TP,LONG_TP
13445,1.0,LONG_TP,LONG_TP
13446,1.0,LONG_TP,LONG_TP
13447,1.0,LONG_TP,LONG_TP
13448,1.0,LONG_TP,LONG_TP
13449,1.0,LONG_TP,LONG_TP
13450,1.0,LONG_TP,LONG_TP
13451,1.0,LONG_TP,LONG_TP
13452,1.0,LONG_TP,LONG_TP
13453,1.0,LONG_TP,LONG_TP
13454,1.0,LONG_TP,LONG_TP
13455,1.0,LONG_TP,LONG_TP
13456,1.0,LONG_TP,LONG_TP
13457,1.0,LONG_TP,LONG_TP
13458,1.0,LONG_TP,LONG_TP
13459,1.0,LONG_TP,LONG_TP
13460,1.0,LONG_TP,LONG_TP
13461,1.0,LONG_TP,LONG_TP
13462,1.0,LONG_TP,LONG_TP
13463,1.0,LONG_TP,LONG_TP
13464,1.0,LONG_TP,LONG_TP
13465,1.0,LONG_TP,LONG_TP
13466,-1.0,SHORT_TP,SHORT_TP
13467,-1.0,SHORT_TP,SHORT_TP
13468,-1.0,SHORT_TP,SHORT_TP
13469,-1.0,SHORT_TP,SHORT_TP
13470,1.0,LONG_TP,LONG_TP
13471,1.0,LONG_TP,LONG_TP
13472,1.0,LONG_TP,LONG_TP
13473,1.0,LONG_TP,LONG_TP
13474,1.0,LONG_TP,LONG_TP
13475,1.0,LONG_TP,LONG_TP
13476,-1.0,SHORT_TP,SHORT_TP
13477,-1.0,SHORT_TP,SHORT_TP
13478,1.0,LONG_TP,LONG_TP
13479,1.0,LONG_TP,LONG_TP
13480,1.0,LONG_TP,LONG_TP
13481,1.0,LONG_TP,LONG_TP
13482,1.0,LONG_TP,LONG_TP
13483,1.0,LONG_TP,LONG_TP
13484,1.0,LONG_TP,LONG_TP
13485,1.0,LONG_TP,LONG_TP
13486,1.0,LONG_TP,LONG_TP
13487,1.0,LONG_TP,LONG_TP
13488,1.0,LONG_TP,LONG_TP
13489,1.0,LONG_TP,LONG_TP
13490,1.0,LONG_TP,LONG_TP
13491,1.0,LONG_TP,LONG_TP
13492,1.0,LONG_TP,LONG_TP
13493,1.0,LONG_TP,LONG_TP
13494,1.0,LONG_TP,LONG_TP
13495,1.0,LONG_TP,LONG_TP
13496,1.0,LONG_TP,LONG_TP
13497,1.0,LONG_TP,LONG_TP
13498,1.0,LONG_TP,LONG_TP
13499,1.0,LONG_TP,LONG_TP
13500,1.0,LONG_TP,LONG_TP
13501,1.0,LONG_TP,LONG_TP
13502,1.0,LONG_TP,LONG_TP
13503,1.0,LONG_TP,LONG_TP
13504,1.0,LONG_TP,LONG_TP
13505,1.0,LONG_TP,LONG_TP
13506,1.0,LONG_TP,LONG_TP
13507,1.0,LONG_TP,LONG_TP
13508,1.0,LONG_TP,LONG_TP
13509,1.0,LONG_TP,LONG_TP
13510,1.0,LONG_TP,LONG_TP
13511,1.0,LONG_TP,LONG_TP
13512,1.0,LONG_TP,LONG_TP
13513,1.0,LONG_TP,LONG_TP
13514,1.0,LONG_TP,LONG_TP
13515,1.0,LONG_TP,LONG_TP
13516,1.0,LONG_TP,LONG_TP
13517,1.0,LONG_TP,LONG_TP
13518,1.0,LONG_TP,LONG_TP
13519,1.0,LONG_TP,LONG_TP
13520,1.0,LONG_TP,LONG_TP
13521,1.0,LONG_TP,LONG_TP
13522,1.0,LONG_TP,LONG_TP
13523,1.0,LONG_TP,LONG_TP
13524,1.0,LONG_TP,LONG_TP
13525,1.0,LONG_TP,LONG_TP
13526,1.0,LONG_TP,LONG_TP
13527,1.0,LONG_TP,LONG_TP
13528,1.0,LONG_TP,LONG_TP
13529,1.0,LONG_TP,LONG_TP
13530,1.0,LONG_TP,LONG_TP
13531,1.0,LONG_TP,LONG_TP
13532,1.0,LONG_TP,LONG_TP
13533,1.0,LONG_TP,LONG_TP
13534,1.0,LONG_TP,LONG_TP
13535,1.0,LONG_TP,LONG_TP
13536,1.0,LONG_TP,LONG_TP
13537,1.0,LONG_TP,LONG_TP
13538,1.0,LONG_TP,LONG_TP
13539,1.0,LONG_TP,LONG_TP
13540,-1.0,SHORT_TP,SHORT_TP
13541,-1.0,SHORT_TP,SHORT_TP
13542,-1.0,SHORT_TP,SHORT_TP
13543,-1.0,SHORT_TP,SHORT_TP
13544,-1.0,SHORT_TP,SHORT_TP
13545,-1.0,SHORT_TP,SHORT_TP
13546,-1.0,SHORT_TP,SHORT_TP
13547,-1.0,SHORT_TP,SHORT_TP
13548,-1.0,SHORT_TP,SHORT_TP
13549,-1.0,SHORT_TP,SHORT_TP
13550,-1.0,SHORT_TP,SHORT_TP
13551,-1.0,SHORT_TP,SHORT_TP
13552,-1.0,SHORT_TP,SHORT_TP
13553,1.0,LONG_TP,LONG_TP
13554,1.0,LONG_TP,LONG_TP
13555,-1.0,SHORT_TP,SHORT_TP
13556,-1.0,SHORT_TP,SHORT_TP
13557,1.0,LONG_TP,LONG_TP
13558,1.0,LONG_TP,LONG_TP
13559,-1.0,SHORT_TP,SHORT_TP
13560,-1.0,SHORT_TP,SHORT_TP
13561,-1.0,SHORT_TP,SHORT_TP
13562,-1.0,SHORT_TP,SHORT_TP
13563,1.0,LONG_TP,LONG_TP
13564,1.0,LONG_TP,LONG_TP
13565,1.0,LONG_TP,LONG_TP
13566,1.0,LONG_TP,LONG_TP
13567,1.0,LONG_TP,LONG_TP
13568,1.0,LONG_TP,LONG_TP
13569,1.0,LONG_TP,LONG_TP
13570,-1.0,SHORT_TP,SHORT_TP
13571,1.0,LONG_TP,LONG_TP
13572,1.0,LONG_TP,LONG_TP
13573,1.0,LONG_TP,LONG_TP
13574,1.0,LONG_TP,LONG_TP
13575,1.0,LONG_TP,LONG_TP
13576,1.0,LONG_TP,LONG_TP
13577,1.0,LONG_TP,LONG_TP
13578,1.0,LONG_TP,LONG_TP
13579,1.0,LONG_TP,LONG_TP
13580,1.0,LONG_TP,LONG_TP
13581,1.0,LONG_TP,LONG_TP
13582,1.0,LONG_TP,LONG_TP
13583,1.0,LONG_TP,LONG_TP
13584,1.0,LONG_TP,LONG_TP
13585,1.0,LONG_TP,LONG_TP
13586,1.0,LONG_TP,LONG_TP
13587,1.0,LONG_TP,LONG_TP
13588,-1.0,SHORT_TP,SHORT_TP
13589,-1.0,SHORT_TP,SHORT_TP
13590,-1.0,SHORT_TP,SHORT_TP
13591,-1.0,SHORT_TP,SHORT_TP
13592,-1.0,SHORT_TP,SHORT_TP
13593,-1.0,SHORT_TP,SHORT_TP
13594,-1.0,SHORT_TP,SHORT_TP
13595,-1.0,SHORT_TP,SHORT_TP
13596,-1.0,SHORT_TP,SHORT_TP
13597,-1.0,SHORT_TP,SHORT_TP
13598,-1.0,SHORT_TP,SHORT_TP
13599,-1.0,SHORT_TP,SHORT_TP
13600,-1.0,SHORT_TP,SHORT_TP
13601,-1.0,SHORT_TP,SHORT_TP
13602,-1.0,SHORT_TP,SHORT_TP
13603,-1.0,SHORT_TP,SHORT_TP
13604,-1.0,SHORT_TP,SHORT_TP
13605,-1.0,SHORT_TP,SHORT_TP
13606,-1.0,SHORT_TP,SHORT_TP
13607,-1.0,SHORT_TP,SHORT_TP
13608,1.0,LONG_TP,LONG_TP
13609,-1.0,SHORT_TP,SHORT_TP
13610,-1.0,SHORT_TP,SHORT_TP
13611,-1.0,SHORT_TP,SHORT_TP
13612,1.0,LONG_TP,LONG_TP
13613,1.0,LONG_TP,LONG_TP
13614,1.0,LONG_TP,LONG_TP
13615,-1.0,SHORT_TP,SHORT_TP
13616,-1.0,SHORT_TP,SHORT_TP
13617,-1.0,SHORT_TP,SHORT_TP
13618,-1.0,SHORT_TP,SHORT_TP
13619,-1.0,SHORT_TP,SHORT_TP
13620,-1.0,SHORT_TP,SHORT_TP
13621,-1.0,SHORT_TP,SHORT_TP
13622,-1.0,SHORT_TP,SHORT_TP
13623,-1.0,SHORT_TP,SHORT_TP
13624,-1.0,SHORT_TP,SHORT_TP
13625,-1.0,SHORT_TP,SHORT_TP
13626,-1.0,SHORT_TP,SHORT_TP
13627,-1.0,SHORT_TP,SHORT_TP
13628,-1.0,SHORT_TP,SHORT_TP
13629,-1.0,SHORT_TP,SHORT_TP
13630,-1.0,SHORT_TP,SHORT_TP
13631,-1.0,SHORT_TP,SHORT_TP
13632,-1.0,SHORT_TP,SHORT_TP
13633,-1.0,SHORT_TP,SHORT_TP
13634,-1.0,SHORT_TP,SHORT_TP
13635,-1.0,SHORT_TP,SHORT_TP
13636,-1.0,SHORT_TP,SHORT_TP
13637,-1.0,SHORT_TP,SHORT_TP
13638,-1.0,SHORT_TP,SHORT_TP
13639,-1.0,SHORT_TP,SHORT_TP
13640,-1.0,SHORT_TP,SHORT_TP
13641,-1.0,SHORT_TP,SHORT_TP
13642,-1.0,SHORT_TP,SHORT_TP
13643,-1.0,SHORT_TP,SHORT_TP
13644,1.0,LONG_TP,LONG_TP
13645,1.0,LONG_TP,LONG_TP
13646,-1.0,SHORT_TP,SHORT_TP
13647,-1.0,SHORT_TP,SHORT_TP
13648,-1.0,SHORT_TP,SHORT_TP
13649,1.0,LONG_TP,LONG_TP
13650,1.0,LONG_TP,LONG_TP
13651,1.0,LONG_TP,LONG_TP
13652,1.0,LONG_TP,LONG_TP
13653,1.0,LONG_TP,LONG_TP
13654,1.0,LONG_TP,LONG_TP
13655,1.0,LONG_TP,LONG_TP
13656,1.0,LONG_TP,LONG_TP
13657,1.0,LONG_TP,LONG_TP
13658,1.0,LONG_TP,LONG_TP
13659,1.0,LONG_TP,LONG_TP
13660,1.0,LONG_TP,LONG_TP
13661,1.0,LONG_TP,LONG_TP
13662,1.0,LONG_TP,LONG_TP
13663,1.0,LONG_TP,LONG_TP
13664,1.0,LONG_TP,LONG_TP
13665,1.0,LONG_TP,LONG_TP
13666,1.0,LONG_TP,LONG_TP
13667,1.0,LONG_TP,LONG_TP
13668,1.0,LONG_TP,LONG_TP
13669,1.0,LONG_TP,LONG_TP
13670,1.0,LONG_TP,LONG_TP
13671,1.0,LONG_TP,LONG_TP
13672,1.0,LONG_TP,LONG_TP
13673,1.0,LONG_TP,LONG_TP
13674,1.0,LONG_TP,LONG_TP
13675,1.0,LONG_TP,LONG_TP
13676,-1.0,SHORT_TP,SHORT_TP
13677,-1.0,SHORT_TP,SHORT_TP
13678,-1.0,SHORT_TP,SHORT_TP
13679,-1.0,SHORT_TP,SHORT_TP
13680,1.0,LONG_TP,LONG_TP
13681,1.0,LONG_TP,LONG_TP
13682,1.0,LONG_TP,LONG_TP
13683,1.0,LONG_TP,LONG_TP
13684,1.0,LONG_TP,LONG_TP
13685,1.0,LONG_TP,LONG_TP
13686,1.0,LONG_TP,LONG_TP
13687,1.0,LONG_TP,LONG_TP
13688,1.0,LONG_TP,LONG_TP
13689,1.0,LONG_TP,LONG_TP
13690,1.0,LONG_TP,LONG_TP
13691,1.0,LONG_TP,LONG_TP
13692,1.0,LONG_TP,LONG_TP
13693,1.0,LONG_TP,LONG_TP
13694,1.0,LONG_TP,LONG_TP
13695,1.0,LONG_TP,LONG_TP
13696,1.0,LONG_TP,LONG_TP
13697,1.0,LONG_TP,LONG_TP
13698,1.0,LONG_TP,LONG_TP
13699,-1.0,SHORT_TP,SHORT_TP
13700,-1.0,SHORT_TP,SHORT_TP
13701,-1.0,SHORT_TP,SHORT_TP
13702,-1.0,SHORT_TP,SHORT_TP
13703,-1.0,SHORT_TP,SHORT_TP
13704,-1.0,SHORT_TP,SHORT_TP
13705,-1.0,SHORT_TP,SHORT_TP
13706,-1.0,SHORT_TP,SHORT_TP
13707,-1.0,SHORT_TP,SHORT_TP
13708,-1.0,SHORT_TP,SHORT_TP
13709,-1.0,SHORT_TP,SHORT_TP
13710,-1.0,SHORT_TP,SHORT_TP
13711,-1.0,SHORT_TP,SHORT_TP
13712,-1.0,SHORT_TP,SHORT_TP
13713,-1.0,SHORT_TP,SHORT_TP
13714,-1.0,SHORT_TP,SHORT_TP
13715,-1.0,SHORT_TP,SHORT_TP
13716,-1.0,SHORT_TP,SHORT_TP
13717,-1.0,SHORT_TP,SHORT_TP
13718,-1.0,SHORT_TP,SHORT_TP
13719,-1.0,SHORT_TP,SHORT_TP
13720,-1.0,SHORT_TP,SHORT_TP
13721,-1.0,SHORT_TP,SHORT_TP
13722,-1.0,SHORT_TP,SHORT_TP
13723,-1.0,SHORT_TP,SHORT_TP
13724,1.0,LONG_TP,LONG_TP
13725,1.0,LONG_TP,LONG_TP
13726,1.0,LONG_TP,LONG_TP
13727,1.0,LONG_TP,LONG_TP
13728,1.0,LONG_TP,LONG_TP
13729,1.0,LONG_TP,LONG_TP
13730,1.0,LONG_TP,LONG_TP
13731,1.0,LONG_TP,LONG_TP
13732,1.0,LONG_TP,LONG_TP
13733,1.0,LONG_TP,LONG_TP
13734,1.0,LONG_TP,LONG_TP
13735,1.0,LONG_TP,LONG_TP
13736,1.0,LONG_TP,LONG_TP
13737,1.0,LONG_TP,LONG_TP
13738,1.0,LONG_TP,LONG_TP
13739,1.0,LONG_TP,LONG_TP
13740,1.0,LONG_TP,LONG_TP
13741,1.0,LONG_TP,LONG_TP
13742,1.0,LONG_TP,LONG_TP
13743,1.0,LONG_TP,LONG_TP
13744,-1.0,SHORT_TP,SHORT_TP
13745,-1.0,SHORT_TP,SHORT_TP
13746,-1.0,SHORT_TP,SHORT_TP
13747,-1.0,SHORT_TP,SHORT_TP
13748,1.0,LONG_TP,LONG_TP
13749,-1.0,SHORT_TP,SHORT_TP
13750,-1.0,SHORT_TP,SHORT_TP
13751,-1.0,SHORT_TP,SHORT_TP
13752,-1.0,SHORT_TP,SHORT_TP
13753,-1.0,SHORT_TP,SHORT_TP
13754,-1.0,SHORT_TP,SHORT_TP
13755,-1.0,SHORT_TP,SHORT_TP
13756,-1.0,SHORT_TP,SHORT_TP
13757,-1.0,SHORT_TP,SHORT_TP
13758,-1.0,SHORT_TP,SHORT_TP
13759,-1.0,SHORT_TP,SHORT_TP
13760,-1.0,SHORT_TP,SHORT_TP
13761,-1.0,SHORT_TP,SHORT_TP
13762,-1.0,SHORT_TP,SHORT_TP
13763,-1.0,SHORT_TP,SHORT_TP
13764,-1.0,SHORT_TP,SHORT_TP
13765,-1.0,SHORT_TP,SHORT_TP
13766,-1.0,SHORT_TP,SHORT_TP
13767,-1.0,SHORT_TP,SHORT_TP
13768,-1.0,SHORT_TP,SHORT_TP
13769,-1.0,SHORT_TP,SHORT_TP
13770,-1.0,SHORT_TP,SHORT_TP
13771,-1.0,SHORT_TP,SHORT_TP
13772,-1.0,SHORT_TP,SHORT_TP
13773,-1.0,SHORT_TP,SHORT_TP
13774,-1.0,SHORT_TP,SHORT_TP
13775,-1.0,SHORT_TP,SHORT_TP
13776,-1.0,SHORT_TP,SHORT_TP
13777,-1.0,SHORT_TP,SHORT_TP
13778,-1.0,SHORT_TP,SHORT_TP
13779,-1.0,SHORT_TP,SHORT_TP
13780,-1.0,SHORT_TP,SHORT_TP
13781,-1.0,SHORT_TP,SHORT_TP
13782,-1.0,SHORT_TP,SHORT_TP
13783,-1.0,SHORT_TP,SHORT_TP
13784,-1.0,SHORT_TP,SHORT_TP
13785,-1.0,SHORT_TP,SHORT_TP
13786,-1.0,SHORT_TP,SHORT_TP
13787,-1.0,SHORT_TP,SHORT_TP
13788,1.0,LONG_TP,LONG_TP
13789,1.0,LONG_TP,LONG_TP
13790,1.0,LONG_TP,LONG_TP
13791,1.0,LONG_TP,LONG_TP
13792,1.0,LONG_TP,LONG_TP
13793,1.0,LONG_TP,LONG_TP
13794,1.0,LONG_TP,LONG_TP
13795,1.0,LONG_TP,LONG_TP
13796,1.0,LONG_TP,LONG_TP
13797,1.0,LONG_TP,LONG_TP
13798,1.0,LONG_TP,LONG_TP
13799,1.0,LONG_TP,LONG_TP
13800,1.0,LONG_TP,LONG_TP
13801,1.0,LONG_TP,LONG_TP
13802,1.0,LONG_TP,LONG_TP
13803,1.0,LONG_TP,LONG_TP
13804,1.0,LONG_TP,LONG_TP
13805,1.0,LONG_TP,LONG_TP
13806,1.0,LONG_TP,LONG_TP
13807,1.0,LONG_TP,LONG_TP
13808,1.0,LONG_TP,LONG_TP
13809,1.0,LONG_TP,LONG_TP
13810,1.0,LONG_TP,LONG_TP
13811,1.0,LONG_TP,LONG_TP
13812,1.0,LONG_TP,LONG_TP
13813,-1.0,SHORT_TP,SHORT_TP
13814,1.0,LONG_TP,LONG_TP
13815,1.0,LONG_TP,LONG_TP
13816,1.0,LONG_TP,LONG_TP
13817,1.0,LONG_TP,LONG_TP
13818,1.0,LONG_TP,LONG_TP
13819,1.0,LONG_TP,LONG_TP
13820,1.0,LONG_TP,LONG_TP
13821,1.0,LONG_TP,LONG_TP
13822,1.0,LONG_TP,LONG_TP
13823,1.0,LONG_TP,LONG_TP
13824,1.0,LONG_TP,LONG_TP
13825,1.0,LONG_TP,LONG_TP
13826,1.0,LONG_TP,LONG_TP
13827,1.0,LONG_TP,LONG_TP
13828,1.0,LONG_TP,LONG_TP
13829,1.0,LONG_TP,LONG_TP
13830,1.0,LONG_TP,LONG_TP
13831,1.0,LONG_TP,LONG_TP
13832,1.0,LONG_TP,LONG_TP
13833,-1.0,SHORT_TP,SHORT_TP
13834,1.0,LONG_TP,LONG_TP
13835,-1.0,SHORT_TP,SHORT_TP
13836,-1.0,SHORT_TP,SHORT_TP
13837,-1.0,SHORT_TP,SHORT_TP
13838,-1.0,SHORT_TP,SHORT_TP
13839,-1.0,SHORT_TP,SHORT_TP
13840,-1.0,SHORT_TP,SHORT_TP
13841,-1.0,SHORT_TP,SHORT_TP
13842,-1.0,SHORT_TP,SHORT_TP
13843,-1.0,SHORT_TP,SHORT_TP
13844,-1.0,SHORT_TP,SHORT_TP
13845,-1.0,SHORT_TP,SHORT_TP
13846,-1.0,SHORT_TP,SHORT_TP
13847,-1.0,SHORT_TP,SHORT_TP
13848,-1.0,SHORT_TP,SHORT_TP
13849,-1.0,SHORT_TP,SHORT_TP
13850,-1.0,SHORT_TP,SHORT_TP
13851,-1.0,SHORT_TP,SHORT_TP
13852,-1.0,SHORT_TP,SHORT_TP
13853,-1.0,SHORT_TP,SHORT_TP
13854,-1.0,SHORT_TP,SHORT_TP
13855,1.0,LONG_TP,LONG_TP
13856,1.0,LONG_TP,LONG_TP
13857,1.0,LONG_TP,LONG_TP
13858,1.0,LONG_TP,LONG_TP
13859,1.0,LONG_TP,LONG_TP
13860,1.0,LONG_TP,LONG_TP
13861,1.0,LONG_TP,LONG_TP
13862,1.0,LONG_TP,LONG_TP
13863,1.0,LONG_TP,LONG_TP
13864,1.0,LONG_TP,LONG_TP
13865,1.0,LONG_TP,LONG_TP
13866,1.0,LONG_TP,LONG_TP
13867,1.0,LONG_TP,LONG_TP
13868,1.0,LONG_TP,LONG_TP
13869,1.0,LONG_TP,LONG_TP
13870,1.0,LONG_TP,LONG_TP
13871,1.0,LONG_TP,LONG_TP
13872,1.0,LONG_TP,LONG_TP
13873,1.0,LONG_TP,LONG_TP
13874,1.0,LONG_TP,LONG_TP
13875,1.0,LONG_TP,LONG_TP
13876,1.0,LONG_TP,LONG_TP
13877,1.0,LONG_TP,LONG_TP
13878,1.0,LONG_TP,LONG_TP
13879,1.0,LONG_TP,LONG_TP
13880,1.0,LONG_TP,LONG_TP
13881,1.0,LONG_TP,LONG_TP
13882,1.0,LONG_TP,LONG_TP
13883,1.0,LONG_TP,LONG_TP
13884,1.0,LONG_TP,LONG_TP
13885,1.0,LONG_TP,LONG_TP
13886,1.0,LONG_TP,LONG_TP
13887,1.0,LONG_TP,LONG_TP
13888,1.0,LONG_TP,LONG_TP
13889,1.0,LONG_TP,LONG_TP
13890,1.0,LONG_TP,LONG_TP
13891,1.0,LONG_TP,LONG_TP
13892,1.0,LONG_TP,LONG_TP
13893,1.0,LONG_TP,LONG_TP
13894,1.0,LONG_TP,LONG_TP
13895,-1.0,SHORT_TP,SHORT_TP
13896,1.0,LONG_TP,LONG_TP
13897,-1.0,SHORT_TP,SHORT_TP
13898,-1.0,SHORT_TP,SHORT_TP
13899,-1.0,SHORT_TP,SHORT_TP
13900,-1.0,SHORT_TP,SHORT_TP
13901,-1.0,SHORT_TP,SHORT_TP
13902,-1.0,SHORT_TP,SHORT_TP
13903,-1.0,SHORT_TP,SHORT_TP
13904,-1.0,SHORT_TP,SHORT_TP
13905,-1.0,SHORT_TP,SHORT_TP
13906,-1.0,SHORT_TP,SHORT_TP
13907,-1.0,SHORT_TP,SHORT_TP
13908,-1.0,SHORT_TP,SHORT_TP
13909,-1.0,SHORT_TP,SHORT_TP
13910,-1.0,SHORT_TP,SHORT_TP
13911,-1.0,SHORT_TP,SHORT_TP
13912,-1.0,SHORT_TP,SHORT_TP
13913,-1.0,SHORT_TP,SHORT_TP
13914,-1.0,SHORT_TP,SHORT_TP
13915,-1.0,SHORT_TP,SHORT_TP
13916,-1.0,SHORT_TP,SHORT_TP
13917,-1.0,SHORT_TP,SHORT_TP
13918,-1.0,SHORT_TP,SHORT_TP
13919,-1.0,SHORT_TP,SHORT_TP
13920,1.0,LONG_TP,LONG_TP
13921,1.0,LONG_TP,LONG_TP
13922,1.0,LONG_TP,LONG_TP
13923,1.0,LONG_TP,LONG_TP
13924,1.0,LONG_TP,LONG_TP
13925,-1.0,SHORT_TP,SHORT_TP
13926,-1.0,SHORT_TP,SHORT_TP
13927,-1.0,SHORT_TP,SHORT_TP
13928,-1.0,SHORT_TP,SHORT_TP
13929,-1.0,SHORT_TP,SHORT_TP
13930,-1.0,SHORT_TP,SHORT_TP
13931,-1.0,SHORT_TP,SHORT_TP
13932,-1.0,SHORT_TP,SHORT_TP
13933,-1.0,SHORT_TP,SHORT_TP
13934,-1.0,SHORT_TP,SHORT_TP
13935,-1.0,SHORT_TP,SHORT_TP
13936,-1.0,SHORT_TP,SHORT_TP
13937,-1.0,SHORT_TP,SHORT_TP
13938,-1.0,SHORT_TP,SHORT_TP
13939,-1.0,SHORT_TP,SHORT_TP
13940,-1.0,SHORT_TP,SHORT_TP
13941,-1.0,SHORT_TP,SHORT_TP
13942,-1.0,SHORT_TP,SHORT_TP
13943,-1.0,SHORT_TP,SHORT_TP
13944,-1.0,SHORT_TP,SHORT_TP
13945,-1.0,SHORT_TP,SHORT_TP
13946,-1.0,SHORT_TP,SHORT_TP
13947,-1.0,SHORT_TP,SHORT_TP
13948,-1.0,SHORT_TP,SHORT_TP
13949,-1.0,SHORT_TP,SHORT_TP
13950,-1.0,SHORT_TP,SHORT_TP
13951,-1.0,SHORT_TP,SHORT_TP
13952,-1.0,SHORT_TP,SHORT_TP
13953,-1.0,SHORT_TP,SHORT_TP
13954,-1.0,SHORT_TP,SHORT_TP
13955,-1.0,SHORT_TP,SHORT_TP
13956,-1.0,SHORT_TP,SHORT_TP
13957,1.0,LONG_TP,LONG_TP
13958,1.0,LONG_TP,LONG_TP
13959,1.0,LONG_TP,LONG_TP
13960,1.0,LONG_TP,LONG_TP
13961,1.0,LONG_TP,LONG_TP
13962,1.0,LONG_TP,LONG_TP
13963,1.0,LONG_TP,LONG_TP
13964,1.0,LONG_TP,LONG_TP
13965,1.0,LONG_TP,LONG_TP
13966,-1.0,SHORT_TP,SHORT_TP
13967,-1.0,SHORT_TP,SHORT_TP
13968,-1.0,SHORT_TP,SHORT_TP
13969,-1.0,SHORT_TP,SHORT_TP
13970,-1.0,SHORT_TP,SHORT_TP
13971,-1.0,SHORT_TP,SHORT_TP
13972,-1.0,SHORT_TP,SHORT_TP
13973,1.0,LONG_TP,LONG_TP
13974,1.0,LONG_TP,LONG_TP
13975,1.0,LONG_TP,LONG_TP
13976,1.0,LONG_TP,LONG_TP
13977,1.0,LONG_TP,LONG_TP
13978,1.0,LONG_TP,LONG_TP
13979,1.0,LONG_TP,LONG_TP
13980,1.0,LONG_TP,LONG_TP
13981,1.0,LONG_TP,LONG_TP
13982,1.0,LONG_TP,LONG_TP
13983,1.0,LONG_TP,LONG_TP
13984,1.0,LONG_TP,LONG_TP
13985,1.0,LONG_TP,LONG_TP
13986,1.0,LONG_TP,LONG_TP
13987,1.0,LONG_TP,LONG_TP
13988,-1.0,SHORT_TP,SHORT_TP
13989,1.0,LONG_TP,LONG_TP
13990,1.0,LONG_TP,LONG_TP
13991,1.0,LONG_TP,LONG_TP
13992,1.0,LONG_TP,LONG_TP
13993,1.0,LONG_TP,LONG_TP
13994,1.0,LONG_TP,LONG_TP
13995,1.0,LONG_TP,LONG_TP
13996,1.0,LONG_TP,LONG_TP
13997,1.0,LONG_TP,LONG_TP
13998,1.0,LONG_TP,LONG_TP
13999,1.0,LONG_TP,LONG_TP
14000,-1.0,SHORT_TP,SHORT_TP
14001,-1.0,SHORT_TP,SHORT_TP
14002,-1.0,SHORT_TP,SHORT_TP
14003,1.0,LONG_TP,LONG_TP
14004,1.0,LONG_TP,LONG_TP
14005,1.0,LONG_TP,LONG_TP
14006,1.0,LONG_TP,LONG_TP
14007,1.0,LONG_TP,LONG_TP
14008,1.0,LONG_TP,LONG_TP
14009,1.0,LONG_TP,LONG_TP
14010,1.0,LONG_TP,LONG_TP
14011,1.0,LONG_TP,LONG_TP
14012,1.0,LONG_TP,LONG_TP
14013,1.0,LONG_TP,LONG_TP
14014,1.0,LONG_TP,LONG_TP
14015,1.0,LONG_TP,LONG_TP
14016,1.0,LONG_TP,LONG_TP
14017,1.0,LONG_TP,LONG_TP
14018,1.0,LONG_TP,LONG_TP
14019,1.0,LONG_TP,LONG_TP
14020,1.0,LONG_TP,LONG_TP
14021,1.0,LONG_TP,LONG_TP
14022,1.0,LONG_TP,LONG_TP
14023,1.0,LONG_TP,LONG_TP
14024,1.0,LONG_TP,LONG_TP
14025,1.0,LONG_TP,LONG_TP
14026,-1.0,SHORT_TP,SHORT_TP
14027,-1.0,SHORT_TP,SHORT_TP
14028,-1.0,SHORT_TP,SHORT_TP
14029,-1.0,SHORT_TP,SHORT_TP
14030,-1.0,SHORT_TP,SHORT_TP
14031,-1.0,SHORT_TP,SHORT_TP
14032,-1.0,SHORT_TP,SHORT_TP
14033,-1.0,SHORT_TP,SHORT_TP
14034,-1.0,SHORT_TP,SHORT_TP
14035,-1.0,SHORT_TP,SHORT_TP
14036,-1.0,SHORT_TP,SHORT_TP
14037,-1.0,SHORT_TP,SHORT_TP
14038,-1.0,SHORT_TP,SHORT_TP
14039,-1.0,SHORT_TP,SHORT_TP
14040,-1.0,SHORT_TP,SHORT_TP
14041,-1.0,SHORT_TP,SHORT_TP
14042,-1.0,SHORT_TP,SHORT_TP
14043,-1.0,SHORT_TP,SHORT_TP
14044,1.0,LONG_TP,LONG_TP
14045,1.0,LONG_TP,LONG_TP
14046,1.0,LONG_TP,LONG_TP
14047,1.0,LONG_TP,LONG_TP
14048,1.0,LONG_TP,LONG_TP
14049,1.0,LONG_TP,LONG_TP
14050,1.0,LONG_TP,LONG_TP
14051,1.0,LONG_TP,LONG_TP
14052,1.0,LONG_TP,LONG_TP
14053,1.0,LONG_TP,LONG_TP
14054,1.0,LONG_TP,LONG_TP
14055,1.0,LONG_TP,LONG_TP
14056,1.0,LONG_TP,LONG_TP
14057,1.0,LONG_TP,LONG_TP
14058,1.0,LONG_TP,LONG_TP
14059,1.0,LONG_TP,LONG_TP
14060,1.0,LONG_TP,LONG_TP
14061,1.0,LONG_TP,LONG_TP
14062,-1.0,SHORT_TP,SHORT_TP
14063,-1.0,SHORT_TP,SHORT_TP
14064,-1.0,SHORT_TP,SHORT_TP
14065,1.0,LONG_TP,LONG_TP
14066,-1.0,SHORT_TP,SHORT_TP
14067,-1.0,SHORT_TP,SHORT_TP
14068,-1.0,SHORT_TP,SHORT_TP
14069,1.0,LONG_TP,LONG_TP
14070,1.0,LONG_TP,LONG_TP
14071,1.0,LONG_TP,LONG_TP
14072,1.0,LONG_TP,LONG_TP
14073,1.0,LONG_TP,LONG_TP
14074,1.0,LONG_TP,LONG_TP
14075,1.0,LONG_TP,LONG_TP
14076,1.0,LONG_TP,LONG_TP
14077,1.0,LONG_TP,LONG_TP
14078,1.0,LONG_TP,LONG_TP
14079,1.0,LONG_TP,LONG_TP
14080,1.0,LONG_TP,LONG_TP
14081,1.0,LONG_TP,LONG_TP
14082,1.0,LONG_TP,LONG_TP
14083,-1.0,SHORT_TP,SHORT_TP
14084,-1.0,SHORT_TP,SHORT_TP
14085,-1.0,SHORT_TP,SHORT_TP
14086,-1.0,SHORT_TP,SHORT_TP
14087,-1.0,SHORT_TP,SHORT_TP
14088,-1.0,SHORT_TP,SHORT_TP
14089,-1.0,SHORT_TP,SHORT_TP
14090,-1.0,SHORT_TP,SHORT_TP
14091,-1.0,SHORT_TP,SHORT_TP
14092,-1.0,SHORT_TP,SHORT_TP
14093,-1.0,SHORT_TP,SHORT_TP
14094,-1.0,SHORT_TP,SHORT_TP
14095,-1.0,SHORT_TP,SHORT_TP
14096,-1.0,SHORT_TP,SHORT_TP
14097,-1.0,SHORT_TP,SHORT_TP
14098,-1.0,SHORT_TP,SHORT_TP
14099,-1.0,SHORT_TP,SHORT_TP
14100,-1.0,SHORT_TP,SHORT_TP
14101,-1.0,SHORT_TP,SHORT_TP
14102,-1.0,SHORT_TP,SHORT_TP
14103,-1.0,SHORT_TP,SHORT_TP
14104,-1.0,SHORT_TP,SHORT_TP
14105,-1.0,SHORT_TP,SHORT_TP
14106,-1.0,SHORT_TP,SHORT_TP
14107,1.0,LONG_TP,LONG_TP
14108,-1.0,SHORT_TP,SHORT_TP
14109,-1.0,SHORT_TP,SHORT_TP
14110,-1.0,SHORT_TP,SHORT_TP
14111,1.0,LONG_TP,LONG_TP
14112,1.0,LONG_TP,LONG_TP
14113,1.0,LONG_TP,LONG_TP
14114,1.0,LONG_TP,LONG_TP
14115,1.0,LONG_TP,LONG_TP
14116,1.0,LONG_TP,LONG_TP
14117,1.0,LONG_TP,LONG_TP
14118,1.0,LONG_TP,LONG_TP
14119,1.0,LONG_TP,LONG_TP
14120,-1.0,SHORT_TP,SHORT_TP
14121,-1.0,SHORT_TP,SHORT_TP
14122,-1.0,SHORT_TP,SHORT_TP
14123,-1.0,SHORT_TP,SHORT_TP
14124,-1.0,SHORT_TP,SHORT_TP
14125,1.0,LONG_TP,LONG_TP
14126,1.0,LONG_TP,LONG_TP
14127,1.0,LONG_TP,LONG_TP
14128,1.0,LONG_TP,LONG_TP
14129,1.0,LONG_TP,LONG_TP
14130,-1.0,SHORT_TP,SHORT_TP
14131,-1.0,SHORT_TP,SHORT_TP
14132,-1.0,SHORT_TP,SHORT_TP
14133,-1.0,SHORT_TP,SHORT_TP
14134,-1.0,SHORT_TP,SHORT_TP
14135,-1.0,SHORT_TP,SHORT_TP
14136,-1.0,SHORT_TP,SHORT_TP
14137,-1.0,SHORT_TP,SHORT_TP
14138,-1.0,SHORT_TP,SHORT_TP
14139,-1.0,SHORT_TP,SHORT_TP
14140,-1.0,SHORT_TP,SHORT_TP
14141,-1.0,SHORT_TP,SHORT_TP
14142,-1.0,SHORT_TP,SHORT_TP
14143,-1.0,SHORT_TP,SHORT_TP
14144,-1.0,SHORT_TP,SHORT_TP
14145,1.0,LONG_TP,LONG_TP
14146,-1.0,SHORT_TP,SHORT_TP
14147,-1.0,SHORT_TP,SHORT_TP
14148,-1.0,SHORT_TP,SHORT_TP
14149,-1.0,SHORT_TP,SHORT_TP
14150,-1.0,SHORT_TP,SHORT_TP
14151,-1.0,SHORT_TP,SHORT_TP
14152,-1.0,SHORT_TP,SHORT_TP
14153,-1.0,SHORT_TP,SHORT_TP
14154,-1.0,SHORT_TP,SHORT_TP
14155,-1.0,SHORT_TP,SHORT_TP
14156,-1.0,SHORT_TP,SHORT_TP
14157,-1.0,SHORT_TP,SHORT_TP
14158,-1.0,SHORT_TP,SHORT_TP
14159,-1.0,SHORT_TP,SHORT_TP
14160,-1.0,SHORT_TP,SHORT_TP
14161,-1.0,SHORT_TP,SHORT_TP
14162,-1.0,SHORT_TP,SHORT_TP
14163,-1.0,SHORT_TP,SHORT_TP
14164,-1.0,SHORT_TP,SHORT_TP
14165,-1.0,SHORT_TP,SHORT_TP
14166,-1.0,SHORT_TP,SHORT_TP
14167,-1.0,SHORT_TP,SHORT_TP
14168,1.0,LONG_TP,LONG_TP
14169,1.0,LONG_TP,LONG_TP
14170,-1.0,SHORT_TP,SHORT_TP
14171,-1.0,SHORT_TP,SHORT_TP
14172,-1.0,SHORT_TP,SHORT_TP
14173,-1.0,SHORT_TP,SHORT_TP
14174,-1.0,SHORT_TP,SHORT_TP
14175,-1.0,SHORT_TP,SHORT_TP
14176,-1.0,SHORT_TP,SHORT_TP
14177,-1.0,SHORT_TP,SHORT_TP
14178,-1.0,SHORT_TP,SHORT_TP
14179,-1.0,SHORT_TP,SHORT_TP
14180,-1.0,SHORT_TP,SHORT_TP
14181,-1.0,SHORT_TP,SHORT_TP
14182,-1.0,SHORT_TP,SHORT_TP
14183,-1.0,SHORT_TP,SHORT_TP
14184,-1.0,SHORT_TP,SHORT_TP
14185,-1.0,SHORT_TP,SHORT_TP
14186,1.0,LONG_TP,LONG_TP
14187,1.0,LONG_TP,LONG_TP
14188,1.0,LONG_TP,LONG_TP
14189,-1.0,SHORT_TP,SHORT_TP
14190,-1.0,SHORT_TP,SHORT_TP
14191,-1.0,SHORT_TP,SHORT_TP
14192,-1.0,SHORT_TP,SHORT_TP
14193,-1.0,SHORT_TP,SHORT_TP
14194,-1.0,SHORT_TP,SHORT_TP
14195,1.0,LONG_TP,LONG_TP
14196,1.0,LONG_TP,LONG_TP
14197,-1.0,SHORT_TP,SHORT_TP
14198,1.0,LONG_TP,LONG_TP
14199,1.0,LONG_TP,LONG_TP
14200,1.0,LONG_TP,LONG_TP
14201,1.0,LONG_TP,LONG_TP
14202,1.0,LONG_TP,LONG_TP
14203,1.0,LONG_TP,LONG_TP
14204,1.0,LONG_TP,LONG_TP
14205,1.0,LONG_TP,LONG_TP
14206,1.0,LONG_TP,LONG_TP
14207,1.0,LONG_TP,LONG_TP
14208,1.0,LONG_TP,LONG_TP
14209,1.0,LONG_TP,LONG_TP
14210,1.0,LONG_TP,LONG_TP
14211,1.0,LONG_TP,LONG_TP
14212,1.0,LONG_TP,LONG_TP
14213,1.0,LONG_TP,LONG_TP
14214,1.0,LONG_TP,LONG_TP
14215,1.0,LONG_TP,LONG_TP
14216,1.0,LONG_TP,LONG_TP
14217,1.0,LONG_TP,LONG_TP
14218,1.0,LONG_TP,LONG_TP
14219,1.0,LONG_TP,LONG_TP
14220,1.0,LONG_TP,LONG_TP
14221,1.0,LONG_TP,LONG_TP
14222,1.0,LONG_TP,LONG_TP
14223,1.0,LONG_TP,LONG_TP
14224,1.0,LONG_TP,LONG_TP
14225,1.0,LONG_TP,LONG_TP
14226,1.0,LONG_TP,LONG_TP
14227,1.0,LONG_TP,LONG_TP
14228,1.0,LONG_TP,LONG_TP
14229,1.0,LONG_TP,LONG_TP
14230,1.0,LONG_TP,LONG_TP
14231,1.0,LONG_TP,LONG_TP
14232,1.0,LONG_TP,LONG_TP
14233,1.0,LONG_TP,LONG_TP
14234,1.0,LONG_TP,LONG_TP
14235,1.0,LONG_TP,LONG_TP
14236,1.0,LONG_TP,LONG_TP
14237,1.0,LONG_TP,LONG_TP
14238,1.0,LONG_TP,LONG_TP
14239,1.0,LONG_TP,LONG_TP
14240,1.0,LONG_TP,LONG_TP
14241,-1.0,SHORT_TP,SHORT_TP
14242,1.0,LONG_TP,LONG_TP
14243,-1.0,SHORT_TP,SHORT_TP
14244,1.0,LONG_TP,LONG_TP
14245,1.0,LONG_TP,LONG_TP
14246,1.0,LONG_TP,LONG_TP
14247,-1.0,SHORT_TP,SHORT_TP
14248,-1.0,SHORT_TP,SHORT_TP
14249,-1.0,SHORT_TP,SHORT_TP
14250,-1.0,SHORT_TP,SHORT_TP
14251,-1.0,SHORT_TP,SHORT_TP
14252,-1.0,SHORT_TP,SHORT_TP
14253,-1.0,SHORT_TP,SHORT_TP
14254,-1.0,SHORT_TP,SHORT_TP
14255,-1.0,SHORT_TP,SHORT_TP
14256,-1.0,SHORT_TP,SHORT_TP
14257,-1.0,SHORT_TP,SHORT_TP
14258,-1.0,SHORT_TP,SHORT_TP
14259,-1.0,SHORT_TP,SHORT_TP
14260,-1.0,SHORT_TP,SHORT_TP
14261,-1.0,SHORT_TP,SHORT_TP
14262,-1.0,SHORT_TP,SHORT_TP
14263,-1.0,SHORT_TP,SHORT_TP
14264,-1.0,SHORT_TP,SHORT_TP
14265,-1.0,SHORT_TP,SHORT_TP
14266,-1.0,SHORT_TP,SHORT_TP
14267,-1.0,SHORT_TP,SHORT_TP
14268,-1.0,SHORT_TP,SHORT_TP
14269,-1.0,SHORT_TP,SHORT_TP
14270,1.0,LONG_TP,LONG_TP
14271,1.0,LONG_TP,LONG_TP
14272,1.0,LONG_TP,LONG_TP
14273,1.0,LONG_TP,LONG_TP
14274,1.0,LONG_TP,LONG_TP
14275,1.0,LONG_TP,LONG_TP
14276,1.0,LONG_TP,LONG_TP
14277,1.0,LONG_TP,LONG_TP
14278,1.0,LONG_TP,LONG_TP
14279,1.0,LONG_TP,LONG_TP
14280,1.0,LONG_TP,LONG_TP
14281,1.0,LONG_TP,LONG_TP
14282,1.0,LONG_TP,LONG_TP
14283,1.0,LONG_TP,LONG_TP
14284,1.0,LONG_TP,LONG_TP
14285,1.0,LONG_TP,LONG_TP
14286,1.0,LONG_TP,LONG_TP
14287,-1.0,SHORT_TP,SHORT_TP
14288,-1.0,SHORT_TP,SHORT_TP
14289,1.0,LONG_TP,LONG_TP
14290,1.0,LONG_TP,LONG_TP
14291,1.0,LONG_TP,LONG_TP
14292,1.0,LONG_TP,LONG_TP
14293,1.0,LONG_TP,LONG_TP
14294,1.0,LONG_TP,LONG_TP
14295,1.0,LONG_TP,LONG_TP
14296,1.0,LONG_TP,LONG_TP
14297,1.0,LONG_TP,LONG_TP
14298,1.0,LONG_TP,LONG_TP
14299,1.0,LONG_TP,LONG_TP
14300,1.0,LONG_TP,LONG_TP
14301,1.0,LONG_TP,LONG_TP
14302,1.0,LONG_TP,LONG_TP
14303,1.0,LONG_TP,LONG_TP
14304,1.0,LONG_TP,LONG_TP
14305,1.0,LONG_TP,LONG_TP
14306,-1.0,SHORT_TP,SHORT_TP
14307,-1.0,SHORT_TP,SHORT_TP
14308,-1.0,SHORT_TP,SHORT_TP
14309,1.0,LONG_TP,LONG_TP
14310,1.0,LONG_TP,LONG_TP
14311,1.0,LONG_TP,LONG_TP
14312,1.0,LONG_TP,LONG_TP
14313,1.0,LONG_TP,LONG_TP
14314,1.0,LONG_TP,LONG_TP
14315,1.0,LONG_TP,LONG_TP
14316,1.0,LONG_TP,LONG_TP
14317,1.0,LONG_TP,LONG_TP
14318,1.0,LONG_TP,LONG_TP
14319,1.0,LONG_TP,LONG_TP
14320,1.0,LONG_TP,LONG_TP
14321,1.0,LONG_TP,LONG_TP
14322,1.0,LONG_TP,LONG_TP
14323,1.0,LONG_TP,LONG_TP
14324,-1.0,SHORT_TP,SHORT_TP
14325,-1.0,SHORT_TP,SHORT_TP
14326,-1.0,SHORT_TP,SHORT_TP
14327,-1.0,SHORT_TP,SHORT_TP
14328,-1.0,SHORT_TP,SHORT_TP
14329,-1.0,SHORT_TP,SHORT_TP
14330,-1.0,SHORT_TP,SHORT_TP
14331,-1.0,SHORT_TP,SHORT_TP
14332,-1.0,SHORT_TP,SHORT_TP
14333,-1.0,SHORT_TP,SHORT_TP
14334,-1.0,SHORT_TP,SHORT_TP
14335,-1.0,SHORT_TP,SHORT_TP
14336,-1.0,SHORT_TP,SHORT_TP
14337,-1.0,SHORT_TP,SHORT_TP
14338,-1.0,SHORT_TP,SHORT_TP
14339,-1.0,SHORT_TP,SHORT_TP
14340,-1.0,SHORT_TP,SHORT_TP
14341,-1.0,SHORT_TP,SHORT_TP
14342,-1.0,SHORT_TP,SHORT_TP
14343,-1.0,SHORT_TP,SHORT_TP
14344,-1.0,SHORT_TP,SHORT_TP
14345,-1.0,SHORT_TP,SHORT_TP
14346,-1.0,SHORT_TP,SHORT_TP
14347,-1.0,SHORT_TP,SHORT_TP
14348,-1.0,SHORT_TP,SHORT_TP
14349,-1.0,SHORT_TP,SHORT_TP
14350,-1.0,SHORT_TP,SHORT_TP
14351,-1.0,SHORT_TP,SHORT_TP
14352,-1.0,SHORT_TP,SHORT_TP
14353,-1.0,SHORT_TP,SHORT_TP
14354,-1.0,SHORT_TP,SHORT_TP
14355,-1.0,SHORT_TP,SHORT_TP
14356,-1.0,SHORT_TP,SHORT_TP
14357,-1.0,SHORT_TP,SHORT_TP
14358,-1.0,SHORT_TP,SHORT_TP
14359,-1.0,SHORT_TP,SHORT_TP
14360,-1.0,SHORT_TP,SHORT_TP
14361,-1.0,SHORT_TP,SHORT_TP
14362,-1.0,SHORT_TP,SHORT_TP
14363,-1.0,SHORT_TP,SHORT_TP
14364,-1.0,SHORT_TP,SHORT_TP
14365,-1.0,SHORT_TP,SHORT_TP
14366,-1.0,SHORT_TP,SHORT_TP
14367,-1.0,SHORT_TP,SHORT_TP
14368,-1.0,SHORT_TP,SHORT_TP
14369,-1.0,SHORT_TP,SHORT_TP
14370,-1.0,SHORT_TP,SHORT_TP
14371,1.0,LONG_TP,LONG_TP
14372,1.0,LONG_TP,LONG_TP
14373,1.0,LONG_TP,LONG_TP
14374,1.0,LONG_TP,LONG_TP
14375,1.0,LONG_TP,LONG_TP
14376,1.0,LONG_TP,LONG_TP
14377,1.0,LONG_TP,LONG_TP
14378,1.0,LONG_TP,LONG_TP
14379,1.0,LONG_TP,LONG_TP
14380,1.0,LONG_TP,LONG_TP
14381,1.0,LONG_TP,LONG_TP
14382,1.0,LONG_TP,LONG_TP
14383,1.0,LONG_TP,LONG_TP
14384,1.0,LONG_TP,LONG_TP
14385,1.0,LONG_TP,LONG_TP
14386,1.0,LONG_TP,LONG_TP
14387,1.0,LONG_TP,LONG_TP
14388,1.0,LONG_TP,LONG_TP
14389,1.0,LONG_TP,LONG_TP
14390,1.0,LONG_TP,LONG_TP
14391,-1.0,SHORT_TP,SHORT_TP
14392,-1.0,SHORT_TP,SHORT_TP
14393,-1.0,SHORT_TP,SHORT_TP
14394,-1.0,SHORT_TP,SHORT_TP
14395,-1.0,SHORT_TP,SHORT_TP
14396,-1.0,SHORT_TP,SHORT_TP
14397,-1.0,SHORT_TP,SHORT_TP
14398,-1.0,SHORT_TP,SHORT_TP
14399,-1.0,SHORT_TP,SHORT_TP
14400,-1.0,SHORT_TP,SHORT_TP
14401,-1.0,SHORT_TP,SHORT_TP
14402,-1.0,SHORT_TP,SHORT_TP
14403,-1.0,SHORT_TP,SHORT_TP
14404,-1.0,SHORT_TP,SHORT_TP
14405,-1.0,SHORT_TP,SHORT_TP
14406,-1.0,SHORT_TP,SHORT_TP
14407,-1.0,SHORT_TP,SHORT_TP
14408,-1.0,SHORT_TP,SHORT_TP
14409,-1.0,SHORT_TP,SHORT_TP
14410,-1.0,SHORT_TP,SHORT_TP
14411,-1.0,SHORT_TP,SHORT_TP
14412,-1.0,SHORT_TP,SHORT_TP
14413,-1.0,SHORT_TP,SHORT_TP
14414,-1.0,SHORT_TP,SHORT_TP
14415,-1.0,SHORT_TP,SHORT_TP
14416,-1.0,SHORT_TP,SHORT_TP
14417,-1.0,SHORT_TP,SHORT_TP
14418,-1.0,SHORT_TP,SHORT_TP
14419,-1.0,SHORT_TP,SHORT_TP
14420,-1.0,SHORT_TP,SHORT_TP
14421,-1.0,SHORT_TP,SHORT_TP
14422,-1.0,SHORT_TP,SHORT_TP
14423,-1.0,SHORT_TP,SHORT_TP
14424,-1.0,SHORT_TP,SHORT_TP
14425,-1.0,SHORT_TP,SHORT_TP
14426,-1.0,SHORT_TP,SHORT_TP
14427,-1.0,SHORT_TP,SHORT_TP
14428,-1.0,SHORT_TP,SHORT_TP
14429,-1.0,SHORT_TP,SHORT_TP
14430,-1.0,SHORT_TP,SHORT_TP
14431,-1.0,SHORT_TP,SHORT_TP
14432,-1.0,SHORT_TP,SHORT_TP
14433,-1.0,SHORT_TP,SHORT_TP
14434,1.0,LONG_TP,LONG_TP
14435,1.0,LONG_TP,LONG_TP
14436,1.0,LONG_TP,LONG_TP
14437,1.0,LONG_TP,LONG_TP
14438,-1.0,SHORT_TP,SHORT_TP
14439,-1.0,SHORT_TP,SHORT_TP
14440,-1.0,SHORT_TP,SHORT_TP
14441,-1.0,SHORT_TP,SHORT_TP
14442,-1.0,SHORT_TP,SHORT_TP
14443,-1.0,SHORT_TP,SHORT_TP
14444,1.0,LONG_TP,LONG_TP
14445,-1.0,SHORT_TP,SHORT_TP
14446,-1.0,SHORT_TP,SHORT_TP
14447,-1.0,SHORT_TP,SHORT_TP
14448,-1.0,SHORT_TP,SHORT_TP
14449,-1.0,SHORT_TP,SHORT_TP
14450,-1.0,SHORT_TP,SHORT_TP
14451,-1.0,SHORT_TP,SHORT_TP
14452,-1.0,SHORT_TP,SHORT_TP
14453,1.0,LONG_TP,LONG_TP
14454,1.0,LONG_TP,LONG_TP
14455,-1.0,SHORT_TP,SHORT_TP
14456,-1.0,SHORT_TP,SHORT_TP
14457,-1.0,SHORT_TP,SHORT_TP
14458,-1.0,SHORT_TP,SHORT_TP
14459,1.0,LONG_TP,LONG_TP
14460,1.0,LONG_TP,LONG_TP
14461,1.0,LONG_TP,LONG_TP
14462,1.0,LONG_TP,LONG_TP
14463,1.0,LONG_TP,LONG_TP
14464,1.0,LONG_TP,LONG_TP
14465,1.0,LONG_TP,LONG_TP
14466,1.0,LONG_TP,LONG_TP
14467,1.0,LONG_TP,LONG_TP
14468,1.0,LONG_TP,LONG_TP
14469,1.0,LONG_TP,LONG_TP
14470,-1.0,SHORT_TP,SHORT_TP
14471,-1.0,SHORT_TP,SHORT_TP
14472,-1.0,SHORT_TP,SHORT_TP
14473,-1.0,SHORT_TP,SHORT_TP
14474,-1.0,SHORT_TP,SHORT_TP
14475,-1.0,SHORT_TP,SHORT_TP
14476,-1.0,SHORT_TP,SHORT_TP
14477,-1.0,SHORT_TP,SHORT_TP
14478,1.0,LONG_TP,LONG_TP
14479,1.0,LONG_TP,LONG_TP
14480,1.0,LONG_TP,LONG_TP
14481,1.0,LONG_TP,LONG_TP
14482,1.0,LONG_TP,LONG_TP
14483,1.0,LONG_TP,LONG_TP
14484,1.0,LONG_TP,LONG_TP
14485,1.0,LONG_TP,LONG_TP
14486,1.0,LONG_TP,LONG_TP
14487,1.0,LONG_TP,LONG_TP
14488,1.0,LONG_TP,LONG_TP
14489,1.0,LONG_TP,LONG_TP
14490,1.0,LONG_TP,LONG_TP
14491,1.0,LONG_TP,LONG_TP
14492,1.0,LONG_TP,LONG_TP
14493,1.0,LONG_TP,LONG_TP
14494,1.0,LONG_TP,LONG_TP
14495,1.0,LONG_TP,LONG_TP
14496,1.0,LONG_TP,LONG_TP
14497,1.0,LONG_TP,LONG_TP
14498,1.0,LONG_TP,LONG_TP
14499,-1.0,SHORT_TP,SHORT_TP
14500,-1.0,SHORT_TP,SHORT_TP
14501,1.0,LONG_TP,LONG_TP
14502,1.0,LONG_TP,LONG_TP
14503,-1.0,SHORT_TP,SHORT_TP
14504,-1.0,SHORT_TP,SHORT_TP
14505,-1.0,SHORT_TP,SHORT_TP
14506,-1.0,SHORT_TP,SHORT_TP
14507,-1.0,SHORT_TP,SHORT_TP
14508,-1.0,SHORT_TP,SHORT_TP
14509,-1.0,SHORT_TP,SHORT_TP
14510,-1.0,SHORT_TP,SHORT_TP
14511,-1.0,SHORT_TP,SHORT_TP
14512,-1.0,SHORT_TP,SHORT_TP
14513,-1.0,SHORT_TP,SHORT_TP
14514,-1.0,SHORT_TP,SHORT_TP
14515,-1.0,SHORT_TP,SHORT_TP
14516,-1.0,SHORT_TP,SHORT_TP
14517,-1.0,SHORT_TP,SHORT_TP
14518,-1.0,SHORT_TP,SHORT_TP
14519,-1.0,SHORT_TP,SHORT_TP
14520,-1.0,SHORT_TP,SHORT_TP
14521,-1.0,SHORT_TP,SHORT_TP
14522,-1.0,SHORT_TP,SHORT_TP
14523,-1.0,SHORT_TP,SHORT_TP
14524,-1.0,SHORT_TP,SHORT_TP
14525,-1.0,SHORT_TP,SHORT_TP
14526,-1.0,SHORT_TP,SHORT_TP
14527,-1.0,SHORT_TP,SHORT_TP
14528,-1.0,SHORT_TP,SHORT_TP
14529,-1.0,SHORT_TP,SHORT_TP
14530,-1.0,SHORT_TP,SHORT_TP
14531,-1.0,SHORT_TP,SHORT_TP
14532,-1.0,SHORT_TP,SHORT_TP
14533,-1.0,SHORT_TP,SHORT_TP
14534,-1.0,SHORT_TP,SHORT_TP
14535,-1.0,SHORT_TP,SHORT_TP
14536,-1.0,SHORT_TP,SHORT_TP
14537,1.0,LONG_TP,LONG_TP
14538,1.0,LONG_TP,LONG_TP
14539,1.0,LONG_TP,LONG_TP
14540,1.0,LONG_TP,LONG_TP
14541,1.0,LONG_TP,LONG_TP
14542,1.0,LONG_TP,LONG_TP
14543,1.0,LONG_TP,LONG_TP
14544,1.0,LONG_TP,LONG_TP
14545,1.0,LONG_TP,LONG_TP
14546,1.0,LONG_TP,LONG_TP
14547,1.0,LONG_TP,LONG_TP
14548,-1.0,SHORT_TP,SHORT_TP
14549,-1.0,SHORT_TP,SHORT_TP
14550,-1.0,SHORT_TP,SHORT_TP
14551,-1.0,SHORT_TP,SHORT_TP
14552,-1.0,SHORT_TP,SHORT_TP
14553,-1.0,SHORT_TP,SHORT_TP
14554,-1.0,SHORT_TP,SHORT_TP
14555,-1.0,SHORT_TP,SHORT_TP
14556,-1.0,SHORT_TP,SHORT_TP
14557,-1.0,SHORT_TP,SHORT_TP
14558,-1.0,SHORT_TP,SHORT_TP
14559,-1.0,SHORT_TP,SHORT_TP
14560,-1.0,SHORT_TP,SHORT_TP
14561,-1.0,SHORT_TP,SHORT_TP
14562,-1.0,SHORT_TP,SHORT_TP
14563,-1.0,SHORT_TP,SHORT_TP
14564,-1.0,SHORT_TP,SHORT_TP
14565,-1.0,SHORT_TP,SHORT_TP
14566,-1.0,SHORT_TP,SHORT_TP
14567,-1.0,SHORT_TP,SHORT_TP
14568,1.0,LONG_TP,LONG_TP
14569,1.0,LONG_TP,LONG_TP
14570,1.0,LONG_TP,LONG_TP
14571,1.0,LONG_TP,LONG_TP
14572,1.0,LONG_TP,LONG_TP
14573,1.0,LONG_TP,LONG_TP
14574,1.0,LONG_TP,LONG_TP
14575,1.0,LONG_TP,LONG_TP
14576,1.0,LONG_TP,LONG_TP
14577,1.0,LONG_TP,LONG_TP
14578,1.0,LONG_TP,LONG_TP
14579,1.0,LONG_TP,LONG_TP
14580,1.0,LONG_TP,LONG_TP
14581,1.0,LONG_TP,LONG_TP
14582,1.0,LONG_TP,LONG_TP
14583,1.0,LONG_TP,LONG_TP
14584,1.0,LONG_TP,LONG_TP
14585,1.0,LONG_TP,LONG_TP
14586,1.0,LONG_TP,LONG_TP
14587,1.0,LONG_TP,LONG_TP
14588,1.0,LONG_TP,LONG_TP
14589,1.0,LONG_TP,LONG_TP
14590,1.0,LONG_TP,LONG_TP
14591,1.0,LONG_TP,LONG_TP
14592,1.0,LONG_TP,LONG_TP
14593,1.0,LONG_TP,LONG_TP
14594,1.0,LONG_TP,LONG_TP
14595,1.0,LONG_TP,LONG_TP
14596,1.0,LONG_TP,LONG_TP
14597,1.0,LONG_TP,LONG_TP
14598,1.0,LONG_TP,LONG_TP
14599,1.0,LONG_TP,LONG_TP
14600,1.0,LONG_TP,LONG_TP
14601,1.0,LONG_TP,LONG_TP
14602,1.0,LONG_TP,LONG_TP
14603,1.0,LONG_TP,LONG_TP
14604,1.0,LONG_TP,LONG_TP
14605,1.0,LONG_TP,LONG_TP
14606,1.0,LONG_TP,LONG_TP
14607,1.0,LONG_TP,LONG_TP
14608,1.0,LONG_TP,LONG_TP
14609,-1.0,SHORT_TP,SHORT_TP
14610,-1.0,SHORT_TP,SHORT_TP
14611,-1.0,SHORT_TP,SHORT_TP
14612,-1.0,SHORT_TP,SHORT_TP
14613,1.0,LONG_TP,LONG_TP
14614,-1.0,SHORT_TP,SHORT_TP
14615,-1.0,SHORT_TP,SHORT_TP
14616,-1.0,SHORT_TP,SHORT_TP
14617,-1.0,SHORT_TP,SHORT_TP
14618,-1.0,SHORT_TP,SHORT_TP
14619,-1.0,SHORT_TP,SHORT_TP
14620,1.0,LONG_TP,LONG_TP
14621,1.0,LONG_TP,LONG_TP
14622,-1.0,SHORT_TP,SHORT_TP
14623,-1.0,SHORT_TP,SHORT_TP
14624,-1.0,SHORT_TP,SHORT_TP
14625,-1.0,SHORT_TP,SHORT_TP
14626,-1.0,SHORT_TP,SHORT_TP
14627,-1.0,SHORT_TP,SHORT_TP
14628,-1.0,SHORT_TP,SHORT_TP
14629,-1.0,SHORT_TP,SHORT_TP
14630,-1.0,SHORT_TP,SHORT_TP
14631,-1.0,SHORT_TP,SHORT_TP
14632,-1.0,SHORT_TP,SHORT_TP
14633,-1.0,SHORT_TP,SHORT_TP
14634,1.0,LONG_TP,LONG_TP
14635,-1.0,SHORT_TP,SHORT_TP
14636,-1.0,SHORT_TP,SHORT_TP
14637,-1.0,SHORT_TP,SHORT_TP
14638,-1.0,SHORT_TP,SHORT_TP
14639,-1.0,SHORT_TP,SHORT_TP
14640,-1.0,SHORT_TP,SHORT_TP
14641,-1.0,SHORT_TP,SHORT_TP
14642,-1.0,SHORT_TP,SHORT_TP
14643,-1.0,SHORT_TP,SHORT_TP
14644,-1.0,SHORT_TP,SHORT_TP
14645,-1.0,SHORT_TP,SHORT_TP
14646,-1.0,SHORT_TP,SHORT_TP
14647,1.0,LONG_TP,LONG_TP
14648,1.0,LONG_TP,LONG_TP
14649,1.0,LONG_TP,LONG_TP
14650,1.0,LONG_TP,LONG_TP
14651,1.0,LONG_TP,LONG_TP
14652,1.0,LONG_TP,LONG_TP
14653,1.0,LONG_TP,LONG_TP
14654,1.0,LONG_TP,LONG_TP
14655,1.0,LONG_TP,LONG_TP
14656,1.0,LONG_TP,LONG_TP
14657,1.0,LONG_TP,LONG_TP
14658,1.0,LONG_TP,LONG_TP
14659,1.0,LONG_TP,LONG_TP
14660,1.0,LONG_TP,LONG_TP
14661,1.0,LONG_TP,LONG_TP
14662,-1.0,SHORT_TP,SHORT_TP
14663,-1.0,SHORT_TP,SHORT_TP
14664,-1.0,SHORT_TP,SHORT_TP
14665,-1.0,SHORT_TP,SHORT_TP
14666,-1.0,SHORT_TP,SHORT_TP
14667,-1.0,SHORT_TP,SHORT_TP
14668,-1.0,SHORT_TP,SHORT_TP
14669,-1.0,SHORT_TP,SHORT_TP
14670,-1.0,SHORT_TP,SHORT_TP
14671,-1.0,SHORT_TP,SHORT_TP
14672,-1.0,SHORT_TP,SHORT_TP
14673,-1.0,SHORT_TP,SHORT_TP
14674,-1.0,SHORT_TP,SHORT_TP
14675,-1.0,SHORT_TP,SHORT_TP
14676,-1.0,SHORT_TP,SHORT_TP
14677,-1.0,SHORT_TP,SHORT_TP
14678,-1.0,SHORT_TP,SHORT_TP
14679,-1.0,SHORT_TP,SHORT_TP
14680,-1.0,SHORT_TP,SHORT_TP
14681,-1.0,SHORT_TP,SHORT_TP
14682,-1.0,SHORT_TP,SHORT_TP
14683,-1.0,SHORT_TP,SHORT_TP
14684,-1.0,SHORT_TP,SHORT_TP
14685,-1.0,SHORT_TP,SHORT_TP
14686,-1.0,SHORT_TP,SHORT_TP
14687,-1.0,SHORT_TP,SHORT_TP
14688,-1.0,SHORT_TP,SHORT_TP
14689,-1.0,SHORT_TP,SHORT_TP
14690,-1.0,SHORT_TP,SHORT_TP
14691,-1.0,SHORT_TP,SHORT_TP
14692,-1.0,SHORT_TP,SHORT_TP
14693,-1.0,SHORT_TP,SHORT_TP
14694,-1.0,SHORT_TP,SHORT_TP
14695,-1.0,SHORT_TP,SHORT_TP
14696,-1.0,SHORT_TP,SHORT_TP
14697,-1.0,SHORT_TP,SHORT_TP
14698,-1.0,SHORT_TP,SHORT_TP
14699,-1.0,SHORT_TP,SHORT_TP
14700,-1.0,SHORT_TP,SHORT_TP
14701,-1.0,SHORT_TP,SHORT_TP
14702,1.0,LONG_TP,LONG_TP
14703,1.0,LONG_TP,LONG_TP
14704,1.0,LONG_TP,LONG_TP
14705,1.0,LONG_TP,LONG_TP
14706,-1.0,SHORT_TP,SHORT_TP
14707,-1.0,SHORT_TP,SHORT_TP
14708,1.0,LONG_TP,LONG_TP
14709,1.0,LONG_TP,LONG_TP
14710,1.0,LONG_TP,LONG_TP
14711,1.0,LONG_TP,LONG_TP
14712,1.0,LONG_TP,LONG_TP
14713,1.0,LONG_TP,LONG_TP
14714,1.0,LONG_TP,LONG_TP
14715,1.0,LONG_TP,LONG_TP
14716,1.0,LONG_TP,LONG_TP
14717,1.0,LONG_TP,LONG_TP
14718,1.0,LONG_TP,LONG_TP
14719,1.0,LONG_TP,LONG_TP
14720,1.0,LONG_TP,LONG_TP
14721,1.0,LONG_TP,LONG_TP
14722,1.0,LONG_TP,LONG_TP
14723,1.0,LONG_TP,LONG_TP
14724,1.0,LONG_TP,LONG_TP
14725,1.0,LONG_TP,LONG_TP
14726,1.0,LONG_TP,LONG_TP
14727,1.0,LONG_TP,LONG_TP
14728,1.0,LONG_TP,LONG_TP
14729,1.0,LONG_TP,LONG_TP
14730,1.0,LONG_TP,LONG_TP
14731,1.0,LONG_TP,LONG_TP
14732,1.0,LONG_TP,LONG_TP
14733,1.0,LONG_TP,LONG_TP
14734,-1.0,SHORT_TP,SHORT_TP
14735,-1.0,SHORT_TP,SHORT_TP
14736,-1.0,SHORT_TP,SHORT_TP
14737,-1.0,SHORT_TP,SHORT_TP
14738,-1.0,SHORT_TP,SHORT_TP
14739,-1.0,SHORT_TP,SHORT_TP
14740,-1.0,SHORT_TP,SHORT_TP
14741,-1.0,SHORT_TP,SHORT_TP
14742,-1.0,SHORT_TP,SHORT_TP
14743,-1.0,SHORT_TP,SHORT_TP
14744,-1.0,SHORT_TP,SHORT_TP
14745,-1.0,SHORT_TP,SHORT_TP
14746,-1.0,SHORT_TP,SHORT_TP
14747,-1.0,SHORT_TP,SHORT_TP
14748,-1.0,SHORT_TP,SHORT_TP
14749,-1.0,SHORT_TP,SHORT_TP
14750,-1.0,SHORT_TP,SHORT_TP
14751,-1.0,SHORT_TP,SHORT_TP
14752,-1.0,SHORT_TP,SHORT_TP
14753,-1.0,SHORT_TP,SHORT_TP
14754,-1.0,SHORT_TP,SHORT_TP
14755,-1.0,SHORT_TP,SHORT_TP
14756,-1.0,SHORT_TP,SHORT_TP
14757,1.0,LONG_TP,LONG_TP
14758,1.0,LONG_TP,LONG_TP
14759,1.0,LONG_TP,LONG_TP
14760,1.0,LONG_TP,LONG_TP
14761,1.0,LONG_TP,LONG_TP
14762,1.0,LONG_TP,LONG_TP
14763,1.0,LONG_TP,LONG_TP
14764,-1.0,SHORT_TP,SHORT_TP
14765,-1.0,SHORT_TP,SHORT_TP
14766,-1.0,SHORT_TP,SHORT_TP
14767,1.0,LONG_TP,LONG_TP
14768,1.0,LONG_TP,LONG_TP
14769,1.0,LONG_TP,LONG_TP
14770,1.0,LONG_TP,LONG_TP
14771,1.0,LONG_TP,LONG_TP
14772,1.0,LONG_TP,LONG_TP
14773,1.0,LONG_TP,LONG_TP
14774,1.0,LONG_TP,LONG_TP
14775,1.0,LONG_TP,LONG_TP
14776,1.0,LONG_TP,LONG_TP
14777,1.0,LONG_TP,LONG_TP
14778,1.0,LONG_TP,LONG_TP
14779,1.0,LONG_TP,LONG_TP
14780,1.0,LONG_TP,LONG_TP
14781,1.0,LONG_TP,LONG_TP
14782,1.0,LONG_TP,LONG_TP
14783,1.0,LONG_TP,LONG_TP
14784,1.0,LONG_TP,LONG_TP
14785,1.0,LONG_TP,LONG_TP
14786,1.0,LONG_TP,LONG_TP
14787,1.0,LONG_TP,LONG_TP
14788,1.0,LONG_TP,LONG_TP
14789,1.0,LONG_TP,LONG_TP
14790,1.0,LONG_TP,LONG_TP
14791,1.0,LONG_TP,LONG_TP
14792,1.0,LONG_TP,LONG_TP
14793,1.0,LONG_TP,LONG_TP
14794,1.0,LONG_TP,LONG_TP
14795,1.0,LONG_TP,LONG_TP
14796,1.0,LONG_TP,LONG_TP
14797,1.0,LONG_TP,LONG_TP
14798,1.0,LONG_TP,LONG_TP
14799,1.0,LONG_TP,LONG_TP
14800,1.0,LONG_TP,LONG_TP
14801,1.0,LONG_TP,LONG_TP
14802,1.0,LONG_TP,LONG_TP
14803,1.0,LONG_TP,LONG_TP
14804,1.0,LONG_TP,LONG_TP
14805,1.0,LONG_TP,LONG_TP
14806,1.0,LONG_TP,LONG_TP
14807,1.0,LONG_TP,LONG_TP
14808,1.0,LONG_TP,LONG_TP
14809,1.0,LONG_TP,LONG_TP
14810,1.0,LONG_TP,LONG_TP
14811,1.0,LONG_TP,LONG_TP
14812,1.0,LONG_TP,LONG_TP
14813,1.0,LONG_TP,LONG_TP
14814,1.0,LONG_TP,LONG_TP
14815,1.0,LONG_TP,LONG_TP
14816,1.0,LONG_TP,LONG_TP
14817,1.0,LONG_TP,LONG_TP
14818,1.0,LONG_TP,LONG_TP
14819,1.0,LONG_TP,LONG_TP
14820,1.0,LONG_TP,LONG_TP
14821,1.0,LONG_TP,LONG_TP
14822,1.0,LONG_TP,LONG_TP
14823,1.0,LONG_TP,LONG_TP
14824,1.0,LONG_TP,LONG_TP
14825,1.0,LONG_TP,LONG_TP
14826,-1.0,SHORT_TP,SHORT_TP
14827,-1.0,SHORT_TP,SHORT_TP
14828,-1.0,SHORT_TP,SHORT_TP
14829,-1.0,SHORT_TP,SHORT_TP
14830,-1.0,SHORT_TP,SHORT_TP
14831,-1.0,SHORT_TP,SHORT_TP
14832,-1.0,SHORT_TP,SHORT_TP
14833,-1.0,SHORT_TP,SHORT_TP
14834,-1.0,SHORT_TP,SHORT_TP
14835,-1.0,SHORT_TP,SHORT_TP
14836,-1.0,SHORT_TP,SHORT_TP
14837,-1.0,SHORT_TP,SHORT_TP
14838,-1.0,SHORT_TP,SHORT_TP
14839,-1.0,SHORT_TP,SHORT_TP
14840,-1.0,SHORT_TP,SHORT_TP
14841,-1.0,SHORT_TP,SHORT_TP
14842,-1.0,SHORT_TP,SHORT_TP
14843,-1.0,SHORT_TP,SHORT_TP
14844,-1.0,SHORT_TP,SHORT_TP
14845,-1.0,SHORT_TP,SHORT_TP
14846,-1.0,SHORT_TP,SHORT_TP
14847,-1.0,SHORT_TP,SHORT_TP
14848,-1.0,SHORT_TP,SHORT_TP
14849,-1.0,SHORT_TP,SHORT_TP
14850,1.0,LONG_TP,LONG_TP
14851,1.0,LONG_TP,LONG_TP
14852,1.0,LONG_TP,LONG_TP
14853,1.0,LONG_TP,LONG_TP
14854,1.0,LONG_TP,LONG_TP
14855,1.0,LONG_TP,LONG_TP
14856,1.0,LONG_TP,LONG_TP
14857,1.0,LONG_TP,LONG_TP
14858,1.0,LONG_TP,LONG_TP
14859,1.0,LONG_TP,LONG_TP
14860,1.0,LONG_TP,LONG_TP
14861,1.0,LONG_TP,LONG_TP
14862,1.0,LONG_TP,LONG_TP
14863,1.0,LONG_TP,LONG_TP
14864,1.0,LONG_TP,LONG_TP
14865,1.0,LONG_TP,LONG_TP
14866,1.0,LONG_TP,LONG_TP
14867,1.0,LONG_TP,LONG_TP
14868,1.0,LONG_TP,LONG_TP
14869,1.0,LONG_TP,LONG_TP
14870,1.0,LONG_TP,LONG_TP
14871,1.0,LONG_TP,LONG_TP
14872,1.0,LONG_TP,LONG_TP
14873,1.0,LONG_TP,LONG_TP
14874,1.0,LONG_TP,LONG_TP
14875,-1.0,SHORT_TP,SHORT_TP
14876,-1.0,SHORT_TP,SHORT_TP
14877,-1.0,SHORT_TP,SHORT_TP
14878,-1.0,SHORT_TP,SHORT_TP
14879,-1.0,SHORT_TP,SHORT_TP
14880,-1.0,SHORT_TP,SHORT_TP
14881,1.0,LONG_TP,LONG_TP
14882,1.0,LONG_TP,LONG_TP
14883,1.0,LONG_TP,LONG_TP
14884,1.0,LONG_TP,LONG_TP
14885,1.0,LONG_TP,LONG_TP
14886,1.0,LONG_TP,LONG_TP
14887,1.0,LONG_TP,LONG_TP
14888,1.0,LONG_TP,LONG_TP
14889,1.0,LONG_TP,LONG_TP
14890,1.0,LONG_TP,LONG_TP
14891,1.0,LONG_TP,LONG_TP
14892,1.0,LONG_TP,LONG_TP
14893,1.0,LONG_TP,LONG_TP
14894,1.0,LONG_TP,LONG_TP
14895,1.0,LONG_TP,LONG_TP
14896,1.0,LONG_TP,LONG_TP
14897,1.0,LONG_TP,LONG_TP
14898,1.0,LONG_TP,LONG_TP
14899,1.0,LONG_TP,LONG_TP
14900,1.0,LONG_TP,LONG_TP
14901,1.0,LONG_TP,LONG_TP
14902,1.0,LONG_TP,LONG_TP
14903,1.0,LONG_TP,LONG_TP
14904,1.0,LONG_TP,LONG_TP
14905,1.0,LONG_TP,LONG_TP
14906,1.0,LONG_TP,LONG_TP
14907,1.0,LONG_TP,LONG_TP
14908,1.0,LONG_TP,LONG_TP
14909,1.0,LONG_TP,LONG_TP
14910,1.0,LONG_TP,LONG_TP
14911,1.0,LONG_TP,LONG_TP
14912,1.0,LONG_TP,LONG_TP
14913,1.0,LONG_TP,LONG_TP
14914,1.0,LONG_TP,LONG_TP
14915,1.0,LONG_TP,LONG_TP
14916,1.0,LONG_TP,LONG_TP
14917,1.0,LONG_TP,LONG_TP
14918,1.0,LONG_TP,LONG_TP
14919,1.0,LONG_TP,LONG_TP
14920,1.0,LONG_TP,LONG_TP
14921,1.0,LONG_TP,LONG_TP
14922,1.0,LONG_TP,LONG_TP
14923,1.0,LONG_TP,LONG_TP
14924,1.0,LONG_TP,LONG_TP
14925,1.0,LONG_TP,LONG_TP
14926,1.0,LONG_TP,LONG_TP
14927,1.0,LONG_TP,LONG_TP
14928,1.0,LONG_TP,LONG_TP
14929,1.0,LONG_TP,LONG_TP
14930,1.0,LONG_TP,LONG_TP
14931,1.0,LONG_TP,LONG_TP
14932,1.0,LONG_TP,LONG_TP
14933,1.0,LONG_TP,LONG_TP
14934,1.0,LONG_TP,LONG_TP
14935,1.0,LONG_TP,LONG_TP
14936,-1.0,SHORT_TP,SHORT_TP
14937,1.0,LONG_TP,LONG_TP
14938,1.0,LONG_TP,LONG_TP
14939,1.0,LONG_TP,LONG_TP
14940,1.0,LONG_TP,LONG_TP
14941,1.0,LONG_TP,LONG_TP
14942,1.0,LONG_TP,LONG_TP
14943,1.0,LONG_TP,LONG_TP
14944,1.0,LONG_TP,LONG_TP
14945,1.0,LONG_TP,LONG_TP
14946,1.0,LONG_TP,LONG_TP
14947,1.0,LONG_TP,LONG_TP
14948,1.0,LONG_TP,LONG_TP
14949,1.0,LONG_TP,LONG_TP
14950,1.0,LONG_TP,LONG_TP
14951,1.0,LONG_TP,LONG_TP
14952,1.0,LONG_TP,LONG_TP
14953,1.0,LONG_TP,LONG_TP
14954,1.0,LONG_TP,LONG_TP
14955,1.0,LONG_TP,LONG_TP
14956,1.0,LONG_TP,LONG_TP
14957,1.0,LONG_TP,LONG_TP
14958,1.0,LONG_TP,LONG_TP
14959,1.0,LONG_TP,LONG_TP
14960,1.0,LONG_TP,LONG_TP
14961,-1.0,SHORT_TP,SHORT_TP
14962,-1.0,SHORT_TP,SHORT_TP
14963,-1.0,SHORT_TP,SHORT_TP
14964,-1.0,SHORT_TP,SHORT_TP
14965,-1.0,SHORT_TP,SHORT_TP
14966,-1.0,SHORT_TP,SHORT_TP
14967,-1.0,SHORT_TP,SHORT_TP
14968,-1.0,SHORT_TP,SHORT_TP
14969,-1.0,SHORT_TP,SHORT_TP
14970,-1.0,SHORT_TP,SHORT_TP
14971,1.0,LONG_TP,LONG_TP
14972,1.0,LONG_TP,LONG_TP
14973,1.0,LONG_TP,LONG_TP
14974,1.0,LONG_TP,LONG_TP
14975,1.0,LONG_TP,LONG_TP
14976,1.0,LONG_TP,LONG_TP
14977,1.0,LONG_TP,LONG_TP
14978,1.0,LONG_TP,LONG_TP
14979,1.0,LONG_TP,LONG_TP
14980,1.0,LONG_TP,LONG_TP
14981,1.0,LONG_TP,LONG_TP
14982,1.0,LONG_TP,LONG_TP
14983,1.0,LONG_TP,LONG_TP
14984,1.0,LONG_TP,LONG_TP
14985,-1.0,SHORT_TP,SHORT_TP
14986,-1.0,SHORT_TP,SHORT_TP
14987,-1.0,SHORT_TP,SHORT_TP
14988,1.0,LONG_TP,LONG_TP
14989,1.0,LONG_TP,LONG_TP
14990,1.0,LONG_TP,LONG_TP
14991,1.0,LONG_TP,LONG_TP
14992,1.0,LONG_TP,LONG_TP
14993,1.0,LONG_TP,LONG_TP
14994,1.0,LONG_TP,LONG_TP
14995,1.0,LONG_TP,LONG_TP
14996,1.0,LONG_TP,LONG_TP
14997,-1.0,SHORT_TP,SHORT_TP
14998,-1.0,SHORT_TP,SHORT_TP
14999,1.0,LONG_TP,LONG_TP
15000,1.0,LONG_TP,LONG_TP
15001,1.0,LONG_TP,LONG_TP
15002,1.0,LONG_TP,LONG_TP
15003,1.0,LONG_TP,LONG_TP
15004,1.0,LONG_TP,LONG_TP
15005,1.0,LONG_TP,LONG_TP
15006,1.0,LONG_TP,LONG_TP
15007,1.0,LONG_TP,LONG_TP
15008,1.0,LONG_TP,LONG_TP
15009,1.0,LONG_TP,LONG_TP
15010,1.0,LONG_TP,LONG_TP
15011,1.0,LONG_TP,LONG_TP
15012,1.0,LONG_TP,LONG_TP
15013,1.0,LONG_TP,LONG_TP
15014,1.0,LONG_TP,LONG_TP
15015,1.0,LONG_TP,LONG_TP
15016,1.0,LONG_TP,LONG_TP
15017,1.0,LONG_TP,LONG_TP
15018,1.0,LONG_TP,LONG_TP
15019,1.0,LONG_TP,LONG_TP
15020,1.0,LONG_TP,LONG_TP
15021,1.0,LONG_TP,LONG_TP
15022,1.0,LONG_TP,LONG_TP
15023,1.0,LONG_TP,LONG_TP
15024,1.0,LONG_TP,LONG_TP
15025,1.0,LONG_TP,LONG_TP
15026,1.0,LONG_TP,LONG_TP
15027,1.0,LONG_TP,LONG_TP
15028,1.0,LONG_TP,LONG_TP
15029,1.0,LONG_TP,LONG_TP
15030,1.0,LONG_TP,LONG_TP
15031,1.0,LONG_TP,LONG_TP
15032,1.0,LONG_TP,LONG_TP
15033,1.0,LONG_TP,LONG_TP
15034,1.0,LONG_TP,LONG_TP
15035,-1.0,SHORT_TP,SHORT_TP
15036,1.0,LONG_TP,LONG_TP
15037,1.0,LONG_TP,LONG_TP
15038,1.0,LONG_TP,LONG_TP
15039,1.0,LONG_TP,LONG_TP
15040,1.0,LONG_TP,LONG_TP
15041,1.0,LONG_TP,LONG_TP
15042,1.0,LONG_TP,LONG_TP
15043,1.0,LONG_TP,LONG_TP
15044,1.0,LONG_TP,LONG_TP
15045,1.0,LONG_TP,LONG_TP
15046,1.0,LONG_TP,LONG_TP
15047,1.0,LONG_TP,LONG_TP
15048,1.0,LONG_TP,LONG_TP
15049,1.0,LONG_TP,LONG_TP
15050,1.0,LONG_TP,LONG_TP
15051,1.0,LONG_TP,LONG_TP
15052,1.0,LONG_TP,LONG_TP
15053,1.0,LONG_TP,LONG_TP
15054,1.0,LONG_TP,LONG_TP
15055,-1.0,SHORT_TP,SHORT_TP
15056,-1.0,SHORT_TP,SHORT_TP
15057,-1.0,SHORT_TP,SHORT_TP
15058,-1.0,SHORT_TP,SHORT_TP
15059,-1.0,SHORT_TP,SHORT_TP
15060,1.0,LONG_TP,LONG_TP
15061,1.0,LONG_TP,LONG_TP
15062,1.0,LONG_TP,LONG_TP
15063,-1.0,SHORT_TP,SHORT_TP
15064,-1.0,SHORT_TP,SHORT_TP
15065,-1.0,SHORT_TP,SHORT_TP
15066,-1.0,SHORT_TP,SHORT_TP
15067,-1.0,SHORT_TP,SHORT_TP
15068,-1.0,SHORT_TP,SHORT_TP
15069,-1.0,SHORT_TP,SHORT_TP
15070,-1.0,SHORT_TP,SHORT_TP
15071,-1.0,SHORT_TP,SHORT_TP
15072,-1.0,SHORT_TP,SHORT_TP
15073,-1.0,SHORT_TP,SHORT_TP
15074,-1.0,SHORT_TP,SHORT_TP
15075,-1.0,SHORT_TP,SHORT_TP
15076,-1.0,SHORT_TP,SHORT_TP
15077,-1.0,SHORT_TP,SHORT_TP
15078,-1.0,SHORT_TP,SHORT_TP
15079,-1.0,SHORT_TP,SHORT_TP
15080,-1.0,SHORT_TP,SHORT_TP
15081,-1.0,SHORT_TP,SHORT_TP
15082,-1.0,SHORT_TP,SHORT_TP
15083,-1.0,SHORT_TP,SHORT_TP
15084,-1.0,SHORT_TP,SHORT_TP
15085,-1.0,SHORT_TP,SHORT_TP
15086,-1.0,SHORT_TP,SHORT_TP
15087,-1.0,SHORT_TP,SHORT_TP
15088,-1.0,SHORT_TP,SHORT_TP
15089,-1.0,SHORT_TP,SHORT_TP
15090,-1.0,SHORT_TP,SHORT_TP
15091,-1.0,SHORT_TP,SHORT_TP
15092,-1.0,SHORT_TP,SHORT_TP
15093,1.0,LONG_TP,LONG_TP
15094,1.0,LONG_TP,LONG_TP
15095,1.0,LONG_TP,LONG_TP
15096,1.0,LONG_TP,LONG_TP
15097,1.0,LONG_TP,LONG_TP
15098,1.0,LONG_TP,LONG_TP
15099,1.0,LONG_TP,LONG_TP
15100,1.0,LONG_TP,LONG_TP
15101,1.0,LONG_TP,LONG_TP
15102,1.0,LONG_TP,LONG_TP
15103,1.0,LONG_TP,LONG_TP
15104,1.0,LONG_TP,LONG_TP
15105,1.0,LONG_TP,LONG_TP
15106,1.0,LONG_TP,LONG_TP
15107,1.0,LONG_TP,LONG_TP
15108,1.0,LONG_TP,LONG_TP
15109,1.0,LONG_TP,LONG_TP
15110,1.0,LONG_TP,LONG_TP
15111,1.0,LONG_TP,LONG_TP
15112,1.0,LONG_TP,LONG_TP
15113,1.0,LONG_TP,LONG_TP
15114,1.0,LONG_TP,LONG_TP
15115,1.0,LONG_TP,LONG_TP
15116,1.0,LONG_TP,LONG_TP
15117,1.0,LONG_TP,LONG_TP
15118,1.0,LONG_TP,LONG_TP
15119,1.0,LONG_TP,LONG_TP
15120,1.0,LONG_TP,LONG_TP
15121,1.0,LONG_TP,LONG_TP
15122,1.0,LONG_TP,LONG_TP
15123,1.0,LONG_TP,LONG_TP
15124,1.0,LONG_TP,LONG_TP
15125,1.0,LONG_TP,LONG_TP
15126,-1.0,SHORT_TP,SHORT_TP
15127,-1.0,SHORT_TP,SHORT_TP
15128,-1.0,SHORT_TP,SHORT_TP
15129,-1.0,SHORT_TP,SHORT_TP
15130,-1.0,SHORT_TP,SHORT_TP
15131,-1.0,SHORT_TP,SHORT_TP
15132,-1.0,SHORT_TP,SHORT_TP
15133,-1.0,SHORT_TP,SHORT_TP
15134,-1.0,SHORT_TP,SHORT_TP
15135,-1.0,SHORT_TP,SHORT_TP
15136,-1.0,SHORT_TP,SHORT_TP
15137,-1.0,SHORT_TP,SHORT_TP
15138,-1.0,SHORT_TP,SHORT_TP
15139,-1.0,SHORT_TP,SHORT_TP
15140,-1.0,SHORT_TP,SHORT_TP
15141,-1.0,SHORT_TP,SHORT_TP
15142,-1.0,SHORT_TP,SHORT_TP
15143,-1.0,SHORT_TP,SHORT_TP
15144,-1.0,SHORT_TP,SHORT_TP
15145,-1.0,SHORT_TP,SHORT_TP
15146,-1.0,SHORT_TP,SHORT_TP
15147,-1.0,SHORT_TP,SHORT_TP
15148,-1.0,SHORT_TP,SHORT_TP
15149,-1.0,SHORT_TP,SHORT_TP
15150,-1.0,SHORT_TP,SHORT_TP
15151,-1.0,SHORT_TP,SHORT_TP
15152,-1.0,SHORT_TP,SHORT_TP
15153,-1.0,SHORT_TP,SHORT_TP
15154,-1.0,SHORT_TP,SHORT_TP
15155,-1.0,SHORT_TP,SHORT_TP
15156,-1.0,SHORT_TP,SHORT_TP
15157,-1.0,SHORT_TP,SHORT_TP
15158,-1.0,SHORT_TP,SHORT_TP
15159,-1.0,SHORT_TP,SHORT_TP
15160,-1.0,SHORT_TP,SHORT_TP
15161,-1.0,SHORT_TP,SHORT_TP
15162,-1.0,SHORT_TP,SHORT_TP
15163,-1.0,SHORT_TP,SHORT_TP
15164,-1.0,SHORT_TP,SHORT_TP
15165,-1.0,SHORT_TP,SHORT_TP
15166,-1.0,SHORT_TP,SHORT_TP
15167,-1.0,SHORT_TP,SHORT_TP
15168,-1.0,SHORT_TP,SHORT_TP
15169,-1.0,SHORT_TP,SHORT_TP
15170,-1.0,SHORT_TP,SHORT_TP
15171,-1.0,SHORT_TP,SHORT_TP
15172,-1.0,SHORT_TP,SHORT_TP
15173,-1.0,SHORT_TP,SHORT_TP
15174,-1.0,SHORT_TP,SHORT_TP
15175,1.0,LONG_TP,LONG_TP
15176,1.0,LONG_TP,LONG_TP
15177,1.0,LONG_TP,LONG_TP
15178,1.0,LONG_TP,LONG_TP
15179,1.0,LONG_TP,LONG_TP
15180,1.0,LONG_TP,LONG_TP
15181,1.0,LONG_TP,LONG_TP
15182,1.0,LONG_TP,LONG_TP
15183,1.0,LONG_TP,LONG_TP
15184,-1.0,SHORT_TP,SHORT_TP
15185,1.0,LONG_TP,LONG_TP
15186,1.0,LONG_TP,LONG_TP
15187,1.0,LONG_TP,LONG_TP
15188,1.0,LONG_TP,LONG_TP
15189,1.0,LONG_TP,LONG_TP
15190,-1.0,SHORT_TP,SHORT_TP
15191,-1.0,SHORT_TP,SHORT_TP
15192,-1.0,SHORT_TP,SHORT_TP
15193,-1.0,SHORT_TP,SHORT_TP
15194,-1.0,SHORT_TP,SHORT_TP
15195,-1.0,SHORT_TP,SHORT_TP
15196,-1.0,SHORT_TP,SHORT_TP
15197,-1.0,SHORT_TP,SHORT_TP
15198,-1.0,SHORT_TP,SHORT_TP
15199,-1.0,SHORT_TP,SHORT_TP
15200,-1.0,SHORT_TP,SHORT_TP
15201,-1.0,SHORT_TP,SHORT_TP
15202,-1.0,SHORT_TP,SHORT_TP
15203,-1.0,SHORT_TP,SHORT_TP
15204,-1.0,SHORT_TP,SHORT_TP
15205,-1.0,SHORT_TP,SHORT_TP
15206,-1.0,SHORT_TP,SHORT_TP
15207,-1.0,SHORT_TP,SHORT_TP
15208,-1.0,SHORT_TP,SHORT_TP
15209,-1.0,SHORT_TP,SHORT_TP
15210,-1.0,SHORT_TP,SHORT_TP
15211,-1.0,SHORT_TP,SHORT_TP
15212,-1.0,SHORT_TP,SHORT_TP
15213,-1.0,SHORT_TP,SHORT_TP
15214,1.0,LONG_TP,LONG_TP
15215,1.0,LONG_TP,LONG_TP
15216,1.0,LONG_TP,LONG_TP
15217,1.0,LONG_TP,LONG_TP
15218,1.0,LONG_TP,LONG_TP
15219,1.0,LONG_TP,LONG_TP
15220,-1.0,SHORT_TP,SHORT_TP
15221,-1.0,SHORT_TP,SHORT_TP
15222,-1.0,SHORT_TP,SHORT_TP
15223,-1.0,SHORT_TP,SHORT_TP
15224,-1.0,SHORT_TP,SHORT_TP
15225,-1.0,SHORT_TP,SHORT_TP
15226,-1.0,SHORT_TP,SHORT_TP
15227,-1.0,SHORT_TP,SHORT_TP
15228,-1.0,SHORT_TP,SHORT_TP
15229,-1.0,SHORT_TP,SHORT_TP
15230,1.0,LONG_TP,LONG_TP
15231,1.0,LONG_TP,LONG_TP
15232,-1.0,SHORT_TP,SHORT_TP
15233,-1.0,SHORT_TP,SHORT_TP
15234,-1.0,SHORT_TP,SHORT_TP
15235,-1.0,SHORT_TP,SHORT_TP
15236,-1.0,SHORT_TP,SHORT_TP
15237,-1.0,SHORT_TP,SHORT_TP
15238,-1.0,SHORT_TP,SHORT_TP
15239,-1.0,SHORT_TP,SHORT_TP
15240,-1.0,SHORT_TP,SHORT_TP
15241,-1.0,SHORT_TP,SHORT_TP
15242,-1.0,SHORT_TP,SHORT_TP
15243,-1.0,SHORT_TP,SHORT_TP
15244,-1.0,SHORT_TP,SHORT_TP
15245,-1.0,SHORT_TP,SHORT_TP
15246,-1.0,SHORT_TP,SHORT_TP
15247,-1.0,SHORT_TP,SHORT_TP
15248,1.0,LONG_TP,LONG_TP
15249,-1.0,SHORT_TP,SHORT_TP
15250,-1.0,SHORT_TP,SHORT_TP
15251,-1.0,SHORT_TP,SHORT_TP
15252,-1.0,SHORT_TP,SHORT_TP
15253,1.0,LONG_TP,LONG_TP
15254,1.0,LONG_TP,LONG_TP
15255,1.0,LONG_TP,LONG_TP
15256,1.0,LONG_TP,LONG_TP
15257,1.0,LONG_TP,LONG_TP
15258,1.0,LONG_TP,LONG_TP
15259,1.0,LONG_TP,LONG_TP
15260,1.0,LONG_TP,LONG_TP
15261,1.0,LONG_TP,LONG_TP
15262,1.0,LONG_TP,LONG_TP
15263,1.0,LONG_TP,LONG_TP
15264,1.0,LONG_TP,LONG_TP
15265,1.0,LONG_TP,LONG_TP
15266,1.0,LONG_TP,LONG_TP
15267,1.0,LONG_TP,LONG_TP
15268,1.0,LONG_TP,LONG_TP
15269,1.0,LONG_TP,LONG_TP
15270,1.0,LONG_TP,LONG_TP
15271,1.0,LONG_TP,LONG_TP
15272,1.0,LONG_TP,LONG_TP
15273,1.0,LONG_TP,LONG_TP
15274,1.0,LONG_TP,LONG_TP
15275,-1.0,SHORT_TP,SHORT_TP
15276,-1.0,SHORT_TP,SHORT_TP
15277,-1.0,SHORT_TP,SHORT_TP
15278,-1.0,SHORT_TP,SHORT_TP
15279,-1.0,SHORT_TP,SHORT_TP
15280,-1.0,SHORT_TP,SHORT_TP
15281,-1.0,SHORT_TP,SHORT_TP
15282,-1.0,SHORT_TP,SHORT_TP
15283,-1.0,SHORT_TP,SHORT_TP
15284,-1.0,SHORT_TP,SHORT_TP
15285,-1.0,SHORT_TP,SHORT_TP
15286,-1.0,SHORT_TP,SHORT_TP
15287,1.0,LONG_TP,LONG_TP
15288,1.0,LONG_TP,LONG_TP
15289,-1.0,SHORT_TP,SHORT_TP
15290,-1.0,SHORT_TP,SHORT_TP
15291,-1.0,SHORT_TP,SHORT_TP
15292,-1.0,SHORT_TP,SHORT_TP
15293,-1.0,SHORT_TP,SHORT_TP
15294,-1.0,SHORT_TP,SHORT_TP
15295,-1.0,SHORT_TP,SHORT_TP
15296,-1.0,SHORT_TP,SHORT_TP
15297,-1.0,SHORT_TP,SHORT_TP
15298,1.0,LONG_TP,LONG_TP
15299,1.0,LONG_TP,LONG_TP
15300,1.0,LONG_TP,LONG_TP
15301,-1.0,SHORT_TP,SHORT_TP
15302,-1.0,SHORT_TP,SHORT_TP
15303,-1.0,SHORT_TP,SHORT_TP
15304,-1.0,SHORT_TP,SHORT_TP
15305,-1.0,SHORT_TP,SHORT_TP
15306,-1.0,SHORT_TP,SHORT_TP
15307,-1.0,SHORT_TP,SHORT_TP
15308,-1.0,SHORT_TP,SHORT_TP
15309,-1.0,SHORT_TP,SHORT_TP
15310,-1.0,SHORT_TP,SHORT_TP
15311,-1.0,SHORT_TP,SHORT_TP
15312,-1.0,SHORT_TP,SHORT_TP
15313,-1.0,SHORT_TP,SHORT_TP
15314,1.0,LONG_TP,LONG_TP
15315,1.0,LONG_TP,LONG_TP
15316,1.0,LONG_TP,LONG_TP
15317,-1.0,SHORT_TP,SHORT_TP
15318,-1.0,SHORT_TP,SHORT_TP
15319,-1.0,SHORT_TP,SHORT_TP
15320,1.0,LONG_TP,LONG_TP
15321,1.0,LONG_TP,LONG_TP
15322,1.0,LONG_TP,LONG_TP
15323,1.0,LONG_TP,LONG_TP
15324,1.0,LONG_TP,LONG_TP
15325,1.0,LONG_TP,LONG_TP
15326,1.0,LONG_TP,LONG_TP
15327,1.0,LONG_TP,LONG_TP
15328,1.0,LONG_TP,LONG_TP
15329,1.0,LONG_TP,LONG_TP
15330,1.0,LONG_TP,LONG_TP
15331,-1.0,SHORT_TP,SHORT_TP
15332,-1.0,SHORT_TP,SHORT_TP
15333,-1.0,SHORT_TP,SHORT_TP
15334,-1.0,SHORT_TP,SHORT_TP
15335,-1.0,SHORT_TP,SHORT_TP
15336,-1.0,SHORT_TP,SHORT_TP
15337,-1.0,SHORT_TP,SHORT_TP
15338,-1.0,SHORT_TP,SHORT_TP
15339,1.0,LONG_TP,LONG_TP
15340,1.0,LONG_TP,LONG_TP
15341,1.0,LONG_TP,LONG_TP
15342,1.0,LONG_TP,LONG_TP
15343,1.0,LONG_TP,LONG_TP
15344,1.0,LONG_TP,LONG_TP
15345,1.0,LONG_TP,LONG_TP
15346,1.0,LONG_TP,LONG_TP
15347,1.0,LONG_TP,LONG_TP
15348,1.0,LONG_TP,LONG_TP
15349,1.0,LONG_TP,LONG_TP
15350,1.0,LONG_TP,LONG_TP
15351,1.0,LONG_TP,LONG_TP
15352,1.0,LONG_TP,LONG_TP
15353,1.0,LONG_TP,LONG_TP
15354,1.0,LONG_TP,LONG_TP
15355,1.0,LONG_TP,LONG_TP
15356,1.0,LONG_TP,LONG_TP
15357,1.0,LONG_TP,LONG_TP
15358,1.0,LONG_TP,LONG_TP
15359,1.0,LONG_TP,LONG_TP
15360,1.0,LONG_TP,LONG_TP
15361,1.0,LONG_TP,LONG_TP
15362,1.0,LONG_TP,LONG_TP
15363,1.0,LONG_TP,LONG_TP
15364,1.0,LONG_TP,LONG_TP
15365,1.0,LONG_TP,LONG_TP
15366,1.0,LONG_TP,LONG_TP
15367,1.0,LONG_TP,LONG_TP
15368,1.0,LONG_TP,LONG_TP
15369,1.0,LONG_TP,LONG_TP
15370,1.0,LONG_TP,LONG_TP
15371,1.0,LONG_TP,LONG_TP
15372,1.0,LONG_TP,LONG_TP
15373,1.0,LONG_TP,LONG_TP
15374,1.0,LONG_TP,LONG_TP
15375,1.0,LONG_TP,LONG_TP
15376,1.0,LONG_TP,LONG_TP
15377,1.0,LONG_TP,LONG_TP
15378,1.0,LONG_TP,LONG_TP
15379,1.0,LONG_TP,LONG_TP
15380,1.0,LONG_TP,LONG_TP
15381,1.0,LONG_TP,LONG_TP
15382,1.0,LONG_TP,LONG_TP
15383,1.0,LONG_TP,LONG_TP
15384,-1.0,SHORT_TP,SHORT_TP
15385,-1.0,SHORT_TP,SHORT_TP
15386,-1.0,SHORT_TP,SHORT_TP
15387,-1.0,SHORT_TP,SHORT_TP
15388,-1.0,SHORT_TP,SHORT_TP
15389,-1.0,SHORT_TP,SHORT_TP
15390,-1.0,SHORT_TP,SHORT_TP
15391,-1.0,SHORT_TP,SHORT_TP
15392,1.0,LONG_TP,LONG_TP
15393,1.0,LONG_TP,LONG_TP
15394,-1.0,SHORT_TP,SHORT_TP
15395,-1.0,SHORT_TP,SHORT_TP
15396,-1.0,SHORT_TP,SHORT_TP
15397,-1.0,SHORT_TP,SHORT_TP
15398,-1.0,SHORT_TP,SHORT_TP
15399,-1.0,SHORT_TP,SHORT_TP
15400,-1.0,SHORT_TP,SHORT_TP
15401,-1.0,SHORT_TP,SHORT_TP
15402,-1.0,SHORT_TP,SHORT_TP
15403,-1.0,SHORT_TP,SHORT_TP
15404,-1.0,SHORT_TP,SHORT_TP
15405,-1.0,SHORT_TP,SHORT_TP
15406,-1.0,SHORT_TP,SHORT_TP
15407,-1.0,SHORT_TP,SHORT_TP
15408,-1.0,SHORT_TP,SHORT_TP
15409,-1.0,SHORT_TP,SHORT_TP
15410,-1.0,SHORT_TP,SHORT_TP
15411,-1.0,SHORT_TP,SHORT_TP
15412,-1.0,SHORT_TP,SHORT_TP
15413,-1.0,SHORT_TP,SHORT_TP
15414,-1.0,SHORT_TP,SHORT_TP
15415,-1.0,SHORT_TP,SHORT_TP
15416,1.0,LONG_TP,LONG_TP
15417,-1.0,SHORT_TP,SHORT_TP
15418,-1.0,SHORT_TP,SHORT_TP
15419,-1.0,SHORT_TP,SHORT_TP
15420,-1.0,SHORT_TP,SHORT_TP
15421,1.0,LONG_TP,LONG_TP
15422,1.0,LONG_TP,LONG_TP
15423,1.0,LONG_TP,LONG_TP
15424,1.0,LONG_TP,LONG_TP
15425,1.0,LONG_TP,LONG_TP
15426,1.0,LONG_TP,LONG_TP
15427,1.0,LONG_TP,LONG_TP
15428,1.0,LONG_TP,LONG_TP
15429,1.0,LONG_TP,LONG_TP
15430,-1.0,SHORT_TP,SHORT_TP
15431,-1.0,SHORT_TP,SHORT_TP
15432,-1.0,SHORT_TP,SHORT_TP
15433,-1.0,SHORT_TP,SHORT_TP
15434,-1.0,SHORT_TP,SHORT_TP
15435,-1.0,SHORT_TP,SHORT_TP
15436,-1.0,SHORT_TP,SHORT_TP
15437,-1.0,SHORT_TP,SHORT_TP
15438,-1.0,SHORT_TP,SHORT_TP
15439,-1.0,SHORT_TP,SHORT_TP
15440,-1.0,SHORT_TP,SHORT_TP
15441,-1.0,SHORT_TP,SHORT_TP
15442,-1.0,SHORT_TP,SHORT_TP
15443,-1.0,SHORT_TP,SHORT_TP
15444,-1.0,SHORT_TP,SHORT_TP
15445,-1.0,SHORT_TP,SHORT_TP
15446,-1.0,SHORT_TP,SHORT_TP
15447,-1.0,SHORT_TP,SHORT_TP
15448,-1.0,SHORT_TP,SHORT_TP
15449,-1.0,SHORT_TP,SHORT_TP
15450,-1.0,SHORT_TP,SHORT_TP
15451,-1.0,SHORT_TP,SHORT_TP
15452,-1.0,SHORT_TP,SHORT_TP
15453,-1.0,SHORT_TP,SHORT_TP
15454,-1.0,SHORT_TP,SHORT_TP
15455,-1.0,SHORT_TP,SHORT_TP
15456,-1.0,SHORT_TP,SHORT_TP
15457,-1.0,SHORT_TP,SHORT_TP
15458,1.0,LONG_TP,LONG_TP
15459,-1.0,SHORT_TP,SHORT_TP
15460,1.0,LONG_TP,LONG_TP
15461,1.0,LONG_TP,LONG_TP
15462,1.0,LONG_TP,LONG_TP
15463,1.0,LONG_TP,LONG_TP
15464,1.0,LONG_TP,LONG_TP
15465,1.0,LONG_TP,LONG_TP
15466,1.0,LONG_TP,LONG_TP
15467,1.0,LONG_TP,LONG_TP
15468,1.0,LONG_TP,LONG_TP
15469,1.0,LONG_TP,LONG_TP
15470,1.0,LONG_TP,LONG_TP
15471,1.0,LONG_TP,LONG_TP
15472,-1.0,SHORT_TP,SHORT_TP
15473,1.0,LONG_TP,LONG_TP
15474,-1.0,SHORT_TP,SHORT_TP
15475,-1.0,SHORT_TP,SHORT_TP
15476,-1.0,SHORT_TP,SHORT_TP
15477,-1.0,SHORT_TP,SHORT_TP
15478,-1.0,SHORT_TP,SHORT_TP
15479,-1.0,SHORT_TP,SHORT_TP
15480,-1.0,SHORT_TP,SHORT_TP
15481,-1.0,SHORT_TP,SHORT_TP
15482,-1.0,SHORT_TP,SHORT_TP
15483,-1.0,SHORT_TP,SHORT_TP
15484,-1.0,SHORT_TP,SHORT_TP
15485,-1.0,SHORT_TP,SHORT_TP
15486,-1.0,SHORT_TP,SHORT_TP
15487,-1.0,SHORT_TP,SHORT_TP
15488,-1.0,SHORT_TP,SHORT_TP
15489,-1.0,SHORT_TP,SHORT_TP
15490,-1.0,SHORT_TP,SHORT_TP
15491,-1.0,SHORT_TP,SHORT_TP
15492,-1.0,SHORT_TP,SHORT_TP
15493,-1.0,SHORT_TP,SHORT_TP
15494,-1.0,SHORT_TP,SHORT_TP
15495,-1.0,SHORT_TP,SHORT_TP
15496,-1.0,SHORT_TP,SHORT_TP
15497,-1.0,SHORT_TP,SHORT_TP
15498,-1.0,SHORT_TP,SHORT_TP
15499,-1.0,SHORT_TP,SHORT_TP
15500,1.0,LONG_TP,LONG_TP
15501,1.0,LONG_TP,LONG_TP
15502,1.0,LONG_TP,LONG_TP
15503,-1.0,SHORT_TP,SHORT_TP
15504,-1.0,SHORT_TP,SHORT_TP
15505,-1.0,SHORT_TP,SHORT_TP
15506,-1.0,SHORT_TP,SHORT_TP
15507,-1.0,SHORT_TP,SHORT_TP
15508,-1.0,SHORT_TP,SHORT_TP
15509,-1.0,SHORT_TP,SHORT_TP
15510,-1.0,SHORT_TP,SHORT_TP
15511,-1.0,SHORT_TP,SHORT_TP
15512,-1.0,SHORT_TP,SHORT_TP
15513,-1.0,SHORT_TP,SHORT_TP
15514,-1.0,SHORT_TP,SHORT_TP
15515,-1.0,SHORT_TP,SHORT_TP
15516,-1.0,SHORT_TP,SHORT_TP
15517,-1.0,SHORT_TP,SHORT_TP
15518,-1.0,SHORT_TP,SHORT_TP
15519,-1.0,SHORT_TP,SHORT_TP
15520,-1.0,SHORT_TP,SHORT_TP
15521,-1.0,SHORT_TP,SHORT_TP
15522,-1.0,SHORT_TP,SHORT_TP
15523,-1.0,SHORT_TP,SHORT_TP
15524,-1.0,SHORT_TP,SHORT_TP
15525,-1.0,SHORT_TP,SHORT_TP
15526,-1.0,SHORT_TP,SHORT_TP
15527,-1.0,SHORT_TP,SHORT_TP
15528,-1.0,SHORT_TP,SHORT_TP
15529,-1.0,SHORT_TP,SHORT_TP
15530,-1.0,SHORT_TP,SHORT_TP
15531,-1.0,SHORT_TP,SHORT_TP
15532,-1.0,SHORT_TP,SHORT_TP
15533,-1.0,SHORT_TP,SHORT_TP
15534,-1.0,SHORT_TP,SHORT_TP
15535,-1.0,SHORT_TP,SHORT_TP
15536,-1.0,SHORT_TP,SHORT_TP
15537,-1.0,SHORT_TP,SHORT_TP
15538,-1.0,SHORT_TP,SHORT_TP
15539,1.0,LONG_TP,LONG_TP
15540,1.0,LONG_TP,LONG_TP
15541,1.0,LONG_TP,LONG_TP
15542,1.0,LONG_TP,LONG_TP
15543,1.0,LONG_TP,LONG_TP
15544,1.0,LONG_TP,LONG_TP
15545,1.0,LONG_TP,LONG_TP
15546,1.0,LONG_TP,LONG_TP
15547,1.0,LONG_TP,LONG_TP
15548,1.0,LONG_TP,LONG_TP
15549,1.0,LONG_TP,LONG_TP
15550,1.0,LONG_TP,LONG_TP
15551,1.0,LONG_TP,LONG_TP
15552,1.0,LONG_TP,LONG_TP
15553,1.0,LONG_TP,LONG_TP
15554,1.0,LONG_TP,LONG_TP
15555,1.0,LONG_TP,LONG_TP
15556,1.0,LONG_TP,LONG_TP
15557,1.0,LONG_TP,LONG_TP
15558,1.0,LONG_TP,LONG_TP
15559,1.0,LONG_TP,LONG_TP
15560,1.0,LONG_TP,LONG_TP
15561,1.0,LONG_TP,LONG_TP
15562,1.0,LONG_TP,LONG_TP
15563,1.0,LONG_TP,LONG_TP
15564,1.0,LONG_TP,LONG_TP
15565,1.0,LONG_TP,LONG_TP
15566,1.0,LONG_TP,LONG_TP
15567,1.0,LONG_TP,LONG_TP
15568,1.0,LONG_TP,LONG_TP
15569,1.0,LONG_TP,LONG_TP
15570,1.0,LONG_TP,LONG_TP
15571,1.0,LONG_TP,LONG_TP
15572,1.0,LONG_TP,LONG_TP
15573,1.0,LONG_TP,LONG_TP
15574,1.0,LONG_TP,LONG_TP
15575,-1.0,SHORT_TP,SHORT_TP
15576,-1.0,SHORT_TP,SHORT_TP
15577,-1.0,SHORT_TP,SHORT_TP
15578,-1.0,SHORT_TP,SHORT_TP
15579,-1.0,SHORT_TP,SHORT_TP
15580,-1.0,SHORT_TP,SHORT_TP
15581,1.0,LONG_TP,LONG_TP
15582,1.0,LONG_TP,LONG_TP
15583,1.0,LONG_TP,LONG_TP
15584,1.0,LONG_TP,LONG_TP
15585,1.0,LONG_TP,LONG_TP
15586,1.0,LONG_TP,LONG_TP
15587,1.0,LONG_TP,LONG_TP
15588,1.0,LONG_TP,LONG_TP
15589,-1.0,SHORT_TP,SHORT_TP
15590,-1.0,SHORT_TP,SHORT_TP
15591,-1.0,SHORT_TP,SHORT_TP
15592,-1.0,SHORT_TP,SHORT_TP
15593,-1.0,SHORT_TP,SHORT_TP
15594,-1.0,SHORT_TP,SHORT_TP
15595,-1.0,SHORT_TP,SHORT_TP
15596,-1.0,SHORT_TP,SHORT_TP
15597,-1.0,SHORT_TP,SHORT_TP
15598,-1.0,SHORT_TP,SHORT_TP
15599,-1.0,SHORT_TP,SHORT_TP
15600,-1.0,SHORT_TP,SHORT_TP
15601,-1.0,SHORT_TP,SHORT_TP
15602,-1.0,SHORT_TP,SHORT_TP
15603,-1.0,SHORT_TP,SHORT_TP
15604,-1.0,SHORT_TP,SHORT_TP
15605,-1.0,SHORT_TP,SHORT_TP
15606,-1.0,SHORT_TP,SHORT_TP
15607,-1.0,SHORT_TP,SHORT_TP
15608,-1.0,SHORT_TP,SHORT_TP
15609,-1.0,SHORT_TP,SHORT_TP
15610,-1.0,SHORT_TP,SHORT_TP
15611,1.0,LONG_TP,LONG_TP
15612,1.0,LONG_TP,LONG_TP
15613,-1.0,SHORT_TP,SHORT_TP
15614,-1.0,SHORT_TP,SHORT_TP
15615,-1.0,SHORT_TP,SHORT_TP
15616,1.0,LONG_TP,LONG_TP
15617,1.0,LONG_TP,LONG_TP
15618,1.0,LONG_TP,LONG_TP
15619,1.0,LONG_TP,LONG_TP
15620,1.0,LONG_TP,LONG_TP
15621,1.0,LONG_TP,LONG_TP
15622,1.0,LONG_TP,LONG_TP
15623,1.0,LONG_TP,LONG_TP
15624,1.0,LONG_TP,LONG_TP
15625,1.0,LONG_TP,LONG_TP
15626,1.0,LONG_TP,LONG_TP
15627,1.0,LONG_TP,LONG_TP
15628,1.0,LONG_TP,LONG_TP
15629,1.0,LONG_TP,LONG_TP
15630,1.0,LONG_TP,LONG_TP
15631,1.0,LONG_TP,LONG_TP
15632,1.0,LONG_TP,LONG_TP
15633,1.0,LONG_TP,LONG_TP
15634,1.0,LONG_TP,LONG_TP
15635,1.0,LONG_TP,LONG_TP
15636,1.0,LONG_TP,LONG_TP
15637,1.0,LONG_TP,LONG_TP
15638,1.0,LONG_TP,LONG_TP
15639,1.0,LONG_TP,LONG_TP
15640,1.0,LONG_TP,LONG_TP
15641,1.0,LONG_TP,LONG_TP
15642,1.0,LONG_TP,LONG_TP
15643,1.0,LONG_TP,LONG_TP
15644,1.0,LONG_TP,LONG_TP
15645,1.0,LONG_TP,LONG_TP
15646,1.0,LONG_TP,LONG_TP
15647,1.0,LONG_TP,LONG_TP
15648,1.0,LONG_TP,LONG_TP
15649,1.0,LONG_TP,LONG_TP
15650,1.0,LONG_TP,LONG_TP
15651,1.0,LONG_TP,LONG_TP
15652,-1.0,SHORT_TP,SHORT_TP
15653,-1.0,SHORT_TP,SHORT_TP
15654,-1.0,SHORT_TP,SHORT_TP
15655,-1.0,SHORT_TP,SHORT_TP
15656,-1.0,SHORT_TP,SHORT_TP
15657,-1.0,SHORT_TP,SHORT_TP
15658,-1.0,SHORT_TP,SHORT_TP
15659,-1.0,SHORT_TP,SHORT_TP
15660,1.0,LONG_TP,LONG_TP
15661,1.0,LONG_TP,LONG_TP
15662,1.0,LONG_TP,LONG_TP
15663,-1.0,SHORT_TP,SHORT_TP
15664,-1.0,SHORT_TP,SHORT_TP
15665,-1.0,SHORT_TP,SHORT_TP
15666,-1.0,SHORT_TP,SHORT_TP
15667,-1.0,SHORT_TP,SHORT_TP
15668,-1.0,SHORT_TP,SHORT_TP
15669,-1.0,SHORT_TP,SHORT_TP
15670,-1.0,SHORT_TP,SHORT_TP
15671,-1.0,SHORT_TP,SHORT_TP
15672,-1.0,SHORT_TP,SHORT_TP
15673,-1.0,SHORT_TP,SHORT_TP
15674,-1.0,SHORT_TP,SHORT_TP
15675,-1.0,SHORT_TP,SHORT_TP
15676,-1.0,SHORT_TP,SHORT_TP
15677,-1.0,SHORT_TP,SHORT_TP
15678,-1.0,SHORT_TP,SHORT_TP
15679,-1.0,SHORT_TP,SHORT_TP
15680,-1.0,SHORT_TP,SHORT_TP
15681,-1.0,SHORT_TP,SHORT_TP
15682,-1.0,SHORT_TP,SHORT_TP
15683,-1.0,SHORT_TP,SHORT_TP
15684,-1.0,SHORT_TP,SHORT_TP
15685,-1.0,SHORT_TP,SHORT_TP
15686,1.0,LONG_TP,LONG_TP
15687,1.0,LONG_TP,LONG_TP
15688,1.0,LONG_TP,LONG_TP
15689,1.0,LONG_TP,LONG_TP
15690,1.0,LONG_TP,LONG_TP
15691,1.0,LONG_TP,LONG_TP
15692,1.0,LONG_TP,LONG_TP
15693,1.0,LONG_TP,LONG_TP
15694,1.0,LONG_TP,LONG_TP
15695,1.0,LONG_TP,LONG_TP
15696,1.0,LONG_TP,LONG_TP
15697,1.0,LONG_TP,LONG_TP
15698,1.0,LONG_TP,LONG_TP
15699,1.0,LONG_TP,LONG_TP
15700,1.0,LONG_TP,LONG_TP
15701,1.0,LONG_TP,LONG_TP
15702,-1.0,SHORT_TP,SHORT_TP
15703,-1.0,SHORT_TP,SHORT_TP
15704,-1.0,SHORT_TP,SHORT_TP
15705,-1.0,SHORT_TP,SHORT_TP
15706,-1.0,SHORT_TP,SHORT_TP
15707,-1.0,SHORT_TP,SHORT_TP
15708,-1.0,SHORT_TP,SHORT_TP
15709,-1.0,SHORT_TP,SHORT_TP
15710,-1.0,SHORT_TP,SHORT_TP
15711,-1.0,SHORT_TP,SHORT_TP
15712,-1.0,SHORT_TP,SHORT_TP
15713,-1.0,SHORT_TP,SHORT_TP
15714,-1.0,SHORT_TP,SHORT_TP
15715,-1.0,SHORT_TP,SHORT_TP
15716,-1.0,SHORT_TP,SHORT_TP
15717,-1.0,SHORT_TP,SHORT_TP
15718,-1.0,SHORT_TP,SHORT_TP
15719,-1.0,SHORT_TP,SHORT_TP
15720,-1.0,SHORT_TP,SHORT_TP
15721,-1.0,SHORT_TP,SHORT_TP
15722,-1.0,SHORT_TP,SHORT_TP
15723,-1.0,SHORT_TP,SHORT_TP
15724,-1.0,SHORT_TP,SHORT_TP
15725,-1.0,SHORT_TP,SHORT_TP
15726,-1.0,SHORT_TP,SHORT_TP
15727,1.0,LONG_TP,LONG_TP
15728,1.0,LONG_TP,LONG_TP
15729,1.0,LONG_TP,LONG_TP
15730,1.0,LONG_TP,LONG_TP
15731,-1.0,SHORT_TP,SHORT_TP
15732,-1.0,SHORT_TP,SHORT_TP
15733,-1.0,SHORT_TP,SHORT_TP
15734,-1.0,SHORT_TP,SHORT_TP
15735,-1.0,SHORT_TP,SHORT_TP
15736,-1.0,SHORT_TP,SHORT_TP
15737,-1.0,SHORT_TP,SHORT_TP
15738,-1.0,SHORT_TP,SHORT_TP
15739,-1.0,SHORT_TP,SHORT_TP
15740,-1.0,SHORT_TP,SHORT_TP
15741,-1.0,SHORT_TP,SHORT_TP
15742,-1.0,SHORT_TP,SHORT_TP
15743,-1.0,SHORT_TP,SHORT_TP
15744,-1.0,SHORT_TP,SHORT_TP
15745,-1.0,SHORT_TP,SHORT_TP
15746,-1.0,SHORT_TP,SHORT_TP
15747,-1.0,SHORT_TP,SHORT_TP
15748,-1.0,SHORT_TP,SHORT_TP
15749,-1.0,SHORT_TP,SHORT_TP
15750,-1.0,SHORT_TP,SHORT_TP
15751,-1.0,SHORT_TP,SHORT_TP
15752,-1.0,SHORT_TP,SHORT_TP
15753,-1.0,SHORT_TP,SHORT_TP
15754,-1.0,SHORT_TP,SHORT_TP
15755,-1.0,SHORT_TP,SHORT_TP
15756,-1.0,SHORT_TP,SHORT_TP
15757,-1.0,SHORT_TP,SHORT_TP
15758,-1.0,SHORT_TP,SHORT_TP
15759,-1.0,SHORT_TP,SHORT_TP
15760,-1.0,SHORT_TP,SHORT_TP
15761,-1.0,SHORT_TP,SHORT_TP
15762,-1.0,SHORT_TP,SHORT_TP
15763,-1.0,SHORT_TP,SHORT_TP
15764,-1.0,SHORT_TP,SHORT_TP
15765,-1.0,SHORT_TP,SHORT_TP
15766,-1.0,SHORT_TP,SHORT_TP
15767,-1.0,SHORT_TP,SHORT_TP
15768,-1.0,SHORT_TP,SHORT_TP
15769,-1.0,SHORT_TP,SHORT_TP
15770,-1.0,SHORT_TP,SHORT_TP
15771,-1.0,SHORT_TP,SHORT_TP
15772,-1.0,SHORT_TP,SHORT_TP
15773,-1.0,SHORT_TP,SHORT_TP
15774,-1.0,SHORT_TP,SHORT_TP
15775,1.0,LONG_TP,LONG_TP
15776,1.0,LONG_TP,LONG_TP
15777,1.0,LONG_TP,LONG_TP
15778,1.0,LONG_TP,LONG_TP
15779,1.0,LONG_TP,LONG_TP
15780,1.0,LONG_TP,LONG_TP
15781,1.0,LONG_TP,LONG_TP
15782,1.0,LONG_TP,LONG_TP
15783,1.0,LONG_TP,LONG_TP
15784,1.0,LONG_TP,LONG_TP
15785,1.0,LONG_TP,LONG_TP
15786,1.0,LONG_TP,LONG_TP
15787,-1.0,SHORT_TP,SHORT_TP
15788,1.0,LONG_TP,LONG_TP
15789,-1.0,SHORT_TP,SHORT_TP
15790,-1.0,SHORT_TP,SHORT_TP
15791,1.0,LONG_TP,LONG_TP
15792,1.0,LONG_TP,LONG_TP
15793,1.0,LONG_TP,LONG_TP
15794,1.0,LONG_TP,LONG_TP
15795,1.0,LONG_TP,LONG_TP
15796,1.0,LONG_TP,LONG_TP
15797,1.0,LONG_TP,LONG_TP
15798,1.0,LONG_TP,LONG_TP
15799,1.0,LONG_TP,LONG_TP
15800,1.0,LONG_TP,LONG_TP
15801,1.0,LONG_TP,LONG_TP
15802,1.0,LONG_TP,LONG_TP
15803,1.0,LONG_TP,LONG_TP
15804,1.0,LONG_TP,LONG_TP
15805,1.0,LONG_TP,LONG_TP
15806,-1.0,SHORT_TP,SHORT_TP
15807,-1.0,SHORT_TP,SHORT_TP
15808,-1.0,SHORT_TP,SHORT_TP
15809,1.0,LONG_TP,LONG_TP
15810,-1.0,SHORT_TP,SHORT_TP
15811,-1.0,SHORT_TP,SHORT_TP
15812,-1.0,SHORT_TP,SHORT_TP
15813,-1.0,SHORT_TP,SHORT_TP
15814,1.0,LONG_TP,LONG_TP
15815,1.0,LONG_TP,LONG_TP
15816,1.0,LONG_TP,LONG_TP
15817,1.0,LONG_TP,LONG_TP
15818,1.0,LONG_TP,LONG_TP
15819,-1.0,SHORT_TP,SHORT_TP
15820,1.0,LONG_TP,LONG_TP
15821,1.0,LONG_TP,LONG_TP
15822,1.0,LONG_TP,LONG_TP
15823,1.0,LONG_TP,LONG_TP
15824,1.0,LONG_TP,LONG_TP
15825,1.0,LONG_TP,LONG_TP
15826,1.0,LONG_TP,LONG_TP
15827,1.0,LONG_TP,LONG_TP
15828,1.0,LONG_TP,LONG_TP
15829,1.0,LONG_TP,LONG_TP
15830,1.0,LONG_TP,LONG_TP
15831,1.0,LONG_TP,LONG_TP
15832,1.0,LONG_TP,LONG_TP
15833,1.0,LONG_TP,LONG_TP
15834,1.0,LONG_TP,LONG_TP
15835,1.0,LONG_TP,LONG_TP
15836,1.0,LONG_TP,LONG_TP
15837,1.0,LONG_TP,LONG_TP
15838,-1.0,SHORT_TP,SHORT_TP
15839,1.0,LONG_TP,LONG_TP
15840,1.0,LONG_TP,LONG_TP
15841,1.0,LONG_TP,LONG_TP
15842,1.0,LONG_TP,LONG_TP
15843,1.0,LONG_TP,LONG_TP
15844,1.0,LONG_TP,LONG_TP
15845,1.0,LONG_TP,LONG_TP
15846,1.0,LONG_TP,LONG_TP
15847,1.0,LONG_TP,LONG_TP
15848,1.0,LONG_TP,LONG_TP
15849,1.0,LONG_TP,LONG_TP
15850,-1.0,SHORT_TP,SHORT_TP
15851,-1.0,SHORT_TP,SHORT_TP
15852,-1.0,SHORT_TP,SHORT_TP
15853,-1.0,SHORT_TP,SHORT_TP
15854,-1.0,SHORT_TP,SHORT_TP
15855,-1.0,SHORT_TP,SHORT_TP
15856,-1.0,SHORT_TP,SHORT_TP
15857,-1.0,SHORT_TP,SHORT_TP
15858,-1.0,SHORT_TP,SHORT_TP
15859,1.0,LONG_TP,LONG_TP
15860,-1.0,SHORT_TP,SHORT_TP
15861,-1.0,SHORT_TP,SHORT_TP
15862,1.0,LONG_TP,LONG_TP
15863,1.0,LONG_TP,LONG_TP
15864,-1.0,SHORT_TP,SHORT_TP
15865,-1.0,SHORT_TP,SHORT_TP
15866,-1.0,SHORT_TP,SHORT_TP
15867,-1.0,SHORT_TP,SHORT_TP
15868,-1.0,SHORT_TP,SHORT_TP
15869,-1.0,SHORT_TP,SHORT_TP
15870,-1.0,SHORT_TP,SHORT_TP
15871,-1.0,SHORT_TP,SHORT_TP
15872,1.0,LONG_TP,LONG_TP
15873,1.0,LONG_TP,LONG_TP
15874,1.0,LONG_TP,LONG_TP
15875,1.0,LONG_TP,LONG_TP
15876,1.0,LONG_TP,LONG_TP
15877,1.0,LONG_TP,LONG_TP
15878,1.0,LONG_TP,LONG_TP
15879,1.0,LONG_TP,LONG_TP
15880,1.0,LONG_TP,LONG_TP
15881,1.0,LONG_TP,LONG_TP
15882,1.0,LONG_TP,LONG_TP
15883,1.0,LONG_TP,LONG_TP
15884,1.0,LONG_TP,LONG_TP
15885,1.0,LONG_TP,LONG_TP
15886,1.0,LONG_TP,LONG_TP
15887,1.0,LONG_TP,LONG_TP
15888,1.0,LONG_TP,LONG_TP
15889,1.0,LONG_TP,LONG_TP
15890,1.0,LONG_TP,LONG_TP
15891,1.0,LONG_TP,LONG_TP
15892,1.0,LONG_TP,LONG_TP
15893,1.0,LONG_TP,LONG_TP
15894,1.0,LONG_TP,LONG_TP
15895,1.0,LONG_TP,LONG_TP
15896,1.0,LONG_TP,LONG_TP
15897,1.0,LONG_TP,LONG_TP
15898,-1.0,SHORT_TP,SHORT_TP
15899,1.0,LONG_TP,LONG_TP
15900,1.0,LONG_TP,LONG_TP
15901,1.0,LONG_TP,LONG_TP
15902,1.0,LONG_TP,LONG_TP
15903,1.0,LONG_TP,LONG_TP
15904,1.0,LONG_TP,LONG_TP
15905,1.0,LONG_TP,LONG_TP
15906,1.0,LONG_TP,LONG_TP
15907,1.0,LONG_TP,LONG_TP
15908,1.0,LONG_TP,LONG_TP
15909,1.0,LONG_TP,LONG_TP
15910,1.0,LONG_TP,LONG_TP
15911,1.0,LONG_TP,LONG_TP
15912,1.0,LONG_TP,LONG_TP
15913,1.0,LONG_TP,LONG_TP
15914,1.0,LONG_TP,LONG_TP
15915,1.0,LONG_TP,LONG_TP
15916,1.0,LONG_TP,LONG_TP
15917,1.0,LONG_TP,LONG_TP
15918,1.0,LONG_TP,LONG_TP
15919,1.0,LONG_TP,LONG_TP
15920,1.0,LONG_TP,LONG_TP
15921,-1.0,SHORT_TP,SHORT_TP
15922,-1.0,SHORT_TP,SHORT_TP
15923,-1.0,SHORT_TP,SHORT_TP
15924,-1.0,SHORT_TP,SHORT_TP
15925,-1.0,SHORT_TP,SHORT_TP
15926,-1.0,SHORT_TP,SHORT_TP
15927,-1.0,SHORT_TP,SHORT_TP
15928,-1.0,SHORT_TP,SHORT_TP
15929,-1.0,SHORT_TP,SHORT_TP
15930,-1.0,SHORT_TP,SHORT_TP
15931,-1.0,SHORT_TP,SHORT_TP
15932,-1.0,SHORT_TP,SHORT_TP
15933,-1.0,SHORT_TP,SHORT_TP
15934,-1.0,SHORT_TP,SHORT_TP
15935,-1.0,SHORT_TP,SHORT_TP
15936,-1.0,SHORT_TP,SHORT_TP
15937,1.0,LONG_TP,LONG_TP
15938,-1.0,SHORT_TP,SHORT_TP
15939,-1.0,SHORT_TP,SHORT_TP
15940,-1.0,SHORT_TP,SHORT_TP
15941,-1.0,SHORT_TP,SHORT_TP
15942,-1.0,SHORT_TP,SHORT_TP
15943,-1.0,SHORT_TP,SHORT_TP
15944,-1.0,SHORT_TP,SHORT_TP
15945,-1.0,SHORT_TP,SHORT_TP
15946,-1.0,SHORT_TP,SHORT_TP
15947,-1.0,SHORT_TP,SHORT_TP
15948,-1.0,SHORT_TP,SHORT_TP
15949,-1.0,SHORT_TP,SHORT_TP
15950,-1.0,SHORT_TP,SHORT_TP
15951,-1.0,SHORT_TP,SHORT_TP
15952,-1.0,SHORT_TP,SHORT_TP
15953,-1.0,SHORT_TP,SHORT_TP
15954,-1.0,SHORT_TP,SHORT_TP
15955,-1.0,SHORT_TP,SHORT_TP
15956,-1.0,SHORT_TP,SHORT_TP
15957,1.0,LONG_TP,LONG_TP
15958,-1.0,SHORT_TP,SHORT_TP
15959,-1.0,SHORT_TP,SHORT_TP
15960,-1.0,SHORT_TP,SHORT_TP
15961,-1.0,SHORT_TP,SHORT_TP
15962,-1.0,SHORT_TP,SHORT_TP
15963,-1.0,SHORT_TP,SHORT_TP
15964,-1.0,SHORT_TP,SHORT_TP
15965,1.0,LONG_TP,LONG_TP
15966,-1.0,SHORT_TP,SHORT_TP
15967,-1.0,SHORT_TP,SHORT_TP
15968,-1.0,SHORT_TP,SHORT_TP
15969,-1.0,SHORT_TP,SHORT_TP
15970,-1.0,SHORT_TP,SHORT_TP
15971,-1.0,SHORT_TP,SHORT_TP
15972,-1.0,SHORT_TP,SHORT_TP
15973,-1.0,SHORT_TP,SHORT_TP
15974,-1.0,SHORT_TP,SHORT_TP
15975,-1.0,SHORT_TP,SHORT_TP
15976,-1.0,SHORT_TP,SHORT_TP
15977,-1.0,SHORT_TP,SHORT_TP
15978,-1.0,SHORT_TP,SHORT_TP
15979,-1.0,SHORT_TP,SHORT_TP
15980,-1.0,SHORT_TP,SHORT_TP
15981,-1.0,SHORT_TP,SHORT_TP
15982,-1.0,SHORT_TP,SHORT_TP
15983,-1.0,SHORT_TP,SHORT_TP
15984,-1.0,SHORT_TP,SHORT_TP
15985,-1.0,SHORT_TP,SHORT_TP
15986,-1.0,SHORT_TP,SHORT_TP
15987,-1.0,SHORT_TP,SHORT_TP
15988,-1.0,SHORT_TP,SHORT_TP
15989,-1.0,SHORT_TP,SHORT_TP
15990,-1.0,SHORT_TP,SHORT_TP
15991,-1.0,SHORT_TP,SHORT_TP
15992,-1.0,SHORT_TP,SHORT_TP
15993,-1.0,SHORT_TP,SHORT_TP
15994,-1.0,SHORT_TP,SHORT_TP
15995,-1.0,SHORT_TP,SHORT_TP
15996,-1.0,SHORT_TP,SHORT_TP
15997,-1.0,SHORT_TP,SHORT_TP
15998,-1.0,SHORT_TP,SHORT_TP
15999,-1.0,SHORT_TP,SHORT_TP
16000,-1.0,SHORT_TP,SHORT_TP
16001,-1.0,SHORT_TP,SHORT_TP
16002,-1.0,SHORT_TP,SHORT_TP
16003,-1.0,SHORT_TP,SHORT_TP
16004,-1.0,SHORT_TP,SHORT_TP
16005,-1.0,SHORT_TP,SHORT_TP
16006,-1.0,SHORT_TP,SHORT_TP
16007,-1.0,SHORT_TP,SHORT_TP
16008,-1.0,SHORT_TP,SHORT_TP
16009,-1.0,SHORT_TP,SHORT_TP
16010,-1.0,SHORT_TP,SHORT_TP
16011,-1.0,SHORT_TP,SHORT_TP
16012,-1.0,SHORT_TP,SHORT_TP
16013,-1.0,SHORT_TP,SHORT_TP
16014,-1.0,SHORT_TP,SHORT_TP
16015,-1.0,SHORT_TP,SHORT_TP
16016,-1.0,SHORT_TP,SHORT_TP
16017,-1.0,SHORT_TP,SHORT_TP
16018,-1.0,SHORT_TP,SHORT_TP
16019,-1.0,SHORT_TP,SHORT_TP
16020,-1.0,SHORT_TP,SHORT_TP
16021,1.0,LONG_TP,LONG_TP
16022,-1.0,SHORT_TP,SHORT_TP
16023,-1.0,SHORT_TP,SHORT_TP
16024,-1.0,SHORT_TP,SHORT_TP
16025,-1.0,SHORT_TP,SHORT_TP
16026,-1.0,SHORT_TP,SHORT_TP
16027,-1.0,SHORT_TP,SHORT_TP
16028,-1.0,SHORT_TP,SHORT_TP
16029,-1.0,SHORT_TP,SHORT_TP
16030,1.0,LONG_TP,LONG_TP
16031,1.0,LONG_TP,LONG_TP
16032,1.0,LONG_TP,LONG_TP
16033,1.0,LONG_TP,LONG_TP
16034,1.0,LONG_TP,LONG_TP
16035,1.0,LONG_TP,LONG_TP
16036,1.0,LONG_TP,LONG_TP
16037,1.0,LONG_TP,LONG_TP
16038,1.0,LONG_TP,LONG_TP
16039,-1.0,SHORT_TP,SHORT_TP
16040,1.0,LONG_TP,LONG_TP
16041,1.0,LONG_TP,LONG_TP
16042,1.0,LONG_TP,LONG_TP
16043,1.0,LONG_TP,LONG_TP
16044,1.0,LONG_TP,LONG_TP
16045,1.0,LONG_TP,LONG_TP
16046,1.0,LONG_TP,LONG_TP
16047,1.0,LONG_TP,LONG_TP
16048,-1.0,SHORT_TP,SHORT_TP
16049,-1.0,SHORT_TP,SHORT_TP
16050,-1.0,SHORT_TP,SHORT_TP
16051,-1.0,SHORT_TP,SHORT_TP
16052,-1.0,SHORT_TP,SHORT_TP
16053,-1.0,SHORT_TP,SHORT_TP
16054,-1.0,SHORT_TP,SHORT_TP
16055,-1.0,SHORT_TP,SHORT_TP
16056,-1.0,SHORT_TP,SHORT_TP
16057,-1.0,SHORT_TP,SHORT_TP
16058,-1.0,SHORT_TP,SHORT_TP
16059,-1.0,SHORT_TP,SHORT_TP
16060,-1.0,SHORT_TP,SHORT_TP
16061,-1.0,SHORT_TP,SHORT_TP
16062,-1.0,SHORT_TP,SHORT_TP
16063,-1.0,SHORT_TP,SHORT_TP
16064,-1.0,SHORT_TP,SHORT_TP
16065,-1.0,SHORT_TP,SHORT_TP
16066,-1.0,SHORT_TP,SHORT_TP
16067,-1.0,SHORT_TP,SHORT_TP
16068,-1.0,SHORT_TP,SHORT_TP
16069,-1.0,SHORT_TP,SHORT_TP
16070,-1.0,SHORT_TP,SHORT_TP
16071,-1.0,SHORT_TP,SHORT_TP
16072,-1.0,SHORT_TP,SHORT_TP
16073,-1.0,SHORT_TP,SHORT_TP
16074,-1.0,SHORT_TP,SHORT_TP
16075,-1.0,SHORT_TP,SHORT_TP
16076,-1.0,SHORT_TP,SHORT_TP
16077,-1.0,SHORT_TP,SHORT_TP
16078,-1.0,SHORT_TP,SHORT_TP
16079,-1.0,SHORT_TP,SHORT_TP
16080,-1.0,SHORT_TP,SHORT_TP
16081,-1.0,SHORT_TP,SHORT_TP
16082,-1.0,SHORT_TP,SHORT_TP
16083,-1.0,SHORT_TP,SHORT_TP
16084,1.0,LONG_TP,LONG_TP
16085,1.0,LONG_TP,LONG_TP
16086,1.0,LONG_TP,LONG_TP
16087,1.0,LONG_TP,LONG_TP
16088,1.0,LONG_TP,LONG_TP
16089,1.0,LONG_TP,LONG_TP
16090,-1.0,SHORT_TP,SHORT_TP
16091,-1.0,SHORT_TP,SHORT_TP
16092,-1.0,SHORT_TP,SHORT_TP
16093,1.0,LONG_TP,LONG_TP
16094,1.0,LONG_TP,LONG_TP
16095,1.0,LONG_TP,LONG_TP
16096,1.0,LONG_TP,LONG_TP
16097,1.0,LONG_TP,LONG_TP
16098,1.0,LONG_TP,LONG_TP
16099,1.0,LONG_TP,LONG_TP
16100,1.0,LONG_TP,LONG_TP
16101,1.0,LONG_TP,LONG_TP
16102,1.0,LONG_TP,LONG_TP
16103,1.0,LONG_TP,LONG_TP
16104,1.0,LONG_TP,LONG_TP
16105,-1.0,SHORT_TP,SHORT_TP
16106,-1.0,SHORT_TP,SHORT_TP
16107,-1.0,SHORT_TP,SHORT_TP
16108,-1.0,SHORT_TP,SHORT_TP
16109,1.0,LONG_TP,LONG_TP
16110,1.0,LONG_TP,LONG_TP
16111,1.0,LONG_TP,LONG_TP
16112,1.0,LONG_TP,LONG_TP
16113,1.0,LONG_TP,LONG_TP
16114,1.0,LONG_TP,LONG_TP
16115,1.0,LONG_TP,LONG_TP
16116,1.0,LONG_TP,LONG_TP
16117,1.0,LONG_TP,LONG_TP
16118,1.0,LONG_TP,LONG_TP
16119,1.0,LONG_TP,LONG_TP
16120,1.0,LONG_TP,LONG_TP
16121,1.0,LONG_TP,LONG_TP
16122,1.0,LONG_TP,LONG_TP
16123,1.0,LONG_TP,LONG_TP
16124,1.0,LONG_TP,LONG_TP
16125,1.0,LONG_TP,LONG_TP
16126,-1.0,SHORT_TP,SHORT_TP
16127,-1.0,SHORT_TP,SHORT_TP
16128,-1.0,SHORT_TP,SHORT_TP
16129,1.0,LONG_TP,LONG_TP
16130,1.0,LONG_TP,LONG_TP
16131,1.0,LONG_TP,LONG_TP
16132,1.0,LONG_TP,LONG_TP
16133,1.0,LONG_TP,LONG_TP
16134,1.0,LONG_TP,LONG_TP
16135,1.0,LONG_TP,LONG_TP
16136,1.0,LONG_TP,LONG_TP
16137,1.0,LONG_TP,LONG_TP
16138,1.0,LONG_TP,LONG_TP
16139,1.0,LONG_TP,LONG_TP
16140,1.0,LONG_TP,LONG_TP
16141,1.0,LONG_TP,LONG_TP
16142,1.0,LONG_TP,LONG_TP
16143,1.0,LONG_TP,LONG_TP
16144,1.0,LONG_TP,LONG_TP
16145,1.0,LONG_TP,LONG_TP
16146,1.0,LONG_TP,LONG_TP
16147,1.0,LONG_TP,LONG_TP
16148,1.0,LONG_TP,LONG_TP
16149,1.0,LONG_TP,LONG_TP
16150,1.0,LONG_TP,LONG_TP
16151,1.0,LONG_TP,LONG_TP
16152,1.0,LONG_TP,LONG_TP
16153,1.0,LONG_TP,LONG_TP
16154,1.0,LONG_TP,LONG_TP
16155,1.0,LONG_TP,LONG_TP
16156,1.0,LONG_TP,LONG_TP
16157,1.0,LONG_TP,LONG_TP
16158,1.0,LONG_TP,LONG_TP
16159,-1.0,SHORT_TP,SHORT_TP
16160,-1.0,SHORT_TP,SHORT_TP
16161,-1.0,SHORT_TP,SHORT_TP
16162,-1.0,SHORT_TP,SHORT_TP
16163,-1.0,SHORT_TP,SHORT_TP
16164,-1.0,SHORT_TP,SHORT_TP
16165,-1.0,SHORT_TP,SHORT_TP
16166,-1.0,SHORT_TP,SHORT_TP
16167,-1.0,SHORT_TP,SHORT_TP
16168,-1.0,SHORT_TP,SHORT_TP
16169,-1.0,SHORT_TP,SHORT_TP
16170,-1.0,SHORT_TP,SHORT_TP
16171,-1.0,SHORT_TP,SHORT_TP
16172,-1.0,SHORT_TP,SHORT_TP
16173,-1.0,SHORT_TP,SHORT_TP
16174,-1.0,SHORT_TP,SHORT_TP
16175,-1.0,SHORT_TP,SHORT_TP
16176,-1.0,SHORT_TP,SHORT_TP
16177,-1.0,SHORT_TP,SHORT_TP
16178,-1.0,SHORT_TP,SHORT_TP
16179,-1.0,SHORT_TP,SHORT_TP
16180,-1.0,SHORT_TP,SHORT_TP
16181,-1.0,SHORT_TP,SHORT_TP
16182,-1.0,SHORT_TP,SHORT_TP
16183,-1.0,SHORT_TP,SHORT_TP
16184,-1.0,SHORT_TP,SHORT_TP
16185,1.0,LONG_TP,LONG_TP
16186,1.0,LONG_TP,LONG_TP
16187,1.0,LONG_TP,LONG_TP
16188,1.0,LONG_TP,LONG_TP
16189,1.0,LONG_TP,LONG_TP
16190,1.0,LONG_TP,LONG_TP
16191,1.0,LONG_TP,LONG_TP
16192,1.0,LONG_TP,LONG_TP
16193,1.0,LONG_TP,LONG_TP
16194,1.0,LONG_TP,LONG_TP
16195,-1.0,SHORT_TP,SHORT_TP
16196,1.0,LONG_TP,LONG_TP
16197,1.0,LONG_TP,LONG_TP
16198,-1.0,SHORT_TP,SHORT_TP
16199,-1.0,SHORT_TP,SHORT_TP
16200,-1.0,SHORT_TP,SHORT_TP
16201,-1.0,SHORT_TP,SHORT_TP
16202,-1.0,SHORT_TP,SHORT_TP
16203,-1.0,SHORT_TP,SHORT_TP
16204,-1.0,SHORT_TP,SHORT_TP
16205,-1.0,SHORT_TP,SHORT_TP
16206,-1.0,SHORT_TP,SHORT_TP
16207,-1.0,SHORT_TP,SHORT_TP
16208,-1.0,SHORT_TP,SHORT_TP
16209,-1.0,SHORT_TP,SHORT_TP
16210,-1.0,SHORT_TP,SHORT_TP
16211,-1.0,SHORT_TP,SHORT_TP
16212,-1.0,SHORT_TP,SHORT_TP
16213,-1.0,SHORT_TP,SHORT_TP
16214,-1.0,SHORT_TP,SHORT_TP
16215,-1.0,SHORT_TP,SHORT_TP
16216,-1.0,SHORT_TP,SHORT_TP
16217,-1.0,SHORT_TP,SHORT_TP
16218,-1.0,SHORT_TP,SHORT_TP
16219,-1.0,SHORT_TP,SHORT_TP
16220,-1.0,SHORT_TP,SHORT_TP
16221,-1.0,SHORT_TP,SHORT_TP
16222,-1.0,SHORT_TP,SHORT_TP
16223,-1.0,SHORT_TP,SHORT_TP
16224,-1.0,SHORT_TP,SHORT_TP
16225,-1.0,SHORT_TP,SHORT_TP
16226,-1.0,SHORT_TP,SHORT_TP
16227,-1.0,SHORT_TP,SHORT_TP
16228,-1.0,SHORT_TP,SHORT_TP
16229,-1.0,SHORT_TP,SHORT_TP
16230,-1.0,SHORT_TP,SHORT_TP
16231,-1.0,SHORT_TP,SHORT_TP
16232,1.0,LONG_TP,LONG_TP
16233,-1.0,SHORT_TP,SHORT_TP
16234,-1.0,SHORT_TP,SHORT_TP
16235,-1.0,SHORT_TP,SHORT_TP
16236,-1.0,SHORT_TP,SHORT_TP
16237,1.0,LONG_TP,LONG_TP
16238,1.0,LONG_TP,LONG_TP
16239,-1.0,SHORT_TP,SHORT_TP
16240,-1.0,SHORT_TP,SHORT_TP
16241,1.0,LONG_TP,LONG_TP
16242,1.0,LONG_TP,LONG_TP
16243,1.0,LONG_TP,LONG_TP
16244,-1.0,SHORT_TP,SHORT_TP
16245,1.0,LONG_TP,LONG_TP
16246,1.0,LONG_TP,LONG_TP
16247,1.0,LONG_TP,LONG_TP
16248,1.0,LONG_TP,LONG_TP
16249,1.0,LONG_TP,LONG_TP
16250,1.0,LONG_TP,LONG_TP
16251,1.0,LONG_TP,LONG_TP
16252,1.0,LONG_TP,LONG_TP
16253,1.0,LONG_TP,LONG_TP
16254,1.0,LONG_TP,LONG_TP
16255,1.0,LONG_TP,LONG_TP
16256,1.0,LONG_TP,LONG_TP
16257,1.0,LONG_TP,LONG_TP
16258,1.0,LONG_TP,LONG_TP
16259,1.0,LONG_TP,LONG_TP
16260,-1.0,SHORT_TP,SHORT_TP
16261,-1.0,SHORT_TP,SHORT_TP
16262,-1.0,SHORT_TP,SHORT_TP
16263,1.0,LONG_TP,LONG_TP
16264,1.0,LONG_TP,LONG_TP
16265,-1.0,SHORT_TP,SHORT_TP
16266,1.0,LONG_TP,LONG_TP
16267,1.0,LONG_TP,LONG_TP
16268,1.0,LONG_TP,LONG_TP
16269,1.0,LONG_TP,LONG_TP
16270,1.0,LONG_TP,LONG_TP
16271,1.0,LONG_TP,LONG_TP
16272,1.0,LONG_TP,LONG_TP
16273,1.0,LONG_TP,LONG_TP
16274,1.0,LONG_TP,LONG_TP
16275,1.0,LONG_TP,LONG_TP
16276,-1.0,SHORT_TP,SHORT_TP
16277,-1.0,SHORT_TP,SHORT_TP
16278,-1.0,SHORT_TP,SHORT_TP
16279,-1.0,SHORT_TP,SHORT_TP
16280,-1.0,SHORT_TP,SHORT_TP
16281,-1.0,SHORT_TP,SHORT_TP
16282,-1.0,SHORT_TP,SHORT_TP
16283,-1.0,SHORT_TP,SHORT_TP
16284,-1.0,SHORT_TP,SHORT_TP
16285,1.0,LONG_TP,LONG_TP
16286,1.0,LONG_TP,LONG_TP
16287,1.0,LONG_TP,LONG_TP
16288,1.0,LONG_TP,LONG_TP
16289,1.0,LONG_TP,LONG_TP
16290,1.0,LONG_TP,LONG_TP
16291,1.0,LONG_TP,LONG_TP
16292,1.0,LONG_TP,LONG_TP
16293,1.0,LONG_TP,LONG_TP
16294,1.0,LONG_TP,LONG_TP
16295,1.0,LONG_TP,LONG_TP
16296,1.0,LONG_TP,LONG_TP
16297,1.0,LONG_TP,LONG_TP
16298,1.0,LONG_TP,LONG_TP
16299,1.0,LONG_TP,LONG_TP
16300,1.0,LONG_TP,LONG_TP
16301,1.0,LONG_TP,LONG_TP
16302,1.0,LONG_TP,LONG_TP
16303,1.0,LONG_TP,LONG_TP
16304,1.0,LONG_TP,LONG_TP
16305,1.0,LONG_TP,LONG_TP
16306,1.0,LONG_TP,LONG_TP
16307,1.0,LONG_TP,LONG_TP
16308,1.0,LONG_TP,LONG_TP
16309,1.0,LONG_TP,LONG_TP
16310,1.0,LONG_TP,LONG_TP
16311,1.0,LONG_TP,LONG_TP
16312,1.0,LONG_TP,LONG_TP
16313,1.0,LONG_TP,LONG_TP
16314,1.0,LONG_TP,LONG_TP
16315,1.0,LONG_TP,LONG_TP
16316,1.0,LONG_TP,LONG_TP
16317,1.0,LONG_TP,LONG_TP
16318,1.0,LONG_TP,LONG_TP
16319,1.0,LONG_TP,LONG_TP
16320,1.0,LONG_TP,LONG_TP
16321,1.0,LONG_TP,LONG_TP
16322,1.0,LONG_TP,LONG_TP
16323,1.0,LONG_TP,LONG_TP
16324,1.0,LONG_TP,LONG_TP
16325,1.0,LONG_TP,LONG_TP
16326,1.0,LONG_TP,LONG_TP
16327,1.0,LONG_TP,LONG_TP
16328,1.0,LONG_TP,LONG_TP
16329,1.0,LONG_TP,LONG_TP
16330,1.0,LONG_TP,LONG_TP
16331,1.0,LONG_TP,LONG_TP
16332,1.0,LONG_TP,LONG_TP
16333,-1.0,SHORT_TP,SHORT_TP
16334,-1.0,SHORT_TP,SHORT_TP
16335,-1.0,SHORT_TP,SHORT_TP
16336,-1.0,SHORT_TP,SHORT_TP
16337,-1.0,SHORT_TP,SHORT_TP
16338,-1.0,SHORT_TP,SHORT_TP
16339,-1.0,SHORT_TP,SHORT_TP
16340,-1.0,SHORT_TP,SHORT_TP
16341,-1.0,SHORT_TP,SHORT_TP
16342,-1.0,SHORT_TP,SHORT_TP
16343,-1.0,SHORT_TP,SHORT_TP
16344,-1.0,SHORT_TP,SHORT_TP
16345,-1.0,SHORT_TP,SHORT_TP
16346,-1.0,SHORT_TP,SHORT_TP
16347,-1.0,SHORT_TP,SHORT_TP
16348,-1.0,SHORT_TP,SHORT_TP
16349,-1.0,SHORT_TP,SHORT_TP
16350,-1.0,SHORT_TP,SHORT_TP
16351,-1.0,SHORT_TP,SHORT_TP
16352,-1.0,SHORT_TP,SHORT_TP
16353,-1.0,SHORT_TP,SHORT_TP
16354,-1.0,SHORT_TP,SHORT_TP
16355,-1.0,SHORT_TP,SHORT_TP
16356,-1.0,SHORT_TP,SHORT_TP
16357,-1.0,SHORT_TP,SHORT_TP
16358,-1.0,SHORT_TP,SHORT_TP
16359,-1.0,SHORT_TP,SHORT_TP
16360,-1.0,SHORT_TP,SHORT_TP
16361,-1.0,SHORT_TP,SHORT_TP
16362,-1.0,SHORT_TP,SHORT_TP
16363,-1.0,SHORT_TP,SHORT_TP
16364,-1.0,SHORT_TP,SHORT_TP
16365,-1.0,SHORT_TP,SHORT_TP
16366,-1.0,SHORT_TP,SHORT_TP
16367,1.0,LONG_TP,LONG_TP
16368,1.0,LONG_TP,LONG_TP
16369,1.0,LONG_TP,LONG_TP
16370,1.0,LONG_TP,LONG_TP
16371,1.0,LONG_TP,LONG_TP
16372,1.0,LONG_TP,LONG_TP
16373,1.0,LONG_TP,LONG_TP
16374,1.0,LONG_TP,LONG_TP
16375,-1.0,SHORT_TP,SHORT_TP
16376,-1.0,SHORT_TP,SHORT_TP
16377,1.0,LONG_TP,LONG_TP
16378,-1.0,SHORT_TP,SHORT_TP
16379,-1.0,SHORT_TP,SHORT_TP
16380,-1.0,SHORT_TP,SHORT_TP
16381,-1.0,SHORT_TP,SHORT_TP
16382,-1.0,SHORT_TP,SHORT_TP
16383,-1.0,SHORT_TP,SHORT_TP
16384,-1.0,SHORT_TP,SHORT_TP
16385,-1.0,SHORT_TP,SHORT_TP
16386,-1.0,SHORT_TP,SHORT_TP
16387,-1.0,SHORT_TP,SHORT_TP
16388,-1.0,SHORT_TP,SHORT_TP
16389,-1.0,SHORT_TP,SHORT_TP
16390,-1.0,SHORT_TP,SHORT_TP
16391,-1.0,SHORT_TP,SHORT_TP
16392,-1.0,SHORT_TP,SHORT_TP
16393,-1.0,SHORT_TP,SHORT_TP
16394,-1.0,SHORT_TP,SHORT_TP
16395,-1.0,SHORT_TP,SHORT_TP
16396,-1.0,SHORT_TP,SHORT_TP
16397,-1.0,SHORT_TP,SHORT_TP
16398,-1.0,SHORT_TP,SHORT_TP
16399,-1.0,SHORT_TP,SHORT_TP
16400,-1.0,SHORT_TP,SHORT_TP
16401,-1.0,SHORT_TP,SHORT_TP
16402,1.0,LONG_TP,LONG_TP
16403,1.0,LONG_TP,LONG_TP
16404,1.0,LONG_TP,LONG_TP
16405,1.0,LONG_TP,LONG_TP
16406,1.0,LONG_TP,LONG_TP
16407,1.0,LONG_TP,LONG_TP
16408,1.0,LONG_TP,LONG_TP
16409,1.0,LONG_TP,LONG_TP
16410,1.0,LONG_TP,LONG_TP
16411,1.0,LONG_TP,LONG_TP
16412,1.0,LONG_TP,LONG_TP
16413,1.0,LONG_TP,LONG_TP
16414,1.0,LONG_TP,LONG_TP
16415,1.0,LONG_TP,LONG_TP
16416,1.0,LONG_TP,LONG_TP
16417,1.0,LONG_TP,LONG_TP
16418,1.0,LONG_TP,LONG_TP
16419,1.0,LONG_TP,LONG_TP
16420,1.0,LONG_TP,LONG_TP
16421,1.0,LONG_TP,LONG_TP
16422,1.0,LONG_TP,LONG_TP
16423,-1.0,SHORT_TP,SHORT_TP
16424,-1.0,SHORT_TP,SHORT_TP
16425,-1.0,SHORT_TP,SHORT_TP
16426,-1.0,SHORT_TP,SHORT_TP
16427,-1.0,SHORT_TP,SHORT_TP
16428,-1.0,SHORT_TP,SHORT_TP
16429,-1.0,SHORT_TP,SHORT_TP
16430,1.0,LONG_TP,LONG_TP
16431,1.0,LONG_TP,LONG_TP
16432,1.0,LONG_TP,LONG_TP
16433,1.0,LONG_TP,LONG_TP
16434,1.0,LONG_TP,LONG_TP
16435,1.0,LONG_TP,LONG_TP
16436,1.0,LONG_TP,LONG_TP
16437,1.0,LONG_TP,LONG_TP
16438,1.0,LONG_TP,LONG_TP
16439,1.0,LONG_TP,LONG_TP
16440,1.0,LONG_TP,LONG_TP
16441,1.0,LONG_TP,LONG_TP
16442,1.0,LONG_TP,LONG_TP
16443,1.0,LONG_TP,LONG_TP
16444,1.0,LONG_TP,LONG_TP
16445,1.0,LONG_TP,LONG_TP
16446,1.0,LONG_TP,LONG_TP
16447,-1.0,SHORT_TP,SHORT_TP
16448,-1.0,SHORT_TP,SHORT_TP
16449,1.0,LONG_TP,LONG_TP
16450,-1.0,SHORT_TP,SHORT_TP
16451,-1.0,SHORT_TP,SHORT_TP
16452,-1.0,SHORT_TP,SHORT_TP
16453,-1.0,SHORT_TP,SHORT_TP
16454,-1.0,SHORT_TP,SHORT_TP
16455,-1.0,SHORT_TP,SHORT_TP
16456,-1.0,SHORT_TP,SHORT_TP
16457,-1.0,SHORT_TP,SHORT_TP
16458,1.0,LONG_TP,LONG_TP
16459,1.0,LONG_TP,LONG_TP
16460,1.0,LONG_TP,LONG_TP
16461,1.0,LONG_TP,LONG_TP
16462,1.0,LONG_TP,LONG_TP
16463,1.0,LONG_TP,LONG_TP
16464,1.0,LONG_TP,LONG_TP
16465,1.0,LONG_TP,LONG_TP
16466,1.0,LONG_TP,LONG_TP
16467,1.0,LONG_TP,LONG_TP
16468,1.0,LONG_TP,LONG_TP
16469,1.0,LONG_TP,LONG_TP
16470,1.0,LONG_TP,LONG_TP
16471,1.0,LONG_TP,LONG_TP
16472,1.0,LONG_TP,LONG_TP
16473,1.0,LONG_TP,LONG_TP
16474,1.0,LONG_TP,LONG_TP
16475,1.0,LONG_TP,LONG_TP
16476,1.0,LONG_TP,LONG_TP
16477,1.0,LONG_TP,LONG_TP
16478,1.0,LONG_TP,LONG_TP
16479,1.0,LONG_TP,LONG_TP
16480,1.0,LONG_TP,LONG_TP
16481,1.0,LONG_TP,LONG_TP
16482,1.0,LONG_TP,LONG_TP
16483,1.0,LONG_TP,LONG_TP
16484,1.0,LONG_TP,LONG_TP
16485,1.0,LONG_TP,LONG_TP
16486,1.0,LONG_TP,LONG_TP
16487,1.0,LONG_TP,LONG_TP
16488,1.0,LONG_TP,LONG_TP
16489,1.0,LONG_TP,LONG_TP
16490,1.0,LONG_TP,LONG_TP
16491,1.0,LONG_TP,LONG_TP
16492,1.0,LONG_TP,LONG_TP
16493,1.0,LONG_TP,LONG_TP
16494,1.0,LONG_TP,LONG_TP
16495,1.0,LONG_TP,LONG_TP
16496,1.0,LONG_TP,LONG_TP
16497,1.0,LONG_TP,LONG_TP
16498,1.0,LONG_TP,LONG_TP
16499,1.0,LONG_TP,LONG_TP
16500,1.0,LONG_TP,LONG_TP
16501,1.0,LONG_TP,LONG_TP
16502,1.0,LONG_TP,LONG_TP
16503,1.0,LONG_TP,LONG_TP
16504,1.0,LONG_TP,LONG_TP
16505,1.0,LONG_TP,LONG_TP
16506,1.0,LONG_TP,LONG_TP
16507,1.0,LONG_TP,LONG_TP
16508,1.0,LONG_TP,LONG_TP
16509,1.0,LONG_TP,LONG_TP
16510,1.0,LONG_TP,LONG_TP
16511,1.0,LONG_TP,LONG_TP
16512,1.0,LONG_TP,LONG_TP
16513,1.0,LONG_TP,LONG_TP
16514,1.0,LONG_TP,LONG_TP
16515,1.0,LONG_TP,LONG_TP
16516,1.0,LONG_TP,LONG_TP
16517,1.0,LONG_TP,LONG_TP
16518,1.0,LONG_TP,LONG_TP
16519,1.0,LONG_TP,LONG_TP
16520,1.0,LONG_TP,LONG_TP
16521,1.0,LONG_TP,LONG_TP
16522,1.0,LONG_TP,LONG_TP
16523,1.0,LONG_TP,LONG_TP
16524,1.0,LONG_TP,LONG_TP
16525,1.0,LONG_TP,LONG_TP
16526,1.0,LONG_TP,LONG_TP
16527,1.0,LONG_TP,LONG_TP
16528,1.0,LONG_TP,LONG_TP
16529,1.0,LONG_TP,LONG_TP
16530,1.0,LONG_TP,LONG_TP
16531,1.0,LONG_TP,LONG_TP
16532,1.0,LONG_TP,LONG_TP
16533,1.0,LONG_TP,LONG_TP
16534,1.0,LONG_TP,LONG_TP
16535,1.0,LONG_TP,LONG_TP
16536,-1.0,SHORT_TP,SHORT_TP
16537,-1.0,SHORT_TP,SHORT_TP
16538,-1.0,SHORT_TP,SHORT_TP
16539,1.0,LONG_TP,LONG_TP
16540,1.0,LONG_TP,LONG_TP
16541,1.0,LONG_TP,LONG_TP
16542,1.0,LONG_TP,LONG_TP
16543,1.0,LONG_TP,LONG_TP
16544,1.0,LONG_TP,LONG_TP
16545,1.0,LONG_TP,LONG_TP
16546,1.0,LONG_TP,LONG_TP
16547,1.0,LONG_TP,LONG_TP
16548,1.0,LONG_TP,LONG_TP
16549,1.0,LONG_TP,LONG_TP
16550,1.0,LONG_TP,LONG_TP
16551,1.0,LONG_TP,LONG_TP
16552,1.0,LONG_TP,LONG_TP
16553,1.0,LONG_TP,LONG_TP
16554,1.0,LONG_TP,LONG_TP
16555,-1.0,SHORT_TP,SHORT_TP
16556,1.0,LONG_TP,LONG_TP
16557,1.0,LONG_TP,LONG_TP
16558,1.0,LONG_TP,LONG_TP
16559,1.0,LONG_TP,LONG_TP
16560,1.0,LONG_TP,LONG_TP
16561,1.0,LONG_TP,LONG_TP
16562,1.0,LONG_TP,LONG_TP
16563,1.0,LONG_TP,LONG_TP
16564,1.0,LONG_TP,LONG_TP
16565,1.0,LONG_TP,LONG_TP
16566,1.0,LONG_TP,LONG_TP
16567,1.0,LONG_TP,LONG_TP
16568,-1.0,SHORT_TP,SHORT_TP
16569,1.0,LONG_TP,LONG_TP
16570,1.0,LONG_TP,LONG_TP
16571,1.0,LONG_TP,LONG_TP
16572,1.0,LONG_TP,LONG_TP
16573,1.0,LONG_TP,LONG_TP
16574,1.0,LONG_TP,LONG_TP
16575,1.0,LONG_TP,LONG_TP
16576,1.0,LONG_TP,LONG_TP
16577,1.0,LONG_TP,LONG_TP
16578,1.0,LONG_TP,LONG_TP
16579,1.0,LONG_TP,LONG_TP
16580,1.0,LONG_TP,LONG_TP
16581,1.0,LONG_TP,LONG_TP
16582,1.0,LONG_TP,LONG_TP
16583,1.0,LONG_TP,LONG_TP
16584,1.0,LONG_TP,LONG_TP
16585,1.0,LONG_TP,LONG_TP
16586,1.0,LONG_TP,LONG_TP
16587,1.0,LONG_TP,LONG_TP
16588,1.0,LONG_TP,LONG_TP
16589,1.0,LONG_TP,LONG_TP
16590,1.0,LONG_TP,LONG_TP
16591,1.0,LONG_TP,LONG_TP
16592,-1.0,SHORT_TP,SHORT_TP
16593,-1.0,SHORT_TP,SHORT_TP
16594,1.0,LONG_TP,LONG_TP
16595,1.0,LONG_TP,LONG_TP
16596,-1.0,SHORT_TP,SHORT_TP
16597,-1.0,SHORT_TP,SHORT_TP
16598,-1.0,SHORT_TP,SHORT_TP
16599,-1.0,SHORT_TP,SHORT_TP
16600,1.0,LONG_TP,LONG_TP
16601,1.0,LONG_TP,LONG_TP
16602,1.0,LONG_TP,LONG_TP
16603,1.0,LONG_TP,LONG_TP
16604,1.0,LONG_TP,LONG_TP
16605,1.0,LONG_TP,LONG_TP
16606,1.0,LONG_TP,LONG_TP
16607,1.0,LONG_TP,LONG_TP
16608,1.0,LONG_TP,LONG_TP
16609,-1.0,SHORT_TP,SHORT_TP
16610,-1.0,SHORT_TP,SHORT_TP
16611,-1.0,SHORT_TP,SHORT_TP
16612,1.0,LONG_TP,LONG_TP
16613,-1.0,SHORT_TP,SHORT_TP
16614,-1.0,SHORT_TP,SHORT_TP
16615,-1.0,SHORT_TP,SHORT_TP
16616,-1.0,SHORT_TP,SHORT_TP
16617,-1.0,SHORT_TP,SHORT_TP
16618,-1.0,SHORT_TP,SHORT_TP
16619,-1.0,SHORT_TP,SHORT_TP
16620,-1.0,SHORT_TP,SHORT_TP
16621,-1.0,SHORT_TP,SHORT_TP
16622,-1.0,SHORT_TP,SHORT_TP
16623,-1.0,SHORT_TP,SHORT_TP
16624,-1.0,SHORT_TP,SHORT_TP
16625,-1.0,SHORT_TP,SHORT_TP
16626,-1.0,SHORT_TP,SHORT_TP
16627,-1.0,SHORT_TP,SHORT_TP
16628,-1.0,SHORT_TP,SHORT_TP
16629,-1.0,SHORT_TP,SHORT_TP
16630,-1.0,SHORT_TP,SHORT_TP
16631,-1.0,SHORT_TP,SHORT_TP
16632,-1.0,SHORT_TP,SHORT_TP
16633,-1.0,SHORT_TP,SHORT_TP
16634,-1.0,SHORT_TP,SHORT_TP
16635,-1.0,SHORT_TP,SHORT_TP
16636,-1.0,SHORT_TP,SHORT_TP
16637,1.0,LONG_TP,LONG_TP
16638,1.0,LONG_TP,LONG_TP
16639,1.0,LONG_TP,LONG_TP
16640,1.0,LONG_TP,LONG_TP
16641,1.0,LONG_TP,LONG_TP
16642,1.0,LONG_TP,LONG_TP
16643,1.0,LONG_TP,LONG_TP
16644,1.0,LONG_TP,LONG_TP
16645,1.0,LONG_TP,LONG_TP
16646,1.0,LONG_TP,LONG_TP
16647,1.0,LONG_TP,LONG_TP
16648,1.0,LONG_TP,LONG_TP
16649,1.0,LONG_TP,LONG_TP
16650,1.0,LONG_TP,LONG_TP
16651,1.0,LONG_TP,LONG_TP
16652,1.0,LONG_TP,LONG_TP
16653,1.0,LONG_TP,LONG_TP
16654,1.0,LONG_TP,LONG_TP
16655,1.0,LONG_TP,LONG_TP
16656,1.0,LONG_TP,LONG_TP
16657,1.0,LONG_TP,LONG_TP
16658,1.0,LONG_TP,LONG_TP
16659,1.0,LONG_TP,LONG_TP
16660,1.0,LONG_TP,LONG_TP
16661,1.0,LONG_TP,LONG_TP
16662,1.0,LONG_TP,LONG_TP
16663,1.0,LONG_TP,LONG_TP
16664,-1.0,SHORT_TP,SHORT_TP
16665,-1.0,SHORT_TP,SHORT_TP
16666,-1.0,SHORT_TP,SHORT_TP
16667,-1.0,SHORT_TP,SHORT_TP
16668,-1.0,SHORT_TP,SHORT_TP
16669,-1.0,SHORT_TP,SHORT_TP
16670,-1.0,SHORT_TP,SHORT_TP
16671,-1.0,SHORT_TP,SHORT_TP
16672,-1.0,SHORT_TP,SHORT_TP
16673,-1.0,SHORT_TP,SHORT_TP
16674,-1.0,SHORT_TP,SHORT_TP
16675,-1.0,SHORT_TP,SHORT_TP
16676,1.0,LONG_TP,LONG_TP
16677,1.0,LONG_TP,LONG_TP
16678,1.0,LONG_TP,LONG_TP
16679,1.0,LONG_TP,LONG_TP
16680,-1.0,SHORT_TP,SHORT_TP
16681,-1.0,SHORT_TP,SHORT_TP
16682,-1.0,SHORT_TP,SHORT_TP
16683,-1.0,SHORT_TP,SHORT_TP
16684,-1.0,SHORT_TP,SHORT_TP
16685,-1.0,SHORT_TP,SHORT_TP
16686,-1.0,SHORT_TP,SHORT_TP
16687,-1.0,SHORT_TP,SHORT_TP
16688,-1.0,SHORT_TP,SHORT_TP
16689,-1.0,SHORT_TP,SHORT_TP
16690,1.0,LONG_TP,LONG_TP
16691,1.0,LONG_TP,LONG_TP
16692,1.0,LONG_TP,LONG_TP
16693,1.0,LONG_TP,LONG_TP
16694,1.0,LONG_TP,LONG_TP
16695,1.0,LONG_TP,LONG_TP
16696,1.0,LONG_TP,LONG_TP
16697,1.0,LONG_TP,LONG_TP
16698,1.0,LONG_TP,LONG_TP
16699,1.0,LONG_TP,LONG_TP
16700,1.0,LONG_TP,LONG_TP
16701,1.0,LONG_TP,LONG_TP
16702,1.0,LONG_TP,LONG_TP
16703,1.0,LONG_TP,LONG_TP
16704,1.0,LONG_TP,LONG_TP
16705,1.0,LONG_TP,LONG_TP
16706,1.0,LONG_TP,LONG_TP
16707,1.0,LONG_TP,LONG_TP
16708,1.0,LONG_TP,LONG_TP
16709,1.0,LONG_TP,LONG_TP
16710,1.0,LONG_TP,LONG_TP
16711,1.0,LONG_TP,LONG_TP
16712,1.0,LONG_TP,LONG_TP
16713,1.0,LONG_TP,LONG_TP
16714,1.0,LONG_TP,LONG_TP
16715,1.0,LONG_TP,LONG_TP
16716,-1.0,SHORT_TP,SHORT_TP
16717,-1.0,SHORT_TP,SHORT_TP
16718,-1.0,SHORT_TP,SHORT_TP
16719,-1.0,SHORT_TP,SHORT_TP
16720,-1.0,SHORT_TP,SHORT_TP
16721,-1.0,SHORT_TP,SHORT_TP
16722,-1.0,SHORT_TP,SHORT_TP
16723,-1.0,SHORT_TP,SHORT_TP
16724,-1.0,SHORT_TP,SHORT_TP
16725,-1.0,SHORT_TP,SHORT_TP
16726,-1.0,SHORT_TP,SHORT_TP
16727,-1.0,SHORT_TP,SHORT_TP
16728,-1.0,SHORT_TP,SHORT_TP
16729,-1.0,SHORT_TP,SHORT_TP
16730,-1.0,SHORT_TP,SHORT_TP
16731,-1.0,SHORT_TP,SHORT_TP
16732,-1.0,SHORT_TP,SHORT_TP
16733,-1.0,SHORT_TP,SHORT_TP
16734,-1.0,SHORT_TP,SHORT_TP
16735,-1.0,SHORT_TP,SHORT_TP
16736,-1.0,SHORT_TP,SHORT_TP
16737,-1.0,SHORT_TP,SHORT_TP
16738,-1.0,SHORT_TP,SHORT_TP
16739,-1.0,SHORT_TP,SHORT_TP
16740,-1.0,SHORT_TP,SHORT_TP
16741,-1.0,SHORT_TP,SHORT_TP
16742,-1.0,SHORT_TP,SHORT_TP
16743,-1.0,SHORT_TP,SHORT_TP
16744,-1.0,SHORT_TP,SHORT_TP
16745,-1.0,SHORT_TP,SHORT_TP
16746,1.0,LONG_TP,LONG_TP
16747,-1.0,SHORT_TP,SHORT_TP
16748,-1.0,SHORT_TP,SHORT_TP
16749,-1.0,SHORT_TP,SHORT_TP
16750,-1.0,SHORT_TP,SHORT_TP
16751,-1.0,SHORT_TP,SHORT_TP
16752,-1.0,SHORT_TP,SHORT_TP
16753,-1.0,SHORT_TP,SHORT_TP
16754,-1.0,SHORT_TP,SHORT_TP
16755,-1.0,SHORT_TP,SHORT_TP
16756,-1.0,SHORT_TP,SHORT_TP
16757,-1.0,SHORT_TP,SHORT_TP
16758,-1.0,SHORT_TP,SHORT_TP
16759,-1.0,SHORT_TP,SHORT_TP
16760,-1.0,SHORT_TP,SHORT_TP
16761,-1.0,SHORT_TP,SHORT_TP
16762,-1.0,SHORT_TP,SHORT_TP
16763,-1.0,SHORT_TP,SHORT_TP
16764,-1.0,SHORT_TP,SHORT_TP
16765,-1.0,SHORT_TP,SHORT_TP
16766,1.0,LONG_TP,LONG_TP
16767,1.0,LONG_TP,LONG_TP
16768,1.0,LONG_TP,LONG_TP
16769,1.0,LONG_TP,LONG_TP
16770,1.0,LONG_TP,LONG_TP
16771,1.0,LONG_TP,LONG_TP
16772,1.0,LONG_TP,LONG_TP
16773,1.0,LONG_TP,LONG_TP
16774,1.0,LONG_TP,LONG_TP
16775,1.0,LONG_TP,LONG_TP
16776,1.0,LONG_TP,LONG_TP
16777,1.0,LONG_TP,LONG_TP
16778,1.0,LONG_TP,LONG_TP
16779,1.0,LONG_TP,LONG_TP
16780,1.0,LONG_TP,LONG_TP
16781,1.0,LONG_TP,LONG_TP
16782,1.0,LONG_TP,LONG_TP
16783,1.0,LONG_TP,LONG_TP
16784,1.0,LONG_TP,LONG_TP
16785,1.0,LONG_TP,LONG_TP
16786,1.0,LONG_TP,LONG_TP
16787,1.0,LONG_TP,LONG_TP
16788,1.0,LONG_TP,LONG_TP
16789,1.0,LONG_TP,LONG_TP
16790,-1.0,SHORT_TP,SHORT_TP
16791,-1.0,SHORT_TP,SHORT_TP
16792,-1.0,SHORT_TP,SHORT_TP
16793,-1.0,SHORT_TP,SHORT_TP
16794,-1.0,SHORT_TP,SHORT_TP
16795,-1.0,SHORT_TP,SHORT_TP
16796,-1.0,SHORT_TP,SHORT_TP
16797,-1.0,SHORT_TP,SHORT_TP
16798,-1.0,SHORT_TP,SHORT_TP
16799,-1.0,SHORT_TP,SHORT_TP
16800,-1.0,SHORT_TP,SHORT_TP
16801,-1.0,SHORT_TP,SHORT_TP
16802,-1.0,SHORT_TP,SHORT_TP
16803,-1.0,SHORT_TP,SHORT_TP
16804,1.0,LONG_TP,LONG_TP
16805,1.0,LONG_TP,LONG_TP
16806,1.0,LONG_TP,LONG_TP
16807,1.0,LONG_TP,LONG_TP
16808,1.0,LONG_TP,LONG_TP
16809,1.0,LONG_TP,LONG_TP
16810,1.0,LONG_TP,LONG_TP
16811,1.0,LONG_TP,LONG_TP
16812,1.0,LONG_TP,LONG_TP
16813,1.0,LONG_TP,LONG_TP
16814,1.0,LONG_TP,LONG_TP
16815,1.0,LONG_TP,LONG_TP
16816,1.0,LONG_TP,LONG_TP
16817,1.0,LONG_TP,LONG_TP
16818,1.0,LONG_TP,LONG_TP
16819,1.0,LONG_TP,LONG_TP
16820,1.0,LONG_TP,LONG_TP
16821,1.0,LONG_TP,LONG_TP
16822,1.0,LONG_TP,LONG_TP
16823,1.0,LONG_TP,LONG_TP
16824,1.0,LONG_TP,LONG_TP
16825,1.0,LONG_TP,LONG_TP
16826,1.0,LONG_TP,LONG_TP
16827,1.0,LONG_TP,LONG_TP
16828,1.0,LONG_TP,LONG_TP
16829,1.0,LONG_TP,LONG_TP
16830,1.0,LONG_TP,LONG_TP
16831,1.0,LONG_TP,LONG_TP
16832,1.0,LONG_TP,LONG_TP
16833,1.0,LONG_TP,LONG_TP
16834,1.0,LONG_TP,LONG_TP
16835,1.0,LONG_TP,LONG_TP
16836,1.0,LONG_TP,LONG_TP
16837,1.0,LONG_TP,LONG_TP
16838,1.0,LONG_TP,LONG_TP
16839,1.0,LONG_TP,LONG_TP
16840,1.0,LONG_TP,LONG_TP
16841,1.0,LONG_TP,LONG_TP
16842,1.0,LONG_TP,LONG_TP
16843,1.0,LONG_TP,LONG_TP
16844,1.0,LONG_TP,LONG_TP
16845,1.0,LONG_TP,LONG_TP
16846,1.0,LONG_TP,LONG_TP
16847,1.0,LONG_TP,LONG_TP
16848,1.0,LONG_TP,LONG_TP
16849,1.0,LONG_TP,LONG_TP
16850,1.0,LONG_TP,LONG_TP
16851,1.0,LONG_TP,LONG_TP
16852,1.0,LONG_TP,LONG_TP
16853,1.0,LONG_TP,LONG_TP
16854,1.0,LONG_TP,LONG_TP
16855,1.0,LONG_TP,LONG_TP
16856,1.0,LONG_TP,LONG_TP
16857,1.0,LONG_TP,LONG_TP
16858,1.0,LONG_TP,LONG_TP
16859,1.0,LONG_TP,LONG_TP
16860,1.0,LONG_TP,LONG_TP
16861,1.0,LONG_TP,LONG_TP
16862,1.0,LONG_TP,LONG_TP
16863,1.0,LONG_TP,LONG_TP
16864,1.0,LONG_TP,LONG_TP
16865,1.0,LONG_TP,LONG_TP
16866,1.0,LONG_TP,LONG_TP
16867,1.0,LONG_TP,LONG_TP
16868,1.0,LONG_TP,LONG_TP
16869,1.0,LONG_TP,LONG_TP
16870,1.0,LONG_TP,LONG_TP
16871,1.0,LONG_TP,LONG_TP
16872,-1.0,SHORT_TP,SHORT_TP
16873,-1.0,SHORT_TP,SHORT_TP
16874,-1.0,SHORT_TP,SHORT_TP
16875,-1.0,SHORT_TP,SHORT_TP
16876,-1.0,SHORT_TP,SHORT_TP
16877,-1.0,SHORT_TP,SHORT_TP
16878,-1.0,SHORT_TP,SHORT_TP
16879,-1.0,SHORT_TP,SHORT_TP
16880,-1.0,SHORT_TP,SHORT_TP
16881,-1.0,SHORT_TP,SHORT_TP
16882,-1.0,SHORT_TP,SHORT_TP
16883,-1.0,SHORT_TP,SHORT_TP
16884,-1.0,SHORT_TP,SHORT_TP
16885,-1.0,SHORT_TP,SHORT_TP
16886,-1.0,SHORT_TP,SHORT_TP
16887,1.0,LONG_TP,LONG_TP
16888,1.0,LONG_TP,LONG_TP
16889,1.0,LONG_TP,LONG_TP
16890,1.0,LONG_TP,LONG_TP
16891,-1.0,SHORT_TP,SHORT_TP
16892,-1.0,SHORT_TP,SHORT_TP
16893,1.0,LONG_TP,LONG_TP
16894,1.0,LONG_TP,LONG_TP
16895,1.0,LONG_TP,LONG_TP
16896,1.0,LONG_TP,LONG_TP
16897,1.0,LONG_TP,LONG_TP
16898,1.0,LONG_TP,LONG_TP
16899,1.0,LONG_TP,LONG_TP
16900,1.0,LONG_TP,LONG_TP
16901,1.0,LONG_TP,LONG_TP
16902,1.0,LONG_TP,LONG_TP
16903,1.0,LONG_TP,LONG_TP
16904,1.0,LONG_TP,LONG_TP
16905,1.0,LONG_TP,LONG_TP
16906,1.0,LONG_TP,LONG_TP
16907,1.0,LONG_TP,LONG_TP
16908,1.0,LONG_TP,LONG_TP
16909,1.0,LONG_TP,LONG_TP
16910,1.0,LONG_TP,LONG_TP
16911,1.0,LONG_TP,LONG_TP
16912,1.0,LONG_TP,LONG_TP
16913,1.0,LONG_TP,LONG_TP
16914,1.0,LONG_TP,LONG_TP
16915,1.0,LONG_TP,LONG_TP
16916,1.0,LONG_TP,LONG_TP
16917,1.0,LONG_TP,LONG_TP
16918,1.0,LONG_TP,LONG_TP
16919,1.0,LONG_TP,LONG_TP
16920,1.0,LONG_TP,LONG_TP
16921,1.0,LONG_TP,LONG_TP
16922,1.0,LONG_TP,LONG_TP
16923,1.0,LONG_TP,LONG_TP
16924,1.0,LONG_TP,LONG_TP
16925,1.0,LONG_TP,LONG_TP
16926,1.0,LONG_TP,LONG_TP
16927,1.0,LONG_TP,LONG_TP
16928,1.0,LONG_TP,LONG_TP
16929,1.0,LONG_TP,LONG_TP
16930,1.0,LONG_TP,LONG_TP
16931,1.0,LONG_TP,LONG_TP
16932,1.0,LONG_TP,LONG_TP
16933,1.0,LONG_TP,LONG_TP
16934,1.0,LONG_TP,LONG_TP
16935,1.0,LONG_TP,LONG_TP
16936,1.0,LONG_TP,LONG_TP
16937,1.0,LONG_TP,LONG_TP
16938,1.0,LONG_TP,LONG_TP
16939,1.0,LONG_TP,LONG_TP
16940,1.0,LONG_TP,LONG_TP
16941,1.0,LONG_TP,LONG_TP
16942,1.0,LONG_TP,LONG_TP
16943,1.0,LONG_TP,LONG_TP
16944,1.0,LONG_TP,LONG_TP
16945,1.0,LONG_TP,LONG_TP
16946,1.0,LONG_TP,LONG_TP
16947,1.0,LONG_TP,LONG_TP
16948,1.0,LONG_TP,LONG_TP
16949,1.0,LONG_TP,LONG_TP
16950,1.0,LONG_TP,LONG_TP
16951,1.0,LONG_TP,LONG_TP
16952,1.0,LONG_TP,LONG_TP
16953,1.0,LONG_TP,LONG_TP
16954,1.0,LONG_TP,LONG_TP
16955,1.0,LONG_TP,LONG_TP
16956,1.0,LONG_TP,LONG_TP
16957,1.0,LONG_TP,LONG_TP
16958,1.0,LONG_TP,LONG_TP
16959,1.0,LONG_TP,LONG_TP
16960,1.0,LONG_TP,LONG_TP
16961,1.0,LONG_TP,LONG_TP
16962,1.0,LONG_TP,LONG_TP
16963,1.0,LONG_TP,LONG_TP
16964,1.0,LONG_TP,LONG_TP
16965,-1.0,SHORT_TP,SHORT_TP
16966,-1.0,SHORT_TP,SHORT_TP
16967,-1.0,SHORT_TP,SHORT_TP
16968,-1.0,SHORT_TP,SHORT_TP
16969,-1.0,SHORT_TP,SHORT_TP
16970,1.0,LONG_TP,LONG_TP
16971,1.0,LONG_TP,LONG_TP
16972,1.0,LONG_TP,LONG_TP
16973,1.0,LONG_TP,LONG_TP
16974,1.0,LONG_TP,LONG_TP
16975,1.0,LONG_TP,LONG_TP
16976,1.0,LONG_TP,LONG_TP
16977,1.0,LONG_TP,LONG_TP
16978,1.0,LONG_TP,LONG_TP
16979,1.0,LONG_TP,LONG_TP
16980,1.0,LONG_TP,LONG_TP
16981,1.0,LONG_TP,LONG_TP
16982,1.0,LONG_TP,LONG_TP
16983,1.0,LONG_TP,LONG_TP
16984,-1.0,SHORT_TP,SHORT_TP
16985,-1.0,SHORT_TP,SHORT_TP
16986,-1.0,SHORT_TP,SHORT_TP
16987,-1.0,SHORT_TP,SHORT_TP
16988,-1.0,SHORT_TP,SHORT_TP
16989,-1.0,SHORT_TP,SHORT_TP
16990,1.0,LONG_TP,LONG_TP
16991,-1.0,SHORT_TP,SHORT_TP
16992,-1.0,SHORT_TP,SHORT_TP
16993,-1.0,SHORT_TP,SHORT_TP
16994,-1.0,SHORT_TP,SHORT_TP
16995,-1.0,SHORT_TP,SHORT_TP
16996,1.0,LONG_TP,LONG_TP
16997,1.0,LONG_TP,LONG_TP
16998,1.0,LONG_TP,LONG_TP
16999,1.0,LONG_TP,LONG_TP
17000,-1.0,SHORT_TP,SHORT_TP
17001,-1.0,SHORT_TP,SHORT_TP
17002,-1.0,SHORT_TP,SHORT_TP
17003,-1.0,SHORT_TP,SHORT_TP
17004,1.0,LONG_TP,LONG_TP
17005,1.0,LONG_TP,LONG_TP
17006,1.0,LONG_TP,LONG_TP
17007,1.0,LONG_TP,LONG_TP
17008,1.0,LONG_TP,LONG_TP
17009,1.0,LONG_TP,LONG_TP
17010,1.0,LONG_TP,LONG_TP
17011,1.0,LONG_TP,LONG_TP
17012,1.0,LONG_TP,LONG_TP
17013,1.0,LONG_TP,LONG_TP
17014,1.0,LONG_TP,LONG_TP
17015,-1.0,SHORT_TP,SHORT_TP
17016,1.0,LONG_TP,LONG_TP
17017,1.0,LONG_TP,LONG_TP
17018,1.0,LONG_TP,LONG_TP
17019,1.0,LONG_TP,LONG_TP
17020,1.0,LONG_TP,LONG_TP
17021,1.0,LONG_TP,LONG_TP
17022,1.0,LONG_TP,LONG_TP
17023,1.0,LONG_TP,LONG_TP
17024,1.0,LONG_TP,LONG_TP
17025,1.0,LONG_TP,LONG_TP
17026,1.0,LONG_TP,LONG_TP
17027,1.0,LONG_TP,LONG_TP
17028,1.0,LONG_TP,LONG_TP
17029,1.0,LONG_TP,LONG_TP
17030,1.0,LONG_TP,LONG_TP
17031,1.0,LONG_TP,LONG_TP
17032,1.0,LONG_TP,LONG_TP
17033,1.0,LONG_TP,LONG_TP
17034,1.0,LONG_TP,LONG_TP
17035,1.0,LONG_TP,LONG_TP
17036,1.0,LONG_TP,LONG_TP
17037,1.0,LONG_TP,LONG_TP
17038,1.0,LONG_TP,LONG_TP
17039,1.0,LONG_TP,LONG_TP
17040,1.0,LONG_TP,LONG_TP
17041,1.0,LONG_TP,LONG_TP
17042,1.0,LONG_TP,LONG_TP
17043,1.0,LONG_TP,LONG_TP
17044,1.0,LONG_TP,LONG_TP
17045,-1.0,SHORT_TP,SHORT_TP
17046,-1.0,SHORT_TP,SHORT_TP
17047,-1.0,SHORT_TP,SHORT_TP
17048,-1.0,SHORT_TP,SHORT_TP
17049,-1.0,SHORT_TP,SHORT_TP
17050,-1.0,SHORT_TP,SHORT_TP
17051,-1.0,SHORT_TP,SHORT_TP
17052,-1.0,SHORT_TP,SHORT_TP
17053,-1.0,SHORT_TP,SHORT_TP
17054,-1.0,SHORT_TP,SHORT_TP
17055,-1.0,SHORT_TP,SHORT_TP
17056,-1.0,SHORT_TP,SHORT_TP
17057,-1.0,SHORT_TP,SHORT_TP
17058,-1.0,SHORT_TP,SHORT_TP
17059,-1.0,SHORT_TP,SHORT_TP
17060,-1.0,SHORT_TP,SHORT_TP
17061,-1.0,SHORT_TP,SHORT_TP
17062,-1.0,SHORT_TP,SHORT_TP
17063,-1.0,SHORT_TP,SHORT_TP
17064,-1.0,SHORT_TP,SHORT_TP
17065,-1.0,SHORT_TP,SHORT_TP
17066,-1.0,SHORT_TP,SHORT_TP
17067,1.0,LONG_TP,LONG_TP
17068,-1.0,SHORT_TP,SHORT_TP
17069,-1.0,SHORT_TP,SHORT_TP
17070,-1.0,SHORT_TP,SHORT_TP
17071,-1.0,SHORT_TP,SHORT_TP
17072,-1.0,SHORT_TP,SHORT_TP
17073,-1.0,SHORT_TP,SHORT_TP
17074,-1.0,SHORT_TP,SHORT_TP
17075,-1.0,SHORT_TP,SHORT_TP
17076,-1.0,SHORT_TP,SHORT_TP
17077,-1.0,SHORT_TP,SHORT_TP
17078,-1.0,SHORT_TP,SHORT_TP
17079,-1.0,SHORT_TP,SHORT_TP
17080,-1.0,SHORT_TP,SHORT_TP
17081,-1.0,SHORT_TP,SHORT_TP
17082,-1.0,SHORT_TP,SHORT_TP
17083,-1.0,SHORT_TP,SHORT_TP
17084,-1.0,SHORT_TP,SHORT_TP
17085,-1.0,SHORT_TP,SHORT_TP
17086,1.0,LONG_TP,LONG_TP
17087,1.0,LONG_TP,LONG_TP
17088,1.0,LONG_TP,LONG_TP
17089,1.0,LONG_TP,LONG_TP
17090,1.0,LONG_TP,LONG_TP
17091,-1.0,SHORT_TP,SHORT_TP
17092,-1.0,SHORT_TP,SHORT_TP
17093,-1.0,SHORT_TP,SHORT_TP
17094,-1.0,SHORT_TP,SHORT_TP
17095,-1.0,SHORT_TP,SHORT_TP
17096,-1.0,SHORT_TP,SHORT_TP
17097,-1.0,SHORT_TP,SHORT_TP
17098,-1.0,SHORT_TP,SHORT_TP
17099,-1.0,SHORT_TP,SHORT_TP
17100,-1.0,SHORT_TP,SHORT_TP
17101,1.0,LONG_TP,LONG_TP
17102,1.0,LONG_TP,LONG_TP
17103,1.0,LONG_TP,LONG_TP
17104,1.0,LONG_TP,LONG_TP
17105,1.0,LONG_TP,LONG_TP
17106,1.0,LONG_TP,LONG_TP
17107,1.0,LONG_TP,LONG_TP
17108,1.0,LONG_TP,LONG_TP
17109,1.0,LONG_TP,LONG_TP
17110,1.0,LONG_TP,LONG_TP
17111,1.0,LONG_TP,LONG_TP
17112,1.0,LONG_TP,LONG_TP
17113,1.0,LONG_TP,LONG_TP
17114,1.0,LONG_TP,LONG_TP
17115,1.0,LONG_TP,LONG_TP
17116,1.0,LONG_TP,LONG_TP
17117,1.0,LONG_TP,LONG_TP
17118,1.0,LONG_TP,LONG_TP
17119,1.0,LONG_TP,LONG_TP
17120,1.0,LONG_TP,LONG_TP
17121,1.0,LONG_TP,LONG_TP
17122,1.0,LONG_TP,LONG_TP
17123,1.0,LONG_TP,LONG_TP
17124,1.0,LONG_TP,LONG_TP
17125,1.0,LONG_TP,LONG_TP
17126,-1.0,SHORT_TP,SHORT_TP
17127,-1.0,SHORT_TP,SHORT_TP
17128,-1.0,SHORT_TP,SHORT_TP
17129,-1.0,SHORT_TP,SHORT_TP
17130,-1.0,SHORT_TP,SHORT_TP
17131,-1.0,SHORT_TP,SHORT_TP
17132,-1.0,SHORT_TP,SHORT_TP
17133,-1.0,SHORT_TP,SHORT_TP
17134,-1.0,SHORT_TP,SHORT_TP
17135,-1.0,SHORT_TP,SHORT_TP
17136,-1.0,SHORT_TP,SHORT_TP
17137,-1.0,SHORT_TP,SHORT_TP
17138,-1.0,SHORT_TP,SHORT_TP
17139,-1.0,SHORT_TP,SHORT_TP
17140,-1.0,SHORT_TP,SHORT_TP
17141,-1.0,SHORT_TP,SHORT_TP
17142,-1.0,SHORT_TP,SHORT_TP
17143,-1.0,SHORT_TP,SHORT_TP
17144,-1.0,SHORT_TP,SHORT_TP
17145,-1.0,SHORT_TP,SHORT_TP
17146,-1.0,SHORT_TP,SHORT_TP
17147,-1.0,SHORT_TP,SHORT_TP
17148,-1.0,SHORT_TP,SHORT_TP
17149,-1.0,SHORT_TP,SHORT_TP
17150,-1.0,SHORT_TP,SHORT_TP
17151,1.0,LONG_TP,LONG_TP
17152,1.0,LONG_TP,LONG_TP
17153,1.0,LONG_TP,LONG_TP
17154,1.0,LONG_TP,LONG_TP
17155,1.0,LONG_TP,LONG_TP
17156,1.0,LONG_TP,LONG_TP
17157,1.0,LONG_TP,LONG_TP
17158,1.0,LONG_TP,LONG_TP
17159,1.0,LONG_TP,LONG_TP
17160,1.0,LONG_TP,LONG_TP
17161,1.0,LONG_TP,LONG_TP
17162,-1.0,SHORT_TP,SHORT_TP
17163,-1.0,SHORT_TP,SHORT_TP
17164,-1.0,SHORT_TP,SHORT_TP
17165,-1.0,SHORT_TP,SHORT_TP
17166,-1.0,SHORT_TP,SHORT_TP
17167,-1.0,SHORT_TP,SHORT_TP
17168,-1.0,SHORT_TP,SHORT_TP
17169,-1.0,SHORT_TP,SHORT_TP
17170,-1.0,SHORT_TP,SHORT_TP
17171,-1.0,SHORT_TP,SHORT_TP
17172,-1.0,SHORT_TP,SHORT_TP
17173,-1.0,SHORT_TP,SHORT_TP
17174,-1.0,SHORT_TP,SHORT_TP
17175,-1.0,SHORT_TP,SHORT_TP
17176,-1.0,SHORT_TP,SHORT_TP
17177,-1.0,SHORT_TP,SHORT_TP
17178,-1.0,SHORT_TP,SHORT_TP
17179,-1.0,SHORT_TP,SHORT_TP
17180,-1.0,SHORT_TP,SHORT_TP
17181,-1.0,SHORT_TP,SHORT_TP
17182,-1.0,SHORT_TP,SHORT_TP
17183,-1.0,SHORT_TP,SHORT_TP
17184,-1.0,SHORT_TP,SHORT_TP
17185,-1.0,SHORT_TP,SHORT_TP
17186,-1.0,SHORT_TP,SHORT_TP
17187,1.0,LONG_TP,LONG_TP
17188,1.0,LONG_TP,LONG_TP
17189,1.0,LONG_TP,LONG_TP
17190,1.0,LONG_TP,LONG_TP
17191,1.0,LONG_TP,LONG_TP
17192,1.0,LONG_TP,LONG_TP
17193,1.0,LONG_TP,LONG_TP
17194,1.0,LONG_TP,LONG_TP
17195,1.0,LONG_TP,LONG_TP
17196,1.0,LONG_TP,LONG_TP
17197,1.0,LONG_TP,LONG_TP
17198,1.0,LONG_TP,LONG_TP
17199,1.0,LONG_TP,LONG_TP
17200,1.0,LONG_TP,LONG_TP
17201,1.0,LONG_TP,LONG_TP
17202,1.0,LONG_TP,LONG_TP
17203,1.0,LONG_TP,LONG_TP
17204,1.0,LONG_TP,LONG_TP
17205,1.0,LONG_TP,LONG_TP
17206,1.0,LONG_TP,LONG_TP
17207,1.0,LONG_TP,LONG_TP
17208,1.0,LONG_TP,LONG_TP
17209,1.0,LONG_TP,LONG_TP
17210,1.0,LONG_TP,LONG_TP
17211,1.0,LONG_TP,LONG_TP
17212,1.0,LONG_TP,LONG_TP
17213,1.0,LONG_TP,LONG_TP
17214,1.0,LONG_TP,LONG_TP
17215,1.0,LONG_TP,LONG_TP
17216,1.0,LONG_TP,LONG_TP
17217,1.0,LONG_TP,LONG_TP
17218,1.0,LONG_TP,LONG_TP
17219,1.0,LONG_TP,LONG_TP
17220,1.0,LONG_TP,LONG_TP
17221,1.0,LONG_TP,LONG_TP
17222,1.0,LONG_TP,LONG_TP
17223,1.0,LONG_TP,LONG_TP
17224,1.0,LONG_TP,LONG_TP
17225,1.0,LONG_TP,LONG_TP
17226,1.0,LONG_TP,LONG_TP
17227,1.0,LONG_TP,LONG_TP
17228,1.0,LONG_TP,LONG_TP
17229,1.0,LONG_TP,LONG_TP
17230,1.0,LONG_TP,LONG_TP
17231,1.0,LONG_TP,LONG_TP
17232,1.0,LONG_TP,LONG_TP
17233,1.0,LONG_TP,LONG_TP
17234,1.0,LONG_TP,LONG_TP
17235,1.0,LONG_TP,LONG_TP
17236,1.0,LONG_TP,LONG_TP
17237,1.0,LONG_TP,LONG_TP
17238,-1.0,SHORT_TP,SHORT_TP
17239,-1.0,SHORT_TP,SHORT_TP
17240,-1.0,SHORT_TP,SHORT_TP
17241,-1.0,SHORT_TP,SHORT_TP
17242,1.0,LONG_TP,LONG_TP
17243,1.0,LONG_TP,LONG_TP
17244,1.0,LONG_TP,LONG_TP
17245,1.0,LONG_TP,LONG_TP
17246,1.0,LONG_TP,LONG_TP
17247,1.0,LONG_TP,LONG_TP
17248,1.0,LONG_TP,LONG_TP
17249,1.0,LONG_TP,LONG_TP
17250,-1.0,SHORT_TP,SHORT_TP
17251,1.0,LONG_TP,LONG_TP
17252,-1.0,SHORT_TP,SHORT_TP
17253,1.0,LONG_TP,LONG_TP
17254,1.0,LONG_TP,LONG_TP
17255,1.0,LONG_TP,LONG_TP
17256,1.0,LONG_TP,LONG_TP
17257,1.0,LONG_TP,LONG_TP
17258,1.0,LONG_TP,LONG_TP
17259,1.0,LONG_TP,LONG_TP
17260,1.0,LONG_TP,LONG_TP
17261,1.0,LONG_TP,LONG_TP
17262,1.0,LONG_TP,LONG_TP
17263,1.0,LONG_TP,LONG_TP
17264,1.0,LONG_TP,LONG_TP
17265,1.0,LONG_TP,LONG_TP
17266,1.0,LONG_TP,LONG_TP
17267,1.0,LONG_TP,LONG_TP
17268,1.0,LONG_TP,LONG_TP
17269,1.0,LONG_TP,LONG_TP
17270,1.0,LONG_TP,LONG_TP
17271,1.0,LONG_TP,LONG_TP
17272,1.0,LONG_TP,LONG_TP
17273,1.0,LONG_TP,LONG_TP
17274,1.0,LONG_TP,LONG_TP
17275,1.0,LONG_TP,LONG_TP
17276,1.0,LONG_TP,LONG_TP
17277,1.0,LONG_TP,LONG_TP
17278,1.0,LONG_TP,LONG_TP
17279,1.0,LONG_TP,LONG_TP
17280,1.0,LONG_TP,LONG_TP
17281,1.0,LONG_TP,LONG_TP
17282,1.0,LONG_TP,LONG_TP
17283,1.0,LONG_TP,LONG_TP
17284,1.0,LONG_TP,LONG_TP
17285,1.0,LONG_TP,LONG_TP
17286,1.0,LONG_TP,LONG_TP
17287,1.0,LONG_TP,LONG_TP
17288,1.0,LONG_TP,LONG_TP
17289,1.0,LONG_TP,LONG_TP
17290,-1.0,SHORT_TP,SHORT_TP
17291,1.0,LONG_TP,LONG_TP
17292,-1.0,SHORT_TP,SHORT_TP
17293,-1.0,SHORT_TP,SHORT_TP
17294,-1.0,SHORT_TP,SHORT_TP
17295,-1.0,SHORT_TP,SHORT_TP
17296,-1.0,SHORT_TP,SHORT_TP
17297,-1.0,SHORT_TP,SHORT_TP
17298,-1.0,SHORT_TP,SHORT_TP
17299,-1.0,SHORT_TP,SHORT_TP
17300,-1.0,SHORT_TP,SHORT_TP
17301,-1.0,SHORT_TP,SHORT_TP
17302,-1.0,SHORT_TP,SHORT_TP
17303,-1.0,SHORT_TP,SHORT_TP
17304,-1.0,SHORT_TP,SHORT_TP
17305,-1.0,SHORT_TP,SHORT_TP
17306,-1.0,SHORT_TP,SHORT_TP
17307,-1.0,SHORT_TP,SHORT_TP
17308,1.0,LONG_TP,LONG_TP
17309,1.0,LONG_TP,LONG_TP
17310,-1.0,SHORT_TP,SHORT_TP
17311,-1.0,SHORT_TP,SHORT_TP
17312,1.0,LONG_TP,LONG_TP
17313,-1.0,SHORT_TP,SHORT_TP
17314,-1.0,SHORT_TP,SHORT_TP
17315,-1.0,SHORT_TP,SHORT_TP
17316,-1.0,SHORT_TP,SHORT_TP
17317,-1.0,SHORT_TP,SHORT_TP
17318,-1.0,SHORT_TP,SHORT_TP
17319,-1.0,SHORT_TP,SHORT_TP
17320,-1.0,SHORT_TP,SHORT_TP
17321,-1.0,SHORT_TP,SHORT_TP
17322,-1.0,SHORT_TP,SHORT_TP
17323,-1.0,SHORT_TP,SHORT_TP
17324,-1.0,SHORT_TP,SHORT_TP
17325,-1.0,SHORT_TP,SHORT_TP
17326,-1.0,SHORT_TP,SHORT_TP
17327,-1.0,SHORT_TP,SHORT_TP
17328,-1.0,SHORT_TP,SHORT_TP
17329,1.0,LONG_TP,LONG_TP
17330,1.0,LONG_TP,LONG_TP
17331,1.0,LONG_TP,LONG_TP
17332,1.0,LONG_TP,LONG_TP
17333,1.0,LONG_TP,LONG_TP
17334,-1.0,SHORT_TP,SHORT_TP
17335,-1.0,SHORT_TP,SHORT_TP
17336,-1.0,SHORT_TP,SHORT_TP
17337,-1.0,SHORT_TP,SHORT_TP
17338,-1.0,SHORT_TP,SHORT_TP
17339,-1.0,SHORT_TP,SHORT_TP
17340,-1.0,SHORT_TP,SHORT_TP
17341,-1.0,SHORT_TP,SHORT_TP
17342,-1.0,SHORT_TP,SHORT_TP
17343,-1.0,SHORT_TP,SHORT_TP
17344,-1.0,SHORT_TP,SHORT_TP
17345,-1.0,SHORT_TP,SHORT_TP
17346,-1.0,SHORT_TP,SHORT_TP
17347,-1.0,SHORT_TP,SHORT_TP
17348,-1.0,SHORT_TP,SHORT_TP
17349,-1.0,SHORT_TP,SHORT_TP
17350,-1.0,SHORT_TP,SHORT_TP
17351,-1.0,SHORT_TP,SHORT_TP
17352,-1.0,SHORT_TP,SHORT_TP
17353,-1.0,SHORT_TP,SHORT_TP
17354,-1.0,SHORT_TP,SHORT_TP
17355,1.0,LONG_TP,LONG_TP
17356,1.0,LONG_TP,LONG_TP
17357,-1.0,SHORT_TP,SHORT_TP
17358,1.0,LONG_TP,LONG_TP
17359,1.0,LONG_TP,LONG_TP
17360,1.0,LONG_TP,LONG_TP
17361,-1.0,SHORT_TP,SHORT_TP
17362,-1.0,SHORT_TP,SHORT_TP
17363,-1.0,SHORT_TP,SHORT_TP
17364,-1.0,SHORT_TP,SHORT_TP
17365,-1.0,SHORT_TP,SHORT_TP
17366,-1.0,SHORT_TP,SHORT_TP
17367,-1.0,SHORT_TP,SHORT_TP
17368,-1.0,SHORT_TP,SHORT_TP
17369,-1.0,SHORT_TP,SHORT_TP
17370,-1.0,SHORT_TP,SHORT_TP
17371,-1.0,SHORT_TP,SHORT_TP
17372,-1.0,SHORT_TP,SHORT_TP
17373,-1.0,SHORT_TP,SHORT_TP
17374,-1.0,SHORT_TP,SHORT_TP
17375,-1.0,SHORT_TP,SHORT_TP
17376,-1.0,SHORT_TP,SHORT_TP
17377,-1.0,SHORT_TP,SHORT_TP
17378,-1.0,SHORT_TP,SHORT_TP
17379,-1.0,SHORT_TP,SHORT_TP
17380,-1.0,SHORT_TP,SHORT_TP
17381,-1.0,SHORT_TP,SHORT_TP
17382,-1.0,SHORT_TP,SHORT_TP
17383,-1.0,SHORT_TP,SHORT_TP
17384,-1.0,SHORT_TP,SHORT_TP
17385,-1.0,SHORT_TP,SHORT_TP
17386,-1.0,SHORT_TP,SHORT_TP
17387,-1.0,SHORT_TP,SHORT_TP
17388,-1.0,SHORT_TP,SHORT_TP
17389,1.0,LONG_TP,LONG_TP
17390,1.0,LONG_TP,LONG_TP
17391,1.0,LONG_TP,LONG_TP
17392,1.0,LONG_TP,LONG_TP
17393,1.0,LONG_TP,LONG_TP
17394,1.0,LONG_TP,LONG_TP
17395,1.0,LONG_TP,LONG_TP
17396,1.0,LONG_TP,LONG_TP
17397,1.0,LONG_TP,LONG_TP
17398,1.0,LONG_TP,LONG_TP
17399,1.0,LONG_TP,LONG_TP
17400,1.0,LONG_TP,LONG_TP
17401,1.0,LONG_TP,LONG_TP
17402,1.0,LONG_TP,LONG_TP
17403,1.0,LONG_TP,LONG_TP
17404,1.0,LONG_TP,LONG_TP
17405,1.0,LONG_TP,LONG_TP
17406,1.0,LONG_TP,LONG_TP
17407,1.0,LONG_TP,LONG_TP
17408,1.0,LONG_TP,LONG_TP
17409,1.0,LONG_TP,LONG_TP
17410,1.0,LONG_TP,LONG_TP
17411,1.0,LONG_TP,LONG_TP
17412,1.0,LONG_TP,LONG_TP
17413,1.0,LONG_TP,LONG_TP
17414,1.0,LONG_TP,LONG_TP
17415,1.0,LONG_TP,LONG_TP
17416,1.0,LONG_TP,LONG_TP
17417,1.0,LONG_TP,LONG_TP
17418,1.0,LONG_TP,LONG_TP
17419,1.0,LONG_TP,LONG_TP
17420,1.0,LONG_TP,LONG_TP
17421,1.0,LONG_TP,LONG_TP
17422,1.0,LONG_TP,LONG_TP
17423,1.0,LONG_TP,LONG_TP
17424,1.0,LONG_TP,LONG_TP
17425,1.0,LONG_TP,LONG_TP
17426,1.0,LONG_TP,LONG_TP
17427,1.0,LONG_TP,LONG_TP
17428,1.0,LONG_TP,LONG_TP
17429,-1.0,SHORT_TP,SHORT_TP
17430,-1.0,SHORT_TP,SHORT_TP
17431,-1.0,SHORT_TP,SHORT_TP
17432,-1.0,SHORT_TP,SHORT_TP
17433,-1.0,SHORT_TP,SHORT_TP
17434,-1.0,SHORT_TP,SHORT_TP
17435,-1.0,SHORT_TP,SHORT_TP
17436,-1.0,SHORT_TP,SHORT_TP
17437,-1.0,SHORT_TP,SHORT_TP
17438,-1.0,SHORT_TP,SHORT_TP
17439,-1.0,SHORT_TP,SHORT_TP
17440,-1.0,SHORT_TP,SHORT_TP
17441,-1.0,SHORT_TP,SHORT_TP
17442,-1.0,SHORT_TP,SHORT_TP
17443,-1.0,SHORT_TP,SHORT_TP
17444,-1.0,SHORT_TP,SHORT_TP
17445,-1.0,SHORT_TP,SHORT_TP
17446,-1.0,SHORT_TP,SHORT_TP
17447,-1.0,SHORT_TP,SHORT_TP
17448,-1.0,SHORT_TP,SHORT_TP
17449,-1.0,SHORT_TP,SHORT_TP
17450,-1.0,SHORT_TP,SHORT_TP
17451,-1.0,SHORT_TP,SHORT_TP
17452,-1.0,SHORT_TP,SHORT_TP
17453,-1.0,SHORT_TP,SHORT_TP
17454,-1.0,SHORT_TP,SHORT_TP
17455,1.0,LONG_TP,LONG_TP
17456,1.0,LONG_TP,LONG_TP
17457,1.0,LONG_TP,LONG_TP
17458,1.0,LONG_TP,LONG_TP
17459,1.0,LONG_TP,LONG_TP
17460,-1.0,SHORT_TP,SHORT_TP
17461,-1.0,SHORT_TP,SHORT_TP
17462,1.0,LONG_TP,LONG_TP
17463,1.0,LONG_TP,LONG_TP
17464,1.0,LONG_TP,LONG_TP
17465,1.0,LONG_TP,LONG_TP
17466,1.0,LONG_TP,LONG_TP
17467,1.0,LONG_TP,LONG_TP
17468,1.0,LONG_TP,LONG_TP
17469,1.0,LONG_TP,LONG_TP
17470,1.0,LONG_TP,LONG_TP
17471,1.0,LONG_TP,LONG_TP
17472,1.0,LONG_TP,LONG_TP
17473,1.0,LONG_TP,LONG_TP
17474,1.0,LONG_TP,LONG_TP
17475,1.0,LONG_TP,LONG_TP
17476,1.0,LONG_TP,LONG_TP
17477,1.0,LONG_TP,LONG_TP
17478,1.0,LONG_TP,LONG_TP
17479,-1.0,SHORT_TP,SHORT_TP
17480,-1.0,SHORT_TP,SHORT_TP
17481,-1.0,SHORT_TP,SHORT_TP
17482,-1.0,SHORT_TP,SHORT_TP
17483,-1.0,SHORT_TP,SHORT_TP
17484,-1.0,SHORT_TP,SHORT_TP
17485,-1.0,SHORT_TP,SHORT_TP
17486,-1.0,SHORT_TP,SHORT_TP
17487,-1.0,SHORT_TP,SHORT_TP
17488,-1.0,SHORT_TP,SHORT_TP
17489,-1.0,SHORT_TP,SHORT_TP
17490,-1.0,SHORT_TP,SHORT_TP
17491,-1.0,SHORT_TP,SHORT_TP
17492,-1.0,SHORT_TP,SHORT_TP
17493,-1.0,SHORT_TP,SHORT_TP
17494,1.0,LONG_TP,LONG_TP
17495,-1.0,SHORT_TP,SHORT_TP
17496,1.0,LONG_TP,LONG_TP
17497,1.0,LONG_TP,LONG_TP
17498,1.0,LONG_TP,LONG_TP
17499,1.0,LONG_TP,LONG_TP
17500,1.0,LONG_TP,LONG_TP
17501,1.0,LONG_TP,LONG_TP
17502,1.0,LONG_TP,LONG_TP
17503,1.0,LONG_TP,LONG_TP
17504,1.0,LONG_TP,LONG_TP
17505,1.0,LONG_TP,LONG_TP
17506,1.0,LONG_TP,LONG_TP
17507,1.0,LONG_TP,LONG_TP
17508,1.0,LONG_TP,LONG_TP
17509,1.0,LONG_TP,LONG_TP
17510,1.0,LONG_TP,LONG_TP
17511,1.0,LONG_TP,LONG_TP
17512,1.0,LONG_TP,LONG_TP
17513,1.0,LONG_TP,LONG_TP
17514,1.0,LONG_TP,LONG_TP
17515,1.0,LONG_TP,LONG_TP
17516,1.0,LONG_TP,LONG_TP
17517,1.0,LONG_TP,LONG_TP
17518,1.0,LONG_TP,LONG_TP
17519,-1.0,SHORT_TP,SHORT_TP
17520,-1.0,SHORT_TP,SHORT_TP
17521,-1.0,SHORT_TP,SHORT_TP
17522,1.0,LONG_TP,LONG_TP
17523,1.0,LONG_TP,LONG_TP
17524,-1.0,SHORT_TP,SHORT_TP
17525,-1.0,SHORT_TP,SHORT_TP
17526,-1.0,SHORT_TP,SHORT_TP
17527,-1.0,SHORT_TP,SHORT_TP
17528,-1.0,SHORT_TP,SHORT_TP
17529,-1.0,SHORT_TP,SHORT_TP
17530,-1.0,SHORT_TP,SHORT_TP
17531,-1.0,SHORT_TP,SHORT_TP
17532,-1.0,SHORT_TP,SHORT_TP
17533,-1.0,SHORT_TP,SHORT_TP
17534,-1.0,SHORT_TP,SHORT_TP
17535,-1.0,SHORT_TP,SHORT_TP
17536,-1.0,SHORT_TP,SHORT_TP
17537,-1.0,SHORT_TP,SHORT_TP
17538,-1.0,SHORT_TP,SHORT_TP
17539,-1.0,SHORT_TP,SHORT_TP
17540,1.0,LONG_TP,LONG_TP
17541,1.0,LONG_TP,LONG_TP
17542,1.0,LONG_TP,LONG_TP
17543,1.0,LONG_TP,LONG_TP
17544,1.0,LONG_TP,LONG_TP
17545,1.0,LONG_TP,LONG_TP
17546,1.0,LONG_TP,LONG_TP
17547,1.0,LONG_TP,LONG_TP
17548,1.0,LONG_TP,LONG_TP
17549,1.0,LONG_TP,LONG_TP
17550,1.0,LONG_TP,LONG_TP
17551,1.0,LONG_TP,LONG_TP
17552,1.0,LONG_TP,LONG_TP
17553,1.0,LONG_TP,LONG_TP
17554,1.0,LONG_TP,LONG_TP
17555,1.0,LONG_TP,LONG_TP
17556,1.0,LONG_TP,LONG_TP
17557,1.0,LONG_TP,LONG_TP
17558,1.0,LONG_TP,LONG_TP
17559,1.0,LONG_TP,LONG_TP
17560,1.0,LONG_TP,LONG_TP
17561,1.0,LONG_TP,LONG_TP
17562,1.0,LONG_TP,LONG_TP
17563,1.0,LONG_TP,LONG_TP
17564,-1.0,SHORT_TP,SHORT_TP
17565,-1.0,SHORT_TP,SHORT_TP
17566,-1.0,SHORT_TP,SHORT_TP
17567,-1.0,SHORT_TP,SHORT_TP
17568,-1.0,SHORT_TP,SHORT_TP
17569,-1.0,SHORT_TP,SHORT_TP
17570,-1.0,SHORT_TP,SHORT_TP
17571,-1.0,SHORT_TP,SHORT_TP
17572,-1.0,SHORT_TP,SHORT_TP
17573,-1.0,SHORT_TP,SHORT_TP
17574,1.0,LONG_TP,LONG_TP
17575,1.0,LONG_TP,LONG_TP
17576,1.0,LONG_TP,LONG_TP
17577,1.0,LONG_TP,LONG_TP
17578,1.0,LONG_TP,LONG_TP
17579,1.0,LONG_TP,LONG_TP
17580,1.0,LONG_TP,LONG_TP
17581,1.0,LONG_TP,LONG_TP
17582,-1.0,SHORT_TP,SHORT_TP
17583,-1.0,SHORT_TP,SHORT_TP
17584,1.0,LONG_TP,LONG_TP
17585,1.0,LONG_TP,LONG_TP
17586,1.0,LONG_TP,LONG_TP
17587,1.0,LONG_TP,LONG_TP
17588,1.0,LONG_TP,LONG_TP
17589,1.0,LONG_TP,LONG_TP
17590,1.0,LONG_TP,LONG_TP
17591,1.0,LONG_TP,LONG_TP
17592,1.0,LONG_TP,LONG_TP
17593,1.0,LONG_TP,LONG_TP
17594,1.0,LONG_TP,LONG_TP
17595,1.0,LONG_TP,LONG_TP
17596,1.0,LONG_TP,LONG_TP
17597,1.0,LONG_TP,LONG_TP
17598,1.0,LONG_TP,LONG_TP
17599,1.0,LONG_TP,LONG_TP
17600,1.0,LONG_TP,LONG_TP
17601,1.0,LONG_TP,LONG_TP
17602,1.0,LONG_TP,LONG_TP
17603,1.0,LONG_TP,LONG_TP
17604,1.0,LONG_TP,LONG_TP
17605,1.0,LONG_TP,LONG_TP
17606,1.0,LONG_TP,LONG_TP
17607,1.0,LONG_TP,LONG_TP
17608,1.0,LONG_TP,LONG_TP
17609,1.0,LONG_TP,LONG_TP
17610,1.0,LONG_TP,LONG_TP
17611,1.0,LONG_TP,LONG_TP
17612,1.0,LONG_TP,LONG_TP
17613,1.0,LONG_TP,LONG_TP
17614,1.0,LONG_TP,LONG_TP
17615,1.0,LONG_TP,LONG_TP
17616,1.0,LONG_TP,LONG_TP
17617,1.0,LONG_TP,LONG_TP
17618,1.0,LONG_TP,LONG_TP
17619,-1.0,SHORT_TP,SHORT_TP
17620,-1.0,SHORT_TP,SHORT_TP
17621,1.0,LONG_TP,LONG_TP
17622,1.0,LONG_TP,LONG_TP
17623,1.0,LONG_TP,LONG_TP
17624,1.0,LONG_TP,LONG_TP
17625,1.0,LONG_TP,LONG_TP
17626,1.0,LONG_TP,LONG_TP
17627,1.0,LONG_TP,LONG_TP
17628,1.0,LONG_TP,LONG_TP
17629,1.0,LONG_TP,LONG_TP
17630,1.0,LONG_TP,LONG_TP
17631,1.0,LONG_TP,LONG_TP
17632,1.0,LONG_TP,LONG_TP
17633,1.0,LONG_TP,LONG_TP
17634,1.0,LONG_TP,LONG_TP
17635,1.0,LONG_TP,LONG_TP
17636,1.0,LONG_TP,LONG_TP
17637,1.0,LONG_TP,LONG_TP
17638,1.0,LONG_TP,LONG_TP
17639,1.0,LONG_TP,LONG_TP
17640,1.0,LONG_TP,LONG_TP
17641,1.0,LONG_TP,LONG_TP
17642,1.0,LONG_TP,LONG_TP
17643,1.0,LONG_TP,LONG_TP
17644,1.0,LONG_TP,LONG_TP
17645,1.0,LONG_TP,LONG_TP
17646,1.0,LONG_TP,LONG_TP
17647,1.0,LONG_TP,LONG_TP
17648,1.0,LONG_TP,LONG_TP
17649,1.0,LONG_TP,LONG_TP
17650,1.0,LONG_TP,LONG_TP
17651,1.0,LONG_TP,LONG_TP
17652,1.0,LONG_TP,LONG_TP
17653,1.0,LONG_TP,LONG_TP
17654,1.0,LONG_TP,LONG_TP
17655,1.0,LONG_TP,LONG_TP
17656,1.0,LONG_TP,LONG_TP
17657,1.0,LONG_TP,LONG_TP
17658,1.0,LONG_TP,LONG_TP
17659,1.0,LONG_TP,LONG_TP
17660,1.0,LONG_TP,LONG_TP
17661,1.0,LONG_TP,LONG_TP
17662,1.0,LONG_TP,LONG_TP
17663,1.0,LONG_TP,LONG_TP
17664,1.0,LONG_TP,LONG_TP
17665,1.0,LONG_TP,LONG_TP
17666,1.0,LONG_TP,LONG_TP
17667,1.0,LONG_TP,LONG_TP
17668,1.0,LONG_TP,LONG_TP
17669,1.0,LONG_TP,LONG_TP
17670,1.0,LONG_TP,LONG_TP
17671,1.0,LONG_TP,LONG_TP
17672,1.0,LONG_TP,LONG_TP
17673,1.0,LONG_TP,LONG_TP
17674,1.0,LONG_TP,LONG_TP
17675,1.0,LONG_TP,LONG_TP
17676,1.0,LONG_TP,LONG_TP
17677,1.0,LONG_TP,LONG_TP
17678,1.0,LONG_TP,LONG_TP
17679,-1.0,SHORT_TP,SHORT_TP
17680,-1.0,SHORT_TP,SHORT_TP
17681,-1.0,SHORT_TP,SHORT_TP
17682,-1.0,SHORT_TP,SHORT_TP
17683,-1.0,SHORT_TP,SHORT_TP
17684,-1.0,SHORT_TP,SHORT_TP
17685,-1.0,SHORT_TP,SHORT_TP
17686,-1.0,SHORT_TP,SHORT_TP
17687,-1.0,SHORT_TP,SHORT_TP
17688,-1.0,SHORT_TP,SHORT_TP
17689,-1.0,SHORT_TP,SHORT_TP
17690,-1.0,SHORT_TP,SHORT_TP
17691,-1.0,SHORT_TP,SHORT_TP
17692,-1.0,SHORT_TP,SHORT_TP
17693,-1.0,SHORT_TP,SHORT_TP
17694,-1.0,SHORT_TP,SHORT_TP
17695,-1.0,SHORT_TP,SHORT_TP
17696,-1.0,SHORT_TP,SHORT_TP
17697,-1.0,SHORT_TP,SHORT_TP
17698,-1.0,SHORT_TP,SHORT_TP
17699,-1.0,SHORT_TP,SHORT_TP
17700,-1.0,SHORT_TP,SHORT_TP
17701,-1.0,SHORT_TP,SHORT_TP
17702,-1.0,SHORT_TP,SHORT_TP
17703,-1.0,SHORT_TP,SHORT_TP
17704,-1.0,SHORT_TP,SHORT_TP
17705,-1.0,SHORT_TP,SHORT_TP
17706,-1.0,SHORT_TP,SHORT_TP
17707,-1.0,SHORT_TP,SHORT_TP
17708,-1.0,SHORT_TP,SHORT_TP
17709,-1.0,SHORT_TP,SHORT_TP
17710,-1.0,SHORT_TP,SHORT_TP
17711,-1.0,SHORT_TP,SHORT_TP
17712,-1.0,SHORT_TP,SHORT_TP
17713,-1.0,SHORT_TP,SHORT_TP
17714,-1.0,SHORT_TP,SHORT_TP
17715,-1.0,SHORT_TP,SHORT_TP
17716,-1.0,SHORT_TP,SHORT_TP
17717,-1.0,SHORT_TP,SHORT_TP
17718,-1.0,SHORT_TP,SHORT_TP
17719,-1.0,SHORT_TP,SHORT_TP
17720,-1.0,SHORT_TP,SHORT_TP
17721,-1.0,SHORT_TP,SHORT_TP
17722,-1.0,SHORT_TP,SHORT_TP
17723,-1.0,SHORT_TP,SHORT_TP
17724,-1.0,SHORT_TP,SHORT_TP
17725,-1.0,SHORT_TP,SHORT_TP
17726,-1.0,SHORT_TP,SHORT_TP
17727,-1.0,SHORT_TP,SHORT_TP
17728,-1.0,SHORT_TP,SHORT_TP
17729,-1.0,SHORT_TP,SHORT_TP
17730,-1.0,SHORT_TP,SHORT_TP
17731,-1.0,SHORT_TP,SHORT_TP
17732,-1.0,SHORT_TP,SHORT_TP
17733,-1.0,SHORT_TP,SHORT_TP
17734,-1.0,SHORT_TP,SHORT_TP
17735,-1.0,SHORT_TP,SHORT_TP
17736,-1.0,SHORT_TP,SHORT_TP
17737,-1.0,SHORT_TP,SHORT_TP
17738,-1.0,SHORT_TP,SHORT_TP
17739,-1.0,SHORT_TP,SHORT_TP
17740,-1.0,SHORT_TP,SHORT_TP
17741,-1.0,SHORT_TP,SHORT_TP
17742,-1.0,SHORT_TP,SHORT_TP
17743,-1.0,SHORT_TP,SHORT_TP
17744,1.0,LONG_TP,LONG_TP
17745,1.0,LONG_TP,LONG_TP
17746,1.0,LONG_TP,LONG_TP
17747,1.0,LONG_TP,LONG_TP
17748,-1.0,SHORT_TP,SHORT_TP
17749,-1.0,SHORT_TP,SHORT_TP
17750,-1.0,SHORT_TP,SHORT_TP
17751,1.0,LONG_TP,LONG_TP
17752,1.0,LONG_TP,LONG_TP
17753,1.0,LONG_TP,LONG_TP
17754,1.0,LONG_TP,LONG_TP
17755,1.0,LONG_TP,LONG_TP
17756,1.0,LONG_TP,LONG_TP
17757,1.0,LONG_TP,LONG_TP
17758,1.0,LONG_TP,LONG_TP
17759,1.0,LONG_TP,LONG_TP
17760,1.0,LONG_TP,LONG_TP
17761,1.0,LONG_TP,LONG_TP
17762,-1.0,SHORT_TP,SHORT_TP
17763,1.0,LONG_TP,LONG_TP
17764,-1.0,SHORT_TP,SHORT_TP
17765,1.0,LONG_TP,LONG_TP
17766,1.0,LONG_TP,LONG_TP
17767,1.0,LONG_TP,LONG_TP
17768,1.0,LONG_TP,LONG_TP
17769,1.0,LONG_TP,LONG_TP
17770,1.0,LONG_TP,LONG_TP
17771,1.0,LONG_TP,LONG_TP
17772,1.0,LONG_TP,LONG_TP
17773,1.0,LONG_TP,LONG_TP
17774,1.0,LONG_TP,LONG_TP
17775,1.0,LONG_TP,LONG_TP
17776,1.0,LONG_TP,LONG_TP
17777,1.0,LONG_TP,LONG_TP
17778,1.0,LONG_TP,LONG_TP
17779,1.0,LONG_TP,LONG_TP
17780,1.0,LONG_TP,LONG_TP
17781,1.0,LONG_TP,LONG_TP
17782,1.0,LONG_TP,LONG_TP
17783,-1.0,SHORT_TP,SHORT_TP
17784,-1.0,SHORT_TP,SHORT_TP
17785,-1.0,SHORT_TP,SHORT_TP
17786,-1.0,SHORT_TP,SHORT_TP
17787,-1.0,SHORT_TP,SHORT_TP
17788,-1.0,SHORT_TP,SHORT_TP
17789,-1.0,SHORT_TP,SHORT_TP
17790,-1.0,SHORT_TP,SHORT_TP
17791,-1.0,SHORT_TP,SHORT_TP
17792,-1.0,SHORT_TP,SHORT_TP
17793,-1.0,SHORT_TP,SHORT_TP
17794,-1.0,SHORT_TP,SHORT_TP
17795,-1.0,SHORT_TP,SHORT_TP
17796,-1.0,SHORT_TP,SHORT_TP
17797,-1.0,SHORT_TP,SHORT_TP
17798,-1.0,SHORT_TP,SHORT_TP
17799,-1.0,SHORT_TP,SHORT_TP
17800,-1.0,SHORT_TP,SHORT_TP
17801,-1.0,SHORT_TP,SHORT_TP
17802,-1.0,SHORT_TP,SHORT_TP
17803,-1.0,SHORT_TP,SHORT_TP
17804,-1.0,SHORT_TP,SHORT_TP
17805,-1.0,SHORT_TP,SHORT_TP
17806,-1.0,SHORT_TP,SHORT_TP
17807,-1.0,SHORT_TP,SHORT_TP
17808,-1.0,SHORT_TP,SHORT_TP
17809,1.0,LONG_TP,LONG_TP
17810,-1.0,SHORT_TP,SHORT_TP
17811,-1.0,SHORT_TP,SHORT_TP
17812,-1.0,SHORT_TP,SHORT_TP
17813,-1.0,SHORT_TP,SHORT_TP
17814,-1.0,SHORT_TP,SHORT_TP
17815,-1.0,SHORT_TP,SHORT_TP
17816,-1.0,SHORT_TP,SHORT_TP
17817,-1.0,SHORT_TP,SHORT_TP
17818,-1.0,SHORT_TP,SHORT_TP
17819,-1.0,SHORT_TP,SHORT_TP
17820,-1.0,SHORT_TP,SHORT_TP
17821,-1.0,SHORT_TP,SHORT_TP
17822,-1.0,SHORT_TP,SHORT_TP
17823,-1.0,SHORT_TP,SHORT_TP
17824,-1.0,SHORT_TP,SHORT_TP
17825,-1.0,SHORT_TP,SHORT_TP
17826,-1.0,SHORT_TP,SHORT_TP
17827,-1.0,SHORT_TP,SHORT_TP
17828,-1.0,SHORT_TP,SHORT_TP
17829,-1.0,SHORT_TP,SHORT_TP
17830,-1.0,SHORT_TP,SHORT_TP
17831,-1.0,SHORT_TP,SHORT_TP
17832,-1.0,SHORT_TP,SHORT_TP
17833,-1.0,SHORT_TP,SHORT_TP
17834,-1.0,SHORT_TP,SHORT_TP
17835,-1.0,SHORT_TP,SHORT_TP
17836,-1.0,SHORT_TP,SHORT_TP
17837,-1.0,SHORT_TP,SHORT_TP
17838,-1.0,SHORT_TP,SHORT_TP
17839,-1.0,SHORT_TP,SHORT_TP
17840,-1.0,SHORT_TP,SHORT_TP
17841,-1.0,SHORT_TP,SHORT_TP
17842,-1.0,SHORT_TP,SHORT_TP
17843,-1.0,SHORT_TP,SHORT_TP
17844,-1.0,SHORT_TP,SHORT_TP
17845,-1.0,SHORT_TP,SHORT_TP
17846,-1.0,SHORT_TP,SHORT_TP
17847,-1.0,SHORT_TP,SHORT_TP
17848,1.0,LONG_TP,LONG_TP
17849,1.0,LONG_TP,LONG_TP
17850,1.0,LONG_TP,LONG_TP
17851,1.0,LONG_TP,LONG_TP
17852,1.0,LONG_TP,LONG_TP
17853,1.0,LONG_TP,LONG_TP
17854,1.0,LONG_TP,LONG_TP
17855,1.0,LONG_TP,LONG_TP
17856,1.0,LONG_TP,LONG_TP
17857,1.0,LONG_TP,LONG_TP
17858,1.0,LONG_TP,LONG_TP
17859,1.0,LONG_TP,LONG_TP
17860,1.0,LONG_TP,LONG_TP
17861,1.0,LONG_TP,LONG_TP
17862,1.0,LONG_TP,LONG_TP
17863,1.0,LONG_TP,LONG_TP
17864,1.0,LONG_TP,LONG_TP
17865,1.0,LONG_TP,LONG_TP
17866,1.0,LONG_TP,LONG_TP
17867,1.0,LONG_TP,LONG_TP
17868,1.0,LONG_TP,LONG_TP
17869,1.0,LONG_TP,LONG_TP
17870,1.0,LONG_TP,LONG_TP
17871,1.0,LONG_TP,LONG_TP
17872,1.0,LONG_TP,LONG_TP
17873,1.0,LONG_TP,LONG_TP
17874,1.0,LONG_TP,LONG_TP
17875,1.0,LONG_TP,LONG_TP
17876,1.0,LONG_TP,LONG_TP
17877,1.0,LONG_TP,LONG_TP
17878,1.0,LONG_TP,LONG_TP
17879,-1.0,SHORT_TP,SHORT_TP
17880,1.0,LONG_TP,LONG_TP
17881,1.0,LONG_TP,LONG_TP
17882,1.0,LONG_TP,LONG_TP
17883,1.0,LONG_TP,LONG_TP
17884,1.0,LONG_TP,LONG_TP
17885,1.0,LONG_TP,LONG_TP
17886,1.0,LONG_TP,LONG_TP
17887,1.0,LONG_TP,LONG_TP
17888,1.0,LONG_TP,LONG_TP
17889,1.0,LONG_TP,LONG_TP
17890,1.0,LONG_TP,LONG_TP
17891,1.0,LONG_TP,LONG_TP
17892,1.0,LONG_TP,LONG_TP
17893,1.0,LONG_TP,LONG_TP
17894,1.0,LONG_TP,LONG_TP
17895,1.0,LONG_TP,LONG_TP
17896,1.0,LONG_TP,LONG_TP
17897,1.0,LONG_TP,LONG_TP
17898,1.0,LONG_TP,LONG_TP
17899,1.0,LONG_TP,LONG_TP
17900,1.0,LONG_TP,LONG_TP
17901,1.0,LONG_TP,LONG_TP
17902,1.0,LONG_TP,LONG_TP
17903,1.0,LONG_TP,LONG_TP
17904,1.0,LONG_TP,LONG_TP
17905,-1.0,SHORT_TP,SHORT_TP
17906,-1.0,SHORT_TP,SHORT_TP
17907,-1.0,SHORT_TP,SHORT_TP
17908,-1.0,SHORT_TP,SHORT_TP
17909,-1.0,SHORT_TP,SHORT_TP
17910,-1.0,SHORT_TP,SHORT_TP
17911,-1.0,SHORT_TP,SHORT_TP
17912,-1.0,SHORT_TP,SHORT_TP
17913,-1.0,SHORT_TP,SHORT_TP
17914,-1.0,SHORT_TP,SHORT_TP
17915,1.0,LONG_TP,LONG_TP
17916,1.0,LONG_TP,LONG_TP
17917,1.0,LONG_TP,LONG_TP
17918,1.0,LONG_TP,LONG_TP
17919,1.0,LONG_TP,LONG_TP
17920,1.0,LONG_TP,LONG_TP
17921,1.0,LONG_TP,LONG_TP
17922,1.0,LONG_TP,LONG_TP
17923,1.0,LONG_TP,LONG_TP
17924,1.0,LONG_TP,LONG_TP
17925,1.0,LONG_TP,LONG_TP
17926,1.0,LONG_TP,LONG_TP
17927,1.0,LONG_TP,LONG_TP
17928,1.0,LONG_TP,LONG_TP
17929,1.0,LONG_TP,LONG_TP
17930,1.0,LONG_TP,LONG_TP
17931,-1.0,SHORT_TP,SHORT_TP
17932,1.0,LONG_TP,LONG_TP
17933,1.0,LONG_TP,LONG_TP
17934,1.0,LONG_TP,LONG_TP
17935,1.0,LONG_TP,LONG_TP
17936,1.0,LONG_TP,LONG_TP
17937,1.0,LONG_TP,LONG_TP
17938,1.0,LONG_TP,LONG_TP
17939,1.0,LONG_TP,LONG_TP
17940,1.0,LONG_TP,LONG_TP
17941,1.0,LONG_TP,LONG_TP
17942,1.0,LONG_TP,LONG_TP
17943,1.0,LONG_TP,LONG_TP
17944,1.0,LONG_TP,LONG_TP
17945,1.0,LONG_TP,LONG_TP
17946,1.0,LONG_TP,LONG_TP
17947,1.0,LONG_TP,LONG_TP
17948,1.0,LONG_TP,LONG_TP
17949,1.0,LONG_TP,LONG_TP
17950,1.0,LONG_TP,LONG_TP
17951,1.0,LONG_TP,LONG_TP
17952,1.0,LONG_TP,LONG_TP
17953,1.0,LONG_TP,LONG_TP
17954,1.0,LONG_TP,LONG_TP
17955,1.0,LONG_TP,LONG_TP
17956,1.0,LONG_TP,LONG_TP
17957,1.0,LONG_TP,LONG_TP
17958,-1.0,SHORT_TP,SHORT_TP
17959,-1.0,SHORT_TP,SHORT_TP
17960,-1.0,SHORT_TP,SHORT_TP
17961,-1.0,SHORT_TP,SHORT_TP
17962,-1.0,SHORT_TP,SHORT_TP
17963,-1.0,SHORT_TP,SHORT_TP
17964,-1.0,SHORT_TP,SHORT_TP
17965,-1.0,SHORT_TP,SHORT_TP
17966,-1.0,SHORT_TP,SHORT_TP
17967,-1.0,SHORT_TP,SHORT_TP
17968,-1.0,SHORT_TP,SHORT_TP
17969,-1.0,SHORT_TP,SHORT_TP
17970,-1.0,SHORT_TP,SHORT_TP
17971,-1.0,SHORT_TP,SHORT_TP
17972,-1.0,SHORT_TP,SHORT_TP
17973,-1.0,SHORT_TP,SHORT_TP
17974,-1.0,SHORT_TP,SHORT_TP
17975,-1.0,SHORT_TP,SHORT_TP
17976,-1.0,SHORT_TP,SHORT_TP
17977,-1.0,SHORT_TP,SHORT_TP
17978,-1.0,SHORT_TP,SHORT_TP
17979,1.0,LONG_TP,LONG_TP
17980,-1.0,SHORT_TP,SHORT_TP
17981,1.0,LONG_TP,LONG_TP
17982,1.0,LONG_TP,LONG_TP
17983,1.0,LONG_TP,LONG_TP
17984,1.0,LONG_TP,LONG_TP
17985,1.0,LONG_TP,LONG_TP
17986,1.0,LONG_TP,LONG_TP
17987,1.0,LONG_TP,LONG_TP
17988,1.0,LONG_TP,LONG_TP
17989,-1.0,SHORT_TP,SHORT_TP
17990,1.0,LONG_TP,LONG_TP
17991,1.0,LONG_TP,LONG_TP
17992,-1.0,SHORT_TP,SHORT_TP
17993,-1.0,SHORT_TP,SHORT_TP
17994,-1.0,SHORT_TP,SHORT_TP
17995,-1.0,SHORT_TP,SHORT_TP
17996,-1.0,SHORT_TP,SHORT_TP
17997,-1.0,SHORT_TP,SHORT_TP
17998,-1.0,SHORT_TP,SHORT_TP
17999,-1.0,SHORT_TP,SHORT_TP
18000,-1.0,SHORT_TP,SHORT_TP
18001,-1.0,SHORT_TP,SHORT_TP
18002,-1.0,SHORT_TP,SHORT_TP
18003,-1.0,SHORT_TP,SHORT_TP
18004,-1.0,SHORT_TP,SHORT_TP
18005,-1.0,SHORT_TP,SHORT_TP
18006,-1.0,SHORT_TP,SHORT_TP
18007,-1.0,SHORT_TP,SHORT_TP
18008,1.0,LONG_TP,LONG_TP
18009,1.0,LONG_TP,LONG_TP
18010,1.0,LONG_TP,LONG_TP
18011,1.0,LONG_TP,LONG_TP
18012,1.0,LONG_TP,LONG_TP
18013,1.0,LONG_TP,LONG_TP
18014,1.0,LONG_TP,LONG_TP
18015,1.0,LONG_TP,LONG_TP
18016,1.0,LONG_TP,LONG_TP
18017,1.0,LONG_TP,LONG_TP
18018,1.0,LONG_TP,LONG_TP
18019,1.0,LONG_TP,LONG_TP
18020,1.0,LONG_TP,LONG_TP
18021,1.0,LONG_TP,LONG_TP
18022,-1.0,SHORT_TP,SHORT_TP
18023,1.0,LONG_TP,LONG_TP
18024,1.0,LONG_TP,LONG_TP
18025,1.0,LONG_TP,LONG_TP
18026,1.0,LONG_TP,LONG_TP
18027,1.0,LONG_TP,LONG_TP
18028,-1.0,SHORT_TP,SHORT_TP
18029,-1.0,SHORT_TP,SHORT_TP
18030,-1.0,SHORT_TP,SHORT_TP
18031,-1.0,SHORT_TP,SHORT_TP
18032,-1.0,SHORT_TP,SHORT_TP
18033,-1.0,SHORT_TP,SHORT_TP
18034,1.0,LONG_TP,LONG_TP
18035,1.0,LONG_TP,LONG_TP
18036,1.0,LONG_TP,LONG_TP
18037,1.0,LONG_TP,LONG_TP
18038,1.0,LONG_TP,LONG_TP
18039,1.0,LONG_TP,LONG_TP
18040,1.0,LONG_TP,LONG_TP
18041,1.0,LONG_TP,LONG_TP
18042,1.0,LONG_TP,LONG_TP
18043,-1.0,SHORT_TP,SHORT_TP
18044,-1.0,SHORT_TP,SHORT_TP
18045,-1.0,SHORT_TP,SHORT_TP
18046,-1.0,SHORT_TP,SHORT_TP
18047,-1.0,SHORT_TP,SHORT_TP
18048,-1.0,SHORT_TP,SHORT_TP
18049,-1.0,SHORT_TP,SHORT_TP
18050,-1.0,SHORT_TP,SHORT_TP
18051,-1.0,SHORT_TP,SHORT_TP
18052,-1.0,SHORT_TP,SHORT_TP
18053,-1.0,SHORT_TP,SHORT_TP
18054,-1.0,SHORT_TP,SHORT_TP
18055,-1.0,SHORT_TP,SHORT_TP
18056,-1.0,SHORT_TP,SHORT_TP
18057,-1.0,SHORT_TP,SHORT_TP
18058,-1.0,SHORT_TP,SHORT_TP
18059,-1.0,SHORT_TP,SHORT_TP
18060,-1.0,SHORT_TP,SHORT_TP
18061,-1.0,SHORT_TP,SHORT_TP
18062,-1.0,SHORT_TP,SHORT_TP
18063,-1.0,SHORT_TP,SHORT_TP
18064,-1.0,SHORT_TP,SHORT_TP
18065,-1.0,SHORT_TP,SHORT_TP
18066,-1.0,SHORT_TP,SHORT_TP
18067,-1.0,SHORT_TP,SHORT_TP
18068,-1.0,SHORT_TP,SHORT_TP
18069,-1.0,SHORT_TP,SHORT_TP
18070,-1.0,SHORT_TP,SHORT_TP
18071,-1.0,SHORT_TP,SHORT_TP
18072,-1.0,SHORT_TP,SHORT_TP
18073,-1.0,SHORT_TP,SHORT_TP
18074,-1.0,SHORT_TP,SHORT_TP
18075,1.0,LONG_TP,LONG_TP
18076,1.0,LONG_TP,LONG_TP
18077,1.0,LONG_TP,LONG_TP
18078,1.0,LONG_TP,LONG_TP
18079,1.0,LONG_TP,LONG_TP
18080,1.0,LONG_TP,LONG_TP
18081,1.0,LONG_TP,LONG_TP
18082,1.0,LONG_TP,LONG_TP
18083,1.0,LONG_TP,LONG_TP
18084,1.0,LONG_TP,LONG_TP
18085,1.0,LONG_TP,LONG_TP
18086,-1.0,SHORT_TP,SHORT_TP
18087,-1.0,SHORT_TP,SHORT_TP
18088,1.0,LONG_TP,LONG_TP
18089,1.0,LONG_TP,LONG_TP
18090,-1.0,SHORT_TP,SHORT_TP
18091,-1.0,SHORT_TP,SHORT_TP
18092,-1.0,SHORT_TP,SHORT_TP
18093,-1.0,SHORT_TP,SHORT_TP
18094,-1.0,SHORT_TP,SHORT_TP
18095,-1.0,SHORT_TP,SHORT_TP
18096,-1.0,SHORT_TP,SHORT_TP
18097,-1.0,SHORT_TP,SHORT_TP
18098,-1.0,SHORT_TP,SHORT_TP
18099,-1.0,SHORT_TP,SHORT_TP
18100,-1.0,SHORT_TP,SHORT_TP
18101,-1.0,SHORT_TP,SHORT_TP
18102,-1.0,SHORT_TP,SHORT_TP
18103,-1.0,SHORT_TP,SHORT_TP
18104,-1.0,SHORT_TP,SHORT_TP
18105,-1.0,SHORT_TP,SHORT_TP
18106,-1.0,SHORT_TP,SHORT_TP
18107,-1.0,SHORT_TP,SHORT_TP
18108,-1.0,SHORT_TP,SHORT_TP
18109,-1.0,SHORT_TP,SHORT_TP
18110,-1.0,SHORT_TP,SHORT_TP
18111,-1.0,SHORT_TP,SHORT_TP
18112,-1.0,SHORT_TP,SHORT_TP
18113,-1.0,SHORT_TP,SHORT_TP
18114,-1.0,SHORT_TP,SHORT_TP
18115,-1.0,SHORT_TP,SHORT_TP
18116,-1.0,SHORT_TP,SHORT_TP
18117,-1.0,SHORT_TP,SHORT_TP
18118,1.0,LONG_TP,LONG_TP
18119,1.0,LONG_TP,LONG_TP
18120,1.0,LONG_TP,LONG_TP
18121,1.0,LONG_TP,LONG_TP
18122,1.0,LONG_TP,LONG_TP
18123,1.0,LONG_TP,LONG_TP
18124,1.0,LONG_TP,LONG_TP
18125,-1.0,SHORT_TP,SHORT_TP
18126,1.0,LONG_TP,LONG_TP
18127,1.0,LONG_TP,LONG_TP
18128,1.0,LONG_TP,LONG_TP
18129,1.0,LONG_TP,LONG_TP
18130,-1.0,SHORT_TP,SHORT_TP
18131,-1.0,SHORT_TP,SHORT_TP
18132,-1.0,SHORT_TP,SHORT_TP
18133,-1.0,SHORT_TP,SHORT_TP
18134,-1.0,SHORT_TP,SHORT_TP
18135,-1.0,SHORT_TP,SHORT_TP
18136,-1.0,SHORT_TP,SHORT_TP
18137,-1.0,SHORT_TP,SHORT_TP
18138,-1.0,SHORT_TP,SHORT_TP
18139,-1.0,SHORT_TP,SHORT_TP
18140,-1.0,SHORT_TP,SHORT_TP
18141,-1.0,SHORT_TP,SHORT_TP
18142,-1.0,SHORT_TP,SHORT_TP
18143,-1.0,SHORT_TP,SHORT_TP
18144,-1.0,SHORT_TP,SHORT_TP
18145,-1.0,SHORT_TP,SHORT_TP
18146,-1.0,SHORT_TP,SHORT_TP
18147,-1.0,SHORT_TP,SHORT_TP
18148,-1.0,SHORT_TP,SHORT_TP
18149,-1.0,SHORT_TP,SHORT_TP
18150,-1.0,SHORT_TP,SHORT_TP
18151,-1.0,SHORT_TP,SHORT_TP
18152,-1.0,SHORT_TP,SHORT_TP
18153,-1.0,SHORT_TP,SHORT_TP
18154,-1.0,SHORT_TP,SHORT_TP
18155,-1.0,SHORT_TP,SHORT_TP
18156,-1.0,SHORT_TP,SHORT_TP
18157,-1.0,SHORT_TP,SHORT_TP
18158,-1.0,SHORT_TP,SHORT_TP
18159,-1.0,SHORT_TP,SHORT_TP
18160,-1.0,SHORT_TP,SHORT_TP
18161,-1.0,SHORT_TP,SHORT_TP
18162,-1.0,SHORT_TP,SHORT_TP
18163,-1.0,SHORT_TP,SHORT_TP
18164,-1.0,SHORT_TP,SHORT_TP
18165,-1.0,SHORT_TP,SHORT_TP
18166,-1.0,SHORT_TP,SHORT_TP
18167,-1.0,SHORT_TP,SHORT_TP
18168,-1.0,SHORT_TP,SHORT_TP
18169,-1.0,SHORT_TP,SHORT_TP
18170,-1.0,SHORT_TP,SHORT_TP
18171,-1.0,SHORT_TP,SHORT_TP
18172,-1.0,SHORT_TP,SHORT_TP
18173,-1.0,SHORT_TP,SHORT_TP
18174,-1.0,SHORT_TP,SHORT_TP
18175,-1.0,SHORT_TP,SHORT_TP
18176,-1.0,SHORT_TP,SHORT_TP
18177,-1.0,SHORT_TP,SHORT_TP
18178,-1.0,SHORT_TP,SHORT_TP
18179,-1.0,SHORT_TP,SHORT_TP
18180,-1.0,SHORT_TP,SHORT_TP
18181,-1.0,SHORT_TP,SHORT_TP
18182,-1.0,SHORT_TP,SHORT_TP
18183,-1.0,SHORT_TP,SHORT_TP
18184,-1.0,SHORT_TP,SHORT_TP
18185,-1.0,SHORT_TP,SHORT_TP
18186,-1.0,SHORT_TP,SHORT_TP
18187,1.0,LONG_TP,LONG_TP
18188,1.0,LONG_TP,LONG_TP
18189,1.0,LONG_TP,LONG_TP
18190,-1.0,SHORT_TP,SHORT_TP
18191,1.0,LONG_TP,LONG_TP
18192,1.0,LONG_TP,LONG_TP
18193,1.0,LONG_TP,LONG_TP
18194,-1.0,SHORT_TP,SHORT_TP
18195,-1.0,SHORT_TP,SHORT_TP
18196,-1.0,SHORT_TP,SHORT_TP
18197,1.0,LONG_TP,LONG_TP
18198,-1.0,SHORT_TP,SHORT_TP
18199,1.0,LONG_TP,LONG_TP
18200,1.0,LONG_TP,LONG_TP
18201,1.0,LONG_TP,LONG_TP
18202,1.0,LONG_TP,LONG_TP
18203,-1.0,SHORT_TP,SHORT_TP
18204,-1.0,SHORT_TP,SHORT_TP
18205,-1.0,SHORT_TP,SHORT_TP
18206,1.0,LONG_TP,LONG_TP
18207,1.0,LONG_TP,LONG_TP
18208,1.0,LONG_TP,LONG_TP
18209,1.0,LONG_TP,LONG_TP
18210,1.0,LONG_TP,LONG_TP
18211,1.0,LONG_TP,LONG_TP
18212,1.0,LONG_TP,LONG_TP
18213,1.0,LONG_TP,LONG_TP
18214,1.0,LONG_TP,LONG_TP
18215,1.0,LONG_TP,LONG_TP
18216,1.0,LONG_TP,LONG_TP
18217,1.0,LONG_TP,LONG_TP
18218,1.0,LONG_TP,LONG_TP
18219,1.0,LONG_TP,LONG_TP
18220,1.0,LONG_TP,LONG_TP
18221,1.0,LONG_TP,LONG_TP
18222,1.0,LONG_TP,LONG_TP
18223,1.0,LONG_TP,LONG_TP
18224,1.0,LONG_TP,LONG_TP
18225,1.0,LONG_TP,LONG_TP
18226,1.0,LONG_TP,LONG_TP
18227,1.0,LONG_TP,LONG_TP
18228,1.0,LONG_TP,LONG_TP
18229,1.0,LONG_TP,LONG_TP
18230,1.0,LONG_TP,LONG_TP
18231,1.0,LONG_TP,LONG_TP
18232,1.0,LONG_TP,LONG_TP
18233,1.0,LONG_TP,LONG_TP
18234,1.0,LONG_TP,LONG_TP
18235,1.0,LONG_TP,LONG_TP
18236,1.0,LONG_TP,LONG_TP
18237,1.0,LONG_TP,LONG_TP
18238,1.0,LONG_TP,LONG_TP
18239,1.0,LONG_TP,LONG_TP
18240,1.0,LONG_TP,LONG_TP
18241,1.0,LONG_TP,LONG_TP
18242,1.0,LONG_TP,LONG_TP
18243,1.0,LONG_TP,LONG_TP
18244,1.0,LONG_TP,LONG_TP
18245,1.0,LONG_TP,LONG_TP
18246,-1.0,SHORT_TP,SHORT_TP
18247,-1.0,SHORT_TP,SHORT_TP
18248,-1.0,SHORT_TP,SHORT_TP
18249,-1.0,SHORT_TP,SHORT_TP
18250,-1.0,SHORT_TP,SHORT_TP
18251,-1.0,SHORT_TP,SHORT_TP
18252,-1.0,SHORT_TP,SHORT_TP
18253,-1.0,SHORT_TP,SHORT_TP
18254,-1.0,SHORT_TP,SHORT_TP
18255,-1.0,SHORT_TP,SHORT_TP
18256,-1.0,SHORT_TP,SHORT_TP
18257,-1.0,SHORT_TP,SHORT_TP
18258,-1.0,SHORT_TP,SHORT_TP
18259,-1.0,SHORT_TP,SHORT_TP
18260,-1.0,SHORT_TP,SHORT_TP
18261,-1.0,SHORT_TP,SHORT_TP
18262,-1.0,SHORT_TP,SHORT_TP
18263,-1.0,SHORT_TP,SHORT_TP
18264,-1.0,SHORT_TP,SHORT_TP
18265,-1.0,SHORT_TP,SHORT_TP
18266,-1.0,SHORT_TP,SHORT_TP
18267,-1.0,SHORT_TP,SHORT_TP
18268,-1.0,SHORT_TP,SHORT_TP
18269,-1.0,SHORT_TP,SHORT_TP
18270,-1.0,SHORT_TP,SHORT_TP
18271,-1.0,SHORT_TP,SHORT_TP
18272,-1.0,SHORT_TP,SHORT_TP
18273,-1.0,SHORT_TP,SHORT_TP
18274,-1.0,SHORT_TP,SHORT_TP
18275,-1.0,SHORT_TP,SHORT_TP
18276,-1.0,SHORT_TP,SHORT_TP
18277,-1.0,SHORT_TP,SHORT_TP
18278,-1.0,SHORT_TP,SHORT_TP
18279,-1.0,SHORT_TP,SHORT_TP
18280,-1.0,SHORT_TP,SHORT_TP
18281,-1.0,SHORT_TP,SHORT_TP
18282,-1.0,SHORT_TP,SHORT_TP
18283,-1.0,SHORT_TP,SHORT_TP
18284,-1.0,SHORT_TP,SHORT_TP
18285,-1.0,SHORT_TP,SHORT_TP
18286,-1.0,SHORT_TP,SHORT_TP
18287,-1.0,SHORT_TP,SHORT_TP
18288,-1.0,SHORT_TP,SHORT_TP
18289,-1.0,SHORT_TP,SHORT_TP
18290,-1.0,SHORT_TP,SHORT_TP
18291,-1.0,SHORT_TP,SHORT_TP
18292,-1.0,SHORT_TP,SHORT_TP
18293,-1.0,SHORT_TP,SHORT_TP
18294,-1.0,SHORT_TP,SHORT_TP
18295,-1.0,SHORT_TP,SHORT_TP
18296,1.0,LONG_TP,LONG_TP
18297,1.0,LONG_TP,LONG_TP
18298,1.0,LONG_TP,LONG_TP
18299,1.0,LONG_TP,LONG_TP
18300,-1.0,SHORT_TP,SHORT_TP
18301,-1.0,SHORT_TP,SHORT_TP
18302,-1.0,SHORT_TP,SHORT_TP
18303,-1.0,SHORT_TP,SHORT_TP
18304,-1.0,SHORT_TP,SHORT_TP
18305,-1.0,SHORT_TP,SHORT_TP
18306,-1.0,SHORT_TP,SHORT_TP
18307,-1.0,SHORT_TP,SHORT_TP
18308,-1.0,SHORT_TP,SHORT_TP
18309,-1.0,SHORT_TP,SHORT_TP
18310,-1.0,SHORT_TP,SHORT_TP
18311,-1.0,SHORT_TP,SHORT_TP
18312,1.0,LONG_TP,LONG_TP
18313,1.0,LONG_TP,LONG_TP
18314,1.0,LONG_TP,LONG_TP
18315,1.0,LONG_TP,LONG_TP
18316,1.0,LONG_TP,LONG_TP
18317,1.0,LONG_TP,LONG_TP
18318,1.0,LONG_TP,LONG_TP
18319,1.0,LONG_TP,LONG_TP
18320,1.0,LONG_TP,LONG_TP
18321,1.0,LONG_TP,LONG_TP
18322,1.0,LONG_TP,LONG_TP
18323,1.0,LONG_TP,LONG_TP
18324,1.0,LONG_TP,LONG_TP
18325,1.0,LONG_TP,LONG_TP
18326,1.0,LONG_TP,LONG_TP
18327,1.0,LONG_TP,LONG_TP
18328,1.0,LONG_TP,LONG_TP
18329,1.0,LONG_TP,LONG_TP
18330,1.0,LONG_TP,LONG_TP
18331,1.0,LONG_TP,LONG_TP
18332,1.0,LONG_TP,LONG_TP
18333,1.0,LONG_TP,LONG_TP
18334,1.0,LONG_TP,LONG_TP
18335,1.0,LONG_TP,LONG_TP
18336,-1.0,SHORT_TP,SHORT_TP
18337,-1.0,SHORT_TP,SHORT_TP
18338,-1.0,SHORT_TP,SHORT_TP
18339,-1.0,SHORT_TP,SHORT_TP
18340,-1.0,SHORT_TP,SHORT_TP
18341,-1.0,SHORT_TP,SHORT_TP
18342,-1.0,SHORT_TP,SHORT_TP
18343,-1.0,SHORT_TP,SHORT_TP
18344,-1.0,SHORT_TP,SHORT_TP
18345,-1.0,SHORT_TP,SHORT_TP
18346,-1.0,SHORT_TP,SHORT_TP
18347,-1.0,SHORT_TP,SHORT_TP
18348,-1.0,SHORT_TP,SHORT_TP
18349,-1.0,SHORT_TP,SHORT_TP
18350,-1.0,SHORT_TP,SHORT_TP
18351,-1.0,SHORT_TP,SHORT_TP
18352,-1.0,SHORT_TP,SHORT_TP
18353,-1.0,SHORT_TP,SHORT_TP
18354,-1.0,SHORT_TP,SHORT_TP
18355,-1.0,SHORT_TP,SHORT_TP
18356,-1.0,SHORT_TP,SHORT_TP
18357,-1.0,SHORT_TP,SHORT_TP
18358,-1.0,SHORT_TP,SHORT_TP
18359,-1.0,SHORT_TP,SHORT_TP
18360,-1.0,SHORT_TP,SHORT_TP
18361,1.0,LONG_TP,LONG_TP
18362,1.0,LONG_TP,LONG_TP
18363,1.0,LONG_TP,LONG_TP
18364,1.0,LONG_TP,LONG_TP
18365,1.0,LONG_TP,LONG_TP
18366,1.0,LONG_TP,LONG_TP
18367,1.0,LONG_TP,LONG_TP
18368,1.0,LONG_TP,LONG_TP
18369,1.0,LONG_TP,LONG_TP
18370,1.0,LONG_TP,LONG_TP
18371,1.0,LONG_TP,LONG_TP
18372,1.0,LONG_TP,LONG_TP
18373,1.0,LONG_TP,LONG_TP
18374,1.0,LONG_TP,LONG_TP
18375,1.0,LONG_TP,LONG_TP
18376,1.0,LONG_TP,LONG_TP
18377,1.0,LONG_TP,LONG_TP
18378,1.0,LONG_TP,LONG_TP
18379,1.0,LONG_TP,LONG_TP
18380,1.0,LONG_TP,LONG_TP
18381,1.0,LONG_TP,LONG_TP
18382,1.0,LONG_TP,LONG_TP
18383,-1.0,SHORT_TP,SHORT_TP
18384,-1.0,SHORT_TP,SHORT_TP
18385,-1.0,SHORT_TP,SHORT_TP
18386,-1.0,SHORT_TP,SHORT_TP
18387,-1.0,SHORT_TP,SHORT_TP
18388,1.0,LONG_TP,LONG_TP
18389,-1.0,SHORT_TP,SHORT_TP
18390,-1.0,SHORT_TP,SHORT_TP
18391,-1.0,SHORT_TP,SHORT_TP
18392,-1.0,SHORT_TP,SHORT_TP
18393,-1.0,SHORT_TP,SHORT_TP
18394,-1.0,SHORT_TP,SHORT_TP
18395,-1.0,SHORT_TP,SHORT_TP
18396,-1.0,SHORT_TP,SHORT_TP
18397,-1.0,SHORT_TP,SHORT_TP
18398,-1.0,SHORT_TP,SHORT_TP
18399,-1.0,SHORT_TP,SHORT_TP
18400,-1.0,SHORT_TP,SHORT_TP
18401,-1.0,SHORT_TP,SHORT_TP
18402,-1.0,SHORT_TP,SHORT_TP
18403,-1.0,SHORT_TP,SHORT_TP
18404,-1.0,SHORT_TP,SHORT_TP
18405,-1.0,SHORT_TP,SHORT_TP
18406,-1.0,SHORT_TP,SHORT_TP
18407,-1.0,SHORT_TP,SHORT_TP
18408,-1.0,SHORT_TP,SHORT_TP
18409,-1.0,SHORT_TP,SHORT_TP
18410,-1.0,SHORT_TP,SHORT_TP
18411,-1.0,SHORT_TP,SHORT_TP
18412,-1.0,SHORT_TP,SHORT_TP
18413,-1.0,SHORT_TP,SHORT_TP
18414,-1.0,SHORT_TP,SHORT_TP
18415,-1.0,SHORT_TP,SHORT_TP
18416,-1.0,SHORT_TP,SHORT_TP
18417,-1.0,SHORT_TP,SHORT_TP
18418,-1.0,SHORT_TP,SHORT_TP
18419,-1.0,SHORT_TP,SHORT_TP
18420,-1.0,SHORT_TP,SHORT_TP
18421,1.0,LONG_TP,LONG_TP
18422,1.0,LONG_TP,LONG_TP
18423,1.0,LONG_TP,LONG_TP
18424,1.0,LONG_TP,LONG_TP
18425,1.0,LONG_TP,LONG_TP
18426,1.0,LONG_TP,LONG_TP
18427,1.0,LONG_TP,LONG_TP
18428,1.0,LONG_TP,LONG_TP
18429,-1.0,SHORT_TP,SHORT_TP
18430,-1.0,SHORT_TP,SHORT_TP
18431,-1.0,SHORT_TP,SHORT_TP
18432,-1.0,SHORT_TP,SHORT_TP
18433,-1.0,SHORT_TP,SHORT_TP
18434,-1.0,SHORT_TP,SHORT_TP
18435,-1.0,SHORT_TP,SHORT_TP
18436,-1.0,SHORT_TP,SHORT_TP
18437,-1.0,SHORT_TP,SHORT_TP
18438,-1.0,SHORT_TP,SHORT_TP
18439,-1.0,SHORT_TP,SHORT_TP
18440,-1.0,SHORT_TP,SHORT_TP
18441,-1.0,SHORT_TP,SHORT_TP
18442,1.0,LONG_TP,LONG_TP
18443,1.0,LONG_TP,LONG_TP
18444,1.0,LONG_TP,LONG_TP
18445,1.0,LONG_TP,LONG_TP
18446,1.0,LONG_TP,LONG_TP
18447,1.0,LONG_TP,LONG_TP
18448,1.0,LONG_TP,LONG_TP
18449,1.0,LONG_TP,LONG_TP
18450,1.0,LONG_TP,LONG_TP
18451,1.0,LONG_TP,LONG_TP
18452,1.0,LONG_TP,LONG_TP
18453,1.0,LONG_TP,LONG_TP
18454,1.0,LONG_TP,LONG_TP
18455,1.0,LONG_TP,LONG_TP
18456,1.0,LONG_TP,LONG_TP
18457,1.0,LONG_TP,LONG_TP
18458,1.0,LONG_TP,LONG_TP
18459,1.0,LONG_TP,LONG_TP
18460,1.0,LONG_TP,LONG_TP
18461,1.0,LONG_TP,LONG_TP
18462,1.0,LONG_TP,LONG_TP
18463,1.0,LONG_TP,LONG_TP
18464,1.0,LONG_TP,LONG_TP
18465,-1.0,SHORT_TP,SHORT_TP
18466,-1.0,SHORT_TP,SHORT_TP
18467,-1.0,SHORT_TP,SHORT_TP
18468,-1.0,SHORT_TP,SHORT_TP
18469,-1.0,SHORT_TP,SHORT_TP
18470,-1.0,SHORT_TP,SHORT_TP
18471,-1.0,SHORT_TP,SHORT_TP
18472,-1.0,SHORT_TP,SHORT_TP
18473,-1.0,SHORT_TP,SHORT_TP
18474,-1.0,SHORT_TP,SHORT_TP
18475,1.0,LONG_TP,LONG_TP
18476,-1.0,SHORT_TP,SHORT_TP
18477,-1.0,SHORT_TP,SHORT_TP
18478,-1.0,SHORT_TP,SHORT_TP
18479,-1.0,SHORT_TP,SHORT_TP
18480,-1.0,SHORT_TP,SHORT_TP
18481,-1.0,SHORT_TP,SHORT_TP
18482,-1.0,SHORT_TP,SHORT_TP
18483,-1.0,SHORT_TP,SHORT_TP
18484,-1.0,SHORT_TP,SHORT_TP
18485,-1.0,SHORT_TP,SHORT_TP
18486,-1.0,SHORT_TP,SHORT_TP
18487,-1.0,SHORT_TP,SHORT_TP
18488,-1.0,SHORT_TP,SHORT_TP
18489,-1.0,SHORT_TP,SHORT_TP
18490,-1.0,SHORT_TP,SHORT_TP
18491,-1.0,SHORT_TP,SHORT_TP
18492,-1.0,SHORT_TP,SHORT_TP
18493,-1.0,SHORT_TP,SHORT_TP
18494,-1.0,SHORT_TP,SHORT_TP
18495,1.0,LONG_TP,LONG_TP
18496,1.0,LONG_TP,LONG_TP
18497,1.0,LONG_TP,LONG_TP
18498,1.0,LONG_TP,LONG_TP
18499,1.0,LONG_TP,LONG_TP
18500,1.0,LONG_TP,LONG_TP
18501,1.0,LONG_TP,LONG_TP
18502,1.0,LONG_TP,LONG_TP
18503,1.0,LONG_TP,LONG_TP
18504,1.0,LONG_TP,LONG_TP
18505,-1.0,SHORT_TP,SHORT_TP
18506,-1.0,SHORT_TP,SHORT_TP
18507,-1.0,SHORT_TP,SHORT_TP
18508,-1.0,SHORT_TP,SHORT_TP
18509,-1.0,SHORT_TP,SHORT_TP
18510,-1.0,SHORT_TP,SHORT_TP
18511,-1.0,SHORT_TP,SHORT_TP
18512,-1.0,SHORT_TP,SHORT_TP
18513,-1.0,SHORT_TP,SHORT_TP
18514,-1.0,SHORT_TP,SHORT_TP
18515,-1.0,SHORT_TP,SHORT_TP
18516,-1.0,SHORT_TP,SHORT_TP
18517,-1.0,SHORT_TP,SHORT_TP
18518,-1.0,SHORT_TP,SHORT_TP
18519,-1.0,SHORT_TP,SHORT_TP
18520,-1.0,SHORT_TP,SHORT_TP
18521,-1.0,SHORT_TP,SHORT_TP
18522,-1.0,SHORT_TP,SHORT_TP
18523,-1.0,SHORT_TP,SHORT_TP
18524,-1.0,SHORT_TP,SHORT_TP
18525,-1.0,SHORT_TP,SHORT_TP
18526,-1.0,SHORT_TP,SHORT_TP
18527,-1.0,SHORT_TP,SHORT_TP
18528,-1.0,SHORT_TP,SHORT_TP
18529,-1.0,SHORT_TP,SHORT_TP
18530,-1.0,SHORT_TP,SHORT_TP
18531,-1.0,SHORT_TP,SHORT_TP
18532,-1.0,SHORT_TP,SHORT_TP
18533,-1.0,SHORT_TP,SHORT_TP
18534,-1.0,SHORT_TP,SHORT_TP
18535,-1.0,SHORT_TP,SHORT_TP
18536,-1.0,SHORT_TP,SHORT_TP
18537,-1.0,SHORT_TP,SHORT_TP
18538,1.0,LONG_TP,LONG_TP
18539,-1.0,SHORT_TP,SHORT_TP
18540,1.0,LONG_TP,LONG_TP
18541,1.0,LONG_TP,LONG_TP
18542,1.0,LONG_TP,LONG_TP
18543,1.0,LONG_TP,LONG_TP
18544,1.0,LONG_TP,LONG_TP
18545,1.0,LONG_TP,LONG_TP
18546,1.0,LONG_TP,LONG_TP
18547,1.0,LONG_TP,LONG_TP
18548,1.0,LONG_TP,LONG_TP
18549,1.0,LONG_TP,LONG_TP
18550,1.0,LONG_TP,LONG_TP
18551,1.0,LONG_TP,LONG_TP
18552,1.0,LONG_TP,LONG_TP
18553,1.0,LONG_TP,LONG_TP
18554,-1.0,SHORT_TP,SHORT_TP
18555,-1.0,SHORT_TP,SHORT_TP
18556,-1.0,SHORT_TP,SHORT_TP
18557,-1.0,SHORT_TP,SHORT_TP
18558,-1.0,SHORT_TP,SHORT_TP
18559,-1.0,SHORT_TP,SHORT_TP
18560,-1.0,SHORT_TP,SHORT_TP
18561,-1.0,SHORT_TP,SHORT_TP
18562,-1.0,SHORT_TP,SHORT_TP
18563,1.0,LONG_TP,LONG_TP
18564,-1.0,SHORT_TP,SHORT_TP
18565,-1.0,SHORT_TP,SHORT_TP
18566,-1.0,SHORT_TP,SHORT_TP
18567,-1.0,SHORT_TP,SHORT_TP
18568,-1.0,SHORT_TP,SHORT_TP
18569,-1.0,SHORT_TP,SHORT_TP
18570,-1.0,SHORT_TP,SHORT_TP
18571,-1.0,SHORT_TP,SHORT_TP
18572,-1.0,SHORT_TP,SHORT_TP
18573,-1.0,SHORT_TP,SHORT_TP
18574,-1.0,SHORT_TP,SHORT_TP
18575,-1.0,SHORT_TP,SHORT_TP
18576,-1.0,SHORT_TP,SHORT_TP
18577,-1.0,SHORT_TP,SHORT_TP
18578,-1.0,SHORT_TP,SHORT_TP
18579,-1.0,SHORT_TP,SHORT_TP
18580,-1.0,SHORT_TP,SHORT_TP
18581,-1.0,SHORT_TP,SHORT_TP
18582,-1.0,SHORT_TP,SHORT_TP
18583,1.0,LONG_TP,LONG_TP
18584,1.0,LONG_TP,LONG_TP
18585,1.0,LONG_TP,LONG_TP
18586,1.0,LONG_TP,LONG_TP
18587,-1.0,SHORT_TP,SHORT_TP
18588,-1.0,SHORT_TP,SHORT_TP
18589,-1.0,SHORT_TP,SHORT_TP
18590,-1.0,SHORT_TP,SHORT_TP
18591,-1.0,SHORT_TP,SHORT_TP
18592,-1.0,SHORT_TP,SHORT_TP
18593,-1.0,SHORT_TP,SHORT_TP
18594,-1.0,SHORT_TP,SHORT_TP
18595,-1.0,SHORT_TP,SHORT_TP
18596,-1.0,SHORT_TP,SHORT_TP
18597,-1.0,SHORT_TP,SHORT_TP
18598,-1.0,SHORT_TP,SHORT_TP
18599,-1.0,SHORT_TP,SHORT_TP
18600,1.0,LONG_TP,LONG_TP
18601,-1.0,SHORT_TP,SHORT_TP
18602,-1.0,SHORT_TP,SHORT_TP
18603,-1.0,SHORT_TP,SHORT_TP
18604,-1.0,SHORT_TP,SHORT_TP
18605,1.0,LONG_TP,LONG_TP
18606,1.0,LONG_TP,LONG_TP
18607,1.0,LONG_TP,LONG_TP
18608,1.0,LONG_TP,LONG_TP
18609,1.0,LONG_TP,LONG_TP
18610,1.0,LONG_TP,LONG_TP
18611,1.0,LONG_TP,LONG_TP
18612,1.0,LONG_TP,LONG_TP
18613,1.0,LONG_TP,LONG_TP
18614,1.0,LONG_TP,LONG_TP
18615,1.0,LONG_TP,LONG_TP
18616,1.0,LONG_TP,LONG_TP
18617,-1.0,SHORT_TP,SHORT_TP
18618,-1.0,SHORT_TP,SHORT_TP
18619,-1.0,SHORT_TP,SHORT_TP
18620,-1.0,SHORT_TP,SHORT_TP
18621,-1.0,SHORT_TP,SHORT_TP
18622,-1.0,SHORT_TP,SHORT_TP
18623,-1.0,SHORT_TP,SHORT_TP
18624,-1.0,SHORT_TP,SHORT_TP
18625,-1.0,SHORT_TP,SHORT_TP
18626,-1.0,SHORT_TP,SHORT_TP
18627,-1.0,SHORT_TP,SHORT_TP
18628,-1.0,SHORT_TP,SHORT_TP
18629,-1.0,SHORT_TP,SHORT_TP
18630,-1.0,SHORT_TP,SHORT_TP
18631,-1.0,SHORT_TP,SHORT_TP
18632,-1.0,SHORT_TP,SHORT_TP
18633,-1.0,SHORT_TP,SHORT_TP
18634,-1.0,SHORT_TP,SHORT_TP
18635,-1.0,SHORT_TP,SHORT_TP
18636,-1.0,SHORT_TP,SHORT_TP
18637,-1.0,SHORT_TP,SHORT_TP
18638,-1.0,SHORT_TP,SHORT_TP
18639,-1.0,SHORT_TP,SHORT_TP
18640,-1.0,SHORT_TP,SHORT_TP
18641,-1.0,SHORT_TP,SHORT_TP
18642,1.0,LONG_TP,LONG_TP
18643,1.0,LONG_TP,LONG_TP
18644,1.0,LONG_TP,LONG_TP
18645,1.0,LONG_TP,LONG_TP
18646,1.0,LONG_TP,LONG_TP
18647,1.0,LONG_TP,LONG_TP
18648,1.0,LONG_TP,LONG_TP
18649,1.0,LONG_TP,LONG_TP
18650,1.0,LONG_TP,LONG_TP
18651,1.0,LONG_TP,LONG_TP
18652,1.0,LONG_TP,LONG_TP
18653,1.0,LONG_TP,LONG_TP
18654,1.0,LONG_TP,LONG_TP
18655,1.0,LONG_TP,LONG_TP
18656,1.0,LONG_TP,LONG_TP
18657,1.0,LONG_TP,LONG_TP
18658,1.0,LONG_TP,LONG_TP
18659,1.0,LONG_TP,LONG_TP
18660,-1.0,SHORT_TP,SHORT_TP
18661,-1.0,SHORT_TP,SHORT_TP
18662,-1.0,SHORT_TP,SHORT_TP
18663,-1.0,SHORT_TP,SHORT_TP
18664,-1.0,SHORT_TP,SHORT_TP
18665,1.0,LONG_TP,LONG_TP
18666,1.0,LONG_TP,LONG_TP
18667,1.0,LONG_TP,LONG_TP
18668,1.0,LONG_TP,LONG_TP
18669,1.0,LONG_TP,LONG_TP
18670,1.0,LONG_TP,LONG_TP
18671,1.0,LONG_TP,LONG_TP
18672,1.0,LONG_TP,LONG_TP
18673,-1.0,SHORT_TP,SHORT_TP
18674,-1.0,SHORT_TP,SHORT_TP
18675,-1.0,SHORT_TP,SHORT_TP
18676,-1.0,SHORT_TP,SHORT_TP
18677,-1.0,SHORT_TP,SHORT_TP
18678,-1.0,SHORT_TP,SHORT_TP
18679,1.0,LONG_TP,LONG_TP
18680,1.0,LONG_TP,LONG_TP
18681,1.0,LONG_TP,LONG_TP
18682,1.0,LONG_TP,LONG_TP
18683,1.0,LONG_TP,LONG_TP
18684,-1.0,SHORT_TP,SHORT_TP
18685,-1.0,SHORT_TP,SHORT_TP
18686,-1.0,SHORT_TP,SHORT_TP
18687,1.0,LONG_TP,LONG_TP
18688,-1.0,SHORT_TP,SHORT_TP
18689,-1.0,SHORT_TP,SHORT_TP
18690,-1.0,SHORT_TP,SHORT_TP
18691,-1.0,SHORT_TP,SHORT_TP
18692,-1.0,SHORT_TP,SHORT_TP
18693,-1.0,SHORT_TP,SHORT_TP
18694,-1.0,SHORT_TP,SHORT_TP
18695,-1.0,SHORT_TP,SHORT_TP
18696,-1.0,SHORT_TP,SHORT_TP
18697,-1.0,SHORT_TP,SHORT_TP
18698,-1.0,SHORT_TP,SHORT_TP
18699,1.0,LONG_TP,LONG_TP
18700,1.0,LONG_TP,LONG_TP
18701,1.0,LONG_TP,LONG_TP
18702,1.0,LONG_TP,LONG_TP
18703,1.0,LONG_TP,LONG_TP
18704,1.0,LONG_TP,LONG_TP
18705,1.0,LONG_TP,LONG_TP
18706,1.0,LONG_TP,LONG_TP
18707,1.0,LONG_TP,LONG_TP
18708,1.0,LONG_TP,LONG_TP
18709,1.0,LONG_TP,LONG_TP
18710,1.0,LONG_TP,LONG_TP
18711,1.0,LONG_TP,LONG_TP
18712,1.0,LONG_TP,LONG_TP
18713,1.0,LONG_TP,LONG_TP
18714,1.0,LONG_TP,LONG_TP
18715,1.0,LONG_TP,LONG_TP
18716,1.0,LONG_TP,LONG_TP
18717,1.0,LONG_TP,LONG_TP
18718,1.0,LONG_TP,LONG_TP
18719,1.0,LONG_TP,LONG_TP
18720,1.0,LONG_TP,LONG_TP
18721,1.0,LONG_TP,LONG_TP
18722,1.0,LONG_TP,LONG_TP
18723,-1.0,SHORT_TP,SHORT_TP
18724,-1.0,SHORT_TP,SHORT_TP
18725,-1.0,SHORT_TP,SHORT_TP
18726,-1.0,SHORT_TP,SHORT_TP
18727,-1.0,SHORT_TP,SHORT_TP
18728,-1.0,SHORT_TP,SHORT_TP
18729,-1.0,SHORT_TP,SHORT_TP
18730,-1.0,SHORT_TP,SHORT_TP
18731,-1.0,SHORT_TP,SHORT_TP
18732,-1.0,SHORT_TP,SHORT_TP
18733,-1.0,SHORT_TP,SHORT_TP
18734,-1.0,SHORT_TP,SHORT_TP
18735,-1.0,SHORT_TP,SHORT_TP
18736,-1.0,SHORT_TP,SHORT_TP
18737,-1.0,SHORT_TP,SHORT_TP
18738,-1.0,SHORT_TP,SHORT_TP
18739,-1.0,SHORT_TP,SHORT_TP
18740,-1.0,SHORT_TP,SHORT_TP
18741,-1.0,SHORT_TP,SHORT_TP
18742,-1.0,SHORT_TP,SHORT_TP
18743,-1.0,SHORT_TP,SHORT_TP
18744,-1.0,SHORT_TP,SHORT_TP
18745,-1.0,SHORT_TP,SHORT_TP
18746,1.0,LONG_TP,LONG_TP
18747,1.0,LONG_TP,LONG_TP
18748,1.0,LONG_TP,LONG_TP
18749,1.0,LONG_TP,LONG_TP
18750,1.0,LONG_TP,LONG_TP
18751,1.0,LONG_TP,LONG_TP
18752,1.0,LONG_TP,LONG_TP
18753,1.0,LONG_TP,LONG_TP
18754,1.0,LONG_TP,LONG_TP
18755,1.0,LONG_TP,LONG_TP
18756,1.0,LONG_TP,LONG_TP
18757,1.0,LONG_TP,LONG_TP
18758,1.0,LONG_TP,LONG_TP
18759,1.0,LONG_TP,LONG_TP
18760,1.0,LONG_TP,LONG_TP
18761,1.0,LONG_TP,LONG_TP
18762,1.0,LONG_TP,LONG_TP
18763,1.0,LONG_TP,LONG_TP
18764,1.0,LONG_TP,LONG_TP
18765,1.0,LONG_TP,LONG_TP
18766,1.0,LONG_TP,LONG_TP
18767,1.0,LONG_TP,LONG_TP
18768,1.0,LONG_TP,LONG_TP
18769,1.0,LONG_TP,LONG_TP
18770,1.0,LONG_TP,LONG_TP
18771,1.0,LONG_TP,LONG_TP
18772,1.0,LONG_TP,LONG_TP
18773,1.0,LONG_TP,LONG_TP
18774,1.0,LONG_TP,LONG_TP
18775,1.0,LONG_TP,LONG_TP
18776,1.0,LONG_TP,LONG_TP
18777,1.0,LONG_TP,LONG_TP
18778,1.0,LONG_TP,LONG_TP
18779,1.0,LONG_TP,LONG_TP
18780,1.0,LONG_TP,LONG_TP
18781,1.0,LONG_TP,LONG_TP
18782,1.0,LONG_TP,LONG_TP
18783,1.0,LONG_TP,LONG_TP
18784,1.0,LONG_TP,LONG_TP
18785,1.0,LONG_TP,LONG_TP
18786,1.0,LONG_TP,LONG_TP
18787,1.0,LONG_TP,LONG_TP
18788,-1.0,SHORT_TP,SHORT_TP
18789,-1.0,SHORT_TP,SHORT_TP
18790,-1.0,SHORT_TP,SHORT_TP
18791,-1.0,SHORT_TP,SHORT_TP
18792,-1.0,SHORT_TP,SHORT_TP
18793,-1.0,SHORT_TP,SHORT_TP
18794,-1.0,SHORT_TP,SHORT_TP
18795,-1.0,SHORT_TP,SHORT_TP
18796,-1.0,SHORT_TP,SHORT_TP
18797,1.0,LONG_TP,LONG_TP
18798,1.0,LONG_TP,LONG_TP
18799,1.0,LONG_TP,LONG_TP
18800,1.0,LONG_TP,LONG_TP
18801,1.0,LONG_TP,LONG_TP
18802,1.0,LONG_TP,LONG_TP
18803,1.0,LONG_TP,LONG_TP
18804,1.0,LONG_TP,LONG_TP
18805,1.0,LONG_TP,LONG_TP
18806,1.0,LONG_TP,LONG_TP
18807,1.0,LONG_TP,LONG_TP
18808,1.0,LONG_TP,LONG_TP
18809,1.0,LONG_TP,LONG_TP
18810,1.0,LONG_TP,LONG_TP
18811,1.0,LONG_TP,LONG_TP
18812,1.0,LONG_TP,LONG_TP
18813,1.0,LONG_TP,LONG_TP
18814,1.0,LONG_TP,LONG_TP
18815,-1.0,SHORT_TP,SHORT_TP
18816,-1.0,SHORT_TP,SHORT_TP
18817,1.0,LONG_TP,LONG_TP
18818,-1.0,SHORT_TP,SHORT_TP
18819,-1.0,SHORT_TP,SHORT_TP
18820,-1.0,SHORT_TP,SHORT_TP
18821,-1.0,SHORT_TP,SHORT_TP
18822,-1.0,SHORT_TP,SHORT_TP
18823,-1.0,SHORT_TP,SHORT_TP
18824,-1.0,SHORT_TP,SHORT_TP
18825,-1.0,SHORT_TP,SHORT_TP
18826,-1.0,SHORT_TP,SHORT_TP
18827,-1.0,SHORT_TP,SHORT_TP
18828,-1.0,SHORT_TP,SHORT_TP
18829,-1.0,SHORT_TP,SHORT_TP
18830,-1.0,SHORT_TP,SHORT_TP
18831,-1.0,SHORT_TP,SHORT_TP
18832,-1.0,SHORT_TP,SHORT_TP
18833,-1.0,SHORT_TP,SHORT_TP
18834,-1.0,SHORT_TP,SHORT_TP
18835,-1.0,SHORT_TP,SHORT_TP
18836,-1.0,SHORT_TP,SHORT_TP
18837,-1.0,SHORT_TP,SHORT_TP
18838,-1.0,SHORT_TP,SHORT_TP
18839,-1.0,SHORT_TP,SHORT_TP
18840,-1.0,SHORT_TP,SHORT_TP
18841,-1.0,SHORT_TP,SHORT_TP
18842,-1.0,SHORT_TP,SHORT_TP
18843,-1.0,SHORT_TP,SHORT_TP
18844,-1.0,SHORT_TP,SHORT_TP
18845,-1.0,SHORT_TP,SHORT_TP
18846,-1.0,SHORT_TP,SHORT_TP
18847,-1.0,SHORT_TP,SHORT_TP
18848,-1.0,SHORT_TP,SHORT_TP
18849,-1.0,SHORT_TP,SHORT_TP
18850,-1.0,SHORT_TP,SHORT_TP
18851,-1.0,SHORT_TP,SHORT_TP
18852,-1.0,SHORT_TP,SHORT_TP
18853,-1.0,SHORT_TP,SHORT_TP
18854,-1.0,SHORT_TP,SHORT_TP
18855,-1.0,SHORT_TP,SHORT_TP
18856,-1.0,SHORT_TP,SHORT_TP
18857,-1.0,SHORT_TP,SHORT_TP
18858,-1.0,SHORT_TP,SHORT_TP
18859,-1.0,SHORT_TP,SHORT_TP
18860,-1.0,SHORT_TP,SHORT_TP
18861,-1.0,SHORT_TP,SHORT_TP
18862,-1.0,SHORT_TP,SHORT_TP
18863,-1.0,SHORT_TP,SHORT_TP
18864,-1.0,SHORT_TP,SHORT_TP
18865,1.0,LONG_TP,LONG_TP
18866,-1.0,SHORT_TP,SHORT_TP
18867,-1.0,SHORT_TP,SHORT_TP
18868,-1.0,SHORT_TP,SHORT_TP
18869,-1.0,SHORT_TP,SHORT_TP
18870,-1.0,SHORT_TP,SHORT_TP
18871,-1.0,SHORT_TP,SHORT_TP
18872,-1.0,SHORT_TP,SHORT_TP
18873,-1.0,SHORT_TP,SHORT_TP
18874,-1.0,SHORT_TP,SHORT_TP
18875,-1.0,SHORT_TP,SHORT_TP
18876,-1.0,SHORT_TP,SHORT_TP
18877,-1.0,SHORT_TP,SHORT_TP
18878,-1.0,SHORT_TP,SHORT_TP
18879,-1.0,SHORT_TP,SHORT_TP
18880,-1.0,SHORT_TP,SHORT_TP
18881,-1.0,SHORT_TP,SHORT_TP
18882,-1.0,SHORT_TP,SHORT_TP
18883,-1.0,SHORT_TP,SHORT_TP
18884,-1.0,SHORT_TP,SHORT_TP
18885,-1.0,SHORT_TP,SHORT_TP
18886,-1.0,SHORT_TP,SHORT_TP
18887,-1.0,SHORT_TP,SHORT_TP
18888,1.0,LONG_TP,LONG_TP
18889,-1.0,SHORT_TP,SHORT_TP
18890,1.0,LONG_TP,LONG_TP
18891,1.0,LONG_TP,LONG_TP
18892,1.0,LONG_TP,LONG_TP
18893,1.0,LONG_TP,LONG_TP
18894,-1.0,SHORT_TP,SHORT_TP
18895,-1.0,SHORT_TP,SHORT_TP
18896,-1.0,SHORT_TP,SHORT_TP
18897,-1.0,SHORT_TP,SHORT_TP
18898,-1.0,SHORT_TP,SHORT_TP
18899,-1.0,SHORT_TP,SHORT_TP
18900,-1.0,SHORT_TP,SHORT_TP
18901,-1.0,SHORT_TP,SHORT_TP
18902,-1.0,SHORT_TP,SHORT_TP
18903,-1.0,SHORT_TP,SHORT_TP
18904,-1.0,SHORT_TP,SHORT_TP
18905,-1.0,SHORT_TP,SHORT_TP
18906,-1.0,SHORT_TP,SHORT_TP
18907,-1.0,SHORT_TP,SHORT_TP
18908,1.0,LONG_TP,LONG_TP
18909,1.0,LONG_TP,LONG_TP
18910,1.0,LONG_TP,LONG_TP
18911,1.0,LONG_TP,LONG_TP
18912,1.0,LONG_TP,LONG_TP
18913,1.0,LONG_TP,LONG_TP
18914,1.0,LONG_TP,LONG_TP
18915,1.0,LONG_TP,LONG_TP
18916,1.0,LONG_TP,LONG_TP
18917,1.0,LONG_TP,LONG_TP
18918,1.0,LONG_TP,LONG_TP
18919,1.0,LONG_TP,LONG_TP
18920,1.0,LONG_TP,LONG_TP
18921,1.0,LONG_TP,LONG_TP
18922,1.0,LONG_TP,LONG_TP
18923,1.0,LONG_TP,LONG_TP
18924,1.0,LONG_TP,LONG_TP
18925,1.0,LONG_TP,LONG_TP
18926,1.0,LONG_TP,LONG_TP
18927,1.0,LONG_TP,LONG_TP
18928,1.0,LONG_TP,LONG_TP
18929,-1.0,SHORT_TP,SHORT_TP
18930,1.0,LONG_TP,LONG_TP
18931,-1.0,SHORT_TP,SHORT_TP
18932,-1.0,SHORT_TP,SHORT_TP
18933,-1.0,SHORT_TP,SHORT_TP
18934,-1.0,SHORT_TP,SHORT_TP
18935,-1.0,SHORT_TP,SHORT_TP
18936,-1.0,SHORT_TP,SHORT_TP
18937,-1.0,SHORT_TP,SHORT_TP
18938,-1.0,SHORT_TP,SHORT_TP
18939,-1.0,SHORT_TP,SHORT_TP
18940,-1.0,SHORT_TP,SHORT_TP
18941,-1.0,SHORT_TP,SHORT_TP
18942,-1.0,SHORT_TP,SHORT_TP
18943,-1.0,SHORT_TP,SHORT_TP
18944,-1.0,SHORT_TP,SHORT_TP
18945,-1.0,SHORT_TP,SHORT_TP
18946,1.0,LONG_TP,LONG_TP
18947,1.0,LONG_TP,LONG_TP
18948,1.0,LONG_TP,LONG_TP
18949,-1.0,SHORT_TP,SHORT_TP
18950,1.0,LONG_TP,LONG_TP
18951,1.0,LONG_TP,LONG_TP
18952,-1.0,SHORT_TP,SHORT_TP
18953,1.0,LONG_TP,LONG_TP
18954,1.0,LONG_TP,LONG_TP
18955,1.0,LONG_TP,LONG_TP
18956,1.0,LONG_TP,LONG_TP
18957,1.0,LONG_TP,LONG_TP
18958,1.0,LONG_TP,LONG_TP
18959,1.0,LONG_TP,LONG_TP
18960,1.0,LONG_TP,LONG_TP
18961,1.0,LONG_TP,LONG_TP
18962,1.0,LONG_TP,LONG_TP
18963,1.0,LONG_TP,LONG_TP
18964,1.0,LONG_TP,LONG_TP
18965,1.0,LONG_TP,LONG_TP
18966,1.0,LONG_TP,LONG_TP
18967,1.0,LONG_TP,LONG_TP
18968,1.0,LONG_TP,LONG_TP
18969,1.0,LONG_TP,LONG_TP
18970,1.0,LONG_TP,LONG_TP
18971,1.0,LONG_TP,LONG_TP
18972,-1.0,SHORT_TP,SHORT_TP
18973,-1.0,SHORT_TP,SHORT_TP
18974,-1.0,SHORT_TP,SHORT_TP
18975,-1.0,SHORT_TP,SHORT_TP
18976,-1.0,SHORT_TP,SHORT_TP
18977,-1.0,SHORT_TP,SHORT_TP
18978,-1.0,SHORT_TP,SHORT_TP
18979,-1.0,SHORT_TP,SHORT_TP
18980,-1.0,SHORT_TP,SHORT_TP
18981,-1.0,SHORT_TP,SHORT_TP
18982,-1.0,SHORT_TP,SHORT_TP
18983,1.0,LONG_TP,LONG_TP
18984,-1.0,SHORT_TP,SHORT_TP
18985,-1.0,SHORT_TP,SHORT_TP
18986,-1.0,SHORT_TP,SHORT_TP
18987,-1.0,SHORT_TP,SHORT_TP
18988,1.0,LONG_TP,LONG_TP
18989,1.0,LONG_TP,LONG_TP
18990,1.0,LONG_TP,LONG_TP
18991,1.0,LONG_TP,LONG_TP
18992,1.0,LONG_TP,LONG_TP
18993,1.0,LONG_TP,LONG_TP
18994,1.0,LONG_TP,LONG_TP
18995,-1.0,SHORT_TP,SHORT_TP
18996,1.0,LONG_TP,LONG_TP
18997,1.0,LONG_TP,LONG_TP
18998,1.0,LONG_TP,LONG_TP
18999,1.0,LONG_TP,LONG_TP
19000,1.0,LONG_TP,LONG_TP
19001,1.0,LONG_TP,LONG_TP
19002,1.0,LONG_TP,LONG_TP
19003,1.0,LONG_TP,LONG_TP
19004,1.0,LONG_TP,LONG_TP
19005,1.0,LONG_TP,LONG_TP
19006,1.0,LONG_TP,LONG_TP
19007,1.0,LONG_TP,LONG_TP
19008,1.0,LONG_TP,LONG_TP
19009,1.0,LONG_TP,LONG_TP
19010,1.0,LONG_TP,LONG_TP
19011,1.0,LONG_TP,LONG_TP
19012,1.0,LONG_TP,LONG_TP
19013,1.0,LONG_TP,LONG_TP
19014,1.0,LONG_TP,LONG_TP
19015,1.0,LONG_TP,LONG_TP
19016,1.0,LONG_TP,LONG_TP
19017,-1.0,SHORT_TP,SHORT_TP
19018,-1.0,SHORT_TP,SHORT_TP
19019,-1.0,SHORT_TP,SHORT_TP
19020,-1.0,SHORT_TP,SHORT_TP
19021,-1.0,SHORT_TP,SHORT_TP
19022,-1.0,SHORT_TP,SHORT_TP
19023,-1.0,SHORT_TP,SHORT_TP
19024,-1.0,SHORT_TP,SHORT_TP
19025,-1.0,SHORT_TP,SHORT_TP
19026,1.0,LONG_TP,LONG_TP
19027,1.0,LONG_TP,LONG_TP
19028,1.0,LONG_TP,LONG_TP
19029,1.0,LONG_TP,LONG_TP
19030,1.0,LONG_TP,LONG_TP
19031,1.0,LONG_TP,LONG_TP
19032,1.0,LONG_TP,LONG_TP
19033,1.0,LONG_TP,LONG_TP
19034,1.0,LONG_TP,LONG_TP
19035,1.0,LONG_TP,LONG_TP
19036,1.0,LONG_TP,LONG_TP
19037,1.0,LONG_TP,LONG_TP
19038,1.0,LONG_TP,LONG_TP
19039,1.0,LONG_TP,LONG_TP
19040,1.0,LONG_TP,LONG_TP
19041,1.0,LONG_TP,LONG_TP
19042,1.0,LONG_TP,LONG_TP
19043,1.0,LONG_TP,LONG_TP
19044,1.0,LONG_TP,LONG_TP
19045,1.0,LONG_TP,LONG_TP
19046,1.0,LONG_TP,LONG_TP
19047,1.0,LONG_TP,LONG_TP
19048,1.0,LONG_TP,LONG_TP
19049,1.0,LONG_TP,LONG_TP
19050,1.0,LONG_TP,LONG_TP
19051,1.0,LONG_TP,LONG_TP
19052,-1.0,SHORT_TP,SHORT_TP
19053,-1.0,SHORT_TP,SHORT_TP
19054,-1.0,SHORT_TP,SHORT_TP
19055,-1.0,SHORT_TP,SHORT_TP
19056,1.0,LONG_TP,LONG_TP
19057,1.0,LONG_TP,LONG_TP
19058,1.0,LONG_TP,LONG_TP
19059,1.0,LONG_TP,LONG_TP
19060,1.0,LONG_TP,LONG_TP
19061,1.0,LONG_TP,LONG_TP
19062,1.0,LONG_TP,LONG_TP
19063,1.0,LONG_TP,LONG_TP
19064,-1.0,SHORT_TP,SHORT_TP
19065,-1.0,SHORT_TP,SHORT_TP
19066,-1.0,SHORT_TP,SHORT_TP
19067,-1.0,SHORT_TP,SHORT_TP
19068,1.0,LONG_TP,LONG_TP
19069,-1.0,SHORT_TP,SHORT_TP
19070,-1.0,SHORT_TP,SHORT_TP
19071,1.0,LONG_TP,LONG_TP
19072,1.0,LONG_TP,LONG_TP
19073,1.0,LONG_TP,LONG_TP
19074,1.0,LONG_TP,LONG_TP
19075,1.0,LONG_TP,LONG_TP
19076,1.0,LONG_TP,LONG_TP
19077,1.0,LONG_TP,LONG_TP
19078,1.0,LONG_TP,LONG_TP
19079,1.0,LONG_TP,LONG_TP
19080,1.0,LONG_TP,LONG_TP
19081,1.0,LONG_TP,LONG_TP
19082,1.0,LONG_TP,LONG_TP
19083,1.0,LONG_TP,LONG_TP
19084,1.0,LONG_TP,LONG_TP
19085,1.0,LONG_TP,LONG_TP
19086,1.0,LONG_TP,LONG_TP
19087,1.0,LONG_TP,LONG_TP
19088,1.0,LONG_TP,LONG_TP
19089,1.0,LONG_TP,LONG_TP
19090,1.0,LONG_TP,LONG_TP
19091,1.0,LONG_TP,LONG_TP
19092,1.0,LONG_TP,LONG_TP
19093,1.0,LONG_TP,LONG_TP
19094,1.0,LONG_TP,LONG_TP
19095,1.0,LONG_TP,LONG_TP
19096,1.0,LONG_TP,LONG_TP
19097,-1.0,SHORT_TP,SHORT_TP
19098,-1.0,SHORT_TP,SHORT_TP
19099,1.0,LONG_TP,LONG_TP
19100,1.0,LONG_TP,LONG_TP
19101,1.0,LONG_TP,LONG_TP
19102,1.0,LONG_TP,LONG_TP
19103,1.0,LONG_TP,LONG_TP
19104,1.0,LONG_TP,LONG_TP
19105,-1.0,SHORT_TP,SHORT_TP
19106,1.0,LONG_TP,LONG_TP
19107,1.0,LONG_TP,LONG_TP
19108,1.0,LONG_TP,LONG_TP
19109,1.0,LONG_TP,LONG_TP
19110,1.0,LONG_TP,LONG_TP
19111,1.0,LONG_TP,LONG_TP
19112,1.0,LONG_TP,LONG_TP
19113,1.0,LONG_TP,LONG_TP
19114,1.0,LONG_TP,LONG_TP
19115,1.0,LONG_TP,LONG_TP
19116,1.0,LONG_TP,LONG_TP
19117,1.0,LONG_TP,LONG_TP
19118,1.0,LONG_TP,LONG_TP
19119,1.0,LONG_TP,LONG_TP
19120,1.0,LONG_TP,LONG_TP
19121,1.0,LONG_TP,LONG_TP
19122,1.0,LONG_TP,LONG_TP
19123,1.0,LONG_TP,LONG_TP
19124,1.0,LONG_TP,LONG_TP
19125,1.0,LONG_TP,LONG_TP
19126,1.0,LONG_TP,LONG_TP
19127,1.0,LONG_TP,LONG_TP
19128,1.0,LONG_TP,LONG_TP
19129,1.0,LONG_TP,LONG_TP
19130,1.0,LONG_TP,LONG_TP
19131,-1.0,SHORT_TP,SHORT_TP
19132,-1.0,SHORT_TP,SHORT_TP
19133,-1.0,SHORT_TP,SHORT_TP
19134,-1.0,SHORT_TP,SHORT_TP
19135,-1.0,SHORT_TP,SHORT_TP
19136,-1.0,SHORT_TP,SHORT_TP
19137,1.0,LONG_TP,LONG_TP
19138,1.0,LONG_TP,LONG_TP
19139,-1.0,SHORT_TP,SHORT_TP
19140,-1.0,SHORT_TP,SHORT_TP
19141,-1.0,SHORT_TP,SHORT_TP
19142,-1.0,SHORT_TP,SHORT_TP
19143,-1.0,SHORT_TP,SHORT_TP
19144,-1.0,SHORT_TP,SHORT_TP
19145,-1.0,SHORT_TP,SHORT_TP
19146,1.0,LONG_TP,LONG_TP
19147,1.0,LONG_TP,LONG_TP
19148,1.0,LONG_TP,LONG_TP
19149,1.0,LONG_TP,LONG_TP
19150,1.0,LONG_TP,LONG_TP
19151,-1.0,SHORT_TP,SHORT_TP
19152,-1.0,SHORT_TP,SHORT_TP
19153,-1.0,SHORT_TP,SHORT_TP
19154,-1.0,SHORT_TP,SHORT_TP
19155,-1.0,SHORT_TP,SHORT_TP
19156,-1.0,SHORT_TP,SHORT_TP
19157,-1.0,SHORT_TP,SHORT_TP
19158,-1.0,SHORT_TP,SHORT_TP
19159,-1.0,SHORT_TP,SHORT_TP
19160,-1.0,SHORT_TP,SHORT_TP
19161,1.0,LONG_TP,LONG_TP
19162,1.0,LONG_TP,LONG_TP
19163,1.0,LONG_TP,LONG_TP
19164,1.0,LONG_TP,LONG_TP
19165,1.0,LONG_TP,LONG_TP
19166,1.0,LONG_TP,LONG_TP
19167,1.0,LONG_TP,LONG_TP
19168,1.0,LONG_TP,LONG_TP
19169,1.0,LONG_TP,LONG_TP
19170,1.0,LONG_TP,LONG_TP
19171,1.0,LONG_TP,LONG_TP
19172,1.0,LONG_TP,LONG_TP
19173,1.0,LONG_TP,LONG_TP
19174,-1.0,SHORT_TP,SHORT_TP
19175,-1.0,SHORT_TP,SHORT_TP
19176,-1.0,SHORT_TP,SHORT_TP
19177,-1.0,SHORT_TP,SHORT_TP
19178,-1.0,SHORT_TP,SHORT_TP
19179,1.0,LONG_TP,LONG_TP
19180,1.0,LONG_TP,LONG_TP
19181,-1.0,SHORT_TP,SHORT_TP
19182,-1.0,SHORT_TP,SHORT_TP
19183,-1.0,SHORT_TP,SHORT_TP
19184,-1.0,SHORT_TP,SHORT_TP
19185,-1.0,SHORT_TP,SHORT_TP
19186,-1.0,SHORT_TP,SHORT_TP
19187,-1.0,SHORT_TP,SHORT_TP
19188,-1.0,SHORT_TP,SHORT_TP
19189,-1.0,SHORT_TP,SHORT_TP
19190,-1.0,SHORT_TP,SHORT_TP
19191,-1.0,SHORT_TP,SHORT_TP
19192,-1.0,SHORT_TP,SHORT_TP
19193,-1.0,SHORT_TP,SHORT_TP
19194,-1.0,SHORT_TP,SHORT_TP
19195,-1.0,SHORT_TP,SHORT_TP
19196,1.0,LONG_TP,LONG_TP
19197,-1.0,SHORT_TP,SHORT_TP
19198,-1.0,SHORT_TP,SHORT_TP
19199,-1.0,SHORT_TP,SHORT_TP
19200,-1.0,SHORT_TP,SHORT_TP
19201,-1.0,SHORT_TP,SHORT_TP
19202,-1.0,SHORT_TP,SHORT_TP
19203,-1.0,SHORT_TP,SHORT_TP
19204,-1.0,SHORT_TP,SHORT_TP
19205,-1.0,SHORT_TP,SHORT_TP
19206,-1.0,SHORT_TP,SHORT_TP
19207,-1.0,SHORT_TP,SHORT_TP
19208,-1.0,SHORT_TP,SHORT_TP
19209,-1.0,SHORT_TP,SHORT_TP
19210,-1.0,SHORT_TP,SHORT_TP
19211,-1.0,SHORT_TP,SHORT_TP
19212,-1.0,SHORT_TP,SHORT_TP
19213,-1.0,SHORT_TP,SHORT_TP
19214,-1.0,SHORT_TP,SHORT_TP
19215,-1.0,SHORT_TP,SHORT_TP
19216,-1.0,SHORT_TP,SHORT_TP
19217,-1.0,SHORT_TP,SHORT_TP
19218,-1.0,SHORT_TP,SHORT_TP
19219,-1.0,SHORT_TP,SHORT_TP
19220,-1.0,SHORT_TP,SHORT_TP
19221,-1.0,SHORT_TP,SHORT_TP
19222,1.0,LONG_TP,LONG_TP
19223,1.0,LONG_TP,LONG_TP
19224,1.0,LONG_TP,LONG_TP
19225,1.0,LONG_TP,LONG_TP
19226,1.0,LONG_TP,LONG_TP
19227,1.0,LONG_TP,LONG_TP
19228,-1.0,SHORT_TP,SHORT_TP
19229,-1.0,SHORT_TP,SHORT_TP
19230,-1.0,SHORT_TP,SHORT_TP
19231,-1.0,SHORT_TP,SHORT_TP
19232,-1.0,SHORT_TP,SHORT_TP
19233,-1.0,SHORT_TP,SHORT_TP
19234,-1.0,SHORT_TP,SHORT_TP
19235,-1.0,SHORT_TP,SHORT_TP
19236,-1.0,SHORT_TP,SHORT_TP
19237,-1.0,SHORT_TP,SHORT_TP
19238,-1.0,SHORT_TP,SHORT_TP
19239,-1.0,SHORT_TP,SHORT_TP
19240,-1.0,SHORT_TP,SHORT_TP
19241,-1.0,SHORT_TP,SHORT_TP
19242,-1.0,SHORT_TP,SHORT_TP
19243,-1.0,SHORT_TP,SHORT_TP
19244,-1.0,SHORT_TP,SHORT_TP
19245,-1.0,SHORT_TP,SHORT_TP
19246,-1.0,SHORT_TP,SHORT_TP
19247,-1.0,SHORT_TP,SHORT_TP
19248,-1.0,SHORT_TP,SHORT_TP
19249,-1.0,SHORT_TP,SHORT_TP
19250,-1.0,SHORT_TP,SHORT_TP
19251,-1.0,SHORT_TP,SHORT_TP
19252,-1.0,SHORT_TP,SHORT_TP
19253,-1.0,SHORT_TP,SHORT_TP
19254,-1.0,SHORT_TP,SHORT_TP
19255,-1.0,SHORT_TP,SHORT_TP
19256,-1.0,SHORT_TP,SHORT_TP
19257,-1.0,SHORT_TP,SHORT_TP
19258,-1.0,SHORT_TP,SHORT_TP
19259,-1.0,SHORT_TP,SHORT_TP
19260,-1.0,SHORT_TP,SHORT_TP
19261,-1.0,SHORT_TP,SHORT_TP
19262,-1.0,SHORT_TP,SHORT_TP
19263,1.0,LONG_TP,LONG_TP
19264,1.0,LONG_TP,LONG_TP
19265,-1.0,SHORT_TP,SHORT_TP
19266,-1.0,SHORT_TP,SHORT_TP
19267,-1.0,SHORT_TP,SHORT_TP
19268,-1.0,SHORT_TP,SHORT_TP
19269,-1.0,SHORT_TP,SHORT_TP
19270,-1.0,SHORT_TP,SHORT_TP
19271,-1.0,SHORT_TP,SHORT_TP
19272,-1.0,SHORT_TP,SHORT_TP
19273,-1.0,SHORT_TP,SHORT_TP
19274,-1.0,SHORT_TP,SHORT_TP
19275,-1.0,SHORT_TP,SHORT_TP
19276,-1.0,SHORT_TP,SHORT_TP
19277,-1.0,SHORT_TP,SHORT_TP
19278,-1.0,SHORT_TP,SHORT_TP
19279,-1.0,SHORT_TP,SHORT_TP
19280,-1.0,SHORT_TP,SHORT_TP
19281,-1.0,SHORT_TP,SHORT_TP
19282,-1.0,SHORT_TP,SHORT_TP
19283,-1.0,SHORT_TP,SHORT_TP
19284,-1.0,SHORT_TP,SHORT_TP
19285,-1.0,SHORT_TP,SHORT_TP
19286,-1.0,SHORT_TP,SHORT_TP
19287,-1.0,SHORT_TP,SHORT_TP
19288,-1.0,SHORT_TP,SHORT_TP
19289,-1.0,SHORT_TP,SHORT_TP
19290,-1.0,SHORT_TP,SHORT_TP
19291,-1.0,SHORT_TP,SHORT_TP
19292,-1.0,SHORT_TP,SHORT_TP
19293,-1.0,SHORT_TP,SHORT_TP
19294,-1.0,SHORT_TP,SHORT_TP
19295,-1.0,SHORT_TP,SHORT_TP
19296,-1.0,SHORT_TP,SHORT_TP
19297,-1.0,SHORT_TP,SHORT_TP
19298,-1.0,SHORT_TP,SHORT_TP
19299,-1.0,SHORT_TP,SHORT_TP
19300,-1.0,SHORT_TP,SHORT_TP
19301,-1.0,SHORT_TP,SHORT_TP
19302,-1.0,SHORT_TP,SHORT_TP
19303,-1.0,SHORT_TP,SHORT_TP
19304,-1.0,SHORT_TP,SHORT_TP
19305,-1.0,SHORT_TP,SHORT_TP
19306,1.0,LONG_TP,LONG_TP
19307,1.0,LONG_TP,LONG_TP
19308,1.0,LONG_TP,LONG_TP
19309,1.0,LONG_TP,LONG_TP
19310,1.0,LONG_TP,LONG_TP
19311,1.0,LONG_TP,LONG_TP
19312,1.0,LONG_TP,LONG_TP
19313,1.0,LONG_TP,LONG_TP
19314,-1.0,SHORT_TP,SHORT_TP
19315,-1.0,SHORT_TP,SHORT_TP
19316,-1.0,SHORT_TP,SHORT_TP
19317,-1.0,SHORT_TP,SHORT_TP
19318,-1.0,SHORT_TP,SHORT_TP
19319,-1.0,SHORT_TP,SHORT_TP
19320,-1.0,SHORT_TP,SHORT_TP
19321,-1.0,SHORT_TP,SHORT_TP
19322,-1.0,SHORT_TP,SHORT_TP
19323,1.0,LONG_TP,LONG_TP
19324,1.0,LONG_TP,LONG_TP
19325,1.0,LONG_TP,LONG_TP
19326,1.0,LONG_TP,LONG_TP
19327,-1.0,SHORT_TP,SHORT_TP
19328,-1.0,SHORT_TP,SHORT_TP
19329,-1.0,SHORT_TP,SHORT_TP
19330,-1.0,SHORT_TP,SHORT_TP
19331,-1.0,SHORT_TP,SHORT_TP
19332,-1.0,SHORT_TP,SHORT_TP
19333,-1.0,SHORT_TP,SHORT_TP
19334,-1.0,SHORT_TP,SHORT_TP
19335,1.0,LONG_TP,LONG_TP
19336,1.0,LONG_TP,LONG_TP
19337,1.0,LONG_TP,LONG_TP
19338,-1.0,SHORT_TP,SHORT_TP
19339,1.0,LONG_TP,LONG_TP
19340,1.0,LONG_TP,LONG_TP
19341,1.0,LONG_TP,LONG_TP
19342,1.0,LONG_TP,LONG_TP
19343,1.0,LONG_TP,LONG_TP
19344,1.0,LONG_TP,LONG_TP
19345,1.0,LONG_TP,LONG_TP
19346,1.0,LONG_TP,LONG_TP
19347,1.0,LONG_TP,LONG_TP
19348,-1.0,SHORT_TP,SHORT_TP
19349,-1.0,SHORT_TP,SHORT_TP
19350,1.0,LONG_TP,LONG_TP
19351,1.0,LONG_TP,LONG_TP
19352,1.0,LONG_TP,LONG_TP
19353,1.0,LONG_TP,LONG_TP
19354,1.0,LONG_TP,LONG_TP
19355,1.0,LONG_TP,LONG_TP
19356,1.0,LONG_TP,LONG_TP
19357,1.0,LONG_TP,LONG_TP
19358,1.0,LONG_TP,LONG_TP
19359,1.0,LONG_TP,LONG_TP
19360,1.0,LONG_TP,LONG_TP
19361,1.0,LONG_TP,LONG_TP
19362,1.0,LONG_TP,LONG_TP
19363,1.0,LONG_TP,LONG_TP
19364,1.0,LONG_TP,LONG_TP
19365,1.0,LONG_TP,LONG_TP
19366,1.0,LONG_TP,LONG_TP
19367,1.0,LONG_TP,LONG_TP
19368,1.0,LONG_TP,LONG_TP
19369,1.0,LONG_TP,LONG_TP
19370,1.0,LONG_TP,LONG_TP
19371,1.0,LONG_TP,LONG_TP
19372,1.0,LONG_TP,LONG_TP
19373,1.0,LONG_TP,LONG_TP
19374,1.0,LONG_TP,LONG_TP
19375,1.0,LONG_TP,LONG_TP
19376,1.0,LONG_TP,LONG_TP
19377,1.0,LONG_TP,LONG_TP
19378,1.0,LONG_TP,LONG_TP
19379,1.0,LONG_TP,LONG_TP
19380,1.0,LONG_TP,LONG_TP
19381,1.0,LONG_TP,LONG_TP
19382,1.0,LONG_TP,LONG_TP
19383,1.0,LONG_TP,LONG_TP
19384,1.0,LONG_TP,LONG_TP
19385,1.0,LONG_TP,LONG_TP
19386,1.0,LONG_TP,LONG_TP
19387,1.0,LONG_TP,LONG_TP
19388,1.0,LONG_TP,LONG_TP
19389,1.0,LONG_TP,LONG_TP
19390,1.0,LONG_TP,LONG_TP
19391,1.0,LONG_TP,LONG_TP
19392,1.0,LONG_TP,LONG_TP
19393,1.0,LONG_TP,LONG_TP
19394,1.0,LONG_TP,LONG_TP
19395,1.0,LONG_TP,LONG_TP
19396,1.0,LONG_TP,LONG_TP
19397,1.0,LONG_TP,LONG_TP
19398,1.0,LONG_TP,LONG_TP
19399,1.0,LONG_TP,LONG_TP
19400,1.0,LONG_TP,LONG_TP
19401,1.0,LONG_TP,LONG_TP
19402,1.0,LONG_TP,LONG_TP
19403,1.0,LONG_TP,LONG_TP
19404,1.0,LONG_TP,LONG_TP
19405,1.0,LONG_TP,LONG_TP
19406,1.0,LONG_TP,LONG_TP
19407,1.0,LONG_TP,LONG_TP
19408,1.0,LONG_TP,LONG_TP
19409,1.0,LONG_TP,LONG_TP
19410,1.0,LONG_TP,LONG_TP
19411,1.0,LONG_TP,LONG_TP
19412,1.0,LONG_TP,LONG_TP
19413,1.0,LONG_TP,LONG_TP
19414,1.0,LONG_TP,LONG_TP
19415,1.0,LONG_TP,LONG_TP
19416,1.0,LONG_TP,LONG_TP
19417,1.0,LONG_TP,LONG_TP
19418,1.0,LONG_TP,LONG_TP
19419,1.0,LONG_TP,LONG_TP
19420,-1.0,SHORT_TP,SHORT_TP
19421,1.0,LONG_TP,LONG_TP
19422,1.0,LONG_TP,LONG_TP
19423,1.0,LONG_TP,LONG_TP
19424,1.0,LONG_TP,LONG_TP
19425,1.0,LONG_TP,LONG_TP
19426,1.0,LONG_TP,LONG_TP
19427,1.0,LONG_TP,LONG_TP
19428,1.0,LONG_TP,LONG_TP
19429,1.0,LONG_TP,LONG_TP
19430,-1.0,SHORT_TP,SHORT_TP
19431,-1.0,SHORT_TP,SHORT_TP
19432,-1.0,SHORT_TP,SHORT_TP
19433,-1.0,SHORT_TP,SHORT_TP
19434,-1.0,SHORT_TP,SHORT_TP
19435,-1.0,SHORT_TP,SHORT_TP
19436,-1.0,SHORT_TP,SHORT_TP
19437,-1.0,SHORT_TP,SHORT_TP
19438,-1.0,SHORT_TP,SHORT_TP
19439,-1.0,SHORT_TP,SHORT_TP
19440,-1.0,SHORT_TP,SHORT_TP
19441,-1.0,SHORT_TP,SHORT_TP
19442,-1.0,SHORT_TP,SHORT_TP
19443,-1.0,SHORT_TP,SHORT_TP
19444,1.0,LONG_TP,LONG_TP
19445,1.0,LONG_TP,LONG_TP
19446,1.0,LONG_TP,LONG_TP
19447,1.0,LONG_TP,LONG_TP
19448,-1.0,SHORT_TP,SHORT_TP
19449,-1.0,SHORT_TP,SHORT_TP
19450,-1.0,SHORT_TP,SHORT_TP
19451,-1.0,SHORT_TP,SHORT_TP
19452,-1.0,SHORT_TP,SHORT_TP
19453,-1.0,SHORT_TP,SHORT_TP
19454,1.0,LONG_TP,LONG_TP
19455,1.0,LONG_TP,LONG_TP
19456,1.0,LONG_TP,LONG_TP
19457,1.0,LONG_TP,LONG_TP
19458,1.0,LONG_TP,LONG_TP
19459,1.0,LONG_TP,LONG_TP
19460,1.0,LONG_TP,LONG_TP
19461,1.0,LONG_TP,LONG_TP
19462,1.0,LONG_TP,LONG_TP
19463,1.0,LONG_TP,LONG_TP
19464,1.0,LONG_TP,LONG_TP
19465,1.0,LONG_TP,LONG_TP
19466,1.0,LONG_TP,LONG_TP
19467,1.0,LONG_TP,LONG_TP
19468,1.0,LONG_TP,LONG_TP
19469,1.0,LONG_TP,LONG_TP
19470,1.0,LONG_TP,LONG_TP
19471,1.0,LONG_TP,LONG_TP
19472,1.0,LONG_TP,LONG_TP
19473,1.0,LONG_TP,LONG_TP
19474,1.0,LONG_TP,LONG_TP
19475,1.0,LONG_TP,LONG_TP
19476,1.0,LONG_TP,LONG_TP
19477,1.0,LONG_TP,LONG_TP
19478,1.0,LONG_TP,LONG_TP
19479,1.0,LONG_TP,LONG_TP
19480,1.0,LONG_TP,LONG_TP
19481,1.0,LONG_TP,LONG_TP
19482,1.0,LONG_TP,LONG_TP
19483,1.0,LONG_TP,LONG_TP
19484,-1.0,SHORT_TP,SHORT_TP
19485,-1.0,SHORT_TP,SHORT_TP
19486,-1.0,SHORT_TP,SHORT_TP
19487,-1.0,SHORT_TP,SHORT_TP
19488,-1.0,SHORT_TP,SHORT_TP
19489,-1.0,SHORT_TP,SHORT_TP
19490,-1.0,SHORT_TP,SHORT_TP
19491,-1.0,SHORT_TP,SHORT_TP
19492,-1.0,SHORT_TP,SHORT_TP
19493,-1.0,SHORT_TP,SHORT_TP
19494,-1.0,SHORT_TP,SHORT_TP
19495,-1.0,SHORT_TP,SHORT_TP
19496,-1.0,SHORT_TP,SHORT_TP
19497,-1.0,SHORT_TP,SHORT_TP
19498,-1.0,SHORT_TP,SHORT_TP
19499,-1.0,SHORT_TP,SHORT_TP
19500,-1.0,SHORT_TP,SHORT_TP
19501,-1.0,SHORT_TP,SHORT_TP
19502,-1.0,SHORT_TP,SHORT_TP
19503,-1.0,SHORT_TP,SHORT_TP
19504,-1.0,SHORT_TP,SHORT_TP
19505,1.0,LONG_TP,LONG_TP
19506,1.0,LONG_TP,LONG_TP
19507,1.0,LONG_TP,LONG_TP
19508,1.0,LONG_TP,LONG_TP
19509,1.0,LONG_TP,LONG_TP
19510,1.0,LONG_TP,LONG_TP
19511,1.0,LONG_TP,LONG_TP
19512,1.0,LONG_TP,LONG_TP
19513,1.0,LONG_TP,LONG_TP
19514,1.0,LONG_TP,LONG_TP
19515,1.0,LONG_TP,LONG_TP
19516,1.0,LONG_TP,LONG_TP
19517,1.0,LONG_TP,LONG_TP
19518,1.0,LONG_TP,LONG_TP
19519,1.0,LONG_TP,LONG_TP
19520,1.0,LONG_TP,LONG_TP
19521,1.0,LONG_TP,LONG_TP
19522,1.0,LONG_TP,LONG_TP
19523,1.0,LONG_TP,LONG_TP
19524,1.0,LONG_TP,LONG_TP
19525,-1.0,SHORT_TP,SHORT_TP
19526,-1.0,SHORT_TP,SHORT_TP
19527,-1.0,SHORT_TP,SHORT_TP
19528,-1.0,SHORT_TP,SHORT_TP
19529,-1.0,SHORT_TP,SHORT_TP
19530,-1.0,SHORT_TP,SHORT_TP
19531,-1.0,SHORT_TP,SHORT_TP
19532,-1.0,SHORT_TP,SHORT_TP
19533,-1.0,SHORT_TP,SHORT_TP
19534,1.0,LONG_TP,LONG_TP
19535,1.0,LONG_TP,LONG_TP
19536,1.0,LONG_TP,LONG_TP
19537,1.0,LONG_TP,LONG_TP
19538,1.0,LONG_TP,LONG_TP
19539,1.0,LONG_TP,LONG_TP
19540,1.0,LONG_TP,LONG_TP
19541,1.0,LONG_TP,LONG_TP
19542,1.0,LONG_TP,LONG_TP
19543,1.0,LONG_TP,LONG_TP
19544,1.0,LONG_TP,LONG_TP
19545,1.0,LONG_TP,LONG_TP
19546,1.0,LONG_TP,LONG_TP
19547,1.0,LONG_TP,LONG_TP
19548,1.0,LONG_TP,LONG_TP
19549,1.0,LONG_TP,LONG_TP
19550,1.0,LONG_TP,LONG_TP
19551,1.0,LONG_TP,LONG_TP
19552,1.0,LONG_TP,LONG_TP
19553,1.0,LONG_TP,LONG_TP
19554,1.0,LONG_TP,LONG_TP
19555,1.0,LONG_TP,LONG_TP
19556,1.0,LONG_TP,LONG_TP
19557,1.0,LONG_TP,LONG_TP
19558,1.0,LONG_TP,LONG_TP
19559,1.0,LONG_TP,LONG_TP
19560,1.0,LONG_TP,LONG_TP
19561,1.0,LONG_TP,LONG_TP
19562,1.0,LONG_TP,LONG_TP
19563,1.0,LONG_TP,LONG_TP
19564,1.0,LONG_TP,LONG_TP
19565,1.0,LONG_TP,LONG_TP
19566,1.0,LONG_TP,LONG_TP
19567,1.0,LONG_TP,LONG_TP
19568,1.0,LONG_TP,LONG_TP
19569,1.0,LONG_TP,LONG_TP
19570,1.0,LONG_TP,LONG_TP
19571,1.0,LONG_TP,LONG_TP
19572,1.0,LONG_TP,LONG_TP
19573,1.0,LONG_TP,LONG_TP
19574,1.0,LONG_TP,LONG_TP
19575,1.0,LONG_TP,LONG_TP
19576,1.0,LONG_TP,LONG_TP
19577,-1.0,SHORT_TP,SHORT_TP
19578,-1.0,SHORT_TP,SHORT_TP
19579,-1.0,SHORT_TP,SHORT_TP
19580,-1.0,SHORT_TP,SHORT_TP
19581,-1.0,SHORT_TP,SHORT_TP
19582,-1.0,SHORT_TP,SHORT_TP
19583,-1.0,SHORT_TP,SHORT_TP
19584,-1.0,SHORT_TP,SHORT_TP
19585,-1.0,SHORT_TP,SHORT_TP
19586,-1.0,SHORT_TP,SHORT_TP
19587,-1.0,SHORT_TP,SHORT_TP
19588,-1.0,SHORT_TP,SHORT_TP
19589,-1.0,SHORT_TP,SHORT_TP
19590,-1.0,SHORT_TP,SHORT_TP
19591,-1.0,SHORT_TP,SHORT_TP
19592,-1.0,SHORT_TP,SHORT_TP
19593,-1.0,SHORT_TP,SHORT_TP
19594,-1.0,SHORT_TP,SHORT_TP
19595,-1.0,SHORT_TP,SHORT_TP
19596,-1.0,SHORT_TP,SHORT_TP
19597,-1.0,SHORT_TP,SHORT_TP
19598,1.0,LONG_TP,LONG_TP
19599,1.0,LONG_TP,LONG_TP
19600,1.0,LONG_TP,LONG_TP
19601,1.0,LONG_TP,LONG_TP
19602,-1.0,SHORT_TP,SHORT_TP
19603,-1.0,SHORT_TP,SHORT_TP
19604,-1.0,SHORT_TP,SHORT_TP
19605,-1.0,SHORT_TP,SHORT_TP
19606,-1.0,SHORT_TP,SHORT_TP
19607,-1.0,SHORT_TP,SHORT_TP
19608,-1.0,SHORT_TP,SHORT_TP
19609,-1.0,SHORT_TP,SHORT_TP
19610,-1.0,SHORT_TP,SHORT_TP
19611,1.0,LONG_TP,LONG_TP
19612,1.0,LONG_TP,LONG_TP
19613,1.0,LONG_TP,LONG_TP
19614,1.0,LONG_TP,LONG_TP
19615,1.0,LONG_TP,LONG_TP
19616,1.0,LONG_TP,LONG_TP
19617,1.0,LONG_TP,LONG_TP
19618,1.0,LONG_TP,LONG_TP
19619,1.0,LONG_TP,LONG_TP
19620,1.0,LONG_TP,LONG_TP
19621,1.0,LONG_TP,LONG_TP
19622,1.0,LONG_TP,LONG_TP
19623,1.0,LONG_TP,LONG_TP
19624,1.0,LONG_TP,LONG_TP
19625,-1.0,SHORT_TP,SHORT_TP
19626,-1.0,SHORT_TP,SHORT_TP
19627,-1.0,SHORT_TP,SHORT_TP
19628,-1.0,SHORT_TP,SHORT_TP
19629,-1.0,SHORT_TP,SHORT_TP
19630,-1.0,SHORT_TP,SHORT_TP
19631,-1.0,SHORT_TP,SHORT_TP
19632,-1.0,SHORT_TP,SHORT_TP
19633,-1.0,SHORT_TP,SHORT_TP
19634,-1.0,SHORT_TP,SHORT_TP
19635,-1.0,SHORT_TP,SHORT_TP
19636,1.0,LONG_TP,LONG_TP
19637,1.0,LONG_TP,LONG_TP
19638,-1.0,SHORT_TP,SHORT_TP
19639,-1.0,SHORT_TP,SHORT_TP
19640,-1.0,SHORT_TP,SHORT_TP
19641,-1.0,SHORT_TP,SHORT_TP
19642,-1.0,SHORT_TP,SHORT_TP
19643,-1.0,SHORT_TP,SHORT_TP
19644,-1.0,SHORT_TP,SHORT_TP
19645,-1.0,SHORT_TP,SHORT_TP
19646,-1.0,SHORT_TP,SHORT_TP
19647,-1.0,SHORT_TP,SHORT_TP
19648,-1.0,SHORT_TP,SHORT_TP
19649,-1.0,SHORT_TP,SHORT_TP
19650,-1.0,SHORT_TP,SHORT_TP
19651,-1.0,SHORT_TP,SHORT_TP
19652,-1.0,SHORT_TP,SHORT_TP
19653,-1.0,SHORT_TP,SHORT_TP
19654,-1.0,SHORT_TP,SHORT_TP
19655,-1.0,SHORT_TP,SHORT_TP
19656,-1.0,SHORT_TP,SHORT_TP
19657,-1.0,SHORT_TP,SHORT_TP
19658,-1.0,SHORT_TP,SHORT_TP
19659,-1.0,SHORT_TP,SHORT_TP
19660,-1.0,SHORT_TP,SHORT_TP
19661,-1.0,SHORT_TP,SHORT_TP
19662,1.0,LONG_TP,LONG_TP
19663,-1.0,SHORT_TP,SHORT_TP
19664,-1.0,SHORT_TP,SHORT_TP
19665,-1.0,SHORT_TP,SHORT_TP
19666,-1.0,SHORT_TP,SHORT_TP
19667,-1.0,SHORT_TP,SHORT_TP
19668,-1.0,SHORT_TP,SHORT_TP
19669,-1.0,SHORT_TP,SHORT_TP
19670,-1.0,SHORT_TP,SHORT_TP
19671,-1.0,SHORT_TP,SHORT_TP
19672,-1.0,SHORT_TP,SHORT_TP
19673,-1.0,SHORT_TP,SHORT_TP
19674,-1.0,SHORT_TP,SHORT_TP
19675,-1.0,SHORT_TP,SHORT_TP
19676,-1.0,SHORT_TP,SHORT_TP
19677,-1.0,SHORT_TP,SHORT_TP
19678,1.0,LONG_TP,LONG_TP
19679,1.0,LONG_TP,LONG_TP
19680,1.0,LONG_TP,LONG_TP
19681,1.0,LONG_TP,LONG_TP
19682,1.0,LONG_TP,LONG_TP
19683,1.0,LONG_TP,LONG_TP
19684,1.0,LONG_TP,LONG_TP
19685,1.0,LONG_TP,LONG_TP
19686,1.0,LONG_TP,LONG_TP
19687,1.0,LONG_TP,LONG_TP
19688,1.0,LONG_TP,LONG_TP
19689,1.0,LONG_TP,LONG_TP
19690,1.0,LONG_TP,LONG_TP
19691,1.0,LONG_TP,LONG_TP
19692,1.0,LONG_TP,LONG_TP
19693,1.0,LONG_TP,LONG_TP
19694,1.0,LONG_TP,LONG_TP
19695,1.0,LONG_TP,LONG_TP
19696,1.0,LONG_TP,LONG_TP
19697,1.0,LONG_TP,LONG_TP
19698,1.0,LONG_TP,LONG_TP
19699,-1.0,SHORT_TP,SHORT_TP
19700,-1.0,SHORT_TP,SHORT_TP
19701,-1.0,SHORT_TP,SHORT_TP
19702,1.0,LONG_TP,LONG_TP
19703,1.0,LONG_TP,LONG_TP
19704,1.0,LONG_TP,LONG_TP
19705,1.0,LONG_TP,LONG_TP
19706,1.0,LONG_TP,LONG_TP
19707,1.0,LONG_TP,LONG_TP
19708,1.0,LONG_TP,LONG_TP
19709,1.0,LONG_TP,LONG_TP
19710,-1.0,SHORT_TP,SHORT_TP
19711,-1.0,SHORT_TP,SHORT_TP
19712,-1.0,SHORT_TP,SHORT_TP
19713,1.0,LONG_TP,LONG_TP
19714,1.0,LONG_TP,LONG_TP
19715,1.0,LONG_TP,LONG_TP
19716,1.0,LONG_TP,LONG_TP
19717,1.0,LONG_TP,LONG_TP
19718,1.0,LONG_TP,LONG_TP
19719,1.0,LONG_TP,LONG_TP
19720,1.0,LONG_TP,LONG_TP
19721,1.0,LONG_TP,LONG_TP
19722,1.0,LONG_TP,LONG_TP
19723,1.0,LONG_TP,LONG_TP
19724,1.0,LONG_TP,LONG_TP
19725,1.0,LONG_TP,LONG_TP
19726,1.0,LONG_TP,LONG_TP
19727,1.0,LONG_TP,LONG_TP
19728,1.0,LONG_TP,LONG_TP
19729,1.0,LONG_TP,LONG_TP
19730,1.0,LONG_TP,LONG_TP
19731,1.0,LONG_TP,LONG_TP
19732,1.0,LONG_TP,LONG_TP
19733,1.0,LONG_TP,LONG_TP
19734,1.0,LONG_TP,LONG_TP
19735,1.0,LONG_TP,LONG_TP
19736,1.0,LONG_TP,LONG_TP
19737,1.0,LONG_TP,LONG_TP
19738,1.0,LONG_TP,LONG_TP
19739,1.0,LONG_TP,LONG_TP
19740,1.0,LONG_TP,LONG_TP
19741,1.0,LONG_TP,LONG_TP
19742,-1.0,SHORT_TP,SHORT_TP
19743,-1.0,SHORT_TP,SHORT_TP
19744,1.0,LONG_TP,LONG_TP
19745,1.0,LONG_TP,LONG_TP
19746,1.0,LONG_TP,LONG_TP
19747,1.0,LONG_TP,LONG_TP
19748,1.0,LONG_TP,LONG_TP
19749,1.0,LONG_TP,LONG_TP
19750,1.0,LONG_TP,LONG_TP
19751,1.0,LONG_TP,LONG_TP
19752,1.0,LONG_TP,LONG_TP
19753,1.0,LONG_TP,LONG_TP
19754,1.0,LONG_TP,LONG_TP
19755,1.0,LONG_TP,LONG_TP
19756,1.0,LONG_TP,LONG_TP
19757,1.0,LONG_TP,LONG_TP
19758,1.0,LONG_TP,LONG_TP
19759,1.0,LONG_TP,LONG_TP
19760,1.0,LONG_TP,LONG_TP
19761,1.0,LONG_TP,LONG_TP
19762,1.0,LONG_TP,LONG_TP
19763,1.0,LONG_TP,LONG_TP
19764,1.0,LONG_TP,LONG_TP
19765,1.0,LONG_TP,LONG_TP
19766,1.0,LONG_TP,LONG_TP
19767,1.0,LONG_TP,LONG_TP
19768,-1.0,SHORT_TP,SHORT_TP
19769,-1.0,SHORT_TP,SHORT_TP
19770,-1.0,SHORT_TP,SHORT_TP
19771,-1.0,SHORT_TP,SHORT_TP
19772,-1.0,SHORT_TP,SHORT_TP
19773,-1.0,SHORT_TP,SHORT_TP
19774,-1.0,SHORT_TP,SHORT_TP
19775,-1.0,SHORT_TP,SHORT_TP
19776,-1.0,SHORT_TP,SHORT_TP
19777,-1.0,SHORT_TP,SHORT_TP
19778,-1.0,SHORT_TP,SHORT_TP
19779,-1.0,SHORT_TP,SHORT_TP
19780,-1.0,SHORT_TP,SHORT_TP
19781,-1.0,SHORT_TP,SHORT_TP
19782,-1.0,SHORT_TP,SHORT_TP
19783,-1.0,SHORT_TP,SHORT_TP
19784,-1.0,SHORT_TP,SHORT_TP
19785,-1.0,SHORT_TP,SHORT_TP
19786,-1.0,SHORT_TP,SHORT_TP
19787,-1.0,SHORT_TP,SHORT_TP
19788,1.0,LONG_TP,LONG_TP
19789,1.0,LONG_TP,LONG_TP
19790,1.0,LONG_TP,LONG_TP
19791,1.0,LONG_TP,LONG_TP
19792,1.0,LONG_TP,LONG_TP
19793,1.0,LONG_TP,LONG_TP
19794,1.0,LONG_TP,LONG_TP
19795,1.0,LONG_TP,LONG_TP
19796,1.0,LONG_TP,LONG_TP
19797,1.0,LONG_TP,LONG_TP
19798,1.0,LONG_TP,LONG_TP
19799,1.0,LONG_TP,LONG_TP
19800,1.0,LONG_TP,LONG_TP
19801,1.0,LONG_TP,LONG_TP
19802,1.0,LONG_TP,LONG_TP
19803,1.0,LONG_TP,LONG_TP
19804,1.0,LONG_TP,LONG_TP
19805,1.0,LONG_TP,LONG_TP
19806,1.0,LONG_TP,LONG_TP
19807,1.0,LONG_TP,LONG_TP
19808,1.0,LONG_TP,LONG_TP
19809,-1.0,SHORT_TP,SHORT_TP
19810,-1.0,SHORT_TP,SHORT_TP
19811,-1.0,SHORT_TP,SHORT_TP
19812,-1.0,SHORT_TP,SHORT_TP
19813,-1.0,SHORT_TP,SHORT_TP
19814,-1.0,SHORT_TP,SHORT_TP
19815,-1.0,SHORT_TP,SHORT_TP
19816,-1.0,SHORT_TP,SHORT_TP
19817,-1.0,SHORT_TP,SHORT_TP
19818,-1.0,SHORT_TP,SHORT_TP
19819,-1.0,SHORT_TP,SHORT_TP
19820,-1.0,SHORT_TP,SHORT_TP
19821,-1.0,SHORT_TP,SHORT_TP
19822,-1.0,SHORT_TP,SHORT_TP
19823,-1.0,SHORT_TP,SHORT_TP
19824,-1.0,SHORT_TP,SHORT_TP
19825,-1.0,SHORT_TP,SHORT_TP
19826,-1.0,SHORT_TP,SHORT_TP
19827,-1.0,SHORT_TP,SHORT_TP
19828,-1.0,SHORT_TP,SHORT_TP
19829,-1.0,SHORT_TP,SHORT_TP
19830,-1.0,SHORT_TP,SHORT_TP
19831,-1.0,SHORT_TP,SHORT_TP
19832,-1.0,SHORT_TP,SHORT_TP
19833,-1.0,SHORT_TP,SHORT_TP
19834,-1.0,SHORT_TP,SHORT_TP
19835,-1.0,SHORT_TP,SHORT_TP
19836,-1.0,SHORT_TP,SHORT_TP
19837,-1.0,SHORT_TP,SHORT_TP
19838,-1.0,SHORT_TP,SHORT_TP
19839,-1.0,SHORT_TP,SHORT_TP
19840,-1.0,SHORT_TP,SHORT_TP
19841,-1.0,SHORT_TP,SHORT_TP
19842,-1.0,SHORT_TP,SHORT_TP
19843,-1.0,SHORT_TP,SHORT_TP
19844,-1.0,SHORT_TP,SHORT_TP
19845,-1.0,SHORT_TP,SHORT_TP
19846,-1.0,SHORT_TP,SHORT_TP
19847,-1.0,SHORT_TP,SHORT_TP
19848,-1.0,SHORT_TP,SHORT_TP
19849,1.0,LONG_TP,LONG_TP
19850,-1.0,SHORT_TP,SHORT_TP
19851,-1.0,SHORT_TP,SHORT_TP
19852,-1.0,SHORT_TP,SHORT_TP
19853,-1.0,SHORT_TP,SHORT_TP
19854,-1.0,SHORT_TP,SHORT_TP
19855,-1.0,SHORT_TP,SHORT_TP
19856,-1.0,SHORT_TP,SHORT_TP
19857,-1.0,SHORT_TP,SHORT_TP
19858,-1.0,SHORT_TP,SHORT_TP
19859,-1.0,SHORT_TP,SHORT_TP
19860,-1.0,SHORT_TP,SHORT_TP
19861,1.0,LONG_TP,LONG_TP
19862,1.0,LONG_TP,LONG_TP
19863,1.0,LONG_TP,LONG_TP
19864,1.0,LONG_TP,LONG_TP
19865,1.0,LONG_TP,LONG_TP
19866,1.0,LONG_TP,LONG_TP
19867,1.0,LONG_TP,LONG_TP
19868,1.0,LONG_TP,LONG_TP
19869,1.0,LONG_TP,LONG_TP
19870,1.0,LONG_TP,LONG_TP
19871,1.0,LONG_TP,LONG_TP
19872,1.0,LONG_TP,LONG_TP
19873,1.0,LONG_TP,LONG_TP
19874,1.0,LONG_TP,LONG_TP
19875,1.0,LONG_TP,LONG_TP
19876,1.0,LONG_TP,LONG_TP
19877,1.0,LONG_TP,LONG_TP
19878,1.0,LONG_TP,LONG_TP
19879,1.0,LONG_TP,LONG_TP
19880,1.0,LONG_TP,LONG_TP
19881,1.0,LONG_TP,LONG_TP
19882,1.0,LONG_TP,LONG_TP
19883,1.0,LONG_TP,LONG_TP
19884,1.0,LONG_TP,LONG_TP
19885,1.0,LONG_TP,LONG_TP
19886,1.0,LONG_TP,LONG_TP
19887,1.0,LONG_TP,LONG_TP
19888,1.0,LONG_TP,LONG_TP
19889,1.0,LONG_TP,LONG_TP
19890,1.0,LONG_TP,LONG_TP
19891,1.0,LONG_TP,LONG_TP
19892,1.0,LONG_TP,LONG_TP
19893,1.0,LONG_TP,LONG_TP
19894,1.0,LONG_TP,LONG_TP
19895,1.0,LONG_TP,LONG_TP
19896,1.0,LONG_TP,LONG_TP
19897,1.0,LONG_TP,LONG_TP
19898,1.0,LONG_TP,LONG_TP
19899,-1.0,SHORT_TP,SHORT_TP
19900,1.0,LONG_TP,LONG_TP
19901,-1.0,SHORT_TP,SHORT_TP
19902,1.0,LONG_TP,LONG_TP
19903,1.0,LONG_TP,LONG_TP
19904,1.0,LONG_TP,LONG_TP
19905,1.0,LONG_TP,LONG_TP
19906,1.0,LONG_TP,LONG_TP
19907,1.0,LONG_TP,LONG_TP
19908,1.0,LONG_TP,LONG_TP
19909,1.0,LONG_TP,LONG_TP
19910,1.0,LONG_TP,LONG_TP
19911,1.0,LONG_TP,LONG_TP
19912,1.0,LONG_TP,LONG_TP
19913,1.0,LONG_TP,LONG_TP
19914,1.0,LONG_TP,LONG_TP
19915,1.0,LONG_TP,LONG_TP
19916,1.0,LONG_TP,LONG_TP
19917,1.0,LONG_TP,LONG_TP
19918,1.0,LONG_TP,LONG_TP
19919,1.0,LONG_TP,LONG_TP
19920,1.0,LONG_TP,LONG_TP
19921,1.0,LONG_TP,LONG_TP
19922,1.0,LONG_TP,LONG_TP
19923,1.0,LONG_TP,LONG_TP
19924,1.0,LONG_TP,LONG_TP
19925,1.0,LONG_TP,LONG_TP
19926,1.0,LONG_TP,LONG_TP
19927,1.0,LONG_TP,LONG_TP
19928,1.0,LONG_TP,LONG_TP
19929,1.0,LONG_TP,LONG_TP
19930,1.0,LONG_TP,LONG_TP
19931,1.0,LONG_TP,LONG_TP
19932,1.0,LONG_TP,LONG_TP
19933,1.0,LONG_TP,LONG_TP
19934,1.0,LONG_TP,LONG_TP
19935,1.0,LONG_TP,LONG_TP
19936,1.0,LONG_TP,LONG_TP
19937,1.0,LONG_TP,LONG_TP
19938,1.0,LONG_TP,LONG_TP
19939,1.0,LONG_TP,LONG_TP
19940,1.0,LONG_TP,LONG_TP
19941,1.0,LONG_TP,LONG_TP
19942,1.0,LONG_TP,LONG_TP
19943,-1.0,SHORT_TP,SHORT_TP
19944,-1.0,SHORT_TP,SHORT_TP
19945,1.0,LONG_TP,LONG_TP
19946,1.0,LONG_TP,LONG_TP
19947,1.0,LONG_TP,LONG_TP
19948,1.0,LONG_TP,LONG_TP
19949,1.0,LONG_TP,LONG_TP
19950,1.0,LONG_TP,LONG_TP
19951,-1.0,SHORT_TP,SHORT_TP
19952,-1.0,SHORT_TP,SHORT_TP
19953,-1.0,SHORT_TP,SHORT_TP
19954,-1.0,SHORT_TP,SHORT_TP
19955,-1.0,SHORT_TP,SHORT_TP
19956,-1.0,SHORT_TP,SHORT_TP
19957,-1.0,SHORT_TP,SHORT_TP
19958,-1.0,SHORT_TP,SHORT_TP
19959,-1.0,SHORT_TP,SHORT_TP
19960,-1.0,SHORT_TP,SHORT_TP
19961,-1.0,SHORT_TP,SHORT_TP
19962,-1.0,SHORT_TP,SHORT_TP
19963,-1.0,SHORT_TP,SHORT_TP
19964,-1.0,SHORT_TP,SHORT_TP
19965,-1.0,SHORT_TP,SHORT_TP
19966,-1.0,SHORT_TP,SHORT_TP
19967,-1.0,SHORT_TP,SHORT_TP
19968,-1.0,SHORT_TP,SHORT_TP
19969,-1.0,SHORT_TP,SHORT_TP
19970,-1.0,SHORT_TP,SHORT_TP
19971,-1.0,SHORT_TP,SHORT_TP
19972,1.0,LONG_TP,LONG_TP
19973,1.0,LONG_TP,LONG_TP
19974,1.0,LONG_TP,LONG_TP
19975,-1.0,SHORT_TP,SHORT_TP
19976,-1.0,SHORT_TP,SHORT_TP
19977,-1.0,SHORT_TP,SHORT_TP
19978,1.0,LONG_TP,LONG_TP
19979,1.0,LONG_TP,LONG_TP
19980,-1.0,SHORT_TP,SHORT_TP
19981,-1.0,SHORT_TP,SHORT_TP
19982,-1.0,SHORT_TP,SHORT_TP
19983,1.0,LONG_TP,LONG_TP
19984,-1.0,SHORT_TP,SHORT_TP
19985,1.0,LONG_TP,LONG_TP
19986,1.0,LONG_TP,LONG_TP
19987,1.0,LONG_TP,LONG_TP
19988,1.0,LONG_TP,LONG_TP
19989,1.0,LONG_TP,LONG_TP
19990,1.0,LONG_TP,LONG_TP
19991,1.0,LONG_TP,LONG_TP
19992,1.0,LONG_TP,LONG_TP
19993,1.0,LONG_TP,LONG_TP
19994,1.0,LONG_TP,LONG_TP
19995,1.0,LONG_TP,LONG_TP
19996,1.0,LONG_TP,LONG_TP
19997,1.0,LONG_TP,LONG_TP
19998,1.0,LONG_TP,LONG_TP
19999,1.0,LONG_TP,LONG_TP
20000,1.0,LONG_TP,LONG_TP
20001,1.0,LONG_TP,LONG_TP
20002,1.0,LONG_TP,LONG_TP
20003,1.0,LONG_TP,LONG_TP
20004,-1.0,SHORT_TP,SHORT_TP
20005,-1.0,SHORT_TP,SHORT_TP
20006,-1.0,SHORT_TP,SHORT_TP
20007,-1.0,SHORT_TP,SHORT_TP
20008,-1.0,SHORT_TP,SHORT_TP
20009,-1.0,SHORT_TP,SHORT_TP
20010,-1.0,SHORT_TP,SHORT_TP
20011,-1.0,SHORT_TP,SHORT_TP
20012,-1.0,SHORT_TP,SHORT_TP
20013,-1.0,SHORT_TP,SHORT_TP
20014,-1.0,SHORT_TP,SHORT_TP
20015,-1.0,SHORT_TP,SHORT_TP
20016,-1.0,SHORT_TP,SHORT_TP
20017,-1.0,SHORT_TP,SHORT_TP
20018,-1.0,SHORT_TP,SHORT_TP
20019,-1.0,SHORT_TP,SHORT_TP
20020,-1.0,SHORT_TP,SHORT_TP
20021,-1.0,SHORT_TP,SHORT_TP
20022,-1.0,SHORT_TP,SHORT_TP
20023,-1.0,SHORT_TP,SHORT_TP
20024,-1.0,SHORT_TP,SHORT_TP
20025,-1.0,SHORT_TP,SHORT_TP
20026,-1.0,SHORT_TP,SHORT_TP
20027,-1.0,SHORT_TP,SHORT_TP
20028,-1.0,SHORT_TP,SHORT_TP
20029,-1.0,SHORT_TP,SHORT_TP
20030,-1.0,SHORT_TP,SHORT_TP
20031,-1.0,SHORT_TP,SHORT_TP
20032,-1.0,SHORT_TP,SHORT_TP
20033,-1.0,SHORT_TP,SHORT_TP
20034,1.0,LONG_TP,LONG_TP
20035,1.0,LONG_TP,LONG_TP
20036,1.0,LONG_TP,LONG_TP
20037,1.0,LONG_TP,LONG_TP
20038,1.0,LONG_TP,LONG_TP
20039,1.0,LONG_TP,LONG_TP
20040,1.0,LONG_TP,LONG_TP
20041,1.0,LONG_TP,LONG_TP
20042,1.0,LONG_TP,LONG_TP
20043,1.0,LONG_TP,LONG_TP
20044,1.0,LONG_TP,LONG_TP
20045,1.0,LONG_TP,LONG_TP
20046,1.0,LONG_TP,LONG_TP
20047,1.0,LONG_TP,LONG_TP
20048,1.0,LONG_TP,LONG_TP
20049,1.0,LONG_TP,LONG_TP
20050,1.0,LONG_TP,LONG_TP
20051,1.0,LONG_TP,LONG_TP
20052,1.0,LONG_TP,LONG_TP
20053,1.0,LONG_TP,LONG_TP
20054,1.0,LONG_TP,LONG_TP
20055,1.0,LONG_TP,LONG_TP
20056,1.0,LONG_TP,LONG_TP
20057,1.0,LONG_TP,LONG_TP
20058,-1.0,SHORT_TP,SHORT_TP
20059,-1.0,SHORT_TP,SHORT_TP
20060,-1.0,SHORT_TP,SHORT_TP
20061,-1.0,SHORT_TP,SHORT_TP
20062,-1.0,SHORT_TP,SHORT_TP
20063,-1.0,SHORT_TP,SHORT_TP
20064,-1.0,SHORT_TP,SHORT_TP
20065,-1.0,SHORT_TP,SHORT_TP
20066,-1.0,SHORT_TP,SHORT_TP
20067,-1.0,SHORT_TP,SHORT_TP
20068,-1.0,SHORT_TP,SHORT_TP
20069,-1.0,SHORT_TP,SHORT_TP
20070,-1.0,SHORT_TP,SHORT_TP
20071,-1.0,SHORT_TP,SHORT_TP
20072,-1.0,SHORT_TP,SHORT_TP
20073,-1.0,SHORT_TP,SHORT_TP
20074,-1.0,SHORT_TP,SHORT_TP
20075,-1.0,SHORT_TP,SHORT_TP
20076,-1.0,SHORT_TP,SHORT_TP
20077,-1.0,SHORT_TP,SHORT_TP
20078,-1.0,SHORT_TP,SHORT_TP
20079,-1.0,SHORT_TP,SHORT_TP
20080,-1.0,SHORT_TP,SHORT_TP
20081,-1.0,SHORT_TP,SHORT_TP
20082,-1.0,SHORT_TP,SHORT_TP
20083,-1.0,SHORT_TP,SHORT_TP
20084,-1.0,SHORT_TP,SHORT_TP
20085,-1.0,SHORT_TP,SHORT_TP
20086,-1.0,SHORT_TP,SHORT_TP
20087,-1.0,SHORT_TP,SHORT_TP
20088,1.0,LONG_TP,LONG_TP
20089,-1.0,SHORT_TP,SHORT_TP
20090,-1.0,SHORT_TP,SHORT_TP
20091,-1.0,SHORT_TP,SHORT_TP
20092,1.0,LONG_TP,LONG_TP
20093,-1.0,SHORT_TP,SHORT_TP
20094,-1.0,SHORT_TP,SHORT_TP
20095,-1.0,SHORT_TP,SHORT_TP
20096,-1.0,SHORT_TP,SHORT_TP
20097,-1.0,SHORT_TP,SHORT_TP
20098,-1.0,SHORT_TP,SHORT_TP
20099,-1.0,SHORT_TP,SHORT_TP
20100,-1.0,SHORT_TP,SHORT_TP
20101,-1.0,SHORT_TP,SHORT_TP
20102,-1.0,SHORT_TP,SHORT_TP
20103,-1.0,SHORT_TP,SHORT_TP
20104,-1.0,SHORT_TP,SHORT_TP
20105,-1.0,SHORT_TP,SHORT_TP
20106,-1.0,SHORT_TP,SHORT_TP
20107,-1.0,SHORT_TP,SHORT_TP
20108,-1.0,SHORT_TP,SHORT_TP
20109,-1.0,SHORT_TP,SHORT_TP
20110,-1.0,SHORT_TP,SHORT_TP
20111,-1.0,SHORT_TP,SHORT_TP
20112,-1.0,SHORT_TP,SHORT_TP
20113,-1.0,SHORT_TP,SHORT_TP
20114,-1.0,SHORT_TP,SHORT_TP
20115,-1.0,SHORT_TP,SHORT_TP
20116,-1.0,SHORT_TP,SHORT_TP
20117,-1.0,SHORT_TP,SHORT_TP
20118,-1.0,SHORT_TP,SHORT_TP
20119,-1.0,SHORT_TP,SHORT_TP
20120,-1.0,SHORT_TP,SHORT_TP
20121,-1.0,SHORT_TP,SHORT_TP
20122,-1.0,SHORT_TP,SHORT_TP
20123,-1.0,SHORT_TP,SHORT_TP
20124,-1.0,SHORT_TP,SHORT_TP
20125,-1.0,SHORT_TP,SHORT_TP
20126,-1.0,SHORT_TP,SHORT_TP
20127,-1.0,SHORT_TP,SHORT_TP
20128,1.0,LONG_TP,LONG_TP
20129,1.0,LONG_TP,LONG_TP
20130,1.0,LONG_TP,LONG_TP
20131,1.0,LONG_TP,LONG_TP
20132,1.0,LONG_TP,LONG_TP
20133,1.0,LONG_TP,LONG_TP
20134,1.0,LONG_TP,LONG_TP
20135,1.0,LONG_TP,LONG_TP
20136,1.0,LONG_TP,LONG_TP
20137,1.0,LONG_TP,LONG_TP
20138,1.0,LONG_TP,LONG_TP
20139,1.0,LONG_TP,LONG_TP
20140,1.0,LONG_TP,LONG_TP
20141,1.0,LONG_TP,LONG_TP
20142,1.0,LONG_TP,LONG_TP
20143,1.0,LONG_TP,LONG_TP
20144,1.0,LONG_TP,LONG_TP
20145,1.0,LONG_TP,LONG_TP
20146,1.0,LONG_TP,LONG_TP
20147,1.0,LONG_TP,LONG_TP
20148,1.0,LONG_TP,LONG_TP
20149,1.0,LONG_TP,LONG_TP
20150,1.0,LONG_TP,LONG_TP
20151,1.0,LONG_TP,LONG_TP
20152,1.0,LONG_TP,LONG_TP
20153,1.0,LONG_TP,LONG_TP
20154,1.0,LONG_TP,LONG_TP
20155,1.0,LONG_TP,LONG_TP
20156,1.0,LONG_TP,LONG_TP
20157,1.0,LONG_TP,LONG_TP
20158,1.0,LONG_TP,LONG_TP
20159,1.0,LONG_TP,LONG_TP
20160,1.0,LONG_TP,LONG_TP
20161,1.0,LONG_TP,LONG_TP
20162,1.0,LONG_TP,LONG_TP
20163,1.0,LONG_TP,LONG_TP
20164,1.0,LONG_TP,LONG_TP
20165,1.0,LONG_TP,LONG_TP
20166,1.0,LONG_TP,LONG_TP
20167,1.0,LONG_TP,LONG_TP
20168,1.0,LONG_TP,LONG_TP
20169,1.0,LONG_TP,LONG_TP
20170,1.0,LONG_TP,LONG_TP
20171,1.0,LONG_TP,LONG_TP
20172,1.0,LONG_TP,LONG_TP
20173,1.0,LONG_TP,LONG_TP
20174,1.0,LONG_TP,LONG_TP
20175,1.0,LONG_TP,LONG_TP
20176,1.0,LONG_TP,LONG_TP
20177,1.0,LONG_TP,LONG_TP
20178,1.0,LONG_TP,LONG_TP
20179,-1.0,SHORT_TP,SHORT_TP
20180,-1.0,SHORT_TP,SHORT_TP
20181,-1.0,SHORT_TP,SHORT_TP
20182,-1.0,SHORT_TP,SHORT_TP
20183,-1.0,SHORT_TP,SHORT_TP
20184,-1.0,SHORT_TP,SHORT_TP
20185,-1.0,SHORT_TP,SHORT_TP
20186,-1.0,SHORT_TP,SHORT_TP
20187,-1.0,SHORT_TP,SHORT_TP
20188,1.0,LONG_TP,LONG_TP
20189,1.0,LONG_TP,LONG_TP
20190,1.0,LONG_TP,LONG_TP
20191,1.0,LONG_TP,LONG_TP
20192,1.0,LONG_TP,LONG_TP
20193,-1.0,SHORT_TP,SHORT_TP
20194,-1.0,SHORT_TP,SHORT_TP
20195,1.0,LONG_TP,LONG_TP
20196,1.0,LONG_TP,LONG_TP
20197,1.0,LONG_TP,LONG_TP
20198,-1.0,SHORT_TP,SHORT_TP
20199,1.0,LONG_TP,LONG_TP
20200,1.0,LONG_TP,LONG_TP
20201,1.0,LONG_TP,LONG_TP
20202,1.0,LONG_TP,LONG_TP
20203,1.0,LONG_TP,LONG_TP
20204,1.0,LONG_TP,LONG_TP
20205,1.0,LONG_TP,LONG_TP
20206,1.0,LONG_TP,LONG_TP
20207,1.0,LONG_TP,LONG_TP
20208,1.0,LONG_TP,LONG_TP
20209,-1.0,SHORT_TP,SHORT_TP
20210,-1.0,SHORT_TP,SHORT_TP
20211,-1.0,SHORT_TP,SHORT_TP
20212,-1.0,SHORT_TP,SHORT_TP
20213,-1.0,SHORT_TP,SHORT_TP
20214,-1.0,SHORT_TP,SHORT_TP
20215,-1.0,SHORT_TP,SHORT_TP
20216,-1.0,SHORT_TP,SHORT_TP
20217,-1.0,SHORT_TP,SHORT_TP
20218,-1.0,SHORT_TP,SHORT_TP
20219,-1.0,SHORT_TP,SHORT_TP
20220,-1.0,SHORT_TP,SHORT_TP
20221,-1.0,SHORT_TP,SHORT_TP
20222,-1.0,SHORT_TP,SHORT_TP
20223,1.0,LONG_TP,LONG_TP
20224,1.0,LONG_TP,LONG_TP
20225,-1.0,SHORT_TP,SHORT_TP
20226,1.0,LONG_TP,LONG_TP
20227,1.0,LONG_TP,LONG_TP
20228,-1.0,SHORT_TP,SHORT_TP
20229,-1.0,SHORT_TP,SHORT_TP
20230,-1.0,SHORT_TP,SHORT_TP
20231,-1.0,SHORT_TP,SHORT_TP
20232,-1.0,SHORT_TP,SHORT_TP
20233,-1.0,SHORT_TP,SHORT_TP
20234,-1.0,SHORT_TP,SHORT_TP
20235,-1.0,SHORT_TP,SHORT_TP
20236,-1.0,SHORT_TP,SHORT_TP
20237,-1.0,SHORT_TP,SHORT_TP
20238,-1.0,SHORT_TP,SHORT_TP
20239,-1.0,SHORT_TP,SHORT_TP
20240,-1.0,SHORT_TP,SHORT_TP
20241,-1.0,SHORT_TP,SHORT_TP
20242,-1.0,SHORT_TP,SHORT_TP
20243,-1.0,SHORT_TP,SHORT_TP
20244,-1.0,SHORT_TP,SHORT_TP
20245,-1.0,SHORT_TP,SHORT_TP
20246,-1.0,SHORT_TP,SHORT_TP
20247,-1.0,SHORT_TP,SHORT_TP
20248,-1.0,SHORT_TP,SHORT_TP
20249,-1.0,SHORT_TP,SHORT_TP
20250,-1.0,SHORT_TP,SHORT_TP
20251,-1.0,SHORT_TP,SHORT_TP
20252,-1.0,SHORT_TP,SHORT_TP
20253,-1.0,SHORT_TP,SHORT_TP
20254,-1.0,SHORT_TP,SHORT_TP
20255,-1.0,SHORT_TP,SHORT_TP
20256,-1.0,SHORT_TP,SHORT_TP
20257,1.0,LONG_TP,LONG_TP
20258,1.0,LONG_TP,LONG_TP
20259,1.0,LONG_TP,LONG_TP
20260,1.0,LONG_TP,LONG_TP
20261,1.0,LONG_TP,LONG_TP
20262,1.0,LONG_TP,LONG_TP
20263,1.0,LONG_TP,LONG_TP
20264,-1.0,SHORT_TP,SHORT_TP
20265,-1.0,SHORT_TP,SHORT_TP
20266,1.0,LONG_TP,LONG_TP
20267,1.0,LONG_TP,LONG_TP
20268,1.0,LONG_TP,LONG_TP
20269,1.0,LONG_TP,LONG_TP
20270,1.0,LONG_TP,LONG_TP
20271,1.0,LONG_TP,LONG_TP
20272,-1.0,SHORT_TP,SHORT_TP
20273,-1.0,SHORT_TP,SHORT_TP
20274,-1.0,SHORT_TP,SHORT_TP
20275,-1.0,SHORT_TP,SHORT_TP
20276,-1.0,SHORT_TP,SHORT_TP
20277,-1.0,SHORT_TP,SHORT_TP
20278,-1.0,SHORT_TP,SHORT_TP
20279,-1.0,SHORT_TP,SHORT_TP
20280,-1.0,SHORT_TP,SHORT_TP
20281,-1.0,SHORT_TP,SHORT_TP
20282,-1.0,SHORT_TP,SHORT_TP
20283,-1.0,SHORT_TP,SHORT_TP
20284,-1.0,SHORT_TP,SHORT_TP
20285,-1.0,SHORT_TP,SHORT_TP
20286,-1.0,SHORT_TP,SHORT_TP
20287,-1.0,SHORT_TP,SHORT_TP
20288,1.0,LONG_TP,LONG_TP
20289,1.0,LONG_TP,LONG_TP
20290,-1.0,SHORT_TP,SHORT_TP
20291,1.0,LONG_TP,LONG_TP
20292,1.0,LONG_TP,LONG_TP
20293,1.0,LONG_TP,LONG_TP
20294,1.0,LONG_TP,LONG_TP
20295,1.0,LONG_TP,LONG_TP
20296,1.0,LONG_TP,LONG_TP
20297,1.0,LONG_TP,LONG_TP
20298,1.0,LONG_TP,LONG_TP
20299,1.0,LONG_TP,LONG_TP
20300,1.0,LONG_TP,LONG_TP
20301,1.0,LONG_TP,LONG_TP
20302,1.0,LONG_TP,LONG_TP
20303,1.0,LONG_TP,LONG_TP
20304,1.0,LONG_TP,LONG_TP
20305,1.0,LONG_TP,LONG_TP
20306,1.0,LONG_TP,LONG_TP
20307,1.0,LONG_TP,LONG_TP
20308,1.0,LONG_TP,LONG_TP
20309,1.0,LONG_TP,LONG_TP
20310,1.0,LONG_TP,LONG_TP
20311,-1.0,SHORT_TP,SHORT_TP
20312,-1.0,SHORT_TP,SHORT_TP
20313,-1.0,SHORT_TP,SHORT_TP
20314,-1.0,SHORT_TP,SHORT_TP
20315,-1.0,SHORT_TP,SHORT_TP
20316,-1.0,SHORT_TP,SHORT_TP
20317,-1.0,SHORT_TP,SHORT_TP
20318,-1.0,SHORT_TP,SHORT_TP
20319,-1.0,SHORT_TP,SHORT_TP
20320,-1.0,SHORT_TP,SHORT_TP
20321,-1.0,SHORT_TP,SHORT_TP
20322,-1.0,SHORT_TP,SHORT_TP
20323,-1.0,SHORT_TP,SHORT_TP
20324,-1.0,SHORT_TP,SHORT_TP
20325,-1.0,SHORT_TP,SHORT_TP
20326,-1.0,SHORT_TP,SHORT_TP
20327,-1.0,SHORT_TP,SHORT_TP
20328,-1.0,SHORT_TP,SHORT_TP
20329,-1.0,SHORT_TP,SHORT_TP
20330,-1.0,SHORT_TP,SHORT_TP
20331,-1.0,SHORT_TP,SHORT_TP
20332,-1.0,SHORT_TP,SHORT_TP
20333,-1.0,SHORT_TP,SHORT_TP
20334,-1.0,SHORT_TP,SHORT_TP
20335,-1.0,SHORT_TP,SHORT_TP
20336,-1.0,SHORT_TP,SHORT_TP
20337,1.0,LONG_TP,LONG_TP
20338,1.0,LONG_TP,LONG_TP
20339,1.0,LONG_TP,LONG_TP
20340,1.0,LONG_TP,LONG_TP
20341,1.0,LONG_TP,LONG_TP
20342,1.0,LONG_TP,LONG_TP
20343,1.0,LONG_TP,LONG_TP
20344,1.0,LONG_TP,LONG_TP
20345,-1.0,SHORT_TP,SHORT_TP
20346,-1.0,SHORT_TP,SHORT_TP
20347,-1.0,SHORT_TP,SHORT_TP
20348,1.0,LONG_TP,LONG_TP
20349,-1.0,SHORT_TP,SHORT_TP
20350,-1.0,SHORT_TP,SHORT_TP
20351,-1.0,SHORT_TP,SHORT_TP
20352,-1.0,SHORT_TP,SHORT_TP
20353,1.0,LONG_TP,LONG_TP
20354,1.0,LONG_TP,LONG_TP
20355,-1.0,SHORT_TP,SHORT_TP
20356,-1.0,SHORT_TP,SHORT_TP
20357,-1.0,SHORT_TP,SHORT_TP
20358,-1.0,SHORT_TP,SHORT_TP
20359,-1.0,SHORT_TP,SHORT_TP
20360,-1.0,SHORT_TP,SHORT_TP
20361,-1.0,SHORT_TP,SHORT_TP
20362,-1.0,SHORT_TP,SHORT_TP
20363,-1.0,SHORT_TP,SHORT_TP
20364,-1.0,SHORT_TP,SHORT_TP
20365,-1.0,SHORT_TP,SHORT_TP
20366,-1.0,SHORT_TP,SHORT_TP
20367,-1.0,SHORT_TP,SHORT_TP
20368,-1.0,SHORT_TP,SHORT_TP
20369,-1.0,SHORT_TP,SHORT_TP
20370,-1.0,SHORT_TP,SHORT_TP
20371,-1.0,SHORT_TP,SHORT_TP
20372,-1.0,SHORT_TP,SHORT_TP
20373,-1.0,SHORT_TP,SHORT_TP
20374,-1.0,SHORT_TP,SHORT_TP
20375,-1.0,SHORT_TP,SHORT_TP
20376,-1.0,SHORT_TP,SHORT_TP
20377,1.0,LONG_TP,LONG_TP
20378,1.0,LONG_TP,LONG_TP
20379,1.0,LONG_TP,LONG_TP
20380,1.0,LONG_TP,LONG_TP
20381,1.0,LONG_TP,LONG_TP
20382,1.0,LONG_TP,LONG_TP
20383,1.0,LONG_TP,LONG_TP
20384,1.0,LONG_TP,LONG_TP
20385,1.0,LONG_TP,LONG_TP
20386,1.0,LONG_TP,LONG_TP
20387,1.0,LONG_TP,LONG_TP
20388,1.0,LONG_TP,LONG_TP
20389,1.0,LONG_TP,LONG_TP
20390,1.0,LONG_TP,LONG_TP
20391,1.0,LONG_TP,LONG_TP
20392,1.0,LONG_TP,LONG_TP
20393,1.0,LONG_TP,LONG_TP
20394,1.0,LONG_TP,LONG_TP
20395,1.0,LONG_TP,LONG_TP
20396,1.0,LONG_TP,LONG_TP
20397,1.0,LONG_TP,LONG_TP
20398,1.0,LONG_TP,LONG_TP
20399,1.0,LONG_TP,LONG_TP
20400,1.0,LONG_TP,LONG_TP
20401,1.0,LONG_TP,LONG_TP
20402,1.0,LONG_TP,LONG_TP
20403,1.0,LONG_TP,LONG_TP
20404,1.0,LONG_TP,LONG_TP
20405,1.0,LONG_TP,LONG_TP
20406,1.0,LONG_TP,LONG_TP
20407,1.0,LONG_TP,LONG_TP
20408,1.0,LONG_TP,LONG_TP
20409,1.0,LONG_TP,LONG_TP
20410,1.0,LONG_TP,LONG_TP
20411,1.0,LONG_TP,LONG_TP
20412,1.0,LONG_TP,LONG_TP
20413,1.0,LONG_TP,LONG_TP
20414,1.0,LONG_TP,LONG_TP
20415,1.0,LONG_TP,LONG_TP
20416,1.0,LONG_TP,LONG_TP
20417,1.0,LONG_TP,LONG_TP
20418,1.0,LONG_TP,LONG_TP
20419,1.0,LONG_TP,LONG_TP
20420,1.0,LONG_TP,LONG_TP
20421,-1.0,SHORT_TP,SHORT_TP
20422,-1.0,SHORT_TP,SHORT_TP
20423,-1.0,SHORT_TP,SHORT_TP
20424,-1.0,SHORT_TP,SHORT_TP
20425,-1.0,SHORT_TP,SHORT_TP
20426,-1.0,SHORT_TP,SHORT_TP
20427,-1.0,SHORT_TP,SHORT_TP
20428,-1.0,SHORT_TP,SHORT_TP
20429,1.0,LONG_TP,LONG_TP
20430,-1.0,SHORT_TP,SHORT_TP
20431,-1.0,SHORT_TP,SHORT_TP
20432,-1.0,SHORT_TP,SHORT_TP
20433,-1.0,SHORT_TP,SHORT_TP
20434,-1.0,SHORT_TP,SHORT_TP
20435,-1.0,SHORT_TP,SHORT_TP
20436,-1.0,SHORT_TP,SHORT_TP
20437,-1.0,SHORT_TP,SHORT_TP
20438,-1.0,SHORT_TP,SHORT_TP
20439,-1.0,SHORT_TP,SHORT_TP
20440,-1.0,SHORT_TP,SHORT_TP
20441,-1.0,SHORT_TP,SHORT_TP
20442,-1.0,SHORT_TP,SHORT_TP
20443,-1.0,SHORT_TP,SHORT_TP
20444,-1.0,SHORT_TP,SHORT_TP
20445,-1.0,SHORT_TP,SHORT_TP
20446,-1.0,SHORT_TP,SHORT_TP
20447,-1.0,SHORT_TP,SHORT_TP
20448,-1.0,SHORT_TP,SHORT_TP
20449,-1.0,SHORT_TP,SHORT_TP
20450,-1.0,SHORT_TP,SHORT_TP
20451,-1.0,SHORT_TP,SHORT_TP
20452,-1.0,SHORT_TP,SHORT_TP
20453,-1.0,SHORT_TP,SHORT_TP
20454,-1.0,SHORT_TP,SHORT_TP
20455,-1.0,SHORT_TP,SHORT_TP
20456,-1.0,SHORT_TP,SHORT_TP
20457,-1.0,SHORT_TP,SHORT_TP
20458,-1.0,SHORT_TP,SHORT_TP
20459,-1.0,SHORT_TP,SHORT_TP
20460,-1.0,SHORT_TP,SHORT_TP
20461,1.0,LONG_TP,LONG_TP
20462,1.0,LONG_TP,LONG_TP
20463,-1.0,SHORT_TP,SHORT_TP
20464,1.0,LONG_TP,LONG_TP
20465,1.0,LONG_TP,LONG_TP
20466,1.0,LONG_TP,LONG_TP
20467,-1.0,SHORT_TP,SHORT_TP
20468,-1.0,SHORT_TP,SHORT_TP
20469,-1.0,SHORT_TP,SHORT_TP
20470,-1.0,SHORT_TP,SHORT_TP
20471,-1.0,SHORT_TP,SHORT_TP
20472,-1.0,SHORT_TP,SHORT_TP
20473,-1.0,SHORT_TP,SHORT_TP
20474,-1.0,SHORT_TP,SHORT_TP
20475,-1.0,SHORT_TP,SHORT_TP
20476,-1.0,SHORT_TP,SHORT_TP
20477,-1.0,SHORT_TP,SHORT_TP
20478,-1.0,SHORT_TP,SHORT_TP
20479,-1.0,SHORT_TP,SHORT_TP
20480,-1.0,SHORT_TP,SHORT_TP
20481,-1.0,SHORT_TP,SHORT_TP
20482,-1.0,SHORT_TP,SHORT_TP
20483,-1.0,SHORT_TP,SHORT_TP
20484,-1.0,SHORT_TP,SHORT_TP
20485,-1.0,SHORT_TP,SHORT_TP
20486,-1.0,SHORT_TP,SHORT_TP
20487,-1.0,SHORT_TP,SHORT_TP
20488,-1.0,SHORT_TP,SHORT_TP
20489,-1.0,SHORT_TP,SHORT_TP
20490,-1.0,SHORT_TP,SHORT_TP
20491,-1.0,SHORT_TP,SHORT_TP
20492,-1.0,SHORT_TP,SHORT_TP
20493,-1.0,SHORT_TP,SHORT_TP
20494,1.0,LONG_TP,LONG_TP
20495,1.0,LONG_TP,LONG_TP
20496,1.0,LONG_TP,LONG_TP
20497,1.0,LONG_TP,LONG_TP
20498,1.0,LONG_TP,LONG_TP
20499,1.0,LONG_TP,LONG_TP
20500,1.0,LONG_TP,LONG_TP
20501,1.0,LONG_TP,LONG_TP
20502,1.0,LONG_TP,LONG_TP
20503,1.0,LONG_TP,LONG_TP
20504,1.0,LONG_TP,LONG_TP
20505,-1.0,SHORT_TP,SHORT_TP
20506,1.0,LONG_TP,LONG_TP
20507,1.0,LONG_TP,LONG_TP
20508,1.0,LONG_TP,LONG_TP
20509,1.0,LONG_TP,LONG_TP
20510,1.0,LONG_TP,LONG_TP
20511,1.0,LONG_TP,LONG_TP
20512,-1.0,SHORT_TP,SHORT_TP
20513,-1.0,SHORT_TP,SHORT_TP
20514,1.0,LONG_TP,LONG_TP
20515,1.0,LONG_TP,LONG_TP
20516,1.0,LONG_TP,LONG_TP
20517,1.0,LONG_TP,LONG_TP
20518,1.0,LONG_TP,LONG_TP
20519,1.0,LONG_TP,LONG_TP
20520,1.0,LONG_TP,LONG_TP
20521,1.0,LONG_TP,LONG_TP
20522,1.0,LONG_TP,LONG_TP
20523,1.0,LONG_TP,LONG_TP
20524,1.0,LONG_TP,LONG_TP
20525,1.0,LONG_TP,LONG_TP
20526,1.0,LONG_TP,LONG_TP
20527,1.0,LONG_TP,LONG_TP
20528,1.0,LONG_TP,LONG_TP
20529,1.0,LONG_TP,LONG_TP
20530,1.0,LONG_TP,LONG_TP
20531,1.0,LONG_TP,LONG_TP
20532,1.0,LONG_TP,LONG_TP
20533,1.0,LONG_TP,LONG_TP
20534,1.0,LONG_TP,LONG_TP
20535,-1.0,SHORT_TP,SHORT_TP
20536,-1.0,SHORT_TP,SHORT_TP
20537,-1.0,SHORT_TP,SHORT_TP
20538,-1.0,SHORT_TP,SHORT_TP
20539,-1.0,SHORT_TP,SHORT_TP
20540,-1.0,SHORT_TP,SHORT_TP
20541,-1.0,SHORT_TP,SHORT_TP
20542,-1.0,SHORT_TP,SHORT_TP
20543,-1.0,SHORT_TP,SHORT_TP
20544,-1.0,SHORT_TP,SHORT_TP
20545,-1.0,SHORT_TP,SHORT_TP
20546,-1.0,SHORT_TP,SHORT_TP
20547,-1.0,SHORT_TP,SHORT_TP
20548,-1.0,SHORT_TP,SHORT_TP
20549,-1.0,SHORT_TP,SHORT_TP
20550,-1.0,SHORT_TP,SHORT_TP
20551,-1.0,SHORT_TP,SHORT_TP
20552,1.0,LONG_TP,LONG_TP
20553,-1.0,SHORT_TP,SHORT_TP
20554,1.0,LONG_TP,LONG_TP
20555,1.0,LONG_TP,LONG_TP
20556,1.0,LONG_TP,LONG_TP
20557,1.0,LONG_TP,LONG_TP
20558,1.0,LONG_TP,LONG_TP
20559,-1.0,SHORT_TP,SHORT_TP
20560,-1.0,SHORT_TP,SHORT_TP
20561,-1.0,SHORT_TP,SHORT_TP
20562,-1.0,SHORT_TP,SHORT_TP
20563,-1.0,SHORT_TP,SHORT_TP
20564,-1.0,SHORT_TP,SHORT_TP
20565,-1.0,SHORT_TP,SHORT_TP
20566,1.0,LONG_TP,LONG_TP
20567,1.0,LONG_TP,LONG_TP
20568,-1.0,SHORT_TP,SHORT_TP
20569,-1.0,SHORT_TP,SHORT_TP
20570,-1.0,SHORT_TP,SHORT_TP
20571,-1.0,SHORT_TP,SHORT_TP
20572,-1.0,SHORT_TP,SHORT_TP
20573,-1.0,SHORT_TP,SHORT_TP
20574,-1.0,SHORT_TP,SHORT_TP
20575,-1.0,SHORT_TP,SHORT_TP
20576,-1.0,SHORT_TP,SHORT_TP
20577,-1.0,SHORT_TP,SHORT_TP
20578,-1.0,SHORT_TP,SHORT_TP
20579,-1.0,SHORT_TP,SHORT_TP
20580,-1.0,SHORT_TP,SHORT_TP
20581,-1.0,SHORT_TP,SHORT_TP
20582,-1.0,SHORT_TP,SHORT_TP
20583,-1.0,SHORT_TP,SHORT_TP
20584,-1.0,SHORT_TP,SHORT_TP
20585,-1.0,SHORT_TP,SHORT_TP
20586,-1.0,SHORT_TP,SHORT_TP
20587,-1.0,SHORT_TP,SHORT_TP
20588,-1.0,SHORT_TP,SHORT_TP
20589,-1.0,SHORT_TP,SHORT_TP
20590,1.0,LONG_TP,LONG_TP
20591,1.0,LONG_TP,LONG_TP
20592,-1.0,SHORT_TP,SHORT_TP
20593,-1.0,SHORT_TP,SHORT_TP
20594,-1.0,SHORT_TP,SHORT_TP
20595,-1.0,SHORT_TP,SHORT_TP
20596,-1.0,SHORT_TP,SHORT_TP
20597,-1.0,SHORT_TP,SHORT_TP
20598,-1.0,SHORT_TP,SHORT_TP
20599,-1.0,SHORT_TP,SHORT_TP
20600,-1.0,SHORT_TP,SHORT_TP
20601,-1.0,SHORT_TP,SHORT_TP
20602,-1.0,SHORT_TP,SHORT_TP
20603,-1.0,SHORT_TP,SHORT_TP
20604,-1.0,SHORT_TP,SHORT_TP
20605,-1.0,SHORT_TP,SHORT_TP
20606,-1.0,SHORT_TP,SHORT_TP
20607,-1.0,SHORT_TP,SHORT_TP
20608,-1.0,SHORT_TP,SHORT_TP
20609,-1.0,SHORT_TP,SHORT_TP
20610,-1.0,SHORT_TP,SHORT_TP
20611,-1.0,SHORT_TP,SHORT_TP
20612,1.0,LONG_TP,LONG_TP
20613,-1.0,SHORT_TP,SHORT_TP
20614,-1.0,SHORT_TP,SHORT_TP
20615,-1.0,SHORT_TP,SHORT_TP
20616,-1.0,SHORT_TP,SHORT_TP
20617,-1.0,SHORT_TP,SHORT_TP
20618,-1.0,SHORT_TP,SHORT_TP
20619,-1.0,SHORT_TP,SHORT_TP
20620,-1.0,SHORT_TP,SHORT_TP
20621,-1.0,SHORT_TP,SHORT_TP
20622,-1.0,SHORT_TP,SHORT_TP
20623,-1.0,SHORT_TP,SHORT_TP
20624,-1.0,SHORT_TP,SHORT_TP
20625,-1.0,SHORT_TP,SHORT_TP
20626,-1.0,SHORT_TP,SHORT_TP
20627,-1.0,SHORT_TP,SHORT_TP
20628,-1.0,SHORT_TP,SHORT_TP
20629,-1.0,SHORT_TP,SHORT_TP
20630,-1.0,SHORT_TP,SHORT_TP
20631,-1.0,SHORT_TP,SHORT_TP
20632,-1.0,SHORT_TP,SHORT_TP
20633,-1.0,SHORT_TP,SHORT_TP
20634,-1.0,SHORT_TP,SHORT_TP
20635,-1.0,SHORT_TP,SHORT_TP
20636,-1.0,SHORT_TP,SHORT_TP
20637,-1.0,SHORT_TP,SHORT_TP
20638,-1.0,SHORT_TP,SHORT_TP
20639,-1.0,SHORT_TP,SHORT_TP
20640,-1.0,SHORT_TP,SHORT_TP
20641,1.0,LONG_TP,LONG_TP
20642,-1.0,SHORT_TP,SHORT_TP
20643,1.0,LONG_TP,LONG_TP
20644,1.0,LONG_TP,LONG_TP
20645,-1.0,SHORT_TP,SHORT_TP
20646,1.0,LONG_TP,LONG_TP
20647,1.0,LONG_TP,LONG_TP
20648,1.0,LONG_TP,LONG_TP
20649,1.0,LONG_TP,LONG_TP
20650,1.0,LONG_TP,LONG_TP
20651,1.0,LONG_TP,LONG_TP
20652,1.0,LONG_TP,LONG_TP
20653,1.0,LONG_TP,LONG_TP
20654,1.0,LONG_TP,LONG_TP
20655,1.0,LONG_TP,LONG_TP
20656,1.0,LONG_TP,LONG_TP
20657,1.0,LONG_TP,LONG_TP
20658,1.0,LONG_TP,LONG_TP
20659,1.0,LONG_TP,LONG_TP
20660,1.0,LONG_TP,LONG_TP
20661,1.0,LONG_TP,LONG_TP
20662,1.0,LONG_TP,LONG_TP
20663,1.0,LONG_TP,LONG_TP
20664,1.0,LONG_TP,LONG_TP
20665,1.0,LONG_TP,LONG_TP
20666,1.0,LONG_TP,LONG_TP
20667,1.0,LONG_TP,LONG_TP
20668,1.0,LONG_TP,LONG_TP
20669,1.0,LONG_TP,LONG_TP
20670,1.0,LONG_TP,LONG_TP
20671,1.0,LONG_TP,LONG_TP
20672,1.0,LONG_TP,LONG_TP
20673,1.0,LONG_TP,LONG_TP
20674,1.0,LONG_TP,LONG_TP
20675,-1.0,SHORT_TP,SHORT_TP
20676,-1.0,SHORT_TP,SHORT_TP
20677,-1.0,SHORT_TP,SHORT_TP
20678,-1.0,SHORT_TP,SHORT_TP
20679,-1.0,SHORT_TP,SHORT_TP
20680,-1.0,SHORT_TP,SHORT_TP
20681,1.0,LONG_TP,LONG_TP
20682,-1.0,SHORT_TP,SHORT_TP
20683,-1.0,SHORT_TP,SHORT_TP
20684,1.0,LONG_TP,LONG_TP
20685,-1.0,SHORT_TP,SHORT_TP
20686,-1.0,SHORT_TP,SHORT_TP
20687,1.0,LONG_TP,LONG_TP
20688,1.0,LONG_TP,LONG_TP
20689,1.0,LONG_TP,LONG_TP
20690,1.0,LONG_TP,LONG_TP
20691,1.0,LONG_TP,LONG_TP
20692,1.0,LONG_TP,LONG_TP
20693,1.0,LONG_TP,LONG_TP
20694,1.0,LONG_TP,LONG_TP
20695,1.0,LONG_TP,LONG_TP
20696,1.0,LONG_TP,LONG_TP
20697,1.0,LONG_TP,LONG_TP
20698,1.0,LONG_TP,LONG_TP
20699,1.0,LONG_TP,LONG_TP
20700,1.0,LONG_TP,LONG_TP
20701,1.0,LONG_TP,LONG_TP
20702,1.0,LONG_TP,LONG_TP
20703,1.0,LONG_TP,LONG_TP
20704,1.0,LONG_TP,LONG_TP
20705,1.0,LONG_TP,LONG_TP
20706,1.0,LONG_TP,LONG_TP
20707,1.0,LONG_TP,LONG_TP
20708,1.0,LONG_TP,LONG_TP
20709,1.0,LONG_TP,LONG_TP
20710,1.0,LONG_TP,LONG_TP
20711,1.0,LONG_TP,LONG_TP
20712,1.0,LONG_TP,LONG_TP
20713,1.0,LONG_TP,LONG_TP
20714,1.0,LONG_TP,LONG_TP
20715,1.0,LONG_TP,LONG_TP
20716,1.0,LONG_TP,LONG_TP
20717,1.0,LONG_TP,LONG_TP
20718,1.0,LONG_TP,LONG_TP
20719,1.0,LONG_TP,LONG_TP
20720,1.0,LONG_TP,LONG_TP
20721,1.0,LONG_TP,LONG_TP
20722,1.0,LONG_TP,LONG_TP
20723,1.0,LONG_TP,LONG_TP
20724,1.0,LONG_TP,LONG_TP
20725,1.0,LONG_TP,LONG_TP
20726,1.0,LONG_TP,LONG_TP
20727,1.0,LONG_TP,LONG_TP
20728,1.0,LONG_TP,LONG_TP
20729,1.0,LONG_TP,LONG_TP
20730,1.0,LONG_TP,LONG_TP
20731,1.0,LONG_TP,LONG_TP
20732,1.0,LONG_TP,LONG_TP
20733,-1.0,SHORT_TP,SHORT_TP
20734,1.0,LONG_TP,LONG_TP
20735,1.0,LONG_TP,LONG_TP
20736,1.0,LONG_TP,LONG_TP
20737,1.0,LONG_TP,LONG_TP
20738,-1.0,SHORT_TP,SHORT_TP
20739,-1.0,SHORT_TP,SHORT_TP
20740,-1.0,SHORT_TP,SHORT_TP
20741,-1.0,SHORT_TP,SHORT_TP
20742,-1.0,SHORT_TP,SHORT_TP
20743,-1.0,SHORT_TP,SHORT_TP
20744,-1.0,SHORT_TP,SHORT_TP
20745,-1.0,SHORT_TP,SHORT_TP
20746,-1.0,SHORT_TP,SHORT_TP
20747,-1.0,SHORT_TP,SHORT_TP
20748,-1.0,SHORT_TP,SHORT_TP
20749,-1.0,SHORT_TP,SHORT_TP
20750,1.0,LONG_TP,LONG_TP
20751,1.0,LONG_TP,LONG_TP
20752,1.0,LONG_TP,LONG_TP
20753,1.0,LONG_TP,LONG_TP
20754,-1.0,SHORT_TP,SHORT_TP
20755,-1.0,SHORT_TP,SHORT_TP
20756,-1.0,SHORT_TP,SHORT_TP
20757,-1.0,SHORT_TP,SHORT_TP
20758,-1.0,SHORT_TP,SHORT_TP
20759,-1.0,SHORT_TP,SHORT_TP
20760,-1.0,SHORT_TP,SHORT_TP
20761,-1.0,SHORT_TP,SHORT_TP
20762,-1.0,SHORT_TP,SHORT_TP
20763,1.0,LONG_TP,LONG_TP
20764,1.0,LONG_TP,LONG_TP
20765,1.0,LONG_TP,LONG_TP
20766,-1.0,SHORT_TP,SHORT_TP
20767,-1.0,SHORT_TP,SHORT_TP
20768,1.0,LONG_TP,LONG_TP
20769,1.0,LONG_TP,LONG_TP
20770,1.0,LONG_TP,LONG_TP
20771,1.0,LONG_TP,LONG_TP
20772,1.0,LONG_TP,LONG_TP
20773,1.0,LONG_TP,LONG_TP
20774,1.0,LONG_TP,LONG_TP
20775,1.0,LONG_TP,LONG_TP
20776,-1.0,SHORT_TP,SHORT_TP
20777,-1.0,SHORT_TP,SHORT_TP
20778,-1.0,SHORT_TP,SHORT_TP
20779,-1.0,SHORT_TP,SHORT_TP
20780,-1.0,SHORT_TP,SHORT_TP
20781,-1.0,SHORT_TP,SHORT_TP
20782,-1.0,SHORT_TP,SHORT_TP
20783,-1.0,SHORT_TP,SHORT_TP
20784,1.0,LONG_TP,LONG_TP
20785,1.0,LONG_TP,LONG_TP
20786,-1.0,SHORT_TP,SHORT_TP
20787,1.0,LONG_TP,LONG_TP
20788,-1.0,SHORT_TP,SHORT_TP
20789,-1.0,SHORT_TP,SHORT_TP
20790,-1.0,SHORT_TP,SHORT_TP
20791,-1.0,SHORT_TP,SHORT_TP
20792,-1.0,SHORT_TP,SHORT_TP
20793,-1.0,SHORT_TP,SHORT_TP
20794,-1.0,SHORT_TP,SHORT_TP
20795,-1.0,SHORT_TP,SHORT_TP
20796,-1.0,SHORT_TP,SHORT_TP
20797,-1.0,SHORT_TP,SHORT_TP
20798,-1.0,SHORT_TP,SHORT_TP
20799,-1.0,SHORT_TP,SHORT_TP
20800,-1.0,SHORT_TP,SHORT_TP
20801,-1.0,SHORT_TP,SHORT_TP
20802,-1.0,SHORT_TP,SHORT_TP
20803,-1.0,SHORT_TP,SHORT_TP
20804,-1.0,SHORT_TP,SHORT_TP
20805,-1.0,SHORT_TP,SHORT_TP
20806,-1.0,SHORT_TP,SHORT_TP
20807,-1.0,SHORT_TP,SHORT_TP
20808,-1.0,SHORT_TP,SHORT_TP
20809,-1.0,SHORT_TP,SHORT_TP
20810,-1.0,SHORT_TP,SHORT_TP
20811,-1.0,SHORT_TP,SHORT_TP
20812,-1.0,SHORT_TP,SHORT_TP
20813,-1.0,SHORT_TP,SHORT_TP
20814,-1.0,SHORT_TP,SHORT_TP
20815,-1.0,SHORT_TP,SHORT_TP
20816,-1.0,SHORT_TP,SHORT_TP
20817,-1.0,SHORT_TP,SHORT_TP
20818,-1.0,SHORT_TP,SHORT_TP
20819,1.0,LONG_TP,LONG_TP
20820,1.0,LONG_TP,LONG_TP
20821,-1.0,SHORT_TP,SHORT_TP
20822,-1.0,SHORT_TP,SHORT_TP
20823,-1.0,SHORT_TP,SHORT_TP
20824,-1.0,SHORT_TP,SHORT_TP
20825,-1.0,SHORT_TP,SHORT_TP
20826,-1.0,SHORT_TP,SHORT_TP
20827,-1.0,SHORT_TP,SHORT_TP
20828,-1.0,SHORT_TP,SHORT_TP
20829,-1.0,SHORT_TP,SHORT_TP
20830,-1.0,SHORT_TP,SHORT_TP
20831,-1.0,SHORT_TP,SHORT_TP
20832,-1.0,SHORT_TP,SHORT_TP
20833,-1.0,SHORT_TP,SHORT_TP
20834,-1.0,SHORT_TP,SHORT_TP
20835,-1.0,SHORT_TP,SHORT_TP
20836,-1.0,SHORT_TP,SHORT_TP
20837,-1.0,SHORT_TP,SHORT_TP
20838,-1.0,SHORT_TP,SHORT_TP
20839,-1.0,SHORT_TP,SHORT_TP
20840,-1.0,SHORT_TP,SHORT_TP
20841,-1.0,SHORT_TP,SHORT_TP
20842,-1.0,SHORT_TP,SHORT_TP
20843,-1.0,SHORT_TP,SHORT_TP
20844,1.0,LONG_TP,LONG_TP
20845,-1.0,SHORT_TP,SHORT_TP
20846,-1.0,SHORT_TP,SHORT_TP
20847,1.0,LONG_TP,LONG_TP
20848,1.0,LONG_TP,LONG_TP
20849,1.0,LONG_TP,LONG_TP
20850,1.0,LONG_TP,LONG_TP
20851,1.0,LONG_TP,LONG_TP
20852,1.0,LONG_TP,LONG_TP
20853,1.0,LONG_TP,LONG_TP
20854,1.0,LONG_TP,LONG_TP
20855,1.0,LONG_TP,LONG_TP
20856,-1.0,SHORT_TP,SHORT_TP
20857,-1.0,SHORT_TP,SHORT_TP
20858,-1.0,SHORT_TP,SHORT_TP
20859,-1.0,SHORT_TP,SHORT_TP
20860,-1.0,SHORT_TP,SHORT_TP
20861,-1.0,SHORT_TP,SHORT_TP
20862,-1.0,SHORT_TP,SHORT_TP
20863,-1.0,SHORT_TP,SHORT_TP
20864,-1.0,SHORT_TP,SHORT_TP
20865,-1.0,SHORT_TP,SHORT_TP
20866,-1.0,SHORT_TP,SHORT_TP
20867,1.0,LONG_TP,LONG_TP
20868,1.0,LONG_TP,LONG_TP
20869,1.0,LONG_TP,LONG_TP
20870,1.0,LONG_TP,LONG_TP
20871,1.0,LONG_TP,LONG_TP
20872,1.0,LONG_TP,LONG_TP
20873,1.0,LONG_TP,LONG_TP
20874,1.0,LONG_TP,LONG_TP
20875,1.0,LONG_TP,LONG_TP
20876,1.0,LONG_TP,LONG_TP
20877,1.0,LONG_TP,LONG_TP
20878,1.0,LONG_TP,LONG_TP
20879,1.0,LONG_TP,LONG_TP
20880,1.0,LONG_TP,LONG_TP
20881,1.0,LONG_TP,LONG_TP
20882,1.0,LONG_TP,LONG_TP
20883,1.0,LONG_TP,LONG_TP
20884,1.0,LONG_TP,LONG_TP
20885,1.0,LONG_TP,LONG_TP
20886,1.0,LONG_TP,LONG_TP
20887,1.0,LONG_TP,LONG_TP
20888,1.0,LONG_TP,LONG_TP
20889,1.0,LONG_TP,LONG_TP
20890,1.0,LONG_TP,LONG_TP
20891,1.0,LONG_TP,LONG_TP
20892,1.0,LONG_TP,LONG_TP
20893,1.0,LONG_TP,LONG_TP
20894,1.0,LONG_TP,LONG_TP
20895,1.0,LONG_TP,LONG_TP
20896,1.0,LONG_TP,LONG_TP
20897,1.0,LONG_TP,LONG_TP
20898,1.0,LONG_TP,LONG_TP
20899,1.0,LONG_TP,LONG_TP
20900,1.0,LONG_TP,LONG_TP
20901,-1.0,SHORT_TP,SHORT_TP
20902,-1.0,SHORT_TP,SHORT_TP
20903,-1.0,SHORT_TP,SHORT_TP
20904,-1.0,SHORT_TP,SHORT_TP
20905,-1.0,SHORT_TP,SHORT_TP
20906,-1.0,SHORT_TP,SHORT_TP
20907,-1.0,SHORT_TP,SHORT_TP
20908,-1.0,SHORT_TP,SHORT_TP
20909,-1.0,SHORT_TP,SHORT_TP
20910,-1.0,SHORT_TP,SHORT_TP
20911,-1.0,SHORT_TP,SHORT_TP
20912,-1.0,SHORT_TP,SHORT_TP
20913,-1.0,SHORT_TP,SHORT_TP
20914,-1.0,SHORT_TP,SHORT_TP
20915,-1.0,SHORT_TP,SHORT_TP
20916,-1.0,SHORT_TP,SHORT_TP
20917,-1.0,SHORT_TP,SHORT_TP
20918,-1.0,SHORT_TP,SHORT_TP
20919,-1.0,SHORT_TP,SHORT_TP
20920,-1.0,SHORT_TP,SHORT_TP
20921,-1.0,SHORT_TP,SHORT_TP
20922,-1.0,SHORT_TP,SHORT_TP
20923,-1.0,SHORT_TP,SHORT_TP
20924,-1.0,SHORT_TP,SHORT_TP
20925,-1.0,SHORT_TP,SHORT_TP
20926,1.0,LONG_TP,LONG_TP
20927,-1.0,SHORT_TP,SHORT_TP
20928,-1.0,SHORT_TP,SHORT_TP
20929,-1.0,SHORT_TP,SHORT_TP
20930,-1.0,SHORT_TP,SHORT_TP
20931,-1.0,SHORT_TP,SHORT_TP
20932,1.0,LONG_TP,LONG_TP
20933,1.0,LONG_TP,LONG_TP
20934,1.0,LONG_TP,LONG_TP
20935,1.0,LONG_TP,LONG_TP
20936,-1.0,SHORT_TP,SHORT_TP
20937,-1.0,SHORT_TP,SHORT_TP
20938,-1.0,SHORT_TP,SHORT_TP
20939,-1.0,SHORT_TP,SHORT_TP
20940,-1.0,SHORT_TP,SHORT_TP
20941,-1.0,SHORT_TP,SHORT_TP
20942,-1.0,SHORT_TP,SHORT_TP
20943,-1.0,SHORT_TP,SHORT_TP
20944,-1.0,SHORT_TP,SHORT_TP
20945,-1.0,SHORT_TP,SHORT_TP
20946,-1.0,SHORT_TP,SHORT_TP
20947,-1.0,SHORT_TP,SHORT_TP
20948,-1.0,SHORT_TP,SHORT_TP
20949,-1.0,SHORT_TP,SHORT_TP
20950,-1.0,SHORT_TP,SHORT_TP
20951,-1.0,SHORT_TP,SHORT_TP
20952,-1.0,SHORT_TP,SHORT_TP
20953,-1.0,SHORT_TP,SHORT_TP
20954,-1.0,SHORT_TP,SHORT_TP
20955,-1.0,SHORT_TP,SHORT_TP
20956,-1.0,SHORT_TP,SHORT_TP
20957,-1.0,SHORT_TP,SHORT_TP
20958,-1.0,SHORT_TP,SHORT_TP
20959,-1.0,SHORT_TP,SHORT_TP
20960,-1.0,SHORT_TP,SHORT_TP
20961,-1.0,SHORT_TP,SHORT_TP
20962,-1.0,SHORT_TP,SHORT_TP
20963,-1.0,SHORT_TP,SHORT_TP
20964,-1.0,SHORT_TP,SHORT_TP
20965,-1.0,SHORT_TP,SHORT_TP
20966,-1.0,SHORT_TP,SHORT_TP
20967,-1.0,SHORT_TP,SHORT_TP
20968,1.0,LONG_TP,LONG_TP
20969,1.0,LONG_TP,LONG_TP
20970,1.0,LONG_TP,LONG_TP
20971,1.0,LONG_TP,LONG_TP
20972,1.0,LONG_TP,LONG_TP
20973,1.0,LONG_TP,LONG_TP
20974,1.0,LONG_TP,LONG_TP
20975,-1.0,SHORT_TP,SHORT_TP
20976,-1.0,SHORT_TP,SHORT_TP
20977,-1.0,SHORT_TP,SHORT_TP
20978,-1.0,SHORT_TP,SHORT_TP
20979,1.0,LONG_TP,LONG_TP
20980,1.0,LONG_TP,LONG_TP
20981,1.0,LONG_TP,LONG_TP
20982,1.0,LONG_TP,LONG_TP
20983,1.0,LONG_TP,LONG_TP
20984,1.0,LONG_TP,LONG_TP
20985,1.0,LONG_TP,LONG_TP
20986,1.0,LONG_TP,LONG_TP
20987,-1.0,SHORT_TP,SHORT_TP
20988,-1.0,SHORT_TP,SHORT_TP
20989,-1.0,SHORT_TP,SHORT_TP
20990,-1.0,SHORT_TP,SHORT_TP
20991,1.0,LONG_TP,LONG_TP
20992,1.0,LONG_TP,LONG_TP
20993,1.0,LONG_TP,LONG_TP
20994,1.0,LONG_TP,LONG_TP
20995,1.0,LONG_TP,LONG_TP
20996,1.0,LONG_TP,LONG_TP
20997,1.0,LONG_TP,LONG_TP
20998,-1.0,SHORT_TP,SHORT_TP
20999,-1.0,SHORT_TP,SHORT_TP
21000,-1.0,SHORT_TP,SHORT_TP
21001,-1.0,SHORT_TP,SHORT_TP
21002,-1.0,SHORT_TP,SHORT_TP
21003,-1.0,SHORT_TP,SHORT_TP
21004,-1.0,SHORT_TP,SHORT_TP
21005,-1.0,SHORT_TP,SHORT_TP
21006,-1.0,SHORT_TP,SHORT_TP
21007,-1.0,SHORT_TP,SHORT_TP
21008,-1.0,SHORT_TP,SHORT_TP
21009,-1.0,SHORT_TP,SHORT_TP
21010,-1.0,SHORT_TP,SHORT_TP
21011,-1.0,SHORT_TP,SHORT_TP
21012,-1.0,SHORT_TP,SHORT_TP
21013,-1.0,SHORT_TP,SHORT_TP
21014,-1.0,SHORT_TP,SHORT_TP
21015,-1.0,SHORT_TP,SHORT_TP
21016,-1.0,SHORT_TP,SHORT_TP
21017,-1.0,SHORT_TP,SHORT_TP
21018,-1.0,SHORT_TP,SHORT_TP
21019,-1.0,SHORT_TP,SHORT_TP
21020,-1.0,SHORT_TP,SHORT_TP
21021,-1.0,SHORT_TP,SHORT_TP
21022,-1.0,SHORT_TP,SHORT_TP
21023,-1.0,SHORT_TP,SHORT_TP
21024,-1.0,SHORT_TP,SHORT_TP
21025,-1.0,SHORT_TP,SHORT_TP
21026,1.0,LONG_TP,LONG_TP
21027,-1.0,SHORT_TP,SHORT_TP
21028,-1.0,SHORT_TP,SHORT_TP
21029,-1.0,SHORT_TP,SHORT_TP
21030,1.0,LONG_TP,LONG_TP
21031,1.0,LONG_TP,LONG_TP
21032,1.0,LONG_TP,LONG_TP
21033,1.0,LONG_TP,LONG_TP
21034,-1.0,SHORT_TP,SHORT_TP
21035,1.0,LONG_TP,LONG_TP
21036,1.0,LONG_TP,LONG_TP
21037,1.0,LONG_TP,LONG_TP
21038,1.0,LONG_TP,LONG_TP
21039,1.0,LONG_TP,LONG_TP
21040,1.0,LONG_TP,LONG_TP
21041,1.0,LONG_TP,LONG_TP
21042,1.0,LONG_TP,LONG_TP
21043,1.0,LONG_TP,LONG_TP
21044,1.0,LONG_TP,LONG_TP
21045,1.0,LONG_TP,LONG_TP
21046,1.0,LONG_TP,LONG_TP
21047,1.0,LONG_TP,LONG_TP
21048,1.0,LONG_TP,LONG_TP
21049,1.0,LONG_TP,LONG_TP
21050,1.0,LONG_TP,LONG_TP
21051,1.0,LONG_TP,LONG_TP
21052,1.0,LONG_TP,LONG_TP
21053,1.0,LONG_TP,LONG_TP
21054,1.0,LONG_TP,LONG_TP
21055,1.0,LONG_TP,LONG_TP
21056,1.0,LONG_TP,LONG_TP
21057,1.0,LONG_TP,LONG_TP
21058,1.0,LONG_TP,LONG_TP
21059,1.0,LONG_TP,LONG_TP
21060,1.0,LONG_TP,LONG_TP
21061,1.0,LONG_TP,LONG_TP
21062,1.0,LONG_TP,LONG_TP
21063,1.0,LONG_TP,LONG_TP
21064,1.0,LONG_TP,LONG_TP
21065,1.0,LONG_TP,LONG_TP
21066,1.0,LONG_TP,LONG_TP
21067,1.0,LONG_TP,LONG_TP
21068,1.0,LONG_TP,LONG_TP
21069,-1.0,SHORT_TP,SHORT_TP
21070,-1.0,SHORT_TP,SHORT_TP
21071,-1.0,SHORT_TP,SHORT_TP
21072,1.0,LONG_TP,LONG_TP
21073,1.0,LONG_TP,LONG_TP
21074,1.0,LONG_TP,LONG_TP
21075,1.0,LONG_TP,LONG_TP
21076,1.0,LONG_TP,LONG_TP
21077,1.0,LONG_TP,LONG_TP
21078,1.0,LONG_TP,LONG_TP
21079,1.0,LONG_TP,LONG_TP
21080,1.0,LONG_TP,LONG_TP
21081,1.0,LONG_TP,LONG_TP
21082,1.0,LONG_TP,LONG_TP
21083,1.0,LONG_TP,LONG_TP
21084,-1.0,SHORT_TP,SHORT_TP
21085,-1.0,SHORT_TP,SHORT_TP
21086,-1.0,SHORT_TP,SHORT_TP
21087,-1.0,SHORT_TP,SHORT_TP
21088,-1.0,SHORT_TP,SHORT_TP
21089,-1.0,SHORT_TP,SHORT_TP
21090,-1.0,SHORT_TP,SHORT_TP
21091,-1.0,SHORT_TP,SHORT_TP
21092,1.0,LONG_TP,LONG_TP
21093,-1.0,SHORT_TP,SHORT_TP
21094,-1.0,SHORT_TP,SHORT_TP
21095,-1.0,SHORT_TP,SHORT_TP
21096,-1.0,SHORT_TP,SHORT_TP
21097,-1.0,SHORT_TP,SHORT_TP
21098,-1.0,SHORT_TP,SHORT_TP
21099,-1.0,SHORT_TP,SHORT_TP
21100,-1.0,SHORT_TP,SHORT_TP
21101,-1.0,SHORT_TP,SHORT_TP
21102,-1.0,SHORT_TP,SHORT_TP
21103,-1.0,SHORT_TP,SHORT_TP
21104,-1.0,SHORT_TP,SHORT_TP
21105,-1.0,SHORT_TP,SHORT_TP
21106,-1.0,SHORT_TP,SHORT_TP
21107,-1.0,SHORT_TP,SHORT_TP
21108,-1.0,SHORT_TP,SHORT_TP
21109,-1.0,SHORT_TP,SHORT_TP
21110,-1.0,SHORT_TP,SHORT_TP
21111,-1.0,SHORT_TP,SHORT_TP
21112,-1.0,SHORT_TP,SHORT_TP
21113,-1.0,SHORT_TP,SHORT_TP
21114,1.0,LONG_TP,LONG_TP
21115,1.0,LONG_TP,LONG_TP
21116,1.0,LONG_TP,LONG_TP
21117,1.0,LONG_TP,LONG_TP
21118,-1.0,SHORT_TP,SHORT_TP
21119,-1.0,SHORT_TP,SHORT_TP
21120,-1.0,SHORT_TP,SHORT_TP
21121,-1.0,SHORT_TP,SHORT_TP
21122,-1.0,SHORT_TP,SHORT_TP
21123,-1.0,SHORT_TP,SHORT_TP
21124,-1.0,SHORT_TP,SHORT_TP
21125,-1.0,SHORT_TP,SHORT_TP
21126,-1.0,SHORT_TP,SHORT_TP
21127,-1.0,SHORT_TP,SHORT_TP
21128,-1.0,SHORT_TP,SHORT_TP
21129,-1.0,SHORT_TP,SHORT_TP
21130,-1.0,SHORT_TP,SHORT_TP
21131,1.0,LONG_TP,LONG_TP
21132,1.0,LONG_TP,LONG_TP
21133,1.0,LONG_TP,LONG_TP
21134,1.0,LONG_TP,LONG_TP
21135,-1.0,SHORT_TP,SHORT_TP
21136,-1.0,SHORT_TP,SHORT_TP
21137,1.0,LONG_TP,LONG_TP
21138,1.0,LONG_TP,LONG_TP
21139,1.0,LONG_TP,LONG_TP
21140,1.0,LONG_TP,LONG_TP
21141,1.0,LONG_TP,LONG_TP
21142,1.0,LONG_TP,LONG_TP
21143,1.0,LONG_TP,LONG_TP
21144,1.0,LONG_TP,LONG_TP
21145,1.0,LONG_TP,LONG_TP
21146,1.0,LONG_TP,LONG_TP
21147,1.0,LONG_TP,LONG_TP
21148,1.0,LONG_TP,LONG_TP
21149,1.0,LONG_TP,LONG_TP
21150,1.0,LONG_TP,LONG_TP
21151,1.0,LONG_TP,LONG_TP
21152,1.0,LONG_TP,LONG_TP
21153,1.0,LONG_TP,LONG_TP
21154,1.0,LONG_TP,LONG_TP
21155,1.0,LONG_TP,LONG_TP
21156,-1.0,SHORT_TP,SHORT_TP
21157,-1.0,SHORT_TP,SHORT_TP
21158,-1.0,SHORT_TP,SHORT_TP
21159,-1.0,SHORT_TP,SHORT_TP
21160,-1.0,SHORT_TP,SHORT_TP
21161,-1.0,SHORT_TP,SHORT_TP
21162,-1.0,SHORT_TP,SHORT_TP
21163,-1.0,SHORT_TP,SHORT_TP
21164,-1.0,SHORT_TP,SHORT_TP
21165,-1.0,SHORT_TP,SHORT_TP
21166,-1.0,SHORT_TP,SHORT_TP
21167,-1.0,SHORT_TP,SHORT_TP
21168,-1.0,SHORT_TP,SHORT_TP
21169,-1.0,SHORT_TP,SHORT_TP
21170,-1.0,SHORT_TP,SHORT_TP
21171,-1.0,SHORT_TP,SHORT_TP
21172,1.0,LONG_TP,LONG_TP
21173,1.0,LONG_TP,LONG_TP
21174,1.0,LONG_TP,LONG_TP
21175,1.0,LONG_TP,LONG_TP
21176,1.0,LONG_TP,LONG_TP
21177,-1.0,SHORT_TP,SHORT_TP
21178,-1.0,SHORT_TP,SHORT_TP
21179,-1.0,SHORT_TP,SHORT_TP
21180,-1.0,SHORT_TP,SHORT_TP
21181,-1.0,SHORT_TP,SHORT_TP
21182,-1.0,SHORT_TP,SHORT_TP
21183,-1.0,SHORT_TP,SHORT_TP
21184,-1.0,SHORT_TP,SHORT_TP
21185,-1.0,SHORT_TP,SHORT_TP
21186,-1.0,SHORT_TP,SHORT_TP
21187,1.0,LONG_TP,LONG_TP
21188,1.0,LONG_TP,LONG_TP
21189,1.0,LONG_TP,LONG_TP
21190,1.0,LONG_TP,LONG_TP
21191,1.0,LONG_TP,LONG_TP
21192,1.0,LONG_TP,LONG_TP
21193,1.0,LONG_TP,LONG_TP
21194,1.0,LONG_TP,LONG_TP
21195,1.0,LONG_TP,LONG_TP
21196,1.0,LONG_TP,LONG_TP
21197,-1.0,SHORT_TP,SHORT_TP
21198,-1.0,SHORT_TP,SHORT_TP
21199,-1.0,SHORT_TP,SHORT_TP
21200,-1.0,SHORT_TP,SHORT_TP
21201,-1.0,SHORT_TP,SHORT_TP
21202,-1.0,SHORT_TP,SHORT_TP
21203,-1.0,SHORT_TP,SHORT_TP
21204,-1.0,SHORT_TP,SHORT_TP
21205,-1.0,SHORT_TP,SHORT_TP
21206,1.0,LONG_TP,LONG_TP
21207,1.0,LONG_TP,LONG_TP
21208,1.0,LONG_TP,LONG_TP
21209,1.0,LONG_TP,LONG_TP
21210,1.0,LONG_TP,LONG_TP
21211,1.0,LONG_TP,LONG_TP
21212,1.0,LONG_TP,LONG_TP
21213,1.0,LONG_TP,LONG_TP
21214,1.0,LONG_TP,LONG_TP
21215,1.0,LONG_TP,LONG_TP
21216,1.0,LONG_TP,LONG_TP
21217,1.0,LONG_TP,LONG_TP
21218,1.0,LONG_TP,LONG_TP
21219,1.0,LONG_TP,LONG_TP
21220,1.0,LONG_TP,LONG_TP
21221,1.0,LONG_TP,LONG_TP
21222,1.0,LONG_TP,LONG_TP
21223,1.0,LONG_TP,LONG_TP
21224,1.0,LONG_TP,LONG_TP
21225,1.0,LONG_TP,LONG_TP
21226,1.0,LONG_TP,LONG_TP
21227,1.0,LONG_TP,LONG_TP
21228,1.0,LONG_TP,LONG_TP
21229,1.0,LONG_TP,LONG_TP
21230,1.0,LONG_TP,LONG_TP
21231,1.0,LONG_TP,LONG_TP
21232,1.0,LONG_TP,LONG_TP
21233,1.0,LONG_TP,LONG_TP
21234,1.0,LONG_TP,LONG_TP
21235,1.0,LONG_TP,LONG_TP
21236,1.0,LONG_TP,LONG_TP
21237,1.0,LONG_TP,LONG_TP
21238,1.0,LONG_TP,LONG_TP
21239,1.0,LONG_TP,LONG_TP
21240,1.0,LONG_TP,LONG_TP
21241,1.0,LONG_TP,LONG_TP
21242,1.0,LONG_TP,LONG_TP
21243,1.0,LONG_TP,LONG_TP
21244,1.0,LONG_TP,LONG_TP
21245,1.0,LONG_TP,LONG_TP
21246,1.0,LONG_TP,LONG_TP
21247,1.0,LONG_TP,LONG_TP
21248,1.0,LONG_TP,LONG_TP
21249,1.0,LONG_TP,LONG_TP
21250,1.0,LONG_TP,LONG_TP
21251,1.0,LONG_TP,LONG_TP
21252,1.0,LONG_TP,LONG_TP
21253,1.0,LONG_TP,LONG_TP
21254,-1.0,SHORT_TP,SHORT_TP
21255,-1.0,SHORT_TP,SHORT_TP
21256,-1.0,SHORT_TP,SHORT_TP
21257,-1.0,SHORT_TP,SHORT_TP
21258,-1.0,SHORT_TP,SHORT_TP
21259,-1.0,SHORT_TP,SHORT_TP
21260,-1.0,SHORT_TP,SHORT_TP
21261,-1.0,SHORT_TP,SHORT_TP
21262,-1.0,SHORT_TP,SHORT_TP
21263,-1.0,SHORT_TP,SHORT_TP
21264,-1.0,SHORT_TP,SHORT_TP
21265,-1.0,SHORT_TP,SHORT_TP
21266,-1.0,SHORT_TP,SHORT_TP
21267,-1.0,SHORT_TP,SHORT_TP
21268,-1.0,SHORT_TP,SHORT_TP
21269,-1.0,SHORT_TP,SHORT_TP
21270,-1.0,SHORT_TP,SHORT_TP
21271,-1.0,SHORT_TP,SHORT_TP
21272,-1.0,SHORT_TP,SHORT_TP
21273,-1.0,SHORT_TP,SHORT_TP
21274,-1.0,SHORT_TP,SHORT_TP
21275,-1.0,SHORT_TP,SHORT_TP
21276,-1.0,SHORT_TP,SHORT_TP
21277,-1.0,SHORT_TP,SHORT_TP
21278,1.0,LONG_TP,LONG_TP
21279,-1.0,SHORT_TP,SHORT_TP
21280,-1.0,SHORT_TP,SHORT_TP
21281,-1.0,SHORT_TP,SHORT_TP
21282,-1.0,SHORT_TP,SHORT_TP
21283,-1.0,SHORT_TP,SHORT_TP
21284,-1.0,SHORT_TP,SHORT_TP
21285,-1.0,SHORT_TP,SHORT_TP
21286,-1.0,SHORT_TP,SHORT_TP
21287,-1.0,SHORT_TP,SHORT_TP
21288,-1.0,SHORT_TP,SHORT_TP
21289,-1.0,SHORT_TP,SHORT_TP
21290,-1.0,SHORT_TP,SHORT_TP
21291,-1.0,SHORT_TP,SHORT_TP
21292,-1.0,SHORT_TP,SHORT_TP
21293,-1.0,SHORT_TP,SHORT_TP
21294,-1.0,SHORT_TP,SHORT_TP
21295,-1.0,SHORT_TP,SHORT_TP
21296,-1.0,SHORT_TP,SHORT_TP
21297,-1.0,SHORT_TP,SHORT_TP
21298,-1.0,SHORT_TP,SHORT_TP
21299,-1.0,SHORT_TP,SHORT_TP
21300,-1.0,SHORT_TP,SHORT_TP
21301,-1.0,SHORT_TP,SHORT_TP
21302,-1.0,SHORT_TP,SHORT_TP
21303,1.0,LONG_TP,LONG_TP
21304,1.0,LONG_TP,LONG_TP
21305,-1.0,SHORT_TP,SHORT_TP
21306,-1.0,SHORT_TP,SHORT_TP
21307,-1.0,SHORT_TP,SHORT_TP
21308,-1.0,SHORT_TP,SHORT_TP
21309,-1.0,SHORT_TP,SHORT_TP
21310,-1.0,SHORT_TP,SHORT_TP
21311,-1.0,SHORT_TP,SHORT_TP
21312,-1.0,SHORT_TP,SHORT_TP
21313,-1.0,SHORT_TP,SHORT_TP
21314,-1.0,SHORT_TP,SHORT_TP
21315,-1.0,SHORT_TP,SHORT_TP
21316,-1.0,SHORT_TP,SHORT_TP
21317,-1.0,SHORT_TP,SHORT_TP
21318,-1.0,SHORT_TP,SHORT_TP
21319,-1.0,SHORT_TP,SHORT_TP
21320,-1.0,SHORT_TP,SHORT_TP
21321,-1.0,SHORT_TP,SHORT_TP
21322,-1.0,SHORT_TP,SHORT_TP
21323,1.0,LONG_TP,LONG_TP
21324,1.0,LONG_TP,LONG_TP
21325,1.0,LONG_TP,LONG_TP
21326,1.0,LONG_TP,LONG_TP
21327,1.0,LONG_TP,LONG_TP
21328,1.0,LONG_TP,LONG_TP
21329,1.0,LONG_TP,LONG_TP
21330,1.0,LONG_TP,LONG_TP
21331,1.0,LONG_TP,LONG_TP
21332,1.0,LONG_TP,LONG_TP
21333,1.0,LONG_TP,LONG_TP
21334,1.0,LONG_TP,LONG_TP
21335,1.0,LONG_TP,LONG_TP
21336,1.0,LONG_TP,LONG_TP
21337,1.0,LONG_TP,LONG_TP
21338,1.0,LONG_TP,LONG_TP
21339,1.0,LONG_TP,LONG_TP
21340,1.0,LONG_TP,LONG_TP
21341,1.0,LONG_TP,LONG_TP
21342,1.0,LONG_TP,LONG_TP
21343,1.0,LONG_TP,LONG_TP
21344,1.0,LONG_TP,LONG_TP
21345,1.0,LONG_TP,LONG_TP
21346,1.0,LONG_TP,LONG_TP
21347,1.0,LONG_TP,LONG_TP
21348,1.0,LONG_TP,LONG_TP
21349,1.0,LONG_TP,LONG_TP
21350,1.0,LONG_TP,LONG_TP
21351,1.0,LONG_TP,LONG_TP
21352,1.0,LONG_TP,LONG_TP
21353,-1.0,SHORT_TP,SHORT_TP
21354,-1.0,SHORT_TP,SHORT_TP
21355,-1.0,SHORT_TP,SHORT_TP
21356,-1.0,SHORT_TP,SHORT_TP
21357,-1.0,SHORT_TP,SHORT_TP
21358,1.0,LONG_TP,LONG_TP
21359,1.0,LONG_TP,LONG_TP
21360,1.0,LONG_TP,LONG_TP
21361,1.0,LONG_TP,LONG_TP
21362,1.0,LONG_TP,LONG_TP
21363,1.0,LONG_TP,LONG_TP
21364,-1.0,SHORT_TP,SHORT_TP
21365,1.0,LONG_TP,LONG_TP
21366,1.0,LONG_TP,LONG_TP
21367,-1.0,SHORT_TP,SHORT_TP
21368,1.0,LONG_TP,LONG_TP
21369,1.0,LONG_TP,LONG_TP
21370,-1.0,SHORT_TP,SHORT_TP
21371,-1.0,SHORT_TP,SHORT_TP
21372,-1.0,SHORT_TP,SHORT_TP
21373,-1.0,SHORT_TP,SHORT_TP
21374,-1.0,SHORT_TP,SHORT_TP
21375,-1.0,SHORT_TP,SHORT_TP
21376,-1.0,SHORT_TP,SHORT_TP
21377,-1.0,SHORT_TP,SHORT_TP
21378,-1.0,SHORT_TP,SHORT_TP
21379,-1.0,SHORT_TP,SHORT_TP
21380,-1.0,SHORT_TP,SHORT_TP
21381,-1.0,SHORT_TP,SHORT_TP
21382,-1.0,SHORT_TP,SHORT_TP
21383,-1.0,SHORT_TP,SHORT_TP
21384,-1.0,SHORT_TP,SHORT_TP
21385,-1.0,SHORT_TP,SHORT_TP
21386,-1.0,SHORT_TP,SHORT_TP
21387,-1.0,SHORT_TP,SHORT_TP
21388,-1.0,SHORT_TP,SHORT_TP
21389,-1.0,SHORT_TP,SHORT_TP
21390,-1.0,SHORT_TP,SHORT_TP
21391,-1.0,SHORT_TP,SHORT_TP
21392,-1.0,SHORT_TP,SHORT_TP
21393,-1.0,SHORT_TP,SHORT_TP
21394,-1.0,SHORT_TP,SHORT_TP
21395,-1.0,SHORT_TP,SHORT_TP
21396,-1.0,SHORT_TP,SHORT_TP
21397,-1.0,SHORT_TP,SHORT_TP
21398,-1.0,SHORT_TP,SHORT_TP
21399,-1.0,SHORT_TP,SHORT_TP
21400,-1.0,SHORT_TP,SHORT_TP
21401,-1.0,SHORT_TP,SHORT_TP
21402,-1.0,SHORT_TP,SHORT_TP
21403,-1.0,SHORT_TP,SHORT_TP
21404,-1.0,SHORT_TP,SHORT_TP
21405,-1.0,SHORT_TP,SHORT_TP
21406,-1.0,SHORT_TP,SHORT_TP
21407,1.0,LONG_TP,LONG_TP
21408,1.0,LONG_TP,LONG_TP
21409,1.0,LONG_TP,LONG_TP
21410,1.0,LONG_TP,LONG_TP
21411,1.0,LONG_TP,LONG_TP
21412,1.0,LONG_TP,LONG_TP
21413,1.0,LONG_TP,LONG_TP
21414,1.0,LONG_TP,LONG_TP
21415,1.0,LONG_TP,LONG_TP
21416,1.0,LONG_TP,LONG_TP
21417,1.0,LONG_TP,LONG_TP
21418,1.0,LONG_TP,LONG_TP
21419,1.0,LONG_TP,LONG_TP
21420,1.0,LONG_TP,LONG_TP
21421,1.0,LONG_TP,LONG_TP
21422,1.0,LONG_TP,LONG_TP
21423,1.0,LONG_TP,LONG_TP
21424,1.0,LONG_TP,LONG_TP
21425,1.0,LONG_TP,LONG_TP
21426,1.0,LONG_TP,LONG_TP
21427,-1.0,SHORT_TP,SHORT_TP
21428,-1.0,SHORT_TP,SHORT_TP
21429,-1.0,SHORT_TP,SHORT_TP
21430,-1.0,SHORT_TP,SHORT_TP
21431,-1.0,SHORT_TP,SHORT_TP
21432,-1.0,SHORT_TP,SHORT_TP
21433,-1.0,SHORT_TP,SHORT_TP
21434,-1.0,SHORT_TP,SHORT_TP
21435,-1.0,SHORT_TP,SHORT_TP
21436,-1.0,SHORT_TP,SHORT_TP
21437,-1.0,SHORT_TP,SHORT_TP
21438,-1.0,SHORT_TP,SHORT_TP
21439,-1.0,SHORT_TP,SHORT_TP
21440,-1.0,SHORT_TP,SHORT_TP
21441,-1.0,SHORT_TP,SHORT_TP
21442,-1.0,SHORT_TP,SHORT_TP
21443,-1.0,SHORT_TP,SHORT_TP
21444,-1.0,SHORT_TP,SHORT_TP
21445,-1.0,SHORT_TP,SHORT_TP
21446,-1.0,SHORT_TP,SHORT_TP
21447,-1.0,SHORT_TP,SHORT_TP
21448,-1.0,SHORT_TP,SHORT_TP
21449,-1.0,SHORT_TP,SHORT_TP
21450,-1.0,SHORT_TP,SHORT_TP
21451,-1.0,SHORT_TP,SHORT_TP
21452,-1.0,SHORT_TP,SHORT_TP
21453,-1.0,SHORT_TP,SHORT_TP
21454,-1.0,SHORT_TP,SHORT_TP
21455,-1.0,SHORT_TP,SHORT_TP
21456,-1.0,SHORT_TP,SHORT_TP
21457,-1.0,SHORT_TP,SHORT_TP
21458,-1.0,SHORT_TP,SHORT_TP
21459,-1.0,SHORT_TP,SHORT_TP
21460,-1.0,SHORT_TP,SHORT_TP
21461,-1.0,SHORT_TP,SHORT_TP
21462,-1.0,SHORT_TP,SHORT_TP
21463,-1.0,SHORT_TP,SHORT_TP
21464,-1.0,SHORT_TP,SHORT_TP
21465,1.0,LONG_TP,LONG_TP
21466,-1.0,SHORT_TP,SHORT_TP
21467,1.0,LONG_TP,LONG_TP
21468,1.0,LONG_TP,LONG_TP
21469,1.0,LONG_TP,LONG_TP
21470,1.0,LONG_TP,LONG_TP
21471,1.0,LONG_TP,LONG_TP
21472,1.0,LONG_TP,LONG_TP
21473,1.0,LONG_TP,LONG_TP
21474,1.0,LONG_TP,LONG_TP
21475,1.0,LONG_TP,LONG_TP
21476,1.0,LONG_TP,LONG_TP
21477,-1.0,SHORT_TP,SHORT_TP
21478,-1.0,SHORT_TP,SHORT_TP
21479,-1.0,SHORT_TP,SHORT_TP
21480,-1.0,SHORT_TP,SHORT_TP
21481,-1.0,SHORT_TP,SHORT_TP
21482,-1.0,SHORT_TP,SHORT_TP
21483,-1.0,SHORT_TP,SHORT_TP
21484,-1.0,SHORT_TP,SHORT_TP
21485,1.0,LONG_TP,LONG_TP
21486,1.0,LONG_TP,LONG_TP
21487,1.0,LONG_TP,LONG_TP
21488,1.0,LONG_TP,LONG_TP
21489,1.0,LONG_TP,LONG_TP
21490,1.0,LONG_TP,LONG_TP
21491,1.0,LONG_TP,LONG_TP
21492,1.0,LONG_TP,LONG_TP
21493,1.0,LONG_TP,LONG_TP
21494,1.0,LONG_TP,LONG_TP
21495,1.0,LONG_TP,LONG_TP
21496,1.0,LONG_TP,LONG_TP
21497,-1.0,SHORT_TP,SHORT_TP
21498,-1.0,SHORT_TP,SHORT_TP
21499,-1.0,SHORT_TP,SHORT_TP
21500,-1.0,SHORT_TP,SHORT_TP
21501,-1.0,SHORT_TP,SHORT_TP
21502,-1.0,SHORT_TP,SHORT_TP
21503,-1.0,SHORT_TP,SHORT_TP
21504,-1.0,SHORT_TP,SHORT_TP
21505,1.0,LONG_TP,LONG_TP
21506,1.0,LONG_TP,LONG_TP
21507,1.0,LONG_TP,LONG_TP
21508,1.0,LONG_TP,LONG_TP
21509,1.0,LONG_TP,LONG_TP
21510,1.0,LONG_TP,LONG_TP
21511,1.0,LONG_TP,LONG_TP
21512,1.0,LONG_TP,LONG_TP
21513,-1.0,SHORT_TP,SHORT_TP
21514,-1.0,SHORT_TP,SHORT_TP
21515,-1.0,SHORT_TP,SHORT_TP
21516,-1.0,SHORT_TP,SHORT_TP
21517,-1.0,SHORT_TP,SHORT_TP
21518,-1.0,SHORT_TP,SHORT_TP
21519,-1.0,SHORT_TP,SHORT_TP
21520,-1.0,SHORT_TP,SHORT_TP
21521,-1.0,SHORT_TP,SHORT_TP
21522,-1.0,SHORT_TP,SHORT_TP
21523,-1.0,SHORT_TP,SHORT_TP
21524,-1.0,SHORT_TP,SHORT_TP
21525,-1.0,SHORT_TP,SHORT_TP
21526,-1.0,SHORT_TP,SHORT_TP
21527,-1.0,SHORT_TP,SHORT_TP
21528,-1.0,SHORT_TP,SHORT_TP
21529,-1.0,SHORT_TP,SHORT_TP
21530,-1.0,SHORT_TP,SHORT_TP
21531,-1.0,SHORT_TP,SHORT_TP
21532,-1.0,SHORT_TP,SHORT_TP
21533,-1.0,SHORT_TP,SHORT_TP
21534,-1.0,SHORT_TP,SHORT_TP
21535,-1.0,SHORT_TP,SHORT_TP
21536,-1.0,SHORT_TP,SHORT_TP
21537,-1.0,SHORT_TP,SHORT_TP
21538,-1.0,SHORT_TP,SHORT_TP
21539,-1.0,SHORT_TP,SHORT_TP
21540,-1.0,SHORT_TP,SHORT_TP
21541,-1.0,SHORT_TP,SHORT_TP
21542,-1.0,SHORT_TP,SHORT_TP
21543,-1.0,SHORT_TP,SHORT_TP
21544,-1.0,SHORT_TP,SHORT_TP
21545,-1.0,SHORT_TP,SHORT_TP
21546,-1.0,SHORT_TP,SHORT_TP
21547,-1.0,SHORT_TP,SHORT_TP
21548,-1.0,SHORT_TP,SHORT_TP
21549,-1.0,SHORT_TP,SHORT_TP
21550,-1.0,SHORT_TP,SHORT_TP
21551,-1.0,SHORT_TP,SHORT_TP
21552,-1.0,SHORT_TP,SHORT_TP
21553,1.0,LONG_TP,LONG_TP
21554,1.0,LONG_TP,LONG_TP
21555,1.0,LONG_TP,LONG_TP
21556,1.0,LONG_TP,LONG_TP
21557,1.0,LONG_TP,LONG_TP
21558,1.0,LONG_TP,LONG_TP
21559,-1.0,SHORT_TP,SHORT_TP
21560,-1.0,SHORT_TP,SHORT_TP
21561,-1.0,SHORT_TP,SHORT_TP
21562,-1.0,SHORT_TP,SHORT_TP
21563,-1.0,SHORT_TP,SHORT_TP
21564,-1.0,SHORT_TP,SHORT_TP
21565,1.0,LONG_TP,LONG_TP
21566,1.0,LONG_TP,LONG_TP
21567,1.0,LONG_TP,LONG_TP
21568,1.0,LONG_TP,LONG_TP
21569,1.0,LONG_TP,LONG_TP
21570,1.0,LONG_TP,LONG_TP
21571,1.0,LONG_TP,LONG_TP
21572,1.0,LONG_TP,LONG_TP
21573,1.0,LONG_TP,LONG_TP
21574,1.0,LONG_TP,LONG_TP
21575,1.0,LONG_TP,LONG_TP
21576,1.0,LONG_TP,LONG_TP
21577,1.0,LONG_TP,LONG_TP
21578,1.0,LONG_TP,LONG_TP
21579,1.0,LONG_TP,LONG_TP
21580,1.0,LONG_TP,LONG_TP
21581,1.0,LONG_TP,LONG_TP
21582,1.0,LONG_TP,LONG_TP
21583,1.0,LONG_TP,LONG_TP
21584,1.0,LONG_TP,LONG_TP
21585,1.0,LONG_TP,LONG_TP
21586,1.0,LONG_TP,LONG_TP
21587,1.0,LONG_TP,LONG_TP
21588,1.0,LONG_TP,LONG_TP
21589,1.0,LONG_TP,LONG_TP
21590,1.0,LONG_TP,LONG_TP
21591,1.0,LONG_TP,LONG_TP
21592,1.0,LONG_TP,LONG_TP
21593,1.0,LONG_TP,LONG_TP
21594,1.0,LONG_TP,LONG_TP
21595,1.0,LONG_TP,LONG_TP
21596,1.0,LONG_TP,LONG_TP
21597,1.0,LONG_TP,LONG_TP
21598,1.0,LONG_TP,LONG_TP
21599,1.0,LONG_TP,LONG_TP
21600,1.0,LONG_TP,LONG_TP
21601,1.0,LONG_TP,LONG_TP
21602,1.0,LONG_TP,LONG_TP
21603,1.0,LONG_TP,LONG_TP
21604,1.0,LONG_TP,LONG_TP
21605,1.0,LONG_TP,LONG_TP
21606,-1.0,SHORT_TP,SHORT_TP
21607,-1.0,SHORT_TP,SHORT_TP
21608,-1.0,SHORT_TP,SHORT_TP
21609,-1.0,SHORT_TP,SHORT_TP
21610,-1.0,SHORT_TP,SHORT_TP
21611,-1.0,SHORT_TP,SHORT_TP
21612,-1.0,SHORT_TP,SHORT_TP
21613,-1.0,SHORT_TP,SHORT_TP
21614,-1.0,SHORT_TP,SHORT_TP
21615,-1.0,SHORT_TP,SHORT_TP
21616,-1.0,SHORT_TP,SHORT_TP
21617,-1.0,SHORT_TP,SHORT_TP
21618,-1.0,SHORT_TP,SHORT_TP
21619,-1.0,SHORT_TP,SHORT_TP
21620,-1.0,SHORT_TP,SHORT_TP
21621,-1.0,SHORT_TP,SHORT_TP
21622,-1.0,SHORT_TP,SHORT_TP
21623,-1.0,SHORT_TP,SHORT_TP
21624,-1.0,SHORT_TP,SHORT_TP
21625,-1.0,SHORT_TP,SHORT_TP
21626,-1.0,SHORT_TP,SHORT_TP
21627,-1.0,SHORT_TP,SHORT_TP
21628,-1.0,SHORT_TP,SHORT_TP
21629,-1.0,SHORT_TP,SHORT_TP
21630,-1.0,SHORT_TP,SHORT_TP
21631,-1.0,SHORT_TP,SHORT_TP
21632,1.0,LONG_TP,LONG_TP
21633,1.0,LONG_TP,LONG_TP
21634,1.0,LONG_TP,LONG_TP
21635,1.0,LONG_TP,LONG_TP
21636,1.0,LONG_TP,LONG_TP
21637,1.0,LONG_TP,LONG_TP
21638,1.0,LONG_TP,LONG_TP
21639,1.0,LONG_TP,LONG_TP
21640,1.0,LONG_TP,LONG_TP
21641,1.0,LONG_TP,LONG_TP
21642,1.0,LONG_TP,LONG_TP
21643,1.0,LONG_TP,LONG_TP
21644,1.0,LONG_TP,LONG_TP
21645,1.0,LONG_TP,LONG_TP
21646,1.0,LONG_TP,LONG_TP
21647,1.0,LONG_TP,LONG_TP
21648,1.0,LONG_TP,LONG_TP
21649,1.0,LONG_TP,LONG_TP
21650,1.0,LONG_TP,LONG_TP
21651,1.0,LONG_TP,LONG_TP
21652,1.0,LONG_TP,LONG_TP
21653,1.0,LONG_TP,LONG_TP
21654,1.0,LONG_TP,LONG_TP
21655,1.0,LONG_TP,LONG_TP
21656,1.0,LONG_TP,LONG_TP
21657,1.0,LONG_TP,LONG_TP
21658,1.0,LONG_TP,LONG_TP
21659,1.0,LONG_TP,LONG_TP
21660,1.0,LONG_TP,LONG_TP
21661,1.0,LONG_TP,LONG_TP
21662,1.0,LONG_TP,LONG_TP
21663,1.0,LONG_TP,LONG_TP
21664,1.0,LONG_TP,LONG_TP
21665,1.0,LONG_TP,LONG_TP
21666,1.0,LONG_TP,LONG_TP
21667,1.0,LONG_TP,LONG_TP
21668,1.0,LONG_TP,LONG_TP
21669,1.0,LONG_TP,LONG_TP
21670,1.0,LONG_TP,LONG_TP
21671,1.0,LONG_TP,LONG_TP
21672,1.0,LONG_TP,LONG_TP
21673,1.0,LONG_TP,LONG_TP
21674,1.0,LONG_TP,LONG_TP
21675,1.0,LONG_TP,LONG_TP
21676,1.0,LONG_TP,LONG_TP
21677,1.0,LONG_TP,LONG_TP
21678,-1.0,SHORT_TP,SHORT_TP
21679,-1.0,SHORT_TP,SHORT_TP
21680,-1.0,SHORT_TP,SHORT_TP
21681,-1.0,SHORT_TP,SHORT_TP
21682,-1.0,SHORT_TP,SHORT_TP
21683,-1.0,SHORT_TP,SHORT_TP
21684,-1.0,SHORT_TP,SHORT_TP
21685,-1.0,SHORT_TP,SHORT_TP
21686,-1.0,SHORT_TP,SHORT_TP
21687,-1.0,SHORT_TP,SHORT_TP
21688,-1.0,SHORT_TP,SHORT_TP
21689,-1.0,SHORT_TP,SHORT_TP
21690,-1.0,SHORT_TP,SHORT_TP
21691,-1.0,SHORT_TP,SHORT_TP
21692,-1.0,SHORT_TP,SHORT_TP
21693,-1.0,SHORT_TP,SHORT_TP
21694,-1.0,SHORT_TP,SHORT_TP
21695,-1.0,SHORT_TP,SHORT_TP
21696,-1.0,SHORT_TP,SHORT_TP
21697,-1.0,SHORT_TP,SHORT_TP
21698,-1.0,SHORT_TP,SHORT_TP
21699,-1.0,SHORT_TP,SHORT_TP
21700,-1.0,SHORT_TP,SHORT_TP
21701,-1.0,SHORT_TP,SHORT_TP
21702,-1.0,SHORT_TP,SHORT_TP
21703,1.0,LONG_TP,LONG_TP
21704,1.0,LONG_TP,LONG_TP
21705,1.0,LONG_TP,LONG_TP
21706,1.0,LONG_TP,LONG_TP
21707,1.0,LONG_TP,LONG_TP
21708,1.0,LONG_TP,LONG_TP
21709,1.0,LONG_TP,LONG_TP
21710,1.0,LONG_TP,LONG_TP
21711,1.0,LONG_TP,LONG_TP
21712,-1.0,SHORT_TP,SHORT_TP
21713,-1.0,SHORT_TP,SHORT_TP
21714,-1.0,SHORT_TP,SHORT_TP
21715,-1.0,SHORT_TP,SHORT_TP
21716,-1.0,SHORT_TP,SHORT_TP
21717,-1.0,SHORT_TP,SHORT_TP
21718,-1.0,SHORT_TP,SHORT_TP
21719,-1.0,SHORT_TP,SHORT_TP
21720,-1.0,SHORT_TP,SHORT_TP
21721,-1.0,SHORT_TP,SHORT_TP
21722,-1.0,SHORT_TP,SHORT_TP
21723,-1.0,SHORT_TP,SHORT_TP
21724,-1.0,SHORT_TP,SHORT_TP
21725,-1.0,SHORT_TP,SHORT_TP
21726,-1.0,SHORT_TP,SHORT_TP
21727,-1.0,SHORT_TP,SHORT_TP
21728,-1.0,SHORT_TP,SHORT_TP
21729,-1.0,SHORT_TP,SHORT_TP
21730,-1.0,SHORT_TP,SHORT_TP
21731,-1.0,SHORT_TP,SHORT_TP
21732,-1.0,SHORT_TP,SHORT_TP
21733,-1.0,SHORT_TP,SHORT_TP
21734,-1.0,SHORT_TP,SHORT_TP
21735,-1.0,SHORT_TP,SHORT_TP
21736,-1.0,SHORT_TP,SHORT_TP
21737,-1.0,SHORT_TP,SHORT_TP
21738,-1.0,SHORT_TP,SHORT_TP
21739,-1.0,SHORT_TP,SHORT_TP
21740,-1.0,SHORT_TP,SHORT_TP
21741,-1.0,SHORT_TP,SHORT_TP
21742,-1.0,SHORT_TP,SHORT_TP
21743,-1.0,SHORT_TP,SHORT_TP
21744,-1.0,SHORT_TP,SHORT_TP
21745,-1.0,SHORT_TP,SHORT_TP
21746,-1.0,SHORT_TP,SHORT_TP
21747,1.0,LONG_TP,LONG_TP
21748,-1.0,SHORT_TP,SHORT_TP
21749,-1.0,SHORT_TP,SHORT_TP
21750,-1.0,SHORT_TP,SHORT_TP
21751,1.0,LONG_TP,LONG_TP
21752,1.0,LONG_TP,LONG_TP
21753,1.0,LONG_TP,LONG_TP
21754,1.0,LONG_TP,LONG_TP
21755,1.0,LONG_TP,LONG_TP
21756,1.0,LONG_TP,LONG_TP
21757,1.0,LONG_TP,LONG_TP
21758,1.0,LONG_TP,LONG_TP
21759,1.0,LONG_TP,LONG_TP
21760,1.0,LONG_TP,LONG_TP
21761,1.0,LONG_TP,LONG_TP
21762,1.0,LONG_TP,LONG_TP
21763,1.0,LONG_TP,LONG_TP
21764,1.0,LONG_TP,LONG_TP
21765,1.0,LONG_TP,LONG_TP
21766,1.0,LONG_TP,LONG_TP
21767,1.0,LONG_TP,LONG_TP
21768,1.0,LONG_TP,LONG_TP
21769,1.0,LONG_TP,LONG_TP
21770,1.0,LONG_TP,LONG_TP
21771,1.0,LONG_TP,LONG_TP
21772,1.0,LONG_TP,LONG_TP
21773,1.0,LONG_TP,LONG_TP
21774,1.0,LONG_TP,LONG_TP
21775,1.0,LONG_TP,LONG_TP
21776,1.0,LONG_TP,LONG_TP
21777,1.0,LONG_TP,LONG_TP
21778,1.0,LONG_TP,LONG_TP
21779,1.0,LONG_TP,LONG_TP
21780,1.0,LONG_TP,LONG_TP
21781,1.0,LONG_TP,LONG_TP
21782,1.0,LONG_TP,LONG_TP
21783,1.0,LONG_TP,LONG_TP
21784,1.0,LONG_TP,LONG_TP
21785,1.0,LONG_TP,LONG_TP
21786,1.0,LONG_TP,LONG_TP
21787,1.0,LONG_TP,LONG_TP
21788,1.0,LONG_TP,LONG_TP
21789,1.0,LONG_TP,LONG_TP
21790,1.0,LONG_TP,LONG_TP
21791,1.0,LONG_TP,LONG_TP
21792,1.0,LONG_TP,LONG_TP
21793,1.0,LONG_TP,LONG_TP
21794,1.0,LONG_TP,LONG_TP
21795,1.0,LONG_TP,LONG_TP
21796,1.0,LONG_TP,LONG_TP
21797,1.0,LONG_TP,LONG_TP
21798,1.0,LONG_TP,LONG_TP
21799,1.0,LONG_TP,LONG_TP
21800,1.0,LONG_TP,LONG_TP
21801,1.0,LONG_TP,LONG_TP
21802,-1.0,SHORT_TP,SHORT_TP
21803,-1.0,SHORT_TP,SHORT_TP
21804,-1.0,SHORT_TP,SHORT_TP
21805,-1.0,SHORT_TP,SHORT_TP
21806,-1.0,SHORT_TP,SHORT_TP
21807,-1.0,SHORT_TP,SHORT_TP
21808,-1.0,SHORT_TP,SHORT_TP
21809,-1.0,SHORT_TP,SHORT_TP
21810,-1.0,SHORT_TP,SHORT_TP
21811,-1.0,SHORT_TP,SHORT_TP
21812,-1.0,SHORT_TP,SHORT_TP
21813,-1.0,SHORT_TP,SHORT_TP
21814,-1.0,SHORT_TP,SHORT_TP
21815,-1.0,SHORT_TP,SHORT_TP
21816,-1.0,SHORT_TP,SHORT_TP
21817,-1.0,SHORT_TP,SHORT_TP
21818,-1.0,SHORT_TP,SHORT_TP
21819,-1.0,SHORT_TP,SHORT_TP
21820,-1.0,SHORT_TP,SHORT_TP
21821,-1.0,SHORT_TP,SHORT_TP
21822,-1.0,SHORT_TP,SHORT_TP
21823,-1.0,SHORT_TP,SHORT_TP
21824,-1.0,SHORT_TP,SHORT_TP
21825,-1.0,SHORT_TP,SHORT_TP
21826,-1.0,SHORT_TP,SHORT_TP
21827,-1.0,SHORT_TP,SHORT_TP
21828,-1.0,SHORT_TP,SHORT_TP
21829,-1.0,SHORT_TP,SHORT_TP
21830,-1.0,SHORT_TP,SHORT_TP
21831,-1.0,SHORT_TP,SHORT_TP
21832,-1.0,SHORT_TP,SHORT_TP
21833,1.0,LONG_TP,LONG_TP
21834,1.0,LONG_TP,LONG_TP
21835,1.0,LONG_TP,LONG_TP
21836,1.0,LONG_TP,LONG_TP
21837,1.0,LONG_TP,LONG_TP
21838,-1.0,SHORT_TP,SHORT_TP
21839,-1.0,SHORT_TP,SHORT_TP
21840,-1.0,SHORT_TP,SHORT_TP
21841,-1.0,SHORT_TP,SHORT_TP
21842,-1.0,SHORT_TP,SHORT_TP
21843,-1.0,SHORT_TP,SHORT_TP
21844,-1.0,SHORT_TP,SHORT_TP
21845,-1.0,SHORT_TP,SHORT_TP
21846,-1.0,SHORT_TP,SHORT_TP
21847,-1.0,SHORT_TP,SHORT_TP
21848,-1.0,SHORT_TP,SHORT_TP
21849,-1.0,SHORT_TP,SHORT_TP
21850,-1.0,SHORT_TP,SHORT_TP
21851,-1.0,SHORT_TP,SHORT_TP
21852,-1.0,SHORT_TP,SHORT_TP
21853,-1.0,SHORT_TP,SHORT_TP
21854,-1.0,SHORT_TP,SHORT_TP
21855,-1.0,SHORT_TP,SHORT_TP
21856,-1.0,SHORT_TP,SHORT_TP
21857,-1.0,SHORT_TP,SHORT_TP
21858,-1.0,SHORT_TP,SHORT_TP
21859,-1.0,SHORT_TP,SHORT_TP
21860,-1.0,SHORT_TP,SHORT_TP
21861,-1.0,SHORT_TP,SHORT_TP
21862,-1.0,SHORT_TP,SHORT_TP
21863,-1.0,SHORT_TP,SHORT_TP
21864,-1.0,SHORT_TP,SHORT_TP
21865,1.0,LONG_TP,LONG_TP
21866,1.0,LONG_TP,LONG_TP
21867,1.0,LONG_TP,LONG_TP
21868,1.0,LONG_TP,LONG_TP
21869,1.0,LONG_TP,LONG_TP
21870,1.0,LONG_TP,LONG_TP
21871,1.0,LONG_TP,LONG_TP
21872,1.0,LONG_TP,LONG_TP
21873,1.0,LONG_TP,LONG_TP
21874,1.0,LONG_TP,LONG_TP
21875,1.0,LONG_TP,LONG_TP
21876,1.0,LONG_TP,LONG_TP
21877,1.0,LONG_TP,LONG_TP
21878,1.0,LONG_TP,LONG_TP
21879,1.0,LONG_TP,LONG_TP
21880,1.0,LONG_TP,LONG_TP
21881,1.0,LONG_TP,LONG_TP
21882,1.0,LONG_TP,LONG_TP
21883,1.0,LONG_TP,LONG_TP
21884,1.0,LONG_TP,LONG_TP
21885,1.0,LONG_TP,LONG_TP
21886,-1.0,SHORT_TP,SHORT_TP
21887,-1.0,SHORT_TP,SHORT_TP
21888,1.0,LONG_TP,LONG_TP
21889,1.0,LONG_TP,LONG_TP
21890,1.0,LONG_TP,LONG_TP
21891,1.0,LONG_TP,LONG_TP
21892,1.0,LONG_TP,LONG_TP
21893,1.0,LONG_TP,LONG_TP
21894,1.0,LONG_TP,LONG_TP
21895,1.0,LONG_TP,LONG_TP
21896,1.0,LONG_TP,LONG_TP
21897,1.0,LONG_TP,LONG_TP
21898,1.0,LONG_TP,LONG_TP
21899,1.0,LONG_TP,LONG_TP
21900,1.0,LONG_TP,LONG_TP
21901,1.0,LONG_TP,LONG_TP
21902,1.0,LONG_TP,LONG_TP
21903,1.0,LONG_TP,LONG_TP
21904,1.0,LONG_TP,LONG_TP
21905,1.0,LONG_TP,LONG_TP
21906,1.0,LONG_TP,LONG_TP
21907,1.0,LONG_TP,LONG_TP
21908,1.0,LONG_TP,LONG_TP
21909,1.0,LONG_TP,LONG_TP
21910,1.0,LONG_TP,LONG_TP
21911,1.0,LONG_TP,LONG_TP
21912,-1.0,SHORT_TP,SHORT_TP
21913,-1.0,SHORT_TP,SHORT_TP
21914,-1.0,SHORT_TP,SHORT_TP
21915,-1.0,SHORT_TP,SHORT_TP
21916,-1.0,SHORT_TP,SHORT_TP
21917,-1.0,SHORT_TP,SHORT_TP
21918,-1.0,SHORT_TP,SHORT_TP
21919,-1.0,SHORT_TP,SHORT_TP
21920,-1.0,SHORT_TP,SHORT_TP
21921,-1.0,SHORT_TP,SHORT_TP
21922,-1.0,SHORT_TP,SHORT_TP
21923,-1.0,SHORT_TP,SHORT_TP
21924,-1.0,SHORT_TP,SHORT_TP
21925,-1.0,SHORT_TP,SHORT_TP
21926,-1.0,SHORT_TP,SHORT_TP
21927,-1.0,SHORT_TP,SHORT_TP
21928,-1.0,SHORT_TP,SHORT_TP
21929,-1.0,SHORT_TP,SHORT_TP
21930,-1.0,SHORT_TP,SHORT_TP
21931,-1.0,SHORT_TP,SHORT_TP
21932,-1.0,SHORT_TP,SHORT_TP
21933,-1.0,SHORT_TP,SHORT_TP
21934,-1.0,SHORT_TP,SHORT_TP
21935,-1.0,SHORT_TP,SHORT_TP
21936,-1.0,SHORT_TP,SHORT_TP
21937,-1.0,SHORT_TP,SHORT_TP
21938,-1.0,SHORT_TP,SHORT_TP
21939,-1.0,SHORT_TP,SHORT_TP
21940,-1.0,SHORT_TP,SHORT_TP
21941,-1.0,SHORT_TP,SHORT_TP
21942,-1.0,SHORT_TP,SHORT_TP
21943,-1.0,SHORT_TP,SHORT_TP
21944,-1.0,SHORT_TP,SHORT_TP
21945,-1.0,SHORT_TP,SHORT_TP
21946,-1.0,SHORT_TP,SHORT_TP
21947,-1.0,SHORT_TP,SHORT_TP
21948,-1.0,SHORT_TP,SHORT_TP
21949,-1.0,SHORT_TP,SHORT_TP
21950,-1.0,SHORT_TP,SHORT_TP
21951,-1.0,SHORT_TP,SHORT_TP
21952,-1.0,SHORT_TP,SHORT_TP
21953,-1.0,SHORT_TP,SHORT_TP
21954,-1.0,SHORT_TP,SHORT_TP
21955,-1.0,SHORT_TP,SHORT_TP
21956,-1.0,SHORT_TP,SHORT_TP
21957,-1.0,SHORT_TP,SHORT_TP
21958,-1.0,SHORT_TP,SHORT_TP
21959,-1.0,SHORT_TP,SHORT_TP
21960,-1.0,SHORT_TP,SHORT_TP
21961,-1.0,SHORT_TP,SHORT_TP
21962,-1.0,SHORT_TP,SHORT_TP
21963,-1.0,SHORT_TP,SHORT_TP
21964,-1.0,SHORT_TP,SHORT_TP
21965,1.0,LONG_TP,LONG_TP
21966,1.0,LONG_TP,LONG_TP
21967,-1.0,SHORT_TP,SHORT_TP
21968,-1.0,SHORT_TP,SHORT_TP
21969,-1.0,SHORT_TP,SHORT_TP
21970,-1.0,SHORT_TP,SHORT_TP
21971,-1.0,SHORT_TP,SHORT_TP
21972,-1.0,SHORT_TP,SHORT_TP
21973,1.0,LONG_TP,LONG_TP
21974,1.0,LONG_TP,LONG_TP
21975,1.0,LONG_TP,LONG_TP
21976,1.0,LONG_TP,LONG_TP
21977,1.0,LONG_TP,LONG_TP
21978,1.0,LONG_TP,LONG_TP
21979,-1.0,SHORT_TP,SHORT_TP
21980,-1.0,SHORT_TP,SHORT_TP
21981,-1.0,SHORT_TP,SHORT_TP
21982,-1.0,SHORT_TP,SHORT_TP
21983,-1.0,SHORT_TP,SHORT_TP
21984,-1.0,SHORT_TP,SHORT_TP
21985,1.0,LONG_TP,LONG_TP
21986,-1.0,SHORT_TP,SHORT_TP
21987,-1.0,SHORT_TP,SHORT_TP
21988,-1.0,SHORT_TP,SHORT_TP
21989,-1.0,SHORT_TP,SHORT_TP
21990,-1.0,SHORT_TP,SHORT_TP
21991,-1.0,SHORT_TP,SHORT_TP
21992,-1.0,SHORT_TP,SHORT_TP
21993,-1.0,SHORT_TP,SHORT_TP
21994,-1.0,SHORT_TP,SHORT_TP
21995,-1.0,SHORT_TP,SHORT_TP
21996,-1.0,SHORT_TP,SHORT_TP
21997,-1.0,SHORT_TP,SHORT_TP
21998,-1.0,SHORT_TP,SHORT_TP
21999,1.0,LONG_TP,LONG_TP
22000,1.0,LONG_TP,LONG_TP
22001,1.0,LONG_TP,LONG_TP
22002,1.0,LONG_TP,LONG_TP
22003,1.0,LONG_TP,LONG_TP
22004,1.0,LONG_TP,LONG_TP
22005,1.0,LONG_TP,LONG_TP
22006,1.0,LONG_TP,LONG_TP
22007,1.0,LONG_TP,LONG_TP
22008,1.0,LONG_TP,LONG_TP
22009,1.0,LONG_TP,LONG_TP
22010,1.0,LONG_TP,LONG_TP
22011,1.0,LONG_TP,LONG_TP
22012,1.0,LONG_TP,LONG_TP
22013,1.0,LONG_TP,LONG_TP
22014,1.0,LONG_TP,LONG_TP
22015,1.0,LONG_TP,LONG_TP
22016,1.0,LONG_TP,LONG_TP
22017,1.0,LONG_TP,LONG_TP
22018,1.0,LONG_TP,LONG_TP
22019,1.0,LONG_TP,LONG_TP
22020,-1.0,SHORT_TP,SHORT_TP
22021,1.0,LONG_TP,LONG_TP
22022,1.0,LONG_TP,LONG_TP
22023,1.0,LONG_TP,LONG_TP
22024,1.0,LONG_TP,LONG_TP
22025,1.0,LONG_TP,LONG_TP
22026,1.0,LONG_TP,LONG_TP
22027,1.0,LONG_TP,LONG_TP
22028,1.0,LONG_TP,LONG_TP
22029,1.0,LONG_TP,LONG_TP
22030,1.0,LONG_TP,LONG_TP
22031,1.0,LONG_TP,LONG_TP
22032,1.0,LONG_TP,LONG_TP
22033,1.0,LONG_TP,LONG_TP
22034,1.0,LONG_TP,LONG_TP
22035,-1.0,SHORT_TP,SHORT_TP
22036,-1.0,SHORT_TP,SHORT_TP
22037,-1.0,SHORT_TP,SHORT_TP
22038,-1.0,SHORT_TP,SHORT_TP
22039,-1.0,SHORT_TP,SHORT_TP
22040,-1.0,SHORT_TP,SHORT_TP
22041,-1.0,SHORT_TP,SHORT_TP
22042,1.0,LONG_TP,LONG_TP
22043,1.0,LONG_TP,LONG_TP
22044,1.0,LONG_TP,LONG_TP
22045,1.0,LONG_TP,LONG_TP
22046,1.0,LONG_TP,LONG_TP
22047,1.0,LONG_TP,LONG_TP
22048,1.0,LONG_TP,LONG_TP
22049,1.0,LONG_TP,LONG_TP
22050,1.0,LONG_TP,LONG_TP
22051,1.0,LONG_TP,LONG_TP
22052,1.0,LONG_TP,LONG_TP
22053,1.0,LONG_TP,LONG_TP
22054,1.0,LONG_TP,LONG_TP
22055,1.0,LONG_TP,LONG_TP
22056,1.0,LONG_TP,LONG_TP
22057,1.0,LONG_TP,LONG_TP
22058,1.0,LONG_TP,LONG_TP
22059,1.0,LONG_TP,LONG_TP
22060,1.0,LONG_TP,LONG_TP
22061,1.0,LONG_TP,LONG_TP
22062,1.0,LONG_TP,LONG_TP
22063,1.0,LONG_TP,LONG_TP
22064,1.0,LONG_TP,LONG_TP
22065,1.0,LONG_TP,LONG_TP
22066,1.0,LONG_TP,LONG_TP
22067,1.0,LONG_TP,LONG_TP
22068,-1.0,SHORT_TP,SHORT_TP
22069,-1.0,SHORT_TP,SHORT_TP
22070,-1.0,SHORT_TP,SHORT_TP
22071,-1.0,SHORT_TP,SHORT_TP
22072,-1.0,SHORT_TP,SHORT_TP
22073,-1.0,SHORT_TP,SHORT_TP
22074,-1.0,SHORT_TP,SHORT_TP
22075,-1.0,SHORT_TP,SHORT_TP
22076,-1.0,SHORT_TP,SHORT_TP
22077,-1.0,SHORT_TP,SHORT_TP
22078,-1.0,SHORT_TP,SHORT_TP
22079,-1.0,SHORT_TP,SHORT_TP
22080,-1.0,SHORT_TP,SHORT_TP
22081,-1.0,SHORT_TP,SHORT_TP
22082,-1.0,SHORT_TP,SHORT_TP
22083,-1.0,SHORT_TP,SHORT_TP
22084,1.0,LONG_TP,LONG_TP
22085,1.0,LONG_TP,LONG_TP
22086,1.0,LONG_TP,LONG_TP
22087,1.0,LONG_TP,LONG_TP
22088,1.0,LONG_TP,LONG_TP
22089,1.0,LONG_TP,LONG_TP
22090,1.0,LONG_TP,LONG_TP
22091,-1.0,SHORT_TP,SHORT_TP
22092,-1.0,SHORT_TP,SHORT_TP
22093,-1.0,SHORT_TP,SHORT_TP
22094,-1.0,SHORT_TP,SHORT_TP
22095,-1.0,SHORT_TP,SHORT_TP
22096,-1.0,SHORT_TP,SHORT_TP
22097,1.0,LONG_TP,LONG_TP
22098,1.0,LONG_TP,LONG_TP
22099,1.0,LONG_TP,LONG_TP
22100,1.0,LONG_TP,LONG_TP
22101,1.0,LONG_TP,LONG_TP
22102,1.0,LONG_TP,LONG_TP
22103,1.0,LONG_TP,LONG_TP
22104,1.0,LONG_TP,LONG_TP
22105,1.0,LONG_TP,LONG_TP
22106,-1.0,SHORT_TP,SHORT_TP
22107,-1.0,SHORT_TP,SHORT_TP
22108,-1.0,SHORT_TP,SHORT_TP
22109,-1.0,SHORT_TP,SHORT_TP
22110,-1.0,SHORT_TP,SHORT_TP
22111,-1.0,SHORT_TP,SHORT_TP
22112,-1.0,SHORT_TP,SHORT_TP
22113,-1.0,SHORT_TP,SHORT_TP
22114,-1.0,SHORT_TP,SHORT_TP
22115,-1.0,SHORT_TP,SHORT_TP
22116,-1.0,SHORT_TP,SHORT_TP
22117,-1.0,SHORT_TP,SHORT_TP
22118,-1.0,SHORT_TP,SHORT_TP
22119,-1.0,SHORT_TP,SHORT_TP
22120,-1.0,SHORT_TP,SHORT_TP
22121,-1.0,SHORT_TP,SHORT_TP
22122,-1.0,SHORT_TP,SHORT_TP
22123,-1.0,SHORT_TP,SHORT_TP
22124,-1.0,SHORT_TP,SHORT_TP
22125,1.0,LONG_TP,LONG_TP
22126,1.0,LONG_TP,LONG_TP
22127,1.0,LONG_TP,LONG_TP
22128,1.0,LONG_TP,LONG_TP
22129,1.0,LONG_TP,LONG_TP
22130,1.0,LONG_TP,LONG_TP
22131,1.0,LONG_TP,LONG_TP
22132,1.0,LONG_TP,LONG_TP
22133,1.0,LONG_TP,LONG_TP
22134,1.0,LONG_TP,LONG_TP
22135,1.0,LONG_TP,LONG_TP
22136,1.0,LONG_TP,LONG_TP
22137,1.0,LONG_TP,LONG_TP
22138,1.0,LONG_TP,LONG_TP
22139,1.0,LONG_TP,LONG_TP
22140,1.0,LONG_TP,LONG_TP
22141,1.0,LONG_TP,LONG_TP
22142,1.0,LONG_TP,LONG_TP
22143,1.0,LONG_TP,LONG_TP
22144,1.0,LONG_TP,LONG_TP
22145,1.0,LONG_TP,LONG_TP
22146,1.0,LONG_TP,LONG_TP
22147,1.0,LONG_TP,LONG_TP
22148,1.0,LONG_TP,LONG_TP
22149,1.0,LONG_TP,LONG_TP
22150,1.0,LONG_TP,LONG_TP
22151,1.0,LONG_TP,LONG_TP
22152,1.0,LONG_TP,LONG_TP
22153,1.0,LONG_TP,LONG_TP
22154,1.0,LONG_TP,LONG_TP
22155,1.0,LONG_TP,LONG_TP
22156,1.0,LONG_TP,LONG_TP
22157,1.0,LONG_TP,LONG_TP
22158,1.0,LONG_TP,LONG_TP
22159,1.0,LONG_TP,LONG_TP
22160,1.0,LONG_TP,LONG_TP
22161,1.0,LONG_TP,LONG_TP
22162,1.0,LONG_TP,LONG_TP
22163,1.0,LONG_TP,LONG_TP
22164,1.0,LONG_TP,LONG_TP
22165,1.0,LONG_TP,LONG_TP
22166,1.0,LONG_TP,LONG_TP
22167,1.0,LONG_TP,LONG_TP
22168,1.0,LONG_TP,LONG_TP
22169,1.0,LONG_TP,LONG_TP
22170,1.0,LONG_TP,LONG_TP
22171,1.0,LONG_TP,LONG_TP
22172,1.0,LONG_TP,LONG_TP
22173,1.0,LONG_TP,LONG_TP
22174,-1.0,SHORT_TP,SHORT_TP
22175,-1.0,SHORT_TP,SHORT_TP
22176,1.0,LONG_TP,LONG_TP
22177,-1.0,SHORT_TP,SHORT_TP
22178,-1.0,SHORT_TP,SHORT_TP
22179,-1.0,SHORT_TP,SHORT_TP
22180,-1.0,SHORT_TP,SHORT_TP
22181,1.0,LONG_TP,LONG_TP
22182,1.0,LONG_TP,LONG_TP
22183,1.0,LONG_TP,LONG_TP
22184,1.0,LONG_TP,LONG_TP
22185,1.0,LONG_TP,LONG_TP
22186,1.0,LONG_TP,LONG_TP
22187,1.0,LONG_TP,LONG_TP
22188,1.0,LONG_TP,LONG_TP
22189,1.0,LONG_TP,LONG_TP
22190,1.0,LONG_TP,LONG_TP
22191,1.0,LONG_TP,LONG_TP
22192,1.0,LONG_TP,LONG_TP
22193,1.0,LONG_TP,LONG_TP
22194,1.0,LONG_TP,LONG_TP
22195,1.0,LONG_TP,LONG_TP
22196,1.0,LONG_TP,LONG_TP
22197,1.0,LONG_TP,LONG_TP
22198,1.0,LONG_TP,LONG_TP
22199,1.0,LONG_TP,LONG_TP
22200,1.0,LONG_TP,LONG_TP
22201,1.0,LONG_TP,LONG_TP
22202,1.0,LONG_TP,LONG_TP
22203,1.0,LONG_TP,LONG_TP
22204,1.0,LONG_TP,LONG_TP
22205,1.0,LONG_TP,LONG_TP
22206,1.0,LONG_TP,LONG_TP
22207,1.0,LONG_TP,LONG_TP
22208,1.0,LONG_TP,LONG_TP
22209,1.0,LONG_TP,LONG_TP
22210,1.0,LONG_TP,LONG_TP
22211,1.0,LONG_TP,LONG_TP
22212,1.0,LONG_TP,LONG_TP
22213,1.0,LONG_TP,LONG_TP
22214,1.0,LONG_TP,LONG_TP
22215,1.0,LONG_TP,LONG_TP
22216,1.0,LONG_TP,LONG_TP
22217,-1.0,SHORT_TP,SHORT_TP
22218,1.0,LONG_TP,LONG_TP
22219,1.0,LONG_TP,LONG_TP
22220,1.0,LONG_TP,LONG_TP
22221,-1.0,SHORT_TP,SHORT_TP
22222,-1.0,SHORT_TP,SHORT_TP
22223,-1.0,SHORT_TP,SHORT_TP
22224,-1.0,SHORT_TP,SHORT_TP
22225,-1.0,SHORT_TP,SHORT_TP
22226,-1.0,SHORT_TP,SHORT_TP
22227,-1.0,SHORT_TP,SHORT_TP
22228,-1.0,SHORT_TP,SHORT_TP
22229,-1.0,SHORT_TP,SHORT_TP
22230,-1.0,SHORT_TP,SHORT_TP
22231,-1.0,SHORT_TP,SHORT_TP
22232,-1.0,SHORT_TP,SHORT_TP
22233,1.0,LONG_TP,LONG_TP
22234,1.0,LONG_TP,LONG_TP
22235,1.0,LONG_TP,LONG_TP
22236,1.0,LONG_TP,LONG_TP
22237,-1.0,SHORT_TP,SHORT_TP
22238,1.0,LONG_TP,LONG_TP
22239,1.0,LONG_TP,LONG_TP
22240,-1.0,SHORT_TP,SHORT_TP
22241,-1.0,SHORT_TP,SHORT_TP
22242,-1.0,SHORT_TP,SHORT_TP
22243,-1.0,SHORT_TP,SHORT_TP
22244,-1.0,SHORT_TP,SHORT_TP
22245,-1.0,SHORT_TP,SHORT_TP
22246,-1.0,SHORT_TP,SHORT_TP
22247,-1.0,SHORT_TP,SHORT_TP
22248,-1.0,SHORT_TP,SHORT_TP
22249,-1.0,SHORT_TP,SHORT_TP
22250,-1.0,SHORT_TP,SHORT_TP
22251,-1.0,SHORT_TP,SHORT_TP
22252,-1.0,SHORT_TP,SHORT_TP
22253,-1.0,SHORT_TP,SHORT_TP
22254,-1.0,SHORT_TP,SHORT_TP
22255,-1.0,SHORT_TP,SHORT_TP
22256,1.0,LONG_TP,LONG_TP
22257,1.0,LONG_TP,LONG_TP
22258,1.0,LONG_TP,LONG_TP
22259,1.0,LONG_TP,LONG_TP
22260,1.0,LONG_TP,LONG_TP
22261,1.0,LONG_TP,LONG_TP
22262,-1.0,SHORT_TP,SHORT_TP
22263,-1.0,SHORT_TP,SHORT_TP
22264,-1.0,SHORT_TP,SHORT_TP
22265,-1.0,SHORT_TP,SHORT_TP
22266,-1.0,SHORT_TP,SHORT_TP
22267,-1.0,SHORT_TP,SHORT_TP
22268,-1.0,SHORT_TP,SHORT_TP
22269,-1.0,SHORT_TP,SHORT_TP
22270,-1.0,SHORT_TP,SHORT_TP
22271,-1.0,SHORT_TP,SHORT_TP
22272,-1.0,SHORT_TP,SHORT_TP
22273,-1.0,SHORT_TP,SHORT_TP
22274,-1.0,SHORT_TP,SHORT_TP
22275,-1.0,SHORT_TP,SHORT_TP
22276,-1.0,SHORT_TP,SHORT_TP
22277,-1.0,SHORT_TP,SHORT_TP
22278,-1.0,SHORT_TP,SHORT_TP
22279,-1.0,SHORT_TP,SHORT_TP
22280,-1.0,SHORT_TP,SHORT_TP
22281,1.0,LONG_TP,LONG_TP
22282,-1.0,SHORT_TP,SHORT_TP
22283,-1.0,SHORT_TP,SHORT_TP
22284,-1.0,SHORT_TP,SHORT_TP
22285,-1.0,SHORT_TP,SHORT_TP
22286,-1.0,SHORT_TP,SHORT_TP
22287,1.0,LONG_TP,LONG_TP
22288,1.0,LONG_TP,LONG_TP
22289,1.0,LONG_TP,LONG_TP
22290,-1.0,SHORT_TP,SHORT_TP
22291,-1.0,SHORT_TP,SHORT_TP
22292,-1.0,SHORT_TP,SHORT_TP
22293,1.0,LONG_TP,LONG_TP
22294,1.0,LONG_TP,LONG_TP
22295,1.0,LONG_TP,LONG_TP
22296,1.0,LONG_TP,LONG_TP
22297,1.0,LONG_TP,LONG_TP
22298,-1.0,SHORT_TP,SHORT_TP
22299,-1.0,SHORT_TP,SHORT_TP
22300,-1.0,SHORT_TP,SHORT_TP
22301,-1.0,SHORT_TP,SHORT_TP
22302,-1.0,SHORT_TP,SHORT_TP
22303,-1.0,SHORT_TP,SHORT_TP
22304,-1.0,SHORT_TP,SHORT_TP
22305,1.0,LONG_TP,LONG_TP
22306,1.0,LONG_TP,LONG_TP
22307,1.0,LONG_TP,LONG_TP
22308,1.0,LONG_TP,LONG_TP
22309,1.0,LONG_TP,LONG_TP
22310,1.0,LONG_TP,LONG_TP
22311,1.0,LONG_TP,LONG_TP
22312,1.0,LONG_TP,LONG_TP
22313,1.0,LONG_TP,LONG_TP
22314,1.0,LONG_TP,LONG_TP
22315,1.0,LONG_TP,LONG_TP
22316,1.0,LONG_TP,LONG_TP
22317,1.0,LONG_TP,LONG_TP
22318,1.0,LONG_TP,LONG_TP
22319,1.0,LONG_TP,LONG_TP
22320,1.0,LONG_TP,LONG_TP
22321,1.0,LONG_TP,LONG_TP
22322,1.0,LONG_TP,LONG_TP
22323,1.0,LONG_TP,LONG_TP
22324,1.0,LONG_TP,LONG_TP
22325,1.0,LONG_TP,LONG_TP
22326,1.0,LONG_TP,LONG_TP
22327,1.0,LONG_TP,LONG_TP
22328,1.0,LONG_TP,LONG_TP
22329,1.0,LONG_TP,LONG_TP
22330,1.0,LONG_TP,LONG_TP
22331,1.0,LONG_TP,LONG_TP
22332,1.0,LONG_TP,LONG_TP
22333,1.0,LONG_TP,LONG_TP
22334,1.0,LONG_TP,LONG_TP
22335,1.0,LONG_TP,LONG_TP
22336,1.0,LONG_TP,LONG_TP
22337,1.0,LONG_TP,LONG_TP
22338,1.0,LONG_TP,LONG_TP
22339,1.0,LONG_TP,LONG_TP
22340,1.0,LONG_TP,LONG_TP
22341,1.0,LONG_TP,LONG_TP
22342,1.0,LONG_TP,LONG_TP
22343,1.0,LONG_TP,LONG_TP
22344,1.0,LONG_TP,LONG_TP
22345,1.0,LONG_TP,LONG_TP
22346,1.0,LONG_TP,LONG_TP
22347,1.0,LONG_TP,LONG_TP
22348,1.0,LONG_TP,LONG_TP
22349,1.0,LONG_TP,LONG_TP
22350,1.0,LONG_TP,LONG_TP
22351,1.0,LONG_TP,LONG_TP
22352,1.0,LONG_TP,LONG_TP
22353,1.0,LONG_TP,LONG_TP
22354,1.0,LONG_TP,LONG_TP
22355,1.0,LONG_TP,LONG_TP
22356,1.0,LONG_TP,LONG_TP
22357,1.0,LONG_TP,LONG_TP
22358,1.0,LONG_TP,LONG_TP
22359,-1.0,SHORT_TP,SHORT_TP
22360,-1.0,SHORT_TP,SHORT_TP
22361,-1.0,SHORT_TP,SHORT_TP
22362,-1.0,SHORT_TP,SHORT_TP
22363,-1.0,SHORT_TP,SHORT_TP
22364,-1.0,SHORT_TP,SHORT_TP
22365,-1.0,SHORT_TP,SHORT_TP
22366,-1.0,SHORT_TP,SHORT_TP
22367,-1.0,SHORT_TP,SHORT_TP
22368,-1.0,SHORT_TP,SHORT_TP
22369,-1.0,SHORT_TP,SHORT_TP
22370,-1.0,SHORT_TP,SHORT_TP
22371,-1.0,SHORT_TP,SHORT_TP
22372,-1.0,SHORT_TP,SHORT_TP
22373,-1.0,SHORT_TP,SHORT_TP
22374,-1.0,SHORT_TP,SHORT_TP
22375,-1.0,SHORT_TP,SHORT_TP
22376,-1.0,SHORT_TP,SHORT_TP
22377,-1.0,SHORT_TP,SHORT_TP
22378,-1.0,SHORT_TP,SHORT_TP
22379,-1.0,SHORT_TP,SHORT_TP
22380,-1.0,SHORT_TP,SHORT_TP
22381,-1.0,SHORT_TP,SHORT_TP
22382,-1.0,SHORT_TP,SHORT_TP
22383,-1.0,SHORT_TP,SHORT_TP
22384,-1.0,SHORT_TP,SHORT_TP
22385,1.0,LONG_TP,LONG_TP
22386,1.0,LONG_TP,LONG_TP
22387,1.0,LONG_TP,LONG_TP
22388,1.0,LONG_TP,LONG_TP
22389,1.0,LONG_TP,LONG_TP
22390,1.0,LONG_TP,LONG_TP
22391,1.0,LONG_TP,LONG_TP
22392,1.0,LONG_TP,LONG_TP
22393,1.0,LONG_TP,LONG_TP
22394,1.0,LONG_TP,LONG_TP
22395,1.0,LONG_TP,LONG_TP
22396,1.0,LONG_TP,LONG_TP
22397,1.0,LONG_TP,LONG_TP
22398,1.0,LONG_TP,LONG_TP
22399,1.0,LONG_TP,LONG_TP
22400,1.0,LONG_TP,LONG_TP
22401,1.0,LONG_TP,LONG_TP
22402,1.0,LONG_TP,LONG_TP
22403,1.0,LONG_TP,LONG_TP
22404,1.0,LONG_TP,LONG_TP
22405,1.0,LONG_TP,LONG_TP
22406,-1.0,SHORT_TP,SHORT_TP
22407,-1.0,SHORT_TP,SHORT_TP
22408,1.0,LONG_TP,LONG_TP
22409,-1.0,SHORT_TP,SHORT_TP
22410,-1.0,SHORT_TP,SHORT_TP
22411,-1.0,SHORT_TP,SHORT_TP
22412,-1.0,SHORT_TP,SHORT_TP
22413,-1.0,SHORT_TP,SHORT_TP
22414,-1.0,SHORT_TP,SHORT_TP
22415,1.0,LONG_TP,LONG_TP
22416,1.0,LONG_TP,LONG_TP
22417,1.0,LONG_TP,LONG_TP
22418,1.0,LONG_TP,LONG_TP
22419,1.0,LONG_TP,LONG_TP
22420,1.0,LONG_TP,LONG_TP
22421,1.0,LONG_TP,LONG_TP
22422,1.0,LONG_TP,LONG_TP
22423,1.0,LONG_TP,LONG_TP
22424,1.0,LONG_TP,LONG_TP
22425,1.0,LONG_TP,LONG_TP
22426,1.0,LONG_TP,LONG_TP
22427,1.0,LONG_TP,LONG_TP
22428,1.0,LONG_TP,LONG_TP
22429,1.0,LONG_TP,LONG_TP
22430,1.0,LONG_TP,LONG_TP
22431,1.0,LONG_TP,LONG_TP
22432,1.0,LONG_TP,LONG_TP
22433,1.0,LONG_TP,LONG_TP
22434,1.0,LONG_TP,LONG_TP
22435,1.0,LONG_TP,LONG_TP
22436,1.0,LONG_TP,LONG_TP
22437,1.0,LONG_TP,LONG_TP
22438,1.0,LONG_TP,LONG_TP
22439,1.0,LONG_TP,LONG_TP
22440,1.0,LONG_TP,LONG_TP
22441,1.0,LONG_TP,LONG_TP
22442,1.0,LONG_TP,LONG_TP
22443,1.0,LONG_TP,LONG_TP
22444,1.0,LONG_TP,LONG_TP
22445,1.0,LONG_TP,LONG_TP
22446,1.0,LONG_TP,LONG_TP
22447,1.0,LONG_TP,LONG_TP
22448,1.0,LONG_TP,LONG_TP
22449,1.0,LONG_TP,LONG_TP
22450,1.0,LONG_TP,LONG_TP
22451,1.0,LONG_TP,LONG_TP
22452,1.0,LONG_TP,LONG_TP
22453,1.0,LONG_TP,LONG_TP
22454,1.0,LONG_TP,LONG_TP
22455,1.0,LONG_TP,LONG_TP
22456,1.0,LONG_TP,LONG_TP
22457,1.0,LONG_TP,LONG_TP
22458,1.0,LONG_TP,LONG_TP
22459,1.0,LONG_TP,LONG_TP
22460,1.0,LONG_TP,LONG_TP
22461,1.0,LONG_TP,LONG_TP
22462,1.0,LONG_TP,LONG_TP
22463,1.0,LONG_TP,LONG_TP
22464,1.0,LONG_TP,LONG_TP
22465,1.0,LONG_TP,LONG_TP
22466,1.0,LONG_TP,LONG_TP
22467,1.0,LONG_TP,LONG_TP
22468,1.0,LONG_TP,LONG_TP
22469,1.0,LONG_TP,LONG_TP
22470,1.0,LONG_TP,LONG_TP
22471,1.0,LONG_TP,LONG_TP
22472,1.0,LONG_TP,LONG_TP
22473,1.0,LONG_TP,LONG_TP
22474,1.0,LONG_TP,LONG_TP
22475,1.0,LONG_TP,LONG_TP
22476,1.0,LONG_TP,LONG_TP
22477,1.0,LONG_TP,LONG_TP
22478,1.0,LONG_TP,LONG_TP
22479,1.0,LONG_TP,LONG_TP
22480,-1.0,SHORT_TP,SHORT_TP
22481,-1.0,SHORT_TP,SHORT_TP
22482,-1.0,SHORT_TP,SHORT_TP
22483,-1.0,SHORT_TP,SHORT_TP
22484,-1.0,SHORT_TP,SHORT_TP
22485,-1.0,SHORT_TP,SHORT_TP
22486,-1.0,SHORT_TP,SHORT_TP
22487,-1.0,SHORT_TP,SHORT_TP
22488,-1.0,SHORT_TP,SHORT_TP
22489,-1.0,SHORT_TP,SHORT_TP
22490,-1.0,SHORT_TP,SHORT_TP
22491,-1.0,SHORT_TP,SHORT_TP
22492,-1.0,SHORT_TP,SHORT_TP
22493,-1.0,SHORT_TP,SHORT_TP
22494,-1.0,SHORT_TP,SHORT_TP
22495,-1.0,SHORT_TP,SHORT_TP
22496,-1.0,SHORT_TP,SHORT_TP
22497,-1.0,SHORT_TP,SHORT_TP
22498,-1.0,SHORT_TP,SHORT_TP
22499,-1.0,SHORT_TP,SHORT_TP
22500,-1.0,SHORT_TP,SHORT_TP
22501,-1.0,SHORT_TP,SHORT_TP
22502,-1.0,SHORT_TP,SHORT_TP
22503,-1.0,SHORT_TP,SHORT_TP
22504,-1.0,SHORT_TP,SHORT_TP
22505,-1.0,SHORT_TP,SHORT_TP
22506,-1.0,SHORT_TP,SHORT_TP
22507,-1.0,SHORT_TP,SHORT_TP
22508,-1.0,SHORT_TP,SHORT_TP
22509,-1.0,SHORT_TP,SHORT_TP
22510,-1.0,SHORT_TP,SHORT_TP
22511,1.0,LONG_TP,LONG_TP
22512,1.0,LONG_TP,LONG_TP
22513,-1.0,SHORT_TP,SHORT_TP
22514,1.0,LONG_TP,LONG_TP
22515,1.0,LONG_TP,LONG_TP
22516,1.0,LONG_TP,LONG_TP
22517,1.0,LONG_TP,LONG_TP
22518,-1.0,SHORT_TP,SHORT_TP
22519,-1.0,SHORT_TP,SHORT_TP
22520,-1.0,SHORT_TP,SHORT_TP
22521,-1.0,SHORT_TP,SHORT_TP
22522,-1.0,SHORT_TP,SHORT_TP
22523,-1.0,SHORT_TP,SHORT_TP
22524,-1.0,SHORT_TP,SHORT_TP
22525,-1.0,SHORT_TP,SHORT_TP
22526,-1.0,SHORT_TP,SHORT_TP
22527,-1.0,SHORT_TP,SHORT_TP
22528,-1.0,SHORT_TP,SHORT_TP
22529,-1.0,SHORT_TP,SHORT_TP
22530,-1.0,SHORT_TP,SHORT_TP
22531,-1.0,SHORT_TP,SHORT_TP
22532,-1.0,SHORT_TP,SHORT_TP
22533,-1.0,SHORT_TP,SHORT_TP
22534,-1.0,SHORT_TP,SHORT_TP
22535,-1.0,SHORT_TP,SHORT_TP
22536,-1.0,SHORT_TP,SHORT_TP
22537,-1.0,SHORT_TP,SHORT_TP
22538,-1.0,SHORT_TP,SHORT_TP
22539,-1.0,SHORT_TP,SHORT_TP
22540,-1.0,SHORT_TP,SHORT_TP
22541,-1.0,SHORT_TP,SHORT_TP
22542,-1.0,SHORT_TP,SHORT_TP
22543,-1.0,SHORT_TP,SHORT_TP
22544,-1.0,SHORT_TP,SHORT_TP
22545,-1.0,SHORT_TP,SHORT_TP
22546,-1.0,SHORT_TP,SHORT_TP
22547,1.0,LONG_TP,LONG_TP
22548,1.0,LONG_TP,LONG_TP
22549,1.0,LONG_TP,LONG_TP
22550,1.0,LONG_TP,LONG_TP
22551,1.0,LONG_TP,LONG_TP
22552,1.0,LONG_TP,LONG_TP
22553,1.0,LONG_TP,LONG_TP
22554,1.0,LONG_TP,LONG_TP
22555,1.0,LONG_TP,LONG_TP
22556,-1.0,SHORT_TP,SHORT_TP
22557,-1.0,SHORT_TP,SHORT_TP
22558,1.0,LONG_TP,LONG_TP
22559,-1.0,SHORT_TP,SHORT_TP
22560,-1.0,SHORT_TP,SHORT_TP
22561,-1.0,SHORT_TP,SHORT_TP
22562,-1.0,SHORT_TP,SHORT_TP
22563,-1.0,SHORT_TP,SHORT_TP
22564,-1.0,SHORT_TP,SHORT_TP
22565,-1.0,SHORT_TP,SHORT_TP
22566,-1.0,SHORT_TP,SHORT_TP
22567,-1.0,SHORT_TP,SHORT_TP
22568,1.0,LONG_TP,LONG_TP
22569,-1.0,SHORT_TP,SHORT_TP
22570,-1.0,SHORT_TP,SHORT_TP
22571,1.0,LONG_TP,LONG_TP
22572,1.0,LONG_TP,LONG_TP
22573,1.0,LONG_TP,LONG_TP
22574,1.0,LONG_TP,LONG_TP
22575,1.0,LONG_TP,LONG_TP
22576,1.0,LONG_TP,LONG_TP
22577,1.0,LONG_TP,LONG_TP
22578,1.0,LONG_TP,LONG_TP
22579,1.0,LONG_TP,LONG_TP
22580,1.0,LONG_TP,LONG_TP
22581,1.0,LONG_TP,LONG_TP
22582,1.0,LONG_TP,LONG_TP
22583,1.0,LONG_TP,LONG_TP
22584,1.0,LONG_TP,LONG_TP
22585,1.0,LONG_TP,LONG_TP
22586,1.0,LONG_TP,LONG_TP
22587,-1.0,SHORT_TP,SHORT_TP
22588,-1.0,SHORT_TP,SHORT_TP
22589,-1.0,SHORT_TP,SHORT_TP
22590,-1.0,SHORT_TP,SHORT_TP
22591,-1.0,SHORT_TP,SHORT_TP
22592,-1.0,SHORT_TP,SHORT_TP
22593,-1.0,SHORT_TP,SHORT_TP
22594,-1.0,SHORT_TP,SHORT_TP
22595,-1.0,SHORT_TP,SHORT_TP
22596,-1.0,SHORT_TP,SHORT_TP
22597,-1.0,SHORT_TP,SHORT_TP
22598,-1.0,SHORT_TP,SHORT_TP
22599,-1.0,SHORT_TP,SHORT_TP
22600,-1.0,SHORT_TP,SHORT_TP
22601,-1.0,SHORT_TP,SHORT_TP
22602,-1.0,SHORT_TP,SHORT_TP
22603,-1.0,SHORT_TP,SHORT_TP
22604,-1.0,SHORT_TP,SHORT_TP
22605,-1.0,SHORT_TP,SHORT_TP
22606,-1.0,SHORT_TP,SHORT_TP
22607,-1.0,SHORT_TP,SHORT_TP
22608,-1.0,SHORT_TP,SHORT_TP
22609,-1.0,SHORT_TP,SHORT_TP
22610,-1.0,SHORT_TP,SHORT_TP
22611,-1.0,SHORT_TP,SHORT_TP
22612,-1.0,SHORT_TP,SHORT_TP
22613,1.0,LONG_TP,LONG_TP
22614,1.0,LONG_TP,LONG_TP
22615,1.0,LONG_TP,LONG_TP
22616,1.0,LONG_TP,LONG_TP
22617,1.0,LONG_TP,LONG_TP
22618,1.0,LONG_TP,LONG_TP
22619,1.0,LONG_TP,LONG_TP
22620,1.0,LONG_TP,LONG_TP
22621,1.0,LONG_TP,LONG_TP
22622,1.0,LONG_TP,LONG_TP
22623,1.0,LONG_TP,LONG_TP
22624,1.0,LONG_TP,LONG_TP
22625,1.0,LONG_TP,LONG_TP
22626,1.0,LONG_TP,LONG_TP
